timestamp,value,anomaly_score,label,S(t)_standard,S(t)_reward_low_FP_rate,S(t)_reward_low_FN_rate
2014-04-10 00:02:00,14.012,0.0,0,-0.11,-0.22,-0.11
2014-04-10 00:07:00,13.334000000000001,0.0,0,-0.11,-0.22,-0.11
2014-04-10 00:12:00,15.0,0.0,0,-0.11,-0.22,-0.11
2014-04-10 00:17:00,13.998,0.0,0,-0.11,-0.22,-0.11
2014-04-10 00:22:00,14.332,0.0,0,-0.11,-0.22,-0.11
2014-04-10 00:27:00,15.002,0.0,0,-0.11,-0.22,-0.11
2014-04-10 00:32:00,13.984000000000002,0.0,0,-0.11,-0.22,-0.11
2014-04-10 00:37:00,14.674000000000001,0.0,0,-0.11,-0.22,-0.11
2014-04-10 00:42:00,14.668,0.0,0,-0.11,-0.22,-0.11
2014-04-10 00:47:00,13.665999999999999,0.0,0,-0.11,-0.22,-0.11
2014-04-10 00:52:00,13.334000000000001,0.0,0,-0.11,-0.22,-0.11
2014-04-10 00:57:00,15.046,0.0,0,-0.11,-0.22,-0.11
2014-04-10 01:02:00,13.332,0.0,0,-0.11,-0.22,-0.11
2014-04-10 01:07:00,15.0,0.0,0,-0.11,-0.22,-0.11
2014-04-10 01:12:00,15.0,0.0,0,-0.11,-0.22,-0.11
2014-04-10 01:17:00,14.368,0.0,0,-0.11,-0.22,-0.11
2014-04-10 01:22:00,13.665999999999999,0.0,0,-0.11,-0.22,-0.11
2014-04-10 01:27:00,15.332,0.0,0,-0.11,-0.22,-0.11
2014-04-10 01:32:00,14.334000000000001,0.0,0,-0.11,-0.22,-0.11
2014-04-10 01:37:00,14.335999999999999,0.0,0,-0.11,-0.22,-0.11
2014-04-10 01:42:00,14.0,0.0,0,-0.11,-0.22,-0.11
2014-04-10 01:47:00,14.332,0.0,0,-0.11,-0.22,-0.11
2014-04-10 01:52:00,13.332,0.0,0,-0.11,-0.22,-0.11
2014-04-10 01:57:00,14.998,0.0,0,-0.11,-0.22,-0.11
2014-04-10 02:02:00,13.665999999999999,0.0,0,-0.11,-0.22,-0.11
2014-04-10 02:07:00,13.67,0.0,0,-0.11,-0.22,-0.11
2014-04-10 02:12:00,14.668,0.0,0,-0.11,-0.22,-0.11
2014-04-10 02:17:00,14.334000000000001,0.0,0,-0.11,-0.22,-0.11
2014-04-10 02:22:00,14.304,0.0,0,-0.11,-0.22,-0.11
2014-04-10 02:27:00,15.038,0.0,0,-0.11,-0.22,-0.11
2014-04-10 02:32:00,13.665999999999999,0.0,0,-0.11,-0.22,-0.11
2014-04-10 02:37:00,14.334000000000001,0.0,0,-0.11,-0.22,-0.11
2014-04-10 02:42:00,14.0,0.0,0,-0.11,-0.22,-0.11
2014-04-10 02:47:00,14.665999999999999,0.0,0,-0.11,-0.22,-0.11
2014-04-10 02:52:00,13.0,0.0,0,-0.11,-0.22,-0.11
2014-04-10 02:57:00,14.334000000000001,0.0,0,-0.11,-0.22,-0.11
2014-04-10 03:02:00,14.658,0.0,0,-0.11,-0.22,-0.11
2014-04-10 03:07:00,14.0,0.0,0,-0.11,-0.22,-0.11
2014-04-10 03:12:00,14.318,0.0,0,-0.11,-0.22,-0.11
2014-04-10 03:17:00,14.277999999999999,0.0,0,-0.11,-0.22,-0.11
2014-04-10 03:22:00,14.706,0.0,0,-0.11,-0.22,-0.11
2014-04-10 03:27:00,14.334000000000001,0.0,0,-0.11,-0.22,-0.11
2014-04-10 03:32:00,14.0,0.0,0,-0.11,-0.22,-0.11
2014-04-10 03:37:00,14.694,0.0,0,-0.11,-0.22,-0.11
2014-04-10 03:42:00,14.334000000000001,0.0,0,-0.11,-0.22,-0.11
2014-04-10 03:47:00,14.002,0.0,0,-0.11,-0.22,-0.11
2014-04-10 03:52:00,13.716,0.0,0,-0.11,-0.22,-0.11
2014-04-10 03:57:00,13.962,0.0,0,-0.11,-0.22,-0.11
2014-04-10 04:02:00,13.998,0.0,0,-0.11,-0.22,-0.11
2014-04-10 04:07:00,14.002,0.0,0,-0.11,-0.22,-0.11
2014-04-10 04:12:00,14.0,0.0,0,-0.11,-0.22,-0.11
2014-04-10 04:17:00,13.332,0.0,0,-0.11,-0.22,-0.11
2014-04-10 04:22:00,14.335999999999999,0.0,0,-0.11,-0.22,-0.11
2014-04-10 04:27:00,13.708,0.0,0,-0.11,-0.22,-0.11
2014-04-10 04:32:00,13.998,0.0,0,-0.11,-0.22,-0.11
2014-04-10 04:37:00,13.664000000000001,0.0,0,-0.11,-0.22,-0.11
2014-04-10 04:42:00,13.665999999999999,0.0,0,-0.11,-0.22,-0.11
2014-04-10 04:47:00,13.958,0.0,0,-0.11,-0.22,-0.11
2014-04-10 04:52:00,13.716,0.0,0,-0.11,-0.22,-0.11
2014-04-10 04:57:00,14.306,0.0,0,-0.11,-0.22,-0.11
2014-04-10 05:02:00,13.332,0.0,0,-0.11,-0.22,-0.11
2014-04-10 05:07:00,13.618,0.0,0,-0.11,-0.22,-0.11
2014-04-10 05:12:00,13.665999999999999,0.0,0,-0.11,-0.22,-0.11
2014-04-10 05:17:00,14.0,0.0,0,-0.11,-0.22,-0.11
2014-04-10 05:22:00,14.0,0.0,0,-0.11,-0.22,-0.11
2014-04-10 05:27:00,13.334000000000001,0.0,0,-0.11,-0.22,-0.11
2014-04-10 05:32:00,13.998,0.0,0,-0.11,-0.22,-0.11
2014-04-10 05:37:00,14.0,0.0,0,-0.11,-0.22,-0.11
2014-04-10 05:42:00,14.668,0.0,0,-0.11,-0.22,-0.11
2014-04-10 05:47:00,13.665999999999999,0.0,0,-0.11,-0.22,-0.11
2014-04-10 05:52:00,13.668,0.0,0,-0.11,-0.22,-0.11
2014-04-10 05:57:00,14.332,0.0,0,-0.11,-0.22,-0.11
2014-04-10 06:02:00,14.334000000000001,0.0,0,-0.11,-0.22,-0.11
2014-04-10 06:07:00,13.335999999999999,0.0,0,-0.11,-0.22,-0.11
2014-04-10 06:12:00,13.665999999999999,0.0,0,-0.11,-0.22,-0.11
2014-04-10 06:17:00,13.994000000000002,0.0,0,-0.11,-0.22,-0.11
2014-04-10 06:22:00,14.056,0.0,0,-0.11,-0.22,-0.11
2014-04-10 06:27:00,14.636,0.0,0,-0.11,-0.22,-0.11
2014-04-10 06:32:00,14.384,0.0,0,-0.11,-0.22,-0.11
2014-04-10 06:37:00,13.308,0.0,0,-0.11,-0.22,-0.11
2014-04-10 06:42:00,14.334000000000001,0.0,0,-0.11,-0.22,-0.11
2014-04-10 06:47:00,13.334000000000001,0.0,0,-0.11,-0.22,-0.11
2014-04-10 06:52:00,14.366,0.0,0,-0.11,-0.22,-0.11
2014-04-10 06:57:00,14.0,0.0,0,-0.11,-0.22,-0.11
2014-04-10 07:02:00,14.0,0.0,0,-0.11,-0.22,-0.11
2014-04-10 07:07:00,13.668,0.0,0,-0.11,-0.22,-0.11
2014-04-10 07:12:00,14.0,0.0,0,-0.11,-0.22,-0.11
2014-04-10 07:17:00,13.74,0.0,0,-0.11,-0.22,-0.11
2014-04-10 07:22:00,13.968,0.0,0,-0.11,-0.22,-0.11
2014-04-10 07:27:00,13.665999999999999,0.0,0,-0.11,-0.22,-0.11
2014-04-10 07:32:00,14.0,0.0,0,-0.11,-0.22,-0.11
2014-04-10 07:37:00,13.33,0.0,0,-0.11,-0.22,-0.11
2014-04-10 07:42:00,14.0,0.0,0,-0.11,-0.22,-0.11
2014-04-10 07:47:00,13.952,0.0,0,-0.11,-0.22,-0.11
2014-04-10 07:52:00,16.0,0.0,0,-0.11,-0.22,-0.11
2014-04-10 07:57:00,14.0,0.0,0,-0.11,-0.22,-0.11
2014-04-10 08:02:00,13.344000000000001,0.0,0,-0.11,-0.22,-0.11
2014-04-10 08:07:00,13.668,0.0,0,-0.11,-0.22,-0.11
2014-04-10 08:12:00,14.0,0.0,0,-0.11,-0.22,-0.11
2014-04-10 08:17:00,13.334000000000001,0.0,0,-0.11,-0.22,-0.11
2014-04-10 08:22:00,14.668,0.0,0,-0.11,-0.22,-0.11
2014-04-10 08:27:00,14.084000000000001,0.0,0,-0.11,-0.22,-0.11
2014-04-10 08:32:00,13.645999999999999,0.0,0,-0.11,-0.22,-0.11
2014-04-10 08:37:00,13.334000000000001,0.0,0,-0.11,-0.22,-0.11
2014-04-10 08:42:00,14.0,0.0,0,-0.11,-0.22,-0.11
2014-04-10 08:47:00,13.0,0.0,0,-0.11,-0.22,-0.11
2014-04-10 08:52:00,13.665999999999999,0.0,0,-0.11,-0.22,-0.11
2014-04-10 08:57:00,14.334000000000001,0.0,0,-0.11,-0.22,-0.11
2014-04-10 09:02:00,13.665999999999999,0.0,0,-0.11,-0.22,-0.11
2014-04-10 09:07:00,14.29,0.0,0,-0.11,-0.22,-0.11
2014-04-10 09:12:00,14.0,0.0,0,-0.11,-0.22,-0.11
2014-04-10 09:17:00,13.386,0.0,0,-0.11,-0.22,-0.11
2014-04-10 09:22:00,14.0,0.0,0,-0.11,-0.22,-0.11
2014-04-10 09:27:00,13.658,0.0,0,-0.11,-0.22,-0.11
2014-04-10 09:32:00,13.318,0.0,0,-0.11,-0.22,-0.11
2014-04-10 09:37:00,13.665999999999999,0.0,0,-0.11,-0.22,-0.11
2014-04-10 09:42:00,13.34,0.0,0,-0.11,-0.22,-0.11
2014-04-10 09:47:00,13.334000000000001,0.0,0,-0.11,-0.22,-0.11
2014-04-10 09:52:00,13.665999999999999,0.0,0,-0.11,-0.22,-0.11
2014-04-10 09:57:00,12.998,0.0,0,-0.11,-0.22,-0.11
2014-04-10 10:02:00,14.332,0.0,0,-0.11,-0.22,-0.11
2014-04-10 10:07:00,13.668,0.0,0,-0.11,-0.22,-0.11
2014-04-10 10:12:00,13.665999999999999,0.0,0,-0.11,-0.22,-0.11
2014-04-10 10:17:00,13.332,0.0,0,-0.11,-0.22,-0.11
2014-04-10 10:22:00,13.322000000000001,0.0,0,-0.11,-0.22,-0.11
2014-04-10 10:27:00,13.668,0.0,0,-0.11,-0.22,-0.11
2014-04-10 10:32:00,14.0,0.0,0,-0.11,-0.22,-0.11
2014-04-10 10:37:00,13.332,0.0,0,-0.11,-0.22,-0.11
2014-04-10 10:42:00,14.0,0.0,0,-0.11,-0.22,-0.11
2014-04-10 10:47:00,13.286,0.0,0,-0.11,-0.22,-0.11
2014-04-10 10:52:00,12.998,0.0,0,-0.11,-0.22,-0.11
2014-04-10 10:57:00,13.665999999999999,0.0,0,-0.11,-0.22,-0.11
2014-04-10 11:02:00,13.665999999999999,0.0,0,-0.11,-0.22,-0.11
2014-04-10 11:07:00,13.334000000000001,0.0,0,-0.11,-0.22,-0.11
2014-04-10 11:12:00,13.69,0.0,0,-0.11,-0.22,-0.11
2014-04-10 11:17:00,13.286,0.0,0,-0.11,-0.22,-0.11
2014-04-10 11:22:00,14.334000000000001,0.0,0,-0.11,-0.22,-0.11
2014-04-10 11:27:00,12.99,0.0,0,-0.11,-0.22,-0.11
2014-04-10 11:32:00,13.722000000000001,0.0,0,-0.11,-0.22,-0.11
2014-04-10 11:37:00,13.308,0.0,0,-0.11,-0.22,-0.11
2014-04-10 11:42:00,13.332,0.0,0,-0.11,-0.22,-0.11
2014-04-10 11:47:00,13.665999999999999,0.0,0,-0.11,-0.22,-0.11
2014-04-10 11:52:00,13.022,0.0,0,-0.11,-0.22,-0.11
2014-04-10 11:57:00,13.952,0.0,0,-0.11,-0.22,-0.11
2014-04-10 12:02:00,12.992,0.0,0,-0.11,-0.22,-0.11
2014-04-10 12:07:00,13.704,0.0,0,-0.11,-0.22,-0.11
2014-04-10 12:12:00,13.665999999999999,0.0,0,-0.11,-0.22,-0.11
2014-04-10 12:17:00,13.38,0.0,0,-0.11,-0.22,-0.11
2014-04-10 12:22:00,14.315999999999999,0.0,0,-0.11,-0.22,-0.11
2014-04-10 12:27:00,14.0,0.0,0,-0.11,-0.22,-0.11
2014-04-10 12:32:00,14.0,0.0,0,-0.11,-0.22,-0.11
2014-04-10 12:37:00,14.332,0.0,0,-0.11,-0.22,-0.11
2014-04-10 12:42:00,13.332,0.0,0,-0.11,-0.22,-0.11
2014-04-10 12:47:00,13.99,0.0,0,-0.11,-0.22,-0.11
2014-04-10 12:52:00,13.714,0.0,0,-0.11,-0.22,-0.11
2014-04-10 12:57:00,13.962,0.0,0,-0.11,-0.22,-0.11
2014-04-10 13:02:00,13.334000000000001,0.0,0,-0.11,-0.22,-0.11
2014-04-10 13:07:00,14.0,0.0,0,-0.11,-0.22,-0.11
2014-04-10 13:12:00,13.024000000000001,0.0,0,-0.11,-0.22,-0.11
2014-04-10 13:17:00,14.306,0.0,0,-0.11,-0.22,-0.11
2014-04-10 13:22:00,13.34,0.0,0,-0.11,-0.22,-0.11
2014-04-10 13:27:00,13.974,0.0,0,-0.11,-0.22,-0.11
2014-04-10 13:32:00,14.04,0.0,0,-0.11,-0.22,-0.11
2014-04-10 13:37:00,14.0,0.0,0,-0.11,-0.22,-0.11
2014-04-10 13:42:00,13.962,0.0,0,-0.11,-0.22,-0.11
2014-04-10 13:47:00,14.0,0.0,0,-0.11,-0.22,-0.11
2014-04-10 13:52:00,13.332,0.0,0,-0.11,-0.22,-0.11
2014-04-10 13:57:00,14.364,0.0,0,-0.11,-0.22,-0.11
2014-04-10 14:02:00,12.65,0.0,0,-0.11,-0.22,-0.11
2014-04-10 14:07:00,13.33,0.0,0,-0.11,-0.22,-0.11
2014-04-10 14:12:00,13.35,0.0,0,-0.11,-0.22,-0.11
2014-04-10 14:17:00,13.998,0.0,0,-0.11,-0.22,-0.11
2014-04-10 14:22:00,13.332,0.0,0,-0.11,-0.22,-0.11
2014-04-10 14:27:00,14.665999999999999,0.0,0,-0.11,-0.22,-0.11
2014-04-10 14:32:00,14.0,0.0,0,-0.11,-0.22,-0.11
2014-04-10 14:37:00,14.002,0.0,0,-0.11,-0.22,-0.11
2014-04-10 14:42:00,12.655999999999999,0.0,0,-0.11,-0.22,-0.11
2014-04-10 14:47:00,14.335999999999999,0.0,0,-0.11,-0.22,-0.11
2014-04-10 14:52:00,13.06,0.0,0,-0.11,-0.22,-0.11
2014-04-10 14:57:00,14.324000000000002,0.0,0,-0.11,-0.22,-0.11
2014-04-10 15:02:00,12.984000000000002,0.0,0,-0.11,-0.22,-0.11
2014-04-10 15:07:00,13.335999999999999,0.0,0,-0.11,-0.22,-0.11
2014-04-10 15:12:00,13.332,0.0,0,-0.11,-0.22,-0.11
2014-04-10 15:17:00,13.988,0.0,0,-0.11,-0.22,-0.11
2014-04-10 15:22:00,13.332,0.0,0,-0.11,-0.22,-0.11
2014-04-10 15:27:00,14.334000000000001,0.0,0,-0.11,-0.22,-0.11
2014-04-10 15:32:00,13.31,0.0,0,-0.11,-0.22,-0.11
2014-04-10 15:37:00,14.332,0.0,0,-0.11,-0.22,-0.11
2014-04-10 15:42:00,13.998,0.0,0,-0.11,-0.22,-0.11
2014-04-10 15:47:00,13.668,0.0,0,-0.11,-0.22,-0.11
2014-04-10 15:52:00,13.332,0.0,0,-0.11,-0.22,-0.11
2014-04-10 15:57:00,14.368,0.0,0,-0.11,-0.22,-0.11
2014-04-10 16:02:00,13.332,0.0,0,-0.11,-0.22,-0.11
2014-04-10 16:07:00,15.33,0.0,0,-0.11,-0.22,-0.11
2014-04-10 16:12:00,13.332,0.0,0,-0.11,-0.22,-0.11
2014-04-10 16:17:00,13.668,0.0,0,-0.11,-0.22,-0.11
2014-04-10 16:22:00,14.0,0.0,0,-0.11,-0.22,-0.11
2014-04-10 16:27:00,14.63,0.0,0,-0.11,-0.22,-0.11
2014-04-10 16:32:00,13.706,0.0,0,-0.11,-0.22,-0.11
2014-04-10 16:37:00,13.0,0.0,0,-0.11,-0.22,-0.11
2014-04-10 16:42:00,14.0,0.0,0,-0.11,-0.22,-0.11
2014-04-10 16:47:00,13.334000000000001,0.0,0,-0.11,-0.22,-0.11
2014-04-10 16:52:00,13.33,0.0,0,-0.11,-0.22,-0.11
2014-04-10 16:57:00,13.332,0.0,0,-0.11,-0.22,-0.11
2014-04-10 17:02:00,13.665999999999999,0.0,0,-0.11,-0.22,-0.11
2014-04-10 17:07:00,13.665999999999999,0.0,0,-0.11,-0.22,-0.11
2014-04-10 17:12:00,13.332,0.0,0,-0.11,-0.22,-0.11
2014-04-10 17:17:00,12.962,0.0,0,-0.11,-0.22,-0.11
2014-04-10 17:22:00,14.674000000000001,0.0,0,-0.11,-0.22,-0.11
2014-04-10 17:27:00,14.0,0.0,0,-0.11,-0.22,-0.11
2014-04-10 17:32:00,14.0,0.0,0,-0.11,-0.22,-0.11
2014-04-10 17:37:00,14.002,0.0,0,-0.11,-0.22,-0.11
2014-04-10 17:42:00,14.0,0.0,0,-0.11,-0.22,-0.11
2014-04-10 17:47:00,13.046,0.0,0,-0.11,-0.22,-0.11
2014-04-10 17:52:00,13.672,0.0,0,-0.11,-0.22,-0.11
2014-04-10 17:57:00,14.0,0.0,0,-0.11,-0.22,-0.11
2014-04-10 18:02:00,13.322000000000001,0.0,0,-0.11,-0.22,-0.11
2014-04-10 18:07:00,13.332,0.0,0,-0.11,-0.22,-0.11
2014-04-10 18:12:00,13.332,0.0,0,-0.11,-0.22,-0.11
2014-04-10 18:17:00,13.334000000000001,0.0,0,-0.11,-0.22,-0.11
2014-04-10 18:22:00,14.0,0.0,0,-0.11,-0.22,-0.11
2014-04-10 18:27:00,14.034,0.0,0,-0.11,-0.22,-0.11
2014-04-10 18:32:00,13.665999999999999,0.0,0,-0.11,-0.22,-0.11
2014-04-10 18:37:00,13.964,0.0,0,-0.11,-0.22,-0.11
2014-04-10 18:42:00,13.332,0.0,0,-0.11,-0.22,-0.11
2014-04-10 18:47:00,13.334000000000001,0.0,0,-0.11,-0.22,-0.11
2014-04-10 18:52:00,13.332,0.0,0,-0.11,-0.22,-0.11
2014-04-10 18:57:00,13.655999999999999,0.0,0,-0.11,-0.22,-0.11
2014-04-10 19:02:00,13.665999999999999,0.0,0,-0.11,-0.22,-0.11
2014-04-10 19:07:00,13.0,0.0,0,-0.11,-0.22,-0.11
2014-04-10 19:12:00,14.345999999999998,0.0,0,-0.11,-0.22,-0.11
2014-04-10 19:17:00,12.668,0.0,0,-0.11,-0.22,-0.11
2014-04-10 19:22:00,13.665999999999999,0.0,0,-0.11,-0.22,-0.11
2014-04-10 19:27:00,13.325999999999999,0.0,0,-0.11,-0.22,-0.11
2014-04-10 19:32:00,13.978,0.0,0,-0.11,-0.22,-0.11
2014-04-10 19:37:00,13.668,0.0,0,-0.11,-0.22,-0.11
2014-04-10 19:42:00,14.334000000000001,0.0,0,-0.11,-0.22,-0.11
2014-04-10 19:47:00,13.964,0.0,0,-0.11,-0.22,-0.11
2014-04-10 19:52:00,13.704,0.0,0,-0.11,-0.22,-0.11
2014-04-10 19:57:00,14.0,0.0,0,-0.11,-0.22,-0.11
2014-04-10 20:02:00,13.665999999999999,0.0,0,-0.11,-0.22,-0.11
2014-04-10 20:07:00,13.345999999999998,0.0,0,-0.11,-0.22,-0.11
2014-04-10 20:12:00,13.69,0.0,0,-0.11,-0.22,-0.11
2014-04-10 20:17:00,12.645999999999999,0.0,0,-0.11,-0.22,-0.11
2014-04-10 20:22:00,13.668,0.0,0,-0.11,-0.22,-0.11
2014-04-10 20:27:00,13.0,0.0,0,-0.11,-0.22,-0.11
2014-04-10 20:32:00,13.332,0.0,0,-0.11,-0.22,-0.11
2014-04-10 20:37:00,13.964,0.0,0,-0.11,-0.22,-0.11
2014-04-10 20:42:00,14.334000000000001,0.0,0,-0.11,-0.22,-0.11
2014-04-10 20:47:00,13.29,0.0,0,-0.11,-0.22,-0.11
2014-04-10 20:52:00,13.332,0.0,0,-0.11,-0.22,-0.11
2014-04-10 20:57:00,14.334000000000001,0.0,0,-0.11,-0.22,-0.11
2014-04-10 21:02:00,12.998,0.0,0,-0.11,-0.22,-0.11
2014-04-10 21:07:00,13.334000000000001,0.0,0,-0.11,-0.22,-0.11
2014-04-10 21:12:00,14.334000000000001,0.0,0,-0.11,-0.22,-0.11
2014-04-10 21:17:00,14.102,0.0,0,-0.11,-0.22,-0.11
2014-04-10 21:22:00,14.017999999999999,0.0,0,-0.11,-0.22,-0.11
2014-04-10 21:27:00,14.28,0.0,0,-0.11,-0.22,-0.11
2014-04-10 21:32:00,13.95,0.0,0,-0.11,-0.22,-0.11
2014-04-10 21:37:00,13.67,0.0,0,-0.11,-0.22,-0.11
2014-04-10 21:42:00,14.0,0.0,0,-0.11,-0.22,-0.11
2014-04-10 21:47:00,12.665999999999999,0.0,0,-0.11,-0.22,-0.11
2014-04-10 21:52:00,14.0,0.0,0,-0.11,-0.22,-0.11
2014-04-10 21:57:00,13.665999999999999,0.0,0,-0.11,-0.22,-0.11
2014-04-10 22:02:00,13.332,0.0,0,-0.11,-0.22,-0.11
2014-04-10 22:07:00,13.665999999999999,0.0,0,-0.11,-0.22,-0.11
2014-04-10 22:12:00,13.044,0.0,0,-0.11,-0.22,-0.11
2014-04-10 22:17:00,13.308,0.0,0,-0.11,-0.22,-0.11
2014-04-10 22:22:00,13.665999999999999,0.0,0,-0.11,-0.22,-0.11
2014-04-10 22:27:00,14.0,0.0,0,-0.11,-0.22,-0.11
2014-04-10 22:32:00,13.665999999999999,0.0,0,-0.11,-0.22,-0.11
2014-04-10 22:37:00,14.014000000000001,0.0,0,-0.11,-0.22,-0.11
2014-04-10 22:42:00,14.668,0.0,0,-0.11,-0.22,-0.11
2014-04-10 22:47:00,13.665999999999999,0.0,0,-0.11,-0.22,-0.11
2014-04-10 22:52:00,13.332,0.0,0,-0.11,-0.22,-0.11
2014-04-10 22:57:00,15.334000000000001,0.0,0,-0.11,-0.22,-0.11
2014-04-10 23:02:00,13.332,0.0,0,-0.11,-0.22,-0.11
2014-04-10 23:07:00,14.334000000000001,0.0,0,-0.11,-0.22,-0.11
2014-04-10 23:12:00,14.0,0.0,0,-0.11,-0.22,-0.11
2014-04-10 23:17:00,13.668,0.0,0,-0.11,-0.22,-0.11
2014-04-10 23:22:00,14.0,0.0,0,-0.11,-0.22,-0.11
2014-04-10 23:27:00,14.0,0.0,0,-0.11,-0.22,-0.11
2014-04-10 23:32:00,12.998,0.0,0,-0.11,-0.22,-0.11
2014-04-10 23:37:00,14.0,0.0,0,-0.11,-0.22,-0.11
2014-04-10 23:42:00,12.998,0.0,0,-0.11,-0.22,-0.11
2014-04-10 23:47:00,14.017999999999999,0.0,0,-0.11,-0.22,-0.11
2014-04-10 23:52:00,12.998,0.0,0,-0.11,-0.22,-0.11
2014-04-10 23:57:00,14.165999999999999,0.0,0,-0.11,-0.22,-0.11
2014-04-11 00:02:00,13.0,0.0,0,-0.11,-0.22,-0.11
2014-04-11 00:07:00,14.335999999999999,0.0,0,-0.11,-0.22,-0.11
2014-04-11 00:12:00,13.665999999999999,0.0,0,-0.11,-0.22,-0.11
2014-04-11 00:17:00,13.668,0.0,0,-0.11,-0.22,-0.11
2014-04-11 00:22:00,13.998,0.0,0,-0.11,-0.22,-0.11
2014-04-11 00:27:00,14.332,0.0,0,-0.11,-0.22,-0.11
2014-04-11 00:32:00,12.998,0.0,0,-0.11,-0.22,-0.11
2014-04-11 00:37:00,13.334000000000001,0.0,0,-0.11,-0.22,-0.11
2014-04-11 00:42:00,13.665999999999999,0.0,0,-0.11,-0.22,-0.11
2014-04-11 00:47:00,13.335999999999999,0.0,0,-0.11,-0.22,-0.11
2014-04-11 00:52:00,13.665999999999999,0.0,0,-0.11,-0.22,-0.11
2014-04-11 00:57:00,14.302,0.0,0,-0.11,-0.22,-0.11
2014-04-11 01:02:00,12.998,0.0,0,-0.11,-0.22,-0.11
2014-04-11 01:07:00,14.332,0.0,0,-0.11,-0.22,-0.11
2014-04-11 01:12:00,13.665999999999999,0.0,0,-0.11,-0.22,-0.11
2014-04-11 01:17:00,13.335999999999999,0.0,0,-0.11,-0.22,-0.11
2014-04-11 01:22:00,13.332,0.0,0,-0.11,-0.22,-0.11
2014-04-11 01:27:00,13.642000000000001,0.0,0,-0.11,-0.22,-0.11
2014-04-11 01:32:00,13.665999999999999,0.0,0,-0.11,-0.22,-0.11
2014-04-11 01:37:00,13.612,0.0,0,-0.11,-0.22,-0.11
2014-04-11 01:42:00,13.966,0.0,0,-0.11,-0.22,-0.11
2014-04-11 01:47:00,13.664000000000001,0.0,0,-0.11,-0.22,-0.11
2014-04-11 01:52:00,14.334000000000001,0.0,0,-0.11,-0.22,-0.11
2014-04-11 01:57:00,14.668,0.0,0,-0.11,-0.22,-0.11
2014-04-11 02:02:00,14.012,0.0,0,-0.11,-0.22,-0.11
2014-04-11 02:07:00,13.665999999999999,0.0,0,-0.11,-0.22,-0.11
2014-04-11 02:12:00,14.312000000000001,0.0,0,-0.11,-0.22,-0.11
2014-04-11 02:17:00,13.334000000000001,0.0,0,-0.11,-0.22,-0.11
2014-04-11 02:22:00,14.0,0.0,0,-0.11,-0.22,-0.11
2014-04-11 02:27:00,13.634,0.0,0,-0.11,-0.22,-0.11
2014-04-11 02:32:00,13.665999999999999,0.0,0,-0.11,-0.22,-0.11
2014-04-11 02:37:00,14.347999999999999,0.0,0,-0.11,-0.22,-0.11
2014-04-11 02:42:00,14.318,0.0,0,-0.11,-0.22,-0.11
2014-04-11 02:47:00,13.708,0.0,0,-0.11,-0.22,-0.11
2014-04-11 02:52:00,14.334000000000001,0.0,0,-0.11,-0.22,-0.11
2014-04-11 02:57:00,13.652000000000001,0.0,0,-0.11,-0.22,-0.11
2014-04-11 03:02:00,14.0,0.0,0,-0.11,-0.22,-0.11
2014-04-11 03:07:00,13.0,0.0,0,-0.11,-0.22,-0.11
2014-04-11 03:12:00,13.665999999999999,0.0,0,-0.11,-0.22,-0.11
2014-04-11 03:17:00,12.665999999999999,0.0,0,-0.11,-0.22,-0.11
2014-04-11 03:22:00,13.665999999999999,0.0,0,-0.11,-0.22,-0.11
2014-04-11 03:27:00,14.334000000000001,0.0,0,-0.11,-0.22,-0.11
2014-04-11 03:32:00,14.0,0.0,0,-0.11,-0.22,-0.11
2014-04-11 03:37:00,14.334000000000001,0.0,0,-0.11,-0.22,-0.11
2014-04-11 03:42:00,14.0,0.0,0,-0.11,-0.22,-0.11
2014-04-11 03:47:00,13.668,0.0,0,-0.11,-0.22,-0.11
2014-04-11 03:52:00,14.0,0.0,0,-0.11,-0.22,-0.11
2014-04-11 03:57:00,13.665999999999999,0.0,0,-0.11,-0.22,-0.11
2014-04-11 04:02:00,13.665999999999999,0.0,0,-0.11,-0.22,-0.11
2014-04-11 04:07:00,13.334000000000001,0.0,0,-0.11,-0.22,-0.11
2014-04-11 04:12:00,13.665999999999999,0.0,0,-0.11,-0.22,-0.11
2014-04-11 04:17:00,13.626,0.0,0,-0.11,-0.22,-0.11
2014-04-11 04:22:00,13.665999999999999,0.0,0,-0.11,-0.22,-0.11
2014-04-11 04:27:00,13.665999999999999,0.0,0,-0.11,-0.22,-0.11
2014-04-11 04:32:00,13.665999999999999,0.0,0,-0.11,-0.22,-0.11
2014-04-11 04:37:00,13.0,0.0,0,-0.11,-0.22,-0.11
2014-04-11 04:42:00,14.0,0.0,0,-0.11,-0.22,-0.11
2014-04-11 04:47:00,13.334000000000001,0.0,0,-0.11,-0.22,-0.11
2014-04-11 04:52:00,14.655999999999999,0.0,0,-0.11,-0.22,-0.11
2014-04-11 04:57:00,13.665999999999999,0.0,0,-0.11,-0.22,-0.11
2014-04-11 05:02:00,13.332,0.0,0,-0.11,-0.22,-0.11
2014-04-11 05:07:00,13.662,0.0,0,-0.11,-0.22,-0.11
2014-04-11 05:12:00,13.345999999999998,0.0,0,-0.11,-0.22,-0.11
2014-04-11 05:17:00,13.392000000000001,0.0,0,-0.11,-0.22,-0.11
2014-04-11 05:22:00,13.65,0.0,0,-0.11,-0.22,-0.11
2014-04-11 05:27:00,13.665999999999999,0.0,0,-0.11,-0.22,-0.11
2014-04-11 05:32:00,12.998,0.0,0,-0.11,-0.22,-0.11
2014-04-11 05:37:00,13.334000000000001,0.0,0,-0.11,-0.22,-0.11
2014-04-11 05:42:00,13.665999999999999,0.0,0,-0.11,-0.22,-0.11
2014-04-11 05:47:00,13.334000000000001,0.0,0,-0.11,-0.22,-0.11
2014-04-11 05:52:00,13.332,0.0,0,-0.11,-0.22,-0.11
2014-04-11 05:57:00,13.665999999999999,0.0,0,-0.11,-0.22,-0.11
2014-04-11 06:02:00,13.644,0.0,0,-0.11,-0.22,-0.11
2014-04-11 06:07:00,13.0,0.0,0,-0.11,-0.22,-0.11
2014-04-11 06:12:00,13.332,0.0,0,-0.11,-0.22,-0.11
2014-04-11 06:17:00,13.655999999999999,0.0,0,-0.11,-0.22,-0.11
2014-04-11 06:22:00,13.332,0.0,0,-0.11,-0.22,-0.11
2014-04-11 06:27:00,13.665999999999999,0.0,0,-0.11,-0.22,-0.11
2014-04-11 06:32:00,14.048,0.0,0,-0.11,-0.22,-0.11
2014-04-11 06:37:00,13.974,0.0,0,-0.11,-0.22,-0.11
2014-04-11 06:42:00,13.665999999999999,0.0,0,-0.11,-0.22,-0.11
2014-04-11 06:47:00,14.0,0.0,0,-0.11,-0.22,-0.11
2014-04-11 06:52:00,14.0,0.0,0,-0.11,-0.22,-0.11
2014-04-11 06:57:00,13.328,0.0,0,-0.11,-0.22,-0.11
2014-04-11 07:02:00,13.332,0.0,0,-0.11,-0.22,-0.11
2014-04-11 07:07:00,12.662,0.0,0,-0.11,-0.22,-0.11
2014-04-11 07:12:00,13.716,0.0,0,-0.11,-0.22,-0.11
2014-04-11 07:17:00,13.64,0.0,0,-0.11,-0.22,-0.11
2014-04-11 07:22:00,13.332,0.0,0,-0.11,-0.22,-0.11
2014-04-11 07:27:00,13.665999999999999,0.0,0,-0.11,-0.22,-0.11
2014-04-11 07:32:00,13.332,0.0,0,-0.11,-0.22,-0.11
2014-04-11 07:37:00,13.324000000000002,0.0,0,-0.11,-0.22,-0.11
2014-04-11 07:42:00,13.972000000000001,0.0,0,-0.11,-0.22,-0.11
2014-04-11 07:47:00,13.042,0.0,0,-0.11,-0.22,-0.11
2014-04-11 07:52:00,15.31,0.0,0,-0.11,-0.22,-0.11
2014-04-11 07:57:00,14.332,0.0,0,-0.11,-0.22,-0.11
2014-04-11 08:02:00,13.665999999999999,0.0,0,-0.11,-0.22,-0.11
2014-04-11 08:07:00,13.334000000000001,0.0,0,-0.11,-0.22,-0.11
2014-04-11 08:12:00,14.0,0.0,0,-0.11,-0.22,-0.11
2014-04-11 08:17:00,13.0,0.0,0,-0.11,-0.22,-0.11
2014-04-11 08:22:00,14.334000000000001,0.0,0,-0.11,-0.22,-0.11
2014-04-11 08:27:00,13.628,0.0,0,-0.11,-0.22,-0.11
2014-04-11 08:32:00,13.704,0.0,0,-0.11,-0.22,-0.11
2014-04-11 08:37:00,13.668,0.0,0,-0.11,-0.22,-0.11
2014-04-11 08:42:00,13.332,0.0,0,-0.11,-0.22,-0.11
2014-04-11 08:47:00,13.668,0.0,0,-0.11,-0.22,-0.11
2014-04-11 08:52:00,14.0,0.0,0,-0.11,-0.22,-0.11
2014-04-11 08:57:00,13.332,0.0,0,-0.11,-0.22,-0.11
2014-04-11 09:02:00,13.686,0.0,0,-0.11,-0.22,-0.11
2014-04-11 09:07:00,13.302,0.0,0,-0.11,-0.22,-0.11
2014-04-11 09:12:00,13.665999999999999,0.0,0,-0.11,-0.22,-0.11
2014-04-11 09:17:00,13.334000000000001,0.0,0,-0.11,-0.22,-0.11
2014-04-11 09:22:00,13.665999999999999,0.0,0,-0.11,-0.22,-0.11
2014-04-11 09:27:00,14.0,0.0,0,-0.11,-0.22,-0.11
2014-04-11 09:32:00,13.332,0.0,0,-0.11,-0.22,-0.11
2014-04-11 09:37:00,13.364,0.0,0,-0.11,-0.22,-0.11
2014-04-11 09:42:00,13.968,0.0,0,-0.11,-0.22,-0.11
2014-04-11 09:47:00,12.668,0.0,0,-0.11,-0.22,-0.11
2014-04-11 09:52:00,13.332,0.0,0,-0.11,-0.22,-0.11
2014-04-11 09:57:00,14.052,0.0,0,-0.11,-0.22,-0.11
2014-04-11 10:02:00,13.366,0.0,0,-0.11,-0.22,-0.11
2014-04-11 10:07:00,12.968,0.0,0,-0.11,-0.22,-0.11
2014-04-11 10:12:00,13.672,0.0,0,-0.11,-0.22,-0.11
2014-04-11 10:17:00,13.334000000000001,0.0,0,-0.11,-0.22,-0.11
2014-04-11 10:22:00,14.0,0.0,0,-0.11,-0.22,-0.11
2014-04-11 10:27:00,13.0,0.0,0,-0.11,-0.22,-0.11
2014-04-11 10:32:00,14.027999999999999,0.0,0,-0.11,-0.22,-0.11
2014-04-11 10:37:00,13.296,0.0,0,-0.11,-0.22,-0.11
2014-04-11 10:42:00,14.022,0.0,0,-0.11,-0.22,-0.11
2014-04-11 10:47:00,12.972000000000001,0.0,0,-0.11,-0.22,-0.11
2014-04-11 10:52:00,13.35,0.0,0,-0.11,-0.22,-0.11
2014-04-11 10:57:00,14.0,0.0,0,-0.11,-0.22,-0.11
2014-04-11 11:02:00,13.0,0.0,0,-0.11,-0.22,-0.11
2014-04-11 11:07:00,14.29,0.0,0,-0.11,-0.22,-0.11
2014-04-11 11:12:00,13.366,0.0,0,-0.11,-0.22,-0.11
2014-04-11 11:17:00,14.0,0.0,0,-0.11,-0.22,-0.11
2014-04-11 11:22:00,13.665999999999999,0.0,0,-0.11,-0.22,-0.11
2014-04-11 11:27:00,14.325999999999999,0.0,0,-0.11,-0.22,-0.11
2014-04-11 11:32:00,13.01,0.0,0,-0.11,-0.22,-0.11
2014-04-11 11:37:00,13.994000000000002,0.0,0,-0.11,-0.22,-0.11
2014-04-11 11:42:00,13.332,0.0,0,-0.11,-0.22,-0.11
2014-04-11 11:47:00,13.67,0.0,0,-0.11,-0.22,-0.11
2014-04-11 11:52:00,13.334000000000001,0.0,0,-0.11,-0.22,-0.11
2014-04-11 11:57:00,13.668,0.0,0,-0.11,-0.22,-0.11
2014-04-11 12:02:00,13.332,0.0,0,-0.11,-0.22,-0.11
2014-04-11 12:07:00,14.0,0.0,0,-0.11,-0.22,-0.11
2014-04-11 12:12:00,13.315999999999999,0.0,0,-0.11,-0.22,-0.11
2014-04-11 12:17:00,14.304,0.0,0,-0.11,-0.22,-0.11
2014-04-11 12:22:00,13.332,0.0,0,-0.11,-0.22,-0.11
2014-04-11 12:27:00,14.0,0.0,0,-0.11,-0.22,-0.11
2014-04-11 12:32:00,13.0,0.0,0,-0.11,-0.22,-0.11
2014-04-11 12:37:00,14.332,0.0,0,-0.11,-0.22,-0.11
2014-04-11 12:42:00,13.322000000000001,0.0,0,-0.11,-0.22,-0.11
2014-04-11 12:47:00,13.668,0.0,0,-0.11,-0.22,-0.11
2014-04-11 12:52:00,13.677999999999999,0.0,0,-0.11,-0.22,-0.11
2014-04-11 12:57:00,14.0,0.0,0,-0.11,-0.22,-0.11
2014-04-11 13:02:00,13.015999999999998,0.0,0,-0.11,-0.22,-0.11
2014-04-11 13:07:00,14.002,0.0,0,-0.11,-0.22,-0.11
2014-04-11 13:12:00,13.665999999999999,0.0,0,-0.11,-0.22,-0.11
2014-04-11 13:17:00,14.0,0.0,0,-0.11,-0.22,-0.11
2014-04-11 13:22:00,13.665999999999999,0.0,0,-0.11,-0.22,-0.11
2014-04-11 13:27:00,14.315999999999999,0.0,0,-0.11,-0.22,-0.11
2014-04-11 13:32:00,12.668,0.0,0,-0.11,-0.22,-0.11
2014-04-11 13:37:00,13.668,0.0,0,-0.11,-0.22,-0.11
2014-04-11 13:42:00,13.332,0.0,0,-0.11,-0.22,-0.11
2014-04-11 13:47:00,13.334000000000001,0.0,0,-0.11,-0.22,-0.11
2014-04-11 13:52:00,13.35,0.0,0,-0.11,-0.22,-0.11
2014-04-11 13:57:00,13.665999999999999,0.0,0,-0.11,-0.22,-0.11
2014-04-11 14:02:00,12.982000000000001,0.0,0,-0.11,-0.22,-0.11
2014-04-11 14:07:00,13.668,0.0,0,-0.11,-0.22,-0.11
2014-04-11 14:12:00,14.0,0.0,0,-0.11,-0.22,-0.11
2014-04-11 14:17:00,13.335999999999999,0.0,0,-0.11,-0.22,-0.11
2014-04-11 14:22:00,13.015999999999998,0.0,0,-0.11,-0.22,-0.11
2014-04-11 14:27:00,13.655999999999999,0.0,0,-0.11,-0.22,-0.11
2014-04-11 14:32:00,13.334000000000001,0.0,0,-0.11,-0.22,-0.11
2014-04-11 14:37:00,14.334000000000001,0.0,0,-0.11,-0.22,-0.11
2014-04-11 14:42:00,13.65,0.0,0,-0.11,-0.22,-0.11
2014-04-11 14:47:00,13.0,0.0,0,-0.11,-0.22,-0.11
2014-04-11 14:52:00,13.665999999999999,0.0,0,-0.11,-0.22,-0.11
2014-04-11 14:57:00,13.665999999999999,0.0,0,-0.11,-0.22,-0.11
2014-04-11 15:02:00,13.332,0.0,0,-0.11,-0.22,-0.11
2014-04-11 15:07:00,13.63,0.0,0,-0.11,-0.22,-0.11
2014-04-11 15:12:00,14.368,0.0,0,-0.11,-0.22,-0.11
2014-04-11 15:17:00,12.665999999999999,0.0,0,-0.11,-0.22,-0.11
2014-04-11 15:22:00,13.332,0.0,0,-0.11,-0.22,-0.11
2014-04-11 15:27:00,13.665999999999999,0.0,0,-0.11,-0.22,-0.11
2014-04-11 15:32:00,13.665999999999999,0.0,0,-0.11,-0.22,-0.11
2014-04-11 15:37:00,13.334000000000001,0.0,0,-0.11,-0.22,-0.11
2014-04-11 15:42:00,13.332,0.0,0,-0.11,-0.22,-0.11
2014-04-11 15:47:00,13.415999999999999,0.0,0,-0.11,-0.22,-0.11
2014-04-11 15:52:00,13.3,0.0,0,-0.11,-0.22,-0.11
2014-04-11 15:57:00,13.332,0.0,0,-0.11,-0.22,-0.11
2014-04-11 16:02:00,13.984000000000002,0.0,0,-0.11,-0.22,-0.11
2014-04-11 16:07:00,13.0,0.0,0,-0.11,-0.22,-0.11
2014-04-11 16:12:00,14.334000000000001,0.0,0,-0.11,-0.22,-0.11
2014-04-11 16:17:00,13.665999999999999,0.0,0,-0.11,-0.22,-0.11
2014-04-11 16:22:00,14.0,0.0,0,-0.11,-0.22,-0.11
2014-04-11 16:27:00,13.328,0.0,0,-0.11,-0.22,-0.11
2014-04-11 16:32:00,13.668,0.0,0,-0.11,-0.22,-0.11
2014-04-11 16:37:00,13.0,0.0,0,-0.11,-0.22,-0.11
2014-04-11 16:42:00,14.0,0.0,0,-0.11,-0.22,-0.11
2014-04-11 16:47:00,13.0,0.0,0,-0.11,-0.22,-0.11
2014-04-11 16:52:00,13.702,0.0,0,-0.11,-0.22,-0.11
2014-04-11 16:57:00,13.974,0.0,0,-0.11,-0.22,-0.11
2014-04-11 17:02:00,13.332,0.0,0,-0.11,-0.22,-0.11
2014-04-11 17:07:00,14.002,0.0,0,-0.11,-0.22,-0.11
2014-04-11 17:12:00,13.332,0.0,0,-0.11,-0.22,-0.11
2014-04-11 17:17:00,12.628,0.0,0,-0.11,-0.22,-0.11
2014-04-11 17:22:00,13.665999999999999,0.0,0,-0.11,-0.22,-0.11
2014-04-11 17:27:00,13.992,0.0,0,-0.11,-0.22,-0.11
2014-04-11 17:32:00,13.665999999999999,0.0,0,-0.11,-0.22,-0.11
2014-04-11 17:37:00,13.665999999999999,0.0,0,-0.11,-0.22,-0.11
2014-04-11 17:42:00,13.665999999999999,0.0,0,-0.11,-0.22,-0.11
2014-04-11 17:47:00,12.962,0.0,0,-0.11,-0.22,-0.11
2014-04-11 17:52:00,13.332,0.0,0,-0.11,-0.22,-0.11
2014-04-11 17:57:00,14.0,0.0,0,-0.11,-0.22,-0.11
2014-04-11 18:02:00,14.664000000000001,0.0,0,-0.11,-0.22,-0.11
2014-04-11 18:07:00,14.334000000000001,0.0,0,-0.11,-0.22,-0.11
2014-04-11 18:12:00,13.665999999999999,0.0,0,-0.11,-0.22,-0.11
2014-04-11 18:17:00,13.335999999999999,0.0,0,-0.11,-0.22,-0.11
2014-04-11 18:22:00,13.0,0.0,0,-0.11,-0.22,-0.11
2014-04-11 18:27:00,14.0,0.0,0,-0.11,-0.22,-0.11
2014-04-11 18:32:00,12.988,0.0,0,-0.11,-0.22,-0.11
2014-04-11 18:37:00,13.334000000000001,0.0,0,-0.11,-0.22,-0.11
2014-04-11 18:42:00,13.644,0.0,0,-0.11,-0.22,-0.11
2014-04-11 18:47:00,13.634,0.0,0,-0.11,-0.22,-0.11
2014-04-11 18:52:00,12.664000000000001,0.0,0,-0.11,-0.22,-0.11
2014-04-11 18:57:00,14.29,0.0,0,-0.11,-0.22,-0.11
2014-04-11 19:02:00,12.998,0.0,0,-0.11,-0.22,-0.11
2014-04-11 19:07:00,13.67,0.0,0,-0.11,-0.22,-0.11
2014-04-11 19:12:00,13.378,0.0,0,-0.11,-0.22,-0.11
2014-04-11 19:17:00,13.626,0.0,0,-0.11,-0.22,-0.11
2014-04-11 19:22:00,13.332,0.0,0,-0.11,-0.22,-0.11
2014-04-11 19:27:00,14.334000000000001,0.0,0,-0.11,-0.22,-0.11
2014-04-11 19:32:00,13.044,0.0,0,-0.11,-0.22,-0.11
2014-04-11 19:37:00,13.636,0.0,0,-0.11,-0.22,-0.11
2014-04-11 19:42:00,13.334000000000001,0.0,0,-0.11,-0.22,-0.11
2014-04-11 19:47:00,13.702,0.0,0,-0.11,-0.22,-0.11
2014-04-11 19:52:00,12.677999999999999,0.0,0,-0.11,-0.22,-0.11
2014-04-11 19:57:00,13.998,0.0,0,-0.11,-0.22,-0.11
2014-04-11 20:02:00,12.998,0.0,0,-0.11,-0.22,-0.11
2014-04-11 20:07:00,13.334000000000001,0.0,0,-0.11,-0.22,-0.11
2014-04-11 20:12:00,13.664000000000001,0.0,0,-0.11,-0.22,-0.11
2014-04-11 20:17:00,14.388,0.0,0,-0.11,-0.22,-0.11
2014-04-11 20:22:00,14.05,0.0,0,-0.11,-0.22,-0.11
2014-04-11 20:27:00,13.634,0.0,0,-0.11,-0.22,-0.11
2014-04-11 20:32:00,13.332,0.0,0,-0.11,-0.22,-0.11
2014-04-11 20:37:00,12.958,0.0,0,-0.11,-0.22,-0.11
2014-04-11 20:42:00,13.334000000000001,0.0,0,-0.11,-0.22,-0.11
2014-04-11 20:47:00,14.0,0.0,0,-0.11,-0.22,-0.11
2014-04-11 20:52:00,14.0,0.0,0,-0.11,-0.22,-0.11
2014-04-11 20:57:00,13.677999999999999,0.0,0,-0.11,-0.22,-0.11
2014-04-11 21:02:00,14.0,0.0,0,-0.11,-0.22,-0.11
2014-04-11 21:07:00,13.0,0.0,0,-0.11,-0.22,-0.11
2014-04-11 21:12:00,14.0,0.0,0,-0.11,-0.22,-0.11
2014-04-11 21:17:00,13.332,0.0,0,-0.11,-0.22,-0.11
2014-04-11 21:22:00,14.334000000000001,0.0,0,-0.11,-0.22,-0.11
2014-04-11 21:27:00,13.68,0.0,0,-0.11,-0.22,-0.11
2014-04-11 21:32:00,13.998,0.0,0,-0.11,-0.22,-0.11
2014-04-11 21:37:00,13.334000000000001,0.0,0,-0.11,-0.22,-0.11
2014-04-11 21:42:00,14.0,0.0,0,-0.11,-0.22,-0.11
2014-04-11 21:47:00,13.0,0.0,0,-0.11,-0.22,-0.11
2014-04-11 21:52:00,13.718,0.0,0,-0.11,-0.22,-0.11
2014-04-11 21:57:00,13.674000000000001,0.0,0,-0.11,-0.22,-0.11
2014-04-11 22:02:00,13.634,0.0,0,-0.11,-0.22,-0.11
2014-04-11 22:07:00,13.334000000000001,0.0,0,-0.11,-0.22,-0.11
2014-04-11 22:12:00,14.668,0.0,0,-0.11,-0.22,-0.11
2014-04-11 22:17:00,13.665999999999999,0.0,0,-0.11,-0.22,-0.11
2014-04-11 22:22:00,13.39,0.0,0,-0.11,-0.22,-0.11
2014-04-11 22:27:00,13.306,0.0,0,-0.11,-0.22,-0.11
2014-04-11 22:32:00,14.0,0.0,0,-0.11,-0.22,-0.11
2014-04-11 22:37:00,13.354000000000001,0.0,0,-0.11,-0.22,-0.11
2014-04-11 22:42:00,14.372,0.0,0,-0.11,-0.22,-0.11
2014-04-11 22:47:00,13.334000000000001,0.0,0,-0.11,-0.22,-0.11
2014-04-11 22:52:00,13.645999999999999,0.0,0,-0.11,-0.22,-0.11
2014-04-11 22:57:00,13.332,0.0,0,-0.11,-0.22,-0.11
2014-04-11 23:02:00,14.005999999999998,0.0,0,-0.11,-0.22,-0.11
2014-04-11 23:07:00,13.334000000000001,0.0,0,-0.11,-0.22,-0.11
2014-04-11 23:12:00,14.664000000000001,0.0,0,-0.11,-0.22,-0.11
2014-04-11 23:17:00,13.334000000000001,0.0,0,-0.11,-0.22,-0.11
2014-04-11 23:22:00,14.0,0.0,0,-0.11,-0.22,-0.11
2014-04-11 23:27:00,13.665999999999999,0.0,0,-0.11,-0.22,-0.11
2014-04-11 23:32:00,13.332,0.0,0,-0.11,-0.22,-0.11
2014-04-11 23:37:00,13.668,0.0,0,-0.11,-0.22,-0.11
2014-04-11 23:42:00,13.35,0.0,0,-0.11,-0.22,-0.11
2014-04-11 23:47:00,13.0,0.0,0,-0.11,-0.22,-0.11
2014-04-11 23:52:00,14.0,0.0,0,-0.11,-0.22,-0.11
2014-04-11 23:57:00,13.526,0.0,0,-0.11,-0.22,-0.11
2014-04-12 00:02:00,13.332,0.0,0,-0.11,-0.22,-0.11
2014-04-12 00:07:00,13.0,0.0,0,-0.11,-0.22,-0.11
2014-04-12 00:12:00,13.665999999999999,0.0,0,-0.11,-0.22,-0.11
2014-04-12 00:17:00,13.0,0.0,0,-0.11,-0.22,-0.11
2014-04-12 00:22:00,13.998,0.0,0,-0.11,-0.22,-0.11
2014-04-12 00:27:00,13.372,0.0,0,-0.11,-0.22,-0.11
2014-04-12 00:32:00,14.0,0.0,0,-0.11,-0.22,-0.11
2014-04-12 00:37:00,13.0,0.0,0,-0.11,-0.22,-0.11
2014-04-12 00:42:00,13.332,0.0,0,-0.11,-0.22,-0.11
2014-04-12 00:47:00,13.665999999999999,0.0,0,-0.11,-0.22,-0.11
2014-04-12 00:52:00,13.674000000000001,0.0,0,-0.11,-0.22,-0.11
2014-04-12 00:57:00,13.332,0.0,0,-0.11,-0.22,-0.11
2014-04-12 01:02:00,13.0,0.0,0,-0.11,-0.22,-0.11
2014-04-12 01:07:00,13.665999999999999,0.0,0,-0.11,-0.22,-0.11
2014-04-12 01:12:00,14.334000000000001,0.0,0,-0.11,-0.22,-0.11
2014-04-12 01:17:00,13.0,0.0,0,-0.11,-0.22,-0.11
2014-04-12 01:22:00,13.665999999999999,0.0,0,-0.11,-0.22,-0.11
2014-04-12 01:27:00,13.322000000000001,0.0,0,-0.11,-0.22,-0.11
2014-04-12 01:32:00,13.665999999999999,0.0,0,-0.11,-0.22,-0.11
2014-04-12 01:37:00,13.0,0.0,0,-0.11,-0.22,-0.11
2014-04-12 01:42:00,14.334000000000001,0.0,0,-0.11,-0.22,-0.11
2014-04-12 01:47:00,13.0,0.0,0,-0.11,-0.22,-0.11
2014-04-12 01:52:00,14.334000000000001,0.0,0,-0.11,-0.22,-0.11
2014-04-12 01:57:00,14.0,0.0,0,-0.11,-0.22,-0.11
2014-04-12 02:02:00,13.34,0.0,0,-0.11,-0.22,-0.11
2014-04-12 02:07:00,13.332,0.0,0,-0.11,-0.22,-0.11
2014-04-12 02:12:00,13.0,0.0,0,-0.11,-0.22,-0.11
2014-04-12 02:17:00,13.334000000000001,0.0,0,-0.11,-0.22,-0.11
2014-04-12 02:22:00,14.0,0.3439471277701152,0,-0.11,-0.22,-0.11
2014-04-12 02:27:00,14.668,0.4593165943533036,0,-0.11,-0.22,-0.11
2014-04-12 02:32:00,13.665999999999999,0.2766765526708367,0,-0.11,-0.22,-0.11
2014-04-12 02:37:00,14.334000000000001,0.376994400921324,0,-0.11,-0.22,-0.11
2014-04-12 02:42:00,13.655999999999999,0.27013457629104604,0,-0.11,-0.22,-0.11
2014-04-12 02:47:00,13.0,0.3646631553080787,0,-0.11,-0.22,-0.11
2014-04-12 02:52:00,13.998,0.3227185574687564,0,-0.11,-0.22,-0.11
2014-04-12 02:57:00,14.332,0.3720340734158005,0,-0.11,-0.22,-0.11
2014-04-12 03:02:00,12.665999999999999,0.4180870861818927,0,-0.11,-0.22,-0.11
2014-04-12 03:07:00,13.594000000000001,0.27201242348362914,0,-0.11,-0.22,-0.11
2014-04-12 03:12:00,13.665999999999999,0.2750731939686161,0,-0.11,-0.22,-0.11
2014-04-12 03:17:00,13.665999999999999,0.2749155700862129,0,-0.11,-0.22,-0.11
2014-04-12 03:22:00,12.998,0.3591550358191041,0,-0.11,-0.22,-0.11
2014-04-12 03:27:00,14.668,0.42967902105441297,0,-0.11,-0.22,-0.11
2014-04-12 03:32:00,13.015999999999998,0.3514127324730326,0,-0.11,-0.22,-0.11
2014-04-12 03:37:00,14.002,0.3180880547384248,0,-0.11,-0.22,-0.11
2014-04-12 03:42:00,12.985999999999999,0.3544982236896479,0,-0.11,-0.22,-0.11
2014-04-12 03:47:00,14.334000000000001,0.3658654963503673,0,-0.11,-0.22,-0.11
2014-04-12 03:52:00,13.0,0.3507131301756045,0,-0.11,-0.22,-0.11
2014-04-12 03:57:00,14.335999999999999,0.3629591339362823,0,-0.11,-0.22,-0.11
2014-04-12 04:02:00,12.998,0.3496923393456489,0,-0.11,-0.22,-0.11
2014-04-12 04:07:00,13.708,0.2804109611354715,0,-0.11,-0.22,-0.11
2014-04-12 04:12:00,13.296,0.30820691560016233,0,-0.11,-0.22,-0.11
2014-04-12 04:17:00,14.332,0.3654837989998864,0,-0.11,-0.22,-0.11
2014-04-12 04:22:00,12.998,0.35044774372414994,0,-0.11,-0.22,-0.11
2014-04-12 04:27:00,13.668,0.27657497192981056,0,-0.11,-0.22,-0.11
2014-04-12 04:32:00,13.665999999999999,0.2761327030625397,0,-0.11,-0.22,-0.11
2014-04-12 04:37:00,13.64,0.27269662709288994,0,-0.11,-0.22,-0.11
2014-04-12 04:42:00,13.332,0.3057431214240558,0,-0.11,-0.22,-0.11
2014-04-12 04:47:00,14.034,0.32884855075130504,0,-0.11,-0.22,-0.11
2014-04-12 04:52:00,12.665999999999999,0.4085857233932456,0,-0.11,-0.22,-0.11
2014-04-12 04:57:00,14.334000000000001,0.3720249482003363,0,-0.11,-0.22,-0.11
2014-04-12 05:02:00,13.332,0.3035390493382682,0,-0.11,-0.22,-0.11
2014-04-12 05:07:00,13.335999999999999,0.3018843318607175,0,-0.11,-0.22,-0.11
2014-04-12 05:12:00,13.668,0.2797199853498369,0,-0.11,-0.22,-0.11
2014-04-12 05:17:00,13.335999999999999,0.3022485832290843,0,-0.11,-0.22,-0.11
2014-04-12 05:22:00,13.716,0.2878173153743812,0,-0.11,-0.22,-0.11
2014-04-12 05:27:00,13.274000000000001,0.31196554379915264,0,-0.11,-0.22,-0.11
2014-04-12 05:32:00,13.032,0.34727077649009114,0,-0.11,-0.22,-0.11
2014-04-12 05:37:00,13.332,0.2979023587719057,0,-0.11,-0.22,-0.11
2014-04-12 05:42:00,13.665999999999999,0.2882729923045109,0,-0.11,-0.22,-0.11
2014-04-12 05:47:00,13.0,0.3510317618190433,0,-0.11,-0.22,-0.11
2014-04-12 05:52:00,13.665999999999999,0.2915436962946412,0,-0.11,-0.22,-0.11
2014-04-12 05:57:00,13.332,0.2963381193886305,0,-0.11,-0.22,-0.11
2014-04-12 06:02:00,13.332,0.2955126010738981,0,-0.11,-0.22,-0.11
2014-04-12 06:07:00,13.332,0.294718793471822,0,-0.11,-0.22,-0.11
2014-04-12 06:12:00,14.318,0.4123407910619818,0,-0.11,-0.22,-0.11
2014-04-12 06:17:00,13.29,0.30528719871457743,0,-0.11,-0.22,-0.11
2014-04-12 06:22:00,12.998,0.3521935073025759,0,-0.11,-0.22,-0.11
2014-04-12 06:27:00,14.0,0.3488856392499972,0,-0.11,-0.22,-0.11
2014-04-12 06:32:00,13.332,0.2969719144682019,0,-0.11,-0.22,-0.11
2014-04-12 06:37:00,13.334000000000001,0.29580702101379264,0,-0.11,-0.22,-0.11
2014-04-12 06:42:00,14.0,0.3509281070885808,0,-0.11,-0.22,-0.11
2014-04-12 06:47:00,14.332,0.4055983141709825,0,-0.11,-0.22,-0.11
2014-04-12 06:52:00,14.0,0.3351729257504173,0,-0.11,-0.22,-0.11
2014-04-12 06:57:00,13.634,0.2756045243162581,0,-0.11,-0.22,-0.11
2014-04-12 07:02:00,13.37,0.302520874897097,0,-0.11,-0.22,-0.11
2014-04-12 07:07:00,13.38,0.2998337825182309,0,-0.11,-0.22,-0.11
2014-04-12 07:12:00,13.665999999999999,0.28401006638295,0,-0.11,-0.22,-0.11
2014-04-12 07:17:00,13.0,0.3677027036535645,0,-0.11,-0.22,-0.11
2014-04-12 07:22:00,14.05,0.353154786913115,0,-0.11,-0.22,-0.11
2014-04-12 07:27:00,12.972000000000001,0.3692219147997685,0,-0.11,-0.22,-0.11
2014-04-12 07:32:00,12.998,0.35719320810233746,0,-0.11,-0.22,-0.11
2014-04-12 07:37:00,13.655999999999999,0.290506860648329,0,-0.11,-0.22,-0.11
2014-04-12 07:42:00,13.332,0.29840277182858405,0,-0.11,-0.22,-0.11
2014-04-12 07:47:00,13.665999999999999,0.2935011753795244,0,-0.11,-0.22,-0.11
2014-04-12 07:52:00,14.0,0.35122025081268365,0,-0.11,-0.22,-0.11
2014-04-12 07:57:00,16.0,0.7230607894626222,0,-0.11,-0.22,-0.11
2014-04-12 08:02:00,13.665999999999999,0.2689554348623541,0,-0.11,-0.22,-0.11
2014-04-12 08:07:00,13.334000000000001,0.3033676683252656,0,-0.11,-0.22,-0.11
2014-04-12 08:12:00,13.734000000000002,0.27766116524313866,0,-0.11,-0.22,-0.11
2014-04-12 08:17:00,13.308,0.3065313516596671,0,-0.11,-0.22,-0.11
2014-04-12 08:22:00,13.332,0.30251183953568955,0,-0.11,-0.22,-0.11
2014-04-12 08:27:00,13.665999999999999,0.27384971852466106,0,-0.11,-0.22,-0.11
2014-04-12 08:32:00,13.332,0.30256576672316304,0,-0.11,-0.22,-0.11
2014-04-12 08:37:00,13.668,0.2757245566748054,0,-0.11,-0.22,-0.11
2014-04-12 08:42:00,13.665999999999999,0.2753134022408893,0,-0.11,-0.22,-0.11
2014-04-12 08:47:00,13.334000000000001,0.30370871112135656,0,-0.11,-0.22,-0.11
2014-04-12 08:52:00,13.65,0.2750258663167451,0,-0.11,-0.22,-0.11
2014-04-12 08:57:00,13.724,0.2843349406178681,0,-0.11,-0.22,-0.11
2014-04-12 09:02:00,14.334000000000001,0.370943144026611,0,-0.11,-0.22,-0.11
2014-04-12 09:07:00,13.052,0.34922316143957405,0,-0.11,-0.22,-0.11
2014-04-12 09:12:00,14.0,0.3193856130683416,0,-0.11,-0.22,-0.11
2014-04-12 09:17:00,13.0,0.3559149211787914,0,-0.11,-0.22,-0.11
2014-04-12 09:22:00,14.33,0.3684779792112693,0,-0.11,-0.22,-0.11
2014-04-12 09:27:00,13.332,0.3081288150579485,0,-0.11,-0.22,-0.11
2014-04-12 09:32:00,13.332,0.3067764175810381,0,-0.11,-0.22,-0.11
2014-04-12 09:37:00,14.014000000000001,0.3231593698340601,0,-0.11,-0.22,-0.11
2014-04-12 09:42:00,13.665999999999999,0.2736262126258912,0,-0.11,-0.22,-0.11
2014-04-12 09:47:00,13.0,0.3593472405968345,0,-0.11,-0.22,-0.11
2014-04-12 09:52:00,12.998,0.3536368829672934,0,-0.11,-0.22,-0.11
2014-04-12 09:57:00,13.665999999999999,0.2814910905958901,0,-0.11,-0.22,-0.11
2014-04-12 10:02:00,14.0,0.32852312153818697,0,-0.11,-0.22,-0.11
2014-04-12 10:07:00,13.334000000000001,0.3050947781208336,0,-0.11,-0.22,-0.11
2014-04-12 10:12:00,13.668,0.2806294536058285,0,-0.11,-0.22,-0.11
2014-04-12 10:17:00,13.334000000000001,0.3054424890486063,0,-0.11,-0.22,-0.11
2014-04-12 10:22:00,13.332,0.3045276611080251,0,-0.11,-0.22,-0.11
2014-04-12 10:27:00,13.718,0.2919484998106532,0,-0.11,-0.22,-0.11
2014-04-12 10:32:00,13.665999999999999,0.28330884749718604,0,-0.11,-0.22,-0.11
2014-04-12 10:37:00,13.334000000000001,0.3068031526933795,0,-0.11,-0.22,-0.11
2014-04-12 10:42:00,14.002,0.3414855077380887,0,-0.11,-0.22,-0.11
2014-04-12 10:47:00,13.0,0.3674893262402401,0,-0.11,-0.22,-0.11
2014-04-12 10:52:00,13.995999999999999,0.3402190230708281,0,-0.11,-0.22,-0.11
2014-04-12 10:57:00,13.998,0.33682684964897985,0,-0.11,-0.22,-0.11
2014-04-12 11:02:00,13.655999999999999,0.27771647950815337,0,-0.11,-0.22,-0.11
2014-04-12 11:07:00,14.328,0.39488068330669707,0,-0.11,-0.22,-0.11
2014-04-12 11:12:00,13.332,0.31669195237458475,0,-0.11,-0.22,-0.11
2014-04-12 11:17:00,13.334000000000001,0.3145243128267245,0,-0.11,-0.22,-0.11
2014-04-12 11:22:00,12.998,0.3714990483018311,0,-0.11,-0.22,-0.11
2014-04-12 11:27:00,13.334000000000001,0.3068462080312336,0,-0.11,-0.22,-0.11
2014-04-12 11:32:00,13.332,0.305886974272027,0,-0.11,-0.22,-0.11
2014-04-12 11:37:00,13.665999999999999,0.2866943213581491,0,-0.11,-0.22,-0.11
2014-04-12 11:42:00,13.332,0.3065044593126572,0,-0.11,-0.22,-0.11
2014-04-12 11:47:00,13.334000000000001,0.3048851391957271,0,-0.11,-0.22,-0.11
2014-04-12 11:52:00,13.332,0.304046922611028,0,-0.11,-0.22,-0.11
2014-04-12 11:57:00,13.665999999999999,0.29289992793634795,0,-0.11,-0.22,-0.11
2014-04-12 12:02:00,12.665999999999999,0.4397260586593808,0,-0.11,-0.22,-0.11
2014-04-12 12:07:00,13.334000000000001,0.2942139393708587,0,-0.11,-0.22,-0.11
2014-04-12 12:12:00,13.712,0.30728865318999776,0,-0.11,-0.22,-0.11
2014-04-12 12:17:00,14.3,0.41815721234389147,0,-0.11,-0.22,-0.11
2014-04-12 12:22:00,13.06,0.3472879481948863,0,-0.11,-0.22,-0.11
2014-04-12 12:27:00,13.597999999999999,0.282434541337581,0,-0.11,-0.22,-0.11
2014-04-12 12:32:00,13.668,0.29346283624637565,0,-0.11,-0.22,-0.11
2014-04-12 12:37:00,13.716,0.3008778307155212,0,-0.11,-0.22,-0.11
2014-04-12 12:42:00,13.332,0.302802434366492,0,-0.11,-0.22,-0.11
2014-04-12 12:47:00,13.335999999999999,0.3009949644602721,0,-0.11,-0.22,-0.11
2014-04-12 12:52:00,13.315999999999999,0.303610412147102,0,-0.11,-0.22,-0.11
2014-04-12 12:57:00,14.0,0.3627169909216972,0,-0.11,-0.22,-0.11
2014-04-12 13:02:00,12.998,0.3678391882363334,0,-0.11,-0.22,-0.11
2014-04-12 13:07:00,13.37,0.29143908794402656,0,-0.11,-0.22,-0.11
2014-04-12 13:12:00,13.315999999999999,0.3005522026685065,0,-0.11,-0.22,-0.11
2014-04-12 13:17:00,14.0,0.367066098965162,0,-0.11,-0.22,-0.11
2014-04-12 13:22:00,12.664000000000001,0.4345492268384447,0,-0.11,-0.22,-0.11
2014-04-12 13:27:00,13.658,0.29959959855558044,0,-0.11,-0.22,-0.11
2014-04-12 13:32:00,13.315999999999999,0.29583954021325565,0,-0.11,-0.22,-0.11
2014-04-12 13:37:00,13.002,0.3522306872500554,0,-0.11,-0.22,-0.11
2014-04-12 13:42:00,13.665999999999999,0.3059874304581938,0,-0.11,-0.22,-0.11
2014-04-12 13:47:00,13.334000000000001,0.29000315072613114,0,-0.11,-0.22,-0.11
2014-04-12 13:52:00,14.046,0.38046581018014775,0,-0.11,-0.22,-0.11
2014-04-12 13:57:00,13.008,0.3535211866490057,0,-0.11,-0.22,-0.11
2014-04-12 14:02:00,13.665999999999999,0.3042032773759597,0,-0.11,-0.22,-0.11
2014-04-12 14:07:00,13.67,0.3037577978395836,0,-0.11,-0.22,-0.11
2014-04-12 14:12:00,13.38,0.28595047409020297,0,-0.11,-0.22,-0.11
2014-04-12 14:17:00,13.64,0.29880584139680194,0,-0.11,-0.22,-0.11
2014-04-12 14:22:00,12.994000000000002,0.3635125069485355,0,-0.11,-0.22,-0.11
2014-04-12 14:27:00,12.995999999999999,0.35649989911354857,0,-0.11,-0.22,-0.11
2014-04-12 14:32:00,14.017999999999999,0.3804317395767788,0,-0.11,-0.22,-0.11
2014-04-12 14:37:00,14.002,0.36785747355998505,0,-0.11,-0.22,-0.11
2014-04-12 14:42:00,13.338,0.2947035446521035,0,-0.11,-0.22,-0.11
2014-04-12 14:47:00,13.0,0.35715169045246536,0,-0.11,-0.22,-0.11
2014-04-12 14:52:00,13.332,0.2904873336751804,0,-0.11,-0.22,-0.11
2014-04-12 14:57:00,13.665999999999999,0.3067328968041009,0,-0.11,-0.22,-0.11
2014-04-12 15:02:00,13.015999999999998,0.3528078977984822,0,-0.11,-0.22,-0.11
2014-04-12 15:07:00,13.334000000000001,0.2876394626406961,0,-0.11,-0.22,-0.11
2014-04-12 15:12:00,14.0,0.3786140562602709,0,-0.11,-0.22,-0.11
2014-04-12 15:17:00,14.0,0.3695445851514026,0,-0.11,-0.22,-0.11
2014-04-12 15:22:00,13.332,0.296239713729276,0,-0.11,-0.22,-0.11
2014-04-12 15:27:00,13.29,0.3030712123190642,0,-0.11,-0.22,-0.11
2014-04-12 15:32:00,13.368,0.2875983066589686,0,-0.11,-0.22,-0.11
2014-04-12 15:37:00,13.668,0.3061429432099745,0,-0.11,-0.22,-0.11
2014-04-12 15:42:00,13.344000000000001,0.29390224474248683,0,-0.11,-0.22,-0.11
2014-04-12 15:47:00,13.668,0.30707001674394424,0,-0.11,-0.22,-0.11
2014-04-12 15:52:00,13.665999999999999,0.3053629565168011,0,-0.11,-0.22,-0.11
2014-04-12 15:57:00,13.332,0.3004606713112913,0,-0.11,-0.22,-0.11
2014-04-12 16:02:00,14.334000000000001,0.4630074655346588,0,-0.11,-0.22,-0.11
2014-04-12 16:07:00,13.665999999999999,0.2943817998629838,0,-0.11,-0.22,-0.11
2014-04-12 16:12:00,14.0,0.3603931362493476,0,-0.11,-0.22,-0.11
2014-04-12 16:17:00,13.332,0.3101395072825621,0,-0.11,-0.22,-0.11
2014-04-12 16:22:00,12.975999999999999,0.3819881528422726,0,-0.11,-0.22,-0.11
2014-04-12 16:27:00,14.0,0.3609264191247691,0,-0.11,-0.22,-0.11
2014-04-12 16:32:00,13.665999999999999,0.291121232440515,0,-0.11,-0.22,-0.11
2014-04-12 16:37:00,13.0,0.374656183101715,0,-0.11,-0.22,-0.11
2014-04-12 16:42:00,14.0,0.35868156867469303,0,-0.11,-0.22,-0.11
2014-04-12 16:47:00,13.332,0.30606312623525195,0,-0.11,-0.22,-0.11
2014-04-12 16:52:00,13.344000000000001,0.3025912860951242,0,-0.11,-0.22,-0.11
2014-04-12 16:57:00,13.665999999999999,0.2947863372445503,0,-0.11,-0.22,-0.11
2014-04-12 17:02:00,12.984000000000002,0.3772203390219728,0,-0.11,-0.22,-0.11
2014-04-12 17:07:00,14.002,0.3643495055348596,0,-0.11,-0.22,-0.11
2014-04-12 17:12:00,14.0,0.357219086637834,0,-0.11,-0.22,-0.11
2014-04-12 17:17:00,13.334000000000001,0.3074199928952881,0,-0.11,-0.22,-0.11
2014-04-12 17:22:00,13.0,0.3717541095015899,0,-0.11,-0.22,-0.11
2014-04-12 17:27:00,14.0,0.35851344790925155,0,-0.11,-0.22,-0.11
2014-04-12 17:32:00,12.984000000000002,0.37057521475260585,0,-0.11,-0.22,-0.11
2014-04-12 17:37:00,12.662,0.42668968328200985,0,-0.11,-0.22,-0.11
2014-04-12 17:42:00,13.665999999999999,0.30002071259523305,0,-0.11,-0.22,-0.11
2014-04-12 17:47:00,13.664000000000001,0.2987164347690393,0,-0.11,-0.22,-0.11
2014-04-12 17:52:00,12.998,0.3526697757568987,0,-0.11,-0.22,-0.11
2014-04-12 17:57:00,14.0,0.3608362280801413,0,-0.11,-0.22,-0.11
2014-04-12 18:02:00,13.665999999999999,0.2970822839398812,0,-0.11,-0.22,-0.11
2014-04-12 18:07:00,13.335999999999999,0.29529525905469856,0,-0.11,-0.22,-0.11
2014-04-12 18:12:00,13.665999999999999,0.2982388484086275,0,-0.11,-0.22,-0.11
2014-04-12 18:17:00,13.0,0.35846226330900177,0,-0.11,-0.22,-0.11
2014-04-12 18:22:00,13.332,0.2926558856784899,0,-0.11,-0.22,-0.11
2014-04-12 18:27:00,14.368,0.4409785441784261,0,-0.11,-0.22,-0.11
2014-04-12 18:32:00,14.0,0.34918100041441885,0,-0.11,-0.22,-0.11
2014-04-12 18:37:00,13.334000000000001,0.3006032792863255,0,-0.11,-0.22,-0.11
2014-04-12 18:42:00,13.31,0.3035704967675227,0,-0.11,-0.22,-0.11
2014-04-12 18:47:00,13.668,0.2936076059562521,0,-0.11,-0.22,-0.11
2014-04-12 18:52:00,13.332,0.3007442190181047,0,-0.11,-0.22,-0.11
2014-04-12 18:57:00,13.662,0.2940005088148241,0,-0.11,-0.22,-0.11
2014-04-12 19:02:00,14.0,0.3563703478189881,0,-0.11,-0.22,-0.11
2014-04-12 19:07:00,13.334000000000001,0.3053458301648147,0,-0.11,-0.22,-0.11
2014-04-12 19:12:00,14.334000000000001,0.4225946593144098,0,-0.11,-0.22,-0.11
2014-04-12 19:17:00,13.0,0.3682319707581775,0,-0.11,-0.22,-0.11
2014-04-12 19:22:00,13.665999999999999,0.2879416333371884,0,-0.11,-0.22,-0.11
2014-04-12 19:27:00,13.334000000000001,0.3047085652599019,0,-0.11,-0.22,-0.11
2014-04-12 19:32:00,12.998,0.3646630003327121,0,-0.11,-0.22,-0.11
2014-04-12 19:37:00,13.668,0.294096194570739,0,-0.11,-0.22,-0.11
2014-04-12 19:42:00,13.335999999999999,0.2999922047019715,0,-0.11,-0.22,-0.11
2014-04-12 19:47:00,13.668,0.2954920611793528,0,-0.11,-0.22,-0.11
2014-04-12 19:52:00,12.665999999999999,0.4338353819010868,0,-0.11,-0.22,-0.11
2014-04-12 19:57:00,15.334000000000001,0.6151254408463039,0,-0.11,-0.22,-0.11
2014-04-12 20:02:00,13.665999999999999,0.2799935198881367,0,-0.11,-0.22,-0.11
2014-04-12 20:07:00,13.334000000000001,0.2979082363811488,0,-0.11,-0.22,-0.11
2014-04-12 20:12:00,13.332,0.2972735627869917,0,-0.11,-0.22,-0.11
2014-04-12 20:17:00,14.0,0.3268467295357397,0,-0.11,-0.22,-0.11
2014-04-12 20:22:00,13.372,0.2943756955328781,0,-0.11,-0.22,-0.11
2014-04-12 20:27:00,13.968,0.3225426987418637,0,-0.11,-0.22,-0.11
2014-04-12 20:32:00,12.998,0.3492422539069582,0,-0.11,-0.22,-0.11
2014-04-12 20:37:00,13.668,0.2834868991250552,0,-0.11,-0.22,-0.11
2014-04-12 20:42:00,13.665999999999999,0.28282905263130753,0,-0.11,-0.22,-0.11
2014-04-12 20:47:00,13.68,0.2843716981876043,0,-0.11,-0.22,-0.11
2014-04-12 20:52:00,13.332,0.3025941608132702,0,-0.11,-0.22,-0.11
2014-04-12 20:57:00,14.665999999999999,0.4448905931894325,0,-0.11,-0.22,-0.11
2014-04-12 21:02:00,12.968,0.357479013066106,0,-0.11,-0.22,-0.11
2014-04-12 21:07:00,14.0,0.3239317499960672,0,-0.11,-0.22,-0.11
2014-04-12 21:12:00,12.966,0.3559743834876681,0,-0.11,-0.22,-0.11
2014-04-12 21:17:00,14.0,0.3254445130056024,0,-0.11,-0.22,-0.11
2014-04-12 21:22:00,13.665999999999999,0.2782390299726347,0,-0.11,-0.22,-0.11
2014-04-12 21:27:00,14.334000000000001,0.3735266228746082,0,-0.11,-0.22,-0.11
2014-04-12 21:32:00,12.998,0.3556963285698124,0,-0.11,-0.22,-0.11
2014-04-12 21:37:00,13.67,0.27754592699506203,0,-0.11,-0.22,-0.11
2014-04-12 21:42:00,13.665999999999999,0.2768026712849366,0,-0.11,-0.22,-0.11
2014-04-12 21:47:00,13.37,0.30118235532162985,0,-0.11,-0.22,-0.11
2014-04-12 21:52:00,13.665999999999999,0.2783750531070768,0,-0.11,-0.22,-0.11
2014-04-12 21:57:00,14.332,0.3798494616173679,0,-0.11,-0.22,-0.11
2014-04-12 22:02:00,13.0,0.3612104532774273,0,-0.11,-0.22,-0.11
2014-04-12 22:07:00,14.342,0.37550912829495575,0,-0.11,-0.22,-0.11
2014-04-12 22:12:00,13.665999999999999,0.27210990922079914,0,-0.11,-0.22,-0.11
2014-04-12 22:17:00,14.046,0.32490787576343416,0,-0.11,-0.22,-0.11
2014-04-12 22:22:00,13.294,0.3203608647807405,0,-0.11,-0.22,-0.11
2014-04-12 22:27:00,14.0,0.3191004108088302,0,-0.11,-0.22,-0.11
2014-04-12 22:32:00,12.664000000000001,0.4225739833838149,1,1.0,1.0,1.0
2014-04-12 22:37:00,13.002,0.3524485453066943,1,0.9996606163510808,0.9996606163510808,0.9996606163510809
2014-04-12 22:42:00,13.652000000000001,0.2778473279496169,1,0.9993128031853268,0.9993128031853268,0.9993128031853268
2014-04-12 22:47:00,13.668,0.2797168055027608,1,0.9989563541757912,0.9989563541757912,0.9989563541757912
2014-04-12 22:52:00,13.332,0.3041400429606781,1,0.9985910580993534,0.9985910580993534,0.9985910580993534
2014-04-12 22:57:00,14.322000000000001,0.3796596080755861,1,0.9982166987283538,0.9982166987283538,0.9982166987283538
2014-04-12 23:02:00,13.332,0.30719324955315985,1,0.9978330547202332,0.9978330547202332,0.9978330547202332
2014-04-12 23:07:00,13.334000000000001,0.3056017468839927,1,0.9974398995051676,0.9974398995051676,0.9974398995051675
2014-04-12 23:12:00,13.665999999999999,0.2798435011756235,1,0.9970370011716712,0.9970370011716712,0.9970370011716713
2014-04-12 23:17:00,13.668,0.2798408709370995,1,0.9966241223501692,0.9966241223501692,0.9966241223501693
2014-04-12 23:22:00,13.334000000000001,0.307468177605255,1,0.9962010200945216,0.9962010200945216,0.9962010200945217
2014-04-12 23:27:00,13.665999999999999,0.28138138292415393,1,0.9957674457614892,0.9957674457614892,0.9957674457614893
2014-04-12 23:32:00,14.0,0.33460651985095685,1,0.9953231448881372,0.9953231448881371,0.995323144888137
2014-04-12 23:37:00,13.334000000000001,0.3113216551301485,1,0.9948678570671664,0.9948678570671664,0.9948678570671663
2014-04-12 23:42:00,14.71,0.4650137532030883,1,0.9944013158201752,0.9944013158201752,0.9944013158201751
2014-04-12 23:47:00,12.665999999999999,0.4186847479499941,1,0.9939232484688408,0.9939232484688408,0.9939232484688408
2014-04-12 23:52:00,13.06,0.3418559608215848,1,0.9934333760040284,0.9934333760040284,0.9934333760040285
2014-04-12 23:57:00,13.834000000000001,0.3030744400167647,1,0.9929314129528292,0.9929314129528292,0.9929314129528292
2014-04-13 00:02:00,12.998,0.3504489145990486,1,0.9924170672435276,0.9924170672435276,0.9924170672435275
2014-04-13 00:07:00,13.38,0.2919450060855212,1,0.9918900400685148,0.9918900400685148,0.9918900400685149
2014-04-13 00:12:00,13.312000000000001,0.3006708826507117,1,0.9913500257451536,0.9913500257451536,0.9913500257451535
2014-04-13 00:17:00,12.99,0.3472529937897914,1,0.9907967115746072,0.9907967115746072,0.9907967115746071
2014-04-13 00:22:00,13.665999999999999,0.29033994198685226,1,0.9902297776986564,0.9902297776986564,0.9902297776986564
2014-04-13 00:27:00,14.0,0.33928358328638153,1,0.9896488969545182,0.9896488969545182,0.9896488969545182
2014-04-13 00:32:00,14.334000000000001,0.3888152904452484,1,0.989053734727698,0.989053734727698,0.9890537347276981
2014-04-13 00:37:00,13.334000000000001,0.302265447234614,1,0.9884439488028972,0.9884439488028972,0.9884439488028973
2014-04-13 00:42:00,13.012,0.34901204252047474,1,0.9878191892130114,0.9878191892130114,0.9878191892130114
2014-04-13 00:47:00,13.334000000000001,0.2970910703904524,1,0.987179098086258,0.9871790980862579,0.987179098086258
2014-04-13 00:52:00,13.665999999999999,0.2878065330659195,1,0.9865233094914724,0.9865233094914724,0.9865233094914725
2014-04-13 00:57:00,13.665999999999999,0.2872821175671598,1,0.9858514492816188,0.9858514492816188,0.9858514492816188
2014-04-13 01:02:00,13.665999999999999,0.28677447329343964,1,0.9851631349355688,0.9851631349355688,0.9851631349355688
2014-04-13 01:07:00,13.334000000000001,0.3013366581712051,1,0.9844579753982056,0.9844579753982056,0.9844579753982057
2014-04-13 01:12:00,14.35,0.4043106784041574,1,0.9837355709189104,0.9837355709189104,0.9837355709189104
2014-04-13 01:17:00,14.0,0.3321549232900205,1,0.9829955128885096,0.9829955128885096,0.9829955128885095
2014-04-13 01:22:00,13.722000000000001,0.28656850011562285,1,0.9822373836747456,0.9822373836747456,0.9822373836747457
2014-04-13 01:27:00,13.968,0.3245247580284776,1,0.9814607564563648,0.9814607564563648,0.9814607564563648
2014-04-13 01:32:00,13.332,0.3138019997837125,1,0.9806651950559008,0.9806651950559008,0.9806651950559007
2014-04-13 01:37:00,13.332,0.3121391245874727,1,0.9798502537712545,0.9798502537712545,0.9798502537712545
2014-04-13 01:42:00,13.334000000000001,0.3102426305309737,1,0.979015477206175,0.979015477206175,0.979015477206175
2014-04-13 01:47:00,13.334000000000001,0.30877930293008204,1,0.978160400099744,0.978160400099744,0.9781604000997439
2014-04-13 01:52:00,13.665999999999999,0.2841787588383029,1,0.9772845471549964,0.9772845471549964,0.9772845471549964
2014-04-13 01:57:00,13.626,0.2771939253888584,1,0.976387432866794,0.976387432866794,0.976387432866794
2014-04-13 02:02:00,13.665999999999999,0.2837190853377349,1,0.9754685613490952,0.9754685613490952,0.9754685613490953
2014-04-13 02:07:00,13.702,0.28961786789727034,1,0.9745274261617696,0.9745274261617696,0.9745274261617695
2014-04-13 02:12:00,13.665999999999999,0.2825977423026275,1,0.9735635101371072,0.9735635101371072,0.9735635101371072
2014-04-13 02:17:00,14.334000000000001,0.41733056743705227,1,0.9725762852061977,0.9725762852061977,0.9725762852061975
2014-04-13 02:22:00,13.665999999999999,0.2751130466255665,1,0.9715652122253532,0.9715652122253532,0.9715652122253531
2014-04-13 02:27:00,13.332,0.3225043569512786,1,0.9705297408027682,0.9705297408027682,0.9705297408027682
2014-04-13 02:32:00,14.0,0.33961263840775724,1,0.9694693091256104,0.9694693091256104,0.9694693091256104
2014-04-13 02:37:00,12.665999999999999,0.4615450843943381,1,0.9683833437877668,0.9683833437877668,0.9683833437877669
2014-04-13 02:42:00,14.0,0.3367068068681004,1,0.9672712596184648,0.9672712596184648,0.9672712596184648
2014-04-13 02:47:00,13.334000000000001,0.3129122124212993,1,0.966132459512006,0.966132459512006,0.9661324595120059
2014-04-13 02:52:00,13.334000000000001,0.3113007658697673,1,0.9649663342588732,0.9649663342588732,0.9649663342588732
2014-04-13 02:57:00,14.0,0.3403191014049428,1,0.963772262378476,0.963772262378476,0.9637722623784759
2014-04-13 03:02:00,13.382,0.3051602769832083,1,0.9625496099538098,0.9625496099538098,0.9625496099538098
2014-04-13 03:07:00,13.026,0.36913270703066015,1,0.961297730468342,0.961297730468342,0.961297730468342
2014-04-13 03:12:00,14.665999999999999,0.4721701939210634,1,0.9600159646454204,0.9600159646454204,0.9600159646454204
2014-04-13 03:17:00,14.0,0.32549354209287873,1,0.9587036402905508,0.9587036402905508,0.9587036402905507
2014-04-13 03:22:00,13.332,0.3139381340108885,1,0.9573600721368786,0.9573600721368786,0.9573600721368786
2014-04-13 03:27:00,13.968,0.3212503934629543,1,0.9559845616942484,0.9559845616942484,0.9559845616942484
2014-04-13 03:32:00,13.665999999999999,0.27289570259304224,1,0.9545763971022152,0.9545763971022152,0.9545763971022153
2014-04-13 03:37:00,13.0,0.3735637073238931,1,0.9531348529874168,0.9531348529874168,0.9531348529874168
2014-04-13 03:42:00,14.0,0.32929009991939906,1,0.95165919032572,0.95165919032572,0.95165919032572
2014-04-13 03:47:00,13.372,0.30782898284835963,1,0.9501486563095902,0.9501486563095902,0.9501486563095902
2014-04-13 03:52:00,13.294,0.3191502615572201,1,0.948602484221132,0.9486024842211321,0.948602484221132
2014-04-13 03:57:00,14.302,0.3864159583476848,1,0.9470198933112958,0.9470198933112958,0.9470198933112958
2014-04-13 04:02:00,12.984000000000002,0.3727829320486401,1,0.9454000886857372,0.9454000886857371,0.945400088685737
2014-04-13 04:07:00,13.668,0.2784613111896431,1,0.9437422611978667,0.9437422611978667,0.9437422611978669
2014-04-13 04:12:00,13.655999999999999,0.27643545798871594,1,0.9420455873496312,0.9420455873496312,0.9420455873496312
2014-04-13 04:17:00,12.962,0.3750168986848859,1,0.9403092292005844,0.9403092292005844,0.9403092292005844
2014-04-13 04:22:00,14.0,0.3349081417195443,1,0.9385323342858608,0.9385323342858608,0.9385323342858607
2014-04-13 04:27:00,13.362,0.3044682189186337,1,0.9367140355436432,0.9367140355436432,0.9367140355436433
2014-04-13 04:32:00,13.294,0.3142668208649165,1,0.9348534512527858,0.9348534512527858,0.9348534512527858
2014-04-13 04:37:00,13.334000000000001,0.3060195989439477,1,0.932949684981232,0.932949684981232,0.932949684981232
2014-04-13 04:42:00,13.668,0.2861217521480079,1,0.9310018255459368,0.9310018255459368,0.9310018255459367
2014-04-13 04:47:00,13.0,0.36617661169299615,1,0.9290089469849906,0.9290089469849906,0.9290089469849906
2014-04-13 04:52:00,13.332,0.301548828098169,1,0.9269701085426888,0.9269701085426888,0.9269701085426887
2014-04-13 04:57:00,13.706,0.2983392515321294,1,0.9248843546683032,0.9248843546683032,0.9248843546683032
2014-04-13 05:02:00,13.294,0.3093660930329352,1,0.922750715029351,0.922750715029351,0.922750715029351
2014-04-13 05:07:00,13.665999999999999,0.29308679131628923,1,0.9205682045401627,0.9205682045401627,0.9205682045401629
2014-04-13 05:12:00,13.0,0.3661282819958186,1,0.9183358234065968,0.9183358234065968,0.9183358234065968
2014-04-13 05:17:00,14.0,0.35792030179913903,1,0.9160525571877524,0.9160525571877524,0.9160525571877525
2014-04-13 05:22:00,12.665999999999999,0.42863519988692944,1,0.9137173768755792,0.9137173768755791,0.913717376875579
2014-04-13 05:27:00,13.334000000000001,0.2922385606726551,1,0.9113292389932816,0.9113292389932816,0.9113292389932816
2014-04-13 05:32:00,12.664000000000001,0.4101473479736666,1,0.9088870857134672,0.9088870857134672,0.9088870857134672
2014-04-13 05:37:00,13.67,0.3041355810962456,1,0.9063898449969824,0.9063898449969824,0.9063898449969823
2014-04-13 05:42:00,13.665999999999999,0.30234280921709145,1,0.9038364307534312,0.9038364307534312,0.9038364307534311
2014-04-13 05:47:00,13.37,0.2826196813641085,1,0.9012257430243702,0.9012257430243702,0.9012257430243702
2014-04-13 05:52:00,12.665999999999999,0.40626548978600574,1,0.8985566681902077,0.8985566681902077,0.8985566681902077
2014-04-13 05:57:00,14.002,0.3628985310992863,1,0.8958280792018518,0.8958280792018518,0.8958280792018518
2014-04-13 06:02:00,13.665999999999999,0.30203818221020884,1,0.8930388358381706,0.8930388358381706,0.8930388358381706
2014-04-13 06:07:00,13.335999999999999,0.2869165610810336,1,0.8901877849903459,0.8901877849903459,0.8901877849903459
2014-04-13 06:12:00,13.665999999999999,0.3027431711304989,1,0.8872737609742145,0.8872737609742145,0.8872737609742145
2014-04-13 06:17:00,13.002,0.3448711284225829,1,0.8842955858717122,0.8842955858717122,0.8842955858717122
2014-04-13 06:22:00,13.665999999999999,0.30534507672005595,1,0.8812520699025423,0.8812520699025423,0.8812520699025423
2014-04-13 06:27:00,13.665999999999999,0.3041306118731985,1,0.8781420118272028,0.8781420118272028,0.8781420118272028
2014-04-13 06:32:00,12.998,0.3483853185122913,1,0.8749641993825149,0.8749641993825149,0.8749641993825149
2014-04-13 06:37:00,14.374,0.4390292039555779,1,0.8717174097508009,0.8717174097508009,0.8717174097508009
2014-04-13 06:42:00,13.665999999999999,0.29617759208820305,1,0.8684004100638634,0.8684004100638634,0.8684004100638634
2014-04-13 06:47:00,13.706,0.30166833087785266,1,0.8650119579429126,0.8650119579429126,0.8650119579429126
2014-04-13 06:52:00,76.23,1.0,1,0.8615508020755978,0.8615508020755978,0.8615508020755978
2014-04-13 06:57:00,65.835,0.5495705678333513,1,0.8580156828312717,0.8580156828312717,0.8580156828312717
2014-04-13 07:02:00,21.666,0.2788859933034413,1,0.854405332915637,0.854405332915637,0.854405332915637
2014-04-13 07:07:00,17.668,0.27511268359235674,1,0.8507184780658686,0.8507184780658686,0.8507184780658686
2014-04-13 07:12:00,16.668,0.2790583217357244,1,0.8469538377873326,0.8469538377873326,0.8469538377873326
2014-04-13 07:17:00,16.666,0.27880194940434244,1,0.8431101261329635,0.8431101261329635,0.8431101261329635
2014-04-13 07:22:00,15.668,0.28288624388965283,1,0.8391860525263521,0.8391860525263521,0.8391860525263521
2014-04-13 07:27:00,17.0,0.2765885869066125,1,0.8351803226295599,0.8351803226295599,0.8351803226295599
2014-04-13 07:32:00,15.665999999999999,0.28247431174476656,1,0.8310916392566403,0.8310916392566403,0.8310916392566403
2014-04-13 07:37:00,16.296,0.2791603557437221,1,0.8269187033337926,0.8269187033337926,0.8269187033337926
2014-04-13 07:42:00,16.336,0.2787012746018822,1,0.8226602149070443,0.8226602149070443,0.8226602149070443
2014-04-13 07:47:00,16.668,0.27682110166352536,1,0.8183148741982842,0.8183148741982842,0.8183148741982842
2014-04-13 07:52:00,17.334,0.27329344215509943,1,0.8138813827104135,0.8138813827104135,0.8138813827104135
2014-04-13 07:57:00,18.334,0.2697714278007628,1,0.8093584443823231,0.8093584443823231,0.8093584443823231
2014-04-13 08:02:00,16.652,0.2769195240936861,1,0.8047447667943036,0.8047447667943036,0.8047447667943036
2014-04-13 08:07:00,16.0,0.28025295282259777,1,0.8000390624244499,0.8000390624244499,0.80003906242445
2014-04-13 08:12:00,16.738,0.27585201797616343,1,0.7952400499564912,0.7952400499564912,0.7952400499564912
2014-04-13 08:17:00,16.62,0.27634387962595114,1,0.7903464556394151,0.7903464556394151,0.7903464556394151
2014-04-13 08:22:00,16.336,0.2778102481516932,1,0.7853570146991236,0.7853570146991236,0.7853570146991236
2014-04-13 08:27:00,16.668,0.2755940733182441,1,0.7802704728022559,0.7802704728022559,0.7802704728022559
2014-04-13 08:32:00,16.012,0.2794543484356291,1,0.775085587572197,0.775085587572197,0.775085587572197
2014-04-13 08:37:00,16.0,0.2792544861533373,1,0.7698011301571411,0.7698011301571411,0.7698011301571411
2014-04-13 08:42:00,17.018,0.2724321788049732,1,0.7644158868499645,0.7644158868499645,0.7644158868499645
2014-04-13 08:47:00,16.334,0.2768483911907191,1,0.7589286607594986,0.7589286607594986,0.7589286607594986
2014-04-13 08:52:00,16.392,0.2762502002581975,1,0.7533382735326392,0.7533382735326392,0.7533382735326392
2014-04-13 08:57:00,15.958,0.2790886177253629,1,0.7476435671265776,0.7476435671265776,0.7476435671265776
2014-04-13 09:02:00,17.0,0.2714116261097362,1,0.7418434056302476,0.7418434056302476,0.7418434056302476
2014-04-13 09:07:00,16.334,0.2761940319950826,1,0.7359366771339131,0.7359366771339131,0.7359366771339131
2014-04-13 09:12:00,17.0,0.2710399860788469,1,0.7299222956456326,0.7299222956456326,0.7299222956456326
2014-04-13 09:17:00,17.0,0.2709866701863122,1,0.7237992030531304,0.7237992030531304,0.7237992030531304
2014-04-13 09:22:00,16.334,0.2761629312220876,1,0.7175663711294089,0.7175663711294089,0.7175663711294089
2014-04-13 09:27:00,16.334,0.2759764888032212,1,0.7112228035802163,0.7112228035802163,0.7112228035802163
2014-04-13 09:32:00,17.012,0.27020275889305995,1,0.7047675381312716,0.7047675381312716,0.7047675381312716
2014-04-13 09:37:00,16.334,0.2759087581981456,1,0.698199648652917,0.698199648652917,0.698199648652917
2014-04-13 09:42:00,16.32,0.275851358346247,1,0.6915182473196357,0.6915182473196357,0.6915182473196357
2014-04-13 09:47:00,16.334,0.2755478064043589,1,0.6847224868016417,0.6847224868016417,0.6847224868016417
2014-04-13 09:52:00,16.668,0.2723216642710179,1,0.6778115624854981,0.6778115624854981,0.6778115624854981
2014-04-13 09:57:00,16.666,0.27225423408427385,1,0.6707847147204784,0.6707847147204784,0.6707847147204784
2014-04-13 10:02:00,16.392,0.2748062964966138,1,0.6636412310871366,0.6636412310871366,0.6636412310871366
2014-04-13 10:07:00,16.298,0.27558692379905386,1,0.6563804486842948,0.6563804486842948,0.6563804486842948
2014-04-13 10:12:00,16.334,0.27504984470422245,1,0.6490017564304146,0.6490017564304146,0.6490017564304146
2014-04-13 10:17:00,16.666,0.2714476024432429,1,0.6415045973750478,0.6415045973750478,0.6415045973750478
2014-04-13 10:22:00,16.67,0.2713414655376328,1,0.6338884710158347,0.6338884710158347,0.6338884710158347
2014-04-13 10:27:00,16.334,0.2749499830764189,1,0.6261529356162405,0.6261529356162405,0.6261529356162405
2014-04-13 10:32:00,16.336,0.27477310672002725,1,0.6182976105190017,0.6182976105190017,0.6182976105190017
2014-04-13 10:37:00,16.666,0.2708345543008837,1,0.6103221784499866,0.6103221784499866,0.6103221784499866
2014-04-13 10:42:00,16.666,0.2707864774741865,1,0.6022263878069634,0.6022263878069634,0.6022263878069634
2014-04-13 10:47:00,16.042,0.2783113309543268,1,0.5940100549275251,0.5940100549275251,0.5940100549275251
2014-04-13 10:52:00,16.334,0.27441939649159103,1,0.5856730663302101,0.5856730663302101,0.5856730663302101
2014-04-13 10:57:00,16.334,0.2742789119447045,1,0.5772153809226541,0.5772153809226541,0.5772153809226541
2014-04-13 11:02:00,16.336,0.2741159315668049,1,0.5686370321704082,0.5686370321704082,0.5686370321704082
2014-04-13 11:07:00,16.988,0.2725901877480183,1,0.5599381302198818,0.5599381302198818,0.5599381302198818
2014-04-13 11:12:00,16.666,0.2697816775516099,1,0.551118863968718,0.551118863968718,0.551118863968718
2014-04-13 11:17:00,16.0,0.2791744776655813,1,0.5421795030767389,0.5421795030767389,0.5421795030767389
2014-04-13 11:22:00,16.668,0.2692333120420615,1,0.5331203999105024,0.5331203999105024,0.5331203999105024
2014-04-13 11:27:00,16.656,0.2694022697148993,1,0.5239419914143904,0.5239419914143904,0.5239419914143904
2014-04-13 11:32:00,16.352,0.2739995808711316,1,0.5146448009010722,0.5146448009010722,0.5146448009010722
2014-04-13 11:37:00,16.002,0.2793746832820954,1,0.5052294397541363,0.5052294397541363,0.5052294397541363
2014-04-13 11:42:00,16.668,0.2694526524607018,1,0.4956966090356518,0.4956966090356518,0.4956966090356518
2014-04-13 11:47:00,16.0,0.2794282772377543,1,0.4860471009914186,0.4860471009914186,0.4860471009914186
2014-04-13 11:52:00,16.002,0.2791191032135645,1,0.4762818004467008,0.4762818004467008,0.4762818004467008
2014-04-13 11:57:00,17.0,0.2762614701533035,1,0.4664016860852872,0.4664016860852872,0.46640168608528715
2014-04-13 12:02:00,16.336,0.2735335406151313,1,0.4564078316048284,0.4564078316048284,0.4564078316048284
2014-04-13 12:07:00,16.666,0.27042710804618997,1,0.4463014067415162,0.4463014067415162,0.4463014067415162
2014-04-13 12:12:00,16.0,0.27992106541582096,1,0.43608367815732907,0.43608367815732907,0.43608367815732907
2014-04-13 12:17:00,15.998,0.27967105945306403,1,0.4257560101832722,0.4257560101832722,0.4257560101832722
2014-04-13 12:22:00,16.334,0.2727649478517193,1,0.4153198654122592,0.4153198654122592,0.4153198654122592
2014-04-13 12:27:00,16.0,0.2794222778937669,1,0.4047768051355599,0.4047768051355599,0.40477680513555986
2014-04-13 12:32:00,16.666,0.2724563222847289,1,0.3941284896170315,0.3941284896170315,0.3941284896170315
2014-04-13 12:37:00,15.63,0.2876010806619641,1,0.3833766781996968,0.3833766781996968,0.38337667819969684
2014-04-13 12:42:00,17.392,0.2893934173954331,1,0.3725232292396011,0.3725232292396011,0.37252322923960113
2014-04-13 12:47:00,17.33,0.2873982211212427,1,0.3615700998623003,0.3615700998623003,0.3615700998623003
2014-04-13 12:52:00,16.0,0.2814103944800035,1,0.3505193455377616,0.3505193455377616,0.3505193455377616
2014-04-13 12:57:00,16.668,0.27236740926589564,1,0.3393731194699553,0.3393731194699553,0.33937311946995535
2014-04-13 13:02:00,16.605999999999998,0.2708063957307583,1,0.3281336717979126,0.3281336717979126,0.3281336717979126
2014-04-13 13:07:00,16.38,0.2726214310655791,1,0.31680334860557313,0.31680334860557313,0.31680334860557313
2014-04-13 13:12:00,17.668,0.29833019363954577,1,0.3053845907383164,0.3053845907383164,0.30538459073831636
2014-04-13 13:17:00,15.668,0.2927421222532544,1,0.2938799324246658,0.2938799324246658,0.2938799324246658
2014-04-13 13:22:00,16.668,0.2724046732448288,1,0.2822919997022824,0.2822919997022824,0.2822919997022824
2014-04-13 13:27:00,15.655999999999999,0.29318767660772715,1,0.2706235086480017,0.2706235086480017,0.27062350864800166
2014-04-13 13:32:00,16.65,0.2731159944172649,1,0.2588772634123381,0.2588772634123381,0.2588772634123381
2014-04-13 13:37:00,16.332,0.2738094457270457,1,0.2470561540595541,0.24705615405955406,0.24705615405955403
2014-04-13 13:42:00,16.666,0.27382955808184184,1,0.2351631542150905,0.23516315421509046,0.23516315421509043
2014-04-13 13:47:00,15.998,0.2841139248782233,1,0.22320131852285,0.22320131852285002,0.22320131852285
2014-04-13 13:52:00,16.67,0.2747181284622666,1,0.21117377991553385,0.21117377991553385,0.21117377991553385
2014-04-13 13:57:00,17.002,0.2850906473281623,1,0.19908374670194548,0.19908374670194548,0.19908374670194548
2014-04-13 14:02:00,16.317999999999998,0.2752205285670367,1,0.18693449947587704,0.18693449947587704,0.18693449947587706
2014-04-13 14:07:00,16.332,0.2745979274406397,1,0.17472938785189635,0.17472938785189635,0.17472938785189635
2014-04-13 14:12:00,16.334,0.27438526553238024,1,0.1624718270340452,0.1624718270340452,0.1624718270340452
2014-04-13 14:17:00,17.0,0.2867955236922872,1,0.15016529422413588,0.15016529422413588,0.15016529422413588
2014-04-13 14:22:00,15.668,0.2995649278366579,1,0.13781332487698894,0.13781332487698894,0.13781332487698894
2014-04-13 14:27:00,17.334,0.3008614609871661,1,0.12541950881059705,0.12541950881059705,0.12541950881059705
2014-04-13 14:32:00,16.668,0.2745720647463709,1,0.1129874861798024,0.1129874861798024,0.11298748617980241
2014-04-13 14:37:00,16.666,0.27435181796812874,1,0.1005209433226653,0.1005209433226653,0.1005209433226653
2014-04-13 14:42:00,16.002,0.2896585931410734,1,0.08802360848923628,0.08802360848923628,0.08802360848923627
2014-04-13 14:47:00,17.0,0.2889012592972069,1,0.07549924746296394,0.07549924746296394,0.07549924746296394
2014-04-13 14:52:00,15.684000000000001,0.3041961628830489,1,0.06295165908543503,0.06295165908543503,0.06295165908543503
2014-04-13 14:57:00,17.0,0.29053081107600104,1,0.05038467069556171,0.05038467069556171,0.05038467069556171
2014-04-13 15:02:00,16.018,0.2901322338934953,1,0.03780213349472245,0.03780213349472245,0.03780213349472245
2014-04-13 15:07:00,16.666,0.2767027183615867,1,0.025207917849680732,0.02520791784968073,0.025207917849680732
2014-04-13 15:12:00,16.0,0.29131561846782644,1,0.01260590854538776,0.01260590854538776,0.01260590854538776
2014-04-13 15:17:00,17.046,0.2956146448667433,0,-0.0013749283898922796,-0.002749856779784559,-0.0013749283898922794
2014-04-13 15:22:00,15.958,0.2945941632368337,0,-0.002749427226526285,-0.00549885445305257,-0.002749427226526285
2014-04-13 15:27:00,16.31,0.27666248356359363,0,-0.00412306749327775,-0.008246134986555497,-0.004123067493277749
2014-04-13 15:32:00,17.0,0.2955563998881776,0,-0.005495421245366803,-0.010990842490733605,-0.005495421245366803
2014-04-13 15:37:00,17.0,0.2947609249432682,0,-0.006866062142226371,-0.013732124284452744,-0.006866062142226371
2014-04-13 15:42:00,16.0,0.2957771246615068,0,-0.0082345659756249,-0.0164691319512498,-0.0082345659756249
2014-04-13 15:47:00,17.384,0.3173610360897763,0,-0.009600511192157338,-0.019201022384314675,-0.009600511192157338
2014-04-13 15:52:00,16.288,0.28206373325644185,0,-0.010963479408745123,-0.02192695881749025,-0.010963479408745124
2014-04-13 15:57:00,16.666,0.27665679895413264,0,-0.012323055919816394,-0.024646111839632792,-0.012323055919816394
2014-04-13 16:02:00,16.334,0.279854194935651,0,-0.013678830194875577,-0.02735766038975115,-0.013678830194875575
2014-04-13 16:07:00,17.0,0.2967740121892831,0,-0.015030396365214575,-0.030060792730429158,-0.015030396365214577
2014-04-13 16:12:00,16.002,0.3012556600781845,0,-0.016377353698564974,-0.03275470739712995,-0.016377353698564974
2014-04-13 16:17:00,17.0,0.2981841485109747,0,-0.017719307060545125,-0.03543861412109025,-0.017719307060545125
2014-04-13 16:22:00,16.334,0.2815525889926555,0,-0.019055867361812605,-0.03811173472362521,-0.019055867361812605
2014-04-13 16:27:00,17.668,0.3441541017726286,0,-0.02038665198989534,-0.04077330397979068,-0.02038665198989534
2014-04-13 16:32:00,16.724,0.27736338267864896,0,-0.02171128522473944,-0.04342257044947888,-0.02171128522473944
2014-04-13 16:37:00,15.954,0.3110701200306541,0,-0.023029398637082053,-0.046058797274164114,-0.023029398637082053
2014-04-13 16:42:00,17.0,0.29778318225234385,0,-0.024340631468828842,-0.04868126293765767,-0.024340631468828835
2014-04-13 16:47:00,16.666,0.2742890409269098,0,-0.02564463099469025,-0.05128926198938051,-0.025644630994690255
2014-04-13 16:52:00,15.665999999999999,0.3349609320072178,0,-0.02694105286440801,-0.05388210572881602,-0.02694105286440801
2014-04-13 16:57:00,17.332,0.3251695435067055,0,-0.02822956142498057,-0.05645912284996114,-0.028229561424980572
2014-04-13 17:02:00,16.668,0.2748179358614027,0,-0.029509830022376136,-0.05901966004475227,-0.02950983002237614
2014-04-13 17:07:00,16.7,0.2769296676118503,0,-0.03078154128230151,-0.06156308256460302,-0.03078154128230151
2014-04-13 17:12:00,17.332,0.3249068494199991,0,-0.032044387369675,-0.06408877473935,-0.032044387369675
2014-04-13 17:17:00,16.0,0.3166049296637015,0,-0.03329807022653193,-0.06659614045306386,-0.03329807022653193
2014-04-13 17:22:00,17.334,0.32601868757737723,0,-0.03454230178816973,-0.06908460357633947,-0.03454230178816974
2014-04-13 17:27:00,17.044,0.3002004817355382,0,-0.035776804177418166,-0.07155360835483633,-0.03577680417741816
2014-04-13 17:32:00,16.724,0.2741792619725326,0,-0.03700130987699654,-0.07400261975399308,-0.03700130987699654
2014-04-13 17:37:00,16.29,0.2983058946285015,0,-0.038215561879994704,-0.07643112375998941,-0.038215561879994704
2014-04-13 17:42:00,17.0,0.2982622095432627,0,-0.03941931381858645,-0.0788386276371729,-0.03941931381858645
2014-04-13 17:47:00,16.052,0.3204099757038353,0,-0.04061233007115477,-0.08122466014230953,-0.040612330071154765
2014-04-13 17:52:00,17.0,0.3003450970969337,0,-0.04179438584807474,-0.08358877169614948,-0.04179438584807474
2014-04-13 17:57:00,17.0,0.2993566943067697,0,-0.042965267256464386,-0.08593053451292877,-0.042965267256464386
2014-04-13 18:02:00,16.317999999999998,0.2992957754395446,0,-0.04412477134427405,-0.0882495426885481,-0.04412477134427405
2014-04-13 18:07:00,16.998,0.3004593684683621,0,-0.045272706124142484,-0.09054541224828497,-0.04527270612414248
2014-04-13 18:12:00,16.998,0.2994660920512043,0,-0.04640889057750087,-0.09281778115500174,-0.04640889057750087
2014-04-13 18:17:00,17.002,0.2988994909520559,0,-0.04753315463945615,-0.0950663092789123,-0.04753315463945615
2014-04-13 18:22:00,16.0,0.3377631665170025,0,-0.048645339165029874,-0.09729067833005976,-0.048645339165029874
2014-04-13 18:27:00,16.378,0.2959763613357735,0,-0.04974529587737142,-0.09949059175474284,-0.04974529587737142
2014-04-13 18:32:00,16.622,0.2713904473883821,0,-0.05083288729860108,-0.10166577459720216,-0.050832887298601075
2014-04-13 18:37:00,15.634,0.3772518002343258,0,-0.051907986663972665,-0.10381597332794533,-0.051907986663972665
2014-04-13 18:42:00,16.684,0.2773188689183333,0,-0.05297047782007388,-0.10594095564014776,-0.05297047782007388
2014-04-13 18:47:00,16.0,0.3307220346163407,0,-0.054020255107808585,-0.10804051021561717,-0.054020255107808585
2014-04-13 18:52:00,15.984000000000002,0.3296094333967383,0,-0.055057223230925885,-0.11011444646185177,-0.05505722323092589
2014-04-13 18:57:00,17.038,0.3202969654268039,0,-0.05608129711087822,-0.11216259422175644,-0.05608129711087822
2014-04-13 19:02:00,16.332,0.2927470604434572,0,-0.057092401728804434,-0.11418480345760887,-0.05709240172880444
2014-04-13 19:07:00,15.668,0.3674923462929484,0,-0.05809047195544253,-0.11618094391088506,-0.05809047195544252
2014-04-13 19:12:00,17.002,0.3205942849387309,0,-0.059075452369783885,-0.11815090473956776,-0.059075452369783885
2014-04-13 19:17:00,15.668,0.36437300511024734,0,-0.060047297067282485,-0.12009459413456496,-0.060047297067282485
2014-04-13 19:22:00,16.334,0.2847763927939256,0,-0.06100596945843206,-0.12201193891686413,-0.06100596945843206
2014-04-13 19:27:00,16.332,0.2845564896048303,0,-0.06195144205852041,-0.12390288411704085,-0.06195144205852041
2014-04-13 19:32:00,16.334,0.2839183617292108,0,-0.0628836962693629,-0.1257673925387258,-0.0628836962693629
2014-04-13 19:37:00,16.977999999999998,0.3264709461866417,0,-0.06380272215380746,-0.12760544430761492,-0.06380272215380746
2014-04-13 19:42:00,16.666,0.28779884550324697,0,-0.06470851820379159,-0.12941703640758315,-0.06470851820379159
2014-04-13 19:47:00,16.0,0.3276552674270506,0,-0.06560109110271665,-0.1312021822054333,-0.06560109110271665
2014-04-13 19:52:00,16.055999999999994,0.3181559079246373,0,-0.066480455482888,-0.132960910965776,-0.066480455482888
2014-04-13 19:57:00,16.29,0.2880501508401362,0,-0.06734663367875082,-0.13469326735750164,-0.06734663367875082
2014-04-13 20:02:00,16.666,0.2947220368632465,0,-0.06819965547663115,-0.1363993109532623,-0.06819965547663115
2014-04-13 20:07:00,15.334000000000001,0.4189304582359617,0,-0.06903955786166811,-0.13807911572333625,-0.06903955786166811
2014-04-13 20:12:00,16.68,0.3004878521082838,0,-0.06986638476260161,-0.13973276952520322,-0.06986638476260161
2014-04-13 20:17:00,16.336,0.2780880405950715,0,-0.07068018679505289,-0.14136037359010578,-0.07068018679505289
2014-04-13 20:22:00,17.352,0.3893060327127458,0,-0.07148102100391124,-0.14296204200782248,-0.07148102100391124
2014-04-13 20:27:00,16.666,0.29240749512455394,0,-0.0722689506054118,-0.1445379012108236,-0.0722689506054118
2014-04-13 20:32:00,16.334,0.2846162919705975,0,-0.07304404472946338,-0.14608808945892676,-0.07304404472946338
2014-04-13 20:37:00,15.99,0.3272464485557554,0,-0.0738063781627561,-0.1476127563255122,-0.0738063781627561
2014-04-13 20:42:00,16.334,0.2814647688955767,0,-0.07455603109315125,-0.1491120621863025,-0.07455603109315125
2014-04-13 20:47:00,15.998,0.3243639949574532,0,-0.07529308885582663,-0.15058617771165325,-0.07529308885582663
2014-04-13 20:52:00,16.674,0.30180097016103125,0,-0.07601764168162238,-0.15203528336324476,-0.07601764168162238
2014-04-13 20:57:00,16.285999999999998,0.2865271143166772,0,-0.07672978444800367,-0.15345956889600734,-0.07672978444800367
2014-04-13 21:02:00,16.674,0.3024922558590031,0,-0.07742961643302831,-0.15485923286605666,-0.07742961643302831
2014-04-13 21:07:00,16.0,0.3281024792881048,0,-0.07811724107267896,-0.15623448214535793,-0.07811724107267896
2014-04-13 21:12:00,16.334,0.2789070549006813,0,-0.07879276572189269,-0.15758553144378534,-0.07879276572189269
2014-04-13 21:17:00,16.666,0.30502776200706844,0,-0.07945630141959244,-0.15891260283918487,-0.07945630141959244
2014-04-13 21:22:00,17.0,0.35476594308009746,0,-0.08010796265799926,-0.16021592531599851,-0.08010796265799926
2014-04-13 21:27:00,16.706,0.3050769084730774,0,-0.08074786715647758,-0.16149573431295516,-0.08074786715647757
2014-04-13 21:32:00,16.302,0.29129378542302203,0,-0.08137613564014047,-0.16275227128028094,-0.08137613564014047
2014-04-13 21:37:00,16.0,0.33703227976865313,0,-0.08199289162341822,-0.16398578324683644,-0.08199289162341823
2014-04-13 21:42:00,16.666,0.30338620537268235,0,-0.08259826119876837,-0.16519652239753674,-0.08259826119876838
2014-04-13 21:47:00,16.332,0.2850287822588509,0,-0.08319237283068404,-0.16638474566136807,-0.08319237283068404
2014-04-13 21:52:00,16.668,0.3042951054940697,0,-0.08377535715513414,-0.16755071431026827,-0.08377535715513414
2014-04-13 21:57:00,17.002,0.3594205807671085,0,-0.08434734678454935,-0.1686946935690987,-0.08434734678454935
2014-04-13 22:02:00,16.064,0.33399895924880896,0,-0.08490847611844599,-0.16981695223689197,-0.084908476118446
2014-04-13 22:07:00,16.95,0.3483987722764994,0,-0.08545888115976279,-0.17091776231952555,-0.08545888115976279
2014-04-13 22:12:00,15.665999999999999,0.4042430761506121,0,-0.08599869933696516,-0.17199739867393032,-0.08599869933696516
2014-04-13 22:17:00,16.666,0.30191995799414345,0,-0.08652806933195674,-0.17305613866391348,-0.08652806933195674
2014-04-13 22:22:00,16.355999999999998,0.2826985850775971,0,-0.0870471309138197,-0.1740942618276394,-0.0870471309138197
2014-04-13 22:27:00,17.328,0.4153727588747896,0,-0.0875560247783913,-0.1751120495567826,-0.0875560247783913
2014-04-13 22:32:00,16.68,0.29589288683134524,0,-0.08805489239366927,-0.17610978478733855,-0.08805489239366927
2014-04-13 22:37:00,16.666,0.2930047112848758,0,-0.08854387585102565,-0.1770877517020513,-0.08854387585102565
2014-04-13 22:42:00,16.998,0.3449701815375603,0,-0.08902311772219591,-0.17804623544439185,-0.08902311772219591
2014-04-13 22:47:00,16.666,0.28855633997904445,0,-0.0894927609219988,-0.1789855218439976,-0.0894927609219988
2014-04-13 22:52:00,16.006,0.3539783655389872,0,-0.08995294857673165,-0.1799058971534633,-0.08995294857673165
2014-04-13 22:57:00,16.715999999999998,0.29961579266665256,0,-0.0904038238981761,-0.1808076477963522,-0.0904038238981761
2014-04-13 23:02:00,15.63,0.4194554397969122,0,-0.09084553006314032,-0.18169106012628064,-0.09084553006314032
2014-04-13 23:07:00,16.666,0.2958670166827822,0,-0.09127821009845556,-0.1825564201969111,-0.09127821009845555
2014-04-13 23:12:00,18.334,0.5827051298304393,0,-0.09170200677133708,-0.18340401354267416,-0.09170200677133708
2014-04-13 23:17:00,16.666,0.2784198435801113,0,-0.09211706248501393,-0.18423412497002786,-0.09211706248501393
2014-04-13 23:22:00,16.666,0.2781725565829125,0,-0.09252351917952477,-0.18504703835904954,-0.09252351917952477
2014-04-13 23:27:00,16.046,0.33510405619697603,0,-0.09292151823757257,-0.1858430364751451,-0.09292151823757255
2014-04-13 23:32:00,16.285999999999998,0.3015983587557673,0,-0.09331120039532642,-0.18662240079065284,-0.09331120039532642
2014-04-13 23:37:00,16.332,0.2948364656250714,0,-0.0936927056580541,-0.1873854113161082,-0.0936927056580541
2014-04-13 23:42:00,16.0,0.3376285974016292,0,-0.09406617322046608,-0.18813234644093216,-0.09406617322046609
2014-04-13 23:47:00,17.0,0.33154106596050864,0,-0.09443174139164902,-0.18886348278329804,-0.09443174139164902
2014-04-13 23:52:00,16.0,0.3379151761305834,0,-0.0947895475244637,-0.1895790950489274,-0.0947895475244637
2014-04-13 23:57:00,16.436,0.2776564211293361,0,-0.0951397279492816,-0.1902794558985632,-0.0951397279492816
2014-04-14 00:02:00,15.668,0.3837924745445515,0,-0.09548241791193186,-0.19096483582386373,-0.09548241791193186
2014-04-14 00:07:00,17.0,0.33800295058623503,0,-0.09581775151573027,-0.19163550303146054,-0.09581775151573028
2014-04-14 00:12:00,16.334,0.2879483786222068,0,-0.09614586166746077,-0.19229172333492156,-0.09614586166746077
2014-04-14 00:17:00,17.0,0.3372321260704768,0,-0.09646688002718044,-0.1929337600543609,-0.09646688002718043
2014-04-14 00:22:00,16.336,0.2905501340371297,0,-0.09678093696171833,-0.19356187392343666,-0.09678093696171833
2014-04-14 00:27:00,16.666,0.29056715699323393,0,-0.09708816150173996,-0.1941763230034799,-0.09708816150173995
2014-04-14 00:32:00,16.332,0.292112175763198,0,-0.09738868130224887,-0.19477736260449774,-0.09738868130224888
2014-04-14 00:37:00,16.332,0.2914428785805441,0,-0.09768262260639923,-0.19536524521279847,-0.09768262260639923
2014-04-14 00:42:00,16.355999999999998,0.2874085388996652,0,-0.09797011021249304,-0.19594022042498607,-0.09797011021249304
2014-04-14 00:47:00,17.0,0.3460472482635031,0,-0.09825126744403867,-0.1965025348880773,-0.09825126744403867
2014-04-14 00:52:00,16.002,0.34424128298497736,0,-0.0985262161227481,-0.1970524322454962,-0.0985262161227481
2014-04-14 00:57:00,17.01,0.3471233921188589,0,-0.09879507654435242,-0.19759015308870484,-0.09879507654435242
2014-04-14 01:02:00,15.38,0.4471072097769471,0,-0.09905796745711752,-0.19811593491423504,-0.09905796745711752
2014-04-14 01:07:00,16.282,0.29079004419575155,0,-0.09931500604294363,-0.1986300120858873,-0.09931500604294365
2014-04-14 01:12:00,17.334,0.3953733168369474,0,-0.0995663079009353,-0.1991326158018706,-0.0995663079009353
2014-04-14 01:17:00,17.0,0.3354175736994172,0,-0.09981198703332993,-0.19962397406665985,-0.09981198703332991
2014-04-14 01:22:00,16.002,0.3359969748000501,0,-0.10005215583367676,-0.2001043116673535,-0.10005215583367676
2014-04-14 01:27:00,16.666,0.29115167850891804,0,-0.10028692507715978,-0.2005738501543196,-0.10028692507715978
2014-04-14 01:32:00,17.016,0.33859595449284163,0,-0.10051640391296104,-0.2010328078259221,-0.10051640391296104
2014-04-14 01:37:00,17.0,0.3327478328821669,0,-0.10074069985856386,-0.20148139971712767,-0.10074069985856386
2014-04-14 01:42:00,16.334,0.29679030149744184,0,-0.1009599187958977,-0.2019198375917954,-0.1009599187958977
2014-04-14 01:47:00,16.372,0.2907765370552945,0,-0.10117416496922996,-0.20234832993845991,-0.10117416496922996
2014-04-14 01:52:00,16.332,0.2957183181664277,0,-0.10138354098471183,-0.2027670819694237,-0.10138354098471185
2014-04-14 01:57:00,16.666,0.28923360378055346,0,-0.1015881478114892,-0.20317629562297845,-0.10158814781148921
2014-04-14 02:02:00,16.334,0.2963311435381275,0,-0.10178808478429152,-0.20357616956858304,-0.10178808478429152
2014-04-14 02:07:00,16.998,0.34198044291981033,0,-0.10198344960741516,-0.20396689921483036,-0.10198344960741516
2014-04-14 02:12:00,17.0,0.3383867225919548,0,-0.10217433836002003,-0.2043486767200401,-0.10217433836002004
2014-04-14 02:17:00,16.334,0.3026267787551816,0,-0.10236084550266134,-0.20472169100532267,-0.10236084550266134
2014-04-14 02:22:00,16.97,0.3331915319795876,0,-0.1025430638849808,-0.20508612776996166,-0.10254306388498081
2014-04-14 02:27:00,16.666,0.2825983068857479,0,-0.10272108475448508,-0.20544216950897015,-0.10272108475448509
2014-04-14 02:32:00,16.336,0.3063129195481847,0,-0.10289499776634088,-0.20578999553268176,-0.10289499776634088
2014-04-14 02:37:00,17.0,0.33937887444995835,0,-0.10306489099411972,-0.20612978198823945,-0.10306489099411971
2014-04-14 02:42:00,16.334,0.3089793891095796,0,-0.10323085094142744,-0.20646170188285487,-0.10323085094142744
2014-04-14 02:47:00,15.664000000000001,0.428805844703562,0,-0.1033929625543566,-0.2067859251087132,-0.10339296255435661
2014-04-14 02:52:00,16.668,0.28917079418425873,0,-0.1035513092347016,-0.20710261846940325,-0.10355130923470161
2014-04-14 02:57:00,16.334,0.29943199481052457,0,-0.10370597285387986,-0.20741194570775973,-0.10370597285387986
2014-04-14 03:02:00,16.0,0.3539858806944873,0,-0.10385703376750394,-0.20771406753500787,-0.10385703376750394
2014-04-14 03:07:00,16.044,0.34122169560426,0,-0.10400457083055246,-0.20800914166110493,-0.10400457083055246
2014-04-14 03:12:00,17.294,0.4045252269931373,0,-0.10414866141308952,-0.20829732282617905,-0.10414866141308951
2014-04-14 03:17:00,16.0,0.34724495481733125,0,-0.1042893814164847,-0.2085787628329694,-0.1042893814164847
2014-04-14 03:22:00,17.0,0.3453419573084451,0,-0.1044268052900882,-0.20885361058017646,-0.10442680529008821
2014-04-14 03:27:00,16.334,0.295190604282712,0,-0.10456100604831736,-0.20912201209663472,-0.10456100604831736
2014-04-14 03:32:00,17.332,0.4002798018947322,0,-0.10469205528811278,-0.20938411057622555,-0.10469205528811278
2014-04-14 03:37:00,15.72,0.3944465932745649,0,-0.10482002320672512,-0.20964004641345024,-0.10482002320672511
2014-04-14 03:42:00,16.666,0.2899455065943724,0,-0.10494497861979436,-0.20988995723958875,-0.10494497861979436
2014-04-14 03:47:00,15.668,0.39476206390721497,0,-0.1050669889796862,-0.2101339779593724,-0.10506698897968621
2014-04-14 03:52:00,16.336,0.2867727808710115,0,-0.1051861203940513,-0.2103722407881026,-0.1051861203940513
2014-04-14 03:57:00,16.334,0.2865520873192396,0,-0.10530243764457548,-0.21060487528915092,-0.10530243764457548
2014-04-14 04:02:00,16.33,0.2866221846598828,0,-0.1054160042058903,-0.2108320084117806,-0.1054160042058903
2014-04-14 04:07:00,16.334,0.2855678797394764,0,-0.10552688226461507,-0.21105376452923014,-0.10552688226461507
2014-04-14 04:12:00,16.317999999999998,0.2874413618971428,0,-0.10563513273850296,-0.2112702654770059,-0.10563513273850295
2014-04-14 04:17:00,16.372,0.27894165632733103,0,-0.10574081529566552,-0.21148163059133104,-0.10574081529566552
2014-04-14 04:22:00,16.666,0.30381566839149066,0,-0.1058439883738514,-0.2116879767477028,-0.10584398837385141
2014-04-14 04:27:00,16.666,0.3026732131004318,0,-0.10594470919975583,-0.21188941839951167,-0.10594470919975583
2014-04-14 04:32:00,16.668,0.3019103111378807,0,-0.10604303380833986,-0.21208606761667967,-0.10604303380833986
2014-04-14 04:37:00,15.334000000000001,0.4751525685170681,0,-0.10613901706213864,-0.2122780341242773,-0.10613901706213863
2014-04-14 04:42:00,17.0,0.3562423524461395,0,-0.10623271267053992,-0.21246542534107984,-0.10623271267053991
2014-04-14 04:47:00,16.042,0.3265118703030184,0,-0.10632417320901458,-0.21264834641802915,-0.10632417320901458
2014-04-14 04:52:00,16.652,0.3013935328370113,0,-0.106413450138283,-0.212826900276566,-0.10641345013828299
2014-04-14 04:57:00,16.002,0.3332165951565129,0,-0.10650059382340077,-0.2130011876468015,-0.10650059382340075
2014-04-14 05:02:00,16.002,0.3301426683460522,0,-0.10658565355275004,-0.21317130710550009,-0.10658565355275004
2014-04-14 05:07:00,16.334,0.2772011580514637,0,-0.10666867755692228,-0.21333735511384455,-0.10666867755692229
2014-04-14 05:12:00,16.664,0.3104934126110795,0,-0.10674971302747993,-0.21349942605495986,-0.10674971302747993
2014-04-14 05:17:00,16.334,0.2791859259855415,0,-0.10682880613558536,-0.2136576122711707,-0.10682880613558535
2014-04-14 05:22:00,16.334,0.27891757984233223,0,-0.10690600205048599,-0.213812004100972,-0.10690600205048599
2014-04-14 05:27:00,16.336,0.2783406624540527,0,-0.10698134495784584,-0.21396268991569167,-0.10698134495784584
2014-04-14 05:32:00,16.666,0.3143192025543731,0,-0.10705487807791376,-0.2141097561558275,-0.10705487807791375
2014-04-14 05:37:00,15.968,0.34503862592397244,0,-0.10712664368352033,-0.21425328736704066,-0.10712664368352033
2014-04-14 05:42:00,16.99,0.37612353553244704,0,-0.10719668311789544,-0.2143933662357909,-0.10719668311789544
2014-04-14 05:47:00,16.332,0.2821268791750855,0,-0.10726503681229912,-0.21453007362459825,-0.10726503681229912
2014-04-14 05:52:00,15.668,0.40260183386116016,0,-0.10733174430345968,-0.21466348860691933,-0.10733174430345967
2014-04-14 05:57:00,16.332,0.2753545295229425,0,-0.10739684425081288,-0.21479368850162572,-0.10739684425081288
2014-04-14 06:02:00,16.378,0.2699249546077015,0,-0.1074603744535371,-0.2149207489070742,-0.1074603744535371
2014-04-14 06:07:00,16.95,0.3707779133842033,0,-0.10752237186737956,-0.2150447437347591,-0.10752237186737955
2014-04-14 06:12:00,16.652,0.3100711242779993,0,-0.1075828726212695,-0.21516574524253898,-0.1075828726212695
2014-04-14 06:17:00,16.666,0.3110444517924053,0,-0.10764191203371476,-0.2152838240674295,-0.10764191203371475
2014-04-14 06:22:00,16.336,0.2837901921130213,0,-0.10769952462897804,-0.21539904925795605,-0.10769952462897803
2014-04-14 06:27:00,16.666,0.3113979215220303,0,-0.10775574415303067,-0.21551148830606134,-0.10775574415303069
2014-04-14 06:32:00,16.715999999999998,0.3191230734636167,0,-0.10781060358928106,-0.21562120717856206,-0.10781060358928106
2014-04-14 06:37:00,16.288,0.297132304114112,0,-0.10786413517407573,-0.21572827034815145,-0.10786413517407571
2014-04-14 06:42:00,16.666,0.3101821108899569,0,-0.10791637041197186,-0.2158327408239437,-0.10791637041197186
2014-04-14 06:47:00,16.666,0.3087220360156133,0,-0.10796734009077966,-0.2159346801815593,-0.10796734009077966
2014-04-14 06:52:00,16.334,0.292670554227741,0,-0.10801707429637347,-0.21603414859274692,-0.10801707429637347
2014-04-14 06:57:00,17.3,0.4485188836153735,0,-0.10806560242727152,-0.21613120485454304,-0.10806560242727152
2014-04-14 07:02:00,16.336,0.29685370237225306,0,-0.10811295320898336,-0.2162259064179667,-0.10811295320898336
2014-04-14 07:07:00,16.666,0.3001163382706178,0,-0.10815915470812547,-0.21631830941625094,-0.10815915470812548
2014-04-14 07:12:00,16.666,0.29913765256483565,0,-0.10820423434630484,-0.21640846869260968,-0.10820423434630483
2014-04-14 07:17:00,16.044,0.3587679536917745,0,-0.10824821891377084,-0.2164964378275417,-0.10824821891377083
2014-04-14 07:22:00,16.284000000000002,0.3054872523249514,0,-0.1082911345828367,-0.2165822691656734,-0.1082911345828367
2014-04-14 07:27:00,16.666,0.3047436681228577,0,-0.10833300692107062,-0.21666601384214124,-0.10833300692107062
2014-04-14 07:32:00,16.332,0.2974578499593918,0,-0.10837386090425796,-0.21674772180851595,-0.10837386090425796
2014-04-14 07:37:00,17.0,0.37688526419868107,0,-0.1084137209291358,-0.2168274418582716,-0.1084137209291358
2014-04-14 07:42:00,16.342,0.29895497273566163,0,-0.10845261082590107,-0.21690522165180212,-0.10845261082590107
2014-04-14 07:47:00,16.332,0.3000004013177138,0,-0.1084905538704938,-0.2169811077409876,-0.10849055387049379
2014-04-14 07:52:00,16.334,0.2986234938117485,0,-0.10852757279665734,-0.21705514559331468,-0.10852757279665734
2014-04-14 07:57:00,19.0,0.8141134992000372,0,-0.10856368980777722,-0.21712737961555445,-0.10856368980777722
2014-04-14 08:02:00,15.668,0.3743998583015102,0,-0.10859892658850058,-0.2171978531770012,-0.10859892658850058
2014-04-14 08:07:00,17.0,0.31523355613106024,0,-0.1086333043161382,-0.2172666086322764,-0.1086333043161382
2014-04-14 08:12:00,16.052,0.3254926896477731,0,-0.10866684367185148,-0.21733368734370295,-0.10866684367185149
2014-04-14 08:17:00,16.316,0.2938373020118295,0,-0.10869956485162637,-0.21739912970325276,-0.10869956485162637
2014-04-14 08:22:00,16.334,0.2911305964594089,0,-0.10873148757703653,-0.21746297515407306,-0.10873148757703653
2014-04-14 08:27:00,16.666,0.28358795930042546,0,-0.1087626311057985,-0.21752526221159701,-0.1087626311057985
2014-04-14 08:32:00,16.666,0.2831937285762897,0,-0.10879301424212093,-0.21758602848424186,-0.10879301424212091
2014-04-14 08:37:00,16.666,0.2828111492861333,0,-0.10882265534685044,-0.21764531069370088,-0.10882265534685044
2014-04-14 08:42:00,16.656,0.2812568031320283,0,-0.10885157234741716,-0.21770314469483432,-0.10885157234741716
2014-04-14 08:47:00,16.666,0.282142214948792,0,-0.10887978274758177,-0.2177595654951635,-0.10887978274758175
2014-04-14 08:52:00,16.0,0.3417691714102507,0,-0.10890730363698746,-0.21781460727397486,-0.10890730363698746
2014-04-14 08:57:00,16.666,0.2852839645146166,0,-0.10893415170051923,-0.2178683034010385,-0.10893415170051925
2014-04-14 09:02:00,16.668,0.2850949241582507,0,-0.108960343227473,-0.21792068645494603,-0.108960343227473
2014-04-14 09:07:00,16.666,0.2843930824606496,0,-0.10898589412053768,-0.21797178824107533,-0.10898589412053768
2014-04-14 09:12:00,16.334,0.2981725005766134,0,-0.10901081990459294,-0.21802163980918587,-0.10901081990459294
2014-04-14 09:17:00,16.332,0.2975560326795301,0,-0.1090351357353252,-0.2180702714706504,-0.10903513573532521
2014-04-14 09:22:00,16.664,0.2873570611913773,0,-0.10905885640766493,-0.21811771281532985,-0.10905885640766491
2014-04-14 09:27:00,17.334,0.3921400666198807,0,-0.10908199636404776,-0.2181639927280955,-0.10908199636404775
2014-04-14 09:32:00,16.002,0.3519276066939601,0,-0.10910456970250283,-0.2182091394050057,-0.10910456970250285
2014-04-14 09:37:00,16.666,0.2847480246895633,0,-0.1091265901845705,-0.21825318036914101,-0.1091265901845705
2014-04-14 09:42:00,17.04,0.3394735332096975,0,-0.10914807124305237,-0.21829614248610474,-0.10914807124305237
2014-04-14 09:47:00,16.288,0.3100954800097945,0,-0.10916902598959714,-0.2183380519791943,-0.10916902598959714
2014-04-14 09:52:00,16.682000000000002,0.28549276770752235,0,-0.10918946722212408,-0.21837893444424816,-0.10918946722212408
2014-04-14 09:57:00,16.334,0.3035274544141784,0,-0.10920940743208757,-0.2184188148641752,-0.10920940743208758
2014-04-14 10:02:00,16.648,0.2820574217439608,0,-0.1092288588115854,-0.2184577176231708,-0.10922885881158541
2014-04-14 10:07:00,16.002,0.3590768581205042,0,-0.10924783326031334,-0.21849566652062669,-0.10924783326031334
2014-04-14 10:12:00,17.35,0.4022655203949032,0,-0.10926634239236906,-0.2185326847847381,-0.10926634239236906
2014-04-14 10:17:00,16.0,0.3555617783322273,0,-0.1092843975429079,-0.2185687950858158,-0.1092843975429079
2014-04-14 10:22:00,16.666,0.2856156821371429,0,-0.10930200977465326,-0.21860401954930653,-0.10930200977465326
2014-04-14 10:27:00,18.332,0.567369356615337,0,-0.1093191898842644,-0.2186383797685288,-0.1093191898842644
2014-04-14 10:32:00,16.336,0.3037357421388848,0,-0.10933594840856414,-0.2186718968171283,-0.10933594840856414
2014-04-14 10:37:00,16.0,0.3443540655715506,0,-0.10935229563062923,-0.21870459126125846,-0.10935229563062923
2014-04-14 10:42:00,16.998,0.31618120600619665,0,-0.10936824158574593,-0.21873648317149186,-0.10936824158574592
2014-04-14 10:47:00,16.0,0.34386866799085364,0,-0.1093837960672334,-0.2187675921344668,-0.10938379606723339
2014-04-14 10:52:00,16.334,0.2981331805178548,0,-0.10939896863213756,-0.21879793726427516,-0.10939896863213756
2014-04-14 10:57:00,16.998,0.320803943478746,0,-0.1094137686067978,-0.2188275372135956,-0.10941376860679779
2014-04-14 11:02:00,16.336,0.2999826403008447,0,-0.10942820509228887,-0.21885641018457772,-0.10942820509228887
2014-04-14 11:07:00,16.668,0.27951040336567273,0,-0.10944228696974108,-0.21888457393948216,-0.10944228696974108
2014-04-14 11:12:00,16.666,0.2789831567810661,0,-0.10945602290554036,-0.2189120458110807,-0.10945602290554035
2014-04-14 11:17:00,16.666,0.27872040637581946,0,-0.10946942135641123,-0.21893884271282246,-0.10946942135641123
2014-04-14 11:22:00,17.0,0.3243196648933632,0,-0.1094824905743848,-0.2189649811487696,-0.1094824905743848
2014-04-14 11:27:00,16.622,0.2701104644875831,0,-0.10949523861165412,-0.21899047722330825,-0.10949523861165412
2014-04-14 11:32:00,16.714000000000002,0.2825273335051359,0,-0.1095076733253192,-0.2190153466506384,-0.1095076733253192
2014-04-14 11:37:00,16.332,0.3097423778286329,0,-0.10951980238202406,-0.21903960476404813,-0.10951980238202406
2014-04-14 11:42:00,16.358,0.3044090089744325,0,-0.10953163326248788,-0.21906326652497576,-0.10953163326248788
2014-04-14 11:47:00,15.964,0.3661595266136822,0,-0.1095431732659326,-0.2190863465318652,-0.1095431732659326
2014-04-14 11:52:00,16.64,0.2801224915203795,0,-0.10955442951440902,-0.21910885902881805,-0.10955442951440902
2014-04-14 11:57:00,16.002,0.3559443618691288,0,-0.1095654089570236,-0.2191308179140472,-0.1095654089570236
2014-04-14 12:02:00,17.0,0.33896793508899425,0,-0.10957611837406796,-0.21915223674813591,-0.10957611837406796
2014-04-14 12:07:00,16.332,0.3022019101671121,0,-0.1095865643810533,-0.2191731287621066,-0.1095865643810533
2014-04-14 12:12:00,16.336,0.30051723773115996,0,-0.1095967534326516,-0.2191935068653032,-0.10959675343265159
2014-04-14 12:17:00,16.324,0.30140424694188245,0,-0.10960669182654564,-0.2192133836530913,-0.10960669182654564
2014-04-14 12:22:00,16.692,0.2943761877916051,0,-0.10961638570718994,-0.21923277141437988,-0.10961638570718994
2014-04-14 12:27:00,16.372,0.29462530774637913,0,-0.10962584106948424,-0.21925168213896848,-0.10962584106948424
2014-04-14 12:32:00,16.928,0.33608218097046266,0,-0.10963506376236164,-0.21927012752472327,-0.10963506376236164
2014-04-14 12:37:00,15.665999999999999,0.42639787156431297,0,-0.10964405949229326,-0.21928811898458653,-0.10964405949229326
2014-04-14 12:42:00,17.0,0.3471138413098403,0,-0.10965283382671116,-0.2193056676534223,-0.10965283382671115
2014-04-14 12:47:00,16.002,0.3516025719081705,0,-0.1096613921973512,-0.2193227843947024,-0.1096613921973512
2014-04-14 12:52:00,16.658,0.2920725748333968,0,-0.10966973990351786,-0.21933947980703566,-0.10966973990351786
2014-04-14 12:57:00,16.668,0.2929547245962313,0,-0.10967788211527256,-0.2193557642305451,-0.10967788211527255
2014-04-14 13:02:00,17.0,0.3475187530747784,0,-0.10968582387654703,-0.21937164775309406,-0.10968582387654703
2014-04-14 13:07:00,16.334,0.3011782859723541,0,-0.10969357010818397,-0.2193871402163679,-0.10969357010818395
2014-04-14 13:12:00,16.668,0.29042171697270924,0,-0.10970112561090564,-0.21940225122181128,-0.10970112561090563
2014-04-14 13:17:00,15.668,0.4239044532739207,0,-0.1097084950682131,-0.2194169901364262,-0.1097084950682131
2014-04-14 13:22:00,16.998,0.3482761325433577,0,-0.1097156830492168,-0.2194313660984336,-0.10971568304921679
2014-04-14 13:27:00,16.352,0.2939326119210593,0,-0.10972269401140028,-0.21944538802280056,-0.10972269401140028
2014-04-14 13:32:00,16.284000000000002,0.3039408447463756,0,-0.10972953230331896,-0.21945906460663794,-0.10972953230331897
2014-04-14 13:37:00,16.334,0.294737845556187,0,-0.10973620216723462,-0.21947240433446924,-0.10973620216723462
2014-04-14 13:42:00,17.062,0.3654993365937128,0,-0.1097427077416878,-0.2194854154833756,-0.10974270774168779
2014-04-14 13:47:00,15.964,0.3611099528206042,0,-0.10974905306400903,-0.2194981061280181,-0.10974905306400905
2014-04-14 13:52:00,15.962,0.35520007023630634,0,-0.10975524207277072,-0.21951048414554145,-0.10975524207277072
2014-04-14 13:57:00,17.33,0.4137867047054256,0,-0.10976127861018042,-0.21952255722036085,-0.10976127861018042
2014-04-14 14:02:00,16.002,0.3450997554579123,0,-0.10976716642441747,-0.21953433284883492,-0.10976716642441747
2014-04-14 14:07:00,16.334,0.2902384672766796,0,-0.10977290917191394,-0.2195458183438279,-0.10977290917191394
2014-04-14 14:12:00,16.336,0.2893362145948061,0,-0.10977851041958116,-0.21955702083916231,-0.10977851041958116
2014-04-14 14:17:00,16.33,0.2896753534921906,0,-0.10978397364698328,-0.21956794729396653,-0.10978397364698327
2014-04-14 14:22:00,17.332,0.4156616377845995,0,-0.10978930224845873,-0.2195786044969175,-0.10978930224845874
2014-04-14 14:27:00,16.052,0.3368593704906632,0,-0.10979449953519144,-0.21958899907038287,-0.10979449953519144
2014-04-14 14:32:00,16.336,0.2900437925452918,0,-0.10979956873723186,-0.21959913747446366,-0.10979956873723186
2014-04-14 14:37:00,16.334,0.2897461082208008,0,-0.1098045130054703,-0.2196090260109406,-0.1098045130054703
2014-04-14 14:42:00,16.674,0.3001682043455102,0,-0.10980933541356258,-0.2196186708271252,-0.10980933541356258
2014-04-14 14:47:00,16.0,0.34640146054669096,0,-0.10981403895980968,-0.21962807791961936,-0.10981403895980969
2014-04-14 14:52:00,16.668,0.3019445133915959,0,-0.10981862656899236,-0.21963725313798474,-0.10981862656899237
2014-04-14 14:57:00,16.372,0.2834305904813614,0,-0.10982310109416156,-0.21964620218832312,-0.10982310109416156
2014-04-14 15:02:00,16.332,0.2895321818991363,0,-0.10982746531838596,-0.21965493063677194,-0.10982746531838597
2014-04-14 15:07:00,16.332,0.2889512862992346,0,-0.10983172195645753,-0.21966344391291506,-0.10983172195645753
2014-04-14 15:12:00,16.336,0.2877069502448168,0,-0.10983587365655594,-0.21967174731311187,-0.10983587365655594
2014-04-14 15:17:00,16.668,0.3083196682954056,0,-0.10983992300187297,-0.2196798460037459,-0.10983992300187295
2014-04-14 15:22:00,16.66,0.3054836807028161,0,-0.10984387251219788,-0.21968774502439573,-0.10984387251219788
2014-04-14 15:27:00,16.666,0.3053856861914378,0,-0.10984772464546444,-0.2196954492909289,-0.10984772464546445
2014-04-14 15:32:00,17.334,0.4436418460334828,0,-0.10985148179926076,-0.2197029635985216,-0.10985148179926078
2014-04-14 15:37:00,15.668,0.4245821262488203,0,-0.1098551463123026,-0.2197102926246052,-0.10985514631230259
2014-04-14 15:42:00,17.014,0.35680494545401553,0,-0.10985872046587107,-0.21971744093174214,-0.10985872046587108
2014-04-14 15:47:00,16.334,0.29451654515288644,0,-0.10986220648521593,-0.21972441297043185,-0.10986220648521593
2014-04-14 15:52:00,16.336,0.29344066592528834,0,-0.10986560654092443,-0.21973121308184887,-0.10986560654092443
2014-04-14 15:57:00,16.668,0.2981190408290074,0,-0.10986892275025756,-0.21973784550051514,-0.10986892275025757
2014-04-14 16:02:00,16.668,0.29722300960301523,0,-0.10987215717845364,-0.21974431435690728,-0.10987215717845364
2014-04-14 16:07:00,16.368,0.2913619382012926,0,-0.1098753118400005,-0.219750623680001,-0.1098753118400005
2014-04-14 16:12:00,17.69,0.5008655344312232,0,-0.1098783886998768,-0.2197567773997536,-0.1098783886998768
2014-04-14 16:17:00,16.028,0.3493331094333355,0,-0.10988138967476332,-0.21976277934952665,-0.10988138967476331
2014-04-14 16:22:00,16.285999999999998,0.3043926633906839,0,-0.10988431663422474,-0.21976863326844948,-0.10988431663422474
2014-04-14 16:27:00,16.336,0.2956165423245539,0,-0.109887171401863,-0.219774342803726,-0.109887171401863
2014-04-14 16:32:00,16.656,0.2909636522029008,0,-0.1098899557564425,-0.219779911512885,-0.1098899557564425
2014-04-14 16:37:00,15.998,0.3527049317646931,0,-0.1098926714329879,-0.2197853428659758,-0.1098926714329879
2014-04-14 16:42:00,16.666,0.2957564583834525,0,-0.10989532012385557,-0.2197906402477111,-0.10989532012385556
2014-04-14 16:47:00,16.332,0.29489911108196826,0,-0.10989790347977868,-0.21979580695955736,-0.10989790347977868
2014-04-14 16:52:00,17.334,0.4165527908834675,0,-0.10990042311088707,-0.21980084622177412,-0.10990042311088707
2014-04-14 16:57:00,17.044,0.34905305563327993,0,-0.10990288058770237,-0.21980576117540476,-0.10990288058770237
2014-04-14 17:02:00,15.616,0.4232693753367792,0,-0.10990527744210858,-0.2198105548842172,-0.10990527744210858
2014-04-14 17:07:00,16.666,0.2902195506287857,0,-0.1099076151682996,-0.2198152303365992,-0.1099076151682996
2014-04-14 17:12:00,16.334,0.2950658123971592,0,-0.10990989522370308,-0.21981979044740613,-0.10990989522370308
2014-04-14 17:17:00,16.7,0.2964815513236984,0,-0.10991211902988222,-0.21982423805976445,-0.10991211902988222
2014-04-14 17:22:00,16.334,0.2963007293658675,0,-0.10991428797341546,-0.21982857594683086,-0.10991428797341546
2014-04-14 17:27:00,16.666,0.29241979240889443,0,-0.1099164034067546,-0.2198328068135092,-0.1099164034067546
2014-04-14 17:32:00,16.332,0.2976612297067137,0,-0.1099184666490622,-0.2198369332981244,-0.1099184666490622
2014-04-14 17:37:00,16.332,0.29678360506489004,0,-0.10992047898702847,-0.21984095797405695,-0.10992047898702849
2014-04-14 17:42:00,16.317999999999998,0.2982662015487431,0,-0.10992244167566832,-0.21984488335133665,-0.10992244167566832
2014-04-14 17:47:00,16.666,0.29787204874582685,0,-0.10992435593909873,-0.21984871187819746,-0.10992435593909872
2014-04-14 17:52:00,15.68,0.4205922707203401,0,-0.10992622297129738,-0.2198524459425948,-0.10992622297129738
2014-04-14 17:57:00,17.0,0.3588176963211361,0,-0.10992804393684276,-0.21985608787368555,-0.10992804393684277
2014-04-14 18:02:00,16.296,0.29835613408810746,0,-0.10992981997163613,-0.21985963994327226,-0.10992981997163612
2014-04-14 18:07:00,16.666,0.29910827998935496,0,-0.1099315521836056,-0.2198631043672112,-0.10993155218360559
2014-04-14 18:12:00,16.0,0.3513926524388096,0,-0.10993324165339363,-0.21986648330678726,-0.10993324165339363
2014-04-14 18:17:00,17.006,0.3615657252243724,0,-0.10993488943502712,-0.21986977887005424,-0.10993488943502712
2014-04-14 18:22:00,16.034000000000002,0.3440292102670366,0,-0.10993649655657137,-0.21987299311314276,-0.10993649655657137
2014-04-14 18:27:00,16.662,0.3000448988549543,0,-0.1099380640207681,-0.2198761280415362,-0.1099380640207681
2014-04-14 18:32:00,16.0,0.34933037237609965,0,-0.10993959280565772,-0.21987918561131545,-0.10993959280565771
2014-04-14 18:37:00,16.666,0.3035203579021433,0,-0.10994108386518653,-0.21988216773037306,-0.10994108386518653
2014-04-14 18:42:00,16.668,0.30273165665133595,0,-0.10994253812979894,-0.21988507625959788,-0.10994253812979894
2014-04-14 18:47:00,16.328,0.29295697395932746,0,-0.10994395650701527,-0.21988791301403052,-0.10994395650701527
2014-04-14 18:52:00,16.332,0.2915626864699311,0,-0.10994533988199534,-0.21989067976399068,-0.10994533988199534
2014-04-14 18:57:00,16.962,0.3618625172015375,0,-0.10994668911808833,-0.21989337823617666,-0.10994668911808833
2014-04-14 19:02:00,15.668,0.4234475291859868,0,-0.10994800505736912,-0.21989601011473825,-0.10994800505736911
2014-04-14 19:07:00,17.0,0.3633459976631307,0,-0.10994928852116152,-0.21989857704232305,-0.10994928852116151
2014-04-14 19:12:00,16.666,0.29971376790197113,0,-0.10995054031054867,-0.21990108062109734,-0.10995054031054868
2014-04-14 19:17:00,17.334,0.4196909384247613,0,-0.10995176120687103,-0.21990352241374203,-0.109951761206871
2014-04-14 19:22:00,15.668,0.4093218048134705,0,-0.1099529519722118,-0.2199059039444236,-0.1099529519722118
2014-04-14 19:27:00,17.332,0.4001409515967204,0,-0.10995411334987112,-0.21990822669974225,-0.10995411334987112
2014-04-14 19:32:00,16.332,0.2947063617613464,0,-0.10995524606482786,-0.2199104921296557,-0.10995524606482786
2014-04-14 19:37:00,16.332,0.29394294904994794,0,-0.10995635082419067,-0.21991270164838134,-0.10995635082419067
2014-04-14 19:42:00,17.332,0.3955719791925827,0,-0.10995742831763773,-0.21991485663527546,-0.10995742831763773
2014-04-14 19:47:00,15.674000000000001,0.3967434510866599,0,-0.10995847921784564,-0.21991695843569128,-0.10995847921784564
2014-04-14 19:52:00,16.668,0.29018347377936937,0,-0.10995950418090804,-0.21991900836181608,-0.10995950418090804
2014-04-14 19:57:00,16.666,0.28931260280688065,0,-0.1099605038467437,-0.2199210076934874,-0.1099605038467437
2014-04-14 20:02:00,16.342,0.29270103954276944,0,-0.10996147883949474,-0.21992295767898948,-0.10996147883949474
2014-04-14 20:07:00,16.99,0.3380173312977878,0,-0.109962429767915,-0.21992485953583,-0.109962429767915
2014-04-14 20:12:00,16.666,0.2871100066629597,0,-0.10996335722574901,-0.219926714451498,-0.10996335722574899
2014-04-14 20:17:00,17.0,0.3367040340369197,0,-0.10996426179210136,-0.2199285235842027,-0.10996426179210135
2014-04-14 20:22:00,16.336,0.3014437470688869,0,-0.10996514403179744,-0.21993028806359488,-0.10996514403179744
2014-04-14 20:27:00,16.656,0.28386275561228963,0,-0.10996600449573496,-0.2199320089914699,-0.10996600449573495
2014-04-14 20:32:00,16.018,0.35337024646375026,0,-0.10996684372122684,-0.2199336874424537,-0.10996684372122685
2014-04-14 20:37:00,16.332,0.29822140874803915,0,-0.10996766223233606,-0.21993532446467207,-0.10996766223233606
2014-04-14 20:42:00,16.334,0.2970106889293944,0,-0.10996846054020172,-0.21993692108040344,-0.10996846054020172
2014-04-14 20:47:00,16.334,0.29615888391293554,0,-0.1099692391433576,-0.2199384782867152,-0.10996923914335759
2014-04-14 20:52:00,15.668,0.4127215491969218,0,-0.10996999852804253,-0.21993999705608505,-0.10996999852804251
2014-04-14 20:57:00,16.334,0.2874653399932525,0,-0.10997073916850332,-0.21994147833700667,-0.10997073916850333
2014-04-14 21:02:00,16.704,0.3072420024182926,0,-0.10997146152729034,-0.21994292305458069,-0.10997146152729034
2014-04-14 21:07:00,16.0,0.34416033523887546,0,-0.10997216605554536,-0.21994433211109074,-0.10997216605554537
2014-04-14 21:12:00,16.65,0.3009332582156985,0,-0.10997285319328302,-0.21994570638656605,-0.10997285319328302
2014-04-14 21:17:00,16.65,0.2999196297025261,0,-0.1099735233696647,-0.2199470467393294,-0.1099735233696647
2014-04-14 21:22:00,17.0,0.3600053785690729,0,-0.10997417700326616,-0.21994835400653232,-0.10997417700326616
2014-04-14 21:27:00,16.668,0.2970962860979737,0,-0.10997481450233826,-0.21994962900467646,-0.10997481450233826
2014-04-14 21:32:00,17.332,0.4168741697070753,0,-0.1099754362650615,-0.21995087253012302,-0.1099754362650615
2014-04-14 21:37:00,15.665999999999999,0.4143186272825131,0,-0.10997604267979416,-0.2199520853595883,-0.10997604267979415
2014-04-14 21:42:00,17.0,0.34372829691737233,0,-0.10997663412531436,-0.21995326825062875,-0.10997663412531437
2014-04-14 21:47:00,15.334000000000001,0.4583642202709742,0,-0.10997721097105627,-0.21995442194211254,-0.10997721097105628
2014-04-14 21:52:00,16.002,0.32944969892742537,0,-0.1099777735773403,-0.2199555471546806,-0.1099777735773403
2014-04-14 21:57:00,16.002,0.3266960290957597,0,-0.10997832229559776,-0.21995664459119552,-0.10997832229559776
2014-04-14 22:02:00,16.32,0.2813863774665101,0,-0.10997885746859012,-0.21995771493718025,-0.10997885746859012
2014-04-14 22:07:00,16.334,0.2792098416728656,0,-0.10997937943062257,-0.2199587588612451,-0.10997937943062255
2014-04-14 22:12:00,17.0,0.3535049955533345,0,-0.10997988850775252,-0.21995977701550504,-0.10997988850775253
2014-04-14 22:17:00,16.666,0.29969473803249463,0,-0.10998038501799304,-0.2199607700359861,-0.10998038501799305
2014-04-14 22:22:00,16.686,0.3015852036683971,0,-0.10998086927151106,-0.21996173854302206,-0.10998086927151106
2014-04-14 22:27:00,16.0,0.3361850345602144,0,-0.10998134157082083,-0.21996268314164166,-0.10998134157082082
2014-04-14 22:32:00,16.0,0.3328415873148823,0,-0.10998180221097263,-0.21996360442194526,-0.10998180221097263
2014-04-14 22:37:00,16.0,0.3298006219620711,0,-0.10998225147973688,-0.21996450295947376,-0.10998225147973688
2014-04-14 22:42:00,16.322,0.27927162150441603,0,-0.10998268965778353,-0.21996537931556706,-0.10998268965778352
2014-04-14 22:47:00,16.664,0.3091608492910061,0,-0.1099831170188571,-0.2199662340377142,-0.1099831170188571
2014-04-14 22:52:00,16.336,0.279115991327044,0,-0.10998353382994766,-0.21996706765989527,-0.10998353382994766
2014-04-14 22:57:00,16.0,0.33235696267548154,0,-0.10998394035145724,-0.21996788070291445,-0.10998394035145723
2014-04-14 23:02:00,16.666,0.31315505416146405,0,-0.10998433683736224,-0.2199686736747245,-0.10998433683736225
2014-04-14 23:07:00,16.0,0.3327636206012667,0,-0.1099847235353721,-0.2199694470707442,-0.1099847235353721
2014-04-14 23:12:00,16.65,0.31239529466356936,0,-0.10998510068708366,-0.2199702013741673,-0.10998510068708366
2014-04-14 23:17:00,16.002,0.3327770127285073,0,-0.10998546852813196,-0.21997093705626394,-0.10998546852813197
2014-04-14 23:22:00,16.334,0.274680431749315,0,-0.10998582728833743,-0.21997165457667486,-0.10998582728833742
2014-04-14 23:27:00,16.332,0.2748552534431823,0,-0.10998617719184904,-0.21997235438369805,-0.10998617719184903
2014-04-14 23:32:00,17.0,0.38339431716312217,0,-0.10998651845728434,-0.21997303691456868,-0.10998651845728434
2014-04-14 23:37:00,16.332,0.2796028955172932,0,-0.10998685129786598,-0.219973702595732,-0.10998685129786598
2014-04-14 23:42:00,16.668,0.3152462315848212,0,-0.10998717592155456,-0.2199743518431091,-0.10998717592155455
2014-04-14 23:47:00,16.708,0.32072862733376906,0,-0.10998749253117857,-0.21997498506235716,-0.10998749253117857
2014-04-14 23:52:00,16.666,0.31097541889131897,0,-0.109987801324561,-0.219975602649122,-0.10998780132456099
2014-04-14 23:57:00,16.03,0.34269439912653743,0,-0.10998810249464268,-0.21997620498928536,-0.10998810249464269
2014-04-15 00:02:00,15.952,0.3538490415115359,0,-0.10998839622960292,-0.21997679245920584,-0.10998839622960291
2014-04-15 00:07:00,16.666,0.3170164376886432,0,-0.10998868271297672,-0.21997736542595345,-0.10998868271297671
2014-04-15 00:12:00,17.0,0.3803170634811804,0,-0.10998896212376956,-0.21997792424753915,-0.10998896212376957
2014-04-15 00:17:00,16.64,0.3037885425997791,0,-0.10998923463656908,-0.21997846927313816,-0.10998923463656908
2014-04-15 00:22:00,16.65,0.3044498477028361,0,-0.10998950042165394,-0.21997900084330788,-0.10998950042165394
2014-04-15 00:27:00,17.384,0.4516585681010867,0,-0.10998975964510033,-0.21997951929020065,-0.10998975964510031
2014-04-15 00:32:00,16.002,0.3526660686011533,0,-0.10999001246888546,-0.2199800249377709,-0.10999001246888546
2014-04-15 00:37:00,16.334,0.2914803640289072,0,-0.10999025905098887,-0.21998051810197775,-0.10999025905098889
2014-04-15 00:42:00,16.332,0.29116162734478196,0,-0.10999049954549098,-0.21998099909098195,-0.10999049954549098
2014-04-15 00:47:00,16.002,0.3488566252947641,0,-0.10999073410266914,-0.2199814682053383,-0.10999073410266914
2014-04-15 00:52:00,16.305999999999994,0.290899258444795,0,-0.10999096286909177,-0.2199819257381835,-0.10999096286909175
2014-04-15 00:57:00,16.715999999999998,0.3173405483176676,0,-0.10999118598770956,-0.21998237197541914,-0.10999118598770957
2014-04-15 01:02:00,15.956,0.35740217880811354,0,-0.10999140359794504,-0.21998280719589008,-0.10999140359794504
2014-04-15 01:07:00,17.668,0.5085238529184491,0,-0.10999161583577936,-0.21998323167155875,-0.10999161583577936
2014-04-15 01:12:00,17.334,0.3999290699714506,0,-0.10999182283383736,-0.21998364566767475,-0.10999182283383736
2014-04-15 01:17:00,16.666,0.2874385616206482,0,-0.10999202472147034,-0.21998404944294067,-0.10999202472147034
2014-04-15 01:22:00,15.668,0.3995146465247851,0,-0.10999222162483682,-0.21998444324967364,-0.10999222162483682
2014-04-15 01:27:00,16.666,0.29187601104195393,0,-0.1099924136669814,-0.2199848273339628,-0.1099924136669814
2014-04-15 01:32:00,16.668,0.2914903067796078,0,-0.1099926009679115,-0.219985201935823,-0.1099926009679115
2014-04-15 01:37:00,15.998,0.34260377970133365,0,-0.10999278364467237,-0.21998556728934476,-0.10999278364467237
2014-04-15 01:42:00,16.666,0.2941402386287564,0,-0.1099929618114202,-0.2199859236228404,-0.1099929618114202
2014-04-15 01:47:00,16.332,0.2914488644652976,0,-0.10999313557949332,-0.21998627115898667,-0.10999313557949333
2014-04-15 01:52:00,16.334,0.29050883845112,0,-0.10999330505748188,-0.21998661011496376,-0.10999330505748188
2014-04-15 01:57:00,17.317999999999998,0.4046041427012932,0,-0.1099934703512955,-0.219986940702591,-0.1099934703512955
2014-04-15 02:02:00,16.334,0.2948133227592956,0,-0.10999363156422964,-0.21998726312845926,-0.10999363156422962
2014-04-15 02:07:00,17.334,0.3972962087809961,0,-0.10999378879702976,-0.2199875775940596,-0.10999378879702978
2014-04-15 02:12:00,16.666,0.2845282319310816,0,-0.1099939421479548,-0.2199878842959096,-0.1099939421479548
2014-04-15 02:17:00,17.374000000000002,0.3932032432688405,0,-0.1099940917128379,-0.2199881834256758,-0.1099940917128379
2014-04-15 02:22:00,16.666,0.2779941585425097,0,-0.1099942375851468,-0.2199884751702936,-0.1099942375851468
2014-04-15 02:27:00,16.998,0.3253141500602349,0,-0.1099943798560419,-0.2199887597120838,-0.1099943798560419
2014-04-15 02:32:00,15.718,0.4063024381084721,0,-0.10999451861443332,-0.21998903722886665,-0.10999451861443332
2014-04-15 02:37:00,16.996,0.3260371095830778,0,-0.10999465394703647,-0.21998930789407292,-0.10999465394703647
2014-04-15 02:42:00,16.954,0.31754150343905857,0,-0.10999478593842614,-0.21998957187685228,-0.10999478593842614
2014-04-15 02:47:00,16.382,0.3004466465663713,0,-0.10999491467108936,-0.2199898293421787,-0.10999491467108935
2014-04-15 02:52:00,16.328,0.3072101829607514,0,-0.1099950402254769,-0.2199900804509538,-0.1099950402254769
2014-04-15 02:57:00,17.308,0.3769459759009712,0,-0.10999516268005363,-0.21999032536010726,-0.10999516268005363
2014-04-15 03:02:00,16.002,0.35883413101921097,0,-0.1099952821113474,-0.2199905642226948,-0.10999528211134739
2014-04-15 03:07:00,17.334,0.3757207534973665,0,-0.10999539859399693,-0.21999079718799386,-0.10999539859399693
2014-04-15 03:12:00,16.668,0.273695984992955,0,-0.10999551220079842,-0.21999102440159685,-0.10999551220079842
2014-04-15 03:17:00,16.63,0.2692996898665567,0,-0.10999562300275098,-0.219991246005502,-0.10999562300275101
2014-04-15 03:22:00,18.668,0.5958205689103976,0,-0.10999573106910114,-0.21999146213820228,-0.10999573106910114
2014-04-15 03:27:00,17.332,0.3331493385274244,0,-0.10999583646738588,-0.21999167293477176,-0.10999583646738588
2014-04-15 03:32:00,15.665999999999999,0.3929812477353181,0,-0.10999593926347496,-0.2199918785269499,-0.10999593926347495
2014-04-15 03:37:00,17.002,0.29827799776911795,0,-0.10999603952161208,-0.21999207904322415,-0.10999603952161209
2014-04-15 03:42:00,16.334,0.3093019146396662,0,-0.10999613730445502,-0.21999227460891005,-0.10999613730445502
2014-04-15 03:47:00,16.334,0.30788863214622403,0,-0.1099962326731147,-0.2199924653462294,-0.1099962326731147
2014-04-15 03:52:00,15.99,0.3459790579968595,0,-0.10999632568719342,-0.21999265137438684,-0.10999632568719342
2014-04-15 03:57:00,16.708,0.274795771727862,0,-0.10999641640482212,-0.21999283280964424,-0.10999641640482212
2014-04-15 04:02:00,16.29,0.3087983853267373,0,-0.10999650488269663,-0.2199930097653933,-0.10999650488269665
2014-04-15 04:07:00,15.33,0.4277552336719672,0,-0.10999659117611324,-0.21999318235222648,-0.10999659117611324
2014-04-15 04:12:00,16.336,0.29275748841053123,0,-0.10999667533900298,-0.219993350678006,-0.10999667533900298
2014-04-15 04:17:00,16.002,0.32882040001833995,0,-0.1099967574239656,-0.21999351484793125,-0.10999675742396561
2014-04-15 04:22:00,16.334,0.2894812252939467,0,-0.1099968374823023,-0.2199936749646046,-0.1099968374823023
2014-04-15 04:27:00,16.668,0.2845405983632181,0,-0.10999691556404774,-0.21999383112809548,-0.10999691556404774
2014-04-15 04:32:00,16.666,0.2838967647013048,0,-0.1099969917180014,-0.2199939834360028,-0.1099969917180014
2014-04-15 04:37:00,15.998,0.3316646726811991,0,-0.10999706599175804,-0.21999413198351608,-0.10999706599175803
2014-04-15 04:42:00,16.334,0.28859020689629755,0,-0.10999713843173738,-0.21999427686347475,-0.10999713843173738
2014-04-15 04:47:00,16.0,0.3288691211695923,0,-0.10999720908321324,-0.21999441816642645,-0.10999720908321323
2014-04-15 04:52:00,16.34,0.2845268321894729,0,-0.10999727799034162,-0.21999455598068324,-0.10999727799034162
2014-04-15 04:57:00,17.046,0.34125636978547763,0,-0.10999734519618856,-0.2199946903923771,-0.10999734519618855
2014-04-15 05:02:00,16.602,0.28135221594398346,0,-0.10999741074275676,-0.2199948214855135,-0.10999741074275675
2014-04-15 05:07:00,16.332,0.2897282939832377,0,-0.10999747467101204,-0.2199949493420241,-0.10999747467101205
2014-04-15 05:12:00,17.332,0.3824622756430385,0,-0.10999753702090888,-0.21999507404181776,-0.10999753702090888
2014-04-15 05:17:00,15.668,0.3827469669251252,0,-0.10999759783141533,-0.21999519566283066,-0.10999759783141531
2014-04-15 05:22:00,17.0,0.3309058688445237,0,-0.1099976571405374,-0.2199953142810748,-0.10999765714053739
2014-04-15 05:27:00,16.334,0.2906261792840928,0,-0.1099977149853428,-0.2199954299706856,-0.1099977149853428
2014-04-15 05:32:00,16.334,0.2900084002097921,0,-0.1099977714019842,-0.2199955428039684,-0.1099977714019842
2014-04-15 05:37:00,16.664,0.2892391072170865,0,-0.10999782642572163,-0.21999565285144326,-0.10999782642572163
2014-04-15 05:42:00,16.68,0.2907378065027754,0,-0.10999788009094466,-0.21999576018188927,-0.10999788009094466
2014-04-15 05:47:00,16.332,0.29290738208158235,0,-0.10999793243119384,-0.21999586486238767,-0.10999793243119384
2014-04-15 05:52:00,17.018,0.33984811056700365,0,-0.10999798347918163,-0.21999596695836326,-0.10999798347918163
2014-04-15 05:57:00,16.666,0.2865304550910119,0,-0.10999803326681296,-0.2199960665336259,-0.10999803326681296
2014-04-15 06:02:00,16.998,0.3338678937476309,0,-0.10999808182520496,-0.21999616365040991,-0.10999808182520496
2014-04-15 06:07:00,16.046,0.3429645606505677,0,-0.10999812918470668,-0.21999625836941333,-0.10999812918470667
2014-04-15 06:12:00,16.616,0.2796393031881551,0,-0.10999817537491777,-0.2199963507498355,-0.10999817537491775
2014-04-15 06:17:00,17.0,0.33599556849302786,0,-0.10999822042470714,-0.21999644084941428,-0.10999822042470714
2014-04-15 06:22:00,16.668,0.2834797518114889,0,-0.10999826436223102,-0.21999652872446204,-0.10999826436223102
2014-04-15 06:27:00,16.668,0.28308872722428496,0,-0.10999830721495048,-0.21999661442990096,-0.10999830721495049
2014-04-15 06:32:00,17.0,0.3344048696763412,0,-0.10999834900964864,-0.21999669801929728,-0.10999834900964864
2014-04-15 06:37:00,16.0,0.3628285608048707,0,-0.10999838977244727,-0.21999677954489455,-0.10999838977244729
2014-04-15 06:42:00,17.0,0.3349831201279744,0,-0.10999842952882342,-0.21999685905764685,-0.10999842952882342
2014-04-15 06:47:00,16.334,0.306532287162965,0,-0.10999846830362496,-0.21999693660724995,-0.10999846830362497
2014-04-15 06:52:00,16.334,0.3052601017802293,0,-0.1099985061210864,-0.21999701224217286,-0.10999850612108641
2014-04-15 06:57:00,16.666,0.2845591802747999,0,-0.10999854300484396,-0.2199970860096879,-0.10999854300484395
2014-04-15 07:02:00,16.668,0.2844497976209961,0,-0.10999857897795016,-0.21999715795590036,-0.10999857897795016
2014-04-15 07:07:00,16.656,0.28210508387652306,0,-0.10999861406288856,-0.2199972281257771,-0.10999861406288855
2014-04-15 07:12:00,16.666,0.28339653474170323,0,-0.10999864828158752,-0.21999729656317504,-0.10999864828158752
2014-04-15 07:17:00,16.334,0.31113947988546903,0,-0.10999868165543404,-0.21999736331086808,-0.10999868165543404
2014-04-15 07:22:00,16.668,0.2857084165647269,0,-0.10999871420528712,-0.21999742841057424,-0.10999871420528712
2014-04-15 07:27:00,16.298,0.3182919969926092,0,-0.10999874595149073,-0.21999749190298146,-0.10999874595149071
2014-04-15 07:32:00,15.984000000000002,0.3785691649685394,0,-0.1099987769138866,-0.2199975538277732,-0.1099987769138866
2014-04-15 07:37:00,16.666,0.2920850191982993,0,-0.1099988071118266,-0.2199976142236532,-0.1099988071118266
2014-04-15 07:42:00,16.656,0.2896223269771713,0,-0.10999883656418476,-0.2199976731283696,-0.10999883656418478
2014-04-15 07:47:00,16.038,0.3660329978383357,0,-0.10999886528936924,-0.2199977305787385,-0.10999886528936925
2014-04-15 07:52:00,16.622,0.2871081187196292,0,-0.10999889330533362,-0.21999778661066724,-0.10999889330533362
2014-04-15 07:57:00,18.668,0.7153689552284933,0,-0.1099989206295882,-0.21999784125917646,-0.10999892062958821
2014-04-15 08:02:00,16.334,0.30308324719721386,0,-0.10999894727921113,-0.21999789455842225,-0.10999894727921113
2014-04-15 08:07:00,16.666,0.2746174907904097,0,-0.10999897327085872,-0.21999794654171745,-0.10999897327085871
2014-04-15 08:12:00,16.334,0.30316683611056106,0,-0.10999899862077614,-0.21999799724155228,-0.10999899862077614
2014-04-15 08:17:00,16.372,0.2972618911369527,0,-0.10999902334480753,-0.21999804668961506,-0.10999902334480752
2014-04-15 08:22:00,16.618,0.2720015447528064,0,-0.10999904745840572,-0.21999809491681147,-0.10999904745840573
2014-04-15 08:27:00,16.666,0.27794950700288645,0,-0.10999907097664216,-0.21999814195328435,-0.10999907097664217
2014-04-15 08:32:00,16.336,0.3034230000270806,0,-0.10999909391421614,-0.21999818782843228,-0.10999909391421614
2014-04-15 08:37:00,16.378,0.29649835397509594,0,-0.10999911628546398,-0.219998232570928,-0.10999911628546398
2014-04-15 08:42:00,16.622,0.27531128707982744,0,-0.10999913810436816,-0.2199982762087363,-0.10999913810436815
2014-04-15 08:47:00,16.328,0.3039683456390337,0,-0.1099991593845658,-0.2199983187691316,-0.10999915938456581
2014-04-15 08:52:00,15.668,0.4086070655790398,0,-0.10999918013935747,-0.21999836027871494,-0.10999918013935749
2014-04-15 08:57:00,16.332,0.2941140010498575,0,-0.10999920038171528,-0.21999840076343055,-0.10999920038171529
2014-04-15 09:02:00,16.002,0.3419042625199545,0,-0.1099992201242911,-0.2199984402485822,-0.1099992201242911
2014-04-15 09:07:00,17.332,0.3954563659723825,0,-0.1099992393794244,-0.2199984787588488,-0.1099992393794244
2014-04-15 09:12:00,16.05,0.3340447056979841,0,-0.10999925815915,-0.2199985163183,-0.10999925815914999
2014-04-15 09:17:00,16.282,0.2982546949952,0,-0.1099992764752056,-0.2199985529504112,-0.1099992764752056
2014-04-15 09:22:00,15.984000000000002,0.34046581879817617,0,-0.10999929433903913,-0.21999858867807826,-0.10999929433903911
2014-04-15 09:27:00,17.334,0.3961929128465574,0,-0.10999931176181582,-0.21999862352363164,-0.10999931176181582
2014-04-15 09:32:00,15.716,0.37910440188545547,0,-0.10999932875442528,-0.21999865750885056,-0.10999932875442528
2014-04-15 09:37:00,16.652,0.2916501750699701,0,-0.10999934532748826,-0.2199986906549765,-0.10999934532748826
2014-04-15 09:42:00,16.666,0.2928321374597103,0,-0.10999936149136326,-0.21999872298272646,-0.10999936149136326
2014-04-15 09:47:00,16.338,0.2885898386407088,0,-0.10999937725615304,-0.21999875451230608,-0.10999937725615304
2014-04-15 09:52:00,16.666,0.2937400216234525,0,-0.10999939263171096,-0.2199987852634219,-0.10999939263171095
2014-04-15 09:57:00,16.666,0.29301231112346066,0,-0.10999940762764708,-0.21999881525529413,-0.10999940762764707
2014-04-15 10:02:00,16.022000000000002,0.3388011638959526,0,-0.10999942225333416,-0.21999884450666835,-0.10999942225333417
2014-04-15 10:07:00,16.332,0.2889867605483349,0,-0.10999943651791363,-0.21999887303582727,-0.10999943651791363
2014-04-15 10:12:00,16.656,0.2960266857919482,0,-0.10999945043030117,-0.2199989008606023,-0.10999945043030115
2014-04-15 10:17:00,16.362000000000002,0.285789378236698,0,-0.10999946399919233,-0.21999892799838466,-0.10999946399919232
2014-04-15 10:22:00,16.332,0.28990904524915023,0,-0.10999947723306797,-0.21999895446613596,-0.10999947723306797
2014-04-15 10:27:00,17.668,0.4794294771781874,0,-0.1099994901401996,-0.2199989802803992,-0.1099994901401996
2014-04-15 10:32:00,15.674000000000001,0.3934234521987219,0,-0.10999950272865447,-0.21999900545730894,-0.10999950272865447
2014-04-15 10:37:00,17.0,0.3386627240550729,0,-0.10999951500630066,-0.21999903001260127,-0.10999951500630066
2014-04-15 10:42:00,16.334,0.29143122191492044,0,-0.10999952698081204,-0.21999905396162406,-0.10999952698081202
2014-04-15 10:47:00,16.372,0.2856807723648226,0,-0.1099995386596729,-0.2199990773193458,-0.1099995386596729
2014-04-15 10:52:00,16.0,0.3386849389939214,0,-0.10999955005018286,-0.21999910010036566,-0.10999955005018286
2014-04-15 10:57:00,17.334,0.39687183117853997,0,-0.10999956115946127,-0.21999912231892252,-0.10999956115946127
2014-04-15 11:02:00,16.336,0.291710490214534,0,-0.10999957199445168,-0.21999914398890336,-0.10999957199445169
2014-04-15 11:07:00,16.968,0.33303114551963475,0,-0.10999958256192628,-0.21999916512385256,-0.10999958256192628
2014-04-15 11:12:00,17.0,0.3346621468046622,0,-0.10999959286848997,-0.21999918573697996,-0.10999959286848997
2014-04-15 11:17:00,16.666,0.2843353516565869,0,-0.10999960292058462,-0.21999920584116925,-0.10999960292058462
2014-04-15 11:22:00,16.652,0.2819890370355254,0,-0.10999961272449306,-0.21999922544898606,-0.10999961272449306
2014-04-15 11:27:00,17.424,0.4016150714897506,0,-0.10999962228634297,-0.219999244572686,-0.10999962228634298
2014-04-15 11:32:00,16.285999999999998,0.3122833217587041,0,-0.1099996316121108,-0.2199992632242216,-0.1099996316121108
2014-04-15 11:37:00,16.668,0.2796790955697753,0,-0.10999964070762533,-0.21999928141525066,-0.10999964070762533
2014-04-15 11:42:00,16.666,0.27911925199379084,0,-0.10999964957857154,-0.21999929915714309,-0.10999964957857154
2014-04-15 11:47:00,16.334,0.3068485557085847,0,-0.109999658230494,-0.219999316460988,-0.10999965823049399
2014-04-15 11:52:00,16.668,0.2812256605572596,0,-0.10999966666880036,-0.21999933333760074,-0.10999966666880037
2014-04-15 11:57:00,16.668,0.2809000871323431,0,-0.10999967489876486,-0.21999934979752966,-0.10999967489876486
2014-04-15 12:02:00,16.666,0.2802781852700104,0,-0.1099996829255314,-0.2199993658510628,-0.10999968292553139
2014-04-15 12:07:00,15.995999999999999,0.3692760153276787,0,-0.10999969075411688,-0.21999938150823375,-0.10999969075411689
2014-04-15 12:12:00,16.336,0.3044628927463838,0,-0.1099996983894145,-0.219999396778829,-0.1099996983894145
2014-04-15 12:17:00,16.334,0.3036178496691782,0,-0.10999970583619643,-0.21999941167239287,-0.10999970583619643
2014-04-15 12:22:00,16.662,0.2879374947593634,0,-0.10999971309911714,-0.2199994261982343,-0.10999971309911714
2014-04-15 12:27:00,17.0,0.3464605621293811,0,-0.10999972018271616,-0.21999944036543234,-0.10999972018271617
2014-04-15 12:32:00,16.002,0.3678267927489057,0,-0.10999972709142096,-0.21999945418284192,-0.10999972709142096
2014-04-15 12:37:00,16.386,0.29392583780119796,0,-0.10999973382954964,-0.21999946765909925,-0.10999973382954963
2014-04-15 12:42:00,16.668,0.2906600969201492,0,-0.1099997404013137,-0.2199994808026274,-0.1099997404013137
2014-04-15 12:47:00,16.0,0.3653025466662789,0,-0.10999974681082074,-0.21999949362164148,-0.10999974681082074
2014-04-15 12:52:00,16.666,0.2938749182968461,0,-0.10999975306207682,-0.21999950612415364,-0.10999975306207682
2014-04-15 12:57:00,16.334,0.3006960314788483,0,-0.1099997591589892,-0.2199995183179784,-0.1099997591589892
2014-04-15 13:02:00,17.002,0.3578050923807467,0,-0.1099997651053686,-0.2199995302107372,-0.10999976510536859
2014-04-15 13:07:00,16.988,0.3493327300578629,0,-0.10999977090493168,-0.21999954180986334,-0.10999977090493167
2014-04-15 13:12:00,17.018,0.35027063751698384,0,-0.10999977656130333,-0.21999955312260666,-0.10999977656130332
2014-04-15 13:17:00,16.296,0.3180301719760679,0,-0.10999978207801893,-0.21999956415603786,-0.10999978207801892
2014-04-15 13:22:00,17.0,0.34581016046290025,0,-0.1099997874585266,-0.2199995749170532,-0.10999978745852661
2014-04-15 13:27:00,16.002,0.3755712310630693,0,-0.10999979270618934,-0.21999958541237868,-0.10999979270618934
2014-04-15 13:32:00,16.666,0.2862228046467029,0,-0.10999979782428708,-0.21999959564857413,-0.10999979782428707
2014-04-15 13:37:00,16.044,0.3624946549520751,0,-0.10999980281601872,-0.21999960563203744,-0.10999980281601872
2014-04-15 13:42:00,16.284000000000002,0.3121805306526053,0,-0.10999980768450432,-0.21999961536900864,-0.10999980768450432
2014-04-15 13:47:00,16.666,0.2924270933782204,0,-0.10999981243278677,-0.21999962486557356,-0.10999981243278677
2014-04-15 13:52:00,16.666,0.2917466605807936,0,-0.10999981706383392,-0.21999963412766785,-0.10999981706383391
2014-04-15 13:57:00,16.666,0.2910901913604434,0,-0.10999982158054028,-0.21999964316108056,-0.10999982158054028
2014-04-15 14:02:00,17.022000000000002,0.3601414203861619,0,-0.10999982598572897,-0.21999965197145796,-0.10999982598572897
2014-04-15 14:07:00,16.334,0.31185811011183323,0,-0.1099998302821533,-0.2199996605643066,-0.1099998302821533
2014-04-15 14:12:00,17.334,0.42441966742315823,0,-0.10999983447249873,-0.21999966894499745,-0.10999983447249871
2014-04-15 14:17:00,16.332,0.31457299908296377,0,-0.10999983855938428,-0.21999967711876856,-0.10999983855938428
2014-04-15 14:22:00,16.334,0.312501029080393,0,-0.10999984254536443,-0.21999968509072887,-0.10999984254536443
2014-04-15 14:27:00,16.0,0.37547746926620856,0,-0.10999984643293052,-0.21999969286586105,-0.10999984643293052
2014-04-15 14:32:00,16.002,0.366571743640872,0,-0.1099998502245124,-0.2199997004490248,-0.1099998502245124
2014-04-15 14:37:00,16.0,0.3598856859310405,0,-0.10999985392247992,-0.21999970784495984,-0.10999985392247992
2014-04-15 14:42:00,17.012,0.35971789079032085,0,-0.1099998575291444,-0.2199997150582888,-0.10999985752914439
2014-04-15 14:47:00,16.352,0.29556114518400084,0,-0.10999986104676013,-0.21999972209352026,-0.10999986104676013
2014-04-15 14:52:00,16.668,0.29545005537622965,0,-0.10999986447752573,-0.21999972895505146,-0.10999986447752573
2014-04-15 14:57:00,16.998,0.3550612791747282,0,-0.10999986782358552,-0.21999973564717107,-0.10999986782358553
2014-04-15 15:02:00,15.99,0.3671782879199118,0,-0.10999987108703092,-0.21999974217406185,-0.10999987108703092
2014-04-15 15:07:00,16.334,0.2984149169251625,0,-0.10999987426990164,-0.2199997485398033,-0.10999987426990165
2014-04-15 15:12:00,16.332,0.29785390301882303,0,-0.10999987737418712,-0.21999975474837424,-0.10999987737418711
2014-04-15 15:17:00,16.666,0.29836007413308185,0,-0.10999988040182758,-0.2199997608036552,-0.10999988040182758
2014-04-15 15:22:00,16.334,0.29876550793625106,0,-0.1099998833547154,-0.2199997667094308,-0.1099998833547154
2014-04-15 15:27:00,16.38,0.28941162374120843,0,-0.10999988623469624,-0.2199997724693925,-0.10999988623469625
2014-04-15 15:32:00,16.666,0.30148702532620164,0,-0.1099998890435702,-0.2199997780871404,-0.10999988904357019
2014-04-15 15:37:00,17.042,0.3779706486373513,0,-0.10999989178309287,-0.2199997835661857,-0.10999989178309287
2014-04-15 15:42:00,17.375999999999998,0.4410925244342749,0,-0.10999989445497654,-0.2199997889099531,-0.10999989445497654
2014-04-15 15:47:00,16.038,0.3622216492468355,0,-0.10999989706089122,-0.21999979412178244,-0.10999989706089122
2014-04-15 15:52:00,16.285999999999998,0.31135111102692564,0,-0.10999989960246573,-0.21999979920493146,-0.10999989960246573
2014-04-15 15:57:00,16.704,0.2981423007979998,0,-0.10999990208128856,-0.2199998041625772,-0.10999990208128858
2014-04-15 16:02:00,17.282,0.40704176991318936,0,-0.10999990449890913,-0.21999980899781826,-0.10999990449890912
2014-04-15 16:07:00,16.332,0.30840464486983915,0,-0.10999990685683847,-0.2199998137136769,-0.10999990685683847
2014-04-15 16:12:00,17.002,0.34402311330629154,0,-0.10999990915655036,-0.21999981831310075,-0.10999990915655036
2014-04-15 16:17:00,16.666,0.28203985866857645,0,-0.10999991139948223,-0.21999982279896446,-0.10999991139948222
2014-04-15 16:22:00,17.328,0.4038034245101038,0,-0.10999991358703594,-0.21999982717407188,-0.10999991358703594
2014-04-15 16:27:00,16.334,0.3161541094458865,0,-0.1099999157205788,-0.2199998314411576,-0.10999991572057881
2014-04-15 16:32:00,16.336,0.3140076341617556,0,-0.10999991780144436,-0.21999983560288872,-0.10999991780144436
2014-04-15 16:37:00,16.334,0.3126794180213654,0,-0.10999991983093316,-0.2199998396618664,-0.10999991983093318
2014-04-15 16:42:00,16.334,0.3110812543064973,0,-0.1099999218103138,-0.2199998436206276,-0.10999992181031379
2014-04-15 16:47:00,15.968,0.3781878819352768,0,-0.10999992374082336,-0.21999984748164672,-0.10999992374082336
2014-04-15 16:52:00,18.0,0.5451777767160002,0,-0.10999992562366848,-0.21999985124733695,-0.10999992562366849
2014-04-15 16:57:00,16.002,0.3540541433264915,0,-0.10999992746002607,-0.2199998549200521,-0.10999992746002607
2014-04-15 17:02:00,16.666,0.2795131578334393,0,-0.10999992925104383,-0.21999985850208767,-0.10999992925104383
2014-04-15 17:07:00,16.04,0.3458174500304108,0,-0.10999993099784122,-0.21999986199568244,-0.10999993099784122
2014-04-15 17:12:00,16.336,0.29902542076083544,0,-0.10999993270151008,-0.21999986540302016,-0.10999993270151008
2014-04-15 17:17:00,15.706,0.3936354971605477,0,-0.11,-0.22,-0.11
2014-04-15 17:22:00,16.288,0.2976423332819915,0,-0.11,-0.22,-0.11
2014-04-15 17:27:00,16.334,0.2904726792951768,0,-0.11,-0.22,-0.11
2014-04-15 17:32:00,17.334,0.3943783818486469,0,-0.11,-0.22,-0.11
2014-04-15 17:37:00,16.332,0.2948860360353324,0,-0.11,-0.22,-0.11
2014-04-15 17:42:00,16.998,0.33531176113893923,0,-0.11,-0.22,-0.11
2014-04-15 17:47:00,16.0,0.3454990414019091,0,-0.11,-0.22,-0.11
2014-04-15 17:52:00,16.336,0.2931315738058737,0,-0.11,-0.22,-0.11
2014-04-15 17:57:00,17.322,0.3895459533389937,0,-0.11,-0.22,-0.11
2014-04-15 18:02:00,16.0,0.34463421963338514,0,-0.11,-0.22,-0.11
2014-04-15 18:07:00,16.666,0.287827490196027,0,-0.11,-0.22,-0.11
2014-04-15 18:12:00,16.308,0.2987367951327661,0,-0.11,-0.22,-0.11
2014-04-15 18:17:00,17.666,0.4452550142151599,0,-0.11,-0.22,-0.11
2014-04-15 18:22:00,16.334,0.2991683484727216,0,-0.11,-0.22,-0.11
2014-04-15 18:27:00,16.66,0.2811511392012558,0,-0.11,-0.22,-0.11
2014-04-15 18:32:00,16.334,0.2996464662028934,0,-0.11,-0.22,-0.11
2014-04-15 18:37:00,16.666,0.2834409748635558,0,-0.11,-0.22,-0.11
2014-04-15 18:42:00,16.722,0.2907952992842507,0,-0.11,-0.22,-0.11
2014-04-15 18:47:00,16.282,0.3097869102690877,0,-0.11,-0.22,-0.11
2014-04-15 18:52:00,16.656,0.2831128942552211,0,-0.11,-0.22,-0.11
2014-04-15 18:57:00,17.0,0.3355987395321408,0,-0.11,-0.22,-0.11
2014-04-15 19:02:00,16.724,0.28958135068405344,0,-0.11,-0.22,-0.11
2014-04-15 19:07:00,17.29,0.3819793334485361,0,-0.11,-0.22,-0.11
2014-04-15 19:12:00,16.334,0.31180348583669504,0,-0.11,-0.22,-0.11
2014-04-15 19:17:00,16.712,0.2838389524347279,0,-0.11,-0.22,-0.11
2014-04-15 19:22:00,16.634,0.2717535787086989,0,-0.11,-0.22,-0.11
2014-04-15 19:27:00,17.044,0.33807636387183937,0,-0.11,-0.22,-0.11
2014-04-15 19:32:00,15.952,0.3837285554314461,0,-0.11,-0.22,-0.11
2014-04-15 19:37:00,17.0,0.3306915779088009,0,-0.11,-0.22,-0.11
2014-04-15 19:42:00,15.668,0.4289841500113327,0,-0.11,-0.22,-0.11
2014-04-15 19:47:00,16.666,0.2814826916698925,0,-0.11,-0.22,-0.11
2014-04-15 19:52:00,16.0,0.3568937092660979,0,-0.11,-0.22,-0.11
2014-04-15 19:57:00,17.328,0.3882394158502793,0,-0.11,-0.22,-0.11
2014-04-15 20:02:00,16.048,0.34661275408753084,0,-0.11,-0.22,-0.11
2014-04-15 20:07:00,16.61,0.2752814463483799,0,-0.11,-0.22,-0.11
2014-04-15 20:12:00,17.332,0.3846050668424385,0,-0.11,-0.22,-0.11
2014-04-15 20:17:00,17.0,0.32409471435901177,0,-0.11,-0.22,-0.11
2014-04-15 20:22:00,16.977999999999998,0.3185260993301839,0,-0.11,-0.22,-0.11
2014-04-15 20:27:00,16.666,0.2723418119999307,0,-0.11,-0.22,-0.11
2014-04-15 20:32:00,16.0,0.36588985352891656,0,-0.11,-0.22,-0.11
2014-04-15 20:37:00,16.662,0.2760461322988534,0,-0.11,-0.22,-0.11
2014-04-15 20:42:00,16.715999999999998,0.2835458926442005,0,-0.11,-0.22,-0.11
2014-04-15 20:47:00,16.282,0.3192914401174116,0,-0.11,-0.22,-0.11
2014-04-15 20:52:00,16.002,0.3633003416794713,0,-0.11,-0.22,-0.11
2014-04-15 20:57:00,17.364,0.3945982430252133,0,-0.11,-0.22,-0.11
2014-04-15 21:02:00,16.35,0.3057799070325454,0,-0.11,-0.22,-0.11
2014-04-15 21:07:00,17.328,0.3808359834814309,0,-0.11,-0.22,-0.11
2014-04-15 21:12:00,17.02,0.3237451990636145,0,-0.11,-0.22,-0.11
2014-04-15 21:17:00,16.666,0.2706502470087634,0,-0.11,-0.22,-0.11
2014-04-15 21:22:00,16.334,0.315710813172435,0,-0.11,-0.22,-0.11
2014-04-15 21:27:00,16.334,0.3139340256125361,0,-0.11,-0.22,-0.11
2014-04-15 21:32:00,16.348,0.3100771732925398,0,-0.11,-0.22,-0.11
2014-04-15 21:37:00,17.0,0.32950786046902336,0,-0.11,-0.22,-0.11
2014-04-15 21:42:00,17.0,0.3267494266340763,0,-0.11,-0.22,-0.11
2014-04-15 21:47:00,16.666,0.2717300098218379,0,-0.11,-0.22,-0.11
2014-04-15 21:52:00,15.985999999999999,0.38019424338998,0,-0.11,-0.22,-0.11
2014-04-15 21:57:00,16.664,0.27621446040044273,0,-0.11,-0.22,-0.11
2014-04-15 22:02:00,16.308,0.3181846575122206,0,-0.11,-0.22,-0.11
2014-04-15 22:07:00,16.712,0.2861086681126589,0,-0.11,-0.22,-0.11
2014-04-15 22:12:00,16.998,0.33435624060516445,0,-0.11,-0.22,-0.11
2014-04-15 22:17:00,16.954,0.3234207211149653,0,-0.11,-0.22,-0.11
2014-04-15 22:22:00,16.718,0.2809795224608957,0,-0.11,-0.22,-0.11
2014-04-15 22:27:00,16.666,0.2720324972430478,0,-0.11,-0.22,-0.11
2014-04-15 22:32:00,16.336,0.3242438298424686,0,-0.11,-0.22,-0.11
2014-04-15 22:37:00,15.7,0.4506116068221494,0,-0.11,-0.22,-0.11
2014-04-15 22:42:00,17.0,0.3366597438567792,0,-0.11,-0.22,-0.11
2014-04-15 22:47:00,16.332,0.3130121506708187,0,-0.11,-0.22,-0.11
2014-04-15 22:52:00,16.666,0.2804782656194306,0,-0.11,-0.22,-0.11
2014-04-15 22:57:00,16.332,0.3131496898531882,0,-0.11,-0.22,-0.11
2014-04-15 23:02:00,16.998,0.34111972060626744,0,-0.11,-0.22,-0.11
2014-04-15 23:07:00,16.0,0.3769830894670677,0,-0.11,-0.22,-0.11
2014-04-15 23:12:00,17.0,0.341129473892964,0,-0.11,-0.22,-0.11
2014-04-15 23:17:00,16.334,0.3120315797268945,0,-0.11,-0.22,-0.11
2014-04-15 23:22:00,17.317999999999998,0.4012061715081979,0,-0.11,-0.22,-0.11
2014-04-15 23:27:00,16.998,0.3304878413757789,0,-0.11,-0.22,-0.11
2014-04-15 23:32:00,16.668,0.27360087627515983,0,-0.11,-0.22,-0.11
2014-04-15 23:37:00,16.666,0.2731636214783415,0,-0.11,-0.22,-0.11
2014-04-15 23:42:00,16.334,0.3212355607465852,0,-0.11,-0.22,-0.11
2014-04-15 23:47:00,16.284000000000002,0.32819537847720176,0,-0.11,-0.22,-0.11
2014-04-15 23:52:00,17.0,0.3380772312597064,0,-0.11,-0.22,-0.11
2014-04-15 23:57:00,16.894000000000002,0.3150486137971829,0,-0.11,-0.22,-0.11
2014-04-16 00:02:00,17.332,0.3985041853889388,0,-0.11,-0.22,-0.11
2014-04-16 00:07:00,16.372,0.32012448516506603,0,-0.11,-0.22,-0.11
2014-04-16 00:12:00,17.278,0.3794103166843879,0,-0.11,-0.22,-0.11
2014-04-16 00:17:00,16.372,0.3219419291506845,0,-0.11,-0.22,-0.11
2014-04-16 00:22:00,16.284000000000002,0.3354150534422769,0,-0.11,-0.22,-0.11
2014-04-16 00:27:00,16.372,0.3165093945861659,0,-0.11,-0.22,-0.11
2014-04-16 00:32:00,16.668,0.2732224581296093,0,-0.11,-0.22,-0.11
2014-04-16 00:37:00,16.666,0.2727783526079254,0,-0.11,-0.22,-0.11
2014-04-16 00:42:00,15.99,0.3931641127611088,0,-0.11,-0.22,-0.11
2014-04-16 00:47:00,16.706,0.2846526798378731,0,-0.11,-0.22,-0.11
2014-04-16 00:52:00,16.622,0.2699222291765125,0,-0.11,-0.22,-0.11
2014-04-16 00:57:00,16.666,0.2775276731858695,0,-0.11,-0.22,-0.11
2014-04-16 01:02:00,16.998,0.34055088902798897,0,-0.11,-0.22,-0.11
2014-04-16 01:07:00,16.0,0.3943450020958709,0,-0.11,-0.22,-0.11
2014-04-16 01:12:00,17.668,0.4777008838950682,0,-0.11,-0.22,-0.11
2014-04-16 01:17:00,16.72,0.2780295669944275,0,-0.11,-0.22,-0.11
2014-04-16 01:22:00,16.668,0.2698324440458053,0,-0.11,-0.22,-0.11
2014-04-16 01:27:00,16.668,0.2698098558875064,0,-0.11,-0.22,-0.11
2014-04-16 01:32:00,17.332,0.3875657148850272,0,-0.11,-0.22,-0.11
2014-04-16 01:37:00,16.666,0.2735998563382,0,-0.11,-0.22,-0.11
2014-04-16 01:42:00,16.99,0.3179405581665599,0,-0.11,-0.22,-0.11
2014-04-16 01:47:00,16.332,0.3332661424029701,0,-0.11,-0.22,-0.11
2014-04-16 01:52:00,16.336,0.3294661431080915,0,-0.11,-0.22,-0.11
2014-04-16 01:57:00,16.38,0.31880460869682103,0,-0.11,-0.22,-0.11
2014-04-16 02:02:00,16.95,0.3192963043103187,0,-0.11,-0.22,-0.11
2014-04-16 02:07:00,16.334,0.32863702024312225,0,-0.11,-0.22,-0.11
2014-04-16 02:12:00,16.684,0.2736728099691259,0,-0.11,-0.22,-0.11
2014-04-16 02:17:00,17.332,0.3984594060179305,0,-0.11,-0.22,-0.11
2014-04-16 02:22:00,16.666,0.27304608635459704,0,-0.11,-0.22,-0.11
2014-04-16 02:27:00,17.0,0.3240487479053651,0,-0.11,-0.22,-0.11
2014-04-16 02:32:00,16.944000000000006,0.3112713913206457,0,-0.11,-0.22,-0.11
2014-04-16 02:37:00,16.378,0.3311835544864388,0,-0.11,-0.22,-0.11
2014-04-16 02:42:00,16.652,0.27738081533763626,0,-0.11,-0.22,-0.11
2014-04-16 02:47:00,17.0,0.32589746266672104,0,-0.11,-0.22,-0.11
2014-04-16 02:52:00,15.668,0.4883381214022958,0,-0.11,-0.22,-0.11
2014-04-16 02:57:00,17.0,0.3246658841641908,0,-0.11,-0.22,-0.11
2014-04-16 03:02:00,16.334,0.3259977569293931,0,-0.11,-0.22,-0.11
2014-04-16 03:07:00,17.33,0.3865229830601125,0,-0.11,-0.22,-0.11
2014-04-16 03:12:00,16.666,0.27322212449199706,0,-0.11,-0.22,-0.11
2014-04-16 03:17:00,17.334,0.3799718735472021,0,-0.11,-0.22,-0.11
2014-04-16 03:22:00,16.324,0.3338931036203215,0,-0.11,-0.22,-0.11
2014-04-16 03:27:00,17.05,0.32474905600834514,0,-0.11,-0.22,-0.11
2014-04-16 03:32:00,16.284000000000002,0.3414143580714617,0,-0.11,-0.22,-0.11
2014-04-16 03:37:00,16.666,0.2742031248115473,0,-0.11,-0.22,-0.11
2014-04-16 03:42:00,16.0,0.3919884488904964,0,-0.11,-0.22,-0.11
2014-04-16 03:47:00,16.332,0.32205191284964685,0,-0.11,-0.22,-0.11
2014-04-16 03:52:00,16.317999999999998,0.32224068010988643,0,-0.11,-0.22,-0.11
2014-04-16 03:57:00,17.666,0.4543718321860215,0,-0.11,-0.22,-0.11
2014-04-16 04:02:00,15.664000000000001,0.4310931329676227,0,-0.11,-0.22,-0.11
2014-04-16 04:07:00,16.332,0.3091843498450117,0,-0.11,-0.22,-0.11
2014-04-16 04:12:00,16.334,0.3074933051678117,0,-0.11,-0.22,-0.11
2014-04-16 04:17:00,15.998,0.35661077585134343,0,-0.11,-0.22,-0.11
2014-04-16 04:22:00,15.672,0.4022799925165048,0,-0.11,-0.22,-0.11
2014-04-16 04:27:00,16.666,0.2867442463101091,0,-0.11,-0.22,-0.11
2014-04-16 04:32:00,16.0,0.3427588430203387,0,-0.11,-0.22,-0.11
2014-04-16 04:37:00,16.668,0.29007874622878177,0,-0.11,-0.22,-0.11
2014-04-16 04:42:00,15.684000000000001,0.3906689067818151,0,-0.11,-0.22,-0.11
2014-04-16 04:47:00,16.666,0.29391683063626994,0,-0.11,-0.22,-0.11
2014-04-16 04:52:00,17.648,0.4415478223883923,0,-0.11,-0.22,-0.11
2014-04-16 04:57:00,16.666,0.2838660384397168,0,-0.11,-0.22,-0.11
2014-04-16 05:02:00,16.332,0.2957879445033561,0,-0.11,-0.22,-0.11
2014-04-16 05:07:00,16.666,0.2851662698350048,0,-0.11,-0.22,-0.11
2014-04-16 05:12:00,16.0,0.3428912195974337,0,-0.11,-0.22,-0.11
2014-04-16 05:17:00,15.998,0.3391688202222037,0,-0.11,-0.22,-0.11
2014-04-16 05:22:00,16.332,0.2894348385668068,0,-0.11,-0.22,-0.11
2014-04-16 05:27:00,16.666,0.29336467908699776,0,-0.11,-0.22,-0.11
2014-04-16 05:32:00,16.334,0.29031282944015563,0,-0.11,-0.22,-0.11
2014-04-16 05:37:00,16.994,0.34337152681256883,0,-0.11,-0.22,-0.11
2014-04-16 05:42:00,16.03,0.33845602228553223,0,-0.11,-0.22,-0.11
2014-04-16 05:47:00,16.712,0.3007593639115921,0,-0.11,-0.22,-0.11
2014-04-16 05:52:00,15.934000000000001,0.3533796398691109,0,-0.11,-0.22,-0.11
2014-04-16 05:57:00,16.702,0.30214696995276186,0,-0.11,-0.22,-0.11
2014-04-16 06:02:00,16.0,0.34110290855779346,0,-0.11,-0.22,-0.11
2014-04-16 06:07:00,16.296,0.29192457927752,0,-0.11,-0.22,-0.11
2014-04-16 06:12:00,16.998,0.35439709062225044,0,-0.11,-0.22,-0.11
2014-04-16 06:17:00,15.668,0.3971146314318416,0,-0.11,-0.22,-0.11
2014-04-16 06:22:00,16.666,0.30133291092988274,0,-0.11,-0.22,-0.11
2014-04-16 06:27:00,16.002,0.33464489749205273,0,-0.11,-0.22,-0.11
2014-04-16 06:32:00,16.666,0.3037457551764033,0,-0.11,-0.22,-0.11
2014-04-16 06:37:00,16.038,0.3289104654702028,0,-0.11,-0.22,-0.11
2014-04-16 06:42:00,16.95,0.3513057951304114,0,-0.11,-0.22,-0.11
2014-04-16 06:47:00,16.332,0.2849954660905786,0,-0.11,-0.22,-0.11
2014-04-16 06:52:00,16.666,0.30329833739174056,0,-0.11,-0.22,-0.11
2014-04-16 06:57:00,16.718,0.31048985149110075,0,-0.11,-0.22,-0.11
2014-04-16 07:02:00,16.668,0.3009097950083993,0,-0.11,-0.22,-0.11
2014-04-16 07:07:00,16.334,0.2907742506503788,0,-0.11,-0.22,-0.11
2014-04-16 07:12:00,16.334,0.2901514125672439,0,-0.11,-0.22,-0.11
2014-04-16 07:17:00,15.958,0.3565529243170406,0,-0.11,-0.22,-0.11
2014-04-16 07:22:00,16.39,0.2760387943196324,0,-0.11,-0.22,-0.11
2014-04-16 07:27:00,16.622,0.3010001066984719,0,-0.11,-0.22,-0.11
2014-04-16 07:32:00,16.668,0.3082179138852941,0,-0.11,-0.22,-0.11
2014-04-16 07:37:00,15.668,0.4196157922021536,0,-0.11,-0.22,-0.11
2014-04-16 07:42:00,17.002,0.3712805398262369,0,-0.11,-0.22,-0.11
2014-04-16 07:47:00,16.38,0.27880658956184345,0,-0.11,-0.22,-0.11
2014-04-16 07:52:00,15.952,0.3528703706095505,0,-0.11,-0.22,-0.11
2014-04-16 07:57:00,18.668,0.6904674551928388,0,-0.11,-0.22,-0.11
2014-04-16 08:02:00,16.317999999999998,0.2910998221151596,0,-0.11,-0.22,-0.11
2014-04-16 08:07:00,16.386,0.2830206390303789,0,-0.11,-0.22,-0.11
2014-04-16 08:12:00,16.668,0.2862041968306121,0,-0.11,-0.22,-0.11
2014-04-16 08:17:00,16.332,0.2900859422004233,0,-0.11,-0.22,-0.11
2014-04-16 08:22:00,16.336,0.2890135227726562,0,-0.11,-0.22,-0.11
2014-04-16 08:27:00,16.668,0.2887208094780718,0,-0.11,-0.22,-0.11
2014-04-16 08:32:00,16.312,0.2929464399152718,0,-0.11,-0.22,-0.11
2014-04-16 08:37:00,16.006,0.33273084893805177,0,-0.11,-0.22,-0.11
2014-04-16 08:42:00,17.0,0.33749554133756965,0,-0.11,-0.22,-0.11
2014-04-16 08:47:00,16.332,0.2900702475018142,0,-0.11,-0.22,-0.11
2014-04-16 08:52:00,16.39,0.28194684459650504,0,-0.11,-0.22,-0.11
2014-04-16 08:57:00,16.962,0.3338685141407766,0,-0.11,-0.22,-0.11
2014-04-16 09:02:00,16.002,0.3392307951152233,0,-0.11,-0.22,-0.11
2014-04-16 09:07:00,16.332,0.2891983352621812,0,-0.11,-0.22,-0.11
2014-04-16 09:12:00,17.33,0.3945180904800063,0,-0.11,-0.22,-0.11
2014-04-16 09:17:00,15.665999999999999,0.3891852006564432,0,-0.11,-0.22,-0.11
2014-04-16 09:22:00,16.668,0.2926914276882419,0,-0.11,-0.22,-0.11
2014-04-16 09:27:00,16.998,0.3369672585118467,0,-0.11,-0.22,-0.11
2014-04-16 09:32:00,16.002,0.33719823052317666,0,-0.11,-0.22,-0.11
2014-04-16 09:37:00,16.666,0.29186409153140225,0,-0.11,-0.22,-0.11
2014-04-16 09:42:00,16.652,0.289326466434195,0,-0.11,-0.22,-0.11
2014-04-16 09:47:00,16.372,0.28658715844730603,0,-0.11,-0.22,-0.11
2014-04-16 09:52:00,16.002,0.3403034415179014,0,-0.11,-0.22,-0.11
2014-04-16 09:57:00,16.666,0.2956643230527241,0,-0.11,-0.22,-0.11
2014-04-16 10:02:00,16.998,0.3451930694005298,0,-0.11,-0.22,-0.11
2014-04-16 10:07:00,16.332,0.2937099270928214,0,-0.11,-0.22,-0.11
2014-04-16 10:12:00,16.332,0.29298331595883936,0,-0.11,-0.22,-0.11
2014-04-16 10:17:00,17.0,0.34760553592365245,0,-0.11,-0.22,-0.11
2014-04-16 10:22:00,16.014,0.34615865373244736,0,-0.11,-0.22,-0.11
2014-04-16 10:27:00,17.0,0.3469135980162313,0,-0.11,-0.22,-0.11
2014-04-16 10:32:00,16.666,0.2905701177872554,0,-0.11,-0.22,-0.11
2014-04-16 10:37:00,15.998,0.3514607830551282,0,-0.11,-0.22,-0.11
2014-04-16 10:42:00,16.0,0.3461441454594134,0,-0.11,-0.22,-0.11
2014-04-16 10:47:00,16.666,0.29747075915732235,0,-0.11,-0.22,-0.11
2014-04-16 10:52:00,16.332,0.2915462206270867,0,-0.11,-0.22,-0.11
2014-04-16 10:57:00,17.0,0.35426670259036497,0,-0.11,-0.22,-0.11
2014-04-16 11:02:00,16.332,0.29479411139076456,0,-0.11,-0.22,-0.11
2014-04-16 11:07:00,17.0,0.3523218696765366,0,-0.11,-0.22,-0.11
2014-04-16 11:12:00,17.334,0.407194775953984,0,-0.11,-0.22,-0.11
2014-04-16 11:17:00,17.0,0.3361320156453849,0,-0.11,-0.22,-0.11
2014-04-16 11:22:00,16.32,0.3078311096852871,0,-0.11,-0.22,-0.11
2014-04-16 11:27:00,17.334,0.3932935315976324,0,-0.11,-0.22,-0.11
2014-04-16 11:32:00,16.002,0.3609266965650925,0,-0.11,-0.22,-0.11
2014-04-16 11:37:00,17.0,0.33103022953649264,0,-0.11,-0.22,-0.11
2014-04-16 11:42:00,17.028,0.3325042256095664,0,-0.11,-0.22,-0.11
2014-04-16 11:47:00,16.63,0.27049726792039985,0,-0.11,-0.22,-0.11
2014-04-16 11:52:00,16.668,0.2759352302706649,0,-0.11,-0.22,-0.11
2014-04-16 11:57:00,17.04,0.33433969720397155,0,-0.11,-0.22,-0.11
2014-04-16 12:02:00,15.665999999999999,0.4330097033104582,0,-0.11,-0.22,-0.11
2014-04-16 12:07:00,16.332,0.3058576669080439,0,-0.11,-0.22,-0.11
2014-04-16 12:12:00,17.0,0.3305221873382986,0,-0.11,-0.22,-0.11
2014-04-16 12:17:00,16.334,0.30770696087016924,0,-0.11,-0.22,-0.11
2014-04-16 12:22:00,17.666,0.44392763390885615,0,-0.11,-0.22,-0.11
2014-04-16 12:27:00,17.0,0.3173770785162576,0,-0.11,-0.22,-0.11
2014-04-16 12:32:00,16.336,0.3132497935352074,0,-0.11,-0.22,-0.11
2014-04-16 12:37:00,16.72,0.27913431107821274,0,-0.11,-0.22,-0.11
2014-04-16 12:42:00,16.998,0.3190671037417867,0,-0.11,-0.22,-0.11
2014-04-16 12:47:00,16.628,0.2740956102042462,0,-0.11,-0.22,-0.11
2014-04-16 12:52:00,17.0,0.31898249140401336,0,-0.11,-0.22,-0.11
2014-04-16 12:57:00,16.998,0.316684088958516,0,-0.11,-0.22,-0.11
2014-04-16 13:02:00,16.684,0.2706992640446804,0,-0.11,-0.22,-0.11
2014-04-16 13:07:00,16.998,0.3161932874929361,0,-0.11,-0.22,-0.11
2014-04-16 13:12:00,16.312,0.33305604795947863,0,-0.11,-0.22,-0.11
2014-04-16 13:17:00,17.0,0.3182833708030756,0,-0.11,-0.22,-0.11
2014-04-16 13:22:00,17.686,0.4414933504984327,0,-0.11,-0.22,-0.11
2014-04-16 13:27:00,16.38,0.32460888333959936,0,-0.11,-0.22,-0.11
2014-04-16 13:32:00,16.285999999999998,0.3371798743628678,0,-0.11,-0.22,-0.11
2014-04-16 13:37:00,16.724,0.2703798476073461,0,-0.11,-0.22,-0.11
2014-04-16 13:42:00,17.0,0.31247173560998664,0,-0.11,-0.22,-0.11
2014-04-16 13:47:00,16.332,0.33142417164989874,0,-0.11,-0.22,-0.11
2014-04-16 13:52:00,17.0,0.314374099972808,0,-0.11,-0.22,-0.11
2014-04-16 13:57:00,17.002,0.31300769198857115,0,-0.11,-0.22,-0.11
2014-04-16 14:02:00,17.0,0.3110564934489164,0,-0.11,-0.22,-0.11
2014-04-16 14:07:00,16.998,0.3092103090302138,0,-0.11,-0.22,-0.11
2014-04-16 14:12:00,16.668,0.2842348305114624,0,-0.11,-0.22,-0.11
2014-04-16 14:17:00,16.334,0.34305818500778223,0,-0.11,-0.22,-0.11
2014-04-16 14:22:00,16.6675,0.28034368268038345,0,-0.11,-0.22,-0.11
2014-04-16 14:27:00,17.5,0.4129910391023704,0,-0.11,-0.22,-0.11
2014-04-16 14:32:00,15.8325,0.43718922071846905,0,-0.11,-0.22,-0.11
2014-04-16 14:37:00,16.6625,0.27797199132108485,0,-0.11,-0.22,-0.11
2014-04-16 14:42:00,17.0825,0.3252093179408033,0,-0.11,-0.22,-0.11
2014-04-16 14:47:00,17.0825,0.322788139809412,0,-0.11,-0.22,-0.11
2014-04-16 14:52:00,16.32,0.33931668212427163,0,-0.11,-0.22,-0.11
2014-04-16 14:57:00,17.915,0.4756064205801027,0,-0.11,-0.22,-0.11
2014-04-16 15:02:00,16.6675,0.28595929843908885,0,-0.11,-0.22,-0.11
2014-04-16 15:07:00,17.0825,0.3106013136670217,0,-0.11,-0.22,-0.11
2014-04-16 15:12:00,17.515,0.3770819185836937,0,-0.11,-0.22,-0.11
2014-04-16 15:17:00,17.5,0.3659148582659619,0,-0.11,-0.22,-0.11
2014-04-16 15:22:00,17.5025,0.3593347775240848,0,-0.11,-0.22,-0.11
2014-04-16 15:27:00,17.8,0.3993287914654974,0,-0.11,-0.22,-0.11
2014-04-16 15:32:00,16.25,0.3632444973766451,0,-0.11,-0.22,-0.11
2014-04-16 15:37:00,17.4875,0.34429342811033425,0,-0.11,-0.22,-0.11
2014-04-16 15:42:00,16.195,0.3684375878967003,0,-0.11,-0.22,-0.11
2014-04-16 15:47:00,17.5,0.3454213287466426,0,-0.11,-0.22,-0.11
2014-04-16 15:52:00,17.0825,0.2869401760153877,0,-0.11,-0.22,-0.11
2014-04-16 15:57:00,17.5,0.3419589716529588,0,-0.11,-0.22,-0.11
2014-04-16 16:02:00,15.8325,0.4261749880833792,0,-0.11,-0.22,-0.11
2014-04-16 16:07:00,17.085,0.2888397368808154,0,-0.11,-0.22,-0.11
2014-04-16 16:12:00,17.0825,0.28798066516951665,0,-0.11,-0.22,-0.11
2014-04-16 16:17:00,17.9175,0.3999204330452392,0,-0.11,-0.22,-0.11
2014-04-16 16:22:00,16.6675,0.30538741368988026,0,-0.11,-0.22,-0.11
2014-04-16 16:27:00,17.5,0.3348005141452182,0,-0.11,-0.22,-0.11
2014-04-16 16:32:00,17.5,0.3315846889869694,0,-0.11,-0.22,-0.11
2014-04-16 16:37:00,17.0775,0.27620482457332085,0,-0.11,-0.22,-0.11
2014-04-16 16:42:00,16.605,0.3208236399089793,0,-0.11,-0.22,-0.11
2014-04-16 16:47:00,17.55,0.34025876186799925,0,-0.11,-0.22,-0.11
2014-04-16 16:52:00,17.4975,0.32938193212744243,0,-0.11,-0.22,-0.11
2014-04-16 16:57:00,18.245,0.4347433833934128,0,-0.11,-0.22,-0.11
2014-04-16 17:02:00,17.4875,0.31318646240712983,0,-0.11,-0.22,-0.11
2014-04-16 17:07:00,17.9175,0.3669714904394384,0,-0.11,-0.22,-0.11
2014-04-16 17:12:00,16.6675,0.3279192091374335,0,-0.11,-0.22,-0.11
2014-04-16 17:17:00,17.5,0.31083667005043025,0,-0.11,-0.22,-0.11
2014-04-16 17:22:00,16.2525,0.3835655980989792,0,-0.11,-0.22,-0.11
2014-04-16 17:27:00,17.02,0.2795060835443375,0,-0.11,-0.22,-0.11
2014-04-16 17:32:00,17.435,0.3071872710864021,0,-0.11,-0.22,-0.11
2014-04-16 17:37:00,16.665,0.3251422363794092,0,-0.11,-0.22,-0.11
2014-04-16 17:42:00,17.085,0.2710592957504728,0,-0.11,-0.22,-0.11
2014-04-16 17:47:00,19.085,0.5500923593281459,0,-0.11,-0.22,-0.11
2014-04-16 17:52:00,17.0825,0.280406685303051,0,-0.11,-0.22,-0.11
2014-04-16 17:57:00,17.0825,0.2801043015988801,0,-0.11,-0.22,-0.11
2014-04-16 18:02:00,16.6675,0.32425308967188193,0,-0.11,-0.22,-0.11
2014-04-16 18:07:00,17.5,0.3042349095359593,0,-0.11,-0.22,-0.11
2014-04-16 18:12:00,16.6675,0.3248981577248297,0,-0.11,-0.22,-0.11
2014-04-16 18:17:00,17.0825,0.2765315397393559,0,-0.11,-0.22,-0.11
2014-04-16 18:22:00,16.27,0.3723618887109514,0,-0.11,-0.22,-0.11
2014-04-16 18:27:00,18.2625,0.40422491500140106,0,-0.11,-0.22,-0.11
2014-04-16 18:32:00,15.925,0.4069736572139833,0,-0.11,-0.22,-0.11
2014-04-16 18:37:00,17.605,0.31841778331151405,0,-0.11,-0.22,-0.11
2014-04-16 18:42:00,17.0975,0.2718486550401558,0,-0.11,-0.22,-0.11
2014-04-16 18:47:00,17.02,0.2794280022014986,0,-0.11,-0.22,-0.11
2014-04-16 18:52:00,17.0825,0.2728189528967691,0,-0.11,-0.22,-0.11
2014-04-16 18:57:00,17.5,0.3096200582588144,0,-0.11,-0.22,-0.11
2014-04-16 19:02:00,16.2525,0.3702291850791528,0,-0.11,-0.22,-0.11
2014-04-16 19:07:00,17.5,0.3122273574750595,0,-0.11,-0.22,-0.11
2014-04-16 19:12:00,17.5475,0.3160323337512799,0,-0.11,-0.22,-0.11
2014-04-16 19:17:00,17.495,0.30823014315009434,0,-0.11,-0.22,-0.11
2014-04-16 19:22:00,16.2525,0.3750809091705301,0,-0.11,-0.22,-0.11
2014-04-16 19:27:00,17.96,0.3659919109991732,0,-0.11,-0.22,-0.11
2014-04-16 19:32:00,16.225,0.3732303760948935,0,-0.11,-0.22,-0.11
2014-04-16 19:37:00,16.765,0.3041978663628535,0,-0.11,-0.22,-0.11
2014-04-16 19:42:00,16.6525,0.315467417593009,0,-0.11,-0.22,-0.11
2014-04-16 19:47:00,16.665,0.31229495616125275,0,-0.11,-0.22,-0.11
2014-04-16 19:52:00,16.2525,0.3596550520316977,0,-0.11,-0.22,-0.11
2014-04-16 19:57:00,18.3325,0.4249835412110489,0,-0.11,-0.22,-0.11
2014-04-16 20:02:00,16.2525,0.35459421646311456,0,-0.11,-0.22,-0.11
2014-04-16 20:07:00,17.5,0.3157829719043266,0,-0.11,-0.22,-0.11
2014-04-16 20:12:00,17.08,0.2713395919899107,0,-0.11,-0.22,-0.11
2014-04-16 20:17:00,17.5,0.31508961801817376,0,-0.11,-0.22,-0.11
2014-04-16 20:22:00,17.5,0.3133504448961794,0,-0.11,-0.22,-0.11
2014-04-16 20:27:00,17.915,0.35971733536433304,0,-0.11,-0.22,-0.11
2014-04-16 20:32:00,16.2525,0.3670599710540196,0,-0.11,-0.22,-0.11
2014-04-16 20:37:00,17.085,0.2700394272450444,0,-0.11,-0.22,-0.11
2014-04-16 20:42:00,17.0825,0.2702659334779876,0,-0.11,-0.22,-0.11
2014-04-16 20:47:00,17.195,0.27948930680299433,0,-0.11,-0.22,-0.11
2014-04-16 20:52:00,16.25,0.3685004519504579,0,-0.11,-0.22,-0.11
2014-04-16 20:57:00,17.5,0.3176660978670971,0,-0.11,-0.22,-0.11
2014-04-16 21:02:00,15.8325,0.4188148643918449,0,-0.11,-0.22,-0.11
2014-04-16 21:07:00,17.0825,0.2754671926169409,0,-0.11,-0.22,-0.11
2014-04-16 21:12:00,17.91,0.36821318934612174,0,-0.11,-0.22,-0.11
2014-04-16 21:17:00,17.5,0.31445256976017016,0,-0.11,-0.22,-0.11
2014-04-16 21:22:00,16.25,0.3613706334220689,0,-0.11,-0.22,-0.11
2014-04-16 21:27:00,17.9175,0.3641659706435701,0,-0.11,-0.22,-0.11
2014-04-16 21:32:00,16.25,0.3585469026411863,0,-0.11,-0.22,-0.11
2014-04-16 21:37:00,16.7725,0.2963083957143031,0,-0.11,-0.22,-0.11
2014-04-16 21:42:00,17.0825,0.2738859780458839,0,-0.11,-0.22,-0.11
2014-04-16 21:47:00,17.0375,0.2691620590888389,0,-0.11,-0.22,-0.11
2014-04-16 21:52:00,16.6675,0.30895880795297176,0,-0.11,-0.22,-0.11
2014-04-16 21:57:00,17.9175,0.3741416257739026,0,-0.11,-0.22,-0.11
2014-04-16 22:02:00,15.835,0.4122738541261729,0,-0.11,-0.22,-0.11
2014-04-16 22:07:00,17.8,0.3533912304538593,0,-0.11,-0.22,-0.11
2014-04-16 22:12:00,17.9375,0.3636430424481332,0,-0.11,-0.22,-0.11
2014-04-16 22:17:00,17.5,0.31008438393431764,0,-0.11,-0.22,-0.11
2014-04-16 22:22:00,17.905,0.3526192565610265,0,-0.11,-0.22,-0.11
2014-04-16 22:27:00,17.4975,0.30391229306668416,0,-0.11,-0.22,-0.11
2014-04-16 22:32:00,16.6675,0.3200750030967422,0,-0.11,-0.22,-0.11
2014-04-16 22:37:00,17.5025,0.3063705872006168,0,-0.11,-0.22,-0.11
2014-04-16 22:42:00,16.25,0.3692590852287779,0,-0.11,-0.22,-0.11
2014-04-16 22:47:00,17.0825,0.27183678249338683,0,-0.11,-0.22,-0.11
2014-04-16 22:52:00,16.67,0.3157472743678479,0,-0.11,-0.22,-0.11
2014-04-16 22:57:00,18.3325,0.413277009139187,0,-0.11,-0.22,-0.11
2014-04-16 23:02:00,16.25,0.3640501467940325,0,-0.11,-0.22,-0.11
2014-04-16 23:07:00,16.6275,0.31666365620556314,0,-0.11,-0.22,-0.11
2014-04-16 23:12:00,17.0825,0.2690313733064048,0,-0.11,-0.22,-0.11
2014-04-16 23:17:00,17.5,0.3122133273640449,0,-0.11,-0.22,-0.11
2014-04-16 23:22:00,16.25,0.3624271498071444,0,-0.11,-0.22,-0.11
2014-04-16 23:27:00,17.5,0.3145868289782518,0,-0.11,-0.22,-0.11
2014-04-16 23:32:00,16.6675,0.31247424440899263,0,-0.11,-0.22,-0.11
2014-04-16 23:37:00,17.5,0.31591938836912786,0,-0.11,-0.22,-0.11
2014-04-16 23:42:00,17.9225,0.3638241353587959,0,-0.11,-0.22,-0.11
2014-04-16 23:47:00,16.71,0.31316828954694953,0,-0.11,-0.22,-0.11
2014-04-16 23:52:00,16.67,0.316065134713795,0,-0.11,-0.22,-0.11
2014-04-16 23:57:00,17.8275,0.35358866963626423,0,-0.11,-0.22,-0.11
2014-04-17 00:02:00,16.665,0.31868643319210554,0,-0.11,-0.22,-0.11
2014-04-17 00:07:00,18.335,0.4163137829782115,0,-0.11,-0.22,-0.11
2014-04-17 00:12:00,17.0825,0.2765530421261857,0,-0.11,-0.22,-0.11
2014-04-17 00:17:00,18.385,0.4091616708409455,0,-0.11,-0.22,-0.11
2014-04-17 00:22:00,16.23,0.3726955300978295,0,-0.11,-0.22,-0.11
2014-04-17 00:27:00,17.4975,0.3008304696029133,0,-0.11,-0.22,-0.11
2014-04-17 00:32:00,16.655,0.3221406229637785,0,-0.11,-0.22,-0.11
2014-04-17 00:37:00,17.4975,0.30290397096952026,0,-0.11,-0.22,-0.11
2014-04-17 00:42:00,16.6675,0.3214844860793517,0,-0.11,-0.22,-0.11
2014-04-17 00:47:00,16.6675,0.3193319788692208,0,-0.11,-0.22,-0.11
2014-04-17 00:52:00,16.665,0.3176021380843149,0,-0.11,-0.22,-0.11
2014-04-17 00:57:00,17.5025,0.3116371764854362,0,-0.11,-0.22,-0.11
2014-04-17 01:02:00,16.2525,0.36768412183859417,0,-0.11,-0.22,-0.11
2014-04-17 01:07:00,17.085,0.26959740935898024,0,-0.11,-0.22,-0.11
2014-04-17 01:12:00,17.5025,0.31527995050157964,0,-0.11,-0.22,-0.11
2014-04-17 01:17:00,17.5025,0.3135293085766214,0,-0.11,-0.22,-0.11
2014-04-17 01:22:00,16.6675,0.3201803998841107,0,-0.11,-0.22,-0.11
2014-04-17 01:27:00,18.3325,0.4212161840803868,0,-0.11,-0.22,-0.11
2014-04-17 01:32:00,16.665,0.3218544835439449,0,-0.11,-0.22,-0.11
2014-04-17 01:37:00,17.4975,0.30771106749855553,0,-0.11,-0.22,-0.11
2014-04-17 01:42:00,17.59,0.31690573590462634,0,-0.11,-0.22,-0.11
2014-04-17 01:47:00,17.0825,0.2787885142902736,0,-0.11,-0.22,-0.11
2014-04-17 01:52:00,16.6675,0.3267539464045746,0,-0.11,-0.22,-0.11
2014-04-17 01:57:00,18.3325,0.4159643556780185,0,-0.11,-0.22,-0.11
2014-04-17 02:02:00,16.34,0.3660801489249592,0,-0.11,-0.22,-0.11
2014-04-17 02:07:00,17.085,0.2766688803652894,0,-0.11,-0.22,-0.11
2014-04-17 02:12:00,16.6675,0.3224273748821701,0,-0.11,-0.22,-0.11
2014-04-17 02:17:00,17.5,0.30898531604352764,0,-0.11,-0.22,-0.11
2014-04-17 02:22:00,16.6675,0.3233080941544254,0,-0.11,-0.22,-0.11
2014-04-17 02:27:00,18.335,0.4157784504966558,0,-0.11,-0.22,-0.11
2014-04-17 02:32:00,17.0825,0.2796328734349643,0,-0.11,-0.22,-0.11
2014-04-17 02:37:00,17.5,0.303019292388727,0,-0.11,-0.22,-0.11
2014-04-17 02:42:00,17.0825,0.2812769143399543,0,-0.11,-0.22,-0.11
2014-04-17 02:47:00,17.0275,0.28709169894777625,0,-0.11,-0.22,-0.11
2014-04-17 02:52:00,16.6675,0.32969980955365835,0,-0.11,-0.22,-0.11
2014-04-17 02:57:00,18.33,0.4167031567835153,0,-0.11,-0.22,-0.11
2014-04-17 03:02:00,16.2675,0.3784539735468064,0,-0.11,-0.22,-0.11
2014-04-17 03:07:00,17.0375,0.2825169705958983,0,-0.11,-0.22,-0.11
2014-04-17 03:12:00,17.5,0.3054176175537628,0,-0.11,-0.22,-0.11
2014-04-17 03:17:00,16.3825,0.3610904652186913,0,-0.11,-0.22,-0.11
2014-04-17 03:22:00,15.835,0.4238275133194169,0,-0.11,-0.22,-0.11
2014-04-17 03:27:00,17.085,0.2699660347298325,0,-0.11,-0.22,-0.11
2014-04-17 03:32:00,17.4575,0.3087250147145523,0,-0.11,-0.22,-0.11
2014-04-17 03:37:00,17.5,0.312027992270081,0,-0.11,-0.22,-0.11
2014-04-17 03:42:00,17.05,0.2756294160169315,0,-0.11,-0.22,-0.11
2014-04-17 03:47:00,18.335,0.41527745684552,0,-0.11,-0.22,-0.11
2014-04-17 03:52:00,15.8075,0.4227806507831659,0,-0.11,-0.22,-0.11
2014-04-17 03:57:00,17.4875,0.3057958124629642,0,-0.11,-0.22,-0.11
2014-04-17 04:02:00,16.35,0.3475429884732951,0,-0.11,-0.22,-0.11
2014-04-17 04:07:00,16.665,0.3100267837092783,0,-0.11,-0.22,-0.11
2014-04-17 04:12:00,16.665,0.3085750361901152,0,-0.11,-0.22,-0.11
2014-04-17 04:17:00,17.02,0.27124789859646103,0,-0.11,-0.22,-0.11
2014-04-17 04:22:00,16.6675,0.3078344344033099,0,-0.11,-0.22,-0.11
2014-04-17 04:27:00,17.89,0.36494000652765823,0,-0.11,-0.22,-0.11
2014-04-17 04:32:00,16.2675,0.3554161085923997,0,-0.11,-0.22,-0.11
2014-04-17 04:37:00,17.5,0.317988942597112,0,-0.11,-0.22,-0.11
2014-04-17 04:42:00,16.2525,0.35556363618783604,0,-0.11,-0.22,-0.11
2014-04-17 04:47:00,16.66,0.3049942494216544,0,-0.11,-0.22,-0.11
2014-04-17 04:52:00,16.19,0.35696655563845603,0,-0.11,-0.22,-0.11
2014-04-17 04:57:00,17.515,0.3284094641069776,0,-0.11,-0.22,-0.11
2014-04-17 05:02:00,16.9925,0.270073654286477,0,-0.11,-0.22,-0.11
2014-04-17 05:07:00,17.1875,0.2906430363378588,0,-0.11,-0.22,-0.11
2014-04-17 05:12:00,16.665,0.3047675619451513,0,-0.11,-0.22,-0.11
2014-04-17 05:17:00,17.5,0.3287851229860274,0,-0.11,-0.22,-0.11
2014-04-17 05:22:00,16.25,0.35749714731799603,0,-0.11,-0.22,-0.11
2014-04-17 05:27:00,16.61,0.3084782123679838,0,-0.11,-0.22,-0.11
2014-04-17 05:32:00,17.085,0.2842634960079132,0,-0.11,-0.22,-0.11
2014-04-17 05:37:00,17.5,0.3340136674215413,0,-0.11,-0.22,-0.11
2014-04-17 05:42:00,16.6675,0.305450065829423,0,-0.11,-0.22,-0.11
2014-04-17 05:47:00,17.8775,0.38448456666047176,0,-0.11,-0.22,-0.11
2014-04-17 05:52:00,15.7775,0.4236000781591868,0,-0.11,-0.22,-0.11
2014-04-17 05:57:00,17.5,0.3290735803906845,0,-0.11,-0.22,-0.11
2014-04-17 06:02:00,17.9175,0.3763357230096785,0,-0.11,-0.22,-0.11
2014-04-17 06:07:00,17.5075,0.32033739497057057,0,-0.11,-0.22,-0.11
2014-04-17 06:12:00,17.5,0.31742043215352184,0,-0.11,-0.22,-0.11
2014-04-17 06:17:00,17.03,0.2731481288851277,0,-0.11,-0.22,-0.11
2014-04-17 06:22:00,16.6875,0.3111717881994384,0,-0.11,-0.22,-0.11
2014-04-17 06:27:00,17.5025,0.3204266758066161,0,-0.11,-0.22,-0.11
2014-04-17 06:32:00,16.25,0.3672077265691379,0,-0.11,-0.22,-0.11
2014-04-17 06:37:00,17.48,0.31956757106473005,0,-0.11,-0.22,-0.11
2014-04-17 06:42:00,16.25,0.3641253813220807,0,-0.11,-0.22,-0.11
2014-04-17 06:47:00,17.0825,0.2763777884539953,0,-0.11,-0.22,-0.11
2014-04-17 06:52:00,17.5225,0.3276128874603251,0,-0.11,-0.22,-0.11
2014-04-17 06:57:00,17.5,0.32224798852999353,0,-0.11,-0.22,-0.11
2014-04-17 07:02:00,17.0925,0.2720234645160193,0,-0.11,-0.22,-0.11
2014-04-17 07:07:00,16.6675,0.3168536125120729,0,-0.11,-0.22,-0.11
2014-04-17 07:12:00,17.0825,0.27314759953911616,0,-0.11,-0.22,-0.11
2014-04-17 07:17:00,17.555,0.33320908591530696,0,-0.11,-0.22,-0.11
2014-04-17 07:22:00,17.0825,0.2700162972053568,0,-0.11,-0.22,-0.11
2014-04-17 07:27:00,17.915,0.383212587446554,0,-0.11,-0.22,-0.11
2014-04-17 07:32:00,16.275,0.3792411734862367,0,-0.11,-0.22,-0.11
2014-04-17 07:37:00,17.9175,0.3761665632515105,0,-0.11,-0.22,-0.11
2014-04-17 07:42:00,16.7575,0.31101060950477505,0,-0.11,-0.22,-0.11
2014-04-17 07:47:00,17.0275,0.2770786336589256,0,-0.11,-0.22,-0.11
2014-04-17 07:52:00,16.665,0.3220281539725157,0,-0.11,-0.22,-0.11
2014-04-17 07:57:00,19.16,0.5634075541952522,0,-0.11,-0.22,-0.11
2014-04-17 08:02:00,16.675,0.318039098228013,0,-0.11,-0.22,-0.11
2014-04-17 08:07:00,17.5,0.3028514010805808,0,-0.11,-0.22,-0.11
2014-04-17 08:12:00,17.175,0.26944209308011563,0,-0.11,-0.22,-0.11
2014-04-17 08:17:00,17.085,0.27738891371715113,0,-0.11,-0.22,-0.11
2014-04-17 08:22:00,15.8275,0.42231076554222746,0,-0.11,-0.22,-0.11
2014-04-17 08:27:00,18.335,0.3991666982559574,0,-0.11,-0.22,-0.11
2014-04-17 08:32:00,16.6675,0.3153791873803302,0,-0.11,-0.22,-0.11
2014-04-17 08:37:00,16.6675,0.31362254612814816,0,-0.11,-0.22,-0.11
2014-04-17 08:42:00,17.1725,0.2745096083356122,0,-0.11,-0.22,-0.11
2014-04-17 08:47:00,17.0825,0.2720879547048874,0,-0.11,-0.22,-0.11
2014-04-17 08:52:00,16.6675,0.3144686280411164,0,-0.11,-0.22,-0.11
2014-04-17 08:57:00,17.5,0.3110726654153926,0,-0.11,-0.22,-0.11
2014-04-17 09:02:00,17.0275,0.27750096803635904,0,-0.11,-0.22,-0.11
2014-04-17 09:07:00,17.0825,0.2715516107094733,0,-0.11,-0.22,-0.11
2014-04-17 09:12:00,16.6675,0.3176842310456094,0,-0.11,-0.22,-0.11
2014-04-17 09:17:00,17.4925,0.31470683846210523,0,-0.11,-0.22,-0.11
2014-04-17 09:22:00,15.7925,0.4314866713531961,0,-0.11,-0.22,-0.11
2014-04-17 09:27:00,17.5,0.3174667301695883,0,-0.11,-0.22,-0.11
2014-04-17 09:32:00,16.25,0.35876396362024443,0,-0.11,-0.22,-0.11
2014-04-17 09:37:00,17.5,0.3194634079798317,0,-0.11,-0.22,-0.11
2014-04-17 09:42:00,16.25,0.3567858869057565,0,-0.11,-0.22,-0.11
2014-04-17 09:47:00,17.0825,0.27669878180953456,0,-0.11,-0.22,-0.11
2014-04-17 09:52:00,16.2675,0.3517437654218785,0,-0.11,-0.22,-0.11
2014-04-17 09:57:00,17.9175,0.3754648086906999,0,-0.11,-0.22,-0.11
2014-04-17 10:02:00,16.25,0.3520493210369743,0,-0.11,-0.22,-0.11
2014-04-17 10:07:00,17.0825,0.27905477383270066,0,-0.11,-0.22,-0.11
2014-04-17 10:12:00,17.4975,0.32376417694690746,0,-0.11,-0.22,-0.11
2014-04-17 10:17:00,17.085,0.2764844027209661,0,-0.11,-0.22,-0.11
2014-04-17 10:22:00,16.6675,0.3070332523606737,0,-0.11,-0.22,-0.11
2014-04-17 10:27:00,17.4375,0.3184092274594432,0,-0.11,-0.22,-0.11
2014-04-17 10:32:00,16.6675,0.30881171992886824,0,-0.11,-0.22,-0.11
2014-04-17 10:37:00,17.9175,0.3805678759611367,0,-0.11,-0.22,-0.11
2014-04-17 10:42:00,16.25,0.36219002702354497,0,-0.11,-0.22,-0.11
2014-04-17 10:47:00,16.6675,0.3063177726426289,0,-0.11,-0.22,-0.11
2014-04-17 10:52:00,16.665,0.3053453390255321,0,-0.11,-0.22,-0.11
2014-04-17 10:57:00,17.915,0.3828170274460859,0,-0.11,-0.22,-0.11
2014-04-17 11:02:00,16.6675,0.3080547469083792,0,-0.11,-0.22,-0.11
2014-04-17 11:07:00,18.3325,0.4322558605816477,0,-0.11,-0.22,-0.11
2014-04-17 11:12:00,16.665,0.31106604138840344,0,-0.11,-0.22,-0.11
2014-04-17 11:17:00,17.0275,0.27126074938482553,0,-0.11,-0.22,-0.11
2014-04-17 11:22:00,16.6675,0.31024507024550296,0,-0.11,-0.22,-0.11
2014-04-17 11:27:00,17.1875,0.2858192147911907,0,-0.11,-0.22,-0.11
2014-04-17 11:32:00,16.665,0.3110083083937035,0,-0.11,-0.22,-0.11
2014-04-17 11:37:00,17.445,0.3180490469717445,0,-0.11,-0.22,-0.11
2014-04-17 11:42:00,17.0825,0.27361075961583137,0,-0.11,-0.22,-0.11
2014-04-17 11:47:00,17.9175,0.3791477222635669,0,-0.11,-0.22,-0.11
2014-04-17 11:52:00,16.665,0.3180465800761549,0,-0.11,-0.22,-0.11
2014-04-17 11:57:00,17.915,0.37390177627486215,0,-0.11,-0.22,-0.11
2014-04-17 12:02:00,16.6675,0.3197461496765029,0,-0.11,-0.22,-0.11
2014-04-17 12:07:00,17.5,0.3171893889698789,0,-0.11,-0.22,-0.11
2014-04-17 12:12:00,18.3325,0.4255605621472631,0,-0.11,-0.22,-0.11
2014-04-17 12:17:00,17.0375,0.282751398730601,0,-0.11,-0.22,-0.11
2014-04-17 12:22:00,16.6675,0.3248464207506664,0,-0.11,-0.22,-0.11
2014-04-17 12:27:00,17.4975,0.30960046544232794,0,-0.11,-0.22,-0.11
2014-04-17 12:32:00,16.6675,0.3256191953991752,0,-0.11,-0.22,-0.11
2014-04-17 12:37:00,17.5,0.3117894497630236,0,-0.11,-0.22,-0.11
2014-04-17 12:42:00,16.2525,0.3806189542944162,0,-0.11,-0.22,-0.11
2014-04-17 12:47:00,16.665,0.3194708582816244,0,-0.11,-0.22,-0.11
2014-04-17 12:52:00,15.835,0.42584866522036696,0,-0.11,-0.22,-0.11
2014-04-17 12:57:00,18.335,0.4222833537639731,0,-0.11,-0.22,-0.11
2014-04-17 13:02:00,16.6675,0.31073827704296964,0,-0.11,-0.22,-0.11
2014-04-17 13:07:00,17.0825,0.2706869833868836,0,-0.11,-0.22,-0.11
2014-04-17 13:12:00,16.64,0.3134299536583103,0,-0.11,-0.22,-0.11
2014-04-17 13:17:00,18.335,0.4170158919959179,0,-0.11,-0.22,-0.11
2014-04-17 13:22:00,16.6675,0.3128103932441676,0,-0.11,-0.22,-0.11
2014-04-17 13:27:00,17.5,0.3105887227883532,0,-0.11,-0.22,-0.11
2014-04-17 13:32:00,16.6675,0.3141527872868221,0,-0.11,-0.22,-0.11
2014-04-17 13:37:00,17.085,0.2689768407801817,0,-0.11,-0.22,-0.11
2014-04-17 13:42:00,16.2375,0.3635654467159625,0,-0.11,-0.22,-0.11
2014-04-17 13:47:00,17.0425,0.268986246434524,0,-0.11,-0.22,-0.11
2014-04-17 13:52:00,16.6675,0.3093264074447197,0,-0.11,-0.22,-0.11
2014-04-17 13:57:00,17.5,0.3216132359856524,0,-0.11,-0.22,-0.11
2014-04-17 14:02:00,17.0825,0.2726198078105085,0,-0.11,-0.22,-0.11
2014-04-17 14:07:00,17.9175,0.3728456322316721,0,-0.11,-0.22,-0.11
2014-04-17 14:12:00,16.25,0.36711064629302415,0,-0.11,-0.22,-0.11
2014-04-17 14:17:00,17.0825,0.2722457673937321,0,-0.11,-0.22,-0.11
2014-04-17 14:22:00,17.0825,0.2721615827793009,0,-0.11,-0.22,-0.11
2014-04-17 14:27:00,17.5,0.3205578772401993,0,-0.11,-0.22,-0.11
2014-04-17 14:32:00,17.0825,0.2696310498967266,0,-0.11,-0.22,-0.11
2014-04-17 14:37:00,17.0825,0.2696135724944517,0,-0.11,-0.22,-0.11
2014-04-17 14:42:00,16.2525,0.3751611300625354,0,-0.11,-0.22,-0.11
2014-04-17 14:47:00,17.0825,0.2743065666847383,0,-0.11,-0.22,-0.11
2014-04-17 14:52:00,16.2525,0.3697459098860429,0,-0.11,-0.22,-0.11
2014-04-17 14:57:00,17.5,0.3299500373092866,0,-0.11,-0.22,-0.11
2014-04-17 15:02:00,16.665,0.3122033787342789,0,-0.11,-0.22,-0.11
2014-04-17 15:07:00,17.0775,0.27740449289136315,0,-0.11,-0.22,-0.11
2014-04-17 15:12:00,17.0825,0.2777965493262977,0,-0.11,-0.22,-0.11
2014-04-17 15:17:00,18.335,0.4569320306609289,0,-0.11,-0.22,-0.11
2014-04-17 15:22:00,16.6675,0.3167257320656715,0,-0.11,-0.22,-0.11
2014-04-17 15:27:00,18.03,0.3900585563752841,0,-0.11,-0.22,-0.11
2014-04-17 15:32:00,17.0825,0.2716065431017681,0,-0.11,-0.22,-0.11
2014-04-17 15:37:00,16.665,0.3203210098994354,0,-0.11,-0.22,-0.11
2014-04-17 15:42:00,17.0825,0.26909771157719714,0,-0.11,-0.22,-0.11
2014-04-17 15:47:00,17.5,0.31924634562969645,0,-0.11,-0.22,-0.11
2014-04-17 15:52:00,15.835,0.4378156131293087,0,-0.11,-0.22,-0.11
2014-04-17 15:57:00,18.3325,0.4253418493504672,0,-0.11,-0.22,-0.11
2014-04-17 16:02:00,16.6675,0.31440159278751834,0,-0.11,-0.22,-0.11
2014-04-17 16:07:00,17.085,0.2690607653864561,0,-0.11,-0.22,-0.11
2014-04-17 16:12:00,17.085,0.2690577431059121,0,-0.11,-0.22,-0.11
2014-04-17 16:17:00,17.085,0.2690547973725791,0,-0.11,-0.22,-0.11
2014-04-17 16:22:00,16.665,0.3166858030871733,0,-0.11,-0.22,-0.11
2014-04-17 16:27:00,17.87,0.3660968786569776,0,-0.11,-0.22,-0.11
2014-04-17 16:32:00,16.6675,0.3184782866247561,0,-0.11,-0.22,-0.11
2014-04-17 16:37:00,16.6675,0.3165273920540569,0,-0.11,-0.22,-0.11
2014-04-17 16:42:00,17.0825,0.2713442934442233,0,-0.11,-0.22,-0.11
2014-04-17 16:47:00,16.66,0.3170160645905243,0,-0.11,-0.22,-0.11
2014-04-17 16:52:00,16.5975,0.3231205370849929,0,-0.11,-0.22,-0.11
2014-04-17 16:57:00,17.91,0.3840439827360008,0,-0.11,-0.22,-0.11
2014-04-17 17:02:00,16.665,0.3162121857105036,0,-0.11,-0.22,-0.11
2014-04-17 17:07:00,18.0075,0.3917085464056629,0,-0.11,-0.22,-0.11
2014-04-17 17:12:00,17.0825,0.2700261125353315,0,-0.11,-0.22,-0.11
2014-04-17 17:17:00,16.6625,0.3199315996520479,0,-0.11,-0.22,-0.11
2014-04-17 17:22:00,16.6675,0.31725666265258423,0,-0.11,-0.22,-0.11
2014-04-17 17:27:00,18.3325,0.4386886110462001,0,-0.11,-0.22,-0.11
2014-04-17 17:32:00,16.25,0.3693767460812646,0,-0.11,-0.22,-0.11
2014-04-17 17:37:00,17.0825,0.2701184908407304,0,-0.11,-0.22,-0.11
2014-04-17 17:42:00,16.25,0.3645435540588706,0,-0.11,-0.22,-0.11
2014-04-17 17:47:00,17.9175,0.3708632487738955,0,-0.11,-0.22,-0.11
2014-04-17 17:52:00,16.2675,0.3589167190919091,0,-0.11,-0.22,-0.11
2014-04-17 17:57:00,18.3325,0.4174047528795076,0,-0.11,-0.22,-0.11
2014-04-17 18:02:00,17.065,0.2722167696026913,0,-0.11,-0.22,-0.11
2014-04-17 18:07:00,17.0825,0.27042611736292416,0,-0.11,-0.22,-0.11
2014-04-17 18:12:00,17.915,0.3575864058400339,0,-0.11,-0.22,-0.11
2014-04-17 18:17:00,17.5,0.3060233672817067,0,-0.11,-0.22,-0.11
2014-04-17 18:22:00,17.1825,0.27160398155859344,0,-0.11,-0.22,-0.11
2014-04-17 18:27:00,17.5,0.3055936160162848,0,-0.11,-0.22,-0.11
2014-04-17 18:32:00,17.0825,0.27868281476210394,0,-0.11,-0.22,-0.11
2014-04-17 18:37:00,16.57,0.33797897856040604,0,-0.11,-0.22,-0.11
2014-04-17 18:42:00,16.6825,0.3209000164123855,0,-0.11,-0.22,-0.11
2014-04-17 18:47:00,18.7475,0.4757780170473376,0,-0.11,-0.22,-0.11
2014-04-17 18:52:00,16.25,0.3684202497059706,0,-0.11,-0.22,-0.11
2014-04-17 18:57:00,17.9175,0.3463985933409209,0,-0.11,-0.22,-0.11
2014-04-17 19:02:00,16.665,0.3205945373080453,0,-0.11,-0.22,-0.11
2014-04-17 19:07:00,17.235,0.2757762533358621,0,-0.11,-0.22,-0.11
2014-04-17 19:12:00,17.915,0.3472109194933483,0,-0.11,-0.22,-0.11
2014-04-17 19:17:00,17.9175,0.34300309083302705,0,-0.11,-0.22,-0.11
2014-04-17 19:22:00,16.6675,0.3275176625763702,0,-0.11,-0.22,-0.11
2014-04-17 19:27:00,17.5,0.29790580504954506,0,-0.11,-0.22,-0.11
2014-04-17 19:32:00,17.0825,0.28338715338919684,0,-0.11,-0.22,-0.11
2014-04-17 19:37:00,16.665,0.3287879690230724,0,-0.11,-0.22,-0.11
2014-04-17 19:42:00,16.6675,0.32580184035046145,0,-0.11,-0.22,-0.11
2014-04-17 19:47:00,17.0425,0.2817635445332185,0,-0.11,-0.22,-0.11
2014-04-17 19:52:00,17.08,0.2773520621761928,0,-0.11,-0.22,-0.11
2014-04-17 19:57:00,17.4975,0.3078002278200797,0,-0.11,-0.22,-0.11
2014-04-17 20:02:00,17.0825,0.2789352052869715,0,-0.11,-0.22,-0.11
2014-04-17 20:07:00,18.34,0.4198736502712265,0,-0.11,-0.22,-0.11
2014-04-17 20:12:00,17.0825,0.28441632936069344,0,-0.11,-0.22,-0.11
2014-04-17 20:17:00,17.0825,0.2839973470617855,0,-0.11,-0.22,-0.11
2014-04-17 20:22:00,16.3425,0.37569080985711306,0,-0.11,-0.22,-0.11
2014-04-17 20:27:00,17.5025,0.306651374688092,0,-0.11,-0.22,-0.11
2014-04-17 20:32:00,16.6525,0.33161359297011256,0,-0.11,-0.22,-0.11
2014-04-17 20:37:00,17.495,0.307895736424368,0,-0.11,-0.22,-0.11
2014-04-17 20:42:00,17.0825,0.27956798763558866,0,-0.11,-0.22,-0.11
2014-04-17 20:47:00,16.6275,0.3363022155759121,0,-0.11,-0.22,-0.11
2014-04-17 20:52:00,16.6675,0.3277164613786173,0,-0.11,-0.22,-0.11
2014-04-17 20:57:00,18.275,0.4227657465024451,0,-0.11,-0.22,-0.11
2014-04-17 21:02:00,16.665,0.3283945647031882,0,-0.11,-0.22,-0.11
2014-04-17 21:07:00,18.75,0.4735537790645526,0,-0.11,-0.22,-0.11
2014-04-17 21:12:00,17.4975,0.29541838140137633,0,-0.11,-0.22,-0.11
2014-04-17 21:17:00,18.3325,0.38867079191037934,0,-0.11,-0.22,-0.11
2014-04-17 21:22:00,17.0825,0.2901080765283324,0,-0.11,-0.22,-0.11
2014-04-17 21:27:00,18.335,0.3820037114973529,0,-0.11,-0.22,-0.11
2014-04-17 21:32:00,16.6825,0.3354603696938965,0,-0.11,-0.22,-0.11
2014-04-17 21:37:00,17.5,0.2875301435866541,0,-0.11,-0.22,-0.11
2014-04-17 21:42:00,17.4375,0.28073993965891475,0,-0.11,-0.22,-0.11
2014-04-17 21:47:00,17.5,0.2868575204373617,0,-0.11,-0.22,-0.11
2014-04-17 21:52:00,16.25,0.392040280151048,0,-0.11,-0.22,-0.11
2014-04-17 21:57:00,18.3325,0.3833972565153358,0,-0.11,-0.22,-0.11
2014-04-17 22:02:00,16.6675,0.33619209532644745,0,-0.11,-0.22,-0.11
2014-04-17 22:07:00,17.0825,0.28989027483828433,0,-0.11,-0.22,-0.11
2014-04-17 22:12:00,16.6675,0.3332543169985795,0,-0.11,-0.22,-0.11
2014-04-17 22:17:00,16.6675,0.3301770612371665,0,-0.11,-0.22,-0.11
2014-04-17 22:22:00,17.175,0.2740559648917294,0,-0.11,-0.22,-0.11
2014-04-17 22:27:00,17.0825,0.28347141046065777,0,-0.11,-0.22,-0.11
2014-04-17 22:32:00,17.0825,0.2830806327685811,0,-0.11,-0.22,-0.11
2014-04-17 22:37:00,17.9225,0.35069912233992423,0,-0.11,-0.22,-0.11
2014-04-17 22:42:00,17.56,0.3032804719617193,0,-0.11,-0.22,-0.11
2014-04-17 22:47:00,17.925,0.34577359692892595,0,-0.11,-0.22,-0.11
2014-04-17 22:52:00,17.5,0.2914712813411684,0,-0.11,-0.22,-0.11
2014-04-17 22:57:00,17.5025,0.29111173386720873,0,-0.11,-0.22,-0.11
2014-04-17 23:02:00,16.6675,0.3472892676514021,0,-0.11,-0.22,-0.11
2014-04-17 23:07:00,18.015,0.3579687495998381,0,-0.11,-0.22,-0.11
2014-04-17 23:12:00,17.085,0.29553812451461026,0,-0.11,-0.22,-0.11
2014-04-17 23:17:00,18.2175,0.3826755388116278,0,-0.11,-0.22,-0.11
2014-04-17 23:22:00,16.6675,0.3499137147621282,0,-0.11,-0.22,-0.11
2014-04-17 23:27:00,17.915,0.3383043184642273,0,-0.11,-0.22,-0.11
2014-04-17 23:32:00,17.0825,0.2988219644602245,0,-0.11,-0.22,-0.11
2014-04-17 23:37:00,17.085,0.2976021512696458,0,-0.11,-0.22,-0.11
2014-04-17 23:42:00,17.0825,0.2970278283771132,0,-0.11,-0.22,-0.11
2014-04-17 23:47:00,16.6675,0.3495330472966674,0,-0.11,-0.22,-0.11
2014-04-17 23:52:00,16.26,0.4005064692017751,0,-0.11,-0.22,-0.11
2014-04-17 23:57:00,18.06,0.3692281934301968,0,-0.11,-0.22,-0.11
2014-04-18 00:02:00,16.25,0.3910412816612725,0,-0.11,-0.22,-0.11
2014-04-18 00:07:00,18.3325,0.397785023055678,0,-0.11,-0.22,-0.11
2014-04-18 00:12:00,17.0825,0.2882388050903651,0,-0.11,-0.22,-0.11
2014-04-18 00:17:00,17.5,0.29338779247781577,0,-0.11,-0.22,-0.11
2014-04-18 00:22:00,16.6675,0.3361925726795359,0,-0.11,-0.22,-0.11
2014-04-18 00:27:00,17.915,0.34358282470039075,0,-0.11,-0.22,-0.11
2014-04-18 00:32:00,16.2525,0.3870120287553399,0,-0.11,-0.22,-0.11
2014-04-18 00:37:00,17.5,0.2969415299378545,0,-0.11,-0.22,-0.11
2014-04-18 00:42:00,16.25,0.38083444419668855,0,-0.11,-0.22,-0.11
2014-04-18 00:47:00,17.0825,0.27989320320483946,0,-0.11,-0.22,-0.11
2014-04-18 00:52:00,17.0825,0.2796052111730319,0,-0.11,-0.22,-0.11
2014-04-18 00:57:00,17.5025,0.3036071455036249,0,-0.11,-0.22,-0.11
2014-04-18 01:02:00,17.0825,0.2812754450581015,0,-0.11,-0.22,-0.11
2014-04-18 01:07:00,18.335,0.4089271172205421,0,-0.11,-0.22,-0.11
2014-04-18 01:12:00,18.2875,0.3874703018111352,0,-0.11,-0.22,-0.11
2014-04-18 01:17:00,17.5,0.2891105603251393,0,-0.11,-0.22,-0.11
2014-04-18 01:22:00,16.6675,0.3387748257971461,0,-0.11,-0.22,-0.11
2014-04-18 01:27:00,17.4875,0.29066083546679705,0,-0.11,-0.22,-0.11
2014-04-18 01:32:00,16.6675,0.33805563132683275,0,-0.11,-0.22,-0.11
2014-04-18 01:37:00,17.0825,0.2875628456804514,0,-0.11,-0.22,-0.11
2014-04-18 01:42:00,17.4975,0.2962006454204089,0,-0.11,-0.22,-0.11
2014-04-18 01:47:00,16.665,0.3385258906074333,0,-0.11,-0.22,-0.11
2014-04-18 01:52:00,16.25,0.38798923752308784,0,-0.11,-0.22,-0.11
2014-04-18 01:57:00,18.295,0.3999547617257654,0,-0.11,-0.22,-0.11
2014-04-18 02:02:00,16.665,0.3300141486198261,0,-0.11,-0.22,-0.11
2014-04-18 02:07:00,17.0825,0.2819399528195801,0,-0.11,-0.22,-0.11
2014-04-18 02:12:00,17.0825,0.2815939055398209,0,-0.11,-0.22,-0.11
2014-04-18 02:17:00,17.5,0.3021932495643996,0,-0.11,-0.22,-0.11
2014-04-18 02:22:00,17.5075,0.30199221972431123,0,-0.11,-0.22,-0.11
2014-04-18 02:27:00,17.915,0.35102862131719936,0,-0.11,-0.22,-0.11
2014-04-18 02:32:00,16.665,0.3389429149027182,0,-0.11,-0.22,-0.11
2014-04-18 02:37:00,17.9175,0.350303827780521,0,-0.11,-0.22,-0.11
2014-04-18 02:42:00,16.6675,0.3388342708489351,0,-0.11,-0.22,-0.11
2014-04-18 02:47:00,17.5,0.29869012718230425,0,-0.11,-0.22,-0.11
2014-04-18 02:52:00,17.0475,0.29199108750509994,0,-0.11,-0.22,-0.11
2014-04-18 02:57:00,17.4975,0.2993750983655425,0,-0.11,-0.22,-0.11
2014-04-18 03:02:00,17.0825,0.2891120024883738,0,-0.11,-0.22,-0.11
2014-04-18 03:07:00,17.535,0.3050173079618723,0,-0.11,-0.22,-0.11
2014-04-18 03:12:00,17.9175,0.3559055735062248,0,-0.11,-0.22,-0.11
2014-04-18 03:17:00,17.5,0.29474838359558353,0,-0.11,-0.22,-0.11
2014-04-18 03:22:00,17.515,0.2959307266759084,0,-0.11,-0.22,-0.11
2014-04-18 03:27:00,17.5,0.2931342144113499,0,-0.11,-0.22,-0.11
2014-04-18 03:32:00,16.2525,0.4249484229200359,0,-0.11,-0.22,-0.11
2014-04-18 03:37:00,17.9175,0.3528996647327269,0,-0.11,-0.22,-0.11
2014-04-18 03:42:00,17.0825,0.2955006181911572,0,-0.11,-0.22,-0.11
2014-04-18 03:47:00,17.0825,0.2947072664637594,0,-0.11,-0.22,-0.11
2014-04-18 03:52:00,17.4975,0.29672680086270714,0,-0.11,-0.22,-0.11
2014-04-18 03:57:00,17.0775,0.29662650054143674,0,-0.11,-0.22,-0.11
2014-04-18 04:02:00,16.6675,0.3546832723815511,0,-0.11,-0.22,-0.11
2014-04-18 04:07:00,17.3975,0.2883270321412489,0,-0.11,-0.22,-0.11
2014-04-18 04:12:00,16.665,0.3528495193815261,0,-0.11,-0.22,-0.11
2014-04-18 04:17:00,17.5,0.3058161120833565,0,-0.11,-0.22,-0.11
2014-04-18 04:22:00,16.2525,0.4168154877387448,0,-0.11,-0.22,-0.11
2014-04-18 04:27:00,17.96,0.3738716159677046,0,-0.11,-0.22,-0.11
2014-04-18 04:32:00,16.25,0.4018249222721576,0,-0.11,-0.22,-0.11
2014-04-18 04:37:00,17.9175,0.3614473296434848,0,-0.11,-0.22,-0.11
2014-04-18 04:42:00,16.665,0.3359040646223073,0,-0.11,-0.22,-0.11
2014-04-18 04:47:00,17.0825,0.28131643721069344,0,-0.11,-0.22,-0.11
2014-04-18 04:52:00,17.0825,0.2809882749405483,0,-0.11,-0.22,-0.11
2014-04-18 04:57:00,17.5,0.3089259115802123,0,-0.11,-0.22,-0.11
2014-04-18 05:02:00,16.25,0.3975833433646392,0,-0.11,-0.22,-0.11
2014-04-18 05:07:00,17.0825,0.2766274498341402,0,-0.11,-0.22,-0.11
2014-04-18 05:12:00,17.0825,0.2764286190934582,0,-0.11,-0.22,-0.11
2014-04-18 05:17:00,17.5025,0.3152069217648103,0,-0.11,-0.22,-0.11
2014-04-18 05:22:00,16.665,0.3344373103748192,0,-0.11,-0.22,-0.11
2014-04-18 05:27:00,17.915,0.37605239542983937,0,-0.11,-0.22,-0.11
2014-04-18 05:32:00,16.675,0.3335023261502657,0,-0.11,-0.22,-0.11
2014-04-18 05:37:00,17.5,0.31375280156362256,0,-0.11,-0.22,-0.11
2014-04-18 05:42:00,16.665,0.3352433710675273,0,-0.11,-0.22,-0.11
2014-04-18 05:47:00,17.5,0.3156715745801305,0,-0.11,-0.22,-0.11
2014-04-18 05:52:00,16.6675,0.3351424967113799,0,-0.11,-0.22,-0.11
2014-04-18 05:57:00,17.5025,0.3178403982571254,0,-0.11,-0.22,-0.11
2014-04-18 06:02:00,17.09,0.2771159760212962,0,-0.11,-0.22,-0.11
2014-04-18 06:07:00,17.485,0.3151192503153369,0,-0.11,-0.22,-0.11
2014-04-18 06:12:00,17.0825,0.28032446409612066,0,-0.11,-0.22,-0.11
2014-04-18 06:17:00,17.915,0.38290380181632383,0,-0.11,-0.22,-0.11
2014-04-18 06:22:00,16.2525,0.4103597417767442,0,-0.11,-0.22,-0.11
2014-04-18 06:27:00,17.5,0.3143833119787962,0,-0.11,-0.22,-0.11
2014-04-18 06:32:00,17.0625,0.2827958429297641,0,-0.11,-0.22,-0.11
2014-04-18 06:37:00,17.085,0.2794248431786241,0,-0.11,-0.22,-0.11
2014-04-18 06:42:00,17.0975,0.2774507084343293,0,-0.11,-0.22,-0.11
2014-04-18 06:47:00,16.665,0.3411778817716565,0,-0.11,-0.22,-0.11
2014-04-18 06:52:00,16.2525,0.4039989919298414,0,-0.11,-0.22,-0.11
2014-04-18 06:57:00,17.915,0.3879954127094882,0,-0.11,-0.22,-0.11
2014-04-18 07:02:00,16.25,0.3915044648453551,0,-0.11,-0.22,-0.11
2014-04-18 07:07:00,17.5,0.3213404298272458,0,-0.11,-0.22,-0.11
2014-04-18 07:12:00,17.4825,0.3168556874141737,0,-0.11,-0.22,-0.11
2014-04-18 07:17:00,17.035,0.28024886733886184,0,-0.11,-0.22,-0.11
2014-04-18 07:22:00,15.835,0.4563568569284448,0,-0.11,-0.22,-0.11
2014-04-18 07:27:00,17.4875,0.3203706138985999,0,-0.11,-0.22,-0.11
2014-04-18 07:32:00,17.0825,0.26940814964503146,0,-0.11,-0.22,-0.11
2014-04-18 07:37:00,16.6675,0.3199074976666693,0,-0.11,-0.22,-0.11
2014-04-18 07:42:00,17.6,0.3380464294801557,0,-0.11,-0.22,-0.11
2014-04-18 07:47:00,16.71,0.3159431372876634,0,-0.11,-0.22,-0.11
2014-04-18 07:52:00,17.0825,0.2708912689458063,0,-0.11,-0.22,-0.11
2014-04-18 07:57:00,20.0,0.7007158021416356,0,-0.11,-0.22,-0.11
2014-04-18 08:02:00,17.085,0.2793542280263811,0,-0.11,-0.22,-0.11
2014-04-18 08:07:00,17.915,0.3306288832609302,0,-0.11,-0.22,-0.11
2014-04-18 08:12:00,16.6675,0.3188907307975248,0,-0.11,-0.22,-0.11
2014-04-18 08:17:00,17.8625,0.3263545345045929,0,-0.11,-0.22,-0.11
2014-04-18 08:22:00,16.6675,0.32037721179334555,0,-0.11,-0.22,-0.11
2014-04-18 08:27:00,17.5,0.29368606964352245,0,-0.11,-0.22,-0.11
2014-04-18 08:32:00,17.08,0.28235839141595315,0,-0.11,-0.22,-0.11
2014-04-18 08:37:00,16.665,0.3216862609255338,0,-0.11,-0.22,-0.11
2014-04-18 08:42:00,17.085,0.27909493562741555,0,-0.11,-0.22,-0.11
2014-04-18 08:47:00,17.5,0.2985513788855932,0,-0.11,-0.22,-0.11
2014-04-18 08:52:00,16.19,0.3749060424078625,0,-0.11,-0.22,-0.11
2014-04-18 08:57:00,17.4625,0.2982004062836853,0,-0.11,-0.22,-0.11
2014-04-18 09:02:00,16.6675,0.31885247412037243,0,-0.11,-0.22,-0.11
2014-04-18 09:07:00,17.085,0.2747432434365506,0,-0.11,-0.22,-0.11
2014-04-18 09:12:00,16.6675,0.3178463571323335,0,-0.11,-0.22,-0.11
2014-04-18 09:17:00,17.5,0.308377895547917,0,-0.11,-0.22,-0.11
2014-04-18 09:22:00,16.26,0.3659445212995956,0,-0.11,-0.22,-0.11
2014-04-18 09:27:00,17.9175,0.35779642201652234,0,-0.11,-0.22,-0.11
2014-04-18 09:32:00,16.25,0.3637320120139162,0,-0.11,-0.22,-0.11
2014-04-18 09:37:00,17.32,0.2915907521269636,0,-0.11,-0.22,-0.11
2014-04-18 09:42:00,17.0975,0.2694080630190954,0,-0.11,-0.22,-0.11
2014-04-18 09:47:00,17.5025,0.3113113454301377,0,-0.11,-0.22,-0.11
2014-04-18 09:52:00,16.6825,0.31642754526545464,0,-0.11,-0.22,-0.11
2014-04-18 09:57:00,17.9175,0.3620019124036685,0,-0.11,-0.22,-0.11
2014-04-18 10:02:00,16.655,0.3216414588974627,0,-0.11,-0.22,-0.11
2014-04-18 10:07:00,17.0375,0.27723709419620746,0,-0.11,-0.22,-0.11
2014-04-18 10:12:00,17.915,0.3623064064217231,0,-0.11,-0.22,-0.11
2014-04-18 10:17:00,17.5,0.3068821676822503,0,-0.11,-0.22,-0.11
2014-04-18 10:22:00,16.6825,0.3240789738178021,0,-0.11,-0.22,-0.11
2014-04-18 10:27:00,17.5025,0.3091204303733593,0,-0.11,-0.22,-0.11
2014-04-18 10:32:00,17.0825,0.2779347358408356,0,-0.11,-0.22,-0.11
2014-04-18 10:37:00,17.915,0.361807446454536,0,-0.11,-0.22,-0.11
2014-04-18 10:42:00,17.62,0.3183048022574575,0,-0.11,-0.22,-0.11
2014-04-18 10:47:00,17.085,0.2841969237171891,0,-0.11,-0.22,-0.11
2014-04-18 10:52:00,16.6675,0.3359713399712102,0,-0.11,-0.22,-0.11
2014-04-18 10:57:00,17.9175,0.3613725902092273,0,-0.11,-0.22,-0.11
2014-04-18 11:02:00,16.2525,0.3919682275466759,0,-0.11,-0.22,-0.11
2014-04-18 11:07:00,18.3325,0.4121378949783441,0,-0.11,-0.22,-0.11
2014-04-18 11:12:00,16.6675,0.3306880968250592,0,-0.11,-0.22,-0.11
2014-04-18 11:17:00,17.0825,0.2815655033545571,0,-0.11,-0.22,-0.11
2014-04-18 11:22:00,16.6675,0.3286744200176355,0,-0.11,-0.22,-0.11
2014-04-18 11:27:00,17.5025,0.3059566700637749,0,-0.11,-0.22,-0.11
2014-04-18 11:32:00,16.6675,0.3291281492295968,0,-0.11,-0.22,-0.11
2014-04-18 11:37:00,17.9175,0.35953081103277945,0,-0.11,-0.22,-0.11
2014-04-18 11:42:00,16.7575,0.31933604944818184,0,-0.11,-0.22,-0.11
2014-04-18 11:47:00,17.5,0.3058776496226003,0,-0.11,-0.22,-0.11
2014-04-18 11:52:00,16.34,0.3739809648932792,0,-0.11,-0.22,-0.11
2014-04-18 11:57:00,18.33,0.4144753941339505,0,-0.11,-0.22,-0.11
2014-04-18 12:02:00,16.19,0.3848683737315721,0,-0.11,-0.22,-0.11
2014-04-18 12:07:00,17.8025,0.3372718894639824,0,-0.11,-0.22,-0.11
2014-04-18 12:12:00,17.08,0.2800372112226061,0,-0.11,-0.22,-0.11
2014-04-18 12:17:00,17.1825,0.2691802374367936,0,-0.11,-0.22,-0.11
2014-04-18 12:22:00,16.25,0.3767040343568602,0,-0.11,-0.22,-0.11
2014-04-18 12:27:00,18.3325,0.4055350537303325,0,-0.11,-0.22,-0.11
2014-04-18 12:32:00,16.2525,0.3689296270185631,0,-0.11,-0.22,-0.11
2014-04-18 12:37:00,17.085,0.27516504843624706,0,-0.11,-0.22,-0.11
2014-04-18 12:42:00,16.665,0.3180968297601034,0,-0.11,-0.22,-0.11
2014-04-18 12:47:00,16.625,0.3205017010335034,0,-0.11,-0.22,-0.11
2014-04-18 12:52:00,17.0825,0.2705001456163978,0,-0.11,-0.22,-0.11
2014-04-18 12:57:00,17.5,0.3118660202972978,0,-0.11,-0.22,-0.11
2014-04-18 13:02:00,15.835,0.4194931298459577,0,-0.11,-0.22,-0.11
2014-04-18 13:07:00,17.5,0.3142610590642949,0,-0.11,-0.22,-0.11
2014-04-18 13:12:00,16.2525,0.35688679655971073,0,-0.11,-0.22,-0.11
2014-04-18 13:17:00,17.5575,0.3226294216728909,0,-0.11,-0.22,-0.11
2014-04-18 13:22:00,17.0825,0.2710860689858765,0,-0.11,-0.22,-0.11
2014-04-18 13:27:00,17.8525,0.3554990692192324,0,-0.11,-0.22,-0.11
2014-04-18 13:32:00,15.8325,0.4118137270839672,0,-0.11,-0.22,-0.11
2014-04-18 13:37:00,17.145,0.27912023515526,0,-0.11,-0.22,-0.11
2014-04-18 13:42:00,17.0825,0.27273877948779873,0,-0.11,-0.22,-0.11
2014-04-18 13:47:00,16.665,0.3081192990053888,0,-0.11,-0.22,-0.11
2014-04-18 13:52:00,17.0825,0.2746400789447708,0,-0.11,-0.22,-0.11
2014-04-18 13:57:00,17.9175,0.3696092233729267,0,-0.11,-0.22,-0.11
2014-04-18 14:02:00,16.2525,0.35932942581365657,0,-0.11,-0.22,-0.11
2014-04-18 14:07:00,17.5,0.3180274716936251,0,-0.11,-0.22,-0.11
2014-04-18 14:12:00,17.0825,0.2716503768126909,0,-0.11,-0.22,-0.11
2014-04-18 14:17:00,17.5,0.31723429724086705,0,-0.11,-0.22,-0.11
2014-04-18 14:22:00,17.085,0.2695456728542735,0,-0.11,-0.22,-0.11
2014-04-18 14:27:00,17.91,0.3670954256196009,0,-0.11,-0.22,-0.11
2014-04-18 14:32:00,16.25,0.37019040504761785,0,-0.11,-0.22,-0.11
2014-04-18 14:37:00,17.5,0.314849569724809,0,-0.11,-0.22,-0.11
2014-04-18 14:42:00,16.665,0.31684490090954515,0,-0.11,-0.22,-0.11
2014-04-18 14:47:00,17.0825,0.26953261072776274,0,-0.11,-0.22,-0.11
2014-04-18 14:52:00,16.665,0.31628346827416565,0,-0.11,-0.22,-0.11
2014-04-18 14:57:00,17.915,0.3737308990040356,0,-0.11,-0.22,-0.11
2014-04-18 15:02:00,16.25,0.3698696221711963,0,-0.11,-0.22,-0.11
2014-04-18 15:07:00,16.665,0.3124047270329325,1,1.0,1.0,1.0
2014-04-18 15:12:00,16.6675,0.3105293052762408,1,0.9996606163510808,0.9996606163510808,0.9996606163510809
2014-04-18 15:17:00,17.915,0.3771331056016009,1,0.9993128031853268,0.9993128031853268,0.9993128031853268
2014-04-18 15:22:00,17.0825,0.2709395533879071,1,0.9989563541757912,0.9989563541757912,0.9989563541757912
2014-04-18 15:27:00,17.445,0.31240921068010713,1,0.9985910580993534,0.9985910580993534,0.9985910580993534
2014-04-18 15:32:00,16.2325,0.37285871853721136,1,0.9982166987283538,0.9982166987283538,0.9982166987283538
2014-04-18 15:37:00,17.5925,0.3326209676185577,1,0.9978330547202332,0.9978330547202332,0.9978330547202332
2014-04-18 15:42:00,16.25,0.3666309636819323,1,0.9974398995051676,0.9974398995051676,0.9974398995051675
2014-04-18 15:47:00,17.0825,0.2748280815733755,1,0.9970370011716712,0.9970370011716712,0.9970370011716713
2014-04-18 15:52:00,17.0825,0.2746768958400448,1,0.9966241223501692,0.9966241223501692,0.9966241223501693
2014-04-18 15:57:00,17.1975,0.2878198354900054,1,0.9962010200945216,0.9962010200945216,0.9962010200945217
2014-04-18 16:02:00,16.665,0.3143992786562085,1,0.9957674457614892,0.9957674457614892,0.9957674457614893
2014-04-18 16:07:00,16.6675,0.31238205575750816,1,0.9953231448881372,0.9953231448881371,0.995323144888137
2014-04-18 16:12:00,17.08,0.2779644297978796,1,0.9948678570671664,0.9948678570671664,0.9948678570671663
2014-04-18 16:17:00,16.25,0.3704307235024741,1,0.9944013158201752,0.9944013158201752,0.9944013158201751
2014-04-18 16:22:00,17.5,0.3364263691188128,1,0.9939232484688408,0.9939232484688408,0.9939232484688408
2014-04-18 16:27:00,17.5,0.33306033022718545,1,0.9934333760040284,0.9934333760040284,0.9934333760040285
2014-04-18 16:32:00,16.2525,0.3705465127726577,1,0.9929314129528292,0.9929314129528292,0.9929314129528292
2014-04-18 16:37:00,17.085,0.28100512182630105,1,0.9924170672435276,0.9924170672435276,0.9924170672435275
2014-04-18 16:42:00,16.61,0.3169270823640398,1,0.9918900400685148,0.9918900400685148,0.9918900400685149
2014-04-18 16:47:00,17.0825,0.2829165409009382,1,0.9913500257451536,0.9913500257451536,0.9913500257451535
2014-04-18 16:52:00,16.665,0.3095193018813385,1,0.9907967115746072,0.9907967115746072,0.9907967115746071
2014-04-18 16:57:00,17.5,0.3429019858247405,1,0.9902297776986564,0.9902297776986564,0.9902297776986564
2014-04-18 17:02:00,17.5,0.3388904742277048,1,0.9896488969545182,0.9896488969545182,0.9896488969545182
2014-04-18 17:07:00,17.915,0.3975690350357631,1,0.989053734727698,0.989053734727698,0.9890537347276981
2014-04-18 17:12:00,17.0825,0.2719636875729688,1,0.9884439488028972,0.9884439488028972,0.9884439488028973
2014-04-18 17:17:00,17.9175,0.3881377650713879,1,0.9878191892130114,0.9878191892130114,0.9878191892130114
2014-04-18 17:22:00,16.2475,0.3828465854334037,1,0.987179098086258,0.9871790980862579,0.987179098086258
2014-04-18 17:27:00,17.085,0.27195765859879545,1,0.9865233094914724,0.9865233094914724,0.9865233094914725
2014-04-18 17:32:00,16.25,0.37574273134853897,1,0.9858514492816188,0.9858514492816188,0.9858514492816188
2014-04-18 17:37:00,17.5,0.32829653464801656,1,0.9851631349355688,0.9851631349355688,0.9851631349355688
2014-04-18 17:42:00,17.1875,0.2861042825355509,1,0.9844579753982056,0.9844579753982056,0.9844579753982057
2014-04-18 17:47:00,17.0825,0.27272622352666515,1,0.9837355709189104,0.9837355709189104,0.9837355709189104
2014-04-18 17:52:00,17.5,0.327470278789226,1,0.9829955128885096,0.9829955128885096,0.9829955128885095
2014-04-18 17:57:00,17.19,0.28345978177341136,1,0.9822373836747456,0.9822373836747456,0.9822373836747457
2014-04-18 18:02:00,17.5225,0.3287253031778823,1,0.9814607564563648,0.9814607564563648,0.9814607564563648
2014-04-18 18:07:00,18.3325,0.4507495138828546,1,0.9806651950559008,0.9806651950559008,0.9806651950559007
2014-04-18 18:12:00,16.6675,0.3302434539793344,1,0.9798502537712545,0.9798502537712545,0.9798502537712545
2014-04-18 18:17:00,16.25,0.3841243000532392,1,0.979015477206175,0.979015477206175,0.979015477206175
2014-04-18 18:22:00,16.25,0.37403067465077816,1,0.978160400099744,0.978160400099744,0.9781604000997439
2014-04-18 18:27:00,18.035,0.3893646205810082,1,0.9772845471549964,0.9772845471549964,0.9772845471549964
2014-04-18 18:32:00,16.6675,0.31737837272758035,1,0.976387432866794,0.976387432866794,0.976387432866794
2014-04-18 18:37:00,17.4525,0.3107530838951026,1,0.9754685613490952,0.9754685613490952,0.9754685613490953
2014-04-18 18:42:00,16.2525,0.3705189510989175,1,0.9745274261617696,0.9745274261617696,0.9745274261617695
2014-04-18 18:47:00,17.0825,0.27172933825121,1,0.9735635101371072,0.9735635101371072,0.9735635101371072
2014-04-18 18:52:00,16.2525,0.3656234338603876,1,0.9725762852061977,0.9725762852061977,0.9725762852061975
2014-04-18 18:57:00,17.0725,0.27490212604189224,1,0.9715652122253532,0.9715652122253532,0.9715652122253531
2014-04-18 19:02:00,17.0275,0.2697401514734883,1,0.9705297408027682,0.9705297408027682,0.9705297408027682
2014-04-18 19:07:00,16.6675,0.31078525653434835,1,0.9694693091256104,0.9694693091256104,0.9694693091256104
2014-04-18 19:12:00,16.64,0.3127454015792873,1,0.9683833437877668,0.9683833437877668,0.9683833437877669
2014-04-18 19:17:00,17.5,0.3332760842163516,1,0.9672712596184648,0.9672712596184648,0.9672712596184648
2014-04-18 19:22:00,17.0975,0.27928302695501506,1,0.966132459512006,0.966132459512006,0.9661324595120059
2014-04-18 19:27:00,17.855,0.3811105914727052,1,0.9649663342588732,0.9649663342588732,0.9649663342588732
2014-04-18 19:32:00,16.25,0.3728189657400047,1,0.963772262378476,0.963772262378476,0.9637722623784759
2014-04-18 19:37:00,16.665,0.310922979435501,1,0.9625496099538098,0.9625496099538098,0.9625496099538098
2014-04-18 19:42:00,16.6675,0.30910749689619593,1,0.961297730468342,0.961297730468342,0.961297730468342
2014-04-18 19:47:00,17.0825,0.2809186545139633,1,0.9600159646454204,0.9600159646454204,0.9600159646454204
2014-04-18 19:52:00,16.23,0.3696538916599869,1,0.9587036402905508,0.9587036402905508,0.9587036402905507
2014-04-18 19:57:00,19.2575,0.5965845768504271,1,0.9573600721368786,0.9573600721368786,0.9573600721368786
2014-04-18 20:02:00,16.2525,0.3469112605497067,1,0.9559845616942484,0.9559845616942484,0.9559845616942484
2014-04-18 20:07:00,17.9175,0.35486965298442696,1,0.9545763971022152,0.9545763971022152,0.9545763971022153
2014-04-18 20:12:00,17.085,0.2703473675202299,1,0.9531348529874168,0.9531348529874168,0.9531348529874168
2014-04-18 20:17:00,17.145,0.2757629891419455,1,0.95165919032572,0.95165919032572,0.95165919032572
2014-04-18 20:22:00,17.085,0.26999887635135394,1,0.9501486563095902,0.9501486563095902,0.9501486563095902
2014-04-18 20:27:00,17.9175,0.3557764596821572,1,0.948602484221132,0.9486024842211321,0.948602484221132
2014-04-18 20:32:00,16.34,0.3475476482014954,1,0.9470198933112958,0.9470198933112958,0.9470198933112958
2014-04-18 20:37:00,17.5,0.3101560351747277,1,0.9454000886857372,0.9454000886857371,0.945400088685737
2014-04-18 20:42:00,17.0825,0.2704733627196444,1,0.9437422611978667,0.9437422611978667,0.9437422611978669
2014-04-18 20:47:00,17.0825,0.2704344850548273,1,0.9420455873496312,0.9420455873496312,0.9420455873496312
2014-04-18 20:52:00,17.0825,0.27039659668718097,1,0.9403092292005844,0.9403092292005844,0.9403092292005844
2014-04-18 20:57:00,17.5,0.3122699840686835,1,0.9385323342858608,0.9385323342858608,0.9385323342858607
2014-04-18 21:02:00,16.6825,0.3164515683075713,1,0.9367140355436432,0.9367140355436432,0.9367140355436433
2014-04-18 21:07:00,17.5,0.31380821570610423,1,0.9348534512527858,0.9348534512527858,0.9348534512527858
2014-04-18 21:12:00,16.665,0.3198183365779309,1,0.932949684981232,0.932949684981232,0.932949684981232
2014-04-18 21:17:00,17.5,0.3153777276911534,1,0.9310018255459368,0.9310018255459368,0.9310018255459367
2014-04-18 21:22:00,16.2325,0.3759035294627984,1,0.9290089469849906,0.9290089469849906,0.9290089469849906
2014-04-18 21:27:00,18.335,0.4232669669506641,1,0.9269701085426888,0.9269701085426888,0.9269701085426887
2014-04-18 21:32:00,16.665,0.3180491463258959,1,0.9248843546683032,0.9248843546683032,0.9248843546683032
2014-04-18 21:37:00,17.09,0.2708525011742241,1,0.922750715029351,0.922750715029351,0.922750715029351
2014-04-18 21:42:00,17.4375,0.3044877147692669,1,0.9205682045401627,0.9205682045401627,0.9205682045401629
2014-04-18 21:47:00,17.0825,0.2733945104793567,1,0.9183358234065968,0.9183358234065968,0.9183358234065968
2014-04-18 21:52:00,16.7575,0.3103054005409561,1,0.9160525571877524,0.9160525571877524,0.9160525571877525
2014-04-18 21:57:00,17.4375,0.3072712870193566,1,0.9137173768755792,0.9137173768755791,0.913717376875579
2014-04-18 22:02:00,15.845,0.43258063200389707,1,0.9113292389932816,0.9113292389932816,0.9113292389932816
2014-04-18 22:07:00,17.925,0.3674954635563677,1,0.9088870857134672,0.9088870857134672,0.9088870857134672
2014-04-18 22:12:00,16.25,0.3633508471385666,1,0.9063898449969824,0.9063898449969824,0.9063898449969823
2014-04-18 22:17:00,17.5,0.31534237107212376,1,0.9038364307534312,0.9038364307534312,0.9038364307534311
2014-04-18 22:22:00,17.045,0.27249770607097856,1,0.9012257430243702,0.9012257430243702,0.9012257430243702
2014-04-18 22:27:00,18.3325,0.4166657120776167,1,0.8985566681902077,0.8985566681902077,0.8985566681902077
2014-04-18 22:32:00,17.0825,0.27467288599605444,1,0.8958280792018518,0.8958280792018518,0.8958280792018518
2014-04-18 22:37:00,17.5,0.30664106567708604,1,0.8930388358381706,0.8930388358381706,0.8930388358381706
2014-04-18 22:42:00,16.6125,0.327728101259434,1,0.8901877849903459,0.8901877849903459,0.8901877849903459
2014-04-18 22:47:00,17.085,0.2734722396932755,1,0.8872737609742145,0.8872737609742145,0.8872737609742145
2014-04-18 22:52:00,15.835,0.4235716554067373,1,0.8842955858717122,0.8842955858717122,0.8842955858717122
2014-04-18 22:57:00,17.5025,0.31421512987450145,1,0.8812520699025423,0.8812520699025423,0.8812520699025423
2014-04-18 23:02:00,17.0825,0.26910482666003305,1,0.8781420118272028,0.8781420118272028,0.8781420118272028
2014-04-18 23:07:00,17.915,0.3615474022520308,1,0.8749641993825149,0.8749641993825149,0.8749641993825149
2014-04-18 23:12:00,17.085,0.2730455507359947,1,0.8717174097508009,0.8717174097508009,0.8717174097508009
2014-04-18 23:17:00,18.33,0.4093106227050893,1,0.8684004100638634,0.8684004100638634,0.8684004100638634
2014-04-18 23:22:00,16.25,0.3688533728765204,1,0.8650119579429126,0.8650119579429126,0.8650119579429126
2014-04-18 23:27:00,25.11,0.9464351282243924,1,0.8615508020755978,0.8615508020755978,0.8615508020755978
2014-04-18 23:32:00,26.665,0.6534673898902791,1,0.8580156828312717,0.8580156828312717,0.8580156828312717
2014-04-18 23:37:00,27.405,0.5411756797062759,1,0.854405332915637,0.854405332915637,0.854405332915637
2014-04-18 23:42:00,28.475,0.5004477063689454,1,0.8507184780658686,0.8507184780658686,0.8507184780658686
2014-04-18 23:47:00,27.9175,0.4410070890786357,1,0.8469538377873326,0.8469538377873326,0.8469538377873326
2014-04-18 23:52:00,27.085,0.4006319876289547,1,0.8431101261329635,0.8431101261329635,0.8431101261329635
2014-04-18 23:57:00,29.73,0.4344646293000122,1,0.8391860525263521,0.8391860525263521,0.8391860525263521
2014-04-19 00:02:00,27.5,0.3755316057690103,1,0.8351803226295599,0.8351803226295599,0.8351803226295599
2014-04-19 00:07:00,28.75,0.3865006699556287,1,0.8310916392566403,0.8310916392566403,0.8310916392566403
2014-04-19 00:12:00,28.75,0.3759443102381109,1,0.8269187033337926,0.8269187033337926,0.8269187033337926
2014-04-19 00:17:00,29.165,0.3733899723897383,1,0.8226602149070443,0.8226602149070443,0.8226602149070443
2014-04-19 00:22:00,26.665,0.3306748652210202,1,0.8183148741982842,0.8183148741982842,0.8183148741982842
2014-04-19 00:27:00,27.4975,0.3391718835269678,1,0.8138813827104135,0.8138813827104135,0.8138813827104135
2014-04-19 00:32:00,28.3325,0.347072915656709,1,0.8093584443823231,0.8093584443823231,0.8093584443823231
2014-04-19 00:37:00,27.0825,0.3255902130752292,1,0.8047447667943036,0.8047447667943036,0.8047447667943036
2014-04-19 00:42:00,27.635,0.3306484772856844,1,0.8000390624244499,0.8000390624244499,0.80003906242445
2014-04-19 00:47:00,27.6525,0.32803522938091545,1,0.7952400499564912,0.7952400499564912,0.7952400499564912
2014-04-19 00:52:00,27.4975,0.3232673612270712,1,0.7903464556394151,0.7903464556394151,0.7903464556394151
2014-04-19 00:57:00,27.5,0.3210234213684872,1,0.7853570146991236,0.7853570146991236,0.7853570146991236
2014-04-19 01:02:00,27.9175,0.3247403468099174,1,0.7802704728022559,0.7802704728022559,0.7802704728022559
2014-04-19 01:07:00,27.92,0.3223895071305572,1,0.775085587572197,0.775085587572197,0.775085587572197
2014-04-19 01:12:00,29.225,0.3390309497166444,1,0.7698011301571411,0.7698011301571411,0.7698011301571411
2014-04-19 01:17:00,28.75,0.3285150915268205,1,0.7644158868499645,0.7644158868499645,0.7644158868499645
2014-04-19 01:22:00,29.1675,0.3319193796275527,1,0.7589286607594986,0.7589286607594986,0.7589286607594986
2014-04-19 01:27:00,28.3325,0.31684038146118565,1,0.7533382735326392,0.7533382735326392,0.7533382735326392
2014-04-19 01:32:00,28.3325,0.3149938310054355,1,0.7476435671265776,0.7476435671265776,0.7476435671265776
2014-04-19 01:37:00,27.9175,0.30719622778666555,1,0.7418434056302476,0.7418434056302476,0.7418434056302476
2014-04-19 01:42:00,27.0825,0.2937067921212573,1,0.7359366771339131,0.7359366771339131,0.7359366771339131
2014-04-19 01:47:00,27.045,0.2924284190617237,1,0.7299222956456326,0.7299222956456326,0.7299222956456326
2014-04-19 01:52:00,27.5,0.2986307977581081,1,0.7237992030531304,0.7237992030531304,0.7237992030531304
2014-04-19 01:57:00,27.4975,0.2976751505562785,1,0.7175663711294089,0.7175663711294089,0.7175663711294089
2014-04-19 02:02:00,27.0475,0.28972473192129233,1,0.7112228035802163,0.7112228035802163,0.7112228035802163
2014-04-19 02:07:00,27.9175,0.30321133700906394,1,0.7047675381312716,0.7047675381312716,0.7047675381312716
2014-04-19 02:12:00,26.6675,0.2816590429710503,1,0.698199648652917,0.698199648652917,0.698199648652917
2014-04-19 02:17:00,29.5875,0.3315749323272508,1,0.6915182473196357,0.6915182473196357,0.6915182473196357
2014-04-19 02:22:00,27.5,0.2922138406055084,1,0.6847224868016417,0.6847224868016417,0.6847224868016417
2014-04-19 02:27:00,28.75,0.3135487783301293,1,0.6778115624854981,0.6778115624854981,0.6778115624854981
2014-04-19 02:32:00,28.875,0.3141786478483724,1,0.6707847147204784,0.6707847147204784,0.6707847147204784
2014-04-19 02:37:00,27.0825,0.28035964646536565,1,0.6636412310871366,0.6636412310871366,0.6636412310871366
2014-04-19 02:42:00,27.915,0.2950976585102602,1,0.6563804486842948,0.6563804486842948,0.6563804486842948
2014-04-19 02:47:00,28.32,0.3019585886533312,1,0.6490017564304146,0.6490017564304146,0.6490017564304146
2014-04-19 02:52:00,26.25,0.27554622206676743,1,0.6415045973750478,0.6415045973750478,0.6415045973750478
2014-04-19 02:57:00,28.335,0.30240894173272626,1,0.6338884710158347,0.6338884710158347,0.6338884710158347
2014-04-19 03:02:00,26.64,0.2697266087005435,1,0.6261529356162405,0.6261529356162405,0.6261529356162405
2014-04-19 03:07:00,27.085,0.2768824907193824,1,0.6182976105190017,0.6182976105190017,0.6182976105190017
2014-04-19 03:12:00,26.225,0.2784907292482395,1,0.6103221784499866,0.6103221784499866,0.6103221784499866
2014-04-19 03:17:00,28.7475,0.3132386879558317,1,0.6022263878069634,0.6022263878069634,0.6022263878069634
2014-04-19 03:22:00,27.88,0.29234341700979816,1,0.5940100549275251,0.5940100549275251,0.5940100549275251
2014-04-19 03:27:00,28.7525,0.31147002860098044,1,0.5856730663302101,0.5856730663302101,0.5856730663302101
2014-04-19 03:32:00,28.75,0.3098811647130865,1,0.5772153809226541,0.5772153809226541,0.5772153809226541
2014-04-19 03:37:00,28.75,0.3084371967463329,1,0.5686370321704082,0.5686370321704082,0.5686370321704082
2014-04-19 03:42:00,28.3325,0.2970922203392744,1,0.5599381302198818,0.5599381302198818,0.5599381302198818
2014-04-19 03:47:00,28.3325,0.2962372007725813,1,0.551118863968718,0.551118863968718,0.551118863968718
2014-04-19 03:52:00,26.39,0.28885885929361355,1,0.5421795030767389,0.5421795030767389,0.5421795030767389
2014-04-19 03:57:00,29.1225,0.3174837391857337,1,0.5331203999105024,0.5331203999105024,0.5331203999105024
2014-04-19 04:02:00,27.5,0.2742295163135567,1,0.5239419914143904,0.5239419914143904,0.5239419914143904
2014-04-19 04:07:00,25.9725,0.3028661260761405,1,0.5146448009010722,0.5146448009010722,0.5146448009010722
2014-04-19 04:12:00,27.085,0.27254429551242515,1,0.5052294397541363,0.5052294397541363,0.5052294397541363
2014-04-19 04:17:00,27.24,0.2694596550129817,1,0.4956966090356518,0.4956966090356518,0.4956966090356518
2014-04-19 04:22:00,27.085,0.2725708114873209,1,0.4860471009914186,0.4860471009914186,0.4860471009914186
2014-04-19 04:27:00,27.5,0.2768036833540888,1,0.4762818004467008,0.4762818004467008,0.4762818004467008
2014-04-19 04:32:00,27.5,0.2766001353109335,1,0.4664016860852872,0.4664016860852872,0.46640168608528715
2014-04-19 04:37:00,26.6425,0.28647827861736497,1,0.4564078316048284,0.4564078316048284,0.4564078316048284
2014-04-19 04:42:00,26.2475,0.2981960545203483,1,0.4463014067415162,0.4463014067415162,0.4463014067415162
2014-04-19 04:47:00,27.0825,0.27138877317109233,1,0.43608367815732907,0.43608367815732907,0.43608367815732907
2014-04-19 04:52:00,26.25,0.2978400978774345,1,0.4257560101832722,0.4257560101832722,0.4257560101832722
2014-04-19 04:57:00,28.75,0.3233258179021527,1,0.4153198654122592,0.4153198654122592,0.4153198654122592
2014-04-19 05:02:00,27.3975,0.2753862717264426,1,0.4047768051355599,0.4047768051355599,0.40477680513555986
2014-04-19 05:07:00,27.9175,0.2927359184860573,1,0.3941284896170315,0.3941284896170315,0.3941284896170315
2014-04-19 05:12:00,28.3325,0.3067953820663558,1,0.3833766781996968,0.3833766781996968,0.38337667819969684
2014-04-19 05:17:00,27.9175,0.2905315438077443,1,0.3725232292396011,0.3725232292396011,0.37252322923960113
2014-04-19 05:22:00,28.05,0.294757146963487,1,0.3615700998623003,0.3615700998623003,0.3615700998623003
2014-04-19 05:27:00,28.33,0.30459044269381325,1,0.3505193455377616,0.3505193455377616,0.3505193455377616
2014-04-19 05:32:00,26.6675,0.2966930189209007,1,0.3393731194699553,0.3393731194699553,0.33937311946995535
2014-04-19 05:37:00,27.9125,0.2892749105999661,1,0.3281336717979126,0.3281336717979126,0.3281336717979126
2014-04-19 05:42:00,26.665,0.2976890737548237,1,0.31680334860557313,0.31680334860557313,0.31680334860557313
2014-04-19 05:47:00,27.9175,0.2908261974189281,1,0.3053845907383164,0.3053845907383164,0.30538459073831636
2014-04-19 05:52:00,27.0925,0.2809554698586845,1,0.2938799324246658,0.2938799324246658,0.2938799324246658
2014-04-19 05:57:00,29.585,0.36703014815970203,1,0.2822919997022824,0.2822919997022824,0.2822919997022824
2014-04-19 06:02:00,27.225,0.2795142069470509,1,0.2706235086480017,0.2706235086480017,0.27062350864800166
2014-04-19 06:07:00,28.335,0.30543103802822197,1,0.2588772634123381,0.2588772634123381,0.2588772634123381
2014-04-19 06:12:00,26.6675,0.3056740870197641,1,0.2470561540595541,0.24705615405955406,0.24705615405955403
2014-04-19 06:17:00,29.5825,0.36667275365607227,1,0.2351631542150905,0.23516315421509046,0.23516315421509043
2014-04-19 06:22:00,27.6425,0.27152641302049746,1,0.22320131852285,0.22320131852285002,0.22320131852285
2014-04-19 06:27:00,29.585,0.3620920918767863,1,0.21117377991553385,0.21117377991553385,0.21117377991553385
2014-04-19 06:32:00,26.665,0.3137698349233625,1,0.19908374670194548,0.19908374670194548,0.19908374670194548
2014-04-19 06:37:00,28.33,0.29966899479828313,1,0.18693449947587704,0.18693449947587704,0.18693449947587706
2014-04-19 06:42:00,28.2325,0.29421053823921545,1,0.17472938785189635,0.17472938785189635,0.17472938785189635
2014-04-19 06:47:00,27.0825,0.2970704073704846,1,0.1624718270340452,0.1624718270340452,0.1624718270340452
2014-04-19 06:52:00,27.0825,0.2962162484238369,1,0.15016529422413588,0.15016529422413588,0.15016529422413588
2014-04-19 06:57:00,27.8675,0.27982200049786243,1,0.13781332487698894,0.13781332487698894,0.13781332487698894
2014-04-19 07:02:00,26.2525,0.3402227581533611,1,0.12541950881059705,0.12541950881059705,0.12541950881059705
2014-04-19 07:07:00,27.5,0.2726636349168092,1,0.1129874861798024,0.1129874861798024,0.11298748617980241
2014-04-19 07:12:00,28.3325,0.3075699132609311,1,0.1005209433226653,0.1005209433226653,0.1005209433226653
2014-04-19 07:17:00,27.4425,0.2774463936100576,1,0.08802360848923628,0.08802360848923628,0.08802360848923627
2014-04-19 07:22:00,26.6475,0.3203751419528175,1,0.07549924746296394,0.07549924746296394,0.07549924746296394
2014-04-19 07:27:00,27.9175,0.28802580390787763,1,0.06295165908543503,0.06295165908543503,0.06295165908543503
2014-04-19 07:32:00,26.2475,0.3444512235159335,1,0.05038467069556171,0.05038467069556171,0.05038467069556171
2014-04-19 07:37:00,28.3325,0.3146028977791257,1,0.03780213349472245,0.03780213349472245,0.03780213349472245
2014-04-19 07:42:00,27.4975,0.2716870865156992,1,0.025207917849680732,0.02520791784968073,0.025207917849680732
2014-04-19 07:47:00,27.5,0.2714791285591163,1,0.01260590854538776,0.01260590854538776,0.01260590854538776
2014-04-19 07:52:00,28.335,0.3157638048178621,0,-0.0013749283898922796,-0.002749856779784559,-0.0013749283898922794
2014-04-19 07:57:00,28.7525,0.3406878706283021,0,-0.002749427226526285,-0.00549885445305257,-0.002749427226526285
2014-04-19 08:02:00,27.0825,0.30208051496555743,0,-0.00412306749327775,-0.008246134986555497,-0.004123067493277749
2014-04-19 08:07:00,26.6675,0.32752186749553425,0,-0.005495421245366803,-0.010990842490733605,-0.005495421245366803
2014-04-19 08:12:00,28.75,0.34384716178234515,0,-0.006866062142226371,-0.013732124284452744,-0.006866062142226371
2014-04-19 08:17:00,30.0025,0.4278335397738394,0,-0.0082345659756249,-0.0164691319512498,-0.0082345659756249
2014-04-19 08:22:00,28.335,0.3022200719154404,0,-0.009600511192157338,-0.019201022384314675,-0.009600511192157338
2014-04-19 08:27:00,29.22,0.35611180903621803,0,-0.010963479408745123,-0.02192695881749025,-0.010963479408745124
2014-04-19 08:32:00,27.4975,0.2885056149221744,0,-0.012323055919816394,-0.024646111839632792,-0.012323055919816394
2014-04-19 08:37:00,29.165,0.3501703646186804,0,-0.013678830194875577,-0.02735766038975115,-0.013678830194875575
2014-04-19 08:42:00,27.065,0.3177530001981242,0,-0.015030396365214575,-0.030060792730429158,-0.015030396365214577
2014-04-19 08:47:00,28.75,0.32251704117247537,0,-0.016377353698564974,-0.03275470739712995,-0.016377353698564974
2014-04-19 08:52:00,28.3325,0.29444700429989257,0,-0.017719307060545125,-0.03543861412109025,-0.017719307060545125
2014-04-19 08:57:00,28.3275,0.2933848844227716,0,-0.019055867361812605,-0.03811173472362521,-0.019055867361812605
2014-04-19 09:02:00,27.605,0.2894993198852522,0,-0.02038665198989534,-0.04077330397979068,-0.02038665198989534
2014-04-19 09:07:00,27.9175,0.2693509837338659,0,-0.02171128522473944,-0.04342257044947888,-0.02171128522473944
2014-04-19 09:12:00,28.75,0.32384833799647184,0,-0.023029398637082053,-0.046058797274164114,-0.023029398637082053
2014-04-19 09:17:00,28.6475,0.3143559427797542,0,-0.024340631468828842,-0.04868126293765767,-0.024340631468828835
2014-04-19 09:22:00,26.6675,0.36265741958624415,0,-0.02564463099469025,-0.05128926198938051,-0.025644630994690255
2014-04-19 09:27:00,27.5025,0.2970738948971277,0,-0.02694105286440801,-0.05388210572881602,-0.02694105286440801
2014-04-19 09:32:00,28.3325,0.2970884544442336,0,-0.02822956142498057,-0.05645912284996114,-0.028229561424980572
2014-04-19 09:37:00,28.8475,0.3335928003343596,0,-0.029509830022376136,-0.05901966004475227,-0.02950983002237614
2014-04-19 09:42:00,26.7725,0.3560915419410077,0,-0.03078154128230151,-0.06156308256460302,-0.03078154128230151
2014-04-19 09:47:00,29.5825,0.3910493089360504,0,-0.032044387369675,-0.06408877473935,-0.032044387369675
2014-04-19 09:52:00,26.6675,0.3609728114031909,0,-0.03329807022653193,-0.06659614045306386,-0.03329807022653193
2014-04-19 09:57:00,27.8925,0.27155532326566434,0,-0.03454230178816973,-0.06908460357633947,-0.03454230178816974
2014-04-19 10:02:00,27.0825,0.32660796192656005,0,-0.035776804177418166,-0.07155360835483633,-0.03577680417741816
2014-04-19 10:07:00,29.165,0.3585932498964316,0,-0.03700130987699654,-0.07400261975399308,-0.03700130987699654
2014-04-19 10:12:00,27.915,0.2714014838073009,0,-0.038215561879994704,-0.07643112375998941,-0.038215561879994704
2014-04-19 10:17:00,27.915,0.2713389354798993,0,-0.03941931381858645,-0.0788386276371729,-0.03941931381858645
2014-04-19 10:22:00,28.3325,0.29538019954047146,0,-0.04061233007115477,-0.08122466014230953,-0.040612330071154765
2014-04-19 10:27:00,28.3325,0.2945914220393657,0,-0.04179438584807474,-0.08358877169614948,-0.04179438584807474
2014-04-19 10:32:00,27.915,0.2740218981001188,0,-0.042965267256464386,-0.08593053451292877,-0.042965267256464386
2014-04-19 10:37:00,27.0825,0.33838423528729905,0,-0.04412477134427405,-0.0882495426885481,-0.04412477134427405
2014-04-19 10:42:00,28.3325,0.2982570883156571,0,-0.045272706124142484,-0.09054541224828497,-0.04527270612414248
2014-04-19 10:47:00,28.3325,0.2973554680353261,0,-0.04640889057750087,-0.09281778115500174,-0.04640889057750087
2014-04-19 10:52:00,27.0825,0.3411432160122567,0,-0.04753315463945615,-0.0950663092789123,-0.04753315463945615
2014-04-19 10:57:00,28.335,0.30026867600088075,0,-0.048645339165029874,-0.09729067833005976,-0.048645339165029874
2014-04-19 11:02:00,27.5,0.3050002047093339,0,-0.04974529587737142,-0.09949059175474284,-0.04974529587737142
2014-04-19 11:07:00,28.7475,0.3373830262122703,0,-0.05083288729860108,-0.10166577459720216,-0.050832887298601075
2014-04-19 11:12:00,28.8625,0.3441923776286755,0,-0.051907986663972665,-0.10381597332794533,-0.051907986663972665
2014-04-19 11:17:00,29.27,0.377285018134534,0,-0.05297047782007388,-0.10594095564014776,-0.05297047782007388
2014-04-19 11:22:00,27.0825,0.3509270299891855,0,-0.054020255107808585,-0.10804051021561717,-0.054020255107808585
2014-04-19 11:27:00,28.7475,0.3266080084931899,0,-0.055057223230925885,-0.11011444646185177,-0.05505722323092589
2014-04-19 11:32:00,28.75,0.3242926737296299,0,-0.05608129711087822,-0.11216259422175644,-0.05608129711087822
2014-04-19 11:37:00,28.3325,0.28734087563287825,0,-0.057092401728804434,-0.11418480345760887,-0.05709240172880444
2014-04-19 11:42:00,27.9175,0.28439035906088284,0,-0.05809047195544253,-0.11618094391088506,-0.05809047195544252
2014-04-19 11:47:00,28.75,0.32450098312429626,0,-0.059075452369783885,-0.11815090473956776,-0.059075452369783885
2014-04-19 11:52:00,27.085,0.36233734396013867,0,-0.060047297067282485,-0.12009459413456496,-0.060047297067282485
2014-04-19 11:57:00,28.75,0.32597813013841376,0,-0.06100596945843206,-0.12201193891686413,-0.06100596945843206
2014-04-19 12:02:00,27.915,0.2853784125017489,0,-0.06195144205852041,-0.12390288411704085,-0.06195144205852041
2014-04-19 12:07:00,27.96,0.2810729668426749,0,-0.0628836962693629,-0.1257673925387258,-0.0628836962693629
2014-04-19 12:12:00,28.335,0.2896941001248315,0,-0.06380272215380746,-0.12760544430761492,-0.06380272215380746
2014-04-19 12:17:00,27.915,0.2861580079589988,0,-0.06470851820379159,-0.12941703640758315,-0.06470851820379159
2014-04-19 12:22:00,27.915,0.2856857275731066,0,-0.06560109110271665,-0.1312021822054333,-0.06560109110271665
2014-04-19 12:27:00,30.0,0.472113809310489,0,-0.066480455482888,-0.132960910965776,-0.066480455482888
2014-04-19 12:32:00,25.835,0.4908488814524789,0,-0.06734663367875082,-0.13469326735750164,-0.06734663367875082
2014-04-19 12:37:00,27.4975,0.3103355235012395,0,-0.06819965547663115,-0.1363993109532623,-0.06819965547663115
2014-04-19 12:42:00,28.7275,0.32019525119894193,0,-0.06903955786166811,-0.13807911572333625,-0.06903955786166811
2014-04-19 12:47:00,27.0825,0.3453135155263414,0,-0.06986638476260161,-0.13973276952520322,-0.06986638476260161
2014-04-19 12:52:00,27.0825,0.3410417804909984,0,-0.07068018679505289,-0.14136037359010578,-0.07068018679505289
2014-04-19 12:57:00,29.165,0.3613832874828259,0,-0.07148102100391124,-0.14296204200782248,-0.07148102100391124
2014-04-19 13:02:00,26.665,0.375209639349145,0,-0.0722689506054118,-0.1445379012108236,-0.0722689506054118
2014-04-19 13:07:00,28.75,0.32571613021125106,0,-0.07304404472946338,-0.14608808945892676,-0.07304404472946338
2014-04-19 13:12:00,26.7975,0.36011754476270635,0,-0.0738063781627561,-0.1476127563255122,-0.0738063781627561
2014-04-19 13:17:00,28.335,0.2962365001371508,0,-0.07455603109315125,-0.1491120621863025,-0.07455603109315125
2014-04-19 13:22:00,27.085,0.3345197255641428,0,-0.07529308885582663,-0.15058617771165325,-0.07529308885582663
2014-04-19 13:27:00,27.47,0.3017070730568687,0,-0.07601764168162238,-0.15203528336324476,-0.07601764168162238
2014-04-19 13:32:00,28.3325,0.3009534876243934,0,-0.07672978444800367,-0.15345956889600734,-0.07672978444800367
2014-04-19 13:37:00,28.335,0.3001334411985459,0,-0.07742961643302831,-0.15485923286605666,-0.07742961643302831
2014-04-19 13:42:00,27.5025,0.3028019442723311,0,-0.07811724107267896,-0.15623448214535793,-0.07811724107267896
2014-04-19 13:47:00,28.335,0.30154728181658,0,-0.07879276572189269,-0.15758553144378534,-0.07879276572189269
2014-04-19 13:52:00,26.2525,0.4167061797102293,0,-0.07945630141959244,-0.15891260283918487,-0.07945630141959244
2014-04-19 13:57:00,29.1675,0.3736209371584699,0,-0.08010796265799926,-0.16021592531599851,-0.08010796265799926
2014-04-19 14:02:00,27.0825,0.3322158146393046,0,-0.08074786715647758,-0.16149573431295516,-0.08074786715647757
2014-04-19 14:07:00,27.9175,0.2716376257431464,0,-0.08137613564014047,-0.16275227128028094,-0.08137613564014047
2014-04-19 14:12:00,29.1675,0.3721838481343779,0,-0.08199289162341822,-0.16398578324683644,-0.08199289162341823
2014-04-19 14:17:00,28.7525,0.3301417317238038,0,-0.08259826119876837,-0.16519652239753674,-0.08259826119876838
2014-04-19 14:22:00,27.5025,0.3050368268055441,0,-0.08319237283068404,-0.16638474566136807,-0.08319237283068404
2014-04-19 14:27:00,27.915,0.272394477857958,0,-0.08377535715513414,-0.16755071431026827,-0.08377535715513414
2014-04-19 14:32:00,26.565,0.3851237833521101,0,-0.08434734678454935,-0.1686946935690987,-0.08434734678454935
2014-04-19 14:37:00,28.7525,0.3358160861786098,0,-0.08490847611844599,-0.16981695223689197,-0.084908476118446
2014-04-19 14:42:00,27.435,0.3066673962530182,0,-0.08545888115976279,-0.17091776231952555,-0.08545888115976279
2014-04-19 14:47:00,28.3325,0.30149995789506795,0,-0.08599869933696516,-0.17199739867393032,-0.08599869933696516
2014-04-19 14:52:00,28.3325,0.3004616903184406,0,-0.08652806933195674,-0.17305613866391348,-0.08652806933195674
2014-04-19 14:57:00,27.5025,0.3047667043602498,0,-0.0870471309138197,-0.1740942618276394,-0.0870471309138197
2014-04-19 15:02:00,28.7475,0.3379967894236265,0,-0.0875560247783913,-0.1751120495567826,-0.0875560247783913
2014-04-19 15:07:00,28.75,0.3347040603458081,0,-0.08805489239366927,-0.17610978478733855,-0.08805489239366927
2014-04-19 15:12:00,27.915,0.276298813231125,0,-0.08854387585102565,-0.1770877517020513,-0.08854387585102565
2014-04-19 15:17:00,29.9975,0.4557473105173783,0,-0.08902311772219591,-0.17804623544439185,-0.08902311772219591
2014-04-19 15:22:00,27.0825,0.3492764716975119,0,-0.0894927609219988,-0.1789855218439976,-0.0894927609219988
2014-04-19 15:27:00,27.915,0.2789363564868291,0,-0.08995294857673165,-0.1799058971534633,-0.08995294857673165
2014-04-19 15:32:00,27.915,0.2786748953558124,0,-0.0904038238981761,-0.1808076477963522,-0.0904038238981761
2014-04-19 15:37:00,27.9175,0.2782261212675083,0,-0.09084553006314032,-0.18169106012628064,-0.09084553006314032
2014-04-19 15:42:00,27.5,0.31245849285392385,0,-0.09127821009845556,-0.1825564201969111,-0.09127821009845555
2014-04-19 15:47:00,27.4975,0.3110890090275157,0,-0.09170200677133708,-0.18340401354267416,-0.09170200677133708
2014-04-19 15:52:00,27.4975,0.3095797084372938,0,-0.09211706248501393,-0.18423412497002786,-0.09211706248501393
2014-04-19 15:57:00,27.085,0.3459887068935587,0,-0.09252351917952477,-0.18504703835904954,-0.09252351917952477
2014-04-19 16:02:00,27.915,0.269153052900968,0,-0.09292151823757257,-0.1858430364751451,-0.09292151823757255
2014-04-19 16:07:00,27.655,0.29108099056850745,0,-0.09331120039532642,-0.18662240079065284,-0.09331120039532642
2014-04-19 16:12:00,28.3325,0.3076605251690796,0,-0.0936927056580541,-0.1873854113161082,-0.0936927056580541
2014-04-19 16:17:00,29.5825,0.4348714306345661,0,-0.09406617322046608,-0.18813234644093216,-0.09406617322046609
2014-04-19 16:22:00,27.915,0.27617882454421583,0,-0.09443174139164902,-0.18886348278329804,-0.09443174139164902
2014-04-19 16:27:00,28.91,0.3500779951082569,0,-0.0947895475244637,-0.1895790950489274,-0.0947895475244637
2014-04-19 16:32:00,26.6675,0.3950388004043476,0,-0.0951397279492816,-0.1902794558985632,-0.0951397279492816
2014-04-19 16:37:00,28.75,0.3336825585653225,0,-0.09548241791193186,-0.19096483582386373,-0.09548241791193186
2014-04-19 16:42:00,27.88,0.2797214045070114,0,-0.09581775151573027,-0.19163550303146054,-0.09581775151573028
2014-04-19 16:47:00,27.5,0.3119187614003344,0,-0.09614586166746077,-0.19229172333492156,-0.09614586166746077
2014-04-19 16:52:00,27.5,0.31036350631678283,0,-0.09646688002718044,-0.1929337600543609,-0.09646688002718043
2014-04-19 16:57:00,28.75,0.3397757018850179,0,-0.09678093696171833,-0.19356187392343666,-0.09678093696171833
2014-04-19 17:02:00,26.6775,0.3919814886896234,0,-0.09708816150173996,-0.1941763230034799,-0.09708816150173995
2014-04-19 17:07:00,27.455,0.30888874503135283,0,-0.09738868130224887,-0.19477736260449774,-0.09738868130224888
2014-04-19 17:12:00,28.75,0.34279497096456435,0,-0.09768262260639923,-0.19536524521279847,-0.09768262260639923
2014-04-19 17:17:00,28.335,0.3013936838793967,0,-0.09797011021249304,-0.19594022042498607,-0.09797011021249304
2014-04-19 17:22:00,27.4975,0.3099598909849667,0,-0.09825126744403867,-0.1965025348880773,-0.09825126744403867
2014-04-19 17:27:00,29.5725,0.42537525401734494,0,-0.0985262161227481,-0.1970524322454962,-0.0985262161227481
2014-04-19 17:32:00,25.8325,0.4691957488313554,0,-0.09879507654435242,-0.19759015308870484,-0.09879507654435242
2014-04-19 17:37:00,27.0725,0.33148963525445746,0,-0.09905796745711752,-0.19811593491423504,-0.09905796745711752
2014-04-19 17:42:00,27.4975,0.2961511841318171,0,-0.09931500604294363,-0.1986300120858873,-0.09931500604294365
2014-04-19 17:47:00,28.65,0.32917435462245115,0,-0.0995663079009353,-0.1991326158018706,-0.0995663079009353
2014-04-19 17:52:00,27.9175,0.27047201624877665,0,-0.09981198703332993,-0.19962397406665985,-0.09981198703332991
2014-04-19 17:57:00,27.88,0.2702208694435144,0,-0.10005215583367676,-0.2001043116673535,-0.10005215583367676
2014-04-19 18:02:00,28.23,0.2949244133141387,0,-0.10028692507715978,-0.2005738501543196,-0.10028692507715978
2014-04-19 18:07:00,27.9175,0.2692798682792178,0,-0.10051640391296104,-0.2010328078259221,-0.10051640391296104
2014-04-19 18:12:00,27.6425,0.2909770818111969,0,-0.10074069985856386,-0.20148139971712767,-0.10074069985856386
2014-04-19 18:17:00,29.585,0.42463338282383584,0,-0.1009599187958977,-0.2019198375917954,-0.1009599187958977
2014-04-19 18:22:00,27.6575,0.29430151887917466,0,-0.10117416496922996,-0.20234832993845991,-0.10117416496922996
2014-04-19 18:27:00,30.1025,0.4596363725189906,0,-0.10138354098471183,-0.2027670819694237,-0.10138354098471185
2014-04-19 18:32:00,27.6475,0.29941755321600066,0,-0.1015881478114892,-0.20317629562297845,-0.10158814781148921
2014-04-19 18:37:00,27.5,0.3096553708383353,0,-0.10178808478429152,-0.20357616956858304,-0.10178808478429152
2014-04-19 18:42:00,28.76,0.3247069673786927,0,-0.10198344960741516,-0.20396689921483036,-0.10198344960741516
2014-04-19 18:47:00,28.495,0.30139358754398105,0,-0.10217433836002003,-0.2043486767200401,-0.10217433836002004
2014-04-19 18:52:00,26.225,0.42509278444472137,0,-0.10236084550266134,-0.20472169100532267,-0.10236084550266134
2014-04-19 18:57:00,29.1675,0.3567660952919689,0,-0.1025430638849808,-0.20508612776996166,-0.10254306388498081
2014-04-19 19:02:00,27.9,0.2792225325325056,0,-0.10272108475448508,-0.20544216950897015,-0.10272108475448509
2014-04-19 19:07:00,28.2975,0.2870695381110493,0,-0.10289499776634088,-0.20578999553268176,-0.10289499776634088
2014-04-19 19:12:00,29.4825,0.3816350284794588,0,-0.10306489099411972,-0.20612978198823945,-0.10306489099411971
2014-04-19 19:17:00,28.38,0.28681535044368794,0,-0.10323085094142744,-0.20646170188285487,-0.10323085094142744
2014-04-19 19:22:00,29.165,0.3473106977889007,0,-0.1033929625543566,-0.2067859251087132,-0.10339296255435661
2014-04-19 19:27:00,28.3225,0.27835203244675016,0,-0.1035513092347016,-0.20710261846940325,-0.10355130923470161
2014-04-19 19:32:00,26.6675,0.3922117373981489,0,-0.10370597285387986,-0.20741194570775973,-0.10370597285387986
2014-04-19 19:37:00,28.76,0.315524784097187,0,-0.10385703376750394,-0.20771406753500787,-0.10385703376750394
2014-04-19 19:42:00,26.6675,0.3849411459461226,0,-0.10400457083055246,-0.20800914166110493,-0.10400457083055246
2014-04-19 19:47:00,27.905,0.280880382431117,0,-0.10414866141308952,-0.20829732282617905,-0.10414866141308951
2014-04-19 19:52:00,26.25,0.4121852336842592,0,-0.1042893814164847,-0.2085787628329694,-0.1042893814164847
2014-04-19 19:57:00,28.75,0.3224600938186967,0,-0.1044268052900882,-0.20885361058017646,-0.10442680529008821
2014-04-19 20:02:00,26.5625,0.3754102408467656,0,-0.10456100604831736,-0.20912201209663472,-0.10456100604831736
2014-04-19 20:07:00,28.75,0.3240852425894332,0,-0.10469205528811278,-0.20938411057622555,-0.10469205528811278
2014-04-19 20:12:00,27.915,0.2735180379244753,0,-0.10482002320672512,-0.20964004641345024,-0.10482002320672511
2014-04-19 20:17:00,27.6425,0.2922326000995981,0,-0.10494497861979436,-0.20988995723958875,-0.10494497861979436
2014-04-19 20:22:00,27.5,0.3019253239916384,0,-0.1050669889796862,-0.2101339779593724,-0.10506698897968621
2014-04-19 20:27:00,28.335,0.2973555985516732,0,-0.1051861203940513,-0.2103722407881026,-0.1051861203940513
2014-04-19 20:32:00,26.98,0.3443950474848314,0,-0.10530243764457548,-0.21060487528915092,-0.10530243764457548
2014-04-19 20:37:00,28.225,0.2918426449378113,0,-0.1054160042058903,-0.2108320084117806,-0.1054160042058903
2014-04-19 20:42:00,27.0825,0.33476237559503835,0,-0.10552688226461507,-0.21105376452923014,-0.10552688226461507
2014-04-19 20:47:00,27.9175,0.2713166651518572,0,-0.10563513273850296,-0.2112702654770059,-0.10563513273850295
2014-04-19 20:52:00,27.4975,0.2991555771883251,0,-0.10574081529566552,-0.21148163059133104,-0.10574081529566552
2014-04-19 20:57:00,28.3325,0.3060613209351477,0,-0.1058439883738514,-0.2116879767477028,-0.10584398837385141
2014-04-19 21:02:00,27.5,0.3005048861274436,0,-0.10594470919975583,-0.21188941839951167,-0.10594470919975583
2014-04-19 21:07:00,31.5225,0.6177077136114382,0,-0.10604303380833986,-0.21208606761667967,-0.10604303380833986
2014-04-19 21:12:00,28.4375,0.2917880099923381,0,-0.10613901706213864,-0.2122780341242773,-0.10613901706213863
2014-04-19 21:17:00,29.1675,0.3386028584722782,0,-0.10623271267053992,-0.21246542534107984,-0.10623271267053991
2014-04-19 21:22:00,27.915,0.2817629168987482,0,-0.10632417320901458,-0.21264834641802915,-0.10632417320901458
2014-04-19 21:27:00,29.3225,0.3483448194610927,0,-0.106413450138283,-0.212826900276566,-0.10641345013828299
2014-04-19 21:32:00,28.335,0.2786194214920938,0,-0.10650059382340077,-0.2130011876468015,-0.10650059382340075
2014-04-19 21:37:00,27.0825,0.34270811413329705,0,-0.10658565355275004,-0.21317130710550009,-0.10658565355275004
2014-04-19 21:42:00,28.3325,0.28171004141535416,0,-0.10666867755692228,-0.21333735511384455,-0.10666867755692229
2014-04-19 21:47:00,27.9175,0.2833493359442464,0,-0.10674971302747993,-0.21349942605495986,-0.10674971302747993
2014-04-19 21:52:00,26.25,0.4070132967844416,0,-0.10682880613558536,-0.2136576122711707,-0.10682880613558535
2014-04-19 21:57:00,27.5,0.3032386172995243,0,-0.10690600205048599,-0.213812004100972,-0.10690600205048599
2014-04-19 22:02:00,27.38,0.31028766744682984,0,-0.10698134495784584,-0.21396268991569167,-0.10698134495784584
2014-04-19 22:07:00,29.1675,0.3515472665555001,0,-0.10705487807791376,-0.2141097561558275,-0.10705487807791375
2014-04-19 22:12:00,27.915,0.2767273080868835,0,-0.10712664368352033,-0.21425328736704066,-0.10712664368352033
2014-04-19 22:17:00,29.89,0.4053471750200468,0,-0.10719668311789544,-0.2143933662357909,-0.10719668311789544
2014-04-19 22:22:00,27.0825,0.3378789443294224,0,-0.10726503681229912,-0.21453007362459825,-0.10726503681229912
2014-04-19 22:27:00,27.5,0.3057613344410432,0,-0.10733174430345968,-0.21466348860691933,-0.10733174430345967
2014-04-19 22:32:00,27.64,0.2950952900811645,0,-0.10739684425081288,-0.21479368850162572,-0.10739684425081288
2014-04-19 22:37:00,27.915,0.2759343539043601,0,-0.1074603744535371,-0.2149207489070742,-0.1074603744535371
2014-04-19 22:42:00,27.5,0.3044943095328778,0,-0.10752237186737956,-0.2150447437347591,-0.10752237186737955
2014-04-19 22:47:00,28.7525,0.3232224137958274,0,-0.1075828726212695,-0.21516574524253898,-0.1075828726212695
2014-04-19 22:52:00,27.4575,0.3096331913750773,0,-0.10764191203371476,-0.2152838240674295,-0.10764191203371475
2014-04-19 22:57:00,27.4975,0.3052049211170034,0,-0.10769952462897804,-0.21539904925795605,-0.10769952462897803
2014-04-19 23:02:00,28.0575,0.2747609656395585,0,-0.10775574415303067,-0.21551148830606134,-0.10775574415303069
2014-04-19 23:07:00,29.585,0.39920675897542,0,-0.10781060358928106,-0.21562120717856206,-0.10781060358928106
2014-04-19 23:12:00,29.1675,0.35183555154305024,0,-0.10786413517407573,-0.21572827034815145,-0.10786413517407571
2014-04-19 23:17:00,27.92,0.2825431152965554,0,-0.10791637041197186,-0.2158327408239437,-0.10791637041197186
2014-04-19 23:22:00,27.9175,0.2823605997483016,0,-0.10796734009077966,-0.2159346801815593,-0.10796734009077966
2014-04-19 23:27:00,27.5025,0.3137731431492822,0,-0.10801707429637347,-0.21603414859274692,-0.10801707429637347
2014-04-19 23:32:00,27.0825,0.34658678742056914,0,-0.10806560242727152,-0.21613120485454304,-0.10806560242727152
2014-04-19 23:37:00,27.9175,0.2762734860280814,0,-0.10811295320898336,-0.2162259064179667,-0.10811295320898336
2014-04-19 23:42:00,27.215,0.3324803688421793,0,-0.10815915470812547,-0.21631830941625094,-0.10815915470812548
2014-04-19 23:47:00,27.9175,0.2730888281527616,0,-0.10820423434630484,-0.21640846869260968,-0.10820423434630483
2014-04-19 23:52:00,27.9175,0.2729829195011228,0,-0.10824821891377084,-0.2164964378275417,-0.10824821891377083
2014-04-19 23:57:00,28.685,0.3293118665933191,0,-0.1082911345828367,-0.2165822691656734,-0.1082911345828367
2014-04-20 00:02:00,27.0675,0.3495365830525672,0,-0.10833300692107062,-0.21666601384214124,-0.10833300692107062
2014-04-20 00:07:00,28.335,0.299971826368031,0,-0.10837386090425796,-0.21674772180851595,-0.10837386090425796
2014-04-20 00:12:00,27.915,0.2738303135546471,0,-0.1084137209291358,-0.2168274418582716,-0.1084137209291358
2014-04-20 00:17:00,28.75,0.3380562964307139,0,-0.10845261082590107,-0.21690522165180212,-0.10845261082590107
2014-04-20 00:22:00,27.5,0.3134452630678913,0,-0.1084905538704938,-0.2169811077409876,-0.10849055387049379
2014-04-20 00:27:00,29.5825,0.4219456938792784,0,-0.10852757279665734,-0.21705514559331468,-0.10852757279665734
2014-04-20 00:32:00,27.085,0.3525391961410795,0,-0.10856368980777722,-0.21712737961555445,-0.10856368980777722
2014-04-20 00:37:00,28.485,0.3070396134734385,0,-0.10859892658850058,-0.2171978531770012,-0.10859892658850058
2014-04-20 00:42:00,27.8125,0.2873718304103242,0,-0.1086333043161382,-0.2172666086322764,-0.1086333043161382
2014-04-20 00:47:00,27.9125,0.2784723143084831,0,-0.10866684367185148,-0.21733368734370295,-0.10866684367185149
2014-04-20 00:52:00,28.75,0.3337273392723292,0,-0.10869956485162637,-0.21739912970325276,-0.10869956485162637
2014-04-20 00:57:00,28.3325,0.2924735536273659,0,-0.10873148757703653,-0.21746297515407306,-0.10873148757703653
2014-04-20 01:02:00,26.665,0.4046174176611328,0,-0.1087626311057985,-0.21752526221159701,-0.1087626311057985
2014-04-20 01:07:00,28.7525,0.3341076589560085,0,-0.10879301424212093,-0.21758602848424186,-0.10879301424212091
2014-04-20 01:12:00,29.1675,0.3701798258167592,0,-0.10882265534685044,-0.21764531069370088,-0.10882265534685044
2014-04-20 01:17:00,28.69,0.3189708335822856,0,-0.10885157234741716,-0.21770314469483432,-0.10885157234741716
2014-04-20 01:22:00,28.3325,0.2860005155252626,0,-0.10887978274758177,-0.2177595654951635,-0.10887978274758175
2014-04-20 01:27:00,28.49,0.2992789088653185,0,-0.10890730363698746,-0.21781460727397486,-0.10890730363698746
2014-04-20 01:32:00,27.5,0.3277469242526152,0,-0.10893415170051923,-0.2178683034010385,-0.10893415170051925
2014-04-20 01:37:00,27.8225,0.2951880312231536,0,-0.108960343227473,-0.21792068645494603,-0.108960343227473
2014-04-20 01:42:00,28.315,0.2875410962039469,0,-0.10898589412053768,-0.21797178824107533,-0.10898589412053768
2014-04-20 01:47:00,27.9175,0.2871054964275839,0,-0.10901081990459294,-0.21802163980918587,-0.10901081990459294
2014-04-20 01:52:00,27.085,0.3718002767996321,0,-0.1090351357353252,-0.2180702714706504,-0.10903513573532521
2014-04-20 01:57:00,29.3225,0.39563020254837183,0,-0.10905885640766493,-0.21811771281532985,-0.10905885640766491
2014-04-20 02:02:00,27.5,0.3250747415891845,0,-0.10908199636404776,-0.2181639927280955,-0.10908199636404775
2014-04-20 02:07:00,28.7525,0.3300492328343931,0,-0.10910456970250283,-0.2182091394050057,-0.10910456970250285
2014-04-20 02:12:00,27.3975,0.3363213990875222,0,-0.1091265901845705,-0.21825318036914101,-0.1091265901845705
2014-04-20 02:17:00,29.1675,0.3729618272845336,0,-0.10914807124305237,-0.21829614248610474,-0.10914807124305237
2014-04-20 02:22:00,27.915,0.28847024268053595,0,-0.10916902598959714,-0.2183380519791943,-0.10916902598959714
2014-04-20 02:27:00,28.4875,0.30143891819860513,0,-0.10918946722212408,-0.21837893444424816,-0.10918946722212408
2014-04-20 02:32:00,29.1675,0.3687616211374829,0,-0.10920940743208757,-0.2184188148641752,-0.10920940743208758
2014-04-20 02:37:00,28.3325,0.2809196953542977,0,-0.1092288588115854,-0.2184577176231708,-0.10922885881158541
2014-04-20 02:42:00,27.0825,0.37987888768616507,0,-0.10924783326031334,-0.21849566652062669,-0.10924783326031334
2014-04-20 02:47:00,27.49,0.3296812256825759,0,-0.10926634239236906,-0.2185326847847381,-0.10926634239236906
2014-04-20 02:52:00,28.0575,0.27398411998896144,0,-0.1092843975429079,-0.2185687950858158,-0.1092843975429079
2014-04-20 02:57:00,27.92,0.2865004075179713,0,-0.10930200977465326,-0.21860401954930653,-0.10930200977465326
2014-04-20 03:02:00,27.0675,0.3736486958942517,0,-0.1093191898842644,-0.2186383797685288,-0.1093191898842644
2014-04-20 03:07:00,30.7625,0.5587930051260162,0,-0.10933594840856414,-0.2186718968171283,-0.10933594840856414
2014-04-20 03:12:00,28.7675,0.3120114335826286,0,-0.10935229563062923,-0.21870459126125846,-0.10935229563062923
2014-04-20 03:17:00,28.74,0.3083017347874888,0,-0.10936824158574593,-0.21873648317149186,-0.10936824158574592
2014-04-20 03:22:00,28.365,0.2780723632309494,0,-0.1093837960672334,-0.2187675921344668,-0.10938379606723339
2014-04-20 03:27:00,28.75,0.30825887465459995,0,-0.10939896863213756,-0.21879793726427516,-0.10939896863213756
2014-04-20 03:32:00,29.1775,0.3433044636681847,0,-0.1094137686067978,-0.2188275372135956,-0.10941376860679779
2014-04-20 03:37:00,27.82,0.3085699382152638,0,-0.10942820509228887,-0.21885641018457772,-0.10942820509228887
2014-04-20 03:42:00,30.12,0.430694096063108,0,-0.10944228696974108,-0.21888457393948216,-0.10944228696974108
2014-04-20 03:47:00,30.0675,0.4045558411111444,0,-0.10945602290554036,-0.2189120458110807,-0.10945602290554035
2014-04-20 03:52:00,28.3325,0.278298955475456,0,-0.10946942135641123,-0.21893884271282246,-0.10946942135641123
2014-04-20 03:57:00,30.0,0.3882941321914288,0,-0.1094824905743848,-0.2189649811487696,-0.1094824905743848
2014-04-20 04:02:00,26.6575,0.41164469783088176,0,-0.10949523861165412,-0.21899047722330825,-0.10949523861165412
2014-04-20 04:07:00,30.0,0.3777040549785517,0,-0.1095076733253192,-0.2190153466506384,-0.1095076733253192
2014-04-20 04:12:00,27.5,0.3362898586304377,0,-0.10951980238202406,-0.21903960476404813,-0.10951980238202406
2014-04-20 04:17:00,28.75,0.2864933431405232,0,-0.10953163326248788,-0.21906326652497576,-0.10953163326248788
2014-04-20 04:22:00,27.915,0.3064943740549693,0,-0.1095431732659326,-0.2190863465318652,-0.1095431732659326
2014-04-20 04:27:00,28.75,0.2882412507131113,0,-0.10955442951440902,-0.21910885902881805,-0.10955442951440902
2014-04-20 04:32:00,27.915,0.3071680319487302,0,-0.1095654089570236,-0.2191308179140472,-0.1095654089570236
2014-04-20 04:37:00,29.1675,0.3202030829731877,0,-0.10957611837406796,-0.21915223674813591,-0.10957611837406796
2014-04-20 04:42:00,27.9075,0.3095484348121889,0,-0.1095865643810533,-0.2191731287621066,-0.1095865643810533
2014-04-20 04:47:00,28.75,0.29008546647015154,0,-0.1095967534326516,-0.2191935068653032,-0.10959675343265159
2014-04-20 04:52:00,27.4975,0.34263439321899924,0,-0.10960669182654564,-0.2192133836530913,-0.10960669182654564
2014-04-20 04:57:00,28.75,0.2930589084659868,0,-0.10961638570718994,-0.21923277141437988,-0.10961638570718994
2014-04-20 05:02:00,28.75,0.2923558978925958,0,-0.10962584106948424,-0.21925168213896848,-0.10962584106948424
2014-04-20 05:07:00,27.5,0.34460855211349045,0,-0.10963506376236164,-0.21927012752472327,-0.10963506376236164
2014-04-20 05:12:00,27.4975,0.3406246087071616,0,-0.10964405949229326,-0.21928811898458653,-0.10964405949229326
2014-04-20 05:17:00,28.7525,0.2990724463533525,0,-0.10965283382671116,-0.2193056676534223,-0.10965283382671115
2014-04-20 05:22:00,26.6675,0.4145756214455201,0,-0.1096613921973512,-0.2193227843947024,-0.1096613921973512
2014-04-20 05:27:00,29.1225,0.33158868574079065,0,-0.10966973990351786,-0.21933947980703566,-0.10966973990351786
2014-04-20 05:32:00,27.4975,0.332364410129142,0,-0.10967788211527256,-0.2193557642305451,-0.10967788211527255
2014-04-20 05:37:00,27.5,0.32916408308810946,0,-0.10968582387654703,-0.21937164775309406,-0.10968582387654703
2014-04-20 05:42:00,28.75,0.30632891002441304,0,-0.10969357010818397,-0.2193871402163679,-0.10969357010818395
2014-04-20 05:47:00,28.335,0.2732420514237349,0,-0.10970112561090564,-0.21940225122181128,-0.10970112561090563
2014-04-20 05:52:00,27.4975,0.3317188122272988,0,-0.1097084950682131,-0.2194169901364262,-0.1097084950682131
2014-04-20 05:57:00,29.1675,0.3446021826779891,0,-0.1097156830492168,-0.2194313660984336,-0.10971568304921679
2014-04-20 06:02:00,26.98,0.3780985073818319,0,-0.10972269401140028,-0.21944538802280056,-0.10972269401140028
2014-04-20 06:07:00,28.7525,0.30969400820497434,0,-0.10972953230331896,-0.21945906460663794,-0.10972953230331897
2014-04-20 06:12:00,28.75,0.3080574096284034,0,-0.10973620216723462,-0.21947240433446924,-0.10973620216723462
2014-04-20 06:17:00,28.49,0.2857480884527783,0,-0.1097427077416878,-0.2194854154833756,-0.10974270774168779
2014-04-20 06:22:00,27.085,0.3717066624780465,0,-0.10974905306400903,-0.2194981061280181,-0.10974905306400905
2014-04-20 06:27:00,29.4675,0.37323438726219743,0,-0.10975524207277072,-0.21951048414554145,-0.10975524207277072
2014-04-20 06:32:00,27.0825,0.3670708925460188,0,-0.10976127861018042,-0.21952255722036085,-0.10976127861018042
2014-04-20 06:37:00,28.445,0.2852119687361107,0,-0.10976716642441747,-0.21953433284883492,-0.10976716642441747
2014-04-20 06:42:00,28.365,0.2786155862511362,0,-0.10977290917191394,-0.2195458183438279,-0.10977290917191394
2014-04-20 06:47:00,27.9175,0.29463783969034,0,-0.10977851041958116,-0.21955702083916231,-0.10977851041958116
2014-04-20 06:52:00,27.895,0.2957409870574884,0,-0.10978397364698328,-0.21956794729396653,-0.10978397364698327
2014-04-20 06:57:00,29.6225,0.3953272808341121,0,-0.10978930224845873,-0.2195786044969175,-0.10978930224845874
2014-04-20 07:02:00,27.9,0.29913071277119685,0,-0.10979449953519144,-0.21958899907038287,-0.10979449953519144
2014-04-20 07:07:00,28.335,0.2746886004603105,0,-0.10979956873723186,-0.21959913747446366,-0.10979956873723186
2014-04-20 07:12:00,27.0925,0.3726049882869378,0,-0.1098045130054703,-0.2196090260109406,-0.1098045130054703
2014-04-20 07:17:00,27.2325,0.351742743993829,0,-0.10980933541356258,-0.2196186708271252,-0.10980933541356258
2014-04-20 07:22:00,27.915,0.2882953570858593,0,-0.10981403895980968,-0.21962807791961936,-0.10981403895980969
2014-04-20 07:27:00,27.5,0.3234204895387528,0,-0.10981862656899236,-0.21963725313798474,-0.10981862656899237
2014-04-20 07:32:00,28.3325,0.28691108775888324,0,-0.10982310109416156,-0.21964620218832312,-0.10982310109416156
2014-04-20 07:37:00,27.5,0.32345794938628863,0,-0.10982746531838596,-0.21965493063677194,-0.10982746531838597
2014-04-20 07:42:00,27.925,0.2832156188367074,0,-0.10983172195645753,-0.21966344391291506,-0.10983172195645753
2014-04-20 07:47:00,27.9175,0.2834936911340194,0,-0.10983587365655594,-0.21967174731311187,-0.10983587365655594
2014-04-20 07:52:00,27.0675,0.3656894955550149,0,-0.10983992300187297,-0.2196798460037459,-0.10983992300187295
2014-04-20 07:57:00,32.5,0.7223769522174927,0,-0.10984387251219788,-0.21968774502439573,-0.10984387251219788
2014-04-20 08:02:00,27.5,0.31086575142526346,0,-0.10984772464546444,-0.2196954492909289,-0.10984772464546445
2014-04-20 08:07:00,27.9175,0.28526900955083473,0,-0.10985148179926076,-0.2197029635985216,-0.10985148179926078
2014-04-20 08:12:00,28.75,0.3007757141236198,0,-0.1098551463123026,-0.2197102926246052,-0.10985514631230259
2014-04-20 08:17:00,28.38,0.2778190581310113,0,-0.10985872046587107,-0.21971744093174214,-0.10985872046587108
2014-04-20 08:22:00,27.915,0.28786855636757225,0,-0.10986220648521593,-0.21972441297043185,-0.10986220648521593
2014-04-20 08:27:00,28.4875,0.28537086182299104,0,-0.10986560654092443,-0.21973121308184887,-0.10986560654092443
2014-04-20 08:32:00,27.365,0.32498872912772303,0,-0.10986892275025756,-0.21973784550051514,-0.10986892275025757
2014-04-20 08:37:00,28.335,0.2781464381504085,0,-0.10987215717845364,-0.21974431435690728,-0.10987215717845364
2014-04-20 08:42:00,29.1675,0.33471011791082783,0,-0.1098753118400005,-0.219750623680001,-0.1098753118400005
2014-04-20 08:47:00,28.175,0.2733090001076131,0,-0.1098783886998768,-0.2197567773997536,-0.1098783886998768
2014-04-20 08:52:00,27.9175,0.2904699460827607,0,-0.10988138967476332,-0.21976277934952665,-0.10988138967476331
2014-04-20 08:57:00,28.8325,0.3114108321200448,0,-0.10988431663422474,-0.21976863326844948,-0.10988431663422474
2014-04-20 09:02:00,27.375,0.3325070782249709,0,-0.109887171401863,-0.219774342803726,-0.109887171401863
2014-04-20 09:07:00,27.9175,0.28935790875010103,0,-0.1098899557564425,-0.219779911512885,-0.1098899557564425
2014-04-20 09:12:00,28.645,0.30141157727528906,0,-0.1098926714329879,-0.2197853428659758,-0.1098926714329879
2014-04-20 09:17:00,27.5025,0.32279121467052324,0,-0.10989532012385557,-0.2197906402477111,-0.10989532012385556
2014-04-20 09:22:00,27.5,0.3207461209904057,0,-0.10989790347977868,-0.21979580695955736,-0.10989790347977868
2014-04-20 09:27:00,29.165,0.34896717679535433,0,-0.10990042311088707,-0.21980084622177412,-0.10990042311088707
2014-04-20 09:32:00,27.9175,0.2898115149977532,0,-0.10990288058770237,-0.21980576117540476,-0.10990288058770237
2014-04-20 09:37:00,28.335,0.2802014495080494,0,-0.10990527744210858,-0.2198105548842172,-0.10990527744210858
2014-04-20 09:42:00,27.4975,0.32488339160782503,0,-0.1099076151682996,-0.2198152303365992,-0.1099076151682996
2014-04-20 09:47:00,27.9175,0.28776735463359604,0,-0.10990989522370308,-0.21981979044740613,-0.10990989522370308
2014-04-20 09:52:00,27.9175,0.28724419825560604,0,-0.10991211902988222,-0.21982423805976445,-0.10991211902988222
2014-04-20 09:57:00,27.915,0.2869470097665411,0,-0.10991428797341546,-0.21982857594683086,-0.10991428797341546
2014-04-20 10:02:00,28.365,0.2893082262883351,0,-0.1099164034067546,-0.2198328068135092,-0.1099164034067546
2014-04-20 10:07:00,26.63,0.41234803631268585,0,-0.1099184666490622,-0.2198369332981244,-0.1099184666490622
2014-04-20 10:12:00,28.75,0.3270767430370274,0,-0.10992047898702847,-0.21984095797405695,-0.10992047898702849
2014-04-20 10:17:00,27.9175,0.2833614342695784,0,-0.10992244167566832,-0.21984488335133665,-0.10992244167566832
2014-04-20 10:22:00,27.4975,0.3198478804646116,0,-0.10992435593909873,-0.21984871187819746,-0.10992435593909872
2014-04-20 10:27:00,27.9625,0.2768118908177422,0,-0.10992622297129738,-0.2198524459425948,-0.10992622297129738
2014-04-20 10:32:00,28.475,0.3064914548590437,0,-0.10992804393684276,-0.21985608787368555,-0.10992804393684277
2014-04-20 10:37:00,28.335,0.2922810111455399,0,-0.10992981997163613,-0.21985963994327226,-0.10992981997163612
2014-04-20 10:42:00,27.915,0.2843811560526264,0,-0.1099315521836056,-0.2198631043672112,-0.10993155218360559
2014-04-20 10:47:00,28.7475,0.33400792687995706,0,-0.10993324165339363,-0.21986648330678726,-0.10993324165339363
2014-04-20 10:52:00,27.5,0.32823077838725945,0,-0.10993488943502712,-0.21986977887005424,-0.10993488943502712
2014-04-20 10:57:00,28.7475,0.33455591615227553,0,-0.10993649655657137,-0.21987299311314276,-0.10993649655657137
2014-04-20 11:02:00,27.53,0.3261713510019028,0,-0.1099380640207681,-0.2198761280415362,-0.1099380640207681
2014-04-20 11:07:00,28.3325,0.2926865784520201,0,-0.10993959280565772,-0.21987918561131545,-0.10993959280565771
2014-04-20 11:12:00,28.3325,0.2919969114792127,0,-0.10994108386518653,-0.21988216773037306,-0.10994108386518653
2014-04-20 11:17:00,29.1675,0.3835606546594148,0,-0.10994253812979894,-0.21988507625959788,-0.10994253812979894
2014-04-20 11:22:00,27.0575,0.3846902165104796,0,-0.10994395650701527,-0.21988791301403052,-0.10994395650701527
2014-04-20 11:27:00,29.1675,0.3758036072049198,0,-0.10994533988199534,-0.21989067976399068,-0.10994533988199534
2014-04-20 11:32:00,28.005,0.2828999624954702,0,-0.10994668911808833,-0.21989337823617666,-0.10994668911808833
2014-04-20 11:37:00,27.45,0.33744094956728443,0,-0.10994800505736912,-0.21989601011473825,-0.10994800505736911
2014-04-20 11:42:00,28.2375,0.28011921386581023,0,-0.10994928852116152,-0.21989857704232305,-0.10994928852116151
2014-04-20 11:47:00,27.5025,0.3308035331187544,0,-0.10995054031054867,-0.21990108062109734,-0.10995054031054868
2014-04-20 11:52:00,27.5025,0.3279375130351945,0,-0.10995176120687103,-0.21990352241374203,-0.109951761206871
2014-04-20 11:57:00,29.1625,0.3850176627659149,0,-0.1099529519722118,-0.2199059039444236,-0.1099529519722118
2014-04-20 12:02:00,27.915,0.2879132069946772,0,-0.10995411334987112,-0.21990822669974225,-0.10995411334987112
2014-04-20 12:07:00,27.5025,0.32940585972421066,0,-0.10995524606482786,-0.2199104921296557,-0.10995524606482786
2014-04-20 12:12:00,27.2225,0.35697951229472275,0,-0.10995635082419067,-0.21991270164838134,-0.10995635082419067
2014-04-20 12:17:00,28.7525,0.3412186079734965,0,-0.10995742831763773,-0.21991485663527546,-0.10995742831763773
2014-04-20 12:22:00,27.08,0.3708886368704397,0,-0.10995847921784564,-0.21991695843569128,-0.10995847921784564
2014-04-20 12:27:00,27.5,0.3192025905392067,0,-0.10995950418090804,-0.21991900836181608,-0.10995950418090804
2014-04-20 12:32:00,27.5,0.31720432954551325,0,-0.1099605038467437,-0.2199210076934874,-0.1099605038467437
2014-04-20 12:37:00,28.75,0.3482144163125763,0,-0.10996147883949474,-0.21992295767898948,-0.10996147883949474
2014-04-20 12:42:00,27.5075,0.31835144117545383,0,-0.109962429767915,-0.21992485953583,-0.109962429767915
2014-04-20 12:47:00,28.75,0.3473917841314327,0,-0.10996335722574901,-0.219926714451498,-0.10996335722574899
2014-04-20 12:52:00,27.5075,0.3201936332558425,0,-0.10996426179210136,-0.2199285235842027,-0.10996426179210135
2014-04-20 12:57:00,28.75,0.34667273594095954,0,-0.10996514403179744,-0.21993028806359488,-0.10996514403179744
2014-04-20 13:02:00,27.0825,0.3683766754493497,0,-0.10996600449573496,-0.2199320089914699,-0.10996600449573495
2014-04-20 13:07:00,27.645,0.30197640538263826,0,-0.10996684372122684,-0.2199336874424537,-0.10996684372122685
2014-04-20 13:12:00,28.3325,0.3048730399287249,0,-0.10996766223233606,-0.21993532446467207,-0.10996766223233606
2014-04-20 13:17:00,27.9175,0.27579058844814874,0,-0.10996846054020172,-0.21993692108040344,-0.10996846054020172
2014-04-20 13:22:00,28.05,0.2755525430621363,0,-0.1099692391433576,-0.2199384782867152,-0.10996923914335759
2014-04-20 13:27:00,27.915,0.27638838012448497,0,-0.10996999852804253,-0.21993999705608505,-0.10996999852804251
2014-04-20 13:32:00,26.6675,0.4257242842843304,0,-0.10997073916850332,-0.21994147833700667,-0.10997073916850333
2014-04-20 13:37:00,28.7525,0.35721383046814104,0,-0.10997146152729034,-0.21994292305458069,-0.10997146152729034
2014-04-20 13:42:00,27.5,0.3153249577768902,0,-0.10997216605554536,-0.21994433211109074,-0.10997216605554537
2014-04-20 13:47:00,27.5,0.31357159662496803,0,-0.10997285319328302,-0.21994570638656605,-0.10997285319328302
2014-04-20 13:52:00,27.9175,0.2692052774194515,0,-0.1099735233696647,-0.2199470467393294,-0.1099735233696647
2014-04-20 13:57:00,27.915,0.2689446240352605,0,-0.10997417700326616,-0.21994835400653232,-0.10997417700326616
2014-04-20 14:02:00,28.475,0.3311009743162085,0,-0.10997481450233826,-0.21994962900467646,-0.10997481450233826
2014-04-20 14:07:00,29.155,0.4124905854276393,0,-0.1099754362650615,-0.21995087253012302,-0.1099754362650615
2014-04-20 14:12:00,27.0825,0.3687325683104004,0,-0.10997604267979416,-0.2199520853595883,-0.10997604267979415
2014-04-20 14:17:00,28.335,0.30697013322973576,0,-0.10997663412531436,-0.21995326825062875,-0.10997663412531437
2014-04-20 14:22:00,28.335,0.30567624892585404,0,-0.10997721097105627,-0.21995442194211254,-0.10997721097105628
2014-04-20 14:27:00,27.5,0.3212926349770389,0,-0.1099777735773403,-0.2199555471546806,-0.1099777735773403
2014-04-20 14:32:00,27.915,0.2745177837202178,0,-0.10997832229559776,-0.21995664459119552,-0.10997832229559776
2014-04-20 14:37:00,27.9175,0.274111331276821,0,-0.10997885746859012,-0.21995771493718025,-0.10997885746859012
2014-04-20 14:42:00,27.915,0.2742490041128057,0,-0.10997937943062257,-0.2199587588612451,-0.10997937943062255
2014-04-20 14:47:00,27.5,0.3224171795636083,0,-0.10997988850775252,-0.21995977701550504,-0.10997988850775253
2014-04-20 14:52:00,27.5,0.3201993914657765,0,-0.10998038501799304,-0.2199607700359861,-0.10998038501799305
2014-04-20 14:57:00,29.1675,0.4287075331112892,0,-0.10998086927151106,-0.21996173854302206,-0.10998086927151106
2014-04-20 15:02:00,26.665,0.4239701933703606,0,-0.10998134157082083,-0.21996268314164166,-0.10998134157082082
2014-04-20 15:07:00,29.1675,0.4050094278298982,0,-0.10998180221097263,-0.21996360442194526,-0.10998180221097263
2014-04-20 15:12:00,28.295,0.2990753587797288,0,-0.10998225147973688,-0.21996450295947376,-0.10998225147973688
2014-04-20 15:17:00,27.9175,0.2759897132329884,0,-0.10998268965778353,-0.21996537931556706,-0.10998268965778352
2014-04-20 15:22:00,27.5,0.3182426407012256,0,-0.1099831170188571,-0.2199662340377142,-0.1099831170188571
2014-04-20 15:27:00,30.4175,0.5526739627009872,0,-0.10998353382994766,-0.21996706765989527,-0.10998353382994766
2014-04-20 15:32:00,27.5,0.3166354274511046,0,-0.10998394035145724,-0.21996788070291445,-0.10998394035145723
2014-04-20 15:37:00,28.7525,0.3267461792820611,0,-0.10998433683736224,-0.2199686736747245,-0.10998433683736225
2014-04-20 15:42:00,29.1675,0.3617849151666143,0,-0.1099847235353721,-0.2199694470707442,-0.1099847235353721
2014-04-20 15:47:00,28.75,0.3184989410944481,0,-0.10998510068708366,-0.2199702013741673,-0.10998510068708366
2014-04-20 15:52:00,28.2,0.27082400120842337,0,-0.10998546852813196,-0.21997093705626394,-0.10998546852813197
2014-04-20 15:57:00,28.715,0.3146190543270605,0,-0.10998582728833743,-0.21997165457667486,-0.10998582728833742
2014-04-20 16:02:00,28.75,0.31606133509324463,0,-0.10998617719184904,-0.21997235438369805,-0.10998617719184903
2014-04-20 16:07:00,27.9125,0.2963431060422299,0,-0.10998651845728434,-0.21997303691456868,-0.10998651845728434
2014-04-20 16:12:00,28.7525,0.31702324233262474,0,-0.10998685129786598,-0.219973702595732,-0.10998685129786598
2014-04-20 16:17:00,29.1625,0.3552397251598578,0,-0.10998717592155456,-0.2199743518431091,-0.10998717592155455
2014-04-20 16:22:00,27.5,0.3413623465596752,0,-0.10998749253117857,-0.21997498506235716,-0.10998749253117857
2014-04-20 16:27:00,29.1675,0.3541726314483851,0,-0.109987801324561,-0.219975602649122,-0.10998780132456099
2014-04-20 16:32:00,27.915,0.3023109932683996,0,-0.10998810249464268,-0.21997620498928536,-0.10998810249464269
2014-04-20 16:37:00,29.33,0.3689083181998825,0,-0.10998839622960292,-0.21997679245920584,-0.10998839622960291
2014-04-20 16:42:00,27.6425,0.33078658496161994,0,-0.10998868271297672,-0.21997736542595345,-0.10998868271297671
2014-04-20 16:47:00,28.3375,0.2726329296405514,0,-0.10998896212376956,-0.21997792424753915,-0.10998896212376957
2014-04-20 16:52:00,27.5025,0.3436426869986389,0,-0.10998923463656908,-0.21997846927313816,-0.10998923463656908
2014-04-20 16:57:00,29.165,0.3550296285848721,0,-0.10998950042165394,-0.21997900084330788,-0.10998950042165394
2014-04-20 17:02:00,28.1925,0.27852657561984845,0,-0.10998975964510033,-0.21997951929020065,-0.10998975964510031
2014-04-20 17:07:00,29.58,0.39611652836324507,0,-0.10999001246888546,-0.2199800249377709,-0.10999001246888546
2014-04-20 17:12:00,28.3325,0.2713545798603145,0,-0.10999025905098887,-0.21998051810197775,-0.10999025905098889
2014-04-20 17:17:00,27.9175,0.3090561489454288,0,-0.10999049954549098,-0.21998099909098195,-0.10999049954549098
2014-04-20 17:22:00,27.08,0.3930959688798855,0,-0.10999073410266914,-0.2199814682053383,-0.10999073410266914
2014-04-20 17:27:00,28.7475,0.3109079814093196,0,-0.10999096286909177,-0.2199819257381835,-0.10999096286909175
2014-04-20 17:32:00,28.3325,0.2719138781553929,0,-0.10999118598770956,-0.21998237197541914,-0.10999118598770957
2014-04-20 17:37:00,27.59,0.3361438093112684,0,-0.10999140359794504,-0.21998280719589008,-0.10999140359794504
2014-04-20 17:42:00,28.3325,0.27503113050012395,0,-0.10999161583577936,-0.21998323167155875,-0.10999161583577936
2014-04-20 17:47:00,27.445,0.3500186742538243,0,-0.10999182283383736,-0.21998364566767475,-0.10999182283383736
2014-04-20 17:52:00,27.5,0.3395067088055997,0,-0.10999202472147034,-0.21998404944294067,-0.10999202472147034
2014-04-20 17:57:00,28.3325,0.28201785729197204,0,-0.10999222162483682,-0.21998444324967364,-0.10999222162483682
2014-04-20 18:02:00,28.75,0.3232260654960873,0,-0.1099924136669814,-0.2199848273339628,-0.1099924136669814
2014-04-20 18:07:00,29.1675,0.3658398671398404,0,-0.1099926009679115,-0.219985201935823,-0.1099926009679115
2014-04-20 18:12:00,29.1675,0.3588868089750747,0,-0.10999278364467237,-0.21998556728934476,-0.10999278364467237
2014-04-20 18:17:00,27.9175,0.30681776621384826,0,-0.1099929618114202,-0.2199859236228404,-0.1099929618114202
2014-04-20 18:22:00,27.0825,0.3947423135808668,0,-0.10999313557949332,-0.21998627115898667,-0.10999313557949333
2014-04-20 18:27:00,29.215,0.36400020243507625,0,-0.10999330505748188,-0.21998661011496376,-0.10999330505748188
2014-04-20 18:32:00,26.8,0.4157303163015807,0,-0.1099934703512955,-0.219986940702591,-0.1099934703512955
2014-04-20 18:37:00,28.4275,0.2870517574865206,0,-0.10999363156422964,-0.21998726312845926,-0.10999363156422962
2014-04-20 18:42:00,28.3325,0.2783349584497761,0,-0.10999378879702976,-0.2199875775940596,-0.10999378879702978
2014-04-20 18:47:00,28.3225,0.27721225610160544,0,-0.1099939421479548,-0.2199878842959096,-0.1099939421479548
2014-04-20 18:52:00,27.5025,0.3379254469889778,0,-0.1099940917128379,-0.2199881834256758,-0.1099940917128379
2014-04-20 18:57:00,29.165,0.3626272195590614,0,-0.1099942375851468,-0.2199884751702936,-0.1099942375851468
2014-04-20 19:02:00,27.4825,0.3401304856945091,0,-0.1099943798560419,-0.2199887597120838,-0.1099943798560419
2014-04-20 19:07:00,29.9975,0.44868411761111177,0,-0.10999451861443332,-0.21998903722886665,-0.10999451861443332
2014-04-20 19:12:00,27.5,0.3361005780404304,0,-0.10999465394703647,-0.21998930789407292,-0.10999465394703647
2014-04-20 19:17:00,27.915,0.2967552594310111,0,-0.10999478593842614,-0.21998957187685228,-0.10999478593842614
2014-04-20 19:22:00,28.3325,0.276592619134214,0,-0.10999491467108936,-0.2199898293421787,-0.10999491467108935
2014-04-20 19:27:00,27.815,0.3059223202659839,0,-0.1099950402254769,-0.2199900804509538,-0.1099950402254769
2014-04-20 19:32:00,27.5,0.3340882981260844,0,-0.10999516268005363,-0.21999032536010726,-0.10999516268005363
2014-04-20 19:37:00,27.5,0.33093681644067946,0,-0.1099952821113474,-0.2199905642226948,-0.10999528211134739
2014-04-20 19:42:00,28.3325,0.2846674460483571,0,-0.10999539859399693,-0.21999079718799386,-0.10999539859399693
2014-04-20 19:47:00,27.5,0.3304834503879117,0,-0.10999551220079842,-0.21999102440159685,-0.10999551220079842
2014-04-20 19:52:00,27.085,0.3698270172754921,0,-0.10999562300275098,-0.219991246005502,-0.10999562300275101
2014-04-20 19:57:00,29.165,0.3723444426450494,0,-0.10999573106910114,-0.21999146213820228,-0.10999573106910114
2014-04-20 20:02:00,27.915,0.28743124562889794,0,-0.10999583646738588,-0.21999167293477176,-0.10999583646738588
2014-04-20 20:07:00,29.89,0.44447764786158056,0,-0.10999593926347496,-0.2199918785269499,-0.10999593926347495
2014-04-20 20:12:00,27.4975,0.3281725639357556,0,-0.10999603952161208,-0.21999207904322415,-0.10999603952161209
2014-04-20 20:17:00,28.335,0.2820106036085752,0,-0.10999613730445502,-0.21999227460891005,-0.10999613730445502
2014-04-20 20:22:00,27.4825,0.3291170033826481,0,-0.1099962326731147,-0.2199924653462294,-0.1099962326731147
2014-04-20 20:27:00,27.47,0.32753329667323106,0,-0.10999632568719342,-0.21999265137438684,-0.10999632568719342
2014-04-20 20:32:00,27.94,0.2833160159576633,0,-0.10999641640482212,-0.21999283280964424,-0.10999641640482212
2014-04-20 20:37:00,28.335,0.2889560003327332,0,-0.10999650488269663,-0.2199930097653933,-0.10999650488269665
2014-04-20 20:42:00,27.5,0.3252252018209634,0,-0.10999659117611324,-0.21999318235222648,-0.10999659117611324
2014-04-20 20:47:00,27.815,0.2930392800021931,0,-0.10999667533900298,-0.219993350678006,-0.10999667533900298
2014-04-20 20:52:00,28.8975,0.3486927603659761,0,-0.1099967574239656,-0.21999351484793125,-0.10999675742396561
2014-04-20 20:57:00,29.165,0.3717781276313229,0,-0.1099968374823023,-0.2199936749646046,-0.1099968374823023
2014-04-20 21:02:00,26.6675,0.4159494456165325,0,-0.10999691556404774,-0.21999383112809548,-0.10999691556404774
2014-04-20 21:07:00,29.5825,0.4056155069212048,0,-0.1099969917180014,-0.2199939834360028,-0.1099969917180014
2014-04-20 21:12:00,27.4975,0.3233519249117319,0,-0.10999706599175804,-0.21999413198351608,-0.10999706599175803
2014-04-20 21:17:00,27.9175,0.2859023177810257,0,-0.10999713843173738,-0.21999427686347475,-0.10999713843173738
2014-04-20 21:22:00,27.915,0.2856450764617243,0,-0.10999720908321324,-0.21999441816642645,-0.10999720908321323
2014-04-20 21:27:00,29.42,0.3881491597738338,0,-0.10999727799034162,-0.21999455598068324,-0.10999727799034162
2014-04-20 21:32:00,28.36,0.28372422052121304,0,-0.10999734519618856,-0.2199946903923771,-0.10999734519618855
2014-04-20 21:37:00,28.335,0.28124552562391475,0,-0.10999741074275676,-0.2199948214855135,-0.10999741074275675
2014-04-20 21:42:00,28.75,0.3175252406478625,0,-0.10999747467101204,-0.2199949493420241,-0.10999747467101205
2014-04-20 21:47:00,27.6425,0.32006048137187165,0,-0.10999753702090888,-0.21999507404181776,-0.10999753702090888
2014-04-20 21:52:00,27.5025,0.3312622523813949,0,-0.10999759783141533,-0.21999519566283066,-0.10999759783141531
2014-04-20 21:57:00,28.75,0.3225204504416952,0,-0.1099976571405374,-0.2199953142810748,-0.10999765714053739
2014-04-20 22:02:00,27.0825,0.3740369145975944,0,-0.1099977149853428,-0.2199954299706856,-0.1099977149853428
2014-04-20 22:07:00,29.5825,0.40662712502511,0,-0.1099977714019842,-0.2199955428039684,-0.1099977714019842
2014-04-20 22:12:00,28.755,0.3151166983120407,0,-0.10999782642572163,-0.21999565285144326,-0.10999782642572163
2014-04-20 22:17:00,28.7525,0.31315441541612826,0,-0.10999788009094466,-0.21999576018188927,-0.10999788009094466
2014-04-20 22:22:00,29.165,0.3496735310187955,0,-0.10999793243119384,-0.21999586486238767,-0.10999793243119384
2014-04-20 22:27:00,29.745,0.4012263016259486,0,-0.10999798347918163,-0.21999596695836326,-0.10999798347918163
2014-04-20 22:32:00,27.4975,0.3423762125837638,0,-0.10999803326681296,-0.2199960665336259,-0.10999803326681296
2014-04-20 22:37:00,29.1675,0.33867122342414924,0,-0.10999808182520496,-0.21999616365040991,-0.10999808182520496
2014-04-20 22:42:00,27.4975,0.34225872859920725,0,-0.10999812918470668,-0.21999625836941333,-0.10999812918470667
2014-04-20 22:47:00,27.9175,0.3021537763739748,0,-0.10999817537491777,-0.2199963507498355,-0.10999817537491775
2014-04-20 22:52:00,28.3325,0.2708466240688789,0,-0.10999822042470714,-0.21999644084941428,-0.10999822042470714
2014-04-20 22:57:00,28.49,0.28387077656165555,0,-0.10999826436223102,-0.21999652872446204,-0.10999826436223102
2014-04-20 23:02:00,27.9175,0.30370898453734746,0,-0.10999830721495048,-0.21999661442990096,-0.10999830721495049
2014-04-20 23:07:00,26.6675,0.4269525525925492,0,-0.10999834900964864,-0.21999669801929728,-0.10999834900964864
2014-04-20 23:12:00,27.4975,0.32931336360013325,0,-0.10999838977244727,-0.21999677954489455,-0.10999838977244729
2014-04-20 23:17:00,28.3325,0.2811342826938743,0,-0.10999842952882342,-0.21999685905764685,-0.10999842952882342
2014-04-20 23:22:00,28.3225,0.2799754726850769,0,-0.10999846830362496,-0.21999693660724995,-0.10999846830362497
2014-04-20 23:27:00,28.7525,0.3179094009427399,0,-0.1099985061210864,-0.21999701224217286,-0.10999850612108641
2014-04-20 23:32:00,27.0825,0.3754144746557955,0,-0.10999854300484396,-0.2199970860096879,-0.10999854300484395
2014-04-20 23:37:00,27.0825,0.3669086484486387,0,-0.10999857897795016,-0.21999715795590036,-0.10999857897795016
2014-04-20 23:42:00,28.3325,0.28715028154632577,0,-0.10999861406288856,-0.2199972281257771,-0.10999861406288855
2014-04-20 23:47:00,27.5,0.323575898213656,0,-0.10999864828158752,-0.21999729656317504,-0.10999864828158752
2014-04-20 23:52:00,28.3325,0.2895565945903621,0,-0.10999868165543404,-0.21999736331086808,-0.10999868165543404
2014-04-20 23:57:00,29.045,0.35668541184012026,0,-0.10999871420528712,-0.21999742841057424,-0.10999871420528712
2014-04-21 00:02:00,26.565,0.4216251180622939,0,-0.10999874595149073,-0.21999749190298146,-0.10999874595149071
2014-04-21 00:07:00,29.8325,0.4275250484416061,0,-0.1099987769138866,-0.2199975538277732,-0.1099987769138866
2014-04-21 00:12:00,28.3325,0.28178651571772034,0,-0.1099988071118266,-0.2199976142236532,-0.1099988071118266
2014-04-21 00:17:00,28.3325,0.2814448865495017,0,-0.10999883656418476,-0.2199976731283696,-0.10999883656418478
2014-04-21 00:22:00,27.5,0.3240815935475737,0,-0.10999886528936924,-0.2199977305787385,-0.10999886528936925
2014-04-21 00:27:00,27.9175,0.2868146302370209,0,-0.10999889330533362,-0.21999778661066724,-0.10999889330533362
2014-04-21 00:32:00,27.925,0.2857013666499433,0,-0.1099989206295882,-0.21999784125917646,-0.10999892062958821
2014-04-21 00:37:00,27.5,0.3225141071569915,0,-0.10999894727921113,-0.21999789455842225,-0.10999894727921113
2014-04-21 00:42:00,28.725,0.3243938764570012,0,-0.10999897327085872,-0.21999794654171745,-0.10999897327085871
2014-04-21 00:47:00,28.7475,0.324118261929985,0,-0.10999899862077614,-0.21999799724155228,-0.10999899862077614
2014-04-21 00:52:00,26.67,0.4096953632889215,0,-0.10999902334480753,-0.21999804668961506,-0.10999902334480752
2014-04-21 00:57:00,29.5825,0.4031015232076022,0,-0.10999904745840572,-0.21999809491681147,-0.10999904745840573
2014-04-21 01:02:00,27.0825,0.3569483671629973,0,-0.10999907097664216,-0.21999814195328435,-0.10999907097664217
2014-04-21 01:07:00,27.9175,0.2828235225218233,0,-0.10999909391421614,-0.21999818782843228,-0.10999909391421614
2014-04-21 01:12:00,29.5825,0.3965542945436289,0,-0.10999911628546398,-0.219998232570928,-0.10999911628546398
2014-04-21 01:17:00,27.915,0.2876886697247133,0,-0.10999913810436816,-0.2199982762087363,-0.10999913810436815
2014-04-21 01:22:00,26.635,0.3961367715907592,0,-0.1099991593845658,-0.2199983187691316,-0.10999915938456581
2014-04-21 01:27:00,29.5825,0.3889710474796009,0,-0.10999918013935747,-0.21999836027871494,-0.10999918013935749
2014-04-21 01:32:00,30.0025,0.4131320303826287,0,-0.10999920038171528,-0.21999840076343055,-0.10999920038171529
2014-04-21 01:37:00,27.915,0.29090155980105875,0,-0.1099992201242911,-0.2199984402485822,-0.1099992201242911
2014-04-21 01:42:00,28.3325,0.27588729879991103,0,-0.1099992393794244,-0.2199984787588488,-0.1099992393794244
2014-04-21 01:47:00,27.915,0.29120635212957513,0,-0.10999925815915,-0.2199985163183,-0.10999925815914999
2014-04-21 01:52:00,27.5,0.3217933639289844,0,-0.1099992764752056,-0.2199985529504112,-0.1099992764752056
2014-04-21 01:57:00,28.7475,0.31059698145217457,0,-0.10999929433903913,-0.21999858867807826,-0.10999929433903911
2014-04-21 02:02:00,26.7725,0.3831835293359904,0,-0.10999931176181582,-0.21999862352363164,-0.10999931176181582
2014-04-21 02:07:00,27.6475,0.3043142869475225,0,-0.10999932875442528,-0.21999865750885056,-0.10999932875442528
2014-04-21 02:12:00,28.3325,0.2846678752007094,0,-0.10999934532748826,-0.2199986906549765,-0.10999934532748826
2014-04-21 02:17:00,27.5,0.31650397430912514,0,-0.10999936149136326,-0.21999872298272646,-0.10999936149136326
2014-04-21 02:22:00,28.75,0.3197591386818072,0,-0.10999937725615304,-0.21999875451230608,-0.10999937725615304
2014-04-21 02:27:00,29.3225,0.3663710488293952,0,-0.10999939263171096,-0.2199987852634219,-0.10999939263171095
2014-04-21 02:32:00,29.585,0.3820608632790623,0,-0.10999940762764708,-0.21999881525529413,-0.10999940762764707
2014-04-21 02:37:00,28.335,0.2745527162047457,0,-0.10999942225333416,-0.21999884450666835,-0.10999942225333417
2014-04-21 02:42:00,28.06,0.2836996220224853,0,-0.10999943651791363,-0.21999887303582727,-0.10999943651791363
2014-04-21 02:47:00,28.3325,0.2751101933267629,0,-0.10999945043030117,-0.2199989008606023,-0.10999945043030115
2014-04-21 02:52:00,27.085,0.3666472824468713,0,-0.10999946399919233,-0.21999892799838466,-0.10999946399919232
2014-04-21 02:57:00,29.155,0.3464020844593462,0,-0.10999947723306797,-0.21999895446613596,-0.10999947723306797
2014-04-21 03:02:00,27.4825,0.3293172938694865,0,-0.1099994901401996,-0.2199989802803992,-0.1099994901401996
2014-04-21 03:07:00,27.9175,0.29112818578649763,0,-0.10999950272865447,-0.21999900545730894,-0.10999950272865447
2014-04-21 03:12:00,28.3325,0.27993533558480543,0,-0.10999951500630066,-0.21999903001260127,-0.10999951500630066
2014-04-21 03:17:00,27.8075,0.30082598978341063,0,-0.10999952698081204,-0.21999905396162406,-0.10999952698081202
2014-04-21 03:22:00,28.3325,0.2814801812531763,0,-0.1099995386596729,-0.2199990773193458,-0.1099995386596729
2014-04-21 03:27:00,28.7675,0.3194230303861935,0,-0.10999955005018286,-0.21999910010036566,-0.10999955005018286
2014-04-21 03:32:00,27.915,0.2947456572113538,0,-0.10999956115946127,-0.21999912231892252,-0.10999956115946127
2014-04-21 03:37:00,28.8575,0.3285133680798276,0,-0.10999957199445168,-0.21999914398890336,-0.10999957199445169
2014-04-21 03:42:00,27.5,0.3364068224501266,0,-0.10999958256192628,-0.21999916512385256,-0.10999958256192628
2014-04-21 03:47:00,27.9175,0.2936830068863145,0,-0.10999959286848997,-0.21999918573697996,-0.10999959286848997
2014-04-21 03:52:00,28.75,0.3217830471469213,0,-0.10999960292058462,-0.21999920584116925,-0.10999960292058462
2014-04-21 03:57:00,28.75,0.3196097859063659,0,-0.10999961272449306,-0.21999922544898606,-0.10999961272449306
2014-04-21 04:02:00,28.335,0.2777869969000163,0,-0.10999962228634297,-0.219999244572686,-0.10999962228634298
2014-04-21 04:07:00,28.75,0.3183905712308166,0,-0.1099996316121108,-0.2199992632242216,-0.1099996316121108
2014-04-21 04:12:00,27.4975,0.3469880187938664,0,-0.10999964070762533,-0.21999928141525066,-0.10999964070762533
2014-04-21 04:17:00,28.335,0.2788942925307137,0,-0.10999964957857154,-0.21999929915714309,-0.10999964957857154
2014-04-21 04:22:00,27.485,0.3464798927257613,0,-0.109999658230494,-0.219999316460988,-0.10999965823049399
2014-04-21 04:27:00,30.0525,0.4752130340199399,0,-0.10999966666880036,-0.21999933333760074,-0.10999966666880037
2014-04-21 04:32:00,27.4975,0.3402920258723425,0,-0.10999967489876486,-0.21999934979752966,-0.10999967489876486
2014-04-21 04:37:00,29.1675,0.352332959532161,0,-0.1099996829255314,-0.2199993658510628,-0.10999968292553139
2014-04-21 04:42:00,27.885,0.3045318919819024,0,-0.10999969075411688,-0.21999938150823375,-0.10999969075411689
2014-04-21 04:47:00,27.9175,0.3004009024295303,0,-0.1099996983894145,-0.219999396778829,-0.1099996983894145
2014-04-21 04:52:00,28.3325,0.2754454960536058,0,-0.10999970583619643,-0.21999941167239287,-0.10999970583619643
2014-04-21 04:57:00,28.3325,0.2752780632560053,0,-0.10999971309911714,-0.2199994261982343,-0.10999971309911714
2014-04-21 05:02:00,27.4775,0.3463564062514985,0,-0.10999972018271616,-0.21999944036543234,-0.10999972018271617
2014-04-21 05:07:00,29.165,0.3620638580508975,0,-0.10999972709142096,-0.21999945418284192,-0.10999972709142096
2014-04-21 05:12:00,27.4975,0.3435754573555902,0,-0.10999973382954964,-0.21999946765909925,-0.10999973382954963
2014-04-21 05:17:00,29.1675,0.3598277163254887,0,-0.1099997404013137,-0.2199994808026274,-0.1099997404013137
2014-04-21 05:22:00,27.645,0.3284651949926503,0,-0.10999974681082074,-0.21999949362164148,-0.10999974681082074
2014-04-21 05:27:00,27.5,0.34033499047702165,0,-0.10999975306207682,-0.21999950612415364,-0.10999975306207682
2014-04-21 05:32:00,27.5,0.3365885189352613,0,-0.1099997591589892,-0.2199995183179784,-0.1099997591589892
2014-04-21 05:37:00,29.07,0.3555297077105745,0,-0.1099997651053686,-0.2199995302107372,-0.10999976510536859
2014-04-21 05:42:00,28.3325,0.27892694160783404,0,-0.10999977090493168,-0.21999954180986334,-0.10999977090493167
2014-04-21 05:47:00,29.17,0.3622074566471285,0,-0.10999977656130333,-0.21999955312260666,-0.10999977656130332
2014-04-21 05:52:00,27.5,0.3430958712488234,0,-0.10999978207801893,-0.21999956415603786,-0.10999978207801892
2014-04-21 05:57:00,28.3325,0.2777322116599139,0,-0.1099997874585266,-0.2199995749170532,-0.10999978745852661
2014-04-21 06:02:00,27.08,0.3865672044308421,0,-0.10999979270618934,-0.21999958541237868,-0.10999979270618934
2014-04-21 06:07:00,27.6425,0.3189671776163334,0,-0.10999979782428708,-0.21999959564857413,-0.10999979782428707
2014-04-21 06:12:00,27.4975,0.33139378785523355,0,-0.10999980281601872,-0.21999960563203744,-0.10999980281601872
2014-04-21 06:17:00,28.3325,0.28826177982764506,0,-0.10999980768450432,-0.21999961536900864,-0.10999980768450432
2014-04-21 06:22:00,27.49,0.3318443677173292,0,-0.10999981243278677,-0.21999962486557356,-0.10999981243278677
2014-04-21 06:27:00,28.07,0.2717430807029812,0,-0.10999981706383392,-0.21999963412766785,-0.10999981706383391
2014-04-21 06:32:00,27.9175,0.2864625627032549,0,-0.10999982158054028,-0.21999964316108056,-0.10999982158054028
2014-04-21 06:37:00,27.9175,0.2859807784575941,0,-0.10999982598572897,-0.21999965197145796,-0.10999982598572897
2014-04-21 06:42:00,27.5175,0.32850987753870897,0,-0.1099998302821533,-0.2199996605643066,-0.1099998302821533
2014-04-21 06:47:00,29.165,0.393390020832622,0,-0.10999983447249873,-0.21999966894499745,-0.10999983447249871
2014-04-21 06:52:00,27.0925,0.3767532266245007,0,-0.10999983855938428,-0.21999967711876856,-0.10999983855938428
2014-04-21 06:57:00,29.0575,0.3718576651239314,0,-0.10999984254536443,-0.21999968509072887,-0.10999984254536443
2014-04-21 07:02:00,28.3325,0.2899897359269214,0,-0.10999984643293052,-0.21999969286586105,-0.10999984643293052
2014-04-21 07:07:00,27.5,0.33061460966056383,0,-0.1099998502245124,-0.2199997004490248,-0.1099998502245124
2014-04-21 07:12:00,28.75,0.33563144151226937,0,-0.10999985392247992,-0.21999970784495984,-0.10999985392247992
2014-04-21 07:17:00,27.5,0.3314999335004791,0,-0.1099998575291444,-0.2199997150582888,-0.10999985752914439
2014-04-21 07:22:00,27.1975,0.3616219788177202,0,-0.10999986104676013,-0.21999972209352026,-0.10999986104676013
2014-04-21 07:27:00,28.75,0.3398076298851951,0,-0.10999986447752573,-0.21999972895505146,-0.10999986447752573
2014-04-21 07:32:00,27.5,0.3267307904113938,0,-0.10999986782358552,-0.21999973564717107,-0.10999986782358553
2014-04-21 07:37:00,27.915,0.28205868676581786,0,-0.10999987108703092,-0.21999974217406185,-0.10999987108703092
2014-04-21 07:42:00,28.7475,0.34222934363379776,0,-0.10999987426990164,-0.2199997485398033,-0.10999987426990165
2014-04-21 07:47:00,27.9175,0.2849669554497318,0,-0.10999987737418712,-0.21999975474837424,-0.10999987737418711
2014-04-21 07:52:00,28.295,0.2916728200164938,0,-0.10999988040182758,-0.2199997608036552,-0.10999988040182758
2014-04-21 07:57:00,28.75,0.3417794994749065,0,-0.1099998833547154,-0.2199997667094308,-0.1099998833547154
2014-04-21 08:02:00,26.8,0.4206196789389317,0,-0.10999988623469624,-0.2199997724693925,-0.10999988623469625
2014-04-21 08:07:00,28.3325,0.29649638982286275,0,-0.1099998890435702,-0.2199997780871404,-0.10999988904357019
2014-04-21 08:12:00,28.475,0.31048830425583634,0,-0.10999989178309287,-0.2199997835661857,-0.10999989178309287
2014-04-21 08:17:00,27.0825,0.378029583759225,0,-0.10999989445497654,-0.2199997889099531,-0.10999989445497654
2014-04-21 08:22:00,27.915,0.2805798946838598,0,-0.10999989706089122,-0.21999979412178244,-0.10999989706089122
2014-04-21 08:27:00,29.065,0.3815833379264797,0,-0.10999989960246573,-0.21999979920493146,-0.10999989960246573
2014-04-21 08:32:00,27.2175,0.3584032903116934,0,-0.10999990208128856,-0.2199998041625772,-0.10999990208128858
2014-04-21 08:37:00,28.2875,0.2930645559615607,0,-0.10999990449890913,-0.21999980899781826,-0.10999990449890912
2014-04-21 08:42:00,28.64,0.3292415677828545,0,-0.10999990685683847,-0.2199998137136769,-0.10999990685683847
2014-04-21 08:47:00,27.9175,0.2849215952817711,0,-0.10999990915655036,-0.21999981831310075,-0.10999990915655036
2014-04-21 08:52:00,28.3325,0.2956042407904487,0,-0.10999991139948223,-0.21999982279896446,-0.10999991139948222
2014-04-21 08:57:00,27.915,0.28647144449158696,0,-0.10999991358703594,-0.21999982717407188,-0.10999991358703594
2014-04-21 09:02:00,26.6675,0.4363111850024097,0,-0.1099999157205788,-0.2199998314411576,-0.10999991572057881
2014-04-21 09:07:00,27.0425,0.3698023194090551,0,-0.10999991780144436,-0.21999983560288872,-0.10999991780144436
2014-04-21 09:12:00,27.4875,0.31498424343275944,0,-0.10999991983093316,-0.2199998396618664,-0.10999991983093318
2014-04-21 09:17:00,27.0875,0.3561048667497058,0,-0.1099999218103138,-0.2199998436206276,-0.10999992181031379
2014-04-21 09:22:00,27.0825,0.35107301489430875,0,-0.10999992374082336,-0.21999984748164672,-0.10999992374082336
2014-04-21 09:27:00,29.99,0.5031440674271682,0,-0.10999992562366848,-0.21999985124733695,-0.10999992562366849
2014-04-21 09:32:00,26.6675,0.3819172172463809,0,-0.10999992746002607,-0.2199998549200521,-0.10999992746002607
2014-04-21 09:37:00,28.275,0.2991176774505645,0,-0.10999992925104383,-0.21999985850208767,-0.10999992925104383
2014-04-21 09:42:00,28.335,0.3031957880537806,0,-0.10999993099784122,-0.21999986199568244,-0.10999993099784122
2014-04-21 09:47:00,27.085,0.3416357439296151,0,-0.10999993270151008,-0.21999986540302016,-0.10999993270151008
2014-04-21 09:52:00,27.1875,0.32853120104537226,0,-0.11,-0.22,-0.11
2014-04-21 09:57:00,29.5825,0.4267343638218328,0,-0.11,-0.22,-0.11
2014-04-21 10:02:00,28.3575,0.300937447006217,0,-0.11,-0.22,-0.11
2014-04-21 10:07:00,28.7225,0.3303432394222517,0,-0.11,-0.22,-0.11
2014-04-21 10:12:00,29.585,0.4051703346185229,0,-0.11,-0.22,-0.11
2014-04-21 10:17:00,27.9175,0.2809150091340742,0,-0.11,-0.22,-0.11
2014-04-21 10:22:00,27.485,0.3147565970915545,0,-0.11,-0.22,-0.11
2014-04-21 10:27:00,29.585,0.3993133631310444,0,-0.11,-0.22,-0.11
2014-04-21 10:32:00,27.8075,0.2920041461718266,0,-0.11,-0.22,-0.11
2014-04-21 10:37:00,27.0825,0.3503417616496935,0,-0.11,-0.22,-0.11
2014-04-21 10:42:00,28.7525,0.3230229030994393,0,-0.11,-0.22,-0.11
2014-04-21 10:47:00,27.5,0.3145654384531494,0,-0.11,-0.22,-0.11
2014-04-21 10:52:00,27.5,0.31285759576620537,0,-0.11,-0.22,-0.11
2014-04-21 10:57:00,28.335,0.2927322023927326,0,-0.11,-0.22,-0.11
2014-04-21 11:02:00,26.25,0.4284551760716728,0,-0.11,-0.22,-0.11
2014-04-21 11:07:00,27.495,0.3034886802677423,0,-0.11,-0.22,-0.11
2014-04-21 11:12:00,27.64,0.29104410250232504,0,-0.11,-0.22,-0.11
2014-04-21 11:17:00,29.1675,0.372392863456082,0,-0.11,-0.22,-0.11
2014-04-21 11:22:00,28.19,0.2845816885722532,0,-0.11,-0.22,-0.11
2014-04-21 11:27:00,28.7525,0.3299475423032446,0,-0.11,-0.22,-0.11
2014-04-21 11:32:00,27.915,0.27771416367492074,0,-0.11,-0.22,-0.11
2014-04-21 11:37:00,28.75,0.3290037444953927,0,-0.11,-0.22,-0.11
2014-04-21 11:42:00,27.5,0.315016089184867,0,-0.11,-0.22,-0.11
2014-04-21 11:47:00,28.6475,0.3205765786200732,0,-0.11,-0.22,-0.11
2014-04-21 11:52:00,27.5,0.3165539213300146,0,-0.11,-0.22,-0.11
2014-04-21 11:57:00,29.1675,0.3705292687550117,0,-0.11,-0.22,-0.11
2014-04-21 12:02:00,27.47,0.3213192873976564,0,-0.11,-0.22,-0.11
2014-04-21 12:07:00,28.345,0.2925445358439085,0,-0.11,-0.22,-0.11
2014-04-21 12:12:00,29.165,0.367751325074196,0,-0.11,-0.22,-0.11
2014-04-21 12:17:00,27.0825,0.3615103886066079,0,-0.11,-0.22,-0.11
2014-04-21 12:22:00,27.9125,0.28225222931108424,0,-0.11,-0.22,-0.11
2014-04-21 12:27:00,28.3325,0.2910838837298623,0,-0.11,-0.22,-0.11
2014-04-21 12:32:00,27.0825,0.3602033026569129,0,-0.11,-0.22,-0.11
2014-04-21 12:37:00,29.575,0.4129897576073275,0,-0.11,-0.22,-0.11
2014-04-21 12:42:00,28.0575,0.2729554065994661,0,-0.11,-0.22,-0.11
2014-04-21 12:47:00,27.9175,0.28426075959430513,0,-0.11,-0.22,-0.11
2014-04-21 12:52:00,25.8325,0.4852182536811924,0,-0.11,-0.22,-0.11
2014-04-21 12:57:00,28.72,0.3241954745287817,0,-0.11,-0.22,-0.11
2014-04-21 13:02:00,28.3325,0.2918559592295092,0,-0.11,-0.22,-0.11
2014-04-21 13:07:00,27.9175,0.27771534679088017,0,-0.11,-0.22,-0.11
2014-04-21 13:12:00,28.75,0.3262917282698273,0,-0.11,-0.22,-0.11
2014-04-21 13:17:00,27.5,0.3139366229072319,0,-0.11,-0.22,-0.11
2014-04-21 13:22:00,27.4975,0.3124759917108552,0,-0.11,-0.22,-0.11
2014-04-21 13:27:00,29.1625,0.3676665119704495,0,-0.11,-0.22,-0.11
2014-04-21 13:32:00,27.0825,0.3507698015636051,0,-0.11,-0.22,-0.11
2014-04-21 13:37:00,28.8975,0.3407832396450539,0,-0.11,-0.22,-0.11
2014-04-21 13:42:00,27.5,0.31391466161100423,0,-0.11,-0.22,-0.11
2014-04-21 13:47:00,27.5,0.3122451996612013,0,-0.11,-0.22,-0.11
2014-04-21 13:52:00,28.335,0.29537729504305826,0,-0.11,-0.22,-0.11
2014-04-21 13:57:00,29.5825,0.4100430991387285,0,-0.11,-0.22,-0.11
2014-04-21 14:02:00,27.1,0.3512040334400825,0,-0.11,-0.22,-0.11
2014-04-21 14:07:00,29.615,0.4008470773079417,0,-0.11,-0.22,-0.11
2014-04-21 14:12:00,28.3325,0.2836651742653801,0,-0.11,-0.22,-0.11
2014-04-21 14:17:00,27.9075,0.2863883930478381,0,-0.11,-0.22,-0.11
2014-04-21 14:22:00,27.915,0.2853236315929699,0,-0.11,-0.22,-0.11
2014-04-21 14:27:00,28.75,0.3202911341433783,0,-0.11,-0.22,-0.11
2014-04-21 14:32:00,27.915,0.2876338376201753,0,-0.11,-0.22,-0.11
2014-04-21 14:37:00,30.0,0.439327916543826,0,-0.11,-0.22,-0.11
2014-04-21 14:42:00,27.085,0.3602811858022506,0,-0.11,-0.22,-0.11
2014-04-21 14:47:00,28.3325,0.280530432590946,0,-0.11,-0.22,-0.11
2014-04-21 14:52:00,27.39,0.3312647678205811,0,-0.11,-0.22,-0.11
2014-04-21 14:57:00,28.3325,0.2833240009546701,0,-0.11,-0.22,-0.11
2014-04-21 15:02:00,27.0825,0.3576149147071541,0,-0.11,-0.22,-0.11
2014-04-21 15:07:00,29.5925,0.3946841592251103,0,-0.11,-0.22,-0.11
2014-04-21 15:12:00,27.5,0.3201395925598936,0,-0.11,-0.22,-0.11
2014-04-21 15:17:00,28.7475,0.3155818564610977,0,-0.11,-0.22,-0.11
2014-04-21 15:22:00,27.47,0.3237831007496358,0,-0.11,-0.22,-0.11
2014-04-21 15:27:00,28.335,0.28418885939641625,0,-0.11,-0.22,-0.11
2014-04-21 15:32:00,27.4975,0.32133966121596635,0,-0.11,-0.22,-0.11
2014-04-21 15:37:00,27.9175,0.2843195375530245,0,-0.11,-0.22,-0.11
2014-04-21 15:42:00,28.335,0.28780265590481063,0,-0.11,-0.22,-0.11
2014-04-21 15:47:00,28.75,0.3236837962737501,0,-0.11,-0.22,-0.11
2014-04-21 15:52:00,27.085,0.3643925899005344,0,-0.11,-0.22,-0.11
2014-04-21 15:57:00,29.1675,0.3639675303142561,0,-0.11,-0.22,-0.11
2014-04-21 16:02:00,27.0825,0.3613364081952736,0,-0.11,-0.22,-0.11
2014-04-21 16:07:00,28.75,0.3233846557898081,0,-0.11,-0.22,-0.11
2014-04-21 16:12:00,28.335,0.2857886825392533,0,-0.11,-0.22,-0.11
2014-04-21 16:17:00,27.5,0.3236124377728869,0,-0.11,-0.22,-0.11
2014-04-21 16:22:00,27.5025,0.3210817726826355,0,-0.11,-0.22,-0.11
2014-04-21 16:27:00,28.75,0.3284611665916713,0,-0.11,-0.22,-0.11
2014-04-21 16:32:00,27.94,0.2832611711779885,0,-0.11,-0.22,-0.11
2014-04-21 16:37:00,28.75,0.32808345288598184,0,-0.11,-0.22,-0.11
2014-04-21 16:42:00,29.1675,0.3668997457819064,0,-0.11,-0.22,-0.11
2014-04-21 16:47:00,27.5,0.3306911090549413,0,-0.11,-0.22,-0.11
2014-04-21 16:52:00,27.5,0.32783453516465944,0,-0.11,-0.22,-0.11
2014-04-21 16:57:00,29.5825,0.4110898831988662,0,-0.11,-0.22,-0.11
2014-04-21 17:02:00,27.4975,0.3286722046310429,0,-0.11,-0.22,-0.11
2014-04-21 17:07:00,28.7525,0.3203110049785244,0,-0.11,-0.22,-0.11
2014-04-21 17:12:00,27.4975,0.3294726229316025,0,-0.11,-0.22,-0.11
2014-04-21 17:17:00,27.4975,0.3267170760662744,0,-0.11,-0.22,-0.11
2014-04-21 17:22:00,27.4975,0.3241809914830051,0,-0.11,-0.22,-0.11
2014-04-21 17:27:00,28.3325,0.2901917893517147,0,-0.11,-0.22,-0.11
2014-04-21 17:32:00,28.75,0.3289220515115281,0,-0.11,-0.22,-0.11
2014-04-21 17:37:00,28.01,0.2797929327261444,0,-0.11,-0.22,-0.11
2014-04-21 17:42:00,27.5,0.3286433324723667,0,-0.11,-0.22,-0.11
2014-04-21 17:47:00,26.6575,0.4159571715171511,0,-0.11,-0.22,-0.11
2014-04-21 17:52:00,28.0475,0.2710034439106387,0,-0.11,-0.22,-0.11
2014-04-21 17:57:00,29.07,0.3687375138713479,0,-0.11,-0.22,-0.11
2014-04-21 18:02:00,27.0675,0.3629307124471908,0,-0.11,-0.22,-0.11
2014-04-21 18:07:00,28.71,0.3299736482717036,0,-0.11,-0.22,-0.11
2014-04-21 18:12:00,28.6,0.3168615906925251,0,-0.11,-0.22,-0.11
2014-04-21 18:17:00,29.1675,0.37059905463428416,0,-0.11,-0.22,-0.11
2014-04-21 18:22:00,28.75,0.3228522532193231,0,-0.11,-0.22,-0.11
2014-04-21 18:27:00,28.49,0.29671742565164666,0,-0.11,-0.22,-0.11
2014-04-21 18:32:00,27.9175,0.29295431161047025,0,-0.11,-0.22,-0.11
2014-04-21 18:37:00,27.455,0.3370829323213513,0,-0.11,-0.22,-0.11
2014-04-21 18:42:00,27.5025,0.32890704480502586,0,-0.11,-0.22,-0.11
2014-04-21 18:47:00,28.7475,0.3299056681649196,0,-0.11,-0.22,-0.11
2014-04-21 18:52:00,26.6425,0.4218420389650308,0,-0.11,-0.22,-0.11
2014-04-21 18:57:00,28.365,0.29495471966876,0,-0.11,-0.22,-0.11
2014-04-21 19:02:00,27.9175,0.2829987308341532,0,-0.11,-0.22,-0.11
2014-04-21 19:07:00,28.335,0.2927916819896732,0,-0.11,-0.22,-0.11
2014-04-21 19:12:00,29.1675,0.3764668698959303,0,-0.11,-0.22,-0.11
2014-04-21 19:17:00,27.4975,0.3285364136320004,0,-0.11,-0.22,-0.11
2014-04-21 19:22:00,27.055,0.3708712468835324,0,-0.11,-0.22,-0.11
2014-04-21 19:27:00,29.165,0.3746613198215538,0,-0.11,-0.22,-0.11
2014-04-21 19:32:00,27.08,0.3636307662130529,0,-0.11,-0.22,-0.11
2014-04-21 19:37:00,27.4975,0.31774495675472714,0,-0.11,-0.22,-0.11
2014-04-21 19:42:00,27.5,0.3156108076096211,0,-0.11,-0.22,-0.11
2014-04-21 19:47:00,28.3325,0.29786892230506684,0,-0.11,-0.22,-0.11
2014-04-21 19:52:00,27.0825,0.3576085978890222,0,-0.11,-0.22,-0.11
2014-04-21 19:57:00,28.75,0.34065182272789984,0,-0.11,-0.22,-0.11
2014-04-21 20:02:00,27.5,0.3151053514102466,0,-0.11,-0.22,-0.11
2014-04-21 20:07:00,27.0825,0.3545101401398128,0,-0.11,-0.22,-0.11
2014-04-21 20:12:00,27.5,0.3086864133996706,0,-0.11,-0.22,-0.11
2014-04-21 20:17:00,29.1625,0.3907909035535321,0,-0.11,-0.22,-0.11
2014-04-21 20:22:00,27.065,0.3528985482737674,0,-0.11,-0.22,-0.11
2014-04-21 20:27:00,30.12,0.4828595755927049,0,-0.11,-0.22,-0.11
2014-04-21 20:32:00,28.3575,0.2923743005325582,0,-0.11,-0.22,-0.11
2014-04-21 20:37:00,28.345,0.2907167932358473,0,-0.11,-0.22,-0.11
2014-04-21 20:42:00,28.3325,0.2890974469096929,0,-0.11,-0.22,-0.11
2014-04-21 20:47:00,28.75,0.3237497473282649,0,-0.11,-0.22,-0.11
2014-04-21 20:52:00,26.25,0.4380881293389048,0,-0.11,-0.22,-0.11
2014-04-21 20:57:00,29.1675,0.3588560739688297,0,-0.11,-0.22,-0.11
2014-04-21 21:02:00,27.5,0.3126351002655421,0,-0.11,-0.22,-0.11
2014-04-21 21:07:00,27.9275,0.2782724391166231,0,-0.11,-0.22,-0.11
2014-04-21 21:12:00,28.3325,0.29060332858233245,0,-0.11,-0.22,-0.11
2014-04-21 21:17:00,28.335,0.2901857310623766,0,-0.11,-0.22,-0.11
2014-04-21 21:22:00,27.9175,0.28148626098338164,0,-0.11,-0.22,-0.11
2014-04-21 21:27:00,28.33,0.2903578109176786,0,-0.11,-0.22,-0.11
2014-04-21 21:32:00,26.67,0.3981576326352251,0,-0.11,-0.22,-0.11
2014-04-21 21:37:00,27.9175,0.2762828902893084,0,-0.11,-0.22,-0.11
2014-04-21 21:42:00,27.4175,0.3185704595323493,0,-0.11,-0.22,-0.11
2014-04-21 21:47:00,28.3325,0.2987521110780417,0,-0.11,-0.22,-0.11
2014-04-21 21:52:00,26.665,0.3917055688694183,0,-0.11,-0.22,-0.11
2014-04-21 21:57:00,29.74,0.4336178430921852,0,-0.11,-0.22,-0.11
2014-04-21 22:02:00,27.0825,0.3426745070096956,0,-0.11,-0.22,-0.11
2014-04-21 22:07:00,27.8875,0.2751514420435509,0,-0.11,-0.22,-0.11
2014-04-21 22:12:00,27.2175,0.3287690170141028,0,-0.11,-0.22,-0.11
2014-04-21 22:17:00,28.7475,0.3349919450307885,0,-0.11,-0.22,-0.11
2014-04-21 22:22:00,27.9175,0.27301669557876146,0,-0.11,-0.22,-0.11
2014-04-21 22:27:00,29.9975,0.451050719469975,0,-0.11,-0.22,-0.11
2014-04-21 22:32:00,28.79,0.3224780896072245,0,-0.11,-0.22,-0.11
2014-04-21 22:37:00,28.3325,0.2853629552284953,0,-0.11,-0.22,-0.11
2014-04-21 22:42:00,28.75,0.31743882563392045,0,-0.11,-0.22,-0.11
2014-04-21 22:47:00,27.5025,0.3192111394764733,0,-0.11,-0.22,-0.11
2014-04-21 22:52:00,27.915,0.28425974196993864,0,-0.11,-0.22,-0.11
2014-04-21 22:57:00,28.7475,0.3207655243909797,0,-0.11,-0.22,-0.11
2014-04-21 23:02:00,26.6675,0.39645831332619136,0,-0.11,-0.22,-0.11
2014-04-21 23:07:00,29.17,0.3581311997939912,0,-0.11,-0.22,-0.11
2014-04-21 23:12:00,31.7125,0.5836710799238999,0,-0.11,-0.22,-0.11
2014-04-21 23:17:00,28.335,0.2709176040162,0,-0.11,-0.22,-0.11
2014-04-21 23:22:00,28.75,0.29543077440339865,0,-0.11,-0.22,-0.11
2014-04-21 23:27:00,27.5,0.3198797382069481,0,-0.11,-0.22,-0.11
2014-04-21 23:32:00,27.085,0.3455938999632533,0,-0.11,-0.22,-0.11
2014-04-21 23:37:00,28.75,0.30125227523138104,0,-0.11,-0.22,-0.11
2014-04-21 23:42:00,27.5,0.31648860464059664,0,-0.11,-0.22,-0.11
2014-04-21 23:47:00,28.3325,0.2763975765109298,0,-0.11,-0.22,-0.11
2014-04-21 23:52:00,28.75,0.3036356195752139,0,-0.11,-0.22,-0.11
2014-04-21 23:57:00,28.4875,0.28478213408489417,0,-0.11,-0.22,-0.11
2014-04-22 00:02:00,27.9075,0.2924339508259216,0,-0.11,-0.22,-0.11
2014-04-22 00:07:00,28.75,0.3045521458495755,0,-0.11,-0.22,-0.11
2014-04-22 00:12:00,27.5,0.3242751915100163,0,-0.11,-0.22,-0.11
2014-04-22 00:17:00,28.3325,0.2763282733227327,0,-0.11,-0.22,-0.11
2014-04-22 00:22:00,27.4825,0.3251530717766548,0,-0.11,-0.22,-0.11
2014-04-22 00:27:00,28.7475,0.31027109658379703,0,-0.11,-0.22,-0.11
2014-04-22 00:32:00,28.3325,0.27705461913689444,0,-0.11,-0.22,-0.11
2014-04-22 00:37:00,27.5,0.3264677115026717,0,-0.11,-0.22,-0.11
2014-04-22 00:42:00,27.0825,0.3598570055560449,0,-0.11,-0.22,-0.11
2014-04-22 00:47:00,26.6675,0.3903489358624796,0,-0.11,-0.22,-0.11
2014-04-22 00:52:00,27.8125,0.2871330169954778,0,-0.11,-0.22,-0.11
2014-04-22 00:57:00,29.1275,0.3544891780638219,0,-0.11,-0.22,-0.11
2014-04-22 01:02:00,29.165,0.3522694982525822,0,-0.11,-0.22,-0.11
2014-04-22 01:07:00,28.3325,0.2817614030004133,0,-0.11,-0.22,-0.11
2014-04-22 01:12:00,29.635,0.38950098269189815,0,-0.11,-0.22,-0.11
2014-04-22 01:17:00,29.165,0.3393767291035726,0,-0.11,-0.22,-0.11
2014-04-22 01:22:00,27.0825,0.3622123188222594,0,-0.11,-0.22,-0.11
2014-04-22 01:27:00,28.705,0.3037827102723343,0,-0.11,-0.22,-0.11
2014-04-22 01:32:00,27.9175,0.29322150063004626,0,-0.11,-0.22,-0.11
2014-04-22 01:37:00,27.5,0.3255365334955602,0,-0.11,-0.22,-0.11
2014-04-22 01:42:00,27.9,0.2912594862203137,0,-0.11,-0.22,-0.11
2014-04-22 01:47:00,28.75,0.3138440890206806,0,-0.11,-0.22,-0.11
2014-04-22 01:52:00,26.6675,0.4011543938219007,0,-0.11,-0.22,-0.11
2014-04-22 01:57:00,28.75,0.3161492557149436,0,-0.11,-0.22,-0.11
2014-04-22 02:02:00,25.4175,0.5075635106184246,0,-0.11,-0.22,-0.11
2014-04-22 02:07:00,27.5,0.3029244375614163,0,-0.11,-0.22,-0.11
2014-04-22 02:12:00,28.3325,0.2905831871298976,0,-0.11,-0.22,-0.11
2014-04-22 02:17:00,27.9175,0.27541371909470425,0,-0.11,-0.22,-0.11
2014-04-22 02:22:00,28.4725,0.3007496255013125,0,-0.11,-0.22,-0.11
2014-04-22 02:27:00,28.3325,0.2896806311392512,0,-0.11,-0.22,-0.11
2014-04-22 02:32:00,27.48,0.3103581301818863,0,-0.11,-0.22,-0.11
2014-04-22 02:37:00,29.17,0.3574514597874935,0,-0.11,-0.22,-0.11
2014-04-22 02:42:00,29.1675,0.35149512451273657,0,-0.11,-0.22,-0.11
2014-04-22 02:47:00,27.5,0.3150938811266893,0,-0.11,-0.22,-0.11
2014-04-22 02:52:00,26.6675,0.38082552829056265,0,-0.11,-0.22,-0.11
2014-04-22 02:57:00,27.9175,0.2766671360962806,0,-0.11,-0.22,-0.11
2014-04-22 03:02:00,27.0825,0.3397801459612304,0,-0.11,-0.22,-0.11
2014-04-22 03:07:00,28.75,0.32650797704073115,0,-0.11,-0.22,-0.11
2014-04-22 03:12:00,29.1675,0.35774559774924425,0,-0.11,-0.22,-0.11
2014-04-22 03:17:00,29.165,0.351749547967223,0,-0.11,-0.22,-0.11
2014-04-22 03:22:00,27.9175,0.2837925105700193,0,-0.11,-0.22,-0.11
2014-04-22 03:27:00,27.915,0.2835760751677372,0,-0.11,-0.22,-0.11
2014-04-22 03:32:00,27.4975,0.3156542765614945,0,-0.11,-0.22,-0.11
2014-04-22 03:37:00,28.7525,0.3217813870709446,0,-0.11,-0.22,-0.11
2014-04-22 03:42:00,27.4975,0.3171939211440112,0,-0.11,-0.22,-0.11
2014-04-22 03:47:00,30.4175,0.4755273070729715,0,-0.11,-0.22,-0.11
2014-04-22 03:52:00,26.675,0.38115991715086656,0,-0.11,-0.22,-0.11
2014-04-22 03:57:00,29.9975,0.405266895746725,0,-0.11,-0.22,-0.11
2014-04-22 04:02:00,27.5,0.3148482570865399,0,-0.11,-0.22,-0.11
2014-04-22 04:07:00,27.9175,0.2854726257375328,0,-0.11,-0.22,-0.11
2014-04-22 04:12:00,29.3475,0.3503634585041568,0,-0.11,-0.22,-0.11
2014-04-22 04:17:00,28.29,0.27309047815692383,0,-0.11,-0.22,-0.11
2014-04-22 04:22:00,29.1675,0.33404146038247196,0,-0.11,-0.22,-0.11
2014-04-22 04:27:00,28.335,0.2728727503540743,0,-0.11,-0.22,-0.11
2014-04-22 04:32:00,28.0575,0.2839334823938876,0,-0.11,-0.22,-0.11
2014-04-22 04:37:00,28.235,0.27113470591080185,0,-0.11,-0.22,-0.11
2014-04-22 04:42:00,26.6675,0.3944157713980547,0,-0.11,-0.22,-0.11
2014-04-22 04:47:00,28.745,0.3082411751897303,0,-0.11,-0.22,-0.11
2014-04-22 04:52:00,28.4675,0.28670370020971964,0,-0.11,-0.22,-0.11
2014-04-22 04:57:00,28.3325,0.27647197554286224,0,-0.11,-0.22,-0.11
2014-04-22 05:02:00,26.635,0.3975853194605151,0,-0.11,-0.22,-0.11
2014-04-22 05:07:00,28.905,0.32375986826963954,0,-0.11,-0.22,-0.11
2014-04-22 05:12:00,27.5075,0.3188376019871593,0,-0.11,-0.22,-0.11
2014-04-22 05:17:00,27.085,0.3504559027117916,0,-0.11,-0.22,-0.11
2014-04-22 05:22:00,28.3325,0.28538062822344384,0,-0.11,-0.22,-0.11
2014-04-22 05:27:00,27.915,0.28337362254782306,0,-0.11,-0.22,-0.11
2014-04-22 05:32:00,27.0825,0.3500263173140022,0,-0.11,-0.22,-0.11
2014-04-22 05:37:00,28.7475,0.32256151670884314,0,-0.11,-0.22,-0.11
2014-04-22 05:42:00,27.0825,0.3490623252752317,0,-0.11,-0.22,-0.11
2014-04-22 05:47:00,27.5,0.3100912031768789,0,-0.11,-0.22,-0.11
2014-04-22 05:52:00,28.335,0.29386693297336325,0,-0.11,-0.22,-0.11
2014-04-22 05:57:00,27.915,0.2775093285401451,0,-0.11,-0.22,-0.11
2014-04-22 06:02:00,27.5975,0.3032990272097333,0,-0.11,-0.22,-0.11
2014-04-22 06:07:00,29.165,0.3711594611397747,0,-0.11,-0.22,-0.11
2014-04-22 06:12:00,26.9875,0.35998512650802544,0,-0.11,-0.22,-0.11
2014-04-22 06:17:00,27.5,0.3094664538466309,0,-0.11,-0.22,-0.11
2014-04-22 06:22:00,28.345,0.2985301290255814,0,-0.11,-0.22,-0.11
2014-04-22 06:27:00,28.7475,0.3329126271282692,0,-0.11,-0.22,-0.11
2014-04-22 06:32:00,27.895,0.280324938639094,0,-0.11,-0.22,-0.11
2014-04-22 06:37:00,28.3375,0.2951955579467397,0,-0.11,-0.22,-0.11
2014-04-22 06:42:00,27.5,0.3170551452902408,0,-0.11,-0.22,-0.11
2014-04-22 06:47:00,27.6475,0.30154164345506834,0,-0.11,-0.22,-0.11
2014-04-22 06:52:00,27.5,0.31440668992378673,0,-0.11,-0.22,-0.11
2014-04-22 06:57:00,28.3325,0.3018783266947549,0,-0.11,-0.22,-0.11
2014-04-22 07:02:00,27.085,0.35783920400578856,0,-0.11,-0.22,-0.11
2014-04-22 07:07:00,29.1675,0.39022374108458585,0,-0.11,-0.22,-0.11
2014-04-22 07:12:00,27.0925,0.3539653189819761,0,-0.11,-0.22,-0.11
2014-04-22 07:17:00,27.5,0.30983082483045754,0,-0.11,-0.22,-0.11
2014-04-22 07:22:00,27.1,0.3470658502700171,0,-0.11,-0.22,-0.11
2014-04-22 07:27:00,28.75,0.3483366710035907,0,-0.11,-0.22,-0.11
2014-04-22 07:32:00,27.0575,0.350620225164882,0,-0.11,-0.22,-0.11
2014-04-22 07:37:00,27.1425,0.3374662004165446,0,-0.11,-0.22,-0.11
2014-04-22 07:42:00,28.3325,0.3113510324306853,0,-0.11,-0.22,-0.11
2014-04-22 07:47:00,27.5,0.30318624300598546,0,-0.11,-0.22,-0.11
2014-04-22 07:52:00,26.6675,0.38618509267002427,0,-0.11,-0.22,-0.11
2014-04-22 07:57:00,30.8325,0.5779794788321835,0,-0.11,-0.22,-0.11
2014-04-22 08:02:00,27.0725,0.33050443992515377,0,-0.11,-0.22,-0.11
2014-04-22 08:07:00,29.1675,0.35954633523446505,0,-0.11,-0.22,-0.11
2014-04-22 08:12:00,28.3175,0.2920277840770873,0,-0.11,-0.22,-0.11
2014-04-22 08:17:00,27.0825,0.33353668356777993,0,-0.11,-0.22,-0.11
2014-04-22 08:22:00,27.9175,0.2707423143721628,0,-0.11,-0.22,-0.11
2014-04-22 08:27:00,28.33,0.29637009169639755,0,-0.11,-0.22,-0.11
2014-04-22 08:32:00,25.835,0.4403350895895565,0,-0.11,-0.22,-0.11
2014-04-22 08:37:00,28.7525,0.33022317524276257,0,-0.11,-0.22,-0.11
2014-04-22 08:42:00,26.25,0.38765146994639504,0,-0.11,-0.22,-0.11
2014-04-22 08:47:00,27.44,0.2931576761520952,0,-0.11,-0.22,-0.11
2014-04-22 08:52:00,27.5,0.2884425208454429,0,-0.11,-0.22,-0.11
2014-04-22 08:57:00,28.75,0.3363725323413342,0,-0.11,-0.22,-0.11
2014-04-22 09:02:00,27.085,0.3205831846895197,0,-0.11,-0.22,-0.11
2014-04-22 09:07:00,28.335,0.306154101860444,0,-0.11,-0.22,-0.11
2014-04-22 09:12:00,28.2325,0.2974984226386669,0,-0.11,-0.22,-0.11
2014-04-22 09:17:00,27.6475,0.2826071536984454,0,-0.11,-0.22,-0.11
2014-04-22 09:22:00,26.2475,0.3940076859595083,0,-0.11,-0.22,-0.11
2014-04-22 09:27:00,28.75,0.34140832863557025,0,-0.11,-0.22,-0.11
2014-04-22 09:32:00,27.085,0.3202393816747531,0,-0.11,-0.22,-0.11
2014-04-22 09:37:00,27.815,0.27219962579611184,0,-0.11,-0.22,-0.11
2014-04-22 09:42:00,28.335,0.310442111800118,0,-0.11,-0.22,-0.11
2014-04-22 09:47:00,27.49,0.2915241445637794,0,-0.11,-0.22,-0.11
2014-04-22 09:52:00,28.3325,0.3109582042844838,0,-0.11,-0.22,-0.11
2014-04-22 09:57:00,27.9175,0.27698002273485084,0,-0.11,-0.22,-0.11
2014-04-22 10:02:00,28.3325,0.31009205573100945,0,-0.11,-0.22,-0.11
2014-04-22 10:07:00,27.9175,0.2748702723733132,0,-0.11,-0.22,-0.11
2014-04-22 10:12:00,28.3325,0.3093736161494381,0,-0.11,-0.22,-0.11
2014-04-22 10:17:00,27.5,0.2998528303926541,0,-0.11,-0.22,-0.11
2014-04-22 10:22:00,26.2525,0.4184723004591309,0,-0.11,-0.22,-0.11
2014-04-22 10:27:00,29.5825,0.4282965674575808,0,-0.11,-0.22,-0.11
2014-04-22 10:32:00,27.0825,0.32813202191578633,0,-0.11,-0.22,-0.11
2014-04-22 10:37:00,29.2725,0.3849164447935639,0,-0.11,-0.22,-0.11
2014-04-22 10:42:00,28.75,0.3324127189422119,0,-0.11,-0.22,-0.11
2014-04-22 10:47:00,27.5,0.3006929259221031,0,-0.11,-0.22,-0.11
2014-04-22 10:52:00,27.4575,0.3029408862249052,0,-0.11,-0.22,-0.11
2014-04-22 10:57:00,28.4925,0.3147592148198228,0,-0.11,-0.22,-0.11
2014-04-22 11:02:00,27.9175,0.269362251222449,0,-0.11,-0.22,-0.11
2014-04-22 11:07:00,28.7475,0.3358356281355225,0,-0.11,-0.22,-0.11
2014-04-22 11:12:00,30.0,0.4471997372881809,0,-0.11,-0.22,-0.11
2014-04-22 11:17:00,28.335,0.2879147710105309,0,-0.11,-0.22,-0.11
2014-04-22 11:22:00,28.75,0.3188800378084006,0,-0.11,-0.22,-0.11
2014-04-22 11:27:00,21.245,0.8176574168873838,0,-0.11,-0.22,-0.11
2014-04-22 11:32:00,18.3325,0.6910708584719367,0,-0.11,-0.22,-0.11
2014-04-22 11:37:00,17.5,0.5558562838097212,0,-0.11,-0.22,-0.11
2014-04-22 11:42:00,17.5,0.4805564881680881,0,-0.11,-0.22,-0.11
2014-04-22 11:47:00,17.9175,0.4324906568887958,0,-0.11,-0.22,-0.11
2014-04-22 11:52:00,16.25,0.44292366324219495,0,-0.11,-0.22,-0.11
2014-04-22 11:57:00,18.4375,0.37951767229127775,0,-0.11,-0.22,-0.11
2014-04-22 12:02:00,16.6675,0.3998324137270606,0,-0.11,-0.22,-0.11
2014-04-22 12:07:00,16.66,0.3865614400744595,0,-0.11,-0.22,-0.11
2014-04-22 12:12:00,16.25,0.3822534304074645,0,-0.11,-0.22,-0.11
2014-04-22 12:17:00,17.5,0.35434542618195475,0,-0.11,-0.22,-0.11
2014-04-22 12:22:00,17.5,0.3489990653765413,0,-0.11,-0.22,-0.11
2014-04-22 12:27:00,17.5,0.3443081475442701,0,-0.11,-0.22,-0.11
2014-04-22 12:32:00,15.835,0.36361193993532986,0,-0.11,-0.22,-0.11
2014-04-22 12:37:00,17.0825,0.3397696172675133,0,-0.11,-0.22,-0.11
2014-04-22 12:42:00,16.7725,0.34030383499800043,0,-0.11,-0.22,-0.11
2014-04-22 12:47:00,16.665,0.3380242010495626,0,-0.11,-0.22,-0.11
2014-04-22 12:52:00,16.6525,0.3346758362797224,0,-0.11,-0.22,-0.11
2014-04-22 12:57:00,17.5,0.3200637546904357,0,-0.11,-0.22,-0.11
2014-04-22 13:02:00,16.25,0.3350583587819174,0,-0.11,-0.22,-0.11
2014-04-22 13:07:00,17.5,0.3147909652085477,0,-0.11,-0.22,-0.11
2014-04-22 13:12:00,16.6675,0.3244937675334099,0,-0.11,-0.22,-0.11
2014-04-22 13:17:00,18.335,0.2993393732657028,0,-0.11,-0.22,-0.11
2014-04-22 13:22:00,16.665,0.32166036709690793,0,-0.11,-0.22,-0.11
2014-04-22 13:27:00,17.5,0.30765270450615,0,-0.11,-0.22,-0.11
2014-04-22 13:32:00,17.0825,0.3123070855137391,0,-0.11,-0.22,-0.11
2014-04-22 13:37:00,17.0825,0.31073001908030673,0,-0.11,-0.22,-0.11
2014-04-22 13:42:00,16.6675,0.31541436371430737,0,-0.11,-0.22,-0.11
2014-04-22 13:47:00,17.0825,0.3074118866195223,0,-0.11,-0.22,-0.11
2014-04-22 13:52:00,16.6675,0.3124372688730742,0,-0.11,-0.22,-0.11
2014-04-22 13:57:00,18.3325,0.2855446124073612,0,-0.11,-0.22,-0.11
2014-04-22 14:02:00,16.2525,0.3176668232288601,0,-0.11,-0.22,-0.11
2014-04-22 14:07:00,17.9525,0.28873616717810185,0,-0.11,-0.22,-0.11
2014-04-22 14:12:00,17.4975,0.2954429370086407,0,-0.11,-0.22,-0.11
2014-04-22 14:17:00,17.0825,0.3015049951042855,0,-0.11,-0.22,-0.11
2014-04-22 14:22:00,17.0825,0.3004665070355616,0,-0.11,-0.22,-0.11
2014-04-22 14:27:00,17.915,0.28532197726024944,0,-0.11,-0.22,-0.11
2014-04-22 14:32:00,16.2525,0.314220352580148,0,-0.11,-0.22,-0.11
2014-04-22 14:37:00,17.55,0.28922233475477865,0,-0.11,-0.22,-0.11
2014-04-22 14:42:00,17.0825,0.2971193293941259,0,-0.11,-0.22,-0.11
2014-04-22 14:47:00,17.0825,0.2962632396443348,0,-0.11,-0.22,-0.11
2014-04-22 14:52:00,15.84,0.3195866818671401,0,-0.11,-0.22,-0.11
2014-04-22 14:57:00,17.9025,0.2777528168321058,0,-0.11,-0.22,-0.11
2014-04-22 15:02:00,17.0825,0.2933748576716037,0,-0.11,-0.22,-0.11
2014-04-22 15:07:00,17.975,0.2750772940590165,0,-0.11,-0.22,-0.11
2014-04-22 15:12:00,17.0825,0.2929580435283037,0,-0.11,-0.22,-0.11
2014-04-22 15:17:00,17.0825,0.29225865873347795,0,-0.11,-0.22,-0.11
2014-04-22 15:22:00,17.0825,0.2915841915166968,0,-0.11,-0.22,-0.11
2014-04-22 15:27:00,17.085,0.2908785090249305,0,-0.11,-0.22,-0.11
2014-04-22 15:32:00,16.25,0.3093348840028173,0,-0.11,-0.22,-0.11
2014-04-22 15:37:00,17.9175,0.270011565599604,0,-0.11,-0.22,-0.11
2014-04-22 15:42:00,16.5775,0.3010251897715861,0,-0.11,-0.22,-0.11
2014-04-22 15:47:00,17.035,0.28898715897104943,0,-0.11,-0.22,-0.11
2014-04-22 15:52:00,17.09,0.2870863416479801,0,-0.11,-0.22,-0.11
2014-04-22 15:57:00,17.085,0.28670919213979384,0,-0.11,-0.22,-0.11
2014-04-22 16:02:00,16.6675,0.2969551820119125,0,-0.11,-0.22,-0.11
2014-04-22 16:07:00,17.92,0.2739266220158041,0,-0.11,-0.22,-0.11
2014-04-22 16:12:00,17.0275,0.2873838193319305,0,-0.11,-0.22,-0.11
2014-04-22 16:17:00,17.8075,0.2718674575806854,0,-0.11,-0.22,-0.11
2014-04-22 16:22:00,16.6675,0.297716092174652,0,-0.11,-0.22,-0.11
2014-04-22 16:27:00,17.5025,0.27302937558382706,0,-0.11,-0.22,-0.11
2014-04-22 16:32:00,16.665,0.2974332354289231,0,-0.11,-0.22,-0.11
2014-04-22 16:37:00,17.0825,0.28394866891367465,0,-0.11,-0.22,-0.11
2014-04-22 16:42:00,16.6675,0.2963860059589004,0,-0.11,-0.22,-0.11
2014-04-22 16:47:00,17.9175,0.2810076995271896,0,-0.11,-0.22,-0.11
2014-04-22 16:52:00,15.835,0.3249644288131509,0,-0.11,-0.22,-0.11
2014-04-22 16:57:00,17.9025,0.2830695094725362,0,-0.11,-0.22,-0.11
2014-04-22 17:02:00,17.065,0.282439002586315,0,-0.11,-0.22,-0.11
2014-04-22 17:07:00,17.085,0.2814026697041314,0,-0.11,-0.22,-0.11
2014-04-22 17:12:00,16.6675,0.2957362714536753,0,-0.11,-0.22,-0.11
2014-04-22 17:17:00,17.0825,0.2800653369528213,0,-0.11,-0.22,-0.11
2014-04-22 17:22:00,16.6875,0.2942676927211654,0,-0.11,-0.22,-0.11
2014-04-22 17:27:00,17.9725,0.29192990283153203,0,-0.11,-0.22,-0.11
2014-04-22 17:32:00,17.0825,0.2801305376980842,0,-0.11,-0.22,-0.11
2014-04-22 17:37:00,18.39,0.309326740974984,0,-0.11,-0.22,-0.11
2014-04-22 17:42:00,16.5775,0.3024740235097148,0,-0.11,-0.22,-0.11
2014-04-22 17:47:00,17.0825,0.2806141651080302,0,-0.11,-0.22,-0.11
2014-04-22 17:52:00,16.6875,0.2968879248521307,0,-0.11,-0.22,-0.11
2014-04-22 17:57:00,17.3925,0.2716082947548014,0,-0.11,-0.22,-0.11
2014-04-22 18:02:00,17.085,0.2794351797203764,0,-0.11,-0.22,-0.11
2014-04-22 18:07:00,16.6675,0.297993302725218,0,-0.11,-0.22,-0.11
2014-04-22 18:12:00,16.6675,0.2971023465083738,0,-0.11,-0.22,-0.11
2014-04-22 18:17:00,17.5,0.2801188261848145,0,-0.11,-0.22,-0.11
2014-04-22 18:22:00,17.5,0.2798245241421557,0,-0.11,-0.22,-0.11
2014-04-22 18:27:00,18.33,0.3215426481944557,0,-0.11,-0.22,-0.11
2014-04-22 18:32:00,17.085,0.2809266925758518,0,-0.11,-0.22,-0.11
2014-04-22 18:37:00,18.3225,0.32098115741991845,0,-0.11,-0.22,-0.11
2014-04-22 18:42:00,17.0825,0.2834455333618639,0,-0.11,-0.22,-0.11
2014-04-22 18:47:00,17.135,0.2803028111610115,0,-0.11,-0.22,-0.11
2014-04-22 18:52:00,16.68,0.30500791016098394,0,-0.11,-0.22,-0.11
2014-04-22 18:57:00,17.5,0.2791234338488299,0,-0.11,-0.22,-0.11
2014-04-22 19:02:00,16.6675,0.3060194587428418,0,-0.11,-0.22,-0.11
2014-04-22 19:07:00,17.5,0.2809023449799133,0,-0.11,-0.22,-0.11
2014-04-22 19:12:00,17.0825,0.28141495711379383,0,-0.11,-0.22,-0.11
2014-04-22 19:17:00,17.9175,0.3072808896324448,0,-0.11,-0.22,-0.11
2014-04-22 19:22:00,16.665,0.3095517116691721,0,-0.11,-0.22,-0.11
2014-04-22 19:27:00,17.5,0.2820564671336851,0,-0.11,-0.22,-0.11
2014-04-22 19:32:00,17.0825,0.2824434639798781,0,-0.11,-0.22,-0.11
2014-04-22 19:37:00,17.9725,0.3146904944091808,0,-0.11,-0.22,-0.11
2014-04-22 19:42:00,17.0825,0.2845652761317779,0,-0.11,-0.22,-0.11
2014-04-22 19:47:00,17.9175,0.3109950659828832,0,-0.11,-0.22,-0.11
2014-04-22 19:52:00,16.2525,0.3477521270510283,0,-0.11,-0.22,-0.11
2014-04-22 19:57:00,17.915,0.31308235874767176,0,-0.11,-0.22,-0.11
2014-04-22 20:02:00,16.665,0.3153712976395172,0,-0.11,-0.22,-0.11
2014-04-22 20:07:00,17.1825,0.27597100511392136,0,-0.11,-0.22,-0.11
2014-04-22 20:12:00,16.25,0.3474134707813575,0,-0.11,-0.22,-0.11
2014-04-22 20:17:00,18.335,0.35350147906263585,0,-0.11,-0.22,-0.11
2014-04-22 20:22:00,16.9925,0.2896517816797298,0,-0.11,-0.22,-0.11
2014-04-22 20:27:00,18.335,0.3514594604534069,0,-0.11,-0.22,-0.11
2014-04-22 20:32:00,15.835,0.3860250050420448,0,-0.11,-0.22,-0.11
2014-04-22 20:37:00,17.5,0.2865941660179869,0,-0.11,-0.22,-0.11
2014-04-22 20:42:00,16.665,0.3126108615290141,0,-0.11,-0.22,-0.11
2014-04-22 20:47:00,17.5,0.2885899645995729,0,-0.11,-0.22,-0.11
2014-04-22 20:52:00,16.665,0.313135542326907,0,-0.11,-0.22,-0.11
2014-04-22 20:57:00,17.5,0.29058291981875245,0,-0.11,-0.22,-0.11
2014-04-22 21:02:00,17.0825,0.28017443213982457,0,-0.11,-0.22,-0.11
2014-04-22 21:07:00,17.915,0.3260539130548896,0,-0.11,-0.22,-0.11
2014-04-22 21:12:00,17.0825,0.2827736234582348,0,-0.11,-0.22,-0.11
2014-04-22 21:17:00,17.9175,0.32600332992080594,0,-0.11,-0.22,-0.11
2014-04-22 21:22:00,16.26,0.35914404873834194,0,-0.11,-0.22,-0.11
2014-04-22 21:27:00,17.0825,0.28090808973828363,0,-0.11,-0.22,-0.11
2014-04-22 21:32:00,17.0825,0.28059154374830275,0,-0.11,-0.22,-0.11
2014-04-22 21:37:00,17.0825,0.2802839514347565,0,-0.11,-0.22,-0.11
2014-04-22 21:42:00,17.4975,0.2945356869686841,0,-0.11,-0.22,-0.11
2014-04-22 21:47:00,17.0825,0.2815409741873723,0,-0.11,-0.22,-0.11
2014-04-22 21:52:00,16.25,0.36450197111266597,0,-0.11,-0.22,-0.11
2014-04-22 21:57:00,18.3325,0.383722925598424,0,-0.11,-0.22,-0.11
2014-04-22 22:02:00,16.2525,0.36025077078413154,0,-0.11,-0.22,-0.11
2014-04-22 22:07:00,17.9525,0.3394467655422804,0,-0.11,-0.22,-0.11
2014-04-22 22:12:00,17.0825,0.28045207234747305,0,-0.11,-0.22,-0.11
2014-04-22 22:17:00,17.98,0.34097166794592576,0,-0.11,-0.22,-0.11
2014-04-22 22:22:00,17.085,0.2833772504303321,0,-0.11,-0.22,-0.11
2014-04-22 22:27:00,17.915,0.3332025677238481,0,-0.11,-0.22,-0.11
2014-04-22 22:32:00,16.2525,0.36950501776057465,0,-0.11,-0.22,-0.11
2014-04-22 22:37:00,17.9175,0.33409322992272017,0,-0.11,-0.22,-0.11
2014-04-22 22:42:00,16.665,0.3242553728184481,0,-0.11,-0.22,-0.11
2014-04-22 22:47:00,17.0825,0.2820782648448981,0,-0.11,-0.22,-0.11
2014-04-22 22:52:00,16.25,0.3660208020839085,0,-0.11,-0.22,-0.11
2014-04-22 22:57:00,18.3325,0.3844342093195064,0,-0.11,-0.22,-0.11
2014-04-22 23:02:00,17.0825,0.2819211425758972,0,-0.11,-0.22,-0.11
2014-04-22 23:07:00,17.9175,0.33493129758934226,0,-0.11,-0.22,-0.11
2014-04-22 23:12:00,17.5,0.29112589237191555,0,-0.11,-0.22,-0.11
2014-04-22 23:17:00,17.9175,0.3319950982791579,0,-0.11,-0.22,-0.11
2014-04-22 23:22:00,15.835,0.4218722183919186,0,-0.11,-0.22,-0.11
2014-04-22 23:27:00,17.085,0.28140492283797314,0,-0.11,-0.22,-0.11
2014-04-22 23:32:00,16.6675,0.3202005718547,0,-0.11,-0.22,-0.11
2014-04-22 23:37:00,17.0825,0.27892950466667404,0,-0.11,-0.22,-0.11
2014-04-22 23:42:00,16.665,0.3191384655693961,0,-0.11,-0.22,-0.11
2014-04-22 23:47:00,17.5,0.30122330157020943,0,-0.11,-0.22,-0.11
2014-04-22 23:52:00,16.2675,0.3626369444100977,0,-0.11,-0.22,-0.11
2014-04-22 23:57:00,17.91,0.3465886886766322,0,-0.11,-0.22,-0.11
2014-04-23 00:02:00,19.5825,0.5328369181414959,0,-0.11,-0.22,-0.11
2014-04-23 00:07:00,17.14,0.2806115608010305,0,-0.11,-0.22,-0.11
2014-04-23 00:12:00,17.915,0.3203351664511776,0,-0.11,-0.22,-0.11
2014-04-23 00:17:00,17.915,0.3182613092152274,0,-0.11,-0.22,-0.11
2014-04-23 00:22:00,15.835,0.4036083894206927,0,-0.11,-0.22,-0.11
2014-04-23 00:27:00,17.085,0.28316621478643395,0,-0.11,-0.22,-0.11
2014-04-23 00:32:00,17.0825,0.28298349438144155,0,-0.11,-0.22,-0.11
2014-04-23 00:37:00,17.0825,0.28260709567996223,0,-0.11,-0.22,-0.11
2014-04-23 00:42:00,16.25,0.3565952714077832,0,-0.11,-0.22,-0.11
2014-04-23 00:47:00,17.9125,0.3302291446885837,0,-0.11,-0.22,-0.11
2014-04-23 00:52:00,16.2525,0.3546798961086698,0,-0.11,-0.22,-0.11
2014-04-23 00:57:00,17.9175,0.3316775229403821,0,-0.11,-0.22,-0.11
2014-04-23 01:02:00,17.5,0.2922008791418621,0,-0.11,-0.22,-0.11
2014-04-23 01:07:00,17.0825,0.2814471710418692,0,-0.11,-0.22,-0.11
2014-04-23 01:12:00,18.7475,0.4141701913893126,0,-0.11,-0.22,-0.11
2014-04-23 01:17:00,17.5,0.2850068127532792,0,-0.11,-0.22,-0.11
2014-04-23 01:22:00,16.2525,0.3628895246600545,0,-0.11,-0.22,-0.11
2014-04-23 01:27:00,17.9175,0.3247942870278931,0,-0.11,-0.22,-0.11
2014-04-23 01:32:00,16.23,0.3625393962570551,0,-0.11,-0.22,-0.11
2014-04-23 01:37:00,17.0825,0.2814758601685395,0,-0.11,-0.22,-0.11
2014-04-23 01:42:00,17.0825,0.2811431422049985,0,-0.11,-0.22,-0.11
2014-04-23 01:47:00,16.665,0.3179952077079713,0,-0.11,-0.22,-0.11
2014-04-23 01:52:00,17.085,0.27834383015422565,0,-0.11,-0.22,-0.11
2014-04-23 01:57:00,17.085,0.2780986207560384,0,-0.11,-0.22,-0.11
2014-04-23 02:02:00,16.6825,0.3158588870354501,0,-0.11,-0.22,-0.11
2014-04-23 02:07:00,18.3325,0.3867125460122316,0,-0.11,-0.22,-0.11
2014-04-23 02:12:00,16.665,0.3197149243681737,0,-0.11,-0.22,-0.11
2014-04-23 02:17:00,17.915,0.33741580410892746,0,-0.11,-0.22,-0.11
2014-04-23 02:22:00,17.0825,0.2818485504285924,0,-0.11,-0.22,-0.11
2014-04-23 02:27:00,17.96,0.3410666808353447,0,-0.11,-0.22,-0.11
2014-04-23 02:32:00,16.6675,0.3254940135624734,0,-0.11,-0.22,-0.11
2014-04-23 02:37:00,16.665,0.3233058430541357,0,-0.11,-0.22,-0.11
2014-04-23 02:42:00,16.605,0.3272045706953049,0,-0.11,-0.22,-0.11
2014-04-23 02:47:00,17.0275,0.2823356939419189,0,-0.11,-0.22,-0.11
2014-04-23 02:52:00,17.08,0.2768412582933572,0,-0.11,-0.22,-0.11
2014-04-23 02:57:00,17.0825,0.2763874197794169,0,-0.11,-0.22,-0.11
2014-04-23 03:02:00,15.835,0.4192953001681946,0,-0.11,-0.22,-0.11
2014-04-23 03:07:00,17.5,0.30934875010757873,0,-0.11,-0.22,-0.11
2014-04-23 03:12:00,17.0825,0.2714531986150096,0,-0.11,-0.22,-0.11
2014-04-23 03:17:00,16.665,0.31445279506187696,0,-0.11,-0.22,-0.11
2014-04-23 03:22:00,17.0825,0.2692176953917313,0,-0.11,-0.22,-0.11
2014-04-23 03:27:00,17.5,0.3133355959305813,0,-0.11,-0.22,-0.11
2014-04-23 03:32:00,17.0825,0.2713721332551427,0,-0.11,-0.22,-0.11
2014-04-23 03:37:00,17.5,0.3129936375085348,0,-0.11,-0.22,-0.11
2014-04-23 03:42:00,17.0275,0.2795445565684017,0,-0.11,-0.22,-0.11
2014-04-23 03:47:00,17.9175,0.3657371789700427,0,-0.11,-0.22,-0.11
2014-04-23 03:52:00,16.2525,0.3779855830651189,0,-0.11,-0.22,-0.11
2014-04-23 03:57:00,17.915,0.36143993329249785,0,-0.11,-0.22,-0.11
2014-04-23 04:02:00,16.6675,0.3225905097687427,0,-0.11,-0.22,-0.11
2014-04-23 04:07:00,17.0825,0.2739642428244661,0,-0.11,-0.22,-0.11
2014-04-23 04:12:00,17.1825,0.2749291689884225,0,-0.11,-0.22,-0.11
2014-04-23 04:17:00,16.665,0.32354326706907244,0,-0.11,-0.22,-0.11
2014-04-23 04:22:00,16.25,0.3748419866383936,0,-0.11,-0.22,-0.11
2014-04-23 04:27:00,17.5,0.3191296111068001,0,-0.11,-0.22,-0.11
2014-04-23 04:32:00,15.8325,0.4268869658183624,0,-0.11,-0.22,-0.11
2014-04-23 04:37:00,17.0825,0.27506328476530745,0,-0.11,-0.22,-0.11
2014-04-23 04:42:00,16.25,0.35791454319292354,0,-0.11,-0.22,-0.11
2014-04-23 04:47:00,17.9175,0.37568970530843454,0,-0.11,-0.22,-0.11
2014-04-23 04:52:00,16.2525,0.3549879284347124,0,-0.11,-0.22,-0.11
2014-04-23 04:57:00,18.01,0.3818524242705097,0,-0.11,-0.22,-0.11
2014-04-23 05:02:00,17.105,0.2747583459096153,0,-0.11,-0.22,-0.11
2014-04-23 05:07:00,16.25,0.3555585368090121,0,-0.11,-0.22,-0.11
2014-04-23 05:12:00,17.085,0.2765511408217515,0,-0.11,-0.22,-0.11
2014-04-23 05:17:00,16.665,0.3055663329216586,0,-0.11,-0.22,-0.11
2014-04-23 05:22:00,16.69,0.3015697184412656,0,-0.11,-0.22,-0.11
2014-04-23 05:27:00,17.0825,0.2798873490290705,0,-0.11,-0.22,-0.11
2014-04-23 05:32:00,16.755,0.29447874828368953,0,-0.11,-0.22,-0.11
2014-04-23 05:37:00,17.0825,0.2811429088529913,0,-0.11,-0.22,-0.11
2014-04-23 05:42:00,16.6675,0.3055938438324043,0,-0.11,-0.22,-0.11
2014-04-23 05:47:00,17.5,0.3350476349685066,0,-0.11,-0.22,-0.11
2014-04-23 05:52:00,16.6975,0.3041150314070469,0,-0.11,-0.22,-0.11
2014-04-23 05:57:00,17.9175,0.3929104042005588,0,-0.11,-0.22,-0.11
2014-04-23 06:02:00,16.6675,0.310955003093235,0,-0.11,-0.22,-0.11
2014-04-23 06:07:00,16.665,0.3097655726403729,0,-0.11,-0.22,-0.11
2014-04-23 06:12:00,16.6675,0.30801074316711463,0,-0.11,-0.22,-0.11
2014-04-23 06:17:00,17.5,0.3361888871384633,0,-0.11,-0.22,-0.11
2014-04-23 06:22:00,16.6675,0.31020919298889416,0,-0.11,-0.22,-0.11
2014-04-23 06:27:00,18.34,0.4597406420711086,0,-0.11,-0.22,-0.11
2014-04-23 06:32:00,16.25,0.3638909191168391,0,-0.11,-0.22,-0.11
2014-04-23 06:37:00,17.0825,0.2767888394318791,0,-0.11,-0.22,-0.11
2014-04-23 06:42:00,17.4975,0.3251303015360671,0,-0.11,-0.22,-0.11
2014-04-23 06:47:00,16.6675,0.31175885585388396,0,-0.11,-0.22,-0.11
2014-04-23 06:52:00,16.6675,0.31021252564026863,0,-0.11,-0.22,-0.11
2014-04-23 06:57:00,17.915,0.3848069900289624,0,-0.11,-0.22,-0.11
2014-04-23 07:02:00,16.6675,0.3128545777965108,0,-0.11,-0.22,-0.11
2014-04-23 07:07:00,17.5,0.3250050054150793,0,-0.11,-0.22,-0.11
2014-04-23 07:12:00,16.6675,0.31459457623982184,0,-0.11,-0.22,-0.11
2014-04-23 07:17:00,17.5,0.32589978418564586,0,-0.11,-0.22,-0.11
2014-04-23 07:22:00,16.2525,0.3714134183687168,0,-0.11,-0.22,-0.11
2014-04-23 07:27:00,17.945,0.3860134876912851,0,-0.11,-0.22,-0.11
2014-04-23 07:32:00,16.1825,0.3751460942229787,0,-0.11,-0.22,-0.11
2014-04-23 07:37:00,16.6675,0.3079608499941256,0,-0.11,-0.22,-0.11
2014-04-23 07:42:00,17.065,0.2759840978334179,0,-0.11,-0.22,-0.11
2014-04-23 07:47:00,17.5,0.3276244380506889,0,-0.11,-0.22,-0.11
2014-04-23 07:52:00,16.2525,0.3643187017395191,0,-0.11,-0.22,-0.11
2014-04-23 07:57:00,20.835,0.7612871519982621,0,-0.11,-0.22,-0.11
2014-04-23 08:02:00,16.6675,0.3033216283329043,0,-0.11,-0.22,-0.11
2014-04-23 08:07:00,17.085,0.2736526410159043,0,-0.11,-0.22,-0.11
2014-04-23 08:12:00,16.6675,0.3028338346048309,0,-0.11,-0.22,-0.11
2014-04-23 08:17:00,17.5025,0.2953658787921813,0,-0.11,-0.22,-0.11
2014-04-23 08:22:00,16.6825,0.3027634705309645,0,-0.11,-0.22,-0.11
2014-04-23 08:27:00,17.98,0.3343491787858289,0,-0.11,-0.22,-0.11
2014-04-23 08:32:00,16.665,0.30647736145197724,0,-0.11,-0.22,-0.11
2014-04-23 08:37:00,16.6675,0.3050106673338454,0,-0.11,-0.22,-0.11
2014-04-23 08:42:00,17.0825,0.27159739176956965,0,-0.11,-0.22,-0.11
2014-04-23 08:47:00,17.0825,0.2715298325439566,0,-0.11,-0.22,-0.11
2014-04-23 08:52:00,16.6975,0.3028870284622605,0,-0.11,-0.22,-0.11
2014-04-23 08:57:00,17.9175,0.33965344641290657,0,-0.11,-0.22,-0.11
2014-04-23 09:02:00,16.6675,0.30796494721271755,0,-0.11,-0.22,-0.11
2014-04-23 09:07:00,17.0825,0.2713133938700164,0,-0.11,-0.22,-0.11
2014-04-23 09:12:00,16.665,0.3077319840718064,0,-0.11,-0.22,-0.11
2014-04-23 09:17:00,17.1875,0.2775073364247476,0,-0.11,-0.22,-0.11
2014-04-23 09:22:00,16.2525,0.3481846346031137,0,-0.11,-0.22,-0.11
2014-04-23 09:27:00,17.0825,0.27170448284252074,0,-0.11,-0.22,-0.11
2014-04-23 09:32:00,16.25,0.3460730969736619,0,-0.11,-0.22,-0.11
2014-04-23 09:37:00,17.5,0.31439251649019584,0,-0.11,-0.22,-0.11
2014-04-23 09:42:00,16.265,0.3438466029709511,0,-0.11,-0.22,-0.11
2014-04-23 09:47:00,17.5,0.3164221582129933,0,-0.11,-0.22,-0.11
2014-04-23 09:52:00,16.2525,0.3447202960121905,0,-0.11,-0.22,-0.11
2014-04-23 09:57:00,17.9175,0.3616857888672832,0,-0.11,-0.22,-0.11
2014-04-23 10:02:00,16.2525,0.3441943439929038,0,-0.11,-0.22,-0.11
2014-04-23 10:07:00,17.9175,0.3592327642058044,0,-0.11,-0.22,-0.11
2014-04-23 10:12:00,16.34,0.3349426866926926,0,-0.11,-0.22,-0.11
2014-04-23 10:17:00,17.5,0.3151897409540835,0,-0.11,-0.22,-0.11
2014-04-23 10:22:00,16.6675,0.3026544683650615,0,-0.11,-0.22,-0.11
2014-04-23 10:27:00,17.5,0.3161815023016729,0,-0.11,-0.22,-0.11
2014-04-23 10:32:00,16.64,0.3072560203281794,0,-0.11,-0.22,-0.11
2014-04-23 10:37:00,17.0775,0.2748912023432585,0,-0.11,-0.22,-0.11
2014-04-23 10:42:00,16.6375,0.307529678400206,0,-0.11,-0.22,-0.11
2014-04-23 10:47:00,17.9175,0.36870661664197696,0,-0.11,-0.22,-0.11
2014-04-23 10:52:00,16.25,0.35256940907745704,0,-0.11,-0.22,-0.11
2014-04-23 10:57:00,17.5025,0.3193637792862846,0,-0.11,-0.22,-0.11
2014-04-23 11:02:00,16.6675,0.30571651200076155,0,-0.11,-0.22,-0.11
2014-04-23 11:07:00,18.3325,0.4174013718994912,0,-0.11,-0.22,-0.11
2014-04-23 11:12:00,17.0825,0.2693476594536633,0,-0.11,-0.22,-0.11
2014-04-23 11:17:00,17.4975,0.3107379682865327,0,-0.11,-0.22,-0.11
2014-04-23 11:22:00,17.5,0.3095112572401031,0,-0.11,-0.22,-0.11
2014-04-23 11:27:00,17.925,0.3552785352499098,0,-0.11,-0.22,-0.11
2014-04-23 11:32:00,16.705,0.3155704121069586,0,-0.11,-0.22,-0.11
2014-04-23 11:37:00,17.5075,0.30719167317203083,0,-0.11,-0.22,-0.11
2014-04-23 11:42:00,17.0825,0.2763585312676611,0,-0.11,-0.22,-0.11
2014-04-23 11:47:00,17.8825,0.3507834749334888,0,-0.11,-0.22,-0.11
2014-04-23 11:52:00,16.25,0.3752850096174687,0,-0.11,-0.22,-0.11
2014-04-23 11:57:00,17.9175,0.35327140554120723,0,-0.11,-0.22,-0.11
2014-04-23 12:02:00,17.0825,0.27875467082213673,0,-0.11,-0.22,-0.11
2014-04-23 12:07:00,17.0825,0.2784982069267638,0,-0.11,-0.22,-0.11
2014-04-23 12:12:00,17.0825,0.27824877588514085,0,-0.11,-0.22,-0.11
2014-04-23 12:17:00,17.015,0.2854455723878938,0,-0.11,-0.22,-0.11
2014-04-23 12:22:00,16.6675,0.3260904947486671,0,-0.11,-0.22,-0.11
2014-04-23 12:27:00,17.445,0.30470775912991244,0,-0.11,-0.22,-0.11
2014-04-23 12:32:00,16.25,0.3813471459689917,0,-0.11,-0.22,-0.11
2014-04-23 12:37:00,17.9175,0.3663505301768139,0,-0.11,-0.22,-0.11
2014-04-23 12:42:00,18.3325,0.412974347457957,0,-0.11,-0.22,-0.11
2014-04-23 12:47:00,17.5,0.2997952419287415,0,-0.11,-0.22,-0.11
2014-04-23 12:52:00,16.2525,0.3792157286025638,0,-0.11,-0.22,-0.11
2014-04-23 12:57:00,18.335,0.3996036501023456,0,-0.11,-0.22,-0.11
2014-04-23 13:02:00,16.6675,0.3258173004982892,0,-0.11,-0.22,-0.11
2014-04-23 13:07:00,17.9175,0.34322743547387513,0,-0.11,-0.22,-0.11
2014-04-23 13:12:00,16.26,0.3724345309659465,0,-0.11,-0.22,-0.11
2014-04-23 13:17:00,17.4975,0.29899357279713,0,-0.11,-0.22,-0.11
2014-04-23 13:22:00,16.6675,0.3233855791406224,0,-0.11,-0.22,-0.11
2014-04-23 13:27:00,17.085,0.2779422193152159,0,-0.11,-0.22,-0.11
2014-04-23 13:32:00,16.6675,0.3219898715269198,0,-0.11,-0.22,-0.11
2014-04-23 13:37:00,17.0825,0.275479765464961,0,-0.11,-0.22,-0.11
2014-04-23 13:42:00,16.655,0.3222386098368604,0,-0.11,-0.22,-0.11
2014-04-23 13:47:00,17.5875,0.32047298179832995,0,-0.11,-0.22,-0.11
2014-04-23 13:52:00,16.26,0.3714550229250019,0,-0.11,-0.22,-0.11
2014-04-23 13:57:00,17.9175,0.3612213661973237,0,-0.11,-0.22,-0.11
2014-04-23 14:02:00,16.605,0.32666046732363235,0,-0.11,-0.22,-0.11
2014-04-23 14:07:00,17.5025,0.3107626859177272,0,-0.11,-0.22,-0.11
2014-04-23 14:12:00,17.915,0.35787524921800856,0,-0.11,-0.22,-0.11
2014-04-23 14:17:00,17.5,0.3041397212265258,0,-0.11,-0.22,-0.11
2014-04-23 14:22:00,17.0775,0.2807002518125619,0,-0.11,-0.22,-0.11
2014-04-23 14:27:00,17.915,0.3546954608691599,0,-0.11,-0.22,-0.11
2014-04-23 14:32:00,16.2525,0.3833769008557721,0,-0.11,-0.22,-0.11
2014-04-23 14:37:00,17.915,0.3523129825062059,0,-0.11,-0.22,-0.11
2014-04-23 14:42:00,16.6825,0.32606515241001754,0,-0.11,-0.22,-0.11
2014-04-23 14:47:00,17.6125,0.31577160663022225,0,-0.11,-0.22,-0.11
2014-04-23 14:52:00,16.2525,0.3792780409490605,0,-0.11,-0.22,-0.11
2014-04-23 14:57:00,17.9175,0.35318732526548435,0,-0.11,-0.22,-0.11
2014-04-23 15:02:00,16.28,0.3704594510278602,0,-0.11,-0.22,-0.11
2014-04-23 15:07:00,18.335,0.40062528555757015,0,-0.11,-0.22,-0.11
2014-04-23 15:12:00,16.25,0.3678893977955912,0,-0.11,-0.22,-0.11
2014-04-23 15:17:00,17.0825,0.2761147942155728,0,-0.11,-0.22,-0.11
2014-04-23 15:22:00,16.23,0.3649561857270508,0,-0.11,-0.22,-0.11
2014-04-23 15:27:00,17.0375,0.2756879127933411,0,-0.11,-0.22,-0.11
2014-04-23 15:32:00,16.67,0.3125396054982477,0,-0.11,-0.22,-0.11
2014-04-23 15:37:00,17.4625,0.3072089493061638,0,-0.11,-0.22,-0.11
2014-04-23 15:42:00,16.25,0.3608949278477781,0,-0.11,-0.22,-0.11
2014-04-23 15:47:00,17.6125,0.32597941342410675,0,-0.11,-0.22,-0.11
2014-04-23 15:52:00,16.665,0.3124716291197945,0,-0.11,-0.22,-0.11
2014-04-23 15:57:00,17.085,0.2707683154127157,0,-0.11,-0.22,-0.11
2014-04-23 16:02:00,16.9925,0.2767093376033297,0,-0.11,-0.22,-0.11
2014-04-23 16:07:00,18.3325,0.4201624464536604,0,-0.11,-0.22,-0.11
2014-04-23 16:12:00,17.075,0.27410675057033146,0,-0.11,-0.22,-0.11
2014-04-23 16:17:00,17.9175,0.3556877779368441,0,-0.11,-0.22,-0.11
2014-04-23 16:22:00,16.68,0.31983506800520123,0,-0.11,-0.22,-0.11
2014-04-23 16:27:00,17.9175,0.3540773715336084,0,-0.11,-0.22,-0.11
2014-04-23 16:32:00,16.6475,0.3252539414642375,0,-0.11,-0.22,-0.11
2014-04-23 16:37:00,17.0825,0.2760572832416544,0,-0.11,-0.22,-0.11
2014-04-23 16:42:00,17.0825,0.2758736493762335,0,-0.11,-0.22,-0.11
2014-04-23 16:47:00,17.0825,0.2756948895329815,0,-0.11,-0.22,-0.11
2014-04-23 16:52:00,15.835,0.43149680246569055,0,-0.11,-0.22,-0.11
2014-04-23 16:57:00,17.9925,0.3700404979500212,0,-0.11,-0.22,-0.11
2014-04-23 17:02:00,16.6675,0.3160156464345153,0,-0.11,-0.22,-0.11
2014-04-23 17:07:00,17.0825,0.2706995487829966,0,-0.11,-0.22,-0.11
2014-04-23 17:12:00,16.25,0.3640478092311721,0,-0.11,-0.22,-0.11
2014-04-23 17:17:00,17.5,0.3158333983364125,0,-0.11,-0.22,-0.11
2014-04-23 17:22:00,15.8325,0.4127680253286751,0,-0.11,-0.22,-0.11
2014-04-23 17:27:00,17.9175,0.3636411235521109,0,-0.11,-0.22,-0.11
2014-04-23 17:32:00,16.6675,0.30779969862960244,0,-0.11,-0.22,-0.11
2014-04-23 17:37:00,17.0825,0.27286457398743397,0,-0.11,-0.22,-0.11
2014-04-23 17:42:00,16.25,0.35405472031355445,0,-0.11,-0.22,-0.11
2014-04-23 17:47:00,17.5,0.3201164128563721,0,-0.11,-0.22,-0.11
2014-04-23 17:52:00,16.2525,0.3523450470581812,0,-0.11,-0.22,-0.11
2014-04-23 17:57:00,17.5,0.3218873527279621,0,-0.11,-0.22,-0.11
2014-04-23 18:02:00,16.665,0.3051976835617033,0,-0.11,-0.22,-0.11
2014-04-23 18:07:00,17.0825,0.2775678954011284,0,-0.11,-0.22,-0.11
2014-04-23 18:12:00,17.0825,0.2773437759329133,0,-0.11,-0.22,-0.11
2014-04-23 18:17:00,17.8075,0.3621718327936833,0,-0.11,-0.22,-0.11
2014-04-23 18:22:00,16.6675,0.3105077663824909,0,-0.11,-0.22,-0.11
2014-04-23 18:27:00,18.3325,0.4275425155650961,0,-0.11,-0.22,-0.11
2014-04-23 18:32:00,16.765,0.3025495869845562,0,-0.11,-0.22,-0.11
2014-04-23 18:37:00,16.665,0.3123722439051578,0,-0.11,-0.22,-0.11
2014-04-23 18:42:00,17.0825,0.2716853816331775,0,-0.11,-0.22,-0.11
2014-04-23 18:47:00,17.0825,0.27161557000850045,0,-0.11,-0.22,-0.11
2014-04-23 18:52:00,17.085,0.27181878034694285,0,-0.11,-0.22,-0.11
2014-04-23 18:57:00,18.3325,0.4294641510019304,0,-0.11,-0.22,-0.11
2014-04-23 19:02:00,16.25,0.3668774856184076,0,-0.11,-0.22,-0.11
2014-04-23 19:07:00,17.5,0.3131556972831656,0,-0.11,-0.22,-0.11
2014-04-23 19:12:00,17.5,0.3115302816973161,0,-0.11,-0.22,-0.11
2014-04-23 19:17:00,17.5,0.309996651827216,0,-0.11,-0.22,-0.11
2014-04-23 19:22:00,17.4975,0.3082608158529356,0,-0.11,-0.22,-0.11
2014-04-23 19:27:00,17.5,0.3071916668737711,0,-0.11,-0.22,-0.11
2014-04-23 19:32:00,16.6675,0.3277231776454089,0,-0.11,-0.22,-0.11
2014-04-23 19:37:00,17.6675,0.32959280551616976,0,-0.11,-0.22,-0.11
2014-04-23 19:42:00,16.6675,0.32874270800737243,0,-0.11,-0.22,-0.11
2014-04-23 19:47:00,17.5,0.309777129824522,0,-0.11,-0.22,-0.11
2014-04-23 19:52:00,17.0825,0.2786816342218779,0,-0.11,-0.22,-0.11
2014-04-23 19:57:00,17.5,0.30991823173545274,0,-0.11,-0.22,-0.11
2014-04-23 20:02:00,17.07,0.2821546141775131,0,-0.11,-0.22,-0.11
2014-04-23 20:07:00,17.0375,0.2858797943943533,0,-0.11,-0.22,-0.11
2014-04-23 20:12:00,16.6675,0.3354065054937753,0,-0.11,-0.22,-0.11
2014-04-23 20:17:00,17.615,0.3317581236585619,0,-0.11,-0.22,-0.11
2014-04-23 20:22:00,16.665,0.3362366184881261,0,-0.11,-0.22,-0.11
2014-04-23 20:27:00,17.9175,0.3768475270842423,0,-0.11,-0.22,-0.11
2014-04-23 20:32:00,17.4975,0.3095697836584074,0,-0.11,-0.22,-0.11
2014-04-23 20:37:00,17.085,0.2829754640540158,0,-0.11,-0.22,-0.11
2014-04-23 20:42:00,17.0825,0.2829286202335975,0,-0.11,-0.22,-0.11
2014-04-23 20:47:00,17.445,0.3043072077762373,0,-0.11,-0.22,-0.11
2014-04-23 20:52:00,16.2525,0.4112890598811516,0,-0.11,-0.22,-0.11
2014-04-23 20:57:00,17.0375,0.2833996154248846,0,-0.11,-0.22,-0.11
2014-04-23 21:02:00,15.9225,0.4504038955223336,0,-0.11,-0.22,-0.11
2014-04-23 21:07:00,18.22,0.4189125425659097,0,-0.11,-0.22,-0.11
2014-04-23 21:12:00,16.575,0.3347543056058697,0,-0.11,-0.22,-0.11
2014-04-23 21:17:00,17.0825,0.27222104028495664,0,-0.11,-0.22,-0.11
2014-04-23 21:22:00,16.6675,0.3214562010524781,0,-0.11,-0.22,-0.11
2014-04-23 21:27:00,17.87,0.36604487543192377,0,-0.11,-0.22,-0.11
2014-04-23 21:32:00,16.25,0.3769242026057709,0,-0.11,-0.22,-0.11
2014-04-23 21:37:00,17.4925,0.3154692907033467,0,-0.11,-0.22,-0.11
2014-04-23 21:42:00,17.0825,0.2713490274650651,0,-0.11,-0.22,-0.11
2014-04-23 21:47:00,16.6675,0.32084061163567945,0,-0.11,-0.22,-0.11
2014-04-23 21:52:00,16.25,0.3735201647230879,0,-0.11,-0.22,-0.11
2014-04-23 21:57:00,17.085,0.2739998176831506,0,-0.11,-0.22,-0.11
2014-04-23 22:02:00,17.1825,0.2852879737311585,0,-0.11,-0.22,-0.11
2014-04-23 22:07:00,17.135,0.2791138848520965,0,-0.11,-0.22,-0.11
2014-04-23 22:12:00,17.5,0.32580001930568586,0,-0.11,-0.22,-0.11
2014-04-23 22:17:00,18.34,0.4450515018322771,0,-0.11,-0.22,-0.11
2014-04-23 22:22:00,16.2525,0.3768021770427487,0,-0.11,-0.22,-0.11
2014-04-23 22:27:00,17.9175,0.3656069106018945,0,-0.11,-0.22,-0.11
2014-04-23 22:32:00,16.2525,0.37130889990720506,0,-0.11,-0.22,-0.11
2014-04-23 22:37:00,16.665,0.3150934950125464,0,-0.11,-0.22,-0.11
2014-04-23 22:42:00,17.08,0.26995628535814564,0,-0.11,-0.22,-0.11
2014-04-23 22:47:00,17.0825,0.27019941178071233,0,-0.11,-0.22,-0.11
2014-04-23 22:52:00,15.8325,0.4239487068145632,0,-0.11,-0.22,-0.11
2014-04-23 22:57:00,17.9175,0.3711734735951682,0,-0.11,-0.22,-0.11
2014-04-23 23:02:00,16.6475,0.3116144945984404,0,-0.11,-0.22,-0.11
2014-04-23 23:07:00,17.9175,0.36747286528993134,0,-0.11,-0.22,-0.11
2014-04-23 23:12:00,17.08,0.269079247290343,0,-0.11,-0.22,-0.11
2014-04-23 23:17:00,17.9175,0.3628140394479433,0,-0.11,-0.22,-0.11
2014-04-23 23:22:00,16.665,0.3172624107689683,0,-0.11,-0.22,-0.11
2014-04-23 23:27:00,17.605,0.32378643473154795,0,-0.11,-0.22,-0.11
2014-04-23 23:32:00,15.835,0.4197989691978031,0,-0.11,-0.22,-0.11
2014-04-23 23:37:00,17.09,0.2719618812601476,0,-0.11,-0.22,-0.11
2014-04-23 23:42:00,17.08,0.27088979347410025,0,-0.11,-0.22,-0.11
2014-04-23 23:47:00,17.0825,0.2710953161338726,0,-0.11,-0.22,-0.11
2014-04-23 23:52:00,16.2525,0.3610168456611229,0,-0.11,-0.22,-0.11
2014-04-23 23:57:00,18.005,0.3807154169117545,0,-0.11,-0.22,-0.11
