timestamp,value,anomaly_score,label,S(t)_standard,S(t)_reward_low_FP_rate,S(t)_reward_low_FN_rate
2014-02-14 14:30:00,6.456,0.0,0,-0.11,-0.22,-0.11
2014-02-14 14:35:00,5.816,0.0,0,-0.11,-0.22,-0.11
2014-02-14 14:40:00,6.268,0.0,0,-0.11,-0.22,-0.11
2014-02-14 14:45:00,5.816,0.0,0,-0.11,-0.22,-0.11
2014-02-14 14:50:00,5.862,0.0,0,-0.11,-0.22,-0.11
2014-02-14 14:55:00,6.246,0.0,0,-0.11,-0.22,-0.11
2014-02-14 15:00:00,6.648,0.0,0,-0.11,-0.22,-0.11
2014-02-14 15:05:00,6.4479999999999995,0.0,0,-0.11,-0.22,-0.11
2014-02-14 15:10:00,6.46,0.0,0,-0.11,-0.22,-0.11
2014-02-14 15:15:00,5.834,0.0,0,-0.11,-0.22,-0.11
2014-02-14 15:20:00,6.232,0.0,0,-0.11,-0.22,-0.11
2014-02-14 15:25:00,6.064,0.0,0,-0.11,-0.22,-0.11
2014-02-14 15:30:00,6.0520000000000005,0.0,0,-0.11,-0.22,-0.11
2014-02-14 15:35:00,5.834,0.0,0,-0.11,-0.22,-0.11
2014-02-14 15:40:00,6.4639999999999995,0.0,0,-0.11,-0.22,-0.11
2014-02-14 15:45:00,5.622000000000001,0.0,0,-0.11,-0.22,-0.11
2014-02-14 15:50:00,6.2379999999999995,0.0,0,-0.11,-0.22,-0.11
2014-02-14 15:55:00,6.06,0.0,0,-0.11,-0.22,-0.11
2014-02-14 16:00:00,6.04,0.0,0,-0.11,-0.22,-0.11
2014-02-14 16:05:00,5.837999999999999,0.0,0,-0.11,-0.22,-0.11
2014-02-14 16:10:00,6.024,0.0,0,-0.11,-0.22,-0.11
2014-02-14 16:15:00,5.86,0.0,0,-0.11,-0.22,-0.11
2014-02-14 16:20:00,6.432,0.0,0,-0.11,-0.22,-0.11
2014-02-14 16:25:00,6.6720000000000015,0.0,0,-0.11,-0.22,-0.11
2014-02-14 16:30:00,6.0520000000000005,0.0,0,-0.11,-0.22,-0.11
2014-02-14 16:35:00,5.63,0.0,0,-0.11,-0.22,-0.11
2014-02-14 16:40:00,6.226,0.0,0,-0.11,-0.22,-0.11
2014-02-14 16:45:00,6.06,0.0,0,-0.11,-0.22,-0.11
2014-02-14 16:50:00,5.85,0.0,0,-0.11,-0.22,-0.11
2014-02-14 16:55:00,6.022,0.0,0,-0.11,-0.22,-0.11
2014-02-14 17:00:00,6.058,0.0,0,-0.11,-0.22,-0.11
2014-02-14 17:05:00,5.622000000000001,0.0,0,-0.11,-0.22,-0.11
2014-02-14 17:10:00,6.268,0.0,0,-0.11,-0.22,-0.11
2014-02-14 17:15:00,6.454,0.0,0,-0.11,-0.22,-0.11
2014-02-14 17:20:00,7.066,0.0,0,-0.11,-0.22,-0.11
2014-02-14 17:25:00,5.856,0.0,0,-0.11,-0.22,-0.11
2014-02-14 17:30:00,6.254,0.0,0,-0.11,-0.22,-0.11
2014-02-14 17:35:00,6.024,0.0,0,-0.11,-0.22,-0.11
2014-02-14 17:40:00,6.278,0.0,0,-0.11,-0.22,-0.11
2014-02-14 17:45:00,5.834,0.0,0,-0.11,-0.22,-0.11
2014-02-14 17:50:00,5.843999999999999,0.0,0,-0.11,-0.22,-0.11
2014-02-14 17:55:00,5.834,0.0,0,-0.11,-0.22,-0.11
2014-02-14 18:00:00,6.053999999999999,0.0,0,-0.11,-0.22,-0.11
2014-02-14 18:05:00,6.226,0.0,0,-0.11,-0.22,-0.11
2014-02-14 18:10:00,5.6160000000000005,0.0,0,-0.11,-0.22,-0.11
2014-02-14 18:15:00,5.64,0.0,0,-0.11,-0.22,-0.11
2014-02-14 18:20:00,6.03,0.0,0,-0.11,-0.22,-0.11
2014-02-14 18:25:00,5.864,0.0,0,-0.11,-0.22,-0.11
2014-02-14 18:30:00,7.27,0.0,0,-0.11,-0.22,-0.11
2014-02-14 18:35:00,6.018,0.0,0,-0.11,-0.22,-0.11
2014-02-14 18:40:00,6.2620000000000005,0.0,0,-0.11,-0.22,-0.11
2014-02-14 18:45:00,5.8420000000000005,0.0,0,-0.11,-0.22,-0.11
2014-02-14 18:50:00,5.85,0.0,0,-0.11,-0.22,-0.11
2014-02-14 18:55:00,6.046,0.0,0,-0.11,-0.22,-0.11
2014-02-14 19:00:00,6.044,0.0,0,-0.11,-0.22,-0.11
2014-02-14 19:05:00,5.827999999999999,0.0,0,-0.11,-0.22,-0.11
2014-02-14 19:10:00,6.476,0.0,0,-0.11,-0.22,-0.11
2014-02-14 19:15:00,6.046,0.0,0,-0.11,-0.22,-0.11
2014-02-14 19:20:00,6.04,0.0,0,-0.11,-0.22,-0.11
2014-02-14 19:25:00,6.0420000000000025,0.0,0,-0.11,-0.22,-0.11
2014-02-14 19:30:00,7.104,0.0,0,-0.11,-0.22,-0.11
2014-02-14 19:35:00,6.246,0.0,0,-0.11,-0.22,-0.11
2014-02-14 19:40:00,6.2379999999999995,0.0,0,-0.11,-0.22,-0.11
2014-02-14 19:45:00,5.8660000000000005,0.0,0,-0.11,-0.22,-0.11
2014-02-14 19:50:00,6.044,0.0,0,-0.11,-0.22,-0.11
2014-02-14 19:55:00,5.834,0.0,0,-0.11,-0.22,-0.11
2014-02-14 20:00:00,6.25,0.0,0,-0.11,-0.22,-0.11
2014-02-14 20:05:00,5.834,0.0,0,-0.11,-0.22,-0.11
2014-02-14 20:10:00,6.2139999999999995,0.0,0,-0.11,-0.22,-0.11
2014-02-14 20:15:00,5.8420000000000005,0.0,0,-0.11,-0.22,-0.11
2014-02-14 20:20:00,6.474,0.0,0,-0.11,-0.22,-0.11
2014-02-14 20:25:00,6.642,0.0,0,-0.11,-0.22,-0.11
2014-02-14 20:30:00,6.058,0.0,0,-0.11,-0.22,-0.11
2014-02-14 20:35:00,5.814,0.0,0,-0.11,-0.22,-0.11
2014-02-14 20:40:00,6.058,0.0,0,-0.11,-0.22,-0.11
2014-02-14 20:45:00,5.824,0.0,0,-0.11,-0.22,-0.11
2014-02-14 20:50:00,6.04,0.0,0,-0.11,-0.22,-0.11
2014-02-14 20:55:00,6.022,0.0,0,-0.11,-0.22,-0.11
2014-02-14 21:00:00,5.85,0.0,0,-0.11,-0.22,-0.11
2014-02-14 21:05:00,6.0360000000000005,0.0,0,-0.11,-0.22,-0.11
2014-02-14 21:10:00,6.056,0.0,0,-0.11,-0.22,-0.11
2014-02-14 21:15:00,5.622000000000001,0.0,0,-0.11,-0.22,-0.11
2014-02-14 21:20:00,7.266,0.0,0,-0.11,-0.22,-0.11
2014-02-14 21:25:00,6.074,0.0,0,-0.11,-0.22,-0.11
2014-02-14 21:30:00,6.024,0.0,0,-0.11,-0.22,-0.11
2014-02-14 21:35:00,5.862,0.0,0,-0.11,-0.22,-0.11
2014-02-14 21:40:00,6.44,0.0,0,-0.11,-0.22,-0.11
2014-02-14 21:45:00,6.0520000000000005,0.0,0,-0.11,-0.22,-0.11
2014-02-14 21:50:00,6.246,0.0,0,-0.11,-0.22,-0.11
2014-02-14 21:55:00,6.2860000000000005,0.0,0,-0.11,-0.22,-0.11
2014-02-14 22:00:00,6.0520000000000005,0.0,0,-0.11,-0.22,-0.11
2014-02-14 22:05:00,6.013999999999999,0.0,0,-0.11,-0.22,-0.11
2014-02-14 22:10:00,6.257999999999999,0.0,0,-0.11,-0.22,-0.11
2014-02-14 22:15:00,5.837999999999999,0.0,0,-0.11,-0.22,-0.11
2014-02-14 22:20:00,6.2379999999999995,0.0,0,-0.11,-0.22,-0.11
2014-02-14 22:25:00,6.072,0.0,0,-0.11,-0.22,-0.11
2014-02-14 22:30:00,6.85,0.0,0,-0.11,-0.22,-0.11
2014-02-14 22:35:00,6.476,0.0,0,-0.11,-0.22,-0.11
2014-02-14 22:40:00,6.257999999999999,0.0,0,-0.11,-0.22,-0.11
2014-02-14 22:45:00,6.48,0.0,0,-0.11,-0.22,-0.11
2014-02-14 22:50:00,5.398,0.0,0,-0.11,-0.22,-0.11
2014-02-14 22:55:00,6.044,0.0,0,-0.11,-0.22,-0.11
2014-02-14 23:00:00,6.0820000000000025,0.0,0,-0.11,-0.22,-0.11
2014-02-14 23:05:00,5.834,0.0,0,-0.11,-0.22,-0.11
2014-02-14 23:10:00,6.63,0.0,0,-0.11,-0.22,-0.11
2014-02-14 23:15:00,6.6979999999999995,0.0,0,-0.11,-0.22,-0.11
2014-02-14 23:20:00,6.004,0.0,0,-0.11,-0.22,-0.11
2014-02-14 23:25:00,5.654,0.0,0,-0.11,-0.22,-0.11
2014-02-14 23:30:00,6.266,0.0,0,-0.11,-0.22,-0.11
2014-02-14 23:35:00,5.62,0.0,0,-0.11,-0.22,-0.11
2014-02-14 23:40:00,6.2479999999999976,0.0,0,-0.11,-0.22,-0.11
2014-02-14 23:45:00,5.62,0.0,0,-0.11,-0.22,-0.11
2014-02-14 23:50:00,6.028,0.0,0,-0.11,-0.22,-0.11
2014-02-14 23:55:00,5.9460000000000015,0.0,0,-0.11,-0.22,-0.11
2014-02-15 00:00:00,6.232,0.0,0,-0.11,-0.22,-0.11
2014-02-15 00:05:00,5.81,0.0,0,-0.11,-0.22,-0.11
2014-02-15 00:10:00,6.297999999999999,0.0,0,-0.11,-0.22,-0.11
2014-02-15 00:15:00,7.09,0.0,0,-0.11,-0.22,-0.11
2014-02-15 00:20:00,6.666,0.0,0,-0.11,-0.22,-0.11
2014-02-15 00:25:00,6.046,0.0,0,-0.11,-0.22,-0.11
2014-02-15 00:30:00,6.226,0.0,0,-0.11,-0.22,-0.11
2014-02-15 00:35:00,5.862,0.0,0,-0.11,-0.22,-0.11
2014-02-15 00:40:00,6.263999999999999,0.0,0,-0.11,-0.22,-0.11
2014-02-15 00:45:00,5.816,0.0,0,-0.11,-0.22,-0.11
2014-02-15 00:50:00,6.062,0.0,0,-0.11,-0.22,-0.11
2014-02-15 00:55:00,6.068,0.0,0,-0.11,-0.22,-0.11
2014-02-15 01:00:00,6.044,0.0,0,-0.11,-0.22,-0.11
2014-02-15 01:05:00,5.827999999999999,0.0,0,-0.11,-0.22,-0.11
2014-02-15 01:10:00,7.883999999999999,0.0,0,-0.11,-0.22,-0.11
2014-02-15 01:15:00,6.077999999999999,0.0,0,-0.11,-0.22,-0.11
2014-02-15 01:20:00,6.2520000000000024,0.0,0,-0.11,-0.22,-0.11
2014-02-15 01:25:00,5.834,0.0,0,-0.11,-0.22,-0.11
2014-02-15 01:30:00,5.8320000000000025,0.0,0,-0.11,-0.22,-0.11
2014-02-15 01:35:00,6.03,0.0,0,-0.11,-0.22,-0.11
2014-02-15 01:40:00,6.224,0.0,0,-0.11,-0.22,-0.11
2014-02-15 01:45:00,5.862,0.0,0,-0.11,-0.22,-0.11
2014-02-15 01:50:00,6.232,0.0,0,-0.11,-0.22,-0.11
2014-02-15 01:55:00,6.2479999999999976,0.0,0,-0.11,-0.22,-0.11
2014-02-15 02:00:00,6.266,0.0,0,-0.11,-0.22,-0.11
2014-02-15 02:05:00,7.334,0.0,0,-0.11,-0.22,-0.11
2014-02-15 02:10:00,6.6739999999999995,0.0,0,-0.11,-0.22,-0.11
2014-02-15 02:15:00,6.0360000000000005,0.0,0,-0.11,-0.22,-0.11
2014-02-15 02:20:00,6.2379999999999995,0.0,0,-0.11,-0.22,-0.11
2014-02-15 02:25:00,6.047999999999999,0.0,0,-0.11,-0.22,-0.11
2014-02-15 02:30:00,6.09,0.0,0,-0.11,-0.22,-0.11
2014-02-15 02:35:00,5.816,0.0,0,-0.11,-0.22,-0.11
2014-02-15 02:40:00,6.2860000000000005,0.0,0,-0.11,-0.22,-0.11
2014-02-15 02:45:00,5.834,0.0,0,-0.11,-0.22,-0.11
2014-02-15 02:50:00,6.04,0.0,0,-0.11,-0.22,-0.11
2014-02-15 02:55:00,6.0360000000000005,0.0,0,-0.11,-0.22,-0.11
2014-02-15 03:00:00,6.2360000000000015,0.0,0,-0.11,-0.22,-0.11
2014-02-15 03:05:00,5.834,0.0,0,-0.11,-0.22,-0.11
2014-02-15 03:10:00,6.03,0.0,0,-0.11,-0.22,-0.11
2014-02-15 03:15:00,5.848,0.0,0,-0.11,-0.22,-0.11
2014-02-15 03:20:00,6.037999999999999,0.0,0,-0.11,-0.22,-0.11
2014-02-15 03:25:00,7.114,0.0,0,-0.11,-0.22,-0.11
2014-02-15 03:30:00,6.86,0.0,0,-0.11,-0.22,-0.11
2014-02-15 03:35:00,5.8420000000000005,0.0,0,-0.11,-0.22,-0.11
2014-02-15 03:40:00,6.2620000000000005,0.0,0,-0.11,-0.22,-0.11
2014-02-15 03:45:00,6.06,0.0,0,-0.11,-0.22,-0.11
2014-02-15 03:50:00,6.2360000000000015,0.0,0,-0.11,-0.22,-0.11
2014-02-15 03:55:00,6.282,0.0,0,-0.11,-0.22,-0.11
2014-02-15 04:00:00,6.438,0.0,0,-0.11,-0.22,-0.11
2014-02-15 04:05:00,6.04,0.0,0,-0.11,-0.22,-0.11
2014-02-15 04:10:00,6.2,0.0,0,-0.11,-0.22,-0.11
2014-02-15 04:15:00,6.07,0.0,0,-0.11,-0.22,-0.11
2014-02-15 04:20:00,6.044,0.0,0,-0.11,-0.22,-0.11
2014-02-15 04:25:00,6.046,0.0,0,-0.11,-0.22,-0.11
2014-02-15 04:30:00,6.024,0.0,0,-0.11,-0.22,-0.11
2014-02-15 04:35:00,5.862,0.0,0,-0.11,-0.22,-0.11
2014-02-15 04:40:00,6.044,0.0,0,-0.11,-0.22,-0.11
2014-02-15 04:45:00,6.05,0.0,0,-0.11,-0.22,-0.11
2014-02-15 04:50:00,6.044,0.0,0,-0.11,-0.22,-0.11
2014-02-15 04:55:00,6.018,0.0,0,-0.11,-0.22,-0.11
2014-02-15 05:00:00,5.867999999999999,0.0,0,-0.11,-0.22,-0.11
2014-02-15 05:05:00,6.04,0.0,0,-0.11,-0.22,-0.11
2014-02-15 05:10:00,6.257999999999999,0.0,0,-0.11,-0.22,-0.11
2014-02-15 05:15:00,5.837999999999999,0.0,0,-0.11,-0.22,-0.11
2014-02-15 05:20:00,5.827999999999999,0.0,0,-0.11,-0.22,-0.11
2014-02-15 05:25:00,6.022,0.0,0,-0.11,-0.22,-0.11
2014-02-15 05:30:00,6.087999999999999,0.0,0,-0.11,-0.22,-0.11
2014-02-15 05:35:00,5.834,0.0,0,-0.11,-0.22,-0.11
2014-02-15 05:40:00,5.837999999999999,0.0,0,-0.11,-0.22,-0.11
2014-02-15 05:45:00,6.046,0.0,0,-0.11,-0.22,-0.11
2014-02-15 05:50:00,6.6679999999999975,0.0,0,-0.11,-0.22,-0.11
2014-02-15 05:55:00,6.234,0.0,0,-0.11,-0.22,-0.11
2014-02-15 06:00:00,5.87,0.0,0,-0.11,-0.22,-0.11
2014-02-15 06:05:00,6.028,0.0,0,-0.11,-0.22,-0.11
2014-02-15 06:10:00,6.058,0.0,0,-0.11,-0.22,-0.11
2014-02-15 06:15:00,6.0420000000000025,0.0,0,-0.11,-0.22,-0.11
2014-02-15 06:20:00,6.26,0.0,0,-0.11,-0.22,-0.11
2014-02-15 06:25:00,6.024,0.0,0,-0.11,-0.22,-0.11
2014-02-15 06:30:00,6.266,0.0,0,-0.11,-0.22,-0.11
2014-02-15 06:35:00,6.224,0.0,0,-0.11,-0.22,-0.11
2014-02-15 06:40:00,6.074,0.0,0,-0.11,-0.22,-0.11
2014-02-15 06:45:00,6.04,0.0,0,-0.11,-0.22,-0.11
2014-02-15 06:50:00,6.2520000000000024,0.0,0,-0.11,-0.22,-0.11
2014-02-15 06:55:00,6.25,0.0,0,-0.11,-0.22,-0.11
2014-02-15 07:00:00,6.04,0.0,0,-0.11,-0.22,-0.11
2014-02-15 07:05:00,6.04,0.0,0,-0.11,-0.22,-0.11
2014-02-15 07:10:00,6.25,0.0,0,-0.11,-0.22,-0.11
2014-02-15 07:15:00,6.04,0.0,0,-0.11,-0.22,-0.11
2014-02-15 07:20:00,6.257999999999999,0.0,0,-0.11,-0.22,-0.11
2014-02-15 07:25:00,6.0420000000000025,0.0,0,-0.11,-0.22,-0.11
2014-02-15 07:30:00,6.044,0.0,0,-0.11,-0.22,-0.11
2014-02-15 07:35:00,5.816,0.0,0,-0.11,-0.22,-0.11
2014-02-15 07:40:00,6.284,0.0,0,-0.11,-0.22,-0.11
2014-02-15 07:45:00,5.602,0.0,0,-0.11,-0.22,-0.11
2014-02-15 07:50:00,6.266,0.0,0,-0.11,-0.22,-0.11
2014-02-15 07:55:00,6.86,0.0,0,-0.11,-0.22,-0.11
2014-02-15 08:00:00,5.803999999999999,0.0,0,-0.11,-0.22,-0.11
2014-02-15 08:05:00,6.436,0.0,0,-0.11,-0.22,-0.11
2014-02-15 08:10:00,6.65,0.0,0,-0.11,-0.22,-0.11
2014-02-15 08:15:00,5.228,0.0,0,-0.11,-0.22,-0.11
2014-02-15 08:20:00,5.846,0.0,0,-0.11,-0.22,-0.11
2014-02-15 08:25:00,6.0420000000000025,0.0,0,-0.11,-0.22,-0.11
2014-02-15 08:30:00,6.047999999999999,0.0,0,-0.11,-0.22,-0.11
2014-02-15 08:35:00,5.63,0.0,0,-0.11,-0.22,-0.11
2014-02-15 08:40:00,6.4460000000000015,0.0,0,-0.11,-0.22,-0.11
2014-02-15 08:45:00,5.86,0.0,0,-0.11,-0.22,-0.11
2014-02-15 08:50:00,6.2520000000000024,0.0,0,-0.11,-0.22,-0.11
2014-02-15 08:55:00,6.23,0.0,0,-0.11,-0.22,-0.11
2014-02-15 09:00:00,6.077999999999999,0.0,0,-0.11,-0.22,-0.11
2014-02-15 09:05:00,6.2520000000000024,0.0,0,-0.11,-0.22,-0.11
2014-02-15 09:10:00,6.232,0.0,0,-0.11,-0.22,-0.11
2014-02-15 09:15:00,6.44,0.0,0,-0.11,-0.22,-0.11
2014-02-15 09:20:00,6.058,0.0,0,-0.11,-0.22,-0.11
2014-02-15 09:25:00,6.2479999999999976,0.0,0,-0.11,-0.22,-0.11
2014-02-15 09:30:00,6.047999999999999,0.0,0,-0.11,-0.22,-0.11
2014-02-15 09:35:00,6.046,0.0,0,-0.11,-0.22,-0.11
2014-02-15 09:40:00,6.228,0.0,0,-0.11,-0.22,-0.11
2014-02-15 09:45:00,6.068,0.0,0,-0.11,-0.22,-0.11
2014-02-15 09:50:00,6.058,0.0,0,-0.11,-0.22,-0.11
2014-02-15 09:55:00,6.0420000000000025,0.0,0,-0.11,-0.22,-0.11
2014-02-15 10:00:00,6.2379999999999995,0.0,0,-0.11,-0.22,-0.11
2014-02-15 10:05:00,5.648,0.0,0,-0.11,-0.22,-0.11
2014-02-15 10:10:00,6.85,0.0,0,-0.11,-0.22,-0.11
2014-02-15 10:15:00,5.81,0.0,0,-0.11,-0.22,-0.11
2014-02-15 10:20:00,6.058,0.0,0,-0.11,-0.22,-0.11
2014-02-15 10:25:00,6.06,0.0,0,-0.11,-0.22,-0.11
2014-02-15 10:30:00,6.047999999999999,0.0,0,-0.11,-0.22,-0.11
2014-02-15 10:35:00,5.827999999999999,0.0,0,-0.11,-0.22,-0.11
2014-02-15 10:40:00,5.8420000000000005,0.0,0,-0.11,-0.22,-0.11
2014-02-15 10:45:00,6.222,0.0,0,-0.11,-0.22,-0.11
2014-02-15 10:50:00,6.053999999999999,0.0,0,-0.11,-0.22,-0.11
2014-02-15 10:55:00,6.46,0.0,0,-0.11,-0.22,-0.11
2014-02-15 11:00:00,6.228,0.0,0,-0.11,-0.22,-0.11
2014-02-15 11:05:00,6.046,0.0,0,-0.11,-0.22,-0.11
2014-02-15 11:10:00,7.106,0.0,0,-0.11,-0.22,-0.11
2014-02-15 11:15:00,6.068,0.0,0,-0.11,-0.22,-0.11
2014-02-15 11:20:00,6.644,0.0,0,-0.11,-0.22,-0.11
2014-02-15 11:25:00,6.454,0.0,0,-0.11,-0.22,-0.11
2014-02-15 11:30:00,6.478,0.0,0,-0.11,-0.22,-0.11
2014-02-15 11:35:00,6.25,0.0,0,-0.11,-0.22,-0.11
2014-02-15 11:40:00,6.644,0.0,0,-0.11,-0.22,-0.11
2014-02-15 11:45:00,6.2520000000000024,0.0,0,-0.11,-0.22,-0.11
2014-02-15 11:50:00,6.482,0.0,0,-0.11,-0.22,-0.11
2014-02-15 11:55:00,6.2620000000000005,0.0,0,-0.11,-0.22,-0.11
2014-02-15 12:00:00,6.416,0.0,0,-0.11,-0.22,-0.11
2014-02-15 12:05:00,6.064,0.0,0,-0.11,-0.22,-0.11
2014-02-15 12:10:00,6.44,0.0,0,-0.11,-0.22,-0.11
2014-02-15 12:15:00,6.2520000000000024,0.0,0,-0.11,-0.22,-0.11
2014-02-15 12:20:00,6.444,0.0,0,-0.11,-0.22,-0.11
2014-02-15 12:25:00,6.4579999999999975,0.0,0,-0.11,-0.22,-0.11
2014-02-15 12:30:00,7.062,0.0,0,-0.11,-0.22,-0.11
2014-02-15 12:35:00,6.224,0.0,0,-0.11,-0.22,-0.11
2014-02-15 12:40:00,6.666,0.0,0,-0.11,-0.22,-0.11
2014-02-15 12:45:00,6.282,0.0,0,-0.11,-0.22,-0.11
2014-02-15 12:50:00,6.416,0.0,0,-0.11,-0.22,-0.11
2014-02-15 12:55:00,6.478,0.0,0,-0.11,-0.22,-0.11
2014-02-15 13:00:00,6.644,0.0,0,-0.11,-0.22,-0.11
2014-02-15 13:05:00,6.25,0.0,0,-0.11,-0.22,-0.11
2014-02-15 13:10:00,6.45,0.0,0,-0.11,-0.22,-0.11
2014-02-15 13:15:00,6.263999999999999,0.0,0,-0.11,-0.22,-0.11
2014-02-15 13:20:00,7.27,0.0,0,-0.11,-0.22,-0.11
2014-02-15 13:25:00,6.04,0.0,0,-0.11,-0.22,-0.11
2014-02-15 13:30:00,6.46,0.0,0,-0.11,-0.22,-0.11
2014-02-15 13:35:00,6.454,0.0,0,-0.11,-0.22,-0.11
2014-02-15 13:40:00,6.452000000000001,0.0,0,-0.11,-0.22,-0.11
2014-02-15 13:45:00,6.222,0.0,0,-0.11,-0.22,-0.11
2014-02-15 13:50:00,6.26,0.0,0,-0.11,-0.22,-0.11
2014-02-15 13:55:00,6.49,0.0,0,-0.11,-0.22,-0.11
2014-02-15 14:00:00,6.472,0.0,0,-0.11,-0.22,-0.11
2014-02-15 14:05:00,6.4620000000000015,0.0,0,-0.11,-0.22,-0.11
2014-02-15 14:10:00,6.888,0.0,0,-0.11,-0.22,-0.11
2014-02-15 14:15:00,6.23,0.0,0,-0.11,-0.22,-0.11
2014-02-15 14:20:00,6.912000000000001,0.0,0,-0.11,-0.22,-0.11
2014-02-15 14:25:00,5.8320000000000025,0.0,0,-0.11,-0.22,-0.11
2014-02-15 14:30:00,6.0420000000000025,0.0,0,-0.11,-0.22,-0.11
2014-02-15 14:35:00,6.432,0.0,0,-0.11,-0.22,-0.11
2014-02-15 14:40:00,6.478,0.0,0,-0.11,-0.22,-0.11
2014-02-15 14:45:00,6.272,0.0,0,-0.11,-0.22,-0.11
2014-02-15 14:50:00,6.232,0.0,0,-0.11,-0.22,-0.11
2014-02-15 14:55:00,6.688,0.0,0,-0.11,-0.22,-0.11
2014-02-15 15:00:00,6.4460000000000015,0.0,0,-0.11,-0.22,-0.11
2014-02-15 15:05:00,6.468,0.0,0,-0.11,-0.22,-0.11
2014-02-15 15:10:00,6.48,0.0,0,-0.11,-0.22,-0.11
2014-02-15 15:15:00,6.0420000000000025,0.0,0,-0.11,-0.22,-0.11
2014-02-15 15:20:00,7.056,0.0,0,-0.11,-0.22,-0.11
2014-02-15 15:25:00,6.47,0.0,0,-0.11,-0.22,-0.11
2014-02-15 15:30:00,6.2860000000000005,0.0,0,-0.11,-0.22,-0.11
2014-02-15 15:35:00,6.034,0.0,0,-0.11,-0.22,-0.11
2014-02-15 15:40:00,6.472,0.0,0,-0.11,-0.22,-0.11
2014-02-15 15:45:00,6.0420000000000025,0.0,0,-0.11,-0.22,-0.11
2014-02-15 15:50:00,6.2479999999999976,0.0,0,-0.11,-0.22,-0.11
2014-02-15 15:55:00,6.254,0.0,0,-0.11,-0.22,-0.11
2014-02-15 16:00:00,6.426,0.0,0,-0.11,-0.22,-0.11
2014-02-15 16:05:00,5.834,0.0,0,-0.11,-0.22,-0.11
2014-02-15 16:10:00,6.472,0.0,0,-0.11,-0.22,-0.11
2014-02-15 16:15:00,5.816,0.0,0,-0.11,-0.22,-0.11
2014-02-15 16:20:00,6.27,0.0,0,-0.11,-0.22,-0.11
2014-02-15 16:25:00,6.256,0.0,0,-0.11,-0.22,-0.11
2014-02-15 16:30:00,6.85,0.0,0,-0.11,-0.22,-0.11
2014-02-15 16:35:00,6.282,0.0,0,-0.11,-0.22,-0.11
2014-02-15 16:40:00,6.2479999999999976,0.0,0,-0.11,-0.22,-0.11
2014-02-15 16:45:00,6.0360000000000005,0.0,0,-0.11,-0.22,-0.11
2014-02-15 16:50:00,6.016,0.0,0,-0.11,-0.22,-0.11
2014-02-15 16:55:00,6.07,0.0,0,-0.11,-0.22,-0.11
2014-02-15 17:00:00,6.25,0.0,0,-0.11,-0.22,-0.11
2014-02-15 17:05:00,6.0420000000000025,0.0,0,-0.11,-0.22,-0.11
2014-02-15 17:10:00,6.442,0.0,0,-0.11,-0.22,-0.11
2014-02-15 17:15:00,6.706,0.0,0,-0.11,-0.22,-0.11
2014-02-15 17:20:00,6.01,0.0,0,-0.11,-0.22,-0.11
2014-02-15 17:25:00,6.074,0.0,0,-0.11,-0.22,-0.11
2014-02-15 17:30:00,6.2520000000000024,0.0,0,-0.11,-0.22,-0.11
2014-02-15 17:35:00,5.834,0.0,0,-0.11,-0.22,-0.11
2014-02-15 17:40:00,6.228,0.0,0,-0.11,-0.22,-0.11
2014-02-15 17:45:00,5.648,0.0,0,-0.11,-0.22,-0.11
2014-02-15 17:50:00,6.2520000000000024,0.0,0,-0.11,-0.22,-0.11
2014-02-15 17:55:00,6.0420000000000025,0.0,0,-0.11,-0.22,-0.11
2014-02-15 18:00:00,7.5,0.0,0,-0.11,-0.22,-0.11
2014-02-15 18:05:00,5.822,0.0,0,-0.11,-0.22,-0.11
2014-02-15 18:10:00,6.44,0.0,0,-0.11,-0.22,-0.11
2014-02-15 18:15:00,6.0420000000000025,0.0,0,-0.11,-0.22,-0.11
2014-02-15 18:20:00,6.218,0.0,0,-0.11,-0.22,-0.11
2014-02-15 18:25:00,6.244,0.0,0,-0.11,-0.22,-0.11
2014-02-15 18:30:00,6.2479999999999976,0.0,0,-0.11,-0.22,-0.11
2014-02-15 18:35:00,6.0420000000000025,0.0,0,-0.11,-0.22,-0.11
2014-02-15 18:40:00,6.256,0.0,0,-0.11,-0.22,-0.11
2014-02-15 18:45:00,6.86,0.0,0,-0.11,-0.22,-0.11
2014-02-15 18:50:00,6.4220000000000015,0.0,0,-0.11,-0.22,-0.11
2014-02-15 18:55:00,6.0520000000000005,0.0,0,-0.11,-0.22,-0.11
2014-02-15 19:00:00,6.274,0.0,0,-0.11,-0.22,-0.11
2014-02-15 19:05:00,5.83,0.0,0,-0.11,-0.22,-0.11
2014-02-15 19:10:00,6.46,0.0,0,-0.11,-0.22,-0.11
2014-02-15 19:15:00,6.226,0.0,0,-0.11,-0.22,-0.11
2014-02-15 19:20:00,6.926,0.0,0,-0.11,-0.22,-0.11
2014-02-15 19:25:00,5.617999999999999,0.0,0,-0.11,-0.22,-0.11
2014-02-15 19:30:00,6.266,0.0,0,-0.11,-0.22,-0.11
2014-02-15 19:35:00,5.81,0.0,0,-0.11,-0.22,-0.11
2014-02-15 19:40:00,6.077999999999999,0.0,0,-0.11,-0.22,-0.11
2014-02-15 19:45:00,5.834,0.0,0,-0.11,-0.22,-0.11
2014-02-15 19:50:00,5.814,0.0,0,-0.11,-0.22,-0.11
2014-02-15 19:55:00,6.044,0.0,0,-0.11,-0.22,-0.11
2014-02-15 20:00:00,5.843999999999999,0.0,0,-0.11,-0.22,-0.11
2014-02-15 20:05:00,5.8320000000000025,0.0,0,-0.11,-0.22,-0.11
2014-02-15 20:10:00,6.2520000000000024,0.0,0,-0.11,-0.22,-0.11
2014-02-15 20:15:00,7.08,0.0,0,-0.11,-0.22,-0.11
2014-02-15 20:20:00,5.8320000000000025,0.0,0,-0.11,-0.22,-0.11
2014-02-15 20:25:00,5.814,0.0,0,-0.11,-0.22,-0.11
2014-02-15 20:30:00,5.846,0.0,0,-0.11,-0.22,-0.11
2014-02-15 20:35:00,5.834,0.0,0,-0.11,-0.22,-0.11
2014-02-15 20:40:00,6.642,0.0,0,-0.11,-0.22,-0.11
2014-02-15 20:45:00,5.86,0.0,0,-0.11,-0.22,-0.11
2014-02-15 20:50:00,6.03,0.0,0,-0.11,-0.22,-0.11
2014-02-15 20:55:00,6.276,0.0,0,-0.11,-0.22,-0.11
2014-02-15 21:00:00,6.028,0.0,0,-0.11,-0.22,-0.11
2014-02-15 21:05:00,6.046,0.0,0,-0.11,-0.22,-0.11
2014-02-15 21:10:00,6.276,0.0,0,-0.11,-0.22,-0.11
2014-02-15 21:15:00,6.904,0.0,0,-0.11,-0.22,-0.11
2014-02-15 21:20:00,6.648,0.0,0,-0.11,-0.22,-0.11
2014-02-15 21:25:00,5.654,0.0,0,-0.11,-0.22,-0.11
2014-02-15 21:30:00,6.44,0.0,0,-0.11,-0.22,-0.11
2014-02-15 21:35:00,5.8660000000000005,0.0,0,-0.11,-0.22,-0.11
2014-02-15 21:40:00,6.246,0.0,0,-0.11,-0.22,-0.11
2014-02-15 21:45:00,5.837999999999999,0.0,0,-0.11,-0.22,-0.11
2014-02-15 21:50:00,5.9979999999999976,0.0,0,-0.11,-0.22,-0.11
2014-02-15 21:55:00,5.862,0.0,0,-0.11,-0.22,-0.11
2014-02-15 22:00:00,6.6720000000000015,0.0,0,-0.11,-0.22,-0.11
2014-02-15 22:05:00,7.63667,0.0,0,-0.11,-0.22,-0.11
2014-02-15 22:10:00,6.034,0.0,0,-0.11,-0.22,-0.11
2014-02-15 22:15:00,5.648,0.0,0,-0.11,-0.22,-0.11
2014-02-15 22:20:00,6.0120000000000005,0.0,0,-0.11,-0.22,-0.11
2014-02-15 22:25:00,5.8320000000000025,0.0,0,-0.11,-0.22,-0.11
2014-02-15 22:30:00,6.024,0.0,0,-0.11,-0.22,-0.11
2014-02-15 22:35:00,5.862,0.0,0,-0.11,-0.22,-0.11
2014-02-15 22:40:00,6.044,0.0,0,-0.11,-0.22,-0.11
2014-02-15 22:45:00,6.0420000000000025,0.0,0,-0.11,-0.22,-0.11
2014-02-15 22:50:00,6.266,0.0,0,-0.11,-0.22,-0.11
2014-02-15 22:55:00,6.022,0.0,0,-0.11,-0.22,-0.11
2014-02-15 23:00:00,6.086,0.0,0,-0.11,-0.22,-0.11
2014-02-15 23:05:00,6.034,0.0,0,-0.11,-0.22,-0.11
2014-02-15 23:10:00,6.2479999999999976,0.0,0,-0.11,-0.22,-0.11
2014-02-15 23:15:00,7.5020000000000024,0.0,0,-0.11,-0.22,-0.11
2014-02-15 23:20:00,6.2520000000000024,0.0,0,-0.11,-0.22,-0.11
2014-02-15 23:25:00,6.026,0.0,0,-0.11,-0.22,-0.11
2014-02-15 23:30:00,6.07,0.0,0,-0.11,-0.22,-0.11
2014-02-15 23:35:00,5.834,0.0,0,-0.11,-0.22,-0.11
2014-02-15 23:40:00,6.05,0.0,0,-0.11,-0.22,-0.11
2014-02-15 23:45:00,6.0420000000000025,0.0,0,-0.11,-0.22,-0.11
2014-02-15 23:50:00,6.024,0.0,0,-0.11,-0.22,-0.11
2014-02-15 23:55:00,5.756,0.0,0,-0.11,-0.22,-0.11
2014-02-16 00:00:00,7.43,0.0,0,-0.11,-0.22,-0.11
2014-02-16 00:05:00,6.686,0.0,0,-0.11,-0.22,-0.11
2014-02-16 00:10:00,6.228,0.0,0,-0.11,-0.22,-0.11
2014-02-16 00:15:00,6.28,0.0,0,-0.11,-0.22,-0.11
2014-02-16 00:20:00,6.044,0.0,0,-0.11,-0.22,-0.11
2014-02-16 00:25:00,6.246,0.0,0,-0.11,-0.22,-0.11
2014-02-16 00:30:00,6.2479999999999976,0.0,0,-0.11,-0.22,-0.11
2014-02-16 00:35:00,6.0420000000000025,0.0,0,-0.11,-0.22,-0.11
2014-02-16 00:40:00,6.472,0.0,0,-0.11,-0.22,-0.11
2014-02-16 00:45:00,6.04,0.0,0,-0.11,-0.22,-0.11
2014-02-16 00:50:00,6.028,0.0,0,-0.11,-0.22,-0.11
2014-02-16 00:55:00,6.2520000000000024,0.0,0,-0.11,-0.22,-0.11
2014-02-16 01:00:00,6.224,0.0,0,-0.11,-0.22,-0.11
2014-02-16 01:05:00,5.837999999999999,0.0,0,-0.11,-0.22,-0.11
2014-02-16 01:10:00,6.63,0.0,0,-0.11,-0.22,-0.11
2014-02-16 01:15:00,6.0420000000000025,0.0,0,-0.11,-0.22,-0.11
2014-02-16 01:20:00,6.228,0.0,0,-0.11,-0.22,-0.11
2014-02-16 01:25:00,6.05,0.0,0,-0.11,-0.22,-0.11
2014-02-16 01:30:00,6.506,0.0,0,-0.11,-0.22,-0.11
2014-02-16 01:35:00,7.268,0.0,0,-0.11,-0.22,-0.11
2014-02-16 01:40:00,6.072,0.0,0,-0.11,-0.22,-0.11
2014-02-16 01:45:00,5.834,0.0,0,-0.11,-0.22,-0.11
2014-02-16 01:50:00,6.0520000000000005,0.0,0,-0.11,-0.22,-0.11
2014-02-16 01:55:00,6.046,0.0,0,-0.11,-0.22,-0.11
2014-02-16 02:00:00,6.028,0.0,0,-0.11,-0.22,-0.11
2014-02-16 02:05:00,5.852,0.0,0,-0.11,-0.22,-0.11
2014-02-16 02:10:00,6.016,0.0,0,-0.11,-0.22,-0.11
2014-02-16 02:15:00,6.874,0.0,0,-0.11,-0.22,-0.11
2014-02-16 02:20:00,6.864,0.0,0,-0.11,-0.22,-0.11
2014-02-16 02:25:00,6.047999999999999,0.0,0,-0.11,-0.22,-0.11
2014-02-16 02:30:00,5.837999999999999,0.0,0,-0.11,-0.22,-0.11
2014-02-16 02:35:00,5.8660000000000005,0.0,0,-0.11,-0.22,-0.11
2014-02-16 02:40:00,6.044,0.0,0,-0.11,-0.22,-0.11
2014-02-16 02:45:00,5.624,0.0,0,-0.11,-0.22,-0.11
2014-02-16 02:50:00,6.044,0.0,0,-0.11,-0.22,-0.11
2014-02-16 02:55:00,6.0420000000000025,0.0,0,-0.11,-0.22,-0.11
2014-02-16 03:00:00,6.2520000000000024,0.0,0,-0.11,-0.22,-0.11
2014-02-16 03:05:00,7.058,0.0,0,-0.11,-0.22,-0.11
2014-02-16 03:10:00,6.9179999999999975,0.0,0,-0.11,-0.22,-0.11
2014-02-16 03:15:00,6.032,0.0,0,-0.11,-0.22,-0.11
2014-02-16 03:20:00,5.816,0.0,0,-0.11,-0.22,-0.11
2014-02-16 03:25:00,6.066,0.0,0,-0.11,-0.22,-0.11
2014-02-16 03:30:00,5.843999999999999,0.0,0,-0.11,-0.22,-0.11
2014-02-16 03:35:00,5.816,0.0,0,-0.11,-0.22,-0.11
2014-02-16 03:40:00,6.682,0.0,0,-0.11,-0.22,-0.11
2014-02-16 03:45:00,5.19,0.0,0,-0.11,-0.22,-0.11
2014-02-16 03:50:00,5.86,0.0,0,-0.11,-0.22,-0.11
2014-02-16 03:55:00,6.046,0.0,0,-0.11,-0.22,-0.11
2014-02-16 04:00:00,6.0520000000000005,0.0,0,-0.11,-0.22,-0.11
2014-02-16 04:05:00,5.6320000000000014,0.0,0,-0.11,-0.22,-0.11
2014-02-16 04:10:00,6.018,0.0,0,-0.11,-0.22,-0.11
2014-02-16 04:15:00,5.63,0.0,0,-0.11,-0.22,-0.11
2014-02-16 04:20:00,6.066,0.0,0,-0.11,-0.22,-0.11
2014-02-16 04:25:00,6.25,0.0,0,-0.11,-0.22,-0.11
2014-02-16 04:30:00,6.024,0.0,0,-0.11,-0.22,-0.11
2014-02-16 04:35:00,6.0420000000000025,0.0,0,-0.11,-0.22,-0.11
2014-02-16 04:40:00,6.228,0.0,0,-0.11,-0.22,-0.11
2014-02-16 04:45:00,5.6579999999999995,0.0,0,-0.11,-0.22,-0.11
2014-02-16 04:50:00,6.24,0.0,0,-0.11,-0.22,-0.11
2014-02-16 04:55:00,5.856,0.0,0,-0.11,-0.22,-0.11
2014-02-16 05:00:00,6.228,0.0,0,-0.11,-0.22,-0.11
2014-02-16 05:05:00,5.626,0.0,0,-0.11,-0.22,-0.11
2014-02-16 05:10:00,6.016,0.0,0,-0.11,-0.22,-0.11
2014-02-16 05:15:00,5.834,0.0,0,-0.11,-0.22,-0.11
2014-02-16 05:20:00,6.2520000000000024,0.0,0,-0.11,-0.22,-0.11
2014-02-16 05:25:00,5.612,0.0,0,-0.11,-0.22,-0.11
2014-02-16 05:30:00,5.877999999999999,0.0,0,-0.11,-0.22,-0.11
2014-02-16 05:35:00,5.834,0.0,0,-0.11,-0.22,-0.11
2014-02-16 05:40:00,6.0520000000000005,0.0,0,-0.11,-0.22,-0.11
2014-02-16 05:45:00,5.83,0.0,0,-0.11,-0.22,-0.11
2014-02-16 05:50:00,5.843999999999999,0.0,0,-0.11,-0.22,-0.11
2014-02-16 05:55:00,6.0420000000000025,0.0,0,-0.11,-0.22,-0.11
2014-02-16 06:00:00,6.044,0.0,0,-0.11,-0.22,-0.11
2014-02-16 06:05:00,5.827999999999999,0.0,0,-0.11,-0.22,-0.11
2014-02-16 06:10:00,6.044,0.0,0,-0.11,-0.22,-0.11
2014-02-16 06:15:00,5.626,0.0,0,-0.11,-0.22,-0.11
2014-02-16 06:20:00,6.046,0.0,0,-0.11,-0.22,-0.11
2014-02-16 06:25:00,5.8320000000000025,0.0,0,-0.11,-0.22,-0.11
2014-02-16 06:30:00,6.04,0.0,0,-0.11,-0.22,-0.11
2014-02-16 06:35:00,5.816,0.0,0,-0.11,-0.22,-0.11
2014-02-16 06:40:00,6.058,0.0,0,-0.11,-0.22,-0.11
2014-02-16 06:45:00,5.834,0.0,0,-0.11,-0.22,-0.11
2014-02-16 06:50:00,6.024,0.0,0,-0.11,-0.22,-0.11
2014-02-16 06:55:00,6.0420000000000025,0.0,0,-0.11,-0.22,-0.11
2014-02-16 07:00:00,6.256,0.0,0,-0.11,-0.22,-0.11
2014-02-16 07:05:00,5.626,0.0,0,-0.11,-0.22,-0.11
2014-02-16 07:10:00,6.2520000000000024,0.0,0,-0.11,-0.22,-0.11
2014-02-16 07:15:00,6.232,0.0,0,-0.11,-0.22,-0.11
2014-02-16 07:20:00,7.09,0.0,0,-0.11,-0.22,-0.11
2014-02-16 07:25:00,5.398,0.0,0,-0.11,-0.22,-0.11
2014-02-16 07:30:00,5.864,0.0,0,-0.11,-0.22,-0.11
2014-02-16 07:35:00,5.803999999999999,0.0,0,-0.11,-0.22,-0.11
2014-02-16 07:40:00,6.2860000000000005,0.0,0,-0.11,-0.22,-0.11
2014-02-16 07:45:00,5.834,0.0,0,-0.11,-0.22,-0.11
2014-02-16 07:50:00,6.03,0.0,0,-0.11,-0.22,-0.11
2014-02-16 07:55:00,7.122000000000001,0.0,0,-0.11,-0.22,-0.11
2014-02-16 08:00:00,6.436,0.0,0,-0.11,-0.22,-0.11
2014-02-16 08:05:00,6.046,0.0,0,-0.11,-0.22,-0.11
2014-02-16 08:10:00,6.004,0.0,0,-0.11,-0.22,-0.11
2014-02-16 08:15:00,5.837999999999999,0.0,0,-0.11,-0.22,-0.11
2014-02-16 08:20:00,6.278,0.0,0,-0.11,-0.22,-0.11
2014-02-16 08:25:00,5.834,0.0,0,-0.11,-0.22,-0.11
2014-02-16 08:30:00,6.876,0.0,0,-0.11,-0.22,-0.11
2014-02-16 08:35:00,5.1960000000000015,0.0,0,-0.11,-0.22,-0.11
2014-02-16 08:40:00,6.268,0.0,0,-0.11,-0.22,-0.11
2014-02-16 08:45:00,5.81,0.0,0,-0.11,-0.22,-0.11
2014-02-16 08:50:00,6.268,0.0,0,-0.11,-0.22,-0.11
2014-02-16 08:55:00,6.0360000000000005,0.0,0,-0.11,-0.22,-0.11
2014-02-16 09:00:00,6.2860000000000005,0.0,0,-0.11,-0.22,-0.11
2014-02-16 09:05:00,5.834,0.0,0,-0.11,-0.22,-0.11
2014-02-16 09:10:00,6.82,0.0,0,-0.11,-0.22,-0.11
2014-02-16 09:15:00,6.0520000000000005,0.0,0,-0.11,-0.22,-0.11
2014-02-16 09:20:00,6.266,0.0,0,-0.11,-0.22,-0.11
2014-02-16 09:25:00,6.0420000000000025,0.0,0,-0.11,-0.22,-0.11
2014-02-16 09:30:00,6.2479999999999976,0.0,0,-0.11,-0.22,-0.11
2014-02-16 09:35:00,6.23,0.0,0,-0.11,-0.22,-0.11
2014-02-16 09:40:00,6.4879999999999995,0.0,0,-0.11,-0.22,-0.11
2014-02-16 09:45:00,5.608,0.0,0,-0.11,-0.22,-0.11
2014-02-16 09:50:00,6.266,0.0,0,-0.11,-0.22,-0.11
2014-02-16 09:55:00,6.456,0.0,0,-0.11,-0.22,-0.11
2014-02-16 10:00:00,6.05,0.0,0,-0.11,-0.22,-0.11
2014-02-16 10:05:00,5.862,0.0,0,-0.11,-0.22,-0.11
2014-02-16 10:10:00,6.263999999999999,0.0,0,-0.11,-0.22,-0.11
2014-02-16 10:15:00,5.816,0.0,0,-0.11,-0.22,-0.11
2014-02-16 10:20:00,7.104,0.0,0,-0.11,-0.22,-0.11
2014-02-16 10:25:00,5.44,0.0,0,-0.11,-0.22,-0.11
2014-02-16 10:30:00,5.808,0.0,0,-0.11,-0.22,-0.11
2014-02-16 10:35:00,6.034,0.0,0,-0.11,-0.22,-0.11
2014-02-16 10:40:00,6.6720000000000015,0.0,0,-0.11,-0.22,-0.11
2014-02-16 10:45:00,5.822,0.0,0,-0.11,-0.22,-0.11
2014-02-16 10:50:00,6.412000000000001,0.0,0,-0.11,-0.22,-0.11
2014-02-16 10:55:00,6.4860000000000015,0.0,0,-0.11,-0.22,-0.11
2014-02-16 11:00:00,6.436,0.0,0,-0.11,-0.22,-0.11
2014-02-16 11:05:00,6.877999999999999,0.0,0,-0.11,-0.22,-0.11
2014-02-16 11:10:00,6.256,0.0,0,-0.11,-0.22,-0.11
2014-02-16 11:15:00,6.438,0.0,0,-0.11,-0.22,-0.11
2014-02-16 11:20:00,6.077999999999999,0.0,0,-0.11,-0.22,-0.11
2014-02-16 11:25:00,6.256,0.0,0,-0.11,-0.22,-0.11
2014-02-16 11:30:00,6.662000000000001,0.0,0,-0.11,-0.22,-0.11
2014-02-16 11:35:00,6.0420000000000025,0.0,0,-0.11,-0.22,-0.11
2014-02-16 11:40:00,6.6679999999999975,0.0,0,-0.11,-0.22,-0.11
2014-02-16 11:45:00,6.23,0.0,0,-0.11,-0.22,-0.11
2014-02-16 11:50:00,6.2479999999999976,0.0,0,-0.11,-0.22,-0.11
2014-02-16 11:55:00,6.278,0.0,0,-0.11,-0.22,-0.11
2014-02-16 12:00:00,6.4460000000000015,0.0,0,-0.11,-0.22,-0.11
2014-02-16 12:05:00,6.2620000000000005,0.0,0,-0.11,-0.22,-0.11
2014-02-16 12:10:00,6.722,0.0,0,-0.11,-0.22,-0.11
2014-02-16 12:15:00,6.858,0.0,0,-0.11,-0.22,-0.11
2014-02-16 12:20:00,6.294,0.0,0,-0.11,-0.22,-0.11
2014-02-16 12:25:00,6.23,0.0,0,-0.11,-0.22,-0.11
2014-02-16 12:30:00,6.274,0.0,0,-0.11,-0.22,-0.11
2014-02-16 12:35:00,6.257999999999999,0.0,0,-0.11,-0.22,-0.11
2014-02-16 12:40:00,6.688,0.0,0,-0.11,-0.22,-0.11
2014-02-16 12:45:00,6.257999999999999,0.0,0,-0.11,-0.22,-0.11
2014-02-16 12:50:00,6.706,0.0,0,-0.11,-0.22,-0.11
2014-02-16 12:55:00,6.4579999999999975,0.0,0,-0.11,-0.22,-0.11
2014-02-16 13:00:00,6.4639999999999995,0.0,0,-0.11,-0.22,-0.11
2014-02-16 13:05:00,6.874,0.0,0,-0.11,-0.22,-0.11
2014-02-16 13:10:00,6.872000000000001,0.0,0,-0.11,-0.22,-0.11
2014-02-16 13:15:00,6.0420000000000025,0.0,0,-0.11,-0.22,-0.11
2014-02-16 13:20:00,6.6679999999999975,0.0,0,-0.11,-0.22,-0.11
2014-02-16 13:25:00,6.25,0.0,0,-0.11,-0.22,-0.11
2014-02-16 13:30:00,6.2520000000000024,0.0,0,-0.11,-0.22,-0.11
2014-02-16 13:35:00,6.0420000000000025,0.0,0,-0.11,-0.22,-0.11
2014-02-16 13:40:00,6.228,0.0,0,-0.11,-0.22,-0.11
2014-02-16 13:45:00,6.064,0.0,0,-0.11,-0.22,-0.11
2014-02-16 13:50:00,6.2360000000000015,0.0,0,-0.11,-0.22,-0.11
2014-02-16 13:55:00,6.47,0.0,0,-0.11,-0.22,-0.11
2014-02-16 14:00:00,6.436,0.0,0,-0.11,-0.22,-0.11
2014-02-16 14:05:00,6.064,0.0,0,-0.11,-0.22,-0.11
2014-02-16 14:10:00,6.436,0.0,0,-0.11,-0.22,-0.11
2014-02-16 14:15:00,6.072,0.0,0,-0.11,-0.22,-0.11
2014-02-16 14:20:00,7.29,0.0,0,-0.11,-0.22,-0.11
2014-02-16 14:25:00,6.0420000000000025,0.0,0,-0.11,-0.22,-0.11
2014-02-16 14:30:00,6.6720000000000015,0.0,0,-0.11,-0.22,-0.11
2014-02-16 14:35:00,6.024,0.0,0,-0.11,-0.22,-0.11
2014-02-16 14:40:00,6.5020000000000024,0.0,0,-0.11,-0.22,-0.11
2014-02-16 14:45:00,6.46,0.0,0,-0.11,-0.22,-0.11
2014-02-16 14:50:00,6.2479999999999976,0.0,0,-0.11,-0.22,-0.11
2014-02-16 14:55:00,6.436,0.0,0,-0.11,-0.22,-0.11
2014-02-16 15:00:00,6.4979999999999976,0.0,0,-0.11,-0.22,-0.11
2014-02-16 15:05:00,6.232,0.0,0,-0.11,-0.22,-0.11
2014-02-16 15:10:00,7.5120000000000005,0.0,0,-0.11,-0.22,-0.11
2014-02-16 15:15:00,6.2620000000000005,0.0,0,-0.11,-0.22,-0.11
2014-02-16 15:20:00,6.2860000000000005,0.0,0,-0.11,-0.22,-0.11
2014-02-16 15:25:00,6.23,0.0,0,-0.11,-0.22,-0.11
2014-02-16 15:30:00,6.266,0.0,0,-0.11,-0.22,-0.11
2014-02-16 15:35:00,6.06,0.0,0,-0.11,-0.22,-0.11
2014-02-16 15:40:00,6.476,0.0,0,-0.11,-0.22,-0.11
2014-02-16 15:45:00,6.25,0.0,0,-0.11,-0.22,-0.11
2014-02-16 15:50:00,6.644,0.0,0,-0.11,-0.22,-0.11
2014-02-16 15:55:00,6.4639999999999995,0.0,0,-0.11,-0.22,-0.11
2014-02-16 16:00:00,6.706,0.0,0,-0.11,-0.22,-0.11
2014-02-16 16:05:00,6.874,0.0,0,-0.11,-0.22,-0.11
2014-02-16 16:10:00,6.03,0.0,0,-0.11,-0.22,-0.11
2014-02-16 16:15:00,6.234,0.0,0,-0.11,-0.22,-0.11
2014-02-16 16:20:00,6.6720000000000015,0.0,0,-0.11,-0.22,-0.11
2014-02-16 16:25:00,7.077999999999999,0.0,0,-0.11,-0.22,-0.11
2014-02-16 16:30:00,6.468,0.0,0,-0.11,-0.22,-0.11
2014-02-16 16:35:00,6.25,0.0,0,-0.11,-0.22,-0.11
2014-02-16 16:40:00,6.444,0.0,0,-0.11,-0.22,-0.11
2014-02-16 16:45:00,6.25,0.0,0,-0.11,-0.22,-0.11
2014-02-16 16:50:00,6.46,0.27506680853194443,0,-0.11,-0.22,-0.11
2014-02-16 16:55:00,6.666,0.3208938992762365,0,-0.11,-0.22,-0.11
2014-02-16 17:00:00,6.2120000000000015,0.32090319035611314,0,-0.11,-0.22,-0.11
2014-02-16 17:05:00,6.278,0.3033160503890272,0,-0.11,-0.22,-0.11
2014-02-16 17:10:00,6.4220000000000015,0.2694321074333496,0,-0.11,-0.22,-0.11
2014-02-16 17:15:00,5.862,0.4117813974184352,0,-0.11,-0.22,-0.11
2014-02-16 17:20:00,6.04,0.35065750049013045,0,-0.11,-0.22,-0.11
2014-02-16 17:25:00,6.222,0.30308418967916784,0,-0.11,-0.22,-0.11
2014-02-16 17:30:00,7.1339999999999995,0.4585961946631722,0,-0.11,-0.22,-0.11
2014-02-16 17:35:00,5.827999999999999,0.3935955770362001,0,-0.11,-0.22,-0.11
2014-02-16 17:40:00,6.044,0.3350637596703964,0,-0.11,-0.22,-0.11
2014-02-16 17:45:00,6.022,0.33643104483966185,0,-0.11,-0.22,-0.11
2014-02-16 17:50:00,5.867999999999999,0.36610450960099145,0,-0.11,-0.22,-0.11
2014-02-16 17:55:00,6.037999999999999,0.32369677106994066,0,-0.11,-0.22,-0.11
2014-02-16 18:00:00,6.2520000000000024,0.279314990780836,0,-0.11,-0.22,-0.11
2014-02-16 18:05:00,5.834,0.3663894558373078,0,-0.11,-0.22,-0.11
2014-02-16 18:10:00,7.6560000000000015,0.5735326649105161,0,-0.11,-0.22,-0.11
2014-02-16 18:15:00,5.228,0.4549165665406133,0,-0.11,-0.22,-0.11
2014-02-16 18:20:00,6.232,0.27701340423492177,0,-0.11,-0.22,-0.11
2014-02-16 18:25:00,6.074,0.2985950723847014,0,-0.11,-0.22,-0.11
2014-02-16 18:30:00,6.436,0.29053775307292473,0,-0.11,-0.22,-0.11
2014-02-16 18:35:00,6.0360000000000005,0.30515947377150393,0,-0.11,-0.22,-0.11
2014-02-16 18:40:00,6.228,0.2756486244859773,0,-0.11,-0.22,-0.11
2014-02-16 18:45:00,6.068,0.29956047006551817,0,-0.11,-0.22,-0.11
2014-02-16 18:50:00,6.04,0.3030244508496576,0,-0.11,-0.22,-0.11
2014-02-16 18:55:00,6.224,0.27309742678072463,0,-0.11,-0.22,-0.11
2014-02-16 19:00:00,6.254,0.2695407992490799,0,-0.11,-0.22,-0.11
2014-02-16 19:05:00,6.482,0.3071625569638435,0,-0.11,-0.22,-0.11
2014-02-16 19:10:00,5.602,0.3872257948516653,0,-0.11,-0.22,-0.11
2014-02-16 19:15:00,7.114,0.425515501452471,0,-0.11,-0.22,-0.11
2014-02-16 19:20:00,6.244,0.27317184150403995,0,-0.11,-0.22,-0.11
2014-02-16 19:25:00,6.022,0.3074867873040983,0,-0.11,-0.22,-0.11
2014-02-16 19:30:00,6.086,0.29584211877136823,0,-0.11,-0.22,-0.11
2014-02-16 19:35:00,5.81,0.34191573235986444,0,-0.11,-0.22,-0.11
2014-02-16 19:40:00,6.257999999999999,0.2735044811367435,0,-0.11,-0.22,-0.11
2014-02-16 19:45:00,5.834,0.3358573352850697,0,-0.11,-0.22,-0.11
2014-02-16 19:50:00,6.044,0.2960860294579863,0,-0.11,-0.22,-0.11
2014-02-16 19:55:00,6.0420000000000025,0.2956132351562185,0,-0.11,-0.22,-0.11
2014-02-16 20:00:00,6.047999999999999,0.29376641833388445,0,-0.11,-0.22,-0.11
2014-02-16 20:05:00,5.834,0.3326022803839094,0,-0.11,-0.22,-0.11
2014-02-16 20:10:00,6.228,0.2791043655790506,0,-0.11,-0.22,-0.11
2014-02-16 20:15:00,6.86,0.4038762865332156,0,-0.11,-0.22,-0.11
2014-02-16 20:20:00,5.816,0.3382468574774251,0,-0.11,-0.22,-0.11
2014-02-16 20:25:00,6.4579999999999975,0.31624816499076125,0,-0.11,-0.22,-0.11
2014-02-16 20:30:00,7.126,0.4482866244189456,0,-0.11,-0.22,-0.11
2014-02-16 20:35:00,5.626,0.37316666896903183,0,-0.11,-0.22,-0.11
2014-02-16 20:40:00,6.006,0.3012658961250239,0,-0.11,-0.22,-0.11
2014-02-16 20:45:00,5.862,0.3241149433055617,0,-0.11,-0.22,-0.11
2014-02-16 20:50:00,6.05,0.29062934841189075,0,-0.11,-0.22,-0.11
2014-02-16 20:55:00,5.834,0.3267663273249466,0,-0.11,-0.22,-0.11
2014-02-16 21:00:00,6.056,0.2863394644502009,0,-0.11,-0.22,-0.11
2014-02-16 21:05:00,6.02,0.2919629389427594,0,-0.11,-0.22,-0.11
2014-02-16 21:10:00,6.062,0.28403574022602296,0,-0.11,-0.22,-0.11
2014-02-16 21:15:00,6.064,0.2832768925654238,0,-0.11,-0.22,-0.11
2014-02-16 21:20:00,6.0420000000000025,0.286863726558902,0,-0.11,-0.22,-0.11
2014-02-16 21:25:00,6.68,0.3756945367011627,0,-0.11,-0.22,-0.11
2014-02-16 21:30:00,7.08,0.452442478887633,0,-0.11,-0.22,-0.11
2014-02-16 21:35:00,5.814,0.33542344627230786,0,-0.11,-0.22,-0.11
2014-02-16 21:40:00,6.077999999999999,0.28705433538494285,0,-0.11,-0.22,-0.11
2014-02-16 21:45:00,6.006,0.2987672120679841,0,-0.11,-0.22,-0.11
2014-02-16 21:50:00,5.864,0.32327470942047004,0,-0.11,-0.22,-0.11
2014-02-16 21:55:00,5.834,0.3265498381524371,0,-0.11,-0.22,-0.11
2014-02-16 22:00:00,6.4579999999999975,0.3246760564562273,0,-0.11,-0.22,-0.11
2014-02-16 22:05:00,5.82,0.3302284942483822,0,-0.11,-0.22,-0.11
2014-02-16 22:10:00,6.91,0.41707808350662096,0,-0.11,-0.22,-0.11
2014-02-16 22:15:00,6.44,0.3122119467676138,0,-0.11,-0.22,-0.11
2014-02-16 22:20:00,6.086,0.2868669520428697,0,-0.11,-0.22,-0.11
2014-02-16 22:25:00,6.037999999999999,0.2947368731765083,0,-0.11,-0.22,-0.11
2014-02-16 22:30:00,6.053999999999999,0.2911105741403584,0,-0.11,-0.22,-0.11
2014-02-16 22:35:00,6.0420000000000025,0.29266800850170743,0,-0.11,-0.22,-0.11
2014-02-16 22:40:00,6.03,0.29422771206920223,0,-0.11,-0.22,-0.11
2014-02-16 22:45:00,6.064,0.28700574433910137,0,-0.11,-0.22,-0.11
2014-02-16 22:50:00,6.044,0.2903941044035214,0,-0.11,-0.22,-0.11
2014-02-16 22:55:00,6.0420000000000025,0.2901832868818837,0,-0.11,-0.22,-0.11
2014-02-16 23:00:00,6.2520000000000024,0.29022335033056984,0,-0.11,-0.22,-0.11
2014-02-16 23:05:00,6.0420000000000025,0.2911898768443265,0,-0.11,-0.22,-0.11
2014-02-16 23:10:00,6.2479999999999976,0.2904171324111983,0,-0.11,-0.22,-0.11
2014-02-16 23:15:00,6.024,0.2961692156153644,0,-0.11,-0.22,-0.11
2014-02-16 23:20:00,6.272,0.2971033502075783,0,-0.11,-0.22,-0.11
2014-02-16 23:25:00,7.51,0.6243926362344526,0,-0.11,-0.22,-0.11
2014-02-16 23:30:00,6.278,0.2784047880498397,0,-0.11,-0.22,-0.11
2014-02-16 23:35:00,6.064,0.29508927075300195,0,-0.11,-0.22,-0.11
2014-02-16 23:40:00,6.2520000000000024,0.27532071321851004,0,-0.11,-0.22,-0.11
2014-02-16 23:45:00,5.816,0.3415695920381574,0,-0.11,-0.22,-0.11
2014-02-16 23:50:00,6.256,0.2792866869896912,0,-0.11,-0.22,-0.11
2014-02-16 23:55:00,6.166,0.2746249534983525,0,-0.11,-0.22,-0.11
2014-02-17 00:00:00,6.354,0.29777411860297803,0,-0.11,-0.22,-0.11
2014-02-17 00:05:00,7.318,0.5071276538043065,0,-0.11,-0.22,-0.11
2014-02-17 00:10:00,6.43,0.29573063136218697,0,-0.11,-0.22,-0.11
2014-02-17 00:15:00,6.0420000000000025,0.30596420945650143,0,-0.11,-0.22,-0.11
2014-02-17 00:20:00,6.256,0.2691939804341562,0,-0.11,-0.22,-0.11
2014-02-17 00:25:00,6.0420000000000025,0.30567031952389,0,-0.11,-0.22,-0.11
2014-02-17 00:30:00,6.2520000000000024,0.2698222220994265,0,-0.11,-0.22,-0.11
2014-02-17 00:35:00,5.837999999999999,0.3443740792234368,0,-0.11,-0.22,-0.11
2014-02-17 00:40:00,6.2379999999999995,0.2709035885709851,0,-0.11,-0.22,-0.11
2014-02-17 00:45:00,5.862,0.3374893396183557,0,-0.11,-0.22,-0.11
2014-02-17 00:50:00,6.044,0.2988704490961113,0,-0.11,-0.22,-0.11
2014-02-17 00:55:00,6.25,0.27789181849169203,0,-0.11,-0.22,-0.11
2014-02-17 01:00:00,6.047999999999999,0.29840686257243976,0,-0.11,-0.22,-0.11
2014-02-17 01:05:00,5.837999999999999,0.341055579253465,0,-0.11,-0.22,-0.11
2014-02-17 01:10:00,6.438,0.3205918382571531,0,-0.11,-0.22,-0.11
2014-02-17 01:15:00,5.8320000000000025,0.3422333274663225,0,-0.11,-0.22,-0.11
2014-02-17 01:20:00,6.03,0.2968715787618333,0,-0.11,-0.22,-0.11
2014-02-17 01:25:00,6.053999999999999,0.2911118513261467,0,-0.11,-0.22,-0.11
2014-02-17 01:30:00,7.528,0.5943383608841133,0,-0.11,-0.22,-0.11
2014-02-17 01:35:00,5.8420000000000005,0.3303872544560377,0,-0.11,-0.22,-0.11
2014-02-17 01:40:00,6.056,0.2925607914385612,0,-0.11,-0.22,-0.11
2014-02-17 01:45:00,5.8420000000000005,0.3276497606087756,0,-0.11,-0.22,-0.11
2014-02-17 01:50:00,6.016,0.29567567805002193,0,-0.11,-0.22,-0.11
2014-02-17 01:55:00,5.8660000000000005,0.3206296354459805,0,-0.11,-0.22,-0.11
2014-02-17 02:00:00,6.0520000000000005,0.2865362533694469,0,-0.11,-0.22,-0.11
2014-02-17 02:05:00,6.01,0.29327345268041793,0,-0.11,-0.22,-0.11
2014-02-17 02:10:00,6.0520000000000005,0.2851897976665947,0,-0.11,-0.22,-0.11
2014-02-17 02:15:00,5.63,0.3654976680896499,0,-0.11,-0.22,-0.11
2014-02-17 02:20:00,7.7,0.5895176975470512,0,-0.11,-0.22,-0.11
2014-02-17 02:25:00,6.244,0.2751656283240949,0,-0.11,-0.22,-0.11
2014-02-17 02:30:00,6.246,0.27527213814833723,0,-0.11,-0.22,-0.11
2014-02-17 02:35:00,5.638,0.35106411247014513,0,-0.11,-0.22,-0.11
2014-02-17 02:40:00,6.297999999999999,0.286079210990711,0,-0.11,-0.22,-0.11
2014-02-17 02:45:00,6.032,0.2895279369692825,0,-0.11,-0.22,-0.11
2014-02-17 02:50:00,6.2520000000000024,0.28040666003359993,0,-0.11,-0.22,-0.11
2014-02-17 02:55:00,6.022,0.29157952822545513,0,-0.11,-0.22,-0.11
2014-02-17 03:00:00,6.482,0.31762854972744303,0,-0.11,-0.22,-0.11
2014-02-17 03:05:00,6.06,0.2877528317410775,0,-0.11,-0.22,-0.11
2014-02-17 03:10:00,6.2520000000000024,0.28050842311219343,0,-0.11,-0.22,-0.11
2014-02-17 03:15:00,7.077999999999999,0.4291114465727211,0,-0.11,-0.22,-0.11
2014-02-17 03:20:00,6.654,0.33526483531484985,0,-0.11,-0.22,-0.11
2014-02-17 03:25:00,6.068,0.2957986072803947,0,-0.11,-0.22,-0.11
2014-02-17 03:30:00,6.044,0.2987812053542881,0,-0.11,-0.22,-0.11
2014-02-17 03:35:00,5.834,0.33282769715899524,0,-0.11,-0.22,-0.11
2014-02-17 03:40:00,6.25,0.2752631807789578,0,-0.11,-0.22,-0.11
2014-02-17 03:45:00,6.452000000000001,0.3082892352792286,0,-0.11,-0.22,-0.11
2014-02-17 03:50:00,5.626,0.3736640770381926,0,-0.11,-0.22,-0.11
2014-02-17 03:55:00,6.018,0.29700824185386715,0,-0.11,-0.22,-0.11
2014-02-17 04:00:00,6.0820000000000025,0.28549938429045985,0,-0.11,-0.22,-0.11
2014-02-17 04:05:00,6.024,0.2949243919714202,0,-0.11,-0.22,-0.11
2014-02-17 04:10:00,6.096,0.2816735238155161,0,-0.11,-0.22,-0.11
2014-02-17 04:15:00,5.837999999999999,0.3286610962152262,0,-0.11,-0.22,-0.11
2014-02-17 04:20:00,6.263999999999999,0.2887388846475553,0,-0.11,-0.22,-0.11
2014-02-17 04:25:00,5.814,0.33326176304226746,0,-0.11,-0.22,-0.11
2014-02-17 04:30:00,6.086,0.2785364628376777,0,-0.11,-0.22,-0.11
2014-02-17 04:35:00,5.8420000000000005,0.3255942642734473,0,-0.11,-0.22,-0.11
2014-02-17 04:40:00,6.028,0.28652457593936753,0,-0.11,-0.22,-0.11
2014-02-17 04:45:00,5.816,0.3289854413399884,0,-0.11,-0.22,-0.11
2014-02-17 04:50:00,5.8839999999999995,0.3120928321683018,0,-0.11,-0.22,-0.11
2014-02-17 04:55:00,6.246,0.299548033783877,0,-0.11,-0.22,-0.11
2014-02-17 05:00:00,6.204,0.2899142745220582,0,-0.11,-0.22,-0.11
2014-02-17 05:05:00,5.86,0.32061290428045397,0,-0.11,-0.22,-0.11
2014-02-17 05:10:00,6.016,0.284680284294576,0,-0.11,-0.22,-0.11
2014-02-17 05:15:00,6.028,0.2816823311948736,0,-0.11,-0.22,-0.11
2014-02-17 05:20:00,6.7120000000000015,0.4202294673886793,0,-0.11,-0.22,-0.11
2014-02-17 05:25:00,5.837999999999999,0.3277909202010433,0,-0.11,-0.22,-0.11
2014-02-17 05:30:00,6.478,0.3503042624260799,0,-0.11,-0.22,-0.11
2014-02-17 05:35:00,5.814,0.3343723982234953,0,-0.11,-0.22,-0.11
2014-02-17 05:40:00,6.297999999999999,0.30896805638048924,0,-0.11,-0.22,-0.11
2014-02-17 05:45:00,6.0420000000000025,0.2842195133920624,0,-0.11,-0.22,-0.11
2014-02-17 05:50:00,6.2479999999999976,0.29818703349542736,0,-0.11,-0.22,-0.11
2014-02-17 05:55:00,6.034,0.2873962852577785,0,-0.11,-0.22,-0.11
2014-02-17 06:00:00,6.228,0.2943494640799559,0,-0.11,-0.22,-0.11
2014-02-17 06:05:00,6.05,0.2849019081816935,0,-0.11,-0.22,-0.11
2014-02-17 06:10:00,6.494,0.3630858771065501,0,-0.11,-0.22,-0.11
2014-02-17 06:15:00,5.816,0.3464744829058275,0,-0.11,-0.22,-0.11
2014-02-17 06:20:00,6.077999999999999,0.2783811321117271,0,-0.11,-0.22,-0.11
2014-02-17 06:25:00,6.04,0.2871338704215507,0,-0.11,-0.22,-0.11
2014-02-17 06:30:00,6.228,0.2966485200432974,0,-0.11,-0.22,-0.11
2014-02-17 06:35:00,5.856,0.3367011259123897,0,-0.11,-0.22,-0.11
2014-02-17 06:40:00,6.04,0.28520759790428546,0,-0.11,-0.22,-0.11
2014-02-17 06:45:00,6.034,0.28630153165181416,0,-0.11,-0.22,-0.11
2014-02-17 06:50:00,6.046,0.2826849125361389,0,-0.11,-0.22,-0.11
2014-02-17 06:55:00,5.834,0.3421872037263956,0,-0.11,-0.22,-0.11
2014-02-17 07:00:00,6.2479999999999976,0.31355085930878285,0,-0.11,-0.22,-0.11
2014-02-17 07:05:00,6.046,0.2811828542354726,0,-0.11,-0.22,-0.11
2014-02-17 07:10:00,6.0360000000000005,0.28363590850084464,0,-0.11,-0.22,-0.11
2014-02-17 07:15:00,6.05,0.2792642787183926,0,-0.11,-0.22,-0.11
2014-02-17 07:20:00,5.85,0.34043614915136056,0,-0.11,-0.22,-0.11
2014-02-17 07:25:00,6.044,0.27733351795086825,0,-0.11,-0.22,-0.11
2014-02-17 07:30:00,6.016,0.2854823313607307,0,-0.11,-0.22,-0.11
2014-02-17 07:35:00,5.834,0.34432838798797066,0,-0.11,-0.22,-0.11
2014-02-17 07:40:00,6.044,0.27291625834299604,0,-0.11,-0.22,-0.11
2014-02-17 07:45:00,6.04,0.2740466433464531,0,-0.11,-0.22,-0.11
2014-02-17 07:50:00,6.228,0.3260282628315188,0,-0.11,-0.22,-0.11
2014-02-17 07:55:00,7.29,0.7244402188739105,0,-0.11,-0.22,-0.11
2014-02-17 08:00:00,6.412000000000001,0.3284335636968257,0,-0.11,-0.22,-0.11
2014-02-17 08:05:00,6.064,0.2841824247637415,0,-0.11,-0.22,-0.11
2014-02-17 08:10:00,6.23,0.2882916893931506,0,-0.11,-0.22,-0.11
2014-02-17 08:15:00,6.234,0.2886143168003311,0,-0.11,-0.22,-0.11
2014-02-17 08:20:00,6.087999999999999,0.2812968856517054,0,-0.11,-0.22,-0.11
2014-02-17 08:25:00,6.047999999999999,0.28997159625095925,0,-0.11,-0.22,-0.11
2014-02-17 08:30:00,6.228,0.28939853391943154,0,-0.11,-0.22,-0.11
2014-02-17 08:35:00,6.022,0.297180666240958,0,-0.11,-0.22,-0.11
2014-02-17 08:40:00,6.282,0.3040460232485482,0,-0.11,-0.22,-0.11
2014-02-17 08:45:00,6.228,0.2893481842556586,0,-0.11,-0.22,-0.11
2014-02-17 08:50:00,6.2620000000000005,0.29745182874748355,0,-0.11,-0.22,-0.11
2014-02-17 08:55:00,6.0420000000000025,0.2974380338967069,0,-0.11,-0.22,-0.11
2014-02-17 09:00:00,6.022,0.3019602830518271,0,-0.11,-0.22,-0.11
2014-02-17 09:05:00,6.064,0.28944681824764595,0,-0.11,-0.22,-0.11
2014-02-17 09:10:00,6.452000000000001,0.3592956060913637,0,-0.11,-0.22,-0.11
2014-02-17 09:15:00,5.814,0.3658379763151329,0,-0.11,-0.22,-0.11
2014-02-17 09:20:00,5.867999999999999,0.3428817569658235,0,-0.11,-0.22,-0.11
2014-02-17 09:25:00,6.0420000000000025,0.29018104475440804,0,-0.11,-0.22,-0.11
2014-02-17 09:30:00,6.0120000000000005,0.2978572169995695,0,-0.11,-0.22,-0.11
2014-02-17 09:35:00,5.64,0.4118501928025256,0,-0.11,-0.22,-0.11
2014-02-17 09:40:00,6.03,0.28431854753004204,0,-0.11,-0.22,-0.11
2014-02-17 09:45:00,5.852,0.3336384463666152,0,-0.11,-0.22,-0.11
2014-02-17 09:50:00,5.9979999999999976,0.2894295675836953,0,-0.11,-0.22,-0.11
2014-02-17 09:55:00,6.074,0.2696217731078838,0,-0.11,-0.22,-0.11
2014-02-17 10:00:00,5.824,0.34130861009773145,0,-0.11,-0.22,-0.11
2014-02-17 10:05:00,5.836,0.33376122287641163,0,-0.11,-0.22,-0.11
2014-02-17 10:10:00,6.246,0.3263302849644549,0,-0.11,-0.22,-0.11
2014-02-17 10:15:00,5.8320000000000025,0.3355535220762632,0,-0.11,-0.22,-0.11
2014-02-17 10:20:00,6.2520000000000024,0.3293841978128458,0,-0.11,-0.22,-0.11
2014-02-17 10:25:00,6.664,0.4652000515853524,0,-0.11,-0.22,-0.11
2014-02-17 10:30:00,6.04,0.2808026070780368,0,-0.11,-0.22,-0.11
2014-02-17 10:35:00,6.046,0.2789281912383119,0,-0.11,-0.22,-0.11
2014-02-17 10:40:00,6.2620000000000005,0.3180103749910527,0,-0.11,-0.22,-0.11
2014-02-17 10:45:00,6.0420000000000025,0.28230452054855965,0,-0.11,-0.22,-0.11
2014-02-17 10:50:00,6.044,0.2813915133064878,0,-0.11,-0.22,-0.11
2014-02-17 10:55:00,6.026,0.2862161643044707,0,-0.11,-0.22,-0.11
2014-02-17 11:00:00,6.26,0.3216893912566412,0,-0.11,-0.22,-0.11
2014-02-17 11:05:00,6.25,0.3163562442205771,0,-0.11,-0.22,-0.11
2014-02-17 11:10:00,6.684,0.4659600396255906,0,-0.11,-0.22,-0.11
2014-02-17 11:15:00,5.8420000000000005,0.34942376395419195,0,-0.11,-0.22,-0.11
2014-02-17 11:20:00,5.834,0.3470487215623284,0,-0.11,-0.22,-0.11
2014-02-17 11:25:00,6.242000000000001,0.30640856452771403,0,-0.11,-0.22,-0.11
2014-02-17 11:30:00,6.024,0.29151763514196416,0,-0.11,-0.22,-0.11
2014-02-17 11:35:00,5.648,0.4058587379451638,0,-0.11,-0.22,-0.11
2014-02-17 11:40:00,6.4639999999999995,0.3756083045521675,0,-0.11,-0.22,-0.11
2014-02-17 11:45:00,5.816,0.3444256636728348,0,-0.11,-0.22,-0.11
2014-02-17 11:50:00,6.053999999999999,0.2769564042559446,0,-0.11,-0.22,-0.11
2014-02-17 11:55:00,5.862,0.3285926844058177,0,-0.11,-0.22,-0.11
2014-02-17 12:00:00,6.05,0.2749681911541845,0,-0.11,-0.22,-0.11
2014-02-17 12:05:00,5.812,0.34185723713412103,0,-0.11,-0.22,-0.11
2014-02-17 12:10:00,6.468,0.3872529542558051,0,-0.11,-0.22,-0.11
2014-02-17 12:15:00,6.2620000000000005,0.3170605971204286,0,-0.11,-0.22,-0.11
2014-02-17 12:20:00,5.87,0.3281433951038952,0,-0.11,-0.22,-0.11
2014-02-17 12:25:00,5.834,0.3358919181440822,0,-0.11,-0.22,-0.11
2014-02-17 12:30:00,6.044,0.27458157390166765,0,-0.11,-0.22,-0.11
2014-02-17 12:35:00,5.827999999999999,0.33578478920055205,0,-0.11,-0.22,-0.11
2014-02-17 12:40:00,6.0360000000000005,0.2734281195531332,0,-0.11,-0.22,-0.11
2014-02-17 12:45:00,5.856,0.32540680063397714,0,-0.11,-0.22,-0.11
2014-02-17 12:50:00,6.2520000000000024,0.33021172297046464,0,-0.11,-0.22,-0.11
2014-02-17 12:55:00,6.2520000000000024,0.3273951910333816,0,-0.11,-0.22,-0.11
2014-02-17 13:00:00,6.43,0.3823445230277471,0,-0.11,-0.22,-0.11
2014-02-17 13:05:00,6.6679999999999975,0.4515193731193353,0,-0.11,-0.22,-0.11
2014-02-17 13:10:00,6.2479999999999976,0.3037440857683307,0,-0.11,-0.22,-0.11
2014-02-17 13:15:00,6.0420000000000025,0.2880274544519609,0,-0.11,-0.22,-0.11
2014-02-17 13:20:00,6.26,0.3077624380125837,0,-0.11,-0.22,-0.11
2014-02-17 13:25:00,6.03,0.29307325035884696,0,-0.11,-0.22,-0.11
2014-02-17 13:30:00,6.028,0.29292682975183937,0,-0.11,-0.22,-0.11
2014-02-17 13:35:00,6.064,0.2820877480447045,0,-0.11,-0.22,-0.11
2014-02-17 13:40:00,6.04,0.2886386128978451,0,-0.11,-0.22,-0.11
2014-02-17 13:45:00,6.0420000000000025,0.2874952161853405,0,-0.11,-0.22,-0.11
2014-02-17 13:50:00,6.02,0.2936837976022432,0,-0.11,-0.22,-0.11
2014-02-17 13:55:00,6.07,0.27754604751255085,0,-0.11,-0.22,-0.11
2014-02-17 14:00:00,6.044,0.28547529446678643,0,-0.11,-0.22,-0.11
2014-02-17 14:05:00,6.0420000000000025,0.2856720308692576,0,-0.11,-0.22,-0.11
2014-02-17 14:10:00,6.468,0.4041948532261448,0,-0.11,-0.22,-0.11
2014-02-17 14:15:00,6.46,0.3868535208958411,0,-0.11,-0.22,-0.11
2014-02-17 14:20:00,6.004,0.30684092601420176,0,-0.11,-0.22,-0.11
2014-02-17 14:25:00,6.074,0.2834950352970949,0,-0.11,-0.22,-0.11
2014-02-17 14:30:00,6.03,0.29719069013043603,0,-0.11,-0.22,-0.11
2014-02-17 14:35:00,6.05,0.289751596702402,0,-0.11,-0.22,-0.11
2014-02-17 14:40:00,6.07,0.2825269688757243,0,-0.11,-0.22,-0.11
2014-02-17 14:45:00,5.822,0.3727166980768249,0,-0.11,-0.22,-0.11
2014-02-17 14:50:00,6.03,0.2903633826133727,0,-0.11,-0.22,-0.11
2014-02-17 14:55:00,6.07,0.2762405951112739,0,-0.11,-0.22,-0.11
2014-02-17 15:00:00,6.4460000000000015,0.4028359162861251,0,-0.11,-0.22,-0.11
2014-02-17 15:05:00,6.482,0.4027233857866919,0,-0.11,-0.22,-0.11
2014-02-17 15:10:00,6.2360000000000015,0.3031233958356465,0,-0.11,-0.22,-0.11
2014-02-17 15:15:00,5.834,0.37053693433155577,0,-0.11,-0.22,-0.11
2014-02-17 15:20:00,6.228,0.3035311793666361,0,-0.11,-0.22,-0.11
2014-02-17 15:25:00,6.234,0.304391512029337,0,-0.11,-0.22,-0.11
2014-02-17 15:30:00,6.257999999999999,0.3113910246266842,0,-0.11,-0.22,-0.11
2014-02-17 15:35:00,5.816,0.3820216400124985,0,-0.11,-0.22,-0.11
2014-02-17 15:40:00,6.66,0.4628630158297661,0,-0.11,-0.22,-0.11
2014-02-17 15:45:00,5.856,0.3560535065502942,0,-0.11,-0.22,-0.11
2014-02-17 15:50:00,6.26,0.30530063726545165,0,-0.11,-0.22,-0.11
2014-02-17 15:55:00,6.2139999999999995,0.2904975429691232,0,-0.11,-0.22,-0.11
2014-02-17 16:00:00,6.0820000000000025,0.2863886216480718,0,-0.11,-0.22,-0.11
2014-02-17 16:05:00,6.046,0.2969290128754112,0,-0.11,-0.22,-0.11
2014-02-17 16:10:00,6.6679999999999975,0.4521707979404416,0,-0.11,-0.22,-0.11
2014-02-17 16:15:00,6.4479999999999995,0.35249173543967544,0,-0.11,-0.22,-0.11
2014-02-17 16:20:00,6.047999999999999,0.3042362264238185,0,-0.11,-0.22,-0.11
2014-02-17 16:25:00,5.816,0.3746795795108563,0,-0.11,-0.22,-0.11
2014-02-17 16:30:00,6.086,0.28662349024989475,0,-0.11,-0.22,-0.11
2014-02-17 16:35:00,5.8260000000000005,0.3645883875890245,0,-0.11,-0.22,-0.11
2014-02-17 16:40:00,6.04,0.2941910712605588,0,-0.11,-0.22,-0.11
2014-02-17 16:45:00,5.83,0.3572188925822805,0,-0.11,-0.22,-0.11
2014-02-17 16:50:00,6.056,0.2844696056331311,0,-0.11,-0.22,-0.11
2014-02-17 16:55:00,6.047999999999999,0.2863405371191594,0,-0.11,-0.22,-0.11
2014-02-17 17:00:00,5.846,0.3486783675705303,0,-0.11,-0.22,-0.11
2014-02-17 17:05:00,5.834,0.34791297574307795,0,-0.11,-0.22,-0.11
2014-02-17 17:10:00,6.876,0.533379632865386,0,-0.11,-0.22,-0.11
2014-02-17 17:15:00,6.442,0.3484952660366482,0,-0.11,-0.22,-0.11
2014-02-17 17:20:00,6.053999999999999,0.2881399313217755,0,-0.11,-0.22,-0.11
2014-02-17 17:25:00,5.63,0.40030873311646825,0,-0.11,-0.22,-0.11
2014-02-17 17:30:00,6.2520000000000024,0.3022821599919275,0,-0.11,-0.22,-0.11
2014-02-17 17:35:00,5.824,0.3395612526786276,0,-0.11,-0.22,-0.11
2014-02-17 17:40:00,6.024,0.2865161412584166,0,-0.11,-0.22,-0.11
2014-02-17 17:45:00,6.022,0.2865154833198743,0,-0.11,-0.22,-0.11
2014-02-17 17:50:00,6.053999999999999,0.2781901159582189,0,-0.11,-0.22,-0.11
2014-02-17 17:55:00,6.046,0.2799458399372852,0,-0.11,-0.22,-0.11
2014-02-17 18:00:00,6.412000000000001,0.3570529517299131,0,-0.11,-0.22,-0.11
2014-02-17 18:05:00,6.692,0.4351667402320168,0,-0.11,-0.22,-0.11
2014-02-17 18:10:00,6.68,0.4089284841344504,0,-0.11,-0.22,-0.11
2014-02-17 18:15:00,5.827999999999999,0.3461535188076049,0,-0.11,-0.22,-0.11
2014-02-17 18:20:00,6.2520000000000024,0.2925644231986422,0,-0.11,-0.22,-0.11
2014-02-17 18:25:00,5.82,0.3469282155940097,0,-0.11,-0.22,-0.11
2014-02-17 18:30:00,6.278,0.3016268685384516,0,-0.11,-0.22,-0.11
2014-02-17 18:35:00,5.834,0.3423235334241185,0,-0.11,-0.22,-0.11
2014-02-17 18:40:00,6.263999999999999,0.3008754033832997,0,-0.11,-0.22,-0.11
2014-02-17 18:45:00,5.836,0.3411538502068131,0,-0.11,-0.22,-0.11
2014-02-17 18:50:00,6.058,0.28263498161287537,0,-0.11,-0.22,-0.11
2014-02-17 18:55:00,5.84,0.3372883744657699,0,-0.11,-0.22,-0.11
2014-02-17 19:00:00,5.992000000000001,0.2950284460017455,0,-0.11,-0.22,-0.11
2014-02-17 19:05:00,5.848,0.33174635747287456,0,-0.11,-0.22,-0.11
2014-02-17 19:10:00,7.532,0.6827573855150038,0,-0.11,-0.22,-0.11
2014-02-17 19:15:00,5.827999999999999,0.32389523473523657,0,-0.11,-0.22,-0.11
2014-02-17 19:20:00,6.044,0.28443322624614903,0,-0.11,-0.22,-0.11
2014-02-17 19:25:00,5.8320000000000025,0.32133741551471023,0,-0.11,-0.22,-0.11
2014-02-17 19:30:00,6.044,0.2816018175990747,0,-0.11,-0.22,-0.11
2014-02-17 19:35:00,5.626,0.3597835238440469,0,-0.11,-0.22,-0.11
2014-02-17 19:40:00,6.234,0.293644033877009,0,-0.11,-0.22,-0.11
2014-02-17 19:45:00,5.862,0.3113646767679412,0,-0.11,-0.22,-0.11
2014-02-17 19:50:00,5.8420000000000005,0.31365039594486155,0,-0.11,-0.22,-0.11
2014-02-17 19:55:00,5.827999999999999,0.3147118909353189,0,-0.11,-0.22,-0.11
2014-02-17 20:00:00,5.8420000000000005,0.3102479167615533,0,-0.11,-0.22,-0.11
2014-02-17 20:05:00,6.034,0.27201883394314885,0,-0.11,-0.22,-0.11
2014-02-17 20:10:00,5.81,0.3162546790439803,0,-0.11,-0.22,-0.11
2014-02-17 20:15:00,5.837999999999999,0.3086328996648671,0,-0.11,-0.22,-0.11
2014-02-17 20:20:00,5.85,0.3047453849021935,0,-0.11,-0.22,-0.11
2014-02-17 20:25:00,6.242000000000001,0.31511687291961016,0,-0.11,-0.22,-0.11
2014-02-17 20:30:00,6.0,0.2750257923705706,0,-0.11,-0.22,-0.11
2014-02-17 20:35:00,6.892,0.475386345994469,0,-0.11,-0.22,-0.11
2014-02-17 20:40:00,6.4460000000000015,0.3414134325754166,0,-0.11,-0.22,-0.11
2014-02-17 20:45:00,6.074,0.27193460689031523,0,-0.11,-0.22,-0.11
2014-02-17 20:50:00,5.82,0.3216139030645797,0,-0.11,-0.22,-0.11
2014-02-17 20:55:00,5.837999999999999,0.31574204043467,0,-0.11,-0.22,-0.11
2014-02-17 21:00:00,6.877999999999999,0.44645196710296864,0,-0.11,-0.22,-0.11
2014-02-17 21:05:00,6.452000000000001,0.3326759754046841,0,-0.11,-0.22,-0.11
2014-02-17 21:10:00,6.024,0.2863044214805381,0,-0.11,-0.22,-0.11
2014-02-17 21:15:00,6.0360000000000005,0.2836237128098399,0,-0.11,-0.22,-0.11
2014-02-17 21:20:00,6.024,0.28548503813047205,0,-0.11,-0.22,-0.11
2014-02-17 21:25:00,6.2860000000000005,0.30314879235057024,0,-0.11,-0.22,-0.11
2014-02-17 21:30:00,7.104,0.4879735553637309,0,-0.11,-0.22,-0.11
2014-02-17 21:35:00,6.016,0.29443943625902064,0,-0.11,-0.22,-0.11
2014-02-17 21:40:00,6.077999999999999,0.28283356410912425,0,-0.11,-0.22,-0.11
2014-02-17 21:45:00,6.034,0.29032453644227385,0,-0.11,-0.22,-0.11
2014-02-17 21:50:00,6.25,0.28701137384473185,0,-0.11,-0.22,-0.11
2014-02-17 21:55:00,6.0420000000000025,0.2896694553357572,0,-0.11,-0.22,-0.11
2014-02-17 22:00:00,6.1979999999999995,0.27811564217600515,0,-0.11,-0.22,-0.11
2014-02-17 22:05:00,6.068,0.284972649224766,0,-0.11,-0.22,-0.11
2014-02-17 22:10:00,6.056,0.28695049237587417,0,-0.11,-0.22,-0.11
2014-02-17 22:15:00,5.83,0.3352418184552389,0,-0.11,-0.22,-0.11
2014-02-17 22:20:00,6.018,0.29117634997087355,0,-0.11,-0.22,-0.11
2014-02-17 22:25:00,5.862,0.32496221915914697,0,-0.11,-0.22,-0.11
2014-02-17 22:30:00,6.0520000000000005,0.2807209945972823,0,-0.11,-0.22,-0.11
2014-02-17 22:35:00,5.83,0.3308737218463439,0,-0.11,-0.22,-0.11
2014-02-17 22:40:00,7.084,0.5178102506785199,0,-0.11,-0.22,-0.11
2014-02-17 22:45:00,6.25,0.28856313924049315,0,-0.11,-0.22,-0.11
2014-02-17 22:50:00,6.0520000000000005,0.286470073191269,0,-0.11,-0.22,-0.11
2014-02-17 22:55:00,5.834,0.3297524330129147,0,-0.11,-0.22,-0.11
2014-02-17 23:00:00,6.024,0.28855922598593897,0,-0.11,-0.22,-0.11
2014-02-17 23:05:00,5.626,0.37332033492162414,0,-0.11,-0.22,-0.11
2014-02-17 23:10:00,6.22,0.2925428737498956,0,-0.11,-0.22,-0.11
2014-02-17 23:15:00,5.62,0.37028967458866335,0,-0.11,-0.22,-0.11
2014-02-17 23:20:00,6.0120000000000005,0.2816130970529303,0,-0.11,-0.22,-0.11
2014-02-17 23:25:00,5.837999999999999,0.3167754029942223,0,-0.11,-0.22,-0.11
2014-02-17 23:30:00,7.084,0.5019476462294745,0,-0.11,-0.22,-0.11
2014-02-17 23:35:00,6.25,0.2918593531586925,0,-0.11,-0.22,-0.11
2014-02-17 23:40:00,6.256,0.2922636355024666,0,-0.11,-0.22,-0.11
2014-02-17 23:45:00,5.827999999999999,0.32380656167075605,0,-0.11,-0.22,-0.11
2014-02-17 23:50:00,6.2520000000000024,0.2938509596626917,0,-0.11,-0.22,-0.11
2014-02-17 23:55:00,6.176,0.2790353972332578,0,-0.11,-0.22,-0.11
2014-02-18 00:00:00,6.1,0.2731467088868525,0,-0.11,-0.22,-0.11
2014-02-18 00:05:00,6.69,0.3875712675021829,0,-0.11,-0.22,-0.11
2014-02-18 00:10:00,7.06,0.4594358620104867,0,-0.11,-0.22,-0.11
2014-02-18 00:15:00,6.07,0.2897561963145086,0,-0.11,-0.22,-0.11
2014-02-18 00:20:00,6.024,0.2971996917537042,0,-0.11,-0.22,-0.11
2014-02-18 00:25:00,5.843999999999999,0.32963224970608185,0,-0.11,-0.22,-0.11
2014-02-18 00:30:00,6.287999999999999,0.2905505820599645,0,-0.11,-0.22,-0.11
2014-02-18 00:35:00,5.827999999999999,0.3326451860959788,0,-0.11,-0.22,-0.11
2014-02-18 00:40:00,6.062,0.28524753445781115,0,-0.11,-0.22,-0.11
2014-02-18 00:45:00,5.816,0.3326970336393537,0,-0.11,-0.22,-0.11
2014-02-18 00:50:00,6.0760000000000005,0.2791911201460066,0,-0.11,-0.22,-0.11
2014-02-18 00:55:00,6.04,0.2857920795401679,0,-0.11,-0.22,-0.11
2014-02-18 01:00:00,6.044,0.2845449485189395,0,-0.11,-0.22,-0.11
2014-02-18 01:05:00,6.04,0.2849269040967615,0,-0.11,-0.22,-0.11
2014-02-18 01:10:00,7.88,0.6868574703781593,0,-0.11,-0.22,-0.11
2014-02-18 01:15:00,5.854,0.3172688054978829,0,-0.11,-0.22,-0.11
2014-02-18 01:20:00,6.026,0.2908836738679265,0,-0.11,-0.22,-0.11
2014-02-18 01:25:00,6.4860000000000015,0.3125562836653509,0,-0.11,-0.22,-0.11
2014-02-18 01:30:00,5.4220000000000015,0.38745689832256297,0,-0.11,-0.22,-0.11
2014-02-18 01:35:00,6.04,0.2846443757413241,0,-0.11,-0.22,-0.11
2014-02-18 01:40:00,6.03,0.2856304418671071,0,-0.11,-0.22,-0.11
2014-02-18 01:45:00,5.862,0.3100949997302285,0,-0.11,-0.22,-0.11
2014-02-18 01:50:00,5.824,0.3145231927277797,0,-0.11,-0.22,-0.11
2014-02-18 01:55:00,5.834,0.31124521368727504,0,-0.11,-0.22,-0.11
2014-02-18 02:00:00,6.206,0.2846269794939416,0,-0.11,-0.22,-0.11
2014-02-18 02:05:00,5.852,0.3086939188661911,0,-0.11,-0.22,-0.11
2014-02-18 02:10:00,6.2520000000000024,0.29383602363887285,0,-0.11,-0.22,-0.11
2014-02-18 02:15:00,6.016,0.28244695500628697,0,-0.11,-0.22,-0.11
2014-02-18 02:20:00,7.76,0.5872688465503212,0,-0.11,-0.22,-0.11
2014-02-18 02:25:00,6.44,0.30166230806461897,0,-0.11,-0.22,-0.11
2014-02-18 02:30:00,6.297999999999999,0.2821379700738828,0,-0.11,-0.22,-0.11
2014-02-18 02:35:00,5.814,0.3204640438753289,0,-0.11,-0.22,-0.11
2014-02-18 02:40:00,6.278,0.28183946771263635,0,-0.11,-0.22,-0.11
2014-02-18 02:45:00,6.04,0.2883483171571637,0,-0.11,-0.22,-0.11
2014-02-18 02:50:00,6.04,0.2878063860448269,0,-0.11,-0.22,-0.11
2014-02-18 02:55:00,6.028,0.28901160747386523,0,-0.11,-0.22,-0.11
2014-02-18 03:00:00,7.3279999999999985,0.4596082308678659,0,-0.11,-0.22,-0.11
2014-02-18 03:05:00,6.6679999999999975,0.3290349127425891,0,-0.11,-0.22,-0.11
2014-02-18 03:10:00,6.0520000000000005,0.2940347942462148,0,-0.11,-0.22,-0.11
2014-02-18 03:15:00,6.0420000000000025,0.29467165044937965,0,-0.11,-0.22,-0.11
2014-02-18 03:20:00,6.0420000000000025,0.2939095338007265,0,-0.11,-0.22,-0.11
2014-02-18 03:25:00,6.044,0.2928886424149865,0,-0.11,-0.22,-0.11
2014-02-18 03:30:00,6.056,0.29043680806569194,0,-0.11,-0.22,-0.11
2014-02-18 03:35:00,5.834,0.32403318956665833,0,-0.11,-0.22,-0.11
2014-02-18 03:40:00,6.047999999999999,0.2884985943354363,0,-0.11,-0.22,-0.11
2014-02-18 03:45:00,5.812,0.32554246598192466,0,-0.11,-0.22,-0.11
2014-02-18 03:50:00,6.09,0.2788936006015915,0,-0.11,-0.22,-0.11
2014-02-18 03:55:00,6.026,0.2887241615170638,0,-0.11,-0.22,-0.11
2014-02-18 04:00:00,5.85,0.3176758039159943,0,-0.11,-0.22,-0.11
2014-02-18 04:05:00,6.034,0.2846767709740786,0,-0.11,-0.22,-0.11
2014-02-18 04:10:00,6.024,0.28593102981944324,0,-0.11,-0.22,-0.11
2014-02-18 04:15:00,5.862,0.3141825808654465,0,-0.11,-0.22,-0.11
2014-02-18 04:20:00,6.02,0.28414963667124793,0,-0.11,-0.22,-0.11
2014-02-18 04:25:00,5.862,0.3127806860428209,0,-0.11,-0.22,-0.11
2014-02-18 04:30:00,6.037999999999999,0.2785419155180472,0,-0.11,-0.22,-0.11
2014-02-18 04:35:00,5.827999999999999,0.3184818269083896,0,-0.11,-0.22,-0.11
2014-02-18 04:40:00,6.044,0.2748762140155785,0,-0.11,-0.22,-0.11
2014-02-18 04:45:00,6.024,0.2785297962025645,0,-0.11,-0.22,-0.11
2014-02-18 04:50:00,6.08,0.2704430621177555,0,-0.11,-0.22,-0.11
2014-02-18 04:55:00,6.022,0.2790055609198319,0,-0.11,-0.22,-0.11
2014-02-18 05:00:00,6.077999999999999,0.2705491999263848,0,-0.11,-0.22,-0.11
2014-02-18 05:05:00,5.8320000000000025,0.3210346357392189,0,-0.11,-0.22,-0.11
2014-02-18 05:10:00,6.436,0.354799435164652,0,-0.11,-0.22,-0.11
2014-02-18 05:15:00,6.064,0.2717285156956626,0,-0.11,-0.22,-0.11
2014-02-18 05:20:00,6.04,0.2768272891505313,0,-0.11,-0.22,-0.11
2014-02-18 05:25:00,7.0520000000000005,0.5211345423179892,0,-0.11,-0.22,-0.11
2014-02-18 05:30:00,5.606,0.3721001943348408,0,-0.11,-0.22,-0.11
2014-02-18 05:35:00,6.064,0.27497369750720674,0,-0.11,-0.22,-0.11
2014-02-18 05:40:00,6.2360000000000015,0.2950631155125231,0,-0.11,-0.22,-0.11
2014-02-18 05:45:00,6.496,0.3476608771163843,0,-0.11,-0.22,-0.11
2014-02-18 05:50:00,5.426,0.4144986292684245,0,-0.11,-0.22,-0.11
2014-02-18 05:55:00,6.438,0.33379191320715423,0,-0.11,-0.22,-0.11
2014-02-18 06:00:00,6.074,0.2744606074810834,0,-0.11,-0.22,-0.11
2014-02-18 06:05:00,6.04,0.2805174066324413,0,-0.11,-0.22,-0.11
2014-02-18 06:10:00,6.218,0.2909811595317074,0,-0.11,-0.22,-0.11
2014-02-18 06:15:00,5.862,0.3171977831439993,0,-0.11,-0.22,-0.11
2014-02-18 06:20:00,6.04,0.2793960120413613,0,-0.11,-0.22,-0.11
2014-02-18 06:25:00,6.218,0.294281552403614,0,-0.11,-0.22,-0.11
2014-02-18 06:30:00,6.058,0.2769747053601137,0,-0.11,-0.22,-0.11
2014-02-18 06:35:00,5.837999999999999,0.3247948040656559,0,-0.11,-0.22,-0.11
2014-02-18 06:40:00,6.0820000000000025,0.2691560298325233,0,-0.11,-0.22,-0.11
2014-02-18 06:45:00,5.8320000000000025,0.3252708157417189,0,-0.11,-0.22,-0.11
2014-02-18 06:50:00,6.044,0.2746310591492343,0,-0.11,-0.22,-0.11
2014-02-18 06:55:00,6.254,0.3113582119484634,0,-0.11,-0.22,-0.11
2014-02-18 07:00:00,6.0120000000000005,0.2839861754939518,0,-0.11,-0.22,-0.11
2014-02-18 07:05:00,5.83,0.3284142274167801,0,-0.11,-0.22,-0.11
2014-02-18 07:10:00,6.4639999999999995,0.3704365672328638,0,-0.11,-0.22,-0.11
2014-02-18 07:15:00,5.816,0.3330723656661093,0,-0.11,-0.22,-0.11
2014-02-18 07:20:00,6.08,0.27132296946883955,0,-0.11,-0.22,-0.11
2014-02-18 07:25:00,5.827999999999999,0.3286898219331828,0,-0.11,-0.22,-0.11
2014-02-18 07:30:00,6.044,0.2722137984971423,0,-0.11,-0.22,-0.11
2014-02-18 07:35:00,5.8020000000000005,0.3343991838633574,0,-0.11,-0.22,-0.11
2014-02-18 07:40:00,6.4460000000000015,0.3757475930796961,0,-0.11,-0.22,-0.11
2014-02-18 07:45:00,6.068,0.2697526935898975,0,-0.11,-0.22,-0.11
2014-02-18 07:50:00,6.024,0.2788667381066599,0,-0.11,-0.22,-0.11
2014-02-18 07:55:00,6.9079999999999995,0.5155869252025216,0,-0.11,-0.22,-0.11
2014-02-18 08:00:00,6.652,0.3951847046607952,0,-0.11,-0.22,-0.11
2014-02-18 08:05:00,6.077999999999999,0.2798089397736306,0,-0.11,-0.22,-0.11
2014-02-18 08:10:00,6.2520000000000024,0.2944579492063599,0,-0.11,-0.22,-0.11
2014-02-18 08:15:00,6.4620000000000015,0.3415974693527799,0,-0.11,-0.22,-0.11
2014-02-18 08:20:00,6.037999999999999,0.29320183228277313,0,-0.11,-0.22,-0.11
2014-02-18 08:25:00,5.827999999999999,0.3413982276714432,0,-0.11,-0.22,-0.11
2014-02-18 08:30:00,6.276,0.3008669780212784,0,-0.11,-0.22,-0.11
2014-02-18 08:35:00,5.834,0.33934235962996906,0,-0.11,-0.22,-0.11
2014-02-18 08:40:00,6.007999999999999,0.2944217757622696,0,-0.11,-0.22,-0.11
2014-02-18 08:45:00,6.074,0.278507288334437,0,-0.11,-0.22,-0.11
2014-02-18 08:50:00,6.022,0.29046334967010856,0,-0.11,-0.22,-0.11
2014-02-18 08:55:00,6.07,0.2783276568280553,0,-0.11,-0.22,-0.11
2014-02-18 09:00:00,6.044,0.2844455155936959,0,-0.11,-0.22,-0.11
2014-02-18 09:05:00,5.63,0.3986548459793919,0,-0.11,-0.22,-0.11
2014-02-18 09:10:00,6.2520000000000024,0.31052028240769336,0,-0.11,-0.22,-0.11
2014-02-18 09:15:00,5.82,0.3372480552401105,0,-0.11,-0.22,-0.11
2014-02-18 09:20:00,6.044,0.27662999475434424,0,-0.11,-0.22,-0.11
2014-02-18 09:25:00,6.46,0.3721318715116874,0,-0.11,-0.22,-0.11
2014-02-18 09:30:00,6.044,0.2809419949284262,0,-0.11,-0.22,-0.11
2014-02-18 09:35:00,5.622000000000001,0.3969136275420407,0,-0.11,-0.22,-0.11
2014-02-18 09:40:00,6.056,0.2717087064908814,0,-0.11,-0.22,-0.11
2014-02-18 09:45:00,5.816,0.3330000277329753,0,-0.11,-0.22,-0.11
2014-02-18 09:50:00,6.062,0.2707010557610933,0,-0.11,-0.22,-0.11
2014-02-18 09:55:00,6.046,0.2711781998394144,0,-0.11,-0.22,-0.11
2014-02-18 10:00:00,5.85,0.323675831012961,0,-0.11,-0.22,-0.11
2014-02-18 10:05:00,6.4579999999999975,0.3863559630421194,0,-0.11,-0.22,-0.11
2014-02-18 10:10:00,6.6679999999999975,0.43930569688767,0,-0.11,-0.22,-0.11
2014-02-18 10:15:00,5.81,0.3378744092685692,0,-0.11,-0.22,-0.11
2014-02-18 10:20:00,6.08,0.2691539762179539,0,-0.11,-0.22,-0.11
2014-02-18 10:25:00,5.834,0.3298735713080818,0,-0.11,-0.22,-0.11
2014-02-18 10:30:00,5.843999999999999,0.3244760459141859,0,-0.11,-0.22,-0.11
2014-02-18 10:35:00,5.834,0.32473446815591617,0,-0.11,-0.22,-0.11
2014-02-18 10:40:00,5.834,0.3223487342665233,0,-0.11,-0.22,-0.11
2014-02-18 10:45:00,5.626,0.3779185311957735,0,-0.11,-0.22,-0.11
2014-02-18 10:50:00,6.024,0.2710376662285411,0,-0.11,-0.22,-0.11
2014-02-18 10:55:00,6.032,0.2729198289151168,0,-0.11,-0.22,-0.11
2014-02-18 11:00:00,6.266,0.3346905684718338,0,-0.11,-0.22,-0.11
2014-02-18 11:05:00,5.836,0.31923221137780033,0,-0.11,-0.22,-0.11
2014-02-18 11:10:00,5.836,0.3172319971399764,0,-0.11,-0.22,-0.11
2014-02-18 11:15:00,5.827999999999999,0.31759659721250405,0,-0.11,-0.22,-0.11
2014-02-18 11:20:00,6.468,0.40408933892393945,0,-0.11,-0.22,-0.11
2014-02-18 11:25:00,5.62,0.3781128682755814,0,-0.11,-0.22,-0.11
2014-02-18 11:30:00,6.2379999999999995,0.327980636163543,0,-0.11,-0.22,-0.11
2014-02-18 11:35:00,6.06,0.2796667898316704,0,-0.11,-0.22,-0.11
2014-02-18 11:40:00,6.232,0.3245986057075021,0,-0.11,-0.22,-0.11
2014-02-18 11:45:00,6.064,0.2777907165777008,0,-0.11,-0.22,-0.11
2014-02-18 11:50:00,6.2520000000000024,0.3288372863371723,0,-0.11,-0.22,-0.11
2014-02-18 11:55:00,6.25,0.32556094673754804,0,-0.11,-0.22,-0.11
2014-02-18 12:00:00,6.2079999999999975,0.3111514100318049,0,-0.11,-0.22,-0.11
2014-02-18 12:05:00,5.862,0.3239555457151475,0,-0.11,-0.22,-0.11
2014-02-18 12:10:00,6.682,0.4634885734581901,0,-0.11,-0.22,-0.11
2014-02-18 12:15:00,6.244,0.3090479606216745,0,-0.11,-0.22,-0.11
2014-02-18 12:20:00,6.0120000000000005,0.2880042439024012,0,-0.11,-0.22,-0.11
2014-02-18 12:25:00,6.25,0.3112567134619039,0,-0.11,-0.22,-0.11
2014-02-18 12:30:00,6.024,0.2867960087717661,0,-0.11,-0.22,-0.11
2014-02-18 12:35:00,5.81,0.3465047857659241,0,-0.11,-0.22,-0.11
2014-02-18 12:40:00,6.297999999999999,0.32912133643345365,0,-0.11,-0.22,-0.11
2014-02-18 12:45:00,5.836,0.33829066851433176,0,-0.11,-0.22,-0.11
2014-02-18 12:50:00,5.836,0.3347466120661837,0,-0.11,-0.22,-0.11
2014-02-18 12:55:00,6.246,0.3188464161950077,0,-0.11,-0.22,-0.11
2014-02-18 13:00:00,6.642,0.4402249052768625,0,-0.11,-0.22,-0.11
2014-02-18 13:05:00,6.037999999999999,0.2842054634442423,0,-0.11,-0.22,-0.11
2014-02-18 13:10:00,6.266,0.3122600094169415,0,-0.11,-0.22,-0.11
2014-02-18 13:15:00,5.816,0.3470034495041493,0,-0.11,-0.22,-0.11
2014-02-18 13:20:00,6.053999999999999,0.2783372744611054,0,-0.11,-0.22,-0.11
2014-02-18 13:25:00,5.824,0.3416585077952874,0,-0.11,-0.22,-0.11
2014-02-18 13:30:00,6.058,0.27361874311848405,0,-0.11,-0.22,-0.11
2014-02-18 13:35:00,5.63,0.3993484464091375,0,-0.11,-0.22,-0.11
2014-02-18 13:40:00,6.02,0.277263621339483,0,-0.11,-0.22,-0.11
2014-02-18 13:45:00,6.044,0.270844172793795,0,-0.11,-0.22,-0.11
2014-02-18 13:50:00,6.0420000000000025,0.27132274616006696,0,-0.11,-0.22,-0.11
2014-02-18 13:55:00,5.834,0.3309924236204772,0,-0.11,-0.22,-0.11
2014-02-18 14:00:00,6.46,0.3961465495927324,0,-0.11,-0.22,-0.11
2014-02-18 14:05:00,6.026,0.27804125822695797,0,-0.11,-0.22,-0.11
2014-02-18 14:10:00,6.432,0.3783785301480455,0,-0.11,-0.22,-0.11
2014-02-18 14:15:00,5.856,0.32981062889030965,0,-0.11,-0.22,-0.11
2014-02-18 14:20:00,6.2520000000000024,0.3197345573636258,0,-0.11,-0.22,-0.11
2014-02-18 14:25:00,6.0420000000000025,0.2779465844152457,0,-0.11,-0.22,-0.11
2014-02-18 14:30:00,6.228,0.31239350222082124,0,-0.11,-0.22,-0.11
2014-02-18 14:35:00,6.05,0.2777661193906933,0,-0.11,-0.22,-0.11
2014-02-18 14:40:00,6.297999999999999,0.3343016803833904,0,-0.11,-0.22,-0.11
2014-02-18 14:45:00,6.0360000000000005,0.2847948075567889,0,-0.11,-0.22,-0.11
2014-02-18 14:50:00,6.263999999999999,0.32262376965094786,0,-0.11,-0.22,-0.11
2014-02-18 14:55:00,6.4579999999999975,0.386151008719045,0,-0.11,-0.22,-0.11
2014-02-18 15:00:00,5.59,0.438784573961708,0,-0.11,-0.22,-0.11
2014-02-18 15:05:00,5.86,0.3320123635760599,0,-0.11,-0.22,-0.11
2014-02-18 15:10:00,6.228,0.3097863359447005,0,-0.11,-0.22,-0.11
2014-02-18 15:15:00,5.834,0.34016074362571225,0,-0.11,-0.22,-0.11
2014-02-18 15:20:00,6.856,0.513445012842956,0,-0.11,-0.22,-0.11
2014-02-18 15:25:00,6.064,0.27963182251222746,0,-0.11,-0.22,-0.11
2014-02-18 15:30:00,6.024,0.2887485465336043,0,-0.11,-0.22,-0.11
2014-02-18 15:35:00,5.848,0.3326975867144594,0,-0.11,-0.22,-0.11
2014-02-18 15:40:00,6.037999999999999,0.28179140887897,0,-0.11,-0.22,-0.11
2014-02-18 15:45:00,6.07,0.2736300298454729,0,-0.11,-0.22,-0.11
2014-02-18 15:50:00,5.8420000000000005,0.3336269286950725,0,-0.11,-0.22,-0.11
2014-02-18 15:55:00,6.0420000000000025,0.2774621676901793,0,-0.11,-0.22,-0.11
2014-02-18 16:00:00,6.0520000000000005,0.2746668942737672,0,-0.11,-0.22,-0.11
2014-02-18 16:05:00,5.827999999999999,0.3372006558736896,0,-0.11,-0.22,-0.11
2014-02-18 16:10:00,6.044,0.2734098350151054,0,-0.11,-0.22,-0.11
2014-02-18 16:15:00,5.834,0.3334659154603489,0,-0.11,-0.22,-0.11
2014-02-18 16:20:00,6.876,0.5323435477733601,0,-0.11,-0.22,-0.11
2014-02-18 16:25:00,5.62,0.3834736583842362,0,-0.11,-0.22,-0.11
2014-02-18 16:30:00,6.4639999999999995,0.3610772428899716,0,-0.11,-0.22,-0.11
2014-02-18 16:35:00,6.016,0.2839865685018718,0,-0.11,-0.22,-0.11
2014-02-18 16:40:00,6.3020000000000005,0.31843111045151673,0,-0.11,-0.22,-0.11
2014-02-18 16:45:00,6.4579999999999975,0.3549278291422281,0,-0.11,-0.22,-0.11
2014-02-18 16:50:00,5.626,0.3852418352006973,0,-0.11,-0.22,-0.11
2014-02-18 16:55:00,6.0360000000000005,0.279879713364638,0,-0.11,-0.22,-0.11
2014-02-18 17:00:00,6.044,0.2778468663067985,0,-0.11,-0.22,-0.11
2014-02-18 17:05:00,6.25,0.3069468727936515,0,-0.11,-0.22,-0.11
2014-02-18 17:10:00,6.0420000000000025,0.2801297639402404,0,-0.11,-0.22,-0.11
2014-02-18 17:15:00,6.244,0.3057480403468533,0,-0.11,-0.22,-0.11
2014-02-18 17:20:00,6.676,0.4219564590458951,0,-0.11,-0.22,-0.11
2014-02-18 17:25:00,6.046,0.2865966589992135,0,-0.11,-0.22,-0.11
2014-02-18 17:30:00,5.84,0.3358963414495971,0,-0.11,-0.22,-0.11
2014-02-18 17:35:00,6.0360000000000005,0.2852230399623439,0,-0.11,-0.22,-0.11
2014-02-18 17:40:00,6.46,0.3573734046213516,0,-0.11,-0.22,-0.11
2014-02-18 17:45:00,6.04,0.287832485404106,0,-0.11,-0.22,-0.11
2014-02-18 17:50:00,6.2520000000000024,0.30105355217982976,0,-0.11,-0.22,-0.11
2014-02-18 17:55:00,6.222,0.2925328442509525,0,-0.11,-0.22,-0.11
2014-02-18 18:00:00,6.29,0.3093839048863763,0,-0.11,-0.22,-0.11
2014-02-18 18:05:00,6.254,0.2984760688119301,0,-0.11,-0.22,-0.11
2014-02-18 18:10:00,7.084,0.5494985374159913,0,-0.11,-0.22,-0.11
2014-02-18 18:15:00,6.0420000000000025,0.2996629584340865,0,-0.11,-0.22,-0.11
2014-02-18 18:20:00,6.2479999999999976,0.2824589308407142,0,-0.11,-0.22,-0.11
2014-02-18 18:25:00,6.037999999999999,0.3010936301109017,0,-0.11,-0.22,-0.11
2014-02-18 18:30:00,6.26,0.2866646732016694,0,-0.11,-0.22,-0.11
2014-02-18 18:35:00,6.046,0.299929398965515,0,-0.11,-0.22,-0.11
2014-02-18 18:40:00,6.228,0.28072855662963064,0,-0.11,-0.22,-0.11
2014-02-18 18:45:00,5.856,0.3488511731376523,0,-0.11,-0.22,-0.11
2014-02-18 18:50:00,6.0520000000000005,0.2948459744870152,0,-0.11,-0.22,-0.11
2014-02-18 18:55:00,5.834,0.3503930332279024,0,-0.11,-0.22,-0.11
2014-02-18 19:00:00,6.46,0.34886178028914194,0,-0.11,-0.22,-0.11
2014-02-18 19:05:00,6.016,0.3025642725441413,0,-0.11,-0.22,-0.11
2014-02-18 19:10:00,7.54,0.6595012887760338,0,-0.11,-0.22,-0.11
2014-02-18 19:15:00,5.816,0.3385231762859654,0,-0.11,-0.22,-0.11
2014-02-18 19:20:00,6.09,0.28688422121457297,0,-0.11,-0.22,-0.11
2014-02-18 19:25:00,5.834,0.3322630167255499,0,-0.11,-0.22,-0.11
2014-02-18 19:30:00,6.0,0.299081176724024,0,-0.11,-0.22,-0.11
2014-02-18 19:35:00,5.837999999999999,0.3281736152665166,0,-0.11,-0.22,-0.11
2014-02-18 19:40:00,6.058,0.2850188033758957,0,-0.11,-0.22,-0.11
2014-02-18 19:45:00,5.822,0.32921848854644536,0,-0.11,-0.22,-0.11
2014-02-18 19:50:00,6.022,0.2883302140125788,0,-0.11,-0.22,-0.11
2014-02-18 19:55:00,6.064,0.27994912457144605,0,-0.11,-0.22,-0.11
2014-02-18 20:00:00,6.022,0.287694149550133,0,-0.11,-0.22,-0.11
2014-02-18 20:05:00,5.856,0.3210123716067572,0,-0.11,-0.22,-0.11
2014-02-18 20:10:00,6.436,0.33728299482787205,0,-0.11,-0.22,-0.11
2014-02-18 20:15:00,5.862,0.32128702869011283,0,-0.11,-0.22,-0.11
2014-02-18 20:20:00,6.0520000000000005,0.2797653422814062,0,-0.11,-0.22,-0.11
2014-02-18 20:25:00,6.876,0.4458896259059205,0,-0.11,-0.22,-0.11
2014-02-18 20:30:00,6.414,0.3207843735902872,0,-0.11,-0.22,-0.11
2014-02-18 20:35:00,6.07,0.2850623741942438,0,-0.11,-0.22,-0.11
2014-02-18 20:40:00,6.016,0.2952397032303585,0,-0.11,-0.22,-0.11
2014-02-18 20:45:00,5.837999999999999,0.3317920202422456,0,-0.11,-0.22,-0.11
2014-02-18 20:50:00,6.07,0.28065737674572033,0,-0.11,-0.22,-0.11
2014-02-18 20:55:00,5.808,0.3364780141190777,0,-0.11,-0.22,-0.11
2014-02-18 21:00:00,6.086,0.27392199041033616,0,-0.11,-0.22,-0.11
2014-02-18 21:05:00,5.816,0.33273483198409265,0,-0.11,-0.22,-0.11
2014-02-18 21:10:00,6.276,0.3075529668414685,0,-0.11,-0.22,-0.11
2014-02-18 21:15:00,6.044,0.2816380778041721,0,-0.11,-0.22,-0.11
2014-02-18 21:20:00,6.053999999999999,0.2791099328222276,0,-0.11,-0.22,-0.11
2014-02-18 21:25:00,7.266,0.5744675795195121,0,-0.11,-0.22,-0.11
2014-02-18 21:30:00,6.2920000000000025,0.29239071434774017,0,-0.11,-0.22,-0.11
2014-02-18 21:35:00,6.03,0.2927389866161308,0,-0.11,-0.22,-0.11
2014-02-18 21:40:00,5.814,0.33384380415760984,0,-0.11,-0.22,-0.11
2014-02-18 21:45:00,5.862,0.32116953737601345,0,-0.11,-0.22,-0.11
2014-02-18 21:50:00,5.827999999999999,0.32584032590501205,0,-0.11,-0.22,-0.11
2014-02-18 21:55:00,6.037999999999999,0.28244146819013444,0,-0.11,-0.22,-0.11
2014-02-18 22:00:00,6.04,0.28169744636717,0,-0.11,-0.22,-0.11
2014-02-18 22:05:00,5.834,0.3234990131782057,0,-0.11,-0.22,-0.11
2014-02-18 22:10:00,6.876,0.4428644710041571,0,-0.11,-0.22,-0.11
2014-02-18 22:15:00,6.642,0.3676962620924424,0,-0.11,-0.22,-0.11
2014-02-18 22:20:00,6.053999999999999,0.28679733888401515,0,-0.11,-0.22,-0.11
2014-02-18 22:25:00,6.05,0.2870396614408828,0,-0.11,-0.22,-0.11
2014-02-18 22:30:00,6.044,0.2876692190896974,0,-0.11,-0.22,-0.11
2014-02-18 22:35:00,5.834,0.32926957927394457,0,-0.11,-0.22,-0.11
2014-02-18 22:40:00,6.228,0.2885770485474852,0,-0.11,-0.22,-0.11
2014-02-18 22:45:00,5.837999999999999,0.32822216569936313,0,-0.11,-0.22,-0.11
2014-02-18 22:50:00,6.01,0.2897354831912585,0,-0.11,-0.22,-0.11
2014-02-18 22:55:00,6.69,0.39671456735651855,0,-0.11,-0.22,-0.11
2014-02-18 23:00:00,6.0420000000000025,0.2876475999915743,0,-0.11,-0.22,-0.11
2014-02-18 23:05:00,6.877999999999999,0.4327349892166697,0,-0.11,-0.22,-0.11
2014-02-18 23:10:00,6.6679999999999975,0.3655629707659289,0,-0.11,-0.22,-0.11
2014-02-18 23:15:00,5.837999999999999,0.3358744007870488,0,-0.11,-0.22,-0.11
2014-02-18 23:20:00,6.22,0.27627595658370524,0,-0.11,-0.22,-0.11
2014-02-18 23:25:00,6.4579999999999975,0.3215934053038356,0,-0.11,-0.22,-0.11
2014-02-18 23:30:00,6.026,0.3006271226760759,0,-0.11,-0.22,-0.11
2014-02-18 23:35:00,5.8660000000000005,0.33221971802846484,0,-0.11,-0.22,-0.11
2014-02-18 23:40:00,6.256,0.28527553803886346,0,-0.11,-0.22,-0.11
2014-02-18 23:45:00,5.837999999999999,0.33777533910957075,0,-0.11,-0.22,-0.11
2014-02-18 23:50:00,6.0520000000000005,0.28961130000319657,0,-0.11,-0.22,-0.11
2014-02-18 23:55:00,5.978,0.3044164725397309,0,-0.11,-0.22,-0.11
2014-02-19 00:00:00,6.1560000000000015,0.27144333320810304,0,-0.11,-0.22,-0.11
2014-02-19 00:05:00,5.834,0.33697221769801705,0,-0.11,-0.22,-0.11
2014-02-19 00:10:00,6.228,0.28983887759868393,0,-0.11,-0.22,-0.11
2014-02-19 00:15:00,7.114,0.5121166082747821,0,-0.11,-0.22,-0.11
2014-02-19 00:20:00,6.644,0.3575704735093685,0,-0.11,-0.22,-0.11
2014-02-19 00:25:00,6.064,0.2943604947344914,0,-0.11,-0.22,-0.11
2014-02-19 00:30:00,6.2520000000000024,0.2785700577054321,0,-0.11,-0.22,-0.11
2014-02-19 00:35:00,6.0420000000000025,0.299041854064658,0,-0.11,-0.22,-0.11
2014-02-19 00:40:00,6.2520000000000024,0.280039324330522,0,-0.11,-0.22,-0.11
2014-02-19 00:45:00,6.024,0.3031563434683845,0,-0.11,-0.22,-0.11
2014-02-19 00:50:00,6.29,0.2893819294863376,0,-0.11,-0.22,-0.11
2014-02-19 00:55:00,6.022,0.3043821232886781,0,-0.11,-0.22,-0.11
2014-02-19 01:00:00,6.888,0.4325935353295104,0,-0.11,-0.22,-0.11
2014-02-19 01:05:00,5.232,0.4855962703781534,0,-0.11,-0.22,-0.11
2014-02-19 01:10:00,6.6679999999999975,0.3571300284535069,0,-0.11,-0.22,-0.11
2014-02-19 01:15:00,5.834,0.330795146651748,0,-0.11,-0.22,-0.11
2014-02-19 01:20:00,6.68,0.3576509037149556,0,-0.11,-0.22,-0.11
2014-02-19 01:25:00,7.272,0.4678442766110608,0,-0.11,-0.22,-0.11
2014-02-19 01:30:00,6.077999999999999,0.2948482097954476,0,-0.11,-0.22,-0.11
2014-02-19 01:35:00,5.816,0.3357062927399239,0,-0.11,-0.22,-0.11
2014-02-19 01:40:00,6.3,0.2799708177704157,0,-0.11,-0.22,-0.11
2014-02-19 01:45:00,5.82,0.33406368944319603,0,-0.11,-0.22,-0.11
2014-02-19 01:50:00,5.872000000000001,0.3222017533833049,0,-0.11,-0.22,-0.11
2014-02-19 01:55:00,6.224,0.2738764723818313,0,-0.11,-0.22,-0.11
2014-02-19 02:00:00,6.068,0.2888380213071476,0,-0.11,-0.22,-0.11
2014-02-19 02:05:00,5.862,0.3236415328337946,0,-0.11,-0.22,-0.11
2014-02-19 02:10:00,6.206,0.2746500548962548,0,-0.11,-0.22,-0.11
2014-02-19 02:15:00,6.902,0.4041334639355588,0,-0.11,-0.22,-0.11
2014-02-19 02:20:00,6.646,0.3425048512011852,0,-0.11,-0.22,-0.11
2014-02-19 02:25:00,5.816,0.33846674565937473,0,-0.11,-0.22,-0.11
2014-02-19 02:30:00,6.062,0.2927536865167979,0,-0.11,-0.22,-0.11
2014-02-19 02:35:00,5.837999999999999,0.33117275696646664,0,-0.11,-0.22,-0.11
2014-02-19 02:40:00,6.053999999999999,0.2904762225157627,0,-0.11,-0.22,-0.11
2014-02-19 02:45:00,5.84,0.3281613856085709,0,-0.11,-0.22,-0.11
2014-02-19 02:50:00,6.056,0.2867539786192276,0,-0.11,-0.22,-0.11
2014-02-19 02:55:00,6.25,0.28528618356518537,0,-0.11,-0.22,-0.11
2014-02-19 03:00:00,6.2520000000000024,0.2852023909387453,0,-0.11,-0.22,-0.11
2014-02-19 03:05:00,6.0420000000000025,0.29148961685696395,0,-0.11,-0.22,-0.11
2014-02-19 03:10:00,6.228,0.28176086926329064,0,-0.11,-0.22,-0.11
2014-02-19 03:15:00,6.046,0.291296285790454,0,-0.11,-0.22,-0.11
2014-02-19 03:20:00,6.02,0.29591082181830997,0,-0.11,-0.22,-0.11
2014-02-19 03:25:00,6.068,0.2852494897640277,0,-0.11,-0.22,-0.11
2014-02-19 03:30:00,6.6579999999999995,0.3829877415022121,0,-0.11,-0.22,-0.11
2014-02-19 03:35:00,7.296,0.5278957828973083,0,-0.11,-0.22,-0.11
2014-02-19 03:40:00,6.228,0.2690244547810832,0,-0.11,-0.22,-0.11
2014-02-19 03:45:00,5.856,0.3339988926748748,0,-0.11,-0.22,-0.11
2014-02-19 03:50:00,6.2520000000000024,0.2760945365545425,0,-0.11,-0.22,-0.11
2014-02-19 03:55:00,5.834,0.3371611042891445,0,-0.11,-0.22,-0.11
2014-02-19 04:00:00,6.41,0.307381409764838,0,-0.11,-0.22,-0.11
2014-02-19 04:05:00,5.848,0.3343508643372296,0,-0.11,-0.22,-0.11
2014-02-19 04:10:00,6.228,0.2763883401936761,0,-0.11,-0.22,-0.11
2014-02-19 04:15:00,5.8660000000000005,0.3296907643341663,0,-0.11,-0.22,-0.11
2014-02-19 04:20:00,6.044,0.2923316461247309,0,-0.11,-0.22,-0.11
2014-02-19 04:25:00,6.034,0.29358069556032623,0,-0.11,-0.22,-0.11
2014-02-19 04:30:00,6.022,0.29522899335987723,0,-0.11,-0.22,-0.11
2014-02-19 04:35:00,5.862,0.32777179492048136,0,-0.11,-0.22,-0.11
2014-02-19 04:40:00,6.254,0.2920453710651699,0,-0.11,-0.22,-0.11
2014-02-19 04:45:00,5.8420000000000005,0.3322389168720639,0,-0.11,-0.22,-0.11
2014-02-19 04:50:00,5.816,0.3350671892367881,0,-0.11,-0.22,-0.11
2014-02-19 04:55:00,6.07,0.2774603712379453,0,-0.11,-0.22,-0.11
2014-02-19 05:00:00,6.03,0.285637868844439,0,-0.11,-0.22,-0.11
2014-02-19 05:05:00,6.48,0.35377998789661863,0,-0.11,-0.22,-0.11
2014-02-19 05:10:00,5.402,0.4408460088504681,0,-0.11,-0.22,-0.11
2014-02-19 05:15:00,5.856,0.31522950043655223,0,-0.11,-0.22,-0.11
2014-02-19 05:20:00,6.044,0.27535770021764705,0,-0.11,-0.22,-0.11
2014-02-19 05:25:00,6.2520000000000024,0.30511162759438915,0,-0.11,-0.22,-0.11
2014-02-19 05:30:00,6.2520000000000024,0.3039083234899703,0,-0.11,-0.22,-0.11
2014-02-19 05:35:00,5.83,0.3259523030930177,0,-0.11,-0.22,-0.11
2014-02-19 05:40:00,6.232,0.30156062284721874,0,-0.11,-0.22,-0.11
2014-02-19 05:45:00,6.0420000000000025,0.2785673182993297,0,-0.11,-0.22,-0.11
2014-02-19 05:50:00,6.024,0.2823060370591777,0,-0.11,-0.22,-0.11
2014-02-19 05:55:00,6.25,0.3077498491410889,0,-0.11,-0.22,-0.11
2014-02-19 06:00:00,6.04,0.2804245119463344,0,-0.11,-0.22,-0.11
2014-02-19 06:05:00,6.25,0.3080280514455824,0,-0.11,-0.22,-0.11
2014-02-19 06:10:00,6.0360000000000005,0.2832533910846416,0,-0.11,-0.22,-0.11
2014-02-19 06:15:00,6.24,0.3058275455804877,0,-0.11,-0.22,-0.11
2014-02-19 06:20:00,6.6679999999999975,0.42770109737329454,0,-0.11,-0.22,-0.11
2014-02-19 06:25:00,5.624,0.3974056718647108,0,-0.11,-0.22,-0.11
2014-02-19 06:30:00,6.044,0.2820414894771907,0,-0.11,-0.22,-0.11
2014-02-19 06:35:00,5.836,0.331704463056321,0,-0.11,-0.22,-0.11
2014-02-19 06:40:00,6.0420000000000025,0.2791883782615437,0,-0.11,-0.22,-0.11
2014-02-19 06:45:00,5.834,0.3302987914368351,0,-0.11,-0.22,-0.11
2014-02-19 06:50:00,6.0420000000000025,0.27602892896588416,0,-0.11,-0.22,-0.11
2014-02-19 06:55:00,6.0420000000000025,0.2758460483176798,0,-0.11,-0.22,-0.11
2014-02-19 07:00:00,6.664,0.4342882497329452,0,-0.11,-0.22,-0.11
2014-02-19 07:05:00,5.837999999999999,0.33121279831014866,0,-0.11,-0.22,-0.11
2014-02-19 07:10:00,6.6339999999999995,0.4079446781048116,0,-0.11,-0.22,-0.11
2014-02-19 07:15:00,5.222,0.4913880747696188,0,-0.11,-0.22,-0.11
2014-02-19 07:20:00,6.05,0.27242620726266176,0,-0.11,-0.22,-0.11
2014-02-19 07:25:00,5.827999999999999,0.3163960532408817,0,-0.11,-0.22,-0.11
2014-02-19 07:30:00,6.047999999999999,0.2704667185738397,0,-0.11,-0.22,-0.11
2014-02-19 07:35:00,5.83,0.3153010252825628,0,-0.11,-0.22,-0.11
2014-02-19 07:40:00,5.836,0.31224640761068834,0,-0.11,-0.22,-0.11
2014-02-19 07:45:00,6.018,0.2721583736793441,0,-0.11,-0.22,-0.11
2014-02-19 07:50:00,6.077999999999999,0.2783352345241949,0,-0.11,-0.22,-0.11
2014-02-19 07:55:00,7.0820000000000025,0.5323811410079702,0,-0.11,-0.22,-0.11
2014-02-19 08:00:00,7.2520000000000024,0.5069020906398932,0,-0.11,-0.22,-0.11
2014-02-19 08:05:00,5.42,0.38726439784668176,0,-0.11,-0.22,-0.11
2014-02-19 08:10:00,6.266,0.2916165046542608,0,-0.11,-0.22,-0.11
2014-02-19 08:15:00,5.816,0.31468930808399803,0,-0.11,-0.22,-0.11
2014-02-19 08:20:00,6.257999999999999,0.2923895905546017,0,-0.11,-0.22,-0.11
2014-02-19 08:25:00,5.8420000000000005,0.3110378663783544,0,-0.11,-0.22,-0.11
2014-02-19 08:30:00,6.266,0.29554118764721776,0,-0.11,-0.22,-0.11
2014-02-19 08:35:00,6.037999999999999,0.2795469148043048,0,-0.11,-0.22,-0.11
2014-02-19 08:40:00,6.244,0.2922724974531761,0,-0.11,-0.22,-0.11
2014-02-19 08:45:00,5.834,0.3162019878777749,0,-0.11,-0.22,-0.11
2014-02-19 08:50:00,6.044,0.2775160723432472,0,-0.11,-0.22,-0.11
2014-02-19 08:55:00,6.256,0.29762131973300315,0,-0.11,-0.22,-0.11
2014-02-19 09:00:00,6.044,0.2789233367284226,0,-0.11,-0.22,-0.11
2014-02-19 09:05:00,6.4579999999999975,0.3376587310457294,0,-0.11,-0.22,-0.11
2014-02-19 09:10:00,6.0360000000000005,0.2834562167402493,0,-0.11,-0.22,-0.11
2014-02-19 09:15:00,6.0420000000000025,0.28193402252961763,0,-0.11,-0.22,-0.11
2014-02-19 09:20:00,6.25,0.29629999482638564,0,-0.11,-0.22,-0.11
2014-02-19 09:25:00,5.834,0.3261676421191913,0,-0.11,-0.22,-0.11
2014-02-19 09:30:00,6.047999999999999,0.27940453497787776,0,-0.11,-0.22,-0.11
2014-02-19 09:35:00,5.62,0.3735172939917256,0,-0.11,-0.22,-0.11
2014-02-19 09:40:00,6.256,0.3054049021731259,0,-0.11,-0.22,-0.11
2014-02-19 09:45:00,5.626,0.3679929249691796,0,-0.11,-0.22,-0.11
2014-02-19 09:50:00,6.2360000000000015,0.3040785926716188,0,-0.11,-0.22,-0.11
2014-02-19 09:55:00,6.4639999999999995,0.35321558746188825,0,-0.11,-0.22,-0.11
2014-02-19 10:00:00,5.6339999999999995,0.3664817313239173,0,-0.11,-0.22,-0.11
2014-02-19 10:05:00,6.49,0.35732204155704794,0,-0.11,-0.22,-0.11
2014-02-19 10:10:00,6.026,0.280835421936448,0,-0.11,-0.22,-0.11
2014-02-19 10:15:00,5.64,0.3635122373659177,0,-0.11,-0.22,-0.11
2014-02-19 10:20:00,6.077999999999999,0.27191102432403186,0,-0.11,-0.22,-0.11
2014-02-19 10:25:00,5.83,0.31711257177339464,0,-0.11,-0.22,-0.11
2014-02-19 10:30:00,6.254,0.31105178540082995,0,-0.11,-0.22,-0.11
2014-02-19 10:35:00,6.032,0.27500246713837473,0,-0.11,-0.22,-0.11
2014-02-19 10:40:00,6.228,0.3051231446709268,0,-0.11,-0.22,-0.11
2014-02-19 10:45:00,6.05,0.27290312549792983,0,-0.11,-0.22,-0.11
2014-02-19 10:50:00,6.037999999999999,0.27543530348161993,0,-0.11,-0.22,-0.11
2014-02-19 10:55:00,6.2860000000000005,0.32051629754876704,0,-0.11,-0.22,-0.11
2014-02-19 11:00:00,6.044,0.27648548480457824,0,-0.11,-0.22,-0.11
2014-02-19 11:05:00,6.25,0.31105633925081305,0,-0.11,-0.22,-0.11
2014-02-19 11:10:00,6.0520000000000005,0.2765845340291093,0,-0.11,-0.22,-0.11
2014-02-19 11:15:00,5.816,0.3376955894189421,0,-0.11,-0.22,-0.11
2014-02-19 11:20:00,6.058,0.27168513011366385,0,-0.11,-0.22,-0.11
2014-02-19 11:25:00,6.0420000000000025,0.2756176095344205,0,-0.11,-0.22,-0.11
2014-02-19 11:30:00,7.254,0.6299053394916752,0,-0.11,-0.22,-0.11
2014-02-19 11:35:00,5.834,0.3252904013681962,0,-0.11,-0.22,-0.11
2014-02-19 11:40:00,6.2520000000000024,0.29534527703707075,0,-0.11,-0.22,-0.11
2014-02-19 11:45:00,6.032,0.285576026678714,0,-0.11,-0.22,-0.11
2014-02-19 11:50:00,5.834,0.32609967696923,0,-0.11,-0.22,-0.11
2014-02-19 11:55:00,6.244,0.2975807328168039,0,-0.11,-0.22,-0.11
2014-02-19 12:00:00,6.648,0.387818298122702,0,-0.11,-0.22,-0.11
2014-02-19 12:05:00,6.07,0.28149543071058164,0,-0.11,-0.22,-0.11
2014-02-19 12:10:00,6.062,0.282772581349146,0,-0.11,-0.22,-0.11
2014-02-19 12:15:00,5.834,0.3317587242431211,0,-0.11,-0.22,-0.11
2014-02-19 12:20:00,6.2520000000000024,0.29775769015075865,0,-0.11,-0.22,-0.11
2014-02-19 12:25:00,5.82,0.3350258436030941,0,-0.11,-0.22,-0.11
2014-02-19 12:30:00,6.4479999999999995,0.3452652617376731,0,-0.11,-0.22,-0.11
2014-02-19 12:35:00,5.44,0.4293051558613813,0,-0.11,-0.22,-0.11
2014-02-19 12:40:00,6.016,0.28295781312820184,0,-0.11,-0.22,-0.11
2014-02-19 12:45:00,5.856,0.31589113064617075,0,-0.11,-0.22,-0.11
2014-02-19 12:50:00,6.024,0.2788238985505121,0,-0.11,-0.22,-0.11
2014-02-19 12:55:00,6.492000000000001,0.3624345762282794,0,-0.11,-0.22,-0.11
2014-02-19 13:00:00,5.85,0.3199913352360323,0,-0.11,-0.22,-0.11
2014-02-19 13:05:00,5.834,0.3215256866259891,0,-0.11,-0.22,-0.11
2014-02-19 13:10:00,6.44,0.35163221514300336,0,-0.11,-0.22,-0.11
2014-02-19 13:15:00,5.836,0.3227414927766551,0,-0.11,-0.22,-0.11
2014-02-19 13:20:00,5.876,0.3114595102942748,0,-0.11,-0.22,-0.11
2014-02-19 13:25:00,5.836,0.3190948850672072,0,-0.11,-0.22,-0.11
2014-02-19 13:30:00,6.02,0.2758461843707051,0,-0.11,-0.22,-0.11
2014-02-19 13:35:00,6.49,0.3740060450013192,0,-0.11,-0.22,-0.11
2014-02-19 13:40:00,5.992000000000001,0.2863735176661756,0,-0.11,-0.22,-0.11
2014-02-19 13:45:00,6.282,0.31763621642172224,0,-0.11,-0.22,-0.11
2014-02-19 13:50:00,6.228,0.302843099600605,0,-0.11,-0.22,-0.11
2014-02-19 13:55:00,6.25,0.30705555631364395,0,-0.11,-0.22,-0.11
2014-02-19 14:00:00,6.066,0.2755957289869036,0,-0.11,-0.22,-0.11
2014-02-19 14:05:00,6.022,0.285999788522838,0,-0.11,-0.22,-0.11
2014-02-19 14:10:00,6.888,0.4933004455644819,0,-0.11,-0.22,-0.11
2014-02-19 14:15:00,5.827999999999999,0.3354116302785509,0,-0.11,-0.22,-0.11
2014-02-19 14:20:00,6.26,0.3000086301602175,0,-0.11,-0.22,-0.11
2014-02-19 14:25:00,6.0420000000000025,0.2861498766822166,0,-0.11,-0.22,-0.11
2014-02-19 14:30:00,6.046,0.28478146595202475,0,-0.11,-0.22,-0.11
2014-02-19 14:35:00,5.827999999999999,0.33682500258460984,0,-0.11,-0.22,-0.11
2014-02-19 14:40:00,6.226,0.29780064962591096,0,-0.11,-0.22,-0.11
2014-02-19 14:45:00,5.837999999999999,0.3339295518036016,0,-0.11,-0.22,-0.11
2014-02-19 14:50:00,6.066,0.27512513053490784,0,-0.11,-0.22,-0.11
2014-02-19 14:55:00,6.0420000000000025,0.2806889065763033,0,-0.11,-0.22,-0.11
2014-02-19 15:00:00,6.4620000000000015,0.3668653295962861,0,-0.11,-0.22,-0.11
2014-02-19 15:05:00,5.626,0.3955778044226629,0,-0.11,-0.22,-0.11
2014-02-19 15:10:00,6.46,0.3613843849487042,0,-0.11,-0.22,-0.11
2014-02-19 15:15:00,6.224,0.2967235848297304,0,-0.11,-0.22,-0.11
2014-02-19 15:20:00,5.4460000000000015,0.4411586954459201,0,-0.11,-0.22,-0.11
2014-02-19 15:25:00,6.867999999999999,0.4586013435679134,0,-0.11,-0.22,-0.11
2014-02-19 15:30:00,6.04,0.283073251431574,0,-0.11,-0.22,-0.11
2014-02-19 15:35:00,5.8420000000000005,0.3230159288944076,0,-0.11,-0.22,-0.11
2014-02-19 15:40:00,6.016,0.2849339082578167,0,-0.11,-0.22,-0.11
2014-02-19 15:45:00,5.86,0.31728613777059056,0,-0.11,-0.22,-0.11
2014-02-19 15:50:00,6.02,0.281487699640615,0,-0.11,-0.22,-0.11
2014-02-19 15:55:00,6.072,0.2703667508267986,0,-0.11,-0.22,-0.11
2014-02-19 16:00:00,6.256,0.30769054787679273,0,-0.11,-0.22,-0.11
2014-02-19 16:05:00,5.82,0.32963907936222425,0,-0.11,-0.22,-0.11
2014-02-19 16:10:00,6.91,0.4783194317605151,0,-0.11,-0.22,-0.11
2014-02-19 16:15:00,5.834,0.3250738666911377,0,-0.11,-0.22,-0.11
2014-02-19 16:20:00,6.256,0.29917942701817096,0,-0.11,-0.22,-0.11
2014-02-19 16:25:00,6.032,0.28421925680488397,0,-0.11,-0.22,-0.11
2014-02-19 16:30:00,6.02,0.2862747893228111,0,-0.11,-0.22,-0.11
2014-02-19 16:35:00,5.8660000000000005,0.3193738070063947,0,-0.11,-0.22,-0.11
2014-02-19 16:40:00,6.0520000000000005,0.27674993189887154,0,-0.11,-0.22,-0.11
2014-02-19 16:45:00,5.626,0.3765469459857113,0,-0.11,-0.22,-0.11
2014-02-19 16:50:00,6.232,0.3046952408870749,0,-0.11,-0.22,-0.11
2014-02-19 16:55:00,5.827999999999999,0.3232167090750221,0,-0.11,-0.22,-0.11
2014-02-19 17:00:00,5.996,0.282864117633609,0,-0.11,-0.22,-0.11
2014-02-19 17:05:00,6.074,0.2725332060528667,0,-0.11,-0.22,-0.11
2014-02-19 17:10:00,7.098,0.5440684271887283,0,-0.11,-0.22,-0.11
2014-02-19 17:15:00,5.834,0.32122651609170594,0,-0.11,-0.22,-0.11
2014-02-19 17:20:00,6.2479999999999976,0.2972755826044063,0,-0.11,-0.22,-0.11
2014-02-19 17:25:00,5.81,0.3267321180037085,0,-0.11,-0.22,-0.11
2014-02-19 17:30:00,5.85,0.3159244992831926,0,-0.11,-0.22,-0.11
2014-02-19 17:35:00,5.836,0.31704864918883874,0,-0.11,-0.22,-0.11
2014-02-19 17:40:00,6.032,0.2753917471698214,0,-0.11,-0.22,-0.11
2014-02-19 17:45:00,5.598,0.36972483523634536,0,-0.11,-0.22,-0.11
2014-02-19 17:50:00,6.474,0.3601807447935609,0,-0.11,-0.22,-0.11
2014-02-19 17:55:00,6.694,0.40412105676284976,0,-0.11,-0.22,-0.11
2014-02-19 18:00:00,5.602,0.3662625046364641,0,-0.11,-0.22,-0.11
2014-02-19 18:05:00,5.862,0.3072108157647103,0,-0.11,-0.22,-0.11
2014-02-19 18:10:00,6.2520000000000024,0.30523263885248497,0,-0.11,-0.22,-0.11
2014-02-19 18:15:00,6.0420000000000025,0.27382328959190666,0,-0.11,-0.22,-0.11
2014-02-19 18:20:00,6.8839999999999995,0.4462288710150801,0,-0.11,-0.22,-0.11
2014-02-19 18:25:00,6.627999999999999,0.3666219643471079,0,-0.11,-0.22,-0.11
2014-02-19 18:30:00,5.428,0.4022513353227384,0,-0.11,-0.22,-0.11
2014-02-19 18:35:00,6.046,0.2774410118561645,0,-0.11,-0.22,-0.11
2014-02-19 18:40:00,5.8260000000000005,0.3154525836773248,0,-0.11,-0.22,-0.11
2014-02-19 18:45:00,6.04,0.2760708535623503,0,-0.11,-0.22,-0.11
2014-02-19 18:50:00,6.456,0.33761953411012857,0,-0.11,-0.22,-0.11
2014-02-19 18:55:00,6.228,0.29154494466576764,0,-0.11,-0.22,-0.11
2014-02-19 19:00:00,6.058,0.2773518762523404,0,-0.11,-0.22,-0.11
2014-02-19 19:05:00,6.0420000000000025,0.2800692296837434,0,-0.11,-0.22,-0.11
2014-02-19 19:10:00,6.224,0.29233246469836816,0,-0.11,-0.22,-0.11
2014-02-19 19:15:00,6.077999999999999,0.2743101991347661,0,-0.11,-0.22,-0.11
2014-02-19 19:20:00,7.272,0.5364805661229166,0,-0.11,-0.22,-0.11
2014-02-19 19:25:00,6.07,0.283841049479906,0,-0.11,-0.22,-0.11
2014-02-19 19:30:00,6.05,0.2867759124095718,0,-0.11,-0.22,-0.11
2014-02-19 19:35:00,6.0420000000000025,0.28765653602684155,0,-0.11,-0.22,-0.11
2014-02-19 19:40:00,6.2520000000000024,0.28691670762204063,0,-0.11,-0.22,-0.11
2014-02-19 19:45:00,5.8420000000000005,0.3259122501237909,0,-0.11,-0.22,-0.11
2014-02-19 19:50:00,6.018,0.2902524716619386,0,-0.11,-0.22,-0.11
2014-02-19 19:55:00,6.07,0.28003067539202353,0,-0.11,-0.22,-0.11
2014-02-19 20:00:00,6.0420000000000025,0.28502041398570177,0,-0.11,-0.22,-0.11
2014-02-19 20:05:00,6.452000000000001,0.3346656845836556,0,-0.11,-0.22,-0.11
2014-02-19 20:10:00,6.867999999999999,0.4247689533533272,0,-0.11,-0.22,-0.11
2014-02-19 20:15:00,5.63,0.374400890634676,0,-0.11,-0.22,-0.11
2014-02-19 20:20:00,6.474,0.3277834309921168,0,-0.11,-0.22,-0.11
2014-02-19 20:25:00,5.82,0.3323610733382988,0,-0.11,-0.22,-0.11
2014-02-19 20:30:00,6.062,0.28414040844560634,0,-0.11,-0.22,-0.11
2014-02-19 20:35:00,5.843999999999999,0.3253083409695932,0,-0.11,-0.22,-0.11
2014-02-19 20:40:00,6.3020000000000005,0.3009938801887751,0,-0.11,-0.22,-0.11
2014-02-19 20:45:00,5.834,0.3278371859507635,0,-0.11,-0.22,-0.11
2014-02-19 20:50:00,5.843999999999999,0.323162314396216,0,-0.11,-0.22,-0.11
2014-02-19 20:55:00,6.0420000000000025,0.2815040625213833,0,-0.11,-0.22,-0.11
2014-02-19 21:00:00,6.032,0.28313489029654704,0,-0.11,-0.22,-0.11
2014-02-19 21:05:00,5.816,0.32824017721337795,0,-0.11,-0.22,-0.11
2014-02-19 21:10:00,6.7,0.4046235661338326,0,-0.11,-0.22,-0.11
2014-02-19 21:15:00,6.644,0.3775290575715468,0,-0.11,-0.22,-0.11
2014-02-19 21:20:00,6.2379999999999995,0.2863200319459811,0,-0.11,-0.22,-0.11
2014-02-19 21:25:00,6.06,0.28581513967897115,0,-0.11,-0.22,-0.11
2014-02-19 21:30:00,6.2520000000000024,0.28993148730758084,0,-0.11,-0.22,-0.11
2014-02-19 21:35:00,6.034,0.292144976047961,0,-0.11,-0.22,-0.11
2014-02-19 21:40:00,6.2479999999999976,0.2901905731323157,0,-0.11,-0.22,-0.11
2014-02-19 21:45:00,6.24,0.2878801921437588,0,-0.11,-0.22,-0.11
2014-02-19 21:50:00,6.228,0.2847456112244205,0,-0.11,-0.22,-0.11
2014-02-19 21:55:00,6.072,0.28765997123968995,0,-0.11,-0.22,-0.11
2014-02-19 22:00:00,6.2520000000000024,0.2911633521420481,0,-0.11,-0.22,-0.11
2014-02-19 22:05:00,6.0420000000000025,0.2958157316411815,0,-0.11,-0.22,-0.11
2014-02-19 22:10:00,6.256,0.2933799697723419,0,-0.11,-0.22,-0.11
2014-02-19 22:15:00,5.827999999999999,0.3528303828016837,0,-0.11,-0.22,-0.11
2014-02-19 22:20:00,7.5020000000000024,0.6483021153039844,0,-0.11,-0.22,-0.11
2014-02-19 22:25:00,6.0420000000000025,0.2968941862185702,0,-0.11,-0.22,-0.11
2014-02-19 22:30:00,5.816,0.3372185299611341,0,-0.11,-0.22,-0.11
2014-02-19 22:35:00,6.24,0.2787667405643328,0,-0.11,-0.22,-0.11
2014-02-19 22:40:00,6.024,0.2971336612690976,0,-0.11,-0.22,-0.11
2014-02-19 22:45:00,6.282,0.2877057738237349,0,-0.11,-0.22,-0.11
2014-02-19 22:50:00,5.848,0.3323535139536452,0,-0.11,-0.22,-0.11
2014-02-19 22:55:00,6.0360000000000005,0.29267497965512906,0,-0.11,-0.22,-0.11
2014-02-19 23:00:00,6.02,0.2950782816410821,0,-0.11,-0.22,-0.11
2014-02-19 23:05:00,7.086,0.4725748874181144,0,-0.11,-0.22,-0.11
2014-02-19 23:10:00,6.428,0.30847128713596866,0,-0.11,-0.22,-0.11
2014-02-19 23:15:00,5.856,0.3322890511236485,0,-0.11,-0.22,-0.11
2014-02-19 23:20:00,5.836,0.33310008375123823,0,-0.11,-0.22,-0.11
2014-02-19 23:25:00,6.222,0.27710470673395,0,-0.11,-0.22,-0.11
2014-02-19 23:30:00,6.074,0.2871871130741279,0,-0.11,-0.22,-0.11
2014-02-19 23:35:00,5.834,0.3331389192174201,0,-0.11,-0.22,-0.11
2014-02-19 23:40:00,5.846,0.32765920703528817,0,-0.11,-0.22,-0.11
2014-02-19 23:45:00,6.046,0.28611242366001355,0,-0.11,-0.22,-0.11
2014-02-19 23:50:00,6.032,0.2883364335636343,0,-0.11,-0.22,-0.11
2014-02-19 23:55:00,6.416,0.3265031751280121,0,-0.11,-0.22,-0.11
2014-02-20 00:00:00,6.96,0.4484449303518018,0,-0.11,-0.22,-0.11
2014-02-20 00:05:00,6.627999999999999,0.3521090790346422,0,-0.11,-0.22,-0.11
2014-02-20 00:10:00,6.2860000000000005,0.28276204347996364,0,-0.11,-0.22,-0.11
2014-02-20 00:15:00,6.0420000000000025,0.2996566548166131,0,-0.11,-0.22,-0.11
2014-02-20 00:20:00,6.047999999999999,0.2975500565057852,0,-0.11,-0.22,-0.11
2014-02-20 00:25:00,6.0420000000000025,0.29784677360173983,0,-0.11,-0.22,-0.11
2014-02-20 00:30:00,6.2360000000000015,0.27823145680647315,0,-0.11,-0.22,-0.11
2014-02-20 00:35:00,7.3020000000000005,0.5218986603859477,0,-0.11,-0.22,-0.11
2014-02-20 00:40:00,6.5020000000000024,0.3117819325412189,0,-0.11,-0.22,-0.11
2014-02-20 00:45:00,5.82,0.3453631687780511,0,-0.11,-0.22,-0.11
2014-02-20 00:50:00,6.058,0.29862341964035066,0,-0.11,-0.22,-0.11
2014-02-20 00:55:00,6.234,0.27008089520790235,0,-0.11,-0.22,-0.11
2014-02-20 01:00:00,6.032,0.3032434037132277,0,-0.11,-0.22,-0.11
2014-02-20 01:05:00,5.8320000000000025,0.3403329978592757,0,-0.11,-0.22,-0.11
2014-02-20 01:10:00,6.224,0.2733828242058209,0,-0.11,-0.22,-0.11
2014-02-20 01:15:00,7.492000000000001,0.5407059680291068,0,-0.11,-0.22,-0.11
2014-02-20 01:20:00,6.46,0.2978597421301793,0,-0.11,-0.22,-0.11
2014-02-20 01:25:00,5.834,0.3378744239159194,0,-0.11,-0.22,-0.11
2014-02-20 01:30:00,6.0420000000000025,0.30080406872352883,0,-0.11,-0.22,-0.11
2014-02-20 01:35:00,5.604,0.3739634875653154,0,-0.11,-0.22,-0.11
2014-02-20 01:40:00,6.05,0.2928585322106665,0,-0.11,-0.22,-0.11
2014-02-20 01:45:00,5.8320000000000025,0.32750222181739874,0,-0.11,-0.22,-0.11
2014-02-20 01:50:00,6.056,0.28849990013759724,0,-0.11,-0.22,-0.11
2014-02-20 01:55:00,5.81,0.3290073251470536,0,-0.11,-0.22,-0.11
2014-02-20 02:00:00,6.074,0.2822520391889993,0,-0.11,-0.22,-0.11
2014-02-20 02:05:00,6.25,0.2844295780032419,0,-0.11,-0.22,-0.11
2014-02-20 02:10:00,7.274,0.4809694906285672,0,-0.11,-0.22,-0.11
2014-02-20 02:15:00,6.046,0.2935905878166397,0,-0.11,-0.22,-0.11
2014-02-20 02:20:00,6.04,0.2937873405546885,0,-0.11,-0.22,-0.11
2014-02-20 02:25:00,6.0420000000000025,0.2927449344404585,0,-0.11,-0.22,-0.11
2014-02-20 02:30:00,6.46,0.3118359449554215,0,-0.11,-0.22,-0.11
2014-02-20 02:35:00,5.827999999999999,0.33071221240944104,0,-0.11,-0.22,-0.11
2014-02-20 02:40:00,6.016,0.2959874570340533,0,-0.11,-0.22,-0.11
2014-02-20 02:45:00,6.244,0.2797916700698123,0,-0.11,-0.22,-0.11
2014-02-20 02:50:00,6.03,0.2940285223295363,0,-0.11,-0.22,-0.11
2014-02-20 02:55:00,6.254,0.2827402791053657,0,-0.11,-0.22,-0.11
2014-02-20 03:00:00,6.246,0.28096659970064924,0,-0.11,-0.22,-0.11
2014-02-20 03:05:00,7.3279999999999985,0.5052842515348449,0,-0.11,-0.22,-0.11
2014-02-20 03:10:00,6.846,0.36777625055623947,0,-0.11,-0.22,-0.11
2014-02-20 03:15:00,5.834,0.33632192773740416,0,-0.11,-0.22,-0.11
2014-02-20 03:20:00,5.8320000000000025,0.3332947366705325,0,-0.11,-0.22,-0.11
2014-02-20 03:25:00,6.018,0.3003461429416368,0,-0.11,-0.22,-0.11
2014-02-20 03:30:00,6.086,0.28863830444825017,0,-0.11,-0.22,-0.11
2014-02-20 03:35:00,5.827999999999999,0.3309091349242185,0,-0.11,-0.22,-0.11
2014-02-20 03:40:00,6.257999999999999,0.2796038302425717,0,-0.11,-0.22,-0.11
2014-02-20 03:45:00,5.837999999999999,0.3284499601568546,0,-0.11,-0.22,-0.11
2014-02-20 03:50:00,6.0,0.29768809390694523,0,-0.11,-0.22,-0.11
2014-02-20 03:55:00,6.066,0.2855608296867025,0,-0.11,-0.22,-0.11
2014-02-20 04:00:00,6.2479999999999976,0.2835817211396927,0,-0.11,-0.22,-0.11
2014-02-20 04:05:00,5.814,0.3329090219685202,0,-0.11,-0.22,-0.11
2014-02-20 04:10:00,6.058,0.2846673078326797,0,-0.11,-0.22,-0.11
2014-02-20 04:15:00,5.834,0.32661417382958136,0,-0.11,-0.22,-0.11
2014-02-20 04:20:00,6.0120000000000005,0.29000352733385365,0,-0.11,-0.22,-0.11
2014-02-20 04:25:00,5.864,0.3182452035107703,0,-0.11,-0.22,-0.11
2014-02-20 04:30:00,5.843999999999999,0.3203622297174524,0,-0.11,-0.22,-0.11
2014-02-20 04:35:00,5.81,0.3252994429398902,0,-0.11,-0.22,-0.11
2014-02-20 04:40:00,5.854,0.3137625098242437,0,-0.11,-0.22,-0.11
2014-02-20 04:45:00,6.0420000000000025,0.2743991493591097,0,-0.11,-0.22,-0.11
2014-02-20 04:50:00,6.04,0.2746549216530636,0,-0.11,-0.22,-0.11
2014-02-20 04:55:00,6.254,0.30788843169008273,0,-0.11,-0.22,-0.11
2014-02-20 05:00:00,6.0420000000000025,0.27612288505507965,0,-0.11,-0.22,-0.11
2014-02-20 05:05:00,6.0520000000000005,0.27381678563495715,0,-0.11,-0.22,-0.11
2014-02-20 05:10:00,6.044,0.2754311826339933,0,-0.11,-0.22,-0.11
2014-02-20 05:15:00,6.0420000000000025,0.2757110427923344,0,-0.11,-0.22,-0.11
2014-02-20 05:20:00,6.204,0.3000084386783575,0,-0.11,-0.22,-0.11
2014-02-20 05:25:00,5.862,0.3214181247823889,0,-0.11,-0.22,-0.11
2014-02-20 05:30:00,6.044,0.2743026650429928,0,-0.11,-0.22,-0.11
2014-02-20 05:35:00,5.834,0.3277902145485411,0,-0.11,-0.22,-0.11
2014-02-20 05:40:00,6.0360000000000005,0.273333855314237,0,-0.11,-0.22,-0.11
2014-02-20 05:45:00,5.626,0.3863553454081927,0,-0.11,-0.22,-0.11
2014-02-20 05:50:00,6.024,0.2708219006817007,0,-0.11,-0.22,-0.11
2014-02-20 05:55:00,6.022,0.27126628214756665,0,-0.11,-0.22,-0.11
2014-02-20 06:00:00,6.08,0.2814296204890074,0,-0.11,-0.22,-0.11
2014-02-20 06:05:00,5.837999999999999,0.3221304126273406,0,-0.11,-0.22,-0.11
2014-02-20 06:10:00,6.022,0.2693772636583727,0,-0.11,-0.22,-0.11
2014-02-20 06:15:00,5.856,0.3159891844397534,0,-0.11,-0.22,-0.11
2014-02-20 06:20:00,6.0520000000000005,0.2790264633471452,0,-0.11,-0.22,-0.11
2014-02-20 06:25:00,5.83,0.3239527290460277,0,-0.11,-0.22,-0.11
2014-02-20 06:30:00,6.04,0.2781045565477509,0,-0.11,-0.22,-0.11
2014-02-20 06:35:00,5.81,0.3299955392584789,0,-0.11,-0.22,-0.11
2014-02-20 06:40:00,6.0520000000000005,0.28447220813792906,0,-0.11,-0.22,-0.11
2014-02-20 06:45:00,5.862,0.31247209202983584,0,-0.11,-0.22,-0.11
2014-02-20 06:50:00,6.024,0.2777845661426112,0,-0.11,-0.22,-0.11
2014-02-20 06:55:00,6.022,0.276924048374599,0,-0.11,-0.22,-0.11
2014-02-20 07:00:00,6.064,0.2904847405182674,0,-0.11,-0.22,-0.11
2014-02-20 07:05:00,6.07,0.2919155176997677,0,-0.11,-0.22,-0.11
2014-02-20 07:10:00,6.2520000000000024,0.3585058749773669,0,-0.11,-0.22,-0.11
2014-02-20 07:15:00,6.016,0.2692201348027661,0,-0.11,-0.22,-0.11
2014-02-20 07:20:00,6.27,0.3620441143795456,0,-0.11,-0.22,-0.11
2014-02-20 07:25:00,6.2860000000000005,0.3618605023868975,0,-0.11,-0.22,-0.11
2014-02-20 07:30:00,6.016,0.2776191496852457,0,-0.11,-0.22,-0.11
2014-02-20 07:35:00,5.848,0.3382529170524394,0,-0.11,-0.22,-0.11
2014-02-20 07:40:00,6.263999999999999,0.353727885050813,0,-0.11,-0.22,-0.11
2014-02-20 07:45:00,5.8320000000000025,0.34459840136737485,0,-0.11,-0.22,-0.11
2014-02-20 07:50:00,6.032,0.269079219883336,0,-0.11,-0.22,-0.11
2014-02-20 07:55:00,7.077999999999999,0.6925261909360217,0,-0.11,-0.22,-0.11
2014-02-20 08:00:00,6.2479999999999976,0.3067174335380803,0,-0.11,-0.22,-0.11
2014-02-20 08:05:00,6.024,0.28479025745901265,0,-0.11,-0.22,-0.11
2014-02-20 08:10:00,6.284,0.31633028418908044,0,-0.11,-0.22,-0.11
2014-02-20 08:15:00,5.83,0.3366159611741564,0,-0.11,-0.22,-0.11
2014-02-20 08:20:00,6.6679999999999975,0.4250345489165469,0,-0.11,-0.22,-0.11
2014-02-20 08:25:00,6.04,0.28562689327942464,0,-0.11,-0.22,-0.11
2014-02-20 08:30:00,6.044,0.2842418451010976,0,-0.11,-0.22,-0.11
2014-02-20 08:35:00,6.0420000000000025,0.28430350918654823,0,-0.11,-0.22,-0.11
2014-02-20 08:40:00,6.232,0.3000196919377745,0,-0.11,-0.22,-0.11
2014-02-20 08:45:00,6.0420000000000025,0.28579041097382163,0,-0.11,-0.22,-0.11
2014-02-20 08:50:00,6.044,0.28481917736248313,0,-0.11,-0.22,-0.11
2014-02-20 08:55:00,6.254,0.3083545426065788,0,-0.11,-0.22,-0.11
2014-02-20 09:00:00,6.224,0.298723280866156,0,-0.11,-0.22,-0.11
2014-02-20 09:05:00,6.064,0.28313253100482977,0,-0.11,-0.22,-0.11
2014-02-20 09:10:00,6.26,0.3097164795387253,0,-0.11,-0.22,-0.11
2014-02-20 09:15:00,6.018,0.2982416641414635,0,-0.11,-0.22,-0.11
2014-02-20 09:20:00,6.474,0.3791465355141778,0,-0.11,-0.22,-0.11
2014-02-20 09:25:00,6.246,0.3001768108887385,0,-0.11,-0.22,-0.11
2014-02-20 09:30:00,6.024,0.302233845368324,0,-0.11,-0.22,-0.11
2014-02-20 09:35:00,5.837999999999999,0.36008266210603057,0,-0.11,-0.22,-0.11
2014-02-20 09:40:00,6.0820000000000025,0.27950558224729033,0,-0.11,-0.22,-0.11
2014-02-20 09:45:00,6.016,0.29890188514442856,0,-0.11,-0.22,-0.11
2014-02-20 09:50:00,6.27,0.3171786931644573,0,-0.11,-0.22,-0.11
2014-02-20 09:55:00,6.068,0.2846983316131563,0,-0.11,-0.22,-0.11
2014-02-20 10:00:00,6.642,0.4517615644137403,0,-0.11,-0.22,-0.11
2014-02-20 10:05:00,5.856,0.35430937792744704,0,-0.11,-0.22,-0.11
2014-02-20 10:10:00,6.263999999999999,0.3067995590157223,0,-0.11,-0.22,-0.11
2014-02-20 10:15:00,5.814,0.36621364140129736,0,-0.11,-0.22,-0.11
2014-02-20 10:20:00,6.0820000000000025,0.27940118247832163,0,-0.11,-0.22,-0.11
2014-02-20 10:25:00,5.8260000000000005,0.35714734000577203,0,-0.11,-0.22,-0.11
2014-02-20 10:30:00,6.232,0.3055374752460048,0,-0.11,-0.22,-0.11
2014-02-20 10:35:00,5.836,0.3519216358991173,0,-0.11,-0.22,-0.11
2014-02-20 10:40:00,6.096,0.2690529090278564,0,-0.11,-0.22,-0.11
2014-02-20 10:45:00,5.814,0.35630366869388597,0,-0.11,-0.22,-0.11
2014-02-20 10:50:00,6.05,0.27811883760596384,0,-0.11,-0.22,-0.11
2014-02-20 10:55:00,6.0420000000000025,0.28024264600357834,0,-0.11,-0.22,-0.11
2014-02-20 11:00:00,5.992000000000001,0.2953630165418298,0,-0.11,-0.22,-0.11
2014-02-20 11:05:00,6.478,0.4063471268878133,0,-0.11,-0.22,-0.11
2014-02-20 11:10:00,6.266,0.3207742144880482,0,-0.11,-0.22,-0.11
2014-02-20 11:15:00,5.834,0.35360791360560456,0,-0.11,-0.22,-0.11
2014-02-20 11:20:00,6.23,0.3111195336608685,0,-0.11,-0.22,-0.11
2014-02-20 11:25:00,6.05,0.2827972287382784,0,-0.11,-0.22,-0.11
2014-02-20 11:30:00,6.29,0.3313440500566897,0,-0.11,-0.22,-0.11
2014-02-20 11:35:00,5.834,0.35751338625251833,0,-0.11,-0.22,-0.11
2014-02-20 11:40:00,6.4639999999999995,0.3930361133503028,0,-0.11,-0.22,-0.11
2014-02-20 11:45:00,6.02,0.29519919325722005,0,-0.11,-0.22,-0.11
2014-02-20 11:50:00,6.034,0.2901172859202869,0,-0.11,-0.22,-0.11
2014-02-20 11:55:00,6.064,0.28022964268276634,0,-0.11,-0.22,-0.11
2014-02-20 12:00:00,6.2479999999999976,0.3167988303106176,0,-0.11,-0.22,-0.11
2014-02-20 12:05:00,5.837999999999999,0.3600116474530501,0,-0.11,-0.22,-0.11
2014-02-20 12:10:00,6.846,0.5431382472315549,0,-0.11,-0.22,-0.11
2014-02-20 12:15:00,5.856,0.34200975701418584,0,-0.11,-0.22,-0.11
2014-02-20 12:20:00,6.016,0.2946775110283512,0,-0.11,-0.22,-0.11
2014-02-20 12:25:00,6.04,0.28756088579915445,0,-0.11,-0.22,-0.11
2014-02-20 12:30:00,6.046,0.2854326221535509,0,-0.11,-0.22,-0.11
2014-02-20 12:35:00,6.044,0.2855319821062509,0,-0.11,-0.22,-0.11
2014-02-20 12:40:00,6.047999999999999,0.2839555620676251,0,-0.11,-0.22,-0.11
2014-02-20 12:45:00,6.0420000000000025,0.28527685307237616,0,-0.11,-0.22,-0.11
2014-02-20 12:50:00,6.6720000000000015,0.458371421735336,0,-0.11,-0.22,-0.11
2014-02-20 12:55:00,6.0360000000000005,0.2923875601080893,0,-0.11,-0.22,-0.11
2014-02-20 13:00:00,5.6339999999999995,0.4124843372347273,0,-0.11,-0.22,-0.11
2014-02-20 13:05:00,6.046,0.28158073810226536,0,-0.11,-0.22,-0.11
2014-02-20 13:10:00,6.2520000000000024,0.3104605301046045,0,-0.11,-0.22,-0.11
2014-02-20 13:15:00,5.834,0.3427538443287961,0,-0.11,-0.22,-0.11
2014-02-20 13:20:00,6.044,0.2805169647077316,0,-0.11,-0.22,-0.11
2014-02-20 13:25:00,5.834,0.3399612352464206,0,-0.11,-0.22,-0.11
2014-02-20 13:30:00,6.852,0.5095456128753258,0,-0.11,-0.22,-0.11
2014-02-20 13:35:00,5.8260000000000005,0.3367235467936241,0,-0.11,-0.22,-0.11
2014-02-20 13:40:00,6.44,0.35087133946414323,0,-0.11,-0.22,-0.11
2014-02-20 13:45:00,5.636,0.3861654539769855,0,-0.11,-0.22,-0.11
2014-02-20 13:50:00,6.058,0.2761165478205104,0,-0.11,-0.22,-0.11
2014-02-20 13:55:00,6.246,0.30428691647242045,0,-0.11,-0.22,-0.11
2014-02-20 14:00:00,7.27,0.5802515828112141,0,-0.11,-0.22,-0.11
2014-02-20 14:05:00,5.83,0.32796995016880603,0,-0.11,-0.22,-0.11
2014-02-20 14:10:00,6.228,0.284324912554425,0,-0.11,-0.22,-0.11
2014-02-20 14:15:00,6.0360000000000005,0.2884213224418985,0,-0.11,-0.22,-0.11
2014-02-20 14:20:00,6.256,0.29054012683126057,0,-0.11,-0.22,-0.11
2014-02-20 14:25:00,6.04,0.2886848887504226,0,-0.11,-0.22,-0.11
2014-02-20 14:30:00,6.452000000000001,0.3317786193599539,0,-0.11,-0.22,-0.11
2014-02-20 14:35:00,6.04,0.2913499142135469,0,-0.11,-0.22,-0.11
2014-02-20 14:40:00,6.04,0.290707252870984,0,-0.11,-0.22,-0.11
2014-02-20 14:45:00,6.04,0.29008670584083984,0,-0.11,-0.22,-0.11
2014-02-20 14:50:00,6.0420000000000025,0.2890619411367116,0,-0.11,-0.22,-0.11
2014-02-20 14:55:00,6.03,0.2911115568481893,0,-0.11,-0.22,-0.11
2014-02-20 15:00:00,6.2479999999999976,0.2950942868658012,0,-0.11,-0.22,-0.11
2014-02-20 15:05:00,6.67,0.3995767992846329,0,-0.11,-0.22,-0.11
2014-02-20 15:10:00,6.016,0.3001751433978195,0,-0.11,-0.22,-0.11
2014-02-20 15:15:00,5.862,0.3350972840025849,0,-0.11,-0.22,-0.11
2014-02-20 15:20:00,6.044,0.28973948467570243,0,-0.11,-0.22,-0.11
2014-02-20 15:25:00,5.814,0.3441390232567759,0,-0.11,-0.22,-0.11
2014-02-20 15:30:00,6.0820000000000025,0.2769969620803496,0,-0.11,-0.22,-0.11
2014-02-20 15:35:00,6.05,0.2841049037071668,0,-0.11,-0.22,-0.11
2014-02-20 15:40:00,6.02,0.2908263952286659,0,-0.11,-0.22,-0.11
2014-02-20 15:45:00,5.848,0.3340198140872066,0,-0.11,-0.22,-0.11
2014-02-20 15:50:00,5.827999999999999,0.33617989853005226,0,-0.11,-0.22,-0.11
2014-02-20 15:55:00,6.0420000000000025,0.2785673358735486,0,-0.11,-0.22,-0.11
2014-02-20 16:00:00,6.86,0.4892610781950271,0,-0.11,-0.22,-0.11
2014-02-20 16:05:00,5.626,0.3829508320269949,0,-0.11,-0.22,-0.11
2014-02-20 16:10:00,6.263999999999999,0.30442594290208697,0,-0.11,-0.22,-0.11
2014-02-20 16:15:00,5.608,0.38173993741445655,0,-0.11,-0.22,-0.11
2014-02-20 16:20:00,6.242000000000001,0.3027508926479124,0,-0.11,-0.22,-0.11
2014-02-20 16:25:00,6.068,0.2727402314281374,0,-0.11,-0.22,-0.11
2014-02-20 16:30:00,6.25,0.3045352638073747,0,-0.11,-0.22,-0.11
2014-02-20 16:35:00,6.016,0.2858063355161334,0,-0.11,-0.22,-0.11
2014-02-20 16:40:00,6.266,0.30890817563947537,0,-0.11,-0.22,-0.11
2014-02-20 16:45:00,6.02,0.2867384335496217,0,-0.11,-0.22,-0.11
2014-02-20 16:50:00,6.058,0.2773802859580742,0,-0.11,-0.22,-0.11
2014-02-20 16:55:00,6.2479999999999976,0.30645823104838865,0,-0.11,-0.22,-0.11
2014-02-20 17:00:00,6.044,0.2825924418019715,0,-0.11,-0.22,-0.11
2014-02-20 17:05:00,6.874,0.4894544589413337,0,-0.11,-0.22,-0.11
2014-02-20 17:10:00,6.232,0.28935609260152984,0,-0.11,-0.22,-0.11
2014-02-20 17:15:00,5.827999999999999,0.34115630820108866,0,-0.11,-0.22,-0.11
2014-02-20 17:20:00,6.256,0.2977479499397764,0,-0.11,-0.22,-0.11
2014-02-20 17:25:00,6.0360000000000005,0.2905510730780001,0,-0.11,-0.22,-0.11
2014-02-20 17:30:00,6.226,0.29157400321837923,0,-0.11,-0.22,-0.11
2014-02-20 17:35:00,5.843999999999999,0.3399172841925271,0,-0.11,-0.22,-0.11
2014-02-20 17:40:00,6.29,0.3101766583291907,0,-0.11,-0.22,-0.11
2014-02-20 17:45:00,6.03,0.2920698735771836,0,-0.11,-0.22,-0.11
2014-02-20 17:50:00,6.266,0.3047154420142301,0,-0.11,-0.22,-0.11
2014-02-20 17:55:00,6.25,0.2993635790059063,0,-0.11,-0.22,-0.11
2014-02-20 18:00:00,6.228,0.2926333070201849,0,-0.11,-0.22,-0.11
2014-02-20 18:05:00,6.064,0.2885901053002305,0,-0.11,-0.22,-0.11
2014-02-20 18:10:00,6.642,0.41803498007472095,0,-0.11,-0.22,-0.11
2014-02-20 18:15:00,7.117999999999999,0.5458967462143579,0,-0.11,-0.22,-0.11
2014-02-20 18:20:00,6.2520000000000024,0.2774190092095328,0,-0.11,-0.22,-0.11
2014-02-20 18:25:00,6.046,0.3033169951120661,0,-0.11,-0.22,-0.11
2014-02-20 18:30:00,6.232,0.2749219743885787,0,-0.11,-0.22,-0.11
2014-02-20 18:35:00,6.074,0.2971389845044694,0,-0.11,-0.22,-0.11
2014-02-20 18:40:00,6.232,0.2763125706815672,0,-0.11,-0.22,-0.11
2014-02-20 18:45:00,6.077999999999999,0.29646974867986925,0,-0.11,-0.22,-0.11
2014-02-20 18:50:00,6.228,0.2767543873714824,0,-0.11,-0.22,-0.11
2014-02-20 18:55:00,6.046,0.3046421574987155,0,-0.11,-0.22,-0.11
2014-02-20 19:00:00,6.614,0.3795430147229162,0,-0.11,-0.22,-0.11
2014-02-20 19:05:00,6.694,0.39216334658462937,0,-0.11,-0.22,-0.11
2014-02-20 19:10:00,6.266,0.27614683087263703,0,-0.11,-0.22,-0.11
2014-02-20 19:15:00,5.837999999999999,0.3665228331856517,0,-0.11,-0.22,-0.11
2014-02-20 19:20:00,6.25,0.2766928009728497,0,-0.11,-0.22,-0.11
2014-02-20 19:25:00,5.816,0.3682830238239255,0,-0.11,-0.22,-0.11
2014-02-20 19:30:00,6.303999999999999,0.2933204042257221,0,-0.11,-0.22,-0.11
2014-02-20 19:35:00,5.834,0.35983452325954746,0,-0.11,-0.22,-0.11
2014-02-20 19:40:00,6.024,0.3060893226657521,0,-0.11,-0.22,-0.11
2014-02-20 19:45:00,6.06,0.2960828659322345,0,-0.11,-0.22,-0.11
2014-02-20 19:50:00,5.843999999999999,0.3510314900894595,0,-0.11,-0.22,-0.11
2014-02-20 19:55:00,5.827999999999999,0.35036365757552235,0,-0.11,-0.22,-0.11
2014-02-20 20:00:00,6.436,0.3426648299303444,0,-0.11,-0.22,-0.11
2014-02-20 20:05:00,5.837999999999999,0.34673289775387584,0,-0.11,-0.22,-0.11
2014-02-20 20:10:00,6.077999999999999,0.28253994153571504,0,-0.11,-0.22,-0.11
2014-02-20 20:15:00,5.834,0.3445386281602223,0,-0.11,-0.22,-0.11
2014-02-20 20:20:00,7.066,0.5313480457760384,0,-0.11,-0.22,-0.11
2014-02-20 20:25:00,5.856,0.3321787976294849,0,-0.11,-0.22,-0.11
2014-02-20 20:30:00,6.228,0.28409458907573604,0,-0.11,-0.22,-0.11
2014-02-20 20:35:00,5.636,0.3821804996517109,0,-0.11,-0.22,-0.11
2014-02-20 20:40:00,6.058,0.2826160007292823,0,-0.11,-0.22,-0.11
2014-02-20 20:45:00,5.834,0.3295167088874817,0,-0.11,-0.22,-0.11
2014-02-20 20:50:00,5.626,0.3741676893570847,0,-0.11,-0.22,-0.11
2014-02-20 20:55:00,6.034,0.2790983386632226,0,-0.11,-0.22,-0.11
2014-02-20 21:00:00,6.02,0.2816640102464137,0,-0.11,-0.22,-0.11
2014-02-20 21:05:00,6.046,0.2759545832746701,0,-0.11,-0.22,-0.11
2014-02-20 21:10:00,7.2920000000000025,0.5693259482593802,0,-0.11,-0.22,-0.11
2014-02-20 21:15:00,6.24,0.2854890311320521,0,-0.11,-0.22,-0.11
2014-02-20 21:20:00,6.257999999999999,0.2881320536260878,0,-0.11,-0.22,-0.11
2014-02-20 21:25:00,6.0360000000000005,0.2886847776943643,0,-0.11,-0.22,-0.11
2014-02-20 21:30:00,6.02,0.2910331664049962,0,-0.11,-0.22,-0.11
2014-02-20 21:35:00,6.0420000000000025,0.2863297652843744,0,-0.11,-0.22,-0.11
2014-02-20 21:40:00,6.22,0.2849670862389887,0,-0.11,-0.22,-0.11
2014-02-20 21:45:00,5.843999999999999,0.3269393361779335,0,-0.11,-0.22,-0.11
2014-02-20 21:50:00,6.256,0.2946212054086905,0,-0.11,-0.22,-0.11
2014-02-20 21:55:00,6.0420000000000025,0.28608524021439924,0,-0.11,-0.22,-0.11
2014-02-20 22:00:00,7.084,0.4895664586617307,0,-0.11,-0.22,-0.11
2014-02-20 22:05:00,6.257999999999999,0.2835638949357166,0,-0.11,-0.22,-0.11
2014-02-20 22:10:00,6.268,0.2849681243409252,0,-0.11,-0.22,-0.11
2014-02-20 22:15:00,6.026,0.29760049649737863,0,-0.11,-0.22,-0.11
2014-02-20 22:20:00,5.836,0.3346585456538426,0,-0.11,-0.22,-0.11
2014-02-20 22:25:00,6.0420000000000025,0.29050282257952803,0,-0.11,-0.22,-0.11
2014-02-20 22:30:00,6.024,0.2934237697044686,0,-0.11,-0.22,-0.11
2014-02-20 22:35:00,5.848,0.32933314722120616,0,-0.11,-0.22,-0.11
2014-02-20 22:40:00,6.024,0.2898812028802899,0,-0.11,-0.22,-0.11
2014-02-20 22:45:00,6.0420000000000025,0.2855944941219894,0,-0.11,-0.22,-0.11
2014-02-20 22:50:00,5.836,0.330116393186091,0,-0.11,-0.22,-0.11
2014-02-20 22:55:00,6.0420000000000025,0.2822608664913717,0,-0.11,-0.22,-0.11
2014-02-20 23:00:00,6.2360000000000015,0.29744756527113203,0,-0.11,-0.22,-0.11
2014-02-20 23:05:00,5.856,0.3262450561576201,0,-0.11,-0.22,-0.11
2014-02-20 23:10:00,7.2920000000000025,0.5754770055858442,0,-0.11,-0.22,-0.11
2014-02-20 23:15:00,6.046,0.28773173415837977,0,-0.11,-0.22,-0.11
2014-02-20 23:20:00,6.024,0.291112813973926,0,-0.11,-0.22,-0.11
2014-02-20 23:25:00,5.837999999999999,0.3254593239508737,0,-0.11,-0.22,-0.11
2014-02-20 23:30:00,6.034,0.28604754852609576,0,-0.11,-0.22,-0.11
2014-02-20 23:35:00,5.856,0.3198594775550472,0,-0.11,-0.22,-0.11
2014-02-20 23:40:00,6.028,0.2843846279284452,0,-0.11,-0.22,-0.11
2014-02-20 23:45:00,6.0420000000000025,0.28127820004167586,0,-0.11,-0.22,-0.11
2014-02-20 23:50:00,6.024,0.2844951369280608,0,-0.11,-0.22,-0.11
2014-02-20 23:55:00,6.19,0.2868927430231193,0,-0.11,-0.22,-0.11
2014-02-21 00:00:00,6.152,0.27855117132091023,0,-0.11,-0.22,-0.11
2014-02-21 00:05:00,5.816,0.3326840874972405,0,-0.11,-0.22,-0.11
2014-02-21 00:10:00,6.077999999999999,0.27192055501626344,0,-0.11,-0.22,-0.11
2014-02-21 00:15:00,7.0760000000000005,0.5151445775329011,0,-0.11,-0.22,-0.11
2014-02-21 00:20:00,6.44,0.32507085113455625,0,-0.11,-0.22,-0.11
2014-02-21 00:25:00,5.843999999999999,0.3281826298026227,0,-0.11,-0.22,-0.11
2014-02-21 00:30:00,6.064,0.28290073141600525,0,-0.11,-0.22,-0.11
2014-02-21 00:35:00,5.848,0.3254018243503995,0,-0.11,-0.22,-0.11
2014-02-21 00:40:00,6.287999999999999,0.30098802973195915,0,-0.11,-0.22,-0.11
2014-02-21 00:45:00,5.626,0.3747056225732904,0,-0.11,-0.22,-0.11
2014-02-21 00:50:00,6.0520000000000005,0.27890206079857505,0,-0.11,-0.22,-0.11
2014-02-21 00:55:00,5.8320000000000025,0.3233557659127696,0,-0.11,-0.22,-0.11
2014-02-21 01:00:00,6.874,0.4421244025451568,0,-0.11,-0.22,-0.11
2014-02-21 01:05:00,6.6720000000000015,0.3740074445002914,0,-0.11,-0.22,-0.11
2014-02-21 01:10:00,6.4639999999999995,0.3248688903137273,0,-0.11,-0.22,-0.11
2014-02-21 01:15:00,5.834,0.33089464237014143,0,-0.11,-0.22,-0.11
2014-02-21 01:20:00,5.796,0.3354680441852402,0,-0.11,-0.22,-0.11
2014-02-21 01:25:00,6.056,0.2831332637319606,0,-0.11,-0.22,-0.11
2014-02-21 01:30:00,5.85,0.3222297534717351,0,-0.11,-0.22,-0.11
2014-02-21 01:35:00,5.834,0.3232346251064716,0,-0.11,-0.22,-0.11
2014-02-21 01:40:00,7.098,0.4809506588905104,0,-0.11,-0.22,-0.11
2014-02-21 01:45:00,6.86,0.3947219174866785,0,-0.11,-0.22,-0.11
2014-02-21 01:50:00,6.2520000000000024,0.2786946547758256,0,-0.11,-0.22,-0.11
2014-02-21 01:55:00,5.8420000000000005,0.3270609950380325,0,-0.11,-0.22,-0.11
2014-02-21 02:00:00,6.024,0.2933338396703953,0,-0.11,-0.22,-0.11
2014-02-21 02:05:00,5.856,0.3219548118678817,0,-0.11,-0.22,-0.11
2014-02-21 02:10:00,6.232,0.2822982838922236,0,-0.11,-0.22,-0.11
2014-02-21 02:15:00,6.037999999999999,0.2890270735118331,0,-0.11,-0.22,-0.11
2014-02-21 02:20:00,6.024,0.2909717734229411,0,-0.11,-0.22,-0.11
2014-02-21 02:25:00,6.23,0.28440509362260497,0,-0.11,-0.22,-0.11
2014-02-21 02:30:00,6.29,0.29525588420799515,0,-0.11,-0.22,-0.11
2014-02-21 02:35:00,7.2620000000000005,0.5083208887608306,0,-0.11,-0.22,-0.11
2014-02-21 02:40:00,6.246,0.2745334731339939,0,-0.11,-0.22,-0.11
2014-02-21 02:45:00,5.862,0.3279251914235601,0,-0.11,-0.22,-0.11
2014-02-21 02:50:00,6.0360000000000005,0.2950205134818993,0,-0.11,-0.22,-0.11
2014-02-21 02:55:00,6.0420000000000025,0.29321009638452905,0,-0.11,-0.22,-0.11
2014-02-21 03:00:00,6.05,0.29109549378931265,0,-0.11,-0.22,-0.11
2014-02-21 03:05:00,5.83,0.3314396531007069,0,-0.11,-0.22,-0.11
2014-02-21 03:10:00,7.5020000000000024,0.5445755697710366,0,-0.11,-0.22,-0.11
2014-02-21 03:15:00,6.024,0.2973790694077391,0,-0.11,-0.22,-0.11
2014-02-21 03:20:00,5.87,0.3201416821232681,0,-0.11,-0.22,-0.11
2014-02-21 03:25:00,5.83,0.32443480603758196,0,-0.11,-0.22,-0.11
2014-02-21 03:30:00,6.0420000000000025,0.2889987635058326,0,-0.11,-0.22,-0.11
2014-02-21 03:35:00,5.822,0.3235967447928897,0,-0.11,-0.22,-0.11
2014-02-21 03:40:00,5.7920000000000025,0.3262933191671969,0,-0.11,-0.22,-0.11
2014-02-21 03:45:00,5.6579999999999995,0.3467134498956047,0,-0.11,-0.22,-0.11
2014-02-21 03:50:00,6.02,0.2829122044447158,0,-0.11,-0.22,-0.11
2014-02-21 03:55:00,5.824,0.3146998031660747,0,-0.11,-0.22,-0.11
2014-02-21 04:00:00,5.82,0.3136687026098208,0,-0.11,-0.22,-0.11
2014-02-21 04:05:00,5.83,0.31028220860165123,0,-0.11,-0.22,-0.11
2014-02-21 04:10:00,6.044,0.2726095421319173,0,-0.11,-0.22,-0.11
2014-02-21 04:15:00,5.608,0.3510293501392365,0,-0.11,-0.22,-0.11
2014-02-21 04:20:00,6.2860000000000005,0.3108190296630549,0,-0.11,-0.22,-0.11
2014-02-21 04:25:00,5.626,0.34633446744783075,0,-0.11,-0.22,-0.11
2014-02-21 04:30:00,5.816,0.3066733691342803,0,-0.11,-0.22,-0.11
2014-02-21 04:35:00,5.626,0.341255027556561,0,-0.11,-0.22,-0.11
2014-02-21 04:40:00,6.228,0.3088594815838589,0,-0.11,-0.22,-0.11
2014-02-21 04:45:00,5.86,0.2963342842802469,0,-0.11,-0.22,-0.11
2014-02-21 04:50:00,6.0,0.27004094283213925,0,-0.11,-0.22,-0.11
2014-02-21 04:55:00,5.862,0.2957754729375825,0,-0.11,-0.22,-0.11
2014-02-21 05:00:00,6.037999999999999,0.2762705135601595,0,-0.11,-0.22,-0.11
2014-02-21 05:05:00,5.622000000000001,0.3464811397741365,0,-0.11,-0.22,-0.11
2014-02-21 05:10:00,6.0420000000000025,0.28048518004317685,0,-0.11,-0.22,-0.11
2014-02-21 05:15:00,5.626,0.3438249253645003,0,-0.11,-0.22,-0.11
2014-02-21 05:20:00,5.834,0.29540471599840545,0,-0.11,-0.22,-0.11
2014-02-21 05:25:00,6.046,0.2862486824054232,0,-0.11,-0.22,-0.11
2014-02-21 05:30:00,5.822,0.2987599210263439,0,-0.11,-0.22,-0.11
2014-02-21 05:35:00,5.8260000000000005,0.296958526567714,0,-0.11,-0.22,-0.11
2014-02-21 05:40:00,6.0120000000000005,0.282072044998158,0,-0.11,-0.22,-0.11
2014-02-21 05:45:00,5.654,0.3385624234196263,0,-0.11,-0.22,-0.11
2014-02-21 05:50:00,6.004,0.28330793565419377,0,-0.11,-0.22,-0.11
2014-02-21 05:55:00,5.862,0.28711898559263205,0,-0.11,-0.22,-0.11
2014-02-21 06:00:00,6.028,0.2898943634407701,0,-0.11,-0.22,-0.11
2014-02-21 06:05:00,5.834,0.2949857007830846,0,-0.11,-0.22,-0.11
2014-02-21 06:10:00,6.2520000000000024,0.35010348535223434,0,-0.11,-0.22,-0.11
2014-02-21 06:15:00,6.0420000000000025,0.2905490708614434,0,-0.11,-0.22,-0.11
2014-02-21 06:20:00,6.044,0.29044155928936843,0,-0.11,-0.22,-0.11
2014-02-21 06:25:00,6.037999999999999,0.2882751920268064,0,-0.11,-0.22,-0.11
2014-02-21 06:30:00,6.03,0.2856234348177828,0,-0.11,-0.22,-0.11
2014-02-21 06:35:00,5.856,0.2992445748535676,0,-0.11,-0.22,-0.11
2014-02-21 06:40:00,6.028,0.2865155358782928,0,-0.11,-0.22,-0.11
2014-02-21 06:45:00,5.843999999999999,0.3034735931923897,0,-0.11,-0.22,-0.11
2014-02-21 06:50:00,6.058,0.29688832588425035,0,-0.11,-0.22,-0.11
2014-02-21 06:55:00,5.834,0.3076431872268693,0,-0.11,-0.22,-0.11
2014-02-21 07:00:00,6.2520000000000024,0.3612769014848651,0,-0.11,-0.22,-0.11
2014-02-21 07:05:00,6.04,0.288329077280758,0,-0.11,-0.22,-0.11
2014-02-21 07:10:00,6.044,0.289002302871057,0,-0.11,-0.22,-0.11
2014-02-21 07:15:00,5.83,0.31585132223787,0,-0.11,-0.22,-0.11
2014-02-21 07:20:00,6.044,0.2910942177402853,0,-0.11,-0.22,-0.11
2014-02-21 07:25:00,5.834,0.31501744232482504,0,-0.11,-0.22,-0.11
2014-02-21 07:30:00,6.044,0.2931245709253929,0,-0.11,-0.22,-0.11
2014-02-21 07:35:00,5.608,0.4000654860774291,0,-0.11,-0.22,-0.11
2014-02-21 07:40:00,6.077999999999999,0.3083265292622479,0,-0.11,-0.22,-0.11
2014-02-21 07:45:00,5.808,0.3189458434283869,0,-0.11,-0.22,-0.11
2014-02-21 07:50:00,5.6579999999999995,0.37110345800389777,0,-0.11,-0.22,-0.11
2014-02-21 07:55:00,6.874,0.6144292495034986,0,-0.11,-0.22,-0.11
2014-02-21 08:00:00,6.202000000000001,0.3205278517675932,0,-0.11,-0.22,-0.11
2014-02-21 08:05:00,5.86,0.30102572195341004,0,-0.11,-0.22,-0.11
2014-02-21 08:10:00,6.0420000000000025,0.28142947762829273,0,-0.11,-0.22,-0.11
2014-02-21 08:15:00,5.626,0.3643837618708424,0,-0.11,-0.22,-0.11
2014-02-21 08:20:00,5.6320000000000014,0.3560070761960275,0,-0.11,-0.22,-0.11
2014-02-21 08:25:00,6.46,0.400000461839773,0,-0.11,-0.22,-0.11
2014-02-21 08:30:00,6.0420000000000025,0.28252024114970903,0,-0.11,-0.22,-0.11
2014-02-21 08:35:00,6.026,0.2784358303635713,0,-0.11,-0.22,-0.11
2014-02-21 08:40:00,6.2,0.3213150602380087,0,-0.11,-0.22,-0.11
2014-02-21 08:45:00,5.6579999999999995,0.3556819049195351,0,-0.11,-0.22,-0.11
2014-02-21 08:50:00,5.84,0.3028375366253769,0,-0.11,-0.22,-0.11
2014-02-21 08:55:00,6.044,0.2860438361810102,0,-0.11,-0.22,-0.11
2014-02-21 09:00:00,6.044,0.2855751041060871,0,-0.11,-0.22,-0.11
2014-02-21 09:05:00,5.622000000000001,0.3667481414113879,0,-0.11,-0.22,-0.11
2014-02-21 09:10:00,6.46,0.4058460491913878,0,-0.11,-0.22,-0.11
2014-02-21 09:15:00,5.624,0.36075774263966737,0,-0.11,-0.22,-0.11
2014-02-21 09:20:00,6.2479999999999976,0.33718447049927397,0,-0.11,-0.22,-0.11
2014-02-21 09:25:00,6.0420000000000025,0.2826709312412754,0,-0.11,-0.22,-0.11
2014-02-21 09:30:00,6.26,0.33787010749200663,0,-0.11,-0.22,-0.11
2014-02-21 09:35:00,6.032,0.27662203218002823,0,-0.11,-0.22,-0.11
2014-02-21 09:40:00,6.04,0.2783910896576676,0,-0.11,-0.22,-0.11
2014-02-21 09:45:00,5.822,0.3160453842227092,0,-0.11,-0.22,-0.11
2014-02-21 09:50:00,6.2520000000000024,0.3382907243487705,0,-0.11,-0.22,-0.11
2014-02-21 09:55:00,5.827999999999999,0.31623869283701245,0,-0.11,-0.22,-0.11
2014-02-21 10:00:00,6.222,0.3296717267312783,0,-0.11,-0.22,-0.11
2014-02-21 10:05:00,5.816,0.3213340009753786,0,-0.11,-0.22,-0.11
2014-02-21 10:10:00,6.494,0.4141113841308745,0,-0.11,-0.22,-0.11
2014-02-21 10:15:00,6.0420000000000025,0.2732763853392853,0,-0.11,-0.22,-0.11
2014-02-21 10:20:00,6.0360000000000005,0.2716513157351021,0,-0.11,-0.22,-0.11
2014-02-21 10:25:00,6.037999999999999,0.2720995624399226,0,-0.11,-0.22,-0.11
2014-02-21 10:30:00,6.0,0.27594460529226505,0,-0.11,-0.22,-0.11
2014-02-21 10:35:00,5.87,0.3128428215052439,0,-0.11,-0.22,-0.11
2014-02-21 10:40:00,6.2520000000000024,0.33798216125613706,0,-0.11,-0.22,-0.11
2014-02-21 10:45:00,5.837999999999999,0.3245938828700307,0,-0.11,-0.22,-0.11
2014-02-21 10:50:00,6.044,0.2758082644856257,0,-0.11,-0.22,-0.11
2014-02-21 10:55:00,5.837999999999999,0.3240485795019351,0,-0.11,-0.22,-0.11
2014-02-21 11:00:00,6.257999999999999,0.34541889828020256,0,-0.11,-0.22,-0.11
2014-02-21 11:05:00,6.4460000000000015,0.40521301070620536,0,-0.11,-0.22,-0.11
2014-02-21 11:10:00,6.0420000000000025,0.26975706350774503,0,-0.11,-0.22,-0.11
2014-02-21 11:15:00,5.834,0.3316841231805365,0,-0.11,-0.22,-0.11
2014-02-21 11:20:00,6.044,0.27167375924397097,0,-0.11,-0.22,-0.11
2014-02-21 11:25:00,5.834,0.3305401495739513,0,-0.11,-0.22,-0.11
2014-02-21 11:30:00,6.044,0.2745615684965897,0,-0.11,-0.22,-0.11
2014-02-21 11:35:00,5.822,0.3336436080077795,0,-0.11,-0.22,-0.11
2014-02-21 11:40:00,6.04,0.2763199174287164,0,-0.11,-0.22,-0.11
2014-02-21 11:45:00,5.834,0.3284872656824496,0,-0.11,-0.22,-0.11
2014-02-21 11:50:00,6.05,0.28223725523034315,0,-0.11,-0.22,-0.11
2014-02-21 11:55:00,6.03,0.27540816439145915,0,-0.11,-0.22,-0.11
2014-02-21 12:00:00,6.0520000000000005,0.2825508426531202,0,-0.11,-0.22,-0.11
2014-02-21 12:05:00,5.827999999999999,0.334681508261406,0,-0.11,-0.22,-0.11
2014-02-21 12:10:00,6.25,0.3586951325994362,0,-0.11,-0.22,-0.11
2014-02-21 12:15:00,5.834,0.3330177796836232,0,-0.11,-0.22,-0.11
2014-02-21 12:20:00,6.2379999999999995,0.3521112086541853,0,-0.11,-0.22,-0.11
2014-02-21 12:25:00,6.07,0.28628758725993464,0,-0.11,-0.22,-0.11
2014-02-21 12:30:00,6.436,0.4285367337370684,0,-0.11,-0.22,-0.11
2014-02-21 12:35:00,6.2860000000000005,0.35161941151034304,0,-0.11,-0.22,-0.11
2014-02-21 12:40:00,6.256,0.3359781668356205,0,-0.11,-0.22,-0.11
2014-02-21 12:45:00,6.046,0.27458118924106106,0,-0.11,-0.22,-0.11
2014-02-21 12:50:00,6.24,0.32896290891781205,0,-0.11,-0.22,-0.11
2014-02-21 12:55:00,6.2520000000000024,0.3305768916811355,0,-0.11,-0.22,-0.11
2014-02-21 13:00:00,6.02,0.2891185089854638,0,-0.11,-0.22,-0.11
2014-02-21 13:05:00,5.8660000000000005,0.34457863779918474,0,-0.11,-0.22,-0.11
2014-02-21 13:10:00,6.02,0.2848639476478983,0,-0.11,-0.22,-0.11
2014-02-21 13:15:00,6.44,0.4124054233903936,0,-0.11,-0.22,-0.11
2014-02-21 13:20:00,6.077999999999999,0.2707623780454672,0,-0.11,-0.22,-0.11
2014-02-21 13:25:00,6.0420000000000025,0.282700288556998,0,-0.11,-0.22,-0.11
2014-02-21 13:30:00,6.26,0.3328302436681966,0,-0.11,-0.22,-0.11
2014-02-21 13:35:00,6.46,0.4094161034864408,0,-0.11,-0.22,-0.11
2014-02-21 13:40:00,6.228,0.30851885232163145,0,-0.11,-0.22,-0.11
2014-02-21 13:45:00,5.862,0.35803762636813063,0,-0.11,-0.22,-0.11
2014-02-21 13:50:00,6.016,0.2973543316926866,0,-0.11,-0.22,-0.11
2014-02-21 13:55:00,6.04,0.2882370023057503,0,-0.11,-0.22,-0.11
2014-02-21 14:00:00,6.6679999999999975,0.4938074219788546,0,-0.11,-0.22,-0.11
2014-02-21 14:05:00,5.21,0.5829009752953871,0,-0.11,-0.22,-0.11
2014-02-21 14:10:00,5.84,0.32423942114170384,0,-0.11,-0.22,-0.11
2014-02-21 14:15:00,6.2520000000000024,0.31213196002613136,0,-0.11,-0.22,-0.11
2014-02-21 14:20:00,5.836,0.32612003462768113,0,-0.11,-0.22,-0.11
2014-02-21 14:25:00,5.814,0.3292233282744589,0,-0.11,-0.22,-0.11
2014-02-21 14:30:00,5.88,0.30981377592063924,0,-0.11,-0.22,-0.11
2014-02-21 14:35:00,6.666,0.4350705616893976,0,-0.11,-0.22,-0.11
2014-02-21 14:40:00,5.834,0.32317774103383023,0,-0.11,-0.22,-0.11
2014-02-21 14:45:00,5.606,0.3778475402716253,0,-0.11,-0.22,-0.11
2014-02-21 14:50:00,6.244,0.3142487598107601,0,-0.11,-0.22,-0.11
2014-02-21 14:55:00,5.622000000000001,0.369083441184474,0,-0.11,-0.22,-0.11
2014-02-21 15:00:00,6.228,0.3128568687590629,0,-0.11,-0.22,-0.11
2014-02-21 15:05:00,6.46,0.3673651814341403,0,-0.11,-0.22,-0.11
2014-02-21 15:10:00,6.442,0.3557916060141118,0,-0.11,-0.22,-0.11
2014-02-21 15:15:00,5.626,0.3715319141202184,0,-0.11,-0.22,-0.11
2014-02-21 15:20:00,6.047999999999999,0.2704271585530666,0,-0.11,-0.22,-0.11
2014-02-21 15:25:00,6.0420000000000025,0.2716374070832262,0,-0.11,-0.22,-0.11
2014-02-21 15:30:00,6.0420000000000025,0.2715688236715204,0,-0.11,-0.22,-0.11
2014-02-21 15:35:00,5.822,0.32229727183663,0,-0.11,-0.22,-0.11
2014-02-21 15:40:00,6.2520000000000024,0.3175904396800262,0,-0.11,-0.22,-0.11
2014-02-21 15:45:00,6.0420000000000025,0.2713200834699326,0,-0.11,-0.22,-0.11
2014-02-21 15:50:00,6.024,0.2754244246519575,0,-0.11,-0.22,-0.11
2014-02-21 15:55:00,6.04,0.2714600822572024,0,-0.11,-0.22,-0.11
2014-02-21 16:00:00,6.0520000000000005,0.2693863426673623,0,-0.11,-0.22,-0.11
2014-02-21 16:05:00,6.0420000000000025,0.27098571362667395,0,-0.11,-0.22,-0.11
2014-02-21 16:10:00,6.6679999999999975,0.4495870883234424,0,-0.11,-0.22,-0.11
2014-02-21 16:15:00,5.834,0.3291615078156921,0,-0.11,-0.22,-0.11
2014-02-21 16:20:00,5.846,0.3233364875064461,0,-0.11,-0.22,-0.11
2014-02-21 16:25:00,5.837999999999999,0.32312870304676805,0,-0.11,-0.22,-0.11
2014-02-21 16:30:00,6.044,0.26948989428946984,0,-0.11,-0.22,-0.11
2014-02-21 16:35:00,5.8320000000000025,0.3238634972156648,0,-0.11,-0.22,-0.11
2014-02-21 16:40:00,6.044,0.27102797947644136,0,-0.11,-0.22,-0.11
2014-02-21 16:45:00,5.608,0.38852587917944603,0,-0.11,-0.22,-0.11
2014-02-21 16:50:00,6.062,0.28057814105683593,0,-0.11,-0.22,-0.11
2014-02-21 16:55:00,5.862,0.30903282140215604,0,-0.11,-0.22,-0.11
2014-02-21 17:00:00,5.834,0.31533757586935346,0,-0.11,-0.22,-0.11
2014-02-21 17:05:00,5.834,0.3135834518663044,0,-0.11,-0.22,-0.11
2014-02-21 17:10:00,6.0,0.2710053636315665,0,-0.11,-0.22,-0.11
2014-02-21 17:15:00,5.652,0.3685657449023547,0,-0.11,-0.22,-0.11
2014-02-21 17:20:00,6.852,0.5410992164211743,0,-0.11,-0.22,-0.11
2014-02-21 17:25:00,6.05,0.2754801363551217,0,-0.11,-0.22,-0.11
2014-02-21 17:30:00,5.87,0.30283861491315217,0,-0.11,-0.22,-0.11
2014-02-21 17:35:00,5.814,0.31516080766997256,0,-0.11,-0.22,-0.11
2014-02-21 17:40:00,5.87,0.2998462037972693,0,-0.11,-0.22,-0.11
2014-02-21 17:45:00,5.803999999999999,0.3152158245638204,0,-0.11,-0.22,-0.11
2014-02-21 17:50:00,6.074,0.2896043906134085,0,-0.11,-0.22,-0.11
2014-02-21 17:55:00,5.8420000000000005,0.3058648686433431,0,-0.11,-0.22,-0.11
2014-02-21 18:00:00,6.05,0.28523544171595683,0,-0.11,-0.22,-0.11
2014-02-21 18:05:00,5.822,0.311800853428852,0,-0.11,-0.22,-0.11
2014-02-21 18:10:00,6.02,0.2794094167662043,0,-0.11,-0.22,-0.11
2014-02-21 18:15:00,5.652,0.3617364479412208,0,-0.11,-0.22,-0.11
2014-02-21 18:20:00,6.032,0.2864519929639542,0,-0.11,-0.22,-0.11
2014-02-21 18:25:00,5.86,0.2979814250263762,0,-0.11,-0.22,-0.11
2014-02-21 18:30:00,7.087999999999999,0.6280624082863314,0,-0.11,-0.22,-0.11
2014-02-21 18:35:00,5.626,0.3501381962389191,0,-0.11,-0.22,-0.11
2014-02-21 18:40:00,6.044,0.2775396921778729,0,-0.11,-0.22,-0.11
2014-02-21 18:45:00,5.834,0.30274809519787804,0,-0.11,-0.22,-0.11
2014-02-21 18:50:00,6.228,0.31805031362655745,0,-0.11,-0.22,-0.11
2014-02-21 18:55:00,5.834,0.30464211662901164,0,-0.11,-0.22,-0.11
2014-02-21 19:00:00,6.0420000000000025,0.2784243954605014,0,-0.11,-0.22,-0.11
2014-02-21 19:05:00,6.45,0.3734702221571914,0,-0.11,-0.22,-0.11
2014-02-21 19:10:00,6.876,0.4730433005884481,0,-0.11,-0.22,-0.11
2014-02-21 19:15:00,6.0420000000000025,0.2729048458148924,0,-0.11,-0.22,-0.11
2014-02-21 19:20:00,6.46,0.3485049309689029,0,-0.11,-0.22,-0.11
2014-02-21 19:25:00,5.606,0.36516082053334775,0,-0.11,-0.22,-0.11
2014-02-21 19:30:00,6.074,0.27170782605808663,0,-0.11,-0.22,-0.11
2014-02-21 19:35:00,6.0420000000000025,0.2722151904913709,0,-0.11,-0.22,-0.11
2014-02-21 19:40:00,6.232,0.30325164910384905,0,-0.11,-0.22,-0.11
2014-02-21 19:45:00,6.028,0.2766576740331681,0,-0.11,-0.22,-0.11
2014-02-21 19:50:00,6.077999999999999,0.2714683773241268,0,-0.11,-0.22,-0.11
2014-02-21 19:55:00,6.037999999999999,0.27470809503912674,0,-0.11,-0.22,-0.11
2014-02-21 20:00:00,7.268,0.570664694075549,0,-0.11,-0.22,-0.11
2014-02-21 20:05:00,5.8660000000000005,0.3131754787463558,0,-0.11,-0.22,-0.11
2014-02-21 20:10:00,6.2520000000000024,0.29278296035400003,0,-0.11,-0.22,-0.11
2014-02-21 20:15:00,5.834,0.3198289828612503,0,-0.11,-0.22,-0.11
2014-02-21 20:20:00,6.04,0.2801634949517545,0,-0.11,-0.22,-0.11
2014-02-21 20:25:00,6.0420000000000025,0.2795075837683715,0,-0.11,-0.22,-0.11
2014-02-21 20:30:00,7.087999999999999,0.4768841761547686,0,-0.11,-0.22,-0.11
2014-02-21 20:35:00,5.834,0.3213103182866788,0,-0.11,-0.22,-0.11
2014-02-21 20:40:00,6.044,0.2832676821900267,0,-0.11,-0.22,-0.11
2014-02-21 20:45:00,5.626,0.35848053500498034,0,-0.11,-0.22,-0.11
2014-02-21 20:50:00,6.044,0.2785429130136098,0,-0.11,-0.22,-0.11
2014-02-21 20:55:00,6.04,0.27897077546221194,0,-0.11,-0.22,-0.11
2014-02-21 21:00:00,5.836,0.3155407421515081,0,-0.11,-0.22,-0.11
2014-02-21 21:05:00,5.626,0.3547594364874991,0,-0.11,-0.22,-0.11
2014-02-21 21:10:00,6.858,0.4239027737472271,0,-0.11,-0.22,-0.11
2014-02-21 21:15:00,6.25,0.2933410178806802,0,-0.11,-0.22,-0.11
2014-02-21 21:20:00,5.836,0.3154343201369188,0,-0.11,-0.22,-0.11
2014-02-21 21:25:00,6.047999999999999,0.2766926528496651,0,-0.11,-0.22,-0.11
2014-02-21 21:30:00,5.6,0.3597865095980445,0,-0.11,-0.22,-0.11
2014-02-21 21:35:00,5.834,0.3096961253220574,0,-0.11,-0.22,-0.11
2014-02-21 21:40:00,5.836,0.3078936714682785,0,-0.11,-0.22,-0.11
2014-02-21 21:45:00,5.822,0.3091763421533185,0,-0.11,-0.22,-0.11
2014-02-21 21:50:00,5.806,0.31082691904188803,0,-0.11,-0.22,-0.11
2014-02-21 21:55:00,6.022,0.2690132393672403,0,-0.11,-0.22,-0.11
2014-02-21 22:00:00,5.874,0.2970084133209045,0,-0.11,-0.22,-0.11
2014-02-21 22:05:00,6.466,0.3611963856255865,0,-0.11,-0.22,-0.11
2014-02-21 22:10:00,6.854,0.4420244863648973,0,-0.11,-0.22,-0.11
2014-02-21 22:15:00,5.834,0.3120423553563178,0,-0.11,-0.22,-0.11
2014-02-21 22:20:00,6.228,0.297539679502312,0,-0.11,-0.22,-0.11
2014-02-21 22:25:00,6.07,0.2696792607023625,0,-0.11,-0.22,-0.11
2014-02-21 22:30:00,6.044,0.27435864017318085,0,-0.11,-0.22,-0.11
2014-02-21 22:35:00,5.822,0.3174514007924173,0,-0.11,-0.22,-0.11
2014-02-21 22:40:00,6.226,0.30101022138670075,0,-0.11,-0.22,-0.11
2014-02-21 22:45:00,5.862,0.3099562719374414,0,-0.11,-0.22,-0.11
2014-02-21 22:50:00,6.004,0.27951297470048786,0,-0.11,-0.22,-0.11
2014-02-21 22:55:00,6.282,0.3162269083166896,0,-0.11,-0.22,-0.11
2014-02-21 23:00:00,5.822,0.3208982691072921,0,-0.11,-0.22,-0.11
2014-02-21 23:05:00,5.843999999999999,0.31385910302961983,0,-0.11,-0.22,-0.11
2014-02-21 23:10:00,6.287999999999999,0.32227733712224016,0,-0.11,-0.22,-0.11
2014-02-21 23:15:00,6.876,0.4679406573786199,0,-0.11,-0.22,-0.11
2014-02-21 23:20:00,6.25,0.29817404384629304,0,-0.11,-0.22,-0.11
2014-02-21 23:25:00,5.816,0.3268612732583069,0,-0.11,-0.22,-0.11
2014-02-21 23:30:00,5.864,0.3141979518528724,0,-0.11,-0.22,-0.11
2014-02-21 23:35:00,5.624,0.3653648714986865,0,-0.11,-0.22,-0.11
2014-02-21 23:40:00,6.044,0.2712697233689189,0,-0.11,-0.22,-0.11
2014-02-21 23:45:00,5.6160000000000005,0.3626751797375547,0,-0.11,-0.22,-0.11
2014-02-21 23:50:00,6.05,0.2720999826049065,0,-0.11,-0.22,-0.11
2014-02-21 23:55:00,5.77,0.3241178973830188,0,-0.11,-0.22,-0.11
2014-02-22 00:00:00,6.356,0.3405164836917713,0,-0.11,-0.22,-0.11
2014-02-22 00:05:00,6.876,0.4623178314873218,0,-0.11,-0.22,-0.11
2014-02-22 00:10:00,6.047999999999999,0.2746360485776973,0,-0.11,-0.22,-0.11
2014-02-22 00:15:00,5.816,0.31929328382109723,0,-0.11,-0.22,-0.11
2014-02-22 00:20:00,5.877999999999999,0.3048254451168293,0,-0.11,-0.22,-0.11
2014-02-22 00:25:00,5.622000000000001,0.3577070018334823,0,-0.11,-0.22,-0.11
2014-02-22 00:30:00,6.02,0.2715697185117927,0,-0.11,-0.22,-0.11
2014-02-22 00:35:00,5.626,0.35318329022923384,0,-0.11,-0.22,-0.11
2014-02-22 00:40:00,6.044,0.2748356694463555,0,-0.11,-0.22,-0.11
2014-02-22 00:45:00,5.808,0.3108222362218013,0,-0.11,-0.22,-0.11
2014-02-22 00:50:00,6.077999999999999,0.2837234440842557,0,-0.11,-0.22,-0.11
2014-02-22 00:55:00,6.026,0.27260531723345804,0,-0.11,-0.22,-0.11
2014-02-22 01:00:00,6.8820000000000014,0.4800579782998278,0,-0.11,-0.22,-0.11
2014-02-22 01:05:00,6.6679999999999975,0.393243767573925,0,-0.11,-0.22,-0.11
2014-02-22 01:10:00,6.21,0.2914873947083577,0,-0.11,-0.22,-0.11
2014-02-22 01:15:00,6.476,0.3427289978005675,0,-0.11,-0.22,-0.11
2014-02-22 01:20:00,5.87,0.31334937324072665,0,-0.11,-0.22,-0.11
2014-02-22 01:25:00,6.02,0.2830266310892047,0,-0.11,-0.22,-0.11
2014-02-22 01:30:00,6.29,0.3067777209995177,0,-0.11,-0.22,-0.11
2014-02-22 01:35:00,5.624,0.3676591190762289,0,-0.11,-0.22,-0.11
2014-02-22 01:40:00,6.224,0.29647901808240884,0,-0.11,-0.22,-0.11
2014-02-22 01:45:00,5.834,0.3189922430279743,0,-0.11,-0.22,-0.11
2014-02-22 01:50:00,6.044,0.27463519787765805,0,-0.11,-0.22,-0.11
2014-02-22 01:55:00,5.837999999999999,0.317124528234146,0,-0.11,-0.22,-0.11
2014-02-22 02:00:00,6.232,0.30427678835317706,0,-0.11,-0.22,-0.11
2014-02-22 02:05:00,5.604,0.3723780169535669,0,-0.11,-0.22,-0.11
2014-02-22 02:10:00,6.068,0.27334787046458825,0,-0.11,-0.22,-0.11
2014-02-22 02:15:00,6.278,0.3182237982918346,0,-0.11,-0.22,-0.11
2014-02-22 02:20:00,6.876,0.4633716633961649,0,-0.11,-0.22,-0.11
2014-02-22 02:25:00,5.8420000000000005,0.31846056800184736,0,-0.11,-0.22,-0.11
2014-02-22 02:30:00,5.816,0.321829530203662,0,-0.11,-0.22,-0.11
2014-02-22 02:35:00,5.654,0.354085211938456,0,-0.11,-0.22,-0.11
2014-02-22 02:40:00,6.0520000000000005,0.2689416137028717,0,-0.11,-0.22,-0.11
2014-02-22 02:45:00,5.82,0.3153133361269532,0,-0.11,-0.22,-0.11
2014-02-22 02:50:00,5.867999999999999,0.3035033473329632,0,-0.11,-0.22,-0.11
2014-02-22 02:55:00,6.0420000000000025,0.2709582795395,0,-0.11,-0.22,-0.11
2014-02-22 03:00:00,6.682,0.417613245877376,0,-0.11,-0.22,-0.11
2014-02-22 03:05:00,6.6579999999999995,0.3942800541027289,0,-0.11,-0.22,-0.11
2014-02-22 03:10:00,6.02,0.28264251631811405,0,-0.11,-0.22,-0.11
2014-02-22 03:15:00,5.86,0.3138769619105828,0,-0.11,-0.22,-0.11
2014-02-22 03:20:00,6.04,0.2763924517278034,0,-0.11,-0.22,-0.11
2014-02-22 03:25:00,6.0360000000000005,0.2769871221263643,0,-0.11,-0.22,-0.11
2014-02-22 03:30:00,6.256,0.3062790759630929,0,-0.11,-0.22,-0.11
2014-02-22 03:35:00,5.834,0.3223561832402213,0,-0.11,-0.22,-0.11
2014-02-22 03:40:00,6.256,0.3081967640321067,0,-0.11,-0.22,-0.11
2014-02-22 03:45:00,5.837999999999999,0.3222932143648505,0,-0.11,-0.22,-0.11
2014-02-22 03:50:00,6.2479999999999976,0.3082214449726911,0,-0.11,-0.22,-0.11
2014-02-22 03:55:00,6.04,0.2770834542646207,0,-0.11,-0.22,-0.11
2014-02-22 04:00:00,6.426,0.3521858422364693,0,-0.11,-0.22,-0.11
2014-02-22 04:05:00,5.827999999999999,0.3304232274743508,0,-0.11,-0.22,-0.11
2014-02-22 04:10:00,6.257999999999999,0.3096530876291164,0,-0.11,-0.22,-0.11
2014-02-22 04:15:00,6.018,0.2850460710072574,0,-0.11,-0.22,-0.11
2014-02-22 04:20:00,6.086,0.2690726048219865,0,-0.11,-0.22,-0.11
2014-02-22 04:25:00,6.04,0.2797190001919347,0,-0.11,-0.22,-0.11
2014-02-22 04:30:00,6.2520000000000024,0.3113493852238969,0,-0.11,-0.22,-0.11
2014-02-22 04:35:00,5.834,0.3362098154040851,0,-0.11,-0.22,-0.11
2014-02-22 04:40:00,6.047999999999999,0.2765334639054693,0,-0.11,-0.22,-0.11
2014-02-22 04:45:00,6.0360000000000005,0.2794122308715445,0,-0.11,-0.22,-0.11
2014-02-22 04:50:00,6.047999999999999,0.2759867968210605,0,-0.11,-0.22,-0.11
2014-02-22 04:55:00,6.0420000000000025,0.27741750751077976,0,-0.11,-0.22,-0.11
2014-02-22 05:00:00,5.84,0.33622316287322995,0,-0.11,-0.22,-0.11
2014-02-22 05:05:00,5.6160000000000005,0.4047540010111453,0,-0.11,-0.22,-0.11
2014-02-22 05:10:00,6.44,0.3837728079031497,0,-0.11,-0.22,-0.11
2014-02-22 05:15:00,5.862,0.32062279324429394,0,-0.11,-0.22,-0.11
2014-02-22 05:20:00,6.044,0.2701081344800534,0,-0.11,-0.22,-0.11
2014-02-22 05:25:00,5.814,0.333714629011076,0,-0.11,-0.22,-0.11
2014-02-22 05:30:00,6.077999999999999,0.2798245229271872,0,-0.11,-0.22,-0.11
2014-02-22 05:35:00,5.614,0.3955556905080305,0,-0.11,-0.22,-0.11
2014-02-22 05:40:00,6.024,0.27060378721223644,0,-0.11,-0.22,-0.11
2014-02-22 05:45:00,6.07,0.2828181140084729,0,-0.11,-0.22,-0.11
2014-02-22 05:50:00,5.82,0.3259663401609165,0,-0.11,-0.22,-0.11
2014-02-22 05:55:00,5.8660000000000005,0.3097828822787763,0,-0.11,-0.22,-0.11
2014-02-22 06:00:00,5.836,0.31737571430113243,0,-0.11,-0.22,-0.11
2014-02-22 06:05:00,6.026,0.2777286095990911,0,-0.11,-0.22,-0.11
2014-02-22 06:10:00,6.077999999999999,0.2929289533633723,0,-0.11,-0.22,-0.11
2014-02-22 06:15:00,5.834,0.3203494041565253,0,-0.11,-0.22,-0.11
2014-02-22 06:20:00,6.044,0.28457737442516834,0,-0.11,-0.22,-0.11
2014-02-22 06:25:00,6.0360000000000005,0.2816480773410477,0,-0.11,-0.22,-0.11
2014-02-22 06:30:00,6.8839999999999995,0.5996342159431897,0,-0.11,-0.22,-0.11
2014-02-22 06:35:00,6.0420000000000025,0.2691363105067631,0,-0.11,-0.22,-0.11
2014-02-22 06:40:00,6.434,0.3719896956461185,0,-0.11,-0.22,-0.11
2014-02-22 06:45:00,6.074,0.2720179958852701,0,-0.11,-0.22,-0.11
2014-02-22 06:50:00,6.2520000000000024,0.3168275464600391,0,-0.11,-0.22,-0.11
2014-02-22 06:55:00,6.02,0.2814854853510788,0,-0.11,-0.22,-0.11
2014-02-22 07:00:00,6.29,0.3273704463277706,0,-0.11,-0.22,-0.11
2014-02-22 07:05:00,6.037999999999999,0.2794761781387992,0,-0.11,-0.22,-0.11
2014-02-22 07:10:00,6.228,0.3093068980327667,0,-0.11,-0.22,-0.11
2014-02-22 07:15:00,5.834,0.3392853090673761,0,-0.11,-0.22,-0.11
2014-02-22 07:20:00,6.2479999999999976,0.31724766348954725,0,-0.11,-0.22,-0.11
2014-02-22 07:25:00,6.232,0.3107356160640724,0,-0.11,-0.22,-0.11
2014-02-22 07:30:00,6.058,0.2773139387215224,0,-0.11,-0.22,-0.11
2014-02-22 07:35:00,5.862,0.3355131642046673,0,-0.11,-0.22,-0.11
2014-02-22 07:40:00,6.04,0.2790349032638399,0,-0.11,-0.22,-0.11
2014-02-22 07:45:00,5.827999999999999,0.3443754732173644,0,-0.11,-0.22,-0.11
2014-02-22 07:50:00,6.044,0.27404095665896605,0,-0.11,-0.22,-0.11
2014-02-22 07:55:00,6.854,0.5435085957786443,0,-0.11,-0.22,-0.11
2014-02-22 08:00:00,6.287999999999999,0.3151064330891274,0,-0.11,-0.22,-0.11
2014-02-22 08:05:00,6.032,0.2879096457727672,0,-0.11,-0.22,-0.11
2014-02-22 08:10:00,5.604,0.40674711796524377,0,-0.11,-0.22,-0.11
2014-02-22 08:15:00,6.0420000000000025,0.2780335902546321,0,-0.11,-0.22,-0.11
2014-02-22 08:20:00,5.83,0.3317674714237515,0,-0.11,-0.22,-0.11
2014-02-22 08:25:00,5.814,0.3331094552978644,0,-0.11,-0.22,-0.11
2014-02-22 08:30:00,6.08,0.2752190768232378,0,-0.11,-0.22,-0.11
2014-02-22 08:35:00,5.626,0.38600061886907067,0,-0.11,-0.22,-0.11
2014-02-22 08:40:00,6.0420000000000025,0.27089061528577224,0,-0.11,-0.22,-0.11
2014-02-22 08:45:00,5.624,0.3792404473395535,0,-0.11,-0.22,-0.11
2014-02-22 08:50:00,6.05,0.2776006311683401,0,-0.11,-0.22,-0.11
2014-02-22 08:55:00,5.837999999999999,0.3140262812710386,0,-0.11,-0.22,-0.11
2014-02-22 09:00:00,6.2520000000000024,0.33331880588237833,0,-0.11,-0.22,-0.11
2014-02-22 09:05:00,6.037999999999999,0.2736855388319827,0,-0.11,-0.22,-0.11
2014-02-22 09:10:00,6.46,0.3934867499041602,0,-0.11,-0.22,-0.11
2014-02-22 09:15:00,5.8320000000000025,0.3228688367301761,0,-0.11,-0.22,-0.11
2014-02-22 09:20:00,6.2520000000000024,0.3264314226021698,0,-0.11,-0.22,-0.11
2014-02-22 09:25:00,6.0420000000000025,0.26904102555929965,0,-0.11,-0.22,-0.11
2014-02-22 09:30:00,6.2379999999999995,0.3214662328172328,0,-0.11,-0.22,-0.11
2014-02-22 09:35:00,5.862,0.3205459696254877,0,-0.11,-0.22,-0.11
2014-02-22 09:40:00,6.047999999999999,0.2703348649612135,0,-0.11,-0.22,-0.11
2014-02-22 09:45:00,6.0420000000000025,0.26918763766844234,0,-0.11,-0.22,-0.11
2014-02-22 09:50:00,6.044,0.26924951851712586,0,-0.11,-0.22,-0.11
2014-02-22 09:55:00,5.83,0.3327875781054163,0,-0.11,-0.22,-0.11
2014-02-22 10:00:00,6.232,0.3289353728210693,0,-0.11,-0.22,-0.11
2014-02-22 10:05:00,5.862,0.32322108701866936,0,-0.11,-0.22,-0.11
2014-02-22 10:10:00,6.652,0.4763428848433188,0,-0.11,-0.22,-0.11
2014-02-22 10:15:00,5.626,0.3922734723422893,0,-0.11,-0.22,-0.11
2014-02-22 10:20:00,6.05,0.2708138657696714,0,-0.11,-0.22,-0.11
2014-02-22 10:25:00,5.834,0.3238122761525052,0,-0.11,-0.22,-0.11
2014-02-22 10:30:00,6.02,0.2720241637811923,0,-0.11,-0.22,-0.11
2014-02-22 10:35:00,5.626,0.3849195783096593,0,-0.11,-0.22,-0.11
2014-02-22 10:40:00,6.09,0.2889609967871548,0,-0.11,-0.22,-0.11
2014-02-22 10:45:00,5.614,0.3822478765401892,0,-0.11,-0.22,-0.11
2014-02-22 10:50:00,6.044,0.2811514150865205,0,-0.11,-0.22,-0.11
2014-02-22 10:55:00,6.0420000000000025,0.2803084634335379,0,-0.11,-0.22,-0.11
2014-02-22 11:00:00,5.836,0.3134998487862566,0,-0.11,-0.22,-0.11
2014-02-22 11:05:00,6.428,0.3975890671908132,0,-0.11,-0.22,-0.11
2014-02-22 11:10:00,6.077999999999999,0.2854754501875929,0,-0.11,-0.22,-0.11
2014-02-22 11:15:00,5.834,0.31853720077554804,0,-0.11,-0.22,-0.11
2014-02-22 11:20:00,5.836,0.3160082119860914,0,-0.11,-0.22,-0.11
2014-02-22 11:25:00,6.022,0.2750736427115803,0,-0.11,-0.22,-0.11
2014-02-22 11:30:00,6.29,0.35442871275648496,0,-0.11,-0.22,-0.11
2014-02-22 11:35:00,5.834,0.3202220633616416,0,-0.11,-0.22,-0.11
2014-02-22 11:40:00,6.4639999999999995,0.4097538975275061,0,-0.11,-0.22,-0.11
2014-02-22 11:45:00,5.837999999999999,0.3206347235609375,0,-0.11,-0.22,-0.11
2014-02-22 11:50:00,6.0420000000000025,0.27496563936389673,0,-0.11,-0.22,-0.11
2014-02-22 11:55:00,6.0420000000000025,0.2748108424144484,0,-0.11,-0.22,-0.11
2014-02-22 12:00:00,6.044,0.2752152161013229,0,-0.11,-0.22,-0.11
2014-02-22 12:05:00,6.226,0.3297745454973652,0,-0.11,-0.22,-0.11
2014-02-22 12:10:00,6.474,0.4097137540289705,0,-0.11,-0.22,-0.11
2014-02-22 12:15:00,5.83,0.3329115099944796,0,-0.11,-0.22,-0.11
2014-02-22 12:20:00,6.022,0.274722874631483,0,-0.11,-0.22,-0.11
2014-02-22 12:25:00,5.816,0.3355490991620081,0,-0.11,-0.22,-0.11
2014-02-22 12:30:00,6.0820000000000025,0.28325233783093723,0,-0.11,-0.22,-0.11
2014-02-22 12:35:00,5.816,0.3347451046305877,0,-0.11,-0.22,-0.11
2014-02-22 12:40:00,6.2860000000000005,0.3499147579609224,0,-0.11,-0.22,-0.11
2014-02-22 12:45:00,5.827999999999999,0.3315143050252881,0,-0.11,-0.22,-0.11
2014-02-22 12:50:00,5.824,0.3298649045903715,0,-0.11,-0.22,-0.11
2014-02-22 12:55:00,5.862,0.31502215545639634,0,-0.11,-0.22,-0.11
2014-02-22 13:00:00,6.044,0.2796053872877856,0,-0.11,-0.22,-0.11
2014-02-22 13:05:00,6.254,0.3475504703375747,0,-0.11,-0.22,-0.11
2014-02-22 13:10:00,6.204,0.32624452170425194,0,-0.11,-0.22,-0.11
2014-02-22 13:15:00,5.654,0.39492257626393695,0,-0.11,-0.22,-0.11
2014-02-22 13:20:00,5.84,0.32095344907213336,0,-0.11,-0.22,-0.11
2014-02-22 13:25:00,6.018,0.2731863312411567,0,-0.11,-0.22,-0.11
2014-02-22 13:30:00,6.29,0.3617508869642117,0,-0.11,-0.22,-0.11
2014-02-22 13:35:00,5.834,0.3262544312786119,0,-0.11,-0.22,-0.11
2014-02-22 13:40:00,6.46,0.42011259511355065,0,-0.11,-0.22,-0.11
2014-02-22 13:45:00,5.834,0.3268839025385228,0,-0.11,-0.22,-0.11
2014-02-22 13:50:00,6.877999999999999,0.5529260443518742,0,-0.11,-0.22,-0.11
2014-02-22 13:55:00,6.037999999999999,0.2748955446367954,0,-0.11,-0.22,-0.11
2014-02-22 14:00:00,5.824,0.3266793474647713,0,-0.11,-0.22,-0.11
2014-02-22 14:05:00,5.83,0.322614878133347,0,-0.11,-0.22,-0.11
2014-02-22 14:10:00,6.0520000000000005,0.2716602108276246,0,-0.11,-0.22,-0.11
2014-02-22 14:15:00,5.8320000000000025,0.3214114725113339,0,-0.11,-0.22,-0.11
2014-02-22 14:20:00,6.8839999999999995,0.5111215320835772,0,-0.11,-0.22,-0.11
2014-02-22 14:25:00,5.834,0.3199231699536625,0,-0.11,-0.22,-0.11
2014-02-22 14:30:00,6.044,0.2724698666391766,0,-0.11,-0.22,-0.11
2014-02-22 14:35:00,5.6,0.3755535303162809,0,-0.11,-0.22,-0.11
2014-02-22 14:40:00,6.284,0.32228008943245884,0,-0.11,-0.22,-0.11
2014-02-22 14:45:00,5.83,0.31670763330503704,0,-0.11,-0.22,-0.11
2014-02-22 14:50:00,5.836,0.3134904357087853,0,-0.11,-0.22,-0.11
2014-02-22 14:55:00,6.0420000000000025,0.27182184773187795,0,-0.11,-0.22,-0.11
2014-02-22 15:00:00,5.834,0.3136462542323089,0,-0.11,-0.22,-0.11
2014-02-22 15:05:00,5.822,0.3149055321635293,0,-0.11,-0.22,-0.11
2014-02-22 15:10:00,6.024,0.2722034370944697,0,-0.11,-0.22,-0.11
2014-02-22 15:15:00,6.694,0.4508858848024161,0,-0.11,-0.22,-0.11
2014-02-22 15:20:00,6.044,0.2690391449974422,0,-0.11,-0.22,-0.11
2014-02-22 15:25:00,5.827999999999999,0.3176831262923538,0,-0.11,-0.22,-0.11
2014-02-22 15:30:00,6.024,0.2710331823033855,0,-0.11,-0.22,-0.11
2014-02-22 15:35:00,5.4179999999999975,0.424591702855815,0,-0.11,-0.22,-0.11
2014-02-22 15:40:00,6.2520000000000024,0.3235666292745151,0,-0.11,-0.22,-0.11
2014-02-22 15:45:00,6.03,0.2721158714800734,0,-0.11,-0.22,-0.11
2014-02-22 15:50:00,5.834,0.30960718819618016,0,-0.11,-0.22,-0.11
2014-02-22 15:55:00,5.834,0.3081777857239456,0,-0.11,-0.22,-0.11
2014-02-22 16:00:00,6.044,0.2792893108417586,0,-0.11,-0.22,-0.11
2014-02-22 16:05:00,6.034,0.276696236984436,0,-0.11,-0.22,-0.11
2014-02-22 16:10:00,6.864,0.5057862973389906,0,-0.11,-0.22,-0.11
2014-02-22 16:15:00,6.0420000000000025,0.2695363563108916,0,-0.11,-0.22,-0.11
2014-02-22 16:20:00,6.044,0.2691158968661007,0,-0.11,-0.22,-0.11
2014-02-22 16:25:00,5.824,0.31720510673177044,0,-0.11,-0.22,-0.11
2014-02-22 16:30:00,5.834,0.3130275744496899,0,-0.11,-0.22,-0.11
2014-02-22 16:35:00,5.834,0.3114095191668168,0,-0.11,-0.22,-0.11
2014-02-22 16:40:00,6.436,0.3696347844474784,0,-0.11,-0.22,-0.11
2014-02-22 16:45:00,5.834,0.3138918048917174,0,-0.11,-0.22,-0.11
2014-02-22 16:50:00,6.016,0.27095892492558354,0,-0.11,-0.22,-0.11
2014-02-22 16:55:00,6.0420000000000025,0.27276045688158673,0,-0.11,-0.22,-0.11
2014-02-22 17:00:00,6.2479999999999976,0.32237727300613345,0,-0.11,-0.22,-0.11
2014-02-22 17:05:00,5.8320000000000025,0.31854623062599285,0,-0.11,-0.22,-0.11
2014-02-22 17:10:00,6.228,0.3183465896823957,0,-0.11,-0.22,-0.11
2014-02-22 17:15:00,5.834,0.31934556468489034,0,-0.11,-0.22,-0.11
2014-02-22 17:20:00,6.648,0.4391241854116906,0,-0.11,-0.22,-0.11
2014-02-22 17:25:00,6.02,0.2772412711970788,0,-0.11,-0.22,-0.11
2014-02-22 17:30:00,6.062,0.2703537348710537,0,-0.11,-0.22,-0.11
2014-02-22 17:35:00,5.8420000000000005,0.3209259571321073,0,-0.11,-0.22,-0.11
2014-02-22 17:40:00,6.0820000000000025,0.2775647258493665,0,-0.11,-0.22,-0.11
2014-02-22 17:45:00,6.026,0.274023418294937,0,-0.11,-0.22,-0.11
2014-02-22 17:50:00,5.87,0.314185280917826,0,-0.11,-0.22,-0.11
2014-02-22 17:55:00,6.25,0.324966031277222,0,-0.11,-0.22,-0.11
2014-02-22 18:00:00,6.028,0.27397397175402904,0,-0.11,-0.22,-0.11
2014-02-22 18:05:00,5.626,0.3896681556974184,0,-0.11,-0.22,-0.11
2014-02-22 18:10:00,6.25,0.32793158199085043,0,-0.11,-0.22,-0.11
2014-02-22 18:15:00,5.83,0.3236818754781575,0,-0.11,-0.22,-0.11
2014-02-22 18:20:00,5.796,0.3309647171742541,0,-0.11,-0.22,-0.11
2014-02-22 18:25:00,6.494,0.40575494279711294,0,-0.11,-0.22,-0.11
2014-02-22 18:30:00,6.44,0.3753534606312379,0,-0.11,-0.22,-0.11
2014-02-22 18:35:00,5.654,0.37363654573778543,0,-0.11,-0.22,-0.11
2014-02-22 18:40:00,6.044,0.2701044721197388,0,-0.11,-0.22,-0.11
2014-02-22 18:45:00,5.834,0.3197505254678053,0,-0.11,-0.22,-0.11
2014-02-22 18:50:00,5.822,0.3208698493430772,0,-0.11,-0.22,-0.11
2014-02-22 18:55:00,5.862,0.3082271813864529,0,-0.11,-0.22,-0.11
2014-02-22 19:00:00,6.85,0.5112396151325628,0,-0.11,-0.22,-0.11
2014-02-22 19:05:00,6.024,0.27488661382453505,0,-0.11,-0.22,-0.11
2014-02-22 19:10:00,6.282,0.3202924203487645,0,-0.11,-0.22,-0.11
2014-02-22 19:15:00,6.0420000000000025,0.27340784588877337,0,-0.11,-0.22,-0.11
2014-02-22 19:20:00,6.222,0.3054479212129158,0,-0.11,-0.22,-0.11
2014-02-22 19:25:00,6.0420000000000025,0.2751853544451853,0,-0.11,-0.22,-0.11
2014-02-22 19:30:00,6.044,0.274560791953508,0,-0.11,-0.22,-0.11
2014-02-22 19:35:00,6.0420000000000025,0.2748924155748431,0,-0.11,-0.22,-0.11
2014-02-22 19:40:00,6.044,0.27425164970807736,0,-0.11,-0.22,-0.11
2014-02-22 19:45:00,6.028,0.2781340946616861,0,-0.11,-0.22,-0.11
2014-02-22 19:50:00,6.0360000000000005,0.27583070635928275,0,-0.11,-0.22,-0.11
2014-02-22 19:55:00,6.037999999999999,0.2751255915237313,0,-0.11,-0.22,-0.11
2014-02-22 20:00:00,6.024,0.2787666457429365,0,-0.11,-0.22,-0.11
2014-02-22 20:05:00,5.862,0.3259297343455556,0,-0.11,-0.22,-0.11
2014-02-22 20:10:00,6.044,0.2702655489951881,0,-0.11,-0.22,-0.11
2014-02-22 20:15:00,5.834,0.33377042417541364,0,-0.11,-0.22,-0.11
2014-02-22 20:20:00,6.022,0.27346455174863604,0,-0.11,-0.22,-0.11
2014-02-22 20:25:00,5.806,0.3413520471919601,0,-0.11,-0.22,-0.11
2014-02-22 20:30:00,6.062,0.27972327028815896,0,-0.11,-0.22,-0.11
2014-02-22 20:35:00,6.0360000000000005,0.2715481583613136,0,-0.11,-0.22,-0.11
2014-02-22 20:40:00,6.894,0.587001033861558,0,-0.11,-0.22,-0.11
2014-02-22 20:45:00,6.0420000000000025,0.27576995979444835,0,-0.11,-0.22,-0.11
2014-02-22 20:50:00,6.028,0.2790067270316572,0,-0.11,-0.22,-0.11
2014-02-22 20:55:00,5.8420000000000005,0.32767722626817714,0,-0.11,-0.22,-0.11
2014-02-22 21:00:00,6.087999999999999,0.2768640362395586,0,-0.11,-0.22,-0.11
2014-02-22 21:05:00,6.876,0.5137928135976173,0,-0.11,-0.22,-0.11
2014-02-22 21:10:00,6.654,0.4012370086688449,0,-0.11,-0.22,-0.11
2014-02-22 21:15:00,5.652,0.3746769948231529,0,-0.11,-0.22,-0.11
2014-02-22 21:20:00,5.834,0.3250693945488514,0,-0.11,-0.22,-0.11
2014-02-22 21:25:00,5.822,0.3253186129944039,0,-0.11,-0.22,-0.11
2014-02-22 21:30:00,5.816,0.3242308780785806,0,-0.11,-0.22,-0.11
2014-02-22 21:35:00,6.024,0.2769223791240075,0,-0.11,-0.22,-0.11
2014-02-22 21:40:00,6.296,0.32053553504964444,0,-0.11,-0.22,-0.11
2014-02-22 21:45:00,6.028,0.27847419660560185,0,-0.11,-0.22,-0.11
2014-02-22 21:50:00,6.074,0.26968995332400103,0,-0.11,-0.22,-0.11
2014-02-22 21:55:00,6.0360000000000005,0.27670057183904845,0,-0.11,-0.22,-0.11
2014-02-22 22:00:00,6.256,0.31349064316778685,0,-0.11,-0.22,-0.11
2014-02-22 22:05:00,5.827999999999999,0.3304281373985313,0,-0.11,-0.22,-0.11
2014-02-22 22:10:00,6.648,0.4225556223349497,0,-0.11,-0.22,-0.11
2014-02-22 22:15:00,6.6960000000000015,0.4161671892777519,0,-0.11,-0.22,-0.11
2014-02-22 22:20:00,6.232,0.2912035697327093,0,-0.11,-0.22,-0.11
2014-02-22 22:25:00,5.834,0.3346784614335221,0,-0.11,-0.22,-0.11
2014-02-22 22:30:00,6.024,0.2884390492717371,0,-0.11,-0.22,-0.11
2014-02-22 22:35:00,5.827999999999999,0.33339416626809604,0,-0.11,-0.22,-0.11
2014-02-22 22:40:00,6.25,0.3030377003408061,0,-0.11,-0.22,-0.11
2014-02-22 22:45:00,5.626,0.3851167961071192,0,-0.11,-0.22,-0.11
2014-02-22 22:50:00,6.03,0.27974962597683445,0,-0.11,-0.22,-0.11
2014-02-22 22:55:00,6.064,0.2719846979082048,0,-0.11,-0.22,-0.11
2014-02-22 23:00:00,5.816,0.3307869436280815,0,-0.11,-0.22,-0.11
2014-02-22 23:05:00,5.872000000000001,0.31403856490978665,0,-0.11,-0.22,-0.11
2014-02-22 23:10:00,6.016,0.2778005408727883,0,-0.11,-0.22,-0.11
2014-02-22 23:15:00,5.834,0.3227851735624329,0,-0.11,-0.22,-0.11
2014-02-22 23:20:00,6.47,0.3805229472687885,0,-0.11,-0.22,-0.11
2014-02-22 23:25:00,6.6679999999999975,0.4261686206617471,0,-0.11,-0.22,-0.11
2014-02-22 23:30:00,5.836,0.3268374292463045,0,-0.11,-0.22,-0.11
2014-02-22 23:35:00,5.834,0.324768703564703,0,-0.11,-0.22,-0.11
2014-02-22 23:40:00,5.803999999999999,0.3296173655923613,0,-0.11,-0.22,-0.11
2014-02-22 23:45:00,5.843999999999999,0.317194451762286,0,-0.11,-0.22,-0.11
2014-02-22 23:50:00,6.077999999999999,0.2763980007369114,0,-0.11,-0.22,-0.11
2014-02-22 23:55:00,5.774,0.3346609724807645,0,-0.11,-0.22,-0.11
2014-02-23 00:00:00,6.162000000000001,0.2993174713914276,0,-0.11,-0.22,-0.11
2014-02-23 00:05:00,5.83,0.32000859215195826,0,-0.11,-0.22,-0.11
2014-02-23 00:10:00,6.256,0.3254803672966041,0,-0.11,-0.22,-0.11
2014-02-23 00:15:00,6.0360000000000005,0.2698702167619408,0,-0.11,-0.22,-0.11
2014-02-23 00:20:00,6.644,0.4369470400709856,0,-0.11,-0.22,-0.11
2014-02-23 00:25:00,6.904,0.4862980848860568,0,-0.11,-0.22,-0.11
2014-02-23 00:30:00,6.018,0.2873985406924353,0,-0.11,-0.22,-0.11
2014-02-23 00:35:00,5.822,0.3288328725548973,0,-0.11,-0.22,-0.11
2014-02-23 00:40:00,7.916,0.6999731709409335,0,-0.11,-0.22,-0.11
2014-02-23 00:45:00,5.83,0.3166957584828202,0,-0.11,-0.22,-0.11
2014-02-23 00:50:00,6.044,0.28513394622531624,0,-0.11,-0.22,-0.11
2014-02-23 00:55:00,5.834,0.3145543036158431,0,-0.11,-0.22,-0.11
2014-02-23 01:00:00,5.836,0.3125513431781909,0,-0.11,-0.22,-0.11
2014-02-23 01:05:00,5.834,0.31126006755253605,0,-0.11,-0.22,-0.11
2014-02-23 01:10:00,6.46,0.3199588870323972,0,-0.11,-0.22,-0.11
2014-02-23 01:15:00,5.612,0.34823891168536225,0,-0.11,-0.22,-0.11
2014-02-23 01:20:00,5.88,0.301757558541543,0,-0.11,-0.22,-0.11
2014-02-23 01:25:00,6.0360000000000005,0.2773151488806629,0,-0.11,-0.22,-0.11
2014-02-23 01:30:00,6.2520000000000024,0.2933080802990831,0,-0.11,-0.22,-0.11
2014-02-23 01:35:00,6.642,0.3579679986813094,0,-0.11,-0.22,-0.11
2014-02-23 01:40:00,7.102,0.4349827047121953,0,-0.11,-0.22,-0.11
2014-02-23 01:45:00,5.862,0.3138175500240429,0,-0.11,-0.22,-0.11
2014-02-23 01:50:00,6.004,0.2910362351075185,0,-0.11,-0.22,-0.11
2014-02-23 01:55:00,6.05,0.28360234052756544,0,-0.11,-0.22,-0.11
2014-02-23 02:00:00,6.2620000000000005,0.28609949866475204,0,-0.11,-0.22,-0.11
2014-02-23 02:05:00,5.827999999999999,0.3199288793568919,0,-0.11,-0.22,-0.11
2014-02-23 02:10:00,6.263999999999999,0.2887008219914521,0,-0.11,-0.22,-0.11
2014-02-23 02:15:00,7.0820000000000025,0.4350226447199271,0,-0.11,-0.22,-0.11
2014-02-23 02:20:00,6.25,0.27764365308255096,0,-0.11,-0.22,-0.11
2014-02-23 02:25:00,5.834,0.3242320956782925,0,-0.11,-0.22,-0.11
2014-02-23 02:30:00,6.0420000000000025,0.2888793868966097,0,-0.11,-0.22,-0.11
2014-02-23 02:35:00,5.822,0.3241061096254809,0,-0.11,-0.22,-0.11
2014-02-23 02:40:00,6.024,0.28863318039388913,0,-0.11,-0.22,-0.11
2014-02-23 02:45:00,5.626,0.3567944080522676,0,-0.11,-0.22,-0.11
2014-02-23 02:50:00,6.0020000000000024,0.2872413683697129,0,-0.11,-0.22,-0.11
2014-02-23 02:55:00,5.862,0.31025859187507915,0,-0.11,-0.22,-0.11
2014-02-23 03:00:00,5.62,0.3524606733431596,0,-0.11,-0.22,-0.11
2014-02-23 03:05:00,5.6320000000000014,0.3451518991977163,0,-0.11,-0.22,-0.11
2014-02-23 03:10:00,7.087999999999999,0.45894764875572996,0,-0.11,-0.22,-0.11
2014-02-23 03:15:00,6.442,0.3193602210867591,0,-0.11,-0.22,-0.11
2014-02-23 03:20:00,5.87,0.3067650223275373,0,-0.11,-0.22,-0.11
2014-02-23 03:25:00,5.827999999999999,0.3121634815939023,0,-0.11,-0.22,-0.11
2014-02-23 03:30:00,5.836,0.3092987799251226,0,-0.11,-0.22,-0.11
2014-02-23 03:35:00,5.626,0.3433807490366785,0,-0.11,-0.22,-0.11
2014-02-23 03:40:00,6.2520000000000024,0.2989781467914986,0,-0.11,-0.22,-0.11
2014-02-23 03:45:00,5.626,0.3425864518548269,0,-0.11,-0.22,-0.11
2014-02-23 03:50:00,5.836,0.3027442193099111,0,-0.11,-0.22,-0.11
2014-02-23 03:55:00,5.822,0.30401536223609865,0,-0.11,-0.22,-0.11
2014-02-23 04:00:00,6.64,0.37770782299959815,0,-0.11,-0.22,-0.11
2014-02-23 04:05:00,5.606,0.3446572646019401,0,-0.11,-0.22,-0.11
2014-02-23 04:10:00,6.294,0.31123125514003946,0,-0.11,-0.22,-0.11
2014-02-23 04:15:00,6.0360000000000005,0.27070177202016205,0,-0.11,-0.22,-0.11
2014-02-23 04:20:00,6.228,0.2993704775804886,0,-0.11,-0.22,-0.11
2014-02-23 04:25:00,6.0420000000000025,0.271204057896238,0,-0.11,-0.22,-0.11
2014-02-23 04:30:00,6.2520000000000024,0.3037035216741469,0,-0.11,-0.22,-0.11
2014-02-23 04:35:00,5.834,0.3107307228101138,0,-0.11,-0.22,-0.11
2014-02-23 04:40:00,6.2520000000000024,0.3053303606197755,0,-0.11,-0.22,-0.11
2014-02-23 04:45:00,5.82,0.31471781422656386,0,-0.11,-0.22,-0.11
2014-02-23 04:50:00,6.058,0.2702107908360143,0,-0.11,-0.22,-0.11
2014-02-23 04:55:00,6.066,0.2716793990970676,0,-0.11,-0.22,-0.11
2014-02-23 05:00:00,6.232,0.30476200675395826,0,-0.11,-0.22,-0.11
2014-02-23 05:05:00,5.862,0.3095309659236073,0,-0.11,-0.22,-0.11
2014-02-23 05:10:00,6.028,0.2735631495076691,0,-0.11,-0.22,-0.11
2014-02-23 05:15:00,5.862,0.3089031812371841,0,-0.11,-0.22,-0.11
2014-02-23 05:20:00,6.024,0.2723941039235709,0,-0.11,-0.22,-0.11
2014-02-23 05:25:00,5.6579999999999995,0.35726749739334,0,-0.11,-0.22,-0.11
2014-02-23 05:30:00,6.232,0.3155952978656632,0,-0.11,-0.22,-0.11
2014-02-23 05:35:00,5.204,0.4742946048270178,0,-0.11,-0.22,-0.11
2014-02-23 05:40:00,6.4579999999999975,0.3649959478583029,0,-0.11,-0.22,-0.11
2014-02-23 05:45:00,5.834,0.3032199980691328,0,-0.11,-0.22,-0.11
2014-02-23 05:50:00,5.836,0.3017022287139937,0,-0.11,-0.22,-0.11
2014-02-23 05:55:00,6.0420000000000025,0.2778632086082419,0,-0.11,-0.22,-0.11
2014-02-23 06:00:00,6.024,0.2740381533164893,0,-0.11,-0.22,-0.11
2014-02-23 06:05:00,5.862,0.29753856390406586,0,-0.11,-0.22,-0.11
2014-02-23 06:10:00,6.0420000000000025,0.2792263175174664,0,-0.11,-0.22,-0.11
2014-02-23 06:15:00,5.626,0.3534903387340605,0,-0.11,-0.22,-0.11
2014-02-23 06:20:00,5.794,0.3088349168162249,0,-0.11,-0.22,-0.11
2014-02-23 06:25:00,5.8660000000000005,0.291096593084898,0,-0.11,-0.22,-0.11
2014-02-23 06:30:00,6.2520000000000024,0.3364585798481572,0,-0.11,-0.22,-0.11
2014-02-23 06:35:00,6.026,0.27980303529562583,0,-0.11,-0.22,-0.11
2014-02-23 06:40:00,6.2860000000000005,0.3428628092971608,0,-0.11,-0.22,-0.11
2014-02-23 06:45:00,5.834,0.3063855485360955,0,-0.11,-0.22,-0.11
2014-02-23 06:50:00,6.044,0.282208400588645,0,-0.11,-0.22,-0.11
2014-02-23 06:55:00,6.05,0.2832998164838094,0,-0.11,-0.22,-0.11
2014-02-23 07:00:00,6.204,0.3224486366661706,0,-0.11,-0.22,-0.11
2014-02-23 07:05:00,5.848,0.3080952343660893,0,-0.11,-0.22,-0.11
2014-02-23 07:10:00,5.867999999999999,0.30144249266586226,0,-0.11,-0.22,-0.11
2014-02-23 07:15:00,6.0360000000000005,0.28091349939166105,0,-0.11,-0.22,-0.11
2014-02-23 07:20:00,6.046,0.28324905052639404,0,-0.11,-0.22,-0.11
2014-02-23 07:25:00,5.808,0.3207861981644156,0,-0.11,-0.22,-0.11
2014-02-23 07:30:00,6.046,0.28560467867802136,0,-0.11,-0.22,-0.11
2014-02-23 07:35:00,5.65,0.3705554221357176,0,-0.11,-0.22,-0.11
2014-02-23 07:40:00,6.25,0.3497788227015993,0,-0.11,-0.22,-0.11
2014-02-23 07:45:00,6.016,0.2772993244197325,0,-0.11,-0.22,-0.11
2014-02-23 07:50:00,6.077999999999999,0.29465154827248924,0,-0.11,-0.22,-0.11
2014-02-23 07:55:00,7.074,0.6311350454913611,0,-0.11,-0.22,-0.11
2014-02-23 08:00:00,6.2520000000000024,0.3120984766122455,0,-0.11,-0.22,-0.11
2014-02-23 08:05:00,5.614,0.3669711106873059,0,-0.11,-0.22,-0.11
2014-02-23 08:10:00,6.44,0.3568487338296121,0,-0.11,-0.22,-0.11
2014-02-23 08:15:00,5.862,0.3082578289368725,0,-0.11,-0.22,-0.11
2014-02-23 08:20:00,6.044,0.2689784146614458,0,-0.11,-0.22,-0.11
2014-02-23 08:25:00,6.024,0.2731018720386958,0,-0.11,-0.22,-0.11
2014-02-23 08:30:00,6.058,0.2720756003425226,0,-0.11,-0.22,-0.11
2014-02-23 08:35:00,5.834,0.3166065111071835,0,-0.11,-0.22,-0.11
2014-02-23 08:40:00,6.0520000000000005,0.2730311525169232,0,-0.11,-0.22,-0.11
2014-02-23 08:45:00,5.834,0.3162452484306548,0,-0.11,-0.22,-0.11
2014-02-23 08:50:00,6.03,0.27023619113608993,0,-0.11,-0.22,-0.11
2014-02-23 08:55:00,6.0420000000000025,0.2730257014363635,0,-0.11,-0.22,-0.11
2014-02-23 09:00:00,6.2520000000000024,0.32657088810978685,0,-0.11,-0.22,-0.11
2014-02-23 09:05:00,5.827999999999999,0.3223262796399062,0,-0.11,-0.22,-0.11
2014-02-23 09:10:00,6.044,0.2732764526952731,0,-0.11,-0.22,-0.11
2014-02-23 09:15:00,5.61,0.3851989124717792,0,-0.11,-0.22,-0.11
2014-02-23 09:20:00,6.02,0.2722550129442183,0,-0.11,-0.22,-0.11
2014-02-23 09:25:00,5.614,0.3768837567540827,0,-0.11,-0.22,-0.11
2014-02-23 09:30:00,5.836,0.3071253937971956,0,-0.11,-0.22,-0.11
2014-02-23 09:35:00,5.827999999999999,0.3079565422511426,0,-0.11,-0.22,-0.11
2014-02-23 09:40:00,6.044,0.28731153566174145,0,-0.11,-0.22,-0.11
2014-02-23 09:45:00,5.414,0.4338625005570013,0,-0.11,-0.22,-0.11
2014-02-23 09:50:00,6.25,0.34602000141406897,0,-0.11,-0.22,-0.11
2014-02-23 09:55:00,6.0420000000000025,0.2879937258326097,0,-0.11,-0.22,-0.11
2014-02-23 10:00:00,6.044,0.2879662512248056,0,-0.11,-0.22,-0.11
2014-02-23 10:05:00,5.626,0.36194786712704496,0,-0.11,-0.22,-0.11
2014-02-23 10:10:00,6.256,0.34854389543230513,0,-0.11,-0.22,-0.11
2014-02-23 10:15:00,6.034,0.2850802636689989,0,-0.11,-0.22,-0.11
2014-02-23 10:20:00,6.044,0.28721778926288377,0,-0.11,-0.22,-0.11
2014-02-23 10:25:00,6.44,0.4014003736045171,0,-0.11,-0.22,-0.11
2014-02-23 10:30:00,6.062,0.2845271121012112,0,-0.11,-0.22,-0.11
2014-02-23 10:35:00,6.074,0.2871904458599892,0,-0.11,-0.22,-0.11
2014-02-23 10:40:00,6.062,0.28352936490519515,0,-0.11,-0.22,-0.11
2014-02-23 10:45:00,5.62,0.38071215581820506,0,-0.11,-0.22,-0.11
2014-02-23 10:50:00,6.044,0.2830730603840709,0,-0.11,-0.22,-0.11
2014-02-23 10:55:00,6.032,0.2795059798893337,0,-0.11,-0.22,-0.11
2014-02-23 11:00:00,5.834,0.3132839530105347,0,-0.11,-0.22,-0.11
2014-02-23 11:05:00,6.0420000000000025,0.2843719331969229,0,-0.11,-0.22,-0.11
2014-02-23 11:10:00,6.6679999999999975,0.488258696058189,0,-0.11,-0.22,-0.11
2014-02-23 11:15:00,5.83,0.31719682967847423,0,-0.11,-0.22,-0.11
2014-02-23 11:20:00,5.846,0.3110984317686148,0,-0.11,-0.22,-0.11
2014-02-23 11:25:00,6.022,0.2732639954643145,0,-0.11,-0.22,-0.11
2014-02-23 11:30:00,5.867999999999999,0.30491728888673764,0,-0.11,-0.22,-0.11
2014-02-23 11:35:00,5.82,0.3171364629770843,0,-0.11,-0.22,-0.11
2014-02-23 11:40:00,5.867999999999999,0.3017216261588524,0,-0.11,-0.22,-0.11
2014-02-23 11:45:00,5.8260000000000005,0.3127285148749916,0,-0.11,-0.22,-0.11
2014-02-23 11:50:00,6.044,0.2877707526895644,0,-0.11,-0.22,-0.11
2014-02-23 11:55:00,5.834,0.31080247057290994,0,-0.11,-0.22,-0.11
2014-02-23 12:00:00,6.044,0.2896814284138209,0,-0.11,-0.22,-0.11
2014-02-23 12:05:00,5.834,0.3114284153773189,0,-0.11,-0.22,-0.11
2014-02-23 12:10:00,6.026,0.2861049930519682,0,-0.11,-0.22,-0.11
2014-02-23 12:15:00,6.25,0.35983959475197025,0,-0.11,-0.22,-0.11
2014-02-23 12:20:00,5.843999999999999,0.3125578385830419,0,-0.11,-0.22,-0.11
2014-02-23 12:25:00,5.82,0.3188588739506951,0,-0.11,-0.22,-0.11
2014-02-23 12:30:00,6.0520000000000005,0.2944869451637306,0,-0.11,-0.22,-0.11
2014-02-23 12:35:00,5.6320000000000014,0.3870383557871879,0,-0.11,-0.22,-0.11
2014-02-23 12:40:00,6.0760000000000005,0.3059592447060853,0,-0.11,-0.22,-0.11
2014-02-23 12:45:00,5.83,0.3113947428592192,0,-0.11,-0.22,-0.11
2014-02-23 12:50:00,6.05,0.29889228505036125,0,-0.11,-0.22,-0.11
2014-02-23 12:55:00,6.0420000000000025,0.2952792396912544,0,-0.11,-0.22,-0.11
2014-02-23 13:00:00,5.816,0.31980020963076944,0,-0.11,-0.22,-0.11
2014-02-23 13:05:00,6.037999999999999,0.2960173905090707,0,-0.11,-0.22,-0.11
2014-02-23 13:10:00,6.87,0.6330199659937021,0,-0.11,-0.22,-0.11
2014-02-23 13:15:00,5.2120000000000015,0.4909022423282792,0,-0.11,-0.22,-0.11
2014-02-23 13:20:00,6.05,0.2862366669077249,0,-0.11,-0.22,-0.11
2014-02-23 13:25:00,5.83,0.29971681759004964,0,-0.11,-0.22,-0.11
2014-02-23 13:30:00,6.0360000000000005,0.2845757391510174,0,-0.11,-0.22,-0.11
2014-02-23 13:35:00,5.834,0.2994120621628532,0,-0.11,-0.22,-0.11
2014-02-23 13:40:00,6.25,0.3384132617791073,0,-0.11,-0.22,-0.11
2014-02-23 13:45:00,5.837999999999999,0.30102243963421205,0,-0.11,-0.22,-0.11
2014-02-23 13:50:00,6.2520000000000024,0.3385957357230173,0,-0.11,-0.22,-0.11
2014-02-23 13:55:00,6.016,0.27658894950780505,0,-0.11,-0.22,-0.11
2014-02-23 14:00:00,6.0820000000000025,0.2924941689744969,0,-0.11,-0.22,-0.11
2014-02-23 14:05:00,5.834,0.3080491568614745,0,-0.11,-0.22,-0.11
2014-02-23 14:10:00,6.044,0.2844857345800108,0,-0.11,-0.22,-0.11
2014-02-23 14:15:00,6.2520000000000024,0.3410972512550014,0,-0.11,-0.22,-0.11
2014-02-23 14:20:00,6.0520000000000005,0.2826745255463825,0,-0.11,-0.22,-0.11
2014-02-23 14:25:00,6.662000000000001,0.4666623544462637,0,-0.11,-0.22,-0.11
2014-02-23 14:30:00,6.2479999999999976,0.3205660616069781,0,-0.11,-0.22,-0.11
2014-02-23 14:35:00,6.0360000000000005,0.27095192015120306,0,-0.11,-0.22,-0.11
2014-02-23 14:40:00,6.6579999999999995,0.4355698726321621,0,-0.11,-0.22,-0.11
2014-02-23 14:45:00,5.228,0.4848150738413341,0,-0.11,-0.22,-0.11
2014-02-23 14:50:00,5.796,0.3159918986156734,0,-0.11,-0.22,-0.11
2014-02-23 14:55:00,6.05,0.2745931019382018,0,-0.11,-0.22,-0.11
2014-02-23 15:00:00,6.266,0.31954988239619797,0,-0.11,-0.22,-0.11
2014-02-23 15:05:00,6.274,0.3192891963614849,0,-0.11,-0.22,-0.11
2014-02-23 15:10:00,6.256,0.313295136227893,0,-0.11,-0.22,-0.11
2014-02-23 15:15:00,5.816,0.32107088197152195,0,-0.11,-0.22,-0.11
2014-02-23 15:20:00,6.058,0.271683839581299,0,-0.11,-0.22,-0.11
2014-02-23 15:25:00,5.654,0.3597809376098987,0,-0.11,-0.22,-0.11
2014-02-23 15:30:00,6.226,0.3129675072079247,0,-0.11,-0.22,-0.11
2014-02-23 15:35:00,5.624,0.365125522407132,0,-0.11,-0.22,-0.11
2014-02-23 15:40:00,6.022,0.27034506240099626,0,-0.11,-0.22,-0.11
2014-02-23 15:45:00,5.8660000000000005,0.3023097380422029,0,-0.11,-0.22,-0.11
2014-02-23 15:50:00,5.814,0.3135839016711135,0,-0.11,-0.22,-0.11
2014-02-23 15:55:00,5.62,0.3609180240180784,0,-0.11,-0.22,-0.11
2014-02-23 16:00:00,6.2479999999999976,0.3317677629086367,0,-0.11,-0.22,-0.11
2014-02-23 16:05:00,5.816,0.3097616117039336,0,-0.11,-0.22,-0.11
2014-02-23 16:10:00,6.3020000000000005,0.3459539279404554,0,-0.11,-0.22,-0.11
2014-02-23 16:15:00,5.834,0.30768325071000324,0,-0.11,-0.22,-0.11
2014-02-23 16:20:00,6.0420000000000025,0.2805554237681041,0,-0.11,-0.22,-0.11
2014-02-23 16:25:00,6.664,0.44913278304417015,0,-0.11,-0.22,-0.11
2014-02-23 16:30:00,6.056,0.2749652131143783,0,-0.11,-0.22,-0.11
2014-02-23 16:35:00,5.626,0.3646330988523953,0,-0.11,-0.22,-0.11
2014-02-23 16:40:00,5.824,0.3101547269988999,0,-0.11,-0.22,-0.11
2014-02-23 16:45:00,6.024,0.2742385806078214,0,-0.11,-0.22,-0.11
2014-02-23 16:50:00,6.062,0.2827385196842191,0,-0.11,-0.22,-0.11
2014-02-23 16:55:00,6.07,0.2842525546117842,0,-0.11,-0.22,-0.11
2014-02-23 17:00:00,6.2520000000000024,0.32975452945039113,0,-0.11,-0.22,-0.11
2014-02-23 17:05:00,6.44,0.3782466045979386,0,-0.11,-0.22,-0.11
2014-02-23 17:10:00,5.6160000000000005,0.3760647537580463,0,-0.11,-0.22,-0.11
2014-02-23 17:15:00,6.053999999999999,0.27673426028014303,0,-0.11,-0.22,-0.11
2014-02-23 17:20:00,7.102,0.5635752049153582,0,-0.11,-0.22,-0.11
2014-02-23 17:25:00,6.046,0.2741886051243205,0,-0.11,-0.22,-0.11
2014-02-23 17:30:00,6.044,0.2744263652597789,0,-0.11,-0.22,-0.11
2014-02-23 17:35:00,5.834,0.3161428856556525,0,-0.11,-0.22,-0.11
2014-02-23 17:40:00,6.23,0.30261447734338826,0,-0.11,-0.22,-0.11
2014-02-23 17:45:00,5.827999999999999,0.3183873923548501,0,-0.11,-0.22,-0.11
2014-02-23 17:50:00,6.2520000000000024,0.3092251937816756,0,-0.11,-0.22,-0.11
2014-02-23 17:55:00,6.0420000000000025,0.273887623628377,0,-0.11,-0.22,-0.11
2014-02-23 18:00:00,6.2360000000000015,0.3055630329720632,0,-0.11,-0.22,-0.11
2014-02-23 18:05:00,6.912000000000001,0.4738645927794918,0,-0.11,-0.22,-0.11
2014-02-23 18:10:00,6.46,0.33703641891472,0,-0.11,-0.22,-0.11
2014-02-23 18:15:00,5.834,0.3277377831457653,0,-0.11,-0.22,-0.11
2014-02-23 18:20:00,6.23,0.29036642218181924,0,-0.11,-0.22,-0.11
2014-02-23 18:25:00,6.0420000000000025,0.2848092407777533,0,-0.11,-0.22,-0.11
2014-02-23 18:30:00,6.0420000000000025,0.28437838685706657,0,-0.11,-0.22,-0.11
2014-02-23 18:35:00,5.8260000000000005,0.3308068038610769,0,-0.11,-0.22,-0.11
2014-02-23 18:40:00,6.644,0.3911155047263999,0,-0.11,-0.22,-0.11
2014-02-23 18:45:00,5.862,0.3236014203568399,0,-0.11,-0.22,-0.11
2014-02-23 18:50:00,6.8420000000000005,0.4316357766152243,0,-0.11,-0.22,-0.11
2014-02-23 18:55:00,5.834,0.3300165747492108,0,-0.11,-0.22,-0.11
2014-02-23 19:00:00,6.46,0.3319440997111535,0,-0.11,-0.22,-0.11
2014-02-23 19:05:00,5.8260000000000005,0.3325590181801933,0,-0.11,-0.22,-0.11
2014-02-23 19:10:00,6.23,0.2867134594783213,0,-0.11,-0.22,-0.11
2014-02-23 19:15:00,6.05,0.2862719054476165,0,-0.11,-0.22,-0.11
2014-02-23 19:20:00,7.3420000000000005,0.5461569171849411,0,-0.11,-0.22,-0.11
2014-02-23 19:25:00,5.626,0.36578569329677,0,-0.11,-0.22,-0.11
2014-02-23 19:30:00,6.024,0.29134958336236993,0,-0.11,-0.22,-0.11
2014-02-23 19:35:00,5.822,0.3248028712273493,0,-0.11,-0.22,-0.11
2014-02-23 19:40:00,6.03,0.28715463422884985,0,-0.11,-0.22,-0.11
2014-02-23 19:45:00,5.83,0.3213184460199488,0,-0.11,-0.22,-0.11
2014-02-23 19:50:00,6.242000000000001,0.28890297451723784,0,-0.11,-0.22,-0.11
2014-02-23 19:55:00,6.064,0.279808013012052,0,-0.11,-0.22,-0.11
2014-02-23 20:00:00,6.053999999999999,0.2812790095506854,0,-0.11,-0.22,-0.11
2014-02-23 20:05:00,5.834,0.3222586278519782,0,-0.11,-0.22,-0.11
2014-02-23 20:10:00,6.232,0.2916597986130481,0,-0.11,-0.22,-0.11
2014-02-23 20:15:00,5.6160000000000005,0.3679922506113076,0,-0.11,-0.22,-0.11
2014-02-23 20:20:00,5.836,0.31616958411486784,0,-0.11,-0.22,-0.11
2014-02-23 20:25:00,7.087999999999999,0.4822742565739566,0,-0.11,-0.22,-0.11
2014-02-23 20:30:00,5.836,0.3169522632448765,0,-0.11,-0.22,-0.11
2014-02-23 20:35:00,5.803999999999999,0.3207210460264637,0,-0.11,-0.22,-0.11
2014-02-23 20:40:00,6.077999999999999,0.2719459218832977,0,-0.11,-0.22,-0.11
2014-02-23 20:45:00,5.606,0.3570646302178768,0,-0.11,-0.22,-0.11
2014-02-23 20:50:00,6.074,0.26940587030627433,0,-0.11,-0.22,-0.11
2014-02-23 20:55:00,5.624,0.3501810696237606,0,-0.11,-0.22,-0.11
2014-02-23 21:00:00,6.25,0.3037618730439587,0,-0.11,-0.22,-0.11
2014-02-23 21:05:00,5.816,0.3121909985391613,0,-0.11,-0.22,-0.11
2014-02-23 21:10:00,5.864,0.30166431565269297,0,-0.11,-0.22,-0.11
2014-02-23 21:15:00,5.82,0.3089728596979494,0,-0.11,-0.22,-0.11
2014-02-23 21:20:00,5.6560000000000015,0.3402963489532835,0,-0.11,-0.22,-0.11
2014-02-23 21:25:00,5.827999999999999,0.30246829877185016,0,-0.11,-0.22,-0.11
2014-02-23 21:30:00,6.0020000000000024,0.2694427230365998,0,-0.11,-0.22,-0.11
2014-02-23 21:35:00,6.282,0.325127338557446,0,-0.11,-0.22,-0.11
2014-02-23 21:40:00,7.07,0.5044697090775278,0,-0.11,-0.22,-0.11
2014-02-23 21:45:00,6.074,0.27017085221127785,0,-0.11,-0.22,-0.11
2014-02-23 21:50:00,6.024,0.27603635377591923,0,-0.11,-0.22,-0.11
2014-02-23 21:55:00,6.07,0.2698549800144638,0,-0.11,-0.22,-0.11
2014-02-23 22:00:00,6.2520000000000024,0.3025747965414998,0,-0.11,-0.22,-0.11
2014-02-23 22:05:00,6.454,0.3410397721847812,0,-0.11,-0.22,-0.11
2014-02-23 22:10:00,5.626,0.35892393208951096,0,-0.11,-0.22,-0.11
2014-02-23 22:15:00,5.834,0.3120307953768934,0,-0.11,-0.22,-0.11
2014-02-23 22:20:00,6.676,0.3910991426399271,0,-0.11,-0.22,-0.11
2014-02-23 22:25:00,6.46,0.3366161976970299,0,-0.11,-0.22,-0.11
2014-02-23 22:30:00,6.044,0.27993257265327753,0,-0.11,-0.22,-0.11
2014-02-23 22:35:00,5.834,0.31884660102235,0,-0.11,-0.22,-0.11
2014-02-23 22:40:00,6.257999999999999,0.29962326973445497,0,-0.11,-0.22,-0.11
2014-02-23 22:45:00,5.834,0.3195869085267088,0,-0.11,-0.22,-0.11
2014-02-23 22:50:00,5.836,0.3171590040631848,0,-0.11,-0.22,-0.11
2014-02-23 22:55:00,6.0120000000000005,0.2805127999116219,0,-0.11,-0.22,-0.11
2014-02-23 23:00:00,6.468,0.3510333136737921,0,-0.11,-0.22,-0.11
2014-02-23 23:05:00,6.902,0.4456389953847497,0,-0.11,-0.22,-0.11
2014-02-23 23:10:00,6.0420000000000025,0.28449264342233743,0,-0.11,-0.22,-0.11
2014-02-23 23:15:00,5.822,0.3258250788081108,0,-0.11,-0.22,-0.11
2014-02-23 23:20:00,5.824,0.32296162709055404,0,-0.11,-0.22,-0.11
2014-02-23 23:25:00,5.8660000000000005,0.3123962128886492,0,-0.11,-0.22,-0.11
2014-02-23 23:30:00,6.024,0.2802765826303508,0,-0.11,-0.22,-0.11
2014-02-23 23:35:00,6.25,0.3014950434006368,0,-0.11,-0.22,-0.11
2014-02-23 23:40:00,5.617999999999999,0.3679900033604978,0,-0.11,-0.22,-0.11
2014-02-23 23:45:00,5.626,0.35894998980283843,0,-0.11,-0.22,-0.11
2014-02-23 23:50:00,6.256,0.3097219880511427,0,-0.11,-0.22,-0.11
2014-02-23 23:55:00,5.774,0.3250387376859286,0,-0.11,-0.22,-0.11
2014-02-24 00:00:00,6.1560000000000015,0.2912553809195888,0,-0.11,-0.22,-0.11
2014-02-24 00:05:00,6.037999999999999,0.2707179567749129,0,-0.11,-0.22,-0.11
2014-02-24 00:10:00,6.047999999999999,0.2692071949657716,0,-0.11,-0.22,-0.11
2014-02-24 00:15:00,5.834,0.3146028731329151,0,-0.11,-0.22,-0.11
2014-02-24 00:20:00,6.886,0.4743502573866512,0,-0.11,-0.22,-0.11
2014-02-24 00:25:00,6.65,0.3846860738281025,0,-0.11,-0.22,-0.11
2014-02-24 00:30:00,6.2520000000000024,0.29524011768456204,0,-0.11,-0.22,-0.11
2014-02-24 00:35:00,5.803999999999999,0.328410108646989,0,-0.11,-0.22,-0.11
2014-02-24 00:40:00,6.263999999999999,0.299973175315958,0,-0.11,-0.22,-0.11
2014-02-24 00:45:00,5.827999999999999,0.32371825886913985,0,-0.11,-0.22,-0.11
2014-02-24 00:50:00,6.2520000000000024,0.299712625181086,0,-0.11,-0.22,-0.11
2014-02-24 00:55:00,6.25,0.2983435888096287,0,-0.11,-0.22,-0.11
2014-02-24 01:00:00,6.02,0.2865841993526124,0,-0.11,-0.22,-0.11
2014-02-24 01:05:00,5.827999999999999,0.3275924362059057,0,-0.11,-0.22,-0.11
2014-02-24 01:10:00,6.6679999999999975,0.3995061614283965,0,-0.11,-0.22,-0.11
2014-02-24 01:15:00,5.834,0.32715212027992924,0,-0.11,-0.22,-0.11
2014-02-24 01:20:00,6.2520000000000024,0.29838738312155044,0,-0.11,-0.22,-0.11
2014-02-24 01:25:00,6.87,0.44103136500523465,0,-0.11,-0.22,-0.11
2014-02-24 01:30:00,6.4639999999999995,0.3292928054967964,0,-0.11,-0.22,-0.11
2014-02-24 01:35:00,5.622000000000001,0.3784473256487222,0,-0.11,-0.22,-0.11
2014-02-24 01:40:00,6.2520000000000024,0.2894677155751287,0,-0.11,-0.22,-0.11
2014-02-24 01:45:00,5.818,0.3319872120651167,0,-0.11,-0.22,-0.11
2014-02-24 01:50:00,6.058,0.28189491415471785,0,-0.11,-0.22,-0.11
2014-02-24 01:55:00,6.0420000000000025,0.28463535072094953,0,-0.11,-0.22,-0.11
2014-02-24 02:00:00,6.044,0.28381386349287,0,-0.11,-0.22,-0.11
2014-02-24 02:05:00,5.827999999999999,0.32912689406386875,0,-0.11,-0.22,-0.11
2014-02-24 02:10:00,6.02,0.2854789030260992,0,-0.11,-0.22,-0.11
2014-02-24 02:15:00,6.466,0.3494986049710353,0,-0.11,-0.22,-0.11
2014-02-24 02:20:00,6.706,0.4021435639074561,0,-0.11,-0.22,-0.11
2014-02-24 02:25:00,6.0420000000000025,0.2892899816937343,0,-0.11,-0.22,-0.11
2014-02-24 02:30:00,5.836,0.3326205747576292,0,-0.11,-0.22,-0.11
2014-02-24 02:35:00,5.814,0.3344868072147594,0,-0.11,-0.22,-0.11
2014-02-24 02:40:00,5.87,0.31893977454612793,0,-0.11,-0.22,-0.11
2014-02-24 02:45:00,5.827999999999999,0.32629465051511064,0,-0.11,-0.22,-0.11
2014-02-24 02:50:00,5.836,0.32199315303200826,0,-0.11,-0.22,-0.11
2014-02-24 02:55:00,5.837999999999999,0.3193531197286252,0,-0.11,-0.22,-0.11
2014-02-24 03:00:00,6.89,0.46837861099176703,0,-0.11,-0.22,-0.11
2014-02-24 03:05:00,6.877999999999999,0.4312595563104025,0,-0.11,-0.22,-0.11
2014-02-24 03:10:00,6.25,0.2878391768850407,0,-0.11,-0.22,-0.11
2014-02-24 03:15:00,6.0420000000000025,0.28733882350254925,0,-0.11,-0.22,-0.11
2014-02-24 03:20:00,5.836,0.3262834669711903,0,-0.11,-0.22,-0.11
2014-02-24 03:25:00,5.827999999999999,0.32537672686091124,0,-0.11,-0.22,-0.11
2014-02-24 03:30:00,5.836,0.32133828127857805,0,-0.11,-0.22,-0.11
2014-02-24 03:35:00,5.834,0.31959988090856684,0,-0.11,-0.22,-0.11
2014-02-24 03:40:00,5.787999999999999,0.3270274578511085,0,-0.11,-0.22,-0.11
2014-02-24 03:45:00,5.654,0.3529328774841597,0,-0.11,-0.22,-0.11
2014-02-24 03:50:00,6.01,0.27608923823550496,0,-0.11,-0.22,-0.11
2014-02-24 03:55:00,5.862,0.3053408164835796,0,-0.11,-0.22,-0.11
2014-02-24 04:00:00,5.834,0.3099855157805902,0,-0.11,-0.22,-0.11
2014-02-24 04:05:00,5.806,0.31454173212224634,0,-0.11,-0.22,-0.11
2014-02-24 04:10:00,5.87,0.2990441045467088,0,-0.11,-0.22,-0.11
2014-02-24 04:15:00,5.614,0.35639563956640113,0,-0.11,-0.22,-0.11
2014-02-24 04:20:00,6.044,0.2801854026502146,0,-0.11,-0.22,-0.11
2014-02-24 04:25:00,5.626,0.3507790966256658,0,-0.11,-0.22,-0.11
2014-02-24 04:30:00,5.84,0.2971949217688015,0,-0.11,-0.22,-0.11
2014-02-24 04:35:00,5.837999999999999,0.2967809212605513,0,-0.11,-0.22,-0.11
2014-02-24 04:40:00,6.044,0.2872509069644205,0,-0.11,-0.22,-0.11
2014-02-24 04:45:00,5.596,0.35692278105769104,0,-0.11,-0.22,-0.11
2014-02-24 04:50:00,5.867999999999999,0.2862150470356614,0,-0.11,-0.22,-0.11
2014-02-24 04:55:00,6.0420000000000025,0.2917064991057259,0,-0.11,-0.22,-0.11
2014-02-24 05:00:00,5.808,0.30173460057013224,0,-0.11,-0.22,-0.11
2014-02-24 05:05:00,5.617999999999999,0.3498143160507924,0,-0.11,-0.22,-0.11
2014-02-24 05:10:00,5.843999999999999,0.2878051810726332,0,-0.11,-0.22,-0.11
2014-02-24 05:15:00,5.606,0.34915194001382577,0,-0.11,-0.22,-0.11
2014-02-24 05:20:00,6.694,0.4858325244629793,0,-0.11,-0.22,-0.11
2014-02-24 05:25:00,5.843999999999999,0.2897536653674969,0,-0.11,-0.22,-0.11
2014-02-24 05:30:00,6.0820000000000025,0.2997978075458415,0,-0.11,-0.22,-0.11
2014-02-24 05:35:00,5.834,0.2934275876148755,0,-0.11,-0.22,-0.11
2014-02-24 05:40:00,6.03,0.2888702592788589,0,-0.11,-0.22,-0.11
2014-02-24 05:45:00,5.834,0.2943424957351937,0,-0.11,-0.22,-0.11
2014-02-24 05:50:00,5.8320000000000025,0.29407319660049064,0,-0.11,-0.22,-0.11
2014-02-24 05:55:00,5.816,0.2972755323948297,0,-0.11,-0.22,-0.11
2014-02-24 06:00:00,5.862,0.284943089710937,0,-0.11,-0.22,-0.11
2014-02-24 06:05:00,5.834,0.2916233662791121,0,-0.11,-0.22,-0.11
2014-02-24 06:10:00,6.047999999999999,0.3019480311411731,0,-0.11,-0.22,-0.11
2014-02-24 06:15:00,5.816,0.2979762398815707,0,-0.11,-0.22,-0.11
2014-02-24 06:20:00,5.87,0.28241311432332833,0,-0.11,-0.22,-0.11
2014-02-24 06:25:00,5.834,0.2920240924709592,0,-0.11,-0.22,-0.11
2014-02-24 06:30:00,6.0520000000000005,0.3080254762772001,0,-0.11,-0.22,-0.11
2014-02-24 06:35:00,5.622000000000001,0.3592984834209953,0,-0.11,-0.22,-0.11
2014-02-24 06:40:00,6.256,0.3743856952561324,0,-0.11,-0.22,-0.11
2014-02-24 06:45:00,5.626,0.35524943070881065,0,-0.11,-0.22,-0.11
2014-02-24 06:50:00,6.2520000000000024,0.3684352729481095,0,-0.11,-0.22,-0.11
2014-02-24 06:55:00,6.034,0.29780564712964425,0,-0.11,-0.22,-0.11
2014-02-24 07:00:00,6.024,0.29412201825992795,0,-0.11,-0.22,-0.11
2014-02-24 07:05:00,5.862,0.2894215132413002,0,-0.11,-0.22,-0.11
2014-02-24 07:10:00,6.4579999999999975,0.4353535613226929,0,-0.11,-0.22,-0.11
2014-02-24 07:15:00,5.827999999999999,0.3034252471663498,0,-0.11,-0.22,-0.11
2014-02-24 07:20:00,6.0420000000000025,0.2928842015424089,0,-0.11,-0.22,-0.11
2014-02-24 07:25:00,5.834,0.30265810109195074,0,-0.11,-0.22,-0.11
2014-02-24 07:30:00,6.438,0.4183787776883423,0,-0.11,-0.22,-0.11
2014-02-24 07:35:00,6.0420000000000025,0.2862732970081128,0,-0.11,-0.22,-0.11
2014-02-24 07:40:00,6.047999999999999,0.2874144594570315,0,-0.11,-0.22,-0.11
2014-02-24 07:45:00,6.034,0.28305207890003137,0,-0.11,-0.22,-0.11
2014-02-24 07:50:00,6.2520000000000024,0.3475836663596299,0,-0.11,-0.22,-0.11
2014-02-24 07:55:00,7.29,0.6856832233761466,0,-0.11,-0.22,-0.11
2014-02-24 08:00:00,6.226,0.29912573776398554,0,-0.11,-0.22,-0.11
2014-02-24 08:05:00,5.862,0.30855472551876223,0,-0.11,-0.22,-0.11
2014-02-24 08:10:00,6.4479999999999995,0.3465220399315241,0,-0.11,-0.22,-0.11
2014-02-24 08:15:00,6.074,0.2699492376927708,0,-0.11,-0.22,-0.11
2014-02-24 08:20:00,6.028,0.27874665152811445,0,-0.11,-0.22,-0.11
2014-02-24 08:25:00,6.01,0.2820779437021103,0,-0.11,-0.22,-0.11
2014-02-24 08:30:00,5.864,0.3125872147173281,0,-0.11,-0.22,-0.11
2014-02-24 08:35:00,5.837999999999999,0.31675399055392645,0,-0.11,-0.22,-0.11
2014-02-24 08:40:00,6.047999999999999,0.26967683214161464,0,-0.11,-0.22,-0.11
2014-02-24 08:45:00,5.816,0.3212320023788856,0,-0.11,-0.22,-0.11
2014-02-24 08:50:00,5.874,0.3056134541102353,0,-0.11,-0.22,-0.11
2014-02-24 08:55:00,6.0420000000000025,0.2712559962150801,0,-0.11,-0.22,-0.11
2014-02-24 09:00:00,6.02,0.27159296779117764,0,-0.11,-0.22,-0.11
2014-02-24 09:05:00,5.816,0.32079141675992423,0,-0.11,-0.22,-0.11
2014-02-24 09:10:00,6.077999999999999,0.2824167453141644,0,-0.11,-0.22,-0.11
2014-02-24 09:15:00,6.0420000000000025,0.27336585155540405,0,-0.11,-0.22,-0.11
2014-02-24 09:20:00,6.028,0.26983339325725186,0,-0.11,-0.22,-0.11
2014-02-24 09:25:00,5.626,0.3786805334401804,0,-0.11,-0.22,-0.11
2014-02-24 09:30:00,6.244,0.33064495124757304,0,-0.11,-0.22,-0.11
2014-02-24 09:35:00,5.62,0.375511616174162,0,-0.11,-0.22,-0.11
2014-02-24 09:40:00,6.044,0.2803090787144628,0,-0.11,-0.22,-0.11
2014-02-24 09:45:00,5.834,0.3109576202564346,0,-0.11,-0.22,-0.11
2014-02-24 09:50:00,5.808,0.3164892745456104,0,-0.11,-0.22,-0.11
2014-02-24 09:55:00,6.07,0.2916580142903821,0,-0.11,-0.22,-0.11
2014-02-24 10:00:00,5.836,0.309154800369668,0,-0.11,-0.22,-0.11
2014-02-24 10:05:00,5.834,0.30831523412449385,0,-0.11,-0.22,-0.11
2014-02-24 10:10:00,6.024,0.2831470566493921,0,-0.11,-0.22,-0.11
2014-02-24 10:15:00,6.226,0.34274048117157696,0,-0.11,-0.22,-0.11
2014-02-24 10:20:00,5.85,0.3076659376771609,0,-0.11,-0.22,-0.11
2014-02-24 10:25:00,5.843999999999999,0.3081349405958401,0,-0.11,-0.22,-0.11
2014-02-24 10:30:00,6.287999999999999,0.3661662245415855,0,-0.11,-0.22,-0.11
2014-02-24 10:35:00,5.837999999999999,0.3126111842374185,0,-0.11,-0.22,-0.11
2014-02-24 10:40:00,6.056,0.29046732587427315,0,-0.11,-0.22,-0.11
2014-02-24 10:45:00,5.624,0.3840998951326329,0,-0.11,-0.22,-0.11
2014-02-24 10:50:00,6.024,0.2851135572904504,0,-0.11,-0.22,-0.11
2014-02-24 10:55:00,5.86,0.3013278009936463,0,-0.11,-0.22,-0.11
2014-02-24 11:00:00,6.044,0.2927355926375569,0,-0.11,-0.22,-0.11
2014-02-24 11:05:00,5.624,0.38235846786251104,0,-0.11,-0.22,-0.11
2014-02-24 11:10:00,6.02,0.28925442780735644,0,-0.11,-0.22,-0.11
2014-02-24 11:15:00,6.056,0.2998893728133178,0,-0.11,-0.22,-0.11
2014-02-24 11:20:00,6.2860000000000005,0.37741434542567787,0,-0.11,-0.22,-0.11
2014-02-24 11:25:00,6.0420000000000025,0.28872444040682915,0,-0.11,-0.22,-0.11
2014-02-24 11:30:00,6.6339999999999995,0.4994513369952085,0,-0.11,-0.22,-0.11
2014-02-24 11:35:00,6.074,0.2850889799032067,0,-0.11,-0.22,-0.11
2014-02-24 11:40:00,6.024,0.2712946044605178,0,-0.11,-0.22,-0.11
2014-02-24 11:45:00,5.65,0.3773249828599559,0,-0.11,-0.22,-0.11
2014-02-24 11:50:00,6.226,0.3326911902700158,0,-0.11,-0.22,-0.11
2014-02-24 11:55:00,6.0420000000000025,0.2777893185867314,0,-0.11,-0.22,-0.11
2014-02-24 12:00:00,6.0420000000000025,0.27755920232221803,0,-0.11,-0.22,-0.11
2014-02-24 12:05:00,6.874,0.5525423747886653,0,-0.11,-0.22,-0.11
2014-02-24 12:10:00,5.602,0.3791214306932856,0,-0.11,-0.22,-0.11
2014-02-24 12:15:00,5.862,0.30684789678633817,0,-0.11,-0.22,-0.11
2014-02-24 12:20:00,6.044,0.27334997730185456,0,-0.11,-0.22,-0.11
2014-02-24 12:25:00,5.83,0.3145641910488157,0,-0.11,-0.22,-0.11
2014-02-24 12:30:00,6.0360000000000005,0.2737002488826973,0,-0.11,-0.22,-0.11
2014-02-24 12:35:00,5.834,0.31329050762544186,0,-0.11,-0.22,-0.11
2014-02-24 12:40:00,6.226,0.3235981710983725,0,-0.11,-0.22,-0.11
2014-02-24 12:45:00,6.474,0.39003410156326096,0,-0.11,-0.22,-0.11
2014-02-24 12:50:00,6.018,0.2741984158973552,0,-0.11,-0.22,-0.11
2014-02-24 12:55:00,5.862,0.3127103886585497,0,-0.11,-0.22,-0.11
2014-02-24 13:00:00,6.04,0.2711531181710971,0,-0.11,-0.22,-0.11
2014-02-24 13:05:00,6.454,0.38391568936057785,0,-0.11,-0.22,-0.11
2014-02-24 13:10:00,5.394,0.44865706368695496,0,-0.11,-0.22,-0.11
2014-02-24 13:15:00,5.862,0.3040536395716104,0,-0.11,-0.22,-0.11
2014-02-24 13:20:00,5.836,0.3090449567000416,0,-0.11,-0.22,-0.11
2014-02-24 13:25:00,6.6679999999999975,0.4385981224832789,0,-0.11,-0.22,-0.11
2014-02-24 13:30:00,6.0420000000000025,0.2701545969926223,0,-0.11,-0.22,-0.11
2014-02-24 13:35:00,5.622000000000001,0.3637237627398247,0,-0.11,-0.22,-0.11
2014-02-24 13:40:00,6.2520000000000024,0.3202490918527553,0,-0.11,-0.22,-0.11
2014-02-24 13:45:00,5.614,0.36307658821037736,0,-0.11,-0.22,-0.11
2014-02-24 13:50:00,6.2120000000000015,0.31302530524929684,0,-0.11,-0.22,-0.11
2014-02-24 13:55:00,6.06,0.27797872043119665,0,-0.11,-0.22,-0.11
2014-02-24 14:00:00,6.2520000000000024,0.3214367311443644,0,-0.11,-0.22,-0.11
2014-02-24 14:05:00,5.816,0.31777633514602555,0,-0.11,-0.22,-0.11
2014-02-24 14:10:00,6.702000000000001,0.44005953530166425,0,-0.11,-0.22,-0.11
2014-02-24 14:15:00,6.47,0.3596668940642562,0,-0.11,-0.22,-0.11
2014-02-24 14:20:00,5.837999999999999,0.3182205318602142,0,-0.11,-0.22,-0.11
2014-02-24 14:25:00,6.0420000000000025,0.2731896651693433,0,-0.11,-0.22,-0.11
2014-02-24 14:30:00,6.23,0.3047712637727093,0,-0.11,-0.22,-0.11
2014-02-24 14:35:00,5.83,0.322088617280263,0,-0.11,-0.22,-0.11
2014-02-24 14:40:00,6.2520000000000024,0.311784801444698,0,-0.11,-0.22,-0.11
2014-02-24 14:45:00,5.834,0.3221097927386134,0,-0.11,-0.22,-0.11
2014-02-24 14:50:00,6.224,0.30687447301281257,0,-0.11,-0.22,-0.11
2014-02-24 14:55:00,5.816,0.3273882513994293,0,-0.11,-0.22,-0.11
2014-02-24 15:00:00,6.2379999999999995,0.3123098700675909,0,-0.11,-0.22,-0.11
2014-02-24 15:05:00,5.648,0.37210988903830977,0,-0.11,-0.22,-0.11
2014-02-24 15:10:00,6.234,0.3137729831291932,0,-0.11,-0.22,-0.11
2014-02-24 15:15:00,5.856,0.3148722004311079,0,-0.11,-0.22,-0.11
2014-02-24 15:20:00,5.836,0.3181596766968848,0,-0.11,-0.22,-0.11
2014-02-24 15:25:00,5.61,0.3762656185756405,0,-0.11,-0.22,-0.11
2014-02-24 15:30:00,6.232,0.3218321976760006,0,-0.11,-0.22,-0.11
2014-02-24 15:35:00,5.848,0.3100252676522674,0,-0.11,-0.22,-0.11
2014-02-24 15:40:00,6.92,0.5172506662784208,0,-0.11,-0.22,-0.11
2014-02-24 15:45:00,5.6,0.3656584171124014,0,-0.11,-0.22,-0.11
2014-02-24 15:50:00,5.87,0.3012707364962773,0,-0.11,-0.22,-0.11
2014-02-24 15:55:00,5.626,0.35295481656804784,0,-0.11,-0.22,-0.11
2014-02-24 16:00:00,6.044,0.2762252462146,0,-0.11,-0.22,-0.11
2014-02-24 16:05:00,5.834,0.3045789860373139,0,-0.11,-0.22,-0.11
2014-02-24 16:10:00,6.88,0.474550807229237,0,-0.11,-0.22,-0.11
2014-02-24 16:15:00,5.81,0.31203128244508405,0,-0.11,-0.22,-0.11
2014-02-24 16:20:00,5.872000000000001,0.29851238920790274,0,-0.11,-0.22,-0.11
2014-02-24 16:25:00,5.837999999999999,0.30425208307778223,0,-0.11,-0.22,-0.11
2014-02-24 16:30:00,6.016,0.2692049285179109,0,-0.11,-0.22,-0.11
2014-02-24 16:35:00,5.814,0.3089837746345436,0,-0.11,-0.22,-0.11
2014-02-24 16:40:00,6.074,0.2826469361742569,0,-0.11,-0.22,-0.11
2014-02-24 16:45:00,5.414,0.401874643594786,0,-0.11,-0.22,-0.11
2014-02-24 16:50:00,6.232,0.3196456314227263,0,-0.11,-0.22,-0.11
2014-02-24 16:55:00,6.074,0.2851574097928518,0,-0.11,-0.22,-0.11
2014-02-24 17:00:00,6.0420000000000025,0.278241939832101,0,-0.11,-0.22,-0.11
2014-02-24 17:05:00,6.876,0.4753052003048516,0,-0.11,-0.22,-0.11
2014-02-24 17:10:00,6.436,0.3441958146691993,0,-0.11,-0.22,-0.11
2014-02-24 17:15:00,5.803999999999999,0.3167396338552877,0,-0.11,-0.22,-0.11
2014-02-24 17:20:00,6.037999999999999,0.27079877733643976,0,-0.11,-0.22,-0.11
2014-02-24 17:25:00,5.6579999999999995,0.346264180264566,0,-0.11,-0.22,-0.11
2014-02-24 17:30:00,6.2520000000000024,0.3118309400619928,0,-0.11,-0.22,-0.11
2014-02-24 17:35:00,5.4179999999999975,0.3985510856318742,0,-0.11,-0.22,-0.11
2014-02-24 17:40:00,6.2479999999999976,0.3135584909497482,0,-0.11,-0.22,-0.11
2014-02-24 17:45:00,5.834,0.3038631996069745,0,-0.11,-0.22,-0.11
2014-02-24 17:50:00,6.026,0.2716899854704217,0,-0.11,-0.22,-0.11
2014-02-24 17:55:00,6.0420000000000025,0.2746676555131626,0,-0.11,-0.22,-0.11
2014-02-24 18:00:00,6.044,0.27491285098251744,0,-0.11,-0.22,-0.11
2014-02-24 18:05:00,6.032,0.2723521168457267,0,-0.11,-0.22,-0.11
2014-02-24 18:10:00,7.044,0.5162256643235139,0,-0.11,-0.22,-0.11
2014-02-24 18:15:00,5.8660000000000005,0.30447417471924426,0,-0.11,-0.22,-0.11
2014-02-24 18:20:00,6.864,0.4282381386276489,0,-0.11,-0.22,-0.11
2014-02-24 18:25:00,5.218,0.4298574247730851,0,-0.11,-0.22,-0.11
2014-02-24 18:30:00,5.796,0.30878769575665804,0,-0.11,-0.22,-0.11
2014-02-24 18:35:00,5.843999999999999,0.29961495660878035,0,-0.11,-0.22,-0.11
2014-02-24 18:40:00,6.29,0.3106823112240257,0,-0.11,-0.22,-0.11
2014-02-24 18:45:00,5.834,0.303013812365016,0,-0.11,-0.22,-0.11
2014-02-24 18:50:00,5.8420000000000005,0.3005408501803714,0,-0.11,-0.22,-0.11
2014-02-24 18:55:00,6.0420000000000025,0.27193647546069666,0,-0.11,-0.22,-0.11
2014-02-24 19:00:00,5.836,0.3016004143212494,0,-0.11,-0.22,-0.11
2014-02-24 19:05:00,5.816,0.3042160531200567,0,-0.11,-0.22,-0.11
2014-02-24 19:10:00,6.07,0.28034716714112795,0,-0.11,-0.22,-0.11
2014-02-24 19:15:00,5.626,0.3422022107912012,0,-0.11,-0.22,-0.11
2014-02-24 19:20:00,6.053999999999999,0.2806093272463369,0,-0.11,-0.22,-0.11
2014-02-24 19:25:00,5.808,0.3039223904651931,0,-0.11,-0.22,-0.11
2014-02-24 19:30:00,6.91,0.469222317170222,0,-0.11,-0.22,-0.11
2014-02-24 19:35:00,6.0420000000000025,0.2709756994842254,0,-0.11,-0.22,-0.11
2014-02-24 19:40:00,6.047999999999999,0.27194258153417344,0,-0.11,-0.22,-0.11
2014-02-24 19:45:00,5.822,0.30665773996163426,0,-0.11,-0.22,-0.11
2014-02-24 19:50:00,5.816,0.3065218650619019,0,-0.11,-0.22,-0.11
2014-02-24 19:55:00,5.4179999999999975,0.3872250186503826,0,-0.11,-0.22,-0.11
2014-02-24 20:00:00,6.666,0.4021252027511364,0,-0.11,-0.22,-0.11
2014-02-24 20:05:00,6.872000000000001,0.4298831700984329,0,-0.11,-0.22,-0.11
2014-02-24 20:10:00,6.047999999999999,0.27045891854782445,0,-0.11,-0.22,-0.11
2014-02-24 20:15:00,5.818,0.3079345370465157,0,-0.11,-0.22,-0.11
2014-02-24 20:20:00,6.2860000000000005,0.30883740620697825,0,-0.11,-0.22,-0.11
2014-02-24 20:25:00,6.022,0.2747216161729497,0,-0.11,-0.22,-0.11
2014-02-24 20:30:00,6.08,0.2729858925319472,0,-0.11,-0.22,-0.11
2014-02-24 20:35:00,5.816,0.3118543690517442,0,-0.11,-0.22,-0.11
2014-02-24 20:40:00,6.294,0.3141181198749397,0,-0.11,-0.22,-0.11
2014-02-24 20:45:00,5.822,0.31218856759174657,0,-0.11,-0.22,-0.11
2014-02-24 20:50:00,6.05,0.2697293410207342,0,-0.11,-0.22,-0.11
2014-02-24 20:55:00,6.0360000000000005,0.2707390822102516,0,-0.11,-0.22,-0.11
2014-02-24 21:00:00,6.46,0.3533974288889061,0,-0.11,-0.22,-0.11
2014-02-24 21:05:00,6.454,0.3468835869613495,0,-0.11,-0.22,-0.11
2014-02-24 21:10:00,6.037999999999999,0.2778287907990196,0,-0.11,-0.22,-0.11
2014-02-24 21:15:00,5.816,0.3226276752490587,0,-0.11,-0.22,-0.11
2014-02-24 21:20:00,6.09,0.2728570413212182,0,-0.11,-0.22,-0.11
2014-02-24 21:25:00,6.0420000000000025,0.27464522605445585,0,-0.11,-0.22,-0.11
2014-02-24 21:30:00,5.812,0.3240340544454576,0,-0.11,-0.22,-0.11
2014-02-24 21:35:00,6.044,0.27148953853540764,0,-0.11,-0.22,-0.11
2014-02-24 21:40:00,6.2479999999999976,0.311077698085848,0,-0.11,-0.22,-0.11
2014-02-24 21:45:00,6.016,0.27960112750352056,0,-0.11,-0.22,-0.11
2014-02-24 21:50:00,6.257999999999999,0.31361592359751594,0,-0.11,-0.22,-0.11
2014-02-24 21:55:00,6.068,0.26998580123119204,0,-0.11,-0.22,-0.11
2014-02-24 22:00:00,5.836,0.3260078990396981,0,-0.11,-0.22,-0.11
2014-02-24 22:05:00,7.3,0.6100640619791029,0,-0.11,-0.22,-0.11
2014-02-24 22:10:00,6.228,0.2871232794045553,0,-0.11,-0.22,-0.11
2014-02-24 22:15:00,5.836,0.3223436588765178,0,-0.11,-0.22,-0.11
2014-02-24 22:20:00,6.024,0.28485197229295883,0,-0.11,-0.22,-0.11
2014-02-24 22:25:00,5.8660000000000005,0.31463298028734804,0,-0.11,-0.22,-0.11
2014-02-24 22:30:00,6.228,0.293496690137921,0,-0.11,-0.22,-0.11
2014-02-24 22:35:00,5.66,0.3588181799284487,0,-0.11,-0.22,-0.11
2014-02-24 22:40:00,5.996,0.28486216343283505,0,-0.11,-0.22,-0.11
2014-02-24 22:45:00,5.862,0.31125230357872696,0,-0.11,-0.22,-0.11
2014-02-24 22:50:00,6.024,0.2770714471081981,1,1.0,1.0,1.0
2014-02-24 22:55:00,5.848,0.3133711416147573,1,0.9996606163510808,0.9996606163510808,0.9996606163510809
2014-02-24 23:00:00,6.2920000000000025,0.3190929587549853,1,0.9993128031853268,0.9993128031853268,0.9993128031853268
2014-02-24 23:05:00,6.88,0.4592005757931549,1,0.9989563541757912,0.9989563541757912,0.9989563541757912
2014-02-24 23:10:00,6.046,0.27988877695468223,1,0.9985910580993534,0.9985910580993534,0.9985910580993534
2014-02-24 23:15:00,5.626,0.36564427465303134,1,0.9982166987283538,0.9982166987283538,0.9982166987283538
2014-02-24 23:20:00,5.8420000000000005,0.3141621708573836,1,0.9978330547202332,0.9978330547202332,0.9978330547202332
2014-02-24 23:25:00,6.0360000000000005,0.27473672636859003,1,0.9974398995051676,0.9974398995051676,0.9974398995051675
2014-02-24 23:30:00,5.836,0.3145720160568064,1,0.9970370011716712,0.9970370011716712,0.9970370011716713
2014-02-24 23:35:00,5.614,0.3612928755227729,1,0.9966241223501692,0.9966241223501692,0.9966241223501693
2014-02-24 23:40:00,6.876,0.4534177147623301,1,0.9962010200945216,0.9962010200945216,0.9962010200945217
2014-02-24 23:45:00,6.46,0.3395549846185151,1,0.9957674457614892,0.9957674457614892,0.9957674457614893
2014-02-24 23:50:00,5.836,0.3151424201788405,1,0.9953231448881372,0.9953231448881371,0.995323144888137
2014-02-24 23:55:00,5.756,0.3287704132103059,1,0.9948678570671664,0.9948678570671664,0.9948678570671663
2014-02-25 00:00:00,6.192,0.2917803662825848,1,0.9944013158201752,0.9944013158201752,0.9944013158201751
2014-02-25 00:05:00,6.0420000000000025,0.2741299394393715,1,0.9939232484688408,0.9939232484688408,0.9939232484688408
2014-02-25 00:10:00,7.474,0.5766856618240541,1,0.9934333760040284,0.9934333760040284,0.9934333760040285
2014-02-25 00:15:00,5.834,0.3142389307563375,1,0.9929314129528292,0.9929314129528292,0.9929314129528292
2014-02-25 00:20:00,6.006,0.2862498839698362,1,0.9924170672435276,0.9924170672435276,0.9924170672435275
2014-02-25 00:25:00,6.0520000000000005,0.2788128811719361,1,0.9918900400685148,0.9918900400685148,0.9918900400685149
2014-02-25 00:30:00,6.077999999999999,0.2745701173270735,1,0.9913500257451536,0.9913500257451536,0.9913500257451535
2014-02-25 00:35:00,5.834,0.314200024058062,1,0.9907967115746072,0.9907967115746072,0.9907967115746071
2014-02-25 00:40:00,5.818,0.3152620977264534,1,0.9902297776986564,0.9902297776986564,0.9902297776986564
2014-02-25 00:45:00,6.022,0.2791215673218566,1,0.9896488969545182,0.9896488969545182,0.9896488969545182
2014-02-25 00:50:00,6.053999999999999,0.2735471903379555,1,0.989053734727698,0.989053734727698,0.9890537347276981
2014-02-25 00:55:00,5.444,0.3874420601391813,1,0.9884439488028972,0.9884439488028972,0.9884439488028973
2014-02-25 01:00:00,6.2520000000000024,0.3029554956910392,1,0.9878191892130114,0.9878191892130114,0.9878191892130114
2014-02-25 01:05:00,5.604,0.3499549156326532,1,0.987179098086258,0.9871790980862579,0.987179098086258
2014-02-25 01:10:00,6.914,0.4329491804099071,1,0.9865233094914724,0.9865233094914724,0.9865233094914725
2014-02-25 01:15:00,6.867999999999999,0.4022434017637976,1,0.9858514492816188,0.9858514492816188,0.9858514492816188
2014-02-25 01:20:00,5.812,0.3152141521423207,1,0.9851631349355688,0.9851631349355688,0.9851631349355688
2014-02-25 01:25:00,5.824,0.3115609782779496,1,0.9844579753982056,0.9844579753982056,0.9844579753982057
2014-02-25 01:30:00,6.224,0.28917069370273235,1,0.9837355709189104,0.9837355709189104,0.9837355709189104
2014-02-25 01:35:00,5.83,0.3111525642157255,1,0.9829955128885096,0.9829955128885096,0.9829955128885095
2014-02-25 01:40:00,6.2520000000000024,0.29561680996726336,1,0.9822373836747456,0.9822373836747456,0.9822373836747457
2014-02-25 01:45:00,6.022,0.2800672237080796,1,0.9814607564563648,0.9814607564563648,0.9814607564563648
2014-02-25 01:50:00,6.077999999999999,0.27062428457467663,1,0.9806651950559008,0.9806651950559008,0.9806651950559007
2014-02-25 01:55:00,5.837999999999999,0.31217805030641377,1,0.9798502537712545,0.9798502537712545,0.9798502537712545
2014-02-25 02:00:00,6.226,0.2949602862909339,1,0.979015477206175,0.979015477206175,0.979015477206175
2014-02-25 02:05:00,5.8320000000000025,0.3141105777007234,1,0.978160400099744,0.978160400099744,0.9781604000997439
2014-02-25 02:10:00,6.612,0.3728195684778072,1,0.9772845471549964,0.9772845471549964,0.9772845471549964
2014-02-25 02:15:00,7.108,0.4686395984977025,1,0.976387432866794,0.976387432866794,0.976387432866794
2014-02-25 02:20:00,6.018,0.2889576105249887,1,0.9754685613490952,0.9754685613490952,0.9754685613490953
2014-02-25 02:25:00,6.0360000000000005,0.2855086643671013,1,0.9745274261617696,0.9745274261617696,0.9745274261617695
2014-02-25 02:30:00,6.024,0.28702440627657105,1,0.9735635101371072,0.9735635101371072,0.9735635101371072
2014-02-25 02:35:00,5.608,0.3611889539969833,1,0.9725762852061977,0.9725762852061977,0.9725762852061975
2014-02-25 02:40:00,6.062,0.2757668363952647,1,0.9715652122253532,0.9715652122253532,0.9715652122253531
2014-02-25 02:45:00,5.834,0.3150012205580584,1,0.9705297408027682,0.9705297408027682,0.9705297408027682
2014-02-25 02:50:00,5.8320000000000025,0.31363051430133565,1,0.9694693091256104,0.9694693091256104,0.9694693091256104
2014-02-25 02:55:00,6.0360000000000005,0.27574791742497723,1,0.9683833437877668,0.9683833437877668,0.9683833437877669
2014-02-25 03:00:00,6.028,0.2769780377453061,1,0.9672712596184648,0.9672712596184648,0.9672712596184648
2014-02-25 03:05:00,5.8420000000000005,0.3115422529818089,1,0.966132459512006,0.966132459512006,0.9661324595120059
2014-02-25 03:10:00,7.2860000000000005,0.5305908629214963,1,0.9649663342588732,0.9649663342588732,0.9649663342588732
2014-02-25 03:15:00,5.834,0.31342783007040786,1,0.963772262378476,0.963772262378476,0.9637722623784759
2014-02-25 03:20:00,6.016,0.2828251758947488,1,0.9625496099538098,0.9625496099538098,0.9625496099538098
2014-02-25 03:25:00,5.4179999999999975,0.3857467346782952,1,0.961297730468342,0.961297730468342,0.961297730468342
2014-02-25 03:30:00,6.256,0.2976536194410471,1,0.9600159646454204,0.9600159646454204,0.9600159646454204
2014-02-25 03:35:00,5.827999999999999,0.3084131044649143,1,0.9587036402905508,0.9587036402905508,0.9587036402905507
2014-02-25 03:40:00,5.834,0.30604619570665176,1,0.9573600721368786,0.9573600721368786,0.9573600721368786
2014-02-25 03:45:00,5.827999999999999,0.3058139121027209,1,0.9559845616942484,0.9559845616942484,0.9559845616942484
2014-02-25 03:50:00,5.822,0.3056113754052264,1,0.9545763971022152,0.9545763971022152,0.9545763971022153
2014-02-25 03:55:00,6.034,0.2693609590524694,1,0.9531348529874168,0.9531348529874168,0.9531348529874168
2014-02-25 04:00:00,6.26,0.3087789141159376,1,0.95165919032572,0.95165919032572,0.95165919032572
2014-02-25 04:05:00,5.834,0.3059135128284253,1,0.9501486563095902,0.9501486563095902,0.9501486563095902
2014-02-25 04:10:00,6.044,0.2709326355734513,1,0.948602484221132,0.9486024842211321,0.948602484221132
2014-02-25 04:15:00,6.0360000000000005,0.26945670998265514,1,0.9470198933112958,0.9470198933112958,0.9470198933112958
2014-02-25 04:20:00,6.022,0.2709962296505866,1,0.9454000886857372,0.9454000886857371,0.945400088685737
2014-02-25 04:25:00,6.077999999999999,0.2774995685647065,1,0.9437422611978667,0.9437422611978667,0.9437422611978669
2014-02-25 04:30:00,5.836,0.3087565850353637,1,0.9420455873496312,0.9420455873496312,0.9420455873496312
2014-02-25 04:35:00,6.0420000000000025,0.2722708661432047,1,0.9403092292005844,0.9403092292005844,0.9403092292005844
2014-02-25 04:40:00,6.024,0.2693123270625132,1,0.9385323342858608,0.9385323342858608,0.9385323342858607
2014-02-25 04:45:00,5.816,0.3141272476237713,1,0.9367140355436432,0.9367140355436432,0.9367140355436433
2014-02-25 04:50:00,6.087999999999999,0.2843702482026371,1,0.9348534512527858,0.9348534512527858,0.9348534512527858
2014-02-25 04:55:00,5.63,0.3595097761108985,1,0.932949684981232,0.932949684981232,0.932949684981232
2014-02-25 05:00:00,6.018,0.2728677983937476,1,0.9310018255459368,0.9310018255459368,0.9310018255459367
2014-02-25 05:05:00,5.8260000000000005,0.3082853683580194,1,0.9290089469849906,0.9290089469849906,0.9290089469849906
2014-02-25 05:10:00,5.814,0.30978999779750793,1,0.9269701085426888,0.9269701085426888,0.9269701085426887
2014-02-25 05:15:00,6.2379999999999995,0.32972146266431,1,0.9248843546683032,0.9248843546683032,0.9248843546683032
2014-02-25 05:20:00,5.627999999999999,0.35925136493092297,1,0.922750715029351,0.922750715029351,0.922750715029351
2014-02-25 05:25:00,6.026,0.2799461728161473,1,0.9205682045401627,0.9205682045401627,0.9205682045401629
2014-02-25 05:30:00,6.044,0.2838841322022091,1,0.9183358234065968,0.9183358234065968,0.9183358234065968
2014-02-25 05:35:00,5.626,0.3599302795175853,1,0.9160525571877524,0.9160525571877524,0.9160525571877525
2014-02-25 05:40:00,6.046,0.2880368325859186,1,0.9137173768755792,0.9137173768755791,0.913717376875579
2014-02-25 05:45:00,5.827999999999999,0.3035305779922674,1,0.9113292389932816,0.9113292389932816,0.9113292389932816
2014-02-25 05:50:00,5.816,0.30551081135678565,1,0.9088870857134672,0.9088870857134672,0.9088870857134672
2014-02-25 05:55:00,6.07,0.2981492990527688,1,0.9063898449969824,0.9063898449969824,0.9063898449969823
2014-02-25 06:00:00,5.836,0.30123528237157354,1,0.9038364307534312,0.9038364307534312,0.9038364307534311
2014-02-25 06:05:00,5.834,0.3007550442220504,1,0.9012257430243702,0.9012257430243702,0.9012257430243702
2014-02-25 06:10:00,6.0420000000000025,0.29408940104728976,1,0.8985566681902077,0.8985566681902077,0.8985566681902077
2014-02-25 06:15:00,5.626,0.3643236673517296,1,0.8958280792018518,0.8958280792018518,0.8958280792018518
2014-02-25 06:20:00,6.044,0.29802673798044044,1,0.8930388358381706,0.8930388358381706,0.8930388358381706
2014-02-25 06:25:00,6.0420000000000025,0.29656582581829577,1,0.8901877849903459,0.8901877849903459,0.8901877849903459
2014-02-25 06:30:00,6.044,0.2963114709058571,1,0.8872737609742145,0.8872737609742145,0.8872737609742145
2014-02-25 06:35:00,5.626,0.3689477181284339,1,0.8842955858717122,0.8842955858717122,0.8842955858717122
2014-02-25 06:40:00,6.016,0.2915535084096901,1,0.8812520699025423,0.8812520699025423,0.8812520699025423
2014-02-25 06:45:00,5.626,0.365142271957639,1,0.8781420118272028,0.8781420118272028,0.8781420118272028
2014-02-25 06:50:00,5.87,0.2840282946052585,1,0.8749641993825149,0.8749641993825149,0.8749641993825149
2014-02-25 06:55:00,6.0420000000000025,0.3043750726877318,1,0.8717174097508009,0.8717174097508009,0.8717174097508009
2014-02-25 07:00:00,6.4639999999999995,0.4465085118575189,1,0.8684004100638634,0.8684004100638634,0.8684004100638634
2014-02-25 07:05:00,6.0360000000000005,0.2908681191727906,1,0.8650119579429126,0.8650119579429126,0.8650119579429126
2014-02-25 07:15:00,25.1033,0.999999999986286,1,0.8615508020755978,0.8615508020755978,0.8615508020755978
2014-02-25 07:20:00,17.186,0.454907272695397,1,0.8580156828312717,0.8580156828312717,0.8580156828312717
2014-02-25 07:25:00,14.452,0.378399187534261,1,0.854405332915637,0.854405332915637,0.854405332915637
2014-02-25 07:30:00,13.968,0.3615448088441254,1,0.8507184780658686,0.8507184780658686,0.8507184780658686
2014-02-25 07:35:00,13.352,0.34559218772588,1,0.8469538377873326,0.8469538377873326,0.8469538377873326
2014-02-25 07:40:00,15.6433,0.3773989031453013,1,0.8431101261329635,0.8431101261329635,0.8431101261329635
2014-02-25 07:45:00,14.4533,0.35029169148247274,1,0.8391860525263521,0.8391860525263521,0.8391860525263521
2014-02-25 07:50:00,15.42,0.36006305610830336,1,0.8351803226295599,0.8351803226295599,0.8351803226295599
2014-02-25 07:55:00,18.3333,0.3985891293437288,1,0.8310916392566403,0.8310916392566403,0.8310916392566403
2014-02-25 08:00:00,16.19,0.3543439769452531,1,0.8269187033337926,0.8269187033337926,0.8269187033337926
2014-02-25 08:05:00,15.0,0.33248273070984824,1,0.8226602149070443,0.8226602149070443,0.8226602149070443
2014-02-25 08:10:00,15.07,0.3304345145006837,1,0.8183148741982842,0.8183148741982842,0.8183148741982842
2014-02-25 08:15:00,15.0,0.3266358837759857,1,0.8138813827104135,0.8138813827104135,0.8138813827104135
2014-02-25 08:20:00,15.0867,0.3253053559473763,1,0.8093584443823231,0.8093584443823231,0.8093584443823231
2014-02-25 08:25:00,13.9333,0.30703171399359724,1,0.8047447667943036,0.8047447667943036,0.8047447667943036
2014-02-25 08:30:00,15.0033,0.32065500577413475,1,0.8000390624244499,0.8000390624244499,0.80003906242445
2014-02-25 08:35:00,14.4533,0.3107780634364056,1,0.7952400499564912,0.7952400499564912,0.7952400499564912
2014-02-25 08:40:00,15.0,0.3171286257722468,1,0.7903464556394151,0.7903464556394151,0.7903464556394151
2014-02-25 08:45:00,13.9067,0.29953015965649504,1,0.7853570146991236,0.7853570146991236,0.7853570146991236
2014-02-25 08:50:00,15.1433,0.31674996918512016,1,0.7802704728022559,0.7802704728022559,0.7802704728022559
2014-02-25 08:55:00,14.4433,0.30443970554641603,1,0.775085587572197,0.775085587572197,0.775085587572197
2014-02-25 09:00:00,15.5567,0.3202995863189949,1,0.7698011301571411,0.7698011301571411,0.7698011301571411
2014-02-25 09:05:00,14.4433,0.30105568912137914,1,0.7644158868499645,0.7644158868499645,0.7644158868499645
2014-02-25 09:10:00,15.55,0.31742363987386385,1,0.7589286607594986,0.7589286607594986,0.7589286607594986
2014-02-25 09:15:00,14.4733,0.29844944869221435,1,0.7533382735326392,0.7533382735326392,0.7533382735326392
2014-02-25 09:20:00,14.8833,0.3041111923963533,1,0.7476435671265776,0.7476435671265776,0.7476435671265776
2014-02-25 09:25:00,13.9333,0.28760419289208994,1,0.7418434056302476,0.7418434056302476,0.7418434056302476
2014-02-25 09:30:00,16.1133,0.3238348692541704,1,0.7359366771339131,0.7359366771339131,0.7359366771339131
2014-02-25 09:35:00,13.8867,0.28379433658716124,1,0.7299222956456326,0.7299222956456326,0.7299222956456326
2014-02-25 09:40:00,15.0,0.3023720588921064,1,0.7237992030531304,0.7237992030531304,0.7237992030531304
2014-02-25 09:45:00,13.27,0.27162440893435824,1,0.7175663711294089,0.7175663711294089,0.7175663711294089
2014-02-25 09:50:00,15.5567,0.3122202280644192,1,0.7112228035802163,0.7112228035802163,0.7112228035802163
2014-02-25 09:55:00,14.4433,0.2901759758149433,1,0.7047675381312716,0.7047675381312716,0.7047675381312716
2014-02-25 10:00:00,15.0,0.29993732459456063,1,0.698199648652917,0.698199648652917,0.698199648652917
2014-02-25 10:05:00,13.8867,0.278081770631737,1,0.6915182473196357,0.6915182473196357,0.6915182473196357
2014-02-25 10:10:00,15.0,0.29926138547112385,1,0.6847224868016417,0.6847224868016417,0.6847224868016417
2014-02-25 10:15:00,14.4733,0.28787573122251675,1,0.6778115624854981,0.6778115624854981,0.6778115624854981
2014-02-25 10:20:00,15.5567,0.30957016020129324,1,0.6707847147204784,0.6707847147204784,0.6707847147204784
2014-02-25 10:25:00,14.4433,0.28500236637948906,1,0.6636412310871366,0.6636412310871366,0.6636412310871366
2014-02-25 10:30:00,15.0,0.2962782016847747,1,0.6563804486842948,0.6563804486842948,0.6563804486842948
2014-02-25 10:35:00,14.3567,0.28167835538670577,1,0.6490017564304146,0.6490017564304146,0.6490017564304146
2014-02-25 10:40:00,15.5567,0.3079984083726674,1,0.6415045973750478,0.6415045973750478,0.6415045973750478
2014-02-25 10:45:00,14.4433,0.2815080579119906,1,0.6338884710158347,0.6338884710158347,0.6338884710158347
2014-02-25 10:50:00,15.5567,0.306947647340255,1,0.6261529356162405,0.6261529356162405,0.6261529356162405
2014-02-25 10:55:00,14.5,0.28079164144470364,1,0.6182976105190017,0.6182976105190017,0.6182976105190017
2014-02-25 11:00:00,15.0,0.2923768618424689,1,0.6103221784499866,0.6103221784499866,0.6103221784499866
2014-02-25 11:05:00,14.4733,0.2789080412104551,1,0.6022263878069634,0.6022263878069634,0.6022263878069634
2014-02-25 11:10:00,16.11,0.32054112851105443,1,0.5940100549275251,0.5940100549275251,0.5940100549275251
2014-02-25 11:15:00,14.4833,0.27648902939870834,1,0.5856730663302101,0.5856730663302101,0.5856730663302101
2014-02-25 11:20:00,12.925,0.3016318892473231,1,0.5772153809226541,0.5772153809226541,0.5772153809226541
2014-02-25 11:25:00,13.9267,0.27407735153497825,1,0.5686370321704082,0.5686370321704082,0.5686370321704082
2014-02-25 11:30:00,15.5567,0.3080860751831989,1,0.5599381302198818,0.5599381302198818,0.5599381302198818
2014-02-25 11:35:00,14.4433,0.27573275222022514,1,0.551118863968718,0.551118863968718,0.551118863968718
2014-02-25 11:40:00,15.0867,0.29369282290010723,1,0.5421795030767389,0.5421795030767389,0.5421795030767389
2014-02-25 11:45:00,13.8867,0.2790701829031097,1,0.5331203999105024,0.5331203999105024,0.5331203999105024
2014-02-25 11:50:00,14.4433,0.2751205025231134,1,0.5239419914143904,0.5239419914143904,0.5239419914143904
2014-02-25 11:55:00,14.3333,0.2717080143075672,1,0.5146448009010722,0.5146448009010722,0.5146448009010722
2014-02-25 12:00:00,15.0,0.2922521201270547,1,0.5052294397541363,0.5052294397541363,0.5052294397541363
2014-02-25 12:05:00,14.4567,0.2743545421223456,1,0.4956966090356518,0.4956966090356518,0.4956966090356518
2014-02-25 12:10:00,15.5567,0.31066922058615354,1,0.4860471009914186,0.4860471009914186,0.4860471009914186
2014-02-25 12:15:00,13.9533,0.2819630718946589,1,0.4762818004467008,0.4762818004467008,0.4762818004467008
2014-02-25 12:20:00,15.0,0.2913796468358917,1,0.4664016860852872,0.4664016860852872,0.46640168608528715
2014-02-25 12:25:00,13.8867,0.28538363536579464,1,0.4564078316048284,0.4564078316048284,0.4564078316048284
2014-02-25 12:30:00,15.0,0.29214994889518714,1,0.4463014067415162,0.4463014067415162,0.4463014067415162
2014-02-25 12:35:00,13.89,0.2863892017943861,1,0.43608367815732907,0.43608367815732907,0.43608367815732907
2014-02-25 12:40:00,14.8733,0.28817030186342085,1,0.4257560101832722,0.4257560101832722,0.4257560101832722
2014-02-25 12:45:00,14.4433,0.2713733951390591,1,0.4153198654122592,0.4153198654122592,0.4153198654122592
2014-02-25 12:50:00,15.6433,0.3193534057370939,1,0.4047768051355599,0.4047768051355599,0.40477680513555986
2014-02-25 12:55:00,13.97,0.28751027752107755,1,0.3941284896170315,0.3941284896170315,0.3941284896170315
2014-02-25 13:00:00,15.0567,0.29466148653409113,1,0.3833766781996968,0.3833766781996968,0.38337667819969684
2014-02-25 13:05:00,13.8867,0.29224509119816416,1,0.3725232292396011,0.3725232292396011,0.37252322923960113
2014-02-25 13:10:00,15.0,0.29325473786594497,1,0.3615700998623003,0.3615700998623003,0.3615700998623003
2014-02-25 13:15:00,13.9333,0.2913109410538133,1,0.3505193455377616,0.3505193455377616,0.3505193455377616
2014-02-25 13:20:00,15.5567,0.3201740432386421,1,0.3393731194699553,0.3393731194699553,0.33937311946995535
2014-02-25 13:25:00,13.9333,0.2935262459433949,1,0.3281336717979126,0.3281336717979126,0.3281336717979126
2014-02-25 13:30:00,15.0,0.2938318263466175,1,0.31680334860557313,0.31680334860557313,0.31680334860557313
2014-02-25 13:35:00,13.9333,0.29466414086709697,1,0.3053845907383164,0.3053845907383164,0.30538459073831636
2014-02-25 13:40:00,15.6133,0.3260386716263341,1,0.2938799324246658,0.2938799324246658,0.2938799324246658
2014-02-25 13:45:00,11.6467,0.4216887707390105,1,0.2822919997022824,0.2822919997022824,0.2822919997022824
2014-02-25 13:50:00,15.0867,0.3014282417382881,1,0.2706235086480017,0.2706235086480017,0.27062350864800166
2014-02-25 13:55:00,13.8867,0.29273464274759964,1,0.2588772634123381,0.2588772634123381,0.2588772634123381
2014-02-25 14:00:00,15.0,0.2981738614744576,1,0.2470561540595541,0.24705615405955406,0.24705615405955403
2014-02-25 14:05:00,14.4433,0.2704549855068001,1,0.2351631542150905,0.23516315421509046,0.23516315421509043
2014-02-25 14:10:00,15.0,0.2979514241812053,1,0.22320131852285,0.22320131852285002,0.22320131852285
2014-02-25 14:15:00,13.8867,0.2969104649620545,1,0.21117377991553385,0.21117377991553385,0.21117377991553385
2014-02-25 14:20:00,14.9933,0.29880723134231396,1,0.19908374670194548,0.19908374670194548,0.19908374670194548
2014-02-25 14:25:00,13.8867,0.2982179498336819,1,0.18693449947587704,0.18693449947587704,0.18693449947587706
2014-02-25 14:30:00,15.5567,0.3322792919685607,1,0.17472938785189635,0.17472938785189635,0.17472938785189635
2014-02-25 14:35:00,14.4433,0.2704636457288211,1,0.1624718270340452,0.1624718270340452,0.1624718270340452
2014-02-25 14:40:00,15.0,0.29827479279820074,1,0.15016529422413588,0.15016529422413588,0.15016529422413588
2014-02-25 14:45:00,13.8867,0.3037019086300302,1,0.13781332487698894,0.13781332487698894,0.13781332487698894
2014-02-25 14:50:00,15.0567,0.3031515062527137,1,0.12541950881059705,0.12541950881059705,0.12541950881059705
2014-02-25 14:55:00,13.8267,0.3087527643488925,1,0.1129874861798024,0.1129874861798024,0.11298748617980241
2014-02-25 15:00:00,15.1267,0.3091127019856691,1,0.1005209433226653,0.1005209433226653,0.1005209433226653
2014-02-25 15:05:00,13.9067,0.3050730831668933,1,0.08802360848923628,0.08802360848923628,0.08802360848923627
2014-02-25 15:10:00,14.8733,0.2940670400597965,1,0.07549924746296394,0.07549924746296394,0.07549924746296394
2014-02-25 15:15:00,12.22,0.4275678394793244,1,0.06295165908543503,0.06295165908543503,0.06295165908543503
2014-02-25 15:20:00,13.2333,0.3385251050665129,1,0.05038467069556171,0.05038467069556171,0.05038467069556171
2014-02-25 15:25:00,14.4733,0.2779737000943539,1,0.03780213349472245,0.03780213349472245,0.03780213349472245
2014-02-25 15:30:00,15.0,0.3102267205278215,1,0.025207917849680732,0.02520791784968073,0.025207917849680732
2014-02-25 15:35:00,13.9333,0.294937566546901,1,0.01260590854538776,0.01260590854538776,0.01260590854538776
2014-02-25 15:40:00,14.4433,0.2754562144285427,0,-0.0013749283898922796,-0.002749856779784559,-0.0013749283898922794
2014-02-25 15:45:00,14.3733,0.27088270350099025,0,-0.002749427226526285,-0.00549885445305257,-0.002749427226526285
2014-02-25 15:50:00,15.0,0.3129132175319372,0,-0.00412306749327775,-0.008246134986555497,-0.004123067493277749
2014-02-25 15:55:00,14.4433,0.2732963672619413,0,-0.005495421245366803,-0.010990842490733605,-0.005495421245366803
2014-02-25 16:00:00,15.0033,0.3124424473010655,0,-0.006866062142226371,-0.013732124284452744,-0.006866062142226371
2014-02-25 16:05:00,13.8267,0.31028245946342314,0,-0.0082345659756249,-0.0164691319512498,-0.0082345659756249
2014-02-25 16:10:00,13.3367,0.346575178327735,0,-0.009600511192157338,-0.019201022384314675,-0.009600511192157338
2014-02-25 16:15:00,13.9267,0.2974517580309099,0,-0.010963479408745123,-0.02192695881749025,-0.010963479408745124
2014-02-25 16:20:00,15.6333,0.3709027319597211,0,-0.012323055919816394,-0.024646111839632792,-0.012323055919816394
2014-02-25 16:25:00,14.4833,0.27638029649213897,0,-0.013678830194875577,-0.02735766038975115,-0.013678830194875575
2014-02-25 16:30:00,14.93,0.3092181390381332,0,-0.015030396365214575,-0.030060792730429158,-0.015030396365214577
2014-02-25 16:35:00,14.4833,0.2743226162782869,0,-0.016377353698564974,-0.03275470739712995,-0.016377353698564974
2014-02-25 16:40:00,15.0,0.31415310516534595,0,-0.017719307060545125,-0.03543861412109025,-0.017719307060545125
2014-02-25 16:45:00,13.9067,0.3105651402309835,0,-0.019055867361812605,-0.03811173472362521,-0.019055867361812605
2014-02-25 16:50:00,15.5567,0.36342873160196265,0,-0.02038665198989534,-0.04077330397979068,-0.02038665198989534
2014-02-25 16:55:00,14.4433,0.27108173250492706,0,-0.02171128522473944,-0.04342257044947888,-0.02171128522473944
2014-02-25 17:00:00,15.0567,0.316001156993189,0,-0.023029398637082053,-0.046058797274164114,-0.023029398637082053
2014-02-25 17:05:00,14.4433,0.27334544494485274,0,-0.024340631468828842,-0.04868126293765767,-0.024340631468828835
2014-02-25 17:10:00,15.5567,0.36088059018011504,0,-0.02564463099469025,-0.05128926198938051,-0.025644630994690255
2014-02-25 17:15:00,12.22,0.4822425553354235,0,-0.02694105286440801,-0.05388210572881602,-0.02694105286440801
2014-02-25 17:20:00,15.1433,0.3200399825568556,0,-0.02822956142498057,-0.05645912284996114,-0.028229561424980572
2014-02-25 17:25:00,14.5133,0.272013842633028,0,-0.029509830022376136,-0.05901966004475227,-0.02950983002237614
2014-02-25 17:30:00,15.5567,0.3523645526574844,0,-0.03078154128230151,-0.06156308256460302,-0.03078154128230151
2014-02-25 17:35:00,14.4,0.2778586552693705,0,-0.032044387369675,-0.06408877473935,-0.032044387369675
2014-02-25 17:40:00,15.0,0.3049994118554444,0,-0.03329807022653193,-0.06659614045306386,-0.03329807022653193
2014-02-25 17:45:00,14.5,0.2721316354053085,0,-0.03454230178816973,-0.06908460357633947,-0.03454230178816974
2014-02-25 17:50:00,15.0,0.3049139464635141,0,-0.035776804177418166,-0.07155360835483633,-0.03577680417741816
2014-02-25 17:55:00,14.4433,0.2783169806513872,0,-0.03700130987699654,-0.07400261975399308,-0.03700130987699654
2014-02-25 18:00:00,15.5567,0.3543848874815821,0,-0.038215561879994704,-0.07643112375998941,-0.038215561879994704
2014-02-25 18:05:00,14.4433,0.28198543400934256,0,-0.03941931381858645,-0.0788386276371729,-0.03941931381858645
2014-02-25 18:10:00,13.89,0.32933985261776744,0,-0.04061233007115477,-0.08122466014230953,-0.040612330071154765
2014-02-25 18:15:00,13.8867,0.3268927449256505,0,-0.04179438584807474,-0.08358877169614948,-0.04179438584807474
2014-02-25 18:20:00,15.1967,0.3264056866298509,0,-0.042965267256464386,-0.08593053451292877,-0.042965267256464386
2014-02-25 18:25:00,13.8867,0.3279174366760417,0,-0.04412477134427405,-0.0882495426885481,-0.04412477134427405
2014-02-25 18:30:00,15.0,0.3095364800275089,0,-0.045272706124142484,-0.09054541224828497,-0.04527270612414248
2014-02-25 18:35:00,14.4433,0.27829211399346315,0,-0.04640889057750087,-0.09281778115500174,-0.04640889057750087
2014-02-25 18:40:00,15.0567,0.3150052009433926,0,-0.04753315463945615,-0.0950663092789123,-0.04753315463945615
2014-02-25 18:45:00,14.3967,0.2846663186176329,0,-0.048645339165029874,-0.09729067833005976,-0.048645339165029874
2014-02-25 18:50:00,15.5567,0.36642121416374657,0,-0.04974529587737142,-0.09949059175474284,-0.04974529587737142
2014-02-25 18:55:00,14.4433,0.2842304908198977,0,-0.05083288729860108,-0.10166577459720216,-0.050832887298601075
2014-02-25 19:00:00,15.0,0.30596072807802155,0,-0.051907986663972665,-0.10381597332794533,-0.051907986663972665
2014-02-25 19:05:00,13.9067,0.33976150243765163,0,-0.05297047782007388,-0.10594095564014776,-0.05297047782007388
2014-02-25 19:10:00,15.5567,0.36640000002838863,0,-0.054020255107808585,-0.10804051021561717,-0.054020255107808585
2014-02-25 19:15:00,13.7767,0.3532502765202035,0,-0.055057223230925885,-0.11011444646185177,-0.05505722323092589
2014-02-25 19:20:00,15.07,0.3135456301948684,0,-0.05608129711087822,-0.11216259422175644,-0.05608129711087822
2014-02-25 19:25:00,14.3333,0.29562377132438483,0,-0.057092401728804434,-0.11418480345760887,-0.05709240172880444
2014-02-25 19:30:00,14.4433,0.284139049039479,0,-0.05809047195544253,-0.11618094391088506,-0.05809047195544252
2014-02-25 19:35:00,13.8867,0.3414958706351108,0,-0.059075452369783885,-0.11815090473956776,-0.059075452369783885
2014-02-25 19:40:00,13.3333,0.39985606574015403,0,-0.060047297067282485,-0.12009459413456496,-0.060047297067282485
2014-02-25 19:45:00,14.4433,0.27404649947580106,0,-0.06100596945843206,-0.12201193891686413,-0.06100596945843206
2014-02-25 19:50:00,15.42,0.3628462512776922,0,-0.06195144205852041,-0.12390288411704085,-0.06195144205852041
2014-02-25 19:55:00,13.9067,0.33098029619739405,0,-0.0628836962693629,-0.1257673925387258,-0.0628836962693629
2014-02-25 20:00:00,15.55,0.3745204658061664,0,-0.06380272215380746,-0.12760544430761492,-0.06380272215380746
2014-02-25 20:05:00,14.4433,0.2798172200456135,0,-0.06470851820379159,-0.12941703640758315,-0.06470851820379159
2014-02-25 20:10:00,16.1067,0.4320384698725462,0,-0.06560109110271665,-0.1312021822054333,-0.06560109110271665
2014-02-25 20:15:00,14.4433,0.2854834499040157,0,-0.066480455482888,-0.132960910965776,-0.066480455482888
2014-02-25 20:20:00,13.75,0.3514645050244013,0,-0.06734663367875082,-0.13469326735750164,-0.06734663367875082
2014-02-25 20:25:00,14.4433,0.28101488514610345,0,-0.06819965547663115,-0.1363993109532623,-0.06819965547663115
2014-02-25 20:30:00,15.0,0.3083117526850543,0,-0.06903955786166811,-0.13807911572333625,-0.06903955786166811
2014-02-25 20:35:00,14.4433,0.28288188672984604,0,-0.06986638476260161,-0.13973276952520322,-0.06986638476260161
2014-02-25 20:40:00,15.6433,0.37664887143664505,0,-0.07068018679505289,-0.14136037359010578,-0.07068018679505289
2014-02-25 20:45:00,13.8867,0.3418692967872288,0,-0.07148102100391124,-0.14296204200782248,-0.07148102100391124
2014-02-25 20:50:00,14.9367,0.2999978881356071,0,-0.0722689506054118,-0.1445379012108236,-0.0722689506054118
2014-02-25 20:55:00,13.8867,0.3412298625196729,0,-0.07304404472946338,-0.14608808945892676,-0.07304404472946338
2014-02-25 21:00:00,15.0567,0.3145744298647031,0,-0.0738063781627561,-0.1476127563255122,-0.0738063781627561
2014-02-25 21:05:00,13.9333,0.3360471482245599,0,-0.07455603109315125,-0.1491120621863025,-0.07455603109315125
2014-02-25 21:10:00,15.55,0.3692211860162071,0,-0.07529308885582663,-0.15058617771165325,-0.07529308885582663
2014-02-25 21:15:00,13.8867,0.3412563977050819,0,-0.07601764168162238,-0.15203528336324476,-0.07601764168162238
2014-02-25 21:20:00,15.1433,0.32298671399969553,0,-0.07672978444800367,-0.15345956889600734,-0.07672978444800367
2014-02-25 21:25:00,14.4433,0.2849279722907984,0,-0.07742961643302831,-0.15485923286605666,-0.07742961643302831
2014-02-25 21:30:00,15.42,0.3527873177991351,0,-0.07811724107267896,-0.15623448214535793,-0.07811724107267896
2014-02-25 21:35:00,15.0,0.303575448371771,0,-0.07879276572189269,-0.15758553144378534,-0.07879276572189269
2014-02-25 21:40:00,14.4433,0.2905173138583191,0,-0.07945630141959244,-0.15891260283918487,-0.07945630141959244
2014-02-25 21:45:00,13.9267,0.3456791779568593,0,-0.08010796265799926,-0.16021592531599851,-0.08010796265799926
2014-02-25 21:50:00,15.0867,0.3174067907693759,0,-0.08074786715647758,-0.16149573431295516,-0.08074786715647757
2014-02-25 21:55:00,14.4433,0.2888096732923907,0,-0.08137613564014047,-0.16275227128028094,-0.08137613564014047
2014-02-25 22:00:00,15.5567,0.37252506503635263,0,-0.08199289162341822,-0.16398578324683644,-0.08199289162341823
2014-02-25 22:05:00,15.0,0.3022603258446305,0,-0.08259826119876837,-0.16519652239753674,-0.08259826119876838
2014-02-25 22:10:00,15.0,0.3011884757876151,0,-0.08319237283068404,-0.16638474566136807,-0.08319237283068404
2014-02-25 22:15:00,13.9333,0.3557583281524041,0,-0.08377535715513414,-0.16755071431026827,-0.08377535715513414
2014-02-25 22:20:00,15.0,0.3040753172100911,0,-0.08434734678454935,-0.1686946935690987,-0.08434734678454935
2014-02-25 22:25:00,14.3433,0.30598549640509803,0,-0.08490847611844599,-0.16981695223689197,-0.084908476118446
2014-02-25 22:30:00,15.0,0.30552443700613274,0,-0.08545888115976279,-0.17091776231952555,-0.08545888115976279
2014-02-25 22:35:00,13.8867,0.3631582708751022,0,-0.08599869933696516,-0.17199739867393032,-0.08599869933696516
2014-02-25 22:40:00,15.08,0.31760601910027264,0,-0.08652806933195674,-0.17305613866391348,-0.08652806933195674
2014-02-25 22:45:00,14.4733,0.2902706641548327,0,-0.0870471309138197,-0.1740942618276394,-0.0870471309138197
2014-02-25 22:50:00,13.94,0.3547991533239645,0,-0.0875560247783913,-0.1751120495567826,-0.0875560247783913
2014-02-25 22:55:00,13.8867,0.3561533029475253,0,-0.08805489239366927,-0.17610978478733855,-0.08805489239366927
2014-02-25 23:00:00,14.9467,0.30983624020416434,0,-0.08854387585102565,-0.1770877517020513,-0.08854387585102565
2014-02-25 23:05:00,13.92,0.3501195911676053,0,-0.08902311772219591,-0.17804623544439185,-0.08902311772219591
2014-02-25 23:10:00,15.0,0.3185963603050333,0,-0.0894927609219988,-0.1789855218439976,-0.0894927609219988
2014-02-25 23:15:00,14.4433,0.28547704182418,0,-0.08995294857673165,-0.1799058971534633,-0.08995294857673165
2014-02-25 23:20:00,15.5567,0.3921032983159543,0,-0.0904038238981761,-0.1808076477963522,-0.0904038238981761
2014-02-25 23:25:00,13.9167,0.3533274310736614,0,-0.09084553006314032,-0.18169106012628064,-0.09084553006314032
2014-02-25 23:30:00,14.3267,0.2989305759503361,0,-0.09127821009845556,-0.1825564201969111,-0.09127821009845555
2014-02-25 23:35:00,13.8867,0.35200006646282883,0,-0.09170200677133708,-0.18340401354267416,-0.09170200677133708
2014-02-25 23:40:00,15.0867,0.3318096513308078,0,-0.09211706248501393,-0.18423412497002786,-0.09211706248501393
2014-02-25 23:45:00,13.8867,0.3508608737949618,0,-0.09252351917952477,-0.18504703835904954,-0.09252351917952477
2014-02-25 23:50:00,15.0,0.3220608456822219,0,-0.09292151823757257,-0.1858430364751451,-0.09292151823757255
2014-02-25 23:55:00,13.39,0.4156316609650851,0,-0.09331120039532642,-0.18662240079065284,-0.09331120039532642
2014-02-26 00:00:00,15.15,0.3408534102529981,0,-0.0936927056580541,-0.1873854113161082,-0.0936927056580541
2014-02-26 00:05:00,14.4433,0.27872877743925545,0,-0.09406617322046608,-0.18813234644093216,-0.09406617322046609
2014-02-26 00:10:00,15.5567,0.3903793256475222,0,-0.09443174139164902,-0.18886348278329804,-0.09443174139164902
2014-02-26 00:15:00,14.4433,0.283485817918243,0,-0.0947895475244637,-0.1895790950489274,-0.0947895475244637
2014-02-26 00:20:00,14.9933,0.31482242767980456,0,-0.0951397279492816,-0.1902794558985632,-0.0951397279492816
2014-02-26 00:25:00,13.9333,0.3450251862716266,0,-0.09548241791193186,-0.19096483582386373,-0.09548241791193186
2014-02-26 00:30:00,14.4433,0.2819207815561377,0,-0.09581775151573027,-0.19163550303146054,-0.09581775151573028
2014-02-26 00:35:00,13.9067,0.34526581805344075,0,-0.09614586166746077,-0.19229172333492156,-0.09614586166746077
2014-02-26 00:40:00,15.0633,0.3310872518297344,0,-0.09646688002718044,-0.1929337600543609,-0.09646688002718043
2014-02-26 00:45:00,14.3333,0.2934821464296517,0,-0.09678093696171833,-0.19356187392343666,-0.09678093696171833
2014-02-26 00:50:00,15.0,0.32307980586101137,0,-0.09708816150173996,-0.1941763230034799,-0.09708816150173995
2014-02-26 00:55:00,13.8867,0.3517325169028152,0,-0.09738868130224887,-0.19477736260449774,-0.09738868130224888
2014-02-26 01:00:00,15.5567,0.3975847019017422,0,-0.09768262260639923,-0.19536524521279847,-0.09768262260639923
2014-02-26 01:05:00,12.2233,0.5702113852839511,0,-0.09797011021249304,-0.19594022042498607,-0.09797011021249304
2014-02-26 01:10:00,15.0,0.3157987353131443,0,-0.09825126744403867,-0.1965025348880773,-0.09825126744403867
2014-02-26 01:15:00,16.15,0.4284931089562862,0,-0.0985262161227481,-0.1970524322454962,-0.0985262161227481
2014-02-26 01:20:00,15.0,0.3035212589084453,0,-0.09879507654435242,-0.19759015308870484,-0.09879507654435242
2014-02-26 01:25:00,13.9333,0.3247264874405245,0,-0.09905796745711752,-0.19811593491423504,-0.09905796745711752
2014-02-26 01:30:00,15.0567,0.31053621386478475,0,-0.09931500604294363,-0.1986300120858873,-0.09931500604294365
2014-02-26 01:35:00,13.9067,0.3279639819763342,0,-0.0995663079009353,-0.1991326158018706,-0.0995663079009353
2014-02-26 01:40:00,15.08,0.3145449486255825,0,-0.09981198703332993,-0.19962397406665985,-0.09981198703332991
2014-02-26 01:45:00,13.9067,0.3286848886305751,0,-0.10005215583367676,-0.2001043116673535,-0.10005215583367676
2014-02-26 01:50:00,14.8633,0.2965633249770053,0,-0.10028692507715978,-0.2005738501543196,-0.10028692507715978
2014-02-26 01:55:00,14.4433,0.2792078217445575,0,-0.10051640391296104,-0.2010328078259221,-0.10051640391296104
2014-02-26 02:00:00,12.105,0.5249790026842167,0,-0.10074069985856386,-0.20148139971712767,-0.10074069985856386
2014-02-26 02:05:00,13.8867,0.31053441221798883,0,-0.1009599187958977,-0.2019198375917954,-0.1009599187958977
2014-02-26 02:10:00,15.1433,0.3269545503786652,0,-0.10117416496922996,-0.20234832993845991,-0.10117416496922996
2014-02-26 02:15:00,14.4433,0.2690123989287788,0,-0.10138354098471183,-0.2027670819694237,-0.10138354098471185
2014-02-26 02:20:00,15.9767,0.4008837079694811,0,-0.1015881478114892,-0.20317629562297845,-0.10158814781148921
2014-02-26 02:25:00,14.4433,0.27451095126073816,0,-0.10178808478429152,-0.20357616956858304,-0.10178808478429152
2014-02-26 02:30:00,14.9367,0.3016338214325301,0,-0.10198344960741516,-0.20396689921483036,-0.10198344960741516
2014-02-26 02:35:00,14.5267,0.26968224486304604,0,-0.10217433836002003,-0.2043486767200401,-0.10217433836002004
2014-02-26 02:40:00,15.07,0.3127851107471097,0,-0.10236084550266134,-0.20472169100532267,-0.10236084550266134
2014-02-26 02:45:00,13.9067,0.32421218973768945,0,-0.1025430638849808,-0.20508612776996166,-0.10254306388498081
2014-02-26 02:50:00,15.0,0.30837099557277586,0,-0.10272108475448508,-0.20544216950897015,-0.10272108475448509
2014-02-26 02:55:00,13.94,0.3219519348296067,0,-0.10289499776634088,-0.20578999553268176,-0.10289499776634088
2014-02-26 03:00:00,15.0,0.3102060701725297,0,-0.10306489099411972,-0.20612978198823945,-0.10306489099411971
2014-02-26 03:05:00,13.3333,0.3820260599561033,0,-0.10323085094142744,-0.20646170188285487,-0.10323085094142744
2014-02-26 03:10:00,15.0,0.3128395442344884,0,-0.1033929625543566,-0.2067859251087132,-0.10339296255435661
2014-02-26 03:15:00,11.7067,0.5450994507333868,0,-0.1035513092347016,-0.20710261846940325,-0.10355130923470161
2014-02-26 03:20:00,15.0,0.3127832077660869,0,-0.10370597285387986,-0.20741194570775973,-0.10370597285387986
2014-02-26 03:25:00,14.3433,0.2729807669882888,0,-0.10385703376750394,-0.20771406753500787,-0.10385703376750394
2014-02-26 03:30:00,15.42,0.3452298936429082,0,-0.10400457083055246,-0.20800914166110493,-0.10400457083055246
2014-02-26 03:35:00,13.8867,0.3097001028033188,0,-0.10414866141308952,-0.20829732282617905,-0.10414866141308951
2014-02-26 03:40:00,14.5,0.2744220017362035,0,-0.1042893814164847,-0.2085787628329694,-0.1042893814164847
2014-02-26 03:45:00,14.4433,0.2701581930488769,0,-0.1044268052900882,-0.20885361058017646,-0.10442680529008821
2014-02-26 03:50:00,15.0,0.3133886069710918,0,-0.10456100604831736,-0.20912201209663472,-0.10456100604831736
2014-02-26 03:55:00,13.8867,0.3138195698832707,0,-0.10469205528811278,-0.20938411057622555,-0.10469205528811278
2014-02-26 04:00:00,15.0,0.31480772670707186,0,-0.10482002320672512,-0.20964004641345024,-0.10482002320672511
2014-02-26 04:05:00,13.8867,0.31525073379301977,0,-0.10494497861979436,-0.20988995723958875,-0.10494497861979436
2014-02-26 04:10:00,15.01,0.3170766805238945,0,-0.1050669889796862,-0.2101339779593724,-0.10506698897968621
2014-02-26 04:15:00,14.4433,0.2700143909538134,0,-0.1051861203940513,-0.2103722407881026,-0.1051861203940513
2014-02-26 04:20:00,16.1133,0.42283911469703017,0,-0.10530243764457548,-0.21060487528915092,-0.10530243764457548
2014-02-26 04:25:00,14.4433,0.2762832393967505,0,-0.1054160042058903,-0.2108320084117806,-0.1054160042058903
2014-02-26 04:30:00,15.0867,0.31419059857422954,0,-0.10552688226461507,-0.21105376452923014,-0.10552688226461507
2014-02-26 04:35:00,14.49,0.2746679241724171,0,-0.10563513273850296,-0.2112702654770059,-0.10563513273850295
2014-02-26 04:40:00,15.0,0.30632848837667115,0,-0.10574081529566552,-0.21148163059133104,-0.10574081529566552
2014-02-26 04:45:00,14.4433,0.28043112983005075,0,-0.1058439883738514,-0.2116879767477028,-0.10584398837385141
2014-02-26 04:50:00,15.0,0.306639871530866,0,-0.10594470919975583,-0.21188941839951167,-0.10594470919975583
2014-02-26 04:55:00,13.33,0.3907622496774066,0,-0.10604303380833986,-0.21208606761667967,-0.10604303380833986
2014-02-26 05:00:00,15.0,0.3095846035737176,0,-0.10613901706213864,-0.2122780341242773,-0.10613901706213863
2014-02-26 05:05:00,14.3433,0.2871945198676077,0,-0.10623271267053992,-0.21246542534107984,-0.10623271267053991
2014-02-26 05:10:00,15.0,0.3101343375880594,0,-0.10632417320901458,-0.21264834641802915,-0.10632417320901458
2014-02-26 05:15:00,14.4533,0.27907481005692825,0,-0.106413450138283,-0.212826900276566,-0.10641345013828299
2014-02-26 05:20:00,15.0033,0.3106096241042073,0,-0.10650059382340077,-0.2130011876468015,-0.10650059382340075
2014-02-26 05:25:00,14.4433,0.2819964266566977,0,-0.10658565355275004,-0.21317130710550009,-0.10658565355275004
2014-02-26 05:30:00,15.0,0.3105523961309392,0,-0.10666867755692228,-0.21333735511384455,-0.10666867755692229
2014-02-26 05:35:00,13.89,0.3416377328582985,0,-0.10674971302747993,-0.21349942605495986,-0.10674971302747993
2014-02-26 05:40:00,14.39,0.2857199549413894,0,-0.10682880613558536,-0.2136576122711707,-0.10682880613558535
2014-02-26 05:45:00,13.3333,0.4031098629113547,0,-0.10690600205048599,-0.213812004100972,-0.10690600205048599
2014-02-26 05:50:00,15.42,0.3632138813238197,0,-0.10698134495784584,-0.21396268991569167,-0.10698134495784584
2014-02-26 05:55:00,14.4933,0.2731494342323853,0,-0.10705487807791376,-0.2141097561558275,-0.10705487807791375
2014-02-26 06:00:00,15.08,0.3228762736780678,0,-0.10712664368352033,-0.21425328736704066,-0.10712664368352033
2014-02-26 06:05:00,14.3433,0.2903870115064412,0,-0.10719668311789544,-0.2143933662357909,-0.10719668311789544
2014-02-26 06:10:00,14.9467,0.30885610474008324,0,-0.10726503681229912,-0.21453007362459825,-0.10726503681229912
2014-02-26 06:15:00,13.9567,0.33392389509637765,0,-0.10733174430345968,-0.21466348860691933,-0.10733174430345967
2014-02-26 06:20:00,14.8667,0.3023828854968353,0,-0.10739684425081288,-0.21479368850162572,-0.10739684425081288
2014-02-26 06:25:00,15.0,0.3159470800589008,0,-0.1074603744535371,-0.2149207489070742,-0.1074603744535371
2014-02-26 06:30:00,14.4433,0.28321917098986205,0,-0.10752237186737956,-0.2150447437347591,-0.10752237186737955
2014-02-26 06:35:00,13.8867,0.3469229840179907,0,-0.1075828726212695,-0.21516574524253898,-0.1075828726212695
2014-02-26 06:40:00,15.0,0.31989868198195737,0,-0.10764191203371476,-0.2152838240674295,-0.10764191203371475
2014-02-26 06:45:00,13.3333,0.4165510376653298,0,-0.10769952462897804,-0.21539904925795605,-0.10769952462897803
2014-02-26 06:50:00,15.0,0.3213966902836415,0,-0.10775574415303067,-0.21551148830606134,-0.10775574415303069
2014-02-26 06:55:00,14.4433,0.2772966093553082,0,-0.10781060358928106,-0.21562120717856206,-0.10781060358928106
2014-02-26 07:00:00,15.0,0.32107119725438504,0,-0.10786413517407573,-0.21572827034815145,-0.10786413517407571
2014-02-26 07:05:00,13.36,0.4083877722125997,0,-0.10791637041197186,-0.2158327408239437,-0.10791637041197186
2014-02-26 07:10:00,13.3675,0.3920661213866305,0,-0.10796734009077966,-0.2159346801815593,-0.10796734009077966
2014-02-26 07:15:00,13.85,0.3272948685538758,0,-0.10801707429637347,-0.21603414859274692,-0.10801707429637347
2014-02-26 07:20:00,15.0,0.3298143360012035,0,-0.10806560242727152,-0.21613120485454304,-0.10806560242727152
2014-02-26 07:25:00,15.0,0.3270307062529811,0,-0.10811295320898336,-0.2162259064179667,-0.10811295320898336
2014-02-26 07:30:00,15.62,0.3947586761415711,0,-0.10815915470812547,-0.21631830941625094,-0.10815915470812548
2014-02-26 07:35:00,14.49,0.271510944641423,0,-0.10820423434630484,-0.21640846869260968,-0.10820423434630483
2014-02-26 07:40:00,15.0,0.3174722608713011,0,-0.10824821891377084,-0.2164964378275417,-0.10824821891377083
2014-02-26 07:45:00,13.8867,0.33653703853352834,0,-0.1082911345828367,-0.2165822691656734,-0.1082911345828367
2014-02-26 07:50:00,15.0,0.3192207219224111,0,-0.10833300692107062,-0.21666601384214124,-0.10833300692107062
2014-02-26 07:55:00,16.6667,0.5163191251352093,0,-0.10837386090425796,-0.21674772180851595,-0.10837386090425796
2014-02-26 08:00:00,14.9467,0.2948764373901379,0,-0.1084137209291358,-0.2168274418582716,-0.1084137209291358
2014-02-26 08:05:00,13.8867,0.3378153619432818,0,-0.10845261082590107,-0.21690522165180212,-0.10845261082590107
2014-02-26 08:10:00,14.4433,0.2836802072859412,0,-0.1084905538704938,-0.2169811077409876,-0.10849055387049379
2014-02-26 08:15:00,14.4433,0.2832832384242581,0,-0.10852757279665734,-0.21705514559331468,-0.10852757279665734
2014-02-26 08:20:00,15.5567,0.3610411313412816,0,-0.10856368980777722,-0.21712737961555445,-0.10856368980777722
2014-02-26 08:25:00,14.5,0.2819086591101937,0,-0.10859892658850058,-0.2171978531770012,-0.10859892658850058
2014-02-26 08:30:00,15.5567,0.3578614520730207,0,-0.1086333043161382,-0.2172666086322764,-0.1086333043161382
2014-02-26 08:35:00,13.8333,0.35012722654729883,0,-0.10866684367185148,-0.21733368734370295,-0.10866684367185149
2014-02-26 08:40:00,13.3425,0.39618837106053467,0,-0.10869956485162637,-0.21739912970325276,-0.10869956485162637
2014-02-26 08:45:00,13.8867,0.3305195908476836,0,-0.10873148757703653,-0.21746297515407306,-0.10873148757703653
2014-02-26 08:50:00,14.8633,0.2967232254983213,0,-0.1087626311057985,-0.21752526221159701,-0.1087626311057985
2014-02-26 08:55:00,13.9633,0.3231931012118242,0,-0.10879301424212093,-0.21758602848424186,-0.10879301424212091
2014-02-26 09:00:00,14.4433,0.27650819882769256,0,-0.10882265534685044,-0.21764531069370088,-0.10882265534685044
2014-02-26 09:05:00,13.7867,0.33962426404996776,0,-0.10885157234741716,-0.21770314469483432,-0.10885157234741716
2014-02-26 09:10:00,15.0,0.3169881598680679,0,-0.10887978274758177,-0.2177595654951635,-0.10887978274758175
2014-02-26 09:15:00,13.9367,0.32425288520936263,0,-0.10890730363698746,-0.21781460727397486,-0.10890730363698746
2014-02-26 09:20:00,15.01,0.3195341557421408,0,-0.10893415170051923,-0.2178683034010385,-0.10893415170051925
2014-02-26 09:25:00,14.37,0.2822182728680905,0,-0.108960343227473,-0.21792068645494603,-0.108960343227473
2014-02-26 09:30:00,15.07,0.3258533198725543,0,-0.10898589412053768,-0.21797178824107533,-0.10898589412053768
2014-02-26 09:35:00,14.49,0.2730311848158637,0,-0.10901081990459294,-0.21802163980918587,-0.10901081990459294
2014-02-26 09:40:00,15.0,0.3174751033145528,0,-0.1090351357353252,-0.2180702714706504,-0.10903513573532521
2014-02-26 09:45:00,13.8033,0.3497858214536209,0,-0.10905885640766493,-0.21811771281532985,-0.10905885640766491
2014-02-26 09:50:00,13.2925,0.40517115694447137,0,-0.10908199636404776,-0.2181639927280955,-0.10908199636404775
2014-02-26 09:55:00,13.8267,0.33180165485368485,0,-0.10910456970250283,-0.2182091394050057,-0.10910456970250285
2014-02-26 10:00:00,15.0,0.3266558829706748,0,-0.1091265901845705,-0.21825318036914101,-0.1091265901845705
2014-02-26 10:05:00,12.9025,0.4379806018428812,0,-0.10914807124305237,-0.21829614248610474,-0.10914807124305237
2014-02-26 10:10:00,15.0,0.32680690463494705,0,-0.10916902598959714,-0.2183380519791943,-0.10916902598959714
2014-02-26 10:15:00,14.5267,0.2796696539105789,0,-0.10918946722212408,-0.21837893444424816,-0.10918946722212408
2014-02-26 10:20:00,14.5,0.27692752156932765,0,-0.10920940743208757,-0.2184188148641752,-0.10920940743208758
2014-02-26 10:25:00,13.8867,0.32070436595225155,0,-0.1092288588115854,-0.2184577176231708,-0.10922885881158541
2014-02-26 10:30:00,13.4275,0.3678452551094185,0,-0.10924783326031334,-0.21849566652062669,-0.10924783326031334
2014-02-26 10:35:00,14.36,0.2705923729904439,0,-0.10926634239236906,-0.2185326847847381,-0.10926634239236906
2014-02-26 10:40:00,15.0,0.335114533234366,0,-0.1092843975429079,-0.2185687950858158,-0.1092843975429079
2014-02-26 10:45:00,12.9525,0.4218128925926389,0,-0.10930200977465326,-0.21860401954930653,-0.10930200977465326
2014-02-26 10:50:00,14.8733,0.3219203562910267,0,-0.1093191898842644,-0.2186383797685288,-0.1093191898842644
2014-02-26 10:55:00,13.3633,0.3635115370821034,0,-0.10933594840856414,-0.2186718968171283,-0.10933594840856414
2014-02-26 11:00:00,14.3167,0.2717688269819241,0,-0.10935229563062923,-0.21870459126125846,-0.10935229563062923
2014-02-26 11:05:00,13.8867,0.3063842534013699,0,-0.10936824158574593,-0.21873648317149186,-0.10936824158574592
2014-02-26 11:10:00,15.0033,0.3415692738749683,0,-0.1093837960672334,-0.2187675921344668,-0.10938379606723339
2014-02-26 11:15:00,12.915,0.4126734940325722,0,-0.10939896863213756,-0.21879793726427516,-0.10939896863213756
2014-02-26 11:20:00,15.62,0.40329021995566855,0,-0.1094137686067978,-0.2188275372135956,-0.10941376860679779
2014-02-26 11:25:00,13.8867,0.30438462943422623,0,-0.10942820509228887,-0.21885641018457772,-0.10942820509228887
2014-02-26 11:30:00,17.22,0.5616324642332304,0,-0.10944228696974108,-0.21888457393948216,-0.10944228696974108
2014-02-26 11:35:00,13.8867,0.3060252666880657,0,-0.10945602290554036,-0.2189120458110807,-0.10945602290554035
2014-02-26 11:40:00,15.4833,0.3470610429091162,0,-0.10946942135641123,-0.21893884271282246,-0.10946942135641123
2014-02-26 11:45:00,13.9333,0.3051685930927745,0,-0.1094824905743848,-0.2189649811487696,-0.1094824905743848
2014-02-26 11:50:00,14.9467,0.3054442007456188,0,-0.10949523861165412,-0.21899047722330825,-0.10949523861165412
2014-02-26 11:55:00,13.8867,0.3100672898794495,0,-0.1095076733253192,-0.2190153466506384,-0.1095076733253192
2014-02-26 12:00:00,15.0,0.31107433908647564,0,-0.10951980238202406,-0.21903960476404813,-0.10951980238202406
2014-02-26 12:05:00,14.4433,0.2698433740908146,0,-0.10953163326248788,-0.21906326652497576,-0.10953163326248788
2014-02-26 12:10:00,15.5567,0.3568447924474962,0,-0.1095431732659326,-0.2190863465318652,-0.1095431732659326
2014-02-26 12:15:00,14.4433,0.2738331982389294,0,-0.10955442951440902,-0.21910885902881805,-0.10955442951440902
2014-02-26 12:20:00,15.6433,0.36126825554739,0,-0.1095654089570236,-0.2191308179140472,-0.1095654089570236
2014-02-26 12:25:00,13.9267,0.3181548637167051,0,-0.10957611837406796,-0.21915223674813591,-0.10957611837406796
2014-02-26 12:30:00,12.9175,0.40380583772414497,0,-0.1095865643810533,-0.2191731287621066,-0.1095865643810533
2014-02-26 12:35:00,14.4433,0.2695013900296103,0,-0.1095967534326516,-0.2191935068653032,-0.10959675343265159
2014-02-26 12:40:00,14.4433,0.26948720123520603,0,-0.10960669182654564,-0.2192133836530913,-0.10960669182654564
2014-02-26 12:45:00,13.4167,0.3521980512091896,0,-0.10961638570718994,-0.21923277141437988,-0.10961638570718994
2014-02-26 12:50:00,14.49,0.2757210047481017,0,-0.10962584106948424,-0.21925168213896848,-0.10962584106948424
2014-02-26 12:55:00,13.8867,0.3097521889546762,0,-0.10963506376236164,-0.21927012752472327,-0.10963506376236164
2014-02-26 13:00:00,15.0,0.3194092188335866,0,-0.10964405949229326,-0.21928811898458653,-0.10964405949229326
2014-02-26 13:05:00,14.4433,0.2716504910511649,0,-0.10965283382671116,-0.2193056676534223,-0.10965283382671115
2014-02-26 13:10:00,15.0,0.3185619823505855,0,-0.1096613921973512,-0.2193227843947024,-0.1096613921973512
2014-02-26 13:15:00,13.8867,0.3159806239745024,0,-0.10966973990351786,-0.21933947980703566,-0.10966973990351786
2014-02-26 13:20:00,12.975,0.4013154040895193,0,-0.10967788211527256,-0.2193557642305451,-0.10967788211527255
2014-02-26 13:25:00,13.9267,0.30245314489933994,0,-0.10968582387654703,-0.21937164775309406,-0.10968582387654703
2014-02-26 13:30:00,15.0,0.32644646687743833,0,-0.10969357010818397,-0.2193871402163679,-0.10969357010818395
2014-02-26 13:35:00,13.9333,0.30403670083121903,0,-0.10970112561090564,-0.21940225122181128,-0.10970112561090563
2014-02-26 13:40:00,15.42,0.3665795287393692,0,-0.1097084950682131,-0.2194169901364262,-0.1097084950682131
2014-02-26 13:45:00,12.22,0.4716235686512637,0,-0.1097156830492168,-0.2194313660984336,-0.10971568304921679
2014-02-26 13:50:00,15.5567,0.3684204364842292,0,-0.10972269401140028,-0.21944538802280056,-0.10972269401140028
2014-02-26 13:55:00,15.0,0.3170079381006781,0,-0.10972953230331896,-0.21945906460663794,-0.10972953230331897
2014-02-26 14:00:00,16.19,0.4134708883057485,0,-0.10973620216723462,-0.21947240433446924,-0.10973620216723462
2014-02-26 14:05:00,14.4733,0.2694147197004293,0,-0.1097427077416878,-0.2194854154833756,-0.10974270774168779
2014-02-26 14:10:00,15.5567,0.3490959295832861,0,-0.10974905306400903,-0.2194981061280181,-0.10974905306400905
2014-02-26 14:15:00,13.8867,0.3139278130561631,0,-0.10975524207277072,-0.21951048414554145,-0.10975524207277072
2014-02-26 14:20:00,15.6333,0.35421720048865657,0,-0.10976127861018042,-0.21952255722036085,-0.10976127861018042
2014-02-26 14:25:00,14.3333,0.2836918420122961,0,-0.10976716642441747,-0.21953433284883492,-0.10976716642441747
2014-02-26 14:30:00,15.08,0.30851940849731274,0,-0.10977290917191394,-0.2195458183438279,-0.10977290917191394
2014-02-26 14:35:00,13.9267,0.3163909085086356,0,-0.10977851041958116,-0.21955702083916231,-0.10977851041958116
2014-02-26 14:40:00,14.4433,0.27531379808321066,0,-0.10978397364698328,-0.21956794729396653,-0.10978397364698327
2014-02-26 14:45:00,13.7767,0.3277242390149595,0,-0.10978930224845873,-0.2195786044969175,-0.10978930224845874
2014-02-26 14:50:00,15.0567,0.3131681160700015,0,-0.10979449953519144,-0.21958899907038287,-0.10979449953519144
2014-02-26 14:55:00,13.9067,0.31750639793146024,0,-0.10979956873723186,-0.21959913747446366,-0.10979956873723186
2014-02-26 15:00:00,15.0,0.3099594259990731,0,-0.1098045130054703,-0.2196090260109406,-0.1098045130054703
2014-02-26 15:05:00,11.6667,0.5316899812396815,0,-0.10980933541356258,-0.2196186708271252,-0.10980933541356258
2014-02-26 15:10:00,15.08,0.3164630888956649,0,-0.10981403895980968,-0.21962807791961936,-0.10981403895980969
2014-02-26 15:15:00,14.4433,0.2713602069369685,0,-0.10981862656899236,-0.21963725313798474,-0.10981862656899237
2014-02-26 15:20:00,15.42,0.3410144428966799,0,-0.10982310109416156,-0.21964620218832312,-0.10982310109416156
2014-02-26 15:25:00,15.0,0.30631404448799965,0,-0.10982746531838596,-0.21965493063677194,-0.10982746531838597
2014-02-26 15:30:00,15.5567,0.3470100995382329,0,-0.10983172195645753,-0.21966344391291506,-0.10983172195645753
2014-02-26 15:35:00,12.7767,0.4019761031676421,0,-0.10983587365655594,-0.21967174731311187,-0.10983587365655594
2014-02-26 15:40:00,15.5567,0.3451815894039853,0,-0.10983992300187297,-0.2196798460037459,-0.10983992300187295
2014-02-26 15:45:00,14.4433,0.2729757666642991,0,-0.10984387251219788,-0.21968774502439573,-0.10984387251219788
2014-02-26 15:50:00,15.5567,0.3431453092505892,0,-0.10984772464546444,-0.2196954492909289,-0.10984772464546445
2014-02-26 15:55:00,13.8867,0.31484102236814504,0,-0.10985148179926076,-0.2197029635985216,-0.10985148179926078
2014-02-26 16:00:00,15.0,0.3017730787436705,0,-0.1098551463123026,-0.2197102926246052,-0.10985514631230259
2014-02-26 16:05:00,13.9267,0.3128481472282942,0,-0.10985872046587107,-0.21971744093174214,-0.10985872046587108
2014-02-26 16:10:00,15.0,0.3035203037206521,0,-0.10986220648521593,-0.21972441297043185,-0.10986220648521593
2014-02-26 16:15:00,13.8867,0.3170313445577321,0,-0.10986560654092443,-0.21973121308184887,-0.10986560654092443
2014-02-26 16:20:00,15.0633,0.3102313469360034,0,-0.10986892275025756,-0.21973784550051514,-0.10986892275025757
2014-02-26 16:25:00,15.0,0.3038298774027306,0,-0.10987215717845364,-0.21974431435690728,-0.10987215717845364
2014-02-26 16:30:00,15.0567,0.3071847323872803,1,1.0,1.0,1.0
2014-02-26 16:35:00,14.4433,0.2795244482444121,1,0.9996606163510808,0.9996606163510808,0.9996606163510809
2014-02-26 16:40:00,15.5567,0.35050733567366776,1,0.9993128031853268,0.9993128031853268,0.9993128031853268
2014-02-26 16:45:00,14.4433,0.2830280907214682,1,0.9989563541757912,0.9989563541757912,0.9989563541757912
2014-02-26 16:50:00,14.4433,0.28265038283912874,1,0.9985910580993534,0.9985910580993534,0.9985910580993534
2014-02-26 16:55:00,13.8867,0.330438245679393,1,0.9982166987283538,0.9982166987283538,0.9982166987283538
2014-02-26 17:00:00,14.5233,0.2728237525757501,1,0.9978330547202332,0.9978330547202332,0.9978330547202332
2014-02-26 17:05:00,14.3333,0.28887856438237064,1,0.9974398995051676,0.9974398995051676,0.9974398995051675
2014-02-26 17:10:00,15.5567,0.3614512457811877,1,0.9970370011716712,0.9970370011716712,0.9970370011716713
2014-02-26 17:15:00,14.4433,0.2828341616761645,1,0.9966241223501692,0.9966241223501692,0.9966241223501693
2014-02-26 17:20:00,15.5667,0.3592657726370884,1,0.9962010200945216,0.9962010200945216,0.9962010200945217
2014-02-26 17:25:00,14.4433,0.2865216186519378,1,0.9957674457614892,0.9957674457614892,0.9957674457614893
2014-02-26 17:30:00,15.0,0.3014972568258009,1,0.9953231448881372,0.9953231448881371,0.995323144888137
2014-02-26 17:35:00,14.3333,0.2982955349959993,1,0.9948678570671664,0.9948678570671664,0.9948678570671663
2014-02-26 17:40:00,15.43,0.3458763335370739,1,0.9944013158201752,0.9944013158201752,0.9944013158201751
2014-02-26 17:45:00,13.4367,0.3936185247604939,1,0.9939232484688408,0.9939232484688408,0.9939232484688408
2014-02-26 17:50:00,14.8733,0.2916405641261913,1,0.9934333760040284,0.9934333760040284,0.9934333760040285
2014-02-26 17:55:00,13.25,0.4058040621925824,1,0.9929314129528292,0.9929314129528292,0.9929314129528292
2014-02-26 18:00:00,15.5667,0.36070530523040667,1,0.9924170672435276,0.9924170672435276,0.9924170672435275
2014-02-26 18:05:00,13.9333,0.328260013012788,1,0.9918900400685148,0.9918900400685148,0.9918900400685149
2014-02-26 18:10:00,15.5567,0.35753790638180377,1,0.9913500257451536,0.9913500257451536,0.9913500257451535
2014-02-26 18:15:00,13.8867,0.33373792507791084,1,0.9907967115746072,0.9907967115746072,0.9907967115746071
2014-02-26 18:20:00,15.0,0.3041723868562825,1,0.9902297776986564,0.9902297776986564,0.9902297776986564
2014-02-26 18:25:00,15.0,0.3030133683819409,1,0.9896488969545182,0.9896488969545182,0.9896488969545182
2014-02-26 18:30:00,16.11,0.4123449146663377,1,0.989053734727698,0.989053734727698,0.9890537347276981
2014-02-26 18:35:00,13.8867,0.33963240645099146,1,0.9884439488028972,0.9884439488028972,0.9884439488028973
2014-02-26 18:40:00,14.4433,0.2869874848210515,1,0.9878191892130114,0.9878191892130114,0.9878191892130114
2014-02-26 18:45:00,13.3333,0.3904489673097054,1,0.987179098086258,0.9871790980862579,0.987179098086258
2014-02-26 18:50:00,15.0033,0.30345704065742674,1,0.9865233094914724,0.9865233094914724,0.9865233094914725
2014-02-26 18:55:00,13.8867,0.3311047942577181,1,0.9858514492816188,0.9858514492816188,0.9858514492816188
2014-02-26 19:00:00,15.08,0.3125049752756923,1,0.9851631349355688,0.9851631349355688,0.9851631349355688
2014-02-26 19:05:00,13.8867,0.3315797145958896,1,0.9844579753982056,0.9844579753982056,0.9844579753982057
2014-02-26 19:10:00,14.8733,0.2958263506547089,1,0.9837355709189104,0.9837355709189104,0.9837355709189104
2014-02-26 19:15:00,12.7033,0.4530537598850648,1,0.9829955128885096,0.9829955128885096,0.9829955128885095
2014-02-26 19:20:00,16.1133,0.4102276086858064,1,0.9822373836747456,0.9822373836747456,0.9822373836747457
2014-02-26 19:25:00,12.22,0.4659622968784355,1,0.9814607564563648,0.9814607564563648,0.9814607564563648
2014-02-26 19:30:00,15.5567,0.3459468252650931,1,0.9806651950559008,0.9806651950559008,0.9806651950559007
2014-02-26 19:35:00,14.4433,0.2727329359006384,1,0.9798502537712545,0.9798502537712545,0.9798502537712545
2014-02-26 19:40:00,15.42,0.3335904547094271,1,0.979015477206175,0.979015477206175,0.979015477206175
2014-02-26 19:45:00,12.915,0.3888723685829948,1,0.978160400099744,0.978160400099744,0.9781604000997439
2014-02-26 19:50:00,15.0,0.30439872580076976,1,0.9772845471549964,0.9772845471549964,0.9772845471549964
2014-02-26 19:55:00,13.9267,0.3070368049575173,1,0.976387432866794,0.976387432866794,0.976387432866794
2014-02-26 20:00:00,15.0,0.30587800973566304,1,0.9754685613490952,0.9754685613490952,0.9754685613490953
2014-02-26 20:05:00,12.22,0.4442740352021275,1,0.9745274261617696,0.9745274261617696,0.9745274261617695
2014-02-26 20:10:00,15.5567,0.3469585333139545,1,0.9735635101371072,0.9735635101371072,0.9735635101371072
2014-02-26 20:15:00,13.8867,0.30363564993812336,1,0.9725762852061977,0.9725762852061977,0.9725762852061975
2014-02-26 20:20:00,15.06,0.3113645710116773,1,0.9715652122253532,0.9715652122253532,0.9715652122253531
2014-02-26 20:25:00,14.4433,0.26914587103441,1,0.9705297408027682,0.9705297408027682,0.9705297408027682
2014-02-26 20:30:00,16.1133,0.3896885034723409,1,0.9694693091256104,0.9694693091256104,0.9694693091256104
2014-02-26 20:35:00,14.4633,0.27273526952229565,1,0.9683833437877668,0.9683833437877668,0.9683833437877669
2014-02-26 20:40:00,15.5567,0.3400656730709939,1,0.9672712596184648,0.9672712596184648,0.9672712596184648
2014-02-26 20:45:00,14.4433,0.277300897805437,1,0.966132459512006,0.966132459512006,0.9661324595120059
2014-02-26 20:50:00,15.0,0.2983541106179045,1,0.9649663342588732,0.9649663342588732,0.9649663342588732
2014-02-26 20:55:00,14.4433,0.2787424687846725,1,0.963772262378476,0.963772262378476,0.9637722623784759
2014-02-26 21:00:00,14.88,0.29001030538331124,1,0.9625496099538098,0.9625496099538098,0.9625496099538098
2014-02-26 21:05:00,13.8867,0.3216214563878144,1,0.961297730468342,0.961297730468342,0.961297730468342
2014-02-26 21:10:00,15.5567,0.3453987041688021,1,0.9600159646454204,0.9600159646454204,0.9600159646454204
2014-02-26 21:15:00,14.5,0.27681739161224744,1,0.9587036402905508,0.9587036402905508,0.9587036402905507
2014-02-26 21:20:00,16.1767,0.3969879235415921,1,0.9573600721368786,0.9573600721368786,0.9573600721368786
2014-02-26 21:25:00,14.89,0.2835735024916739,1,0.9559845616942484,0.9559845616942484,0.9559845616942484
2014-02-26 21:30:00,16.1133,0.3810094453405628,1,0.9545763971022152,0.9545763971022152,0.9545763971022153
2014-02-26 21:35:00,14.4433,0.29170940760310626,1,0.9531348529874168,0.9531348529874168,0.9531348529874168
2014-02-26 21:40:00,15.6133,0.3342761666931186,1,0.95165919032572,0.95165919032572,0.95165919032572
2014-02-26 21:45:00,13.89,0.3375353494594865,1,0.9501486563095902,0.9501486563095902,0.9501486563095902
2014-02-26 21:50:00,15.0,0.28736250239783523,1,0.948602484221132,0.9486024842211321,0.948602484221132
2014-02-26 21:55:00,14.4833,0.28952473140679724,1,0.9470198933112958,0.9470198933112958,0.9470198933112958
2014-02-26 22:00:00,15.08,0.29462655482193456,1,0.9454000886857372,0.9454000886857371,0.945400088685737
2014-02-26 22:05:00,13.8867,0.34066280262632115,1,0.9437422611978667,0.9437422611978667,0.9437422611978669
2014-02-26 22:10:00,15.55,0.3368782849140089,1,0.9420455873496312,0.9420455873496312,0.9420455873496312
2014-02-26 22:15:00,15.0767,0.2938555380056163,1,0.9403092292005844,0.9403092292005844,0.9403092292005844
2014-02-26 22:20:00,16.1133,0.3851447794596097,1,0.9385323342858608,0.9385323342858608,0.9385323342858607
2014-02-26 22:25:00,14.4433,0.30017948185840193,1,0.9367140355436432,0.9367140355436432,0.9367140355436433
2014-02-26 22:30:00,15.01,0.2836346966933358,1,0.9348534512527858,0.9348534512527858,0.9348534512527858
2014-02-26 22:35:00,14.4833,0.2973903869953224,1,0.932949684981232,0.932949684981232,0.932949684981232
2014-02-26 22:40:00,15.6533,0.3417468834689196,1,0.9310018255459368,0.9310018255459368,0.9310018255459367
2014-02-26 22:45:00,14.4433,0.30357830877949243,1,0.9290089469849906,0.9290089469849906,0.9290089469849906
2014-02-26 22:50:00,15.6433,0.3402782615336116,1,0.9269701085426888,0.9269701085426888,0.9269701085426887
2014-02-26 22:55:00,13.9467,0.3519017933612945,1,0.9248843546683032,0.9248843546683032,0.9248843546683032
2014-02-26 23:00:00,15.0,0.2830795489495413,1,0.922750715029351,0.922750715029351,0.922750715029351
2014-02-26 23:05:00,13.9267,0.3516943267387334,1,0.9205682045401627,0.9205682045401627,0.9205682045401629
2014-02-26 23:10:00,15.43,0.3251014471916689,1,0.9183358234065968,0.9183358234065968,0.9183358234065968
2014-02-26 23:15:00,14.4433,0.30213248455684066,1,0.9160525571877524,0.9160525571877524,0.9160525571877525
2014-02-26 23:20:00,15.5567,0.3378690623256752,1,0.9137173768755792,0.9137173768755791,0.913717376875579
2014-02-26 23:25:00,14.49,0.3002977650983916,1,0.9113292389932816,0.9113292389932816,0.9113292389932816
2014-02-26 23:30:00,15.6333,0.3452194131773205,1,0.9088870857134672,0.9088870857134672,0.9088870857134672
2014-02-26 23:35:00,13.75,0.37653792724833296,1,0.9063898449969824,0.9063898449969824,0.9063898449969823
2014-02-26 23:40:00,14.1675,0.3269332290577937,1,0.9038364307534312,0.9038364307534312,0.9038364307534311
2014-02-26 23:45:00,13.9267,0.3478133079576989,1,0.9012257430243702,0.9012257430243702,0.9012257430243702
2014-02-26 23:50:00,15.0,0.29213097727711185,1,0.8985566681902077,0.8985566681902077,0.8985566681902077
2014-02-26 23:55:00,14.4433,0.2964261883070018,1,0.8958280792018518,0.8958280792018518,0.8958280792018518
2014-02-27 00:00:00,16.1533,0.4120708164860806,1,0.8930388358381706,0.8930388358381706,0.8930388358381706
2014-02-27 00:05:00,15.0,0.2857028376862496,1,0.8901877849903459,0.8901877849903459,0.8901877849903459
2014-02-27 00:10:00,15.5567,0.33741924533418344,1,0.8872737609742145,0.8872737609742145,0.8872737609742145
2014-02-27 00:15:00,14.4433,0.3055639040768655,1,0.8842955858717122,0.8842955858717122,0.8842955858717122
2014-02-27 00:20:00,14.9933,0.2834620334399667,1,0.8812520699025423,0.8812520699025423,0.8812520699025423
2014-02-27 00:25:00,14.4433,0.3060380782399228,1,0.8781420118272028,0.8781420118272028,0.8781420118272028
2014-02-27 00:30:00,15.5567,0.3416809035718761,1,0.8749641993825149,0.8749641993825149,0.8749641993825149
2014-02-27 00:35:00,14.3433,0.3184746867518789,1,0.8717174097508009,0.8717174097508009,0.8717174097508009
2014-02-27 00:40:00,14.3733,0.3134648181003998,1,0.8684004100638634,0.8684004100638634,0.8684004100638634
2014-02-27 00:45:00,16.695,0.4764469332494624,1,0.8650119579429126,0.8650119579429126,0.8650119579429126
2014-02-27 00:50:00,19.165,0.6886294308087839,1,0.8615508020755978,0.8615508020755978,0.8615508020755978
2014-02-27 00:55:00,12.1367,0.455563772046551,1,0.8580156828312717,0.8580156828312717,0.8580156828312717
2014-02-27 01:00:00,14.8733,0.27349165785511537,1,0.854405332915637,0.854405332915637,0.854405332915637
2014-02-27 01:05:00,14.4433,0.2956275731646472,1,0.8507184780658686,0.8507184780658686,0.8507184780658686
2014-02-27 01:10:00,14.9367,0.26899728279375096,1,0.8469538377873326,0.8469538377873326,0.8469538377873326
2014-02-27 01:15:00,14.4433,0.2955239897447381,1,0.8431101261329635,0.8431101261329635,0.8431101261329635
2014-02-27 01:20:00,16.1067,0.3375707895563721,1,0.8391860525263521,0.8391860525263521,0.8391860525263521
2014-02-27 01:25:00,15.0567,0.2735784445788834,1,0.8351803226295599,0.8351803226295599,0.8351803226295599
2014-02-27 01:30:00,15.5567,0.30216187894402385,1,0.8310916392566403,0.8310916392566403,0.8310916392566403
2014-02-27 01:35:00,14.4467,0.30139509856263497,1,0.8269187033337926,0.8269187033337926,0.8269187033337926
2014-02-27 01:40:00,15.5567,0.30348023228828264,1,0.8226602149070443,0.8226602149070443,0.8226602149070443
2014-02-27 01:45:00,15.0,0.2692537733009385,1,0.8183148741982842,0.8183148741982842,0.8183148741982842
2014-02-27 01:50:00,15.0033,0.2690479037101642,1,0.8138813827104135,0.8138813827104135,0.8138813827104135
2014-02-27 01:55:00,13.8867,0.3429645364946022,1,0.8093584443823231,0.8093584443823231,0.8093584443823231
2014-02-27 02:00:00,15.01,0.2727014822214093,1,0.8047447667943036,0.8047447667943036,0.8047447667943036
2014-02-27 02:05:00,14.3433,0.30899793024709515,1,0.8000390624244499,0.8000390624244499,0.80003906242445
2014-02-27 02:10:00,15.01,0.27464265570411645,1,0.7952400499564912,0.7952400499564912,0.7952400499564912
2014-02-27 02:15:00,14.4833,0.2990433056830528,1,0.7903464556394151,0.7903464556394151,0.7903464556394151
2014-02-27 02:20:00,15.5567,0.314958010964112,1,0.7853570146991236,0.7853570146991236,0.7853570146991236
2014-02-27 02:25:00,15.0,0.2732841737529053,1,0.7802704728022559,0.7802704728022559,0.7802704728022559
2014-02-27 02:30:00,15.5567,0.31418094928328244,1,0.775085587572197,0.775085587572197,0.775085587572197
2014-02-27 02:35:00,14.4433,0.3079562587395004,1,0.7698011301571411,0.7698011301571411,0.7698011301571411
2014-02-27 02:40:00,15.0,0.27298690664905084,1,0.7644158868499645,0.7644158868499645,0.7644158868499645
2014-02-27 02:45:00,14.4433,0.3078498272054724,1,0.7589286607594986,0.7589286607594986,0.7589286607594986
2014-02-27 02:50:00,13.76,0.3648363405497268,1,0.7533382735326392,0.7533382735326392,0.7533382735326392
2014-02-27 02:55:00,14.3433,0.3092135467306783,1,0.7476435671265776,0.7476435671265776,0.7476435671265776
2014-02-27 03:00:00,15.55,0.3258826570214393,1,0.7418434056302476,0.7418434056302476,0.7418434056302476
2014-02-27 03:05:00,14.4833,0.2996305529675216,1,0.7359366771339131,0.7359366771339131,0.7359366771339131
2014-02-27 03:10:00,15.62,0.3323998942051557,1,0.7299222956456326,0.7299222956456326,0.7299222956456326
2014-02-27 03:15:00,14.4433,0.3053974668406033,1,0.7237992030531304,0.7237992030531304,0.7237992030531304
2014-02-27 03:20:00,14.8733,0.26922736952029275,1,0.7175663711294089,0.7175663711294089,0.7175663711294089
2014-02-27 03:25:00,13.91,0.3539948053535214,1,0.7112228035802163,0.7112228035802163,0.7112228035802163
2014-02-27 03:30:00,13.75,0.3637895023838453,1,0.7047675381312716,0.7047675381312716,0.7047675381312716
2014-02-27 03:35:00,14.4433,0.29557935753604625,1,0.698199648652917,0.698199648652917,0.698199648652917
2014-02-27 03:40:00,15.62,0.34504000615537017,1,0.6915182473196357,0.6915182473196357,0.6915182473196357
2014-02-27 03:45:00,15.0,0.28585766776357896,1,0.6847224868016417,0.6847224868016417,0.6847224868016417
2014-02-27 03:50:00,15.6333,0.3429537468524357,1,0.6778115624854981,0.6778115624854981,0.6778115624854981
2014-02-27 03:55:00,13.7867,0.3653301672540162,1,0.6707847147204784,0.6707847147204784,0.6707847147204784
2014-02-27 04:00:00,15.0567,0.2908979177007443,1,0.6636412310871366,0.6636412310871366,0.6636412310871366
2014-02-27 04:05:00,13.9267,0.34836779742430984,1,0.6563804486842948,0.6563804486842948,0.6563804486842948
2014-02-27 04:10:00,15.07,0.2951788055423171,1,0.6490017564304146,0.6490017564304146,0.6490017564304146
2014-02-27 04:15:00,14.49,0.29412664205403977,1,0.6415045973750478,0.6415045973750478,0.6415045973750478
2014-02-27 04:20:00,16.1133,0.4002755200024845,1,0.6338884710158347,0.6338884710158347,0.6338884710158347
2014-02-27 04:25:00,14.4433,0.30222991590233234,1,0.6261529356162405,0.6261529356162405,0.6261529356162405
2014-02-27 04:30:00,14.9467,0.2804431165077819,1,0.6182976105190017,0.6182976105190017,0.6182976105190017
2014-02-27 04:35:00,13.8867,0.35662551558105826,1,0.6103221784499866,0.6103221784499866,0.6103221784499866
2014-02-27 04:40:00,15.5567,0.34103179441068543,1,0.6022263878069634,0.6022263878069634,0.6022263878069634
2014-02-27 04:45:00,14.39,0.3064827650547364,1,0.5940100549275251,0.5940100549275251,0.5940100549275251
2014-02-27 04:50:00,15.0,0.2875886843474576,1,0.5856730663302101,0.5856730663302101,0.5856730663302101
2014-02-27 04:55:00,14.89,0.2769663977759733,1,0.5772153809226541,0.5772153809226541,0.5772153809226541
2014-02-27 05:00:00,15.01,0.2880736110623404,1,0.5686370321704082,0.5686370321704082,0.5686370321704082
2014-02-27 05:05:00,13.9333,0.3590128085210331,1,0.5599381302198818,0.5599381302198818,0.5599381302198818
2014-02-27 05:10:00,15.0,0.2906003152528933,1,0.551118863968718,0.551118863968718,0.551118863968718
2014-02-27 05:15:00,14.49,0.2975489891206549,1,0.5421795030767389,0.5421795030767389,0.5421795030767389
2014-02-27 05:20:00,15.0,0.29193094532435937,1,0.5331203999105024,0.5331203999105024,0.5331203999105024
2014-02-27 05:25:00,13.24,0.44389533537041903,1,0.5239419914143904,0.5239419914143904,0.5239419914143904
2014-02-27 05:30:00,15.0,0.2965257920676091,1,0.5146448009010722,0.5146448009010722,0.5146448009010722
2014-02-27 05:35:00,14.3333,0.3057362723111996,1,0.5052294397541363,0.5052294397541363,0.5052294397541363
2014-02-27 05:40:00,14.9467,0.2928295313521548,1,0.4956966090356518,0.4956966090356518,0.4956966090356518
2014-02-27 05:45:00,13.9267,0.3503003938650756,1,0.4860471009914186,0.4860471009914186,0.4860471009914186
2014-02-27 05:50:00,15.0567,0.30715363716951544,1,0.4762818004467008,0.4762818004467008,0.4762818004467008
2014-02-27 05:55:00,13.8867,0.3535793210863777,1,0.4664016860852872,0.4664016860852872,0.46640168608528715
2014-02-27 06:00:00,15.0633,0.31040291439241197,1,0.4564078316048284,0.4564078316048284,0.4564078316048284
2014-02-27 06:05:00,14.49,0.28703249321174645,1,0.4463014067415162,0.4463014067415162,0.4463014067415162
2014-02-27 06:10:00,15.5667,0.3683063303040829,1,0.43608367815732907,0.43608367815732907,0.43608367815732907
2014-02-27 06:15:00,13.8867,0.35656151648405937,1,0.4257560101832722,0.4257560101832722,0.4257560101832722
2014-02-27 06:20:00,13.75,0.3664520602243769,1,0.4153198654122592,0.4153198654122592,0.4153198654122592
2014-02-27 06:25:00,13.37,0.4028191215049901,1,0.4047768051355599,0.4047768051355599,0.40477680513555986
2014-02-27 06:30:00,15.0,0.3107943045202185,1,0.3941284896170315,0.3941284896170315,0.3941284896170315
2014-02-27 06:35:00,13.8867,0.3373313967210472,1,0.3833766781996968,0.3833766781996968,0.38337667819969684
2014-02-27 06:40:00,15.0867,0.32171086770390417,1,0.3725232292396011,0.3725232292396011,0.37252322923960113
2014-02-27 06:45:00,13.2633,0.4065366920305865,1,0.3615700998623003,0.3615700998623003,0.3615700998623003
2014-02-27 06:50:00,14.4433,0.27462022299303224,1,0.3505193455377616,0.3505193455377616,0.3505193455377616
2014-02-27 06:55:00,13.4167,0.377885376470085,1,0.3393731194699553,0.3393731194699553,0.33937311946995535
2014-02-27 07:00:00,15.0033,0.3204645466977889,1,0.3281336717979126,0.3281336717979126,0.3281336717979126
2014-02-27 07:05:00,13.8867,0.3247690801714484,1,0.31680334860557313,0.31680334860557313,0.31680334860557313
2014-02-27 07:10:00,15.55,0.378771774814825,1,0.3053845907383164,0.3053845907383164,0.30538459073831636
2014-02-27 07:15:00,13.8867,0.32616404868916704,1,0.2938799324246658,0.2938799324246658,0.2938799324246658
2014-02-27 07:20:00,15.0,0.3180535877971163,1,0.2822919997022824,0.2822919997022824,0.2822919997022824
2014-02-27 07:25:00,13.9067,0.32507139306765986,1,0.2706235086480017,0.2706235086480017,0.27062350864800166
2014-02-27 07:30:00,15.0867,0.328283782122549,1,0.2588772634123381,0.2588772634123381,0.2588772634123381
2014-02-27 07:35:00,13.9067,0.32624222367868,1,0.2470561540595541,0.24705615405955406,0.24705615405955403
2014-02-27 07:40:00,14.8667,0.30691418820992084,1,0.2351631542150905,0.23516315421509046,0.23516315421509043
2014-02-27 07:45:00,12.9125,0.4380194563989964,1,0.22320131852285,0.22320131852285002,0.22320131852285
2014-02-27 07:50:00,14.9367,0.3163188757679847,1,0.21117377991553385,0.21117377991553385,0.21117377991553385
2014-02-27 07:55:00,16.64,0.4935438843240061,1,0.19908374670194548,0.19908374670194548,0.19908374670194548
2014-02-27 08:00:00,15.5533,0.35025039492598514,1,0.18693449947587704,0.18693449947587704,0.18693449947587706
2014-02-27 08:05:00,15.02,0.3014089748375155,1,0.17472938785189635,0.17472938785189635,0.17472938785189635
2014-02-27 08:10:00,15.0567,0.3033532800299231,1,0.1624718270340452,0.1624718270340452,0.1624718270340452
2014-02-27 08:15:00,11.1233,0.5941212688249927,1,0.15016529422413588,0.15016529422413588,0.15016529422413588
2014-02-27 08:20:00,14.5,0.2709865726881073,1,0.13781332487698894,0.13781332487698894,0.13781332487698894
2014-02-27 08:25:00,13.78,0.3117755787518767,1,0.12541950881059705,0.12541950881059705,0.12541950881059705
2014-02-27 08:30:00,14.4433,0.2696077697983572,1,0.1129874861798024,0.1129874861798024,0.11298748617980241
2014-02-27 08:35:00,11.6467,0.4701830776858373,1,0.1005209433226653,0.1005209433226653,0.1005209433226653
2014-02-27 08:40:00,12.78,0.3595257089073752,1,0.08802360848923628,0.08802360848923628,0.08802360848923627
2014-02-27 08:45:00,13.9,0.28650942338053514,1,0.07549924746296394,0.07549924746296394,0.07549924746296394
2014-02-27 08:50:00,14.9933,0.3150446383356952,1,0.06295165908543503,0.06295165908543503,0.06295165908543503
2014-02-27 08:55:00,14.4833,0.2827702568140457,1,0.05038467069556171,0.05038467069556171,0.05038467069556171
2014-02-27 09:00:00,14.88,0.3065821293193988,1,0.03780213349472245,0.03780213349472245,0.03780213349472245
2014-02-27 09:05:00,13.8867,0.2929768170307618,1,0.025207917849680732,0.02520791784968073,0.025207917849680732
2014-02-27 09:10:00,14.8633,0.3063739446696581,1,0.01260590854538776,0.01260590854538776,0.01260590854538776
2014-02-27 09:15:00,13.27,0.3360489258374157,0,-0.0013749283898922796,-0.002749856779784559,-0.0013749283898922794
2014-02-27 09:20:00,12.2233,0.40877379844533707,0,-0.002749427226526285,-0.00549885445305257,-0.002749427226526285
2014-02-27 09:25:00,13.89,0.28385038878410856,0,-0.00412306749327775,-0.008246134986555497,-0.004123067493277749
2014-02-27 09:30:00,15.5567,0.3615490949237663,0,-0.005495421245366803,-0.010990842490733605,-0.005495421245366803
2014-02-27 09:35:00,13.7867,0.293917783005538,0,-0.006866062142226371,-0.013732124284452744,-0.006866062142226371
2014-02-27 09:40:00,14.5,0.2884960463496118,0,-0.0082345659756249,-0.0164691319512498,-0.0082345659756249
2014-02-27 09:45:00,12.22,0.4052994921515484,0,-0.009600511192157338,-0.019201022384314675,-0.009600511192157338
2014-02-27 09:50:00,15.0,0.3244970011148712,0,-0.010963479408745123,-0.02192695881749025,-0.010963479408745124
2014-02-27 09:55:00,14.4433,0.2869431525283888,0,-0.012323055919816394,-0.024646111839632792,-0.012323055919816394
2014-02-27 10:00:00,15.0567,0.32627515440465965,0,-0.013678830194875577,-0.02735766038975115,-0.013678830194875575
2014-02-27 10:05:00,13.8867,0.2885517611931619,0,-0.015030396365214575,-0.030060792730429158,-0.015030396365214577
2014-02-27 10:10:00,14.9933,0.3218561866387784,0,-0.016377353698564974,-0.03275470739712995,-0.016377353698564974
2014-02-27 10:15:00,13.3333,0.32864631773254305,0,-0.017719307060545125,-0.03543861412109025,-0.017719307060545125
2014-02-27 10:20:00,15.0567,0.32770670519980644,0,-0.019055867361812605,-0.03811173472362521,-0.019055867361812605
2014-02-27 10:25:00,14.4433,0.28301021849524177,0,-0.02038665198989534,-0.04077330397979068,-0.02038665198989534
2014-02-27 10:30:00,15.0967,0.32870011458806386,0,-0.02171128522473944,-0.04342257044947888,-0.02171128522473944
2014-02-27 10:35:00,14.5,0.2836728010444707,0,-0.023029398637082053,-0.046058797274164114,-0.023029398637082053
2014-02-27 10:40:00,15.0,0.31940174438814306,0,-0.024340631468828842,-0.04868126293765767,-0.024340631468828835
2014-02-27 10:45:00,13.8867,0.3000636019424264,0,-0.02564463099469025,-0.05128926198938051,-0.025644630994690255
2014-02-27 10:50:00,14.8633,0.30966629835522513,0,-0.02694105286440801,-0.05388210572881602,-0.02694105286440801
2014-02-27 10:55:00,14.4733,0.2790483419548813,0,-0.02822956142498057,-0.05645912284996114,-0.028229561424980572
2014-02-27 11:00:00,14.4433,0.27655638368490304,0,-0.029509830022376136,-0.05901966004475227,-0.02950983002237614
2014-02-27 11:05:00,13.8867,0.30447429653065755,0,-0.03078154128230151,-0.06156308256460302,-0.03078154128230151
2014-02-27 11:10:00,15.0,0.32352409275209165,0,-0.032044387369675,-0.06408877473935,-0.032044387369675
2014-02-27 11:15:00,13.7867,0.3148553192648696,0,-0.03329807022653193,-0.06659614045306386,-0.03329807022653193
2014-02-27 11:20:00,12.81,0.4017803598544154,0,-0.03454230178816973,-0.06908460357633947,-0.03454230178816974
2014-02-27 11:25:00,14.4433,0.2834127631995991,0,-0.035776804177418166,-0.07155360835483633,-0.03577680417741816
2014-02-27 11:30:00,15.0567,0.33352799841984976,0,-0.03700130987699654,-0.07400261975399308,-0.03700130987699654
2014-02-27 11:35:00,13.38,0.3447609218814949,0,-0.038215561879994704,-0.07643112375998941,-0.038215561879994704
2014-02-27 11:40:00,12.8333,0.3896246271732293,0,-0.03941931381858645,-0.0788386276371729,-0.03941931381858645
2014-02-27 11:45:00,12.2967,0.4265423770826736,0,-0.04061233007115477,-0.08122466014230953,-0.040612330071154765
2014-02-27 11:50:00,15.6267,0.3851153063565425,0,-0.04179438584807474,-0.08358877169614948,-0.04179438584807474
2014-02-27 11:55:00,13.38,0.32365027454498585,0,-0.042965267256464386,-0.08593053451292877,-0.042965267256464386
2014-02-27 12:00:00,15.07,0.33596780065301723,0,-0.04412477134427405,-0.0882495426885481,-0.04412477134427405
2014-02-27 12:05:00,13.9467,0.2843649625681463,0,-0.045272706124142484,-0.09054541224828497,-0.04527270612414248
2014-02-27 12:10:00,14.8733,0.3201345775063173,0,-0.04640889057750087,-0.09281778115500174,-0.04640889057750087
2014-02-27 12:15:00,13.27,0.33768738038705803,0,-0.04753315463945615,-0.0950663092789123,-0.04753315463945615
2014-02-27 12:20:00,14.4433,0.2896092382144371,0,-0.048645339165029874,-0.09729067833005976,-0.048645339165029874
2014-02-27 12:25:00,14.3333,0.2809412190922633,0,-0.04974529587737142,-0.09949059175474284,-0.04974529587737142
2014-02-27 12:30:00,12.28,0.4257097179428627,0,-0.05083288729860108,-0.10166577459720216,-0.050832887298601075
2014-02-27 12:35:00,13.9267,0.2794154348301457,0,-0.051907986663972665,-0.10381597332794533,-0.051907986663972665
2014-02-27 12:40:00,14.4433,0.2953782371499158,0,-0.05297047782007388,-0.10594095564014776,-0.05297047782007388
2014-02-27 12:45:00,13.9333,0.28023474182461666,0,-0.054020255107808585,-0.10804051021561717,-0.054020255107808585
2014-02-27 12:50:00,15.01,0.3411807170109737,0,-0.055057223230925885,-0.11011444646185177,-0.05505722323092589
2014-02-27 12:55:00,13.9333,0.28339670078191864,0,-0.05608129711087822,-0.11216259422175644,-0.05608129711087822
2014-02-27 13:00:00,14.3167,0.2838442087445775,0,-0.057092401728804434,-0.11418480345760887,-0.05709240172880444
2014-02-27 13:05:00,13.9267,0.28465750454896865,0,-0.05809047195544253,-0.11618094391088506,-0.05809047195544252
2014-02-27 13:10:00,15.0,0.3428873568960349,0,-0.059075452369783885,-0.11815090473956776,-0.059075452369783885
2014-02-27 13:15:00,14.4433,0.2913160306088528,0,-0.060047297067282485,-0.12009459413456496,-0.060047297067282485
2014-02-27 13:20:00,15.5567,0.3916233775573831,0,-0.06100596945843206,-0.12201193891686413,-0.06100596945843206
2014-02-27 13:25:00,13.3333,0.3442782804184121,0,-0.06195144205852041,-0.12390288411704085,-0.06195144205852041
2014-02-27 13:30:00,14.8633,0.32249270666433283,0,-0.0628836962693629,-0.1257673925387258,-0.0628836962693629
2014-02-27 13:35:00,13.8867,0.2965940030227988,0,-0.06380272215380746,-0.12760544430761492,-0.06380272215380746
2014-02-27 13:40:00,12.8267,0.3912998620343623,0,-0.06470851820379159,-0.12941703640758315,-0.06470851820379159
2014-02-27 13:45:00,13.8267,0.2939192708873184,0,-0.06560109110271665,-0.1312021822054333,-0.06560109110271665
2014-02-27 13:50:00,14.4467,0.2941318070608866,0,-0.066480455482888,-0.132960910965776,-0.066480455482888
2014-02-27 13:55:00,13.8867,0.2900564076672083,0,-0.06734663367875082,-0.13469326735750164,-0.06734663367875082
2014-02-27 14:00:00,14.4433,0.29480171464531,0,-0.06819965547663115,-0.1363993109532623,-0.06819965547663115
2014-02-27 14:05:00,13.9533,0.28550291014897355,0,-0.06903955786166811,-0.13807911572333625,-0.06903955786166811
2014-02-27 14:10:00,15.0567,0.3535662087829743,0,-0.06986638476260161,-0.13973276952520322,-0.06986638476260161
2014-02-27 14:15:00,13.8867,0.2948346317931135,0,-0.07068018679505289,-0.14136037359010578,-0.07068018679505289
2014-02-27 14:20:00,15.5567,0.4031161406373257,0,-0.07148102100391124,-0.14296204200782248,-0.07148102100391124
2014-02-27 14:25:00,14.49,0.2899207157250841,0,-0.0722689506054118,-0.1445379012108236,-0.0722689506054118
2014-02-27 14:30:00,13.385,0.3473988672105411,0,-0.07304404472946338,-0.14608808945892676,-0.07304404472946338
2014-02-27 14:35:00,14.3733,0.2828843622779641,0,-0.0738063781627561,-0.1476127563255122,-0.0738063781627561
2014-02-27 14:40:00,15.08,0.3487116068218388,0,-0.07455603109315125,-0.1491120621863025,-0.07455603109315125
2014-02-27 14:45:00,14.3733,0.2786727704708746,0,-0.07529308885582663,-0.15058617771165325,-0.07529308885582663
2014-02-27 14:50:00,15.0,0.3375428405458025,0,-0.07601764168162238,-0.15203528336324476,-0.07601764168162238
2014-02-27 14:55:00,14.3733,0.2751729207027399,0,-0.07672978444800367,-0.15345956889600734,-0.07672978444800367
2014-02-27 15:00:00,15.0567,0.34128072276917754,0,-0.07742961643302831,-0.15485923286605666,-0.07742961643302831
2014-02-27 15:05:00,14.4733,0.28072984415711044,0,-0.07811724107267896,-0.15623448214535793,-0.07811724107267896
2014-02-27 15:10:00,15.0,0.33267943970550506,0,-0.07879276572189269,-0.15758553144378534,-0.07879276572189269
2014-02-27 15:15:00,13.8867,0.3171541175658108,0,-0.07945630141959244,-0.15891260283918487,-0.07945630141959244
2014-02-27 15:20:00,14.4433,0.2770271560500645,0,-0.08010796265799926,-0.16021592531599851,-0.08010796265799926
2014-02-27 15:25:00,13.9067,0.3148693925141479,0,-0.08074786715647758,-0.16149573431295516,-0.08074786715647757
2014-02-27 15:30:00,15.42,0.3860222701337617,0,-0.08137613564014047,-0.16275227128028094,-0.08137613564014047
2014-02-27 15:35:00,13.7967,0.32864261689335983,0,-0.08199289162341822,-0.16398578324683644,-0.08199289162341823
2014-02-27 15:40:00,15.5567,0.3954799157334019,0,-0.08259826119876837,-0.16519652239753674,-0.08259826119876838
2014-02-27 15:45:00,14.3333,0.2771778942923884,0,-0.08319237283068404,-0.16638474566136807,-0.08319237283068404
2014-02-27 15:50:00,15.5567,0.3867331180025709,0,-0.08377535715513414,-0.16755071431026827,-0.08377535715513414
2014-02-27 15:55:00,14.4433,0.2718507222336286,0,-0.08434734678454935,-0.1686946935690987,-0.08434734678454935
2014-02-27 16:00:00,15.4133,0.3636258587976863,0,-0.08490847611844599,-0.16981695223689197,-0.084908476118446
2014-02-27 16:05:00,14.35,0.2847216890517664,0,-0.08545888115976279,-0.17091776231952555,-0.08545888115976279
2014-02-27 16:10:00,12.78,0.454792852958052,0,-0.08599869933696516,-0.17199739867393032,-0.08599869933696516
2014-02-27 16:15:00,13.9333,0.31201539744745643,0,-0.08652806933195674,-0.17305613866391348,-0.08652806933195674
2014-02-27 16:20:00,15.0,0.3226934985665535,0,-0.0870471309138197,-0.1740942618276394,-0.0870471309138197
2014-02-27 16:25:00,14.4433,0.2699912308237707,0,-0.0875560247783913,-0.1751120495567826,-0.0875560247783913
2014-02-27 16:30:00,15.5567,0.3784343026983513,0,-0.08805489239366927,-0.17610978478733855,-0.08805489239366927
2014-02-27 16:35:00,15.03,0.3177654619305215,0,-0.08854387585102565,-0.1770877517020513,-0.08854387585102565
2014-02-27 16:40:00,15.4133,0.3534762952119125,0,-0.08902311772219591,-0.17804623544439185,-0.08902311772219591
2014-02-27 16:45:00,14.4533,0.2782112656356801,0,-0.0894927609219988,-0.1789855218439976,-0.0894927609219988
2014-02-27 16:50:00,15.5567,0.3657327302946825,0,-0.08995294857673165,-0.1799058971534633,-0.08995294857673165
2014-02-27 16:55:00,15.0,0.30452175291783457,0,-0.0904038238981761,-0.1808076477963522,-0.0904038238981761
2014-02-27 17:00:00,14.88,0.2920831678320277,0,-0.09084553006314032,-0.18169106012628064,-0.09084553006314032
2014-02-27 17:05:00,14.4433,0.2868121676050983,0,-0.09127821009845556,-0.1825564201969111,-0.09127821009845555
2014-02-27 17:10:00,16.1233,0.4264194503736249,0,-0.09170200677133708,-0.18340401354267416,-0.09170200677133708
2014-02-27 17:15:00,14.4433,0.29174092961030035,0,-0.09211706248501393,-0.18423412497002786,-0.09211706248501393
2014-02-27 17:20:00,16.05,0.4031074613337979,0,-0.09252351917952477,-0.18504703835904954,-0.09252351917952477
2014-02-27 17:25:00,16.1133,0.3953589573449577,0,-0.09292151823757257,-0.1858430364751451,-0.09292151823757255
2014-02-27 17:30:00,16.6633,0.4369233348645225,0,-0.09331120039532642,-0.18662240079065284,-0.09331120039532642
2014-02-27 17:35:00,14.4633,0.3034460308027465,0,-0.0936927056580541,-0.1873854113161082,-0.0936927056580541
2014-02-27 17:40:00,15.0,0.2768957345458834,0,-0.09406617322046608,-0.18813234644093216,-0.09406617322046609
2014-02-27 17:45:00,14.4433,0.3052897256795544,0,-0.09443174139164902,-0.18886348278329804,-0.09443174139164902
2014-02-27 17:50:00,15.5567,0.3251374030612815,0,-0.0947895475244637,-0.1895790950489274,-0.0947895475244637
2014-02-27 17:55:00,15.0,0.2760177289762117,0,-0.0951397279492816,-0.1902794558985632,-0.0951397279492816
2014-02-27 18:00:00,16.1133,0.3757135991236452,0,-0.09548241791193186,-0.19096483582386373,-0.09548241791193186
2014-02-27 18:05:00,14.49,0.3087948627212685,0,-0.09581775151573027,-0.19163550303146054,-0.09581775151573028
2014-02-27 18:10:00,14.5767,0.29994207818200386,0,-0.09614586166746077,-0.19229172333492156,-0.09614586166746077
2014-02-27 18:15:00,14.4833,0.3071705903233827,0,-0.09646688002718044,-0.1929337600543609,-0.09646688002718043
2014-02-27 18:20:00,14.8733,0.2719903187150741,0,-0.09678093696171833,-0.19356187392343666,-0.09678093696171833
2014-02-27 18:25:00,13.7867,0.3744407977861824,0,-0.09708816150173996,-0.1941763230034799,-0.09708816150173995
2014-02-27 18:30:00,15.0,0.2814451941372539,0,-0.09738868130224887,-0.19477736260449774,-0.09738868130224888
2014-02-27 18:35:00,13.8867,0.3594258963030358,0,-0.09768262260639923,-0.19536524521279847,-0.09768262260639923
2014-02-27 18:40:00,14.92,0.27824786112727745,0,-0.09797011021249304,-0.19594022042498607,-0.09797011021249304
2014-02-27 18:45:00,13.8333,0.36166018129120026,0,-0.09825126744403867,-0.1965025348880773,-0.09825126744403867
2014-02-27 18:50:00,15.08,0.2964027617397616,0,-0.0985262161227481,-0.1970524322454962,-0.0985262161227481
2014-02-27 18:55:00,13.97,0.34513918730179804,0,-0.09879507654435242,-0.19759015308870484,-0.09879507654435242
2014-02-27 19:00:00,15.0,0.2918997696905959,0,-0.09905796745711752,-0.19811593491423504,-0.09905796745711752
2014-02-27 19:05:00,13.8867,0.3524956209762358,0,-0.09931500604294363,-0.1986300120858873,-0.09931500604294365
2014-02-27 19:10:00,16.1133,0.4080221124835983,0,-0.0995663079009353,-0.1991326158018706,-0.0995663079009353
2014-02-27 19:15:00,14.3433,0.306959172221042,0,-0.09981198703332993,-0.19962397406665985,-0.09981198703332991
2014-02-27 19:20:00,15.6133,0.3470691402004137,0,-0.10005215583367676,-0.2001043116673535,-0.10005215583367676
2014-02-27 19:25:00,14.4733,0.29761753488738546,0,-0.10028692507715978,-0.2005738501543196,-0.10028692507715978
2014-02-27 19:30:00,15.0,0.2878005281207445,0,-0.10051640391296104,-0.2010328078259221,-0.10051640391296104
2014-02-27 19:35:00,13.9333,0.3515539254403872,0,-0.10074069985856386,-0.20148139971712767,-0.10074069985856386
2014-02-27 19:40:00,14.93,0.28470066202720273,0,-0.1009599187958977,-0.2019198375917954,-0.1009599187958977
2014-02-27 19:45:00,14.4433,0.2985443443909607,0,-0.10117416496922996,-0.20234832993845991,-0.10117416496922996
2014-02-27 19:50:00,15.6967,0.3643426358249212,0,-0.10138354098471183,-0.2027670819694237,-0.10138354098471185
2014-02-27 19:55:00,13.85,0.3619488906775055,0,-0.1015881478114892,-0.20317629562297845,-0.10158814781148921
2014-02-27 20:00:00,15.5567,0.34664883197163365,0,-0.10178808478429152,-0.20357616956858304,-0.10178808478429152
2014-02-27 20:05:00,14.4433,0.30045879124359304,0,-0.10198344960741516,-0.20396689921483036,-0.10198344960741516
2014-02-27 20:10:00,15.5567,0.34561358777705586,0,-0.10217433836002003,-0.2043486767200401,-0.10217433836002004
2014-02-27 20:15:00,14.5,0.2977064914179366,0,-0.10236084550266134,-0.20472169100532267,-0.10236084550266134
2014-02-27 20:20:00,15.42,0.33028483289372845,0,-0.1025430638849808,-0.20508612776996166,-0.10254306388498081
2014-02-27 20:25:00,13.8333,0.3699095087584678,0,-0.10272108475448508,-0.20544216950897015,-0.10272108475448509
2014-02-27 20:30:00,15.5567,0.34532944896817763,0,-0.10289499776634088,-0.20578999553268176,-0.10289499776634088
2014-02-27 20:35:00,14.49,0.2992952780955117,0,-0.10306489099411972,-0.20612978198823945,-0.10306489099411971
2014-02-27 20:40:00,15.5567,0.3443780049875584,0,-0.10323085094142744,-0.20646170188285487,-0.10323085094142744
2014-02-27 20:45:00,15.0,0.28429055380642915,0,-0.1033929625543566,-0.2067859251087132,-0.10339296255435661
2014-02-27 20:50:00,15.0,0.28387535364481586,0,-0.1035513092347016,-0.20710261846940325,-0.10355130923470161
2014-02-27 20:55:00,13.9267,0.3671286177451688,0,-0.10370597285387986,-0.20741194570775973,-0.10370597285387986
2014-02-27 21:00:00,15.5567,0.3458042451205069,0,-0.10385703376750394,-0.20771406753500787,-0.10385703376750394
2014-02-27 21:05:00,14.4633,0.3064042748358736,0,-0.10400457083055246,-0.20800914166110493,-0.10400457083055246
2014-02-27 21:10:00,15.0,0.2861863029728189,0,-0.10414866141308952,-0.20829732282617905,-0.10414866141308951
2014-02-27 21:15:00,13.7867,0.3835410629372963,0,-0.1042893814164847,-0.2085787628329694,-0.1042893814164847
2014-02-27 21:20:00,15.0,0.2903707737331341,0,-0.1044268052900882,-0.20885361058017646,-0.10442680529008821
2014-02-27 21:25:00,15.5567,0.3498342754339214,0,-0.10456100604831736,-0.20912201209663472,-0.10456100604831736
2014-02-27 21:30:00,16.1133,0.4095591857447941,0,-0.10469205528811278,-0.20938411057622555,-0.10469205528811278
2014-02-27 21:35:00,14.4433,0.3122651686368901,0,-0.10482002320672512,-0.20964004641345024,-0.10482002320672511
2014-02-27 21:40:00,15.1433,0.2949893193172372,0,-0.10494497861979436,-0.20988995723958875,-0.10494497861979436
2014-02-27 21:45:00,13.9067,0.3714978718491535,0,-0.1050669889796862,-0.2101339779593724,-0.10506698897968621
2014-02-27 21:50:00,15.56,0.34137098168023394,0,-0.1051861203940513,-0.2103722407881026,-0.1051861203940513
2014-02-27 21:55:00,13.8867,0.3698194426443601,0,-0.10530243764457548,-0.21060487528915092,-0.10530243764457548
2014-02-27 22:00:00,15.0,0.2853567421115148,0,-0.1054160042058903,-0.2108320084117806,-0.1054160042058903
2014-02-27 22:05:00,13.9333,0.360553467481638,0,-0.10552688226461507,-0.21105376452923014,-0.10552688226461507
2014-02-27 22:10:00,15.5567,0.3453820668077947,0,-0.10563513273850296,-0.2112702654770059,-0.10563513273850295
2014-02-27 22:15:00,14.89,0.27489408223128964,0,-0.10574081529566552,-0.21148163059133104,-0.10574081529566552
2014-02-27 22:20:00,15.6333,0.3510550077102277,0,-0.1058439883738514,-0.2116879767477028,-0.10584398837385141
2014-02-27 22:25:00,14.5267,0.3021715813705039,0,-0.10594470919975583,-0.21188941839951167,-0.10594470919975583
2014-02-27 22:30:00,14.4433,0.309694282206292,0,-0.10604303380833986,-0.21208606761667967,-0.10604303380833986
2014-02-27 22:35:00,13.8867,0.3697276021601209,0,-0.10613901706213864,-0.2122780341242773,-0.10613901706213863
2014-02-27 22:40:00,15.0,0.2899354256000153,0,-0.10623271267053992,-0.21246542534107984,-0.10623271267053991
2014-02-27 22:45:00,13.9267,0.3611824428570807,0,-0.10632417320901458,-0.21264834641802915,-0.10632417320901458
2014-02-27 22:50:00,12.9575,0.4688779731374547,0,-0.106413450138283,-0.212826900276566,-0.10641345013828299
2014-02-27 22:55:00,13.8033,0.3476547096212956,0,-0.10650059382340077,-0.2130011876468015,-0.10650059382340075
2014-02-27 23:00:00,15.0,0.3023218491299314,0,-0.10658565355275004,-0.21317130710550009,-0.10658565355275004
2014-02-27 23:05:00,13.9333,0.3337894417499795,0,-0.10666867755692228,-0.21333735511384455,-0.10666867755692229
2014-02-27 23:10:00,15.0,0.30467930848626795,0,-0.10674971302747993,-0.21349942605495986,-0.10674971302747993
2014-02-27 23:15:00,14.4433,0.2850583163333648,0,-0.10682880613558536,-0.2136576122711707,-0.10682880613558535
2014-02-27 23:20:00,16.11,0.4225817124953706,0,-0.10690600205048599,-0.213812004100972,-0.10690600205048599
2014-02-27 23:25:00,15.02,0.29774609732321466,0,-0.10698134495784584,-0.21396268991569167,-0.10698134495784584
2014-02-27 23:30:00,15.5567,0.3480718100024661,0,-0.10705487807791376,-0.2141097561558275,-0.10705487807791375
2014-02-27 23:35:00,14.4733,0.29306574256288764,0,-0.10712664368352033,-0.21425328736704066,-0.10712664368352033
2014-02-27 23:40:00,15.6133,0.35240593259944325,0,-0.10719668311789544,-0.2143933662357909,-0.10719668311789544
2014-02-27 23:45:00,14.49,0.29467590516421266,0,-0.10726503681229912,-0.21453007362459825,-0.10726503681229912
2014-02-27 23:50:00,13.6475,0.3784992547447196,0,-0.10733174430345968,-0.21466348860691933,-0.10733174430345967
2014-02-27 23:55:00,14.38,0.29814866762470715,0,-0.10739684425081288,-0.21479368850162572,-0.10739684425081288
2014-02-28 00:00:00,16.1467,0.413973522077604,0,-0.1074603744535371,-0.2149207489070742,-0.1074603744535371
2014-02-28 00:05:00,14.4433,0.2963332219329219,0,-0.10752237186737956,-0.2150447437347591,-0.10752237186737955
2014-02-28 00:10:00,16.1133,0.3983803825155325,0,-0.1075828726212695,-0.21516574524253898,-0.1075828726212695
2014-02-28 00:15:00,14.94,0.27904911672269805,0,-0.10764191203371476,-0.2152838240674295,-0.10764191203371475
2014-02-28 00:20:00,15.6433,0.3420542234619044,0,-0.10769952462897804,-0.21539904925795605,-0.10769952462897803
2014-02-28 00:25:00,15.0667,0.2860895579016236,0,-0.10775574415303067,-0.21551148830606134,-0.10775574415303069
2014-02-28 00:30:00,15.55,0.3299787193525603,0,-0.10781060358928106,-0.21562120717856206,-0.10781060358928106
2014-02-28 00:35:00,14.4433,0.3103736057138433,0,-0.10786413517407573,-0.21572827034815145,-0.10786413517407571
2014-02-28 00:40:00,15.0,0.2791026306463693,0,-0.10791637041197186,-0.2158327408239437,-0.10791637041197186
2014-02-28 00:45:00,14.4433,0.3105196844847105,0,-0.10796734009077966,-0.2159346801815593,-0.10796734009077966
2014-02-28 00:50:00,15.5567,0.3356236015591193,0,-0.10801707429637347,-0.21603414859274692,-0.10801707429637347
2014-02-28 00:55:00,15.0,0.2779153930781698,0,-0.10806560242727152,-0.21613120485454304,-0.10806560242727152
2014-02-28 01:00:00,15.0,0.2776818547730651,0,-0.10811295320898336,-0.2162259064179667,-0.10811295320898336
2014-02-28 01:05:00,15.0,0.27745465104802003,0,-0.10815915470812547,-0.21631830941625094,-0.10815915470812548
2014-02-28 01:10:00,15.5567,0.33607150616894177,0,-0.10820423434630484,-0.21640846869260968,-0.10820423434630483
2014-02-28 01:15:00,15.0,0.2740641660448518,0,-0.10824821891377084,-0.2164964378275417,-0.10824821891377083
2014-02-28 01:20:00,15.5567,0.3341892467781662,0,-0.1082911345828367,-0.2165822691656734,-0.1082911345828367
2014-02-28 01:25:00,13.8867,0.3926064200561846,0,-0.10833300692107062,-0.21666601384214124,-0.10833300692107062
2014-02-28 01:30:00,15.5667,0.33547973820502097,0,-0.10837386090425796,-0.21674772180851595,-0.10837386090425796
2014-02-28 01:35:00,13.9333,0.37953480050946375,0,-0.1084137209291358,-0.2168274418582716,-0.1084137209291358
2014-02-28 01:40:00,15.55,0.3339578952515144,0,-0.10845261082590107,-0.21690522165180212,-0.10845261082590107
2014-02-28 01:45:00,13.8867,0.3797271076198269,0,-0.1084905538704938,-0.2169811077409876,-0.10849055387049379
2014-02-28 01:50:00,15.0,0.2795402095677677,0,-0.10852757279665734,-0.21705514559331468,-0.10852757279665734
2014-02-28 01:55:00,13.8867,0.3738737142506257,0,-0.10856368980777722,-0.21712737961555445,-0.10856368980777722
2014-02-28 02:00:00,15.0633,0.2898730984615425,0,-0.10859892658850058,-0.2171978531770012,-0.10859892658850058
2014-02-28 02:05:00,13.8333,0.3753227985077925,0,-0.1086333043161382,-0.2172666086322764,-0.1086333043161382
2014-02-28 02:10:00,15.42,0.3295266769029641,0,-0.10866684367185148,-0.21733368734370295,-0.10866684367185149
2014-02-28 02:15:00,14.4733,0.3036085310791821,0,-0.10869956485162637,-0.21739912970325276,-0.10869956485162637
2014-02-28 02:20:00,15.5567,0.34456343305909026,0,-0.10873148757703653,-0.21746297515407306,-0.10873148757703653
2014-02-28 02:25:00,13.9467,0.3623433266181139,0,-0.1087626311057985,-0.21752526221159701,-0.1087626311057985
2014-02-28 02:30:00,14.8733,0.2751683650089131,0,-0.10879301424212093,-0.21758602848424186,-0.10879301424212091
2014-02-28 02:35:00,12.1933,0.5670001061396691,0,-0.10882265534685044,-0.21764531069370088,-0.10882265534685044
2014-02-28 02:40:00,14.3733,0.2923419020032321,0,-0.10885157234741716,-0.21770314469483432,-0.10885157234741716
2014-02-28 02:45:00,13.8867,0.3321024390682289,0,-0.10887978274758177,-0.2177595654951635,-0.10887978274758175
2014-02-28 02:50:00,15.0,0.2986214133113128,0,-0.10890730363698746,-0.21781460727397486,-0.10890730363698746
2014-02-28 02:55:00,13.87,0.3335961214377589,0,-0.10893415170051923,-0.2178683034010385,-0.10893415170051925
2014-02-28 03:00:00,12.7767,0.4332184669921446,0,-0.108960343227473,-0.21792068645494603,-0.108960343227473
2014-02-28 03:05:00,13.9333,0.31299227116438205,0,-0.10898589412053768,-0.21797178824107533,-0.10898589412053768
2014-02-28 03:10:00,15.0,0.3084813756003089,0,-0.10901081990459294,-0.21802163980918587,-0.10901081990459294
2014-02-28 03:15:00,14.52,0.26965284608323786,0,-0.1090351357353252,-0.2180702714706504,-0.10903513573532521
2014-02-28 03:20:00,14.4467,0.27390576762349145,0,-0.10905885640766493,-0.21811771281532985,-0.10905885640766491
2014-02-28 03:25:00,14.4433,0.2740496000842159,0,-0.10908199636404776,-0.2181639927280955,-0.10908199636404775
2014-02-28 03:30:00,15.5567,0.3617989132431364,0,-0.10910456970250283,-0.2182091394050057,-0.10910456970250285
2014-02-28 03:35:00,12.26,0.4825814689902903,0,-0.1091265901845705,-0.21825318036914101,-0.1091265901845705
2014-02-28 03:40:00,15.1333,0.31942293488113355,0,-0.10914807124305237,-0.21829614248610474,-0.10914807124305237
2014-02-28 03:45:00,15.0,0.3071927482888846,0,-0.10916902598959714,-0.2183380519791943,-0.10916902598959714
2014-02-28 03:50:00,15.5567,0.3504323449207091,0,-0.10918946722212408,-0.21837893444424816,-0.10918946722212408
2014-02-28 03:55:00,13.36,0.36163500254726016,0,-0.10920940743208757,-0.2184188148641752,-0.10920940743208758
2014-02-28 04:00:00,14.4433,0.2726372026616403,0,-0.1092288588115854,-0.2184577176231708,-0.10922885881158541
2014-02-28 04:05:00,13.9333,0.3109702921947499,0,-0.10924783326031334,-0.21849566652062669,-0.10924783326031334
2014-02-28 04:10:00,15.0,0.3096861224912101,0,-0.10926634239236906,-0.2185326847847381,-0.10926634239236906
2014-02-28 04:15:00,13.4125,0.3560313252765315,0,-0.1092843975429079,-0.2185687950858158,-0.1092843975429079
2014-02-28 04:20:00,14.8733,0.3020744803754978,0,-0.10930200977465326,-0.21860401954930653,-0.10930200977465326
2014-02-28 04:25:00,13.3333,0.3610299109626565,0,-0.1093191898842644,-0.2186383797685288,-0.1093191898842644
2014-02-28 04:30:00,14.32,0.27514943377507983,0,-0.10933594840856414,-0.2186718968171283,-0.10933594840856414
2014-02-28 04:35:00,14.4733,0.2745832830496925,0,-0.10935229563062923,-0.21870459126125846,-0.10935229563062923
2014-02-28 04:40:00,15.4133,0.354170398703525,0,-0.10936824158574593,-0.21873648317149186,-0.10936824158574592
2014-02-28 04:45:00,13.9067,0.3130606709759253,0,-0.1093837960672334,-0.2187675921344668,-0.10938379606723339
2014-02-28 04:50:00,15.55,0.3651629696236179,0,-0.10939896863213756,-0.21879793726427516,-0.10939896863213756
2014-02-28 04:55:00,13.9267,0.3137145936421084,0,-0.1094137686067978,-0.2188275372135956,-0.10941376860679779
2014-02-28 05:00:00,15.0,0.31355293031739284,0,-0.10942820509228887,-0.21885641018457772,-0.10942820509228887
2014-02-28 05:05:00,13.9267,0.3151132680531956,0,-0.10944228696974108,-0.21888457393948216,-0.10944228696974108
2014-02-28 05:10:00,15.0,0.315003357367283,0,-0.10945602290554036,-0.2189120458110807,-0.10945602290554035
2014-02-28 05:15:00,13.3333,0.3719712806296603,0,-0.10946942135641123,-0.21893884271282246,-0.10946942135641123
2014-02-28 05:20:00,15.0033,0.31752944800793104,0,-0.1094824905743848,-0.2189649811487696,-0.1094824905743848
2014-02-28 05:25:00,13.8867,0.31705237131164354,0,-0.10949523861165412,-0.21899047722330825,-0.10949523861165412
2014-02-28 05:30:00,15.0,0.31856652499585303,0,-0.1095076733253192,-0.2190153466506384,-0.1095076733253192
2014-02-28 05:35:00,13.3333,0.3711155052793309,0,-0.10951980238202406,-0.21903960476404813,-0.10951980238202406
2014-02-28 05:40:00,14.8733,0.30924835191598804,0,-0.10953163326248788,-0.21906326652497576,-0.10953163326248788
2014-02-28 05:45:00,14.4433,0.27076937589251804,0,-0.1095431732659326,-0.2190863465318652,-0.1095431732659326
2014-02-28 05:50:00,15.0567,0.32589207199449993,0,-0.10955442951440902,-0.21910885902881805,-0.10955442951440902
2014-02-28 05:55:00,13.8867,0.320066283960337,0,-0.1095654089570236,-0.2191308179140472,-0.1095654089570236
2014-02-28 06:00:00,15.0467,0.3258928238489994,0,-0.10957611837406796,-0.21915223674813591,-0.10957611837406796
2014-02-28 06:05:00,13.9067,0.319548211743855,0,-0.1095865643810533,-0.2191731287621066,-0.1095865643810533
2014-02-28 06:10:00,15.0567,0.3278393587919993,0,-0.1095967534326516,-0.2191935068653032,-0.10959675343265159
2014-02-28 06:15:00,14.4433,0.2704836744906263,0,-0.10960669182654564,-0.2192133836530913,-0.10960669182654564
2014-02-28 06:20:00,15.0,0.32107224998371203,0,-0.10961638570718994,-0.21923277141437988,-0.10961638570718994
2014-02-28 06:25:00,13.9533,0.321011525855768,0,-0.10962584106948424,-0.21925168213896848,-0.10962584106948424
2014-02-28 06:30:00,13.785,0.3365317482450012,0,-0.10963506376236164,-0.21927012752472327,-0.10963506376236164
2014-02-28 06:35:00,14.49,0.2749595506518665,0,-0.10964405949229326,-0.21928811898458653,-0.10964405949229326
2014-02-28 06:40:00,15.4833,0.381277723249375,0,-0.10965283382671116,-0.2193056676534223,-0.10965283382671115
2014-02-28 06:45:00,12.1467,0.5270967028760927,0,-0.1096613921973512,-0.2193227843947024,-0.1096613921973512
2014-02-28 06:50:00,15.1333,0.3318269634596397,0,-0.10966973990351786,-0.21933947980703566,-0.10966973990351786
2014-02-28 06:55:00,14.4433,0.2720045280518517,0,-0.10967788211527256,-0.2193557642305451,-0.10967788211527255
2014-02-28 07:00:00,15.5567,0.36913685184556655,0,-0.10968582387654703,-0.21937164775309406,-0.10968582387654703
2014-02-28 07:05:00,14.3433,0.2783640998235913,0,-0.10969357010818397,-0.2193871402163679,-0.10969357010818395
2014-02-28 07:10:00,15.5567,0.3647769715342004,0,-0.10970112561090564,-0.21940225122181128,-0.10970112561090563
2014-02-28 07:15:00,13.9067,0.31889419966202354,0,-0.1097084950682131,-0.2194169901364262,-0.1097084950682131
2014-02-28 07:20:00,15.0033,0.3122186062723563,0,-0.1097156830492168,-0.2194313660984336,-0.10971568304921679
2014-02-28 07:25:00,13.9733,0.3141273910762166,0,-0.10972269401140028,-0.21944538802280056,-0.10972269401140028
2014-02-28 07:30:00,14.8667,0.3015915121417685,0,-0.10972953230331896,-0.21945906460663794,-0.10972953230331897
2014-02-28 07:35:00,13.8867,0.3231026102201506,0,-0.10973620216723462,-0.21947240433446924,-0.10973620216723462
2014-02-28 07:40:00,15.07,0.3224151350201608,0,-0.1097427077416878,-0.2194854154833756,-0.10974270774168779
2014-02-28 07:45:00,13.3333,0.3788893250745787,0,-0.10974905306400903,-0.2194981061280181,-0.10974905306400905
2014-02-28 07:50:00,15.5567,0.3704411631399854,0,-0.10975524207277072,-0.21951048414554145,-0.10975524207277072
2014-02-28 07:55:00,17.2667,0.5352949453518239,0,-0.10976127861018042,-0.21952255722036085,-0.10976127861018042
2014-02-28 08:00:00,15.5567,0.33385239909075914,0,-0.10976716642441747,-0.21953433284883492,-0.10976716642441747
2014-02-28 08:05:00,13.9267,0.3218476966263257,0,-0.10977290917191394,-0.2195458183438279,-0.10977290917191394
2014-02-28 08:10:00,15.5567,0.3343221656427921,0,-0.10977851041958116,-0.21955702083916231,-0.10977851041958116
2014-02-28 08:15:00,13.9333,0.32281558875305977,0,-0.10978397364698328,-0.21956794729396653,-0.10978397364698327
2014-02-28 08:20:00,15.4833,0.3291356415380948,0,-0.10978930224845873,-0.2195786044969175,-0.10978930224845874
2014-02-28 08:25:00,14.4433,0.28644154284048984,0,-0.10979449953519144,-0.21958899907038287,-0.10979449953519144
2014-02-28 08:30:00,15.6433,0.3416008482286396,0,-0.10979956873723186,-0.21959913747446366,-0.10979956873723186
2014-02-28 08:35:00,13.7867,0.3399788857256045,0,-0.1098045130054703,-0.2196090260109406,-0.1098045130054703
2014-02-28 08:40:00,15.6967,0.3458661599995862,0,-0.10980933541356258,-0.2196186708271252,-0.10980933541356258
2014-02-28 08:45:00,14.3933,0.2933743217651177,0,-0.10981403895980968,-0.21962807791961936,-0.10981403895980969
2014-02-28 08:50:00,15.08,0.2958263040983646,0,-0.10981862656899236,-0.21963725313798474,-0.10981862656899237
2014-02-28 08:55:00,13.8867,0.3352631408867002,0,-0.10982310109416156,-0.21964620218832312,-0.10982310109416156
2014-02-28 09:00:00,15.62,0.3423248385674785,0,-0.10982746531838596,-0.21965493063677194,-0.10982746531838597
2014-02-28 09:05:00,15.0,0.2886116941573115,0,-0.10983172195645753,-0.21966344391291506,-0.10983172195645753
2014-02-28 09:10:00,15.5567,0.3336033953647129,0,-0.10983587365655594,-0.21967174731311187,-0.10983587365655594
2014-02-28 09:15:00,15.0,0.2849897312461576,0,-0.10983992300187297,-0.2196798460037459,-0.10983992300187295
2014-02-28 09:20:00,15.0,0.2845533948043831,0,-0.10984387251219788,-0.21968774502439573,-0.10984387251219788
2014-02-28 09:25:00,14.3333,0.3085201036781942,0,-0.10984772464546444,-0.2196954492909289,-0.10984772464546445
2014-02-28 09:30:00,12.78,0.4560962922896141,0,-0.10985148179926076,-0.2197029635985216,-0.10985148179926078
2014-02-28 09:35:00,13.8867,0.33071601196135314,0,-0.1098551463123026,-0.2197102926246052,-0.10985514631230259
2014-02-28 09:40:00,15.0567,0.2998114939647131,0,-0.10985872046587107,-0.21971744093174214,-0.10985872046587108
2014-02-28 09:45:00,14.3433,0.29376925231700346,0,-0.10986220648521593,-0.21972441297043185,-0.10986220648521593
2014-02-28 09:50:00,15.0,0.2962639516843725,0,-0.10986560654092443,-0.21973121308184887,-0.10986560654092443
2014-02-28 09:55:00,14.4433,0.28685223978615004,0,-0.10986892275025756,-0.21973784550051514,-0.10986892275025757
2014-02-28 10:00:00,15.42,0.3337556869509957,0,-0.10987215717845364,-0.21974431435690728,-0.10987215717845364
2014-02-28 10:05:00,13.8867,0.33833529365014464,0,-0.1098753118400005,-0.219750623680001,-0.1098753118400005
2014-02-28 10:10:00,15.5567,0.34693124694405025,0,-0.1098783886998768,-0.2197567773997536,-0.1098783886998768
2014-02-28 10:15:00,15.0467,0.2974672068886813,0,-0.10988138967476332,-0.21976277934952665,-0.10988138967476331
2014-02-28 10:20:00,15.42,0.3298863980825067,0,-0.10988431663422474,-0.21976863326844948,-0.10988431663422474
2014-02-28 10:25:00,13.9333,0.3412667380566252,0,-0.109887171401863,-0.219774342803726,-0.109887171401863
2014-02-28 10:30:00,14.5,0.2866952424164326,0,-0.1098899557564425,-0.219779911512885,-0.1098899557564425
2014-02-28 10:35:00,14.3333,0.3009935952302987,0,-0.1098926714329879,-0.2197853428659758,-0.1098926714329879
2014-02-28 10:40:00,16.1133,0.4071678964298036,0,-0.10989532012385557,-0.2197906402477111,-0.10989532012385556
2014-02-28 10:45:00,14.4633,0.2932297270673903,0,-0.10989790347977868,-0.21979580695955736,-0.10989790347977868
2014-02-28 10:50:00,14.92,0.2841607745834083,0,-0.10990042311088707,-0.21980084622177412,-0.10990042311088707
2014-02-28 10:55:00,13.97,0.3400906211964574,0,-0.10990288058770237,-0.21980576117540476,-0.10990288058770237
2014-02-28 11:00:00,15.5567,0.34677364426406315,0,-0.10990527744210858,-0.2198105548842172,-0.10990527744210858
2014-02-28 11:05:00,15.0,0.2904691979908033,0,-0.1099076151682996,-0.2198152303365992,-0.1099076151682996
2014-02-28 11:10:00,14.9933,0.2892481491795089,0,-0.10990989522370308,-0.21981979044740613,-0.10990989522370308
2014-02-28 11:15:00,14.3333,0.31005762003005605,0,-0.10991211902988222,-0.21982423805976445,-0.10991211902988222
2014-02-28 11:20:00,12.78,0.4768407180074174,0,-0.10991428797341546,-0.21982857594683086,-0.10991428797341546
2014-02-28 11:25:00,13.9333,0.32978127686002906,0,-0.1099164034067546,-0.2198328068135092,-0.1099164034067546
2014-02-28 11:30:00,15.6433,0.35788386796206484,0,-0.1099184666490622,-0.2198369332981244,-0.1099184666490622
2014-02-28 11:35:00,14.4433,0.28721117689806525,0,-0.10992047898702847,-0.21984095797405695,-0.10992047898702849
2014-02-28 11:40:00,14.8733,0.2865860874210781,0,-0.10992244167566832,-0.21984488335133665,-0.10992244167566832
2014-02-28 11:45:00,13.8867,0.3383303531270646,0,-0.10992435593909873,-0.21984871187819746,-0.10992435593909872
2014-02-28 11:50:00,15.4667,0.34349165327974945,0,-0.10992622297129738,-0.2198524459425948,-0.10992622297129738
2014-02-28 11:55:00,13.8867,0.3386035662045954,0,-0.10992804393684276,-0.21985608787368555,-0.10992804393684277
2014-02-28 12:00:00,15.5567,0.3518615990335063,0,-0.10992981997163613,-0.21985963994327226,-0.10992981997163612
2014-02-28 12:05:00,13.9333,0.3344796145996244,0,-0.1099315521836056,-0.2198631043672112,-0.10993155218360559
2014-02-28 12:10:00,15.1033,0.3086927699556077,0,-0.10993324165339363,-0.21986648330678726,-0.10993324165339363
2014-02-28 12:15:00,14.4433,0.2879746621776928,0,-0.10993488943502712,-0.21986977887005424,-0.10993488943502712
2014-02-28 12:20:00,16.11,0.4102559670786269,0,-0.10993649655657137,-0.21987299311314276,-0.10993649655657137
2014-02-28 12:25:00,14.3333,0.3020447167952387,0,-0.1099380640207681,-0.2198761280415362,-0.1099380640207681
2014-02-28 12:30:00,15.0567,0.298845411475347,0,-0.10993959280565772,-0.21987918561131545,-0.10993959280565771
2014-02-28 12:35:00,13.8867,0.3452875306730983,0,-0.10994108386518653,-0.21988216773037306,-0.10994108386518653
2014-02-28 12:40:00,15.6533,0.3580395367529983,0,-0.10994253812979894,-0.21988507625959788,-0.10994253812979894
2014-02-28 12:45:00,14.9667,0.2890027202915281,0,-0.10994395650701527,-0.21988791301403052,-0.10994395650701527
2014-02-28 12:50:00,15.5567,0.3436432378131455,0,-0.10994533988199534,-0.21989067976399068,-0.10994533988199534
2014-02-28 12:55:00,13.9733,0.3431872550022207,0,-0.10994668911808833,-0.21989337823617666,-0.10994668911808833
2014-02-28 13:00:00,15.07,0.2976186517539232,0,-0.10994800505736912,-0.21989601011473825,-0.10994800505736911
2014-02-28 13:05:00,15.02,0.2921549782268888,0,-0.10994928852116152,-0.21989857704232305,-0.10994928852116151
2014-02-28 13:10:00,16.17,0.4088753985132478,0,-0.10995054031054867,-0.21990108062109734,-0.10995054031054868
2014-02-28 13:15:00,14.5267,0.2962428837105958,0,-0.10995176120687103,-0.21990352241374203,-0.109951761206871
2014-02-28 13:20:00,15.0867,0.29181978106394385,0,-0.1099529519722118,-0.2199059039444236,-0.1099529519722118
2014-02-28 13:25:00,14.4433,0.30509040458620085,0,-0.10995411334987112,-0.21990822669974225,-0.10995411334987112
2014-02-28 13:30:00,15.4133,0.3251505860395726,0,-0.10995524606482786,-0.2199104921296557,-0.10995524606482786
2014-02-28 13:35:00,14.4433,0.30712545151519105,0,-0.10995635082419067,-0.21991270164838134,-0.10995635082419067
2014-02-28 13:40:00,15.5667,0.3417725029046642,0,-0.10995742831763773,-0.21991485663527546,-0.10995742831763773
2014-02-28 13:45:00,12.2133,0.5594541200701174,0,-0.10995847921784564,-0.21991695843569128,-0.10995847921784564
2014-02-28 13:50:00,12.0825,0.4942257415938711,0,-0.10995950418090804,-0.21991900836181608,-0.10995950418090804
2014-02-28 13:55:00,14.3333,0.2858983328008042,0,-0.1099605038467437,-0.2199210076934874,-0.1099605038467437
2014-02-28 14:00:00,15.0,0.29600973533857555,0,-0.10996147883949474,-0.21992295767898948,-0.10996147883949474
2014-02-28 14:05:00,14.4633,0.2784693057777937,0,-0.109962429767915,-0.21992485953583,-0.109962429767915
2014-02-28 14:10:00,15.5567,0.33725522108194256,0,-0.10996335722574901,-0.219926714451498,-0.10996335722574899
2014-02-28 14:15:00,14.4833,0.28014742901703843,0,-0.10996426179210136,-0.2199285235842027,-0.10996426179210135
2014-02-28 14:20:00,15.4767,0.3299914202157397,0,-0.10996514403179744,-0.21993028806359488,-0.10996514403179744
2014-02-28 14:25:00,13.9433,0.32290881301201363,0,-0.10996600449573496,-0.2199320089914699,-0.10996600449573495
2014-02-28 14:30:00,15.5567,0.3370700926829745,0,-0.10996684372122684,-0.2199336874424537,-0.10996684372122685
