timestamp,value,anomaly_score,label,S(t)_standard,S(t)_reward_low_FP_rate,S(t)_reward_low_FN_rate
2014-04-10 00:04:00,251643.0,0.0,0,-0.11,-0.22,-0.11
2014-04-10 00:09:00,3203510.0,0.0,0,-0.11,-0.22,-0.11
2014-04-10 00:14:00,287397.0,0.0,0,-0.11,-0.22,-0.11
2014-04-10 00:19:00,238944.0,0.0,0,-0.11,-0.22,-0.11
2014-04-10 00:24:00,245880.0,0.0,0,-0.11,-0.22,-0.11
2014-04-10 00:29:00,234170.0,0.0,0,-0.11,-0.22,-0.11
2014-04-10 00:34:00,255797.0,0.0,0,-0.11,-0.22,-0.11
2014-04-10 00:39:00,244002.0,0.0,0,-0.11,-0.22,-0.11
2014-04-10 00:44:00,514385.0,0.0,0,-0.11,-0.22,-0.11
2014-04-10 00:49:00,270883.0,0.0,0,-0.11,-0.22,-0.11
2014-04-10 00:54:00,249887.0,0.0,0,-0.11,-0.22,-0.11
2014-04-10 00:59:00,3201940.0,0.0,0,-0.11,-0.22,-0.11
2014-04-10 01:04:00,280638.0,0.0,0,-0.11,-0.22,-0.11
2014-04-10 01:09:00,3231740.0,0.0,0,-0.11,-0.22,-0.11
2014-04-10 01:14:00,223158.0,0.0,0,-0.11,-0.22,-0.11
2014-04-10 01:19:00,242568.0,0.0,0,-0.11,-0.22,-0.11
2014-04-10 01:24:00,221907.0,0.0,0,-0.11,-0.22,-0.11
2014-04-10 01:29:00,248537.0,0.0,0,-0.11,-0.22,-0.11
2014-04-10 01:34:00,223433.0,0.0,0,-0.11,-0.22,-0.11
2014-04-10 01:39:00,247310.0,0.0,0,-0.11,-0.22,-0.11
2014-04-10 01:44:00,224771.0,0.0,0,-0.11,-0.22,-0.11
2014-04-10 01:49:00,223668.0,0.0,0,-0.11,-0.22,-0.11
2014-04-10 01:54:00,240044.0,0.0,0,-0.11,-0.22,-0.11
2014-04-10 01:59:00,3221290.0,0.0,0,-0.11,-0.22,-0.11
2014-04-10 02:04:00,235606.0,0.0,0,-0.11,-0.22,-0.11
2014-04-10 02:09:00,3202800.0,0.0,0,-0.11,-0.22,-0.11
2014-04-10 02:14:00,244192.0,0.0,0,-0.11,-0.22,-0.11
2014-04-10 02:19:00,231729.0,0.0,0,-0.11,-0.22,-0.11
2014-04-10 02:24:00,251450.0,0.0,0,-0.11,-0.22,-0.11
2014-04-10 02:29:00,219342.0,0.0,0,-0.11,-0.22,-0.11
2014-04-10 02:34:00,241032.0,0.0,0,-0.11,-0.22,-0.11
2014-04-10 02:39:00,219744.0,0.0,0,-0.11,-0.22,-0.11
2014-04-10 02:44:00,232511.0,0.0,0,-0.11,-0.22,-0.11
2014-04-10 02:49:00,237811.0,0.0,0,-0.11,-0.22,-0.11
2014-04-10 02:54:00,226034.0,0.0,0,-0.11,-0.22,-0.11
2014-04-10 02:59:00,3220170.0,0.0,0,-0.11,-0.22,-0.11
2014-04-10 03:04:00,228654.0,0.0,0,-0.11,-0.22,-0.11
2014-04-10 03:09:00,3227830.0,0.0,0,-0.11,-0.22,-0.11
2014-04-10 03:19:00,256906.0,0.0,0,-0.11,-0.22,-0.11
2014-04-10 03:24:00,216462.0,0.0,0,-0.11,-0.22,-0.11
2014-04-10 03:29:00,238240.0,0.0,0,-0.11,-0.22,-0.11
2014-04-10 03:34:00,233821.0,0.0,0,-0.11,-0.22,-0.11
2014-04-10 03:39:00,239067.0,0.0,0,-0.11,-0.22,-0.11
2014-04-10 03:44:00,229348.0,0.0,0,-0.11,-0.22,-0.11
2014-04-10 03:49:00,233914.0,0.0,0,-0.11,-0.22,-0.11
2014-04-10 03:54:00,245289.0,0.0,0,-0.11,-0.22,-0.11
2014-04-10 03:59:00,3201090.0,0.0,0,-0.11,-0.22,-0.11
2014-04-10 04:04:00,249867.0,0.0,0,-0.11,-0.22,-0.11
2014-04-10 04:09:00,3207780.0,0.0,0,-0.11,-0.22,-0.11
2014-04-10 04:14:00,241860.0,0.0,0,-0.11,-0.22,-0.11
2014-04-10 04:19:00,220347.0,0.0,0,-0.11,-0.22,-0.11
2014-04-10 04:24:00,244003.0,0.0,0,-0.11,-0.22,-0.11
2014-04-10 04:29:00,3223880.0,0.0,0,-0.11,-0.22,-0.11
2014-04-10 04:34:00,1046040.0,0.0,0,-0.11,-0.22,-0.11
2014-04-10 04:39:00,1477550.0,0.0,0,-0.11,-0.22,-0.11
2014-04-10 04:44:00,239252.0,0.0,0,-0.11,-0.22,-0.11
2014-04-10 04:49:00,245477.0,0.0,0,-0.11,-0.22,-0.11
2014-04-10 04:54:00,233018.0,0.0,0,-0.11,-0.22,-0.11
2014-04-10 04:59:00,3213870.0,0.0,0,-0.11,-0.22,-0.11
2014-04-10 05:04:00,241929.0,0.0,0,-0.11,-0.22,-0.11
2014-04-10 05:09:00,3208820.0,0.0,0,-0.11,-0.22,-0.11
2014-04-10 05:14:00,236597.0,0.0,0,-0.11,-0.22,-0.11
2014-04-10 05:19:00,239443.0,0.0,0,-0.11,-0.22,-0.11
2014-04-10 05:24:00,244422.0,0.0,0,-0.11,-0.22,-0.11
2014-04-10 05:29:00,225751.0,0.0,0,-0.11,-0.22,-0.11
2014-04-10 05:34:00,250915.0,0.0,0,-0.11,-0.22,-0.11
2014-04-10 05:39:00,223452.0,0.0,0,-0.11,-0.22,-0.11
2014-04-10 05:44:00,248468.0,0.0,0,-0.11,-0.22,-0.11
2014-04-10 05:49:00,223264.0,0.0,0,-0.11,-0.22,-0.11
2014-04-10 05:54:00,248395.0,0.0,0,-0.11,-0.22,-0.11
2014-04-10 05:59:00,3213880.0,0.0,0,-0.11,-0.22,-0.11
2014-04-10 06:04:00,252731.0,0.0,0,-0.11,-0.22,-0.11
2014-04-10 06:09:00,3197710.0,0.0,0,-0.11,-0.22,-0.11
2014-04-10 06:14:00,244921.0,0.0,0,-0.11,-0.22,-0.11
2014-04-10 06:19:00,236245.0,0.0,0,-0.11,-0.22,-0.11
2014-04-10 06:24:00,241661.0,0.0,0,-0.11,-0.22,-0.11
2014-04-10 06:29:00,239502.0,0.0,0,-0.11,-0.22,-0.11
2014-04-10 06:34:00,226975.0,0.0,0,-0.11,-0.22,-0.11
2014-04-10 06:39:00,236693.0,0.0,0,-0.11,-0.22,-0.11
2014-04-10 06:44:00,227811.0,0.0,0,-0.11,-0.22,-0.11
2014-04-10 06:49:00,252527.0,0.0,0,-0.11,-0.22,-0.11
2014-04-10 06:54:00,246855.0,0.0,0,-0.11,-0.22,-0.11
2014-04-10 06:59:00,3304330.0,0.0,0,-0.11,-0.22,-0.11
2014-04-10 07:04:00,247814.0,0.0,0,-0.11,-0.22,-0.11
2014-04-10 07:09:00,3344340.0,0.0,0,-0.11,-0.22,-0.11
2014-04-10 07:14:00,162030.0,0.0,0,-0.11,-0.22,-0.11
2014-04-10 07:19:00,231891.0,0.0,0,-0.11,-0.22,-0.11
2014-04-10 07:24:00,245066.0,0.0,0,-0.11,-0.22,-0.11
2014-04-10 07:29:00,215014.0,0.0,0,-0.11,-0.22,-0.11
2014-04-10 07:34:00,256753.0,0.0,0,-0.11,-0.22,-0.11
2014-04-10 07:39:00,214400.0,0.0,0,-0.11,-0.22,-0.11
2014-04-10 07:44:00,252184.0,0.0,0,-0.11,-0.22,-0.11
2014-04-10 07:49:00,227100.0,0.0,0,-0.11,-0.22,-0.11
2014-04-10 07:54:00,257610.0,0.0,0,-0.11,-0.22,-0.11
2014-04-10 07:59:00,3244530.0,0.0,0,-0.11,-0.22,-0.11
2014-04-10 08:04:00,226090.0,0.0,0,-0.11,-0.22,-0.11
2014-04-10 08:09:00,3223170.0,0.0,0,-0.11,-0.22,-0.11
2014-04-10 08:14:00,243799.0,0.0,0,-0.11,-0.22,-0.11
2014-04-10 08:19:00,223899.0,0.0,0,-0.11,-0.22,-0.11
2014-04-10 08:24:00,242690.0,0.0,0,-0.11,-0.22,-0.11
2014-04-10 08:29:00,243337.0,0.0,0,-0.11,-0.22,-0.11
2014-04-10 08:34:00,237122.0,0.0,0,-0.11,-0.22,-0.11
2014-04-10 08:39:00,244758.0,0.0,0,-0.11,-0.22,-0.11
2014-04-10 08:44:00,234992.0,0.0,0,-0.11,-0.22,-0.11
2014-04-10 08:49:00,245196.0,0.0,0,-0.11,-0.22,-0.11
2014-04-10 08:54:00,235424.0,0.0,0,-0.11,-0.22,-0.11
2014-04-10 08:59:00,3235630.0,0.0,0,-0.11,-0.22,-0.11
2014-04-10 09:04:00,230811.0,0.0,0,-0.11,-0.22,-0.11
2014-04-10 09:09:00,3222420.0,0.0,0,-0.11,-0.22,-0.11
2014-04-10 09:14:00,248917.0,0.0,0,-0.11,-0.22,-0.11
2014-04-10 09:19:00,231741.0,0.0,0,-0.11,-0.22,-0.11
2014-04-10 09:24:00,249645.0,0.0,0,-0.11,-0.22,-0.11
2014-04-10 09:29:00,232232.0,0.0,0,-0.11,-0.22,-0.11
2014-04-10 09:34:00,250527.0,0.0,0,-0.11,-0.22,-0.11
2014-04-10 09:39:00,236964.0,0.0,0,-0.11,-0.22,-0.11
2014-04-10 09:44:00,239944.0,0.0,0,-0.11,-0.22,-0.11
2014-04-10 09:49:00,225171.0,0.0,0,-0.11,-0.22,-0.11
2014-04-10 09:54:00,258593.0,0.0,0,-0.11,-0.22,-0.11
2014-04-10 09:59:00,3208930.0,0.0,0,-0.11,-0.22,-0.11
2014-04-10 10:04:00,234706.0,0.0,0,-0.11,-0.22,-0.11
2014-04-10 10:09:00,3233600.0,0.0,0,-0.11,-0.22,-0.11
2014-04-10 10:14:00,240440.0,0.0,0,-0.11,-0.22,-0.11
2014-04-10 10:19:00,248880.0,0.0,0,-0.11,-0.22,-0.11
2014-04-10 10:24:00,230407.0,0.0,0,-0.11,-0.22,-0.11
2014-04-10 10:29:00,251796.0,0.0,0,-0.11,-0.22,-0.11
2014-04-10 10:34:00,232703.0,0.0,0,-0.11,-0.22,-0.11
2014-04-10 10:39:00,249573.0,0.0,0,-0.11,-0.22,-0.11
2014-04-10 10:44:00,217737.0,0.0,0,-0.11,-0.22,-0.11
2014-04-10 10:49:00,239745.0,0.0,0,-0.11,-0.22,-0.11
2014-04-10 10:54:00,4119680.0,0.0,0,-0.11,-0.22,-0.11
2014-04-10 10:59:00,226480.0,0.0,0,-0.11,-0.22,-0.11
2014-04-10 11:04:00,251084.0,0.0,0,-0.11,-0.22,-0.11
2014-04-10 11:09:00,3206870.0,0.0,0,-0.11,-0.22,-0.11
2014-04-10 11:14:00,240960.0,0.0,0,-0.11,-0.22,-0.11
2014-04-10 11:19:00,238029.0,0.0,0,-0.11,-0.22,-0.11
2014-04-10 11:24:00,248519.0,0.0,0,-0.11,-0.22,-0.11
2014-04-10 11:29:00,236986.0,0.0,0,-0.11,-0.22,-0.11
2014-04-10 11:34:00,234174.0,0.0,0,-0.11,-0.22,-0.11
2014-04-10 11:39:00,235833.0,0.0,0,-0.11,-0.22,-0.11
2014-04-10 11:44:00,241185.0,0.0,0,-0.11,-0.22,-0.11
2014-04-10 11:49:00,233637.0,0.0,0,-0.11,-0.22,-0.11
2014-04-10 11:54:00,235894.0,0.0,0,-0.11,-0.22,-0.11
2014-04-10 11:59:00,3239200.0,0.0,0,-0.11,-0.22,-0.11
2014-04-10 12:04:00,249254.0,0.0,0,-0.11,-0.22,-0.11
2014-04-10 12:09:00,3226810.0,0.0,0,-0.11,-0.22,-0.11
2014-04-10 12:14:00,219341.0,0.0,0,-0.11,-0.22,-0.11
2014-04-10 12:19:00,250379.0,0.0,0,-0.11,-0.22,-0.11
2014-04-10 12:24:00,243888.0,0.0,0,-0.11,-0.22,-0.11
2014-04-10 12:29:00,231633.0,0.0,0,-0.11,-0.22,-0.11
2014-04-10 12:34:00,229597.0,0.0,0,-0.11,-0.22,-0.11
2014-04-10 12:39:00,249854.0,0.0,0,-0.11,-0.22,-0.11
2014-04-10 12:44:00,226666.0,0.0,0,-0.11,-0.22,-0.11
2014-04-10 12:49:00,235965.0,0.0,0,-0.11,-0.22,-0.11
2014-04-10 12:54:00,253658.0,0.0,0,-0.11,-0.22,-0.11
2014-04-10 12:59:00,3230240.0,0.0,0,-0.11,-0.22,-0.11
2014-04-10 13:04:00,254252.0,0.0,0,-0.11,-0.22,-0.11
2014-04-10 13:09:00,3208580.0,0.0,0,-0.11,-0.22,-0.11
2014-04-10 13:14:00,248958.0,0.0,0,-0.11,-0.22,-0.11
2014-04-10 13:19:00,226541.0,0.0,0,-0.11,-0.22,-0.11
2014-04-10 13:24:00,240359.0,0.0,0,-0.11,-0.22,-0.11
2014-04-10 13:29:00,236906.0,0.0,0,-0.11,-0.22,-0.11
2014-04-10 13:34:00,247200.0,0.0,0,-0.11,-0.22,-0.11
2014-04-10 13:39:00,244932.0,0.0,0,-0.11,-0.22,-0.11
2014-04-10 13:44:00,249894.0,0.0,0,-0.11,-0.22,-0.11
2014-04-10 13:49:00,226273.0,0.0,0,-0.11,-0.22,-0.11
2014-04-10 13:54:00,236794.0,0.0,0,-0.11,-0.22,-0.11
2014-04-10 13:59:00,3234110.0,0.0,0,-0.11,-0.22,-0.11
2014-04-10 14:04:00,255988.0,0.0,0,-0.11,-0.22,-0.11
2014-04-10 14:09:00,3226730.0,0.0,0,-0.11,-0.22,-0.11
2014-04-10 14:14:00,224082.0,0.0,0,-0.11,-0.22,-0.11
2014-04-10 14:19:00,247132.0,0.0,0,-0.11,-0.22,-0.11
2014-04-10 14:24:00,238059.0,0.0,0,-0.11,-0.22,-0.11
2014-04-10 14:29:00,248839.0,0.0,0,-0.11,-0.22,-0.11
2014-04-10 14:34:00,224071.0,0.0,0,-0.11,-0.22,-0.11
2014-04-10 14:39:00,236928.0,0.0,0,-0.11,-0.22,-0.11
2014-04-10 14:44:00,243858.0,0.0,0,-0.11,-0.22,-0.11
2014-04-10 14:49:00,245120.0,0.0,0,-0.11,-0.22,-0.11
2014-04-10 14:54:00,251672.0,0.0,0,-0.11,-0.22,-0.11
2014-04-10 14:59:00,3220620.0,0.0,0,-0.11,-0.22,-0.11
2014-04-10 15:04:00,249774.0,0.0,0,-0.11,-0.22,-0.11
2014-04-10 15:09:00,3213390.0,0.0,0,-0.11,-0.22,-0.11
2014-04-10 15:14:00,257850.0,0.0,0,-0.11,-0.22,-0.11
2014-04-10 15:19:00,240188.0,0.0,0,-0.11,-0.22,-0.11
2014-04-10 15:24:00,257911.0,0.0,0,-0.11,-0.22,-0.11
2014-04-10 15:29:00,235086.0,0.0,0,-0.11,-0.22,-0.11
2014-04-10 15:34:00,243701.0,0.0,0,-0.11,-0.22,-0.11
2014-04-10 15:39:00,244044.0,0.0,0,-0.11,-0.22,-0.11
2014-04-10 15:44:00,231573.0,0.0,0,-0.11,-0.22,-0.11
2014-04-10 15:49:00,243532.0,0.0,0,-0.11,-0.22,-0.11
2014-04-10 15:54:00,240454.0,0.0,0,-0.11,-0.22,-0.11
2014-04-10 15:59:00,3251260.0,0.0,0,-0.11,-0.22,-0.11
2014-04-10 16:04:00,238736.0,0.0,0,-0.11,-0.22,-0.11
2014-04-10 16:09:00,3239740.0,0.0,0,-0.11,-0.22,-0.11
2014-04-10 16:14:00,235562.0,0.0,0,-0.11,-0.22,-0.11
2014-04-10 16:19:00,240626.0,0.0,0,-0.11,-0.22,-0.11
2014-04-10 16:24:00,247963.0,0.0,0,-0.11,-0.22,-0.11
2014-04-10 16:29:00,226795.0,0.0,0,-0.11,-0.22,-0.11
2014-04-10 16:34:00,251630.0,0.0,0,-0.11,-0.22,-0.11
2014-04-10 16:39:00,224232.0,0.0,0,-0.11,-0.22,-0.11
2014-04-10 16:44:00,256887.0,0.0,0,-0.11,-0.22,-0.11
2014-04-10 16:49:00,237801.0,0.0,0,-0.11,-0.22,-0.11
2014-04-10 16:54:00,362671.0,0.0,0,-0.11,-0.22,-0.11
2014-04-10 16:59:00,3222900.0,0.0,0,-0.11,-0.22,-0.11
2014-04-10 17:04:00,258759.0,0.0,0,-0.11,-0.22,-0.11
2014-04-10 17:09:00,3224910.0,0.0,0,-0.11,-0.22,-0.11
2014-04-10 17:14:00,246360.0,0.0,0,-0.11,-0.22,-0.11
2014-04-10 17:19:00,240932.0,0.0,0,-0.11,-0.22,-0.11
2014-04-10 17:24:00,243533.0,0.0,0,-0.11,-0.22,-0.11
2014-04-10 17:29:00,261247.0,0.0,0,-0.11,-0.22,-0.11
2014-04-10 17:34:00,230275.0,0.0,0,-0.11,-0.22,-0.11
2014-04-10 17:39:00,339881.0,0.0,0,-0.11,-0.22,-0.11
2014-04-10 17:44:00,227804.0,0.0,0,-0.11,-0.22,-0.11
2014-04-10 17:49:00,242555.0,0.0,0,-0.11,-0.22,-0.11
2014-04-10 17:54:00,244851.0,0.0,0,-0.11,-0.22,-0.11
2014-04-10 17:59:00,3250750.0,0.0,0,-0.11,-0.22,-0.11
2014-04-10 18:04:00,249325.0,0.0,0,-0.11,-0.22,-0.11
2014-04-10 18:09:00,3274500.0,0.0,0,-0.11,-0.22,-0.11
2014-04-10 18:14:00,283687.0,0.0,0,-0.11,-0.22,-0.11
2014-04-10 18:19:00,258379.0,0.0,0,-0.11,-0.22,-0.11
2014-04-10 18:24:00,246106.0,0.0,0,-0.11,-0.22,-0.11
2014-04-10 18:29:00,280576.0,0.0,0,-0.11,-0.22,-0.11
2014-04-10 18:34:00,252687.0,0.0,0,-0.11,-0.22,-0.11
2014-04-10 18:39:00,231879.0,0.0,0,-0.11,-0.22,-0.11
2014-04-10 18:44:00,262455.0,0.0,0,-0.11,-0.22,-0.11
2014-04-10 18:49:00,252149.0,0.0,0,-0.11,-0.22,-0.11
2014-04-10 18:54:00,279481.0,0.0,0,-0.11,-0.22,-0.11
2014-04-10 18:59:00,3233780.0,0.0,0,-0.11,-0.22,-0.11
2014-04-10 19:04:00,271502.0,0.0,0,-0.11,-0.22,-0.11
2014-04-10 19:09:00,3220700.0,0.0,0,-0.11,-0.22,-0.11
2014-04-10 19:14:00,240858.0,0.0,0,-0.11,-0.22,-0.11
2014-04-10 19:19:00,261069.0,0.0,0,-0.11,-0.22,-0.11
2014-04-10 19:24:00,244989.0,0.0,0,-0.11,-0.22,-0.11
2014-04-10 19:29:00,481000.0,0.0,0,-0.11,-0.22,-0.11
2014-04-10 19:34:00,235286.0,0.0,0,-0.11,-0.22,-0.11
2014-04-10 19:39:00,254224.0,0.0,0,-0.11,-0.22,-0.11
2014-04-10 19:44:00,250720.0,0.0,0,-0.11,-0.22,-0.11
2014-04-10 19:49:00,257494.0,0.0,0,-0.11,-0.22,-0.11
2014-04-10 19:54:00,233894.0,0.0,0,-0.11,-0.22,-0.11
2014-04-10 19:59:00,3246910.0,0.0,0,-0.11,-0.22,-0.11
2014-04-10 20:04:00,278634.0,0.0,0,-0.11,-0.22,-0.11
2014-04-10 20:09:00,3918490.0,0.0,0,-0.11,-0.22,-0.11
2014-04-10 20:14:00,263208.0,0.0,0,-0.11,-0.22,-0.11
2014-04-10 20:19:00,200207.0,0.0,0,-0.11,-0.22,-0.11
2014-04-10 20:24:00,257217.0,0.0,0,-0.11,-0.22,-0.11
2014-04-10 20:29:00,519379.0,0.0,0,-0.11,-0.22,-0.11
2014-04-10 20:34:00,240185.0,0.0,0,-0.11,-0.22,-0.11
2014-04-10 20:39:00,242636.0,0.0,0,-0.11,-0.22,-0.11
2014-04-10 20:44:00,258694.0,0.0,0,-0.11,-0.22,-0.11
2014-04-10 20:49:00,235679.0,0.0,0,-0.11,-0.22,-0.11
2014-04-10 20:54:00,286345.0,0.0,0,-0.11,-0.22,-0.11
2014-04-10 20:59:00,3261670.0,0.0,0,-0.11,-0.22,-0.11
2014-04-10 21:04:00,265977.0,0.0,0,-0.11,-0.22,-0.11
2014-04-10 21:09:00,3244310.0,0.0,0,-0.11,-0.22,-0.11
2014-04-10 21:14:00,287114.0,0.0,0,-0.11,-0.22,-0.11
2014-04-10 21:19:00,249791.0,0.0,0,-0.11,-0.22,-0.11
2014-04-10 21:24:00,258317.0,0.0,0,-0.11,-0.22,-0.11
2014-04-10 21:29:00,264376.0,0.0,0,-0.11,-0.22,-0.11
2014-04-10 21:34:00,247026.0,0.0,0,-0.11,-0.22,-0.11
2014-04-10 21:39:00,259991.0,0.0,0,-0.11,-0.22,-0.11
2014-04-10 21:44:00,292481.0,0.0,0,-0.11,-0.22,-0.11
2014-04-10 21:49:00,1002760.0,0.0,0,-0.11,-0.22,-0.11
2014-04-10 21:54:00,236195.0,0.0,0,-0.11,-0.22,-0.11
2014-04-10 21:59:00,3279040.0,0.0,0,-0.11,-0.22,-0.11
2014-04-10 22:04:00,272351.0,0.0,0,-0.11,-0.22,-0.11
2014-04-10 22:09:00,3211510.0,0.0,0,-0.11,-0.22,-0.11
2014-04-10 22:14:00,260472.0,0.0,0,-0.11,-0.22,-0.11
2014-04-10 22:19:00,222967.0,0.0,0,-0.11,-0.22,-0.11
2014-04-10 22:24:00,265742.0,0.0,0,-0.11,-0.22,-0.11
2014-04-10 22:29:00,233810.0,0.0,0,-0.11,-0.22,-0.11
2014-04-10 22:34:00,251803.0,0.0,0,-0.11,-0.22,-0.11
2014-04-10 22:39:00,949974.0,0.0,0,-0.11,-0.22,-0.11
2014-04-10 22:44:00,244745.0,0.0,0,-0.11,-0.22,-0.11
2014-04-10 22:49:00,225958.0,0.0,0,-0.11,-0.22,-0.11
2014-04-10 22:54:00,248437.0,0.0,0,-0.11,-0.22,-0.11
2014-04-10 22:59:00,3243150.0,0.0,0,-0.11,-0.22,-0.11
2014-04-10 23:04:00,327555.0,0.0,0,-0.11,-0.22,-0.11
2014-04-10 23:09:00,3230800.0,0.0,0,-0.11,-0.22,-0.11
2014-04-10 23:14:00,243546.0,0.0,0,-0.11,-0.22,-0.11
2014-04-10 23:19:00,249660.0,0.0,0,-0.11,-0.22,-0.11
2014-04-10 23:24:00,248546.0,0.0,0,-0.11,-0.22,-0.11
2014-04-10 23:29:00,249705.0,0.0,0,-0.11,-0.22,-0.11
2014-04-10 23:34:00,246404.0,0.0,0,-0.11,-0.22,-0.11
2014-04-10 23:39:00,256637.0,0.0,0,-0.11,-0.22,-0.11
2014-04-10 23:44:00,239185.0,0.0,0,-0.11,-0.22,-0.11
2014-04-10 23:49:00,232288.0,0.0,0,-0.11,-0.22,-0.11
2014-04-10 23:54:00,252184.0,0.0,0,-0.11,-0.22,-0.11
2014-04-10 23:59:00,3232280.0,0.0,0,-0.11,-0.22,-0.11
2014-04-11 00:04:00,266277.0,0.0,0,-0.11,-0.22,-0.11
2014-04-11 00:09:00,3256130.0,0.0,0,-0.11,-0.22,-0.11
2014-04-11 00:14:00,246209.0,0.0,0,-0.11,-0.22,-0.11
2014-04-11 00:19:00,235662.0,0.0,0,-0.11,-0.22,-0.11
2014-04-11 00:24:00,277695.0,0.0,0,-0.11,-0.22,-0.11
2014-04-11 00:29:00,249218.0,0.0,0,-0.11,-0.22,-0.11
2014-04-11 00:34:00,305164.0,0.0,0,-0.11,-0.22,-0.11
2014-04-11 00:39:00,246120.0,0.0,0,-0.11,-0.22,-0.11
2014-04-11 00:44:00,237437.0,0.0,0,-0.11,-0.22,-0.11
2014-04-11 00:49:00,265308.0,0.0,0,-0.11,-0.22,-0.11
2014-04-11 00:54:00,248585.0,0.0,0,-0.11,-0.22,-0.11
2014-04-11 00:59:00,3245180.0,0.0,0,-0.11,-0.22,-0.11
2014-04-11 01:04:00,241909.0,0.0,0,-0.11,-0.22,-0.11
2014-04-11 01:09:00,3253080.0,0.0,0,-0.11,-0.22,-0.11
2014-04-11 01:14:00,262847.0,0.0,0,-0.11,-0.22,-0.11
2014-04-11 01:19:00,261045.0,0.0,0,-0.11,-0.22,-0.11
2014-04-11 01:24:00,267438.0,0.0,0,-0.11,-0.22,-0.11
2014-04-11 01:29:00,266667.0,0.0,0,-0.11,-0.22,-0.11
2014-04-11 01:34:00,235504.0,0.0,0,-0.11,-0.22,-0.11
2014-04-11 01:39:00,306849.0,0.0,0,-0.11,-0.22,-0.11
2014-04-11 01:44:00,243843.0,0.0,0,-0.11,-0.22,-0.11
2014-04-11 01:49:00,238067.0,0.0,0,-0.11,-0.22,-0.11
2014-04-11 01:54:00,251585.0,0.0,0,-0.11,-0.22,-0.11
2014-04-11 01:59:00,3218610.0,0.0,0,-0.11,-0.22,-0.11
2014-04-11 02:04:00,249952.0,0.0,0,-0.11,-0.22,-0.11
2014-04-11 02:09:00,3214260.0,0.0,0,-0.11,-0.22,-0.11
2014-04-11 02:14:00,244738.0,0.0,0,-0.11,-0.22,-0.11
2014-04-11 02:19:00,236009.0,0.0,0,-0.11,-0.22,-0.11
2014-04-11 02:24:00,243525.0,0.0,0,-0.11,-0.22,-0.11
2014-04-11 02:29:00,251869.0,0.0,0,-0.11,-0.22,-0.11
2014-04-11 02:34:00,247750.0,0.0,0,-0.11,-0.22,-0.11
2014-04-11 02:39:00,237585.0,0.0,0,-0.11,-0.22,-0.11
2014-04-11 02:44:00,232251.0,0.0,0,-0.11,-0.22,-0.11
2014-04-11 02:49:00,244425.0,0.0,0,-0.11,-0.22,-0.11
2014-04-11 02:54:00,246994.0,0.0,0,-0.11,-0.22,-0.11
2014-04-11 02:59:00,3224600.0,0.0,0,-0.11,-0.22,-0.11
2014-04-11 03:04:00,3231950.0,0.0,0,-0.11,-0.22,-0.11
2014-04-11 03:09:00,3230920.0,0.0,0,-0.11,-0.22,-0.11
2014-04-11 03:14:00,240758.0,0.0,0,-0.11,-0.22,-0.11
2014-04-11 03:19:00,247018.0,0.0,0,-0.11,-0.22,-0.11
2014-04-11 03:24:00,227611.0,0.0,0,-0.11,-0.22,-0.11
2014-04-11 03:29:00,240378.0,0.0,0,-0.11,-0.22,-0.11
2014-04-11 03:34:00,241621.0,0.0,0,-0.11,-0.22,-0.11
2014-04-11 03:39:00,237751.0,0.0,0,-0.11,-0.22,-0.11
2014-04-11 03:44:00,258200.0,0.0,0,-0.11,-0.22,-0.11
2014-04-11 03:49:00,226063.0,0.0,0,-0.11,-0.22,-0.11
2014-04-11 03:54:00,259598.0,0.0,0,-0.11,-0.22,-0.11
2014-04-11 03:59:00,3225870.0,0.0,0,-0.11,-0.22,-0.11
2014-04-11 04:04:00,253252.0,0.0,0,-0.11,-0.22,-0.11
2014-04-11 04:09:00,3227900.0,0.0,0,-0.11,-0.22,-0.11
2014-04-11 04:14:00,243886.0,0.0,0,-0.11,-0.22,-0.11
2014-04-11 04:19:00,222755.0,0.0,0,-0.11,-0.22,-0.11
2014-04-11 04:24:00,251731.0,0.0,0,-0.11,-0.22,-0.11
2014-04-11 04:29:00,232475.0,0.0,0,-0.11,-0.22,-0.11
2014-04-11 04:34:00,241836.0,0.0,0,-0.11,-0.22,-0.11
2014-04-11 04:39:00,247473.0,0.0,0,-0.11,-0.22,-0.11
2014-04-11 04:44:00,238192.0,0.0,0,-0.11,-0.22,-0.11
2014-04-11 04:49:00,248777.0,0.0,0,-0.11,-0.22,-0.11
2014-04-11 04:54:00,245535.0,0.0,0,-0.11,-0.22,-0.11
2014-04-11 04:59:00,3239170.0,0.0,0,-0.11,-0.22,-0.11
2014-04-11 05:04:00,248277.0,0.0,0,-0.11,-0.22,-0.11
2014-04-11 05:09:00,3240020.0,0.0,0,-0.11,-0.22,-0.11
2014-04-11 05:14:00,233162.0,0.0,0,-0.11,-0.22,-0.11
2014-04-11 05:19:00,231319.0,0.0,0,-0.11,-0.22,-0.11
2014-04-11 05:24:00,254581.0,0.0,0,-0.11,-0.22,-0.11
2014-04-11 05:29:00,234406.0,0.0,0,-0.11,-0.22,-0.11
2014-04-11 05:34:00,248665.0,0.0,0,-0.11,-0.22,-0.11
2014-04-11 05:39:00,241438.0,0.0,0,-0.11,-0.22,-0.11
2014-04-11 05:44:00,251713.0,0.0,0,-0.11,-0.22,-0.11
2014-04-11 05:49:00,228064.0,0.0,0,-0.11,-0.22,-0.11
2014-04-11 05:54:00,269810.0,0.0,0,-0.11,-0.22,-0.11
2014-04-11 05:59:00,3228730.0,0.0,0,-0.11,-0.22,-0.11
2014-04-11 06:04:00,267368.0,0.0,0,-0.11,-0.22,-0.11
2014-04-11 06:09:00,3211740.0,0.0,0,-0.11,-0.22,-0.11
2014-04-11 06:14:00,342062.0,0.0,0,-0.11,-0.22,-0.11
2014-04-11 06:19:00,248293.0,0.0,0,-0.11,-0.22,-0.11
2014-04-11 06:24:00,241611.0,0.0,0,-0.11,-0.22,-0.11
2014-04-11 06:29:00,255464.0,0.0,0,-0.11,-0.22,-0.11
2014-04-11 06:34:00,237297.0,0.0,0,-0.11,-0.22,-0.11
2014-04-11 06:39:00,240442.0,0.0,0,-0.11,-0.22,-0.11
2014-04-11 06:44:00,244156.0,0.0,0,-0.11,-0.22,-0.11
2014-04-11 06:49:00,252098.0,0.0,0,-0.11,-0.22,-0.11
2014-04-11 06:54:00,237622.0,0.0,0,-0.11,-0.22,-0.11
2014-04-11 06:59:00,3233770.0,0.0,0,-0.11,-0.22,-0.11
2014-04-11 07:04:00,238456.0,0.0,0,-0.11,-0.22,-0.11
2014-04-11 07:09:00,3234340.0,0.0,0,-0.11,-0.22,-0.11
2014-04-11 07:14:00,236182.0,0.0,0,-0.11,-0.22,-0.11
2014-04-11 07:19:00,235840.0,0.0,0,-0.11,-0.22,-0.11
2014-04-11 07:24:00,254726.0,0.0,0,-0.11,-0.22,-0.11
2014-04-11 07:29:00,232628.0,0.0,0,-0.11,-0.22,-0.11
2014-04-11 07:34:00,244211.0,0.0,0,-0.11,-0.22,-0.11
2014-04-11 07:39:00,233693.0,0.0,0,-0.11,-0.22,-0.11
2014-04-11 07:44:00,247003.0,0.0,0,-0.11,-0.22,-0.11
2014-04-11 07:49:00,239926.0,0.0,0,-0.11,-0.22,-0.11
2014-04-11 07:54:00,249384.0,0.0,0,-0.11,-0.22,-0.11
2014-04-11 07:59:00,3218600.0,0.0,0,-0.11,-0.22,-0.11
2014-04-11 08:04:00,255874.0,0.0,0,-0.11,-0.22,-0.11
2014-04-11 08:09:00,3217690.0,0.0,0,-0.11,-0.22,-0.11
2014-04-11 08:14:00,244198.0,0.0,0,-0.11,-0.22,-0.11
2014-04-11 08:19:00,237503.0,0.0,0,-0.11,-0.22,-0.11
2014-04-11 08:24:00,237900.0,0.0,0,-0.11,-0.22,-0.11
2014-04-11 08:29:00,250015.0,0.0,0,-0.11,-0.22,-0.11
2014-04-11 08:34:00,221923.0,0.0,0,-0.11,-0.22,-0.11
2014-04-11 08:39:00,254591.0,0.0,0,-0.11,-0.22,-0.11
2014-04-11 08:44:00,238493.0,0.0,0,-0.11,-0.22,-0.11
2014-04-11 08:49:00,242676.0,0.0,0,-0.11,-0.22,-0.11
2014-04-11 08:54:00,242609.0,0.0,0,-0.11,-0.22,-0.11
2014-04-11 08:59:00,3226930.0,0.0,0,-0.11,-0.22,-0.11
2014-04-11 09:04:00,250544.0,0.0,0,-0.11,-0.22,-0.11
2014-04-11 09:09:00,3219490.0,0.0,0,-0.11,-0.22,-0.11
2014-04-11 09:14:00,247572.0,0.0,0,-0.11,-0.22,-0.11
2014-04-11 09:19:00,228470.0,0.0,0,-0.11,-0.22,-0.11
2014-04-11 09:24:00,246320.0,0.0,0,-0.11,-0.22,-0.11
2014-04-11 09:29:00,226119.0,0.0,0,-0.11,-0.22,-0.11
2014-04-11 09:34:00,254107.0,0.0,0,-0.11,-0.22,-0.11
2014-04-11 09:39:00,236567.0,0.0,0,-0.11,-0.22,-0.11
2014-04-11 09:44:00,239116.0,0.0,0,-0.11,-0.22,-0.11
2014-04-11 09:49:00,244311.0,0.0,0,-0.11,-0.22,-0.11
2014-04-11 09:54:00,234522.0,0.0,0,-0.11,-0.22,-0.11
2014-04-11 09:59:00,3235740.0,0.0,0,-0.11,-0.22,-0.11
2014-04-11 10:04:00,246649.0,0.0,0,-0.11,-0.22,-0.11
2014-04-11 10:09:00,3253740.0,0.0,0,-0.11,-0.22,-0.11
2014-04-11 10:14:00,239080.0,0.0,0,-0.11,-0.22,-0.11
2014-04-11 10:19:00,247261.0,0.0,0,-0.11,-0.22,-0.11
2014-04-11 10:24:00,234844.0,0.0,0,-0.11,-0.22,-0.11
2014-04-11 10:29:00,268433.0,0.0,0,-0.11,-0.22,-0.11
2014-04-11 10:34:00,223453.0,0.0,0,-0.11,-0.22,-0.11
2014-04-11 10:39:00,253193.0,0.0,0,-0.11,-0.22,-0.11
2014-04-11 10:44:00,237735.0,0.0,0,-0.11,-0.22,-0.11
2014-04-11 10:49:00,244744.0,0.0,0,-0.11,-0.22,-0.11
2014-04-11 10:54:00,257369.0,0.0,0,-0.11,-0.22,-0.11
2014-04-11 10:59:00,3228480.0,0.0,0,-0.11,-0.22,-0.11
2014-04-11 11:04:00,269861.0,0.0,0,-0.11,-0.22,-0.11
2014-04-11 11:09:00,3229110.0,0.0,0,-0.11,-0.22,-0.11
2014-04-11 11:14:00,258234.0,0.0,0,-0.11,-0.22,-0.11
2014-04-11 11:19:00,232734.0,0.0,0,-0.11,-0.22,-0.11
2014-04-11 11:24:00,246155.0,0.0,0,-0.11,-0.22,-0.11
2014-04-11 11:29:00,243065.0,0.0,0,-0.11,-0.22,-0.11
2014-04-11 11:34:00,246028.0,0.0,0,-0.11,-0.22,-0.11
2014-04-11 11:39:00,242913.0,0.0,0,-0.11,-0.22,-0.11
2014-04-11 11:44:00,231682.0,0.0,0,-0.11,-0.22,-0.11
2014-04-11 11:49:00,255268.0,0.0,0,-0.11,-0.22,-0.11
2014-04-11 11:54:00,236532.0,0.0,0,-0.11,-0.22,-0.11
2014-04-11 11:59:00,3254540.0,0.0,0,-0.11,-0.22,-0.11
2014-04-11 12:04:00,248560.0,0.0,0,-0.11,-0.22,-0.11
2014-04-11 12:09:00,3252300.0,0.0,0,-0.11,-0.22,-0.11
2014-04-11 12:14:00,239375.0,0.0,0,-0.11,-0.22,-0.11
2014-04-11 12:19:00,253265.0,0.0,0,-0.11,-0.22,-0.11
2014-04-11 12:24:00,236362.0,0.0,0,-0.11,-0.22,-0.11
2014-04-11 12:29:00,244662.0,0.0,0,-0.11,-0.22,-0.11
2014-04-11 12:34:00,247065.0,0.0,0,-0.11,-0.22,-0.11
2014-04-11 12:39:00,238032.0,0.0,0,-0.11,-0.22,-0.11
2014-04-11 12:44:00,245684.0,0.0,0,-0.11,-0.22,-0.11
2014-04-11 12:49:00,238604.0,0.0,0,-0.11,-0.22,-0.11
2014-04-11 12:54:00,261043.0,0.0,0,-0.11,-0.22,-0.11
2014-04-11 12:59:00,3216100.0,0.0,0,-0.11,-0.22,-0.11
2014-04-11 13:04:00,260094.0,0.0,0,-0.11,-0.22,-0.11
2014-04-11 13:09:00,3244400.0,0.0,0,-0.11,-0.22,-0.11
2014-04-11 13:14:00,226337.0,0.0,0,-0.11,-0.22,-0.11
2014-04-11 13:19:00,252188.0,0.0,0,-0.11,-0.22,-0.11
2014-04-11 13:24:00,245393.0,0.0,0,-0.11,-0.22,-0.11
2014-04-11 13:29:00,241493.0,0.0,0,-0.11,-0.22,-0.11
2014-04-11 13:34:00,237706.0,0.0,0,-0.11,-0.22,-0.11
2014-04-11 13:39:00,245012.0,0.0,0,-0.11,-0.22,-0.11
2014-04-11 13:44:00,237909.0,0.0,0,-0.11,-0.22,-0.11
2014-04-11 13:49:00,253078.0,0.0,0,-0.11,-0.22,-0.11
2014-04-11 13:54:00,240168.0,0.0,0,-0.11,-0.22,-0.11
2014-04-11 13:59:00,3248870.0,0.0,0,-0.11,-0.22,-0.11
2014-04-11 14:04:00,250435.0,0.0,0,-0.11,-0.22,-0.11
2014-04-11 14:09:00,3256320.0,0.0,0,-0.11,-0.22,-0.11
2014-04-11 14:14:00,230605.0,0.0,0,-0.11,-0.22,-0.11
2014-04-11 14:19:00,254587.0,0.0,0,-0.11,-0.22,-0.11
2014-04-11 14:24:00,234093.0,0.0,0,-0.11,-0.22,-0.11
2014-04-11 14:29:00,241980.0,0.0,0,-0.11,-0.22,-0.11
2014-04-11 14:34:00,261849.0,0.0,0,-0.11,-0.22,-0.11
2014-04-11 14:39:00,242223.0,0.0,0,-0.11,-0.22,-0.11
2014-04-11 14:44:00,256740.0,0.0,0,-0.11,-0.22,-0.11
2014-04-11 14:49:00,236921.0,0.0,0,-0.11,-0.22,-0.11
2014-04-11 14:54:00,271067.0,0.0,0,-0.11,-0.22,-0.11
2014-04-11 14:59:00,3197710.0,0.0,0,-0.11,-0.22,-0.11
2014-04-11 15:04:00,260255.0,0.0,0,-0.11,-0.22,-0.11
2014-04-11 15:09:00,3242430.0,0.0,0,-0.11,-0.22,-0.11
2014-04-11 15:14:00,245469.0,0.0,0,-0.11,-0.22,-0.11
2014-04-11 15:19:00,251011.0,0.0,0,-0.11,-0.22,-0.11
2014-04-11 15:24:00,238685.0,0.0,0,-0.11,-0.22,-0.11
2014-04-11 15:29:00,241960.0,0.0,0,-0.11,-0.22,-0.11
2014-04-11 15:34:00,233066.0,0.0,0,-0.11,-0.22,-0.11
2014-04-11 15:39:00,283861.0,0.0,0,-0.11,-0.22,-0.11
2014-04-11 15:44:00,240062.0,0.0,0,-0.11,-0.22,-0.11
2014-04-11 15:49:00,257465.0,0.0,0,-0.11,-0.22,-0.11
2014-04-11 15:54:00,254978.0,0.0,0,-0.11,-0.22,-0.11
2014-04-11 15:59:00,3235440.0,0.0,0,-0.11,-0.22,-0.11
2014-04-11 16:04:00,255754.0,0.0,0,-0.11,-0.22,-0.11
2014-04-11 16:09:00,3227150.0,0.0,0,-0.11,-0.22,-0.11
2014-04-11 16:14:00,236078.0,0.0,0,-0.11,-0.22,-0.11
2014-04-11 16:19:00,388240.0,0.0,0,-0.11,-0.22,-0.11
2014-04-11 16:24:00,236777.0,0.0,0,-0.11,-0.22,-0.11
2014-04-11 16:29:00,227627.0,0.0,0,-0.11,-0.22,-0.11
2014-04-11 16:34:00,252311.0,0.0,0,-0.11,-0.22,-0.11
2014-04-11 16:39:00,242327.0,0.0,0,-0.11,-0.22,-0.11
2014-04-11 16:44:00,241642.0,0.0,0,-0.11,-0.22,-0.11
2014-04-11 16:49:00,248389.0,0.0,0,-0.11,-0.22,-0.11
2014-04-11 16:54:00,273570.0,0.0,0,-0.11,-0.22,-0.11
2014-04-11 16:59:00,3306410.0,0.0,0,-0.11,-0.22,-0.11
2014-04-11 17:04:00,262106.0,0.0,0,-0.11,-0.22,-0.11
2014-04-11 17:09:00,3242880.0,0.0,0,-0.11,-0.22,-0.11
2014-04-11 17:14:00,283567.0,0.0,0,-0.11,-0.22,-0.11
2014-04-11 17:19:00,273127.0,0.0,0,-0.11,-0.22,-0.11
2014-04-11 17:24:00,260175.0,0.0,0,-0.11,-0.22,-0.11
2014-04-11 17:29:00,251403.0,0.0,0,-0.11,-0.22,-0.11
2014-04-11 17:34:00,251817.0,0.0,0,-0.11,-0.22,-0.11
2014-04-11 17:39:00,273249.0,0.0,0,-0.11,-0.22,-0.11
2014-04-11 17:44:00,238988.0,0.0,0,-0.11,-0.22,-0.11
2014-04-11 17:49:00,275365.0,0.0,0,-0.11,-0.22,-0.11
2014-04-11 17:54:00,291390.0,0.0,0,-0.11,-0.22,-0.11
2014-04-11 17:59:00,3359020.0,0.0,0,-0.11,-0.22,-0.11
2014-04-11 18:04:00,399001.0,0.0,0,-0.11,-0.22,-0.11
2014-04-11 18:09:00,3561460.0,0.0,0,-0.11,-0.22,-0.11
2014-04-11 18:14:00,339291.0,0.0,0,-0.11,-0.22,-0.11
2014-04-11 18:19:00,390198.0,0.0,0,-0.11,-0.22,-0.11
2014-04-11 18:24:00,399884.0,0.0,0,-0.11,-0.22,-0.11
2014-04-11 18:29:00,372872.0,0.0,0,-0.11,-0.22,-0.11
2014-04-11 18:34:00,389524.0,0.0,0,-0.11,-0.22,-0.11
2014-04-11 18:39:00,1163670.0,0.0,0,-0.11,-0.22,-0.11
2014-04-11 18:44:00,397407.0,0.0,0,-0.11,-0.22,-0.11
2014-04-11 18:49:00,389204.0,0.0,0,-0.11,-0.22,-0.11
2014-04-11 18:54:00,404224.0,0.0,0,-0.11,-0.22,-0.11
2014-04-11 18:59:00,3360440.0,0.0,0,-0.11,-0.22,-0.11
2014-04-11 19:04:00,403175.0,0.0,0,-0.11,-0.22,-0.11
2014-04-11 19:09:00,3378150.0,0.0,0,-0.11,-0.22,-0.11
2014-04-11 19:14:00,373712.0,0.0,0,-0.11,-0.22,-0.11
2014-04-11 19:19:00,410708.0,0.0,0,-0.11,-0.22,-0.11
2014-04-11 19:24:00,378684.0,0.0,0,-0.11,-0.22,-0.11
2014-04-11 19:29:00,410979.0,0.0,0,-0.11,-0.22,-0.11
2014-04-11 19:34:00,391032.0,0.0,0,-0.11,-0.22,-0.11
2014-04-11 19:39:00,1190060.0,0.0,0,-0.11,-0.22,-0.11
2014-04-11 19:44:00,383999.0,0.0,0,-0.11,-0.22,-0.11
2014-04-11 19:49:00,399979.0,0.0,0,-0.11,-0.22,-0.11
2014-04-11 19:54:00,373990.0,0.0,0,-0.11,-0.22,-0.11
2014-04-11 19:59:00,3410280.0,0.0,0,-0.11,-0.22,-0.11
2014-04-11 20:04:00,422833.0,0.0,0,-0.11,-0.22,-0.11
2014-04-11 20:09:00,3391730.0,0.0,0,-0.11,-0.22,-0.11
2014-04-11 20:14:00,295161.0,0.0,0,-0.11,-0.22,-0.11
2014-04-11 20:19:00,254373.0,0.0,0,-0.11,-0.22,-0.11
2014-04-11 20:24:00,250735.0,0.0,0,-0.11,-0.22,-0.11
2014-04-11 20:29:00,236999.0,0.0,0,-0.11,-0.22,-0.11
2014-04-11 20:34:00,258318.0,0.0,0,-0.11,-0.22,-0.11
2014-04-11 20:39:00,233088.0,0.0,0,-0.11,-0.22,-0.11
2014-04-11 20:44:00,252988.0,0.0,0,-0.11,-0.22,-0.11
2014-04-11 20:49:00,256719.0,0.0,0,-0.11,-0.22,-0.11
2014-04-11 20:54:00,231652.0,0.0,0,-0.11,-0.22,-0.11
2014-04-11 20:59:00,3249070.0,0.0,0,-0.11,-0.22,-0.11
2014-04-11 21:04:00,245066.0,0.0,0,-0.11,-0.22,-0.11
2014-04-11 21:09:00,3243390.0,0.0,0,-0.11,-0.22,-0.11
2014-04-11 21:14:00,235817.0,0.0,0,-0.11,-0.22,-0.11
2014-04-11 21:19:00,253230.0,0.0,0,-0.11,-0.22,-0.11
2014-04-11 21:24:00,241075.0,0.0,0,-0.11,-0.22,-0.11
2014-04-11 21:29:00,254290.0,0.0,0,-0.11,-0.22,-0.11
2014-04-11 21:34:00,244568.0,0.0,0,-0.11,-0.22,-0.11
2014-04-11 21:39:00,259041.0,0.0,0,-0.11,-0.22,-0.11
2014-04-11 21:44:00,230913.0,0.0,0,-0.11,-0.22,-0.11
2014-04-11 21:49:00,240953.0,0.0,0,-0.11,-0.22,-0.11
2014-04-11 21:54:00,247442.0,0.0,0,-0.11,-0.22,-0.11
2014-04-11 21:59:00,3240880.0,0.0,0,-0.11,-0.22,-0.11
2014-04-11 22:04:00,272605.0,0.0,0,-0.11,-0.22,-0.11
2014-04-11 22:09:00,3272150.0,0.0,0,-0.11,-0.22,-0.11
2014-04-11 22:14:00,257701.0,0.0,0,-0.11,-0.22,-0.11
2014-04-11 22:19:00,237159.0,0.0,0,-0.11,-0.22,-0.11
2014-04-11 22:24:00,256000.0,0.0,0,-0.11,-0.22,-0.11
2014-04-11 22:29:00,236218.0,0.0,0,-0.11,-0.22,-0.11
2014-04-11 22:34:00,253981.0,0.0,0,-0.11,-0.22,-0.11
2014-04-11 22:39:00,240892.0,0.0,0,-0.11,-0.22,-0.11
2014-04-11 22:44:00,252041.0,0.0,0,-0.11,-0.22,-0.11
2014-04-11 22:49:00,252478.0,0.0,0,-0.11,-0.22,-0.11
2014-04-11 22:54:00,236178.0,0.0,0,-0.11,-0.22,-0.11
2014-04-11 22:59:00,3251640.0,0.0,0,-0.11,-0.22,-0.11
2014-04-11 23:04:00,252965.0,0.0,0,-0.11,-0.22,-0.11
2014-04-11 23:09:00,3240320.0,0.0,0,-0.11,-0.22,-0.11
2014-04-11 23:14:00,225659.0,0.0,0,-0.11,-0.22,-0.11
2014-04-11 23:19:00,262094.0,0.0,0,-0.11,-0.22,-0.11
2014-04-11 23:24:00,231789.0,0.0,0,-0.11,-0.22,-0.11
2014-04-11 23:29:00,259574.0,0.0,0,-0.11,-0.22,-0.11
2014-04-11 23:34:00,233080.0,0.0,0,-0.11,-0.22,-0.11
2014-04-11 23:39:00,241600.0,0.0,0,-0.11,-0.22,-0.11
2014-04-11 23:44:00,253511.0,0.0,0,-0.11,-0.22,-0.11
2014-04-11 23:49:00,240551.0,0.0,0,-0.11,-0.22,-0.11
2014-04-11 23:54:00,257501.0,0.0,0,-0.11,-0.22,-0.11
2014-04-11 23:59:00,3256150.0,0.0,0,-0.11,-0.22,-0.11
2014-04-12 00:04:00,268213.0,0.0,0,-0.11,-0.22,-0.11
2014-04-12 00:09:00,3246770.0,0.0,0,-0.11,-0.22,-0.11
2014-04-12 00:14:00,270648.0,0.0,0,-0.11,-0.22,-0.11
2014-04-12 00:19:00,230839.0,0.0,0,-0.11,-0.22,-0.11
2014-04-12 00:24:00,263492.0,0.0,0,-0.11,-0.22,-0.11
2014-04-12 00:29:00,229821.0,0.0,0,-0.11,-0.22,-0.11
2014-04-12 00:34:00,239090.0,0.0,0,-0.11,-0.22,-0.11
2014-04-12 00:39:00,246163.0,0.0,0,-0.11,-0.22,-0.11
2014-04-12 00:44:00,242103.0,0.0,0,-0.11,-0.22,-0.11
2014-04-12 00:49:00,261614.0,0.0,0,-0.11,-0.22,-0.11
2014-04-12 00:54:00,241194.0,0.0,0,-0.11,-0.22,-0.11
2014-04-12 00:59:00,3242430.0,0.0,0,-0.11,-0.22,-0.11
2014-04-12 01:04:00,243066.0,0.0,0,-0.11,-0.22,-0.11
2014-04-12 01:09:00,3243440.0,0.0,0,-0.11,-0.22,-0.11
2014-04-12 01:14:00,234794.0,0.0,0,-0.11,-0.22,-0.11
2014-04-12 01:19:00,245498.0,0.0,0,-0.11,-0.22,-0.11
2014-04-12 01:24:00,242056.0,0.0,0,-0.11,-0.22,-0.11
2014-04-12 01:29:00,229823.0,0.0,0,-0.11,-0.22,-0.11
2014-04-12 01:34:00,258120.0,0.0,0,-0.11,-0.22,-0.11
2014-04-12 01:39:00,230552.0,0.0,0,-0.11,-0.22,-0.11
2014-04-12 01:44:00,253045.0,0.0,0,-0.11,-0.22,-0.11
2014-04-12 01:49:00,230385.0,0.0,0,-0.11,-0.22,-0.11
2014-04-12 01:54:00,254403.0,0.0,0,-0.11,-0.22,-0.11
2014-04-12 01:59:00,3225830.0,0.0,0,-0.11,-0.22,-0.11
2014-04-12 02:04:00,259469.0,0.0,0,-0.11,-0.22,-0.11
2014-04-12 02:09:00,3225090.0,0.0,0,-0.11,-0.22,-0.11
2014-04-12 02:14:00,258436.0,0.0,0,-0.11,-0.22,-0.11
2014-04-12 02:19:00,233808.0,0.0,0,-0.11,-0.22,-0.11
2014-04-12 02:24:00,241677.0,0.0,0,-0.11,-0.22,-0.11
2014-04-12 02:29:00,263112.0,0.26443005376466794,0,-0.11,-0.22,-0.11
2014-04-12 02:34:00,266602.0,0.26412775360834945,0,-0.11,-0.22,-0.11
2014-04-12 02:39:00,244229.0,0.2660725306158841,0,-0.11,-0.22,-0.11
2014-04-12 02:44:00,238705.0,0.2665295057944768,0,-0.11,-0.22,-0.11
2014-04-12 02:49:00,256480.0,0.2649889012347921,0,-0.11,-0.22,-0.11
2014-04-12 02:54:00,225990.0,0.26763846243781697,0,-0.11,-0.22,-0.11
2014-04-12 02:59:00,3241060.0,0.4611570796585475,0,-0.11,-0.22,-0.11
2014-04-12 03:04:00,251275.0,0.2654362912009795,0,-0.11,-0.22,-0.11
2014-04-12 03:09:00,4206500.0,0.5676765739964682,0,-0.11,-0.22,-0.11
2014-04-12 03:14:00,2271640.0,0.3560916430983069,0,-0.11,-0.22,-0.11
2014-04-12 03:19:00,240582.0,0.2667625768971525,0,-0.11,-0.22,-0.11
2014-04-12 03:24:00,246508.0,0.2662554718465751,0,-0.11,-0.22,-0.11
2014-04-12 03:29:00,244466.0,0.2664317418013826,0,-0.11,-0.22,-0.11
2014-04-12 03:34:00,262520.0,0.26488249376490125,0,-0.11,-0.22,-0.11
2014-04-12 03:39:00,239397.0,0.26686960797577475,0,-0.11,-0.22,-0.11
2014-04-12 03:44:00,241457.0,0.2666932886687731,0,-0.11,-0.22,-0.11
2014-04-12 03:49:00,244122.0,0.26646770721643803,0,-0.11,-0.22,-0.11
2014-04-12 03:54:00,258265.0,0.2652553511807097,0,-0.11,-0.22,-0.11
2014-04-12 03:59:00,3239530.0,0.4571224055595185,0,-0.11,-0.22,-0.11
2014-04-12 04:04:00,267842.0,0.2644404673053919,0,-0.11,-0.22,-0.11
2014-04-12 04:09:00,3222240.0,0.45827840828726896,0,-0.11,-0.22,-0.11
2014-04-12 04:14:00,265767.0,0.2640989471219657,0,-0.11,-0.22,-0.11
2014-04-12 04:19:00,236695.0,0.26661510653897524,0,-0.11,-0.22,-0.11
2014-04-12 04:24:00,242795.0,0.2660840854710561,0,-0.11,-0.22,-0.11
2014-04-12 04:29:00,258097.0,0.2647693921567069,0,-0.11,-0.22,-0.11
2014-04-12 04:34:00,235499.0,0.2667265634103064,0,-0.11,-0.22,-0.11
2014-04-12 04:39:00,252357.0,0.26526811331144073,0,-0.11,-0.22,-0.11
2014-04-12 04:44:00,236301.0,0.26666015538968313,0,-0.11,-0.22,-0.11
2014-04-12 04:49:00,282313.0,0.26269041864283,0,-0.11,-0.22,-0.11
2014-04-12 04:54:00,211838.0,0.2687943697946457,0,-0.11,-0.22,-0.11
2014-04-12 04:59:00,3248880.0,0.46122361271899603,0,-0.11,-0.22,-0.11
2014-04-12 05:04:00,242114.0,0.26615248235603994,0,-0.11,-0.22,-0.11
2014-04-12 05:09:00,3241200.0,0.4603307405344338,0,-0.11,-0.22,-0.11
2014-04-12 05:14:00,245429.0,0.2658621664961539,0,-0.11,-0.22,-0.11
2014-04-12 05:19:00,230041.0,0.2671933698273835,0,-0.11,-0.22,-0.11
2014-04-12 05:24:00,247600.0,0.2656778844702655,0,-0.11,-0.22,-0.11
2014-04-12 05:29:00,235212.0,0.26674687366500177,0,-0.11,-0.22,-0.11
2014-04-12 05:34:00,260300.0,0.2645828499987033,0,-0.11,-0.22,-0.11
2014-04-12 05:39:00,230071.0,0.2671994025874613,0,-0.11,-0.22,-0.11
2014-04-12 05:44:00,264085.0,0.26425754186823963,0,-0.11,-0.22,-0.11
2014-04-12 05:49:00,237271.0,0.266579195245237,0,-0.11,-0.22,-0.11
2014-04-12 05:54:00,261323.0,0.2645001381943579,0,-0.11,-0.22,-0.11
2014-04-12 05:59:00,3237250.0,0.4598687680908592,0,-0.11,-0.22,-0.11
2014-04-12 06:04:00,254862.0,0.26506202004522084,0,-0.11,-0.22,-0.11
2014-04-12 06:09:00,3247370.0,0.4609850304381379,0,-0.11,-0.22,-0.11
2014-04-12 06:14:00,225190.0,0.267629099312972,0,-0.11,-0.22,-0.11
2014-04-12 06:19:00,250940.0,0.26539960632056697,0,-0.11,-0.22,-0.11
2014-04-12 06:24:00,230978.0,0.26713167645532,0,-0.11,-0.22,-0.11
2014-04-12 06:29:00,262319.0,0.26441804023914106,0,-0.11,-0.22,-0.11
2014-04-12 06:34:00,235497.0,0.2667420073137427,0,-0.11,-0.22,-0.11
2014-04-12 06:39:00,248283.0,0.2656325733591387,0,-0.11,-0.22,-0.11
2014-04-12 06:44:00,243400.0,0.2660565525842988,0,-0.11,-0.22,-0.11
2014-04-12 06:49:00,249711.0,0.2655088562055471,0,-0.11,-0.22,-0.11
2014-04-12 06:54:00,243717.0,0.2660338756528797,0,-0.11,-0.22,-0.11
2014-04-12 06:59:00,3241720.0,0.4603486499122457,0,-0.11,-0.22,-0.11
2014-04-12 07:04:00,255955.0,0.2649690643827613,0,-0.11,-0.22,-0.11
2014-04-12 07:09:00,3221100.0,0.4580564244931241,0,-0.11,-0.22,-0.11
2014-04-12 07:14:00,253793.0,0.26515139777174185,0,-0.11,-0.22,-0.11
2014-04-12 07:19:00,242207.0,0.26612057542961065,0,-0.11,-0.22,-0.11
2014-04-12 07:24:00,244641.0,0.26590827131997,0,-0.11,-0.22,-0.11
2014-04-12 07:29:00,245782.0,0.2658108510059899,0,-0.11,-0.22,-0.11
2014-04-12 07:34:00,249634.0,0.2654751577888059,0,-0.11,-0.22,-0.11
2014-04-12 07:39:00,232768.0,0.26693647151695576,0,-0.11,-0.22,-0.11
2014-04-12 07:44:00,253386.0,0.2651533598626169,0,-0.11,-0.22,-0.11
2014-04-12 07:49:00,243175.0,0.2660373825930936,0,-0.11,-0.22,-0.11
2014-04-12 07:54:00,236034.0,0.26665132967116434,0,-0.11,-0.22,-0.11
2014-04-12 07:59:00,3240990.0,0.4602240309463697,0,-0.11,-0.22,-0.11
2014-04-12 08:04:00,247113.0,0.2656937513094913,0,-0.11,-0.22,-0.11
2014-04-12 08:09:00,3222490.0,0.4581773024731696,0,-0.11,-0.22,-0.11
2014-04-12 08:14:00,240165.0,0.26629676003686603,0,-0.11,-0.22,-0.11
2014-04-12 08:19:00,251737.0,0.265299446049053,0,-0.11,-0.22,-0.11
2014-04-12 08:24:00,226327.0,0.2675012291488199,0,-0.11,-0.22,-0.11
2014-04-12 08:29:00,256926.0,0.2648480169334325,0,-0.11,-0.22,-0.11
2014-04-12 08:34:00,236917.0,0.2665830588519019,0,-0.11,-0.22,-0.11
2014-04-12 08:39:00,252376.0,0.2652459249331238,0,-0.11,-0.22,-0.11
2014-04-12 08:44:00,259127.0,0.2646709706928428,0,-0.11,-0.22,-0.11
2014-04-12 08:49:00,219037.0,0.26814032404575033,0,-0.11,-0.22,-0.11
2014-04-12 08:54:00,241918.0,0.2661517259588916,0,-0.11,-0.22,-0.11
2014-04-12 08:59:00,3232520.0,0.4593031282935243,0,-0.11,-0.22,-0.11
2014-04-12 09:04:00,266012.0,0.2640731977071585,0,-0.11,-0.22,-0.11
2014-04-12 09:09:00,3209930.0,0.4567941451360851,0,-0.11,-0.22,-0.11
2014-04-12 09:14:00,253948.0,0.2651147801814831,0,-0.11,-0.22,-0.11
2014-04-12 09:19:00,239276.0,0.2663842937347354,0,-0.11,-0.22,-0.11
2014-04-12 09:24:00,251676.0,0.26531461150933805,0,-0.11,-0.22,-0.11
2014-04-12 09:29:00,239299.0,0.26638778259171786,0,-0.11,-0.22,-0.11
2014-04-12 09:34:00,255742.0,0.26496532051106475,0,-0.11,-0.22,-0.11
2014-04-12 09:39:00,213700.0,0.2686143766213954,0,-0.11,-0.22,-0.11
2014-04-12 09:44:00,238498.0,0.2664507224595585,0,-0.11,-0.22,-0.11
2014-04-12 09:49:00,259419.0,0.26464624570244605,0,-0.11,-0.22,-0.11
2014-04-12 09:54:00,240198.0,0.2663096838395215,0,-0.11,-0.22,-0.11
2014-04-12 09:59:00,3248830.0,0.4610818863338959,0,-0.11,-0.22,-0.11
2014-04-12 10:04:00,237509.0,0.2665410334580463,0,-0.11,-0.22,-0.11
2014-04-12 10:09:00,3244010.0,0.4605059544963636,0,-0.11,-0.22,-0.11
2014-04-12 10:14:00,236972.0,0.266582622290346,0,-0.11,-0.22,-0.11
2014-04-12 10:19:00,256938.0,0.2648566097942418,0,-0.11,-0.22,-0.11
2014-04-12 10:24:00,236136.0,0.2666611977017641,0,-0.11,-0.22,-0.11
2014-04-12 10:29:00,256729.0,0.2648809789085617,0,-0.11,-0.22,-0.11
2014-04-12 10:34:00,234670.0,0.26679518321611617,0,-0.11,-0.22,-0.11
2014-04-12 10:39:00,234200.0,0.2668289720933315,0,-0.11,-0.22,-0.11
2014-04-12 10:44:00,253754.0,0.2651402571736323,0,-0.11,-0.22,-0.11
2014-04-12 10:49:00,237412.0,0.26655556507040035,0,-0.11,-0.22,-0.11
2014-04-12 10:54:00,250319.0,0.26543896943398404,0,-0.11,-0.22,-0.11
2014-04-12 10:59:00,3215960.0,0.457375230780437,0,-0.11,-0.22,-0.11
2014-04-12 11:04:00,292090.0,0.26185864309514056,0,-0.11,-0.22,-0.11
2014-04-12 11:09:00,3224360.0,0.458337816802486,0,-0.11,-0.22,-0.11
2014-04-12 11:14:00,236701.0,0.26663656422133114,0,-0.11,-0.22,-0.11
2014-04-12 11:19:00,227057.0,0.26747064840378865,0,-0.11,-0.22,-0.11
2014-04-12 11:24:00,257728.0,0.2648140165722377,0,-0.11,-0.22,-0.11
2014-04-12 11:29:00,239293.0,0.2664125259670816,0,-0.11,-0.22,-0.11
2014-04-12 11:34:00,235845.0,0.2667004350675872,0,-0.11,-0.22,-0.11
2014-04-12 11:39:00,251200.0,0.2653787114369876,0,-0.11,-0.22,-0.11
2014-04-12 11:44:00,237458.0,0.2665646268501384,0,-0.11,-0.22,-0.11
2014-04-12 11:49:00,247151.0,0.26572719552724083,0,-0.11,-0.22,-0.11
2014-04-12 11:54:00,232946.0,0.2669557225637891,0,-0.11,-0.22,-0.11
2014-04-12 11:59:00,3243070.0,0.4604544097459522,0,-0.11,-0.22,-0.11
2014-04-12 12:04:00,248976.0,0.26556196249374525,0,-0.11,-0.22,-0.11
2014-04-12 12:09:00,3242090.0,0.4603160480958761,0,-0.11,-0.22,-0.11
2014-04-12 12:14:00,241318.0,0.2662156057973993,0,-0.11,-0.22,-0.11
2014-04-12 12:19:00,258786.0,0.26470357289681784,0,-0.11,-0.22,-0.11
2014-04-12 12:24:00,242851.0,0.2660864246791984,0,-0.11,-0.22,-0.11
2014-04-12 12:29:00,233124.0,0.2669260663261763,0,-0.11,-0.22,-0.11
2014-04-12 12:34:00,260257.0,0.26458143917505045,0,-0.11,-0.22,-0.11
2014-04-12 12:39:00,237194.0,0.266575538736535,0,-0.11,-0.22,-0.11
2014-04-12 12:44:00,241907.0,0.2661662602188639,0,-0.11,-0.22,-0.11
2014-04-12 12:49:00,223401.0,0.26777131703402546,0,-0.11,-0.22,-0.11
2014-04-12 12:54:00,265658.0,0.26411241431932786,0,-0.11,-0.22,-0.11
2014-04-12 12:59:00,3226760.0,0.4586049594918897,0,-0.11,-0.22,-0.11
2014-04-12 13:04:00,269071.0,0.26382908227585283,0,-0.11,-0.22,-0.11
2014-04-12 13:09:00,3234160.0,0.4594758806287601,0,-0.11,-0.22,-0.11
2014-04-12 13:14:00,247154.0,0.26572332525347403,0,-0.11,-0.22,-0.11
2014-04-12 13:19:00,239909.0,0.2663518282571413,0,-0.11,-0.22,-0.11
2014-04-12 13:24:00,251001.0,0.26538948755327224,0,-0.11,-0.22,-0.11
2014-04-12 13:29:00,245427.0,0.2658755915965653,0,-0.11,-0.22,-0.11
2014-04-12 13:34:00,245271.0,0.26588932936033977,0,-0.11,-0.22,-0.11
2014-04-12 13:39:00,243777.0,0.26601771472014946,0,-0.11,-0.22,-0.11
2014-04-12 13:44:00,229951.0,0.26721559379105475,0,-0.11,-0.22,-0.11
2014-04-12 13:49:00,261331.0,0.2645008682416883,0,-0.11,-0.22,-0.11
2014-04-12 13:54:00,238705.0,0.26646047142383805,0,-0.11,-0.22,-0.11
2014-04-12 13:59:00,3235200.0,0.4596282870271999,0,-0.11,-0.22,-0.11
2014-04-12 14:04:00,238669.0,0.2664555669643319,0,-0.11,-0.22,-0.11
2014-04-12 14:09:00,3238220.0,0.45991995580482603,0,-0.11,-0.22,-0.11
2014-04-12 14:14:00,241383.0,0.2662135420011542,0,-0.11,-0.22,-0.11
2014-04-12 14:19:00,242915.0,0.2660865090339712,0,-0.11,-0.22,-0.11
2014-04-12 14:24:00,242803.0,0.2660929263226348,0,-0.11,-0.22,-0.11
2014-04-12 14:29:00,252122.0,0.2652878750757314,0,-0.11,-0.22,-0.11
2014-04-12 14:34:00,245866.0,0.26583126432555343,0,-0.11,-0.22,-0.11
2014-04-12 14:39:00,244874.0,0.2659197719026508,0,-0.11,-0.22,-0.11
2014-04-12 14:44:00,259231.0,0.2646819794913042,0,-0.11,-0.22,-0.11
2014-04-12 14:49:00,237485.0,0.26656568821278503,0,-0.11,-0.22,-0.11
2014-04-12 14:54:00,251142.0,0.26538088996441594,0,-0.11,-0.22,-0.11
2014-04-12 14:59:00,3266010.0,0.4629880682759683,0,-0.11,-0.22,-0.11
2014-04-12 15:04:00,268978.0,0.2638496373398634,0,-0.11,-0.22,-0.11
2014-04-12 15:09:00,3219550.0,0.4578466754641118,0,-0.11,-0.22,-0.11
2014-04-12 15:14:00,250667.0,0.26543217444827044,0,-0.11,-0.22,-0.11
2014-04-12 15:19:00,226590.0,0.2675212267008601,0,-0.11,-0.22,-0.11
2014-04-12 15:24:00,250937.0,0.2654061044541391,0,-0.11,-0.22,-0.11
2014-04-12 15:29:00,257391.0,0.2648557146421864,0,-0.11,-0.22,-0.11
2014-04-12 15:34:00,239186.0,0.2664321990141947,0,-0.11,-0.22,-0.11
2014-04-12 15:39:00,265730.0,0.26413554216425145,0,-0.11,-0.22,-0.11
2014-04-12 15:44:00,244336.0,0.2659874317986037,0,-0.11,-0.22,-0.11
2014-04-12 15:49:00,273484.0,0.26347318061316843,0,-0.11,-0.22,-0.11
2014-04-12 15:54:00,260826.0,0.26457396481284684,0,-0.11,-0.22,-0.11
2014-04-12 15:59:00,3212430.0,0.4571417716544605,0,-0.11,-0.22,-0.11
2014-04-12 16:04:00,250041.0,0.2654998371637913,0,-0.11,-0.22,-0.11
2014-04-12 16:09:00,3229480.0,0.4589837094961266,0,-0.11,-0.22,-0.11
2014-04-12 16:14:00,252372.0,0.26529526918166074,0,-0.11,-0.22,-0.11
2014-04-12 16:19:00,228633.0,0.2673497250593005,0,-0.11,-0.22,-0.11
2014-04-12 16:24:00,253911.0,0.2651571592141529,0,-0.11,-0.22,-0.11
2014-04-12 16:29:00,255604.0,0.26501656688338976,0,-0.11,-0.22,-0.11
2014-04-12 16:34:00,252911.0,0.26525345446697896,0,-0.11,-0.22,-0.11
2014-04-12 16:39:00,240502.0,0.2663317443683689,0,-0.11,-0.22,-0.11
2014-04-12 16:44:00,251820.0,0.2653393960945564,0,-0.11,-0.22,-0.11
2014-04-12 16:49:00,244606.0,0.2659661006865873,0,-0.11,-0.22,-0.11
2014-04-12 16:54:00,258127.0,0.2647954832409882,0,-0.11,-0.22,-0.11
2014-04-12 16:59:00,3241530.0,0.4603352552458033,0,-0.11,-0.22,-0.11
2014-04-12 17:04:00,268252.0,0.2639255315716274,0,-0.11,-0.22,-0.11
2014-04-12 17:09:00,3224900.0,0.4584953117059679,0,-0.11,-0.22,-0.11
2014-04-12 17:14:00,249406.0,0.26555267932634424,0,-0.11,-0.22,-0.11
2014-04-12 17:19:00,247141.0,0.26575282974009456,0,-0.11,-0.22,-0.11
2014-04-12 17:24:00,251762.0,0.2653059626424132,0,-0.11,-0.22,-0.11
2014-04-12 17:29:00,249979.0,0.26546496200592057,0,-0.11,-0.22,-0.11
2014-04-12 17:34:00,246418.0,0.2657800728781461,0,-0.11,-0.22,-0.11
2014-04-12 17:39:00,251186.0,0.2653666486562288,0,-0.11,-0.22,-0.11
2014-04-12 17:44:00,244801.0,0.2659207166664436,0,-0.11,-0.22,-0.11
2014-04-12 17:49:00,253899.0,0.2651369638813679,0,-0.11,-0.22,-0.11
2014-04-12 17:54:00,238998.0,0.266425147890454,0,-0.11,-0.22,-0.11
2014-04-12 17:59:00,3246630.0,0.4608942318567537,0,-0.11,-0.22,-0.11
2014-04-12 18:04:00,268530.0,0.2638677194289064,0,-0.11,-0.22,-0.11
2014-04-12 18:09:00,3231320.0,0.4593392063604255,0,-0.11,-0.22,-0.11
2014-04-12 18:14:00,238892.0,0.2664253994097366,0,-0.11,-0.22,-0.11
2014-04-12 18:19:00,236885.0,0.26658335009380063,0,-0.11,-0.22,-0.11
2014-04-12 18:24:00,257800.0,0.2647651415818724,0,-0.11,-0.22,-0.11
2014-04-12 18:29:00,247053.0,0.2656910602436942,0,-0.11,-0.22,-0.11
2014-04-12 18:34:00,259031.0,0.2646567836042324,0,-0.11,-0.22,-0.11
2014-04-12 18:39:00,235208.0,0.26671588567741744,0,-0.11,-0.22,-0.11
2014-04-12 18:44:00,255852.0,0.2649199028486151,0,-0.11,-0.22,-0.11
2014-04-12 18:49:00,239466.0,0.2663401345505145,0,-0.11,-0.22,-0.11
2014-04-12 18:54:00,241280.0,0.266170749083926,0,-0.11,-0.22,-0.11
2014-04-12 18:59:00,3238610.0,0.4601653476895865,0,-0.11,-0.22,-0.11
2014-04-12 19:04:00,247743.0,0.2655965684595909,0,-0.11,-0.22,-0.11
2014-04-12 19:09:00,3247390.0,0.4613976547512617,0,-0.11,-0.22,-0.11
2014-04-12 19:14:00,263945.0,0.2641531144099827,0,-0.11,-0.22,-0.11
2014-04-12 19:19:00,223067.0,0.2676670502070323,0,-0.11,-0.22,-0.11
2014-04-12 19:24:00,242767.0,0.2658998760727987,0,-0.11,-0.22,-0.11
2014-04-12 19:29:00,255704.0,0.26472790181871525,0,-0.11,-0.22,-0.11
2014-04-12 19:34:00,239505.0,0.2660882088539637,0,-0.11,-0.22,-0.11
2014-04-12 19:39:00,257739.0,0.2644613433171015,0,-0.11,-0.22,-0.11
2014-04-12 19:44:00,238905.0,0.2658210150221804,0,-0.11,-0.22,-0.11
2014-04-12 19:49:00,232952.0,0.2662819260622785,0,-0.11,-0.22,-0.11
2014-04-12 19:54:00,253479.0,0.2644553053291504,0,-0.11,-0.22,-0.11
2014-04-12 19:59:00,3228590.0,0.4603767337534991,0,-0.11,-0.22,-0.11
2014-04-12 20:04:00,258699.0,0.2639551302722264,0,-0.11,-0.22,-0.11
2014-04-12 20:09:00,3238250.0,0.4617346416437323,0,-0.11,-0.22,-0.11
2014-04-12 20:14:00,248249.0,0.2648087351897015,0,-0.11,-0.22,-0.11
2014-04-12 20:19:00,244941.0,0.2650517651320963,0,-0.11,-0.22,-0.11
2014-04-12 20:24:00,260855.0,0.2636228939702916,0,-0.11,-0.22,-0.11
2014-04-12 20:29:00,229059.0,0.2663295785650344,0,-0.11,-0.22,-0.11
2014-04-12 20:34:00,252070.0,0.2642785742472593,0,-0.11,-0.22,-0.11
2014-04-12 20:39:00,250179.0,0.2643946194708491,0,-0.11,-0.22,-0.11
2014-04-12 20:44:00,234909.0,0.2654380438828701,0,-0.11,-0.22,-0.11
2014-04-12 20:49:00,262628.0,0.2629988566569188,0,-0.11,-0.22,-0.11
2014-04-12 20:54:00,244432.0,0.264518821687018,0,-0.11,-0.22,-0.11
2014-04-12 20:59:00,3253610.0,0.4641098217332661,0,-0.11,-0.22,-0.11
2014-04-12 21:04:00,249921.0,0.2640032024364492,0,-0.11,-0.22,-0.11
2014-04-12 21:09:00,3234240.0,0.4623335539886714,0,-0.11,-0.22,-0.11
2014-04-12 21:14:00,245451.0,0.2643317869006037,0,-0.11,-0.22,-0.11
2014-04-12 21:19:00,257676.0,0.2632607637850864,0,-0.11,-0.22,-0.11
2014-04-12 21:24:00,254384.0,0.2635454401782942,0,-0.11,-0.22,-0.11
2014-04-12 21:29:00,258928.0,0.2631553660593316,0,-0.11,-0.22,-0.11
2014-04-12 21:34:00,225973.0,0.2660095919559802,0,-0.11,-0.22,-0.11
2014-04-12 21:39:00,248062.0,0.26408814460841745,0,-0.11,-0.22,-0.11
2014-04-12 21:44:00,252026.0,0.26375147943564103,0,-0.11,-0.22,-0.11
2014-04-12 21:49:00,239174.0,0.2648605417727155,0,-0.11,-0.22,-0.11
2014-04-12 21:54:00,271910.0,0.2620346426523536,0,-0.11,-0.22,-0.11
2014-04-12 21:59:00,3240900.0,0.4634162753549655,0,-0.11,-0.22,-0.11
2014-04-12 22:04:00,265367.0,0.2626103801273602,0,-0.11,-0.22,-0.11
2014-04-12 22:09:00,3232380.0,0.4624933208562214,0,-0.11,-0.22,-0.11
2014-04-12 22:14:00,267969.0,0.26239353065562904,0,-0.11,-0.22,-0.11
2014-04-12 22:19:00,245214.0,0.26436479214361075,0,-0.11,-0.22,-0.11
2014-04-12 22:24:00,259969.0,0.2630898737496849,0,-0.11,-0.22,-0.11
2014-04-12 22:29:00,241839.0,0.2646601081183469,0,-0.11,-0.22,-0.11
2014-04-12 22:34:00,248567.0,0.26407480517511994,0,-0.11,-0.22,-0.11
2014-04-12 22:39:00,251078.0,0.2638595663738856,0,-0.11,-0.22,-0.11
2014-04-12 22:44:00,245016.0,0.26437997367639465,0,-0.11,-0.22,-0.11
2014-04-12 22:49:00,262516.0,0.2628763879164352,0,-0.11,-0.22,-0.11
2014-04-12 22:54:00,243620.0,0.2645129246161346,0,-0.11,-0.22,-0.11
2014-04-12 22:59:00,3262360.0,0.4658277864722332,0,-0.11,-0.22,-0.11
2014-04-12 23:04:00,251770.0,0.2638082000433214,0,-0.11,-0.22,-0.11
2014-04-12 23:09:00,3255880.0,0.4650652473578421,0,-0.11,-0.22,-0.11
2014-04-12 23:14:00,246521.0,0.2642539035461666,0,-0.11,-0.22,-0.11
2014-04-12 23:19:00,257255.0,0.2633244650208449,0,-0.11,-0.22,-0.11
2014-04-12 23:24:00,253634.0,0.2636433996477957,0,-0.11,-0.22,-0.11
2014-04-12 23:29:00,239959.0,0.26482305724153743,0,-0.11,-0.22,-0.11
2014-04-12 23:34:00,252233.0,0.2637646647812816,0,-0.11,-0.22,-0.11
2014-04-12 23:39:00,232607.0,0.2654598037418963,0,-0.11,-0.22,-0.11
2014-04-12 23:44:00,268876.0,0.2623286733067713,0,-0.11,-0.22,-0.11
2014-04-12 23:49:00,237627.0,0.2650283400732845,0,-0.11,-0.22,-0.11
2014-04-12 23:54:00,248714.0,0.2640653816971058,0,-0.11,-0.22,-0.11
2014-04-12 23:59:00,3239780.0,0.4633227181807424,0,-0.11,-0.22,-0.11
2014-04-13 00:04:00,264484.0,0.2627110594870687,0,-0.11,-0.22,-0.11
2014-04-13 00:09:00,3221170.0,0.461293989888817,0,-0.11,-0.22,-0.11
2014-04-13 00:14:00,257621.0,0.2633055832154745,0,-0.11,-0.22,-0.11
2014-04-13 00:19:00,243913.0,0.26449932360529965,0,-0.11,-0.22,-0.11
2014-04-13 00:24:00,252722.0,0.2637326352595029,0,-0.11,-0.22,-0.11
2014-04-13 00:29:00,250845.0,0.26390179049574697,0,-0.11,-0.22,-0.11
2014-04-13 00:34:00,237929.0,0.2650146319158697,0,-0.11,-0.22,-0.11
2014-04-13 00:39:00,262630.0,0.26288494399531154,0,-0.11,-0.22,-0.11
2014-04-13 00:44:00,229879.0,0.26572066670564026,0,-0.11,-0.22,-0.11
2014-04-13 00:49:00,251109.0,0.2638767601511602,0,-0.11,-0.22,-0.11
2014-04-13 00:54:00,244945.0,0.2644125482107112,0,-0.11,-0.22,-0.11
2014-04-13 00:59:00,3258040.0,0.4654069227935097,0,-0.11,-0.22,-0.11
2014-04-13 01:04:00,239235.0,0.2649017286824569,0,-0.11,-0.22,-0.11
2014-04-13 01:09:00,3255800.0,0.4651553811094712,0,-0.11,-0.22,-0.11
2014-04-13 01:14:00,233708.0,0.2653698442711188,0,-0.11,-0.22,-0.11
2014-04-13 01:19:00,241161.0,0.2647122906513845,0,-0.11,-0.22,-0.11
2014-04-13 01:24:00,262493.0,0.26287617817377146,0,-0.11,-0.22,-0.11
2014-04-13 01:29:00,236477.0,0.2651206038007179,0,-0.11,-0.22,-0.11
2014-04-13 01:34:00,260941.0,0.2630117050647873,0,-0.11,-0.22,-0.11
2014-04-13 01:39:00,240957.0,0.26474309150489994,0,-0.11,-0.22,-0.11
2014-04-13 01:44:00,238547.0,0.26494965896602857,0,-0.11,-0.22,-0.11
2014-04-13 01:49:00,250110.0,0.2639495938511812,0,-0.11,-0.22,-0.11
2014-04-13 01:54:00,266236.0,0.26255671852493456,0,-0.11,-0.22,-0.11
2014-04-13 01:59:00,3233970.0,0.4627248548312508,0,-0.11,-0.22,-0.11
2014-04-13 02:04:00,252152.0,0.2637780909909516,0,-0.11,-0.22,-0.11
2014-04-13 02:09:00,3236800.0,0.4630555448565639,0,-0.11,-0.22,-0.11
2014-04-13 02:14:00,253102.0,0.2636992736037733,0,-0.11,-0.22,-0.11
2014-04-13 02:19:00,237171.0,0.2650817666649453,0,-0.11,-0.22,-0.11
2014-04-13 02:24:00,244675.0,0.26443008424547465,0,-0.11,-0.22,-0.11
2014-04-13 02:29:00,236178.0,0.2651657021241112,0,-0.11,-0.22,-0.11
2014-04-13 02:34:00,243647.0,0.2645220295468785,0,-0.11,-0.22,-0.11
2014-04-13 02:39:00,253757.0,0.26364435965046285,0,-0.11,-0.22,-0.11
2014-04-13 02:44:00,247602.0,0.26418346523281183,0,-0.11,-0.22,-0.11
2014-04-13 02:49:00,250890.0,0.2638977967447212,0,-0.11,-0.22,-0.11
2014-04-13 02:54:00,248602.0,0.26410236765891393,0,-0.11,-0.22,-0.11
2014-04-13 02:59:00,3255100.0,0.4650917004421133,0,-0.11,-0.22,-0.11
2014-04-13 03:04:00,248113.0,0.26414261683541723,0,-0.11,-0.22,-0.11
2014-04-13 03:09:00,3284780.0,0.4683084994415279,0,-0.11,-0.22,-0.11
2014-04-13 03:14:00,260754.0,0.26304946227940945,0,-0.11,-0.22,-0.11
2014-04-13 03:19:00,219839.0,0.2665861878047312,0,-0.11,-0.22,-0.11
2014-04-13 03:24:00,254068.0,0.2636211509928597,0,-0.11,-0.22,-0.11
2014-04-13 03:29:00,229355.0,0.26576052056702154,0,-0.11,-0.22,-0.11
2014-04-13 03:34:00,257058.0,0.2633562189164358,0,-0.11,-0.22,-0.11
2014-04-13 03:39:00,262446.0,0.26288924785516105,0,-0.11,-0.22,-0.11
2014-04-13 03:44:00,1240180.0,0.2621104770830305,0,-0.11,-0.22,-0.11
2014-04-13 03:49:00,2271080.0,0.3591904533132729,0,-0.11,-0.22,-0.11
2014-04-13 03:54:00,259978.0,0.2638607574850164,0,-0.11,-0.22,-0.11
2014-04-13 03:59:00,3230890.0,0.4604109843653466,0,-0.11,-0.22,-0.11
2014-04-13 04:04:00,248757.0,0.2648386838407911,0,-0.11,-0.22,-0.11
2014-04-13 04:09:00,3258180.0,0.4634358570231112,0,-0.11,-0.22,-0.11
2014-04-13 04:14:00,228558.0,0.2666532450757795,0,-0.11,-0.22,-0.11
2014-04-13 04:19:00,267060.0,0.2628322108965718,0,-0.11,-0.22,-0.11
2014-04-13 04:24:00,241959.0,0.26502247616873664,0,-0.11,-0.22,-0.11
2014-04-13 04:29:00,273871.0,0.2622499561199278,0,-0.11,-0.22,-0.11
2014-04-13 04:34:00,239560.0,0.26524023655973833,0,-0.11,-0.22,-0.11
2014-04-13 04:39:00,266201.0,0.2629164388660269,0,-0.11,-0.22,-0.11
2014-04-13 04:44:00,248236.0,0.2644859578778969,0,-0.11,-0.22,-0.11
2014-04-13 04:49:00,252657.0,0.26410381736343136,0,-0.11,-0.22,-0.11
2014-04-13 04:54:00,251742.0,0.26418635093435816,0,-0.11,-0.22,-0.11
2014-04-13 04:59:00,3236980.0,0.4649667337460095,0,-0.11,-0.22,-0.11
2014-04-13 05:04:00,268579.0,0.26272265577320714,0,-0.11,-0.22,-0.11
2014-04-13 05:09:00,3319490.0,0.4741647769845271,0,-0.11,-0.22,-0.11
2014-04-13 05:14:00,266101.0,0.2629380605261453,0,-0.11,-0.22,-0.11
2014-04-13 05:19:00,243991.0,0.2648581135607173,0,-0.11,-0.22,-0.11
2014-04-13 05:24:00,251850.0,0.2641771986835364,0,-0.11,-0.22,-0.11
2014-04-13 05:29:00,251105.0,0.26424510417162184,0,-0.11,-0.22,-0.11
2014-04-13 05:34:00,257054.0,0.26372596541052795,0,-0.11,-0.22,-0.11
2014-04-13 05:39:00,250622.0,0.2642921817340069,0,-0.11,-0.22,-0.11
2014-04-13 05:44:00,253562.0,0.2640361034004498,0,-0.11,-0.22,-0.11
2014-04-13 05:49:00,250469.0,0.26431091291560194,0,-0.11,-0.22,-0.11
2014-04-13 05:54:00,240984.0,0.265125140458398,0,-0.11,-0.22,-0.11
2014-04-13 05:59:00,3257310.0,0.4670190911952161,0,-0.11,-0.22,-0.11
2014-04-13 06:04:00,243435.0,0.2649219605978343,0,-0.11,-0.22,-0.11
2014-04-13 06:09:00,3244700.0,0.4655975399791638,0,-0.11,-0.22,-0.11
2014-04-13 06:14:00,251797.0,0.2641951279083916,0,-0.11,-0.22,-0.11
2014-04-13 06:19:00,242999.0,0.2649625937280833,0,-0.11,-0.22,-0.11
2014-04-13 06:24:00,253667.0,0.26403941941731696,0,-0.11,-0.22,-0.11
2014-04-13 06:29:00,245419.0,0.2647586446159784,0,-0.11,-0.22,-0.11
2014-04-13 06:34:00,238899.0,0.2653299968942873,0,-0.11,-0.22,-0.11
2014-04-13 06:39:00,264696.0,0.263080713043714,0,-0.11,-0.22,-0.11
2014-04-13 06:44:00,249501.0,0.2644117932719721,0,-0.11,-0.22,-0.11
2014-04-13 06:49:00,232831.0,0.26585864357349304,0,-0.11,-0.22,-0.11
2014-04-13 06:54:00,267964.0,0.26280300388505584,0,-0.11,-0.22,-0.11
2014-04-13 06:59:00,3249990.0,0.4661786021041083,0,-0.11,-0.22,-0.11
2014-04-13 07:04:00,259527.0,0.2635366961513725,0,-0.11,-0.22,-0.11
2014-04-13 07:09:00,3238240.0,0.4648436531240702,0,-0.11,-0.22,-0.11
2014-04-13 07:14:00,260225.0,0.26347772717739065,0,-0.11,-0.22,-0.11
2014-04-13 07:19:00,239487.0,0.26529300335317263,0,-0.11,-0.22,-0.11
2014-04-13 07:24:00,249820.0,0.2643896026723229,0,-0.11,-0.22,-0.11
2014-04-13 07:29:00,243441.0,0.264951219034922,0,-0.11,-0.22,-0.11
2014-04-13 07:34:00,252087.0,0.2641925625732269,0,-0.11,-0.22,-0.11
2014-04-13 07:39:00,249695.0,0.2644062948787541,0,-0.11,-0.22,-0.11
2014-04-13 07:44:00,241480.0,0.2651216991225586,0,-0.11,-0.22,-0.11
2014-04-13 07:49:00,260207.0,0.2634931155370608,0,-0.11,-0.22,-0.11
2014-04-13 07:54:00,251933.0,0.26421522596608593,0,-0.11,-0.22,-0.11
2014-04-13 07:59:00,3240240.0,0.4650866399986856,0,-0.11,-0.22,-0.11
2014-04-13 08:04:00,252160.0,0.2641983682913168,0,-0.11,-0.22,-0.11
2014-04-13 08:09:00,3247100.0,0.4658529555147769,0,-0.11,-0.22,-0.11
2014-04-13 08:14:00,242626.0,0.26502631807644084,0,-0.11,-0.22,-0.11
2014-04-13 08:19:00,258707.0,0.2636246660679348,0,-0.11,-0.22,-0.11
2014-04-13 08:24:00,231018.0,0.2660401093107594,0,-0.11,-0.22,-0.11
2014-04-13 08:29:00,261194.0,0.26340990237111417,0,-0.11,-0.22,-0.11
2014-04-13 08:34:00,235631.0,0.26563828094030423,0,-0.11,-0.22,-0.11
2014-04-13 08:39:00,249281.0,0.2644448424092361,0,-0.11,-0.22,-0.11
2014-04-13 08:44:00,256689.0,0.2638070255784868,0,-0.11,-0.22,-0.11
2014-04-13 08:49:00,238528.0,0.2653877956014954,0,-0.11,-0.22,-0.11
2014-04-13 08:54:00,262248.0,0.2633242484157913,0,-0.11,-0.22,-0.11
2014-04-13 08:59:00,3240490.0,0.465060582833524,0,-0.11,-0.22,-0.11
2014-04-13 09:04:00,251283.0,0.26428527782380873,0,-0.11,-0.22,-0.11
2014-04-13 09:09:00,3227320.0,0.4635973979980174,0,-0.11,-0.22,-0.11
2014-04-13 09:14:00,256052.0,0.2638724524198269,0,-0.11,-0.22,-0.11
2014-04-13 09:19:00,226626.0,0.26644096204406154,0,-0.11,-0.22,-0.11
2014-04-13 09:24:00,256158.0,0.2638600089466509,0,-0.11,-0.22,-0.11
2014-04-13 09:29:00,242633.0,0.2650464599587215,0,-0.11,-0.22,-0.11
2014-04-13 09:34:00,243717.0,0.2649470681623174,0,-0.11,-0.22,-0.11
2014-04-13 09:39:00,251162.0,0.26430184267662754,0,-0.11,-0.22,-0.11
2014-04-13 09:44:00,240877.0,0.26519634421006083,0,-0.11,-0.22,-0.11
2014-04-13 09:49:00,261025.0,0.26343869465534264,0,-0.11,-0.22,-0.11
2014-04-13 09:54:00,245658.0,0.26478846031715203,0,-0.11,-0.22,-0.11
2014-04-13 09:59:00,3252100.0,0.4663430009372031,0,-0.11,-0.22,-0.11
2014-04-13 10:04:00,236063.0,0.2656254148255088,0,-0.11,-0.22,-0.11
2014-04-13 10:09:00,3239200.0,0.4648650940908571,0,-0.11,-0.22,-0.11
2014-04-13 10:14:00,237628.0,0.2654782467170305,0,-0.11,-0.22,-0.11
2014-04-13 10:19:00,259796.0,0.2635453944389096,0,-0.11,-0.22,-0.11
2014-04-13 10:24:00,251316.0,0.2642886779170592,0,-0.11,-0.22,-0.11
2014-04-13 10:29:00,242875.0,0.2650226265316893,0,-0.11,-0.22,-0.11
2014-04-13 10:34:00,254477.0,0.2640152403047919,0,-0.11,-0.22,-0.11
2014-04-13 10:39:00,248382.0,0.2645443732591607,0,-0.11,-0.22,-0.11
2014-04-13 10:44:00,246525.0,0.2647180733824965,0,-0.11,-0.22,-0.11
2014-04-13 10:49:00,240007.0,0.26528824408863805,0,-0.11,-0.22,-0.11
2014-04-13 10:54:00,269959.0,0.2626808141300201,0,-0.11,-0.22,-0.11
2014-04-13 10:59:00,3233790.0,0.4642003434357884,0,-0.11,-0.22,-0.11
2014-04-13 11:04:00,256958.0,0.2638179325718827,0,-0.11,-0.22,-0.11
2014-04-13 11:09:00,3221950.0,0.4629174079417393,0,-0.11,-0.22,-0.11
2014-04-13 11:14:00,255516.0,0.2639498633661858,0,-0.11,-0.22,-0.11
2014-04-13 11:19:00,241014.0,0.2652177650194917,0,-0.11,-0.22,-0.11
2014-04-13 11:24:00,244072.0,0.26494586379840146,0,-0.11,-0.22,-0.11
2014-04-13 11:29:00,257380.0,0.2637917026570391,0,-0.11,-0.22,-0.11
2014-04-13 11:34:00,244383.0,0.2649218094781857,0,-0.11,-0.22,-0.11
2014-04-13 11:39:00,257467.0,0.26378776905910023,0,-0.11,-0.22,-0.11
2014-04-13 11:44:00,247320.0,0.2646777832648245,0,-0.11,-0.22,-0.11
2014-04-13 11:49:00,253115.0,0.2641716484693421,0,-0.11,-0.22,-0.11
2014-04-13 11:54:00,247766.0,0.2646422343077001,0,-0.11,-0.22,-0.11
2014-04-13 11:59:00,3236930.0,0.4646311355010088,0,-0.11,-0.22,-0.11
2014-04-13 12:04:00,240256.0,0.2652950869442735,0,-0.11,-0.22,-0.11
2014-04-13 12:09:00,3255640.0,0.4666666033115511,0,-0.11,-0.22,-0.11
2014-04-13 12:14:00,250895.0,0.2643511525120996,0,-0.11,-0.22,-0.11
2014-04-13 12:19:00,226420.0,0.26648858157721644,0,-0.11,-0.22,-0.11
2014-04-13 12:24:00,267511.0,0.262914422092181,0,-0.11,-0.22,-0.11
2014-04-13 12:29:00,237518.0,0.2655234786010138,0,-0.11,-0.22,-0.11
2014-04-13 12:34:00,249753.0,0.2644579342327088,0,-0.11,-0.22,-0.11
2014-04-13 12:39:00,255457.0,0.26396725926673803,0,-0.11,-0.22,-0.11
2014-04-13 12:44:00,246707.0,0.26472916745940506,0,-0.11,-0.22,-0.11
2014-04-13 12:49:00,238203.0,0.26547281920591764,0,-0.11,-0.22,-0.11
2014-04-13 12:54:00,266068.0,0.2630485692327262,0,-0.11,-0.22,-0.11
2014-04-13 12:59:00,3224110.0,0.4630926147106149,0,-0.11,-0.22,-0.11
2014-04-13 13:04:00,288656.0,0.2611073705237688,0,-0.11,-0.22,-0.11
2014-04-13 13:09:00,3221660.0,0.4628610888736441,0,-0.11,-0.22,-0.11
2014-04-13 13:14:00,252607.0,0.2642416971727586,0,-0.11,-0.22,-0.11
2014-04-13 13:19:00,240767.0,0.2652760181235544,0,-0.11,-0.22,-0.11
2014-04-13 13:24:00,237554.0,0.2655497269821372,0,-0.11,-0.22,-0.11
2014-04-13 13:29:00,260285.0,0.2635707246919695,0,-0.11,-0.22,-0.11
2014-04-13 13:34:00,238979.0,0.2654331983683724,0,-0.11,-0.22,-0.11
2014-04-13 13:39:00,258649.0,0.2637147638568653,0,-0.11,-0.22,-0.11
2014-04-13 13:44:00,229923.0,0.26622339601218203,0,-0.11,-0.22,-0.11
2014-04-13 13:49:00,253306.0,0.2641821023111705,0,-0.11,-0.22,-0.11
2014-04-13 13:54:00,254196.0,0.2641152416654946,0,-0.11,-0.22,-0.11
2014-04-13 13:59:00,3250310.0,0.4660917517606393,0,-0.11,-0.22,-0.11
2014-04-13 14:04:00,245628.0,0.26485628634089736,0,-0.11,-0.22,-0.11
2014-04-13 14:09:00,3228560.0,0.4636214756504918,0,-0.11,-0.22,-0.11
2014-04-13 14:14:00,258316.0,0.26374532814319196,0,-0.11,-0.22,-0.11
2014-04-13 14:19:00,238328.0,0.2654878535296577,0,-0.11,-0.22,-0.11
2014-04-13 14:24:00,253330.0,0.26418167525449743,0,-0.11,-0.22,-0.11
2014-04-13 14:29:00,238631.0,0.2654617031958696,0,-0.11,-0.22,-0.11
2014-04-13 14:34:00,250253.0,0.2644475612634703,0,-0.11,-0.22,-0.11
2014-04-13 14:39:00,240730.0,0.2652781481274812,0,-0.11,-0.22,-0.11
2014-04-13 14:44:00,257320.0,0.263834230259134,0,-0.11,-0.22,-0.11
2014-04-13 14:49:00,243771.0,0.2650218433234507,0,-0.11,-0.22,-0.11
2014-04-13 14:54:00,275431.0,0.26226827061346325,0,-0.11,-0.22,-0.11
2014-04-13 14:59:00,3241840.0,0.4651102287338943,0,-0.11,-0.22,-0.11
2014-04-13 15:04:00,252521.0,0.26426732548437737,0,-0.11,-0.22,-0.11
2014-04-13 15:09:00,3247290.0,0.4657018829499714,0,-0.11,-0.22,-0.11
2014-04-13 15:14:00,230172.0,0.26621906226519804,0,-0.11,-0.22,-0.11
2014-04-13 15:19:00,257449.0,0.26384016925779463,0,-0.11,-0.22,-0.11
2014-04-13 15:24:00,247812.0,0.2646827618323093,0,-0.11,-0.22,-0.11
2014-04-13 15:29:00,259260.0,0.2636897765296368,0,-0.11,-0.22,-0.11
2014-04-13 15:34:00,241602.0,0.2652276259416549,0,-0.11,-0.22,-0.11
2014-04-13 15:39:00,250854.0,0.26442095502557866,0,-0.11,-0.22,-0.11
2014-04-13 15:44:00,241955.0,0.26519747769808283,0,-0.11,-0.22,-0.11
2014-04-13 15:49:00,261971.0,0.26345163223646223,0,-0.11,-0.22,-0.11
2014-04-13 15:54:00,256386.0,0.26394487342227035,0,-0.11,-0.22,-0.11
2014-04-13 15:59:00,3231220.0,0.4638949384776089,0,-0.11,-0.22,-0.11
2014-04-13 16:04:00,273132.0,0.2624946401507283,0,-0.11,-0.22,-0.11
2014-04-13 16:09:00,3242380.0,0.4652124362385675,0,-0.11,-0.22,-0.11
2014-04-13 16:14:00,257765.0,0.263828430161428,0,-0.11,-0.22,-0.11
2014-04-13 16:19:00,253928.0,0.2641641927352963,0,-0.11,-0.22,-0.11
2014-04-13 16:24:00,271604.0,0.2626405259140385,0,-0.11,-0.22,-0.11
2014-04-13 16:29:00,246087.0,0.26486295994600684,0,-0.11,-0.22,-0.11
2014-04-13 16:34:00,268441.0,0.2629176865087877,0,-0.11,-0.22,-0.11
2014-04-13 16:39:00,245622.0,0.26490972619129155,0,-0.11,-0.22,-0.11
2014-04-13 16:44:00,262116.0,0.2634692251055456,0,-0.11,-0.22,-0.11
2014-04-13 16:49:00,230303.0,0.2662447727881956,0,-0.11,-0.22,-0.11
2014-04-13 16:54:00,245845.0,0.2648743684085899,0,-0.11,-0.22,-0.11
2014-04-13 16:59:00,3252220.0,0.4662571053564135,0,-0.11,-0.22,-0.11
2014-04-13 17:04:00,242016.0,0.26520231401860433,0,-0.11,-0.22,-0.11
2014-04-13 17:09:00,3261850.0,0.467240765308048,0,-0.11,-0.22,-0.11
2014-04-13 17:14:00,255013.0,0.2640690838754812,0,-0.11,-0.22,-0.11
2014-04-13 17:19:00,252346.0,0.26430166302396096,0,-0.11,-0.22,-0.11
2014-04-13 17:24:00,248963.0,0.2646040256394037,0,-0.11,-0.22,-0.11
2014-04-13 17:29:00,260418.0,0.26360746817194863,0,-0.11,-0.22,-0.11
2014-04-13 17:34:00,243351.0,0.2650922391979436,0,-0.11,-0.22,-0.11
2014-04-13 17:39:00,271355.0,0.26265822492620405,0,-0.11,-0.22,-0.11
2014-04-13 17:44:00,251294.0,0.2644087565940404,0,-0.11,-0.22,-0.11
2014-04-13 17:49:00,226718.0,0.26655007951615656,0,-0.11,-0.22,-0.11
2014-04-13 17:54:00,268437.0,0.26291508356067833,0,-0.11,-0.22,-0.11
2014-04-13 17:59:00,3233020.0,0.463963570998733,0,-0.11,-0.22,-0.11
2014-04-13 18:04:00,256032.0,0.26399428340822034,0,-0.11,-0.22,-0.11
2014-04-13 18:09:00,3255440.0,0.4664748743637255,0,-0.11,-0.22,-0.11
2014-04-13 18:14:00,260018.0,0.2636441924527137,0,-0.11,-0.22,-0.11
2014-04-13 18:19:00,239642.0,0.26541907678831417,0,-0.11,-0.22,-0.11
2014-04-13 18:24:00,262088.0,0.26346575527048904,0,-0.11,-0.22,-0.11
2014-04-13 18:29:00,251806.0,0.2643617712249046,0,-0.11,-0.22,-0.11
2014-04-13 18:34:00,248498.0,0.2646499432803771,0,-0.11,-0.22,-0.11
2014-04-13 18:39:00,255248.0,0.2640641662228871,0,-0.11,-0.22,-0.11
2014-04-13 18:44:00,248198.0,0.2646781783364896,0,-0.11,-0.22,-0.11
2014-04-13 18:49:00,250553.0,0.2644746325451588,0,-0.11,-0.22,-0.11
2014-04-13 18:54:00,245044.0,0.2649525540972544,0,-0.11,-0.22,-0.11
2014-04-13 18:59:00,3257440.0,0.4666300097816984,0,-0.11,-0.22,-0.11
2014-04-13 19:04:00,252943.0,0.26426788334958023,0,-0.11,-0.22,-0.11
2014-04-13 19:09:00,3245980.0,0.4653320674913893,0,-0.11,-0.22,-0.11
2014-04-13 19:14:00,233187.0,0.2659819184387772,0,-0.11,-0.22,-0.11
2014-04-13 19:19:00,255574.0,0.2640320057038164,0,-0.11,-0.22,-0.11
2014-04-13 19:24:00,256643.0,0.2639457396930093,0,-0.11,-0.22,-0.11
2014-04-13 19:29:00,247717.0,0.2647207457769803,0,-0.11,-0.22,-0.11
2014-04-13 19:34:00,244907.0,0.2649653870345974,0,-0.11,-0.22,-0.11
2014-04-13 19:39:00,247128.0,0.2647672541512431,0,-0.11,-0.22,-0.11
2014-04-13 19:44:00,247600.0,0.2647303961493101,0,-0.11,-0.22,-0.11
2014-04-13 19:49:00,248156.0,0.26467916614835724,0,-0.11,-0.22,-0.11
2014-04-13 19:54:00,265150.0,0.2632073265186395,0,-0.11,-0.22,-0.11
2014-04-13 19:59:00,3233210.0,0.4638810622083783,0,-0.11,-0.22,-0.11
2014-04-13 20:04:00,265336.0,0.26319944361014763,0,-0.11,-0.22,-0.11
2014-04-13 20:09:00,3230190.0,0.463557265386483,0,-0.11,-0.22,-0.11
2014-04-13 20:14:00,252375.0,0.26433003590728466,0,-0.11,-0.22,-0.11
2014-04-13 20:19:00,243211.0,0.2651229939621178,0,-0.11,-0.22,-0.11
2014-04-13 20:24:00,251390.0,0.26441867684204673,0,-0.11,-0.22,-0.11
2014-04-13 20:29:00,245563.0,0.2649284245358374,0,-0.11,-0.22,-0.11
2014-04-13 20:34:00,228244.0,0.26643460245656503,0,-0.11,-0.22,-0.11
2014-04-13 20:39:00,254345.0,0.2641574683081624,0,-0.11,-0.22,-0.11
2014-04-13 20:44:00,240311.0,0.265376946595189,0,-0.11,-0.22,-0.11
2014-04-13 20:49:00,259417.0,0.26371650753116804,0,-0.11,-0.22,-0.11
2014-04-13 20:54:00,249510.0,0.2645861866423549,0,-0.11,-0.22,-0.11
2014-04-13 20:59:00,3237050.0,0.4643574723394258,0,-0.11,-0.22,-0.11
2014-04-13 21:09:00,3254990.0,0.4663332723204486,0,-0.11,-0.22,-0.11
2014-04-13 21:14:00,243685.0,0.2656033138362328,0,-0.11,-0.22,-0.11
2014-04-13 21:19:00,232350.0,0.2660738147229077,0,-0.11,-0.22,-0.11
2014-04-13 21:24:00,254957.0,0.2641006947679644,0,-0.11,-0.22,-0.11
2014-04-13 21:29:00,247025.0,0.2647934616873057,0,-0.11,-0.22,-0.11
2014-04-13 21:34:00,254224.0,0.26416301713523904,0,-0.11,-0.22,-0.11
2014-04-13 21:39:00,258667.0,0.2637861672392472,0,-0.11,-0.22,-0.11
2014-04-13 21:44:00,249934.0,0.26454684018667635,0,-0.11,-0.22,-0.11
2014-04-13 21:49:00,252552.0,0.26431925888239816,0,-0.11,-0.22,-0.11
2014-04-13 21:54:00,257755.0,0.26387366440969123,0,-0.11,-0.22,-0.11
2014-04-13 21:59:00,3234060.0,0.4639702606033505,0,-0.11,-0.22,-0.11
2014-04-13 22:04:00,243386.0,0.26563756341659595,0,-0.11,-0.22,-0.11
2014-04-13 22:09:00,3238850.0,0.4645453782348127,0,-0.11,-0.22,-0.11
2014-04-13 22:14:00,254191.0,0.2647019008643259,0,-0.11,-0.22,-0.11
2014-04-13 22:19:00,245248.0,0.26495998028312195,0,-0.11,-0.22,-0.11
2014-04-13 22:24:00,248947.0,0.2646381544395325,0,-0.11,-0.22,-0.11
2014-04-13 22:29:00,246963.0,0.2648076452042156,0,-0.11,-0.22,-0.11
2014-04-13 22:34:00,234151.0,0.26592097885346,0,-0.11,-0.22,-0.11
2014-04-13 22:39:00,255304.0,0.2640715021542622,0,-0.11,-0.22,-0.11
2014-04-13 22:44:00,244506.0,0.2650204398405304,0,-0.11,-0.22,-0.11
2014-04-13 22:49:00,255814.0,0.2640362391339101,0,-0.11,-0.22,-0.11
2014-04-13 22:54:00,240847.0,0.2653390809040844,0,-0.11,-0.22,-0.11
2014-04-13 22:59:00,3320290.0,0.4735971852037839,0,-0.11,-0.22,-0.11
2014-04-13 23:04:00,255712.0,0.2645608150652236,0,-0.11,-0.22,-0.11
2014-04-13 23:09:00,3259450.0,0.4666482358136143,0,-0.11,-0.22,-0.11
2014-04-13 23:14:00,246759.0,0.26532995476961563,0,-0.11,-0.22,-0.11
2014-04-13 23:19:00,235111.0,0.2658257562491262,0,-0.11,-0.22,-0.11
2014-04-13 23:24:00,271629.0,0.26264468756541565,0,-0.11,-0.22,-0.11
2014-04-13 23:29:00,241744.0,0.26524592583424417,0,-0.11,-0.22,-0.11
2014-04-13 23:34:00,253261.0,0.2642386846645382,0,-0.11,-0.22,-0.11
2014-04-13 23:39:00,253960.0,0.2641820040540932,0,-0.11,-0.22,-0.11
2014-04-13 23:44:00,250184.0,0.2645117213177421,0,-0.11,-0.22,-0.11
2014-04-13 23:49:00,235084.0,0.2658250109646591,0,-0.11,-0.22,-0.11
2014-04-13 23:54:00,271726.0,0.2626411648214059,0,-0.11,-0.22,-0.11
2014-04-13 23:59:00,3237680.0,0.4641699562610896,0,-0.11,-0.22,-0.11
2014-04-14 00:04:00,252362.0,0.26484409620246024,0,-0.11,-0.22,-0.11
2014-04-14 00:09:00,3243310.0,0.4648494275554938,0,-0.11,-0.22,-0.11
2014-04-14 00:14:00,247380.0,0.2652743610943121,0,-0.11,-0.22,-0.11
2014-04-14 00:19:00,253436.0,0.2642303411328595,0,-0.11,-0.22,-0.11
2014-04-14 00:24:00,249854.0,0.2645438590377069,0,-0.11,-0.22,-0.11
2014-04-14 00:29:00,258505.0,0.2637903277065189,0,-0.11,-0.22,-0.11
2014-04-14 00:34:00,234949.0,0.2658400183565142,0,-0.11,-0.22,-0.11
2014-04-14 00:39:00,253681.0,0.2642088454667432,0,-0.11,-0.22,-0.11
2014-04-14 00:44:00,241614.0,0.2652582652357603,0,-0.11,-0.22,-0.11
2014-04-14 00:49:00,251072.0,0.2644390701444085,0,-0.11,-0.22,-0.11
2014-04-14 00:54:00,249267.0,0.2645896839084001,0,-0.11,-0.22,-0.11
2014-04-14 00:59:00,3249270.0,0.4655394308596126,0,-0.11,-0.22,-0.11
2014-04-14 01:04:00,262681.0,0.2639559151866994,0,-0.11,-0.22,-0.11
2014-04-14 01:09:00,3242960.0,0.4648175550068139,0,-0.11,-0.22,-0.11
2014-04-14 01:14:00,253501.0,0.2647463298011897,0,-0.11,-0.22,-0.11
2014-04-14 01:19:00,241007.0,0.2653129757059569,0,-0.11,-0.22,-0.11
2014-04-14 01:24:00,254218.0,0.2641590377273104,0,-0.11,-0.22,-0.11
2014-04-14 01:29:00,241488.0,0.2652689017510196,0,-0.11,-0.22,-0.11
2014-04-14 01:34:00,260913.0,0.26357810070085497,0,-0.11,-0.22,-0.11
2014-04-14 01:39:00,245215.0,0.26494429004137066,0,-0.11,-0.22,-0.11
2014-04-14 01:44:00,251380.0,0.2644111383892962,0,-0.11,-0.22,-0.11
2014-04-14 01:49:00,240336.0,0.26536736314166404,0,-0.11,-0.22,-0.11
2014-04-14 01:54:00,251681.0,0.2643847511793021,0,-0.11,-0.22,-0.11
2014-04-14 01:59:00,3237150.0,0.4641249252455967,0,-0.11,-0.22,-0.11
2014-04-14 02:04:00,274330.0,0.26295674997688506,0,-0.11,-0.22,-0.11
2014-04-14 02:09:00,3222630.0,0.4625582398653412,0,-0.11,-0.22,-0.11
2014-04-14 02:14:00,243638.0,0.26561315462377155,0,-0.11,-0.22,-0.11
2014-04-14 02:19:00,255884.0,0.2640318517837805,0,-0.11,-0.22,-0.11
2014-04-14 02:24:00,243239.0,0.26513862584551273,0,-0.11,-0.22,-0.11
2014-04-14 02:29:00,258277.0,0.2638326628385586,0,-0.11,-0.22,-0.11
2014-04-14 02:34:00,240959.0,0.2653363571862801,0,-0.11,-0.22,-0.11
2014-04-14 02:39:00,266413.0,0.26312753061132993,0,-0.11,-0.22,-0.11
2014-04-14 02:44:00,226564.0,0.26659515735503986,0,-0.11,-0.22,-0.11
2014-04-14 02:49:00,257943.0,0.26385860197170524,0,-0.11,-0.22,-0.11
2014-04-14 02:54:00,241036.0,0.26533488195736443,0,-0.11,-0.22,-0.11
2014-04-14 02:59:00,3228220.0,0.4632511187879304,0,-0.11,-0.22,-0.11
2014-04-14 03:04:00,270504.0,0.263298070534705,0,-0.11,-0.22,-0.11
2014-04-14 03:09:00,3236080.0,0.4641366915946421,0,-0.11,-0.22,-0.11
2014-04-14 03:14:00,249686.0,0.2650982660749672,0,-0.11,-0.22,-0.11
2014-04-14 03:19:00,233765.0,0.2659659583408264,0,-0.11,-0.22,-0.11
2014-04-14 03:24:00,246757.0,0.2648277105054443,0,-0.11,-0.22,-0.11
2014-04-14 03:29:00,3228160.0,0.4632584153001649,0,-0.11,-0.22,-0.11
2014-04-14 03:34:00,248919.0,0.26516286671084,0,-0.11,-0.22,-0.11
2014-04-14 03:39:00,235369.0,0.26633937869299545,0,-0.11,-0.22,-0.11
2014-04-14 03:44:00,257814.0,0.2643968314400219,0,-0.11,-0.22,-0.11
2014-04-14 03:49:00,238726.0,0.26604720133778753,0,-0.11,-0.22,-0.11
2014-04-14 03:54:00,263029.0,0.2639457864395596,0,-0.11,-0.22,-0.11
2014-04-14 03:59:00,3236520.0,0.4609929876719732,0,-0.11,-0.22,-0.11
2014-04-14 04:04:00,248720.0,0.26570128162867224,0,-0.11,-0.22,-0.11
2014-04-14 04:09:00,3257700.0,0.4633666550976563,0,-0.11,-0.22,-0.11
2014-04-14 04:14:00,233011.0,0.2670520910027991,0,-0.11,-0.22,-0.11
2014-04-14 04:19:00,251556.0,0.26493419542330265,0,-0.11,-0.22,-0.11
2014-04-14 04:24:00,238617.0,0.2660497849235513,0,-0.11,-0.22,-0.11
2014-04-14 04:29:00,261755.0,0.2640578026726755,0,-0.11,-0.22,-0.11
2014-04-14 04:34:00,225593.0,0.2671883611995252,0,-0.11,-0.22,-0.11
2014-04-14 04:39:00,255809.0,0.2645718369106656,0,-0.11,-0.22,-0.11
2014-04-14 04:44:00,244315.0,0.2655642680828356,0,-0.11,-0.22,-0.11
2014-04-14 04:49:00,230856.0,0.26672350480274,0,-0.11,-0.22,-0.11
2014-04-14 04:54:00,259247.0,0.2639749568975336,0,-0.11,-0.22,-0.11
2014-04-14 04:59:00,3245960.0,0.4639478623906415,0,-0.11,-0.22,-0.11
2014-04-14 05:04:00,261744.0,0.26381891451711104,0,-0.11,-0.22,-0.11
2014-04-14 05:09:00,3237500.0,0.4629801193806434,0,-0.11,-0.22,-0.11
2014-04-14 05:14:00,248712.0,0.2649414555711643,0,-0.11,-0.22,-0.11
2014-04-14 05:19:00,250321.0,0.26428355976623424,0,-0.11,-0.22,-0.11
2014-04-14 05:24:00,255288.0,0.2638619919863808,0,-0.11,-0.22,-0.11
2014-04-14 05:29:00,246289.0,0.2646357551912096,0,-0.11,-0.22,-0.11
2014-04-14 05:34:00,254512.0,0.263926449334968,0,-0.11,-0.22,-0.11
2014-04-14 05:39:00,247413.0,0.26453333227324644,0,-0.11,-0.22,-0.11
2014-04-14 05:44:00,241317.0,0.2650636745886988,0,-0.11,-0.22,-0.11
2014-04-14 05:49:00,262489.0,0.2632255690007689,0,-0.11,-0.22,-0.11
2014-04-14 05:54:00,237921.0,0.2653541752357717,0,-0.11,-0.22,-0.11
2014-04-14 05:59:00,3246580.0,0.4640291561208609,0,-0.11,-0.22,-0.11
2014-04-14 06:04:00,256207.0,0.2642892981417179,0,-0.11,-0.22,-0.11
2014-04-14 06:09:00,3235850.0,0.4628222652060915,0,-0.11,-0.22,-0.11
2014-04-14 06:14:00,244128.0,0.2653224024971801,0,-0.11,-0.22,-0.11
2014-04-14 06:19:00,258393.0,0.26357176208804123,0,-0.11,-0.22,-0.11
2014-04-14 06:24:00,244173.0,0.2647985253408715,0,-0.11,-0.22,-0.11
2014-04-14 06:29:00,259180.0,0.2635012367070303,0,-0.11,-0.22,-0.11
2014-04-14 06:34:00,239867.0,0.2651741502628441,0,-0.11,-0.22,-0.11
2014-04-14 06:39:00,257970.0,0.2636043278417887,0,-0.11,-0.22,-0.11
2014-04-14 06:44:00,248844.0,0.2643932929851464,0,-0.11,-0.22,-0.11
2014-04-14 06:49:00,229546.0,0.2660653293159037,0,-0.11,-0.22,-0.11
2014-04-14 06:54:00,251849.0,0.2641244689364861,0,-0.11,-0.22,-0.11
2014-04-14 06:59:00,3238740.0,0.4633247750357721,0,-0.11,-0.22,-0.11
2014-04-14 07:04:00,264761.0,0.2635407034915295,0,-0.11,-0.22,-0.11
2014-04-14 07:09:00,3224250.0,0.4617627094712312,0,-0.11,-0.22,-0.11
2014-04-14 07:14:00,262425.0,0.26374794898828824,0,-0.11,-0.22,-0.11
2014-04-14 07:19:00,243641.0,0.2648500912965304,0,-0.11,-0.22,-0.11
2014-04-14 07:24:00,253186.0,0.26402129475264624,0,-0.11,-0.22,-0.11
2014-04-14 07:29:00,245125.0,0.2647222740749776,0,-0.11,-0.22,-0.11
2014-04-14 07:34:00,244341.0,0.2647871920929911,0,-0.11,-0.22,-0.11
2014-04-14 07:39:00,254256.0,0.26392900569231403,0,-0.11,-0.22,-0.11
2014-04-14 07:44:00,244250.0,0.26480005491695136,0,-0.11,-0.22,-0.11
2014-04-14 07:49:00,257829.0,0.26361857601397765,0,-0.11,-0.22,-0.11
2014-04-14 07:54:00,249961.0,0.2643015130932421,0,-0.11,-0.22,-0.11
2014-04-14 07:59:00,3255920.0,0.4653104057066009,0,-0.11,-0.22,-0.11
2014-04-14 08:04:00,256583.0,0.2642516227477398,0,-0.11,-0.22,-0.11
2014-04-14 08:09:00,3243410.0,0.463913163881471,0,-0.11,-0.22,-0.11
2014-04-14 08:14:00,242797.0,0.2654354914211633,0,-0.11,-0.22,-0.11
2014-04-14 08:19:00,266761.0,0.2628471445524524,0,-0.11,-0.22,-0.11
2014-04-14 08:24:00,240054.0,0.2651578126356497,0,-0.11,-0.22,-0.11
2014-04-14 08:29:00,247797.0,0.26448740971012946,0,-0.11,-0.22,-0.11
2014-04-14 08:34:00,243652.0,0.264845557128682,0,-0.11,-0.22,-0.11
2014-04-14 08:39:00,246122.0,0.26463175425655355,0,-0.11,-0.22,-0.11
2014-04-14 08:44:00,261319.0,0.26331622577642005,0,-0.11,-0.22,-0.11
2014-04-14 08:49:00,246188.0,0.2646280025244277,0,-0.11,-0.22,-0.11
2014-04-14 08:54:00,273897.0,0.2622378992460368,0,-0.11,-0.22,-0.11
2014-04-14 08:59:00,3226560.0,0.4620380243853038,0,-0.11,-0.22,-0.11
2014-04-14 09:04:00,267619.0,0.26331126248964165,0,-0.11,-0.22,-0.11
2014-04-14 09:09:00,3222390.0,0.4616061884441666,0,-0.11,-0.22,-0.11
2014-04-14 09:14:00,267290.0,0.263344539712045,0,-0.11,-0.22,-0.11
2014-04-14 09:19:00,246346.0,0.26463144577873315,0,-0.11,-0.22,-0.11
2014-04-14 09:24:00,258775.0,0.2635578447554386,0,-0.11,-0.22,-0.11
2014-04-14 09:29:00,247139.0,0.26456410232297706,0,-0.11,-0.22,-0.11
2014-04-14 09:34:00,239030.0,0.26527244575852904,0,-0.11,-0.22,-0.11
2014-04-14 09:39:00,264852.0,0.26303126864513793,0,-0.11,-0.22,-0.11
2014-04-14 09:44:00,245109.0,0.264747997623565,0,-0.11,-0.22,-0.11
2014-04-14 09:49:00,247650.0,0.2645264943033881,0,-0.11,-0.22,-0.11
2014-04-14 09:54:00,255217.0,0.2638687634579238,0,-0.11,-0.22,-0.11
2014-04-14 09:59:00,3256740.0,0.4654604181157012,0,-0.11,-0.22,-0.11
2014-04-14 10:04:00,252297.0,0.26464312704836257,0,-0.11,-0.22,-0.11
2014-04-14 10:09:00,3255140.0,0.4652477827768832,0,-0.11,-0.22,-0.11
2014-04-14 10:14:00,245207.0,0.26525310252174944,0,-0.11,-0.22,-0.11
2014-04-14 10:19:00,261411.0,0.2633342331840837,0,-0.11,-0.22,-0.11
2014-04-14 10:24:00,248442.0,0.2644568372472629,0,-0.11,-0.22,-0.11
2014-04-14 10:29:00,234227.0,0.2656964556262165,0,-0.11,-0.22,-0.11
2014-04-14 10:34:00,262916.0,0.2632061957950557,0,-0.11,-0.22,-0.11
2014-04-14 10:39:00,243965.0,0.26485148458766866,0,-0.11,-0.22,-0.11
2014-04-14 10:44:00,269786.0,0.2626209794747211,0,-0.11,-0.22,-0.11
2014-04-14 10:49:00,243424.0,0.2649049082217051,0,-0.11,-0.22,-0.11
2014-04-14 10:54:00,254331.0,0.2639619517607593,0,-0.11,-0.22,-0.11
2014-04-14 10:59:00,3225920.0,0.4619545062688538,0,-0.11,-0.22,-0.11
2014-04-14 11:04:00,274760.0,0.2627315720858145,0,-0.11,-0.22,-0.11
2014-04-14 11:09:00,3235040.0,0.4630195014857382,0,-0.11,-0.22,-0.11
2014-04-14 11:14:00,226882.0,0.2668606570852713,0,-0.11,-0.22,-0.11
2014-04-14 11:19:00,274551.0,0.2622219775250893,0,-0.11,-0.22,-0.11
2014-04-14 11:24:00,243678.0,0.2649013171346643,0,-0.11,-0.22,-0.11
2014-04-14 11:29:00,268744.0,0.2627293389197283,0,-0.11,-0.22,-0.11
2014-04-14 11:34:00,243537.0,0.2649139756807448,0,-0.11,-0.22,-0.11
2014-04-14 11:39:00,272854.0,0.2623814101992312,0,-0.11,-0.22,-0.11
2014-04-14 11:44:00,250481.0,0.2643192388731529,0,-0.11,-0.22,-0.11
2014-04-14 11:49:00,263026.0,0.2632357852515789,0,-0.11,-0.22,-0.11
2014-04-14 11:54:00,247761.0,0.2645611536976421,0,-0.11,-0.22,-0.11
2014-04-14 11:59:00,3241160.0,0.4637051158477659,0,-0.11,-0.22,-0.11
2014-04-14 12:04:00,247622.0,0.26508660189182137,0,-0.11,-0.22,-0.11
2014-04-14 12:09:00,3244430.0,0.4640511748212868,0,-0.11,-0.22,-0.11
2014-04-14 12:14:00,255419.0,0.2644131407687469,0,-0.11,-0.22,-0.11
2014-04-14 12:19:00,248049.0,0.2645306165659841,0,-0.11,-0.22,-0.11
2014-04-14 12:24:00,271746.0,0.26248182459730396,0,-0.11,-0.22,-0.11
2014-04-14 12:29:00,246256.0,0.2646939403729597,0,-0.11,-0.22,-0.11
2014-04-14 12:34:00,263923.0,0.26316753512678465,0,-0.11,-0.22,-0.11
2014-04-14 12:39:00,244058.0,0.2648873720833352,0,-0.11,-0.22,-0.11
2014-04-14 12:44:00,263818.0,0.26317873251090634,0,-0.11,-0.22,-0.11
2014-04-14 12:49:00,245562.0,0.26475917345175376,0,-0.11,-0.22,-0.11
2014-04-14 12:54:00,273713.0,0.2623274075572728,0,-0.11,-0.22,-0.11
2014-04-14 12:59:00,3223440.0,0.4616800305708085,0,-0.11,-0.22,-0.11
2014-04-14 13:04:00,257115.0,0.2642897341274527,0,-0.11,-0.22,-0.11
2014-04-14 13:09:00,3257980.0,0.4655313138331281,0,-0.11,-0.22,-0.11
2014-04-14 13:14:00,248855.0,0.2650054329701369,0,-0.11,-0.22,-0.11
2014-04-14 13:19:00,261345.0,0.2634069537256888,0,-0.11,-0.22,-0.11
2014-04-14 13:24:00,272407.0,0.2624565166331552,0,-0.11,-0.22,-0.11
2014-04-14 13:29:00,261660.0,0.2633992599209433,0,-0.11,-0.22,-0.11
2014-04-14 13:34:00,248905.0,0.26450008760804594,0,-0.11,-0.22,-0.11
2014-04-14 13:39:00,279150.0,0.26189372028070024,0,-0.11,-0.22,-0.11
2014-04-14 13:44:00,259640.0,0.2635857820428663,0,-0.11,-0.22,-0.11
2014-04-14 13:49:00,263080.0,0.2632901432766155,0,-0.11,-0.22,-0.11
2014-04-14 13:54:00,258559.0,0.2636862893556316,0,-0.11,-0.22,-0.11
2014-04-14 13:59:00,3250500.0,0.4646981226069555,0,-0.11,-0.22,-0.11
2014-04-14 14:04:00,247463.0,0.2651651499241328,0,-0.11,-0.22,-0.11
2014-04-14 14:09:00,3240320.0,0.4635141298413342,0,-0.11,-0.22,-0.11
2014-04-14 14:14:00,255462.0,0.2644632403347508,0,-0.11,-0.22,-0.11
2014-04-14 14:19:00,247251.0,0.26465372057727865,0,-0.11,-0.22,-0.11
2014-04-14 14:24:00,266930.0,0.2629513947590726,0,-0.11,-0.22,-0.11
2014-04-14 14:29:00,250313.0,0.26439589358983145,0,-0.11,-0.22,-0.11
2014-04-14 14:34:00,264478.0,0.26317631870989555,0,-0.11,-0.22,-0.11
2014-04-14 14:39:00,256915.0,0.2638308443617666,0,-0.11,-0.22,-0.11
2014-04-14 14:44:00,259946.0,0.2635751958744926,0,-0.11,-0.22,-0.11
2014-04-14 14:49:00,246235.0,0.264761566889917,0,-0.11,-0.22,-0.11
2014-04-14 14:54:00,267462.0,0.2629326450679316,0,-0.11,-0.22,-0.11
2014-04-14 14:59:00,3255620.0,0.4651678070081136,0,-0.11,-0.22,-0.11
2014-04-14 15:04:00,246734.0,0.2652444085303304,0,-0.11,-0.22,-0.11
2014-04-14 15:09:00,3257930.0,0.4654119023125053,0,-0.11,-0.22,-0.11
2014-04-14 15:14:00,243800.0,0.26549730183363673,0,-0.11,-0.22,-0.11
2014-04-14 15:19:00,259471.0,0.2636241556955317,0,-0.11,-0.22,-0.11
2014-04-14 15:24:00,238407.0,0.265447731170641,0,-0.11,-0.22,-0.11
2014-04-14 15:29:00,257799.0,0.26376900619926585,0,-0.11,-0.22,-0.11
2014-04-14 15:34:00,245794.0,0.2648090227715377,0,-0.11,-0.22,-0.11
2014-04-14 15:39:00,276265.0,0.2621807562534725,0,-0.11,-0.22,-0.11
2014-04-14 15:44:00,237681.0,0.2655238887040705,0,-0.11,-0.22,-0.11
2014-04-14 15:49:00,256126.0,0.2639255245807579,0,-0.11,-0.22,-0.11
2014-04-14 15:54:00,242674.0,0.2650894101788762,0,-0.11,-0.22,-0.11
2014-04-14 15:59:00,3230490.0,0.46231165768715204,0,-0.11,-0.22,-0.11
2014-04-14 16:04:00,263568.0,0.2637994453145538,0,-0.11,-0.22,-0.11
2014-04-14 16:09:00,3257080.0,0.4652784133427135,0,-0.11,-0.22,-0.11
2014-04-14 16:14:00,268001.0,0.2634234249696508,0,-0.11,-0.22,-0.11
2014-04-14 16:19:00,243584.0,0.2650114192544316,0,-0.11,-0.22,-0.11
2014-04-14 16:24:00,271558.0,0.2625989558431137,0,-0.11,-0.22,-0.11
2014-04-14 16:29:00,282275.0,0.2616814966867199,0,-0.11,-0.22,-0.11
2014-04-14 16:34:00,261742.0,0.2634622289726326,0,-0.11,-0.22,-0.11
2014-04-14 16:39:00,255371.0,0.2640135344324956,0,-0.11,-0.22,-0.11
2014-04-14 16:44:00,252028.0,0.2643074521369813,0,-0.11,-0.22,-0.11
2014-04-14 16:49:00,253957.0,0.26414099552420783,0,-0.11,-0.22,-0.11
2014-04-14 16:54:00,254325.0,0.2641133410651963,0,-0.11,-0.22,-0.11
2014-04-14 16:59:00,3260040.0,0.4655845774269798,0,-0.11,-0.22,-0.11
2014-04-14 17:04:00,264973.0,0.2637157378311612,0,-0.11,-0.22,-0.11
2014-04-14 17:09:00,3262910.0,0.4658393073321679,0,-0.11,-0.22,-0.11
2014-04-14 17:14:00,258360.0,0.2642803250033586,0,-0.11,-0.22,-0.11
2014-04-14 17:19:00,274360.0,0.2623802040933111,0,-0.11,-0.22,-0.11
2014-04-14 17:24:00,264174.0,0.2632637268192552,0,-0.11,-0.22,-0.11
2014-04-14 17:29:00,269493.0,0.2628086051543961,0,-0.11,-0.22,-0.11
2014-04-14 17:34:00,273387.0,0.26247243690228383,0,-0.11,-0.22,-0.11
2014-04-14 17:39:00,303109.0,0.2599303566022099,0,-0.11,-0.22,-0.11
2014-04-14 17:44:00,262509.0,0.2634314581299265,0,-0.11,-0.22,-0.11
2014-04-14 17:49:00,249190.0,0.2645886125365476,0,-0.11,-0.22,-0.11
2014-04-14 17:54:00,284020.0,0.2615802321571055,0,-0.11,-0.22,-0.11
2014-04-14 17:59:00,3239670.0,0.4632216969903971,0,-0.11,-0.22,-0.11
2014-04-14 18:04:00,285151.0,0.2620405890680751,0,-0.11,-0.22,-0.11
2014-04-14 18:09:00,3239010.0,0.46317547946184395,0,-0.11,-0.22,-0.11
2014-04-14 18:14:00,257909.0,0.2643878400993678,0,-0.11,-0.22,-0.11
2014-04-14 18:19:00,245175.0,0.2649698897700213,0,-0.11,-0.22,-0.11
2014-04-14 18:24:00,268181.0,0.2629772798162742,0,-0.11,-0.22,-0.11
2014-04-14 18:29:00,253455.0,0.26425491812305874,0,-0.11,-0.22,-0.11
2014-04-14 18:34:00,244791.0,0.265006819026405,0,-0.11,-0.22,-0.11
2014-04-14 18:39:00,270364.0,0.26279063536076386,0,-0.11,-0.22,-0.11
2014-04-14 18:44:00,253782.0,0.2642321290091597,0,-0.11,-0.22,-0.11
2014-04-14 18:49:00,260633.0,0.2636337319254963,0,-0.11,-0.22,-0.11
2014-04-14 18:54:00,264177.0,0.263330887821489,0,-0.11,-0.22,-0.11
2014-04-14 18:59:00,3257290.0,0.465248669903214,0,-0.11,-0.22,-0.11
2014-04-14 19:04:00,251639.0,0.2649407639797635,0,-0.11,-0.22,-0.11
2014-04-14 19:09:00,3268590.0,0.4664469715365164,0,-0.11,-0.22,-0.11
2014-04-14 19:14:00,243895.0,0.265605548038254,0,-0.11,-0.22,-0.11
2014-04-14 19:19:00,247579.0,0.2647691894735865,0,-0.11,-0.22,-0.11
2014-04-14 19:24:00,247561.0,0.2647664152432862,0,-0.11,-0.22,-0.11
2014-04-14 19:29:00,245308.0,0.2649643679208897,0,-0.11,-0.22,-0.11
2014-04-14 19:34:00,267430.0,0.26304607431942995,0,-0.11,-0.22,-0.11
2014-04-14 19:39:00,300265.0,0.260229192516671,0,-0.11,-0.22,-0.11
2014-04-14 19:44:00,237502.0,0.2656589282908858,0,-0.11,-0.22,-0.11
2014-04-14 19:49:00,248129.0,0.26473128522857153,0,-0.11,-0.22,-0.11
2014-04-14 19:54:00,268456.0,0.2629745237675272,0,-0.11,-0.22,-0.11
2014-04-14 19:59:00,3234590.0,0.4626540333374232,0,-0.11,-0.22,-0.11
2014-04-14 20:04:00,263633.0,0.26392447924545304,0,-0.11,-0.22,-0.11
2014-04-14 20:09:00,3254340.0,0.4648892591262293,0,-0.11,-0.22,-0.11
2014-04-14 20:14:00,259956.0,0.2642437096069058,0,-0.11,-0.22,-0.11
2014-04-14 20:19:00,241698.0,0.26530389995413994,0,-0.11,-0.22,-0.11
2014-04-14 20:24:00,248046.0,0.264756613088636,0,-0.11,-0.22,-0.11
2014-04-14 20:29:00,248998.0,0.2646715280715893,0,-0.11,-0.22,-0.11
2014-04-14 20:34:00,238273.0,0.2655987757388313,0,-0.11,-0.22,-0.11
2014-04-14 20:39:00,274783.0,0.2624384681138048,0,-0.11,-0.22,-0.11
2014-04-14 20:44:00,240688.0,0.26539631541303804,0,-0.11,-0.22,-0.11
2014-04-14 20:49:00,255276.0,0.2641303150226461,0,-0.11,-0.22,-0.11
2014-04-14 20:54:00,257031.0,0.26398120562727345,0,-0.11,-0.22,-0.11
2014-04-14 20:59:00,3255360.0,0.4649838129469918,0,-0.11,-0.22,-0.11
2014-04-14 21:04:00,249859.0,0.2651179377715233,0,-0.11,-0.22,-0.11
2014-04-14 21:09:00,3249660.0,0.4643047000852794,0,-0.11,-0.22,-0.11
2014-04-14 21:14:00,248563.0,0.2652240443920899,0,-0.11,-0.22,-0.11
2014-04-14 21:19:00,234449.0,0.26592984873652425,0,-0.11,-0.22,-0.11
2014-04-14 21:24:00,250409.0,0.26453981442550856,0,-0.11,-0.22,-0.11
2014-04-14 21:29:00,222676.0,0.2669497492136467,0,-0.11,-0.22,-0.11
2014-04-14 21:34:00,228328.0,0.2664478194948616,0,-0.11,-0.22,-0.11
2014-04-14 21:39:00,234785.0,0.2658806780102556,0,-0.11,-0.22,-0.11
2014-04-14 21:44:00,237276.0,0.26566674866511386,0,-0.11,-0.22,-0.11
2014-04-14 21:49:00,222864.0,0.2669133503193454,0,-0.11,-0.22,-0.11
2014-04-14 21:54:00,261360.0,0.2635698467565348,0,-0.11,-0.22,-0.11
2014-04-14 21:59:00,3216950.0,0.4606444053330202,0,-0.11,-0.22,-0.11
2014-04-14 22:04:00,254451.0,0.26468856612579805,0,-0.11,-0.22,-0.11
2014-04-14 22:09:00,3221190.0,0.4611559951001499,0,-0.11,-0.22,-0.11
2014-04-14 22:14:00,218554.0,0.2672858749942533,0,-0.11,-0.22,-0.11
2014-04-14 22:19:00,241390.0,0.2652915742460524,0,-0.11,-0.22,-0.11
2014-04-14 22:24:00,239855.0,0.2654279103445827,0,-0.11,-0.22,-0.11
2014-04-14 22:29:00,225635.0,0.26665815781969165,0,-0.11,-0.22,-0.11
2014-04-14 22:34:00,242242.0,0.265208057050437,0,-0.11,-0.22,-0.11
2014-04-14 22:39:00,238559.0,0.2655233368291481,0,-0.11,-0.22,-0.11
2014-04-14 22:44:00,227698.0,0.2664597866498365,0,-0.11,-0.22,-0.11
2014-04-14 22:49:00,241768.0,0.2652301209274421,0,-0.11,-0.22,-0.11
2014-04-14 22:54:00,236803.0,0.2656570723924318,0,-0.11,-0.22,-0.11
2014-04-14 22:59:00,3227870.0,0.4619666124705151,0,-0.11,-0.22,-0.11
2014-04-14 23:04:00,231687.0,0.2660940539473795,0,-0.11,-0.22,-0.11
2014-04-14 23:09:00,3218590.0,0.4609537152626719,0,-0.11,-0.22,-0.11
2014-04-14 23:14:00,235358.0,0.26577123900860905,0,-0.11,-0.22,-0.11
2014-04-14 23:19:00,230174.0,0.2662149816614237,0,-0.11,-0.22,-0.11
2014-04-14 23:24:00,245502.0,0.26487947453762073,0,-0.11,-0.22,-0.11
2014-04-14 23:29:00,228695.0,0.2663370140403068,0,-0.11,-0.22,-0.11
2014-04-14 23:34:00,246371.0,0.2647965884782119,0,-0.11,-0.22,-0.11
2014-04-14 23:39:00,220510.0,0.26704711888929633,0,-0.11,-0.22,-0.11
2014-04-14 23:44:00,247599.0,0.2646823268582041,0,-0.11,-0.22,-0.11
2014-04-14 23:49:00,216184.0,0.267412760234347,0,-0.11,-0.22,-0.11
2014-04-14 23:54:00,264045.0,0.2632479490528604,0,-0.11,-0.22,-0.11
2014-04-14 23:59:00,3220950.0,0.4612571521602253,1,1.0,1.0,1.0
2014-04-15 00:04:00,235197.0,0.2657542079974465,1,0.9998317702127428,0.9998317702127428,0.9998317702127427
2014-04-15 00:09:00,3251430.0,0.4648470400003225,1,0.999661468842308,0.9996614688423079,0.999661468842308
2014-04-15 00:14:00,233712.0,0.26587611470364464,1,0.9994890707385984,0.9994890707385984,0.9994890707385985
2014-04-15 00:19:00,239937.0,0.2653309129979566,1,0.9993145504551452,0.9993145504551452,0.9993145504551451
2014-04-15 00:24:00,234934.0,0.26576703861166195,1,0.9991378822458415,0.9991378822458415,0.9991378822458417
2014-04-15 00:29:00,250453.0,0.2644081876770236,1,0.9989590400616454,0.9989590400616454,0.9989590400616454
2014-04-15 00:34:00,223365.0,0.2667634855681361,1,0.9987779975472472,0.9987779975472472,0.998777997547247
2014-04-15 00:39:00,251789.0,0.2642851132306676,1,0.9985947280377141,0.998594728037714,0.9985947280377139
2014-04-15 00:44:00,224792.0,0.2666278760148208,1,0.9984092045550972,0.9984092045550972,0.9984092045550972
2014-04-15 00:49:00,244355.0,0.2649194564506229,1,0.9982213998050132,0.9982213998050132,0.9982213998050131
2014-04-15 00:54:00,231851.0,0.26600813858780115,1,0.9980312861731886,0.9980312861731886,0.9980312861731886
2014-04-15 00:59:00,3236930.0,0.4632586223513633,1,0.9978388357219816,0.9978388357219816,0.9978388357219815
2014-04-15 01:04:00,249971.0,0.2644222491027265,1,0.9976440201868636,0.9976440201868636,0.9976440201868635
2014-04-15 01:09:00,3210910.0,0.4603813997645861,1,0.9974468109728764,0.9974468109728764,0.9974468109728765
2014-04-15 01:14:00,244898.0,0.2648609563263272,1,0.997247179151056,0.997247179151056,0.9972471791510559
2014-04-15 01:19:00,214081.0,0.2675403426693301,1,0.9970450954548202,0.9970450954548202,0.9970450954548202
2014-04-15 01:24:00,247575.0,0.2646142828089193,1,0.9968405302763352,0.9968405302763352,0.9968405302763353
2014-04-15 01:29:00,225824.0,0.2665022270065394,1,0.9966334536628396,0.9966334536628396,0.9966334536628395
2014-04-15 01:34:00,236859.0,0.2655314504143545,1,0.9964238353129424,0.9964238353129424,0.9964238353129425
2014-04-15 01:39:00,239795.0,0.2652772805405522,1,0.9962116445728904,0.9962116445728904,0.9962116445728904
2014-04-15 01:44:00,235576.0,0.26563866018051124,1,0.9959968504327992,0.9959968504327992,0.9959968504327991
2014-04-15 01:49:00,232808.0,0.2658769915783274,1,0.995779421522856,0.9957794215228559,0.995779421522856
2014-04-15 01:54:00,253999.0,0.2640333047808048,1,0.9955593261094912,0.9955593261094912,0.9955593261094912
2014-04-15 01:59:00,3214860.0,0.4608870986357938,1,0.995336532091512,0.9953365320915121,0.995336532091512
2014-04-15 02:04:00,240742.0,0.26518354729966626,1,0.9951110069962132,0.9951110069962132,0.9951110069962132
2014-04-15 02:09:00,3226340.0,0.4622313741841443,1,0.9948827179754498,0.9948827179754498,0.9948827179754498
2014-04-15 02:14:00,247431.0,0.26459593924772984,1,0.9946516318016758,0.994651631801676,0.9946516318016759
2014-04-15 02:19:00,236062.0,0.2655801356469141,1,0.9944177148639596,0.9944177148639596,0.9944177148639596
2014-04-15 02:24:00,233359.0,0.26581323471281143,1,0.9941809331639596,0.9941809331639596,0.9941809331639597
2014-04-15 02:29:00,245841.0,0.2647226015302919,1,0.9939412523118706,0.9939412523118706,0.9939412523118706
2014-04-15 02:34:00,236469.0,0.26553724765232684,1,0.9936986375223368,0.9936986375223368,0.9936986375223369
2014-04-15 02:39:00,245136.0,0.2647767027703291,1,0.9934530536103384,0.9934530536103384,0.9934530536103384
2014-04-15 02:44:00,224314.0,0.2665855447683512,1,0.9932044649870388,0.9932044649870388,0.9932044649870388
2014-04-15 02:49:00,234005.0,0.2657331430650364,1,0.9929528356556034,0.9929528356556034,0.9929528356556034
2014-04-15 02:54:00,241651.0,0.2650671599715941,1,0.9926981292069896,0.9926981292069896,0.9926981292069895
2014-04-15 02:59:00,3203080.0,0.45969349085313,1,0.9924403088157,0.9924403088157,0.9924403088157
2014-04-15 03:04:00,261562.0,0.26333990025104514,1,0.9921793372355084,0.9921793372355084,0.9921793372355083
2014-04-15 03:09:00,3211830.0,0.4607342857702826,1,0.991915176795149,0.991915176795149,0.991915176795149
2014-04-15 03:14:00,251200.0,0.2642316704812169,1,0.991647789393982,0.991647789393982,0.9916477893939821
2014-04-15 03:19:00,216012.0,0.2672924675497247,1,0.9913771364976216,0.9913771364976216,0.9913771364976217
2014-04-15 03:24:00,255496.0,0.2638485850667475,1,0.9911031791335352,0.9911031791335352,0.9911031791335352
2014-04-15 03:29:00,220503.0,0.2668910779416994,1,0.9908258778866108,0.9908258778866108,0.9908258778866108
2014-04-15 03:34:00,3232120.0,0.463002782098261,1,0.990545192894696,0.990545192894696,0.9905451928946961
2014-04-15 03:39:00,233264.0,0.2662801881115269,1,0.9902610838441048,0.9902610838441048,0.9902610838441049
2014-04-15 03:44:00,227083.0,0.26680259763292097,1,0.989973509965093,0.989973509965093,0.989973509965093
2014-04-15 03:49:00,229243.0,0.2666160873127144,1,0.9896824300273044,0.9896824300273044,0.9896824300273043
2014-04-15 03:54:00,251812.0,0.2646604047571289,1,0.9893878023351892,0.9893878023351891,0.989387802335189
2014-04-15 03:59:00,3223190.0,0.4588436819491042,1,0.9890895847233878,0.9890895847233878,0.9890895847233878
2014-04-15 04:04:00,218885.0,0.2675058480944695,1,0.9887877345520926,0.9887877345520926,0.9887877345520926
2014-04-15 04:09:00,3255620.0,0.4624146994564118,1,0.988482208702371,0.988482208702371,0.988482208702371
2014-04-15 04:14:00,222463.0,0.26717759649245937,1,0.988172963571468,0.988172963571468,0.9881729635714679
2014-04-15 04:19:00,225656.0,0.2668918411014108,1,0.9878599550680758,0.9878599550680758,0.9878599550680758
2014-04-15 04:24:00,240323.0,0.2656229429559227,1,0.9875431386075764,0.9875431386075764,0.9875431386075765
2014-04-15 04:29:00,228010.0,0.2666832580711966,1,0.9872224691072572,0.9872224691072572,0.9872224691072573
2014-04-15 04:34:00,223507.0,0.26656023005315543,1,0.9868979009814955,0.9868979009814955,0.9868979009814957
2014-04-15 04:39:00,236186.0,0.26544917937820595,1,0.9865693881369224,0.9865693881369224,0.9865693881369223
2014-04-15 04:44:00,227903.0,0.2661690909153683,1,0.9862368839675504,0.9862368839675504,0.9862368839675504
2014-04-15 04:49:00,225596.0,0.2663591867611368,1,0.9859003413498868,0.9859003413498868,0.9859003413498869
2014-04-15 04:54:00,247329.0,0.2644683014554564,1,0.9855597126380096,0.9855597126380096,0.9855597126380095
2014-04-15 04:59:00,3218660.0,0.4614722348788205,1,0.9852149496586248,0.9852149496586248,0.9852149496586247
2014-04-15 05:04:00,236447.0,0.2654063138289036,1,0.984866003706097,0.984866003706097,0.984866003706097
2014-04-15 05:09:00,3235170.0,0.4633376947981205,1,0.9845128255374564,0.9845128255374564,0.9845128255374563
2014-04-15 05:14:00,237366.0,0.26532242073024376,1,0.9841553653673794,0.9841553653673794,0.9841553653673794
2014-04-15 05:19:00,219340.0,0.26689143595357784,1,0.9837935728631486,0.9837935728631486,0.9837935728631486
2014-04-15 05:24:00,250664.0,0.2641601339836621,1,0.9834273971395892,0.9834273971395892,0.9834273971395893
2014-04-15 05:29:00,229741.0,0.2659791459402792,1,0.9830567867539836,0.9830567867539836,0.9830567867539836
2014-04-15 05:34:00,243908.0,0.2647382849932283,1,0.9826816897009616,0.9826816897009616,0.9826816897009616
2014-04-15 05:39:00,259016.0,0.26343738981896964,1,0.9823020534073744,0.9823020534073744,0.9823020534073745
2014-04-15 05:44:00,230379.0,0.26592002022449984,1,0.9819178247271474,0.9819178247271474,0.9819178247271474
2014-04-15 05:49:00,256210.0,0.2636761448070005,1,0.9815289499361082,0.9815289499361082,0.9815289499361082
2014-04-15 05:54:00,250069.0,0.26421615854926783,1,0.9811353747268036,0.9811353747268036,0.9811353747268037
2014-04-15 05:59:00,3257030.0,0.4658076128809818,1,0.9807370442032946,0.9807370442032946,0.9807370442032946
2014-04-15 06:04:00,246250.0,0.2645436365433074,1,0.9803339028759328,0.9803339028759328,0.9803339028759328
2014-04-15 06:09:00,3253220.0,0.4653612845945802,1,0.979925894656126,0.9799258946561259,0.979925894656126
2014-04-15 06:14:00,235777.0,0.2654462621737228,1,0.9795129628510812,0.9795129628510812,0.9795129628510811
2014-04-15 06:19:00,257152.0,0.2635906010893603,1,0.9790950501585396,0.9790950501585396,0.9790950501585395
2014-04-15 06:24:00,249449.0,0.2642591117094692,1,0.978672098661494,0.978672098661494,0.9786720986614939
2014-04-15 06:29:00,237801.0,0.2652664302430063,1,0.978244049822894,0.978244049822894,0.9782440498228941
2014-04-15 06:34:00,253695.0,0.2638868152578807,1,0.9778108444803432,0.9778108444803432,0.9778108444803433
2014-04-15 06:39:00,249800.0,0.2642234683094091,1,0.9773724228407786,0.9773724228407786,0.9773724228407786
2014-04-15 06:44:00,253992.0,0.2638616794352056,1,0.9769287244751482,0.9769287244751482,0.9769287244751482
2014-04-15 06:49:00,254691.0,0.2638056393392137,1,0.9764796883130747,0.9764796883130747,0.9764796883130749
2014-04-15 06:54:00,258820.0,0.2634461379657422,1,0.9760252526375164,0.9760252526375164,0.9760252526375164
2014-04-15 06:59:00,3242550.0,0.4641453282324922,1,0.9755653550794146,0.9755653550794146,0.9755653550794146
2014-04-15 07:04:00,266086.0,0.26282616150671845,1,0.975099932612347,0.975099932612347,0.975099932612347
2014-04-15 07:09:00,3264450.0,0.4665796720961934,1,0.9746289215471664,0.9746289215471664,0.9746289215471664
2014-04-15 07:14:00,247971.0,0.2643949619113499,1,0.974152257526645,0.974152257526645,0.974152257526645
2014-04-15 07:19:00,237969.0,0.2652630526700316,1,0.9736698755201127,0.9736698755201127,0.9736698755201127
2014-04-15 07:24:00,254537.0,0.26382121156841204,1,0.9731817098181004,0.9731817098181004,0.9731817098181004
2014-04-15 07:29:00,245697.0,0.26458969516732195,1,0.9726876940269782,0.9726876940269782,0.9726876940269782
2014-04-15 07:34:00,230611.0,0.2658935780356484,1,0.9721877610636062,0.9721877610636062,0.9721877610636062
2014-04-15 07:39:00,260080.0,0.2633380467566369,1,0.9716818431499804,0.9716818431499804,0.9716818431499803
2014-04-15 07:44:00,237044.0,0.26533255238480685,1,0.9711698718078928,0.9711698718078928,0.9711698718078927
2014-04-15 07:49:00,257262.0,0.2635780647308218,1,0.9706517778535932,0.9706517778535932,0.9706517778535932
2014-04-15 07:54:00,250782.0,0.2641478967603063,1,0.9701274913924663,0.9701274913924663,0.9701274913924663
2014-04-15 07:59:00,3245600.0,0.464429265161958,1,0.969596941813716,0.969596941813716,0.9695969418137161
2014-04-15 08:04:00,256761.0,0.2636306174570629,1,0.9690600577850632,0.9690600577850632,0.9690600577850631
2014-04-15 08:09:00,3245140.0,0.4643634712360456,1,0.9685167672474599,0.96851676724746,0.9685167672474599
2014-04-15 08:14:00,231670.0,0.265801222821014,1,0.9679669974098206,0.9679669974098206,0.9679669974098206
2014-04-15 08:19:00,244303.0,0.26469486706156753,1,0.967410674743768,0.967410674743768,0.9674106747437681
2014-04-15 08:24:00,259986.0,0.2633390597456724,1,0.9668477249784062,0.9668477249784062,0.9668477249784062
2014-04-15 08:29:00,243869.0,0.2647350507055848,1,0.9662780730951086,0.9662780730951086,0.9662780730951086
2014-04-15 08:34:00,251173.0,0.26410244774722297,1,0.9657016433223377,0.9657016433223377,0.9657016433223375
2014-04-15 08:39:00,237841.0,0.2652594567280246,1,0.9651183591304856,0.9651183591304856,0.9651183591304856
2014-04-15 08:44:00,244516.0,0.2646752328791354,1,0.9645281432267488,0.9645281432267488,0.9645281432267487
2014-04-15 08:49:00,244581.0,0.2646696964938625,1,0.9639309175500292,0.9639309175500292,0.9639309175500291
2014-04-15 08:54:00,251645.0,0.2640537996962912,1,0.9633266032658732,0.9633266032658732,0.9633266032658733
2014-04-15 08:59:00,3241260.0,0.4638886106186931,1,0.9627151207614422,0.9627151207614422,0.9627151207614422
2014-04-15 09:04:00,257323.0,0.2635636334026463,1,0.9620963896405248,0.9620963896405248,0.9620963896405249
2014-04-15 09:09:00,3243950.0,0.4642182520805409,1,0.9614703287185898,0.9614703287185898,0.9614703287185898
2014-04-15 09:14:00,239605.0,0.2650971635823469,1,0.960836856017878,0.9608368560178779,0.960836856017878
2014-04-15 09:19:00,258925.0,0.2634244330594813,1,0.9601958887625474,0.9601958887625474,0.9601958887625474
2014-04-15 09:24:00,240659.0,0.2650019546087943,1,0.9595473433738578,0.9595473433738578,0.959547343373858
2014-04-15 09:29:00,257206.0,0.2635704022077641,1,0.9588911354654178,0.9588911354654178,0.9588911354654178
2014-04-15 09:34:00,229128.0,0.266006146497334,1,0.9582271798384736,0.9582271798384736,0.9582271798384737
2014-04-15 09:39:00,261259.0,0.2632186764376452,1,0.957555390477266,0.957555390477266,0.957555390477266
2014-04-15 09:44:00,234781.0,0.26551544284788986,1,0.9568756805444404,0.9568756805444404,0.9568756805444405
2014-04-15 09:49:00,251701.0,0.2640404166824785,1,0.9561879623765218,0.9561879623765218,0.9561879623765218
2014-04-15 09:54:00,250134.0,0.2641778573297541,1,0.955492147479458,0.955492147479458,0.955492147479458
2014-04-15 09:59:00,3242060.0,0.4640079488902085,1,0.9547881465242266,0.9547881465242266,0.9547881465242266
2014-04-15 10:04:00,235443.0,0.26544224899663804,1,0.9540758693425222,0.9540758693425222,0.9540758693425222
2014-04-15 10:09:00,3237150.0,0.4634311510072929,1,0.9533552249225128,0.9533552249225128,0.9533552249225128
2014-04-15 10:14:00,245869.0,0.264527524159208,1,0.9526261214046784,0.9526261214046784,0.9526261214046785
2014-04-15 10:19:00,232018.0,0.26572062066826513,1,0.9518884660777324,0.9518884660777324,0.9518884660777324
2014-04-15 10:24:00,260369.0,0.26326208002481544,1,0.9511421653746288,0.9511421653746288,0.9511421653746287
2014-04-15 10:29:00,238247.0,0.26517582956870955,1,0.9503871248686574,0.9503871248686574,0.9503871248686574
2014-04-15 10:34:00,262111.0,0.2631092786851232,1,0.9496232492696376,0.9496232492696376,0.9496232492696376
2014-04-15 10:39:00,244078.0,0.26467560805432544,1,0.948850442420204,0.9488504424202041,0.948850442420204
2014-04-15 10:44:00,250967.0,0.264072385433951,1,0.948068607292196,0.9480686072921959,0.948068607292196
2014-04-15 10:49:00,246971.0,0.264420032481738,1,0.947277645983152,0.9472776459831519,0.947277645983152
2014-04-15 10:54:00,269480.0,0.26247677560418475,1,0.9464774597129142,0.9464774597129142,0.9464774597129142
2014-04-15 10:59:00,3228030.0,0.462390468295721,1,0.9456679488203448,0.9456679488203448,0.9456679488203447
2014-04-15 11:04:00,250288.0,0.2641377910362653,1,0.94484901276016,0.94484901276016,0.9448490127601601
2014-04-15 11:09:00,3253750.0,0.4652986274156959,1,0.9440205500998884,0.9440205500998884,0.9440205500998883
2014-04-15 11:14:00,207558.0,0.26784915388658515,1,0.9431824585169496,0.9431824585169496,0.9431824585169496
2014-04-15 11:19:00,260545.0,0.2632378815575903,1,0.9423346347958728,0.9423346347958728,0.9423346347958729
2014-04-15 11:24:00,239173.0,0.2650859566468675,1,0.9414769748256412,0.9414769748256412,0.9414769748256412
2014-04-15 11:29:00,259812.0,0.2632976358396508,1,0.9406093735971816,0.9406093735971816,0.9406093735971817
2014-04-15 11:34:00,234880.0,0.265463948080002,1,0.9397317252009983,0.9397317252009983,0.9397317252009985
2014-04-15 11:39:00,263448.0,0.26298311858804,1,0.9388439228249559,0.938843922824956,0.9388439228249561
2014-04-15 11:44:00,232604.0,0.2656584539415209,1,0.9379458587522146,0.9379458587522146,0.9379458587522146
2014-04-15 11:49:00,247461.0,0.26435795548028684,1,0.9370374243593266,0.9370374243593266,0.9370374243593266
2014-04-15 11:54:00,255057.0,0.2637026433719289,1,0.9361185101144992,0.9361185101144992,0.9361185101144991
2014-04-15 11:59:00,3208770.0,0.4603255885320393,1,0.9351890055760226,0.9351890055760226,0.9351890055760226
2014-04-15 12:04:00,256915.0,0.26354228966438764,1,0.9342487993908768,0.9342487993908768,0.9342487993908769
2014-04-15 12:09:00,3250300.0,0.4649563692593898,1,0.9332977792935178,0.9332977792935178,0.9332977792935178
2014-04-15 12:14:00,251994.0,0.2639613779876089,1,0.9323358321048484,0.9323358321048484,0.9323358321048483
2014-04-15 12:19:00,235029.0,0.26543925639601845,1,0.93136284373138,0.93136284373138,0.9313628437313799
2014-04-15 12:24:00,262173.0,0.2630775323623305,1,0.9303786991645968,0.9303786991645968,0.9303786991645967
2014-04-15 12:29:00,240048.0,0.26499675707135445,1,0.9293832824805146,0.9293832824805146,0.9293832824805146
2014-04-15 12:34:00,261482.0,0.2631336295781612,1,0.9283764768394552,0.9283764768394552,0.9283764768394552
2014-04-15 12:39:00,237357.0,0.265226273399914,1,0.9273581644860318,0.9273581644860318,0.9273581644860318
2014-04-15 12:44:00,256120.0,0.2635903829472155,1,0.9263282267493566,0.9263282267493566,0.9263282267493566
2014-04-15 12:49:00,225655.0,0.2662316545693074,1,0.9252865440434748,0.9252865440434748,0.9252865440434747
2014-04-15 12:54:00,263619.0,0.2629323529835489,1,0.9242329958680306,0.9242329958680306,0.9242329958680306
2014-04-15 12:59:00,3223480.0,0.4619563989706375,1,0.9231674608091764,0.9231674608091764,0.9231674608091764
2014-04-15 13:04:00,258380.0,0.2633896255218099,1,0.9220898165407244,0.9220898165407244,0.9220898165407243
2014-04-15 13:09:00,3242140.0,0.4640586390298818,1,0.9209999398255494,0.9209999398255494,0.9209999398255494
2014-04-15 13:14:00,241999.0,0.2648098734004961,1,0.9198977065172566,0.9198977065172566,0.9198977065172566
2014-04-15 13:19:00,245445.0,0.2645068078586469,1,0.918782991562108,0.918782991562108,0.9187829915621081
2014-04-15 13:24:00,240774.0,0.26491041331991555,1,0.9176556690012292,0.9176556690012292,0.9176556690012292
2014-04-15 13:29:00,264668.0,0.2628347135780936,1,0.9165156119730874,0.9165156119730874,0.9165156119730874
2014-04-15 13:34:00,225559.0,0.2662263809672176,1,0.9153626927162618,0.9153626927162618,0.9153626927162618
2014-04-15 13:39:00,261426.0,0.2631073716899689,1,0.914196782572506,0.9141967825725059,0.914196782572506
2014-04-15 13:44:00,244461.0,0.2645793950355824,1,0.9130177519901118,0.9130177519901118,0.9130177519901118
2014-04-15 13:49:00,248637.0,0.2642113309326299,1,0.9118254705275785,0.9118254705275785,0.9118254705275783
2014-04-15 13:54:00,260399.0,0.2631963477877165,1,0.9106198068576012,0.9106198068576012,0.9106198068576012
2014-04-15 13:59:00,3237190.0,0.4635161474484291,1,0.9094006287713798,0.9094006287713798,0.9094006287713798
2014-04-15 14:04:00,270192.0,0.2623479555833409,1,0.9081678031832602,0.9081678031832602,0.9081678031832602
2014-04-15 14:09:00,3245020.0,0.4643525644337421,1,0.9069211961357104,0.9069211961357104,0.9069211961357103
2014-04-15 14:14:00,255534.0,0.2636162615519536,1,0.9056606728046468,0.9056606728046468,0.9056606728046467
2014-04-15 14:19:00,247868.0,0.2642811885287211,1,0.90438609750511,0.90438609750511,0.9043860975051101
2014-04-15 14:24:00,256933.0,0.2634931116909979,1,0.9030973336973062,0.9030973336973062,0.9030973336973062
2014-04-15 14:29:00,245945.0,0.2644375476198414,1,0.9017942439930136,0.9017942439930136,0.9017942439930137
2014-04-15 14:34:00,285494.0,0.2610240405948677,1,0.9004766901623691,0.9004766901623691,0.9004766901623691
2014-04-15 14:39:00,220921.0,0.2666159591490865,1,0.8991445331410407,0.8991445331410407,0.8991445331410407
2014-04-15 14:44:00,256594.0,0.2635040959740435,1,0.897797633037792,0.897797633037792,0.897797633037792
2014-04-15 14:49:00,247813.0,0.2642618479854174,1,0.8964358491424502,0.8964358491424502,0.8964358491424502
2014-04-15 14:54:00,254931.0,0.2636413783788619,1,0.8950590399342826,0.8950590399342826,0.8950590399342826
2014-04-15 14:59:00,3244330.0,0.4643044699787233,1,0.8936670630907944,0.8936670630907944,0.8936670630907944
2014-04-15 15:04:00,241625.0,0.2647908779181648,1,0.8922597754969506,0.8922597754969506,0.8922597754969506
2014-04-15 15:09:00,3256200.0,0.4656315618004507,1,0.8908370332548355,0.8908370332548355,0.8908370332548355
2014-04-15 15:14:00,237203.0,0.2651718781592385,1,0.8893986916937562,0.8893986916937562,0.8893986916937562
2014-04-15 15:19:00,254375.0,0.2636798342863054,1,0.8879446053807972,0.8879446053807972,0.8879446053807972
2014-04-15 15:24:00,256552.0,0.2634943284939153,1,0.8864746281318382,0.8864746281318382,0.8864746281318382
2014-04-15 15:29:00,252388.0,0.26385035667713064,1,0.8849886130230413,0.8849886130230413,0.8849886130230413
2014-04-15 15:34:00,252273.0,0.2638610101414697,1,0.8834864124028151,0.8834864124028151,0.8834864124028151
2014-04-15 15:39:00,257477.0,0.26340743590356896,1,0.8819678779042704,0.8819678779042704,0.8819678779042704
2014-04-15 15:44:00,240639.0,0.2648633598845425,1,0.8804328604581673,0.8804328604581673,0.8804328604581673
2014-04-15 15:49:00,255010.0,0.2636139222205741,1,0.8788812103063707,0.8788812103063707,0.8788812103063707
2014-04-15 15:54:00,259704.0,0.263211849541792,1,0.8773127770158184,0.8773127770158184,0.8773127770158184
2014-04-15 15:59:00,3221830.0,0.46179526647543395,1,0.8757274094930131,0.8757274094930131,0.8757274094930131
2014-04-15 16:04:00,242887.0,0.264662439745875,1,0.8741249559990424,0.8741249559990424,0.8741249559990424
2014-04-15 16:09:00,3229560.0,0.4627229368332811,1,0.8725052641651438,0.8725052641651438,0.8725052641651438
2014-04-15 16:14:00,265801.0,0.26268163876601835,1,0.8708681810088169,0.8708681810088169,0.8708681810088169
2014-04-15 16:19:00,236981.0,0.2651806142565356,1,0.8692135529504921,0.8692135529504921,0.8692135529504921
2014-04-15 16:24:00,260054.0,0.2631770413601985,1,0.8675412258307679,0.8675412258307679,0.867541225830768
2014-04-15 16:29:00,245909.0,0.2644068999679239,1,0.8658510449282252,0.8658510449282252,0.8658510449282252
2014-04-15 16:34:00,250921.0,0.2639692363671057,1,0.8641428549778215,0.8641428549778215,0.8641428549778215
2014-04-15 16:39:00,264959.0,0.2627591479769194,1,0.8624165001898849,0.8624165001898849,0.8624165001898849
2014-04-15 16:44:00,13429000.0,0.987743060627674,1,0.8606718242697022,0.8606718242697022,0.8606718242697022
2014-04-15 16:49:00,6603090.0,0.7141771183809352,1,0.8589086704377245,0.8589086704377245,0.8589086704377245
2014-04-15 16:54:00,138797000.0,1.0,1,0.8571268814503882,0.8571268814503882,0.8571268814503882
2014-04-15 16:59:00,3264610.0,0.2446748223767081,1,0.8553262996215624,0.8553262996215624,0.8553262996215624
2014-04-15 17:04:00,335110.0,0.2330257958942475,1,0.8535067668446377,0.8535067668446377,0.8535067668446377
2014-04-15 17:09:00,245126000.0,0.9999990388293426,1,0.8516681246152519,0.8516681246152519,0.8516681246152519
2014-04-15 17:14:00,63229300.0,0.6538854686319335,1,0.8498102140546762,0.8498102140546762,0.8498102140546762
2014-04-15 17:19:00,291082.0,0.23335385968459804,1,0.8479328759338557,0.8479328759338557,0.8479328759338557
2014-04-15 17:24:00,288185.0,0.2333703505992866,1,0.8460359506981221,0.8460359506981221,0.846035950698122
2014-04-15 17:29:00,274498.0,0.23344448187537198,1,0.8441192784925836,0.8441192784925836,0.8441192784925836
2014-04-15 17:34:00,299356.0,0.2333102675379919,1,0.8421826991881963,0.8421826991881963,0.8421826991881963
2014-04-15 17:39:00,303715.0,0.23328744861407197,1,0.8402260524085341,0.8402260524085341,0.8402260524085341
2014-04-15 17:44:00,360933.0,0.2329799463141388,1,0.8382491775572488,0.8382491775572488,0.8382491775572488
2014-04-15 17:49:00,350081.0,0.2330403963857213,1,0.8362519138462476,0.8362519138462476,0.8362519138462476
2014-04-15 17:54:00,356008.0,0.233010213061761,1,0.8342341003245777,0.8342341003245777,0.8342341003245777
2014-04-15 17:59:00,384684.0,0.2328576026866237,1,0.8321955759080353,0.8321955759080353,0.8321955759080353
2014-04-15 18:04:00,380580.0,0.2328279205402315,1,0.8301361794095041,0.8301361794095041,0.8301361794095041
2014-04-15 18:09:00,424082.0,0.232595860681454,1,0.8280557495700246,0.8280557495700246,0.8280557495700246
2014-04-15 18:14:00,360159.0,0.23288887826932106,1,0.8259541250906071,0.8259541250906071,0.8259541250906071
2014-04-15 18:19:00,421578.0,0.2325601156962888,1,0.8238311446647932,0.8238311446647932,0.8238311446647932
2014-04-15 18:24:00,382527.0,0.2327729645149032,1,0.8216866470119677,0.8216866470119677,0.8216866470119677
2014-04-15 18:29:00,341436.0,0.232996415446996,1,0.8195204709114312,0.8195204709114312,0.8195204709114312
2014-04-15 18:34:00,445259.0,0.2324388592757376,1,0.8173324552372371,0.8173324552372371,0.8173324552372371
2014-04-15 18:39:00,422991.0,0.2325617688970074,1,0.8151224389937965,0.8151224389937965,0.8151224389937965
2014-04-15 18:44:00,316314.0,0.23313840803305705,1,0.8128902613522588,0.8128902613522588,0.8128902613522588
2014-04-15 18:49:00,228875.0,0.23361098995717866,1,0.8106357616876709,0.8106357616876709,0.810635761687671
2014-04-15 18:54:00,253463.0,0.2334779369418315,1,0.8083587796169186,0.8083587796169186,0.8083587796169186
2014-04-15 18:59:00,223710.0,0.23363793886310985,1,0.806059155037455,0.806059155037455,0.806059155037455
2014-04-15 19:04:00,237656.0,0.23350820328277397,1,0.8037367281668191,0.8037367281668191,0.803736728166819
2014-04-15 19:09:00,242514.0,0.2334811260624488,1,0.8013913395829477,0.8013913395829477,0.8013913395829477
2014-04-15 19:14:00,251048.0,0.2333810033891359,1,0.7990228302652862,0.7990228302652862,0.7990228302652862
2014-04-15 19:19:00,223451.0,0.23352975176837096,1,0.796631041636691,0.796631041636691,0.796631041636691
2014-04-15 19:24:00,247185.0,0.23340131703521785,1,0.7942158156061396,0.7942158156061396,0.7942158156061396
2014-04-15 19:29:00,230525.0,0.2334908046657276,1,0.7917769946122403,0.7917769946122403,0.7917769946122403
2014-04-15 19:34:00,225159.0,0.2335193375462871,1,0.789314421667541,0.789314421667541,0.789314421667541
2014-04-15 19:39:00,224883.0,0.23352046833166065,1,0.7868279404036486,0.7868279404036486,0.7868279404036486
2014-04-15 19:44:00,236707.0,0.23345584694355456,1,0.7843173951171457,0.7843173951171457,0.7843173951171457
2014-04-15 19:49:00,213654.0,0.2335799186884377,1,0.7817826308163155,0.7817826308163155,0.7817826308163155
2014-04-15 19:54:00,231962.0,0.2334802759327957,1,0.779223493268667,0.779223493268667,0.779223493268667
2014-04-15 19:59:00,241654.0,0.23342740452349825,1,0.7766398290492604,0.7766398290492604,0.7766398290492604
2014-04-15 20:04:00,216280.0,0.2335098577935261,1,0.7740314855898331,0.7740314855898331,0.7740314855898331
2014-04-15 20:09:00,264732.0,0.2332479017171812,1,0.7713983112287256,0.7713983112287256,0.7713983112287256
2014-04-15 20:14:00,234056.0,0.2333591271558716,1,0.7687401552615942,0.7687401552615942,0.7687401552615942
2014-04-15 20:19:00,218566.0,0.2334424921987777,1,0.7660568679929197,0.7660568679929197,0.7660568679929197
2014-04-15 20:24:00,240987.0,0.23332104335253576,1,0.7633483007882997,0.7633483007882997,0.7633483007882997
2014-04-15 20:29:00,2749090.0,0.2253523248653813,1,0.7606143061275237,0.7606143061275237,0.7606143061275237
2014-04-15 20:34:00,1135620.0,0.2285761446200656,1,0.7578547376584189,0.7578547376584189,0.7578547376584189
2014-04-15 20:39:00,239960.0,0.2333874995067655,1,0.7550694502514743,0.7550694502514743,0.7550694502514743
2014-04-15 20:44:00,225690.0,0.2334633724524811,1,0.7522583000552175,0.7522583000552175,0.7522583000552175
2014-04-15 20:49:00,230157.0,0.2334390598556746,1,0.7494211445523552,0.7494211445523552,0.7494211445523552
2014-04-15 20:54:00,250700.0,0.2333279360799936,1,0.7465578426166541,0.7465578426166541,0.7465578426166541
2014-04-15 20:59:00,225030.0,0.23346606539616954,1,0.7436682545705654,0.7436682545705654,0.7436682545705654
2014-04-15 21:04:00,241141.0,0.23332485800593866,1,0.7407522422435732,0.7407522422435732,0.7407522422435732
2014-04-15 21:09:00,244412.0,0.23330681009027296,1,0.7378096690312643,0.7378096690312643,0.7378096690312643
2014-04-15 21:14:00,241196.0,0.23326986248108644,1,0.7348403999551039,0.7348403999551039,0.7348403999551039
2014-04-15 21:19:00,10957300.0,0.2714976439276842,1,0.731844301722905,0.731844301722905,0.731844301722905
2014-04-15 21:24:00,240062.0,0.233463509246478,1,0.7288212427899837,0.7288212427899837,0.7288212427899837
2014-04-15 21:29:00,232457.0,0.2335043730130725,1,0.7257710934209787,0.7257710934209787,0.7257710934209787
2014-04-15 21:34:00,210350.0,0.2336233098911887,1,0.722693725752329,0.722693725752329,0.722693725752329
2014-04-15 21:39:00,263489.0,0.2333362559467977,1,0.71958901385539,0.71958901385539,0.71958901385539
2014-04-15 21:44:00,254378.0,0.23338516237107906,1,0.7164568338001717,0.7164568338001717,0.7164568338001717
2014-04-15 21:49:00,289820.0,0.2331944042527556,1,0.7132970637196852,0.7132970637196852,0.7132970637196852
2014-04-15 21:54:00,244490.0,0.233439350825086,1,0.7101095838748764,0.7101095838748764,0.7101095838748764
2014-04-15 21:59:00,283938.0,0.23322649746431184,1,0.7068942767201318,0.7068942767201318,0.7068942767201318
2014-04-15 22:04:00,268929.0,0.2332538109947376,1,0.7036510269693328,0.7036510269693328,0.7036510269693328
2014-04-15 22:09:00,309114.0,0.2330376859098365,1,0.7003797216624416,0.7003797216624416,0.7003797216624416
2014-04-15 22:14:00,319939.0,0.232926449954424,1,0.6970802502325939,0.6970802502325939,0.6970802502325939
2014-04-15 22:19:00,321786.0,0.2329178055646507,1,0.6937525045736829,0.6937525045736829,0.6937525045736829
2014-04-15 22:24:00,345016.0,0.23279436634882936,1,0.6903963791084017,0.6903963791084017,0.6903963791084017
2014-04-15 22:29:00,339839.0,0.2328239459657073,1,0.6870117708567264,0.6870117708567264,0.6870117708567264
2014-04-15 22:34:00,1101060.0,0.22875453339759114,1,0.6835985795048163,0.6835985795048163,0.6835985795048163
2014-04-15 22:39:00,372611.0,0.23266557137025945,1,0.6801567074742983,0.6801567074742983,0.6801567074742983
2014-04-15 22:44:00,353601.0,0.23277035127751705,1,0.6766860599919151,0.6766860599919151,0.6766860599919151
2014-04-15 22:49:00,354904.0,0.23276545462192344,1,0.6731865451595055,0.6731865451595055,0.6731865451595055
2014-04-15 22:54:00,356842.0,0.232757427006178,1,0.6696580740242903,0.6696580740242903,0.6696580740242903
2014-04-15 22:59:00,391917.0,0.2325704848269065,1,0.6661005606494312,0.6661005606494312,0.6661005606494312
2014-04-15 23:04:00,400827.0,0.23247179129144355,1,0.6625139221848353,0.6625139221848353,0.6625139221848353
2014-04-15 23:09:00,341441.0,0.2327938679814855,1,0.6588980789381682,0.6588980789381682,0.6588980789381682
2014-04-15 23:14:00,281316.0,0.2330657032384369,1,0.6552529544460506,0.6552529544460506,0.6552529544460506
2014-04-15 23:19:00,288950.0,0.2330257347324325,1,0.6515784755453962,0.6515784755453962,0.6515784755453962
2014-04-15 23:24:00,282041.0,0.23306380704328256,1,0.6478745724448628,0.6478745724448628,0.6478745724448628
2014-04-15 23:29:00,325864.0,0.23282864636624465,1,0.6441411787963764,0.6441411787963764,0.6441411787963764
2014-04-15 23:34:00,330408.0,0.2328060148186533,1,0.6403782317666965,0.6403782317666965,0.6403782317666965
2014-04-15 23:39:00,359371.0,0.2326517908987563,1,0.6365856721089767,0.6365856721089767,0.6365856721089767
2014-04-15 23:44:00,351401.0,0.23269685908099336,1,0.6327634442342944,0.6327634442342944,0.6327634442342944
2014-04-15 23:49:00,368227.0,0.23260859973305506,1,0.6289114962830972,0.6289114962830972,0.6289114962830972
2014-04-15 23:54:00,371846.0,0.23259143300599905,1,0.6250297801965348,0.6250297801965348,0.6250297801965348
2014-04-15 23:59:00,378316.0,0.23255909131084315,1,0.6211182517876314,0.6211182517876314,0.6211182517876314
2014-04-16 00:04:00,364380.0,0.2325828053847469,1,0.6171768708122561,0.6171768708122561,0.6171768708122561
2014-04-16 00:09:00,375114.0,0.2325274940745482,1,0.6132056010398497,0.6132056010398497,0.6132056010398497
2014-04-16 00:14:00,358873.0,0.23256371111475402,1,0.6092044103238629,0.6092044103238629,0.6092044103238629
2014-04-16 00:19:00,375881.0,0.2324745059039101,1,0.6051732706718623,0.6051732706718623,0.6051732706718623
2014-04-16 00:24:00,400415.0,0.2323452797041761,1,0.6011121583152573,0.6011121583152573,0.6011121583152573
2014-04-16 00:29:00,363196.0,0.2325481655152577,1,0.5970210537786002,0.5970210537786002,0.5970210537786002
2014-04-16 00:34:00,386958.0,0.2324228565687373,1,0.5928999419484191,0.5928999419484191,0.5928999419484191
2014-04-16 00:39:00,350540.0,0.2326212230134182,1,0.5887488121415243,0.5887488121415243,0.5887488121415243
2014-04-16 00:44:00,381934.0,0.2324547744548332,1,0.5845676581727497,0.5845676581727497,0.5845676581727497
2014-04-16 00:49:00,367745.0,0.2325334991219809,1,0.5803564784220763,0.5803564784220763,0.5803564784220763
2014-04-16 00:54:00,401917.0,0.23235255379243885,1,0.5761152759010834,0.5761152759010834,0.5761152759010834
2014-04-16 00:59:00,392489.0,0.23240572678827864,1,0.5718440583186863,0.5718440583186863,0.5718440583186863
2014-04-16 01:04:00,380059.0,0.2324217221905605,1,0.5675428381460991,0.5675428381460991,0.5675428381460991
2014-04-16 01:09:00,394509.0,0.2323466867287117,1,0.5632116326809754,0.5632116326809754,0.5632116326809754
2014-04-16 01:14:00,367190.0,0.2324422037636989,1,0.5588504641106776,0.5588504641106776,0.5588504641106776
2014-04-16 01:19:00,423591.0,0.2321415761114141,1,0.5544593595746149,0.5544593595746149,0.5544593595746149
2014-04-16 01:24:00,373295.0,0.23241514132411026,1,0.5500383512256005,0.5500383512256005,0.5500383512256005
2014-04-16 01:29:00,396618.0,0.2322923101116399,1,0.5455874762901751,0.5455874762901751,0.5455874762901751
2014-04-16 01:34:00,388276.0,0.23233978687988305,1,0.5411067771278405,0.5411067771278405,0.5411067771278405
2014-04-16 01:39:00,417161.0,0.2321875860682611,1,0.5365963012891471,0.5365963012891471,0.5365963012891471
2014-04-16 01:44:00,375992.0,0.23241179898033856,1,0.5320561015725854,0.5320561015725854,0.5320561015725854
2014-04-16 01:49:00,394688.0,0.2323140628450359,1,0.5274862360802219,0.5274862360802219,0.5274862360802219
2014-04-16 01:54:00,389754.0,0.2323433038295578,1,0.5228867682720243,0.5228867682720243,0.5228867682720243
2014-04-16 01:59:00,400523.0,0.23228829892060865,1,0.5182577670188254,0.5182577670188254,0.5182577670188254
2014-04-16 02:04:00,365174.0,0.2324273319259809,1,0.5135993066538619,0.5135993066538619,0.5135993066538619
2014-04-16 02:09:00,401819.0,0.2322324979529468,1,0.50891146702284,0.50891146702284,0.50891146702284
2014-04-16 02:14:00,385163.0,0.2322715473952708,1,0.5041943335324683,0.5041943335324683,0.5041943335324683
2014-04-16 02:19:00,396115.0,0.23221525201560034,1,0.4994479971974034,0.4994479971974034,0.4994479971974034
2014-04-16 02:24:00,389117.0,0.2322561471220848,1,0.4946725546855511,0.4946725546855511,0.4946725546855511
2014-04-16 02:29:00,380155.0,0.23230686637351144,1,0.4898681083616727,0.4898681083616727,0.48986810836167266
2014-04-16 02:34:00,397420.0,0.2322169046133921,1,0.4850347663292345,0.4850347663292345,0.4850347663292345
2014-04-16 02:39:00,377955.0,0.23232439873429306,1,0.4801726424704514,0.4801726424704514,0.4801726424704514
2014-04-16 02:44:00,310622.0,0.23268893579936056,1,0.4752818564844686,0.4752818564844686,0.47528185648446863
2014-04-16 02:49:00,222955.0,0.23316225264305665,1,0.4703625339236247,0.4703625339236247,0.4703625339236247
2014-04-16 02:54:00,240275.0,0.2330687786597149,1,0.4654148062277484,0.4654148062277484,0.4654148062277484
2014-04-16 02:59:00,228489.0,0.2331320115163152,1,0.4604388107564298,0.4604388107564298,0.4604388107564298
2014-04-16 03:04:00,235400.0,0.23304099426178426,1,0.455434690819219,0.455434690819219,0.455434690819219
2014-04-16 03:09:00,251191.0,0.2329558696976605,1,0.4504025957036969,0.4504025957036969,0.4504025957036969
2014-04-16 03:14:00,233335.0,0.23299844727623198,1,0.4453426807013693,0.4453426807013693,0.44534268070136934
2014-04-16 03:19:00,223889.0,0.2330490562421017,1,0.4402551071313345,0.44025510713133453,0.44025510713133464
2014-04-16 03:24:00,196124.0,0.2331983900495435,1,0.4351400423616745,0.4351400423616745,0.43514004236167453
2014-04-16 03:29:00,64837.6,0.23390578434103865,1,0.4299976598285201,0.42999765982852006,0.42999765982852
2014-04-16 03:34:00,59552.0,0.23393101433137525,1,0.4248281390527473,0.4248281390527473,0.4248281390527473
2014-04-16 03:39:00,75583.4,0.2338412328980169,1,0.4196316656542544,0.4196316656542544,0.4196316656542544
2014-04-16 03:44:00,50648.2,0.23397275920354624,1,0.4144084313637784,0.4144084313637784,0.41440843136377836
2014-04-16 03:49:00,68888.6,0.23387110118421345,1,0.4091586340322027,0.4091586340322027,0.4091586340322027
2014-04-16 03:54:00,63256.8,0.2338984876432635,1,0.4038824776373215,0.4038824776373215,0.4038824776373215
2014-04-16 03:59:00,56208.6,0.2339332809933141,1,0.3985801722880095,0.3985801722880095,0.3985801722880095
2014-04-16 04:04:00,99026.5,0.2336453514848013,1,0.3932519342257687,0.3932519342257687,0.39325193422576865
2014-04-16 04:09:00,90698.6,0.2336873135235049,1,0.3878979858236054,0.3878979858236054,0.3878979858236054
2014-04-16 04:14:00,96987.0,0.2335970556869004,1,0.3825185555822051,0.3825185555822051,0.3825185555822051
2014-04-16 04:19:00,95292.0,0.2336033845692145,1,0.3771138781233721,0.3771138781233721,0.3771138781233721
2014-04-16 04:24:00,120918.0,0.23346299050336544,1,0.3716841941806945,0.3716841941806945,0.3716841941806945
2014-04-16 04:29:00,101699.0,0.2335641713299811,1,0.3662297505874148,0.3662297505874148,0.36622975058741475
2014-04-16 04:34:00,117616.0,0.2334761735029449,1,0.360750800261461,0.360750800261461,0.360750800261461
2014-04-16 04:39:00,129903.0,0.2333537816398012,1,0.3552476021876271,0.3552476021876271,0.3552476021876271
2014-04-16 04:44:00,107019.0,0.2334752561724005,1,0.34972042139686466,0.34972042139686466,0.34972042139686466
2014-04-16 04:49:00,154579.0,0.23321674441454504,1,0.34416952894267044,0.34416952894267044,0.34416952894267044
2014-04-16 04:54:00,172585.0,0.23311839391195485,1,0.3385952018745433,0.3385952018745433,0.3385952018745433
2014-04-16 04:59:00,183661.0,0.23305730450471,1,0.33299772320849513,0.33299772320849513,0.33299772320849513
2014-04-16 05:04:00,197745.0,0.23292676842343946,1,0.32737738189459553,0.32737738189459553,0.32737738189459553
2014-04-16 05:09:00,234134.0,0.2327305731551189,1,0.3217344727815377,0.3217344727815377,0.3217344727815377
2014-04-16 05:14:00,198565.0,0.2328676210671177,1,0.3160692965782133,0.3160692965782133,0.3160692965782133
2014-04-16 05:19:00,226864.0,0.2327149276939464,1,0.3103821598122818,0.3103821598122818,0.3103821598122818
2014-04-16 05:24:00,235439.0,0.2326688266865403,1,0.3046733747857349,0.3046733747857349,0.3046733747857349
2014-04-16 05:29:00,241813.0,0.2326344578650792,1,0.29894325952744194,0.29894325952744194,0.29894325952744194
2014-04-16 05:34:00,225156.0,0.23272429933051395,1,0.2931921377426781,0.2931921377426781,0.2931921377426781
2014-04-16 05:39:00,238644.0,0.2326517812554841,1,0.28742033875963485,0.28742033875963485,0.28742033875963485
2014-04-16 05:44:00,219361.0,0.2327555483917772,1,0.28162819747291545,0.28162819747291545,0.28162819747291545
2014-04-16 05:49:00,216900.0,0.2327686331442977,1,0.2758160542840167,0.2758160542840167,0.2758160542840167
2014-04-16 05:54:00,239536.0,0.2326467156166896,1,0.2699842550388072,0.2699842550388072,0.2699842550388072
2014-04-16 05:59:00,237255.0,0.2326588416587985,1,0.2641331509620158,0.2641331509620158,0.2641331509620158
2014-04-16 06:04:00,237443.0,0.23260424649562225,1,0.2582630985887322,0.2582630985887322,0.2582630985887322
2014-04-16 06:09:00,252723.0,0.23252210981753624,1,0.252374459692948,0.252374459692948,0.25237445969294797
2014-04-16 06:14:00,219853.0,0.2326452646219094,1,0.2464676012131465,0.24646760121314654,0.24646760121314656
2014-04-16 06:19:00,221559.0,0.23263577216772185,1,0.2405428951749678,0.2405428951749678,0.2405428951749678
2014-04-16 06:24:00,240417.0,0.23253441483416465,1,0.23460071861096804,0.234600718610968,0.23460071861096796
2014-04-16 06:29:00,223269.0,0.2326264306865743,1,0.2286414534775041,0.22864145347750414,0.22864145347750417
2014-04-16 06:34:00,229546.0,0.2325925599362061,1,0.22266548656877025,0.22266548656877025,0.22266548656877022
2014-04-16 06:39:00,229699.0,0.2325914765906626,1,0.2166732094280142,0.2166732094280142,0.2166732094280142
2014-04-16 06:44:00,214854.0,0.2326707754753709,1,0.21066501825597675,0.21066501825597675,0.21066501825597675
2014-04-16 06:49:00,223324.0,0.23262494275905785,1,0.20464131381658104,0.20464131381658104,0.204641313816581
2014-04-16 06:54:00,217172.0,0.2326574299750912,1,0.19860250133992088,0.19860250133992088,0.19860250133992086
2014-04-16 06:59:00,230997.0,0.2325824896079016,1,0.1925489904225829,0.1925489904225829,0.19254899042258292
2014-04-16 07:04:00,208643.0,0.23264832634851745,1,0.186481194925352,0.186481194925352,0.186481194925352
2014-04-16 07:09:00,257412.0,0.23238547580842306,1,0.18039953286834767,0.18039953286834767,0.18039953286834767
2014-04-16 07:14:00,225473.0,0.2325033452656233,1,0.1743044263236369,0.1743044263236369,0.1743044263236369
2014-04-16 07:19:00,227122.0,0.232494294386522,1,0.16819630130538565,0.16819630130538565,0.16819630130538563
2014-04-16 07:24:00,222639.0,0.232517847905262,1,0.16207558765759209,0.16207558765759209,0.16207558765759209
2014-04-16 07:29:00,209855.0,0.2325860909202773,1,0.15594271893947198,0.15594271893947198,0.155942718939472
2014-04-16 07:34:00,209450.0,0.23258776135895906,1,0.14979813230854594,0.14979813230854594,0.14979813230854594
2014-04-16 07:39:00,224078.0,0.2325083164645329,1,0.14364226840149824,0.14364226840149824,0.14364226840149824
2014-04-16 07:44:00,226719.0,0.2324936535204757,1,0.13747557121286946,0.13747557121286946,0.13747557121286946
2014-04-16 07:49:00,216952.0,0.2325456629690609,1,0.13129848797164873,0.13129848797164873,0.13129848797164873
2014-04-16 07:54:00,231797.0,0.23246518000283195,1,0.12511146901584005,0.12511146901584005,0.12511146901584005
2014-04-16 07:59:00,211332.0,0.2325747028778467,1,0.11891496766506784,0.11891496766506784,0.11891496766506783
2014-04-16 08:04:00,227805.0,0.2324317159591977,1,0.11270944009130154,0.11270944009130154,0.11270944009130157
2014-04-16 08:09:00,242339.0,0.2323529229569996,1,0.1064953451877711,0.1064953451877711,0.1064953451877711
2014-04-16 08:14:00,218752.0,0.2324254255640293,1,0.10027314443615136,0.10027314443615136,0.10027314443615135
2014-04-16 08:19:00,215251.0,0.2324437106972141,1,0.09404330177209816,0.09404330177209816,0.09404330177209817
2014-04-16 08:24:00,221419.0,0.2324101517549453,1,0.08780628344921383,0.08780628344921383,0.08780628344921383
2014-04-16 08:29:00,221405.0,0.23240962658384945,1,0.0815625579015272,0.0815625579015272,0.0815625579015272
2014-04-16 08:34:00,211570.0,0.2324620410660635,1,0.07531259560457138,0.07531259560457138,0.07531259560457138
2014-04-16 08:39:00,223133.0,0.2323995552686509,1,0.0690568689351484,0.0690568689351484,0.0690568689351484
2014-04-16 08:44:00,219301.0,0.2324194776293851,1,0.06279585202986493,0.06279585202986493,0.06279585202986492
2014-04-16 08:49:00,233431.0,0.2323432315337695,1,0.0565300206425305,0.0565300206425305,0.056530020642530494
2014-04-16 08:54:00,219462.0,0.23241785870654105,1,0.050259852000507615,0.050259852000507615,0.05025985200050762
2014-04-16 08:59:00,230992.0,0.2323553361193369,1,0.043985824660106636,0.043985824660106636,0.04398582466010664
2014-04-16 09:04:00,205354.0,0.23243899336142645,1,0.03770841836111443,0.03770841836111443,0.03770841836111443
2014-04-16 09:09:00,250506.0,0.23219549737530285,1,0.03142811388055588,0.03142811388055588,0.03142811388055588
2014-04-16 09:14:00,209612.0,0.2323614383407115,1,0.025145392885776344,0.025145392885776344,0.025145392885776344
2014-04-16 09:19:00,217429.0,0.2323190418727073,1,0.018860737786947083,0.018860737786947083,0.018860737786947083
2014-04-16 09:24:00,208162.0,0.2323683421637492,1,0.012574631589081594,0.012574631589081594,0.012574631589081594
2014-04-16 09:29:00,211699.0,0.232348399485906,1,0.0062875577436667185,0.0062875577436667185,0.0062875577436667185
2014-04-16 09:34:00,228951.0,0.23225514140887496,0,-0.0006840707832492387,-0.0013681415664984775,-0.0006840707832492387
2014-04-16 09:39:00,213146.0,0.23233963975412106,0,-0.001368088657327563,-0.002736177314655126,-0.001368088657327563
2014-04-16 09:44:00,234836.0,0.2322226842115855,0,-0.002052000729431823,-0.004104001458863646,-0.002052000729431823
2014-04-16 09:49:00,222413.0,0.2322892341018119,0,-0.002735754139483409,-0.0054715082789668175,-0.0027357541394834083
2014-04-16 09:54:00,241031.0,0.2321888384465289,0,-0.0034192960764637217,-0.006838592152927443,-0.0034192960764637217
2014-04-16 09:59:00,216388.0,0.23232100582151385,0,-0.00410257379471745,-0.0082051475894349,-0.00410257379471745
2014-04-16 10:04:00,218299.0,0.23225647249580045,0,-0.004785534630212789,-0.009571069260425578,-0.004785534630212789
2014-04-16 10:09:00,251852.0,0.2320756001231098,0,-0.005468126016748171,-0.010936252033496342,-0.005468126016748171
2014-04-16 10:14:00,218549.0,0.23220076404204024,0,-0.006150295502094846,-0.012300591004189692,-0.006150295502094846
2014-04-16 10:19:00,219613.0,0.2321946690292439,0,-0.006831990764064906,-0.013663981528129813,-0.0068319907640649056
2014-04-16 10:24:00,204073.0,0.2322774171230941,0,-0.007513159626494172,-0.015026319252988344,-0.007513159626494172
2014-04-16 10:29:00,222753.0,0.232176433440657,0,-0.00819375007512969,-0.01638750015025938,-0.00819375007512969
2014-04-16 10:34:00,200166.0,0.23229711663606364,0,-0.008873710273411748,-0.017747420546823496,-0.008873710273411748
2014-04-16 10:39:00,240710.0,0.2320788761210716,0,-0.009552988578140027,-0.019105977156280058,-0.00955298857814003
2014-04-16 10:44:00,224812.0,0.2321638572616173,0,-0.0102315335550143,-0.0204630671100286,-0.010231533555014301
2014-04-16 10:49:00,239352.0,0.2320856137820456,0,-0.01090929399403924,-0.02181858798807848,-0.010909293994039239
2014-04-16 10:54:00,219821.0,0.2321902533042775,0,-0.011586218924784527,-0.02317243784956905,-0.011586218924784526
2014-04-16 10:59:00,231844.0,0.2321251485256727,0,-0.012262257631489849,-0.024524515262979697,-0.012262257631489849
2014-04-16 11:04:00,203673.0,0.2322224419010491,0,-0.012937359668006056,-0.025874719336012115,-0.012937359668006057
2014-04-16 11:09:00,234458.0,0.2320565813638152,0,-0.01361147487256308,-0.02722294974512616,-0.013611474872563081
2014-04-16 11:14:00,225013.0,0.23205346382974976,0,-0.014284553382355382,-0.028569106764710764,-0.014284553382355382
2014-04-16 11:19:00,211729.0,0.2321243969626051,0,-0.014956545647936796,-0.029913091295873592,-0.014956545647936796
2014-04-16 11:24:00,237807.0,0.2319840537945556,0,-0.01562740244741557,-0.03125480489483114,-0.01562740244741557
2014-04-16 11:29:00,230126.0,0.23202486796195554,0,-0.016297074900441376,-0.03259414980088275,-0.016297074900441376
2014-04-16 11:34:00,242445.0,0.2319586101859307,0,-0.01696551448197658,-0.03393102896395316,-0.01696551448197658
2014-04-16 11:39:00,225242.0,0.23205057925232664,0,-0.017632673035843274,-0.03526534607168655,-0.017632673035843274
2014-04-16 11:44:00,249038.0,0.2319225375264883,0,-0.018298502788038767,-0.036597005576077535,-0.01829850278803877
2014-04-16 11:49:00,211404.0,0.2321244875380375,0,-0.018962956359812055,-0.037925912719624116,-0.01896295635981206
2014-04-16 11:54:00,228794.0,0.2320304951741528,0,-0.019625986780494115,-0.03925197356098823,-0.019625986780494115
2014-04-16 11:59:00,218635.0,0.2320842887895797,0,-0.02028754750007496,-0.04057509500014991,-0.020287547500074957
2014-04-16 12:04:00,238671.0,0.2319228349890777,0,-0.020947592401521064,-0.04189518480304213,-0.020947592401521064
2014-04-16 12:09:00,245933.0,0.23188366372149444,0,-0.02160607581282669,-0.04321215162565339,-0.021606075812826694
2014-04-16 12:14:00,217561.0,0.2319820221388816,0,-0.02226295251879283,-0.04452590503758566,-0.02226295251879283
2014-04-16 12:19:00,227730.0,0.23192763750416506,0,-0.0229181777725284,-0.0458363555450568,-0.0229181777725284
2014-04-16 12:24:00,216265.0,0.2319885644306708,0,-0.023571707306667567,-0.047143414613335134,-0.023571707306667567
2014-04-16 12:29:00,232262.0,0.2319023148188134,0,-0.02422349734429852,-0.04844699468859704,-0.02422349734429852
2014-04-16 12:34:00,218162.0,0.2319774719734239,0,-0.024873504609598404,-0.049747009219196815,-0.024873504609598404
2014-04-16 12:39:00,235847.0,0.231882281527712,0,-0.0255216863381698,-0.0510433726763396,-0.0255216863381698
2014-04-16 12:44:00,227753.0,0.2319252071490991,0,-0.02616800028707451,-0.05233600057414901,-0.026168000287074507
2014-04-16 12:49:00,214332.0,0.2319971359713628,0,-0.026812404744560432,-0.053624809489120864,-0.026812404744560432
2014-04-16 12:54:00,209806.0,0.23202082655529696,0,-0.027454858539477912,-0.05490971707895583,-0.027454858539477912
2014-04-16 12:59:00,219280.0,0.2319691658978819,0,-0.02809532105038195,-0.0561906421007639,-0.02809532105038195
2014-04-16 13:04:00,257612.0,0.23171001816782125,0,-0.028733752214317194,-0.05746750442863439,-0.028733752214317194
2014-04-16 13:09:00,251681.0,0.23174183338422946,0,-0.029370112535282832,-0.05874022507056568,-0.029370112535282832
2014-04-16 13:14:00,214615.0,0.2318869579800945,0,-0.0300043630923749,-0.0600087261847498,-0.0300043630923749
2014-04-16 13:19:00,208185.0,0.2319207788054249,0,-0.03063646554760342,-0.06127293109520684,-0.03063646554760342
2014-04-16 13:24:00,230858.0,0.2317986706831316,0,-0.03126638215338303,-0.06253276430676606,-0.03126638215338303
2014-04-16 13:29:00,211684.0,0.2319009551581737,0,-0.03189407575969465,-0.06378815151938931,-0.031894075759694655
2014-04-16 13:34:00,219094.0,0.2318606911137012,0,-0.032519509820917517,-0.06503901964183505,-0.03251950982091752
2014-04-16 13:39:00,191856.0,0.23200606748761265,0,-0.033142648402330034,-0.06628529680466007,-0.033142648402330034
2014-04-16 13:44:00,229927.0,0.2318009973854351,0,-0.033763456186278955,-0.06752691237255791,-0.033763456186278955
2014-04-16 13:49:00,200495.0,0.231958412560588,0,-0.03438189847801616,-0.06876379695603232,-0.03438189847801616
2014-04-16 13:54:00,63814.4,0.23269216483532515,0,-0.03499794121120306,-0.06999588242240612,-0.03499794121120306
2014-04-16 13:59:00,38516.6,0.23282460706391084,0,-0.035611550953082424,-0.07122310190616485,-0.035611550953082424
2014-04-16 14:04:00,40660.2,0.23275584461831397,0,-0.03622269490931828,-0.07244538981863656,-0.03622269490931828
2014-04-16 14:09:00,88262.8,0.2324959622224725,0,-0.036831340928504264,-0.07366268185700853,-0.036831340928504264
2014-04-16 14:14:00,51062.8,0.2326393153941057,0,-0.037437457506341296,-0.07487491501268259,-0.037437457506341296
2014-04-16 14:19:00,371618.0,0.2309168305171408,0,-0.038041013789486114,-0.07608202757897223,-0.038041013789486114
2014-04-16 14:24:00,270514.0,0.2314603285869892,0,-0.03864197957907154,-0.07728395915814305,-0.03864197957907153
2014-04-16 14:29:00,246090.0,0.2315917442683377,0,-0.03924032533390047,-0.07848065066780094,-0.03924032533390047
2014-04-16 14:34:00,208388.0,0.23179354131675944,0,-0.03983602217331563,-0.07967204434663126,-0.03983602217331563
2014-04-16 14:39:00,252111.0,0.2315588299626739,0,-0.04042904187974671,-0.08085808375949341,-0.040429041879746705
2014-04-16 14:44:00,227012.0,0.2316931984795371,0,-0.041019356900937935,-0.08203871380187587,-0.04101935690093794
2014-04-16 14:49:00,239833.0,0.2316241530515282,0,-0.041606940351858274,-0.08321388070371655,-0.041606940351858274
2014-04-16 14:54:00,244948.0,0.2315965778167339,0,-0.042191766016297136,-0.08438353203259429,-0.04219176601629714
2014-04-16 14:59:00,225664.0,0.2316996725629092,0,-0.04277380834814901,-0.08554761669629803,-0.04277380834814901
2014-04-16 15:04:00,242138.0,0.2315574961111284,0,-0.04335304247238959,-0.08670608494477917,-0.04335304247238959
2014-04-16 15:09:00,236314.0,0.2315882026461536,0,-0.04392944418574785,-0.0878588883714957,-0.04392944418574785
2014-04-16 15:14:00,253892.0,0.2314402181458433,0,-0.044502989957076695,-0.08900597991415339,-0.044502989957076695
2014-04-16 15:19:00,223926.0,0.2316007599687454,0,-0.045073656927426896,-0.0901473138548538,-0.045073656927426896
2014-04-16 15:24:00,244827.0,0.23148832279967085,0,-0.04564142290982782,-0.09128284581965564,-0.04564142290982782
2014-04-16 15:29:00,236085.0,0.2315349467366534,0,-0.04620626638877949,-0.09241253277755897,-0.04620626638877948
2014-04-16 15:34:00,254903.0,0.2314339445294093,0,-0.04676816651946007,-0.09353633303892013,-0.04676816651946006
2014-04-16 15:39:00,240221.0,0.2315120542757977,0,-0.047327103126653634,-0.09465420625330727,-0.04732710312665364
2014-04-16 15:44:00,257266.0,0.23142108255479496,0,-0.04788305670340276,-0.09576611340680552,-0.04788305670340276
2014-04-16 15:49:00,241811.0,0.2315038949965888,0,-0.04843600840939048,-0.09687201681878096,-0.04843600840939048
2014-04-16 15:54:00,313480.0,0.23111999405672184,0,-0.04898594006905727,-0.09797188013811453,-0.04898594006905727
2014-04-16 15:59:00,345095.0,0.2309518885445324,0,-0.049532834169457536,-0.09906566833891507,-0.049532834169457536
2014-04-16 16:04:00,336155.0,0.2309479834628056,0,-0.050076673857861034,-0.10015334771572207,-0.050076673857861034
2014-04-16 16:09:00,255560.0,0.2313810848818341,0,-0.050617442939104716,-0.10123488587820943,-0.05061744293910472
2014-04-16 16:14:00,221486.0,0.2315099989565626,0,-0.05115512587270017,-0.10231025174540033,-0.05115512587270016
2014-04-16 16:19:00,217017.0,0.2315336622664565,0,-0.051689707769702366,-0.10337941553940473,-0.05168970776970236
2014-04-16 16:24:00,219838.0,0.23151787198717536,0,-0.052221174389345364,-0.10444234877869073,-0.052221174389345364
2014-04-16 16:29:00,258422.0,0.2313105274506577,0,-0.05274951213545048,-0.10549902427090097,-0.052749512135450476
2014-04-16 16:34:00,239369.0,0.2314126809880389,0,-0.05327470805261297,-0.10654941610522596,-0.053274708052612973
2014-04-16 16:39:00,239418.0,0.2314121858411469,0,-0.0537967498221729,-0.1075934996443458,-0.0537967498221729
2014-04-16 16:44:00,241657.0,0.2313998669105813,0,-0.05431562575797611,-0.10863125151595222,-0.05431562575797611
2014-04-16 16:49:00,270154.0,0.2312472775884357,0,-0.05483132480193144,-0.10966264960386288,-0.05483132480193144
2014-04-16 16:54:00,287634.0,0.2311539759290335,0,-0.055343836519369936,-0.11068767303873987,-0.05534383651936994
2014-04-16 16:59:00,331201.0,0.23092136941436786,0,-0.05585315109421235,-0.1117063021884247,-0.05585315109421235
2014-04-16 17:04:00,227359.0,0.2314256046877081,0,-0.056359259323950785,-0.11271851864790156,-0.056359259323950785
2014-04-16 17:09:00,362483.0,0.2307022771814879,0,-0.056862152614450885,-0.11372430522890177,-0.05686215261445089
2014-04-16 17:14:00,393311.0,0.23048646383673144,0,-0.057361822974580326,-0.11472364594916068,-0.05736182297458033
2014-04-16 17:19:00,404165.0,0.230430779556124,0,-0.05785826301067014,-0.11571652602134028,-0.05785826301067014
2014-04-16 17:24:00,399510.0,0.2304586426926803,0,-0.0583514659208146,-0.1167029318416292,-0.058351465920814596
2014-04-16 17:29:00,374197.0,0.2305963768573297,0,-0.058841425489016275,-0.11768285097803255,-0.05884142548901628
2014-04-16 17:34:00,407345.0,0.23042160263128905,0,-0.059328136079182026,-0.11865627215836408,-0.05932813607918203
2014-04-16 17:39:00,399839.0,0.23046449972738195,0,-0.05981159262897615,-0.1196231852579523,-0.05981159262897615
2014-04-16 17:44:00,431195.0,0.2302994790317968,0,-0.0602917906435369,-0.1205835812870738,-0.0602917906435369
2014-04-16 17:49:00,420649.0,0.2301305290894005,0,-0.060768726189062434,-0.12153745237812487,-0.060768726189062434
2014-04-16 17:54:00,1081540.0,0.2265118716389781,0,-0.06124239588627209,-0.12248479177254418,-0.06124239588627209
2014-04-16 17:59:00,383766.0,0.22848309931318364,0,-0.06171279690374915,-0.1234255938074983,-0.06171279690374915
2014-04-16 18:04:00,390450.0,0.2283847274044344,0,-0.062179926951171215,-0.12435985390234244,-0.062179926951171215
2014-04-16 18:09:00,397029.0,0.2283460678198927,0,-0.06264378427243368,-0.12528756854486736,-0.06264378427243368
2014-04-16 18:14:00,1094490.0,0.2364102381711357,0,-0.06310436763867276,-0.12620873527734552,-0.06310436763867276
2014-04-16 18:19:00,392420.0,0.2330981061237521,0,-0.06356167634119342,-0.12712335268238684,-0.06356167634119343
2014-04-16 18:24:00,381615.0,0.2315561330569653,0,-0.06401571018430835,-0.1280314203686167,-0.06401571018430835
2014-04-16 18:29:00,391281.0,0.2328498422042155,0,-0.06446646947809342,-0.12893293895618685,-0.06446646947809342
2014-04-16 18:34:00,393191.0,0.2330604928740365,0,-0.06491395503106552,-0.12982791006213107,-0.06491395503106553
2014-04-16 18:39:00,331182.0,0.22453040683232486,0,-0.06535816814278825,-0.1307163362855765,-0.06535816814278825
2014-04-16 18:44:00,350831.0,0.22718310272526016,0,-0.06579911059641068,-0.13159822119282136,-0.06579911059641068
2014-04-16 18:49:00,255255.0,0.231191326312234,0,-0.06623678465114545,-0.1324735693022909,-0.06623678465114545
2014-04-16 18:54:00,247156.0,0.2322661027276726,0,-0.06667119303469042,-0.13334238606938084,-0.06667119303469042
2014-04-16 18:59:00,235537.0,0.2338266577229105,0,-0.06710233893560026,-0.13420467787120052,-0.06710233893560026
2014-04-16 19:04:00,254176.0,0.23117765861930026,0,-0.0675302259956123,-0.1350604519912246,-0.0675302259956123
2014-04-16 19:09:00,261647.0,0.2300913052505533,0,-0.06795485830193228,-0.13590971660386456,-0.06795485830193228
2014-04-16 19:14:00,558003.0,0.2569495160495929,0,-0.06837624037948464,-0.13675248075896929,-0.06837624037948464
2014-04-16 19:19:00,258198.0,0.2305803227354549,0,-0.0687943771831328,-0.1375887543662656,-0.0687943771831328
2014-04-16 19:24:00,291176.0,0.2260000998403991,0,-0.06920927408987357,-0.13841854817974714,-0.06920927408987357
2014-04-16 19:29:00,246964.0,0.23201281680944594,0,-0.06962093689101087,-0.13924187378202174,-0.06962093689101088
2014-04-16 19:34:00,286839.0,0.2265048727154481,0,-0.07002937178431337,-0.14005874356862674,-0.07002937178431337
2014-04-16 19:39:00,311200.0,0.22314066799966228,0,-0.0704345853661603,-0.1408691707323206,-0.0704345853661603
2014-04-16 19:44:00,301893.0,0.22434436225920304,0,-0.07083658462368038,-0.14167316924736076,-0.07083658462368038
2014-04-16 19:49:00,338780.0,0.22603738381874397,0,-0.07123537692688746,-0.14247075385377492,-0.07123537692688746
2014-04-16 19:54:00,637312.0,0.2690337036651599,0,-0.07163097002081774,-0.14326194004163548,-0.07163097002081774
2014-04-16 19:59:00,757693.0,0.2875569135116751,0,-0.07202337201767252,-0.14404674403534504,-0.07202337201767252
2014-04-16 20:04:00,358971.0,0.22831424457388524,0,-0.07241259138897019,-0.14482518277794038,-0.07241259138897019
2014-04-16 20:09:00,399204.0,0.2337971739254561,0,-0.07279863695771176,-0.14559727391542351,-0.07279863695771176
2014-04-16 20:14:00,1017170.0,0.329914191805531,0,-0.07318151789056362,-0.14636303578112725,-0.07318151789056362
2014-04-16 20:19:00,287447.0,0.227219323626014,0,-0.07356124369006098,-0.14712248738012196,-0.07356124369006098
2014-04-16 20:24:00,258025.0,0.2312690242901391,0,-0.07393782418683592,-0.14787564837367184,-0.07393782418683592
2014-04-16 20:29:00,232855.0,0.2347529193389868,0,-0.07431126953187342,-0.14862253906374687,-0.07431126953187343
2014-04-16 20:34:00,292420.0,0.226579750822428,0,-0.07468159018879865,-0.1493631803775973,-0.07468159018879865
2014-04-16 20:39:00,248389.0,0.2326339922726788,0,-0.07504879692619866,-0.15009759385239732,-0.07504879692619866
2014-04-16 20:44:00,342656.0,0.2255421813962417,0,-0.07541290080998223,-0.15082580161996445,-0.07541290080998223
2014-04-16 20:49:00,336798.0,0.22470424184474394,0,-0.07577391319578003,-0.15154782639156006,-0.07577391319578003
2014-04-16 20:54:00,345060.0,0.22576408841278706,0,-0.07613184572138892,-0.15226369144277785,-0.07613184572138892
2014-04-16 20:59:00,1041190.0,0.33309489975364265,0,-0.07648671029926256,-0.15297342059852512,-0.07648671029926256
2014-04-16 21:04:00,241318.0,0.2341278103903536,0,-0.0768385191090514,-0.1536770382181028,-0.0768385191090514
2014-04-16 21:09:00,238119.0,0.2345827001539605,0,-0.07718728459019465,-0.1543745691803893,-0.07718728459019465
2014-04-16 21:14:00,859607.0,0.3020478849658721,0,-0.07753301943456667,-0.1550660388691333,-0.07753301943456666
2014-04-16 21:19:00,225751.0,0.2365638473912073,0,-0.07787573657918018,-0.15575147315836035,-0.07787573657918018
2014-04-16 21:24:00,221272.0,0.2371915961364375,0,-0.07821544919894888,-0.15643089839789776,-0.07821544919894888
2014-04-16 21:29:00,234415.0,0.2353534994740181,0,-0.07855217069951123,-0.15710434139902246,-0.07855217069951122
2014-04-16 21:34:00,232509.0,0.2347450774148772,0,-0.07888591471011784,-0.15777182942023568,-0.07888591471011784
2014-04-16 21:39:00,228125.0,0.2349744725506255,0,-0.07921669507658467,-0.15843339015316935,-0.07921669507658467
2014-04-16 21:44:00,219696.0,0.2361707266928071,0,-0.0795445258543133,-0.1590890517086266,-0.0795445258543133
2014-04-16 21:49:00,233392.0,0.2342169462087831,0,-0.07986942130138089,-0.15973884260276178,-0.07986942130138089
2014-04-16 21:54:00,217878.0,0.2364291803692131,0,-0.08019139587170095,-0.1603827917434019,-0.08019139587170095
2014-04-16 21:59:00,480163.0,0.24603717629734576,0,-0.08051046420825693,-0.16102092841651386,-0.08051046420825692
2014-04-16 22:04:00,215846.0,0.23682439773925965,0,-0.08082664113640993,-0.16165328227281986,-0.08082664113640993
2014-04-16 22:09:00,234211.0,0.23419406933425274,0,-0.08113994165728226,-0.16227988331456453,-0.08113994165728226
2014-04-16 22:14:00,460745.0,0.2430871124750709,0,-0.08145038094121798,-0.16290076188243593,-0.08145038094121797
2014-04-16 22:19:00,224584.0,0.2356625171632292,0,-0.08175797432132167,-0.16351594864264335,-0.08175797432132167
2014-04-16 22:24:00,240675.0,0.2485455741710159,0,-0.08206273728707711,-0.16412547457415422,-0.08206273728707711
2014-04-16 22:29:00,224321.0,0.25944538568021835,0,-0.08236468547804618,-0.16472937095609233,-0.08236468547804617
2014-04-16 22:34:00,226884.0,0.25769618304514197,0,-0.08266383467764968,-0.16532766935529936,-0.08266383467764968
2014-04-16 22:39:00,206590.0,0.2716313616754558,0,-0.08296020080703094,-0.16592040161406188,-0.08296020080703094
2014-04-16 22:44:00,235275.0,0.2519940215440047,0,-0.08325379991900267,-0.16650759983800534,-0.08325379991900267
2014-04-16 22:49:00,217389.0,0.2639838043000776,0,-0.08354464819207824,-0.16708929638415648,-0.08354464819207824
2014-04-16 22:54:00,219213.0,0.26256146833020466,0,-0.08383276192458806,-0.16766552384917613,-0.08383276192458806
2014-04-16 22:59:00,631031.0,0.4950347903602501,0,-0.08411815752888156,-0.16823631505776313,-0.08411815752888156
2014-04-16 23:04:00,237784.0,0.2505328024063696,0,-0.08440085152561554,-0.16880170305123107,-0.08440085152561554
2014-04-16 23:09:00,231338.0,0.254693843656372,0,-0.08468086053812911,-0.1693617210762582,-0.08468086053812911
2014-04-16 23:14:00,705987.0,0.5561482045784606,0,-0.08495820128690605,-0.1699164025738121,-0.08495820128690605
2014-04-16 23:19:00,227285.0,0.25753629944585144,0,-0.08523289058412464,-0.1704657811682493,-0.08523289058412464
2014-04-16 23:24:00,213108.0,0.2667241764483336,0,-0.08550494532829532,-0.17100989065659067,-0.08550494532829533
2014-04-16 23:29:00,238436.0,0.24980174183144765,0,-0.08577438249898676,-0.17154876499797353,-0.08577438249898676
2014-04-16 23:34:00,223147.0,0.2595349519765041,0,-0.08604121915163987,-0.17208243830327974,-0.08604121915163987
2014-04-16 23:39:00,224171.0,0.2589944134027475,0,-0.08630547241247055,-0.1726109448249411,-0.08630547241247055
2014-04-16 23:44:00,216622.0,0.26395386163570445,0,-0.0865671594734609,-0.1731343189469218,-0.0865671594734609
2014-04-16 23:49:00,255180.0,0.23739961308959626,0,-0.08682629758743897,-0.17365259517487794,-0.08682629758743898
2014-04-16 23:54:00,214977.0,0.2645856889570635,0,-0.08708290406324698,-0.17416580812649396,-0.08708290406324698
2014-04-16 23:59:00,210347.0,0.267541346313679,0,-0.08733699626099786,-0.17467399252199572,-0.08733699626099786
2014-04-17 00:04:00,217693.0,0.261956017442143,0,-0.08758859158742036,-0.1751771831748407,-0.08758859158742036
2014-04-17 00:09:00,210327.0,0.26677736141149777,0,-0.08783770749129192,-0.17567541498258385,-0.08783770749129192
2014-04-17 00:14:00,221405.0,0.25866755418384896,0,-0.08808436145895962,-0.17616872291791927,-0.08808436145895963
2014-04-17 00:19:00,220735.0,0.2589858863001474,0,-0.08832857100994856,-0.17665714201989713,-0.08832857100994856
2014-04-17 00:24:00,234464.0,0.2493620496844737,0,-0.08857035369265756,-0.17714070738531512,-0.08857035369265756
2014-04-17 00:29:00,222261.0,0.2576400399069013,0,-0.08880972708014177,-0.17761945416028355,-0.08880972708014177
2014-04-17 00:34:00,231546.0,0.2510033245389547,0,-0.0890467087659816,-0.1780934175319632,-0.0890467087659816
2014-04-17 00:39:00,224794.0,0.2554201735784998,0,-0.08928131636023802,-0.17856263272047607,-0.08928131636023803
2014-04-17 00:44:00,221865.0,0.2571536868879521,0,-0.0895135674854931,-0.1790271349709862,-0.0895135674854931
2014-04-17 00:49:00,222229.0,0.2566118937672482,0,-0.08974347977297567,-0.17948695954595134,-0.08974347977297568
2014-04-17 00:54:00,219128.0,0.2584511231372383,0,-0.08997107085877172,-0.17994214171754344,-0.08997107085877172
2014-04-17 00:59:00,222181.0,0.25599610534787465,0,-0.09019635838011834,-0.1803927167602367,-0.09019635838011834
2014-04-17 01:04:00,212468.0,0.26245548715810585,0,-0.09041935997178134,-0.18083871994356268,-0.09041935997178134
2014-04-17 01:09:00,225354.0,0.25313329270882673,0,-0.09064009326251536,-0.18128018652503072,-0.09064009326251536
2014-04-17 01:14:00,202729.0,0.2687218669851096,0,-0.09085857587160596,-0.18171715174321196,-0.09085857587160596
2014-04-17 01:19:00,220268.0,0.2559827829842026,0,-0.0910748254054932,-0.1821496508109864,-0.0910748254054932
2014-04-17 01:24:00,201837.0,0.2686677195331411,0,-0.09128885945447557,-0.1825777189089512,-0.09128885945447558
2014-04-17 01:29:00,213694.0,0.25982307809074323,0,-0.09150069558949417,-0.1830013911789884,-0.09150069558949418
2014-04-17 01:34:00,209888.0,0.2621772522350688,0,-0.09171035135899552,-0.18342070271799105,-0.09171035135899552
2014-04-17 01:39:00,212408.0,0.2600194766696379,0,-0.09191784428587307,-0.18383568857174615,-0.09191784428587309
2014-04-17 01:44:00,200900.0,0.26789423743722834,0,-0.09212319186448607,-0.18424638372897212,-0.09212319186448607
2014-04-17 01:49:00,213967.0,0.2582173046341785,0,-0.0923264115577551,-0.1846528231155102,-0.0923264115577551
2014-04-17 01:54:00,226960.0,0.2488664603070577,0,-0.09252752079433356,-0.1850550415886671,-0.09252752079433355
2014-04-17 01:59:00,195205.0,0.2709260420844629,0,-0.09272653696585403,-0.1854530739317081,-0.09272653696585405
2014-04-17 02:04:00,226383.0,0.24847875860074714,0,-0.09292347742424904,-0.18584695484849809,-0.09292347742424904
2014-04-17 02:09:00,917486.0,0.7599950350341087,0,-0.09311835947914454,-0.18623671895828908,-0.09311835947914454
2014-04-17 02:14:00,218211.0,0.25384703269079345,0,-0.09331120039532642,-0.18662240079065284,-0.09331120039532642
2014-04-17 02:19:00,209780.0,0.25924844855399226,0,-0.09350201739027797,-0.1870040347805559,-0.09350201739027796
2014-04-17 02:24:00,226692.0,0.2474459359792465,0,-0.09369082763178796,-0.18738165526357592,-0.09369082763178796
2014-04-17 02:29:00,191948.0,0.2709012775259553,0,-0.0938776482356286,-0.1877552964712572,-0.0938776482356286
2014-04-17 02:34:00,220979.0,0.2505255056505256,0,-0.09406249626330172,-0.18812499252660345,-0.09406249626330172
2014-04-17 02:39:00,207348.0,0.2594307382313757,0,-0.09424538871985308,-0.18849077743970613,-0.09424538871985307
2014-04-17 02:44:00,214215.0,0.25432922087763865,0,-0.09442634255175307,-0.1888526851035061,-0.09442634255175307
2014-04-17 02:49:00,216299.0,0.25258091460415005,0,-0.09460537464484367,-0.1892107492896873,-0.09460537464484367
2014-04-17 02:54:00,212125.0,0.2550538265629421,0,-0.09478250182234982,-0.18956500364469964,-0.09478250182234982
2014-04-17 02:59:00,207889.0,0.2575889895496086,0,-0.09495774084295493,-0.18991548168590985,-0.09495774084295491
2014-04-17 03:04:00,207542.0,0.2574387123407289,0,-0.09513110839893917,-0.19026221679787836,-0.09513110839893917
2014-04-17 03:09:00,237138.0,0.2372915990974605,0,-0.09530262111437993,-0.19060524222875985,-0.09530262111437991
2014-04-17 03:14:00,212703.0,0.2532523191177086,0,-0.0954722955434128,-0.1909445910868256,-0.09547229554341279
2014-04-17 03:19:00,211391.0,0.25379375463549203,0,-0.09564014816855314,-0.19128029633710628,-0.09564014816855314
2014-04-17 03:24:00,200963.0,0.2606165753316289,0,-0.0958061953990761,-0.1916123907981522,-0.0958061953990761
2014-04-17 03:29:00,214174.0,0.2511307094338535,0,-0.09597045356945502,-0.19194090713891004,-0.09597045356945502
2014-04-17 03:34:00,207527.0,0.2553399259463489,0,-0.09613293893785672,-0.19226587787571345,-0.09613293893785672
2014-04-17 03:39:00,216801.0,0.248616337326336,0,-0.09629366768469302,-0.19258733536938605,-0.09629366768469302
2014-04-17 03:44:00,210849.0,0.2523406725024058,0,-0.09645265591122726,-0.19290531182245446,-0.09645265591122726
2014-04-17 03:49:00,215363.0,0.24903593597702586,0,-0.09660991963823494,-0.19321983927646988,-0.09660991963823494
2014-04-17 03:54:00,210266.0,0.2524961774555111,0,-0.09676547480471767,-0.19353094960943532,-0.09676547480471767
2014-04-17 03:59:00,216175.0,0.2483940690392419,0,-0.0969193372666692,-0.1938386745333384,-0.09691933726666921
2014-04-17 04:04:00,221101.0,0.2450395013593612,0,-0.09707152279589276,-0.19414304559178552,-0.09707152279589276
2014-04-17 04:09:00,217077.0,0.24771922891913914,0,-0.0972220470788687,-0.1944440941577374,-0.0972220470788687
2014-04-17 04:14:00,220455.0,0.2453606815727652,0,-0.09737092571567138,-0.1947418514313428,-0.09737092571567138
2014-04-17 04:19:00,186322.0,0.26899303821332265,0,-0.09751817421893468,-0.19503634843786932,-0.09751817421893468
2014-04-17 04:24:00,220531.0,0.2451873818892662,0,-0.09766380801286463,-0.19532761602572926,-0.09766380801286463
2014-04-17 04:29:00,206348.0,0.2549024329531102,0,-0.09780784243229898,-0.195615684864598,-0.09780784243229898
2014-04-17 04:34:00,222749.0,0.24414110966902464,0,-0.09795029272181197,-0.1959005854436239,-0.09795029272181195
2014-04-17 04:39:00,212614.0,0.25148775241927845,0,-0.09809117403486398,-0.19618234806972795,-0.09809117403486398
2014-04-17 04:44:00,201289.0,0.25978399319970097,0,-0.09823050143299504,-0.19646100286599008,-0.09823050143299504
2014-04-17 04:49:00,216548.0,0.24962258258960485,0,-0.09836828988506097,-0.19673657977012196,-0.09836828988506097
2014-04-17 04:54:00,231366.0,0.23994161943997205,0,-0.09850455426651156,-0.1970091085330232,-0.09850455426651158
2014-04-17 04:59:00,212457.0,0.25338734407729235,0,-0.09863930935871004,-0.19727861871742008,-0.09863930935871004
2014-04-17 05:04:00,207536.0,0.2573446726110236,0,-0.09877256984829226,-0.19754513969658447,-0.09877256984829226
2014-04-17 05:09:00,235956.0,0.23797217855775635,0,-0.09890435032656572,-0.19780870065313147,-0.09890435032656573
2014-04-17 05:14:00,213919.0,0.2535855479647913,0,-0.09903466528894674,-0.19806933057789347,-0.09903466528894674
2014-04-17 05:19:00,218748.0,0.2505289946563839,0,-0.0991635291344352,-0.19832705826887045,-0.09916352913443521
2014-04-17 05:24:00,225233.0,0.2463469409178844,0,-0.09929095616512633,-0.19858191233025266,-0.09929095616512633
2014-04-17 05:29:00,221883.0,0.2489760130148057,0,-0.09941696058575797,-0.1988339211715159,-0.09941696058575795
2014-04-17 05:34:00,209158.0,0.2583891374006209,0,-0.0995415565032933,-0.1990831130065866,-0.0995415565032933
2014-04-17 05:39:00,215984.0,0.2537696603775013,0,-0.09966475792653773,-0.19932951585307546,-0.09966475792653771
2014-04-17 05:44:00,234190.0,0.2412194705105564,0,-0.09978657876578907,-0.19957315753157812,-0.09978657876578907
2014-04-17 05:49:00,274763.0,0.2310624027904219,0,-0.09990703283252073,-0.19981406566504145,-0.09990703283252071
2014-04-17 05:54:00,161788.0,0.2956067157018193,0,-0.1000261338390962,-0.2000522676781924,-0.10002613383909621
2014-04-17 05:59:00,210425.0,0.25870688893623817,0,-0.10014389539851552,-0.20028779079703105,-0.10014389539851551
2014-04-17 06:04:00,220339.0,0.25164617263085115,0,-0.10026033102419107,-0.20052066204838212,-0.10026033102419107
2014-04-17 06:09:00,229880.0,0.2449591460364676,0,-0.10037545412975372,-0.20075090825950745,-0.10037545412975372
2014-04-17 06:14:00,220044.0,0.2519066129957492,0,-0.10048927802888744,-0.20097855605777487,-0.10048927802888744
2014-04-17 06:19:00,207077.0,0.2613389767188857,0,-0.10060181593519198,-0.201203631870384,-0.10060181593519199
2014-04-17 06:24:00,226507.0,0.24732514565414795,0,-0.10071308096207317,-0.20142616192414636,-0.10071308096207317
2014-04-17 06:29:00,212921.0,0.257008815211966,0,-0.10082308612265954,-0.20164617224531908,-0.10082308612265954
2014-04-17 06:34:00,205958.0,0.26200017937070463,0,-0.10093184432974517,-0.2018636886594903,-0.10093184432974515
2014-04-17 06:39:00,222496.0,0.25001815274290506,0,-0.10103936839575753,-0.20207873679151506,-0.10103936839575751
2014-04-17 06:44:00,217916.0,0.2532432155100958,0,-0.1011456710327502,-0.2022913420655004,-0.1011456710327502
2014-04-17 06:49:00,220496.0,0.2513961138429305,0,-0.10125076485241916,-0.2025015297048384,-0.10125076485241918
2014-04-17 06:54:00,228825.0,0.2455157042783217,0,-0.10135466236614264,-0.20270932473228528,-0.10135466236614264
2014-04-17 06:59:00,211270.0,0.2580103287899607,0,-0.10145737598504308,-0.20291475197008615,-0.10145737598504309
2014-04-17 07:04:00,215760.0,0.2546999635409677,0,-0.10155891802007162,-0.20311783604014325,-0.10155891802007162
2014-04-17 07:09:00,240551.0,0.2372435244067477,0,-0.10165930068211347,-0.20331860136422691,-0.10165930068211347
2014-04-17 07:14:00,204186.0,0.26301699883382057,0,-0.10175853608211408,-0.20351707216422812,-0.10175853608211408
2014-04-17 07:19:00,220298.0,0.2513245069198837,0,-0.10185663623122547,-0.20371327246245094,-0.10185663623122548
2014-04-17 07:24:00,210489.0,0.25837120867594504,0,-0.10195361304097207,-0.20390722608194414,-0.10195361304097209
2014-04-17 07:29:00,208134.0,0.2600019833158072,0,-0.1020494783234352,-0.2040989566468704,-0.10204947832343521
2014-04-17 07:34:00,223072.0,0.2492349445043587,0,-0.10214424379145616,-0.20428848758291232,-0.10214424379145616
2014-04-17 07:39:00,213666.0,0.2559364335872002,0,-0.10223792105885693,-0.20447584211771386,-0.10223792105885693
2014-04-17 07:44:00,214512.0,0.2552847189029235,0,-0.10233052164067814,-0.2046610432813563,-0.10233052164067814
2014-04-17 07:49:00,210834.0,0.25793802127570625,0,-0.10242205695343354,-0.20484411390686708,-0.10242205695343354
2014-04-17 07:54:00,228575.0,0.2452702866439631,0,-0.10251253831538078,-0.20502507663076155,-0.10251253831538078
2014-04-17 07:59:00,198107.0,0.2672566638988164,0,-0.10260197694680764,-0.2052039538936153,-0.10260197694680763
2014-04-17 08:04:00,231913.0,0.2428862784875064,0,-0.1026903839703333,-0.2053807679406666,-0.1026903839703333
2014-04-17 08:09:00,216012.0,0.25417647367091595,0,-0.10277777041122434,-0.20555554082244867,-0.10277777041122434
2014-04-17 08:14:00,214453.0,0.2551900096051716,0,-0.10286414719772463,-0.2057282943954493,-0.10286414719772465
2014-04-17 08:19:00,199016.0,0.26641241215397976,0,-0.10294952516139896,-0.2058990503227979,-0.10294952516139895
2014-04-17 08:24:00,217999.0,0.25254559699501783,0,-0.10303391503748946,-0.20606783007497886,-0.10303391503748946
2014-04-17 08:29:00,207921.0,0.2597923526090474,0,-0.1031173274652852,-0.2062346549305704,-0.1031173274652852
2014-04-17 08:34:00,210340.0,0.2580323322907941,0,-0.1031997729885034,-0.2063995459770068,-0.10319977298850339
2014-04-17 08:39:00,227747.0,0.24563847363769714,0,-0.10328126205568257,-0.20656252411136514,-0.10328126205568257
2014-04-17 08:44:00,204163.0,0.2625405571620858,0,-0.1033618050205873,-0.2067236100411746,-0.1033618050205873
2014-04-17 08:49:00,212484.0,0.2564346366609572,0,-0.10344141214262316,-0.20688282428524635,-0.10344141214262317
2014-04-17 08:54:00,218053.0,0.2524299282178567,0,-0.10352009358726284,-0.20704018717452569,-0.10352009358726283
2014-04-17 08:59:00,221129.0,0.2502071666637652,0,-0.1035978594264816,-0.2071957188529632,-0.10359785942648159
2014-04-17 09:04:00,210613.0,0.2577631842632697,0,-0.10367471963920294,-0.20734943927840588,-0.10367471963920294
2014-04-17 09:09:00,241545.0,0.2359958623786736,0,-0.10375068411175313,-0.20750136822350626,-0.10375068411175313
2014-04-17 09:14:00,213043.0,0.2559619254269029,0,-0.10382576263832466,-0.20765152527664926,-0.10382576263832466
2014-04-17 09:19:00,209213.0,0.2587123195942129,0,-0.10389996492144823,-0.20779992984289647,-0.10389996492144823
2014-04-17 09:24:00,201414.0,0.2643868659852749,0,-0.10397330057247274,-0.20794660114494548,-0.10397330057247274
2014-04-17 09:29:00,204658.0,0.261953270722221,0,-0.10404577911205314,-0.20809155822410627,-0.10404577911205314
2014-04-17 09:34:00,221399.0,0.2498675939157622,0,-0.10411740997064543,-0.2082348199412909,-0.10411740997064545
2014-04-17 09:39:00,216093.0,0.2536690273014944,0,-0.10418820248900908,-0.20837640497801815,-0.10418820248900909
2014-04-17 09:44:00,207952.0,0.2595159187479407,0,-0.10425816591871573,-0.20851633183743146,-0.10425816591871573
2014-04-17 09:49:00,215485.0,0.254055004898741,0,-0.1043273094226645,-0.208654618845329,-0.1043273094226645
2014-04-17 09:54:00,223631.0,0.24822314746313434,0,-0.10439564207560338,-0.2087912841512068,-0.10439564207560338
2014-04-17 09:59:00,197836.0,0.26685489872687024,0,-0.10446317286465626,-0.2089263457293125,-0.10446317286465626
2014-04-17 10:04:00,216583.0,0.25314580999374514,0,-0.10452991068985544,-0.20905982137971085,-0.10452991068985543
2014-04-17 10:09:00,230679.0,0.2432452291454051,0,-0.1045958643646792,-0.2091917287293584,-0.10459586436467919
2014-04-17 10:14:00,204190.0,0.26207388170470075,0,-0.1046610426165944,-0.2093220852331888,-0.1046610426165944
2014-04-17 10:19:00,217961.0,0.2521293943188293,0,-0.10472545408760348,-0.20945090817520692,-0.10472545408760348
2014-04-17 10:24:00,214784.0,0.2543991591517369,0,-0.10478910733479577,-0.2095782146695915,-0.10478910733479575
2014-04-17 10:29:00,198406.0,0.2663237609147576,0,-0.10485201083090284,-0.20970402166180568,-0.10485201083090284
2014-04-17 10:34:00,212062.0,0.25633453125060995,0,-0.10491417296485774,-0.20982834592971547,-0.10491417296485774
2014-04-17 10:39:00,220773.0,0.25007269145941563,0,-0.1049756020423574,-0.2099512040847148,-0.10497560204235741
2014-04-17 10:44:00,197605.0,0.26684983734100715,0,-0.10503630628642877,-0.21007261257285756,-0.10503630628642877
2014-04-17 10:49:00,232403.0,0.24185755413154456,0,-0.10509629383799736,-0.21019258767599472,-0.10509629383799736
2014-04-17 10:54:00,202737.0,0.2629997832715731,0,-0.1051555727564592,-0.2103111455129184,-0.1051555727564592
2014-04-17 10:59:00,220954.0,0.2497947204970109,0,-0.1052141510202548,-0.2104283020405096,-0.10521415102025479
2014-04-17 11:04:00,208226.0,0.258913589457588,0,-0.10527203652744577,-0.21054407305489156,-0.10527203652744577
2014-04-17 11:09:00,218636.0,0.2514224877809549,0,-0.1053292370962934,-0.2106584741925868,-0.10532923709629341
2014-04-17 11:14:00,214410.0,0.2543504199683598,0,-0.1053857604658392,-0.2107715209316784,-0.1053857604658392
2014-04-17 11:19:00,210202.0,0.2573612378413588,0,-0.10544161429648688,-0.21088322859297376,-0.10544161429648688
2014-04-17 11:24:00,218896.0,0.2511191169885257,0,-0.1054968061705863,-0.2109936123411726,-0.1054968061705863
2014-04-17 11:29:00,209896.0,0.25759697924189456,0,-0.10555134359301817,-0.2111026871860364,-0.10555134359301818
2014-04-17 11:34:00,220425.0,0.2500416962382306,0,-0.10560523399178023,-0.21121046798356047,-0.10560523399178023
2014-04-17 11:39:00,208755.0,0.2584419648467484,0,-0.10565848471857417,-0.2113169694371483,-0.10565848471857416
2014-04-17 11:44:00,217977.0,0.2517486348908796,0,-0.1057111030493932,-0.2114222060987864,-0.1057111030493932
2014-04-17 11:49:00,201048.0,0.2639464505016139,0,-0.10576309618511058,-0.2115261923702212,-0.10576309618511058
2014-04-17 11:54:00,222067.0,0.2487386845270037,0,-0.10581447125206796,-0.211628942504136,-0.10581447125206798
2014-04-17 11:59:00,205460.0,0.2606281421271036,0,-0.10586523530266456,-0.21173047060532912,-0.10586523530266456
2014-04-17 12:04:00,212636.0,0.255378121466308,0,-0.10591539531594578,-0.2118307906318916,-0.10591539531594578
2014-04-17 12:09:00,237591.0,0.2379267778590972,0,-0.10596495819819236,-0.21192991639638475,-0.10596495819819236
2014-04-17 12:14:00,204901.0,0.2609955888457382,0,-0.10601393078350893,-0.21202786156701786,-0.10601393078350892
2014-04-17 12:19:00,213720.0,0.2545804276877807,0,-0.1060623198344122,-0.2121246396688244,-0.10606231983441221
2014-04-17 12:24:00,202908.0,0.2623967875283661,0,-0.10611013204241884,-0.21222026408483768,-0.10611013204241883
2014-04-17 12:29:00,219203.0,0.250593623477059,0,-0.10615737402863246,-0.2123147480572649,-0.10615737402863246
2014-04-17 12:34:00,203825.0,0.2616032842741203,0,-0.10620405234433007,-0.21240810468866012,-0.10620405234433007
2014-04-17 12:39:00,221367.0,0.2489395753541117,0,-0.1062501734715474,-0.2125003469430948,-0.1062501734715474
2014-04-17 12:44:00,203463.0,0.2617514586189227,0,-0.10629574382366327,-0.21259148764732655,-0.10629574382366329
2014-04-17 12:49:00,227428.0,0.2445732941186742,0,-0.106340769745983,-0.21268153949196605,-0.10634076974598301
2014-04-17 12:54:00,212574.0,0.2550976431212811,0,-0.1063852575163202,-0.2127705150326404,-0.10638525751632019
2014-04-17 12:59:00,204579.0,0.2608175242221664,0,-0.10642921334557742,-0.21285842669115485,-0.10642921334557742
2014-04-17 13:04:00,226811.0,0.24496685137223806,0,-0.1064726433783254,-0.2129452867566508,-0.1064726433783254
2014-04-17 13:09:00,224210.0,0.2467536237610103,0,-0.1065155536933805,-0.213031107386761,-0.1065155536933805
2014-04-17 13:14:00,212323.0,0.25511100847225904,0,-0.1065579503043806,-0.2131159006087612,-0.1065579503043806
2014-04-17 13:19:00,204648.0,0.2606261317103236,0,-0.1065998391603592,-0.21319967832071846,-0.10659983916035921
2014-04-17 13:24:00,224538.0,0.2463992864933397,0,-0.10664122614631764,-0.2132824522926353,-0.10664122614631763
2014-04-17 13:29:00,210720.0,0.25620550973769896,0,-0.10668211708379527,-0.2133642341675905,-0.10668211708379526
2014-04-17 13:34:00,213729.0,0.2539968090079601,0,-0.1067225177314378,-0.2134450354628756,-0.1067225177314378
2014-04-17 13:39:00,210685.0,0.25616178961106195,0,-0.10676243378556337,-0.2135248675711267,-0.10676243378556335
2014-04-17 13:44:00,214452.0,0.2534046215002827,0,-0.10680187088072624,-0.2136037417614525,-0.10680187088072625
2014-04-17 13:49:00,217432.0,0.25125485034370953,0,-0.10684083459027867,-0.21368166918055734,-0.10684083459027867
2014-04-17 13:54:00,221219.0,0.24859186418381274,0,-0.1068793304269299,-0.2137586608538598,-0.1068793304269299
2014-04-17 13:59:00,212086.0,0.2550963143188649,0,-0.10691736384330314,-0.21383472768660627,-0.10691736384330314
2014-04-17 14:04:00,223864.0,0.2467483022809215,0,-0.10695494023248972,-0.21390988046497947,-0.10695494023248973
2014-04-17 14:09:00,234264.0,0.2394683813968429,0,-0.10699206492860104,-0.21398412985720208,-0.10699206492860104
2014-04-17 14:14:00,191448.0,0.26997535740233153,0,-0.1070287432073175,-0.21405748641463498,-0.1070287432073175
2014-04-17 14:19:00,220392.0,0.2489985996104955,0,-0.10706498028643513,-0.21412996057287026,-0.10706498028643512
2014-04-17 14:24:00,210655.0,0.25594220456734484,0,-0.10710078132640913,-0.21420156265281826,-0.10710078132640913
2014-04-17 14:29:00,217940.0,0.250707011008515,0,-0.10713615143089494,-0.2142723028617899,-0.10713615143089494
2014-04-17 14:34:00,202145.0,0.26204774492871696,0,-0.10717109564728623,-0.2143421912945725,-0.10717109564728625
2014-04-17 14:39:00,220958.0,0.2485530595124429,0,-0.10720561896725016,-0.21441123793450031,-0.10720561896725016
2014-04-17 14:44:00,198583.0,0.2646823036109157,0,-0.10723972632725946,-0.21447945265451893,-0.10723972632725946
2014-04-17 14:49:00,204996.0,0.25992805295951743,0,-0.1072734226091219,-0.2145468452182438,-0.1072734226091219
2014-04-17 14:54:00,228218.0,0.2434957398616845,0,-0.10730671264050637,-0.21461342528101274,-0.10730671264050637
2014-04-17 14:59:00,204380.0,0.2609256311853402,0,-0.1073396011954661,-0.2146792023909322,-0.1073396011954661
2014-04-17 15:04:00,220523.0,0.2498631721791148,0,-0.1073720929949587,-0.2147441859899174,-0.1073720929949587
2014-04-17 15:09:00,220136.0,0.25069550803135976,0,-0.10740419270736312,-0.21480838541472624,-0.10740419270736312
2014-04-17 15:14:00,208032.0,0.2598806817733202,0,-0.10743590494899327,-0.21487180989798654,-0.10743590494899329
2014-04-17 15:19:00,216061.0,0.25454090611099595,0,-0.10746723428460876,-0.2149344685692175,-0.10746723428460875
2014-04-17 15:24:00,215063.0,0.25492301998549355,0,-0.10749818522792187,-0.21499637045584372,-0.10749818522792187
2014-04-17 15:29:00,200904.0,0.26523238509710684,0,-0.10752876224210192,-0.21505752448420384,-0.10752876224210192
2014-04-17 15:34:00,218049.0,0.25249311578788153,0,-0.10755896974027578,-0.21511793948055155,-0.10755896974027578
2014-04-17 15:39:00,210933.0,0.2577059404959309,0,-0.10758881208602533,-0.21517762417205066,-0.10758881208602532
2014-04-17 15:44:00,207475.0,0.2601406584962204,0,-0.10761829359388153,-0.21523658718776306,-0.10761829359388152
2014-04-17 15:49:00,243426.0,0.2344481015014339,0,-0.10764741852981513,-0.21529483705963026,-0.10764741852981513
2014-04-17 15:54:00,341121.0,0.28047586241065803,0,-0.10767619111172404,-0.21535238222344807,-0.10767619111172404
2014-04-17 15:59:00,337174.0,0.2771503438497398,0,-0.10770461550991713,-0.21540923101983425,-0.10770461550991711
2014-04-17 16:04:00,327400.0,0.2694078571875729,0,-0.10773269584759478,-0.21546539169518955,-0.10773269584759478
2014-04-17 16:09:00,980290.0,0.8177118543165798,0,-0.10776043620132597,-0.21552087240265197,-0.107760436201326
2014-04-17 16:14:00,214182.0,0.2559416419836786,0,-0.107787840601522,-0.215575681203044,-0.107787840601522
2014-04-17 16:19:00,239616.0,0.23857595385382266,0,-0.10781491303290627,-0.21562982606581255,-0.10781491303290629
2014-04-17 16:24:00,203846.0,0.2631298061614029,0,-0.10784165743498143,-0.2156833148699629,-0.10784165743498145
2014-04-17 16:29:00,222009.0,0.2503790908906853,0,-0.10786807770249228,-0.21573615540498453,-0.10786807770249227
2014-04-17 16:34:00,230337.0,0.24468616319938466,0,-0.10789417768588548,-0.21578835537177093,-0.10789417768588547
2014-04-17 16:39:00,209210.0,0.2591478872908924,0,-0.10791996119176593,-0.21583992238353186,-0.10791996119176592
2014-04-17 16:44:00,1612430.0,0.9751138340951035,0,-0.10794543198334933,-0.21589086396669865,-0.10794543198334933
2014-04-17 16:49:00,229273.0,0.2448906424344816,0,-0.1079705937809114,-0.2159411875618228,-0.1079705937809114
2014-04-17 16:54:00,230641.0,0.2440633031516451,0,-0.1079954502622336,-0.2159909005244672,-0.1079954502622336
2014-04-17 16:59:00,228909.0,0.2449174033536666,0,-0.10802000506304522,-0.21604001012609045,-0.10802000506304522
2014-04-17 17:04:00,260934.0,0.22640431389167065,0,-0.10804426177746207,-0.21608852355492414,-0.10804426177746208
2014-04-17 17:09:00,602013.0,0.4531984706671982,0,-0.1080682239584216,-0.2161364479168432,-0.1080682239584216
2014-04-17 17:14:00,224751.0,0.2474946115439555,0,-0.10809189511811444,-0.21618379023622888,-0.10809189511811443
2014-04-17 17:19:00,221389.0,0.2494797757803341,0,-0.10811527872841252,-0.21623055745682507,-0.10811527872841253
2014-04-17 17:24:00,233174.0,0.2426006550531783,0,-0.10813837822129373,-0.21627675644258745,-0.10813837822129373
2014-04-17 17:29:00,219319.0,0.2507409889324998,0,-0.10816119698926274,-0.21632239397852548,-0.10816119698926274
2014-04-17 17:34:00,228634.0,0.24518702903458664,0,-0.10818373838576878,-0.2163674767715376,-0.10818373838576878
2014-04-17 17:39:00,220656.0,0.24984641775875435,0,-0.10820600572561948,-0.21641201145123895,-0.10820600572561949
2014-04-17 17:44:00,484722.0,0.3615940290160998,0,-0.10822800228539156,-0.21645600457078312,-0.10822800228539156
2014-04-17 17:49:00,238032.0,0.2401006172175237,0,-0.10824973130383768,-0.21649946260767536,-0.10824973130383769
2014-04-17 17:54:00,223131.0,0.2486786953325245,0,-0.1082711959822902,-0.2165423919645804,-0.10827119598229021
2014-04-17 17:59:00,217405.0,0.2519230259969897,0,-0.10829239948506113,-0.21658479897012226,-0.10829239948506113
2014-04-17 18:04:00,232283.0,0.24300308834464324,0,-0.10831334493983864,-0.2166266898796773,-0.10831334493983863
2014-04-17 18:09:00,524693.0,0.39045046635213576,0,-0.10833403543808036,-0.21666807087616075,-0.10833403543808037
2014-04-17 18:14:00,214080.0,0.2538839462369074,0,-0.10835447403540306,-0.21670894807080607,-0.10835447403540306
2014-04-17 18:19:00,232978.0,0.2425198373609657,0,-0.10837466375196868,-0.21674932750393736,-0.10837466375196868
2014-04-17 18:24:00,215185.0,0.2525997218665543,0,-0.10839460757286733,-0.21678921514573465,-0.10839460757286731
2014-04-17 18:29:00,224444.0,0.2468247153927608,0,-0.1084143084484966,-0.2168286168969932,-0.1084143084484966
2014-04-17 18:34:00,230059.0,0.24328866673726604,0,-0.10843376929493756,-0.2168675385898751,-0.10843376929493755
2014-04-17 18:39:00,221284.0,0.24808299322958585,0,-0.10845299299432727,-0.21690598598865451,-0.10845299299432727
2014-04-17 18:44:00,543313.0,0.4071129860018727,0,-0.10847198239522808,-0.21694396479045616,-0.10847198239522808
2014-04-17 18:49:00,219987.0,0.24865451552902776,0,-0.10849074031299333,-0.21698148062598666,-0.10849074031299333
2014-04-17 18:54:00,237429.0,0.2382154773350102,0,-0.10850926953012993,-0.21701853906025986,-0.10850926953012992
2014-04-17 18:59:00,227474.0,0.24326183167457155,0,-0.10852757279665734,-0.21705514559331468,-0.10852757279665734
2014-04-17 19:04:00,234078.0,0.23898985128984754,0,-0.10854565283046357,-0.2170913056609271,-0.10854565283046355
2014-04-17 19:09:00,625793.0,0.4877688600492249,0,-0.10856351231765744,-0.21712702463531489,-0.10856351231765743
2014-04-17 19:14:00,227170.0,0.2431480237647384,0,-0.10858115391291796,-0.2171623078258359,-0.10858115391291795
2014-04-17 19:19:00,220482.0,0.2466983649558378,0,-0.10859858023984008,-0.21719716047968016,-0.10859858023984009
2014-04-17 19:24:00,235699.0,0.23675003224634936,0,-0.10861579389127753,-0.21723158778255505,-0.10861579389127751
2014-04-17 19:29:00,226656.0,0.2421468065853975,0,-0.1086327974296819,-0.2172655948593638,-0.1086327974296819
2014-04-17 19:34:00,213664.0,0.25015603924630336,0,-0.10864959338743918,-0.2172991867748784,-0.10864959338743918
2014-04-17 19:39:00,227011.0,0.2412468480956801,0,-0.10866618426720248,-0.21733236853440493,-0.10866618426720247
2014-04-17 19:44:00,920637.0,0.7406039968857375,0,-0.10868257254222176,-0.21736514508444352,-0.10868257254222176
2014-04-17 19:49:00,239921.0,0.23374659560256225,0,-0.10869876065667064,-0.21739752131334125,-0.10869876065667063
2014-04-17 19:54:00,229576.0,0.23997856510077525,0,-0.10871475102596956,-0.21742950205193912,-0.10871475102596956
2014-04-17 19:59:00,237654.0,0.2350423628338087,0,-0.10873054603710627,-0.21746109207421252,-0.10873054603710627
2014-04-17 20:04:00,226250.0,0.2419837829535732,0,-0.1087461480489528,-0.21749229609790566,-0.10874614804895281
2014-04-17 20:09:00,799628.0,0.6370254368153511,0,-0.10876155939257977,-0.2175231187851595,-0.10876155939257975
2014-04-17 20:14:00,227647.0,0.2417453056862535,0,-0.10877678237156704,-0.2175535647431341,-0.10877678237156703
2014-04-17 20:19:00,228812.0,0.24050163447017586,0,-0.1087918192623119,-0.2175836385246238,-0.1087918192623119
2014-04-17 20:24:00,229508.0,0.2400223142683496,0,-0.10880667231433384,-0.2176133446286677,-0.10880667231433384
2014-04-17 20:29:00,223668.0,0.2434296027074813,0,-0.10882134375057637,-0.21764268750115276,-0.10882134375057637
2014-04-17 20:34:00,235206.0,0.2364405281738905,0,-0.1088358357677058,-0.2176716715354116,-0.1088358357677058
2014-04-17 20:39:00,206290.0,0.253984724489825,0,-0.10885015053640723,-0.21770030107281446,-0.10885015053640722
2014-04-17 20:44:00,501082.0,0.3896213878919323,0,-0.10886429020167733,-0.21772858040335466,-0.10886429020167733
2014-04-17 20:49:00,235969.0,0.23601528506811525,0,-0.10887825688311437,-0.2177565137662287,-0.10887825688311435
2014-04-17 20:54:00,229802.0,0.2394901811111558,0,-0.10889205267520508,-0.21778410535041012,-0.10889205267520508
2014-04-17 20:59:00,230381.0,0.2385000037508433,0,-0.10890567964760901,-0.217811359295218,-0.10890567964760899
2014-04-17 21:04:00,225571.0,0.2406895712483934,0,-0.10891913984543944,-0.2178382796908789,-0.10891913984543945
2014-04-17 21:09:00,713233.0,0.5748988504386949,0,-0.1089324352895421,-0.2178648705790842,-0.1089324352895421
2014-04-17 21:14:00,218863.0,0.24492784981289914,0,-0.10894556797677044,-0.21789113595354087,-0.10894556797677044
2014-04-17 21:19:00,240598.0,0.2305277764559141,0,-0.1089585398802584,-0.2179170797605168,-0.1089585398802584
2014-04-17 21:24:00,217460.0,0.24507499999071186,0,-0.1089713529496904,-0.2179427058993808,-0.10897135294969039
2014-04-17 21:29:00,235892.0,0.2332740200032261,0,-0.10898400911156836,-0.21796801822313674,-0.10898400911156837
2014-04-17 21:34:00,210112.0,0.2497701851197907,0,-0.1089965102694762,-0.2179930205389524,-0.10899651026947621
2014-04-17 21:39:00,234472.0,0.2339966310115497,0,-0.10900885830434136,-0.21801771660868272,-0.10900885830434136
2014-04-17 21:44:00,828152.0,0.6812407732995943,0,-0.10902105507469373,-0.21804211014938746,-0.10902105507469373
2014-04-17 21:49:00,228027.0,0.23863007468387384,0,-0.109033102416922,-0.218066204833844,-0.10903310241692199
2014-04-17 21:54:00,232528.0,0.2356410401657843,0,-0.10904500214552704,-0.2180900042910541,-0.10904500214552705
2014-04-17 21:59:00,222600.0,0.2415636976552509,0,-0.10905675605337303,-0.2181135121067461,-0.10905675605337305
2014-04-17 22:04:00,219628.0,0.2427322266923345,0,-0.10906836591193553,-0.21813673182387106,-0.10906836591193551
2014-04-17 22:09:00,815393.0,0.6843214306462962,0,-0.10907983347154718,-0.21815966694309435,-0.10907983347154718
2014-04-17 22:14:00,232129.0,0.2354342700434701,0,-0.10909116046164097,-0.2181823209232819,-0.10909116046164095
2014-04-17 22:19:00,229271.0,0.2363400232660389,0,-0.10910234859099048,-0.21820469718198096,-0.10910234859099048
2014-04-17 22:24:00,244901.0,0.22634104803203256,0,-0.10911339954794813,-0.21822679909589626,-0.10911339954794813
2014-04-17 22:29:00,217817.0,0.24392642783523394,0,-0.1091243150006804,-0.2182486300013608,-0.1091243150006804
2014-04-17 22:34:00,243250.0,0.2273985933449466,0,-0.10913509659740088,-0.21827019319480173,-0.10913509659740087
2014-04-17 22:39:00,234655.0,0.2329050611280816,0,-0.10914574596660072,-0.21829149193320144,-0.10914574596660073
2014-04-17 22:44:00,902288.0,0.749514579208609,0,-0.10915626471727673,-0.21831252943455345,-0.10915626471727673
2014-04-17 22:49:00,236481.0,0.2328392806291729,0,-0.10916665443915677,-0.2183333088783135,-0.10916665443915675
2014-04-17 22:54:00,233504.0,0.23469956430512195,0,-0.10917691670292297,-0.218353833405846,-0.10917691670292298
2014-04-17 22:59:00,229953.0,0.2369578867896931,0,-0.10918705306043264,-0.21837410612086527,-0.10918705306043264
2014-04-17 23:04:00,229542.0,0.2367514176652933,0,-0.1091970650449364,-0.2183941300898728,-0.10919706504493641
2014-04-17 23:09:00,595668.0,0.4871724955708217,0,-0.10920695417129442,-0.21841390834258884,-0.10920695417129442
2014-04-17 23:14:00,214677.0,0.2468327478329995,0,-0.10921672193618992,-0.21843344387237987,-0.10921672193618993
2014-04-17 23:19:00,236918.0,0.2323385755495528,0,-0.10922636981834072,-0.21845273963668144,-0.10922636981834073
2014-04-17 23:24:00,222517.0,0.2413975519219874,0,-0.10923589927870823,-0.21847179855741647,-0.10923589927870823
2014-04-17 23:29:00,227402.0,0.2382676894514767,0,-0.1092453117607043,-0.2184906235214086,-0.1092453117607043
2014-04-17 23:34:00,232904.0,0.2348264209787979,0,-0.1092546086903958,-0.2185092173807916,-0.10925460869039579
2014-04-17 23:39:00,234651.0,0.23375160636446715,0,-0.10926379147670684,-0.21852758295341368,-0.10926379147670684
2014-04-17 23:44:00,467170.0,0.3761112369189154,0,-0.10927286151161912,-0.2185457230232382,-0.10927286151161911
2014-04-17 23:49:00,228287.0,0.2382201457083869,0,-0.1092818201703696,-0.2185636403407392,-0.1092818201703696
2014-04-17 23:54:00,219294.0,0.2439338324542693,0,-0.10929066881164654,-0.21858133762329307,-0.10929066881164654
2014-04-17 23:59:00,223779.0,0.24108481422751435,0,-0.10929940877778288,-0.21859881755556573,-0.10929940877778287
2014-04-18 00:04:00,240034.0,0.2302036041184373,0,-0.10930804139494783,-0.2186160827898957,-0.10930804139494785
2014-04-18 00:09:00,698624.0,0.5772142383461497,0,-0.10931656797333636,-0.2186331359466727,-0.10931656797333635
2014-04-18 00:14:00,236498.0,0.2332098339739969,0,-0.1093249898073562,-0.2186499796147124,-0.1093249898073562
2014-04-18 00:19:00,219254.0,0.2433490018521048,0,-0.1093333081758134,-0.2186666163516268,-0.1093333081758134
2014-04-18 00:24:00,229208.0,0.2369739198040157,0,-0.10934152434209524,-0.21868304868419047,-0.10934152434209524
2014-04-18 00:29:00,229769.0,0.2366541690494807,0,-0.10934963955435156,-0.2186992791087031,-0.10934963955435155
2014-04-18 00:34:00,222184.0,0.24146474251620706,0,-0.10935765504567373,-0.21871531009134745,-0.10935765504567373
2014-04-18 00:39:00,215326.0,0.2458863564419972,0,-0.1093655720342719,-0.2187311440685438,-0.1093655720342719
2014-04-18 00:44:00,907772.0,0.7396833388006882,0,-0.10937339172365014,-0.21874678344730028,-0.10937339172365014
2014-04-18 00:49:00,233315.0,0.2353862244968509,0,-0.10938111530277966,-0.21876223060555933,-0.10938111530277966
2014-04-18 00:54:00,199692.0,0.25642830010727924,0,-0.10938874394627006,-0.21877748789254006,-0.10938874394627006
2014-04-18 00:59:00,214226.0,0.2471287529959707,0,-0.10939627881453873,-0.21879255762907746,-0.10939627881453873
2014-04-18 01:04:00,209448.0,0.2501578092826487,0,-0.1094037210539783,-0.2188074421079566,-0.1094037210539783
2014-04-18 01:09:00,235554.0,0.2339394096168684,0,-0.10941107179712227,-0.21882214359424454,-0.10941107179712228
2014-04-18 01:14:00,189865.0,0.2628315444527065,0,-0.10941833216280873,-0.21883666432561746,-0.10941833216280873
2014-04-18 01:19:00,229776.0,0.2374464895160469,0,-0.10942550325634218,-0.21885100651268435,-0.10942550325634218
2014-04-18 01:24:00,202370.0,0.25466098808061843,0,-0.10943258616965372,-0.21886517233930744,-0.10943258616965372
2014-04-18 01:29:00,214318.0,0.24699313288461056,0,-0.10943958198145927,-0.21887916396291854,-0.10943958198145927
2014-04-18 01:34:00,207721.0,0.2511486678369749,0,-0.109446491757416,-0.218892983514832,-0.10944649175741601
2014-04-18 01:39:00,222627.0,0.2417340728069191,0,-0.1094533165502772,-0.2189066331005544,-0.1094533165502772
2014-04-18 01:44:00,203032.0,0.25408329718990513,0,-0.10946005740004497,-0.21892011480009,-0.10946005740004498
2014-04-18 01:49:00,204642.0,0.2530088048105104,0,-0.1094667153341218,-0.2189334306682436,-0.1094667153341218
2014-04-18 01:54:00,212050.0,0.2482638235294382,0,-0.1094732913674598,-0.21894658273491965,-0.10947329136745981
2014-04-18 01:59:00,240550.0,0.2307042148483896,0,-0.10947978650270868,-0.21895957300541735,-0.10947978650270869
2014-04-18 02:04:00,224690.0,0.2403973547562225,0,-0.10948620173036186,-0.21897240346072366,-0.10948620173036186
2014-04-18 02:09:00,219912.0,0.2433866282150877,0,-0.10949253802890087,-0.21898507605780174,-0.10949253802890087
2014-04-18 02:14:00,221062.0,0.24265942734395524,0,-0.1094987963649383,-0.2189975927298766,-0.1094987963649383
2014-04-18 02:19:00,208472.0,0.2506107966132459,0,-0.10950497769335896,-0.2190099553867179,-0.10950497769335896
2014-04-18 02:24:00,225067.0,0.2401936036073321,0,-0.10951108295745944,-0.21902216591491885,-0.10951108295745943
2014-04-18 02:29:00,197410.0,0.2577291477427984,0,-0.10951711308908614,-0.21903422617817228,-0.10951711308908614
2014-04-18 02:34:00,226207.0,0.23950543793605736,0,-0.1095230690087717,-0.2190461380175434,-0.1095230690087717
2014-04-18 02:39:00,204026.0,0.2534709214723484,0,-0.10952895162586987,-0.2190579032517397,-0.10952895162586986
2014-04-18 02:44:00,203767.0,0.2536169162174229,0,-0.10953476183868872,-0.21906952367737745,-0.10953476183868871
2014-04-18 02:49:00,219954.0,0.2434016777782306,0,-0.10954050053462257,-0.2190810010692451,-0.10954050053462255
2014-04-18 02:54:00,217596.0,0.2448864726944451,0,-0.10954616859028213,-0.21909233718056426,-0.10954616859028213
2014-04-18 02:59:00,205753.0,0.2523469441571153,0,-0.1095517668716234,-0.2191035337432468,-0.1095517668716234
2014-04-18 03:04:00,216204.0,0.2457614918333456,0,-0.10955729623407484,-0.21911459246814968,-0.10955729623407484
2014-04-18 03:09:00,227160.0,0.23893621012380376,0,-0.10956275752266327,-0.2191255150453265,-0.10956275752266327
2014-04-18 03:14:00,225389.0,0.2391877309667576,0,-0.10956815157213816,-0.21913630314427635,-0.10956815157213817
2014-04-18 03:19:00,212031.0,0.2478197533181856,0,-0.10957347920709473,-0.21914695841418946,-0.10957347920709473
2014-04-18 03:24:00,204370.0,0.2528596396864441,0,-0.10957874124209524,-0.21915748248419048,-0.10957874124209524
2014-04-18 03:29:00,205539.0,0.2520338675383908,0,-0.10958393848178932,-0.21916787696357865,-0.10958393848178932
2014-04-18 03:34:00,216450.0,0.24493255814794976,0,-0.10958907172103256,-0.2191781434420651,-0.10958907172103255
2014-04-18 03:39:00,210008.0,0.2491179166828123,0,-0.10959414174500387,-0.2191882834900077,-0.10959414174500387
2014-04-18 03:44:00,219252.0,0.2431183404268327,0,-0.10959914932932156,-0.21919829865864315,-0.10959914932932156
2014-04-18 03:49:00,209681.0,0.24935030704774425,0,-0.10960409524015788,-0.21920819048031576,-0.10960409524015788
2014-04-18 03:54:00,216769.0,0.2447181533297196,0,-0.10960898023435237,-0.2192179604687047,-0.10960898023435235
2014-04-18 03:59:00,215123.0,0.2457957769229855,0,-0.10961380505952384,-0.2192276101190477,-0.10961380505952385
2014-04-18 04:04:00,207001.0,0.2511236172781642,0,-0.10961857045418114,-0.21923714090836227,-0.10961857045418114
2014-04-18 04:09:00,237230.0,0.231742876270488,0,-0.1096232771478324,-0.2192465542956648,-0.1096232771478324
2014-04-18 04:14:00,215196.0,0.2457641226816366,0,-0.10962792586109338,-0.2192558517221868,-0.10962792586109338
2014-04-18 04:19:00,214726.0,0.24607511769278856,0,-0.10963251730579414,-0.21926503461158828,-0.10963251730579414
2014-04-18 04:24:00,219845.0,0.2427720595069705,0,-0.10963705218508477,-0.2192741043701695,-0.10963705218508475
2014-04-18 04:29:00,212364.0,0.2476651211769559,0,-0.1096415311935397,-0.2192830623870794,-0.1096415311935397
2014-04-18 04:34:00,216294.0,0.245105081728754,0,-0.10964595501726104,-0.2192919100345221,-0.10964595501726103
2014-04-18 04:39:00,222563.0,0.2410849757507308,0,-0.10965032433398032,-0.21930064866796065,-0.10965032433398031
2014-04-18 04:44:00,210506.0,0.2489095165628024,0,-0.10965463981315944,-0.21930927962631885,-0.10965463981315943
2014-04-18 04:49:00,222016.0,0.2414478327786863,0,-0.1096589021160901,-0.2193178042321802,-0.1096589021160901
2014-04-18 04:54:00,213626.0,0.24688651357855795,0,-0.10966311189599244,-0.21932622379198488,-0.10966311189599244
2014-04-18 04:59:00,230761.0,0.2359039525540593,0,-0.10966726979811207,-0.21933453959622412,-0.10966726979811207
2014-04-18 05:04:00,220674.0,0.2423651257586415,0,-0.10967137645981637,-0.21934275291963276,-0.10967137645981637
2014-04-18 05:09:00,245797.0,0.2265714446364196,0,-0.1096754325106894,-0.2193508650213788,-0.10967543251068941
2014-04-18 05:14:00,217810.0,0.2442753444421871,0,-0.10967943857262584,-0.21935887714525165,-0.10967943857262583
2014-04-18 05:19:00,221610.0,0.2418200264776121,0,-0.10968339525992372,-0.21936679051984745,-0.10968339525992371
2014-04-18 05:24:00,211655.0,0.2483563735704291,0,-0.10968730317937612,-0.21937460635875225,-0.10968730317937612
2014-04-18 05:29:00,213393.0,0.2472004787702872,0,-0.10969116293036188,-0.21938232586072373,-0.10969116293036187
2014-04-18 05:34:00,228476.0,0.2375120354490728,0,-0.1096949751049349,-0.2193899502098698,-0.1096949751049349
2014-04-18 05:39:00,217676.0,0.2444472495849632,0,-0.10969874028791292,-0.21939748057582584,-0.10969874028791292
2014-04-18 05:44:00,219713.0,0.24314270120555195,0,-0.10970245905696474,-0.21940491811392948,-0.10970245905696474
2014-04-18 05:49:00,208911.0,0.2502209676924586,0,-0.10970613198269676,-0.21941226396539354,-0.10970613198269677
2014-04-18 05:54:00,228271.0,0.2376898656749205,0,-0.10970975962873827,-0.21941951925747652,-0.10970975962873827
2014-04-18 05:59:00,206472.0,0.25180279285615514,0,-0.10971334255182592,-0.21942668510365185,-0.10971334255182592
2014-04-18 06:04:00,225905.0,0.2391755078551432,0,-0.10971688130188706,-0.21943376260377406,-0.10971688130188706
2014-04-18 06:09:00,215521.0,0.24590313069069114,0,-0.10972037642212212,-0.21944075284424425,-0.10972037642212211
2014-04-18 06:14:00,208733.0,0.2502944136892167,0,-0.10972382844908604,-0.21944765689817208,-0.10972382844908604
2014-04-18 06:19:00,209598.0,0.24971362955610804,0,-0.10972723791276884,-0.21945447582553768,-0.10972723791276884
2014-04-18 06:24:00,226730.0,0.23861373070577474,0,-0.1097306053366749,-0.2194612106733498,-0.1097306053366749
2014-04-18 06:29:00,206625.0,0.2516525074340246,0,-0.10973393123790172,-0.21946786247580347,-0.10973393123790173
2014-04-18 06:34:00,203049.0,0.2539830668260454,0,-0.10973721612721747,-0.21947443225443494,-0.10973721612721749
2014-04-18 06:39:00,218644.0,0.2437543408929716,0,-0.10974046050913773,-0.21948092101827546,-0.10974046050913772
2014-04-18 06:44:00,207484.0,0.25104119551606274,0,-0.10974366488200116,-0.21948732976400234,-0.10974366488200117
2014-04-18 06:49:00,214327.0,0.2464984261742849,0,-0.10974682973804464,-0.2194936594760893,-0.10974682973804463
2014-04-18 06:54:00,212021.0,0.2478685696585492,0,-0.109749955563477,-0.219499911126954,-0.109749955563477
2014-04-18 06:59:00,220910.0,0.24222703814798524,0,-0.1097530428385524,-0.2195060856771048,-0.1097530428385524
2014-04-18 07:04:00,193518.0,0.2603099874690122,0,-0.1097560920376424,-0.2195121840752848,-0.1097560920376424
2014-04-18 07:09:00,240652.0,0.2297179135218633,0,-0.10975910362930746,-0.21951820725861493,-0.10975910362930746
2014-04-18 07:14:00,198382.0,0.2569984997497729,0,-0.10976207807636744,-0.21952415615273485,-0.10976207807636743
2014-04-18 07:19:00,210235.0,0.2490947514748939,0,-0.10976501583597127,-0.21953003167194254,-0.10976501583597129
2014-04-18 07:24:00,220605.0,0.242366909236383,0,-0.109767917359666,-0.219535834719332,-0.109767917359666
2014-04-18 07:29:00,907681.0,0.7403013805864581,0,-0.10977078309346457,-0.21954156618692916,-0.10977078309346457
2014-04-18 07:34:00,224922.0,0.2404422089684476,0,-0.1097736134779133,-0.2195472269558266,-0.1097736134779133
2014-04-18 07:39:00,203078.0,0.2542605633653811,0,-0.1097764089481582,-0.2195528178963164,-0.1097764089481582
2014-04-18 07:44:00,215267.0,0.24646552846351336,0,-0.10977916993401066,-0.2195583398680213,-0.10977916993401066
2014-04-18 07:49:00,205497.0,0.2526581608579964,0,-0.10978189686001227,-0.21956379372002455,-0.10978189686001229
2014-04-18 07:54:00,227189.0,0.2390031254103071,0,-0.10978459014549903,-0.21956918029099803,-0.109784590145499
2014-04-18 07:59:00,204678.0,0.2531436930636303,0,-0.10978725020466436,-0.21957450040932872,-0.10978725020466436
2014-04-18 08:04:00,210181.0,0.2496202991435934,0,-0.10978987744662214,-0.21957975489324427,-0.10978987744662214
2014-04-18 08:09:00,226785.0,0.23922225455941595,0,-0.10979247227546804,-0.21958494455093608,-0.10979247227546804
2014-04-18 08:14:00,202126.0,0.2547218051759925,0,-0.10979503509034093,-0.21959007018068186,-0.10979503509034091
2014-04-18 08:19:00,223139.0,0.2414432238865049,0,-0.109797566285483,-0.219595132570966,-0.109797566285483
2014-04-18 08:24:00,205541.0,0.2525338029236988,0,-0.10980006625029956,-0.21960013250059915,-0.10980006625029957
2014-04-18 08:29:00,219044.0,0.24398772633685065,0,-0.10980253536941784,-0.21960507073883567,-0.10980253536941784
2014-04-18 08:34:00,216412.0,0.24566025396859706,0,-0.10980497402274514,-0.21960994804549028,-0.10980497402274514
2014-04-18 08:39:00,216183.0,0.24578924342376784,0,-0.10980738258552644,-0.21961476517105288,-0.10980738258552644
2014-04-18 08:44:00,209290.0,0.25014865320331503,0,-0.10980976142840117,-0.21961952285680236,-0.10980976142840117
2014-04-18 08:49:00,219839.0,0.2434949053485129,0,-0.10981211091745932,-0.2196242218349186,-0.10981211091745931
2014-04-18 08:54:00,210705.0,0.2492592664483124,0,-0.10981443141429682,-0.21962886282859365,-0.10981443141429682
2014-04-18 08:59:00,214426.0,0.2468683251262484,0,-0.10981672327607052,-0.21963344655214104,-0.10981672327607052
2014-04-18 09:04:00,181855.0,0.26798739682337824,0,-0.10981898685555212,-0.21963797371110425,-0.10981898685555212
2014-04-18 09:09:00,234508.0,0.23437017767395305,0,-0.10982122250118176,-0.2196424450023635,-0.10982122250118175
2014-04-18 09:14:00,203961.0,0.253479374569683,0,-0.10982343055712077,-0.21964686111424156,-0.10982343055712077
2014-04-18 09:19:00,215343.0,0.2462317497399684,0,-0.10982561136330396,-0.21965122272660795,-0.10982561136330397
2014-04-18 09:24:00,220840.0,0.2428297443941597,0,-0.10982776525549116,-0.2196555305109823,-0.10982776525549115
2014-04-18 09:29:00,198135.0,0.2572516098224266,0,-0.10982989256531807,-0.21965978513063614,-0.10982989256531807
2014-04-18 09:34:00,220011.0,0.2433305529225565,0,-0.10983199362034678,-0.21966398724069355,-0.10983199362034678
2014-04-18 09:39:00,215291.0,0.2463071202635885,0,-0.10983406874411528,-0.21966813748823055,-0.10983406874411529
2014-04-18 09:44:00,219840.0,0.24343129842884065,0,-0.10983611825618682,-0.21967223651237364,-0.10983611825618682
2014-04-18 09:49:00,209992.0,0.2496614497015374,0,-0.10983814247219824,-0.2196762849443965,-0.10983814247219825
2014-04-18 09:54:00,215690.0,0.24605844096785634,0,-0.10984014170390803,-0.2196802834078161,-0.10984014170390805
2014-04-18 09:59:00,182444.0,0.2675307508060281,0,-0.10984211625924373,-0.21968423251848745,-0.10984211625924373
2014-04-18 10:04:00,218235.0,0.2443702539473518,0,-0.1098440664423486,-0.2196881328846972,-0.1098440664423486
2014-04-18 10:09:00,226692.0,0.2391386876107207,0,-0.10984599255362802,-0.21969198510725604,-0.10984599255362802
2014-04-18 10:14:00,203978.0,0.2533769540091489,0,-0.10984789488979503,-0.21969578977959006,-0.10984789488979502
2014-04-18 10:19:00,226305.0,0.2393261806680103,0,-0.10984977374391552,-0.21969954748783105,-0.10984977374391551
2014-04-18 10:24:00,207762.0,0.2509791185003465,0,-0.1098516294054528,-0.2197032588109056,-0.10985162940545279
2014-04-18 10:29:00,212146.0,0.2482139013791952,0,-0.10985346216031168,-0.21970692432062336,-0.10985346216031168
2014-04-18 10:34:00,207325.0,0.2512897072572053,0,-0.10985527229088188,-0.21971054458176376,-0.10985527229088189
2014-04-18 10:39:00,227436.0,0.2386662098447599,0,-0.10985706007608118,-0.21971412015216235,-0.10985706007608118
2014-04-18 10:44:00,188198.0,0.2636620585036004,0,-0.10985882579139764,-0.2197176515827953,-0.10985882579139765
2014-04-18 10:49:00,219921.0,0.2433001099613077,0,-0.10986056970893182,-0.21972113941786364,-0.10986056970893182
2014-04-18 10:54:00,217575.0,0.2447750181265672,0,-0.109862292097438,-0.219724584194876,-0.10986229209743799
2014-04-18 10:59:00,198301.0,0.2570225386171497,0,-0.10986399322236524,-0.21972798644473046,-0.10986399322236522
2014-04-18 11:04:00,232628.0,0.2354659436061743,0,-0.10986567334589778,-0.2197313466917956,-0.10986567334589778
2014-04-18 11:09:00,206026.0,0.25209801663890696,0,-0.10986733272699507,-0.21973466545399012,-0.10986733272699507
2014-04-18 11:14:00,220699.0,0.2427939699357946,0,-0.10986897162143114,-0.21973794324286228,-0.10986897162143114
2014-04-18 11:19:00,203134.0,0.25393011311203645,0,-0.1098705902818336,-0.2197411805636672,-0.1098705902818336
2014-04-18 11:24:00,218934.0,0.24389768535729445,0,-0.10987218895772224,-0.2197443779154445,-0.10987218895772224
2014-04-18 11:29:00,202102.0,0.2545672009827842,0,-0.10987376789554702,-0.21974753579109405,-0.10987376789554702
2014-04-18 11:34:00,213543.0,0.2472965137937558,0,-0.10987532733872568,-0.21975065467745136,-0.10987532733872568
2014-04-18 11:39:00,205740.0,0.25224958019223914,0,-0.10987686752768086,-0.21975373505536167,-0.10987686752768086
2014-04-18 11:44:00,225978.0,0.2395151933870696,0,-0.1098783886998768,-0.2197567773997536,-0.1098783886998768
2014-04-18 11:49:00,210674.0,0.2491427762607917,0,-0.1098798910898556,-0.2197597821797112,-0.1098798910898556
2014-04-18 11:54:00,205168.0,0.2525965465502628,0,-0.10988137492927297,-0.2197627498585459,-0.10988137492927295
2014-04-18 11:59:00,214448.0,0.24671753962823464,0,-0.10988284044693357,-0.2197656808938671,-0.10988284044693356
2014-04-18 12:04:00,209507.0,0.2498245004013275,0,-0.10988428786882608,-0.21976857573765216,-0.10988428786882609
2014-04-18 12:09:00,235010.0,0.2339994320464143,0,-0.10988571741815764,-0.21977143483631525,-0.10988571741815763
2014-04-18 12:14:00,208397.0,0.2505689941506393,0,-0.10988712931538784,-0.21977425863077565,-0.10988712931538783
2014-04-18 12:19:00,207863.0,0.25089472024369464,0,-0.1098885237782625,-0.219777047556525,-0.1098885237782625
2014-04-18 12:24:00,207181.0,0.2513234441442813,0,-0.10988990102184698,-0.21977980204369396,-0.109889901021847
2014-04-18 12:29:00,207646.0,0.25100036352919985,0,-0.109891261258559,-0.219782522517118,-0.109891261258559
2014-04-18 12:34:00,215039.0,0.2463199858267767,0,-0.10989260469820096,-0.21978520939640195,-0.10989260469820097
2014-04-18 12:39:00,221731.0,0.2421272339137273,0,-0.1098939315479923,-0.2197878630959846,-0.1098939315479923
2014-04-18 12:44:00,203160.0,0.25387832168484903,0,-0.10989524201260092,-0.21979048402520185,-0.10989524201260092
2014-04-18 12:49:00,208579.0,0.2503851066090792,0,-0.10989653629417462,-0.21979307258834924,-0.10989653629417462
2014-04-18 12:54:00,223870.0,0.24081353928185,0,-0.10989781459237193,-0.21979562918474385,-0.10989781459237191
2014-04-18 12:59:00,204226.0,0.25318264590233364,0,-0.10989907710439267,-0.21979815420878532,-0.10989907710439267
2014-04-18 13:04:00,213446.0,0.247324334736444,0,-0.1099003240250082,-0.2198006480500164,-0.10990032402500821
2014-04-18 13:09:00,224796.0,0.2402438794318709,0,-0.1099015555465911,-0.2198031110931822,-0.1099015555465911
2014-04-18 13:14:00,220793.0,0.2426983385825703,0,-0.10990277185914464,-0.21980554371828928,-0.10990277185914464
2014-04-18 13:19:00,203670.0,0.25354602162470113,0,-0.10990397315033187,-0.21980794630066375,-0.10990397315033189
2014-04-18 13:24:00,214327.0,0.2467565099410161,0,-0.1099051596055044,-0.2198103192110088,-0.10990515960550439
2014-04-18 13:29:00,198933.0,0.2565961293111008,0,-0.10990633140773057,-0.21981266281546116,-0.10990633140773057
2014-04-18 13:34:00,221461.0,0.2422761842997721,0,-0.10990748873782373,-0.21981497747564746,-0.10990748873782373
2014-04-18 13:39:00,212015.0,0.2482338190905813,0,-0.1099086317743698,-0.2198172635487396,-0.1099086317743698
2014-04-18 13:44:00,206295.0,0.2518432153101524,0,-0.1099097606937546,-0.2198195213875092,-0.10990976069375459
2014-04-18 13:49:00,207605.0,0.2510152871827543,0,-0.10991087567019084,-0.2198217513403817,-0.10991087567019085
2014-04-18 13:54:00,212771.0,0.2476974861150857,0,-0.109911976875745,-0.21982395375149,-0.109911976875745
2014-04-18 13:59:00,221254.0,0.2423865941314237,0,-0.1099130644803634,-0.2198261289607268,-0.10991306448036339
2014-04-18 14:04:00,203362.0,0.2537186893634379,0,-0.1099141386518984,-0.2198282773037968,-0.10991413865189839
2014-04-18 14:09:00,240613.0,0.23054449516240114,0,-0.10991519955613416,-0.21983039911226834,-0.10991519955613417
2014-04-18 14:14:00,209930.0,0.24951495402830776,0,-0.10991624735681196,-0.21983249471362395,-0.10991624735681196
2014-04-18 14:19:00,220883.0,0.2426323293818489,0,-0.10991728221565528,-0.21983456443131055,-0.10991728221565529
2014-04-18 14:24:00,218731.0,0.2440093201459302,0,-0.1099183042923947,-0.2198366085847894,-0.1099183042923947
2014-04-18 14:29:00,211217.0,0.24871864455073106,0,-0.10991931374479223,-0.21983862748958446,-0.10991931374479223
2014-04-18 14:34:00,209762.0,0.24964118668481586,0,-0.1099203107286656,-0.2198406214573312,-0.10992031072866561
2014-04-18 14:39:00,214302.0,0.24676472747456624,0,-0.10992129539791222,-0.21984259079582444,-0.10992129539791222
2014-04-18 14:44:00,215958.0,0.2457324735778832,0,-0.10992226790453256,-0.21984453580906516,-0.10992226790453256
2014-04-18 14:49:00,211831.0,0.24833423717539746,0,-0.10992322839865368,-0.21984645679730735,-0.10992322839865369
2014-04-18 14:54:00,208499.0,0.25043264564876555,0,-0.10992417702855216,-0.21984835405710434,-0.10992417702855217
2014-04-18 14:59:00,212363.0,0.24795683813258665,0,-0.10992511394067682,-0.21985022788135364,-0.10992511394067682
2014-04-18 15:04:00,220576.0,0.24281043939042826,0,-0.10992603927967123,-0.2198520785593425,-0.10992603927967125
2014-04-18 15:09:00,220376.0,0.2429277583247923,0,-0.10992695318839596,-0.21985390637679195,-0.10992695318839597
2014-04-18 15:14:00,216697.0,0.2451947598877393,0,-0.10992785580795036,-0.21985571161590076,-0.10992785580795036
2014-04-18 15:19:00,218661.0,0.2440234765096907,0,-0.1099287472776943,-0.2198574945553886,-0.1099287472776943
2014-04-18 15:24:00,216707.0,0.2452418594774848,0,-0.10992962773526957,-0.21985925547053914,-0.10992962773526957
2014-04-18 15:29:00,205866.0,0.2521114615566367,0,-0.10993049731662098,-0.219860994633242,-0.10993049731662098
2014-04-18 15:34:00,219789.0,0.24330264962688475,0,-0.10993135615601722,-0.21986271231203444,-0.10993135615601722
2014-04-18 15:39:00,206048.0,0.2520083343826557,0,-0.10993220438607153,-0.21986440877214306,-0.10993220438607151
2014-04-18 15:44:00,212984.0,0.2475745936153743,0,-0.10993304213776192,-0.21986608427552384,-0.10993304213776191
2014-04-18 15:49:00,221554.0,0.24224256285010096,0,-0.10993386954045148,-0.21986773908090296,-0.10993386954045148
2014-04-18 15:54:00,202326.0,0.25442897153365873,0,-0.1099346867219081,-0.2198693734438162,-0.1099346867219081
2014-04-18 15:59:00,222773.0,0.2414656401031236,0,-0.10993549380832414,-0.21987098761664828,-0.10993549380832414
2014-04-18 16:04:00,215042.0,0.24633252189468016,0,-0.10993629092433582,-0.21987258184867164,-0.10993629092433582
2014-04-18 16:09:00,224354.0,0.2405149110354816,0,-0.10993707819304233,-0.21987415638608465,-0.10993707819304233
2014-04-18 16:14:00,200063.0,0.2558644977922497,0,-0.10993785573602474,-0.21987571147204948,-0.10993785573602474
2014-04-18 16:19:00,224285.0,0.2405491103629153,0,-0.1099386236733648,-0.2198772473467296,-0.10993862367336481
2014-04-18 16:24:00,221789.0,0.2421139387710557,0,-0.1099393821236632,-0.2198787642473264,-0.1099393821236632
2014-04-18 16:29:00,227426.0,0.2386439597317785,0,-0.1099401312040579,-0.2198802624081158,-0.1099401312040579
2014-04-18 16:34:00,215414.0,0.2461704234550636,0,-0.10994087103024217,-0.21988174206048436,-0.10994087103024217
2014-04-18 16:39:00,215971.0,0.2458147347730043,0,-0.10994160171648223,-0.2198832034329645,-0.10994160171648225
2014-04-18 16:44:00,214245.0,0.2469111366325831,0,-0.10994232337563503,-0.21988464675127006,-0.10994232337563502
2014-04-18 16:49:00,216374.0,0.24558834238114224,0,-0.1099430361191653,-0.2198860722383306,-0.1099430361191653
2014-04-18 16:54:00,235935.0,0.2334682723899177,0,-0.109943740057163,-0.21988748011432602,-0.109943740057163
2014-04-18 16:59:00,193848.0,0.2597238762325057,0,-0.10994443529836,-0.21988887059672002,-0.10994443529836
2014-04-18 17:04:00,214498.0,0.2462071161728157,0,-0.10994512195014693,-0.21989024390029385,-0.10994512195014693
2014-04-18 17:09:00,216706.0,0.2445924781876015,0,-0.10994580011858966,-0.21989160023717927,-0.10994580011858966
2014-04-18 17:14:00,209482.0,0.24864932681444016,0,-0.10994646990844564,-0.21989293981689126,-0.10994646990844562
2014-04-18 17:19:00,217393.0,0.2434488856100108,0,-0.10994713142317984,-0.21989426284635968,-0.10994713142317984
2014-04-18 17:24:00,197935.0,0.25629152398960525,0,-0.10994778476498096,-0.21989556952996192,-0.10994778476498096
2014-04-18 17:29:00,220785.0,0.2411833588460737,0,-0.1099484300347769,-0.2198968600695538,-0.1099484300347769
2014-04-18 17:34:00,210873.0,0.24765242198832835,0,-0.10994906733225036,-0.21989813466450076,-0.10994906733225036
2014-04-18 17:39:00,207415.0,0.24989175718716425,0,-0.10994969675585424,-0.21989939351170845,-0.10994969675585423
2014-04-18 17:44:00,206044.0,0.2507970567492457,0,-0.10995031840282664,-0.21990063680565328,-0.10995031840282664
2014-04-18 17:49:00,227606.0,0.2360688859055511,0,-0.10995093236920599,-0.219901864738412,-0.10995093236920599
2014-04-18 17:54:00,207990.0,0.2514509111890919,0,-0.10995153874984567,-0.21990307749969135,-0.10995153874984569
2014-04-18 17:59:00,213691.0,0.2468480647151157,0,-0.1099521376384288,-0.2199042752768576,-0.10995213763842879
2014-04-18 18:04:00,213306.0,0.24711039966696144,0,-0.10995272912748234,-0.2199054582549647,-0.10995272912748234
2014-04-18 18:09:00,230735.0,0.2334506452065237,0,-0.1099533133083917,-0.2199066266167834,-0.1099533133083917
2014-04-18 18:14:00,213930.0,0.245884358147621,0,-0.10995389027141454,-0.21990778054282908,-0.10995389027141454
2014-04-18 18:19:00,213989.0,0.2458066007259761,0,-0.1099544601056948,-0.2199089202113896,-0.10995446010569479
2014-04-18 18:24:00,216866.0,0.2434882684270735,0,-0.10995502289927626,-0.21991004579855253,-0.10995502289927626
2014-04-18 18:29:00,209162.0,0.24962685067163026,0,-0.10995557873911636,-0.2199111574782327,-0.10995557873911635
2014-04-18 18:34:00,223633.0,0.23807061481486344,0,-0.10995612771109928,-0.21991225542219853,-0.10995612771109928
2014-04-18 18:39:00,218427.0,0.2421611985199203,0,-0.1099566699000494,-0.2199133398000988,-0.1099566699000494
2014-04-18 18:44:00,201356.0,0.2559466805638644,0,-0.10995720538974424,-0.21991441077948848,-0.10995720538974424
2014-04-18 18:49:00,211970.0,0.2467284170714027,0,-0.1099577342629274,-0.2199154685258548,-0.1099577342629274
2014-04-18 18:54:00,224939.0,0.2363208476127449,0,-0.10995825660132123,-0.2199165132026425,-0.10995825660132125
2014-04-18 18:59:00,202344.0,0.2545250657846353,0,-0.10995877248563958,-0.2199175449712792,-0.10995877248563958
2014-04-18 19:04:00,255514.0,0.2325746864369849,0,-0.10995928199560001,-0.2199185639912,-0.10995928199560001
2014-04-18 19:09:00,188233.0,0.2663658793483602,0,-0.10995978520993624,-0.21991957041987248,-0.10995978520993624
2014-04-18 19:14:00,203148.0,0.2532681502878195,0,-0.10996028220641016,-0.21992056441282035,-0.10996028220641017
2014-04-18 19:19:00,228837.0,0.2324945608651219,0,-0.10996077306182396,-0.21992154612364792,-0.10996077306182396
2014-04-18 19:24:00,208700.0,0.2486390480728969,0,-0.10996125785203174,-0.2199225157040635,-0.10996125785203174
2014-04-18 19:29:00,202390.0,0.25383367013018643,0,-0.1099617366519514,-0.2199234733039028,-0.1099617366519514
2014-04-18 19:34:00,214819.0,0.24357008638484004,0,-0.10996220953557603,-0.21992441907115207,-0.10996220953557603
2014-04-18 19:39:00,210990.0,0.24663841187730384,0,-0.10996267657598542,-0.21992535315197084,-0.10996267657598542
2014-04-18 19:44:00,211617.0,0.24609758193120265,0,-0.10996313784535726,-0.21992627569071446,-0.10996313784535726
2014-04-18 19:49:00,220468.0,0.2382628491233677,0,-0.10996359341497826,-0.21992718682995646,-0.10996359341497826
2014-04-18 19:54:00,202811.0,0.25279427151563044,0,-0.10996404335525516,-0.2199280867105103,-0.10996404335525516
2014-04-18 19:59:00,225065.0,0.2344826161443527,0,-0.10996448773572552,-0.21992897547145104,-0.10996448773572552
2014-04-18 20:04:00,206834.0,0.2493247998458439,0,-0.10996492662506856,-0.21992985325013711,-0.10996492662506856
2014-04-18 20:09:00,223563.0,0.2356014191613361,0,-0.1099653600911156,-0.2199307201822312,-0.10996536009111559
2014-04-18 20:14:00,215232.0,0.2416242900766901,0,-0.10996578820086056,-0.2199315764017211,-0.10996578820086055
2014-04-18 20:19:00,211395.0,0.24479009576233365,0,-0.10996621102047034,-0.21993242204094068,-0.10996621102047034
2014-04-18 20:24:00,213025.0,0.24340074755742544,0,-0.10996662861529498,-0.21993325723059,-0.10996662861529498
2014-04-18 20:29:00,201703.0,0.2529045195827145,0,-0.10996704104987773,-0.21993408209975546,-0.10996704104987771
2014-04-18 20:34:00,232024.0,0.22777163328958405,0,-0.10996744838796492,-0.21993489677592987,-0.10996744838796493
2014-04-18 20:39:00,198372.0,0.2557446303505271,0,-0.10996785069251598,-0.219935701385032,-0.10996785069251601
2014-04-18 20:44:00,212118.0,0.24398871458440224,0,-0.10996824802571302,-0.21993649605142604,-0.10996824802571302
2014-04-18 20:49:00,231909.0,0.22619033319423024,0,-0.10996864044897027,-0.2199372808979405,-0.10996864044897027
2014-04-18 20:54:00,205404.0,0.2494496630369525,0,-0.1099690280229439,-0.2199380560458878,-0.1099690280229439
2014-04-18 20:59:00,205343.0,0.24942800233019405,0,-0.10996941080754102,-0.21993882161508205,-0.10996941080754102
2014-04-18 21:04:00,203165.0,0.2513076273317117,0,-0.10996978886192918,-0.2199395777238584,-0.10996978886192918
2014-04-18 21:09:00,229090.0,0.2283398892429621,0,-0.10997016224454532,-0.21994032448909065,-0.10997016224454532
2014-04-18 21:14:00,209479.0,0.2449952209923344,0,-0.10997053101310487,-0.21994106202620972,-0.10997053101310487
2014-04-18 21:19:00,210213.0,0.2442429595922801,0,-0.1099708952246106,-0.2199417904492212,-0.1099708952246106
2014-04-18 21:24:00,219923.0,0.23514492990414104,0,-0.10997125493536143,-0.2199425098707229,-0.10997125493536145
2014-04-18 21:29:00,230205.0,0.2258018580490082,0,-0.1099716102009612,-0.2199432204019224,-0.10997161020096119
2014-04-18 21:34:00,214088.0,0.2405380959386847,0,-0.10997196107632697,-0.21994392215265396,-0.10997196107632697
2014-04-18 21:39:00,199535.0,0.2543082610914825,0,-0.10997230761569787,-0.21994461523139575,-0.10997230761569789
2014-04-18 21:44:00,207318.0,0.24682030352107284,0,-0.1099726498726432,-0.2199452997452864,-0.1099726498726432
2014-04-18 21:49:00,230857.0,0.22430520958041048,0,-0.10997298790007072,-0.21994597580014147,-0.10997298790007073
2014-04-18 21:54:00,209006.0,0.2445614293638232,0,-0.10997332175023493,-0.21994664350046986,-0.10997332175023493
2014-04-18 21:59:00,202007.0,0.2512401751792361,0,-0.109973651474745,-0.21994730294949,-0.10997365147474499
2014-04-18 22:04:00,229835.0,0.22506231784861885,0,-0.10997397712457277,-0.2199479542491456,-0.10997397712457278
2014-04-18 22:09:00,234318.0,0.224350822069459,0,-0.10997429875006072,-0.21994859750012147,-0.10997429875006073
2014-04-18 22:14:00,214476.0,0.2384067885751312,0,-0.1099746164009296,-0.2199492328018592,-0.10997461640092959
2014-04-18 22:19:00,208884.0,0.24391600460206755,0,-0.10997493012628604,-0.2199498602525721,-0.10997493012628605
2014-04-18 22:24:00,219074.0,0.2338117640408067,0,-0.1099752399746304,-0.2199504799492608,-0.1099752399746304
2014-04-18 22:29:00,206305.0,0.24639042077556805,0,-0.109975545993864,-0.219951091987728,-0.10997554599386399
2014-04-18 22:34:00,215800.0,0.23690004822748426,0,-0.10997584823129654,-0.21995169646259308,-0.10997584823129654
2014-04-18 22:39:00,210195.0,0.24243190731407005,0,-0.10997614673365354,-0.21995229346730708,-0.10997614673365354
2014-04-18 22:44:00,220688.0,0.23210397212996914,0,-0.1099764415470834,-0.21995288309416686,-0.10997644154708341
2014-04-18 22:49:00,212341.0,0.2394801790795712,0,-0.10997673271716467,-0.21995346543432934,-0.10997673271716467
2014-04-18 22:54:00,213213.0,0.23850140121476798,0,-0.10997702028891286,-0.21995404057782567,-0.10997702028891286
2014-04-18 22:59:00,192361.0,0.26114726658853044,0,-0.10997730430678763,-0.2199546086135753,-0.10997730430678765
2014-04-18 23:04:00,204269.0,0.2478897569869387,0,-0.1099775848146995,-0.21995516962939898,-0.1099775848146995
2014-04-18 23:09:00,223513.0,0.2275682942430828,0,-0.10997786185601667,-0.21995572371203334,-0.10997786185601668
2014-04-18 23:14:00,216201.0,0.2340034296327457,0,-0.10997813547357173,-0.21995627094714346,-0.10997813547357171
2014-04-18 23:19:00,226427.0,0.22285345529493414,0,-0.10997840570966813,-0.2199568114193363,-0.10997840570966814
2014-04-18 23:24:00,204519.0,0.2474387622529247,0,-0.10997867260608707,-0.21995734521217414,-0.10997867260608707
2014-04-18 23:29:00,217992.0,0.2317554973047632,0,-0.10997893620409344,-0.2199578724081869,-0.10997893620409345
2014-04-18 23:34:00,221910.0,0.2273716308761385,0,-0.10997919654444266,-0.21995839308888526,-0.10997919654444266
2014-04-18 23:39:00,203047.0,0.2489356397958757,0,-0.10997945366738666,-0.21995890733477333,-0.10997945366738666
2014-04-18 23:44:00,197727.0,0.2551519946486945,0,-0.1099797076126802,-0.2199594152253604,-0.10997970761268021
2014-04-18 23:49:00,221091.0,0.2259015205653941,0,-0.10997995841958708,-0.21995991683917412,-0.10997995841958708
2014-04-18 23:54:00,218216.0,0.2295168009957793,0,-0.10998020612688604,-0.21996041225377205,-0.10998020612688603
2014-04-18 23:59:00,209654.0,0.2406578151606807,0,-0.10998045077287684,-0.21996090154575368,-0.10998045077287684
2014-04-19 00:04:00,225035.0,0.2247057349099557,0,-0.10998069239538624,-0.21996138479077249,-0.10998069239538623
2014-04-19 00:09:00,219985.0,0.2270763829914243,0,-0.10998093103177367,-0.21996186206354731,-0.10998093103177367
2014-04-19 00:14:00,208978.0,0.2407124803338584,0,-0.10998116671893717,-0.2199623334378743,-0.10998116671893715
2014-04-19 00:19:00,221472.0,0.22361755214734166,0,-0.10998139949331892,-0.21996279898663784,-0.10998139949331892
2014-04-19 00:24:00,215009.0,0.23226743748031564,0,-0.10998162939091104,-0.2199632587818221,-0.10998162939091105
2014-04-19 00:29:00,180299.0,0.28299841649596724,0,-0.109981856447261,-0.219963712894522,-0.10998185644726101
2014-04-19 00:34:00,234446.0,0.2397410696809809,0,-0.1099820806974772,-0.2199641613949544,-0.10998208069747721
2014-04-19 00:39:00,204138.0,0.24718940845953666,0,-0.10998230217623436,-0.2199646043524687,-0.10998230217623435
2014-04-19 00:44:00,197581.0,0.2565050847208412,0,-0.10998252091777876,-0.2199650418355576,-0.10998252091777878
2014-04-19 00:49:00,215316.0,0.2304238249449251,0,-0.10998273695593387,-0.21996547391186771,-0.10998273695593387
2014-04-19 00:54:00,215565.0,0.23001750715800096,0,-0.10998295032410513,-0.21996590064821026,-0.10998295032410511
2014-04-19 00:59:00,221575.0,0.22364843721021926,0,-0.10998316105528536,-0.21996632211057074,-0.10998316105528537
2014-04-19 01:04:00,221162.0,0.22309624374561265,0,-0.10998336918205992,-0.21996673836411984,-0.10998336918205992
2014-04-19 01:09:00,223372.0,0.2262033112048791,0,-0.10998357473661154,-0.21996714947322307,-0.10998357473661154
2014-04-19 01:14:00,204498.0,0.2456881918891292,0,-0.10998377775072538,-0.21996755550145075,-0.10998377775072538
2014-04-19 01:19:00,238101.0,0.252628402806008,0,-0.109983978255794,-0.21996795651158801,-0.109983978255794
2014-04-19 01:24:00,200400.0,0.2522865954581285,0,-0.10998417628282213,-0.21996835256564426,-0.10998417628282212
2014-04-19 01:29:00,216677.0,0.22634876941574245,0,-0.10998437186243144,-0.2199687437248629,-0.10998437186243144
2014-04-19 01:34:00,205706.0,0.2434445113847805,0,-0.10998456502486537,-0.21996913004973076,-0.10998456502486537
2014-04-19 01:39:00,196909.0,0.2577345878439178,0,-0.1099847557999937,-0.2199695115999874,-0.1099847557999937
2014-04-19 01:44:00,214480.0,0.2294681440712533,0,-0.10998494421731722,-0.21996988843463444,-0.10998494421731722
2014-04-19 01:49:00,221978.0,0.2341249245393157,0,-0.10998513030597226,-0.21997026061194447,-0.10998513030597226
2014-04-19 01:54:00,210779.0,0.2350623203002956,0,-0.10998531409473518,-0.2199706281894704,-0.10998531409473518
2014-04-19 01:59:00,204230.0,0.2496834775861582,0,-0.10998549561202688,-0.21997099122405372,-0.10998549561202688
2014-04-19 02:04:00,235007.0,0.26362174497697594,0,-0.10998567488591708,-0.21997134977183416,-0.10998567488591708
2014-04-19 02:09:00,224792.0,0.2401660468127969,0,-0.10998585194412876,-0.2199717038882576,-0.10998585194412878
2014-04-19 02:14:00,205462.0,0.246935910258432,0,-0.10998602681404243,-0.2199720536280849,-0.10998602681404245
2014-04-19 02:19:00,205409.0,0.24718664353442105,0,-0.10998619952270028,-0.21997239904540056,-0.10998619952270028
2014-04-19 02:24:00,218012.0,0.2256735901222593,0,-0.10998637009681037,-0.21997274019362076,-0.10998637009681037
2014-04-19 02:29:00,200700.0,0.2578791236754596,0,-0.10998653856275087,-0.21997307712550174,-0.10998653856275087
2014-04-19 02:34:00,222838.0,0.23602208756064635,0,-0.10998670494657402,-0.21997340989314804,-0.10998670494657402
2014-04-19 02:39:00,214800.0,0.2266100415060384,0,-0.1099868692740102,-0.2199737385480204,-0.10998686927401019
2014-04-19 02:44:00,204515.0,0.2490927528375439,0,-0.10998703157047188,-0.21997406314094373,-0.10998703157047188
2014-04-19 02:49:00,226401.0,0.24381834005135244,0,-0.10998719186105756,-0.2199743837221152,-0.10998719186105758
2014-04-19 02:54:00,201294.0,0.2566332827419109,0,-0.10998735017055572,-0.21997470034111144,-0.10998735017055572
2014-04-19 02:59:00,220722.0,0.231296050641354,0,-0.10998750652344844,-0.2199750130468969,-0.10998750652344845
2014-04-19 03:04:00,209314.0,0.2383464810067675,0,-0.10998766094391546,-0.21997532188783087,-0.10998766094391546
2014-04-19 03:09:00,230432.0,0.2531174691535213,0,-0.10998781345583766,-0.21997562691167533,-0.10998781345583766
2014-04-19 03:14:00,184449.0,0.29710435018436543,0,-0.10998796408280097,-0.2199759281656019,-0.10998796408280095
2014-04-19 03:19:00,224717.0,0.2404383605657741,0,-0.1099881128480998,-0.2199762256961996,-0.1099881128480998
2014-04-19 03:24:00,206109.0,0.2452434694554255,0,-0.10998825977474083,-0.21997651954948166,-0.10998825977474083
2014-04-19 03:29:00,197809.0,0.2641344665403336,0,-0.10998840488544646,-0.21997680977089293,-0.10998840488544646
2014-04-19 03:34:00,211238.0,0.2338157358925928,0,-0.10998854820265833,-0.21997709640531665,-0.10998854820265833
2014-04-19 03:39:00,203830.0,0.25012607776388723,0,-0.1099886897485408,-0.21997737949708165,-0.10998868974854081
2014-04-19 03:44:00,212234.0,0.2315577477456322,0,-0.1099888295449844,-0.2199776590899688,-0.1099888295449844
2014-04-19 03:49:00,212223.0,0.2316433847119265,0,-0.10998896761360916,-0.2199779352272183,-0.10998896761360916
2014-04-19 03:54:00,219058.0,0.2282884700218985,0,-0.10998910397576796,-0.21997820795153594,-0.10998910397576797
2014-04-19 03:59:00,208619.0,0.2394426937937993,0,-0.10998923865254996,-0.2199784773050999,-0.10998923865254995
2014-04-19 04:04:00,232249.0,0.2575594462654382,0,-0.10998937166478354,-0.21997874332956707,-0.10998937166478354
2014-04-19 04:09:00,218632.0,0.22723731716843865,0,-0.10998950303303992,-0.21997900606607984,-0.10998950303303992
2014-04-19 04:14:00,207605.0,0.2417573024016356,0,-0.10998963277763604,-0.21997926555527209,-0.10998963277763603
2014-04-19 04:19:00,210603.0,0.23504734190585336,0,-0.10998976091863782,-0.21997952183727565,-0.10998976091863782
2014-04-19 04:24:00,209217.0,0.2380625479771055,0,-0.10998988747586323,-0.2199797749517265,-0.10998988747586325
2014-04-19 04:29:00,209757.0,0.23691714094179725,0,-0.10999001246888546,-0.2199800249377709,-0.10999001246888546
2014-04-19 04:34:00,204049.0,0.24965209528904955,0,-0.1099901359170357,-0.2199802718340714,-0.1099901359170357
2014-04-19 04:39:00,220709.0,0.2318999314938805,0,-0.10999025783940636,-0.21998051567881274,-0.10999025783940637
2014-04-19 04:44:00,199591.0,0.2598661849624537,0,-0.10999037825485396,-0.21998075650970791,-0.10999037825485396
2014-04-19 04:49:00,222292.0,0.2353877944465531,0,-0.10999049718200196,-0.21998099436400392,-0.10999049718200196
2014-04-19 04:54:00,198588.0,0.2621393999074613,0,-0.10999061463924373,-0.21998122927848746,-0.10999061463924373
2014-04-19 04:59:00,213303.0,0.2290888174703229,0,-0.10999073064474536,-0.2199814612894907,-0.10999073064474535
2014-04-19 05:04:00,218306.0,0.2268792600828375,0,-0.10999084521644843,-0.2199816904328969,-0.10999084521644845
2014-04-19 05:09:00,215561.0,0.2243730081056264,0,-0.10999095837207294,-0.21998191674414588,-0.10999095837207294
2014-04-19 05:14:00,208987.0,0.23834687180385136,0,-0.10999107012911978,-0.2199821402582396,-0.10999107012911978
2014-04-19 05:19:00,217060.0,0.22436645618483386,0,-0.1099911805048737,-0.2199823610097474,-0.1099911805048737
2014-04-19 05:24:00,214204.0,0.2270604130962848,0,-0.1099912895164058,-0.2199825790328116,-0.1099912895164058
2014-04-19 05:29:00,196041.0,0.2678288887837127,0,-0.10999139718057624,-0.2199827943611525,-0.10999139718057625
2014-04-19 05:34:00,214402.0,0.2264841544154566,0,-0.10999150351403693,-0.21998300702807386,-0.10999150351403691
2014-04-19 05:39:00,210225.0,0.23543408523479345,0,-0.10999160853323382,-0.21998321706646765,-0.10999160853323382
2014-04-19 05:44:00,215222.0,0.2246532456913584,0,-0.10999171225440986,-0.21998342450881966,-0.10999171225440986
2014-04-19 05:49:00,219228.0,0.2291649624294878,0,-0.10999181469360717,-0.2199836293872143,-0.10999181469360715
2014-04-19 05:54:00,198478.0,0.26185561257827794,0,-0.1099919158666696,-0.2199838317333392,-0.10999191586666959
2014-04-19 05:59:00,206395.0,0.2436710783798383,0,-0.10999201578924528,-0.21998403157849056,-0.10999201578924529
2014-04-19 06:04:00,215575.0,0.22364810075069053,0,-0.109992114476789,-0.21998422895357805,-0.10999211447678901
2014-04-19 06:09:00,229358.0,0.2518554967240105,0,-0.1099922119445645,-0.219984423889129,-0.1099922119445645
2014-04-19 06:14:00,203889.0,0.2489702664856235,0,-0.10999230820764694,-0.21998461641529388,-0.10999230820764694
2014-04-19 06:19:00,232805.0,0.2600402527557882,0,-0.10999240328092516,-0.21998480656185035,-0.10999240328092517
2014-04-19 06:24:00,206162.0,0.2438387097103783,0,-0.1099924971791041,-0.2199849943582082,-0.1099924971791041
2014-04-19 06:29:00,210883.0,0.23343267343930746,0,-0.10999258991670686,-0.21998517983341373,-0.10999258991670686
2014-04-19 06:34:00,215938.0,0.2227377246091788,0,-0.10999268150807716,-0.21998536301615434,-0.10999268150807717
2014-04-19 06:39:00,212260.0,0.2303617977897316,0,-0.10999277196738146,-0.2199855439347629,-0.10999277196738146
2014-04-19 06:44:00,203804.0,0.2489372069842138,0,-0.10999286130861108,-0.21998572261722216,-0.10999286130861109
2014-04-19 06:49:00,225690.0,0.2440557869622152,0,-0.1099929495455846,-0.2199858990911692,-0.1099929495455846
2014-04-19 06:54:00,210699.0,0.23368888467689425,0,-0.10999303669194964,-0.2199860733838993,-0.10999303669194965
2014-04-19 06:59:00,205743.0,0.24445608252458945,0,-0.10999312276118534,-0.21998624552237067,-0.10999312276118534
2014-04-19 07:04:00,209370.0,0.2364455394736144,0,-0.10999320776660416,-0.2199864155332083,-0.10999320776660415
2014-04-19 07:09:00,218644.0,0.2288199411196342,0,-0.10999329172135408,-0.21998658344270813,-0.10999329172135407
2014-04-19 07:14:00,209716.0,0.2355948146797605,0,-0.1099933746384206,-0.2199867492768412,-0.10999337463842059
2014-04-19 07:19:00,204682.0,0.24673487476215705,0,-0.10999345653062877,-0.21998691306125756,-0.10999345653062877
2014-04-19 07:24:00,226078.0,0.24506349343838896,0,-0.10999353741064513,-0.21998707482129026,-0.10999353741064512
2014-04-19 07:29:00,197228.0,0.26381113910728465,0,-0.10999361729097967,-0.21998723458195935,-0.10999361729097969
2014-04-19 07:34:00,234074.0,0.2634463254909461,0,-0.10999369618398784,-0.2199873923679757,-0.10999369618398785
2014-04-19 07:39:00,201373.0,0.2543493053233078,0,-0.10999377410187236,-0.21998754820374472,-0.10999377410187236
2014-04-19 07:44:00,214279.0,0.2258047044423125,0,-0.10999385105668512,-0.21998770211337024,-0.10999385105668513
2014-04-19 07:49:00,209986.0,0.2350475755898851,0,-0.10999392706032916,-0.21998785412065835,-0.10999392706032916
2014-04-19 07:54:00,214852.0,0.2246144400074741,0,-0.10999400212456033,-0.21998800424912066,-0.10999400212456031
2014-04-19 07:59:00,196981.0,0.2644417227647031,0,-0.10999407626098924,-0.21998815252197845,-0.10999407626098923
2014-04-19 08:04:00,212375.0,0.229715389524806,0,-0.10999414948108303,-0.21998829896216607,-0.10999414948108303
2014-04-19 08:09:00,218083.0,0.2276013046549573,0,-0.10999422179616712,-0.21998844359233424,-0.10999422179616711
2014-04-19 08:14:00,209151.0,0.2366641979635771,0,-0.10999429321742694,-0.2199885864348539,-0.10999429321742694
2014-04-19 08:19:00,209666.0,0.2356229012032079,0,-0.10999436375590972,-0.21998872751181944,-0.10999436375590972
2014-04-19 08:24:00,204242.0,0.2476334981919153,0,-0.10999443342252617,-0.21998886684505234,-0.10999443342252617
2014-04-19 08:29:00,211211.0,0.2321524935691505,0,-0.10999450222805213,-0.21998900445610425,-0.10999450222805213
2014-04-19 08:34:00,216888.0,0.2534936377751358,0,-0.10999457018313027,-0.21998914036626055,-0.10999457018313029
2014-04-19 08:39:00,214203.0,0.2301785774907183,0,-0.10999463729827184,-0.21998927459654366,-0.10999463729827182
2014-04-19 08:44:00,187064.0,0.5033442914642664,0,-0.10999470358385796,-0.21998940716771592,-0.10999470358385796
2014-04-19 08:49:00,227053.0,0.3557676192721632,0,-0.10999476905014167,-0.21998953810028335,-0.10999476905014169
2014-04-19 08:54:00,199233.0,0.3587290615421913,0,-0.10999483370724927,-0.21998966741449855,-0.10999483370724929
2014-04-19 08:59:00,214345.0,0.23195456764784725,0,-0.1099948975651818,-0.2199897951303636,-0.10999489756518181
2014-04-19 09:04:00,225491.0,0.3386936591750503,0,-0.1099949606338168,-0.2199899212676336,-0.10999496063381681
2014-04-19 09:09:00,214536.0,0.2328566099873747,0,-0.1099950229229097,-0.2199900458458194,-0.1099950229229097
2014-04-19 09:14:00,214087.0,0.2294353157884062,0,-0.1099950844420954,-0.2199901688841908,-0.1099950844420954
2014-04-19 09:19:00,217427.0,0.2584164625795766,0,-0.10999514520088964,-0.2199902904017793,-0.10999514520088965
2014-04-19 09:24:00,213943.0,0.22806926709731798,0,-0.10999520520869073,-0.21999041041738146,-0.10999520520869072
2014-04-19 09:29:00,203896.0,0.3100679000072624,0,-0.1099952644747806,-0.21999052894956125,-0.10999526447478061
2014-04-19 09:34:00,219234.0,0.2757202278366919,0,-0.10999532300832668,-0.21999064601665336,-0.10999532300832669
2014-04-19 09:39:00,201254.0,0.33707847855823064,0,-0.109995380818383,-0.219990761636766,-0.10999538081838299
2014-04-19 09:44:00,218736.0,0.2712559067031049,0,-0.10999543791389167,-0.21999087582778332,-0.10999543791389167
2014-04-19 09:49:00,215317.0,0.2400386565422512,0,-0.10999549430368434,-0.21999098860736868,-0.10999549430368434
2014-04-19 09:54:00,205880.0,0.28923669678041103,0,-0.10999554999648352,-0.21999109999296704,-0.10999554999648352
2014-04-19 09:59:00,214130.0,0.2301507151703388,0,-0.10999560500090387,-0.2199912100018077,-0.10999560500090387
2014-04-19 10:04:00,221990.0,0.3028985128546561,0,-0.10999565932545363,-0.21999131865090726,-0.10999565932545362
2014-04-19 10:09:00,228523.0,0.3730868352105816,0,-0.10999571297853583,-0.2199914259570717,-0.10999571297853585
2014-04-19 10:14:00,199953.0,0.35396525580743315,0,-0.10999576596844976,-0.2199915319368995,-0.10999576596844975
2014-04-19 10:19:00,226266.0,0.3486367810001336,0,-0.10999581830339196,-0.21999163660678395,-0.10999581830339197
2014-04-19 10:24:00,197346.0,0.3828618103908569,0,-0.10999586999145787,-0.21999173998291574,-0.10999586999145788
2014-04-19 10:29:00,215351.0,0.24028760740905786,0,-0.10999592104064278,-0.21999184208128555,-0.10999592104064278
2014-04-19 10:34:00,206072.0,0.289265750645493,0,-0.10999597145884313,-0.21999194291768626,-0.10999597145884313
2014-04-19 10:39:00,205289.0,0.2966132792422218,0,-0.1099960212538578,-0.2199920425077156,-0.10999602125385781
2014-04-19 10:44:00,204074.0,0.30855033697273443,0,-0.10999607043338937,-0.2199921408667787,-0.10999607043338935
2014-04-19 10:49:00,211078.0,0.24104712798242475,0,-0.10999611900504504,-0.21999223801009007,-0.10999611900504504
2014-04-19 10:54:00,214969.0,0.2376017726255292,0,-0.10999616697633817,-0.2199923339526764,-0.10999616697633818
2014-04-19 10:59:00,204246.0,0.30621437564297066,0,-0.10999621435468923,-0.21999242870937846,-0.10999621435468923
2014-04-19 11:04:00,222079.0,0.3055360137161902,0,-0.10999626114742686,-0.21999252229485367,-0.10999626114742686
2014-04-19 11:09:00,211744.0,0.2361573817168253,0,-0.10999630736178924,-0.21999261472357848,-0.10999630736178924
2014-04-19 11:14:00,214092.0,0.2298657394266201,0,-0.10999635300492508,-0.21999270600985016,-0.10999635300492508
2014-04-19 11:19:00,221114.0,0.2959343048553033,0,-0.10999639808389468,-0.21999279616778936,-0.10999639808389469
2014-04-19 11:24:00,223041.0,0.3163334503342094,0,-0.10999644260567117,-0.21999288521134236,-0.10999644260567117
2014-04-19 11:29:00,198340.0,0.3738688605852233,0,-0.10999648657714138,-0.2199929731542828,-0.10999648657714138
2014-04-19 11:34:00,214345.0,0.23186419686024404,0,-0.10999653000510716,-0.2199930600102143,-0.10999653000510715
2014-04-19 11:39:00,204572.0,0.3050217045069411,0,-0.10999657289628616,-0.21999314579257231,-0.10999657289628616
2014-04-19 11:44:00,197391.0,0.3834897193616322,0,-0.10999661525731312,-0.21999323051462624,-0.10999661525731312
2014-04-19 11:49:00,220158.0,0.2870169015977339,0,-0.1099966570947407,-0.2199933141894814,-0.1099966570947407
2014-04-19 11:54:00,196988.0,0.3896691644121296,0,-0.10999669841504063,-0.21999339683008126,-0.10999669841504063
2014-04-19 11:59:00,208200.0,0.2678932681204333,0,-0.1099967392246046,-0.2199934784492092,-0.10999673922460461
2014-04-19 12:04:00,205537.0,0.29486722204612503,0,-0.10999677952974536,-0.21999355905949072,-0.10999677952974536
2014-04-19 12:09:00,228853.0,0.3841364658644513,0,-0.1099968193366976,-0.2199936386733952,-0.1099968193366976
2014-04-19 12:14:00,210337.0,0.24814416739034265,0,-0.10999685865161894,-0.21999371730323788,-0.10999685865161894
2014-04-19 12:19:00,213978.0,0.2296737619827665,0,-0.10999689748059094,-0.21999379496118188,-0.10999689748059094
2014-04-19 12:24:00,204861.0,0.30208704445813656,0,-0.10999693582961996,-0.21999387165923995,-0.10999693582961997
2014-04-19 12:29:00,207990.0,0.2700149227647796,0,-0.10999697370463818,-0.2199939474092764,-0.10999697370463818
2014-04-19 12:34:00,208012.0,0.2700703607858371,0,-0.10999701111150438,-0.2199940222230088,-0.10999701111150438
2014-04-19 12:39:00,212478.0,0.2286048049004555,0,-0.10999704805600498,-0.21999409611201,-0.10999704805600498
2014-04-19 12:44:00,207448.0,0.27567369341696074,0,-0.10999708454385487,-0.21999416908770972,-0.10999708454385487
2014-04-19 12:49:00,213103.0,0.22286217147422724,0,-0.10999712058069833,-0.21999424116139665,-0.10999712058069833
2014-04-19 12:54:00,219918.0,0.2863540963891132,0,-0.10999715617210984,-0.2199943123442197,-0.10999715617210985
2014-04-19 12:59:00,209095.0,0.2597489104302004,0,-0.10999719132359502,-0.21999438264719004,-0.10999719132359502
2014-04-19 13:04:00,224715.0,0.3370111141502505,0,-0.1099972260405914,-0.2199944520811828,-0.1099972260405914
2014-04-19 13:09:00,219813.0,0.28433447247893484,0,-0.10999726032846932,-0.21999452065693864,-0.10999726032846932
2014-04-19 13:14:00,207644.0,0.2739281319741647,0,-0.10999729419253282,-0.21999458838506564,-0.10999729419253282
2014-04-19 13:19:00,204319.0,0.30808099517815696,0,-0.10999732763802024,-0.2199946552760405,-0.10999732763802025
2014-04-19 13:24:00,235873.0,0.470669109741876,0,-0.10999736067010532,-0.21999472134021064,-0.10999736067010532
2014-04-19 13:29:00,204881.0,0.3022594997054055,0,-0.10999739329389777,-0.21999478658779556,-0.10999739329389777
2014-04-19 13:34:00,220635.0,0.2922956594674761,0,-0.10999742551444414,-0.21999485102888827,-0.10999742551444414
2014-04-19 13:39:00,199202.0,0.3644005681591816,0,-0.10999745733672864,-0.2199949146734573,-0.10999745733672865
2014-04-19 13:44:00,204042.0,0.3100491434846893,0,-0.10999748876567393,-0.21999497753134786,-0.10999748876567393
2014-04-19 13:49:00,215084.0,0.23936688616897125,0,-0.1099975198061417,-0.2199950396122834,-0.1099975198061417
2014-04-19 13:54:00,205750.0,0.29263318957697465,0,-0.10999755046293364,-0.2199951009258673,-0.10999755046293365
2014-04-19 13:59:00,204547.0,0.3045148240546375,0,-0.10999758074079206,-0.21999516148158413,-0.10999758074079206
2014-04-19 14:04:00,211254.0,0.23924767931825336,0,-0.10999761064440072,-0.21999522128880145,-0.10999761064440071
2014-04-19 14:09:00,228499.0,0.3794738201457846,0,-0.10999764017838536,-0.21999528035677074,-0.10999764017838537
2014-04-19 14:14:00,204412.0,0.3058464914480613,0,-0.10999766934731467,-0.21999533869462934,-0.10999766934731468
2014-04-19 14:19:00,218361.0,0.2708131374975707,0,-0.10999769815570083,-0.2199953963114017,-0.10999769815570085
2014-04-19 14:24:00,204808.0,0.30172429073683765,0,-0.10999772660800024,-0.2199954532160005,-0.10999772660800025
2014-04-19 14:29:00,195825.0,0.4016286744921559,0,-0.10999775470861424,-0.2199955094172285,-0.10999775470861425
2014-04-19 14:34:00,214325.0,0.2333052794508338,0,-0.10999778246188976,-0.2199955649237795,-0.10999778246188975
2014-04-19 14:39:00,220887.0,0.2961989339156181,0,-0.10999780987211996,-0.21999561974423992,-0.10999780987211996
2014-04-19 14:44:00,213913.0,0.2296515992459284,0,-0.10999783694354504,-0.21999567388709007,-0.10999783694354504
2014-04-19 14:49:00,206566.0,0.2835546853755687,0,-0.10999786368035266,-0.21999572736070533,-0.10999786368035266
2014-04-19 14:54:00,215872.0,0.24695123182270995,0,-0.10999789008667886,-0.21999578017335766,-0.10999789008667886
2014-04-19 14:59:00,204075.0,0.3091490462346569,0,-0.10999791616660846,-0.21999583233321693,-0.10999791616660846
2014-04-19 15:04:00,215576.0,0.2446707453238649,0,-0.10999794192417583,-0.21999588384835167,-0.10999794192417583
2014-04-19 15:09:00,227363.0,0.3662269738101985,0,-0.10999796736336546,-0.21999593472673093,-0.10999796736336546
2014-04-19 15:14:00,208849.0,0.2611807366290245,0,-0.10999799248811264,-0.21999598497622527,-0.10999799248811264
2014-04-19 15:19:00,209714.0,0.2529313975719928,0,-0.10999801730230394,-0.21999603460460787,-0.10999801730230394
2014-04-19 15:24:00,219336.0,0.2815817735098831,0,-0.10999804180977793,-0.21999608361955586,-0.10999804180977793
2014-04-19 15:29:00,207734.0,0.2716643778922517,0,-0.10999806601432577,-0.21999613202865154,-0.10999806601432577
2014-04-19 15:34:00,211127.0,0.2394740296054171,0,-0.10999808991969172,-0.21999617983938347,-0.10999808991969173
2014-04-19 15:39:00,189856.0,0.4755944667010743,0,-0.10999811352957377,-0.2199962270591476,-0.10999811352957378
2014-04-19 15:44:00,209485.0,0.2536514226280921,0,-0.10999813684762423,-0.21999627369524846,-0.10999813684762423
2014-04-19 15:49:00,226404.0,0.35760012679116504,0,-0.10999815987745022,-0.21999631975490044,-0.10999815987745022
2014-04-19 15:54:00,206658.0,0.28100653183102703,0,-0.1099981826226143,-0.2199963652452286,-0.1099981826226143
2014-04-19 15:59:00,208559.0,0.2624506374418921,0,-0.10999820508663499,-0.21999641017327,-0.10999820508663499
2014-04-19 16:04:00,214749.0,0.2382998234681545,0,-0.10999822727298736,-0.21999645454597472,-0.10999822727298736
2014-04-19 16:09:00,240884.0,0.5308973290882197,0,-0.10999824918510348,-0.21999649837020693,-0.10999824918510347
2014-04-19 16:14:00,198648.0,0.3653416376991041,0,-0.109998270826373,-0.219996541652746,-0.10999827082637299
2014-04-19 16:19:00,208831.0,0.2591078278100999,0,-0.10999829220014368,-0.21999658440028735,-0.10999829220014369
2014-04-19 16:24:00,223620.0,0.32493792039868824,0,-0.10999831330972196,-0.219996626619444,-0.10999831330972198
2014-04-19 16:29:00,197529.0,0.3764838282061298,0,-0.10999833415837336,-0.21999666831674675,-0.10999833415837337
2014-04-19 16:34:00,231861.0,0.4168590027853793,0,-0.10999835474932304,-0.21999670949864605,-0.10999835474932303
2014-04-19 16:39:00,205168.0,0.29392368306991634,0,-0.10999837508575623,-0.21999675017151246,-0.10999837508575623
2014-04-19 16:44:00,200863.0,0.33850462611413923,0,-0.10999839517081894,-0.21999679034163788,-0.10999839517081894
2014-04-19 16:49:00,209460.0,0.2525694741988091,0,-0.10999841500761816,-0.21999683001523634,-0.10999841500761817
2014-04-19 16:54:00,221109.0,0.2984290827972559,0,-0.1099984345992226,-0.2199968691984452,-0.1099984345992226
2014-04-19 16:59:00,205954.0,0.2858936667965332,0,-0.10999845394866292,-0.21999690789732584,-0.10999845394866291
2014-04-19 17:04:00,219809.0,0.2855795158454523,0,-0.10999847305893236,-0.21999694611786472,-0.10999847305893236
2014-04-19 17:09:00,219781.0,0.28510490889950396,0,-0.10999849193298722,-0.21999698386597444,-0.10999849193298722
2014-04-19 17:14:00,213152.0,0.2250308249685576,0,-0.1099985105737472,-0.2199970211474944,-0.1099985105737472
2014-04-19 17:19:00,208964.0,0.2573786877613186,0,-0.10999852898409593,-0.21999705796819186,-0.10999852898409593
2014-04-19 17:24:00,202030.0,0.3258082940672448,0,-0.1099985471668814,-0.2199970943337628,-0.10999854716688139
2014-04-19 17:29:00,208313.0,0.2623762607448859,0,-0.10999856512491636,-0.21999713024983272,-0.10999856512491636
2014-04-19 17:34:00,210523.0,0.2417750309937628,0,-0.10999858286097887,-0.21999716572195774,-0.10999858286097888
2014-04-19 17:39:00,212976.0,0.22485552825850047,0,-0.10999860037781264,-0.2199972007556253,-0.10999860037781263
2014-04-19 17:44:00,209861.0,0.2474616303898041,0,-0.10999861767812737,-0.2199972353562547,-0.10999861767812735
2014-04-19 17:49:00,222336.0,0.31353949139200704,0,-0.10999863476459937,-0.2199972695291987,-0.10999863476459935
2014-04-19 17:54:00,213013.0,0.22520456099147865,0,-0.10999865163987184,-0.21999730327974365,-0.10999865163987183
2014-04-19 17:59:00,206579.0,0.2779296537794729,0,-0.10999866830655526,-0.21999733661311047,-0.10999866830655526
2014-04-19 18:04:00,210070.0,0.2456135528211475,0,-0.10999868476722796,-0.21999736953445595,-0.10999868476722797
2014-04-19 18:09:00,222893.0,0.32099748903043185,0,-0.10999870102443636,-0.2199974020488727,-0.10999870102443635
2014-04-19 18:14:00,223063.0,0.3224377929811961,0,-0.10999871708069528,-0.21999743416139053,-0.10999871708069527
2014-04-19 18:19:00,212685.0,0.22309681139351606,0,-0.10999873293848858,-0.2199974658769772,-0.10999873293848858
2014-04-19 18:24:00,220875.0,0.29911668133155883,0,-0.10999874860026944,-0.21999749720053888,-0.10999874860026944
2014-04-19 18:29:00,203691.0,0.309092644283812,0,-0.10999876406846062,-0.21999752813692125,-0.10999876406846062
2014-04-19 18:34:00,207459.0,0.27057303321056136,0,-0.10999877934545504,-0.2199975586909101,-0.10999877934545504
2014-04-19 18:39:00,204181.0,0.3032253662172576,0,-0.10999879443361596,-0.2199975888672319,-0.10999879443361595
2014-04-19 18:44:00,198425.0,0.3655447842477436,0,-0.10999880933527743,-0.21999761867055487,-0.10999880933527743
2014-04-19 18:49:00,214232.0,0.23600543815459146,0,-0.10999882405274472,-0.21999764810548944,-0.10999882405274472
2014-04-19 18:54:00,216701.0,0.2589521339323115,0,-0.10999883858829457,-0.2199976771765891,-0.10999883858829455
2014-04-19 18:59:00,204123.0,0.30332127496636924,0,-0.10999885294417552,-0.21999770588835105,-0.10999885294417552
2014-04-19 19:04:00,233579.0,0.4436584278723996,0,-0.10999886712260842,-0.21999773424521685,-0.10999886712260842
2014-04-19 19:09:00,209031.0,0.25512633159120696,0,-0.10999888112578662,-0.21999776225157325,-0.10999888112578662
2014-04-19 19:14:00,204349.0,0.3003466504370971,0,-0.10999889495587636,-0.2199977899117527,-0.10999889495587635
2014-04-19 19:19:00,221715.0,0.3087631819240237,0,-0.10999890861501707,-0.21999781723003412,-0.10999890861501707
2014-04-19 19:24:00,210854.0,0.2380216727161118,0,-0.1099989221053218,-0.2199978442106436,-0.1099989221053218
2014-04-19 19:29:00,214146.0,0.23591712444615395,0,-0.10999893542887744,-0.2199978708577549,-0.10999893542887745
2014-04-19 19:34:00,205619.0,0.28725552107353625,0,-0.10999894858774516,-0.21999789717549031,-0.10999894858774516
2014-04-19 19:39:00,212798.0,0.22466195837324546,0,-0.1099989615839605,-0.219997923167921,-0.1099989615839605
2014-04-19 19:44:00,215629.0,0.2498000218853917,0,-0.10999897441953398,-0.21999794883906795,-0.10999897441953398
2014-04-19 19:49:00,224601.0,0.3400113442602524,0,-0.10999898709645124,-0.21999797419290248,-0.10999898709645123
2014-04-19 19:54:00,199350.0,0.3538633287983614,0,-0.1099989996166733,-0.2199979992333466,-0.1099989996166733
2014-04-19 19:59:00,204397.0,0.2989081834297351,0,-0.10999901198213703,-0.2199980239642741,-0.10999901198213705
2014-04-19 20:04:00,226771.0,0.3642808853132614,0,-0.10999902419475537,-0.21999804838951076,-0.10999902419475537
2014-04-19 20:09:00,224136.0,0.33957119496666754,0,-0.10999903625641752,-0.21999807251283504,-0.10999903625641752
2014-04-19 20:14:00,217945.0,0.2730333111312786,0,-0.1099990481689894,-0.2199980963379788,-0.10999904816898941
2014-04-19 20:19:00,200224.0,0.3491102699793381,0,-0.10999905993431387,-0.21999811986862772,-0.10999905993431387
2014-04-19 20:24:00,230444.0,0.4150062324067865,0,-0.10999907155421096,-0.21999814310842195,-0.10999907155421097
2014-04-19 20:29:00,203982.0,0.3067304424333906,0,-0.10999908303047826,-0.2199981660609565,-0.10999908303047826
2014-04-19 20:34:00,209317.0,0.25278266034648683,0,-0.10999909436489112,-0.21999818872978225,-0.10999909436489111
2014-04-19 20:39:00,215135.0,0.24563003923221485,0,-0.1099991055592029,-0.2199982111184058,-0.1099991055592029
2014-04-19 20:44:00,214915.0,0.2434519900161416,0,-0.10999911661514536,-0.21999823323029075,-0.10999911661514537
2014-04-19 20:49:00,203284.0,0.3144125156265056,0,-0.10999912753442886,-0.21999825506885773,-0.10999912753442886
2014-04-19 20:54:00,215899.0,0.2531250298123437,0,-0.10999913831874253,-0.21999827663748506,-0.10999913831874253
2014-04-19 20:59:00,218172.0,0.2750133260760827,0,-0.10999914896975473,-0.21999829793950945,-0.10999914896975471
2014-04-19 21:04:00,202767.0,0.3199902201780833,0,-0.10999915948911307,-0.21999831897822614,-0.10999915948911307
2014-04-19 21:09:00,245948.0,0.6071042749348311,0,-0.10999916987844492,-0.21999833975688984,-0.10999916987844492
2014-04-19 21:14:00,209784.0,0.2482596074175469,0,-0.10999918013935747,-0.21999836027871494,-0.10999918013935749
2014-04-19 21:19:00,211830.0,0.2296268568030617,0,-0.10999919027343807,-0.21999838054687615,-0.10999919027343809
2014-04-19 21:24:00,217469.0,0.26705165711866674,0,-0.10999920028225446,-0.21999840056450887,-0.10999920028225446
2014-04-19 21:29:00,197765.0,0.3748521408037981,0,-0.10999921016735494,-0.21999842033470987,-0.10999921016735494
2014-04-19 21:34:00,210040.0,0.2457074314373581,0,-0.10999921993026872,-0.21999843986053744,-0.10999921993026872
2014-04-19 21:39:00,217098.0,0.2643301104375549,0,-0.10999922957250613,-0.21999845914501226,-0.10999922957250613
2014-04-19 21:44:00,203955.0,0.3064671071671352,0,-0.10999923909555877,-0.21999847819111756,-0.10999923909555877
2014-04-19 21:49:00,216448.0,0.2578056863942687,0,-0.10999924850089984,-0.2199984970017997,-0.10999924850089984
2014-04-19 21:54:00,220274.0,0.2970471303315671,0,-0.10999925778998436,-0.21999851557996872,-0.10999925778998436
2014-04-19 21:59:00,207501.0,0.27006257259464256,0,-0.10999926696424928,-0.21999853392849855,-0.10999926696424929
2014-04-19 22:04:00,218092.0,0.2741217097013605,0,-0.1099992760251139,-0.2199985520502278,-0.1099992760251139
2014-04-19 22:09:00,228689.0,0.3910647108859178,0,-0.10999928497397987,-0.21999856994795974,-0.10999928497397989
2014-04-19 22:14:00,207598.0,0.2697364508071425,0,-0.1099992938122316,-0.21999858762446325,-0.10999929381223161
2014-04-19 22:19:00,210139.0,0.24523504803953994,0,-0.10999930254123634,-0.21999860508247268,-0.10999930254123634
2014-04-19 22:24:00,212652.0,0.22281100156456096,0,-0.10999931116234442,-0.21999862232468884,-0.10999931116234442
2014-04-19 22:29:00,210117.0,0.2452327041281165,0,-0.10999931967688954,-0.21999863935377909,-0.10999931967688954
2014-04-19 22:34:00,230038.0,0.4098322363116209,0,-0.10999932808618887,-0.21999865617237774,-0.10999932808618888
2014-04-19 22:39:00,200123.0,0.34941960774029074,0,-0.10999933639154334,-0.21999867278308669,-0.10999933639154334
2014-04-19 22:44:00,210393.0,0.2425655313009541,0,-0.10999934459423777,-0.2199986891884755,-0.10999934459423776
2014-04-19 22:49:00,208040.0,0.26511880606730864,0,-0.10999935269554106,-0.21999870539108213,-0.10999935269554106
2014-04-19 22:54:00,225554.0,0.3565096575545736,0,-0.1099993606967065,-0.21999872139341298,-0.1099993606967065
2014-04-19 22:59:00,213134.0,0.22747183238884466,0,-0.10999936859897187,-0.21999873719794372,-0.10999936859897187
2014-04-19 23:04:00,221550.0,0.3103655103104726,0,-0.1099993764035596,-0.2199987528071192,-0.10999937640355961
2014-04-19 23:09:00,219428.0,0.2884032256912127,0,-0.10999938411167713,-0.21999876822335426,-0.10999938411167712
2014-04-19 23:14:00,220671.0,0.3027128758658649,0,-0.1099993917245168,-0.2199987834490336,-0.1099993917245168
2014-04-19 23:19:00,212390.0,0.2243245914025191,0,-0.10999939924325634,-0.2199987984865127,-0.10999939924325634
2014-04-19 23:24:00,208361.0,0.2623147920360637,0,-0.1099994066690589,-0.2199988133381178,-0.1099994066690589
2014-04-19 23:29:00,218991.0,0.2848814215326521,0,-0.1099994140030732,-0.2199988280061464,-0.10999941400307321
2014-04-19 23:34:00,218356.0,0.2778721504744996,0,-0.10999942124643387,-0.21999884249286775,-0.10999942124643389
2014-04-19 23:39:00,199871.0,0.3545791845478401,0,-0.10999942840026143,-0.21999885680052286,-0.10999942840026142
2014-04-19 23:44:00,218555.0,0.2799950828622885,0,-0.10999943546566253,-0.21999887093132506,-0.10999943546566252
2014-04-19 23:49:00,219058.0,0.2853057909802572,0,-0.10999944244373018,-0.2199988848874604,-0.10999944244373018
2014-04-19 23:54:00,221937.0,0.3158614938269915,0,-0.10999944933554393,-0.21999889867108785,-0.10999944933554391
2014-04-19 23:59:00,196691.0,0.3918814895358325,0,-0.10999945614216984,-0.2199989122843397,-0.10999945614216985
2014-04-20 00:04:00,232916.0,0.44672170894247204,0,-0.10999946286466104,-0.21999892572932206,-0.10999946286466102
2014-04-20 00:09:00,223388.0,0.32993645252947423,0,-0.10999946950405734,-0.21999893900811468,-0.10999946950405734
2014-04-20 00:14:00,211914.0,0.229856512992628,0,-0.10999947606138592,-0.21999895212277185,-0.10999947606138592
2014-04-20 00:19:00,204802.0,0.2996966845905571,0,-0.1099994825376612,-0.2199989650753224,-0.10999948253766119
2014-04-20 00:24:00,237022.0,0.4977558324331264,0,-0.10999948893388503,-0.21999897786777006,-0.10999948893388502
2014-04-20 00:29:00,200600.0,0.3457601600657847,0,-0.10999949525104688,-0.21999899050209376,-0.10999949525104688
2014-04-20 00:34:00,211971.0,0.2289671255200793,0,-0.10999950149012404,-0.21999900298024808,-0.10999950149012404
2014-04-20 00:39:00,221608.0,0.3103413906494791,0,-0.1099995076520817,-0.2199990153041634,-0.1099995076520817
2014-04-20 00:44:00,212618.0,0.2235216762605973,0,-0.10999951373787306,-0.21999902747574607,-0.10999951373787306
2014-04-20 00:49:00,217432.0,0.2662645326933149,0,-0.10999951974843963,-0.21999903949687927,-0.10999951974843963
2014-04-20 00:54:00,206846.0,0.27868103697220026,0,-0.10999952568471123,-0.21999905136942247,-0.10999952568471123
2014-04-20 00:59:00,220209.0,0.29518890090707245,0,-0.10999953154760618,-0.2199990630952124,-0.10999953154760618
2014-04-20 01:04:00,213426.0,0.2287066918064709,0,-0.10999953733803147,-0.21999907467606294,-0.10999953733803149
2014-04-20 01:09:00,238211.0,0.5109570755268764,0,-0.10999954305688292,-0.21999908611376584,-0.10999954305688292
2014-04-20 01:14:00,207262.0,0.2741952965296415,0,-0.10999954870504516,-0.21999909741009036,-0.10999954870504516
2014-04-20 01:19:00,238301.0,0.5080513988935871,0,-0.109999554283392,-0.219999108566784,-0.10999955428339199
2014-04-20 01:24:00,202344.0,0.32539768078532905,0,-0.10999955979278636,-0.21999911958557275,-0.10999955979278637
2014-04-20 01:29:00,204756.0,0.2990539549579977,0,-0.1099995652340806,-0.2199991304681612,-0.10999956523408061
2014-04-20 01:34:00,218957.0,0.2804594415248474,0,-0.10999957060811648,-0.21999914121623296,-0.10999957060811648
2014-04-20 01:39:00,204048.0,0.3090329081068693,0,-0.1099995759157253,-0.2199991518314506,-0.1099995759157253
2014-04-20 01:44:00,214352.0,0.2365980782090601,0,-0.1099995811577282,-0.2199991623154564,-0.1099995811577282
2014-04-20 01:49:00,217601.0,0.2673505444620723,0,-0.10999958633493608,-0.21999917266987215,-0.10999958633493609
2014-04-20 01:54:00,210319.0,0.2460465589436928,0,-0.10999959144814987,-0.21999918289629974,-0.10999959144814989
2014-04-20 01:59:00,210714.0,0.2421627075386824,0,-0.1099995964981606,-0.2199991929963212,-0.10999959649816059
2014-04-20 02:04:00,221409.0,0.30769152496713537,0,-0.10999960148574944,-0.2199992029714989,-0.10999960148574944
2014-04-20 02:09:00,218726.0,0.27926828299769474,0,-0.10999960641168803,-0.2199992128233761,-0.10999960641168804
2014-04-20 02:14:00,213689.0,0.2306571184450165,0,-0.1099996112767384,-0.2199992225534768,-0.10999961127673841
2014-04-20 02:19:00,209612.0,0.2525532142381691,0,-0.10999961608165316,-0.2199992321633063,-0.10999961608165315
2014-04-20 02:24:00,207980.0,0.2682393452487829,0,-0.1099996208271756,-0.2199992416543512,-0.1099996208271756
2014-04-20 02:29:00,205004.0,0.30002551441734643,0,-0.10999962551403987,-0.21999925102807974,-0.10999962551403988
2014-04-20 02:34:00,207585.0,0.27221513606217984,0,-0.10999963014297108,-0.21999926028594216,-0.10999963014297108
2014-04-20 02:39:00,207212.0,0.27615400013176045,0,-0.10999963471468524,-0.2199992694293705,-0.10999963471468525
2014-04-20 02:44:00,204106.0,0.3102712617808885,0,-0.10999963922988963,-0.2199992784597793,-0.10999963922988965
2014-04-20 02:49:00,227338.0,0.3799369872179007,0,-0.10999964368928278,-0.2199992873785656,-0.10999964368928278
2014-04-20 02:54:00,203892.0,0.3121196250918915,0,-0.10999964809355448,-0.21999929618710895,-0.10999964809355449
2014-04-20 02:59:00,214202.0,0.2362405249706392,0,-0.10999965244338616,-0.2199993048867723,-0.10999965244338615
2014-04-20 03:04:00,210976.0,0.2391233276205591,0,-0.10999965673945064,-0.2199993134789013,-0.10999965673945065
2014-04-20 03:09:00,235601.0,0.4876899630053939,0,-0.10999966098241262,-0.21999932196482525,-0.10999966098241262
2014-04-20 03:14:00,204128.0,0.3093113512255942,0,-0.10999966517292843,-0.21999933034585686,-0.10999966517292842
2014-04-20 03:19:00,211271.0,0.2359165793172633,0,-0.10999966931164633,-0.21999933862329266,-0.10999966931164631
2014-04-20 03:24:00,214199.0,0.2362261496572112,0,-0.1099996733992066,-0.2199993467984132,-0.1099996733992066
2014-04-20 03:29:00,203991.0,0.31096103599877045,0,-0.1099996774362416,-0.2199993548724832,-0.10999967743624159
2014-04-20 03:34:00,229463.0,0.4067542510042287,0,-0.1099996814233758,-0.2199993628467516,-0.10999968142337581
2014-04-20 03:39:00,203832.0,0.3129110434109387,0,-0.10999968536122608,-0.21999937072245213,-0.10999968536122608
2014-04-20 03:44:00,214490.0,0.2390754662118465,0,-0.10999968925040156,-0.21999937850080314,-0.10999968925040157
2014-04-20 03:49:00,220445.0,0.29944598125410193,0,-0.10999969309150398,-0.219999386183008,-0.10999969309150398
2014-04-20 03:54:00,214016.0,0.2345454491070895,0,-0.10999969688512748,-0.21999939377025496,-0.10999969688512748
2014-04-20 03:59:00,211569.0,0.23372808592000674,0,-0.10999970063185896,-0.21999940126371792,-0.10999970063185896
2014-04-20 04:04:00,235180.0,0.4807349594187675,0,-0.10999970433227804,-0.21999940866455608,-0.10999970433227803
2014-04-20 04:09:00,224911.0,0.3489041490363017,0,-0.10999970798695716,-0.21999941597391431,-0.10999970798695716
2014-04-20 04:14:00,207868.0,0.2702317938221231,0,-0.10999971159646173,-0.21999942319292345,-0.10999971159646173
2014-04-20 04:19:00,204413.0,0.3092651707029512,0,-0.1099997151613501,-0.2199994303227002,-0.1099997151613501
2014-04-20 04:24:00,219222.0,0.2865990598563488,0,-0.1099997186821738,-0.2199994373643476,-0.10999971868217379
2014-04-20 04:29:00,204533.0,0.3077752988507925,0,-0.10999972215947744,-0.2199994443189549,-0.10999972215947745
2014-04-20 04:34:00,204659.0,0.3068826372667262,0,-0.10999972559379904,-0.2199994511875981,-0.10999972559379904
2014-04-20 04:39:00,233583.0,0.4614597418799045,0,-0.10999972898566984,-0.21999945797133968,-0.10999972898566984
2014-04-20 04:44:00,207576.0,0.27543906772020355,0,-0.10999973233561457,-0.21999946467122916,-0.10999973233561457
2014-04-20 04:49:00,206019.0,0.291850093329023,0,-0.10999973564415146,-0.2199994712883029,-0.10999973564415146
2014-04-20 04:54:00,212976.0,0.22317826362943413,0,-0.10999973891179236,-0.2199994778235847,-0.10999973891179235
2014-04-20 04:59:00,211351.0,0.23712184374931225,0,-0.10999974213904272,-0.21999948427808547,-0.10999974213904273
2014-04-20 05:04:00,211739.0,0.2335460123004376,0,-0.10999974532640187,-0.21999949065280375,-0.10999974532640189
2014-04-20 05:09:00,217560.0,0.2688154838238396,0,-0.10999974847436288,-0.21999949694872573,-0.10999974847436288
2014-04-20 05:14:00,226971.0,0.3769059190271665,0,-0.1099997515834127,-0.2199995031668254,-0.1099997515834127
2014-04-20 05:19:00,195931.0,0.4121235542989787,0,-0.10999975465403232,-0.21999950930806467,-0.10999975465403233
2014-04-20 05:24:00,213552.0,0.2290831428239912,0,-0.10999975768669676,-0.21999951537339354,-0.10999975768669677
2014-04-20 05:29:00,219538.0,0.28900021280090266,0,-0.1099997606818752,-0.2199995213637504,-0.10999976068187521
2014-04-20 05:34:00,221002.0,0.3046126871146824,0,-0.10999976364003096,-0.21999952728006195,-0.10999976364003097
2014-04-20 05:39:00,215646.0,0.2480330240584015,0,-0.1099997665616217,-0.2199995331232434,-0.1099997665616217
2014-04-20 05:44:00,227147.0,0.37649382417664057,0,-0.10999976944709937,-0.21999953889419874,-0.10999976944709937
2014-04-20 05:49:00,207195.0,0.2801691005783313,0,-0.10999977229691037,-0.2199995445938207,-0.10999977229691035
2014-04-20 05:54:00,228604.0,0.3942002620873039,0,-0.10999977511149553,-0.21999955022299106,-0.10999977511149552
2014-04-20 05:59:00,210854.0,0.2436172651568985,0,-0.10999977789129027,-0.2199995557825805,-0.10999977789129027
2014-04-20 06:04:00,210599.0,0.24601022640216305,0,-0.10999978063672466,-0.21999956127344933,-0.10999978063672466
2014-04-20 06:09:00,251045.0,0.6780310107713325,0,-0.10999978334822344,-0.21999956669644685,-0.10999978334822343
2014-04-20 06:14:00,204245.0,0.3114442935771121,0,-0.109999786026206,-0.219999572052412,-0.109999786026206
2014-04-20 06:19:00,219750.0,0.28643017949745186,0,-0.10999978867108667,-0.21999957734217332,-0.10999978867108667
2014-04-20 06:24:00,221702.0,0.3071064399428238,0,-0.10999979128327464,-0.21999958256654925,-0.10999979128327463
2014-04-20 06:29:00,219850.0,0.2869996463703284,0,-0.10999979386317396,-0.21999958772634792,-0.10999979386317396
2014-04-20 06:34:00,216247.0,0.25025932500194464,0,-0.10999979641118378,-0.2199995928223676,-0.10999979641118378
2014-04-20 06:39:00,235683.0,0.4746232230703901,0,-0.10999979892769826,-0.21999959785539647,-0.10999979892769826
2014-04-20 06:44:00,218954.0,0.2757523761157755,0,-0.10999980141310672,-0.21999960282621345,-0.10999980141310671
2014-04-20 06:49:00,225688.0,0.3487781994884815,0,-0.10999980386779364,-0.21999960773558727,-0.10999980386779364
2014-04-20 06:54:00,217794.0,0.2636950443116638,0,-0.10999980629213876,-0.21999961258427755,-0.10999980629213876
2014-04-20 06:59:00,224887.0,0.3388135595561334,0,-0.10999980868651717,-0.2199996173730343,-0.10999980868651715
2014-04-20 07:04:00,224771.0,0.33661721391217525,0,-0.1099998110512992,-0.2199996221025984,-0.10999981105129919
2014-04-20 07:09:00,229828.0,0.3953582079360988,0,-0.10999981338685072,-0.21999962677370147,-0.10999981338685073
2014-04-20 07:14:00,232090.0,0.42298846186851596,0,-0.10999981569353308,-0.21999963138706616,-0.10999981569353308
2014-04-20 07:19:00,209603.0,0.25996877775252364,0,-0.10999981797170308,-0.21999963594340616,-0.10999981797170309
2014-04-20 07:24:00,224724.0,0.3354603266598589,0,-0.10999982022171316,-0.21999964044342635,-0.10999982022171317
2014-04-20 07:29:00,219774.0,0.2812288955189395,0,-0.10999982244391143,-0.21999964488782286,-0.10999982244391143
2014-04-20 07:34:00,214358.0,0.22890528266212906,0,-0.10999982463864162,-0.21999964927728324,-0.10999982463864162
2014-04-20 07:39:00,224555.0,0.3323806504698658,0,-0.10999982680624326,-0.21999965361248647,-0.10999982680624326
2014-04-20 07:44:00,232645.0,0.4276579684559498,0,-0.10999982894705172,-0.21999965789410345,-0.10999982894705171
2014-04-20 07:49:00,217576.0,0.2574411031093303,0,-0.10999983106139813,-0.21999966212279626,-0.10999983106139813
2014-04-20 07:54:00,217325.0,0.2553648175008336,0,-0.10999983314960962,-0.21999966629921924,-0.10999983314960962
2014-04-20 07:59:00,227360.0,0.3624123150527176,0,-0.10999983521200922,-0.21999967042401844,-0.10999983521200922
2014-04-20 08:04:00,217716.0,0.2581475033605762,0,-0.10999983724891599,-0.219999674497832,-0.10999983724891599
2014-04-20 08:09:00,248667.0,0.6229202465272283,0,-0.10999983926064504,-0.21999967852129007,-0.10999983926064504
2014-04-20 08:14:00,216033.0,0.24070457671151896,0,-0.10999984124750756,-0.21999968249501514,-0.10999984124750757
2014-04-20 08:19:00,222790.0,0.30660552413015296,0,-0.10999984320981096,-0.21999968641962195,-0.10999984320981097
2014-04-20 08:24:00,213287.0,0.2294322810631421,0,-0.10999984514785882,-0.21999969029571764,-0.10999984514785882
2014-04-20 08:29:00,227596.0,0.3594401787604919,0,-0.1099998470619509,-0.2199996941239018,-0.1099998470619509
2014-04-20 08:34:00,210490.0,0.2554590375898577,0,-0.10999984895238336,-0.2199996979047667,-0.10999984895238335
2014-04-20 08:39:00,221299.0,0.2915475143690424,0,-0.1099998508194486,-0.2199997016388972,-0.1099998508194486
2014-04-20 08:44:00,210728.0,0.2533670575935601,0,-0.10999985266343552,-0.21999970532687105,-0.10999985266343551
2014-04-20 08:49:00,226722.0,0.3500472515030122,0,-0.10999985448462933,-0.21999970896925866,-0.10999985448462932
2014-04-20 08:54:00,213233.0,0.2307742628937208,0,-0.10999985628331176,-0.2199997125666236,-0.10999985628331178
2014-04-20 08:59:00,216131.0,0.2402685998947403,0,-0.10999985805976116,-0.2199997161195223,-0.10999985805976115
2014-04-20 09:04:00,222701.0,0.3047978782380469,0,-0.10999985981425224,-0.2199997196285045,-0.10999985981425225
2014-04-20 09:09:00,229599.0,0.38193500544727854,0,-0.1099998615470565,-0.21999972309411303,-0.1099998615470565
2014-04-20 09:14:00,220590.0,0.2817997945360621,0,-0.10999986325844197,-0.21999972651688396,-0.10999986325844197
2014-04-20 09:19:00,204231.0,0.32159024430029565,0,-0.10999986494867338,-0.2199997298973468,-0.10999986494867338
2014-04-20 09:24:00,228096.0,0.3628256300399141,0,-0.10999986661801224,-0.21999973323602448,-0.10999986661801224
2014-04-20 09:29:00,203753.0,0.3271660200864467,0,-0.10999986826671684,-0.21999973653343366,-0.10999986826671682
2014-04-20 09:34:00,220834.0,0.28320731346472056,0,-0.10999986989504212,-0.21999973979008425,-0.10999986989504211
2014-04-20 09:39:00,217471.0,0.2504235236695776,0,-0.10999987150324007,-0.21999974300648012,-0.10999987150324007
2014-04-20 09:44:00,214938.0,0.2274768129879286,0,-0.10999987309155948,-0.21999974618311896,-0.10999987309155948
2014-04-20 09:49:00,221679.0,0.29147252704010657,0,-0.10999987466024604,-0.21999974932049207,-0.10999987466024604
2014-04-20 09:54:00,220295.0,0.2776086031444119,0,-0.10999987620954242,-0.21999975241908484,-0.10999987620954242
2014-04-20 09:59:00,221105.0,0.2853659627030529,0,-0.10999987773968832,-0.21999975547937664,-0.10999987773968832
2014-04-20 10:04:00,206714.0,0.2985232030313853,0,-0.10999987925092043,-0.21999975850184086,-0.10999987925092043
2014-04-20 10:09:00,247271.0,0.6001259626374857,0,-0.10999988074347256,-0.2199997614869451,-0.10999988074347256
2014-04-20 10:14:00,204648.0,0.3194855334714054,0,-0.1099998822175756,-0.2199997644351512,-0.10999988221757559
2014-04-20 10:19:00,226723.0,0.3434730142039289,0,-0.1099998836734576,-0.2199997673469152,-0.10999988367345759
2014-04-20 10:24:00,208394.0,0.2802459424825456,0,-0.10999988511134376,-0.21999977022268752,-0.10999988511134376
2014-04-20 10:29:00,221043.0,0.2827623814969699,0,-0.10999988653145656,-0.21999977306291316,-0.10999988653145656
2014-04-20 10:34:00,210503.0,0.2600976749913433,0,-0.10999988793401566,-0.21999977586803127,-0.10999988793401566
2014-04-20 10:39:00,222217.0,0.29448181756383063,0,-0.10999988931923807,-0.2199997786384761,-0.10999988931923807
2014-04-20 10:44:00,222793.0,0.2998776146874075,0,-0.10999989068733804,-0.2199997813746761,-0.10999989068733805
2014-04-20 10:49:00,210718.0,0.258618355507997,0,-0.10999989203852728,-0.21999978407705453,-0.10999989203852727
2014-04-20 10:54:00,222654.0,0.2983645256826828,0,-0.10999989337301476,-0.21999978674602952,-0.10999989337301476
2014-04-20 10:59:00,216275.0,0.2361937766746053,0,-0.10999989469100696,-0.2199997893820139,-0.10999989469100695
2014-04-20 11:04:00,217122.0,0.2437782160997261,0,-0.10999989599270772,-0.21999979198541544,-0.10999989599270772
2014-04-20 11:09:00,226275.0,0.3367996976986026,0,-0.10999989727831848,-0.21999979455663696,-0.10999989727831849
2014-04-20 11:14:00,220639.0,0.2776307265438002,0,-0.10999989854803813,-0.21999979709607625,-0.10999989854803813
2014-04-20 11:19:00,211825.0,0.2492365472920509,0,-0.10999989980206304,-0.2199997996041261,-0.10999989980206305
2014-04-20 11:24:00,221175.0,0.2831146219897279,0,-0.10999990104058724,-0.2199998020811745,-0.10999990104058725
2014-04-20 11:29:00,211021.0,0.2573261792944839,0,-0.10999990226380237,-0.2199998045276047,-0.10999990226380235
2014-04-20 11:34:00,203816.0,0.33181668961997235,0,-0.10999990347189756,-0.21999980694379512,-0.10999990347189756
2014-04-20 11:39:00,234385.0,0.4329039350145308,0,-0.10999990466505978,-0.2199998093301196,-0.10999990466505978
2014-04-20 11:44:00,203816.0,0.3321273181717678,0,-0.1099999058434736,-0.2199998116869472,-0.1099999058434736
2014-04-20 11:49:00,220982.0,0.2795277726252457,0,-0.10999990700732132,-0.21999981401464264,-0.10999990700732132
2014-04-20 11:54:00,219157.0,0.26127075669662697,0,-0.10999990815678297,-0.219999816313566,-0.10999990815678298
2014-04-20 11:59:00,220958.0,0.27877694096816663,0,-0.10999990929203644,-0.21999981858407286,-0.10999990929203642
2014-04-20 12:04:00,208780.0,0.28080537564520697,0,-0.10999991041325724,-0.21999982082651445,-0.10999991041325723
2014-04-20 12:09:00,241755.0,0.5213608752345517,0,-0.1099999115206189,-0.2199998230412378,-0.1099999115206189
2014-04-20 12:14:00,222830.0,0.29591741432787205,0,-0.10999991261429272,-0.21999982522858544,-0.10999991261429272
2014-04-20 12:19:00,222040.0,0.28751449956568403,0,-0.10999991369444788,-0.21999982738889576,-0.10999991369444789
2014-04-20 12:24:00,216388.0,0.23402034096043645,0,-0.10999991476125152,-0.21999982952250305,-0.10999991476125152
2014-04-20 12:29:00,206272.0,0.3063438953973826,0,-0.10999991581486863,-0.21999983162973727,-0.10999991581486863
2014-04-20 12:34:00,215994.0,0.2305606900157217,0,-0.1099999168554622,-0.2199998337109244,-0.1099999168554622
2014-04-20 12:39:00,217602.0,0.24490429017517065,0,-0.10999991788319324,-0.2199998357663865,-0.10999991788319324
2014-04-20 12:44:00,226290.0,0.3322664881518406,0,-0.10999991889822076,-0.2199998377964415,-0.10999991889822075
2014-04-20 12:49:00,209931.0,0.2715336766257031,0,-0.10999991990070172,-0.21999983980140345,-0.10999991990070172
2014-04-20 12:54:00,222682.0,0.2935019177034201,0,-0.10999992089079126,-0.21999984178158247,-0.10999992089079126
2014-04-20 12:59:00,210713.0,0.2646206153872984,0,-0.10999992186864252,-0.21999984373728504,-0.10999992186864252
2014-04-20 13:04:00,221287.0,0.27871527728401857,0,-0.10999992283440678,-0.2199998456688136,-0.10999992283440678
2014-04-20 13:09:00,236509.0,0.4519244679015753,0,-0.10999992378823344,-0.2199998475764669,-0.10999992378823345
2014-04-20 13:14:00,226102.0,0.328207466516706,0,-0.1099999247302701,-0.2199998494605402,-0.1099999247302701
2014-04-20 13:19:00,219417.0,0.25891233295344074,0,-0.10999992566066244,-0.21999985132132488,-0.10999992566066244
2014-04-20 13:24:00,210013.0,0.2727750961726991,0,-0.1099999265795544,-0.2199998531591088,-0.1099999265795544
2014-04-20 13:29:00,217832.0,0.2438014316194176,0,-0.10999992748708816,-0.21999985497417632,-0.10999992748708816
2014-04-20 13:34:00,212221.0,0.25211539688677154,0,-0.10999992838340407,-0.21999985676680814,-0.10999992838340408
2014-04-20 13:39:00,219837.0,0.2622572513388815,0,-0.10999992926864087,-0.2199998585372817,-0.10999992926864087
2014-04-20 13:44:00,206166.0,0.3134748742949645,0,-0.10999993014293544,-0.21999986028587087,-0.10999993014293544
2014-04-20 13:49:00,219032.0,0.2543681675489069,0,-0.10999993100642304,-0.2199998620128461,-0.10999993100642305
2014-04-20 13:54:00,213332.0,0.2423325979060756,0,-0.10999993185923727,-0.21999986371847455,-0.10999993185923729
2014-04-20 13:59:00,215330.0,0.22435971660942544,0,-0.10999993270151008,-0.21999986540302016,-0.10999993270151008
2014-04-20 14:04:00,216371.0,0.22992080437786905,0,-0.11,-0.22,-0.11
2014-04-20 14:09:00,240138.0,0.4944991382474623,0,-0.11,-0.22,-0.11
2014-04-20 14:14:00,207401.0,0.30030092013678983,0,-0.11,-0.22,-0.11
2014-04-20 14:19:00,217679.0,0.2411419735816495,0,-0.11,-0.22,-0.11
2014-04-20 14:24:00,223923.0,0.30165930302114563,0,-0.11,-0.22,-0.11
2014-04-20 14:29:00,210728.0,0.2673345175109387,0,-0.11,-0.22,-0.11
2014-04-20 14:34:00,214386.0,0.2334056558840893,0,-0.11,-0.22,-0.11
2014-04-20 14:39:00,216727.0,0.2327092853717523,0,-0.11,-0.22,-0.11
2014-04-20 14:44:00,220713.0,0.2697083550768985,0,-0.11,-0.22,-0.11
2014-04-20 14:49:00,217179.0,0.2358163660592509,0,-0.11,-0.22,-0.11
2014-04-20 14:54:00,221815.0,0.2801966544131849,0,-0.11,-0.22,-0.11
2014-04-20 14:59:00,216036.0,0.2251099539100686,0,-0.11,-0.22,-0.11
2014-04-20 15:04:00,215418.0,0.2260306908414829,0,-0.11,-0.22,-0.11
2014-04-20 15:09:00,230405.0,0.3739791218507579,0,-0.11,-0.22,-0.11
2014-04-20 15:14:00,214973.0,0.2301497867760813,0,-0.11,-0.22,-0.11
2014-04-20 15:19:00,222888.0,0.2900125286996399,0,-0.11,-0.22,-0.11
2014-04-20 15:24:00,216213.0,0.22571713136061064,0,-0.11,-0.22,-0.11
2014-04-20 15:29:00,214717.0,0.2332713085401507,0,-0.11,-0.22,-0.11
2014-04-20 15:34:00,214156.0,0.239068461358268,0,-0.11,-0.22,-0.11
2014-04-20 15:39:00,226757.0,0.3314638971493125,0,-0.11,-0.22,-0.11
2014-04-20 15:44:00,199187.0,0.4019874044769,0,-0.11,-0.22,-0.11
2014-04-20 15:49:00,220761.0,0.26767741804659845,0,-0.11,-0.22,-0.11
2014-04-20 15:54:00,225087.0,0.3122159397697279,0,-0.11,-0.22,-0.11
2014-04-20 15:59:00,214881.0,0.2327951283586949,0,-0.11,-0.22,-0.11
2014-04-20 16:04:00,216338.0,0.22520152941418184,0,-0.11,-0.22,-0.11
2014-04-20 16:09:00,237916.0,0.4642221606651316,0,-0.11,-0.22,-0.11
2014-04-20 16:14:00,216251.0,0.22409347191443296,0,-0.11,-0.22,-0.11
2014-04-20 16:19:00,210810.0,0.2723496440002243,0,-0.11,-0.22,-0.11
2014-04-20 16:24:00,240991.0,0.5007575540152625,0,-0.11,-0.22,-0.11
2014-04-20 16:29:00,200805.0,0.3816302505341676,0,-0.11,-0.22,-0.11
2014-04-20 16:34:00,220796.0,0.2650535205022769,0,-0.11,-0.22,-0.11
2014-04-20 16:39:00,222718.0,0.2837665155712797,0,-0.11,-0.22,-0.11
2014-04-20 16:44:00,221810.0,0.2741911647462922,0,-0.11,-0.22,-0.11
2014-04-20 16:49:00,209683.0,0.28606590124974324,0,-0.11,-0.22,-0.11
2014-04-20 16:54:00,233323.0,0.4030639230222723,0,-0.11,-0.22,-0.11
2014-04-20 16:59:00,203470.0,0.3539119378266029,0,-0.11,-0.22,-0.11
2014-04-20 17:04:00,216864.0,0.2270321091441712,0,-0.11,-0.22,-0.11
2014-04-20 17:09:00,233858.0,0.4075385199916976,0,-0.11,-0.22,-0.11
2014-04-20 17:14:00,210644.0,0.2763481113960833,0,-0.11,-0.22,-0.11
2014-04-20 17:19:00,226377.0,0.3219424314965748,0,-0.11,-0.22,-0.11
2014-04-20 17:24:00,211773.0,0.26628133063320064,0,-0.11,-0.22,-0.11
2014-04-20 17:29:00,232378.0,0.3911681198596039,0,-0.11,-0.22,-0.11
2014-04-20 17:34:00,210204.0,0.2829977378757343,0,-0.11,-0.22,-0.11
2014-04-20 17:39:00,233650.0,0.4071462340124448,0,-0.11,-0.22,-0.11
2014-04-20 17:44:00,203902.0,0.3523257834225208,0,-0.11,-0.22,-0.11
2014-04-20 17:49:00,221011.0,0.2642499045565453,0,-0.11,-0.22,-0.11
2014-04-20 17:54:00,230352.0,0.3655562827942236,0,-0.11,-0.22,-0.11
2014-04-20 17:59:00,217982.0,0.2347896872816509,0,-0.11,-0.22,-0.11
2014-04-20 18:04:00,204812.0,0.343378817413375,0,-0.11,-0.22,-0.11
2014-04-20 18:09:00,235968.0,0.4328484857591989,0,-0.11,-0.22,-0.11
2014-04-20 18:14:00,218757.0,0.2413818125799025,0,-0.11,-0.22,-0.11
2014-04-20 18:19:00,208472.0,0.3023150454347312,0,-0.11,-0.22,-0.11
2014-04-20 18:24:00,227264.0,0.3278634987717652,0,-0.11,-0.22,-0.11
2014-04-20 18:29:00,216148.0,0.2282114261802913,0,-0.11,-0.22,-0.11
2014-04-20 18:34:00,226559.0,0.3192068698603589,0,-0.11,-0.22,-0.11
2014-04-20 18:39:00,218296.0,0.2355446376359509,0,-0.11,-0.22,-0.11
2014-04-20 18:44:00,220071.0,0.25187983663034924,0,-0.11,-0.22,-0.11
2014-04-20 18:49:00,211267.0,0.27579570195887226,0,-0.11,-0.22,-0.11
2014-04-20 18:54:00,222805.0,0.278809298677746,0,-0.11,-0.22,-0.11
2014-04-20 18:59:00,224648.0,0.29751965349533266,0,-0.11,-0.22,-0.11
2014-04-20 19:04:00,204474.0,0.34990671786507405,0,-0.11,-0.22,-0.11
2014-04-20 19:09:00,253363.0,0.6423709410615656,0,-0.11,-0.22,-0.11
2014-04-20 19:14:00,204384.0,0.34856081785162624,0,-0.11,-0.22,-0.11
2014-04-20 19:19:00,222168.0,0.2699957823671941,0,-0.11,-0.22,-0.11
2014-04-20 19:24:00,231049.0,0.3637801602433892,0,-0.11,-0.22,-0.11
2014-04-20 19:29:00,202087.0,0.3738817139350301,0,-0.11,-0.22,-0.11
2014-04-20 19:34:00,202216.0,0.3722152153697424,0,-0.11,-0.22,-0.11
2014-04-20 19:39:00,232597.0,0.380438233304452,0,-0.11,-0.22,-0.11
2014-04-20 19:44:00,216763.0,0.2257314983385245,0,-0.11,-0.22,-0.11
2014-04-20 19:49:00,208897.0,0.30096708390748783,0,-0.11,-0.22,-0.11
2014-04-20 19:54:00,236491.0,0.425424295802564,0,-0.11,-0.22,-0.11
2014-04-20 19:59:00,210893.0,0.280775639464152,0,-0.11,-0.22,-0.11
2014-04-20 20:04:00,226756.0,0.31326522162490844,0,-0.11,-0.22,-0.11
2014-04-20 20:09:00,229868.0,0.3475664329321826,0,-0.11,-0.22,-0.11
2014-04-20 20:14:00,223753.0,0.2821743761947121,0,-0.11,-0.22,-0.11
2014-04-20 20:19:00,210827.0,0.283109025781279,0,-0.11,-0.22,-0.11
2014-04-20 20:24:00,233587.0,0.3889112161337815,0,-0.11,-0.22,-0.11
2014-04-20 20:29:00,210710.0,0.2844100576440293,0,-0.11,-0.22,-0.11
2014-04-20 20:34:00,226983.0,0.31408191746127656,0,-0.11,-0.22,-0.11
2014-04-20 20:39:00,222544.0,0.2686691871703709,0,-0.11,-0.22,-0.11
2014-04-20 20:44:00,219834.0,0.24313744561712244,0,-0.11,-0.22,-0.11
2014-04-20 20:49:00,207045.0,0.3234037437935424,0,-0.11,-0.22,-0.11
2014-04-20 20:54:00,232213.0,0.37086146276424975,0,-0.11,-0.22,-0.11
2014-04-20 20:59:00,214247.0,0.2520279540407165,0,-0.11,-0.22,-0.11
2014-04-20 21:04:00,211098.0,0.28267775133610623,0,-0.11,-0.22,-0.11
2014-04-20 21:09:00,242373.0,0.4924510467968573,0,-0.11,-0.22,-0.11
2014-04-20 21:14:00,205857.0,0.336624224481789,0,-0.11,-0.22,-0.11
2014-04-20 21:19:00,226445.0,0.3060844316683711,0,-0.11,-0.22,-0.11
2014-04-20 21:24:00,216911.0,0.2289799916186815,0,-0.11,-0.22,-0.11
2014-04-20 21:29:00,227730.0,0.31970994002403064,0,-0.11,-0.22,-0.11
2014-04-20 21:34:00,204141.0,0.35723612205021804,0,-0.11,-0.22,-0.11
2014-04-20 21:39:00,229521.0,0.3383021064155337,0,-0.11,-0.22,-0.11
2014-04-20 21:44:00,220815.0,0.2499673894903545,0,-0.11,-0.22,-0.11
2014-04-20 21:49:00,216944.0,0.2294227621506732,0,-0.11,-0.22,-0.11
2014-04-20 21:54:00,218494.0,0.2288209351413833,0,-0.11,-0.22,-0.11
2014-04-20 21:59:00,218773.0,0.23116271486017664,0,-0.11,-0.22,-0.11
2014-04-20 22:04:00,215335.0,0.24415954421257224,0,-0.11,-0.22,-0.11
2014-04-20 22:09:00,240105.0,0.4608754289854882,0,-0.11,-0.22,-0.11
2014-04-20 22:14:00,221984.0,0.26033606289316064,0,-0.11,-0.22,-0.11
2014-04-20 22:19:00,217826.0,0.22291930543033645,0,-0.11,-0.22,-0.11
2014-04-20 22:24:00,225926.0,0.29895337730903143,0,-0.11,-0.22,-0.11
2014-04-20 22:29:00,212967.0,0.2676302739504876,0,-0.11,-0.22,-0.11
2014-04-20 22:34:00,214505.0,0.25369877177045524,0,-0.11,-0.22,-0.11
2014-04-20 22:39:00,241133.0,0.4752433228193546,0,-0.11,-0.22,-0.11
2014-04-20 22:44:00,211519.0,0.2832095502940827,0,-0.11,-0.22,-0.11
2014-04-20 22:49:00,207264.0,0.3281719519448994,0,-0.11,-0.22,-0.11
2014-04-20 22:54:00,229190.0,0.3316932282117301,0,-0.11,-0.22,-0.11
2014-04-20 22:59:00,219665.0,0.2365765478494108,0,-0.11,-0.22,-0.11
2014-04-20 23:04:00,217716.0,0.22608187411308056,0,-0.11,-0.22,-0.11
2014-04-20 23:09:00,239260.0,0.4482229685447063,0,-0.11,-0.22,-0.11
2014-04-20 23:14:00,210376.0,0.2954006259134484,0,-0.11,-0.22,-0.11
2014-04-20 23:19:00,235911.0,0.4063551136974434,0,-0.11,-0.22,-0.11
2014-04-20 23:24:00,220741.0,0.2445679833376897,0,-0.11,-0.22,-0.11
2014-04-20 23:29:00,203102.0,0.3754555197138144,0,-0.11,-0.22,-0.11
2014-04-20 23:34:00,230348.0,0.3407524692040005,0,-0.11,-0.22,-0.11
2014-04-20 23:39:00,211747.0,0.2822490490436421,0,-0.11,-0.22,-0.11
2014-04-20 23:44:00,232208.0,0.3616537886335697,0,-0.11,-0.22,-0.11
2014-04-20 23:49:00,215562.0,0.2472184356547376,0,-0.11,-0.22,-0.11
2014-04-20 23:54:00,229330.0,0.32867966742858984,0,-0.11,-0.22,-0.11
2014-04-20 23:59:00,216654.0,0.2377640079424245,0,-0.11,-0.22,-0.11
2014-04-21 00:04:00,223048.0,0.2644553035101119,0,-0.11,-0.22,-0.11
2014-04-21 00:09:00,239541.0,0.446009896895755,0,-0.11,-0.22,-0.11
2014-04-21 00:14:00,218738.0,0.2249012804598345,0,-0.11,-0.22,-0.11
2014-04-21 00:19:00,220449.0,0.2397708861904413,0,-0.11,-0.22,-0.11
2014-04-21 00:24:00,211052.0,0.2914625683906387,0,-0.11,-0.22,-0.11
2014-04-21 00:29:00,222233.0,0.25562704830953603,0,-0.11,-0.22,-0.11
2014-04-21 00:34:00,211509.0,0.28713258429702404,0,-0.11,-0.22,-0.11
2014-04-21 00:39:00,228908.0,0.32208309589057404,0,-0.11,-0.22,-0.11
2014-04-21 00:44:00,213622.0,0.267424732751238,0,-0.11,-0.22,-0.11
2014-04-21 00:49:00,224830.0,0.27986239831342546,0,-0.11,-0.22,-0.11
2014-04-21 00:54:00,218302.0,0.2251715974146264,0,-0.11,-0.22,-0.11
2014-04-21 00:59:00,233279.0,0.36957624096121017,0,-0.11,-0.22,-0.11
2014-04-21 01:04:00,221332.0,0.24574727076970385,0,-0.11,-0.22,-0.11
2014-04-21 01:09:00,251691.0,0.5916421945843805,0,-0.11,-0.22,-0.11
2014-04-21 01:14:00,215000.0,0.2556739442300091,0,-0.11,-0.22,-0.11
2014-04-21 01:19:00,228164.0,0.31078803950102163,0,-0.11,-0.22,-0.11
2014-04-21 01:24:00,238008.0,0.41985950207816897,0,-0.11,-0.22,-0.11
2014-04-21 01:29:00,213834.0,0.2674690479674873,0,-0.11,-0.22,-0.11
2014-04-21 01:34:00,219034.0,0.2238700222711172,0,-0.11,-0.22,-0.11
2014-04-21 01:39:00,222015.0,0.2498337723415789,0,-0.11,-0.22,-0.11
2014-04-21 01:44:00,230459.0,0.3342207569382249,0,-0.11,-0.22,-0.11
2014-04-21 01:49:00,217897.0,0.2319268236246088,0,-0.11,-0.22,-0.11
2014-04-21 01:54:00,241161.0,0.4567324923991537,0,-0.11,-0.22,-0.11
2014-04-21 01:59:00,211846.0,0.28904632611793496,0,-0.11,-0.22,-0.11
2014-04-21 02:04:00,221554.0,0.2441506811179393,0,-0.11,-0.22,-0.11
2014-04-21 02:09:00,235457.0,0.38689468263351695,0,-0.11,-0.22,-0.11
2014-04-21 02:14:00,215725.0,0.2520734118554397,0,-0.11,-0.22,-0.11
2014-04-21 02:19:00,223285.0,0.2596116662727836,0,-0.11,-0.22,-0.11
2014-04-21 02:24:00,217500.0,0.2361585427325568,0,-0.11,-0.22,-0.11
2014-04-21 02:29:00,228535.0,0.31233978698414555,0,-0.11,-0.22,-0.11
2014-04-21 02:34:00,211414.0,0.2955112130011659,0,-0.11,-0.22,-0.11
2014-04-21 02:39:00,232210.0,0.35171797274615896,0,-0.11,-0.22,-0.11
2014-04-21 02:44:00,210725.0,0.30330126382206624,0,-0.11,-0.22,-0.11
2014-04-21 02:49:00,215054.0,0.26027728743072825,0,-0.11,-0.22,-0.11
2014-04-21 02:54:00,223010.0,0.2562580206568753,0,-0.11,-0.22,-0.11
2014-04-21 02:59:00,235903.0,0.392807831804786,0,-0.11,-0.22,-0.11
2014-04-21 03:04:00,230673.0,0.33231700819275306,0,-0.11,-0.22,-0.11
2014-04-21 03:09:00,241114.0,0.4523327928679163,0,-0.11,-0.22,-0.11
2014-04-21 03:14:00,213123.0,0.2803628852049975,0,-0.11,-0.22,-0.11
2014-04-21 03:19:00,209192.0,0.3202643004262428,0,-0.11,-0.22,-0.11
2014-04-21 03:24:00,232511.0,0.35000795981051275,0,-0.11,-0.22,-0.11
2014-04-21 03:29:00,222755.0,0.250659469834622,0,-0.11,-0.22,-0.11
2014-04-21 03:34:00,227102.0,0.29181264976084353,0,-0.11,-0.22,-0.11
2014-04-21 03:39:00,216610.0,0.2495429091846983,0,-0.11,-0.22,-0.11
2014-04-21 03:44:00,220775.0,0.23182876049765602,0,-0.11,-0.22,-0.11
2014-04-21 03:49:00,215595.0,0.25994213497139024,0,-0.11,-0.22,-0.11
2014-04-21 03:54:00,229621.0,0.3173657102763044,0,-0.11,-0.22,-0.11
2014-04-21 03:59:00,217405.0,0.2437742977612853,0,-0.11,-0.22,-0.11
2014-04-21 04:04:00,225801.0,0.2775554203001589,0,-0.11,-0.22,-0.11
2014-04-21 04:09:00,230306.0,0.32350683993275675,0,-0.11,-0.22,-0.11
2014-04-21 04:14:00,213279.0,0.2836096975572267,0,-0.11,-0.22,-0.11
2014-04-21 04:19:00,230201.0,0.3228569223800705,0,-0.11,-0.22,-0.11
2014-04-21 04:24:00,226641.0,0.285023483995684,0,-0.11,-0.22,-0.11
2014-04-21 04:29:00,222929.0,0.24882584848096875,0,-0.11,-0.22,-0.11
2014-04-21 04:34:00,209162.0,0.32943382915939906,0,-0.11,-0.22,-0.11
2014-04-21 04:39:00,218238.0,0.2380063649476119,0,-0.11,-0.22,-0.11
2014-04-21 04:44:00,221598.0,0.2364800482183993,0,-0.11,-0.22,-0.11
2014-04-21 04:49:00,215536.0,0.26400078573335056,0,-0.11,-0.22,-0.11
2014-04-21 04:54:00,237967.0,0.4113093508401303,0,-0.11,-0.22,-0.11
2014-04-21 04:59:00,226021.0,0.2773096572953408,0,-0.11,-0.22,-0.11
2014-04-21 05:04:00,227342.0,0.2901556964732682,0,-0.11,-0.22,-0.11
2014-04-21 05:09:00,229714.0,0.31550350192398235,0,-0.11,-0.22,-0.11
2014-04-21 05:14:00,236350.0,0.3901566694305829,0,-0.11,-0.22,-0.11
2014-04-21 05:19:00,214046.0,0.280345002837706,0,-0.11,-0.22,-0.11
2014-04-21 05:24:00,231612.0,0.33469371878900706,0,-0.11,-0.22,-0.11
2014-04-21 05:29:00,223809.0,0.2540382696973741,0,-0.11,-0.22,-0.11
2014-04-21 05:34:00,232056.0,0.3386884953735141,0,-0.11,-0.22,-0.11
2014-04-21 05:39:00,217216.0,0.2521428581297212,0,-0.11,-0.22,-0.11
2014-04-21 05:44:00,231403.0,0.33159579855372456,0,-0.11,-0.22,-0.11
2014-04-21 05:49:00,224576.0,0.25995137637662435,0,-0.11,-0.22,-0.11
2014-04-21 05:54:00,245953.0,0.5061898876257181,0,-0.11,-0.22,-0.11
2014-04-21 05:59:00,229395.0,0.3065217137172806,0,-0.11,-0.22,-0.11
2014-04-21 06:04:00,211109.0,0.3162320113101107,0,-0.11,-0.22,-0.11
2014-04-21 06:09:00,254569.0,0.6064853433943593,0,-0.11,-0.22,-0.11
2014-04-21 06:14:00,225228.0,0.2618044682292115,0,-0.11,-0.22,-0.11
2014-04-21 06:19:00,233296.0,0.34474721899295163,0,-0.11,-0.22,-0.11
2014-04-21 06:24:00,223321.0,0.24330908566296866,0,-0.11,-0.22,-0.11
2014-04-21 06:29:00,215895.0,0.2693099835432001,0,-0.11,-0.22,-0.11
2014-04-21 06:34:00,224845.0,0.2572045421034106,0,-0.11,-0.22,-0.11
2014-04-21 06:39:00,236259.0,0.3776767767118056,0,-0.11,-0.22,-0.11
2014-04-21 06:44:00,218666.0,0.2438575695646098,0,-0.11,-0.22,-0.11
2014-04-21 06:49:00,205021.0,0.3862252963051912,0,-0.11,-0.22,-0.11
2014-04-21 06:54:00,240646.0,0.4283021467712686,0,-0.11,-0.22,-0.11
2014-04-21 06:59:00,233003.0,0.33882091214405996,0,-0.11,-0.22,-0.11
2014-04-21 07:04:00,223752.0,0.2453657128850333,0,-0.11,-0.22,-0.11
2014-04-21 07:09:00,231208.0,0.31836129407937164,0,-0.11,-0.22,-0.11
2014-04-21 07:14:00,221155.0,0.22287490386739325,0,-0.11,-0.22,-0.11
2014-04-21 07:19:00,222481.0,0.2339939106865202,0,-0.11,-0.22,-0.11
2014-04-21 07:24:00,226754.0,0.27408185086829817,0,-0.11,-0.22,-0.11
2014-04-21 07:29:00,195809.0,0.5029877072992097,0,-0.11,-0.22,-0.11
2014-04-21 07:34:00,234945.0,0.3609361598005696,0,-0.11,-0.22,-0.11
2014-04-21 07:39:00,217694.0,0.25385121376487313,0,-0.11,-0.22,-0.11
2014-04-21 07:44:00,210745.0,0.32325779667182164,0,-0.11,-0.22,-0.11
2014-04-21 07:49:00,232711.0,0.3361449620872763,0,-0.11,-0.22,-0.11
2014-04-21 07:54:00,219515.0,0.2367465433739369,0,-0.11,-0.22,-0.11
2014-04-21 07:59:00,225543.0,0.2622634058436883,0,-0.11,-0.22,-0.11
2014-04-21 08:04:00,207794.0,0.3553126631599067,0,-0.11,-0.22,-0.11
2014-04-21 08:09:00,242283.0,0.4467306042923988,0,-0.11,-0.22,-0.11
2014-04-21 08:14:00,217429.0,0.25535554085583045,0,-0.11,-0.22,-0.11
2014-04-21 08:19:00,217854.0,0.25105151651287194,0,-0.11,-0.22,-0.11
2014-04-21 08:24:00,218013.0,0.2499042773940713,0,-0.11,-0.22,-0.11
2014-04-21 08:29:00,227721.0,0.28367387647698256,0,-0.11,-0.22,-0.11
2014-04-21 08:34:00,218346.0,0.2468944593992666,0,-0.11,-0.22,-0.11
2014-04-21 08:39:00,226212.0,0.2685749623254948,0,-0.11,-0.22,-0.11
2014-04-21 08:44:00,225118.0,0.25816435427052536,0,-0.11,-0.22,-0.11
2014-04-21 08:49:00,213030.0,0.29826625128748,0,-0.11,-0.22,-0.11
2014-04-21 08:54:00,225419.0,0.26140522908324104,0,-0.11,-0.22,-0.11
2014-04-21 08:59:00,211670.0,0.3123892055238637,0,-0.11,-0.22,-0.11
2014-04-21 09:04:00,215554.0,0.2726350080403301,0,-0.11,-0.22,-0.11
2014-04-21 09:09:00,224864.0,0.256470757214086,0,-0.11,-0.22,-0.11
2014-04-21 09:14:00,230639.0,0.3157685650455864,0,-0.11,-0.22,-0.11
2014-04-21 09:19:00,211698.0,0.3121164951344667,0,-0.11,-0.22,-0.11
2014-04-21 09:24:00,232611.0,0.33671457961362666,0,-0.11,-0.22,-0.11
2014-04-21 09:29:00,210801.0,0.3217004533452004,0,-0.11,-0.22,-0.11
2014-04-21 09:34:00,218614.0,0.24362014566311715,0,-0.11,-0.22,-0.11
2014-04-21 09:39:00,220827.0,0.2243883569345976,0,-0.11,-0.22,-0.11
2014-04-21 09:44:00,222739.0,0.2376536911210531,0,-0.11,-0.22,-0.11
2014-04-21 09:49:00,225115.0,0.2591612056283299,0,-0.11,-0.22,-0.11
2014-04-21 09:54:00,214818.0,0.2804087570343232,0,-0.11,-0.22,-0.11
2014-04-21 09:59:00,226548.0,0.2729816152056049,0,-0.11,-0.22,-0.11
2014-04-21 10:04:00,209534.0,0.33629376326664884,0,-0.11,-0.22,-0.11
2014-04-21 10:09:00,247671.0,0.5148871884314756,0,-0.11,-0.22,-0.11
2014-04-21 10:14:00,216768.0,0.26147363168308313,0,-0.11,-0.22,-0.11
2014-04-21 10:19:00,232546.0,0.3334182220581691,0,-0.11,-0.22,-0.11
2014-04-21 10:24:00,222530.0,0.23417633704935376,0,-0.11,-0.22,-0.11
2014-04-21 10:29:00,215330.0,0.2760014670574677,0,-0.11,-0.22,-0.11
2014-04-21 10:34:00,228582.0,0.2913912697654695,0,-0.11,-0.22,-0.11
2014-04-21 10:39:00,228257.0,0.2877894399770867,0,-0.11,-0.22,-0.11
2014-04-21 10:44:00,216318.0,0.2675597665599039,0,-0.11,-0.22,-0.11
2014-04-21 10:49:00,214953.0,0.2809270641140649,0,-0.11,-0.22,-0.11
2014-04-21 10:54:00,236142.0,0.3725632125220601,0,-0.11,-0.22,-0.11
2014-04-21 10:59:00,222721.0,0.2348230496449861,0,-0.11,-0.22,-0.11
2014-04-21 11:04:00,219701.0,0.2366570301497657,0,-0.11,-0.22,-0.11
2014-04-21 11:09:00,240185.0,0.4186351007536686,0,-0.11,-0.22,-0.11
2014-04-21 11:14:00,225975.0,0.26467800412823866,0,-0.11,-0.22,-0.11
2014-04-21 11:19:00,219542.0,0.2390766429900386,0,-0.11,-0.22,-0.11
2014-04-21 11:24:00,212952.0,0.3029897806717266,0,-0.11,-0.22,-0.11
2014-04-21 11:29:00,224379.0,0.2492731962885591,0,-0.11,-0.22,-0.11
2014-04-21 11:34:00,223526.0,0.24134944778379155,0,-0.11,-0.22,-0.11
2014-04-21 11:39:00,219573.0,0.2392730540705224,0,-0.11,-0.22,-0.11
2014-04-21 11:44:00,213750.0,0.2956107067785149,0,-0.11,-0.22,-0.11
2014-04-21 11:49:00,232481.0,0.3314429248398991,0,-0.11,-0.22,-0.11
2014-04-21 11:54:00,211585.0,0.3187958343351135,0,-0.11,-0.22,-0.11
2014-04-21 11:59:00,231740.0,0.32278390414924674,0,-0.11,-0.22,-0.11
2014-04-21 12:04:00,216364.0,0.2697083084596474,0,-0.11,-0.22,-0.11
2014-04-21 12:09:00,235890.0,0.3683924552208684,0,-0.11,-0.22,-0.11
2014-04-21 12:14:00,216842.0,0.26522635377236936,0,-0.11,-0.22,-0.11
2014-04-21 12:19:00,219491.0,0.24046856731693925,0,-0.11,-0.22,-0.11
2014-04-21 12:24:00,225915.0,0.2622072937932683,0,-0.11,-0.22,-0.11
2014-04-21 12:29:00,214281.0,0.29087598168572737,0,-0.11,-0.22,-0.11
2014-04-21 12:34:00,227195.0,0.27437264833315195,0,-0.11,-0.22,-0.11
2014-04-21 12:39:00,219327.0,0.2432663431251997,0,-0.11,-0.22,-0.11
2014-04-21 12:44:00,224325.0,0.2470236733302781,0,-0.11,-0.22,-0.11
2014-04-21 12:49:00,212904.0,0.3074242747903813,0,-0.11,-0.22,-0.11
2014-04-21 12:54:00,229117.0,0.2937984358799876,0,-0.11,-0.22,-0.11
2014-04-21 12:59:00,217353.0,0.26219761275167913,0,-0.11,-0.22,-0.11
2014-04-21 13:04:00,231698.0,0.32085376675404,0,-0.11,-0.22,-0.11
2014-04-21 13:09:00,243017.0,0.4530442633067057,0,-0.11,-0.22,-0.11
2014-04-21 13:14:00,208605.0,0.3554675701965793,0,-0.11,-0.22,-0.11
2014-04-21 13:19:00,227533.0,0.2769136958782043,0,-0.11,-0.22,-0.11
2014-04-21 13:24:00,211600.0,0.3213575425753898,0,-0.11,-0.22,-0.11
2014-04-21 13:29:00,232384.0,0.3274495732369495,0,-0.11,-0.22,-0.11
2014-04-21 13:34:00,209935.0,0.340563544870892,0,-0.11,-0.22,-0.11
2014-04-21 13:39:00,230653.0,0.30814336852282675,0,-0.11,-0.22,-0.11
2014-04-21 13:44:00,214430.0,0.292319861564859,0,-0.11,-0.22,-0.11
2014-04-21 13:49:00,227685.0,0.27752166108848875,0,-0.11,-0.22,-0.11
2014-04-21 13:54:00,230352.0,0.30431980885544463,0,-0.11,-0.22,-0.11
2014-04-21 13:59:00,218657.0,0.251335408438669,0,-0.11,-0.22,-0.11
2014-04-21 14:04:00,222358.0,0.2268394630260681,0,-0.11,-0.22,-0.11
2014-04-21 14:09:00,238251.0,0.3924907283994423,0,-0.11,-0.22,-0.11
2014-04-21 14:14:00,215859.0,0.2787472098958789,0,-0.11,-0.22,-0.11
2014-04-21 14:19:00,216969.0,0.26746000132670555,0,-0.11,-0.22,-0.11
2014-04-21 14:24:00,233571.0,0.3388537059682868,0,-0.11,-0.22,-0.11
2014-04-21 14:29:00,201094.0,0.4460735818856127,0,-0.11,-0.22,-0.11
2014-04-21 14:34:00,230135.0,0.3009611438983319,0,-0.11,-0.22,-0.11
2014-04-21 14:39:00,228931.0,0.2880548423680592,0,-0.11,-0.22,-0.11
2014-04-21 14:44:00,224823.0,0.2480664178254151,0,-0.11,-0.22,-0.11
2014-04-21 14:49:00,213915.0,0.299625707520351,0,-0.11,-0.22,-0.11
2014-04-21 14:54:00,237665.0,0.3831383096311852,0,-0.11,-0.22,-0.11
2014-04-21 14:59:00,219545.0,0.2451221490900849,0,-0.11,-0.22,-0.11
2014-04-21 15:04:00,218121.0,0.2584930106998953,0,-0.11,-0.22,-0.11
2014-04-21 15:09:00,245153.0,0.4716971482468376,0,-0.11,-0.22,-0.11
2014-04-21 15:14:00,208244.0,0.3617447366121074,0,-0.11,-0.22,-0.11
2014-04-21 15:19:00,231645.0,0.3139157427376545,0,-0.11,-0.22,-0.11
2014-04-21 15:24:00,208425.0,0.3601366110005497,0,-0.11,-0.22,-0.11
2014-04-21 15:29:00,231354.0,0.3104980631298445,0,-0.11,-0.22,-0.11
2014-04-21 15:34:00,208047.0,0.3642616841738317,0,-0.11,-0.22,-0.11
2014-04-21 15:39:00,237695.0,0.3797253826770581,0,-0.11,-0.22,-0.11
2014-04-21 15:44:00,207193.0,0.37361084314108267,0,-0.11,-0.22,-0.11
2014-04-21 15:49:00,214942.0,0.28948954623465123,0,-0.11,-0.22,-0.11
2014-04-21 15:54:00,279234.0,0.8204561136748979,0,-0.11,-0.22,-0.11
2014-04-21 15:59:00,226928.0,0.2612432209637143,0,-0.11,-0.22,-0.11
2014-04-21 16:04:00,221287.0,0.23184594776506906,0,-0.11,-0.22,-0.11
2014-04-21 16:09:00,244096.0,0.4385162039236797,0,-0.11,-0.22,-0.11
2014-04-21 16:14:00,239760.0,0.38826671983109295,0,-0.11,-0.22,-0.11
2014-04-21 16:19:00,218644.0,0.2553380194054071,0,-0.11,-0.22,-0.11
2014-04-21 16:24:00,244452.0,0.4389499601980984,0,-0.11,-0.22,-0.11
2014-04-21 16:29:00,221464.0,0.23212261618049665,0,-0.11,-0.22,-0.11
2014-04-21 16:34:00,227643.0,0.2644782898702981,0,-0.11,-0.22,-0.11
2014-04-21 16:39:00,214474.0,0.2944006967953055,0,-0.11,-0.22,-0.11
2014-04-21 16:44:00,229697.0,0.2830642298542856,0,-0.11,-0.22,-0.11
2014-04-21 16:49:00,215312.0,0.2875282312122059,0,-0.11,-0.22,-0.11
2014-04-21 16:54:00,234352.0,0.32796401813990866,0,-0.11,-0.22,-0.11
2014-04-21 16:59:00,221010.0,0.2370693191428585,0,-0.11,-0.22,-0.11
2014-04-21 17:04:00,220066.0,0.2451747711976243,0,-0.11,-0.22,-0.11
2014-04-21 17:09:00,246216.0,0.4560613125658504,0,-0.11,-0.22,-0.11
2014-04-21 17:14:00,218571.0,0.25828747548913683,0,-0.11,-0.22,-0.11
2014-04-21 17:19:00,232530.0,0.30839246585552405,0,-0.11,-0.22,-0.11
2014-04-21 17:24:00,220825.0,0.2397429660833424,0,-0.11,-0.22,-0.11
2014-04-21 17:29:00,223291.0,0.22618599932982825,0,-0.11,-0.22,-0.11
2014-04-21 17:34:00,243912.0,0.43059194155506025,0,-0.11,-0.22,-0.11
2014-04-21 17:39:00,233628.0,0.3182728004576316,0,-0.11,-0.22,-0.11
2014-04-21 17:44:00,222785.0,0.22476036218051104,0,-0.11,-0.22,-0.11
2014-04-21 17:49:00,200521.0,0.4462007985725732,0,-0.11,-0.22,-0.11
2014-04-21 17:54:00,236415.0,0.34574649186210826,0,-0.11,-0.22,-0.11
2014-04-21 17:59:00,219075.0,0.2554721950814958,0,-0.11,-0.22,-0.11
2014-04-21 18:04:00,218630.0,0.2600121307808168,0,-0.11,-0.22,-0.11
2014-04-21 18:09:00,296345.0,0.8920701322320703,0,-0.11,-0.22,-0.11
2014-04-21 18:14:00,259292.0,0.5726135057553361,0,-0.11,-0.22,-0.11
2014-04-21 18:19:00,213002.0,0.3082804506753445,0,-0.11,-0.22,-0.11
2014-04-21 18:24:00,233690.0,0.30661297539873605,0,-0.11,-0.22,-0.11
2014-04-21 18:29:00,207392.0,0.361145732528398,0,-0.11,-0.22,-0.11
2014-04-21 18:34:00,233650.0,0.30618632275102964,0,-0.11,-0.22,-0.11
2014-04-21 18:39:00,224797.0,0.23247830674073164,0,-0.11,-0.22,-0.11
2014-04-21 18:44:00,210615.0,0.3300385956618673,0,-0.11,-0.22,-0.11
2014-04-21 18:49:00,235548.0,0.32330132337515216,0,-0.11,-0.22,-0.11
2014-04-21 18:54:00,227105.0,0.2500332685788623,0,-0.11,-0.22,-0.11
2014-04-21 18:59:00,236102.0,0.3279554329896835,0,-0.11,-0.22,-0.11
2014-04-21 19:04:00,208858.0,0.3477753851271781,0,-0.11,-0.22,-0.11
2014-04-21 19:09:00,250642.0,0.4736291201958847,0,-0.11,-0.22,-0.11
2014-04-21 19:14:00,217795.0,0.2679899414657533,0,-0.11,-0.22,-0.11
2014-04-21 19:19:00,224665.0,0.2303285123246654,0,-0.11,-0.22,-0.11
2014-04-21 19:24:00,226895.0,0.2469955982857825,0,-0.11,-0.22,-0.11
2014-04-21 19:29:00,233444.0,0.301779303758454,0,-0.11,-0.22,-0.11
2014-04-21 19:34:00,221669.0,0.2381448296215325,0,-0.11,-0.22,-0.11
2014-04-21 19:39:00,233040.0,0.29780927816295605,0,-0.11,-0.22,-0.11
2014-04-21 19:44:00,231051.0,0.2801420410992778,0,-0.11,-0.22,-0.11
2014-04-21 19:49:00,213399.0,0.30740077083654976,0,-0.11,-0.22,-0.11
2014-04-21 19:54:00,237429.0,0.3368840963524369,0,-0.11,-0.22,-0.11
2014-04-21 19:59:00,215713.0,0.2874509119299248,0,-0.11,-0.22,-0.11
2014-04-21 20:04:00,230458.0,0.2744574506436574,0,-0.11,-0.22,-0.11
2014-04-21 20:09:00,233414.0,0.2993942824608499,0,-0.11,-0.22,-0.11
2014-04-21 20:14:00,220187.0,0.2508454509895681,0,-0.11,-0.22,-0.11
2014-04-21 20:19:00,221008.0,0.2448591472205689,0,-0.11,-0.22,-0.11
2014-04-21 20:24:00,224175.0,0.22471623794377327,0,-0.11,-0.22,-0.11
2014-04-21 20:29:00,228607.0,0.25959729526364644,0,-0.11,-0.22,-0.11
2014-04-21 20:34:00,220329.0,0.2509327326295433,0,-0.11,-0.22,-0.11
2014-04-21 20:39:00,222529.0,0.2341196801785459,0,-0.11,-0.22,-0.11
2014-04-21 20:44:00,218033.0,0.2704855074672988,0,-0.11,-0.22,-0.11
2014-04-21 20:49:00,227010.0,0.24605001539782825,0,-0.11,-0.22,-0.11
2014-04-21 20:54:00,231439.0,0.282934076923533,0,-0.11,-0.22,-0.11
2014-04-21 20:59:00,227371.0,0.2487142564454509,0,-0.11,-0.22,-0.11
2014-04-21 21:04:00,215278.0,0.2960492541544127,0,-0.11,-0.22,-0.11
2014-04-21 21:09:00,250756.0,0.4776870570008732,0,-0.11,-0.22,-0.11
2014-04-21 21:14:00,221505.0,0.2428979510206356,0,-0.11,-0.22,-0.11
2014-04-21 21:19:00,227698.0,0.250519140174781,0,-0.11,-0.22,-0.11
2014-04-21 21:24:00,224500.0,0.2251156717001042,0,-0.11,-0.22,-0.11
2014-04-21 21:29:00,225260.0,0.23113579411811205,0,-0.11,-0.22,-0.11
2014-04-21 21:34:00,208288.0,0.363428911907356,0,-0.11,-0.22,-0.11
2014-04-21 21:39:00,222669.0,0.233850613032849,0,-0.11,-0.22,-0.11
2014-04-21 21:44:00,251471.0,0.4828050304062842,0,-0.11,-0.22,-0.11
2014-04-21 21:49:00,205303.0,0.39197080728271655,0,-0.11,-0.22,-0.11
2014-04-21 21:54:00,224961.0,0.22813056745425464,0,-0.11,-0.22,-0.11
2014-04-21 21:59:00,216981.0,0.28081519851466363,0,-0.11,-0.22,-0.11
2014-04-21 22:04:00,230024.0,0.2686929417243909,0,-0.11,-0.22,-0.11
2014-04-21 22:09:00,238913.0,0.3493253938246668,0,-0.11,-0.22,-0.11
2014-04-21 22:14:00,231211.0,0.2785458459995371,0,-0.11,-0.22,-0.11
2014-04-21 22:19:00,208965.0,0.35753220709246275,0,-0.11,-0.22,-0.11
2014-04-21 22:24:00,223018.0,0.2323680142056597,0,-0.11,-0.22,-0.11
2014-04-21 22:29:00,224867.0,0.2268231670937439,0,-0.11,-0.22,-0.11
2014-04-21 22:34:00,203497.0,0.4123856796519693,0,-0.11,-0.22,-0.11
2014-04-21 22:39:00,230220.0,0.2698329807097053,0,-0.11,-0.22,-0.11
2014-04-21 22:44:00,218715.0,0.2671108020111645,0,-0.11,-0.22,-0.11
2014-04-21 22:49:00,230273.0,0.2703054480857171,0,-0.11,-0.22,-0.11
2014-04-21 22:54:00,220700.0,0.25102796232964475,0,-0.11,-0.22,-0.11
2014-04-21 22:59:00,234867.0,0.3105736586484753,0,-0.11,-0.22,-0.11
2014-04-21 23:04:00,220021.0,0.2570366135695773,0,-0.11,-0.22,-0.11
2014-04-21 23:09:00,245582.0,0.4159564989818775,0,-0.11,-0.22,-0.11
2014-04-21 23:14:00,219278.0,0.26339437743450594,0,-0.11,-0.22,-0.11
2014-04-21 23:19:00,223509.0,0.2296261749618315,0,-0.11,-0.22,-0.11
2014-04-21 23:24:00,219662.0,0.2603015161621464,0,-0.11,-0.22,-0.11
2014-04-21 23:29:00,223819.0,0.2272678326089451,0,-0.11,-0.22,-0.11
2014-04-21 23:34:00,222732.0,0.2358682237309973,0,-0.11,-0.22,-0.11
2014-04-21 23:39:00,220370.0,0.2549248903008837,0,-0.11,-0.22,-0.11
2014-04-21 23:44:00,230295.0,0.2696451553155127,0,-0.11,-0.22,-0.11
2014-04-21 23:49:00,190326.0,0.5567007643032623,0,-0.11,-0.22,-0.11
2014-04-21 23:54:00,232766.0,0.29044572808228936,0,-0.11,-0.22,-0.11
2014-04-21 23:59:00,228579.0,0.2548274144228757,0,-0.11,-0.22,-0.11
2014-04-22 00:04:00,234936.0,0.3095225846749391,0,-0.11,-0.22,-0.11
2014-04-22 00:09:00,218319.0,0.2719868328151888,0,-0.11,-0.22,-0.11
2014-04-22 00:14:00,237351.0,0.33231672120885475,0,-0.11,-0.22,-0.11
2014-04-22 00:19:00,213256.0,0.3173397599279224,0,-0.11,-0.22,-0.11
2014-04-22 00:24:00,203562.0,0.41246787962765386,0,-0.11,-0.22,-0.11
2014-04-22 00:29:00,235412.0,0.31407130132228595,0,-0.11,-0.22,-0.11
2014-04-22 00:34:00,208293.0,0.3646817416132769,0,-0.11,-0.22,-0.11
2014-04-22 00:39:00,236527.0,0.3242325569147949,0,-0.11,-0.22,-0.11
2014-04-22 00:44:00,212312.0,0.3256075603845756,0,-0.11,-0.22,-0.11
2014-04-22 00:49:00,222683.0,0.2361478339940515,0,-0.11,-0.22,-0.11
2014-04-22 00:54:00,219082.0,0.26520675447572784,0,-0.11,-0.22,-0.11
2014-04-22 00:59:00,237067.0,0.3292481073185953,0,-0.11,-0.22,-0.11
2014-04-22 01:04:00,207151.0,0.3753970634373923,0,-0.11,-0.22,-0.11
2014-04-22 01:09:00,240847.0,0.3648946095933981,0,-0.11,-0.22,-0.11
2014-04-22 01:14:00,231219.0,0.2761562326339264,0,-0.11,-0.22,-0.11
2014-04-22 01:19:00,209724.0,0.34936539783822945,0,-0.11,-0.22,-0.11
2014-04-22 01:24:00,220675.0,0.2518524612053123,0,-0.11,-0.22,-0.11
2014-04-22 01:29:00,211194.0,0.33522426276372425,0,-0.11,-0.22,-0.11
2014-04-22 01:34:00,224914.0,0.2259230208172017,0,-0.11,-0.22,-0.11
2014-04-22 01:39:00,215319.0,0.29746111903141537,0,-0.11,-0.22,-0.11
2014-04-22 01:44:00,231972.0,0.28250013934277435,0,-0.11,-0.22,-0.11
2014-04-22 01:49:00,204270.0,0.4037641543323308,0,-0.11,-0.22,-0.11
2014-04-22 01:54:00,239542.0,0.3512902435930917,0,-0.11,-0.22,-0.11
2014-04-22 01:59:00,207548.0,0.3695958921270234,0,-0.11,-0.22,-0.11
2014-04-22 02:04:00,218401.0,0.2698153163156755,0,-0.11,-0.22,-0.11
2014-04-22 02:09:00,228787.0,0.2558807276281567,0,-0.11,-0.22,-0.11
2014-04-22 02:14:00,220392.0,0.25322539109945397,0,-0.11,-0.22,-0.11
2014-04-22 02:19:00,223196.0,0.2315584709606225,0,-0.11,-0.22,-0.11
2014-04-22 02:24:00,219502.0,0.2604774464917675,0,-0.11,-0.22,-0.11
2014-04-22 02:29:00,234470.0,0.3061999667804583,0,-0.11,-0.22,-0.11
2014-04-22 02:34:00,221626.0,0.2435951692587824,0,-0.11,-0.22,-0.11
2014-04-22 02:39:00,237746.0,0.3358677654165274,0,-0.11,-0.22,-0.11
2014-04-22 02:44:00,203785.0,0.4076950001553463,0,-0.11,-0.22,-0.11
2014-04-22 02:49:00,231320.0,0.2777831979736317,0,-0.11,-0.22,-0.11
2014-04-22 02:54:00,216169.0,0.28851545489254904,0,-0.11,-0.22,-0.11
2014-04-22 02:59:00,218680.0,0.26667081945121857,0,-0.11,-0.22,-0.11
2014-04-22 03:04:00,213803.0,0.30929612322427635,0,-0.11,-0.22,-0.11
2014-04-22 03:09:00,234845.0,0.3092579779146473,0,-0.11,-0.22,-0.11
2014-04-22 03:14:00,230420.0,0.27073259705622377,0,-0.11,-0.22,-0.11
2014-04-22 03:19:00,223912.0,0.2259573444681854,0,-0.11,-0.22,-0.11
2014-04-22 03:24:00,218506.0,0.2685385456367061,0,-0.11,-0.22,-0.11
2014-04-22 03:29:00,207308.0,0.37118132628681777,0,-0.11,-0.22,-0.11
2014-04-22 03:34:00,230667.0,0.2727996116517457,0,-0.11,-0.22,-0.11
2014-04-22 03:39:00,217988.0,0.27276116406759393,0,-0.11,-0.22,-0.11
2014-04-22 03:44:00,224789.0,0.226266145178142,0,-0.11,-0.22,-0.11
2014-04-22 03:49:00,213788.0,0.3096338457371381,0,-0.11,-0.22,-0.11
2014-04-22 03:54:00,207304.0,0.3711818381851272,0,-0.11,-0.22,-0.11
2014-04-22 03:59:00,234193.0,0.3032920180210688,0,-0.11,-0.22,-0.11
2014-04-22 04:04:00,214056.0,0.3063423800628031,0,-0.11,-0.22,-0.11
2014-04-22 04:09:00,236061.0,0.3207576488239004,0,-0.11,-0.22,-0.11
2014-04-22 04:14:00,218317.0,0.2688906139319829,0,-0.11,-0.22,-0.11
2014-04-22 04:19:00,226657.0,0.2409699006175824,0,-0.11,-0.22,-0.11
2014-04-22 04:24:00,211031.0,0.33479255762276033,0,-0.11,-0.22,-0.11
2014-04-22 04:29:00,224777.0,0.2268074902374482,0,-0.11,-0.22,-0.11
2014-04-22 04:34:00,204939.0,0.3937518649981567,0,-0.11,-0.22,-0.11
2014-04-22 04:39:00,228510.0,0.2561672695600423,0,-0.11,-0.22,-0.11
2014-04-22 04:44:00,214208.0,0.3040813859291264,0,-0.11,-0.22,-0.11
2014-04-22 04:49:00,218471.0,0.2671181904397214,0,-0.11,-0.22,-0.11
2014-04-22 04:54:00,225617.0,0.2333722537064612,0,-0.11,-0.22,-0.11
2014-04-22 04:59:00,214467.0,0.3015217095927267,0,-0.11,-0.22,-0.11
2014-04-22 05:04:00,225167.0,0.2301599006071779,0,-0.11,-0.22,-0.11
2014-04-22 05:09:00,232020.0,0.2853863358163221,0,-0.11,-0.22,-0.11
2014-04-22 05:14:00,230559.0,0.27290795713435995,0,-0.11,-0.22,-0.11
2014-04-22 05:19:00,220409.0,0.2518140884763003,0,-0.11,-0.22,-0.11
2014-04-22 05:24:00,235363.0,0.31484116591261097,0,-0.11,-0.22,-0.11
2014-04-22 05:29:00,213471.0,0.310788648819742,0,-0.11,-0.22,-0.11
2014-04-22 05:34:00,237437.0,0.33373248984327203,0,-0.11,-0.22,-0.11
2014-04-22 05:39:00,222478.0,0.23612567992652944,0,-0.11,-0.22,-0.11
2014-04-22 05:44:00,215784.0,0.2909153617869469,0,-0.11,-0.22,-0.11
2014-04-22 05:49:00,237372.0,0.3323210247613767,0,-0.11,-0.22,-0.11
2014-04-22 05:54:00,225358.0,0.2301627733452069,0,-0.11,-0.22,-0.11
2014-04-22 05:59:00,232634.0,0.28937952138937245,0,-0.11,-0.22,-0.11
2014-04-22 06:04:00,209563.0,0.3481192359684003,0,-0.11,-0.22,-0.11
2014-04-22 06:09:00,249989.0,0.4581533421022696,0,-0.11,-0.22,-0.11
2014-04-22 06:14:00,213588.0,0.3097750973474711,0,-0.11,-0.22,-0.11
2014-04-22 06:19:00,226904.0,0.2424144895812365,0,-0.11,-0.22,-0.11
2014-04-22 06:24:00,227195.0,0.2443489407698723,0,-0.11,-0.22,-0.11
2014-04-22 06:29:00,213815.0,0.3075156610374596,0,-0.11,-0.22,-0.11
2014-04-22 06:34:00,220300.0,0.2526074183683729,0,-0.11,-0.22,-0.11
2014-04-22 06:39:00,231306.0,0.2781920952177184,0,-0.11,-0.22,-0.11
2014-04-22 06:44:00,231631.0,0.2805323060957563,0,-0.11,-0.22,-0.11
2014-04-22 06:49:00,218549.0,0.2667652817314677,0,-0.11,-0.22,-0.11
2014-04-22 06:54:00,237681.0,0.33442208587217365,0,-0.11,-0.22,-0.11
2014-04-22 06:59:00,222988.0,0.2317322476338235,0,-0.11,-0.22,-0.11
2014-04-22 07:04:00,217443.0,0.2755197735624915,0,-0.11,-0.22,-0.11
2014-04-22 07:09:00,231922.0,0.28370769490988423,0,-0.11,-0.22,-0.11
2014-04-22 07:14:00,230459.0,0.27255424914739024,0,-0.11,-0.22,-0.11
2014-04-22 07:19:00,219506.0,0.2587099618854977,0,-0.11,-0.22,-0.11
2014-04-22 07:24:00,233843.0,0.3022264558808713,0,-0.11,-0.22,-0.11
2014-04-22 07:29:00,223904.0,0.22447723306136425,0,-0.11,-0.22,-0.11
2014-04-22 07:34:00,193530.0,0.5126869369525058,0,-0.11,-0.22,-0.11
2014-04-22 07:39:00,236008.0,0.3210977066773846,0,-0.11,-0.22,-0.11
2014-04-22 07:44:00,211791.0,0.3241837255874868,0,-0.11,-0.22,-0.11
2014-04-22 07:49:00,229313.0,0.2632592081031558,0,-0.11,-0.22,-0.11
2014-04-22 07:54:00,222770.0,0.232727742200984,0,-0.11,-0.22,-0.11
2014-04-22 07:59:00,225733.0,0.23512790831072305,0,-0.11,-0.22,-0.11
2014-04-22 08:04:00,216521.0,0.2824860916581883,0,-0.11,-0.22,-0.11
2014-04-22 08:09:00,242060.0,0.3803841503957193,0,-0.11,-0.22,-0.11
2014-04-22 08:14:00,228373.0,0.2557583468415181,0,-0.11,-0.22,-0.11
2014-04-22 08:19:00,222707.0,0.2328440016084291,0,-0.11,-0.22,-0.11
2014-04-22 08:24:00,234527.0,0.3078603017217728,0,-0.11,-0.22,-0.11
2014-04-22 08:29:00,204375.0,0.396396932069019,0,-0.11,-0.22,-0.11
2014-04-22 08:34:00,230964.0,0.276605503749464,0,-0.11,-0.22,-0.11
2014-04-22 08:39:00,199193.0,0.4511617641775583,0,-0.11,-0.22,-0.11
2014-04-22 08:44:00,228854.0,0.2595016928432955,0,-0.11,-0.22,-0.11
2014-04-22 08:49:00,217702.0,0.272879713331781,0,-0.11,-0.22,-0.11
2014-04-22 08:54:00,228305.0,0.2550886264303517,0,-0.11,-0.22,-0.11
2014-04-22 08:59:00,217834.0,0.2716290106060509,0,-0.11,-0.22,-0.11
2014-04-22 09:04:00,228929.0,0.2600664475259346,0,-0.11,-0.22,-0.11
2014-04-22 09:09:00,235861.0,0.3196211372147174,0,-0.11,-0.22,-0.11
2014-04-22 09:14:00,235661.0,0.31822604261643755,0,-0.11,-0.22,-0.11
2014-04-22 09:19:00,216595.0,0.2830255759712565,0,-0.11,-0.22,-0.11
2014-04-22 09:24:00,215446.0,0.2929260766739008,0,-0.11,-0.22,-0.11
2014-04-22 09:29:00,219810.0,0.25616669246551005,0,-0.11,-0.22,-0.11
2014-04-22 09:34:00,217357.0,0.27616618317470154,0,-0.11,-0.22,-0.11
2014-04-22 09:39:00,232667.0,0.2911045939458668,0,-0.11,-0.22,-0.11
2014-04-22 09:44:00,223225.0,0.22960336216788665,0,-0.11,-0.22,-0.11
2014-04-22 09:49:00,212934.0,0.3150126684082217,0,-0.11,-0.22,-0.11
2014-04-22 09:54:00,221356.0,0.2437906696969264,0,-0.11,-0.22,-0.11
2014-04-22 09:59:00,230536.0,0.2728369061372377,0,-0.11,-0.22,-0.11
2014-04-22 10:04:00,217552.0,0.27505406507141017,0,-0.11,-0.22,-0.11
2014-04-22 10:09:00,240604.0,0.3641439784504609,0,-0.11,-0.22,-0.11
2014-04-22 10:14:00,222002.0,0.2396094205433585,0,-0.11,-0.22,-0.11
2014-04-22 10:19:00,203429.0,0.4076876623474243,0,-0.11,-0.22,-0.11
2014-04-22 10:24:00,238662.0,0.34457989777109616,0,-0.11,-0.22,-0.11
2014-04-22 10:29:00,210955.0,0.3332274451670081,0,-0.11,-0.22,-0.11
2014-04-22 10:34:00,229404.0,0.2625172105780389,0,-0.11,-0.22,-0.11
2014-04-22 10:39:00,220710.0,0.2495432586223664,0,-0.11,-0.22,-0.11
2014-04-22 10:44:00,234863.0,0.30884602727757715,0,-0.11,-0.22,-0.11
2014-04-22 10:49:00,211733.0,0.32658814828978466,0,-0.11,-0.22,-0.11
2014-04-22 10:54:00,239246.0,0.3489804017538051,0,-0.11,-0.22,-0.11
2014-04-22 10:59:00,199820.0,0.4435593478168355,0,-0.11,-0.22,-0.11
2014-04-22 11:04:00,232564.0,0.2879407668175297,0,-0.11,-0.22,-0.11
2014-04-22 11:09:00,237756.0,0.33349178583203115,0,-0.11,-0.22,-0.11
2014-04-22 11:14:00,214582.0,0.30046922637215595,0,-0.11,-0.22,-0.11
2014-04-22 11:19:00,219875.0,0.2561381361898551,0,-0.11,-0.22,-0.11
2014-04-22 11:24:00,232667.0,0.2893022891717717,0,-0.11,-0.22,-0.11
2014-04-22 11:29:00,219045.0,0.2627071271856041,0,-0.11,-0.22,-0.11
2014-04-22 11:34:00,217815.0,0.2728891305594737,0,-0.11,-0.22,-0.11
2014-04-22 11:39:00,239488.0,0.3509089499476985,0,-0.11,-0.22,-0.11
2014-04-22 11:44:00,210913.0,0.33320601160799623,0,-0.11,-0.22,-0.11
2014-04-22 11:49:00,235752.0,0.3157435092792881,0,-0.11,-0.22,-0.11
2014-04-22 11:54:00,220144.0,0.2543180267495285,0,-0.11,-0.22,-0.11
2014-04-22 11:59:00,222714.0,0.2342448173759785,0,-0.11,-0.22,-0.11
2014-04-22 12:04:00,217981.0,0.27134893353256795,0,-0.11,-0.22,-0.11
2014-04-22 12:09:00,233239.0,0.29360945243982833,0,-0.11,-0.22,-0.11
2014-04-22 12:14:00,211171.0,0.33070613451715275,0,-0.11,-0.22,-0.11
2014-04-22 12:19:00,217719.0,0.2728532506553468,0,-0.11,-0.22,-0.11
2014-04-22 12:24:00,231845.0,0.28239111879800416,0,-0.11,-0.22,-0.11
2014-04-22 12:29:00,217345.0,0.2764528232245073,0,-0.11,-0.22,-0.11
2014-04-22 12:34:00,230717.0,0.2726797328271367,0,-0.11,-0.22,-0.11
2014-04-22 12:39:00,220652.0,0.2497856891089675,0,-0.11,-0.22,-0.11
2014-04-22 12:44:00,226478.0,0.2389581542597621,0,-0.11,-0.22,-0.11
2014-04-22 12:49:00,214581.0,0.3004521203796773,0,-0.11,-0.22,-0.11
2014-04-22 12:54:00,233765.0,0.2984638163368785,0,-0.11,-0.22,-0.11
2014-04-22 12:59:00,217443.0,0.2761906684295141,0,-0.11,-0.22,-0.11
2014-04-22 13:04:00,234769.0,0.3071302210273783,0,-0.11,-0.22,-0.11
2014-04-22 13:09:00,229150.0,0.25921173582611445,0,-0.11,-0.22,-0.11
2014-04-22 13:14:00,224187.0,0.2236661554869396,0,-0.11,-0.22,-0.11
2014-04-22 13:19:00,222623.0,0.23537126454594445,0,-0.11,-0.22,-0.11
2014-04-22 13:24:00,211101.0,0.33236819911545296,0,-0.11,-0.22,-0.11
2014-04-22 13:29:00,234621.0,0.3055721445890545,0,-0.11,-0.22,-0.11
2014-04-22 13:34:00,212188.0,0.3223322333280613,0,-0.11,-0.22,-0.11
2014-04-22 13:39:00,231987.0,0.282570296232593,0,-0.11,-0.22,-0.11
2014-04-22 13:44:00,228616.0,0.2547246141581648,0,-0.11,-0.22,-0.11
2014-04-22 13:49:00,243865.0,0.3914413513323536,0,-0.11,-0.22,-0.11
2014-04-22 13:54:00,223262.0,0.2315770301036444,0,-0.11,-0.22,-0.11
2014-04-22 13:59:00,218520.0,0.26817475873823443,0,-0.11,-0.22,-0.11
2014-04-22 14:04:00,230067.0,0.2653847993440106,0,-0.11,-0.22,-0.11
2014-04-22 14:09:00,238806.0,0.34165300201258403,0,-0.11,-0.22,-0.11
2014-04-22 14:14:00,228993.0,0.2570252981236308,0,-0.11,-0.22,-0.11
2014-04-22 14:19:00,202095.0,0.4213122818810386,0,-0.11,-0.22,-0.11
2014-04-22 14:24:00,219335.0,0.2613061355502323,0,-0.11,-0.22,-0.11
2014-04-22 14:29:00,224419.0,0.22297754250885168,0,-0.11,-0.22,-0.11
2014-04-22 14:34:00,229002.0,0.2572120744140761,0,-0.11,-0.22,-0.11
2014-04-22 14:39:00,216234.0,0.2876558982184937,0,-0.11,-0.22,-0.11
2014-04-22 14:44:00,229161.0,0.25841953814130475,0,-0.11,-0.22,-0.11
2014-04-22 14:49:00,222884.0,0.2345131011403518,0,-0.11,-0.22,-0.11
2014-04-22 14:54:00,218339.0,0.2699834507858022,0,-0.11,-0.22,-0.11
2014-04-22 14:59:00,229586.0,0.2619122006243205,0,-0.11,-0.22,-0.11
2014-04-22 15:04:00,217489.0,0.2769776154354369,0,-0.11,-0.22,-0.11
2014-04-22 15:09:00,246252.0,0.41473404343120346,0,-0.11,-0.22,-0.11
2014-04-22 15:14:00,219603.0,0.2596619644817681,0,-0.11,-0.22,-0.11
2014-04-22 15:19:00,230688.0,0.27021999865494234,0,-0.11,-0.22,-0.11
2014-04-22 15:24:00,220755.0,0.25107158740182445,0,-0.11,-0.22,-0.11
2014-04-22 15:29:00,257105.0,0.525608931521681,0,-0.11,-0.22,-0.11
2014-04-22 15:34:00,211141.0,0.3337658111626987,0,-0.11,-0.22,-0.11
2014-04-22 15:39:00,232097.0,0.28042497686206896,0,-0.11,-0.22,-0.11
2014-04-22 15:44:00,216798.0,0.28345163213701674,0,-0.11,-0.22,-0.11
2014-04-22 15:49:00,223915.0,0.22768191196825605,0,-0.11,-0.22,-0.11
2014-04-22 15:54:00,223060.0,0.2341855591263721,0,-0.11,-0.22,-0.11
2014-04-22 15:59:00,217821.0,0.2747720984640292,0,-0.11,-0.22,-0.11
2014-04-22 16:04:00,1246660.0,1.0,0,-0.11,-0.22,-0.11
2014-04-22 16:09:00,555224.0,0.8130979947816828,0,-0.11,-0.22,-0.11
2014-04-22 16:14:00,220550.0,0.2345915750833606,0,-0.11,-0.22,-0.11
2014-04-22 16:19:00,217106.0,0.2395951157380152,0,-0.11,-0.22,-0.11
2014-04-22 16:24:00,231583.0,0.2262086254659848,0,-0.11,-0.22,-0.11
2014-04-22 16:29:00,244629.0,0.2447291268382671,0,-0.11,-0.22,-0.11
2014-04-22 16:34:00,221488.0,0.2334216709422105,0,-0.11,-0.22,-0.11
2014-04-22 16:39:00,221274.0,0.23379116760759866,0,-0.11,-0.22,-0.11
2014-04-22 16:44:00,237482.0,0.2343501228500721,0,-0.11,-0.22,-0.11
2014-04-22 16:49:00,211282.0,0.2483679686143305,0,-0.11,-0.22,-0.11
2014-04-22 16:54:00,228341.0,0.22394190461737445,0,-0.11,-0.22,-0.11
2014-04-22 16:59:00,223265.0,0.230791175074841,0,-0.11,-0.22,-0.11
2014-04-22 17:04:00,232919.0,0.2280513367875531,0,-0.11,-0.22,-0.11
2014-04-22 17:09:00,243507.0,0.2431427231042261,0,-0.11,-0.22,-0.11
2014-04-22 17:14:00,226656.0,0.2260769539635261,0,-0.11,-0.22,-0.11
2014-04-22 17:19:00,240483.0,0.23881516890068585,0,-0.11,-0.22,-0.11
2014-04-22 17:24:00,233125.0,0.2282476804214528,0,-0.11,-0.22,-0.11
2014-04-22 17:29:00,232987.0,0.2281079040730569,0,-0.11,-0.22,-0.11
2014-04-22 17:34:00,242199.0,0.2411977834842087,0,-0.11,-0.22,-0.11
2014-04-22 17:39:00,241588.0,0.2402385722671515,0,-0.11,-0.22,-0.11
2014-04-22 17:44:00,247785.0,0.2492076241713095,0,-0.11,-0.22,-0.11
2014-04-22 17:49:00,224782.0,0.22901368205265,0,-0.11,-0.22,-0.11
2014-04-22 17:54:00,317390.0,0.36574792746688695,0,-0.11,-0.22,-0.11
2014-04-22 17:59:00,221005.0,0.2347565146365549,0,-0.11,-0.22,-0.11
2014-04-22 18:04:00,245830.0,0.2456901971271952,0,-0.11,-0.22,-0.11
2014-04-22 18:09:00,246456.0,0.2464821413647736,0,-0.11,-0.22,-0.11
2014-04-22 18:14:00,240656.0,0.23804919463673976,0,-0.11,-0.22,-0.11
2014-04-22 18:19:00,230208.0,0.22326610569289584,0,-0.11,-0.22,-0.11
2014-04-22 18:24:00,248762.0,0.2497908959385333,0,-0.11,-0.22,-0.11
2014-04-22 18:29:00,233527.0,0.2277381573873517,0,-0.11,-0.22,-0.11
2014-04-22 18:34:00,223613.0,0.2314584859318089,0,-0.11,-0.22,-0.11
2014-04-22 18:39:00,247728.0,0.2481704086825648,0,-0.11,-0.22,-0.11
2014-04-22 18:44:00,223990.0,0.2308982702763,0,-0.11,-0.22,-0.11
2014-04-22 18:49:00,222941.0,0.23238241207821625,0,-0.11,-0.22,-0.11
2014-04-22 18:54:00,472777.0,0.6622450725387684,0,-0.11,-0.22,-0.11
2014-04-22 18:59:00,232671.0,0.2252675456244856,0,-0.11,-0.22,-0.11
2014-04-22 19:04:00,233532.0,0.2263705554202977,0,-0.11,-0.22,-0.11
2014-04-22 19:09:00,265341.0,0.2722417086641581,0,-0.11,-0.22,-0.11
2014-04-22 19:14:00,224148.0,0.2316792343964973,0,-0.11,-0.22,-0.11
2014-04-22 19:19:00,238968.0,0.23407312190583784,0,-0.11,-0.22,-0.11
2014-04-22 19:24:00,226963.0,0.2277819879925921,0,-0.11,-0.22,-0.11
2014-04-22 19:29:00,228503.0,0.22565987781285626,0,-0.11,-0.22,-0.11
2014-04-22 19:34:00,235255.0,0.2287740382147922,0,-0.11,-0.22,-0.11
2014-04-22 19:39:00,223164.0,0.23307634007410336,0,-0.11,-0.22,-0.11
2014-04-22 19:44:00,237282.0,0.2315571061013129,0,-0.11,-0.22,-0.11
2014-04-22 19:49:00,220982.0,0.2362308224910813,0,-0.11,-0.22,-0.11
2014-04-22 19:54:00,253386.0,0.25444454622362,0,-0.11,-0.22,-0.11
2014-04-22 19:59:00,220454.0,0.23702130145314035,0,-0.11,-0.22,-0.11
2014-04-22 20:04:00,247950.0,0.246479260986288,0,-0.11,-0.22,-0.11
2014-04-22 20:09:00,247267.0,0.24531262937291776,0,-0.11,-0.22,-0.11
2014-04-22 20:14:00,523317.0,0.7340726086191124,0,-0.11,-0.22,-0.11
2014-04-22 20:19:00,223712.0,0.2336198117909743,0,-0.11,-0.22,-0.11
2014-04-22 20:24:00,232183.0,0.22296374994911167,0,-0.11,-0.22,-0.11
2014-04-22 20:29:00,231731.0,0.22304637312128106,0,-0.11,-0.22,-0.11
2014-04-22 20:34:00,228030.0,0.2278847591339784,0,-0.11,-0.22,-0.11
2014-04-22 20:39:00,239739.0,0.2328890275964876,0,-0.11,-0.22,-0.11
2014-04-22 20:44:00,215050.0,0.2455215447967252,0,-0.11,-0.22,-0.11
2014-04-22 20:49:00,239479.0,0.2325811172496477,0,-0.11,-0.22,-0.11
2014-04-22 20:54:00,229227.0,0.22641074997648794,0,-0.11,-0.22,-0.11
2014-04-22 20:59:00,242070.0,0.2359873216921997,0,-0.11,-0.22,-0.11
2014-04-22 21:04:00,235986.0,0.2277461056335459,0,-0.11,-0.22,-0.11
2014-04-22 21:09:00,262951.0,0.2652181468865871,0,-0.11,-0.22,-0.11
2014-04-22 21:14:00,452608.0,0.5991235893352093,0,-0.11,-0.22,-0.11
2014-04-22 21:19:00,222134.0,0.2368863838424437,0,-0.11,-0.22,-0.11
2014-04-22 21:24:00,247702.0,0.2419687268763611,0,-0.11,-0.22,-0.11
2014-04-22 21:29:00,217442.0,0.24329964478740795,0,-0.11,-0.22,-0.11
2014-04-22 21:34:00,236610.0,0.2272498205635494,0,-0.11,-0.22,-0.11
2014-04-22 21:39:00,240383.0,0.23209463045334705,0,-0.11,-0.22,-0.11
2014-04-22 21:44:00,235410.0,0.22555576674096706,0,-0.11,-0.22,-0.11
2014-04-22 21:49:00,227164.0,0.23053898750264776,0,-0.11,-0.22,-0.11
2014-04-22 21:54:00,242271.0,0.2344269655990897,0,-0.11,-0.22,-0.11
2014-04-22 21:59:00,230253.0,0.2265755346870145,0,-0.11,-0.22,-0.11
2014-04-22 22:04:00,235559.0,0.2256136477953401,0,-0.11,-0.22,-0.11
2014-04-22 22:09:00,250094.0,0.24477211806156385,0,-0.11,-0.22,-0.11
2014-04-22 22:14:00,465898.0,0.6136652084004537,0,-0.11,-0.22,-0.11
2014-04-22 22:19:00,232394.0,0.22492213369859754,0,-0.11,-0.22,-0.11
2014-04-22 22:24:00,234563.0,0.22317990063650628,0,-0.11,-0.22,-0.11
2014-04-22 22:29:00,218227.0,0.24333575708038,0,-0.11,-0.22,-0.11
2014-04-22 22:34:00,223479.0,0.2363845605843373,0,-0.11,-0.22,-0.11
2014-04-22 22:39:00,238666.0,0.22828588100554914,0,-0.11,-0.22,-0.11
2014-04-22 22:44:00,227979.0,0.23070067394134394,0,-0.11,-0.22,-0.11
2014-04-22 22:49:00,230210.0,0.22775221465746354,0,-0.11,-0.22,-0.11
2014-04-22 22:54:00,233726.0,0.22341754142889167,0,-0.11,-0.22,-0.11
2014-04-22 22:59:00,241911.0,0.2323357394786178,0,-0.11,-0.22,-0.11
2014-04-22 23:04:00,246337.0,0.2379847240217748,0,-0.11,-0.22,-0.11
2014-04-22 23:09:00,244864.0,0.2359870125447925,0,-0.11,-0.22,-0.11
2014-04-22 23:14:00,438627.0,0.5562790396819918,0,-0.11,-0.22,-0.11
2014-04-22 23:19:00,220248.0,0.2416624002534383,0,-0.11,-0.22,-0.11
2014-04-22 23:24:00,245101.0,0.2351398187490477,0,-0.11,-0.22,-0.11
2014-04-22 23:29:00,229671.0,0.2297087962716912,0,-0.11,-0.22,-0.11
2014-04-22 23:34:00,235448.0,0.22287830579347664,0,-0.11,-0.22,-0.11
2014-04-22 23:39:00,232806.0,0.2259318145482869,0,-0.11,-0.22,-0.11
2014-04-22 23:44:00,235012.0,0.223202785641452,0,-0.11,-0.22,-0.11
2014-04-22 23:49:00,215884.0,0.2478197594891946,0,-0.11,-0.22,-0.11
2014-04-22 23:54:00,252788.0,0.2448688003557417,0,-0.11,-0.22,-0.11
2014-04-22 23:59:00,224804.0,0.23622480839205576,0,-0.11,-0.22,-0.11
2014-04-23 00:04:00,224502.0,0.23656986552303624,0,-0.11,-0.22,-0.11
2014-04-23 00:09:00,264987.0,0.2611882418662826,0,-0.11,-0.22,-0.11
2014-04-23 00:14:00,451258.0,0.5714525924097855,0,-0.11,-0.22,-0.11
2014-04-23 00:19:00,235800.0,0.22337110659929865,0,-0.11,-0.22,-0.11
2014-04-23 00:24:00,243254.0,0.2311513538181453,0,-0.11,-0.22,-0.11
2014-04-23 00:29:00,229459.0,0.2313399031523304,0,-0.11,-0.22,-0.11
2014-04-23 00:34:00,230580.0,0.2299667449108833,0,-0.11,-0.22,-0.11
2014-04-23 00:39:00,242070.0,0.2295248067579381,0,-0.11,-0.22,-0.11
2014-04-23 00:44:00,221810.0,0.2411823015325137,0,-0.11,-0.22,-0.11
2014-04-23 00:49:00,231370.0,0.2290733284466401,0,-0.11,-0.22,-0.11
2014-04-23 00:54:00,232233.0,0.2281777901024965,0,-0.11,-0.22,-0.11
2014-04-23 00:59:00,215279.0,0.2498346286248249,0,-0.11,-0.22,-0.11
2014-04-23 01:04:00,242632.0,0.2300601794871565,0,-0.11,-0.22,-0.11
2014-04-23 01:09:00,240926.0,0.2279118709558713,0,-0.11,-0.22,-0.11
2014-04-23 01:14:00,227641.0,0.2339796728474993,0,-0.11,-0.22,-0.11
2014-04-23 01:19:00,228500.0,0.2328585443762129,0,-0.11,-0.22,-0.11
2014-04-23 01:24:00,232254.0,0.2282431231622246,0,-0.11,-0.22,-0.11
2014-04-23 01:29:00,222507.0,0.2406636590368661,0,-0.11,-0.22,-0.11
2014-04-23 01:34:00,223343.0,0.23953490331506305,0,-0.11,-0.22,-0.11
2014-04-23 01:39:00,235761.0,0.22405670057951285,0,-0.11,-0.22,-0.11
2014-04-23 01:44:00,225191.0,0.2372399510073988,0,-0.11,-0.22,-0.11
2014-04-23 01:49:00,223836.0,0.2390259396228237,0,-0.11,-0.22,-0.11
2014-04-23 01:54:00,231002.0,0.2299846544711307,0,-0.11,-0.22,-0.11
2014-04-23 01:59:00,229829.0,0.2314994136062153,0,-0.11,-0.22,-0.11
2014-04-23 02:04:00,237074.0,0.22287202618453905,0,-0.11,-0.22,-0.11
2014-04-23 02:09:00,241653.0,0.2283780033242317,0,-0.11,-0.22,-0.11
2014-04-23 02:14:00,224903.0,0.23782485715005186,0,-0.11,-0.22,-0.11
2014-04-23 02:19:00,220480.0,0.2434833801957556,0,-0.11,-0.22,-0.11
2014-04-23 02:24:00,228771.0,0.2329470602884945,0,-0.11,-0.22,-0.11
2014-04-23 02:29:00,226277.0,0.2361325821237847,0,-0.11,-0.22,-0.11
2014-04-23 02:34:00,225054.0,0.23775535721281044,0,-0.11,-0.22,-0.11
2014-04-23 02:39:00,231525.0,0.22960088815081198,0,-0.11,-0.22,-0.11
2014-04-23 02:44:00,212597.0,0.2540852708959947,0,-0.11,-0.22,-0.11
2014-04-23 02:49:00,224087.0,0.2389773560768649,0,-0.11,-0.22,-0.11
2014-04-23 02:54:00,219026.0,0.24560859403277385,0,-0.11,-0.22,-0.11
2014-04-23 02:59:00,220440.0,0.2436777848548005,0,-0.11,-0.22,-0.11
2014-04-23 03:04:00,231002.0,0.2302928422175069,0,-0.11,-0.22,-0.11
2014-04-23 03:09:00,236595.0,0.2234383290960298,0,-0.11,-0.22,-0.11
2014-04-23 03:14:00,236257.0,0.22388343139023686,0,-0.11,-0.22,-0.11
2014-04-23 03:19:00,212853.0,0.2538869144014829,0,-0.11,-0.22,-0.11
2014-04-23 03:24:00,236724.0,0.22333501526429653,0,-0.11,-0.22,-0.11
2014-04-23 03:29:00,212383.0,0.2545441344955833,0,-0.11,-0.22,-0.11
2014-04-23 03:34:00,230147.0,0.2314494825514145,0,-0.11,-0.22,-0.11
2014-04-23 03:39:00,231162.0,0.2302166748631337,0,-0.11,-0.22,-0.11
2014-04-23 03:44:00,210571.0,0.2568772773858093,0,-0.11,-0.22,-0.11
2014-04-23 03:49:00,232926.0,0.2280244405054636,0,-0.11,-0.22,-0.11
2014-04-23 03:54:00,226238.0,0.23642764878432546,0,-0.11,-0.22,-0.11
2014-04-23 03:59:00,224461.0,0.2387388707534829,0,-0.11,-0.22,-0.11
2014-04-23 04:04:00,232227.0,0.2289654891659093,0,-0.11,-0.22,-0.11
2014-04-23 04:09:00,243381.0,0.2301075065425574,0,-0.11,-0.22,-0.11
2014-04-23 04:14:00,218989.0,0.24596109656320525,0,-0.11,-0.22,-0.11
2014-04-23 04:19:00,227296.0,0.23522076548710266,0,-0.11,-0.22,-0.11
2014-04-23 04:24:00,230796.0,0.2308292576187133,0,-0.11,-0.22,-0.11
2014-04-23 04:29:00,227592.0,0.2349136660456801,0,-0.11,-0.22,-0.11
2014-04-23 04:34:00,221103.0,0.2433221419918304,0,-0.11,-0.22,-0.11
2014-04-23 04:39:00,229885.0,0.2320696341428337,0,-0.11,-0.22,-0.11
2014-04-23 04:44:00,231865.0,0.2296428734210392,0,-0.11,-0.22,-0.11
2014-04-23 04:49:00,213354.0,0.2535600201096727,0,-0.11,-0.22,-0.11
2014-04-23 04:54:00,242181.0,0.2284414370302558,0,-0.11,-0.22,-0.11
2014-04-23 04:59:00,222572.0,0.2416171804398293,0,-0.11,-0.22,-0.11
2014-04-23 05:04:00,228429.0,0.23408312467208514,0,-0.11,-0.22,-0.11
2014-04-23 05:09:00,238887.0,0.2242226956940521,0,-0.11,-0.22,-0.11
2014-04-23 05:14:00,240794.0,0.2265581961101933,0,-0.11,-0.22,-0.11
2014-04-23 05:19:00,221107.0,0.2436403990581924,0,-0.11,-0.22,-0.11
2014-04-23 05:24:00,228773.0,0.23379484054270905,0,-0.11,-0.22,-0.11
2014-04-23 05:29:00,227712.0,0.23521513303468056,0,-0.11,-0.22,-0.11
2014-04-23 05:34:00,221057.0,0.24377483862811164,0,-0.11,-0.22,-0.11
2014-04-23 05:39:00,232556.0,0.2292071814460319,0,-0.11,-0.22,-0.11
2014-04-23 05:44:00,221661.0,0.24308368523163684,0,-0.11,-0.22,-0.11
2014-04-23 05:49:00,238932.0,0.22400070644587805,0,-0.11,-0.22,-0.11
2014-04-23 05:54:00,234499.0,0.2269276996159931,0,-0.11,-0.22,-0.11
2014-04-23 05:59:00,241141.0,0.2266008274348528,0,-0.11,-0.22,-0.11
2014-04-23 06:04:00,229250.0,0.2336423513169921,0,-0.11,-0.22,-0.11
2014-04-23 06:09:00,250225.0,0.2379018496707637,0,-0.11,-0.22,-0.11
2014-04-23 06:14:00,222268.0,0.2426762621397214,0,-0.11,-0.22,-0.11
2014-04-23 06:19:00,235665.0,0.2256918127119993,0,-0.11,-0.22,-0.11
2014-04-23 06:24:00,226112.0,0.237755944166538,0,-0.11,-0.22,-0.11
2014-04-23 06:29:00,221056.0,0.24424151880432396,0,-0.11,-0.22,-0.11
2014-04-23 06:34:00,241260.0,0.22652537611361376,0,-0.11,-0.22,-0.11
2014-04-23 06:39:00,225677.0,0.2383228521606265,0,-0.11,-0.22,-0.11
2014-04-23 06:44:00,231392.0,0.2310923178444912,0,-0.11,-0.22,-0.11
2014-04-23 06:49:00,220216.0,0.2454756500009392,0,-0.11,-0.22,-0.11
2014-04-23 06:54:00,240334.0,0.2253600710224559,0,-0.11,-0.22,-0.11
2014-04-23 06:59:00,220120.0,0.2455904027469125,0,-0.11,-0.22,-0.11
2014-04-23 07:04:00,233371.0,0.2286236040749025,0,-0.11,-0.22,-0.11
2014-04-23 07:09:00,237971.0,0.22304577173449053,0,-0.11,-0.22,-0.11
2014-04-23 07:14:00,233087.0,0.2290282399579928,0,-0.11,-0.22,-0.11
2014-04-23 07:19:00,214975.0,0.2524767623182968,0,-0.11,-0.22,-0.11
2014-04-23 07:24:00,225819.0,0.238247480397646,0,-0.11,-0.22,-0.11
2014-04-23 07:29:00,241121.0,0.2262481383612893,0,-0.11,-0.22,-0.11
2014-04-23 07:34:00,221656.0,0.24373919590458304,0,-0.11,-0.22,-0.11
2014-04-23 07:39:00,225515.0,0.2387572310966357,0,-0.11,-0.22,-0.11
2014-04-23 07:44:00,230143.0,0.2328433048905852,0,-0.11,-0.22,-0.11
2014-04-23 07:49:00,236540.0,0.2248657323026952,0,-0.11,-0.22,-0.11
2014-04-23 07:54:00,226047.0,0.2381221466270761,0,-0.11,-0.22,-0.11
2014-04-23 07:59:00,235024.0,0.2267637011011523,0,-0.11,-0.22,-0.11
2014-04-23 08:04:00,230542.0,0.232412817494857,0,-0.11,-0.22,-0.11
2014-04-23 08:09:00,246067.0,0.2322019762295808,0,-0.11,-0.22,-0.11
2014-04-23 08:14:00,219551.0,0.2466693710275457,0,-0.11,-0.22,-0.11
2014-04-23 08:19:00,222006.0,0.2434118767889957,0,-0.11,-0.22,-0.11
2014-04-23 08:24:00,237246.0,0.22415062560368304,0,-0.11,-0.22,-0.11
2014-04-23 08:29:00,225072.0,0.2394721063330781,0,-0.11,-0.22,-0.11
2014-04-23 08:34:00,240154.0,0.2247967830936279,0,-0.11,-0.22,-0.11
2014-04-23 08:39:00,218962.0,0.247646995058159,0,-0.11,-0.22,-0.11
2014-04-23 08:44:00,221051.0,0.2448292207905616,0,-0.11,-0.22,-0.11
2014-04-23 08:49:00,221846.0,0.2438351725284281,0,-0.11,-0.22,-0.11
2014-04-23 08:54:00,251849.0,0.23939359883626524,0,-0.11,-0.22,-0.11
2014-04-23 08:59:00,210512.0,0.25900264963166697,0,-0.11,-0.22,-0.11
2014-04-23 09:04:00,255044.0,0.2434652229342948,0,-0.11,-0.22,-0.11
2014-04-23 09:09:00,235386.0,0.22681014034468186,0,-0.11,-0.22,-0.11
2014-04-23 09:14:00,230449.0,0.2329584776723484,0,-0.11,-0.22,-0.11
2014-04-23 09:19:00,246693.0,0.2326197205957508,0,-0.11,-0.22,-0.11
2014-04-23 09:24:00,223899.0,0.24144522873603905,0,-0.11,-0.22,-0.11
2014-04-23 09:29:00,232624.0,0.2302878437208218,0,-0.11,-0.22,-0.11
2014-04-23 09:34:00,231555.0,0.2317515644647233,0,-0.11,-0.22,-0.11
2014-04-23 09:39:00,236779.0,0.2252440356335803,0,-0.11,-0.22,-0.11
2014-04-23 09:44:00,231550.0,0.23192300341089905,0,-0.11,-0.22,-0.11
2014-04-23 09:49:00,240814.0,0.2249492776676598,0,-0.11,-0.22,-0.11
2014-04-23 09:54:00,223730.0,0.2420365671315924,0,-0.11,-0.22,-0.11
2014-04-23 09:59:00,238867.0,0.2229187229264315,0,-0.11,-0.22,-0.11
2014-04-23 10:04:00,239456.0,0.2231173760822729,0,-0.11,-0.22,-0.11
2014-04-23 10:09:00,237144.0,0.225167485550344,0,-0.11,-0.22,-0.11
2014-04-23 10:14:00,241165.0,0.22517174169407564,0,-0.11,-0.22,-0.11
2014-04-23 10:19:00,225163.0,0.2403297577410853,0,-0.11,-0.22,-0.11
2014-04-23 10:24:00,236638.0,0.2258563712068205,0,-0.11,-0.22,-0.11
2014-04-23 10:29:00,225738.0,0.2397207645611772,0,-0.11,-0.22,-0.11
2014-04-23 10:34:00,237894.0,0.22441796196648536,0,-0.11,-0.22,-0.11
2014-04-23 10:39:00,229767.0,0.234677294532452,0,-0.11,-0.22,-0.11
2014-04-23 10:44:00,232114.0,0.2316941157693501,0,-0.11,-0.22,-0.11
2014-04-23 10:49:00,225263.0,0.2404789148745237,0,-0.11,-0.22,-0.11
2014-04-23 10:54:00,242151.0,0.22606326021768314,0,-0.11,-0.22,-0.11
2014-04-23 10:59:00,231890.0,0.2321564730946148,0,-0.11,-0.22,-0.11
2014-04-23 11:04:00,229479.0,0.23521967264289256,0,-0.11,-0.22,-0.11
2014-04-23 11:09:00,254935.0,0.24214873056714056,0,-0.11,-0.22,-0.11
2014-04-23 11:14:00,222448.0,0.2444096229010629,0,-0.11,-0.22,-0.11
2014-04-23 11:19:00,238506.0,0.22402516174143428,0,-0.11,-0.22,-0.11
2014-04-23 11:24:00,216263.0,0.2527609230808189,0,-0.11,-0.22,-0.11
2014-04-23 11:29:00,245394.0,0.2298518571554901,0,-0.11,-0.22,-0.11
2014-04-23 11:34:00,227018.0,0.2386950555052772,0,-0.11,-0.22,-0.11
2014-04-23 11:39:00,238246.0,0.22453012484019813,0,-0.11,-0.22,-0.11
2014-04-23 11:44:00,238645.0,0.22411045204381197,0,-0.11,-0.22,-0.11
2014-04-23 11:49:00,225822.0,0.2403220082160124,0,-0.11,-0.22,-0.11
2014-04-23 11:54:00,238081.0,0.2248801908767152,0,-0.11,-0.22,-0.11
2014-04-23 11:59:00,222809.0,0.2443023174889205,0,-0.11,-0.22,-0.11
2014-04-23 12:04:00,242401.0,0.22575475424257,0,-0.11,-0.22,-0.11
2014-04-23 12:09:00,244642.0,0.2285034305361232,0,-0.11,-0.22,-0.11
2014-04-23 12:14:00,239347.0,0.22347833241158568,0,-0.11,-0.22,-0.11
2014-04-23 12:19:00,225060.0,0.2416609414723607,0,-0.11,-0.22,-0.11
2014-04-23 12:24:00,246596.0,0.23080283475594515,0,-0.11,-0.22,-0.11
2014-04-23 12:29:00,227039.0,0.23918139065971986,0,-0.11,-0.22,-0.11
2014-04-23 12:34:00,232027.0,0.2328375571693681,0,-0.11,-0.22,-0.11
2014-04-23 12:39:00,229830.0,0.2356953472588858,0,-0.11,-0.22,-0.11
2014-04-23 12:44:00,243772.0,0.22715703359543024,0,-0.11,-0.22,-0.11
2014-04-23 12:49:00,224448.0,0.2427489342068961,0,-0.11,-0.22,-0.11
2014-04-23 12:54:00,236807.0,0.22694555259722304,0,-0.11,-0.22,-0.11
2014-04-23 12:59:00,231996.0,0.2330622806562459,0,-0.11,-0.22,-0.11
2014-04-23 13:04:00,235179.0,0.2290883458206195,0,-0.11,-0.22,-0.11
2014-04-23 13:09:00,260116.0,0.2478830919842255,0,-0.11,-0.22,-0.11
2014-04-23 13:14:00,218799.0,0.2504594513586594,0,-0.11,-0.22,-0.11
2014-04-23 13:19:00,238470.0,0.2252032550775914,0,-0.11,-0.22,-0.11
2014-04-23 13:24:00,212632.0,0.25890628354777984,0,-0.11,-0.22,-0.11
2014-04-23 13:29:00,238544.0,0.22511780809123547,0,-0.11,-0.22,-0.11
2014-04-23 13:34:00,231342.0,0.2342523663979169,0,-0.11,-0.22,-0.11
2014-04-23 13:39:00,241633.0,0.2240007864892922,0,-0.11,-0.22,-0.11
2014-04-23 13:44:00,224775.0,0.2428154081160558,0,-0.11,-0.22,-0.11
2014-04-23 13:49:00,238496.0,0.22534775971780674,0,-0.11,-0.22,-0.11
2014-04-23 13:54:00,226101.0,0.24118878914085776,0,-0.11,-0.22,-0.11
2014-04-23 13:59:00,228193.0,0.2384463391476828,0,-0.11,-0.22,-0.11
2014-04-23 14:04:00,252925.0,0.23805093880518546,0,-0.11,-0.22,-0.11
2014-04-23 14:09:00,236824.0,0.2276160196912089,0,-0.11,-0.22,-0.11
2014-04-23 14:14:00,238951.0,0.22500297112354767,0,-0.11,-0.22,-0.11
2014-04-23 14:19:00,230576.0,0.2356087407230565,0,-0.11,-0.22,-0.11
2014-04-23 14:24:00,243619.0,0.2260702638247106,0,-0.11,-0.22,-0.11
2014-04-23 14:29:00,225872.0,0.24186232297812524,0,-0.11,-0.22,-0.11
2014-04-23 14:34:00,225646.0,0.24211761539245874,0,-0.11,-0.22,-0.11
2014-04-23 14:39:00,229435.0,0.23727260265143066,0,-0.11,-0.22,-0.11
2014-04-23 14:44:00,237829.0,0.2266359648138417,0,-0.11,-0.22,-0.11
2014-04-23 14:49:00,233160.0,0.23254365198135,0,-0.11,-0.22,-0.11
2014-04-23 14:54:00,219419.0,0.2503765692318773,0,-0.11,-0.22,-0.11
2014-04-23 14:59:00,240363.0,0.223473287607852,0,-0.11,-0.22,-0.11
2014-04-23 15:04:00,241440.0,0.2231636652155156,0,-0.11,-0.22,-0.11
2014-04-23 15:09:00,258518.0,0.2448619998354104,0,-0.11,-0.22,-0.11
2014-04-23 15:14:00,231983.0,0.23420334672981305,0,-0.11,-0.22,-0.11
2014-04-23 15:19:00,234284.0,0.23129584601586464,0,-0.11,-0.22,-0.11
2014-04-23 15:24:00,235660.0,0.2297000539893269,0,-0.11,-0.22,-0.11
2014-04-23 15:29:00,232941.0,0.2332097179107849,0,-0.11,-0.22,-0.11
2014-04-23 15:34:00,225574.0,0.2427481458992005,0,-0.11,-0.22,-0.11
2014-04-23 15:39:00,227988.0,0.2395906181023473,0,-0.11,-0.22,-0.11
2014-04-23 15:44:00,238909.0,0.2257762621266214,0,-0.11,-0.22,-0.11
2014-04-23 15:49:00,225501.0,0.242925912883436,0,-0.11,-0.22,-0.11
2014-04-23 15:54:00,253822.0,0.2383241793189537,0,-0.11,-0.22,-0.11
2014-04-23 15:59:00,219032.0,0.2516639752550869,0,-0.11,-0.22,-0.11
2014-04-23 16:04:00,252177.0,0.2360998815238739,0,-0.11,-0.22,-0.11
2014-04-23 16:09:00,244754.0,0.2265653546468348,0,-0.11,-0.22,-0.11
2014-04-23 16:14:00,236433.0,0.2291665249603609,0,-0.11,-0.22,-0.11
2014-04-23 16:19:00,220024.0,0.2505184138614763,0,-0.11,-0.22,-0.11
2014-04-23 16:24:00,249071.0,0.23197358097503026,0,-0.11,-0.22,-0.11
2014-04-23 16:29:00,226107.0,0.2425560208795008,0,-0.11,-0.22,-0.11
2014-04-23 16:34:00,222206.0,0.24755559536891664,0,-0.11,-0.22,-0.11
2014-04-23 16:39:00,243946.0,0.2255064691131957,0,-0.11,-0.22,-0.11
2014-04-23 16:44:00,226820.0,0.2415940777991541,0,-0.11,-0.22,-0.11
2014-04-23 16:49:00,238766.0,0.2264006050217565,0,-0.11,-0.22,-0.11
2014-04-23 16:54:00,231590.0,0.23553728011027186,0,-0.11,-0.22,-0.11
2014-04-23 16:59:00,248211.0,0.2306647233642003,0,-0.11,-0.22,-0.11
2014-04-23 17:04:00,230676.0,0.2368817505761386,0,-0.11,-0.22,-0.11
2014-04-23 17:09:00,266654.0,0.29040488578996304,0,-0.11,-0.22,-0.11
2014-04-23 17:14:00,221579.0,0.26482981712809994,0,-0.11,-0.22,-0.11
2014-04-23 17:19:00,247754.0,0.24889887109650435,0,-0.11,-0.22,-0.11
2014-04-23 17:24:00,228409.0,0.2465367612799044,0,-0.11,-0.22,-0.11
2014-04-23 17:29:00,224093.0,0.2581613942731361,0,-0.11,-0.22,-0.11
2014-04-23 17:34:00,242373.0,0.23472665332028225,0,-0.11,-0.22,-0.11
2014-04-23 17:39:00,238885.0,0.22570519628837496,0,-0.11,-0.22,-0.11
2014-04-23 17:44:00,245139.0,0.2415890847620054,0,-0.11,-0.22,-0.11
2014-04-23 17:49:00,227107.0,0.2502268266437529,0,-0.11,-0.22,-0.11
2014-04-23 17:54:00,249106.0,0.25196225032836195,0,-0.11,-0.22,-0.11
2014-04-23 17:59:00,240023.0,0.2280507973363215,0,-0.11,-0.22,-0.11
2014-04-23 18:04:00,232528.0,0.2364197175572369,0,-0.11,-0.22,-0.11
2014-04-23 18:09:00,244919.0,0.2405008997554255,0,-0.11,-0.22,-0.11
2014-04-23 18:14:00,246012.0,0.2433617104421867,0,-0.11,-0.22,-0.11
2014-04-23 18:19:00,217182.0,0.27859954559675104,0,-0.11,-0.22,-0.11
2014-04-23 18:24:00,230302.0,0.242192792235014,0,-0.11,-0.22,-0.11
2014-04-23 18:29:00,239252.0,0.2260184009427471,0,-0.11,-0.22,-0.11
2014-04-23 18:34:00,225584.0,0.2548458985335953,0,-0.11,-0.22,-0.11
2014-04-23 18:39:00,241200.0,0.2310247139386912,0,-0.11,-0.22,-0.11
2014-04-23 18:44:00,226536.0,0.2521056178134499,0,-0.11,-0.22,-0.11
2014-04-23 18:49:00,232492.0,0.2361769586828877,0,-0.11,-0.22,-0.11
2014-04-23 18:54:00,232544.0,0.2361116546378378,0,-0.11,-0.22,-0.11
2014-04-23 18:59:00,242748.0,0.2359564221792052,0,-0.11,-0.22,-0.11
2014-04-23 19:04:00,229101.0,0.2447732794440586,0,-0.11,-0.22,-0.11
2014-04-23 19:09:00,257228.0,0.27571116198413304,0,-0.11,-0.22,-0.11
2014-04-23 19:14:00,226354.0,0.25212216438280993,0,-0.11,-0.22,-0.11
2014-04-23 19:19:00,228851.0,0.2452474065094329,0,-0.11,-0.22,-0.11
2014-04-23 19:24:00,238249.0,0.22443376493745976,0,-0.11,-0.22,-0.11
2014-04-23 19:29:00,225330.0,0.25468283470862224,0,-0.11,-0.22,-0.11
2014-04-23 19:34:00,244219.0,0.2399689851023357,0,-0.11,-0.22,-0.11
2014-04-23 19:39:00,226790.0,0.25081142750814445,0,-0.11,-0.22,-0.11
2014-04-23 19:44:00,228622.0,0.2456818927769235,0,-0.11,-0.22,-0.11
2014-04-23 19:49:00,225627.0,0.2538383181509123,0,-0.11,-0.22,-0.11
2014-04-23 19:54:00,244368.0,0.24030829703854634,0,-0.11,-0.22,-0.11
2014-04-23 19:59:00,231676.0,0.236834488303202,0,-0.11,-0.22,-0.11
2014-04-23 20:04:00,242201.0,0.2378746338057537,0,-0.11,-0.22,-0.11
2014-04-23 20:09:00,249542.0,0.25933682171983263,0,-0.11,-0.22,-0.11
2014-04-23 20:14:00,214739.0,0.28824810848755106,0,-0.11,-0.22,-0.11
2014-04-23 20:19:00,250796.0,0.26342091190220274,0,-0.11,-0.22,-0.11
2014-04-23 20:24:00,226677.0,0.25128083132770473,0,-0.11,-0.22,-0.11
2014-04-23 20:29:00,238762.0,0.22825955058077804,0,-0.11,-0.22,-0.11
2014-04-23 20:34:00,223551.0,0.2607457594897533,0,-0.11,-0.22,-0.11
2014-04-23 20:39:00,239809.0,0.2311845473905021,0,-0.11,-0.22,-0.11
2014-04-23 20:44:00,226534.0,0.2518544741407145,0,-0.11,-0.22,-0.11
2014-04-23 20:49:00,236720.0,0.2227878913698499,0,-0.11,-0.22,-0.11
2014-04-23 20:54:00,232275.0,0.2352770949138711,0,-0.11,-0.22,-0.11
2014-04-23 20:59:00,230534.0,0.240045505996418,0,-0.11,-0.22,-0.11
2014-04-23 21:04:00,240651.0,0.2334607314701172,0,-0.11,-0.22,-0.11
2014-04-23 21:09:00,242795.0,0.2396279205634471,0,-0.11,-0.22,-0.11
2014-04-23 21:14:00,232869.0,0.2333981753117441,0,-0.11,-0.22,-0.11
2014-04-23 21:19:00,217435.0,0.28665427904473784,0,-0.11,-0.22,-0.11
2014-04-23 21:24:00,263174.0,0.3221850727710583,0,-0.11,-0.22,-0.11
2014-04-23 21:29:00,239831.0,0.2356767149041191,0,-0.11,-0.22,-0.11
2014-04-23 21:34:00,290757.0,0.4405708550014604,0,-0.11,-0.22,-0.11
2014-04-23 21:39:00,277197.0,0.3781303169767681,0,-0.11,-0.22,-0.11
2014-04-23 21:44:00,305342.0,0.5026527014194573,0,-0.11,-0.22,-0.11
2014-04-23 21:49:00,259767.0,0.3036776188126191,0,-0.11,-0.22,-0.11
2014-04-23 21:54:00,247117.0,0.25735391457544504,0,-0.11,-0.22,-0.11
2014-04-23 21:59:00,239788.0,0.2327100243865693,0,-0.11,-0.22,-0.11
2014-04-23 22:04:00,254682.0,0.2840921831579152,0,-0.11,-0.22,-0.11
2014-04-23 22:09:00,248504.0,0.2617342054167179,0,-0.11,-0.22,-0.11
2014-04-23 22:14:00,227133.0,0.2538015044392399,0,-0.11,-0.22,-0.11
2014-04-23 22:19:00,244855.0,0.255648862370505,0,-0.11,-0.22,-0.11
2014-04-23 22:24:00,230209.0,0.2434884112157409,0,-0.11,-0.22,-0.11
2014-04-23 22:29:00,261533.0,0.3248438407387065,0,-0.11,-0.22,-0.11
2014-04-23 22:34:00,237217.0,0.2268044173078781,0,-0.11,-0.22,-0.11
2014-04-23 22:39:00,239987.0,0.2367642260218586,0,-0.11,-0.22,-0.11
2014-04-23 22:44:00,220543.0,0.28159756125774565,0,-0.11,-0.22,-0.11
2014-04-23 22:49:00,244705.0,0.2545986711047032,0,-0.11,-0.22,-0.11
2014-04-23 22:54:00,240663.0,0.2392033112363154,0,-0.11,-0.22,-0.11
2014-04-23 22:59:00,224464.0,0.2658338093615061,0,-0.11,-0.22,-0.11
2014-04-23 23:04:00,251203.0,0.280145309190601,0,-0.11,-0.22,-0.11
2014-04-23 23:09:00,240935.0,0.2400880611421949,0,-0.11,-0.22,-0.11
2014-04-23 23:14:00,234906.0,0.2267524462383085,0,-0.11,-0.22,-0.11
2014-04-23 23:19:00,224199.0,0.2719694595587208,0,-0.11,-0.22,-0.11
2014-04-23 23:24:00,261335.0,0.3483386929660756,0,-0.11,-0.22,-0.11
2014-04-23 23:29:00,211402.0,0.3365561252442627,0,-0.11,-0.22,-0.11
2014-04-23 23:34:00,224337.0,0.27129007601229305,0,-0.11,-0.22,-0.11
2014-04-23 23:39:00,229228.0,0.2488850476590752,0,-0.11,-0.22,-0.11
2014-04-23 23:44:00,246677.0,0.27312121244371473,0,-0.11,-0.22,-0.11
2014-04-23 23:49:00,226809.0,0.2599445036056192,0,-0.11,-0.22,-0.11
2014-04-23 23:54:00,237540.0,0.2318622596298824,0,-0.11,-0.22,-0.11
2014-04-23 23:59:00,233857.0,0.22896879097356745,0,-0.11,-0.22,-0.11
2014-04-24 00:04:00,238302.0,0.2351730811140535,0,-0.11,-0.22,-0.11
2014-04-24 00:09:00,242084.0,0.2518969037005234,0,-0.11,-0.22,-0.11
