timestamp,value,anomaly_score,label,S(t)_standard,S(t)_reward_low_FP_rate,S(t)_reward_low_FN_rate
2014-02-14 14:30:00,0.132,0.0,0,-0.11,-0.22,-0.11
2014-02-14 14:35:00,0.134,0.0,0,-0.11,-0.22,-0.11
2014-02-14 14:40:00,0.134,0.0,0,-0.11,-0.22,-0.11
2014-02-14 14:45:00,0.134,0.0,0,-0.11,-0.22,-0.11
2014-02-14 14:50:00,0.134,0.0,0,-0.11,-0.22,-0.11
2014-02-14 14:55:00,0.134,0.0,0,-0.11,-0.22,-0.11
2014-02-14 15:00:00,0.134,0.0,0,-0.11,-0.22,-0.11
2014-02-14 15:05:00,0.134,0.0,0,-0.11,-0.22,-0.11
2014-02-14 15:10:00,0.066,0.0,0,-0.11,-0.22,-0.11
2014-02-14 15:15:00,0.132,0.0,0,-0.11,-0.22,-0.11
2014-02-14 15:20:00,0.134,0.0,0,-0.11,-0.22,-0.11
2014-02-14 15:25:00,0.066,0.0,0,-0.11,-0.22,-0.11
2014-02-14 15:30:00,0.132,0.0,0,-0.11,-0.22,-0.11
2014-02-14 15:35:00,0.20199999999999999,0.0,0,-0.11,-0.22,-0.11
2014-02-14 15:40:00,0.068,0.0,0,-0.11,-0.22,-0.11
2014-02-14 15:45:00,0.134,0.0,0,-0.11,-0.22,-0.11
2014-02-14 15:50:00,0.132,0.0,0,-0.11,-0.22,-0.11
2014-02-14 15:55:00,0.134,0.0,0,-0.11,-0.22,-0.11
2014-02-14 16:00:00,0.134,0.0,0,-0.11,-0.22,-0.11
2014-02-14 16:05:00,0.136,0.0,0,-0.11,-0.22,-0.11
2014-02-14 16:10:00,0.132,0.0,0,-0.11,-0.22,-0.11
2014-02-14 16:15:00,0.134,0.0,0,-0.11,-0.22,-0.11
2014-02-14 16:20:00,0.134,0.0,0,-0.11,-0.22,-0.11
2014-02-14 16:25:00,0.066,0.0,0,-0.11,-0.22,-0.11
2014-02-14 16:30:00,0.134,0.0,0,-0.11,-0.22,-0.11
2014-02-14 16:35:00,0.134,0.0,0,-0.11,-0.22,-0.11
2014-02-14 16:40:00,0.066,0.0,0,-0.11,-0.22,-0.11
2014-02-14 16:45:00,0.134,0.0,0,-0.11,-0.22,-0.11
2014-02-14 16:50:00,0.134,0.0,0,-0.11,-0.22,-0.11
2014-02-14 16:55:00,0.134,0.0,0,-0.11,-0.22,-0.11
2014-02-14 17:00:00,0.132,0.0,0,-0.11,-0.22,-0.11
2014-02-14 17:05:00,0.136,0.0,0,-0.11,-0.22,-0.11
2014-02-14 17:10:00,0.134,0.0,0,-0.11,-0.22,-0.11
2014-02-14 17:15:00,0.134,0.0,0,-0.11,-0.22,-0.11
2014-02-14 17:20:00,0.132,0.0,0,-0.11,-0.22,-0.11
2014-02-14 17:25:00,0.132,0.0,0,-0.11,-0.22,-0.11
2014-02-14 17:30:00,0.134,0.0,0,-0.11,-0.22,-0.11
2014-02-14 17:35:00,0.134,0.0,0,-0.11,-0.22,-0.11
2014-02-14 17:40:00,0.066,0.0,0,-0.11,-0.22,-0.11
2014-02-14 17:45:00,0.134,0.0,0,-0.11,-0.22,-0.11
2014-02-14 17:50:00,0.134,0.0,0,-0.11,-0.22,-0.11
2014-02-14 17:55:00,0.20199999999999999,0.0,0,-0.11,-0.22,-0.11
2014-02-14 18:00:00,0.134,0.0,0,-0.11,-0.22,-0.11
2014-02-14 18:05:00,0.134,0.0,0,-0.11,-0.22,-0.11
2014-02-14 18:10:00,0.134,0.0,0,-0.11,-0.22,-0.11
2014-02-14 18:15:00,0.068,0.0,0,-0.11,-0.22,-0.11
2014-02-14 18:20:00,0.132,0.0,0,-0.11,-0.22,-0.11
2014-02-14 18:25:00,0.134,0.0,0,-0.11,-0.22,-0.11
2014-02-14 18:30:00,0.134,0.0,0,-0.11,-0.22,-0.11
2014-02-14 18:35:00,0.134,0.0,0,-0.11,-0.22,-0.11
2014-02-14 18:40:00,0.134,0.0,0,-0.11,-0.22,-0.11
2014-02-14 18:45:00,0.134,0.0,0,-0.11,-0.22,-0.11
2014-02-14 18:50:00,0.134,0.0,0,-0.11,-0.22,-0.11
2014-02-14 18:55:00,0.134,0.0,0,-0.11,-0.22,-0.11
2014-02-14 19:00:00,0.066,0.0,0,-0.11,-0.22,-0.11
2014-02-14 19:05:00,0.134,0.0,0,-0.11,-0.22,-0.11
2014-02-14 19:10:00,0.134,0.0,0,-0.11,-0.22,-0.11
2014-02-14 19:15:00,0.134,0.0,0,-0.11,-0.22,-0.11
2014-02-14 19:20:00,0.066,0.0,0,-0.11,-0.22,-0.11
2014-02-14 19:25:00,0.132,0.0,0,-0.11,-0.22,-0.11
2014-02-14 19:30:00,0.134,0.0,0,-0.11,-0.22,-0.11
2014-02-14 19:35:00,0.2,0.0,0,-0.11,-0.22,-0.11
2014-02-14 19:40:00,0.132,0.0,0,-0.11,-0.22,-0.11
2014-02-14 19:45:00,0.134,0.0,0,-0.11,-0.22,-0.11
2014-02-14 19:50:00,0.136,0.0,0,-0.11,-0.22,-0.11
2014-02-14 19:55:00,0.132,0.0,0,-0.11,-0.22,-0.11
2014-02-14 20:00:00,0.066,0.0,0,-0.11,-0.22,-0.11
2014-02-14 20:05:00,0.134,0.0,0,-0.11,-0.22,-0.11
2014-02-14 20:10:00,0.134,0.0,0,-0.11,-0.22,-0.11
2014-02-14 20:15:00,0.134,0.0,0,-0.11,-0.22,-0.11
2014-02-14 20:20:00,0.2,0.0,0,-0.11,-0.22,-0.11
2014-02-14 20:25:00,0.132,0.0,0,-0.11,-0.22,-0.11
2014-02-14 20:30:00,0.136,0.0,0,-0.11,-0.22,-0.11
2014-02-14 20:35:00,0.134,0.0,0,-0.11,-0.22,-0.11
2014-02-14 20:40:00,0.134,0.0,0,-0.11,-0.22,-0.11
2014-02-14 20:45:00,0.134,0.0,0,-0.11,-0.22,-0.11
2014-02-14 20:50:00,0.066,0.0,0,-0.11,-0.22,-0.11
2014-02-14 20:55:00,0.134,0.0,0,-0.11,-0.22,-0.11
2014-02-14 21:00:00,0.134,0.0,0,-0.11,-0.22,-0.11
2014-02-14 21:05:00,0.134,0.0,0,-0.11,-0.22,-0.11
2014-02-14 21:10:00,0.134,0.0,0,-0.11,-0.22,-0.11
2014-02-14 21:15:00,0.132,0.0,0,-0.11,-0.22,-0.11
2014-02-14 21:20:00,0.066,0.0,0,-0.11,-0.22,-0.11
2014-02-14 21:25:00,0.134,0.0,0,-0.11,-0.22,-0.11
2014-02-14 21:30:00,0.132,0.0,0,-0.11,-0.22,-0.11
2014-02-14 21:35:00,0.134,0.0,0,-0.11,-0.22,-0.11
2014-02-14 21:40:00,0.132,0.0,0,-0.11,-0.22,-0.11
2014-02-14 21:45:00,0.066,0.0,0,-0.11,-0.22,-0.11
2014-02-14 21:50:00,0.134,0.0,0,-0.11,-0.22,-0.11
2014-02-14 21:55:00,0.132,0.0,0,-0.11,-0.22,-0.11
2014-02-14 22:00:00,0.134,0.0,0,-0.11,-0.22,-0.11
2014-02-14 22:05:00,0.134,0.0,0,-0.11,-0.22,-0.11
2014-02-14 22:10:00,0.066,0.0,0,-0.11,-0.22,-0.11
2014-02-14 22:15:00,0.134,0.0,0,-0.11,-0.22,-0.11
2014-02-14 22:20:00,0.132,0.0,0,-0.11,-0.22,-0.11
2014-02-14 22:25:00,0.134,0.0,0,-0.11,-0.22,-0.11
2014-02-14 22:30:00,0.132,0.0,0,-0.11,-0.22,-0.11
2014-02-14 22:35:00,0.068,0.0,0,-0.11,-0.22,-0.11
2014-02-14 22:40:00,0.132,0.0,0,-0.11,-0.22,-0.11
2014-02-14 22:45:00,0.132,0.0,0,-0.11,-0.22,-0.11
2014-02-14 22:50:00,0.134,0.0,0,-0.11,-0.22,-0.11
2014-02-14 22:55:00,0.132,0.0,0,-0.11,-0.22,-0.11
2014-02-14 23:00:00,0.134,0.0,0,-0.11,-0.22,-0.11
2014-02-14 23:05:00,0.134,0.0,0,-0.11,-0.22,-0.11
2014-02-14 23:10:00,0.134,0.0,0,-0.11,-0.22,-0.11
2014-02-14 23:15:00,0.066,0.0,0,-0.11,-0.22,-0.11
2014-02-14 23:20:00,0.132,0.0,0,-0.11,-0.22,-0.11
2014-02-14 23:25:00,0.132,0.0,0,-0.11,-0.22,-0.11
2014-02-14 23:30:00,0.066,0.0,0,-0.11,-0.22,-0.11
2014-02-14 23:35:00,0.136,0.0,0,-0.11,-0.22,-0.11
2014-02-14 23:40:00,0.134,0.0,0,-0.11,-0.22,-0.11
2014-02-14 23:45:00,0.066,0.0,0,-0.11,-0.22,-0.11
2014-02-14 23:50:00,0.134,0.0,0,-0.11,-0.22,-0.11
2014-02-14 23:55:00,0.2,0.0,0,-0.11,-0.22,-0.11
2014-02-15 00:00:00,0.134,0.0,0,-0.11,-0.22,-0.11
2014-02-15 00:05:00,0.134,0.0,0,-0.11,-0.22,-0.11
2014-02-15 00:10:00,0.066,0.0,0,-0.11,-0.22,-0.11
2014-02-15 00:15:00,0.132,0.0,0,-0.11,-0.22,-0.11
2014-02-15 00:20:00,0.134,0.0,0,-0.11,-0.22,-0.11
2014-02-15 00:25:00,0.066,0.0,0,-0.11,-0.22,-0.11
2014-02-15 00:30:00,0.136,0.0,0,-0.11,-0.22,-0.11
2014-02-15 00:35:00,0.134,0.0,0,-0.11,-0.22,-0.11
2014-02-15 00:40:00,0.134,0.0,0,-0.11,-0.22,-0.11
2014-02-15 00:45:00,0.066,0.0,0,-0.11,-0.22,-0.11
2014-02-15 00:50:00,0.134,0.0,0,-0.11,-0.22,-0.11
2014-02-15 00:55:00,0.134,0.0,0,-0.11,-0.22,-0.11
2014-02-15 01:00:00,0.134,0.0,0,-0.11,-0.22,-0.11
2014-02-15 01:05:00,0.068,0.0,0,-0.11,-0.22,-0.11
2014-02-15 01:10:00,0.132,0.0,0,-0.11,-0.22,-0.11
2014-02-15 01:15:00,0.134,0.0,0,-0.11,-0.22,-0.11
2014-02-15 01:20:00,0.134,0.0,0,-0.11,-0.22,-0.11
2014-02-15 01:25:00,0.068,0.0,0,-0.11,-0.22,-0.11
2014-02-15 01:30:00,0.134,0.0,0,-0.11,-0.22,-0.11
2014-02-15 01:35:00,0.134,0.0,0,-0.11,-0.22,-0.11
2014-02-15 01:40:00,0.134,0.0,0,-0.11,-0.22,-0.11
2014-02-15 01:45:00,0.134,0.0,0,-0.11,-0.22,-0.11
2014-02-15 01:50:00,0.134,0.0,0,-0.11,-0.22,-0.11
2014-02-15 01:55:00,0.134,0.0,0,-0.11,-0.22,-0.11
2014-02-15 02:00:00,0.066,0.0,0,-0.11,-0.22,-0.11
2014-02-15 02:05:00,0.134,0.0,0,-0.11,-0.22,-0.11
2014-02-15 02:10:00,0.132,0.0,0,-0.11,-0.22,-0.11
2014-02-15 02:15:00,0.134,0.0,0,-0.11,-0.22,-0.11
2014-02-15 02:20:00,0.066,0.0,0,-0.11,-0.22,-0.11
2014-02-15 02:25:00,0.132,0.0,0,-0.11,-0.22,-0.11
2014-02-15 02:30:00,0.132,0.0,0,-0.11,-0.22,-0.11
2014-02-15 02:35:00,0.066,0.0,0,-0.11,-0.22,-0.11
2014-02-15 02:40:00,0.134,0.0,0,-0.11,-0.22,-0.11
2014-02-15 02:45:00,0.134,0.0,0,-0.11,-0.22,-0.11
2014-02-15 02:50:00,0.136,0.0,0,-0.11,-0.22,-0.11
2014-02-15 02:55:00,0.134,0.0,0,-0.11,-0.22,-0.11
2014-02-15 03:00:00,0.134,0.0,0,-0.11,-0.22,-0.11
2014-02-15 03:05:00,1.466,0.0,0,-0.11,-0.22,-0.11
2014-02-15 03:10:00,0.066,0.0,0,-0.11,-0.22,-0.11
2014-02-15 03:15:00,0.134,0.0,0,-0.11,-0.22,-0.11
2014-02-15 03:20:00,0.134,0.0,0,-0.11,-0.22,-0.11
2014-02-15 03:25:00,0.134,0.0,0,-0.11,-0.22,-0.11
2014-02-15 03:30:00,0.134,0.0,0,-0.11,-0.22,-0.11
2014-02-15 03:35:00,0.134,0.0,0,-0.11,-0.22,-0.11
2014-02-15 03:40:00,0.132,0.0,0,-0.11,-0.22,-0.11
2014-02-15 03:45:00,0.066,0.0,0,-0.11,-0.22,-0.11
2014-02-15 03:50:00,0.134,0.0,0,-0.11,-0.22,-0.11
2014-02-15 03:55:00,0.132,0.0,0,-0.11,-0.22,-0.11
2014-02-15 04:00:00,0.134,0.0,0,-0.11,-0.22,-0.11
2014-02-15 04:05:00,0.066,0.0,0,-0.11,-0.22,-0.11
2014-02-15 04:10:00,0.134,0.0,0,-0.11,-0.22,-0.11
2014-02-15 04:15:00,0.134,0.0,0,-0.11,-0.22,-0.11
2014-02-15 04:20:00,0.134,0.0,0,-0.11,-0.22,-0.11
2014-02-15 04:25:00,0.068,0.0,0,-0.11,-0.22,-0.11
2014-02-15 04:30:00,0.132,0.0,0,-0.11,-0.22,-0.11
2014-02-15 04:35:00,0.134,0.0,0,-0.11,-0.22,-0.11
2014-02-15 04:40:00,0.066,0.0,0,-0.11,-0.22,-0.11
2014-02-15 04:45:00,0.132,0.0,0,-0.11,-0.22,-0.11
2014-02-15 04:50:00,0.134,0.0,0,-0.11,-0.22,-0.11
2014-02-15 04:55:00,0.134,0.0,0,-0.11,-0.22,-0.11
2014-02-15 05:00:00,0.066,0.0,0,-0.11,-0.22,-0.11
2014-02-15 05:05:00,0.134,0.0,0,-0.11,-0.22,-0.11
2014-02-15 05:10:00,0.132,0.0,0,-0.11,-0.22,-0.11
2014-02-15 05:15:00,0.134,0.0,0,-0.11,-0.22,-0.11
2014-02-15 05:20:00,0.066,0.0,0,-0.11,-0.22,-0.11
2014-02-15 05:25:00,0.136,0.0,0,-0.11,-0.22,-0.11
2014-02-15 05:30:00,0.068,0.0,0,-0.11,-0.22,-0.11
2014-02-15 05:35:00,0.132,0.0,0,-0.11,-0.22,-0.11
2014-02-15 05:40:00,0.132,0.0,0,-0.11,-0.22,-0.11
2014-02-15 05:45:00,0.134,0.0,0,-0.11,-0.22,-0.11
2014-02-15 05:50:00,0.134,0.0,0,-0.11,-0.22,-0.11
2014-02-15 05:55:00,0.2,0.0,0,-0.11,-0.22,-0.11
2014-02-15 06:00:00,0.066,0.0,0,-0.11,-0.22,-0.11
2014-02-15 06:05:00,0.134,0.0,0,-0.11,-0.22,-0.11
2014-02-15 06:10:00,0.134,0.0,0,-0.11,-0.22,-0.11
2014-02-15 06:15:00,0.068,0.0,0,-0.11,-0.22,-0.11
2014-02-15 06:20:00,0.132,0.0,0,-0.11,-0.22,-0.11
2014-02-15 06:25:00,0.066,0.0,0,-0.11,-0.22,-0.11
2014-02-15 06:30:00,0.132,0.0,0,-0.11,-0.22,-0.11
2014-02-15 06:35:00,0.136,0.0,0,-0.11,-0.22,-0.11
2014-02-15 06:40:00,0.066,0.0,0,-0.11,-0.22,-0.11
2014-02-15 06:45:00,0.132,0.0,0,-0.11,-0.22,-0.11
2014-02-15 06:50:00,0.134,0.0,0,-0.11,-0.22,-0.11
2014-02-15 06:55:00,0.134,0.0,0,-0.11,-0.22,-0.11
2014-02-15 07:00:00,0.066,0.0,0,-0.11,-0.22,-0.11
2014-02-15 07:05:00,0.134,0.0,0,-0.11,-0.22,-0.11
2014-02-15 07:10:00,0.132,0.0,0,-0.11,-0.22,-0.11
2014-02-15 07:15:00,0.066,0.0,0,-0.11,-0.22,-0.11
2014-02-15 07:20:00,0.134,0.0,0,-0.11,-0.22,-0.11
2014-02-15 07:25:00,0.134,0.0,0,-0.11,-0.22,-0.11
2014-02-15 07:30:00,0.134,0.0,0,-0.11,-0.22,-0.11
2014-02-15 07:35:00,0.066,0.0,0,-0.11,-0.22,-0.11
2014-02-15 07:40:00,0.134,0.0,0,-0.11,-0.22,-0.11
2014-02-15 07:45:00,0.132,0.0,0,-0.11,-0.22,-0.11
2014-02-15 07:50:00,0.066,0.0,0,-0.11,-0.22,-0.11
2014-02-15 07:55:00,0.134,0.0,0,-0.11,-0.22,-0.11
2014-02-15 08:00:00,0.134,0.0,0,-0.11,-0.22,-0.11
2014-02-15 08:05:00,0.134,0.0,0,-0.11,-0.22,-0.11
2014-02-15 08:10:00,0.068,0.0,0,-0.11,-0.22,-0.11
2014-02-15 08:15:00,0.134,0.0,0,-0.11,-0.22,-0.11
2014-02-15 08:20:00,0.068,0.0,0,-0.11,-0.22,-0.11
2014-02-15 08:25:00,0.132,0.0,0,-0.11,-0.22,-0.11
2014-02-15 08:30:00,0.134,0.0,0,-0.11,-0.22,-0.11
2014-02-15 08:35:00,0.134,0.0,0,-0.11,-0.22,-0.11
2014-02-15 08:40:00,0.066,0.0,0,-0.11,-0.22,-0.11
2014-02-15 08:45:00,0.134,0.0,0,-0.11,-0.22,-0.11
2014-02-15 08:50:00,0.134,0.0,0,-0.11,-0.22,-0.11
2014-02-15 08:55:00,0.134,0.0,0,-0.11,-0.22,-0.11
2014-02-15 09:00:00,0.066,0.0,0,-0.11,-0.22,-0.11
2014-02-15 09:05:00,0.132,0.0,0,-0.11,-0.22,-0.11
2014-02-15 09:10:00,0.134,0.0,0,-0.11,-0.22,-0.11
2014-02-15 09:15:00,0.066,0.0,0,-0.11,-0.22,-0.11
2014-02-15 09:20:00,0.134,0.0,0,-0.11,-0.22,-0.11
2014-02-15 09:25:00,0.134,0.0,0,-0.11,-0.22,-0.11
2014-02-15 09:30:00,0.134,0.0,0,-0.11,-0.22,-0.11
2014-02-15 09:35:00,0.066,0.0,0,-0.11,-0.22,-0.11
2014-02-15 09:40:00,0.134,0.0,0,-0.11,-0.22,-0.11
2014-02-15 09:45:00,0.134,0.0,0,-0.11,-0.22,-0.11
2014-02-15 09:50:00,0.132,0.0,0,-0.11,-0.22,-0.11
2014-02-15 09:55:00,0.134,0.0,0,-0.11,-0.22,-0.11
2014-02-15 10:00:00,0.068,0.0,0,-0.11,-0.22,-0.11
2014-02-15 10:05:00,0.134,0.0,0,-0.11,-0.22,-0.11
2014-02-15 10:10:00,0.132,0.0,0,-0.11,-0.22,-0.11
2014-02-15 10:15:00,0.066,0.0,0,-0.11,-0.22,-0.11
2014-02-15 10:20:00,0.134,0.0,0,-0.11,-0.22,-0.11
2014-02-15 10:25:00,0.134,0.0,0,-0.11,-0.22,-0.11
2014-02-15 10:30:00,0.066,0.0,0,-0.11,-0.22,-0.11
2014-02-15 10:35:00,0.132,0.0,0,-0.11,-0.22,-0.11
2014-02-15 10:40:00,0.132,0.0,0,-0.11,-0.22,-0.11
2014-02-15 10:45:00,0.134,0.0,0,-0.11,-0.22,-0.11
2014-02-15 10:50:00,0.134,0.0,0,-0.11,-0.22,-0.11
2014-02-15 10:55:00,0.132,0.0,0,-0.11,-0.22,-0.11
2014-02-15 11:00:00,0.068,0.0,0,-0.11,-0.22,-0.11
2014-02-15 11:05:00,0.132,0.0,0,-0.11,-0.22,-0.11
2014-02-15 11:10:00,0.132,0.0,0,-0.11,-0.22,-0.11
2014-02-15 11:15:00,0.134,0.0,0,-0.11,-0.22,-0.11
2014-02-15 11:20:00,0.066,0.0,0,-0.11,-0.22,-0.11
2014-02-15 11:25:00,0.134,0.0,0,-0.11,-0.22,-0.11
2014-02-15 11:30:00,0.066,0.0,0,-0.11,-0.22,-0.11
2014-02-15 11:35:00,0.132,0.0,0,-0.11,-0.22,-0.11
2014-02-15 11:40:00,0.136,0.0,0,-0.11,-0.22,-0.11
2014-02-15 11:45:00,0.134,0.0,0,-0.11,-0.22,-0.11
2014-02-15 11:50:00,0.068,0.0,0,-0.11,-0.22,-0.11
2014-02-15 11:55:00,0.132,0.0,0,-0.11,-0.22,-0.11
2014-02-15 12:00:00,0.132,0.0,0,-0.11,-0.22,-0.11
2014-02-15 12:05:00,0.134,0.0,0,-0.11,-0.22,-0.11
2014-02-15 12:10:00,0.134,0.0,0,-0.11,-0.22,-0.11
2014-02-15 12:15:00,0.132,0.0,0,-0.11,-0.22,-0.11
2014-02-15 12:20:00,0.066,0.0,0,-0.11,-0.22,-0.11
2014-02-15 12:25:00,0.134,0.0,0,-0.11,-0.22,-0.11
2014-02-15 12:30:00,0.132,0.0,0,-0.11,-0.22,-0.11
2014-02-15 12:35:00,0.134,0.0,0,-0.11,-0.22,-0.11
2014-02-15 12:40:00,0.134,0.0,0,-0.11,-0.22,-0.11
2014-02-15 12:45:00,0.066,0.0,0,-0.11,-0.22,-0.11
2014-02-15 12:50:00,0.134,0.0,0,-0.11,-0.22,-0.11
2014-02-15 12:55:00,0.2,0.0,0,-0.11,-0.22,-0.11
2014-02-15 13:00:00,0.134,0.0,0,-0.11,-0.22,-0.11
2014-02-15 13:05:00,0.066,0.0,0,-0.11,-0.22,-0.11
2014-02-15 13:10:00,0.134,0.0,0,-0.11,-0.22,-0.11
2014-02-15 13:15:00,0.136,0.0,0,-0.11,-0.22,-0.11
2014-02-15 13:20:00,0.134,0.0,0,-0.11,-0.22,-0.11
2014-02-15 13:25:00,0.066,0.0,0,-0.11,-0.22,-0.11
2014-02-15 13:30:00,0.134,0.0,0,-0.11,-0.22,-0.11
2014-02-15 13:35:00,0.134,0.0,0,-0.11,-0.22,-0.11
2014-02-15 13:40:00,0.134,0.0,0,-0.11,-0.22,-0.11
2014-02-15 13:45:00,0.134,0.0,0,-0.11,-0.22,-0.11
2014-02-15 13:50:00,0.134,0.0,0,-0.11,-0.22,-0.11
2014-02-15 13:55:00,0.134,0.0,0,-0.11,-0.22,-0.11
2014-02-15 14:00:00,0.134,0.0,0,-0.11,-0.22,-0.11
2014-02-15 14:05:00,0.066,0.0,0,-0.11,-0.22,-0.11
2014-02-15 14:10:00,0.134,0.0,0,-0.11,-0.22,-0.11
2014-02-15 14:15:00,0.134,0.0,0,-0.11,-0.22,-0.11
2014-02-15 14:20:00,0.132,0.0,0,-0.11,-0.22,-0.11
2014-02-15 14:25:00,0.134,0.0,0,-0.11,-0.22,-0.11
2014-02-15 14:30:00,0.134,0.0,0,-0.11,-0.22,-0.11
2014-02-15 14:35:00,0.066,0.0,0,-0.11,-0.22,-0.11
2014-02-15 14:40:00,0.134,0.0,0,-0.11,-0.22,-0.11
2014-02-15 14:45:00,0.134,0.0,0,-0.11,-0.22,-0.11
2014-02-15 14:50:00,0.132,0.0,0,-0.11,-0.22,-0.11
2014-02-15 14:55:00,0.132,0.0,0,-0.11,-0.22,-0.11
2014-02-15 15:00:00,0.134,0.0,0,-0.11,-0.22,-0.11
2014-02-15 15:05:00,0.132,0.0,0,-0.11,-0.22,-0.11
2014-02-15 15:10:00,0.066,0.0,0,-0.11,-0.22,-0.11
2014-02-15 15:15:00,0.132,0.0,0,-0.11,-0.22,-0.11
2014-02-15 15:20:00,0.134,0.0,0,-0.11,-0.22,-0.11
2014-02-15 15:25:00,0.132,0.0,0,-0.11,-0.22,-0.11
2014-02-15 15:30:00,0.134,0.0,0,-0.11,-0.22,-0.11
2014-02-15 15:35:00,0.068,0.0,0,-0.11,-0.22,-0.11
2014-02-15 15:40:00,0.134,0.0,0,-0.11,-0.22,-0.11
2014-02-15 15:45:00,0.134,0.0,0,-0.11,-0.22,-0.11
2014-02-15 15:50:00,0.134,0.0,0,-0.11,-0.22,-0.11
2014-02-15 15:55:00,0.134,0.0,0,-0.11,-0.22,-0.11
2014-02-15 16:00:00,0.132,0.0,0,-0.11,-0.22,-0.11
2014-02-15 16:05:00,0.204,0.0,0,-0.11,-0.22,-0.11
2014-02-15 16:10:00,0.066,0.0,0,-0.11,-0.22,-0.11
2014-02-15 16:15:00,0.132,0.0,0,-0.11,-0.22,-0.11
2014-02-15 16:20:00,0.134,0.0,0,-0.11,-0.22,-0.11
2014-02-15 16:25:00,0.066,0.0,0,-0.11,-0.22,-0.11
2014-02-15 16:30:00,0.134,0.0,0,-0.11,-0.22,-0.11
2014-02-15 16:35:00,0.134,0.0,0,-0.11,-0.22,-0.11
2014-02-15 16:40:00,0.134,0.0,0,-0.11,-0.22,-0.11
2014-02-15 16:45:00,0.066,0.0,0,-0.11,-0.22,-0.11
2014-02-15 16:50:00,0.134,0.0,0,-0.11,-0.22,-0.11
2014-02-15 16:55:00,0.134,0.0,0,-0.11,-0.22,-0.11
2014-02-15 17:00:00,0.134,0.0,0,-0.11,-0.22,-0.11
2014-02-15 17:05:00,0.132,0.0,0,-0.11,-0.22,-0.11
2014-02-15 17:10:00,0.134,0.0,0,-0.11,-0.22,-0.11
2014-02-15 17:15:00,0.134,0.0,0,-0.11,-0.22,-0.11
2014-02-15 17:20:00,0.066,0.0,0,-0.11,-0.22,-0.11
2014-02-15 17:25:00,0.134,0.0,0,-0.11,-0.22,-0.11
2014-02-15 17:30:00,0.136,0.0,0,-0.11,-0.22,-0.11
2014-02-15 17:35:00,0.134,0.0,0,-0.11,-0.22,-0.11
2014-02-15 17:40:00,0.066,0.0,0,-0.11,-0.22,-0.11
2014-02-15 17:45:00,0.134,0.0,0,-0.11,-0.22,-0.11
2014-02-15 17:50:00,0.134,0.0,0,-0.11,-0.22,-0.11
2014-02-15 17:55:00,0.132,0.0,0,-0.11,-0.22,-0.11
2014-02-15 18:00:00,0.134,0.0,0,-0.11,-0.22,-0.11
2014-02-15 18:05:00,0.134,0.0,0,-0.11,-0.22,-0.11
2014-02-15 18:10:00,0.134,0.0,0,-0.11,-0.22,-0.11
2014-02-15 18:15:00,0.068,0.0,0,-0.11,-0.22,-0.11
2014-02-15 18:20:00,0.134,0.0,0,-0.11,-0.22,-0.11
2014-02-15 18:25:00,0.066,0.0,0,-0.11,-0.22,-0.11
2014-02-15 18:30:00,0.132,0.0,0,-0.11,-0.22,-0.11
2014-02-15 18:35:00,0.132,0.0,0,-0.11,-0.22,-0.11
2014-02-15 18:40:00,0.066,0.0,0,-0.11,-0.22,-0.11
2014-02-15 18:45:00,0.132,0.0,0,-0.11,-0.22,-0.11
2014-02-15 18:50:00,0.134,0.0,0,-0.11,-0.22,-0.11
2014-02-15 18:55:00,0.134,0.0,0,-0.11,-0.22,-0.11
2014-02-15 19:00:00,0.134,0.0,0,-0.11,-0.22,-0.11
2014-02-15 19:05:00,0.134,0.0,0,-0.11,-0.22,-0.11
2014-02-15 19:10:00,0.132,0.0,0,-0.11,-0.22,-0.11
2014-02-15 19:15:00,0.134,0.0,0,-0.11,-0.22,-0.11
2014-02-15 19:20:00,0.134,0.0,0,-0.11,-0.22,-0.11
2014-02-15 19:25:00,0.066,0.0,0,-0.11,-0.22,-0.11
2014-02-15 19:30:00,0.134,0.0,0,-0.11,-0.22,-0.11
2014-02-15 19:35:00,0.134,0.0,0,-0.11,-0.22,-0.11
2014-02-15 19:40:00,0.134,0.0,0,-0.11,-0.22,-0.11
2014-02-15 19:45:00,0.066,0.0,0,-0.11,-0.22,-0.11
2014-02-15 19:50:00,0.132,0.0,0,-0.11,-0.22,-0.11
2014-02-15 19:55:00,0.132,0.0,0,-0.11,-0.22,-0.11
2014-02-15 20:00:00,0.134,0.0,0,-0.11,-0.22,-0.11
2014-02-15 20:05:00,0.066,0.0,0,-0.11,-0.22,-0.11
2014-02-15 20:10:00,0.136,0.0,0,-0.11,-0.22,-0.11
2014-02-15 20:15:00,0.134,0.0,0,-0.11,-0.22,-0.11
2014-02-15 20:20:00,0.134,0.0,0,-0.11,-0.22,-0.11
2014-02-15 20:25:00,0.132,0.0,0,-0.11,-0.22,-0.11
2014-02-15 20:30:00,0.068,0.0,0,-0.11,-0.22,-0.11
2014-02-15 20:35:00,0.132,0.0,0,-0.11,-0.22,-0.11
2014-02-15 20:40:00,0.134,0.0,0,-0.11,-0.22,-0.11
2014-02-15 20:45:00,0.066,0.0,0,-0.11,-0.22,-0.11
2014-02-15 20:50:00,0.132,0.0,0,-0.11,-0.22,-0.11
2014-02-15 20:55:00,0.134,0.0,0,-0.11,-0.22,-0.11
2014-02-15 21:00:00,0.134,0.0,0,-0.11,-0.22,-0.11
2014-02-15 21:05:00,0.134,0.0,0,-0.11,-0.22,-0.11
2014-02-15 21:10:00,0.066,0.0,0,-0.11,-0.22,-0.11
2014-02-15 21:15:00,0.134,0.0,0,-0.11,-0.22,-0.11
2014-02-15 21:20:00,0.134,0.0,0,-0.11,-0.22,-0.11
2014-02-15 21:25:00,0.134,0.0,0,-0.11,-0.22,-0.11
2014-02-15 21:30:00,0.066,0.0,0,-0.11,-0.22,-0.11
2014-02-15 21:35:00,0.134,0.0,0,-0.11,-0.22,-0.11
2014-02-15 21:40:00,0.066,0.0,0,-0.11,-0.22,-0.11
2014-02-15 21:45:00,0.134,0.0,0,-0.11,-0.22,-0.11
2014-02-15 21:50:00,0.136,0.0,0,-0.11,-0.22,-0.11
2014-02-15 21:55:00,0.136,0.0,0,-0.11,-0.22,-0.11
2014-02-15 22:00:00,0.134,0.0,0,-0.11,-0.22,-0.11
2014-02-15 22:05:00,0.066,0.0,0,-0.11,-0.22,-0.11
2014-02-15 22:10:00,0.134,0.0,0,-0.11,-0.22,-0.11
2014-02-15 22:15:00,0.134,0.0,0,-0.11,-0.22,-0.11
2014-02-15 22:20:00,0.134,0.0,0,-0.11,-0.22,-0.11
2014-02-15 22:25:00,0.066,0.0,0,-0.11,-0.22,-0.11
2014-02-15 22:30:00,0.134,0.0,0,-0.11,-0.22,-0.11
2014-02-15 22:35:00,0.132,0.0,0,-0.11,-0.22,-0.11
2014-02-15 22:40:00,0.066,0.0,0,-0.11,-0.22,-0.11
2014-02-15 22:45:00,0.134,0.0,0,-0.11,-0.22,-0.11
2014-02-15 22:50:00,0.134,0.0,0,-0.11,-0.22,-0.11
2014-02-15 22:55:00,0.136,0.0,0,-0.11,-0.22,-0.11
2014-02-15 23:00:00,0.066,0.0,0,-0.11,-0.22,-0.11
2014-02-15 23:05:00,0.134,0.0,0,-0.11,-0.22,-0.11
2014-02-15 23:10:00,0.134,0.0,0,-0.11,-0.22,-0.11
2014-02-15 23:15:00,0.066,0.0,0,-0.11,-0.22,-0.11
2014-02-15 23:20:00,0.134,0.0,0,-0.11,-0.22,-0.11
2014-02-15 23:25:00,0.134,0.0,0,-0.11,-0.22,-0.11
2014-02-15 23:30:00,0.066,0.0,0,-0.11,-0.22,-0.11
2014-02-15 23:35:00,0.134,0.0,0,-0.11,-0.22,-0.11
2014-02-15 23:40:00,0.134,0.0,0,-0.11,-0.22,-0.11
2014-02-15 23:45:00,0.066,0.0,0,-0.11,-0.22,-0.11
2014-02-15 23:50:00,0.132,0.0,0,-0.11,-0.22,-0.11
2014-02-15 23:55:00,0.134,0.0,0,-0.11,-0.22,-0.11
2014-02-16 00:00:00,0.134,0.0,0,-0.11,-0.22,-0.11
2014-02-16 00:05:00,0.134,0.0,0,-0.11,-0.22,-0.11
2014-02-16 00:10:00,0.066,0.0,0,-0.11,-0.22,-0.11
2014-02-16 00:15:00,0.132,0.0,0,-0.11,-0.22,-0.11
2014-02-16 00:20:00,0.068,0.0,0,-0.11,-0.22,-0.11
2014-02-16 00:25:00,0.132,0.0,0,-0.11,-0.22,-0.11
2014-02-16 00:30:00,0.134,0.0,0,-0.11,-0.22,-0.11
2014-02-16 00:35:00,0.066,0.0,0,-0.11,-0.22,-0.11
2014-02-16 00:40:00,0.134,0.0,0,-0.11,-0.22,-0.11
2014-02-16 00:45:00,0.136,0.0,0,-0.11,-0.22,-0.11
2014-02-16 00:50:00,0.068,0.0,0,-0.11,-0.22,-0.11
2014-02-16 00:55:00,0.134,0.0,0,-0.11,-0.22,-0.11
2014-02-16 01:00:00,0.134,0.0,0,-0.11,-0.22,-0.11
2014-02-16 01:05:00,0.134,0.0,0,-0.11,-0.22,-0.11
2014-02-16 01:10:00,0.066,0.0,0,-0.11,-0.22,-0.11
2014-02-16 01:15:00,0.134,0.0,0,-0.11,-0.22,-0.11
2014-02-16 01:20:00,0.134,0.0,0,-0.11,-0.22,-0.11
2014-02-16 01:25:00,0.134,0.0,0,-0.11,-0.22,-0.11
2014-02-16 01:30:00,0.132,0.0,0,-0.11,-0.22,-0.11
2014-02-16 01:35:00,0.066,0.0,0,-0.11,-0.22,-0.11
2014-02-16 01:40:00,0.134,0.0,0,-0.11,-0.22,-0.11
2014-02-16 01:45:00,0.134,0.0,0,-0.11,-0.22,-0.11
2014-02-16 01:50:00,0.198,0.0,0,-0.11,-0.22,-0.11
2014-02-16 01:55:00,0.134,0.0,0,-0.11,-0.22,-0.11
2014-02-16 02:00:00,0.134,0.0,0,-0.11,-0.22,-0.11
2014-02-16 02:05:00,0.136,0.0,0,-0.11,-0.22,-0.11
2014-02-16 02:10:00,0.132,0.0,0,-0.11,-0.22,-0.11
2014-02-16 02:15:00,0.066,0.0,0,-0.11,-0.22,-0.11
2014-02-16 02:20:00,0.132,0.0,0,-0.11,-0.22,-0.11
2014-02-16 02:25:00,0.066,0.0,0,-0.11,-0.22,-0.11
2014-02-16 02:30:00,0.134,0.0,0,-0.11,-0.22,-0.11
2014-02-16 02:35:00,0.132,0.0,0,-0.11,-0.22,-0.11
2014-02-16 02:40:00,0.068,0.0,0,-0.11,-0.22,-0.11
2014-02-16 02:45:00,0.134,0.0,0,-0.11,-0.22,-0.11
2014-02-16 02:50:00,0.134,0.0,0,-0.11,-0.22,-0.11
2014-02-16 02:55:00,0.134,0.0,0,-0.11,-0.22,-0.11
2014-02-16 03:00:00,0.134,0.0,0,-0.11,-0.22,-0.11
2014-02-16 03:05:00,1.534,0.0,0,-0.11,-0.22,-0.11
2014-02-16 03:10:00,0.134,0.0,0,-0.11,-0.22,-0.11
2014-02-16 03:15:00,0.134,0.0,0,-0.11,-0.22,-0.11
2014-02-16 03:20:00,0.066,0.0,0,-0.11,-0.22,-0.11
2014-02-16 03:25:00,0.134,0.0,0,-0.11,-0.22,-0.11
2014-02-16 03:30:00,0.068,0.0,0,-0.11,-0.22,-0.11
2014-02-16 03:35:00,0.132,0.0,0,-0.11,-0.22,-0.11
2014-02-16 03:40:00,0.134,0.0,0,-0.11,-0.22,-0.11
2014-02-16 03:45:00,0.066,0.0,0,-0.11,-0.22,-0.11
2014-02-16 03:50:00,0.132,0.0,0,-0.11,-0.22,-0.11
2014-02-16 03:55:00,0.134,0.0,0,-0.11,-0.22,-0.11
2014-02-16 04:00:00,0.134,0.0,0,-0.11,-0.22,-0.11
2014-02-16 04:05:00,0.134,0.0,0,-0.11,-0.22,-0.11
2014-02-16 04:10:00,0.068,0.0,0,-0.11,-0.22,-0.11
2014-02-16 04:15:00,0.134,0.0,0,-0.11,-0.22,-0.11
2014-02-16 04:20:00,0.132,0.0,0,-0.11,-0.22,-0.11
2014-02-16 04:25:00,0.066,0.0,0,-0.11,-0.22,-0.11
2014-02-16 04:30:00,0.132,0.0,0,-0.11,-0.22,-0.11
2014-02-16 04:35:00,0.134,0.0,0,-0.11,-0.22,-0.11
2014-02-16 04:40:00,0.066,0.0,0,-0.11,-0.22,-0.11
2014-02-16 04:45:00,0.134,0.0,0,-0.11,-0.22,-0.11
2014-02-16 04:50:00,0.134,0.0,0,-0.11,-0.22,-0.11
2014-02-16 04:55:00,0.134,0.0,0,-0.11,-0.22,-0.11
2014-02-16 05:00:00,0.134,0.0,0,-0.11,-0.22,-0.11
2014-02-16 05:05:00,0.066,0.0,0,-0.11,-0.22,-0.11
2014-02-16 05:10:00,0.134,0.0,0,-0.11,-0.22,-0.11
2014-02-16 05:15:00,0.066,0.0,0,-0.11,-0.22,-0.11
2014-02-16 05:20:00,0.134,0.0,0,-0.11,-0.22,-0.11
2014-02-16 05:25:00,0.134,0.0,0,-0.11,-0.22,-0.11
2014-02-16 05:30:00,0.132,0.0,0,-0.11,-0.22,-0.11
2014-02-16 05:35:00,0.066,0.0,0,-0.11,-0.22,-0.11
2014-02-16 05:40:00,0.132,0.0,0,-0.11,-0.22,-0.11
2014-02-16 05:45:00,0.066,0.0,0,-0.11,-0.22,-0.11
2014-02-16 05:50:00,0.134,0.0,0,-0.11,-0.22,-0.11
2014-02-16 05:55:00,0.132,0.0,0,-0.11,-0.22,-0.11
2014-02-16 06:00:00,0.134,0.0,0,-0.11,-0.22,-0.11
2014-02-16 06:05:00,0.134,0.0,0,-0.11,-0.22,-0.11
2014-02-16 06:10:00,0.068,0.0,0,-0.11,-0.22,-0.11
2014-02-16 06:15:00,0.134,0.0,0,-0.11,-0.22,-0.11
2014-02-16 06:20:00,0.066,0.0,0,-0.11,-0.22,-0.11
2014-02-16 06:25:00,0.134,0.0,0,-0.11,-0.22,-0.11
2014-02-16 06:30:00,0.132,0.0,0,-0.11,-0.22,-0.11
2014-02-16 06:35:00,0.066,0.0,0,-0.11,-0.22,-0.11
2014-02-16 06:40:00,0.134,0.0,0,-0.11,-0.22,-0.11
2014-02-16 06:45:00,0.066,0.0,0,-0.11,-0.22,-0.11
2014-02-16 06:50:00,0.132,0.0,0,-0.11,-0.22,-0.11
2014-02-16 06:55:00,0.132,0.0,0,-0.11,-0.22,-0.11
2014-02-16 07:00:00,0.134,0.0,0,-0.11,-0.22,-0.11
2014-02-16 07:05:00,0.066,0.0,0,-0.11,-0.22,-0.11
2014-02-16 07:10:00,0.134,0.0,0,-0.11,-0.22,-0.11
2014-02-16 07:15:00,0.132,0.0,0,-0.11,-0.22,-0.11
2014-02-16 07:20:00,0.068,0.0,0,-0.11,-0.22,-0.11
2014-02-16 07:25:00,0.134,0.0,0,-0.11,-0.22,-0.11
2014-02-16 07:30:00,0.134,0.0,0,-0.11,-0.22,-0.11
2014-02-16 07:35:00,0.066,0.0,0,-0.11,-0.22,-0.11
2014-02-16 07:40:00,0.134,0.0,0,-0.11,-0.22,-0.11
2014-02-16 07:45:00,0.134,0.0,0,-0.11,-0.22,-0.11
2014-02-16 07:50:00,0.134,0.0,0,-0.11,-0.22,-0.11
2014-02-16 07:55:00,0.134,0.0,0,-0.11,-0.22,-0.11
2014-02-16 08:00:00,0.132,0.0,0,-0.11,-0.22,-0.11
2014-02-16 08:05:00,0.066,0.0,0,-0.11,-0.22,-0.11
2014-02-16 08:10:00,0.134,0.0,0,-0.11,-0.22,-0.11
2014-02-16 08:15:00,0.066,0.0,0,-0.11,-0.22,-0.11
2014-02-16 08:20:00,0.132,0.0,0,-0.11,-0.22,-0.11
2014-02-16 08:25:00,0.134,0.0,0,-0.11,-0.22,-0.11
2014-02-16 08:30:00,0.066,0.0,0,-0.11,-0.22,-0.11
2014-02-16 08:35:00,0.134,0.0,0,-0.11,-0.22,-0.11
2014-02-16 08:40:00,0.134,0.0,0,-0.11,-0.22,-0.11
2014-02-16 08:45:00,0.134,0.0,0,-0.11,-0.22,-0.11
2014-02-16 08:50:00,0.066,0.0,0,-0.11,-0.22,-0.11
2014-02-16 08:55:00,0.134,0.0,0,-0.11,-0.22,-0.11
2014-02-16 09:00:00,0.134,0.0,0,-0.11,-0.22,-0.11
2014-02-16 09:05:00,0.132,0.0,0,-0.11,-0.22,-0.11
2014-02-16 09:10:00,0.134,0.0,0,-0.11,-0.22,-0.11
2014-02-16 09:15:00,0.066,0.0,0,-0.11,-0.22,-0.11
2014-02-16 09:20:00,0.132,0.0,0,-0.11,-0.22,-0.11
2014-02-16 09:25:00,0.132,0.0,0,-0.11,-0.22,-0.11
2014-02-16 09:30:00,0.066,0.0,0,-0.11,-0.22,-0.11
2014-02-16 09:35:00,0.134,0.0,0,-0.11,-0.22,-0.11
2014-02-16 09:40:00,0.132,0.0,0,-0.11,-0.22,-0.11
2014-02-16 09:45:00,0.068,0.0,0,-0.11,-0.22,-0.11
2014-02-16 09:50:00,0.132,0.0,0,-0.11,-0.22,-0.11
2014-02-16 09:55:00,0.134,0.0,0,-0.11,-0.22,-0.11
2014-02-16 10:00:00,0.134,0.0,0,-0.11,-0.22,-0.11
2014-02-16 10:05:00,0.132,0.0,0,-0.11,-0.22,-0.11
2014-02-16 10:10:00,0.066,0.0,0,-0.11,-0.22,-0.11
2014-02-16 10:15:00,0.134,0.0,0,-0.11,-0.22,-0.11
2014-02-16 10:20:00,0.132,0.0,0,-0.11,-0.22,-0.11
2014-02-16 10:25:00,0.066,0.0,0,-0.11,-0.22,-0.11
2014-02-16 10:30:00,0.132,0.0,0,-0.11,-0.22,-0.11
2014-02-16 10:35:00,0.134,0.0,0,-0.11,-0.22,-0.11
2014-02-16 10:40:00,0.066,0.0,0,-0.11,-0.22,-0.11
2014-02-16 10:45:00,0.132,0.0,0,-0.11,-0.22,-0.11
2014-02-16 10:50:00,0.132,0.0,0,-0.11,-0.22,-0.11
2014-02-16 10:55:00,0.132,0.0,0,-0.11,-0.22,-0.11
2014-02-16 11:00:00,0.132,0.0,0,-0.11,-0.22,-0.11
2014-02-16 11:05:00,0.134,0.0,0,-0.11,-0.22,-0.11
2014-02-16 11:10:00,0.068,0.0,0,-0.11,-0.22,-0.11
2014-02-16 11:15:00,0.132,0.0,0,-0.11,-0.22,-0.11
2014-02-16 11:20:00,0.134,0.0,0,-0.11,-0.22,-0.11
2014-02-16 11:25:00,0.134,0.0,0,-0.11,-0.22,-0.11
2014-02-16 11:30:00,0.066,0.0,0,-0.11,-0.22,-0.11
2014-02-16 11:35:00,0.132,0.0,0,-0.11,-0.22,-0.11
2014-02-16 11:40:00,0.132,0.0,0,-0.11,-0.22,-0.11
2014-02-16 11:45:00,0.134,0.0,0,-0.11,-0.22,-0.11
2014-02-16 11:50:00,0.068,0.0,0,-0.11,-0.22,-0.11
2014-02-16 11:55:00,0.134,0.0,0,-0.11,-0.22,-0.11
2014-02-16 12:00:00,0.134,0.0,0,-0.11,-0.22,-0.11
2014-02-16 12:05:00,0.066,0.0,0,-0.11,-0.22,-0.11
2014-02-16 12:10:00,0.132,0.0,0,-0.11,-0.22,-0.11
2014-02-16 12:15:00,0.132,0.0,0,-0.11,-0.22,-0.11
2014-02-16 12:20:00,0.066,0.0,0,-0.11,-0.22,-0.11
2014-02-16 12:25:00,0.132,0.0,0,-0.11,-0.22,-0.11
2014-02-16 12:30:00,0.2,0.0,0,-0.11,-0.22,-0.11
2014-02-16 12:35:00,0.066,0.0,0,-0.11,-0.22,-0.11
2014-02-16 12:40:00,0.134,0.0,0,-0.11,-0.22,-0.11
2014-02-16 12:45:00,0.132,0.0,0,-0.11,-0.22,-0.11
2014-02-16 12:50:00,0.066,0.0,0,-0.11,-0.22,-0.11
2014-02-16 12:55:00,0.134,0.0,0,-0.11,-0.22,-0.11
2014-02-16 13:00:00,0.134,0.0,0,-0.11,-0.22,-0.11
2014-02-16 13:05:00,0.066,0.0,0,-0.11,-0.22,-0.11
2014-02-16 13:10:00,0.132,0.0,0,-0.11,-0.22,-0.11
2014-02-16 13:15:00,0.134,0.0,0,-0.11,-0.22,-0.11
2014-02-16 13:20:00,0.068,0.0,0,-0.11,-0.22,-0.11
2014-02-16 13:25:00,0.134,0.0,0,-0.11,-0.22,-0.11
2014-02-16 13:30:00,0.134,0.0,0,-0.11,-0.22,-0.11
2014-02-16 13:35:00,0.134,0.0,0,-0.11,-0.22,-0.11
2014-02-16 13:40:00,0.066,0.0,0,-0.11,-0.22,-0.11
2014-02-16 13:45:00,0.134,0.0,0,-0.11,-0.22,-0.11
2014-02-16 13:50:00,0.132,0.0,0,-0.11,-0.22,-0.11
2014-02-16 13:55:00,0.134,0.0,0,-0.11,-0.22,-0.11
2014-02-16 14:00:00,0.066,0.0,0,-0.11,-0.22,-0.11
2014-02-16 14:05:00,0.132,0.0,0,-0.11,-0.22,-0.11
2014-02-16 14:10:00,0.134,0.0,0,-0.11,-0.22,-0.11
2014-02-16 14:15:00,0.066,0.0,0,-0.11,-0.22,-0.11
2014-02-16 14:20:00,0.134,0.0,0,-0.11,-0.22,-0.11
2014-02-16 14:25:00,0.134,0.0,0,-0.11,-0.22,-0.11
2014-02-16 14:30:00,0.136,0.0,0,-0.11,-0.22,-0.11
2014-02-16 14:35:00,0.066,0.0,0,-0.11,-0.22,-0.11
2014-02-16 14:40:00,0.134,0.0,0,-0.11,-0.22,-0.11
2014-02-16 14:45:00,0.132,0.0,0,-0.11,-0.22,-0.11
2014-02-16 14:50:00,0.066,0.0,0,-0.11,-0.22,-0.11
2014-02-16 14:55:00,0.132,0.0,0,-0.11,-0.22,-0.11
2014-02-16 15:00:00,0.134,0.0,0,-0.11,-0.22,-0.11
2014-02-16 15:05:00,0.134,0.0,0,-0.11,-0.22,-0.11
2014-02-16 15:10:00,0.066,0.0,0,-0.11,-0.22,-0.11
2014-02-16 15:15:00,0.132,0.0,0,-0.11,-0.22,-0.11
2014-02-16 15:20:00,0.134,0.0,0,-0.11,-0.22,-0.11
2014-02-16 15:25:00,0.134,0.0,0,-0.11,-0.22,-0.11
2014-02-16 15:30:00,0.134,0.0,0,-0.11,-0.22,-0.11
2014-02-16 15:35:00,0.066,0.0,0,-0.11,-0.22,-0.11
2014-02-16 15:40:00,0.134,0.0,0,-0.11,-0.22,-0.11
2014-02-16 15:45:00,0.134,0.0,0,-0.11,-0.22,-0.11
2014-02-16 15:50:00,0.134,0.0,0,-0.11,-0.22,-0.11
2014-02-16 15:55:00,0.132,0.0,0,-0.11,-0.22,-0.11
2014-02-16 16:00:00,0.134,0.0,0,-0.11,-0.22,-0.11
2014-02-16 16:05:00,0.132,0.0,0,-0.11,-0.22,-0.11
2014-02-16 16:10:00,0.066,0.0,0,-0.11,-0.22,-0.11
2014-02-16 16:15:00,0.132,0.0,0,-0.11,-0.22,-0.11
2014-02-16 16:20:00,0.134,0.0,0,-0.11,-0.22,-0.11
2014-02-16 16:25:00,0.066,0.0,0,-0.11,-0.22,-0.11
2014-02-16 16:30:00,0.134,0.0,0,-0.11,-0.22,-0.11
2014-02-16 16:35:00,0.132,0.0,0,-0.11,-0.22,-0.11
2014-02-16 16:40:00,0.068,0.0,0,-0.11,-0.22,-0.11
2014-02-16 16:45:00,0.134,0.0,0,-0.11,-0.22,-0.11
2014-02-16 16:50:00,0.134,0.23547258862149786,0,-0.11,-0.22,-0.11
2014-02-16 16:55:00,0.134,0.23547258862149786,0,-0.11,-0.22,-0.11
2014-02-16 17:00:00,0.066,0.2824041859495012,0,-0.11,-0.22,-0.11
2014-02-16 17:05:00,0.132,0.2336336324377964,0,-0.11,-0.22,-0.11
2014-02-16 17:10:00,0.134,0.23595891876543595,0,-0.11,-0.22,-0.11
2014-02-16 17:15:00,0.068,0.2799072962507558,0,-0.11,-0.22,-0.11
2014-02-16 17:20:00,0.134,0.23594562572536604,0,-0.11,-0.22,-0.11
2014-02-16 17:25:00,0.132,0.2338834463518205,0,-0.11,-0.22,-0.11
2014-02-16 17:30:00,0.134,0.23572665713916274,0,-0.11,-0.22,-0.11
2014-02-16 17:35:00,0.068,0.2799179362232793,0,-0.11,-0.22,-0.11
2014-02-16 17:40:00,0.134,0.2359464085929352,0,-0.11,-0.22,-0.11
2014-02-16 17:45:00,0.134,0.2359464085929352,0,-0.11,-0.22,-0.11
2014-02-16 17:50:00,0.066,0.28224876876453825,0,-0.11,-0.22,-0.11
2014-02-16 17:55:00,0.134,0.2359464085929352,0,-0.11,-0.22,-0.11
2014-02-16 18:00:00,0.134,0.2359464085929352,0,-0.11,-0.22,-0.11
2014-02-16 18:05:00,0.132,0.23388410537149545,0,-0.11,-0.22,-0.11
2014-02-16 18:10:00,0.134,0.2359464085929352,0,-0.11,-0.22,-0.11
2014-02-16 18:15:00,0.132,0.23388410537149545,0,-0.11,-0.22,-0.11
2014-02-16 18:20:00,0.132,0.2338910794779223,0,-0.11,-0.22,-0.11
2014-02-16 18:25:00,0.066,0.2822345977627292,0,-0.11,-0.22,-0.11
2014-02-16 18:30:00,0.134,0.23596048612456785,0,-0.11,-0.22,-0.11
2014-02-16 18:35:00,0.134,0.23596754921844798,0,-0.11,-0.22,-0.11
2014-02-16 18:40:00,0.134,0.23596754921844798,0,-0.11,-0.22,-0.11
2014-02-16 18:45:00,0.068,0.27990746434134484,0,-0.11,-0.22,-0.11
2014-02-16 18:50:00,0.134,0.2359612937674534,0,-0.11,-0.22,-0.11
2014-02-16 18:55:00,0.136,0.23803639037922875,0,-0.11,-0.22,-0.11
2014-02-16 19:00:00,0.134,0.23594719159837185,0,-0.11,-0.22,-0.11
2014-02-16 19:05:00,0.132,0.2338847645070062,0,-0.11,-0.22,-0.11
2014-02-16 19:10:00,0.134,0.2359542306172524,0,-0.11,-0.22,-0.11
2014-02-16 19:15:00,0.134,0.2359542306172524,0,-0.11,-0.22,-0.11
2014-02-16 19:20:00,0.066,0.2822345977627293,0,-0.11,-0.22,-0.11
2014-02-16 19:25:00,0.134,0.23596048612456785,0,-0.11,-0.22,-0.11
2014-02-16 19:30:00,0.136,0.2378093669428616,0,-0.11,-0.22,-0.11
2014-02-16 19:35:00,0.134,0.2357203710804706,0,-0.11,-0.22,-0.11
2014-02-16 19:40:00,0.066,0.28225574200758785,0,-0.11,-0.22,-0.11
2014-02-16 19:45:00,0.134,0.23571333807972705,0,-0.11,-0.22,-0.11
2014-02-16 19:50:00,0.134,0.2357063054495782,0,-0.11,-0.22,-0.11
2014-02-16 19:55:00,0.134,0.2357063054495782,0,-0.11,-0.22,-0.11
2014-02-16 20:00:00,0.066,0.2822628283549373,0,-0.11,-0.22,-0.11
2014-02-16 20:05:00,0.134,0.2359323088619837,0,-0.11,-0.22,-0.11
2014-02-16 20:10:00,0.134,0.2359323088619837,0,-0.11,-0.22,-0.11
2014-02-16 20:15:00,0.134,0.2359252714210029,0,-0.11,-0.22,-0.11
2014-02-16 20:20:00,0.134,0.2359252714210029,0,-0.11,-0.22,-0.11
2014-02-16 20:25:00,0.066,0.2819662035428942,0,-0.11,-0.22,-0.11
2014-02-16 20:30:00,0.132,0.2338631652791353,0,-0.11,-0.22,-0.11
2014-02-16 20:35:00,0.134,0.2359323088619837,0,-0.11,-0.22,-0.11
2014-02-16 20:40:00,0.066,0.2819591350631959,0,-0.11,-0.22,-0.11
2014-02-16 20:45:00,0.134,0.23615827595779626,0,-0.11,-0.22,-0.11
2014-02-16 20:50:00,0.132,0.23387013829279105,0,-0.11,-0.22,-0.11
2014-02-16 20:55:00,0.134,0.2359323088619837,0,-0.11,-0.22,-0.11
2014-02-16 21:00:00,0.132,0.2338631652791353,0,-0.11,-0.22,-0.11
2014-02-16 21:05:00,0.136,0.2380070139296705,0,-0.11,-0.22,-0.11
2014-02-16 21:10:00,0.132,0.2336372260285793,0,-0.11,-0.22,-0.11
2014-02-16 21:15:00,0.134,0.235713338079727,0,-0.11,-0.22,-0.11
2014-02-16 21:20:00,0.134,0.2357133380797269,0,-0.11,-0.22,-0.11
2014-02-16 21:25:00,0.134,0.2357133380797269,0,-0.11,-0.22,-0.11
2014-02-16 21:30:00,0.066,0.2822628283549374,0,-0.11,-0.22,-0.11
2014-02-16 21:35:00,0.20199999999999999,0.3130325456011223,0,-0.11,-0.22,-0.11
2014-02-16 21:40:00,0.136,0.23752317305513834,0,-0.11,-0.22,-0.11
2014-02-16 21:45:00,0.134,0.23544604703431965,0,-0.11,-0.22,-0.11
2014-02-16 21:50:00,0.068,0.2804241788820533,0,-0.11,-0.22,-0.11
2014-02-16 21:55:00,0.132,0.23337527391638965,0,-0.11,-0.22,-0.11
2014-02-16 22:00:00,0.134,0.2354397871375183,0,-0.11,-0.22,-0.11
2014-02-16 22:05:00,0.134,0.23543978713751834,0,-0.11,-0.22,-0.11
2014-02-16 22:10:00,0.066,0.2824508033232007,0,-0.11,-0.22,-0.11
2014-02-16 22:15:00,0.134,0.2354397871375183,0,-0.11,-0.22,-0.11
2014-02-16 22:20:00,0.066,0.2824508033232007,0,-0.11,-0.22,-0.11
2014-02-16 22:25:00,0.132,0.23360774591026576,0,-0.11,-0.22,-0.11
2014-02-16 22:30:00,0.132,0.2336146986792209,0,-0.11,-0.22,-0.11
2014-02-16 22:35:00,0.134,0.2354538104909948,0,-0.11,-0.22,-0.11
2014-02-16 22:40:00,0.068,0.28011876903918403,0,-0.11,-0.22,-0.11
2014-02-16 22:45:00,0.134,0.23544755036203266,0,-0.11,-0.22,-0.11
2014-02-16 22:50:00,0.066,0.2824474352865117,0,-0.11,-0.22,-0.11
2014-02-16 22:55:00,0.134,0.2356802003734836,0,-0.11,-0.22,-0.11
2014-02-16 23:00:00,0.134,0.2356872412736949,0,-0.11,-0.22,-0.11
2014-02-16 23:05:00,0.134,0.2356872412736949,0,-0.11,-0.22,-0.11
2014-02-16 23:10:00,0.134,0.2354616209335221,0,-0.11,-0.22,-0.11
2014-02-16 23:15:00,0.134,0.2354616209335221,0,-0.11,-0.22,-0.11
2014-02-16 23:20:00,0.134,0.2354616209335221,0,-0.11,-0.22,-0.11
2014-02-16 23:25:00,0.066,0.28243347777172834,0,-0.11,-0.22,-0.11
2014-02-16 23:30:00,0.134,0.2354616209335221,0,-0.11,-0.22,-0.11
2014-02-16 23:35:00,0.2,0.3101672590294429,0,-0.11,-0.22,-0.11
2014-02-16 23:40:00,0.134,0.23521086812645514,0,-0.11,-0.22,-0.11
2014-02-16 23:45:00,0.066,0.2829164905524622,0,-0.11,-0.22,-0.11
2014-02-16 23:50:00,0.134,0.23521086812645514,0,-0.11,-0.22,-0.11
2014-02-16 23:55:00,0.132,0.23315721780502285,0,-0.11,-0.22,-0.11
2014-02-17 00:00:00,0.136,0.2372911491966501,0,-0.11,-0.22,-0.11
2014-02-17 00:05:00,0.068,0.28059054199284755,0,-0.11,-0.22,-0.11
2014-02-17 00:10:00,0.134,0.23521160386144965,0,-0.11,-0.22,-0.11
2014-02-17 00:15:00,0.134,0.23521160386144965,0,-0.11,-0.22,-0.11
2014-02-17 00:20:00,0.132,0.23293257632122044,0,-0.11,-0.22,-0.11
2014-02-17 00:25:00,0.066,0.2829131255846667,0,-0.11,-0.22,-0.11
2014-02-17 00:30:00,0.134,0.2352185976538689,0,-0.11,-0.22,-0.11
2014-02-17 00:35:00,0.068,0.2805941395860873,0,-0.11,-0.22,-0.11
2014-02-17 00:40:00,0.132,0.23315844417677914,0,-0.11,-0.22,-0.11
2014-02-17 00:45:00,0.066,0.28261171169960525,0,-0.11,-0.22,-0.11
2014-02-17 00:50:00,0.134,0.2352193339512393,0,-0.11,-0.22,-0.11
2014-02-17 00:55:00,0.132,0.23315844417677914,0,-0.11,-0.22,-0.11
2014-02-17 01:00:00,0.134,0.2352193339512393,0,-0.11,-0.22,-0.11
2014-02-17 01:05:00,0.134,0.2352193339512393,0,-0.11,-0.22,-0.11
2014-02-17 01:10:00,0.068,0.2802955907815436,0,-0.11,-0.22,-0.11
2014-02-17 01:15:00,0.132,0.2331590575235933,0,-0.11,-0.22,-0.11
2014-02-17 01:20:00,0.132,0.23315905752359345,0,-0.11,-0.22,-0.11
2014-02-17 01:25:00,0.068,0.2805906353779989,0,-0.11,-0.22,-0.11
2014-02-17 01:30:00,0.132,0.23315905752359345,0,-0.11,-0.22,-0.11
2014-02-17 01:35:00,0.134,0.23522007037769355,0,-0.11,-0.22,-0.11
2014-02-17 01:40:00,0.066,0.2829206275114893,0,-0.11,-0.22,-0.11
2014-02-17 01:45:00,0.132,0.2331659893384589,0,-0.11,-0.22,-0.11
2014-02-17 01:50:00,0.134,0.2352340831177059,0,-0.11,-0.22,-0.11
2014-02-17 01:55:00,0.132,0.2329609050946473,0,-0.11,-0.22,-0.11
2014-02-17 02:00:00,0.134,0.2350220004882108,0,-0.11,-0.22,-0.11
2014-02-17 02:05:00,0.066,0.2828885305654422,0,-0.11,-0.22,-0.11
2014-02-17 02:10:00,0.134,0.2352473368120199,0,-0.11,-0.22,-0.11
2014-02-17 02:15:00,0.134,0.2350220004882108,0,-0.11,-0.22,-0.11
2014-02-17 02:20:00,0.132,0.23296783343741084,0,-0.11,-0.22,-0.11
2014-02-17 02:25:00,0.068,0.2805623379541549,0,-0.11,-0.22,-0.11
2014-02-17 02:30:00,0.132,0.2331937386970375,0,-0.11,-0.22,-0.11
2014-02-17 02:35:00,0.134,0.2352480749769019,0,-0.11,-0.22,-0.11
2014-02-17 02:40:00,0.066,0.2828922803100147,0,-0.11,-0.22,-0.11
2014-02-17 02:45:00,0.134,0.235248074976902,0,-0.11,-0.22,-0.11
2014-02-17 02:50:00,0.134,0.235248074976902,0,-0.11,-0.22,-0.11
2014-02-17 02:55:00,0.132,0.2334258650591847,0,-0.11,-0.22,-0.11
2014-02-17 03:00:00,0.066,0.2824126730874041,0,-0.11,-0.22,-0.11
2014-02-17 03:05:00,0.132,0.23365841281314065,0,-0.11,-0.22,-0.11
2014-02-17 03:10:00,0.134,0.23573093795773525,0,-0.11,-0.22,-0.11
2014-02-17 03:15:00,1.3980000000000001,0.9976873828736792,0,-0.11,-0.22,-0.11
2014-02-17 03:20:00,0.134,0.22915796139162664,0,-0.11,-0.22,-0.11
2014-02-17 03:25:00,0.134,0.2291527759376968,0,-0.11,-0.22,-0.11
2014-02-17 03:30:00,0.134,0.2289802000318517,0,-0.11,-0.22,-0.11
2014-02-17 03:35:00,0.066,0.271348096409234,0,-0.11,-0.22,-0.11
2014-02-17 03:40:00,0.134,0.2291475906279775,0,-0.11,-0.22,-0.11
2014-02-17 03:45:00,0.066,0.2713463426614683,0,-0.11,-0.22,-0.11
2014-02-17 03:50:00,0.134,0.2291525556481957,0,-0.11,-0.22,-0.11
2014-02-17 03:55:00,0.134,0.2291525556481957,0,-0.11,-0.22,-0.11
2014-02-17 04:00:00,0.134,0.2291525556481957,0,-0.11,-0.22,-0.11
2014-02-17 04:05:00,0.134,0.2291525556481957,0,-0.11,-0.22,-0.11
2014-02-17 04:10:00,0.066,0.28773882968741793,0,-0.11,-0.22,-0.11
2014-02-17 04:15:00,0.134,0.23744183932058396,0,-0.11,-0.22,-0.11
2014-02-17 04:20:00,0.134,0.23744183932058396,0,-0.11,-0.22,-0.11
2014-02-17 04:25:00,0.134,0.2371962466565248,0,-0.11,-0.22,-0.11
2014-02-17 04:30:00,0.068,0.2851808555249239,0,-0.11,-0.22,-0.11
2014-02-17 04:35:00,0.132,0.234939383827568,0,-0.11,-0.22,-0.11
2014-02-17 04:40:00,0.134,0.2371962466565248,0,-0.11,-0.22,-0.11
2014-02-17 04:45:00,0.066,0.28773882968741793,0,-0.11,-0.22,-0.11
2014-02-17 04:50:00,0.134,0.2371962466565248,0,-0.11,-0.22,-0.11
2014-02-17 04:55:00,0.198,0.3169780897025585,0,-0.11,-0.22,-0.11
2014-02-17 05:00:00,0.134,0.23692525638976425,0,-0.11,-0.22,-0.11
2014-02-17 05:05:00,0.134,0.2369252563897642,0,-0.11,-0.22,-0.11
2014-02-17 05:10:00,0.134,0.2369252563897642,0,-0.11,-0.22,-0.11
2014-02-17 05:15:00,0.132,0.23443511024697544,0,-0.11,-0.22,-0.11
2014-02-17 05:20:00,0.066,0.2882376863492509,0,-0.11,-0.22,-0.11
2014-02-17 05:25:00,0.134,0.2369319675553997,0,-0.11,-0.22,-0.11
2014-02-17 05:30:00,0.132,0.2344351102469755,0,-0.11,-0.22,-0.11
2014-02-17 05:35:00,0.134,0.2366867809760396,0,-0.11,-0.22,-0.11
2014-02-17 05:40:00,0.134,0.2366867809760396,0,-0.11,-0.22,-0.11
2014-02-17 05:45:00,0.068,0.28602818166358984,0,-0.11,-0.22,-0.11
2014-02-17 05:50:00,0.132,0.2344283061206758,0,-0.11,-0.22,-0.11
2014-02-17 05:55:00,0.134,0.23668776386615434,0,-0.11,-0.22,-0.11
2014-02-17 06:00:00,0.134,0.23668776386615434,0,-0.11,-0.22,-0.11
2014-02-17 06:05:00,0.134,0.23668776386615434,0,-0.11,-0.22,-0.11
2014-02-17 06:10:00,0.066,0.2885954645955152,0,-0.11,-0.22,-0.11
2014-02-17 06:15:00,0.134,0.23668776386615434,0,-0.11,-0.22,-0.11
2014-02-17 06:20:00,0.134,0.23644248824423675,0,-0.11,-0.22,-0.11
2014-02-17 06:25:00,0.134,0.23644248824423675,0,-0.11,-0.22,-0.11
2014-02-17 06:30:00,0.068,0.2860328994503221,0,-0.11,-0.22,-0.11
2014-02-17 06:35:00,0.134,0.23667333796736256,0,-0.11,-0.22,-0.11
2014-02-17 06:40:00,0.134,0.23642805786470997,0,-0.11,-0.22,-0.11
2014-02-17 06:45:00,0.136,0.2386871162462824,0,-0.11,-0.22,-0.11
2014-02-17 06:50:00,0.134,0.2361672853532503,0,-0.11,-0.22,-0.11
2014-02-17 06:55:00,0.134,0.2361672853532503,0,-0.11,-0.22,-0.11
2014-02-17 07:00:00,0.134,0.23615959390913946,0,-0.11,-0.22,-0.11
2014-02-17 07:05:00,0.134,0.23615959390913946,0,-0.11,-0.22,-0.11
2014-02-17 07:10:00,0.132,0.2339077922230755,0,-0.11,-0.22,-0.11
2014-02-17 07:15:00,0.068,0.2867429515683086,0,-0.11,-0.22,-0.11
2014-02-17 07:20:00,0.132,0.23391540658598936,0,-0.11,-0.22,-0.11
2014-02-17 07:25:00,0.066,0.2893181924389189,0,-0.11,-0.22,-0.11
2014-02-17 07:30:00,0.132,0.2339230213800345,0,-0.11,-0.22,-0.11
2014-02-17 07:35:00,0.134,0.2361749772477577,0,-0.11,-0.22,-0.11
2014-02-17 07:40:00,0.066,0.2893181924389189,0,-0.11,-0.22,-0.11
2014-02-17 07:45:00,0.134,0.2361749772477577,0,-0.11,-0.22,-0.11
2014-02-17 07:50:00,0.066,0.2893181924389189,0,-0.11,-0.22,-0.11
2014-02-17 07:55:00,0.134,0.2361672853532503,0,-0.11,-0.22,-0.11
2014-02-17 08:00:00,0.134,0.23615959390913946,0,-0.11,-0.22,-0.11
2014-02-17 08:05:00,0.134,0.23615959390913946,0,-0.11,-0.22,-0.11
2014-02-17 08:10:00,0.066,0.2893337187555235,0,-0.11,-0.22,-0.11
2014-02-17 08:15:00,0.134,0.23615959390913946,0,-0.11,-0.22,-0.11
2014-02-17 08:20:00,0.134,0.2361519029152306,0,-0.11,-0.22,-0.11
2014-02-17 08:25:00,0.068,0.2867584533477196,0,-0.11,-0.22,-0.11
2014-02-17 08:30:00,0.134,0.2361519029152306,0,-0.11,-0.22,-0.11
2014-02-17 08:35:00,0.132,0.2339001782911021,0,-0.11,-0.22,-0.11
2014-02-17 08:40:00,0.132,0.233662235830964,0,-0.11,-0.22,-0.11
2014-02-17 08:45:00,0.134,0.23592185181650585,0,-0.11,-0.22,-0.11
2014-02-17 08:50:00,0.132,0.2336698451702272,0,-0.11,-0.22,-0.11
2014-02-17 08:55:00,0.134,0.2359295382420521,0,-0.11,-0.22,-0.11
2014-02-17 09:00:00,0.134,0.2359295382420521,0,-0.11,-0.22,-0.11
2014-02-17 09:05:00,0.066,0.2893259553674636,0,-0.11,-0.22,-0.11
2014-02-17 09:10:00,0.132,0.23366984517022715,0,-0.11,-0.22,-0.11
2014-02-17 09:15:00,0.134,0.2359295382420521,0,-0.11,-0.22,-0.11
2014-02-17 09:20:00,0.132,0.23343177912155524,0,-0.11,-0.22,-0.11
2014-02-17 09:25:00,0.132,0.23343177912155524,0,-0.11,-0.22,-0.11
2014-02-17 09:30:00,0.132,0.2334393844436754,0,-0.11,-0.22,-0.11
2014-02-17 09:35:00,0.066,0.29000308293763805,0,-0.11,-0.22,-0.11
2014-02-17 09:40:00,0.134,0.23569937103349,0,-0.11,-0.22,-0.11
2014-02-17 09:45:00,0.134,0.23569937103349,0,-0.11,-0.22,-0.11
2014-02-17 09:50:00,0.068,0.28707784995090874,0,-0.11,-0.22,-0.11
2014-02-17 09:55:00,0.134,0.2356926065782957,0,-0.11,-0.22,-0.11
2014-02-17 10:00:00,0.132,0.2334401404501969,0,-0.11,-0.22,-0.11
2014-02-17 10:05:00,0.134,0.2357002891540025,0,-0.11,-0.22,-0.11
2014-02-17 10:10:00,0.066,0.2896649709422988,0,-0.11,-0.22,-0.11
2014-02-17 10:15:00,0.132,0.23368583748478364,0,-0.11,-0.22,-0.11
2014-02-17 10:20:00,0.132,0.23344774675442745,0,-0.11,-0.22,-0.11
2014-02-17 10:25:00,0.068,0.28708267422722605,0,-0.11,-0.22,-0.11
2014-02-17 10:30:00,0.132,0.23367899869036424,0,-0.11,-0.22,-0.11
2014-02-17 10:35:00,0.134,0.2356935243185893,0,-0.11,-0.22,-0.11
2014-02-17 10:40:00,0.2,0.3181239742158714,0,-0.11,-0.22,-0.11
2014-02-17 10:45:00,0.134,0.235417312812457,0,-0.11,-0.22,-0.11
2014-02-17 10:50:00,0.068,0.28761236422232345,0,-0.11,-0.22,-0.11
2014-02-17 10:55:00,0.134,0.2354096546520865,0,-0.11,-0.22,-0.11
2014-02-17 11:00:00,0.132,0.23316241959536066,0,-0.11,-0.22,-0.11
2014-02-17 11:05:00,0.136,0.23767956956986744,0,-0.11,-0.22,-0.11
2014-02-17 11:10:00,0.068,0.2872931186458521,0,-0.11,-0.22,-0.11
2014-02-17 11:15:00,0.134,0.2353952061197872,0,-0.11,-0.22,-0.11
2014-02-17 11:20:00,0.134,0.2353952061197872,0,-0.11,-0.22,-0.11
2014-02-17 11:25:00,0.066,0.2898854512306145,0,-0.11,-0.22,-0.11
2014-02-17 11:30:00,0.134,0.2353875487050941,0,-0.11,-0.22,-0.11
2014-02-17 11:35:00,0.066,0.28989324866746163,0,-0.11,-0.22,-0.11
2014-02-17 11:40:00,0.134,0.2356249980588495,0,-0.11,-0.22,-0.11
2014-02-17 11:45:00,0.132,0.2331328024209659,0,-0.11,-0.22,-0.11
2014-02-17 11:50:00,0.134,0.23537989172237544,0,-0.11,-0.22,-0.11
2014-02-17 11:55:00,0.132,0.2331252211935558,0,-0.11,-0.22,-0.11
2014-02-17 12:00:00,0.068,0.2873290824442979,0,-0.11,-0.22,-0.11
2014-02-17 12:05:00,0.134,0.2356029214551021,0,-0.11,-0.22,-0.11
2014-02-17 12:10:00,0.132,0.233356058451726,0,-0.11,-0.22,-0.11
2014-02-17 12:15:00,0.134,0.23537223517143985,0,-0.11,-0.22,-0.11
2014-02-17 12:20:00,0.066,0.289908844952753,0,-0.11,-0.22,-0.11
2014-02-17 12:25:00,0.134,0.2356096751960221,0,-0.11,-0.22,-0.11
2014-02-17 12:30:00,0.134,0.2356096751960221,0,-0.11,-0.22,-0.11
2014-02-17 12:35:00,0.066,0.289908844952753,0,-0.11,-0.22,-0.11
2014-02-17 12:40:00,0.132,0.23335531179877456,0,-0.11,-0.22,-0.11
2014-02-17 12:45:00,0.134,0.2356020144195164,0,-0.11,-0.22,-0.11
2014-02-17 12:50:00,0.134,0.2356020144195164,0,-0.11,-0.22,-0.11
2014-02-17 12:55:00,0.134,0.2353636877589093,0,-0.11,-0.22,-0.11
2014-02-17 13:00:00,0.068,0.28733203782287225,0,-0.11,-0.22,-0.11
2014-02-17 13:05:00,0.134,0.2356020144195164,0,-0.11,-0.22,-0.11
2014-02-17 13:10:00,0.134,0.23535692336415506,0,-0.11,-0.22,-0.11
2014-02-17 13:15:00,0.134,0.2353492681074241,0,-0.11,-0.22,-0.11
2014-02-17 13:20:00,0.134,0.2353416132817132,0,-0.11,-0.22,-0.11
2014-02-17 13:25:00,0.066,0.2902837766254393,0,-0.11,-0.22,-0.11
2014-02-17 13:30:00,0.132,0.23308732124247564,0,-0.11,-0.22,-0.11
2014-02-17 13:35:00,0.068,0.2871855148887868,0,-0.11,-0.22,-0.11
2014-02-17 13:40:00,0.134,0.2356031555266589,0,-0.11,-0.22,-0.11
2014-02-17 13:45:00,0.132,0.2333511236772713,0,-0.11,-0.22,-0.11
2014-02-17 13:50:00,0.134,0.2356031555266589,0,-0.11,-0.22,-0.11
2014-02-17 13:55:00,0.20199999999999999,0.3205199531271776,0,-0.11,-0.22,-0.11
2014-02-17 14:00:00,0.066,0.2902992735658541,0,-0.11,-0.22,-0.11
2014-02-17 14:05:00,0.2,0.31753640920134085,0,-0.11,-0.22,-0.11
2014-02-17 14:10:00,0.2,0.3168559888210351,0,-0.11,-0.22,-0.11
2014-02-17 14:15:00,0.066,0.2906516739844795,0,-0.11,-0.22,-0.11
2014-02-17 14:20:00,0.134,0.2347856140914901,0,-0.11,-0.22,-0.11
2014-02-17 14:25:00,0.134,0.2345480748187777,0,-0.11,-0.22,-0.11
2014-02-17 14:30:00,0.132,0.2323118047812469,0,-0.11,-0.22,-0.11
2014-02-17 14:35:00,0.134,0.2345556765958619,0,-0.11,-0.22,-0.11
2014-02-17 14:40:00,0.066,0.2906309256566823,0,-0.11,-0.22,-0.11
2014-02-17 14:45:00,0.134,0.2345556765958619,0,-0.11,-0.22,-0.11
2014-02-17 14:50:00,0.20199999999999999,0.3191135038618623,0,-0.11,-0.22,-0.11
2014-02-17 14:55:00,0.134,0.23427527820103905,0,-0.11,-0.22,-0.11
2014-02-17 15:00:00,0.132,0.2320443317595505,0,-0.11,-0.22,-0.11
2014-02-17 15:05:00,0.134,0.23403886531270066,0,-0.11,-0.22,-0.11
2014-02-17 15:10:00,0.134,0.2340312915815905,0,-0.11,-0.22,-0.11
2014-02-17 15:15:00,0.066,0.29116772702518595,0,-0.11,-0.22,-0.11
2014-02-17 15:20:00,0.134,0.2340312915815905,0,-0.11,-0.22,-0.11
2014-02-17 15:25:00,0.132,0.2318001134487995,0,-0.11,-0.22,-0.11
2014-02-17 15:30:00,0.066,0.29115985490907625,0,-0.11,-0.22,-0.11
2014-02-17 15:35:00,0.132,0.2320593631537779,0,-0.11,-0.22,-0.11
2014-02-17 15:40:00,0.132,0.2318226394291924,0,-0.11,-0.22,-0.11
2014-02-17 15:45:00,0.134,0.2340616129334912,0,-0.11,-0.22,-0.11
2014-02-17 15:50:00,0.20199999999999999,0.3184395423120158,0,-0.11,-0.22,-0.11
2014-02-17 15:55:00,0.2,0.31505114295985864,0,-0.11,-0.22,-0.11
2014-02-17 16:00:00,0.132,0.2310488575259781,0,-0.11,-0.22,-0.11
2014-02-17 16:05:00,0.134,0.23327772038485325,0,-0.11,-0.22,-0.11
2014-02-17 16:10:00,0.066,0.2918490295841316,0,-0.11,-0.22,-0.11
2014-02-17 16:15:00,0.134,0.23327772038485325,0,-0.11,-0.22,-0.11
2014-02-17 16:20:00,0.136,0.2355063478568783,0,-0.11,-0.22,-0.11
2014-02-17 16:25:00,0.066,0.2918646992081788,0,-0.11,-0.22,-0.11
2014-02-17 16:30:00,0.134,0.2335059518745289,0,-0.11,-0.22,-0.11
2014-02-17 16:35:00,0.132,0.2312849598091361,0,-0.11,-0.22,-0.11
2014-02-17 16:40:00,0.132,0.2310488400161361,0,-0.11,-0.22,-0.11
2014-02-17 16:45:00,0.066,0.2918488740063146,0,-0.11,-0.22,-0.11
2014-02-17 16:50:00,0.134,0.2335210097516889,0,-0.11,-0.22,-0.11
2014-02-17 16:55:00,0.132,0.2312998771135293,0,-0.11,-0.22,-0.11
2014-02-17 17:00:00,0.134,0.2335210097516889,0,-0.11,-0.22,-0.11
2014-02-17 17:05:00,0.134,0.2335210097516889,0,-0.11,-0.22,-0.11
2014-02-17 17:10:00,0.132,0.2312924182785509,0,-0.11,-0.22,-0.11
2014-02-17 17:15:00,0.134,0.2332776981268312,0,-0.11,-0.22,-0.11
2014-02-17 17:20:00,0.134,0.2332701727056383,0,-0.11,-0.22,-0.11
2014-02-17 17:25:00,0.134,0.2332701727056383,0,-0.11,-0.22,-0.11
2014-02-17 17:30:00,0.132,0.2308050973617613,0,-0.11,-0.22,-0.11
2014-02-17 17:35:00,0.068,0.28963314409841323,0,-0.11,-0.22,-0.11
2014-02-17 17:40:00,0.132,0.2310419621815675,0,-0.11,-0.22,-0.11
2014-02-17 17:45:00,0.132,0.2308125497788631,0,-0.11,-0.22,-0.11
2014-02-17 17:50:00,0.066,0.29219798907610106,0,-0.11,-0.22,-0.11
2014-02-17 17:55:00,0.2,0.31461584711290697,0,-0.11,-0.22,-0.11
2014-02-17 18:00:00,0.068,0.28944902855764004,0,-0.11,-0.22,-0.11
2014-02-17 18:05:00,0.134,0.23301811141930398,0,-0.11,-0.22,-0.11
2014-02-17 18:10:00,0.134,0.2330106070457241,0,-0.11,-0.22,-0.11
2014-02-17 18:15:00,0.134,0.2330106070457241,0,-0.11,-0.22,-0.11
2014-02-17 18:20:00,0.134,0.2327743232877855,0,-0.11,-0.22,-0.11
2014-02-17 18:25:00,0.132,0.2305575631592016,0,-0.11,-0.22,-0.11
2014-02-17 18:30:00,0.066,0.2923801346328052,0,-0.11,-0.22,-0.11
2014-02-17 18:35:00,0.136,0.23524863507343194,0,-0.11,-0.22,-0.11
2014-02-17 18:40:00,0.134,0.2327736039803709,0,-0.11,-0.22,-0.11
2014-02-17 18:45:00,0.134,0.2327736039803709,0,-0.11,-0.22,-0.11
2014-02-17 18:50:00,0.132,0.23055700397278744,0,-0.11,-0.22,-0.11
2014-02-17 18:55:00,0.134,0.2325378856756885,0,-0.11,-0.22,-0.11
2014-02-17 19:00:00,0.068,0.29015177944211484,0,-0.11,-0.22,-0.11
2014-02-17 19:05:00,0.134,0.2327743021294972,0,-0.11,-0.22,-0.11
2014-02-17 19:10:00,0.134,0.2327668016925537,0,-0.11,-0.22,-0.11
2014-02-17 19:15:00,0.134,0.2327668016925537,0,-0.11,-0.22,-0.11
2014-02-17 19:20:00,0.134,0.23275930162225306,0,-0.11,-0.22,-0.11
2014-02-17 19:25:00,0.068,0.2898337870100069,0,-0.11,-0.22,-0.11
2014-02-17 19:30:00,0.132,0.23052836254679285,0,-0.11,-0.22,-0.11
2014-02-17 19:35:00,0.134,0.2327524985939016,0,-0.11,-0.22,-0.11
2014-02-17 19:40:00,0.068,0.2898387571762465,0,-0.11,-0.22,-0.11
2014-02-17 19:45:00,0.134,0.23298878672229525,0,-0.11,-0.22,-0.11
2014-02-17 19:50:00,0.134,0.2327524985939016,0,-0.11,-0.22,-0.11
2014-02-17 19:55:00,0.204,0.3193140727350057,0,-0.11,-0.22,-0.11
2014-02-17 20:00:00,0.066,0.2925808089033801,0,-0.11,-0.22,-0.11
2014-02-17 20:05:00,0.134,0.2327274667699564,0,-0.11,-0.22,-0.11
2014-02-17 20:10:00,0.136,0.2349457719894566,0,-0.11,-0.22,-0.11
2014-02-17 20:15:00,0.132,0.23050150540039635,0,-0.11,-0.22,-0.11
2014-02-17 20:20:00,0.132,0.23050891728099904,0,-0.11,-0.22,-0.11
2014-02-17 20:25:00,0.134,0.2324847804651042,0,-0.11,-0.22,-0.11
2014-02-17 20:30:00,0.066,0.2925806522483099,0,-0.11,-0.22,-0.11
2014-02-17 20:35:00,0.132,0.2305237583797175,0,-0.11,-0.22,-0.11
2014-02-17 20:40:00,0.134,0.2327424288712293,0,-0.11,-0.22,-0.11
2014-02-17 20:45:00,0.134,0.2324997566377448,0,-0.11,-0.22,-0.11
2014-02-17 20:50:00,0.132,0.23028818997548176,0,-0.11,-0.22,-0.11
2014-02-17 20:55:00,0.134,0.23250723502416185,0,-0.11,-0.22,-0.11
2014-02-17 21:00:00,0.132,0.2302956004612114,0,-0.11,-0.22,-0.11
2014-02-17 21:05:00,0.134,0.2322718728157119,0,-0.11,-0.22,-0.11
2014-02-17 21:10:00,0.134,0.2322718728157119,0,-0.11,-0.22,-0.11
2014-02-17 21:15:00,0.134,0.2322718728157119,0,-0.11,-0.22,-0.11
2014-02-17 21:20:00,0.066,0.2929080492959227,0,-0.11,-0.22,-0.11
2014-02-17 21:25:00,0.134,0.2325147137702909,0,-0.11,-0.22,-0.11
2014-02-17 21:30:00,0.134,0.2322718728157118,0,-0.11,-0.22,-0.11
2014-02-17 21:35:00,0.132,0.2300524366486466,0,-0.11,-0.22,-0.11
2014-02-17 21:40:00,0.132,0.2300598448354405,0,-0.11,-0.22,-0.11
2014-02-17 21:45:00,0.066,0.29326066638346115,0,-0.11,-0.22,-0.11
2014-02-17 21:50:00,0.2,0.3132955061411505,0,-0.11,-0.22,-0.11
2014-02-17 21:55:00,0.134,0.2320144247878497,0,-0.11,-0.22,-0.11
2014-02-17 22:00:00,0.066,0.2930830904454693,0,-0.11,-0.22,-0.11
2014-02-17 22:05:00,0.20199999999999999,0.3157312686274017,0,-0.11,-0.22,-0.11
2014-02-17 22:10:00,0.134,0.2319920282561921,0,-0.11,-0.22,-0.11
2014-02-17 22:15:00,0.134,0.2319845917453224,0,-0.11,-0.22,-0.11
2014-02-17 22:20:00,0.132,0.2297828311557696,0,-0.11,-0.22,-0.11
2014-02-17 22:25:00,0.134,0.2319920282561921,0,-0.11,-0.22,-0.11
2014-02-17 22:30:00,0.134,0.2319920282561921,0,-0.11,-0.22,-0.11
2014-02-17 22:35:00,0.132,0.2295477601747962,0,-0.11,-0.22,-0.11
2014-02-17 22:40:00,0.132,0.2298146378497491,0,-0.11,-0.22,-0.11
2014-02-17 22:45:00,0.134,0.2320368309829397,0,-0.11,-0.22,-0.11
2014-02-17 22:50:00,0.132,0.2298294309283317,0,-0.11,-0.22,-0.11
2014-02-17 22:55:00,0.134,0.23180845358080074,0,-0.11,-0.22,-0.11
2014-02-17 23:00:00,0.136,0.2340234439595853,0,-0.11,-0.22,-0.11
2014-02-17 23:05:00,0.066,0.29341485412514634,0,-0.11,-0.22,-0.11
2014-02-17 23:10:00,0.198,0.3102069724067397,0,-0.11,-0.22,-0.11
2014-02-17 23:15:00,0.068,0.2910178787220633,0,-0.11,-0.22,-0.11
2014-02-17 23:20:00,0.134,0.2317809392374437,0,-0.11,-0.22,-0.11
2014-02-17 23:25:00,0.134,0.2315386244585137,0,-0.11,-0.22,-0.11
2014-02-17 23:30:00,0.066,0.2936089372555073,0,-0.11,-0.22,-0.11
2014-02-17 23:35:00,0.132,0.2295634512531179,0,-0.11,-0.22,-0.11
2014-02-17 23:40:00,0.134,0.23177350301524585,0,-0.11,-0.22,-0.11
2014-02-17 23:45:00,0.068,0.29102587984167183,0,-0.11,-0.22,-0.11
2014-02-17 23:50:00,0.132,0.2295708210709108,0,-0.11,-0.22,-0.11
2014-02-17 23:55:00,0.14,0.23823632345376125,0,-0.11,-0.22,-0.11
2014-02-18 00:00:00,0.132,0.2293133287366587,0,-0.11,-0.22,-0.11
2014-02-18 00:05:00,0.068,0.2910460068609456,0,-0.11,-0.22,-0.11
2014-02-18 00:10:00,0.134,0.23175914109359586,0,-0.11,-0.22,-0.11
2014-02-18 00:15:00,0.134,0.23175914109359586,0,-0.11,-0.22,-0.11
2014-02-18 00:20:00,0.132,0.22955646610504546,0,-0.11,-0.22,-0.11
2014-02-18 00:25:00,0.066,0.2932600440942155,0,-0.11,-0.22,-0.11
2014-02-18 00:30:00,0.134,0.2317665770633981,0,-0.11,-0.22,-0.11
2014-02-18 00:35:00,0.132,0.22956383602124505,0,-0.11,-0.22,-0.11
2014-02-18 00:40:00,0.134,0.23203052518641745,0,-0.11,-0.22,-0.11
2014-02-18 00:45:00,0.132,0.22982291688385426,0,-0.11,-0.22,-0.11
2014-02-18 00:50:00,0.134,0.23179529774352464,0,-0.11,-0.22,-0.11
2014-02-18 00:55:00,0.134,0.23179529774352464,0,-0.11,-0.22,-0.11
2014-02-18 01:00:00,0.066,0.2934376389422198,0,-0.11,-0.22,-0.11
2014-02-18 01:05:00,0.134,0.2320380017592613,0,-0.11,-0.22,-0.11
2014-02-18 01:10:00,0.134,0.23180214277613045,0,-0.11,-0.22,-0.11
2014-02-18 01:15:00,0.134,0.2318021427761305,0,-0.11,-0.22,-0.11
2014-02-18 01:20:00,0.134,0.2318021427761305,0,-0.11,-0.22,-0.11
2014-02-18 01:25:00,0.066,0.2934245397425122,0,-0.11,-0.22,-0.11
2014-02-18 01:30:00,0.132,0.2295868106884113,0,-0.11,-0.22,-0.11
2014-02-18 01:35:00,0.132,0.22959419840359474,0,-0.11,-0.22,-0.11
2014-02-18 01:40:00,0.068,0.2911809866937763,0,-0.11,-0.22,-0.11
2014-02-18 01:45:00,0.132,0.22959419840359485,0,-0.11,-0.22,-0.11
2014-02-18 01:50:00,0.134,0.2315667439940821,0,-0.11,-0.22,-0.11
2014-02-18 01:55:00,0.134,0.2315667439940821,0,-0.11,-0.22,-0.11
2014-02-18 02:00:00,0.134,0.23155929210324624,0,-0.11,-0.22,-0.11
2014-02-18 02:05:00,0.066,0.2937789258342571,0,-0.11,-0.22,-0.11
2014-02-18 02:10:00,0.134,0.2318021427761305,0,-0.11,-0.22,-0.11
2014-02-18 02:15:00,0.134,0.2315661307999556,0,-0.11,-0.22,-0.11
2014-02-18 02:20:00,0.134,0.2315586794402593,0,-0.11,-0.22,-0.11
2014-02-18 02:25:00,0.066,0.2937816910898832,0,-0.11,-0.22,-0.11
2014-02-18 02:30:00,0.2,0.31245415922830244,0,-0.11,-0.22,-0.11
2014-02-18 02:35:00,0.134,0.2312948514363367,0,-0.11,-0.22,-0.11
2014-02-18 02:40:00,0.134,0.2312948514363367,0,-0.11,-0.22,-0.11
2014-02-18 02:45:00,0.134,0.2310521975751552,0,-0.11,-0.22,-0.11
2014-02-18 02:50:00,0.134,0.2310447697573207,0,-0.11,-0.22,-0.11
2014-02-18 02:55:00,0.134,0.2310447697573207,0,-0.11,-0.22,-0.11
2014-02-18 03:00:00,0.134,0.2310373422670401,0,-0.11,-0.22,-0.11
2014-02-18 03:05:00,0.134,0.23103734226704,0,-0.11,-0.22,-0.11
2014-02-18 03:10:00,0.066,0.2946985942236228,0,-0.11,-0.22,-0.11
2014-02-18 03:15:00,0.134,0.2310373422670401,0,-0.11,-0.22,-0.11
2014-02-18 03:20:00,1.534,0.9994518948601694,0,-0.11,-0.22,-0.11
2014-02-18 03:25:00,0.066,0.275827905970127,0,-0.11,-0.22,-0.11
2014-02-18 03:30:00,0.134,0.22496180093330387,0,-0.11,-0.22,-0.11
2014-02-18 03:35:00,0.134,0.2249567094737832,0,-0.11,-0.22,-0.11
2014-02-18 03:40:00,0.068,0.2740803103746033,0,-0.11,-0.22,-0.11
2014-02-18 03:45:00,0.134,0.22495169435234888,0,-0.11,-0.22,-0.11
2014-02-18 03:50:00,0.132,0.2234286069060271,0,-0.11,-0.22,-0.11
2014-02-18 03:55:00,0.134,0.2249567858852909,0,-0.11,-0.22,-0.11
2014-02-18 04:00:00,0.134,0.22495169435234888,0,-0.11,-0.22,-0.11
2014-02-18 04:05:00,0.068,0.2743153068429841,0,-0.11,-0.22,-0.11
2014-02-18 04:10:00,0.134,0.224941587485242,0,-0.11,-0.22,-0.11
2014-02-18 04:15:00,0.134,0.224941587485242,0,-0.11,-0.22,-0.11
2014-02-18 04:20:00,0.132,0.2278408513678121,0,-0.11,-0.22,-0.11
2014-02-18 04:25:00,0.136,0.23188990976721305,0,-0.11,-0.22,-0.11
2014-02-18 04:30:00,0.132,0.2278408423606452,0,-0.11,-0.22,-0.11
2014-02-18 04:35:00,0.066,0.28849146058092745,0,-0.11,-0.22,-0.11
2014-02-18 04:40:00,0.134,0.229862495904173,0,-0.11,-0.22,-0.11
2014-02-18 04:45:00,0.132,0.2278475656858298,0,-0.11,-0.22,-0.11
2014-02-18 04:50:00,0.066,0.2888067562929503,0,-0.11,-0.22,-0.11
2014-02-18 04:55:00,0.198,0.3007577768049797,0,-0.11,-0.22,-0.11
2014-02-18 05:00:00,0.066,0.28865645974004883,0,-0.11,-0.22,-0.11
2014-02-18 05:05:00,0.134,0.2298691161630261,0,-0.11,-0.22,-0.11
2014-02-18 05:10:00,0.132,0.2278579042480488,0,-0.11,-0.22,-0.11
2014-02-18 05:15:00,0.132,0.22764140428299,0,-0.11,-0.22,-0.11
2014-02-18 05:20:00,0.134,0.22965964613107145,0,-0.11,-0.22,-0.11
2014-02-18 05:25:00,0.066,0.2886415871591935,0,-0.11,-0.22,-0.11
2014-02-18 05:30:00,0.132,0.22787132707479485,0,-0.11,-0.22,-0.11
2014-02-18 05:35:00,0.134,0.2296727678017741,0,-0.11,-0.22,-0.11
2014-02-18 05:40:00,0.134,0.2296660055304499,0,-0.11,-0.22,-0.11
2014-02-18 05:45:00,0.132,0.2276545388776645,0,-0.11,-0.22,-0.11
2014-02-18 05:50:00,0.066,0.288945525139483,0,-0.11,-0.22,-0.11
2014-02-18 05:55:00,0.198,0.30043822287547023,0,-0.11,-0.22,-0.11
2014-02-18 06:00:00,0.132,0.2276612490230369,0,-0.11,-0.22,-0.11
2014-02-18 06:05:00,0.068,0.2862792815504724,0,-0.11,-0.22,-0.11
2014-02-18 06:10:00,0.134,0.2298961725166033,0,-0.11,-0.22,-0.11
2014-02-18 06:15:00,0.134,0.22989617251660324,0,-0.11,-0.22,-0.11
2014-02-18 06:20:00,0.134,0.2298894080465924,0,-0.11,-0.22,-0.11
2014-02-18 06:25:00,0.134,0.2296664085511429,0,-0.11,-0.22,-0.11
2014-02-18 06:30:00,0.132,0.2276548246454847,0,-0.11,-0.22,-0.11
2014-02-18 06:35:00,0.134,0.2296664085511429,0,-0.11,-0.22,-0.11
2014-02-18 06:40:00,0.134,0.2296664085511429,0,-0.11,-0.22,-0.11
2014-02-18 06:45:00,0.134,0.2296664085511429,0,-0.11,-0.22,-0.11
2014-02-18 06:50:00,0.068,0.2866061616482219,0,-0.11,-0.22,-0.11
2014-02-18 06:55:00,0.134,0.2296596461310715,0,-0.11,-0.22,-0.11
2014-02-18 07:00:00,0.132,0.2276481143452517,0,-0.11,-0.22,-0.11
2014-02-18 07:05:00,0.134,0.2296664085511429,0,-0.11,-0.22,-0.11
2014-02-18 07:10:00,0.134,0.2296664085511429,0,-0.11,-0.22,-0.11
2014-02-18 07:15:00,0.066,0.2889570996076588,0,-0.11,-0.22,-0.11
2014-02-18 07:20:00,0.134,0.2296664085511429,0,-0.11,-0.22,-0.11
2014-02-18 07:25:00,0.134,0.2296664085511429,0,-0.11,-0.22,-0.11
2014-02-18 07:30:00,0.134,0.2296664085511429,0,-0.11,-0.22,-0.11
2014-02-18 07:35:00,0.066,0.288945525139483,0,-0.11,-0.22,-0.11
2014-02-18 07:40:00,0.132,0.2276612490230369,0,-0.11,-0.22,-0.11
2014-02-18 07:45:00,0.132,0.2276679594065965,0,-0.11,-0.22,-0.11
2014-02-18 07:50:00,0.134,0.2296930683817424,0,-0.11,-0.22,-0.11
2014-02-18 07:55:00,0.2,0.302866234575712,0,-0.11,-0.22,-0.11
2014-02-18 08:00:00,0.132,0.22745539866449244,0,-0.11,-0.22,-0.11
2014-02-18 08:05:00,0.068,0.28643489251704984,0,-0.11,-0.22,-0.11
2014-02-18 08:10:00,0.134,0.22968650514924924,0,-0.11,-0.22,-0.11
2014-02-18 08:15:00,0.066,0.2884659861877951,0,-0.11,-0.22,-0.11
2014-02-18 08:20:00,0.134,0.22968610249828,0,-0.11,-0.22,-0.11
2014-02-18 08:25:00,0.136,0.231699449429464,0,-0.11,-0.22,-0.11
2014-02-18 08:30:00,0.066,0.2887911294495893,0,-0.11,-0.22,-0.11
2014-02-18 08:35:00,0.136,0.2316858309415065,0,-0.11,-0.22,-0.11
2014-02-18 08:40:00,0.134,0.22965908073353644,0,-0.11,-0.22,-0.11
2014-02-18 08:45:00,0.134,0.22943636147000035,0,-0.11,-0.22,-0.11
2014-02-18 08:50:00,0.132,0.2274285979167049,0,-0.11,-0.22,-0.11
2014-02-18 08:55:00,0.134,0.2292202326012564,0,-0.11,-0.22,-0.11
2014-02-18 09:00:00,0.134,0.2292202326012564,0,-0.11,-0.22,-0.11
2014-02-18 09:05:00,0.066,0.289121633872906,0,-0.11,-0.22,-0.11
2014-02-18 09:10:00,0.134,0.2294431087588629,0,-0.11,-0.22,-0.11
2014-02-18 09:15:00,0.134,0.2292202326012564,0,-0.11,-0.22,-0.11
2014-02-18 09:20:00,0.134,0.2292202326012565,0,-0.11,-0.22,-0.11
2014-02-18 09:25:00,0.066,0.289121633872906,0,-0.11,-0.22,-0.11
2014-02-18 09:30:00,0.132,0.22721861625298145,0,-0.11,-0.22,-0.11
2014-02-18 09:35:00,0.132,0.2272253107797965,0,-0.11,-0.22,-0.11
2014-02-18 09:40:00,0.132,0.2272253107797965,0,-0.11,-0.22,-0.11
2014-02-18 09:45:00,0.066,0.2891025879375813,0,-0.11,-0.22,-0.11
2014-02-18 09:50:00,0.132,0.22744841254795026,0,-0.11,-0.22,-0.11
2014-02-18 09:55:00,0.132,0.22744841254795026,0,-0.11,-0.22,-0.11
2014-02-18 10:00:00,0.132,0.2274551085498565,0,-0.11,-0.22,-0.11
2014-02-18 10:05:00,0.266,0.3871069402271217,0,-0.11,-0.22,-0.11
2014-02-18 10:10:00,0.134,0.2287786451016605,0,-0.11,-0.22,-0.11
2014-02-18 10:15:00,0.134,0.2287719408632496,0,-0.11,-0.22,-0.11
2014-02-18 10:20:00,0.134,0.2287719408632495,0,-0.11,-0.22,-0.11
2014-02-18 10:25:00,0.066,0.2893200569636704,0,-0.11,-0.22,-0.11
2014-02-18 10:30:00,0.134,0.2289804786221949,0,-0.11,-0.22,-0.11
2014-02-18 10:35:00,0.134,0.2289737737633037,0,-0.11,-0.22,-0.11
2014-02-18 10:40:00,0.066,0.2893349858436485,0,-0.11,-0.22,-0.11
2014-02-18 10:45:00,0.136,0.23098266550052884,0,-0.11,-0.22,-0.11
2014-02-18 10:50:00,0.132,0.2269705352147945,0,-0.11,-0.22,-0.11
2014-02-18 10:55:00,0.132,0.22676141932477115,0,-0.11,-0.22,-0.11
2014-02-18 11:00:00,0.132,0.2267680726487237,0,-0.11,-0.22,-0.11
2014-02-18 11:05:00,0.068,0.2869871747214321,0,-0.11,-0.22,-0.11
2014-02-18 11:10:00,0.134,0.2289804677399937,0,-0.11,-0.22,-0.11
2014-02-18 11:15:00,0.134,0.2287585225724248,0,-0.11,-0.22,-0.11
2014-02-18 11:20:00,0.134,0.22875181904271746,0,-0.11,-0.22,-0.11
2014-02-18 11:25:00,0.134,0.2287451157450553,0,-0.11,-0.22,-0.11
2014-02-18 11:30:00,0.066,0.28965483999649205,0,-0.11,-0.22,-0.11
2014-02-18 11:35:00,0.132,0.2267481133362549,0,-0.11,-0.22,-0.11
2014-02-18 11:40:00,0.132,0.2267547662206552,0,-0.11,-0.22,-0.11
2014-02-18 11:45:00,0.066,0.2891467353093368,0,-0.11,-0.22,-0.11
2014-02-18 11:50:00,0.132,0.22720768415109274,0,-0.11,-0.22,-0.11
2014-02-18 11:55:00,0.132,0.2269983466970205,0,-0.11,-0.22,-0.11
2014-02-18 12:00:00,0.134,0.2290054263007219,0,-0.11,-0.22,-0.11
2014-02-18 12:05:00,0.134,0.2289987084549166,0,-0.11,-0.22,-0.11
2014-02-18 12:10:00,0.066,0.2891203998784713,0,-0.11,-0.22,-0.11
2014-02-18 12:15:00,0.134,0.22901179312739925,0,-0.11,-0.22,-0.11
2014-02-18 12:20:00,0.134,0.22901179312739925,0,-0.11,-0.22,-0.11
2014-02-18 12:25:00,0.134,0.22901179312739925,0,-0.11,-0.22,-0.11
2014-02-18 12:30:00,0.134,0.2287894630366008,0,-0.11,-0.22,-0.11
2014-02-18 12:35:00,0.134,0.2287894630366008,0,-0.11,-0.22,-0.11
2014-02-18 12:40:00,0.066,0.2897573325422082,0,-0.11,-0.22,-0.11
2014-02-18 12:45:00,0.134,0.2287894630366008,0,-0.11,-0.22,-0.11
2014-02-18 12:50:00,0.132,0.22678219544021155,0,-0.11,-0.22,-0.11
2014-02-18 12:55:00,0.134,0.2287894630366008,0,-0.11,-0.22,-0.11
2014-02-18 13:00:00,0.132,0.2267821954402116,0,-0.11,-0.22,-0.11
2014-02-18 13:05:00,0.134,0.2285733439261526,0,-0.11,-0.22,-0.11
2014-02-18 13:10:00,0.068,0.28740891769349713,0,-0.11,-0.22,-0.11
2014-02-18 13:15:00,0.132,0.2267821954402116,0,-0.11,-0.22,-0.11
2014-02-18 13:20:00,0.132,0.2267888615446137,0,-0.11,-0.22,-0.11
2014-02-18 13:25:00,0.066,0.2897498320910449,0,-0.11,-0.22,-0.11
2014-02-18 13:30:00,0.132,0.2267955278701725,0,-0.11,-0.22,-0.11
2014-02-18 13:35:00,0.132,0.2268021944170097,0,-0.11,-0.22,-0.11
2014-02-18 13:40:00,0.134,0.2285871133380964,0,-0.11,-0.22,-0.11
2014-02-18 13:45:00,0.134,0.2285803974738049,0,-0.11,-0.22,-0.11
2014-02-18 13:50:00,0.134,0.22858039747380496,0,-0.11,-0.22,-0.11
2014-02-18 13:55:00,0.134,0.2285803974738049,0,-0.11,-0.22,-0.11
2014-02-18 14:00:00,0.132,0.2265794325566367,0,-0.11,-0.22,-0.11
2014-02-18 14:05:00,0.134,0.2283708303780102,0,-0.11,-0.22,-0.11
2014-02-18 14:10:00,0.134,0.2283708303780102,0,-0.11,-0.22,-0.11
2014-02-18 14:15:00,0.134,0.2283708303780102,0,-0.11,-0.22,-0.11
2014-02-18 14:20:00,0.2,0.3011971890930946,0,-0.11,-0.22,-0.11
2014-02-18 14:25:00,0.066,0.29022664211111465,0,-0.11,-0.22,-0.11
2014-02-18 14:30:00,0.132,0.22614641513855754,0,-0.11,-0.22,-0.11
2014-02-18 14:35:00,0.2,0.30083930275425363,0,-0.11,-0.22,-0.11
2014-02-18 14:40:00,0.134,0.22770198887462645,0,-0.11,-0.22,-0.11
2014-02-18 14:45:00,0.134,0.22770198887462645,0,-0.11,-0.22,-0.11
2014-02-18 14:50:00,0.134,0.2276953031075264,0,-0.11,-0.22,-0.11
2014-02-18 14:55:00,0.134,0.2276953031075264,0,-0.11,-0.22,-0.11
2014-02-18 15:00:00,0.068,0.2882048899136044,0,-0.11,-0.22,-0.11
2014-02-18 15:05:00,0.134,0.2279217560856636,0,-0.11,-0.22,-0.11
2014-02-18 15:10:00,0.134,0.2281483184463849,0,-0.11,-0.22,-0.11
2014-02-18 15:15:00,0.134,0.22837558039643285,0,-0.11,-0.22,-0.11
2014-02-18 15:20:00,0.134,0.2281523093062525,0,-0.11,-0.22,-0.11
2014-02-18 15:25:00,0.132,0.2261467685079876,0,-0.11,-0.22,-0.11
2014-02-18 15:30:00,0.066,0.2905241944329157,0,-0.11,-0.22,-0.11
2014-02-18 15:35:00,0.134,0.22837558039643285,0,-0.11,-0.22,-0.11
2014-02-18 15:40:00,0.132,0.2263703325144203,0,-0.11,-0.22,-0.11
2014-02-18 15:45:00,0.134,0.2281590367594355,0,-0.11,-0.22,-0.11
2014-02-18 15:50:00,0.066,0.2905241944329157,0,-0.11,-0.22,-0.11
2014-02-18 15:55:00,0.198,0.2993416146678243,0,-0.11,-0.22,-0.11
2014-02-18 16:00:00,0.066,0.29018930138051896,0,-0.11,-0.22,-0.11
2014-02-18 16:05:00,0.132,0.22660752189835034,0,-0.11,-0.22,-0.11
2014-02-18 16:10:00,0.134,0.22861955771035336,0,-0.11,-0.22,-0.11
2014-02-18 16:15:00,0.066,0.2898622577015304,0,-0.11,-0.22,-0.11
2014-02-18 16:20:00,0.134,0.22861955771035336,0,-0.11,-0.22,-0.11
2014-02-18 16:25:00,0.134,0.22861955771035336,0,-0.11,-0.22,-0.11
2014-02-18 16:30:00,0.066,0.2898697722784084,0,-0.11,-0.22,-0.11
2014-02-18 16:35:00,0.132,0.22660752189835034,0,-0.11,-0.22,-0.11
2014-02-18 16:40:00,0.134,0.22861282694377136,0,-0.11,-0.22,-0.11
2014-02-18 16:45:00,0.134,0.2286060964088413,0,-0.11,-0.22,-0.11
2014-02-18 16:50:00,0.134,0.2286060964088413,0,-0.11,-0.22,-0.11
2014-02-18 16:55:00,0.136,0.23086303050455004,0,-0.11,-0.22,-0.11
2014-02-18 17:00:00,0.066,0.2895277255814929,0,-0.11,-0.22,-0.11
2014-02-18 17:05:00,0.134,0.2292804228406226,0,-0.11,-0.22,-0.11
2014-02-18 17:10:00,0.134,0.2292804228406226,0,-0.11,-0.22,-0.11
2014-02-18 17:15:00,0.134,0.2290569523950445,0,-0.11,-0.22,-0.11
2014-02-18 17:20:00,0.134,0.2290569523950445,0,-0.11,-0.22,-0.11
2014-02-18 17:25:00,0.066,0.28952785188691765,0,-0.11,-0.22,-0.11
2014-02-18 17:30:00,0.134,0.22906372339980602,0,-0.11,-0.22,-0.11
2014-02-18 17:35:00,0.132,0.2270510157308781,0,-0.11,-0.22,-0.11
2014-02-18 17:40:00,0.134,0.229063723399806,0,-0.11,-0.22,-0.11
2014-02-18 17:45:00,0.134,0.2290569635839036,0,-0.11,-0.22,-0.11
2014-02-18 17:50:00,0.134,0.22883332740037896,0,-0.11,-0.22,-0.11
2014-02-18 17:55:00,0.132,0.2268204072396881,0,-0.11,-0.22,-0.11
2014-02-18 18:00:00,0.134,0.22883332740037896,0,-0.11,-0.22,-0.11
2014-02-18 18:05:00,0.132,0.2268204072396881,0,-0.11,-0.22,-0.11
2014-02-18 18:10:00,0.066,0.2898543630943561,0,-0.11,-0.22,-0.11
2014-02-18 18:15:00,0.20199999999999999,0.3047183057307561,0,-0.11,-0.22,-0.11
2014-02-18 18:20:00,0.134,0.22882086970580645,0,-0.11,-0.22,-0.11
2014-02-18 18:25:00,0.134,0.22882086970580645,0,-0.11,-0.22,-0.11
2014-02-18 18:30:00,0.066,0.2897153300342364,0,-0.11,-0.22,-0.11
2014-02-18 18:35:00,0.136,0.23105827573776624,0,-0.11,-0.22,-0.11
2014-02-18 18:40:00,0.134,0.22881376057191244,0,-0.11,-0.22,-0.11
2014-02-18 18:45:00,0.134,0.2288070169319925,0,-0.11,-0.22,-0.11
2014-02-18 18:50:00,0.132,0.22679174048498105,0,-0.11,-0.22,-0.11
2014-02-18 18:55:00,0.132,0.2265748079762111,0,-0.11,-0.22,-0.11
2014-02-18 19:00:00,0.134,0.2288190778774101,0,-0.11,-0.22,-0.11
2014-02-18 19:05:00,0.134,0.22860171205056706,0,-0.11,-0.22,-0.11
2014-02-18 19:10:00,0.2,0.30187487650810074,0,-0.11,-0.22,-0.11
2014-02-18 19:15:00,0.132,0.22636416623686634,0,-0.11,-0.22,-0.11
2014-02-18 19:20:00,0.066,0.2903541624428675,0,-0.11,-0.22,-0.11
2014-02-18 19:25:00,0.132,0.22659465963893946,0,-0.11,-0.22,-0.11
2014-02-18 19:30:00,0.134,0.2286035501301077,0,-0.11,-0.22,-0.11
2014-02-18 19:35:00,0.134,0.2283800328065415,0,-0.11,-0.22,-0.11
2014-02-18 19:40:00,0.132,0.2263775555952029,0,-0.11,-0.22,-0.11
2014-02-18 19:45:00,0.066,0.2903391811928149,0,-0.11,-0.22,-0.11
2014-02-18 19:50:00,0.20199999999999999,0.3041521331466429,0,-0.11,-0.22,-0.11
2014-02-18 19:55:00,0.134,0.22837525215598,0,-0.11,-0.22,-0.11
2014-02-18 20:00:00,0.066,0.2901991922630136,0,-0.11,-0.22,-0.11
2014-02-18 20:05:00,0.134,0.22838165159575416,0,-0.11,-0.22,-0.11
2014-02-18 20:10:00,0.134,0.22838165159575416,0,-0.11,-0.22,-0.11
2014-02-18 20:15:00,0.134,0.2283816515957542,0,-0.11,-0.22,-0.11
2014-02-18 20:20:00,0.132,0.2263765870602334,0,-0.11,-0.22,-0.11
2014-02-18 20:25:00,0.134,0.2283883794469385,0,-0.11,-0.22,-0.11
2014-02-18 20:30:00,0.134,0.2281715416948722,0,-0.11,-0.22,-0.11
2014-02-18 20:35:00,0.134,0.2281648149792453,0,-0.11,-0.22,-0.11
2014-02-18 20:40:00,0.066,0.2905039540771477,0,-0.11,-0.22,-0.11
2014-02-18 20:45:00,0.134,0.2281712249234926,0,-0.11,-0.22,-0.11
2014-02-18 20:50:00,0.134,0.2281712249234926,0,-0.11,-0.22,-0.11
2014-02-18 20:55:00,0.134,0.2281712249234926,0,-0.11,-0.22,-0.11
2014-02-18 21:00:00,0.134,0.22841311007907786,0,-0.11,-0.22,-0.11
2014-02-18 21:05:00,0.134,0.2281894332016497,0,-0.11,-0.22,-0.11
2014-02-18 21:10:00,0.134,0.2281894332016497,0,-0.11,-0.22,-0.11
2014-02-18 21:15:00,0.134,0.2281961839617043,0,-0.11,-0.22,-0.11
2014-02-18 21:20:00,0.134,0.22818944287233264,0,-0.11,-0.22,-0.11
2014-02-18 21:25:00,0.132,0.22617325043087305,0,-0.11,-0.22,-0.11
2014-02-18 21:30:00,0.132,0.2261799414733866,0,-0.11,-0.22,-0.11
2014-02-18 21:35:00,0.134,0.22797232282423405,0,-0.11,-0.22,-0.11
2014-02-18 21:40:00,0.136,0.2299879581839992,0,-0.11,-0.22,-0.11
2014-02-18 21:45:00,0.134,0.2279588332776037,0,-0.11,-0.22,-0.11
2014-02-18 21:50:00,0.068,0.2886180108578976,0,-0.11,-0.22,-0.11
2014-02-18 21:55:00,0.198,0.2989290149288481,0,-0.11,-0.22,-0.11
2014-02-18 22:00:00,0.066,0.2908390710209676,0,-0.11,-0.22,-0.11
2014-02-18 22:05:00,0.134,0.2281657932158833,0,-0.11,-0.22,-0.11
2014-02-18 22:10:00,0.134,0.2281657932158833,0,-0.11,-0.22,-0.11
2014-02-18 22:15:00,0.134,0.2281657932158833,0,-0.11,-0.22,-0.11
2014-02-18 22:20:00,0.134,0.2281657932158833,0,-0.11,-0.22,-0.11
2014-02-18 22:25:00,0.068,0.28849398009810445,0,-0.11,-0.22,-0.11
2014-02-18 22:30:00,0.134,0.22815938170770506,0,-0.11,-0.22,-0.11
2014-02-18 22:35:00,0.132,0.2261536639166125,0,-0.11,-0.22,-0.11
2014-02-18 22:40:00,0.068,0.2881795177940369,0,-0.11,-0.22,-0.11
2014-02-18 22:45:00,0.136,0.23038745576736114,0,-0.11,-0.22,-0.11
2014-02-18 22:50:00,0.134,0.2281395042512229,0,-0.11,-0.22,-0.11
2014-02-18 22:55:00,0.134,0.22836722826131794,0,-0.11,-0.22,-0.11
2014-02-18 23:00:00,0.132,0.22635791142615425,0,-0.11,-0.22,-0.11
2014-02-18 23:05:00,0.132,0.2261405839260653,0,-0.11,-0.22,-0.11
2014-02-18 23:10:00,0.134,0.2283923053632062,0,-0.11,-0.22,-0.11
2014-02-18 23:15:00,0.066,0.29051142583340045,0,-0.11,-0.22,-0.11
2014-02-18 23:20:00,0.134,0.228616288627536,0,-0.11,-0.22,-0.11
2014-02-18 23:25:00,0.134,0.2286095313275321,0,-0.11,-0.22,-0.11
2014-02-18 23:30:00,0.134,0.2286095313275321,0,-0.11,-0.22,-0.11
2014-02-18 23:35:00,0.068,0.2878367071607407,0,-0.11,-0.22,-0.11
2014-02-18 23:40:00,0.134,0.2288201778623772,0,-0.11,-0.22,-0.11
2014-02-18 23:45:00,0.132,0.2268005309478073,0,-0.11,-0.22,-0.11
2014-02-18 23:50:00,0.066,0.28988126288402144,0,-0.11,-0.22,-0.11
2014-02-18 23:55:00,0.138,0.23309982239450835,0,-0.11,-0.22,-0.11
2014-02-19 00:00:00,0.198,0.2998582275894257,0,-0.11,-0.22,-0.11
2014-02-19 00:05:00,0.134,0.22880844290329594,0,-0.11,-0.22,-0.11
2014-02-19 00:10:00,0.132,0.2265757111204771,0,-0.11,-0.22,-0.11
2014-02-19 00:15:00,0.132,0.2268005165381613,0,-0.11,-0.22,-0.11
2014-02-19 00:20:00,0.134,0.2286027534277609,0,-0.11,-0.22,-0.11
2014-02-19 00:25:00,0.134,0.2286027534277609,0,-0.11,-0.22,-0.11
2014-02-19 00:30:00,0.134,0.2286027534277609,0,-0.11,-0.22,-0.11
2014-02-19 00:35:00,0.068,0.2881695959853242,0,-0.11,-0.22,-0.11
2014-02-19 00:40:00,0.134,0.2285895830177689,0,-0.11,-0.22,-0.11
2014-02-19 00:45:00,0.134,0.2285895830177689,0,-0.11,-0.22,-0.11
2014-02-19 00:50:00,0.066,0.29053388739391434,0,-0.11,-0.22,-0.11
2014-02-19 00:55:00,0.2,0.3018732115745412,0,-0.11,-0.22,-0.11
2014-02-19 01:00:00,0.132,0.2263715403088949,0,-0.11,-0.22,-0.11
2014-02-19 01:05:00,0.066,0.2903677398146098,0,-0.11,-0.22,-0.11
2014-02-19 01:10:00,0.132,0.2263780201488259,0,-0.11,-0.22,-0.11
2014-02-19 01:15:00,0.134,0.22839424784406906,0,-0.11,-0.22,-0.11
2014-02-19 01:20:00,0.134,0.22839424784406906,0,-0.11,-0.22,-0.11
2014-02-19 01:25:00,0.066,0.2903559561422341,0,-0.11,-0.22,-0.11
2014-02-19 01:30:00,0.134,0.2283875050726647,0,-0.11,-0.22,-0.11
2014-02-19 01:35:00,0.134,0.2283875050726647,0,-0.11,-0.22,-0.11
2014-02-19 01:40:00,0.066,0.29036351204935845,0,-0.11,-0.22,-0.11
2014-02-19 01:45:00,0.134,0.2286043075617065,0,-0.11,-0.22,-0.11
2014-02-19 01:50:00,0.134,0.2285975641715635,0,-0.11,-0.22,-0.11
2014-02-19 01:55:00,0.134,0.2285975641715635,0,-0.11,-0.22,-0.11
2014-02-19 02:00:00,0.134,0.2285975641715635,0,-0.11,-0.22,-0.11
2014-02-19 02:05:00,0.068,0.2880198047492853,0,-0.11,-0.22,-0.11
2014-02-19 02:10:00,0.132,0.22658199653039765,0,-0.11,-0.22,-0.11
2014-02-19 02:15:00,0.134,0.2285979062699319,0,-0.11,-0.22,-0.11
2014-02-19 02:20:00,0.134,0.2285979062699319,0,-0.11,-0.22,-0.11
2014-02-19 02:25:00,0.132,0.2265886896714956,0,-0.11,-0.22,-0.11
2014-02-19 02:30:00,0.066,0.2903677398146098,0,-0.11,-0.22,-0.11
2014-02-19 02:35:00,0.134,0.2285979062699319,0,-0.11,-0.22,-0.11
2014-02-19 02:40:00,0.132,0.22658199653039765,0,-0.11,-0.22,-0.11
2014-02-19 02:45:00,0.066,0.29036351204935845,0,-0.11,-0.22,-0.11
2014-02-19 02:50:00,0.136,0.23061916577918634,0,-0.11,-0.22,-0.11
2014-02-19 02:55:00,0.132,0.22658176526102985,0,-0.11,-0.22,-0.11
2014-02-19 03:00:00,0.134,0.22859755380587274,0,-0.11,-0.22,-0.11
2014-02-19 03:05:00,0.066,0.2900427989559309,0,-0.11,-0.22,-0.11
2014-02-19 03:10:00,0.132,0.22658845799898955,0,-0.11,-0.22,-0.11
2014-02-19 03:15:00,0.132,0.2265951509566952,0,-0.11,-0.22,-0.11
2014-02-19 03:20:00,0.068,0.2876800667202339,0,-0.11,-0.22,-0.11
2014-02-19 03:25:00,0.134,0.2288280229915602,0,-0.11,-0.22,-0.11
2014-02-19 03:30:00,0.134,0.2286046396781535,0,-0.11,-0.22,-0.11
2014-02-19 03:35:00,1.444,0.998129685348192,0,-0.11,-0.22,-0.11
2014-02-19 03:40:00,0.134,0.22402422655762544,0,-0.11,-0.22,-0.11
2014-02-19 03:45:00,0.066,0.2761103729106594,0,-0.11,-0.22,-0.11
2014-02-19 03:50:00,0.134,0.22419370056577484,0,-0.11,-0.22,-0.11
2014-02-19 03:55:00,0.132,0.2227051221628342,0,-0.11,-0.22,-0.11
2014-02-19 04:00:00,0.134,0.2241987084292249,0,-0.11,-0.22,-0.11
2014-02-19 04:05:00,0.134,0.22419870842922496,0,-0.11,-0.22,-0.11
2014-02-19 04:10:00,0.132,0.22270013882530906,0,-0.11,-0.22,-0.11
2014-02-19 04:15:00,0.132,0.22286472051803904,0,-0.11,-0.22,-0.11
2014-02-19 04:20:00,0.066,0.27609316845807896,0,-0.11,-0.22,-0.11
2014-02-19 04:25:00,0.134,0.22977261425988155,0,-0.11,-0.22,-0.11
2014-02-19 04:30:00,0.134,0.22953635721082985,0,-0.11,-0.22,-0.11
2014-02-19 04:35:00,0.066,0.2937185501319192,0,-0.11,-0.22,-0.11
2014-02-19 04:40:00,0.2,0.3078073198414146,0,-0.11,-0.22,-0.11
2014-02-19 04:45:00,0.132,0.2271692481253119,0,-0.11,-0.22,-0.11
2014-02-19 04:50:00,0.132,0.22717634767631376,0,-0.11,-0.22,-0.11
2014-02-19 04:55:00,0.134,0.2293063362007457,0,-0.11,-0.22,-0.11
2014-02-19 05:00:00,0.066,0.29387570694589576,0,-0.11,-0.22,-0.11
2014-02-19 05:05:00,0.132,0.2274126957112319,0,-0.11,-0.22,-0.11
2014-02-19 05:10:00,0.134,0.2293202212729813,0,-0.11,-0.22,-0.11
2014-02-19 05:15:00,0.068,0.29135201985223497,0,-0.11,-0.22,-0.11
2014-02-19 05:20:00,0.132,0.2274197964691781,0,-0.11,-0.22,-0.11
2014-02-19 05:25:00,0.134,0.2295494445239165,0,-0.11,-0.22,-0.11
2014-02-19 05:30:00,0.066,0.2935050991687081,0,-0.11,-0.22,-0.11
2014-02-19 05:35:00,0.132,0.2276559377450408,0,-0.11,-0.22,-0.11
2014-02-19 05:40:00,0.134,0.2295566171702102,0,-0.11,-0.22,-0.11
2014-02-19 05:45:00,0.132,0.2274269067574794,0,-0.11,-0.22,-0.11
2014-02-19 05:50:00,0.132,0.2274269067574794,0,-0.11,-0.22,-0.11
2014-02-19 05:55:00,0.134,0.229327822763784,0,-0.11,-0.22,-0.11
2014-02-19 06:00:00,0.132,0.22742991465723905,0,-0.11,-0.22,-0.11
2014-02-19 06:05:00,0.066,0.29402493643871386,0,-0.11,-0.22,-0.11
2014-02-19 06:10:00,0.20199999999999999,0.3102186458389829,0,-0.11,-0.22,-0.11
2014-02-19 06:15:00,0.066,0.2938577729071099,0,-0.11,-0.22,-0.11
2014-02-19 06:20:00,0.132,0.2274120860599436,0,-0.11,-0.22,-0.11
2014-02-19 06:25:00,0.134,0.2295485555464589,0,-0.11,-0.22,-0.11
2014-02-19 06:30:00,0.134,0.2293126341441585,0,-0.11,-0.22,-0.11
2014-02-19 06:35:00,0.134,0.2293054775307711,0,-0.11,-0.22,-0.11
2014-02-19 06:40:00,0.066,0.29386573955208434,0,-0.11,-0.22,-0.11
2014-02-19 06:45:00,0.134,0.2295413976129675,0,-0.11,-0.22,-0.11
2014-02-19 06:50:00,0.134,0.2295342399574373,0,-0.11,-0.22,-0.11
2014-02-19 06:55:00,0.132,0.22716866913217545,0,-0.11,-0.22,-0.11
2014-02-19 07:00:00,0.066,0.2936906551485505,0,-0.11,-0.22,-0.11
2014-02-19 07:05:00,0.132,0.2276374192002244,0,-0.11,-0.22,-0.11
2014-02-19 07:10:00,0.134,0.22954847469315584,0,-0.11,-0.22,-0.11
2014-02-19 07:15:00,0.132,0.2274147543845993,0,-0.11,-0.22,-0.11
2014-02-19 07:20:00,0.2,0.3075974894907715,0,-0.11,-0.22,-0.11
2014-02-19 07:25:00,0.134,0.22931177485968546,0,-0.11,-0.22,-0.11
2014-02-19 07:30:00,0.066,0.2938478106368541,0,-0.11,-0.22,-0.11
2014-02-19 07:35:00,0.134,0.2295405099281624,0,-0.11,-0.22,-0.11
2014-02-19 07:40:00,0.134,0.2295405099281624,0,-0.11,-0.22,-0.11
2014-02-19 07:45:00,0.132,0.2274114766446106,0,-0.11,-0.22,-0.11
2014-02-19 07:50:00,0.132,0.2274185755393561,0,-0.11,-0.22,-0.11
2014-02-19 07:55:00,0.134,0.2293256565465016,0,-0.11,-0.22,-0.11
2014-02-19 08:00:00,0.066,0.2938269026161805,0,-0.11,-0.22,-0.11
2014-02-19 08:05:00,0.134,0.2295543795165433,0,-0.11,-0.22,-0.11
2014-02-19 08:10:00,0.132,0.2274253691466784,0,-0.11,-0.22,-0.11
2014-02-19 08:15:00,0.066,0.2934722843611658,0,-0.11,-0.22,-0.11
2014-02-19 08:20:00,0.134,0.2295615365845082,0,-0.11,-0.22,-0.11
2014-02-19 08:25:00,0.066,0.2934722843611658,0,-0.11,-0.22,-0.11
2014-02-19 08:30:00,0.134,0.2297972154829805,0,-0.11,-0.22,-0.11
2014-02-19 08:35:00,0.132,0.2276685278555189,0,-0.11,-0.22,-0.11
2014-02-19 08:40:00,0.134,0.2295686939307519,0,-0.11,-0.22,-0.11
2014-02-19 08:45:00,0.066,0.2934722843611658,0,-0.11,-0.22,-0.11
2014-02-19 08:50:00,0.134,0.22979005693655905,0,-0.11,-0.22,-0.11
2014-02-19 08:55:00,0.2,0.3076124727017186,0,-0.11,-0.22,-0.11
2014-02-19 09:00:00,0.068,0.29063315788299365,0,-0.11,-0.22,-0.11
2014-02-19 09:05:00,0.134,0.23001169238035565,0,-0.11,-0.22,-0.11
2014-02-19 09:10:00,0.134,0.22978289867260965,0,-0.11,-0.22,-0.11
2014-02-19 09:15:00,0.132,0.2276543279982791,0,-0.11,-0.22,-0.11
2014-02-19 09:20:00,0.134,0.2295543795165433,0,-0.11,-0.22,-0.11
2014-02-19 09:25:00,0.136,0.2316973431226504,0,-0.11,-0.22,-0.11
2014-02-19 09:30:00,0.066,0.29348022059879303,0,-0.11,-0.22,-0.11
2014-02-19 09:35:00,0.134,0.2295543795165433,0,-0.11,-0.22,-0.11
2014-02-19 09:40:00,0.134,0.22956155007217324,0,-0.11,-0.22,-0.11
2014-02-19 09:45:00,0.066,0.2934724341400323,0,-0.11,-0.22,-0.11
2014-02-19 09:50:00,0.134,0.2297972294136557,0,-0.11,-0.22,-0.11
2014-02-19 09:55:00,0.134,0.22979007085287845,0,-0.11,-0.22,-0.11
2014-02-19 10:00:00,0.132,0.2276614374998837,0,-0.11,-0.22,-0.11
2014-02-19 10:05:00,0.134,0.2297972294136557,0,-0.11,-0.22,-0.11
2014-02-19 10:10:00,0.068,0.2909744822198553,0,-0.11,-0.22,-0.11
2014-02-19 10:15:00,0.134,0.22979053013722195,0,-0.11,-0.22,-0.11
2014-02-19 10:20:00,0.068,0.2906380257834741,0,-0.11,-0.22,-0.11
2014-02-19 10:25:00,0.134,0.2300193402754813,0,-0.11,-0.22,-0.11
2014-02-19 10:30:00,0.134,0.22978383028460195,0,-0.11,-0.22,-0.11
2014-02-19 10:35:00,0.066,0.29315289754757146,0,-0.11,-0.22,-0.11
2014-02-19 10:40:00,0.134,0.2300050194383041,0,-0.11,-0.22,-0.11
2014-02-19 10:45:00,0.134,0.2299978594494704,0,-0.11,-0.22,-0.11
2014-02-19 10:50:00,0.134,0.2297623543007833,0,-0.11,-0.22,-0.11
2014-02-19 10:55:00,0.134,0.2297551962036355,0,-0.11,-0.22,-0.11
2014-02-19 11:00:00,0.134,0.22974803838830016,0,-0.11,-0.22,-0.11
2014-02-19 11:05:00,0.134,0.2297408808546274,0,-0.11,-0.22,-0.11
2014-02-19 11:10:00,0.066,0.2930004304406708,0,-0.11,-0.22,-0.11
2014-02-19 11:15:00,0.132,0.2283419213743321,0,-0.11,-0.22,-0.11
2014-02-19 11:20:00,0.134,0.2304905705232304,0,-0.11,-0.22,-0.11
2014-02-19 11:25:00,0.134,0.2304905705232304,0,-0.11,-0.22,-0.11
2014-02-19 11:30:00,0.066,0.2929925164651592,0,-0.11,-0.22,-0.11
2014-02-19 11:35:00,0.134,0.2304905705232304,0,-0.11,-0.22,-0.11
2014-02-19 11:40:00,0.134,0.2304905705232304,0,-0.11,-0.22,-0.11
2014-02-19 11:45:00,0.134,0.2302539710038297,0,-0.11,-0.22,-0.11
2014-02-19 11:50:00,0.134,0.23026119488650715,0,-0.11,-0.22,-0.11
2014-02-19 11:55:00,0.134,0.2302539859838994,0,-0.11,-0.22,-0.11
2014-02-19 12:00:00,0.132,0.22810497874084104,0,-0.11,-0.22,-0.11
2014-02-19 12:05:00,0.068,0.29049533318175874,0,-0.11,-0.22,-0.11
2014-02-19 12:10:00,0.134,0.2302467773760561,0,-0.11,-0.22,-0.11
2014-02-19 12:15:00,0.132,0.22810497874084104,0,-0.11,-0.22,-0.11
2014-02-19 12:20:00,0.066,0.2929926663262465,0,-0.11,-0.22,-0.11
2014-02-19 12:25:00,0.136,0.2326461177036185,0,-0.11,-0.22,-0.11
2014-02-19 12:30:00,0.134,0.23048336004664066,0,-0.11,-0.22,-0.11
2014-02-19 12:35:00,0.134,0.23024676241062306,0,-0.11,-0.22,-0.11
2014-02-19 12:40:00,0.066,0.2930083449489636,0,-0.11,-0.22,-0.11
2014-02-19 12:45:00,0.134,0.2304689399903825,0,-0.11,-0.22,-0.11
2014-02-19 12:50:00,0.134,0.230232346107884,0,-0.11,-0.22,-0.11
2014-02-19 12:55:00,0.134,0.2302251383980445,0,-0.11,-0.22,-0.11
2014-02-19 13:00:00,0.132,0.2280763763420862,0,-0.11,-0.22,-0.11
2014-02-19 13:05:00,0.134,0.2302251383980445,0,-0.11,-0.22,-0.11
2014-02-19 13:10:00,0.132,0.2280835238526764,0,-0.11,-0.22,-0.11
2014-02-19 13:15:00,0.134,0.2299955620679356,0,-0.11,-0.22,-0.11
2014-02-19 13:20:00,0.066,0.29337024297288505,0,-0.11,-0.22,-0.11
2014-02-19 13:25:00,0.134,0.2302323461078841,0,-0.11,-0.22,-0.11
2014-02-19 13:30:00,0.134,0.2302323461078841,0,-0.11,-0.22,-0.11
2014-02-19 13:35:00,0.134,0.2302323461078841,0,-0.11,-0.22,-0.11
2014-02-19 13:40:00,0.134,0.2302323461078841,0,-0.11,-0.22,-0.11
2014-02-19 13:45:00,0.134,0.2299955620679356,0,-0.11,-0.22,-0.11
2014-02-19 13:50:00,0.132,0.2278535152782687,0,-0.11,-0.22,-0.11
2014-02-19 13:55:00,0.132,0.2278535152782687,0,-0.11,-0.22,-0.11
2014-02-19 14:00:00,0.066,0.293362300619778,0,-0.11,-0.22,-0.11
2014-02-19 14:05:00,0.134,0.2302323461078841,0,-0.11,-0.22,-0.11
2014-02-19 14:10:00,0.134,0.2302323461078841,0,-0.11,-0.22,-0.11
2014-02-19 14:15:00,0.134,0.23000228982380835,0,-0.11,-0.22,-0.11
2014-02-19 14:20:00,0.134,0.2299950840265485,0,-0.11,-0.22,-0.11
2014-02-19 14:25:00,0.134,0.2299878785191269,0,-0.11,-0.22,-0.11
2014-02-19 14:30:00,0.066,0.2937287167275849,0,-0.11,-0.22,-0.11
2014-02-19 14:35:00,0.134,0.2299806733013905,0,-0.11,-0.22,-0.11
2014-02-19 14:40:00,0.134,0.22997346837318594,0,-0.11,-0.22,-0.11
2014-02-19 14:45:00,0.136,0.2321292759405397,0,-0.11,-0.22,-0.11
2014-02-19 14:50:00,0.134,0.2299662493082324,0,-0.11,-0.22,-0.11
2014-02-19 14:55:00,0.134,0.2299662493082324,0,-0.11,-0.22,-0.11
2014-02-19 15:00:00,0.134,0.2299662493082324,0,-0.11,-0.22,-0.11
2014-02-19 15:05:00,0.066,0.2934048272757783,0,-0.11,-0.22,-0.11
2014-02-19 15:10:00,0.2,0.308498591578324,0,-0.11,-0.22,-0.11
2014-02-19 15:15:00,0.134,0.2299501169198304,0,-0.11,-0.22,-0.11
2014-02-19 15:20:00,0.134,0.2299501169198304,0,-0.11,-0.22,-0.11
2014-02-19 15:25:00,0.134,0.2301958052084593,0,-0.11,-0.22,-0.11
2014-02-19 15:30:00,0.066,0.2934048272757783,0,-0.11,-0.22,-0.11
2014-02-19 15:35:00,0.132,0.22804742979465845,0,-0.11,-0.22,-0.11
2014-02-19 15:40:00,0.132,0.2282967599501836,0,-0.11,-0.22,-0.11
2014-02-19 15:45:00,0.134,0.2304496062989509,0,-0.11,-0.22,-0.11
2014-02-19 15:50:00,0.134,0.2304496062989509,0,-0.11,-0.22,-0.11
2014-02-19 15:55:00,0.134,0.2304496062989509,0,-0.11,-0.22,-0.11
2014-02-19 16:00:00,0.066,0.29286582476222056,0,-0.11,-0.22,-0.11
2014-02-19 16:05:00,0.134,0.2304563217115929,0,-0.11,-0.22,-0.11
2014-02-19 16:10:00,0.132,0.22831072036585945,0,-0.11,-0.22,-0.11
2014-02-19 16:15:00,0.132,0.22831788400170874,0,-0.11,-0.22,-0.11
2014-02-19 16:20:00,0.066,0.2928371564128469,0,-0.11,-0.22,-0.11
2014-02-19 16:25:00,0.132,0.2285622721523527,0,-0.11,-0.22,-0.11
2014-02-19 16:30:00,0.134,0.2307076476091453,0,-0.11,-0.22,-0.11
2014-02-19 16:35:00,0.066,0.29283715641284674,0,-0.11,-0.22,-0.11
2014-02-19 16:40:00,0.2,0.3091465457788247,0,-0.11,-0.22,-0.11
2014-02-19 16:45:00,0.066,0.2926696036469184,0,-0.11,-0.22,-0.11
2014-02-19 16:50:00,0.132,0.22854929831589044,0,-0.11,-0.22,-0.11
2014-02-19 16:55:00,0.132,0.2283197296101161,0,-0.11,-0.22,-0.11
2014-02-19 17:00:00,0.134,0.2307071230016725,0,-0.11,-0.22,-0.11
2014-02-19 17:05:00,0.132,0.2283246800816143,0,-0.11,-0.22,-0.11
2014-02-19 17:10:00,0.134,0.23047026053224645,0,-0.11,-0.22,-0.11
2014-02-19 17:15:00,0.134,0.2304702605322464,0,-0.11,-0.22,-0.11
2014-02-19 17:20:00,0.2,0.30872234773750595,0,-0.11,-0.22,-0.11
2014-02-19 17:25:00,0.066,0.2933630908420894,0,-0.11,-0.22,-0.11
2014-02-19 17:30:00,0.20199999999999999,0.3111150872492049,0,-0.11,-0.22,-0.11
2014-02-19 17:35:00,0.066,0.29354346466273257,0,-0.11,-0.22,-0.11
2014-02-19 17:40:00,0.134,0.2299630582061701,0,-0.11,-0.22,-0.11
2014-02-19 17:45:00,0.132,0.22782649422289925,0,-0.11,-0.22,-0.11
2014-02-19 17:50:00,0.134,0.22997024559826085,0,-0.11,-0.22,-0.11
2014-02-19 17:55:00,0.134,0.22997024559826085,0,-0.11,-0.22,-0.11
2014-02-19 18:00:00,0.132,0.2278407609970849,0,-0.11,-0.22,-0.11
2014-02-19 18:05:00,0.134,0.2297482167739569,0,-0.11,-0.22,-0.11
2014-02-19 18:10:00,0.134,0.2297482167739569,0,-0.11,-0.22,-0.11
2014-02-19 18:15:00,0.134,0.2297482167739569,0,-0.11,-0.22,-0.11
2014-02-19 18:20:00,0.134,0.2297482167739569,0,-0.11,-0.22,-0.11
2014-02-19 18:25:00,0.132,0.22761108994286355,0,-0.11,-0.22,-0.11
2014-02-19 18:30:00,0.134,0.2295187831159257,0,-0.11,-0.22,-0.11
2014-02-19 18:35:00,0.134,0.2295187831159257,0,-0.11,-0.22,-0.11
2014-02-19 18:40:00,0.134,0.2295115978538228,0,-0.11,-0.22,-0.11
2014-02-19 18:45:00,0.132,0.22737407421551256,0,-0.11,-0.22,-0.11
2014-02-19 18:50:00,0.132,0.2273812009780829,0,-0.11,-0.22,-0.11
2014-02-19 18:55:00,0.132,0.2273883280050938,0,-0.11,-0.22,-0.11
2014-02-19 19:00:00,0.134,0.2295259686576745,0,-0.11,-0.22,-0.11
2014-02-19 19:05:00,0.134,0.2295259686576745,0,-0.11,-0.22,-0.11
2014-02-19 19:10:00,0.20199999999999999,0.3103044111987073,0,-0.11,-0.22,-0.11
2014-02-19 19:15:00,0.066,0.2944138983411595,0,-0.11,-0.22,-0.11
2014-02-19 19:20:00,0.134,0.22951878311592586,0,-0.11,-0.22,-0.11
2014-02-19 19:25:00,0.132,0.22738120097808304,0,-0.11,-0.22,-0.11
2014-02-19 19:30:00,0.066,0.2938674482406193,0,-0.11,-0.22,-0.11
2014-02-19 19:35:00,0.134,0.2295259686576745,0,-0.11,-0.22,-0.11
2014-02-19 19:40:00,0.132,0.22739546457259704,0,-0.11,-0.22,-0.11
2014-02-19 19:45:00,0.134,0.2295403541383925,0,-0.11,-0.22,-0.11
2014-02-19 19:50:00,0.134,0.2295403541383925,0,-0.11,-0.22,-0.11
2014-02-19 19:55:00,0.134,0.2295331680223627,0,-0.11,-0.22,-0.11
2014-02-19 20:00:00,0.134,0.22952598218628306,0,-0.11,-0.22,-0.11
2014-02-19 20:05:00,0.134,0.22952598218628315,0,-0.11,-0.22,-0.11
2014-02-19 20:10:00,0.134,0.22952598218628315,0,-0.11,-0.22,-0.11
2014-02-19 20:15:00,0.066,0.29368976513691314,0,-0.11,-0.22,-0.11
2014-02-19 20:20:00,0.2,0.3083273900257329,0,-0.11,-0.22,-0.11
2014-02-19 20:25:00,0.066,0.29387557632792216,0,-0.11,-0.22,-0.11
2014-02-19 20:30:00,0.134,0.22974823072190245,0,-0.11,-0.22,-0.11
2014-02-19 20:35:00,0.132,0.2276110996299337,0,-0.11,-0.22,-0.11
2014-02-19 20:40:00,0.132,0.2276182274606756,0,-0.11,-0.22,-0.11
2014-02-19 20:45:00,0.066,0.2935199179708658,0,-0.11,-0.22,-0.11
2014-02-19 20:50:00,0.20199999999999999,0.3105102250578566,0,-0.11,-0.22,-0.11
2014-02-19 20:55:00,0.134,0.2297554174276562,0,-0.11,-0.22,-0.11
2014-02-19 21:00:00,0.132,0.2276182274606757,0,-0.11,-0.22,-0.11
2014-02-19 21:05:00,0.132,0.22738833726671598,0,-0.11,-0.22,-0.11
2014-02-19 21:10:00,0.134,0.2295331680223627,0,-0.11,-0.22,-0.11
2014-02-19 21:15:00,0.134,0.2295331680223627,0,-0.11,-0.22,-0.11
2014-02-19 21:20:00,0.134,0.2295331680223627,0,-0.11,-0.22,-0.11
2014-02-19 21:25:00,0.134,0.22952598218628315,0,-0.11,-0.22,-0.11
2014-02-19 21:30:00,0.066,0.2938676001591157,0,-0.11,-0.22,-0.11
2014-02-19 21:35:00,0.134,0.22976260441744964,0,-0.11,-0.22,-0.11
2014-02-19 21:40:00,0.134,0.22976260441744964,0,-0.11,-0.22,-0.11
2014-02-19 21:45:00,0.134,0.22952598218628315,0,-0.11,-0.22,-0.11
2014-02-19 21:50:00,0.134,0.22952598218628315,0,-0.11,-0.22,-0.11
2014-02-19 21:55:00,0.132,0.22738833726671598,0,-0.11,-0.22,-0.11
2014-02-19 22:00:00,0.134,0.2295331680223627,0,-0.11,-0.22,-0.11
2014-02-19 22:05:00,0.134,0.2295331680223627,0,-0.11,-0.22,-0.11
2014-02-19 22:10:00,0.066,0.2938596245403072,0,-0.11,-0.22,-0.11
2014-02-19 22:15:00,0.134,0.2297697916914347,0,-0.11,-0.22,-0.11
2014-02-19 22:20:00,0.134,0.2297697916914347,0,-0.11,-0.22,-0.11
2014-02-19 22:25:00,0.134,0.2297697916914347,0,-0.11,-0.22,-0.11
2014-02-19 22:30:00,0.066,0.2935119695582845,0,-0.11,-0.22,-0.11
2014-02-19 22:35:00,0.134,0.2299918383216336,0,-0.11,-0.22,-0.11
2014-02-19 22:40:00,0.132,0.2278550289198349,0,-0.11,-0.22,-0.11
2014-02-19 22:45:00,0.134,0.23000623019661284,0,-0.11,-0.22,-0.11
2014-02-19 22:50:00,0.134,0.23000623019661284,0,-0.11,-0.22,-0.11
2014-02-19 22:55:00,0.134,0.2297765310967472,0,-0.11,-0.22,-0.11
2014-02-19 23:00:00,0.066,0.2933167020518537,0,-0.11,-0.22,-0.11
2014-02-19 23:05:00,0.20199999999999999,0.31092671589179666,0,-0.11,-0.22,-0.11
2014-02-19 23:10:00,0.134,0.22976122109508554,0,-0.11,-0.22,-0.11
2014-02-19 23:15:00,0.066,0.2934970411301676,0,-0.11,-0.22,-0.11
2014-02-19 23:20:00,0.134,0.2299975993420573,0,-0.11,-0.22,-0.11
2014-02-19 23:25:00,0.134,0.2299975993420573,0,-0.11,-0.22,-0.11
2014-02-19 23:30:00,0.136,0.23191872571830605,0,-0.11,-0.22,-0.11
2014-02-19 23:35:00,0.066,0.29349191629879845,0,-0.11,-0.22,-0.11
2014-02-19 23:40:00,0.134,0.2299899226210509,0,-0.11,-0.22,-0.11
2014-02-19 23:45:00,0.132,0.2276237435525032,0,-0.11,-0.22,-0.11
2014-02-19 23:50:00,0.134,0.2297746693692552,0,-0.11,-0.22,-0.11
2014-02-19 23:55:00,0.128,0.22340684796924684,0,-0.11,-0.22,-0.11
2014-02-20 00:00:00,0.068,0.29094179741686865,0,-0.11,-0.22,-0.11
2014-02-20 00:05:00,0.134,0.2300186420100644,0,-0.11,-0.22,-0.11
2014-02-20 00:10:00,0.136,0.2321618745491093,0,-0.11,-0.22,-0.11
2014-02-20 00:15:00,0.134,0.23000425291351306,0,-0.11,-0.22,-0.11
2014-02-20 00:20:00,0.198,0.3053400757130641,0,-0.11,-0.22,-0.11
2014-02-20 00:25:00,0.134,0.2295309746169843,0,-0.11,-0.22,-0.11
2014-02-20 00:30:00,0.134,0.2295309746169843,0,-0.11,-0.22,-0.11
2014-02-20 00:35:00,0.068,0.2911550623547616,0,-0.11,-0.22,-0.11
2014-02-20 00:40:00,0.134,0.2295309746169843,0,-0.11,-0.22,-0.11
2014-02-20 00:45:00,0.134,0.2295309746169843,0,-0.11,-0.22,-0.11
2014-02-20 00:50:00,0.134,0.2295238059623769,0,-0.11,-0.22,-0.11
2014-02-20 00:55:00,0.134,0.2292875246731,0,-0.11,-0.22,-0.11
2014-02-20 01:00:00,0.20199999999999999,0.3099146689881216,0,-0.11,-0.22,-0.11
2014-02-20 01:05:00,0.066,0.2940123795241565,0,-0.11,-0.22,-0.11
2014-02-20 01:10:00,0.134,0.22952294469067025,0,-0.11,-0.22,-0.11
2014-02-20 01:15:00,0.132,0.2273835532645391,0,-0.11,-0.22,-0.11
2014-02-20 01:20:00,0.134,0.2295157772377568,0,-0.11,-0.22,-0.11
2014-02-20 01:25:00,0.134,0.2295157772377568,0,-0.11,-0.22,-0.11
2014-02-20 01:30:00,0.068,0.29116163218276303,0,-0.11,-0.22,-0.11
2014-02-20 01:35:00,0.136,0.2318910039772865,0,-0.11,-0.22,-0.11
2014-02-20 01:40:00,0.132,0.22737643510447025,0,-0.11,-0.22,-0.11
2014-02-20 01:45:00,0.134,0.2295157637973874,0,-0.11,-0.22,-0.11
2014-02-20 01:50:00,0.066,0.2936644485858441,0,-0.11,-0.22,-0.11
2014-02-20 01:55:00,0.198,0.3049275879239807,0,-0.11,-0.22,-0.11
2014-02-20 02:00:00,0.066,0.29366146764315343,0,-0.11,-0.22,-0.11
2014-02-20 02:05:00,0.134,0.2297522693972863,0,-0.11,-0.22,-0.11
2014-02-20 02:10:00,0.134,0.2295162073714145,0,-0.11,-0.22,-0.11
2014-02-20 02:15:00,0.132,0.2273767384522024,0,-0.11,-0.22,-0.11
2014-02-20 02:20:00,0.134,0.2295162073714145,0,-0.11,-0.22,-0.11
2014-02-20 02:25:00,0.066,0.29366942214019803,0,-0.11,-0.22,-0.11
2014-02-20 02:30:00,0.198,0.3049334029560067,0,-0.11,-0.22,-0.11
2014-02-20 02:35:00,0.066,0.2938445234027802,0,-0.11,-0.22,-0.11
2014-02-20 02:40:00,0.134,0.22951591962031034,0,-0.11,-0.22,-0.11
2014-02-20 02:45:00,0.134,0.22928013634584515,0,-0.11,-0.22,-0.11
2014-02-20 02:50:00,0.132,0.2271518608993424,0,-0.11,-0.22,-0.11
2014-02-20 02:55:00,0.134,0.2292872878479461,0,-0.11,-0.22,-0.11
2014-02-20 03:00:00,0.134,0.2292872878479461,0,-0.11,-0.22,-0.11
2014-02-20 03:05:00,0.066,0.29383656000139363,0,-0.11,-0.22,-0.11
2014-02-20 03:10:00,0.132,0.22716576002244315,0,-0.11,-0.22,-0.11
2014-02-20 03:15:00,0.134,0.2292940116406491,0,-0.11,-0.22,-0.11
2014-02-20 03:20:00,0.132,0.22716576002244315,0,-0.11,-0.22,-0.11
2014-02-20 03:25:00,0.066,0.2938156618090687,0,-0.11,-0.22,-0.11
2014-02-20 03:30:00,0.136,0.23167157812236205,0,-0.11,-0.22,-0.11
2014-02-20 03:35:00,1.598,0.9995156179322604,0,-0.11,-0.22,-0.11
2014-02-20 03:40:00,0.066,0.2751439084146776,0,-0.11,-0.22,-0.11
2014-02-20 03:45:00,0.132,0.22301189148788766,0,-0.11,-0.22,-0.11
2014-02-20 03:50:00,0.134,0.2236905717939792,0,-0.11,-0.22,-0.11
2014-02-20 03:55:00,0.134,0.22369545964276247,0,-0.11,-0.22,-0.11
2014-02-20 04:00:00,0.134,0.2236905727366464,0,-0.11,-0.22,-0.11
2014-02-20 04:05:00,0.066,0.2751439617311283,0,-0.11,-0.22,-0.11
2014-02-20 04:10:00,0.2,0.27573926976440016,0,-0.11,-0.22,-0.11
2014-02-20 04:15:00,0.134,0.2235240260158406,0,-0.11,-0.22,-0.11
2014-02-20 04:20:00,0.068,0.27362997568758546,0,-0.11,-0.22,-0.11
2014-02-20 04:25:00,0.134,0.22351914451791893,0,-0.11,-0.22,-0.11
2014-02-20 04:30:00,0.134,0.22351914451791893,0,-0.11,-0.22,-0.11
2014-02-20 04:35:00,0.066,0.2753102126078902,0,-0.11,-0.22,-0.11
2014-02-20 04:40:00,0.132,0.22624574995716845,0,-0.11,-0.22,-0.11
2014-02-20 04:45:00,0.134,0.22817835421694915,0,-0.11,-0.22,-0.11
2014-02-20 04:50:00,0.134,0.227963585396784,0,-0.11,-0.22,-0.11
2014-02-20 04:55:00,0.132,0.22603718993567026,0,-0.11,-0.22,-0.11
2014-02-20 05:00:00,0.134,0.227963585396784,0,-0.11,-0.22,-0.11
2014-02-20 05:05:00,0.132,0.22603718993567026,0,-0.11,-0.22,-0.11
2014-02-20 05:10:00,0.066,0.2876301619616584,0,-0.11,-0.22,-0.11
2014-02-20 05:15:00,0.132,0.22625216479962235,0,-0.11,-0.22,-0.11
2014-02-20 05:20:00,0.134,0.22817835421694915,0,-0.11,-0.22,-0.11
2014-02-20 05:25:00,0.066,0.2876374062831855,0,-0.11,-0.22,-0.11
2014-02-20 05:30:00,0.134,0.22817835421694915,0,-0.11,-0.22,-0.11
2014-02-20 05:35:00,0.134,0.22817835421694915,0,-0.11,-0.22,-0.11
2014-02-20 05:40:00,0.066,0.2876374062831855,0,-0.11,-0.22,-0.11
2014-02-20 05:45:00,0.132,0.2264673790941185,0,-0.11,-0.22,-0.11
2014-02-20 05:50:00,0.134,0.2283968503779279,0,-0.11,-0.22,-0.11
2014-02-20 05:55:00,0.20199999999999999,0.3006801279001169,0,-0.11,-0.22,-0.11
2014-02-20 06:00:00,0.132,0.2262391411708337,0,-0.11,-0.22,-0.11
2014-02-20 06:05:00,0.134,0.22795683619343385,0,-0.11,-0.22,-0.11
2014-02-20 06:10:00,0.068,0.2854038869232688,0,-0.11,-0.22,-0.11
2014-02-20 06:15:00,0.132,0.22623291516112945,0,-0.11,-0.22,-0.11
2014-02-20 06:20:00,0.132,0.2260305929256569,0,-0.11,-0.22,-0.11
2014-02-20 06:25:00,0.066,0.2876408095797571,0,-0.11,-0.22,-0.11
2014-02-20 06:30:00,0.134,0.22817159250935665,0,-0.11,-0.22,-0.11
2014-02-20 06:35:00,0.134,0.22795683619343385,0,-0.11,-0.22,-0.11
2014-02-20 06:40:00,0.132,0.2260241793894551,0,-0.11,-0.22,-0.11
2014-02-20 06:45:00,0.134,0.22795683619343385,0,-0.11,-0.22,-0.11
2014-02-20 06:50:00,0.066,0.2876480543435573,0,-0.11,-0.22,-0.11
2014-02-20 06:55:00,0.132,0.22623272707618536,0,-0.11,-0.22,-0.11
2014-02-20 07:00:00,0.132,0.2262391411708337,0,-0.11,-0.22,-0.11
2014-02-20 07:05:00,0.132,0.2262391411708337,0,-0.11,-0.22,-0.11
2014-02-20 07:10:00,0.134,0.227956836193434,0,-0.11,-0.22,-0.11
2014-02-20 07:15:00,0.066,0.28746181304633056,0,-0.11,-0.22,-0.11
2014-02-20 07:20:00,0.136,0.23012308875726234,0,-0.11,-0.22,-0.11
2014-02-20 07:25:00,0.068,0.2852303997566629,0,-0.11,-0.22,-0.11
2014-02-20 07:30:00,0.134,0.2283777251187473,0,-0.11,-0.22,-0.11
2014-02-20 07:35:00,0.132,0.22644829188330576,0,-0.11,-0.22,-0.11
2014-02-20 07:40:00,0.134,0.2283841985757943,0,-0.11,-0.22,-0.11
2014-02-20 07:45:00,0.132,0.2262395170844999,0,-0.11,-0.22,-0.11
2014-02-20 07:50:00,0.134,0.2281756681883892,0,-0.11,-0.22,-0.11
2014-02-20 07:55:00,0.134,0.2281756681883892,0,-0.11,-0.22,-0.11
2014-02-20 08:00:00,0.132,0.2262395170845,0,-0.11,-0.22,-0.11
2014-02-20 08:05:00,0.132,0.22603057645982605,0,-0.11,-0.22,-0.11
2014-02-20 08:10:00,0.066,0.28778268713136385,0,-0.11,-0.22,-0.11
2014-02-20 08:15:00,0.134,0.2281756681883892,0,-0.11,-0.22,-0.11
2014-02-20 08:20:00,0.068,0.2852339896874597,0,-0.11,-0.22,-0.11
2014-02-20 08:25:00,0.134,0.2285971501052251,0,-0.11,-0.22,-0.11
2014-02-20 08:30:00,0.134,0.2285971501052251,0,-0.11,-0.22,-0.11
2014-02-20 08:35:00,0.132,0.2264488746892372,0,-0.11,-0.22,-0.11
2014-02-20 08:40:00,0.068,0.2850606619481781,0,-0.11,-0.22,-0.11
2014-02-20 08:45:00,0.134,0.2285974666281553,0,-0.11,-0.22,-0.11
2014-02-20 08:50:00,0.134,0.2285909796404671,0,-0.11,-0.22,-0.11
2014-02-20 08:55:00,0.132,0.2266516405193159,0,-0.11,-0.22,-0.11
2014-02-20 09:00:00,0.134,0.2285909796404671,0,-0.11,-0.22,-0.11
2014-02-20 09:05:00,0.066,0.2873263923616357,0,-0.11,-0.22,-0.11
2014-02-20 09:10:00,0.134,0.2285909796404671,0,-0.11,-0.22,-0.11
2014-02-20 09:15:00,0.134,0.22858449286801946,0,-0.11,-0.22,-0.11
2014-02-20 09:20:00,0.066,0.28733362561681863,0,-0.11,-0.22,-0.11
2014-02-20 09:25:00,0.132,0.2266516405193159,0,-0.11,-0.22,-0.11
2014-02-20 09:30:00,0.132,0.2264426362313537,0,-0.11,-0.22,-0.11
2014-02-20 09:35:00,0.134,0.2283822132100091,0,-0.11,-0.22,-0.11
2014-02-20 09:40:00,0.066,0.2873263923616357,0,-0.11,-0.22,-0.11
2014-02-20 09:45:00,0.134,0.2285909796404671,0,-0.11,-0.22,-0.11
2014-02-20 09:50:00,0.134,0.22837572746884505,0,-0.11,-0.22,-0.11
2014-02-20 09:55:00,0.132,0.2264426362313537,0,-0.11,-0.22,-0.11
2014-02-20 10:00:00,0.134,0.2286017596765988,0,-0.11,-0.22,-0.11
2014-02-20 10:05:00,0.068,0.2851902056135985,0,-0.11,-0.22,-0.11
2014-02-20 10:10:00,0.132,0.226665301979857,0,-0.11,-0.22,-0.11
2014-02-20 10:15:00,0.134,0.2286082587316617,0,-0.11,-0.22,-0.11
2014-02-20 10:20:00,0.066,0.28714390802571177,0,-0.11,-0.22,-0.11
2014-02-20 10:25:00,0.132,0.2268809729373469,0,-0.11,-0.22,-0.11
2014-02-20 10:30:00,0.134,0.2288302575188047,0,-0.11,-0.22,-0.11
2014-02-20 10:35:00,0.066,0.287129570649164,0,-0.11,-0.22,-0.11
2014-02-20 10:40:00,0.20199999999999999,0.3013812727327194,0,-0.11,-0.22,-0.11
2014-02-20 10:45:00,0.132,0.22667074885212324,0,-0.11,-0.22,-0.11
2014-02-20 10:50:00,0.132,0.2264617532274091,0,-0.11,-0.22,-0.11
2014-02-20 10:55:00,0.134,0.2284013653064605,0,-0.11,-0.22,-0.11
2014-02-20 11:00:00,0.132,0.2264681927981225,0,-0.11,-0.22,-0.11
2014-02-20 11:05:00,0.136,0.230346125698912,0,-0.11,-0.22,-0.11
2014-02-20 11:10:00,0.132,0.2264617471201668,0,-0.11,-0.22,-0.11
2014-02-20 11:15:00,0.066,0.2875923554958595,0,-0.11,-0.22,-0.11
2014-02-20 11:20:00,0.132,0.2264744242221025,0,-0.11,-0.22,-0.11
2014-02-20 11:25:00,0.132,0.2262715231631708,0,-0.11,-0.22,-0.11
2014-02-20 11:30:00,0.134,0.22821130934094225,0,-0.11,-0.22,-0.11
2014-02-20 11:35:00,0.134,0.22821130934094225,0,-0.11,-0.22,-0.11
2014-02-20 11:40:00,0.066,0.28787761007720003,0,-0.11,-0.22,-0.11
2014-02-20 11:45:00,0.134,0.22821130934094225,0,-0.11,-0.22,-0.11
2014-02-20 11:50:00,0.134,0.22821130934094225,0,-0.11,-0.22,-0.11
2014-02-20 11:55:00,0.132,0.2262779619617881,0,-0.11,-0.22,-0.11
2014-02-20 12:00:00,0.134,0.2282177945486587,0,-0.11,-0.22,-0.11
2014-02-20 12:05:00,0.068,0.2853093327866397,0,-0.11,-0.22,-0.11
2014-02-20 12:10:00,0.134,0.228426994433262,0,-0.11,-0.22,-0.11
2014-02-20 12:15:00,0.134,0.2282116058440805,0,-0.11,-0.22,-0.11
2014-02-20 12:20:00,0.134,0.2282051204917041,0,-0.11,-0.22,-0.11
2014-02-20 12:25:00,0.066,0.2875778529087896,0,-0.11,-0.22,-0.11
2014-02-20 12:30:00,0.134,0.2284205079244105,0,-0.11,-0.22,-0.11
2014-02-20 12:35:00,0.132,0.2262717147300881,0,-0.11,-0.22,-0.11
2014-02-20 12:40:00,0.134,0.2282116058440804,0,-0.11,-0.22,-0.11
2014-02-20 12:45:00,0.066,0.2875706022649248,0,-0.11,-0.22,-0.11
2014-02-20 12:50:00,0.134,0.228426994433262,0,-0.11,-0.22,-0.11
2014-02-20 12:55:00,0.134,0.228426994433262,0,-0.11,-0.22,-0.11
2014-02-20 13:00:00,0.134,0.228426994433262,0,-0.11,-0.22,-0.11
2014-02-20 13:05:00,0.132,0.2264873036516351,0,-0.11,-0.22,-0.11
2014-02-20 13:10:00,0.132,0.2262844009587382,0,-0.11,-0.22,-0.11
2014-02-20 13:15:00,0.134,0.22822427996592065,0,-0.11,-0.22,-0.11
2014-02-20 13:20:00,0.132,0.2262844009587382,0,-0.11,-0.22,-0.11
2014-02-20 13:25:00,0.134,0.2280087470703477,0,-0.11,-0.22,-0.11
2014-02-20 13:30:00,0.134,0.22801524032015705,0,-0.11,-0.22,-0.11
2014-02-20 13:35:00,0.066,0.2878559105815109,0,-0.11,-0.22,-0.11
2014-02-20 13:40:00,0.132,0.2262972853949541,0,-0.11,-0.22,-0.11
2014-02-20 13:45:00,0.134,0.2280217251114389,0,-0.11,-0.22,-0.11
2014-02-20 13:50:00,0.068,0.2855952295093632,0,-0.11,-0.22,-0.11
2014-02-20 13:55:00,0.132,0.22629747835800226,0,-0.11,-0.22,-0.11
2014-02-20 14:00:00,0.136,0.2301828048839297,0,-0.11,-0.22,-0.11
2014-02-20 14:05:00,0.134,0.2282245771773286,0,-0.11,-0.22,-0.11
2014-02-20 14:10:00,0.134,0.2282245771773286,0,-0.11,-0.22,-0.11
2014-02-20 14:15:00,0.066,0.2875633520540112,0,-0.11,-0.22,-0.11
2014-02-20 14:20:00,0.136,0.23037836527437625,0,-0.11,-0.22,-0.11
2014-02-20 14:25:00,0.134,0.2282115968584357,0,-0.11,-0.22,-0.11
2014-02-20 14:30:00,0.134,0.2282115968584357,0,-0.11,-0.22,-0.11
2014-02-20 14:35:00,0.132,0.2262781480613864,0,-0.11,-0.22,-0.11
2014-02-20 14:40:00,0.134,0.22821808240954186,0,-0.11,-0.22,-0.11
2014-02-20 14:45:00,0.134,0.22821808240954186,0,-0.11,-0.22,-0.11
2014-02-20 14:50:00,0.132,0.22628458739655186,0,-0.11,-0.22,-0.11
2014-02-20 14:55:00,0.134,0.22821808240954186,0,-0.11,-0.22,-0.11
2014-02-20 15:00:00,0.132,0.2262781480613864,0,-0.11,-0.22,-0.11
2014-02-20 15:05:00,0.132,0.2260688321843025,0,-0.11,-0.22,-0.11
2014-02-20 15:10:00,0.134,0.22800902437090914,0,-0.11,-0.22,-0.11
2014-02-20 15:15:00,0.132,0.22607527095533025,0,-0.11,-0.22,-0.11
2014-02-20 15:20:00,0.066,0.28785945140627,0,-0.11,-0.22,-0.11
2014-02-20 15:25:00,0.136,0.2301762479374385,0,-0.11,-0.22,-0.11
2014-02-20 15:30:00,0.134,0.2282245591631543,0,-0.11,-0.22,-0.11
2014-02-20 15:35:00,0.134,0.2280090157046106,0,-0.11,-0.22,-0.11
2014-02-20 15:40:00,0.134,0.2280090157046106,0,-0.11,-0.22,-0.11
2014-02-20 15:45:00,0.066,0.287866608367197,0,-0.11,-0.22,-0.11
2014-02-20 15:50:00,0.20199999999999999,0.300698783179289,0,-0.11,-0.22,-0.11
2014-02-20 15:55:00,0.134,0.2280055068375899,0,-0.11,-0.22,-0.11
2014-02-20 16:00:00,0.066,0.2877277899658474,0,-0.11,-0.22,-0.11
2014-02-20 16:05:00,0.132,0.22629072559064925,0,-0.11,-0.22,-0.11
2014-02-20 16:10:00,0.066,0.2877205337856361,0,-0.11,-0.22,-0.11
2014-02-20 16:15:00,0.134,0.22844612774660705,0,-0.11,-0.22,-0.11
2014-02-20 16:20:00,0.132,0.2265128482712808,0,-0.11,-0.22,-0.11
2014-02-20 16:25:00,0.068,0.2849811241798267,0,-0.11,-0.22,-0.11
2014-02-20 16:30:00,0.132,0.2267284840464897,0,-0.11,-0.22,-0.11
2014-02-20 16:35:00,0.132,0.2265194933515651,0,-0.11,-0.22,-0.11
2014-02-20 16:40:00,0.134,0.22845292386075786,0,-0.11,-0.22,-0.11
2014-02-20 16:45:00,0.134,0.2284464365216343,0,-0.11,-0.22,-0.11
2014-02-20 16:50:00,0.132,0.2265130525484721,0,-0.11,-0.22,-0.11
2014-02-20 16:55:00,0.134,0.22845292386075786,0,-0.11,-0.22,-0.11
2014-02-20 17:00:00,0.134,0.22845292386075786,0,-0.11,-0.22,-0.11
2014-02-20 17:05:00,0.066,0.28754137709152405,0,-0.11,-0.22,-0.11
2014-02-20 17:10:00,0.134,0.22845292386075786,0,-0.11,-0.22,-0.11
2014-02-20 17:15:00,0.134,0.2284464365216343,0,-0.11,-0.22,-0.11
2014-02-20 17:20:00,0.136,0.2303848736688828,0,-0.11,-0.22,-0.11
2014-02-20 17:25:00,0.132,0.2262845757433377,0,-0.11,-0.22,-0.11
2014-02-20 17:30:00,0.134,0.2282180644169205,0,-0.11,-0.22,-0.11
2014-02-20 17:35:00,0.134,0.2282180644169205,0,-0.11,-0.22,-0.11
2014-02-20 17:40:00,0.066,0.28787376574136336,0,-0.11,-0.22,-0.11
2014-02-20 17:45:00,0.132,0.2265006544698696,0,-0.11,-0.22,-0.11
2014-02-20 17:50:00,0.134,0.22822818592802802,0,-0.11,-0.22,-0.11
2014-02-20 17:55:00,0.132,0.2262846798633828,0,-0.11,-0.22,-0.11
2014-02-20 18:00:00,0.134,0.2282216883240165,0,-0.11,-0.22,-0.11
2014-02-20 18:05:00,0.134,0.2282216883240165,0,-0.11,-0.22,-0.11
2014-02-20 18:10:00,0.2,0.2985066866708119,0,-0.11,-0.22,-0.11
2014-02-20 18:15:00,0.134,0.2279960378650895,0,-0.11,-0.22,-0.11
2014-02-20 18:20:00,0.134,0.22799603786508946,0,-0.11,-0.22,-0.11
2014-02-20 18:25:00,0.134,0.2282151909303779,0,-0.11,-0.22,-0.11
2014-02-20 18:30:00,0.066,0.28801689841729083,0,-0.11,-0.22,-0.11
2014-02-20 18:35:00,0.134,0.22844181708205946,0,-0.11,-0.22,-0.11
2014-02-20 18:40:00,0.134,0.2282256524363628,0,-0.11,-0.22,-0.11
2014-02-20 18:45:00,0.134,0.2282256524363628,0,-0.11,-0.22,-0.11
2014-02-20 18:50:00,0.066,0.2878449087083034,0,-0.11,-0.22,-0.11
2014-02-20 18:55:00,0.2,0.2988519774704261,0,-0.11,-0.22,-0.11
2014-02-20 19:00:00,0.066,0.2877091338425354,0,-0.11,-0.22,-0.11
2014-02-20 19:05:00,0.134,0.2284247793677083,0,-0.11,-0.22,-0.11
2014-02-20 19:10:00,0.134,0.2284247793677083,0,-0.11,-0.22,-0.11
2014-02-20 19:15:00,0.134,0.2284247793677083,0,-0.11,-0.22,-0.11
2014-02-20 19:20:00,0.134,0.2284247793677083,0,-0.11,-0.22,-0.11
2014-02-20 19:25:00,0.134,0.2284247793677083,0,-0.11,-0.22,-0.11
2014-02-20 19:30:00,0.134,0.22841828087998226,0,-0.11,-0.22,-0.11
2014-02-20 19:35:00,0.132,0.2264815089439222,0,-0.11,-0.22,-0.11
2014-02-20 19:40:00,0.132,0.22648796077358505,0,-0.11,-0.22,-0.11
2014-02-20 19:45:00,0.134,0.228431278068936,0,-0.11,-0.22,-0.11
2014-02-20 19:50:00,0.134,0.2284247793677083,0,-0.11,-0.22,-0.11
2014-02-20 19:55:00,0.136,0.23036668268301125,0,-0.11,-0.22,-0.11
2014-02-20 20:00:00,0.134,0.2284052752204742,0,-0.11,-0.22,-0.11
2014-02-20 20:05:00,0.134,0.2284052752204742,0,-0.11,-0.22,-0.11
2014-02-20 20:10:00,0.134,0.2284052752204742,0,-0.11,-0.22,-0.11
2014-02-20 20:15:00,0.134,0.2286321039866615,0,-0.11,-0.22,-0.11
2014-02-20 20:20:00,0.132,0.2264757183619245,0,-0.11,-0.22,-0.11
2014-02-20 20:25:00,0.134,0.22842259497751904,0,-0.11,-0.22,-0.11
2014-02-20 20:30:00,0.132,0.2264757183619245,0,-0.11,-0.22,-0.11
2014-02-20 20:35:00,0.134,0.2282064224325295,0,-0.11,-0.22,-0.11
2014-02-20 20:40:00,0.066,0.2878632613472004,0,-0.11,-0.22,-0.11
2014-02-20 20:45:00,0.134,0.2284160844216173,0,-0.11,-0.22,-0.11
2014-02-20 20:50:00,0.134,0.2284160844216172,0,-0.11,-0.22,-0.11
2014-02-20 20:55:00,0.134,0.2284160844216172,0,-0.11,-0.22,-0.11
2014-02-20 21:00:00,0.132,0.22647571836192434,0,-0.11,-0.22,-0.11
2014-02-20 21:05:00,0.132,0.2264821820919645,0,-0.11,-0.22,-0.11
2014-02-20 21:10:00,0.066,0.2875445589514407,0,-0.11,-0.22,-0.11
2014-02-20 21:15:00,0.132,0.2267048659260409,0,-0.11,-0.22,-0.11
2014-02-20 21:20:00,0.132,0.2264951101611354,0,-0.11,-0.22,-0.11
2014-02-20 21:25:00,0.134,0.2286626121377297,0,-0.11,-0.22,-0.11
2014-02-20 21:30:00,0.134,0.2284462034320165,0,-0.11,-0.22,-0.11
2014-02-20 21:35:00,0.134,0.2284462034320165,0,-0.11,-0.22,-0.11
2014-02-20 21:40:00,0.2,0.2990006732691423,0,-0.11,-0.22,-0.11
2014-02-20 21:45:00,0.066,0.2878559802407405,0,-0.11,-0.22,-0.11
2014-02-20 21:50:00,0.132,0.22627226285118845,0,-0.11,-0.22,-0.11
2014-02-20 21:55:00,0.132,0.2265023063452265,0,-0.11,-0.22,-0.11
2014-02-20 22:00:00,0.132,0.2265087830731092,0,-0.11,-0.22,-0.11
2014-02-20 22:05:00,0.132,0.2265087830731092,0,-0.11,-0.22,-0.11
2014-02-20 22:10:00,0.132,0.2265087830731092,0,-0.11,-0.22,-0.11
2014-02-20 22:15:00,0.068,0.2853933271715808,0,-0.11,-0.22,-0.11
2014-02-20 22:20:00,0.134,0.2286697946494913,0,-0.11,-0.22,-0.11
2014-02-20 22:25:00,0.134,0.22866979464949125,0,-0.11,-0.22,-0.11
2014-02-20 22:30:00,0.132,0.22672562356351744,0,-0.11,-0.22,-0.11
2014-02-20 22:35:00,0.066,0.2876588628814335,0,-0.11,-0.22,-0.11
2014-02-20 22:40:00,0.134,0.2286763202697206,0,-0.11,-0.22,-0.11
2014-02-20 22:45:00,0.134,0.2286763202697206,0,-0.11,-0.22,-0.11
2014-02-20 22:50:00,0.132,0.2267321018238697,0,-0.11,-0.22,-0.11
2014-02-20 22:55:00,0.134,0.2286828461090041,0,-0.11,-0.22,-0.11
2014-02-20 23:00:00,0.132,0.2267321018238697,0,-0.11,-0.22,-0.11
2014-02-20 23:05:00,0.066,0.28734052209469113,0,-0.11,-0.22,-0.11
2014-02-20 23:10:00,0.134,0.2288991338293365,0,-0.11,-0.22,-0.11
2014-02-20 23:15:00,0.132,0.2267385802919294,0,-0.11,-0.22,-0.11
2014-02-20 23:20:00,0.068,0.28507464666038024,0,-0.11,-0.22,-0.11
2014-02-20 23:25:00,0.132,0.2269552868334991,0,-0.11,-0.22,-0.11
2014-02-20 23:30:00,0.066,0.2870271225329277,0,-0.11,-0.22,-0.11
2014-02-20 23:35:00,0.132,0.22696176695898834,0,-0.11,-0.22,-0.11
2014-02-20 23:40:00,0.136,0.2308684854506069,0,-0.11,-0.22,-0.11
2014-02-20 23:45:00,0.134,0.2288994597914273,0,-0.11,-0.22,-0.11
2014-02-20 23:50:00,0.134,0.2288994597914273,0,-0.11,-0.22,-0.11
2014-02-20 23:55:00,0.13,0.22502279416203136,0,-0.11,-0.22,-0.11
2014-02-21 00:00:00,0.066,0.2870196672252587,0,-0.11,-0.22,-0.11
2014-02-21 00:05:00,0.134,0.2289125053936437,0,-0.11,-0.22,-0.11
2014-02-21 00:10:00,0.136,0.2311004213615093,0,-0.11,-0.22,-0.11
2014-02-21 00:15:00,0.066,0.28684849471740553,0,-0.11,-0.22,-0.11
2014-02-21 00:20:00,0.134,0.22913434284633685,0,-0.11,-0.22,-0.11
2014-02-21 00:25:00,0.132,0.22718657416500915,0,-0.11,-0.22,-0.11
2014-02-21 00:30:00,0.132,0.2271930681419277,0,-0.11,-0.22,-0.11
2014-02-21 00:35:00,0.134,0.22915398063430764,0,-0.11,-0.22,-0.11
2014-02-21 00:40:00,0.068,0.2848761468765073,0,-0.11,-0.22,-0.11
2014-02-21 00:45:00,0.198,0.29751219807338136,0,-0.11,-0.22,-0.11
2014-02-21 00:50:00,0.132,0.2269818961953174,0,-0.11,-0.22,-0.11
2014-02-21 00:55:00,0.134,0.2289331151669095,0,-0.11,-0.22,-0.11
2014-02-21 01:00:00,0.2,0.29947311988507463,0,-0.11,-0.22,-0.11
2014-02-21 01:05:00,0.134,0.22848279386608314,0,-0.11,-0.22,-0.11
2014-02-21 01:10:00,0.066,0.28750566733900385,0,-0.11,-0.22,-0.11
2014-02-21 01:15:00,0.132,0.2267641817285808,0,-0.11,-0.22,-0.11
2014-02-21 01:20:00,0.132,0.22677065050493475,0,-0.11,-0.22,-0.11
2014-02-21 01:25:00,0.068,0.2847466565565752,0,-0.11,-0.22,-0.11
2014-02-21 01:30:00,0.134,0.2291424738498204,0,-0.11,-0.22,-0.11
2014-02-21 01:35:00,0.134,0.2291424738498203,0,-0.11,-0.22,-0.11
2014-02-21 01:40:00,0.068,0.2847466565565752,0,-0.11,-0.22,-0.11
2014-02-21 01:45:00,0.134,0.2291424738498203,0,-0.11,-0.22,-0.11
2014-02-21 01:50:00,0.134,0.2291424738498204,0,-0.11,-0.22,-0.11
2014-02-21 01:55:00,0.132,0.22719805421433464,0,-0.11,-0.22,-0.11
2014-02-21 02:00:00,0.134,0.22914900481434355,0,-0.11,-0.22,-0.11
2014-02-21 02:05:00,0.134,0.2293777238875417,0,-0.11,-0.22,-0.11
2014-02-21 02:10:00,0.066,0.2868277584980115,0,-0.11,-0.22,-0.11
2014-02-21 02:15:00,0.132,0.2274296975438856,0,-0.11,-0.22,-0.11
2014-02-21 02:20:00,0.134,0.2293777238875417,0,-0.11,-0.22,-0.11
2014-02-21 02:25:00,0.066,0.2865193059401457,0,-0.11,-0.22,-0.11
2014-02-21 02:30:00,0.134,0.22959403318749586,0,-0.11,-0.22,-0.11
2014-02-21 02:35:00,0.134,0.2293839063050738,0,-0.11,-0.22,-0.11
2014-02-21 02:40:00,0.134,0.2293904626760221,0,-0.11,-0.22,-0.11
2014-02-21 02:45:00,0.136,0.2313435769831431,0,-0.11,-0.22,-0.11
2014-02-21 02:50:00,0.066,0.2865155954883989,0,-0.11,-0.22,-0.11
2014-02-21 02:55:00,0.134,0.22937736117749444,0,-0.11,-0.22,-0.11
2014-02-21 03:00:00,0.134,0.22959291700319065,0,-0.11,-0.22,-0.11
2014-02-21 03:05:00,0.134,0.22937624824222136,0,-0.11,-0.22,-0.11
2014-02-21 03:10:00,0.066,0.28665279958435863,0,-0.11,-0.22,-0.11
2014-02-21 03:15:00,0.132,0.2276417284281955,0,-0.11,-0.22,-0.11
2014-02-21 03:20:00,0.068,0.28408901198434944,0,-0.11,-0.22,-0.11
2014-02-21 03:25:00,1.6,0.9989882447549072,0,-0.11,-0.22,-0.11
2014-02-21 03:30:00,0.134,0.2242581547526537,0,-0.11,-0.22,-0.11
2014-02-21 03:35:00,0.066,0.2717955818063693,0,-0.11,-0.22,-0.11
2014-02-21 03:40:00,0.132,0.22300754342707974,0,-0.11,-0.22,-0.11
2014-02-21 03:45:00,0.132,0.22301220359397966,0,-0.11,-0.22,-0.11
2014-02-21 03:50:00,0.134,0.2244180117812388,0,-0.11,-0.22,-0.11
2014-02-21 03:55:00,0.134,0.2244133298321785,0,-0.11,-0.22,-0.11
2014-02-21 04:00:00,0.134,0.2244133298321785,0,-0.11,-0.22,-0.11
2014-02-21 04:05:00,0.066,0.27179029182999426,0,-0.11,-0.22,-0.11
2014-02-21 04:10:00,0.20199999999999999,0.27571472600473385,0,-0.11,-0.22,-0.11
2014-02-21 04:15:00,0.066,0.2719484540757127,0,-0.11,-0.22,-0.11
2014-02-21 04:20:00,0.134,0.2244069317569999,0,-0.11,-0.22,-0.11
2014-02-21 04:25:00,0.066,0.27174843166984314,0,-0.11,-0.22,-0.11
2014-02-21 04:30:00,0.136,0.22580816143926324,0,-0.11,-0.22,-0.11
2014-02-21 04:35:00,0.132,0.2230025799057921,0,-0.11,-0.22,-0.11
2014-02-21 04:40:00,0.134,0.2297742800267458,0,-0.11,-0.22,-0.11
2014-02-21 04:45:00,0.066,0.2862873963251079,0,-0.11,-0.22,-0.11
2014-02-21 04:50:00,0.132,0.22781941527159705,0,-0.11,-0.22,-0.11
2014-02-21 04:55:00,0.134,0.2297742800267458,0,-0.11,-0.22,-0.11
2014-02-21 05:00:00,0.132,0.22782591679480216,0,-0.11,-0.22,-0.11
2014-02-21 05:05:00,0.068,0.2837243214921641,0,-0.11,-0.22,-0.11
2014-02-21 05:10:00,0.134,0.2297746637648152,0,-0.11,-0.22,-0.11
2014-02-21 05:15:00,0.134,0.22999771716970824,0,-0.11,-0.22,-0.11
2014-02-21 05:20:00,0.132,0.2280458041186071,0,-0.11,-0.22,-0.11
2014-02-21 05:25:00,0.132,0.22784188165600194,0,-0.11,-0.22,-0.11
2014-02-21 05:30:00,0.132,0.2278483958118019,0,-0.11,-0.22,-0.11
2014-02-21 05:35:00,0.066,0.2860844655581577,0,-0.11,-0.22,-0.11
2014-02-21 05:40:00,0.132,0.2278549101945736,0,-0.11,-0.22,-0.11
2014-02-21 05:45:00,0.066,0.2860844655581577,0,-0.11,-0.22,-0.11
2014-02-21 05:50:00,0.134,0.2300235815674193,0,-0.11,-0.22,-0.11
2014-02-21 05:55:00,0.132,0.2280715771114565,0,-0.11,-0.22,-0.11
2014-02-21 06:00:00,0.134,0.2300235815674193,0,-0.11,-0.22,-0.11
2014-02-21 06:05:00,0.132,0.2280715771114565,0,-0.11,-0.22,-0.11
2014-02-21 06:10:00,0.132,0.2280715771114565,0,-0.11,-0.22,-0.11
2014-02-21 06:15:00,0.068,0.283823283137703,0,-0.11,-0.22,-0.11
2014-02-21 06:20:00,0.132,0.2280653519674675,0,-0.11,-0.22,-0.11
2014-02-21 06:25:00,0.134,0.2300239798590357,0,-0.11,-0.22,-0.11
2014-02-21 06:30:00,0.066,0.2860881557628419,0,-0.11,-0.22,-0.11
2014-02-21 06:35:00,0.134,0.2300239798590357,0,-0.11,-0.22,-0.11
2014-02-21 06:40:00,0.134,0.2300239798590357,0,-0.11,-0.22,-0.11
2014-02-21 06:45:00,0.2,0.3006256966201957,0,-0.11,-0.22,-0.11
2014-02-21 06:50:00,0.066,0.2862695361457588,0,-0.11,-0.22,-0.11
2014-02-21 06:55:00,0.198,0.29815404469753826,0,-0.11,-0.22,-0.11
2014-02-21 07:00:00,0.068,0.28370645873744704,0,-0.11,-0.22,-0.11
2014-02-21 07:05:00,0.134,0.23001167484636176,0,-0.11,-0.22,-0.11
2014-02-21 07:10:00,0.132,0.2280628698166858,0,-0.11,-0.22,-0.11
2014-02-21 07:15:00,0.066,0.2859561614702485,0,-0.11,-0.22,-0.11
2014-02-21 07:20:00,0.134,0.2300178331798564,0,-0.11,-0.22,-0.11
2014-02-21 07:25:00,0.134,0.2300112785510923,0,-0.11,-0.22,-0.11
2014-02-21 07:30:00,0.066,0.2859704893726181,0,-0.11,-0.22,-0.11
2014-02-21 07:35:00,0.132,0.2280625800075542,0,-0.11,-0.22,-0.11
2014-02-21 07:40:00,0.132,0.22806908518832664,0,-0.11,-0.22,-0.11
2014-02-21 07:45:00,0.134,0.2300178331798564,0,-0.11,-0.22,-0.11
2014-02-21 07:50:00,0.134,0.2300178331798564,0,-0.11,-0.22,-0.11
2014-02-21 07:55:00,0.134,0.2298016522893464,0,-0.11,-0.22,-0.11
2014-02-21 08:00:00,0.134,0.2297950996257217,0,-0.11,-0.22,-0.11
2014-02-21 08:05:00,0.068,0.2837278840307276,0,-0.11,-0.22,-0.11
2014-02-21 08:10:00,0.132,0.2280433545785523,0,-0.11,-0.22,-0.11
2014-02-21 08:15:00,0.066,0.2856829913041513,0,-0.11,-0.22,-0.11
2014-02-21 08:20:00,0.134,0.2299985655852945,0,-0.11,-0.22,-0.11
2014-02-21 08:25:00,0.132,0.228056373279902,0,-0.11,-0.22,-0.11
2014-02-21 08:30:00,0.068,0.283713707150514,0,-0.11,-0.22,-0.11
2014-02-21 08:35:00,0.134,0.2300116868563115,0,-0.11,-0.22,-0.11
2014-02-21 08:40:00,0.134,0.2300051320942485,0,-0.11,-0.22,-0.11
2014-02-21 08:45:00,0.066,0.28567595701119364,0,-0.11,-0.22,-0.11
2014-02-21 08:50:00,0.136,0.2321748562766853,0,-0.11,-0.22,-0.11
2014-02-21 08:55:00,0.132,0.2282595399945939,0,-0.11,-0.22,-0.11
2014-02-21 09:00:00,0.136,0.2321748406862407,0,-0.11,-0.22,-0.11
2014-02-21 09:05:00,0.132,0.2282530245194863,0,-0.11,-0.22,-0.11
2014-02-21 09:10:00,0.066,0.2853927352148081,0,-0.11,-0.22,-0.11
2014-02-21 09:15:00,0.134,0.23020150407688564,0,-0.11,-0.22,-0.11
2014-02-21 09:20:00,0.134,0.23020150407688564,0,-0.11,-0.22,-0.11
2014-02-21 09:25:00,0.134,0.2299916041361189,0,-0.11,-0.22,-0.11
2014-02-21 09:30:00,0.066,0.2856863779485982,0,-0.11,-0.22,-0.11
2014-02-21 09:35:00,0.134,0.23020765370519444,0,-0.11,-0.22,-0.11
2014-02-21 09:40:00,0.134,0.2302010979858945,0,-0.11,-0.22,-0.11
2014-02-21 09:45:00,0.134,0.2299912089969015,0,-0.11,-0.22,-0.11
2014-02-21 09:50:00,0.134,0.2299912089969015,0,-0.11,-0.22,-0.11
2014-02-21 09:55:00,0.132,0.2280427684044568,0,-0.11,-0.22,-0.11
2014-02-21 10:00:00,0.132,0.2280427684044568,0,-0.11,-0.22,-0.11
2014-02-21 10:05:00,0.066,0.2856755861193605,0,-0.11,-0.22,-0.11
2014-02-21 10:10:00,0.134,0.2299977625283789,0,-0.11,-0.22,-0.11
2014-02-21 10:15:00,0.132,0.22804927252878104,0,-0.11,-0.22,-0.11
2014-02-21 10:20:00,0.134,0.23000431630070856,0,-0.11,-0.22,-0.11
2014-02-21 10:25:00,0.066,0.2859738719840307,0,-0.11,-0.22,-0.11
2014-02-21 10:30:00,0.134,0.2299977625283789,0,-0.11,-0.22,-0.11
2014-02-21 10:35:00,0.132,0.2280427684044568,0,-0.11,-0.22,-0.11
2014-02-21 10:40:00,0.066,0.28567558611936056,0,-0.11,-0.22,-0.11
2014-02-21 10:45:00,0.134,0.2299977625283789,0,-0.11,-0.22,-0.11
2014-02-21 10:50:00,0.134,0.2299977625283789,0,-0.11,-0.22,-0.11
2014-02-21 10:55:00,0.132,0.22804927252878104,0,-0.11,-0.22,-0.11
2014-02-21 11:00:00,0.134,0.2299977625283789,0,-0.11,-0.22,-0.11
2014-02-21 11:05:00,0.136,0.2319578982409768,0,-0.11,-0.22,-0.11
2014-02-21 11:10:00,0.066,0.2859772548311339,0,-0.11,-0.22,-0.11
2014-02-21 11:15:00,0.134,0.2299908019506921,0,-0.11,-0.22,-0.11
2014-02-21 11:20:00,0.132,0.2280424710165465,0,-0.11,-0.22,-0.11
2014-02-21 11:25:00,0.134,0.22978120333785546,0,-0.11,-0.22,-0.11
2014-02-21 11:30:00,0.134,0.22977465213547474,0,-0.11,-0.22,-0.11
2014-02-21 11:35:00,0.132,0.22782618561955795,0,-0.11,-0.22,-0.11
2014-02-21 11:40:00,0.134,0.2295649242581562,0,-0.11,-0.22,-0.11
2014-02-21 11:45:00,0.066,0.2861062026855823,0,-0.11,-0.22,-0.11
2014-02-21 11:50:00,0.134,0.23000467973970026,0,-0.11,-0.22,-0.11
2014-02-21 11:55:00,0.134,0.22999811406495035,0,-0.11,-0.22,-0.11
2014-02-21 12:00:00,0.134,0.22999811406495035,0,-0.11,-0.22,-0.11
2014-02-21 12:05:00,0.134,0.2299915486319141,0,-0.11,-0.22,-0.11
2014-02-21 12:10:00,0.068,0.28356306830478994,0,-0.11,-0.22,-0.11
2014-02-21 12:15:00,0.134,0.2302018189142536,0,-0.11,-0.22,-0.11
2014-02-21 12:20:00,0.066,0.2858323454853903,0,-0.11,-0.22,-0.11
2014-02-21 12:25:00,0.136,0.2321587749912589,0,-0.11,-0.22,-0.11
2014-02-21 12:30:00,0.134,0.23018210517901816,0,-0.11,-0.22,-0.11
2014-02-21 12:35:00,0.066,0.28554838493678075,0,-0.11,-0.22,-0.11
2014-02-21 12:40:00,0.134,0.2303984054974353,0,-0.11,-0.22,-0.11
2014-02-21 12:45:00,0.134,0.23018210517901816,0,-0.11,-0.22,-0.11
2014-02-21 12:50:00,0.136,0.23214552551680234,0,-0.11,-0.22,-0.11
2014-02-21 12:55:00,0.134,0.2301755262337737,0,-0.11,-0.22,-0.11
2014-02-21 13:00:00,0.134,0.2301689598503719,0,-0.11,-0.22,-0.11
2014-02-21 13:05:00,0.134,0.2301689598503719,0,-0.11,-0.22,-0.11
2014-02-21 13:10:00,0.066,0.2858570943666885,0,-0.11,-0.22,-0.11
2014-02-21 13:15:00,0.134,0.2301751201587781,0,-0.11,-0.22,-0.11
2014-02-21 13:20:00,0.066,0.28555176810077765,0,-0.11,-0.22,-0.11
2014-02-21 13:25:00,0.134,0.2303914066923695,0,-0.11,-0.22,-0.11
2014-02-21 13:30:00,0.134,0.2301751201587781,0,-0.11,-0.22,-0.11
2014-02-21 13:35:00,0.134,0.2301751201587781,0,-0.11,-0.22,-0.11
2014-02-21 13:40:00,0.068,0.28331056330578724,0,-0.11,-0.22,-0.11
2014-02-21 13:45:00,0.136,0.2323418176756268,0,-0.11,-0.22,-0.11
2014-02-21 13:50:00,0.132,0.22820427113508565,0,-0.11,-0.22,-0.11
2014-02-21 13:55:00,0.134,0.2301623814271569,0,-0.11,-0.22,-0.11
2014-02-21 14:00:00,0.134,0.2301623814271569,0,-0.11,-0.22,-0.11
2014-02-21 14:05:00,0.134,0.2301623814271569,0,-0.11,-0.22,-0.11
2014-02-21 14:10:00,0.198,0.29861069706538423,0,-0.11,-0.22,-0.11
2014-02-21 14:15:00,0.066,0.28575412967081776,0,-0.11,-0.22,-0.11
2014-02-21 14:20:00,0.132,0.22820096383678426,0,-0.11,-0.22,-0.11
2014-02-21 14:25:00,0.134,0.2301490397547196,0,-0.11,-0.22,-0.11
2014-02-21 14:30:00,0.066,0.2854495319170824,0,-0.11,-0.22,-0.11
2014-02-21 14:35:00,0.132,0.2284170009457792,0,-0.11,-0.22,-0.11
2014-02-21 14:40:00,0.134,0.23015559386611395,0,-0.11,-0.22,-0.11
2014-02-21 14:45:00,0.132,0.22820096383678426,0,-0.11,-0.22,-0.11
2014-02-21 14:50:00,0.066,0.2854424034777219,0,-0.11,-0.22,-0.11
2014-02-21 14:55:00,0.134,0.2301617443133421,0,-0.11,-0.22,-0.11
2014-02-21 15:00:00,0.134,0.2301551903218458,0,-0.11,-0.22,-0.11
2014-02-21 15:05:00,0.134,0.2301617565520009,0,-0.11,-0.22,-0.11
2014-02-21 15:10:00,0.066,0.2854317584821424,0,-0.11,-0.22,-0.11
2014-02-21 15:15:00,0.134,0.2303776717794541,0,-0.11,-0.22,-0.11
2014-02-21 15:20:00,0.066,0.2854317584821423,0,-0.11,-0.22,-0.11
2014-02-21 15:25:00,0.132,0.2284362302239506,0,-0.11,-0.22,-0.11
2014-02-21 15:30:00,0.134,0.23039079743566085,0,-0.11,-0.22,-0.11
2014-02-21 15:35:00,0.066,0.2851142136897666,0,-0.11,-0.22,-0.11
2014-02-21 15:40:00,0.134,0.23060004329464204,0,-0.11,-0.22,-0.11
2014-02-21 15:45:00,0.134,0.23060004329464204,0,-0.11,-0.22,-0.11
2014-02-21 15:50:00,0.066,0.2848189826194039,0,-0.11,-0.22,-0.11
2014-02-21 15:55:00,0.2,0.3014029791142224,0,-0.11,-0.22,-0.11
2014-02-21 16:00:00,0.066,0.2846976459510717,0,-0.11,-0.22,-0.11
2014-02-21 16:05:00,0.134,0.2307943404282521,0,-0.11,-0.22,-0.11
2014-02-21 16:10:00,0.132,0.228843672116365,0,-0.11,-0.22,-0.11
2014-02-21 16:15:00,0.066,0.28440422666093923,0,-0.11,-0.22,-0.11
2014-02-21 16:20:00,0.134,0.23100299383238201,0,-0.11,-0.22,-0.11
2014-02-21 16:25:00,0.134,0.2307877919335949,0,-0.11,-0.22,-0.11
2014-02-21 16:30:00,0.066,0.2844043338057439,0,-0.11,-0.22,-0.11
2014-02-21 16:35:00,0.134,0.2310095583360797,0,-0.11,-0.22,-0.11
2014-02-21 16:40:00,0.132,0.2290654621515021,0,-0.11,-0.22,-0.11
2014-02-21 16:45:00,0.134,0.2310161095859497,0,-0.11,-0.22,-0.11
2014-02-21 16:50:00,0.198,0.298948588035232,0,-0.11,-0.22,-0.11
2014-02-21 16:55:00,0.134,0.23081488634845945,0,-0.11,-0.22,-0.11
2014-02-21 17:00:00,0.134,0.23081488634845945,0,-0.11,-0.22,-0.11
2014-02-21 17:05:00,0.134,0.2305995459433795,0,-0.11,-0.22,-0.11
2014-02-21 17:10:00,0.136,0.232549126660326,0,-0.11,-0.22,-0.11
2014-02-21 17:15:00,0.134,0.2303709926828101,0,-0.11,-0.22,-0.11
2014-02-21 17:20:00,0.134,0.2303709926828101,0,-0.11,-0.22,-0.11
2014-02-21 17:25:00,0.132,0.2284198746269181,0,-0.11,-0.22,-0.11
2014-02-21 17:30:00,0.134,0.2301615733056865,0,-0.11,-0.22,-0.11
2014-02-21 17:35:00,0.134,0.2301550307472072,0,-0.11,-0.22,-0.11
2014-02-21 17:40:00,0.134,0.2301484884311172,0,-0.11,-0.22,-0.11
2014-02-21 17:45:00,0.068,0.28307333987738764,0,-0.11,-0.22,-0.11
2014-02-21 17:50:00,0.134,0.2303579032629517,0,-0.11,-0.22,-0.11
2014-02-21 17:55:00,0.134,0.23035135892140784,0,-0.11,-0.22,-0.11
2014-02-21 18:00:00,0.134,0.23035135892140784,0,-0.11,-0.22,-0.11
2014-02-21 18:05:00,0.132,0.2284068851255012,0,-0.11,-0.22,-0.11
2014-02-21 18:10:00,0.066,0.28532335340366205,0,-0.11,-0.22,-0.11
2014-02-21 18:15:00,0.134,0.2303579032629517,0,-0.11,-0.22,-0.11
2014-02-21 18:20:00,0.134,0.2303579032629517,0,-0.11,-0.22,-0.11
2014-02-21 18:25:00,0.068,0.2827772691116444,0,-0.11,-0.22,-0.11
2014-02-21 18:30:00,0.134,0.2305672338070052,0,-0.11,-0.22,-0.11
2014-02-21 18:35:00,0.134,0.2305672338070052,0,-0.11,-0.22,-0.11
2014-02-21 18:40:00,0.066,0.2847297668597237,0,-0.11,-0.22,-0.11
2014-02-21 18:45:00,0.136,0.2325232685453061,0,-0.11,-0.22,-0.11
2014-02-21 18:50:00,0.132,0.2286097491753293,0,-0.11,-0.22,-0.11
2014-02-21 18:55:00,0.134,0.2305606742596196,0,-0.11,-0.22,-0.11
2014-02-21 19:00:00,0.066,0.28474381195975396,0,-0.11,-0.22,-0.11
2014-02-21 19:05:00,0.132,0.2288251737180873,0,-0.11,-0.22,-0.11
2014-02-21 19:10:00,0.134,0.2307760111741993,0,-0.11,-0.22,-0.11
2014-02-21 19:15:00,0.134,0.2309998599001066,0,-0.11,-0.22,-0.11
2014-02-21 19:20:00,0.134,0.2309998599001066,0,-0.11,-0.22,-0.11
2014-02-21 19:25:00,0.134,0.2309998599001066,0,-0.11,-0.22,-0.11
2014-02-21 19:30:00,0.196,0.29697359328230266,0,-0.11,-0.22,-0.11
2014-02-21 19:35:00,0.136,0.2325308949074052,0,-0.11,-0.22,-0.11
2014-02-21 19:40:00,0.068,0.2825027543856124,0,-0.11,-0.22,-0.11
2014-02-21 19:45:00,0.132,0.2288326387005419,0,-0.11,-0.22,-0.11
2014-02-21 19:50:00,0.134,0.2307838379439347,0,-0.11,-0.22,-0.11
2014-02-21 19:55:00,0.132,0.22862367690328905,0,-0.11,-0.22,-0.11
2014-02-21 20:00:00,0.066,0.2845601637635615,0,-0.11,-0.22,-0.11
2014-02-21 20:05:00,0.134,0.2307986609167844,0,-0.11,-0.22,-0.11
2014-02-21 20:10:00,0.132,0.2288503625365985,0,-0.11,-0.22,-0.11
2014-02-21 20:15:00,0.066,0.2845530931721177,0,-0.11,-0.22,-0.11
2014-02-21 20:20:00,0.134,0.2310208701521441,0,-0.11,-0.22,-0.11
2014-02-21 20:25:00,0.134,0.2310208701521441,0,-0.11,-0.22,-0.11
2014-02-21 20:30:00,0.066,0.2842527120914479,0,-0.11,-0.22,-0.11
2014-02-21 20:35:00,0.134,0.2312364138408594,0,-0.11,-0.22,-0.11
2014-02-21 20:40:00,0.134,0.23122984601144825,0,-0.11,-0.22,-0.11
2014-02-21 20:45:00,0.136,0.2331829194841385,0,-0.11,-0.22,-0.11
2014-02-21 20:50:00,0.134,0.23121669723233404,0,-0.11,-0.22,-0.11
2014-02-21 20:55:00,0.132,0.2292686550367305,0,-0.11,-0.22,-0.11
2014-02-21 21:00:00,0.134,0.23122984601144825,0,-0.11,-0.22,-0.11
2014-02-21 21:05:00,0.066,0.2839604159075115,0,-0.11,-0.22,-0.11
2014-02-21 21:10:00,0.132,0.229497198973504,0,-0.11,-0.22,-0.11
2014-02-21 21:15:00,0.134,0.23145185893382825,0,-0.11,-0.22,-0.11
2014-02-21 21:20:00,0.132,0.2295037181100849,0,-0.11,-0.22,-0.11
2014-02-21 21:25:00,0.132,0.2295037181100849,0,-0.11,-0.22,-0.11
2014-02-21 21:30:00,0.066,0.28364808679464026,0,-0.11,-0.22,-0.11
2014-02-21 21:35:00,0.134,0.2316672096267307,0,-0.11,-0.22,-0.11
2014-02-21 21:40:00,0.134,0.2316672096267307,0,-0.11,-0.22,-0.11
2014-02-21 21:45:00,0.066,0.28365509910301456,0,-0.11,-0.22,-0.11
2014-02-21 21:50:00,0.132,0.2297191152489107,0,-0.11,-0.22,-0.11
2014-02-21 21:55:00,0.134,0.2316737832663326,0,-0.11,-0.22,-0.11
2014-02-21 22:00:00,0.134,0.2316737832663326,0,-0.11,-0.22,-0.11
2014-02-21 22:05:00,0.066,0.2833578468984257,0,-0.11,-0.22,-0.11
2014-02-21 22:10:00,0.134,0.2318758937837597,0,-0.11,-0.22,-0.11
2014-02-21 22:15:00,0.134,0.2316606362542281,0,-0.11,-0.22,-0.11
2014-02-21 22:20:00,0.132,0.2297060721676425,0,-0.11,-0.22,-0.11
2014-02-21 22:25:00,0.066,0.28337183484503714,0,-0.11,-0.22,-0.11
2014-02-21 22:30:00,0.132,0.2299213623838653,0,-0.11,-0.22,-0.11
2014-02-21 22:35:00,0.134,0.2318758937837597,0,-0.11,-0.22,-0.11
2014-02-21 22:40:00,0.066,0.2830685926473839,0,-0.11,-0.22,-0.11
2014-02-21 22:45:00,0.132,0.2303655927436845,0,-0.11,-0.22,-0.11
2014-02-21 22:50:00,0.134,0.23210823995355,0,-0.11,-0.22,-0.11
2014-02-21 22:55:00,0.134,0.2321016484241148,0,-0.11,-0.22,-0.11
2014-02-21 23:00:00,0.066,0.2829040267274013,0,-0.11,-0.22,-0.11
2014-02-21 23:05:00,0.134,0.2323039218340001,0,-0.11,-0.22,-0.11
2014-02-21 23:10:00,0.134,0.23229732797208585,0,-0.11,-0.22,-0.11
2014-02-21 23:15:00,0.134,0.2322907343881393,0,-0.11,-0.22,-0.11
2014-02-21 23:20:00,0.066,0.2829145236352479,0,-0.11,-0.22,-0.11
2014-02-21 23:25:00,0.132,0.2303455586793873,0,-0.11,-0.22,-0.11
2014-02-21 23:30:00,0.134,0.23230340537308936,0,-0.11,-0.22,-0.11
2014-02-21 23:35:00,0.134,0.2322968118782157,0,-0.11,-0.22,-0.11
2014-02-21 23:40:00,0.134,0.2320813704714199,0,-0.11,-0.22,-0.11
2014-02-21 23:45:00,0.066,0.282914523635248,0,-0.11,-0.22,-0.11
2014-02-21 23:50:00,0.134,0.2322968118782157,0,-0.11,-0.22,-0.11
2014-02-21 23:55:00,0.132,0.2303390182062251,0,-0.11,-0.22,-0.11
2014-02-22 00:00:00,0.134,0.2322968118782157,0,-0.11,-0.22,-0.11
2014-02-22 00:05:00,0.066,0.2826264364422518,0,-0.11,-0.22,-0.11
2014-02-22 00:10:00,0.134,0.2322902186612717,0,-0.11,-0.22,-0.11
2014-02-22 00:15:00,0.136,0.2342529171004233,0,-0.11,-0.22,-0.11
2014-02-22 00:20:00,0.066,0.2826402383853832,0,-0.11,-0.22,-0.11
2014-02-22 00:25:00,0.132,0.2303320564208876,0,-0.11,-0.22,-0.11
2014-02-22 00:30:00,0.136,0.23424562986650602,0,-0.11,-0.22,-0.11
2014-02-22 00:35:00,0.066,0.2829317833319824,0,-0.11,-0.22,-0.11
2014-02-22 00:40:00,0.132,0.23031896516969685,0,-0.11,-0.22,-0.11
2014-02-22 00:45:00,0.132,0.2303320564208876,0,-0.11,-0.22,-0.11
2014-02-22 00:50:00,0.066,0.28262291117190314,0,-0.11,-0.22,-0.11
2014-02-22 00:55:00,0.132,0.2305539490366467,0,-0.11,-0.22,-0.11
2014-02-22 01:00:00,0.132,0.23054741897354786,0,-0.11,-0.22,-0.11
2014-02-22 01:05:00,0.132,0.2303386086660292,0,-0.11,-0.22,-0.11
2014-02-22 01:10:00,0.066,0.28261606291776364,0,-0.11,-0.22,-0.11
2014-02-22 01:15:00,0.134,0.23251825957414946,0,-0.11,-0.22,-0.11
2014-02-22 01:20:00,0.134,0.2323029046416711,0,-0.11,-0.22,-0.11
2014-02-22 01:25:00,0.134,0.2323029046416711,0,-0.11,-0.22,-0.11
2014-02-22 01:30:00,0.132,0.2303451611988975,0,-0.11,-0.22,-0.11
2014-02-22 01:35:00,0.066,0.28261616658287103,0,-0.11,-0.22,-0.11
2014-02-22 01:40:00,0.134,0.2325116631671315,0,-0.11,-0.22,-0.11
2014-02-22 01:45:00,0.134,0.2323023883440099,0,-0.11,-0.22,-0.11
2014-02-22 01:50:00,0.134,0.23252196361191024,0,-0.11,-0.22,-0.11
2014-02-22 01:55:00,0.134,0.2325153559877265,0,-0.11,-0.22,-0.11
2014-02-22 02:00:00,0.066,0.28244509100670884,0,-0.11,-0.22,-0.11
2014-02-22 02:05:00,0.132,0.2310006630877564,0,-0.11,-0.22,-0.11
2014-02-22 02:10:00,0.134,0.2329653238338769,0,-0.11,-0.22,-0.11
2014-02-22 02:15:00,0.066,0.2822670955099068,0,-0.11,-0.22,-0.11
2014-02-22 02:20:00,0.134,0.2329586970204648,0,-0.11,-0.22,-0.11
2014-02-22 02:25:00,0.134,0.23295207049745995,0,-0.11,-0.22,-0.11
2014-02-22 02:30:00,0.066,0.2822706212909541,0,-0.11,-0.22,-0.11
2014-02-22 02:35:00,0.132,0.231000216304392,0,-0.11,-0.22,-0.11
2014-02-22 02:40:00,0.134,0.2329647696838389,0,-0.11,-0.22,-0.11
2014-02-22 02:45:00,0.066,0.2822533274536769,0,-0.11,-0.22,-0.11
2014-02-22 02:50:00,0.134,0.2329708419835787,0,-0.11,-0.22,-0.11
2014-02-22 02:55:00,0.132,0.2310129139539437,0,-0.11,-0.22,-0.11
2014-02-22 03:00:00,0.134,0.2329708419835787,0,-0.11,-0.22,-0.11
2014-02-22 03:05:00,0.066,0.2819598555108541,0,-0.11,-0.22,-0.11
2014-02-22 03:10:00,0.136,0.2351561457960353,0,-0.11,-0.22,-0.11
2014-02-22 03:15:00,0.134,0.2329641988347244,0,-0.11,-0.22,-0.11
2014-02-22 03:20:00,0.066,0.28197359632653024,0,-0.11,-0.22,-0.11
2014-02-22 03:25:00,0.134,0.2331734085320123,0,-0.11,-0.22,-0.11
2014-02-22 03:30:00,1.4680000000000002,0.9978451683172992,0,-0.11,-0.22,-0.11
2014-02-22 03:35:00,0.068,0.268997157681423,0,-0.11,-0.22,-0.11
2014-02-22 03:40:00,0.132,0.2258913559673655,0,-0.11,-0.22,-0.11
2014-02-22 03:45:00,0.132,0.2258962384704828,0,-0.11,-0.22,-0.11
2014-02-22 03:50:00,0.068,0.2687800621099874,0,-0.11,-0.22,-0.11
2014-02-22 03:55:00,0.132,0.2259012230836561,0,-0.11,-0.22,-0.11
2014-02-22 04:00:00,0.198,0.27776046874089466,0,-0.11,-0.22,-0.11
2014-02-22 04:05:00,0.134,0.22721263353102306,0,-0.11,-0.22,-0.11
2014-02-22 04:10:00,0.068,0.26892885280837897,0,-0.11,-0.22,-0.11
2014-02-22 04:15:00,0.132,0.2257436173747099,0,-0.11,-0.22,-0.11
2014-02-22 04:20:00,0.132,0.2257436173747099,0,-0.11,-0.22,-0.11
2014-02-22 04:25:00,0.134,0.2270531884822975,0,-0.11,-0.22,-0.11
2014-02-22 04:30:00,0.132,0.23196277721355266,0,-0.11,-0.22,-0.11
2014-02-22 04:35:00,0.066,0.2870175466075425,0,-0.11,-0.22,-0.11
2014-02-22 04:40:00,0.132,0.23196993468715585,0,-0.11,-0.22,-0.11
2014-02-22 04:45:00,0.136,0.2362389686533467,0,-0.11,-0.22,-0.11
2014-02-22 04:50:00,0.066,0.28703235978536146,0,-0.11,-0.22,-0.11
2014-02-22 04:55:00,0.134,0.2343164653696663,0,-0.11,-0.22,-0.11
2014-02-22 05:00:00,0.134,0.2343164653696663,0,-0.11,-0.22,-0.11
2014-02-22 05:05:00,0.134,0.2343164653696663,0,-0.11,-0.22,-0.11
2014-02-22 05:10:00,0.066,0.28703235978536146,0,-0.11,-0.22,-0.11
2014-02-22 05:15:00,0.134,0.23457597968198315,0,-0.11,-0.22,-0.11
2014-02-22 05:20:00,0.066,0.2868566572312434,0,-0.11,-0.22,-0.11
2014-02-22 05:25:00,0.132,0.23244372168615204,0,-0.11,-0.22,-0.11
2014-02-22 05:30:00,0.134,0.23434958521432825,0,-0.11,-0.22,-0.11
2014-02-22 05:35:00,0.066,0.2868418563008979,0,-0.11,-0.22,-0.11
2014-02-22 05:40:00,0.134,0.2345832507779547,0,-0.11,-0.22,-0.11
2014-02-22 05:45:00,0.134,0.2345832507779547,0,-0.11,-0.22,-0.11
2014-02-22 05:50:00,0.132,0.2322171986658885,0,-0.11,-0.22,-0.11
2014-02-22 05:55:00,0.066,0.28684932232794896,0,-0.11,-0.22,-0.11
2014-02-22 06:00:00,0.132,0.2324509220035061,0,-0.11,-0.22,-0.11
2014-02-22 06:05:00,0.132,0.2324509220035061,0,-0.11,-0.22,-0.11
2014-02-22 06:10:00,0.066,0.2868300515750912,0,-0.11,-0.22,-0.11
2014-02-22 06:15:00,0.134,0.23459699179127666,0,-0.11,-0.22,-0.11
2014-02-22 06:20:00,0.134,0.2345969917912765,0,-0.11,-0.22,-0.11
2014-02-22 06:25:00,0.068,0.2840815248121511,0,-0.11,-0.22,-0.11
2014-02-22 06:30:00,0.134,0.23480955610560506,0,-0.11,-0.22,-0.11
2014-02-22 06:35:00,0.134,0.23480230369856445,0,-0.11,-0.22,-0.11
2014-02-22 06:40:00,0.134,0.23456875472699545,0,-0.11,-0.22,-0.11
2014-02-22 06:45:00,0.068,0.2841153834689864,0,-0.11,-0.22,-0.11
2014-02-22 06:50:00,0.134,0.2345550139485313,0,-0.11,-0.22,-0.11
2014-02-22 06:55:00,0.134,0.2345550139485313,0,-0.11,-0.22,-0.11
2014-02-22 07:00:00,0.132,0.2324156333858457,0,-0.11,-0.22,-0.11
2014-02-22 07:05:00,0.136,0.2367007423319015,0,-0.11,-0.22,-0.11
2014-02-22 07:10:00,0.132,0.2324084344519329,0,-0.11,-0.22,-0.11
2014-02-22 07:15:00,0.132,0.2324084344519329,0,-0.11,-0.22,-0.11
2014-02-22 07:20:00,0.066,0.2868790590365899,0,-0.11,-0.22,-0.11
2014-02-22 07:25:00,0.134,0.2345469906299386,0,-0.11,-0.22,-0.11
2014-02-22 07:30:00,0.134,0.2345469906299386,0,-0.11,-0.22,-0.11
2014-02-22 07:35:00,0.066,0.2868865271423535,0,-0.11,-0.22,-0.11
2014-02-22 07:40:00,0.132,0.2324149989190831,0,-0.11,-0.22,-0.11
2014-02-22 07:45:00,0.134,0.2345542373323493,0,-0.11,-0.22,-0.11
2014-02-22 07:50:00,0.066,0.2863796431529353,0,-0.11,-0.22,-0.11
2014-02-22 07:55:00,0.20199999999999999,0.3152334440981739,0,-0.11,-0.22,-0.11
2014-02-22 08:00:00,0.134,0.2347905950130869,0,-0.11,-0.22,-0.11
2014-02-22 08:05:00,0.134,0.2345631249033097,0,-0.11,-0.22,-0.11
2014-02-22 08:10:00,0.134,0.2345631249033097,0,-0.11,-0.22,-0.11
2014-02-22 08:15:00,0.066,0.2867083024412359,0,-0.11,-0.22,-0.11
2014-02-22 08:20:00,0.134,0.23455586393757885,0,-0.11,-0.22,-0.11
2014-02-22 08:25:00,0.066,0.2867083024412359,0,-0.11,-0.22,-0.11
2014-02-22 08:30:00,0.134,0.2347898241836497,0,-0.11,-0.22,-0.11
2014-02-22 08:35:00,0.134,0.23455586393757885,0,-0.11,-0.22,-0.11
2014-02-22 08:40:00,0.066,0.2867157639160349,0,-0.11,-0.22,-0.11
2014-02-22 08:45:00,0.132,0.2326393720535317,0,-0.11,-0.22,-0.11
2014-02-22 08:50:00,0.068,0.2839576308758307,0,-0.11,-0.22,-0.11
2014-02-22 08:55:00,0.132,0.23287394469576744,0,-0.11,-0.22,-0.11
2014-02-22 09:00:00,0.134,0.23501721748387616,0,-0.11,-0.22,-0.11
2014-02-22 09:05:00,0.134,0.23501721748387616,0,-0.11,-0.22,-0.11
2014-02-22 09:10:00,0.066,0.2863814584145916,0,-0.11,-0.22,-0.11
2014-02-22 09:15:00,0.132,0.2328805007447429,0,-0.11,-0.22,-0.11
2014-02-22 09:20:00,0.134,0.2347898241836497,0,-0.11,-0.22,-0.11
2014-02-22 09:25:00,0.068,0.2839502049690981,0,-0.11,-0.22,-0.11
2014-02-22 09:30:00,0.134,0.23500994753269844,0,-0.11,-0.22,-0.11
2014-02-22 09:35:00,0.134,0.23478255903576506,0,-0.11,-0.22,-0.11
2014-02-22 09:40:00,0.066,0.2863888982251276,0,-0.11,-0.22,-0.11
2014-02-22 09:45:00,0.136,0.2371658991555957,0,-0.11,-0.22,-0.11
2014-02-22 09:50:00,0.132,0.2326393529126924,0,-0.11,-0.22,-0.11
2014-02-22 09:55:00,0.134,0.2347898241836497,0,-0.11,-0.22,-0.11
2014-02-22 10:00:00,0.134,0.2347825590357651,0,-0.11,-0.22,-0.11
2014-02-22 10:05:00,0.066,0.2863815890344104,0,-0.11,-0.22,-0.11
2014-02-22 10:10:00,0.134,0.2350164568650504,0,-0.11,-0.22,-0.11
2014-02-22 10:15:00,0.134,0.2347825823773354,0,-0.11,-0.22,-0.11
2014-02-22 10:20:00,0.066,0.28638902885849,0,-0.11,-0.22,-0.11
2014-02-22 10:25:00,0.132,0.2328805203291069,0,-0.11,-0.22,-0.11
2014-02-22 10:30:00,0.068,0.2836281344796357,0,-0.11,-0.22,-0.11
2014-02-22 10:35:00,0.134,0.2350172412554705,0,-0.11,-0.22,-0.11
2014-02-22 10:40:00,0.132,0.2328811666761937,0,-0.11,-0.22,-0.11
2014-02-22 10:45:00,0.132,0.2328883694506632,0,-0.11,-0.22,-0.11
2014-02-22 10:50:00,0.066,0.28605284261658737,0,-0.11,-0.22,-0.11
2014-02-22 10:55:00,0.134,0.2352656041801857,0,-0.11,-0.22,-0.11
2014-02-22 11:00:00,0.136,0.23740794263069104,0,-0.11,-0.22,-0.11
2014-02-22 11:05:00,0.134,0.2352437544194636,0,-0.11,-0.22,-0.11
2014-02-22 11:10:00,0.066,0.28607496941828003,0,-0.11,-0.22,-0.11
2014-02-22 11:15:00,0.134,0.2352437544194636,0,-0.11,-0.22,-0.11
2014-02-22 11:20:00,0.132,0.23310058770394584,0,-0.11,-0.22,-0.11
2014-02-22 11:25:00,0.132,0.2331077941801345,0,-0.11,-0.22,-0.11
2014-02-22 11:30:00,0.066,0.28606755016733565,0,-0.11,-0.22,-0.11
2014-02-22 11:35:00,0.132,0.2331150010282319,0,-0.11,-0.22,-0.11
2014-02-22 11:40:00,0.134,0.23525102920931626,0,-0.11,-0.22,-0.11
2014-02-22 11:45:00,0.134,0.23501721748387616,0,-0.11,-0.22,-0.11
2014-02-22 11:50:00,0.066,0.2860675501673356,0,-0.11,-0.22,-0.11
2014-02-22 11:55:00,0.132,0.2331150010282319,0,-0.11,-0.22,-0.11
2014-02-22 12:00:00,0.132,0.2331150010282319,0,-0.11,-0.22,-0.11
2014-02-22 12:05:00,0.134,0.2352583043874986,0,-0.11,-0.22,-0.11
2014-02-22 12:10:00,0.066,0.2857284478696732,0,-0.11,-0.22,-0.11
2014-02-22 12:15:00,0.134,0.2352656041801857,0,-0.11,-0.22,-0.11
2014-02-22 12:20:00,0.134,0.2352656041801857,0,-0.11,-0.22,-0.11
2014-02-22 12:25:00,0.066,0.2857358451743837,0,-0.11,-0.22,-0.11
2014-02-22 12:30:00,0.134,0.23549207460176666,0,-0.11,-0.22,-0.11
2014-02-22 12:35:00,0.132,0.2333560012240137,0,-0.11,-0.22,-0.11
2014-02-22 12:40:00,0.068,0.2829913667461668,0,-0.11,-0.22,-0.11
2014-02-22 12:45:00,0.134,0.23571929606737324,0,-0.11,-0.22,-0.11
2014-02-22 12:50:00,0.134,0.23548560698236515,0,-0.11,-0.22,-0.11
2014-02-22 12:55:00,0.136,0.2376352433675825,0,-0.11,-0.22,-0.11
2014-02-22 13:00:00,0.066,0.2854314903017613,0,-0.11,-0.22,-0.11
2014-02-22 13:05:00,0.134,0.2357119856354031,0,-0.11,-0.22,-0.11
2014-02-22 13:10:00,0.132,0.2335759282133174,0,-0.11,-0.22,-0.11
2014-02-22 13:15:00,0.132,0.2333559807657961,0,-0.11,-0.22,-0.11
2014-02-22 13:20:00,0.066,0.28540513513946986,0,-0.11,-0.22,-0.11
2014-02-22 13:25:00,0.134,0.23549933052307104,0,-0.11,-0.22,-0.11
2014-02-22 13:30:00,0.134,0.23550663613790365,0,-0.11,-0.22,-0.11
2014-02-22 13:35:00,0.136,0.2376563386804059,0,-0.11,-0.22,-0.11
2014-02-22 13:40:00,0.066,0.28572831901789914,0,-0.11,-0.22,-0.11
2014-02-22 13:45:00,0.134,0.23549933052307104,0,-0.11,-0.22,-0.11
2014-02-22 13:50:00,0.136,0.2376489602607115,0,-0.11,-0.22,-0.11
2014-02-22 13:55:00,0.136,0.2376489602607115,0,-0.11,-0.22,-0.11
2014-02-22 14:00:00,0.066,0.28541238354637816,0,-0.11,-0.22,-0.11
2014-02-22 14:05:00,0.132,0.23358965177236,0,-0.11,-0.22,-0.11
2014-02-22 14:10:00,0.132,0.2335968687048832,0,-0.11,-0.22,-0.11
2014-02-22 14:15:00,0.066,0.2853976311816522,0,-0.11,-0.22,-0.11
2014-02-22 14:20:00,0.132,0.2336040860186486,0,-0.11,-0.22,-0.11
2014-02-22 14:25:00,0.134,0.23551386813636802,0,-0.11,-0.22,-0.11
2014-02-22 14:30:00,0.068,0.28296903011629776,0,-0.11,-0.22,-0.11
2014-02-22 14:35:00,0.134,0.2357411044595874,0,-0.11,-0.22,-0.11
2014-02-22 14:40:00,0.066,0.28507986049915063,0,-0.11,-0.22,-0.11
2014-02-22 14:45:00,0.132,0.2336113037138184,0,-0.11,-0.22,-0.11
2014-02-22 14:50:00,0.132,0.2336257612063725,0,-0.11,-0.22,-0.11
2014-02-22 14:55:00,0.20199999999999999,0.31612427940492865,0,-0.11,-0.22,-0.11
2014-02-22 15:00:00,0.134,0.2354999870951703,0,-0.11,-0.22,-0.11
2014-02-22 15:05:00,0.134,0.2354999870951703,0,-0.11,-0.22,-0.11
2014-02-22 15:10:00,0.134,0.2354999870951703,0,-0.11,-0.22,-0.11
2014-02-22 15:15:00,0.134,0.23574590644228705,0,-0.11,-0.22,-0.11
2014-02-22 15:20:00,0.066,0.2853818128674198,0,-0.11,-0.22,-0.11
2014-02-22 15:25:00,0.134,0.2357386209507552,0,-0.11,-0.22,-0.11
2014-02-22 15:30:00,0.134,0.2357386209507552,0,-0.11,-0.22,-0.11
2014-02-22 15:35:00,0.066,0.2853891875886796,0,-0.11,-0.22,-0.11
2014-02-22 15:40:00,0.132,0.2335954896159685,0,-0.11,-0.22,-0.11
2014-02-22 15:45:00,0.134,0.2357386209507552,0,-0.11,-0.22,-0.11
2014-02-22 15:50:00,0.068,0.2826570592861658,0,-0.11,-0.22,-0.11
2014-02-22 15:55:00,0.134,0.2357248778624216,0,-0.11,-0.22,-0.11
2014-02-22 16:00:00,0.134,0.2357248778624216,0,-0.11,-0.22,-0.11
2014-02-22 16:05:00,0.134,0.2357248778624216,0,-0.11,-0.22,-0.11
2014-02-22 16:10:00,0.068,0.2826684242786641,0,-0.11,-0.22,-0.11
2014-02-22 16:15:00,0.134,0.2357184194440505,0,-0.11,-0.22,-0.11
2014-02-22 16:20:00,0.132,0.2335824352209173,0,-0.11,-0.22,-0.11
2014-02-22 16:25:00,0.134,0.2354920253311095,0,-0.11,-0.22,-0.11
2014-02-22 16:30:00,0.066,0.28541976031815314,0,-0.11,-0.22,-0.11
2014-02-22 16:35:00,0.132,0.2335824352209173,0,-0.11,-0.22,-0.11
2014-02-22 16:40:00,0.066,0.2854123835463781,0,-0.11,-0.22,-0.11
2014-02-22 16:45:00,0.134,0.23572570472077384,0,-0.11,-0.22,-0.11
2014-02-22 16:50:00,0.132,0.2335896517723601,0,-0.11,-0.22,-0.11
2014-02-22 16:55:00,0.134,0.235499305873014,0,-0.11,-0.22,-0.11
2014-02-22 17:00:00,0.134,0.2357539112993821,0,-0.11,-0.22,-0.11
2014-02-22 17:05:00,0.136,0.2376740714285757,0,-0.11,-0.22,-0.11
2014-02-22 17:10:00,0.066,0.2855637251285074,0,-0.11,-0.22,-0.11
2014-02-22 17:15:00,0.134,0.2357392825968248,0,-0.11,-0.22,-0.11
2014-02-22 17:20:00,0.136,0.23765931142912025,0,-0.11,-0.22,-0.11
2014-02-22 17:25:00,0.134,0.23549781658159705,0,-0.11,-0.22,-0.11
2014-02-22 17:30:00,0.134,0.23549781658159705,0,-0.11,-0.22,-0.11
2014-02-22 17:35:00,0.134,0.23526360993424475,0,-0.11,-0.22,-0.11
2014-02-22 17:40:00,0.134,0.23526360993424475,0,-0.11,-0.22,-0.11
2014-02-22 17:45:00,0.066,0.2859100503129016,0,-0.11,-0.22,-0.11
2014-02-22 17:50:00,0.134,0.2354905209884293,0,-0.11,-0.22,-0.11
2014-02-22 17:55:00,0.134,0.2357375089747744,0,-0.11,-0.22,-0.11
2014-02-22 18:00:00,0.134,0.2357375089747744,0,-0.11,-0.22,-0.11
2014-02-22 18:05:00,0.066,0.2854173379125182,0,-0.11,-0.22,-0.11
2014-02-22 18:10:00,0.134,0.2359720356235025,0,-0.11,-0.22,-0.11
2014-02-22 18:15:00,0.132,0.2338343990305302,0,-0.11,-0.22,-0.11
2014-02-22 18:20:00,0.066,0.28507986215602765,0,-0.11,-0.22,-0.11
2014-02-22 18:25:00,0.134,0.2362211851204177,0,-0.11,-0.22,-0.11
2014-02-22 18:30:00,0.134,0.23621385775839066,0,-0.11,-0.22,-0.11
2014-02-22 18:35:00,0.066,0.2847655668832311,0,-0.11,-0.22,-0.11
2014-02-22 18:40:00,0.132,0.23430326388021816,0,-0.11,-0.22,-0.11
2014-02-22 18:45:00,0.068,0.2820181587401647,0,-0.11,-0.22,-0.11
2014-02-22 18:50:00,0.132,0.23431052631216706,0,-0.11,-0.22,-0.11
2014-02-22 18:55:00,0.134,0.2364629467153477,0,-0.11,-0.22,-0.11
2014-02-22 19:00:00,0.134,0.2364629467153477,0,-0.11,-0.22,-0.11
2014-02-22 19:05:00,0.066,0.2844304321216911,0,-0.11,-0.22,-0.11
2014-02-22 19:10:00,0.134,0.2366899946999826,0,-0.11,-0.22,-0.11
2014-02-22 19:15:00,0.134,0.2364556133577099,0,-0.11,-0.22,-0.11
2014-02-22 19:20:00,0.134,0.2364556133577099,0,-0.11,-0.22,-0.11
2014-02-22 19:25:00,0.066,0.2844377573216847,0,-0.11,-0.22,-0.11
2014-02-22 19:30:00,0.134,0.236462068467418,0,-0.11,-0.22,-0.11
2014-02-22 19:35:00,0.134,0.2364620684674181,0,-0.11,-0.22,-0.11
2014-02-22 19:40:00,0.134,0.236462068467418,0,-0.11,-0.22,-0.11
2014-02-22 19:45:00,0.066,0.28474668241046536,0,-0.11,-0.22,-0.11
2014-02-22 19:50:00,0.134,0.2364694283690784,0,-0.11,-0.22,-0.11
2014-02-22 19:55:00,0.134,0.2364620950785392,0,-0.11,-0.22,-0.11
2014-02-22 20:00:00,0.134,0.2364620950785392,0,-0.11,-0.22,-0.11
2014-02-22 20:05:00,0.066,0.2847468094699141,0,-0.11,-0.22,-0.11
2014-02-22 20:10:00,0.134,0.2364547622030089,0,-0.11,-0.22,-0.11
2014-02-22 20:15:00,0.134,0.2364547622030089,0,-0.11,-0.22,-0.11
2014-02-22 20:20:00,0.134,0.2364547622030089,0,-0.11,-0.22,-0.11
2014-02-22 20:25:00,0.068,0.2820142867785536,0,-0.11,-0.22,-0.11
2014-02-22 20:30:00,0.134,0.2366826830452164,0,-0.11,-0.22,-0.11
2014-02-22 20:35:00,0.132,0.2347746644936673,0,-0.11,-0.22,-0.11
2014-02-22 20:40:00,0.068,0.2815285660752383,0,-0.11,-0.22,-0.11
2014-02-22 20:45:00,0.134,0.23693877458824866,0,-0.11,-0.22,-0.11
2014-02-22 20:50:00,0.134,0.2369314148546415,0,-0.11,-0.22,-0.11
2014-02-22 20:55:00,0.132,0.23478197554018984,0,-0.11,-0.22,-0.11
2014-02-22 21:00:00,0.066,0.2839544969638962,0,-0.11,-0.22,-0.11
2014-02-22 21:05:00,0.134,0.2369314148546415,0,-0.11,-0.22,-0.11
2014-02-22 21:10:00,0.134,0.2369314148546415,0,-0.11,-0.22,-0.11
2014-02-22 21:15:00,0.068,0.2815431485690681,0,-0.11,-0.22,-0.11
2014-02-22 21:20:00,0.134,0.2369176057183449,0,-0.11,-0.22,-0.11
2014-02-22 21:25:00,0.134,0.2369176057183449,0,-0.11,-0.22,-0.11
2014-02-22 21:30:00,0.066,0.2839732362423371,0,-0.11,-0.22,-0.11
2014-02-22 21:35:00,0.132,0.2347681697524072,0,-0.11,-0.22,-0.11
2014-02-22 21:40:00,0.134,0.2369249651019833,0,-0.11,-0.22,-0.11
2014-02-22 21:45:00,0.066,0.28396593485044325,0,-0.11,-0.22,-0.11
2014-02-22 21:50:00,0.132,0.2350174552059741,0,-0.11,-0.22,-0.11
2014-02-22 21:55:00,0.132,0.2350247494763857,0,-0.11,-0.22,-0.11
2014-02-22 22:00:00,0.132,0.2350247494763857,0,-0.11,-0.22,-0.11
2014-02-22 22:05:00,0.134,0.2371818363203689,0,-0.11,-0.22,-0.11
2014-02-22 22:10:00,0.066,0.2839441582267448,0,-0.11,-0.22,-0.11
2014-02-22 22:15:00,0.134,0.2371744696126561,0,-0.11,-0.22,-0.11
2014-02-22 22:20:00,0.132,0.2350247494763857,0,-0.11,-0.22,-0.11
2014-02-22 22:25:00,0.134,0.2371744696126561,0,-0.11,-0.22,-0.11
2014-02-22 22:30:00,0.066,0.28364076875212074,0,-0.11,-0.22,-0.11
2014-02-22 22:35:00,0.134,0.2371671033356589,0,-0.11,-0.22,-0.11
2014-02-22 22:40:00,0.134,0.2371671033356589,0,-0.11,-0.22,-0.11
2014-02-22 22:45:00,0.132,0.2350174552059741,0,-0.11,-0.22,-0.11
2014-02-22 22:50:00,0.132,0.23479005775285705,0,-0.11,-0.22,-0.11
2014-02-22 22:55:00,0.134,0.23693971274208075,0,-0.11,-0.22,-0.11
2014-02-22 23:00:00,0.068,0.28153265027550395,0,-0.11,-0.22,-0.11
2014-02-22 23:05:00,0.134,0.2371680276762837,0,-0.11,-0.22,-0.11
2014-02-22 23:10:00,0.132,0.23478353949747235,0,-0.11,-0.22,-0.11
2014-02-22 23:15:00,0.066,0.283955595805888,0,-0.11,-0.22,-0.11
2014-02-22 23:20:00,0.134,0.2371753944558568,0,-0.11,-0.22,-0.11
2014-02-22 23:25:00,0.132,0.2350182397859355,0,-0.11,-0.22,-0.11
2014-02-22 23:30:00,0.132,0.23479082862669146,0,-0.11,-0.22,-0.11
2014-02-22 23:35:00,0.066,0.283955595805888,0,-0.11,-0.22,-0.11
2014-02-22 23:40:00,0.132,0.23502553454814035,0,-0.11,-0.22,-0.11
2014-02-22 23:45:00,0.134,0.2369479846577049,0,-0.11,-0.22,-0.11
2014-02-22 23:50:00,0.134,0.236940623479195,0,-0.11,-0.22,-0.11
2014-02-22 23:55:00,0.132,0.23479082862669146,0,-0.11,-0.22,-0.11
2014-02-23 00:00:00,0.066,0.2839482950806655,0,-0.11,-0.22,-0.11
2014-02-23 00:05:00,0.132,0.23479811816513746,0,-0.11,-0.22,-0.11
2014-02-23 00:10:00,0.066,0.2839409947227897,0,-0.11,-0.22,-0.11
2014-02-23 00:15:00,0.2,0.3154472142308477,0,-0.11,-0.22,-0.11
2014-02-23 00:20:00,0.132,0.2347865207255555,0,-0.11,-0.22,-0.11
2014-02-23 00:25:00,0.134,0.2367047815223877,0,-0.11,-0.22,-0.11
2014-02-23 00:30:00,0.132,0.2345522279710701,0,-0.11,-0.22,-0.11
2014-02-23 00:35:00,0.066,0.2841043496969283,0,-0.11,-0.22,-0.11
2014-02-23 00:40:00,0.134,0.2369391346028957,0,-0.11,-0.22,-0.11
2014-02-23 00:45:00,0.066,0.2837862397017111,0,-0.11,-0.22,-0.11
2014-02-23 00:50:00,0.132,0.2347937948406333,0,-0.11,-0.22,-0.11
2014-02-23 00:55:00,0.134,0.23694648047020275,0,-0.11,-0.22,-0.11
2014-02-23 01:00:00,0.134,0.23693913460289565,0,-0.11,-0.22,-0.11
2014-02-23 01:05:00,0.134,0.23693913460289565,0,-0.11,-0.22,-0.11
2014-02-23 01:10:00,0.068,0.2816880126802935,0,-0.11,-0.22,-0.11
2014-02-23 01:15:00,0.20199999999999999,0.3175960323030237,0,-0.11,-0.22,-0.11
2014-02-23 01:20:00,0.066,0.2839641729263061,0,-0.11,-0.22,-0.11
2014-02-23 01:25:00,0.134,0.2366745202525603,0,-0.11,-0.22,-0.11
2014-02-23 01:30:00,0.134,0.2366671975612423,0,-0.11,-0.22,-0.11
2014-02-23 01:35:00,0.068,0.2815537760853521,0,-0.11,-0.22,-0.11
2014-02-23 01:40:00,0.136,0.2388221965742687,0,-0.11,-0.22,-0.11
2014-02-23 01:45:00,0.132,0.23451294187628416,0,-0.11,-0.22,-0.11
2014-02-23 01:50:00,0.066,0.2839901566029134,0,-0.11,-0.22,-0.11
2014-02-23 01:55:00,0.198,0.312006063500058,0,-0.11,-0.22,-0.11
2014-02-23 02:00:00,0.066,0.2841650913857897,0,-0.11,-0.22,-0.11
2014-02-23 02:05:00,0.132,0.23448834547822955,0,-0.11,-0.22,-0.11
2014-02-23 02:10:00,0.132,0.23448834547822955,0,-0.11,-0.22,-0.11
2014-02-23 02:15:00,0.136,0.2385475267739732,0,-0.11,-0.22,-0.11
2014-02-23 02:20:00,0.134,0.2363908156268478,0,-0.11,-0.22,-0.11
2014-02-23 02:25:00,0.068,0.28176393755257484,0,-0.11,-0.22,-0.11
2014-02-23 02:30:00,0.134,0.2366178443478471,0,-0.11,-0.22,-0.11
2014-02-23 02:35:00,0.066,0.2838734406765104,0,-0.11,-0.22,-0.11
2014-02-23 02:40:00,0.134,0.2366105386174849,0,-0.11,-0.22,-0.11
2014-02-23 02:45:00,0.134,0.2366105386174849,0,-0.11,-0.22,-0.11
2014-02-23 02:50:00,0.066,0.2838734406765104,0,-0.11,-0.22,-0.11
2014-02-23 02:55:00,0.132,0.2347079516877585,0,-0.11,-0.22,-0.11
2014-02-23 03:00:00,0.134,0.23685126613839225,0,-0.11,-0.22,-0.11
2014-02-23 03:05:00,0.134,0.23661784434784705,0,-0.11,-0.22,-0.11
2014-02-23 03:10:00,0.066,0.2838734406765104,0,-0.11,-0.22,-0.11
2014-02-23 03:15:00,0.134,0.2368439545967876,0,-0.11,-0.22,-0.11
2014-02-23 03:20:00,0.136,0.2387598714545898,0,-0.11,-0.22,-0.11
2014-02-23 03:25:00,0.068,0.2814753041655959,0,-0.11,-0.22,-0.11
2014-02-23 03:30:00,0.134,0.2368301982401453,0,-0.11,-0.22,-0.11
2014-02-23 03:35:00,1.444,0.9986396826831944,0,-0.11,-0.22,-0.11
2014-02-23 03:40:00,0.066,0.270923479357488,0,-0.11,-0.22,-0.11
2014-02-23 03:45:00,0.134,0.2297023109648451,0,-0.11,-0.22,-0.11
2014-02-23 03:50:00,0.136,0.2310884063452907,0,-0.11,-0.22,-0.11
2014-02-23 03:55:00,0.134,0.2295238415068895,0,-0.11,-0.22,-0.11
2014-02-23 04:00:00,0.068,0.26920052431845104,0,-0.11,-0.22,-0.11
2014-02-23 04:05:00,0.132,0.2281348524786989,0,-0.11,-0.22,-0.11
2014-02-23 04:10:00,0.066,0.2709363425430921,0,-0.11,-0.22,-0.11
2014-02-23 04:15:00,0.134,0.22969733616787635,0,-0.11,-0.22,-0.11
2014-02-23 04:20:00,0.134,0.22969733616787635,0,-0.11,-0.22,-0.11
2014-02-23 04:25:00,0.066,0.2709308118723272,0,-0.11,-0.22,-0.11
2014-02-23 04:30:00,0.134,0.22969733616787635,0,-0.11,-0.22,-0.11
2014-02-23 04:35:00,0.068,0.2820622455473042,0,-0.11,-0.22,-0.11
2014-02-23 04:40:00,0.134,0.2371251750177208,0,-0.11,-0.22,-0.11
2014-02-23 04:45:00,0.132,0.2349471520688861,0,-0.11,-0.22,-0.11
2014-02-23 04:50:00,0.066,0.2845136290100639,0,-0.11,-0.22,-0.11
2014-02-23 04:55:00,0.134,0.2371242351984568,0,-0.11,-0.22,-0.11
2014-02-23 05:00:00,0.134,0.23711679883708905,0,-0.11,-0.22,-0.11
2014-02-23 05:05:00,0.134,0.23737029705087065,0,-0.11,-0.22,-0.11
2014-02-23 05:10:00,0.066,0.2843420060448509,0,-0.11,-0.22,-0.11
2014-02-23 05:15:00,0.134,0.2373767966405461,0,-0.11,-0.22,-0.11
2014-02-23 05:20:00,0.066,0.2843377529224447,0,-0.11,-0.22,-0.11
2014-02-23 05:25:00,0.134,0.2375991354816075,0,-0.11,-0.22,-0.11
2014-02-23 05:30:00,0.066,0.284023337155474,0,-0.11,-0.22,-0.11
2014-02-23 05:35:00,0.134,0.23782889089964096,0,-0.11,-0.22,-0.11
2014-02-23 05:40:00,0.134,0.2375916717749662,0,-0.11,-0.22,-0.11
2014-02-23 05:45:00,0.066,0.2840380071193029,0,-0.11,-0.22,-0.11
2014-02-23 05:50:00,0.134,0.2378289207968545,0,-0.11,-0.22,-0.11
2014-02-23 05:55:00,0.132,0.2354168169750149,0,-0.11,-0.22,-0.11
2014-02-23 06:00:00,0.066,0.2840234651576759,0,-0.11,-0.22,-0.11
2014-02-23 06:05:00,0.134,0.2378363909938501,0,-0.11,-0.22,-0.11
2014-02-23 06:10:00,0.134,0.2378363909938501,0,-0.11,-0.22,-0.11
2014-02-23 06:15:00,0.066,0.2840234651576759,0,-0.11,-0.22,-0.11
2014-02-23 06:20:00,0.134,0.2378363909938501,0,-0.11,-0.22,-0.11
2014-02-23 06:25:00,0.134,0.2375991649545673,0,-0.11,-0.22,-0.11
2014-02-23 06:30:00,0.068,0.2815878236198749,0,-0.11,-0.22,-0.11
2014-02-23 06:35:00,0.134,0.2378224372377712,0,-0.11,-0.22,-0.11
2014-02-23 06:40:00,0.134,0.2375852096200692,0,-0.11,-0.22,-0.11
2014-02-23 06:45:00,0.068,0.2815991988272082,0,-0.11,-0.22,-0.11
2014-02-23 06:50:00,0.134,0.2378159532785505,0,-0.11,-0.22,-0.11
2014-02-23 06:55:00,0.198,0.3144228343776075,0,-0.11,-0.22,-0.11
2014-02-23 07:00:00,0.066,0.2842284803877633,0,-0.11,-0.22,-0.11
2014-02-23 07:05:00,0.134,0.2375467630878772,0,-0.11,-0.22,-0.11
2014-02-23 07:10:00,0.066,0.28392221250419525,0,-0.11,-0.22,-0.11
2014-02-23 07:15:00,0.134,0.23753931683041585,0,-0.11,-0.22,-0.11
2014-02-23 07:20:00,0.066,0.28392221250419525,0,-0.11,-0.22,-0.11
2014-02-23 07:25:00,0.134,0.2377760681403392,0,-0.11,-0.22,-0.11
2014-02-23 07:30:00,0.066,0.2839106910076492,0,-0.11,-0.22,-0.11
2014-02-23 07:35:00,0.134,0.2377825412609607,0,-0.11,-0.22,-0.11
2014-02-23 07:40:00,0.134,0.2377825412609607,0,-0.11,-0.22,-0.11
2014-02-23 07:45:00,0.066,0.2835909447686594,0,-0.11,-0.22,-0.11
2014-02-23 07:50:00,0.132,0.2356188752845409,0,-0.11,-0.22,-0.11
2014-02-23 07:55:00,0.134,0.23779646653908545,0,-0.11,-0.22,-0.11
2014-02-23 08:00:00,0.134,0.23779646653908545,0,-0.11,-0.22,-0.11
2014-02-23 08:05:00,0.134,0.2377890139837548,0,-0.11,-0.22,-0.11
2014-02-23 08:10:00,0.066,0.2835722982625865,0,-0.11,-0.22,-0.11
2014-02-23 08:15:00,0.134,0.2380257555889735,0,-0.11,-0.22,-0.11
2014-02-23 08:20:00,0.136,0.24020215512601234,0,-0.11,-0.22,-0.11
2014-02-23 08:25:00,0.066,0.28359407765776684,0,-0.11,-0.22,-0.11
2014-02-23 08:30:00,0.132,0.2358407213278529,0,-0.11,-0.22,-0.11
2014-02-23 08:35:00,0.066,0.28326820301255623,0,-0.11,-0.22,-0.11
2014-02-23 08:40:00,0.132,0.2358481047700551,0,-0.11,-0.22,-0.11
2014-02-23 08:45:00,0.134,0.2380182667718931,0,-0.11,-0.22,-0.11
2014-02-23 08:50:00,0.068,0.2808375273280416,0,-0.11,-0.22,-0.11
2014-02-23 08:55:00,0.132,0.2358415712062989,0,-0.11,-0.22,-0.11
2014-02-23 09:00:00,0.134,0.2382914022512413,0,-0.11,-0.22,-0.11
2014-02-23 09:05:00,0.066,0.2830994679157497,0,-0.11,-0.22,-0.11
2014-02-23 09:10:00,0.134,0.2385285952328337,0,-0.11,-0.22,-0.11
2014-02-23 09:15:00,0.134,0.2385285952328337,0,-0.11,-0.22,-0.11
2014-02-23 09:20:00,0.134,0.2382914022512413,0,-0.11,-0.22,-0.11
2014-02-23 09:25:00,0.066,0.2830994679157497,0,-0.11,-0.22,-0.11
2014-02-23 09:30:00,0.134,0.2382914022512413,0,-0.11,-0.22,-0.11
2014-02-23 09:35:00,0.068,0.2806656699708764,0,-0.11,-0.22,-0.11
2014-02-23 09:40:00,0.134,0.2385221337527157,0,-0.11,-0.22,-0.11
2014-02-23 09:45:00,0.134,0.23828493319274546,0,-0.11,-0.22,-0.11
2014-02-23 09:50:00,0.066,0.2831181693652724,0,-0.11,-0.22,-0.11
2014-02-23 09:55:00,0.132,0.2361085371068562,0,-0.11,-0.22,-0.11
2014-02-23 10:00:00,0.134,0.2382839184603301,0,-0.11,-0.22,-0.11
2014-02-23 10:05:00,0.066,0.2831067468222965,0,-0.11,-0.22,-0.11
2014-02-23 10:10:00,0.132,0.2363455982913093,0,-0.11,-0.22,-0.11
2014-02-23 10:15:00,0.134,0.2382914022512413,0,-0.11,-0.22,-0.11
2014-02-23 10:20:00,0.066,0.2831067468222965,0,-0.11,-0.22,-0.11
2014-02-23 10:25:00,0.132,0.23634559829130944,0,-0.11,-0.22,-0.11
2014-02-23 10:30:00,0.132,0.2361224826466399,0,-0.11,-0.22,-0.11
2014-02-23 10:35:00,0.136,0.24049455143551904,0,-0.11,-0.22,-0.11
2014-02-23 10:40:00,0.068,0.2806543123121594,0,-0.11,-0.22,-0.11
2014-02-23 10:45:00,0.134,0.2382913714889475,0,-0.11,-0.22,-0.11
2014-02-23 10:50:00,0.134,0.23829888650553066,0,-0.11,-0.22,-0.11
2014-02-23 10:55:00,0.132,0.23611594528281235,0,-0.11,-0.22,-0.11
2014-02-23 11:00:00,0.068,0.28065839760708106,0,-0.11,-0.22,-0.11
2014-02-23 11:05:00,0.132,0.2363538984501523,0,-0.11,-0.22,-0.11
2014-02-23 11:10:00,0.132,0.2361242253303935,0,-0.11,-0.22,-0.11
2014-02-23 11:15:00,0.134,0.2383073875298829,0,-0.11,-0.22,-0.11
2014-02-23 11:20:00,0.066,0.2830890527675813,0,-0.11,-0.22,-0.11
2014-02-23 11:25:00,0.134,0.2383073875298829,0,-0.11,-0.22,-0.11
2014-02-23 11:30:00,0.20199999999999999,0.3201244134867025,0,-0.11,-0.22,-0.11
2014-02-23 11:35:00,0.066,0.28357634048211405,0,-0.11,-0.22,-0.11
2014-02-23 11:40:00,0.134,0.2380341794482473,0,-0.11,-0.22,-0.11
2014-02-23 11:45:00,0.068,0.28083421677487697,0,-0.11,-0.22,-0.11
2014-02-23 11:50:00,0.134,0.2382495035624989,0,-0.11,-0.22,-0.11
2014-02-23 11:55:00,0.134,0.2380127952962489,0,-0.11,-0.22,-0.11
2014-02-23 12:00:00,0.134,0.2380127952962489,0,-0.11,-0.22,-0.11
2014-02-23 12:05:00,0.066,0.2832766113248349,0,-0.11,-0.22,-0.11
2014-02-23 12:10:00,0.134,0.2382570001255692,0,-0.11,-0.22,-0.11
2014-02-23 12:15:00,0.136,0.2402044332441582,0,-0.11,-0.22,-0.11
2014-02-23 12:20:00,0.068,0.2808527364232579,0,-0.11,-0.22,-0.11
2014-02-23 12:25:00,0.20199999999999999,0.3198506977500317,0,-0.11,-0.22,-0.11
2014-02-23 12:30:00,0.066,0.2831650808156881,0,-0.11,-0.22,-0.11
2014-02-23 12:35:00,0.134,0.2379567722797108,0,-0.11,-0.22,-0.11
2014-02-23 12:40:00,0.132,0.23578412129460885,0,-0.11,-0.22,-0.11
2014-02-23 12:45:00,0.068,0.28073997412342805,0,-0.11,-0.22,-0.11
2014-02-23 12:50:00,0.2,0.31700135551708697,0,-0.11,-0.22,-0.11
2014-02-23 12:55:00,0.066,0.2833465132678987,0,-0.11,-0.22,-0.11
2014-02-23 13:00:00,0.134,0.23791692979729845,0,-0.11,-0.22,-0.11
2014-02-23 13:05:00,0.134,0.23790950739291114,0,-0.11,-0.22,-0.11
2014-02-23 13:10:00,0.132,0.2357490561142845,0,-0.11,-0.22,-0.11
2014-02-23 13:15:00,0.066,0.2833537896009055,0,-0.11,-0.22,-0.11
2014-02-23 13:20:00,0.132,0.2357564045518133,0,-0.11,-0.22,-0.11
2014-02-23 13:25:00,0.136,0.2400985315498921,0,-0.11,-0.22,-0.11
2014-02-23 13:30:00,0.068,0.2809310912097185,0,-0.11,-0.22,-0.11
2014-02-23 13:35:00,0.132,0.2357498675845515,0,-0.11,-0.22,-0.11
2014-02-23 13:40:00,0.136,0.2400846254618521,0,-0.11,-0.22,-0.11
2014-02-23 13:45:00,0.066,0.2833608167162515,0,-0.11,-0.22,-0.11
2014-02-23 13:50:00,0.136,0.2400834698651353,0,-0.11,-0.22,-0.11
2014-02-23 13:55:00,0.134,0.2379019965505413,0,-0.11,-0.22,-0.11
2014-02-23 14:00:00,0.134,0.23790944810334924,0,-0.11,-0.22,-0.11
2014-02-23 14:05:00,0.134,0.2376737154622941,0,-0.11,-0.22,-0.11
2014-02-23 14:10:00,0.066,0.2833608167162515,0,-0.11,-0.22,-0.11
2014-02-23 14:15:00,0.134,0.23790202617953501,0,-0.11,-0.22,-0.11
2014-02-23 14:20:00,0.134,0.23789460470505264,0,-0.11,-0.22,-0.11
2014-02-23 14:25:00,0.134,0.2376588850502266,0,-0.11,-0.22,-0.11
2014-02-23 14:30:00,0.134,0.2376588850502266,0,-0.11,-0.22,-0.11
2014-02-23 14:35:00,0.066,0.28337537111588723,0,-0.11,-0.22,-0.11
2014-02-23 14:40:00,0.134,0.2379020558087005,0,-0.11,-0.22,-0.11
2014-02-23 14:45:00,0.134,0.2376663292313673,0,-0.11,-0.22,-0.11
2014-02-23 14:50:00,0.066,0.2833682185370947,0,-0.11,-0.22,-0.11
2014-02-23 14:55:00,0.134,0.23790950739291114,0,-0.11,-0.22,-0.11
2014-02-23 15:00:00,0.132,0.2357564299231756,0,-0.11,-0.22,-0.11
2014-02-23 15:05:00,0.134,0.2376886353858581,0,-0.11,-0.22,-0.11
2014-02-23 15:10:00,0.066,0.2833539143765551,0,-0.11,-0.22,-0.11
2014-02-23 15:15:00,0.134,0.23790953703794995,0,-0.11,-0.22,-0.11
2014-02-23 15:20:00,0.132,0.2355134485045806,0,-0.11,-0.22,-0.11
2014-02-23 15:25:00,0.134,0.2376738031015637,0,-0.11,-0.22,-0.11
2014-02-23 15:30:00,0.068,0.280938599397538,0,-0.11,-0.22,-0.11
2014-02-23 15:35:00,0.134,0.2376738031015637,0,-0.11,-0.22,-0.11
2014-02-23 15:40:00,0.132,0.2355134485045806,0,-0.11,-0.22,-0.11
2014-02-23 15:45:00,0.068,0.2812460799622687,0,-0.11,-0.22,-0.11
2014-02-23 15:50:00,0.134,0.2376673512477785,0,-0.11,-0.22,-0.11
2014-02-23 15:55:00,0.134,0.2376599357059485,0,-0.11,-0.22,-0.11
2014-02-23 16:00:00,0.134,0.23793002656436202,0,-0.11,-0.22,-0.11
2014-02-23 16:05:00,0.134,0.23793002656436202,0,-0.11,-0.22,-0.11
2014-02-23 16:10:00,0.134,0.23793002656436202,0,-0.11,-0.22,-0.11
2014-02-23 16:15:00,0.066,0.2832067730864386,0,-0.11,-0.22,-0.11
2014-02-23 16:20:00,0.134,0.2381662429964581,0,-0.11,-0.22,-0.11
2014-02-23 16:25:00,0.134,0.237930026564362,0,-0.11,-0.22,-0.11
2014-02-23 16:30:00,0.066,0.2832067730864386,0,-0.11,-0.22,-0.11
2014-02-23 16:35:00,0.134,0.2381662429964581,0,-0.11,-0.22,-0.11
2014-02-23 16:40:00,0.134,0.23793002656436202,0,-0.11,-0.22,-0.11
2014-02-23 16:45:00,0.134,0.23792258696553856,0,-0.11,-0.22,-0.11
2014-02-23 16:50:00,0.068,0.28078837200100204,0,-0.11,-0.22,-0.11
2014-02-23 16:55:00,0.132,0.2357572370739063,0,-0.11,-0.22,-0.11
2014-02-23 17:00:00,0.134,0.23793002656436202,0,-0.11,-0.22,-0.11
2014-02-23 17:05:00,0.134,0.23793002656436202,0,-0.11,-0.22,-0.11
2014-02-23 17:10:00,0.068,0.2807811053605989,0,-0.11,-0.22,-0.11
2014-02-23 17:15:00,0.134,0.23793002656436202,0,-0.11,-0.22,-0.11
2014-02-23 17:20:00,0.132,0.2357646023521906,0,-0.11,-0.22,-0.11
2014-02-23 17:25:00,0.066,0.2832067730864385,0,-0.11,-0.22,-0.11
2014-02-23 17:30:00,0.134,0.2381662429964581,0,-0.11,-0.22,-0.11
2014-02-23 17:35:00,0.134,0.23793002656436202,0,-0.11,-0.22,-0.11
2014-02-23 17:40:00,0.066,0.2832140467329318,0,-0.11,-0.22,-0.11
2014-02-23 17:45:00,0.134,0.2379225869655387,0,-0.11,-0.22,-0.11
2014-02-23 17:50:00,0.134,0.2379225869655387,0,-0.11,-0.22,-0.11
2014-02-23 17:55:00,0.134,0.23791514781850176,0,-0.11,-0.22,-0.11
2014-02-23 18:00:00,0.134,0.23791514781850176,0,-0.11,-0.22,-0.11
2014-02-23 18:05:00,0.134,0.23791514781850176,0,-0.11,-0.22,-0.11
2014-02-23 18:10:00,0.134,0.2379226167694786,0,-0.11,-0.22,-0.11
2014-02-23 18:15:00,0.066,0.28353209858614514,0,-0.11,-0.22,-0.11
2014-02-23 18:20:00,0.132,0.2357572625598835,0,-0.11,-0.22,-0.11
2014-02-23 18:25:00,0.134,0.23793752628576634,0,-0.11,-0.22,-0.11
2014-02-23 18:30:00,0.066,0.2831997494763705,0,-0.11,-0.22,-0.11
2014-02-23 18:35:00,0.132,0.2360081304313693,0,-0.11,-0.22,-0.11
2014-02-23 18:40:00,0.134,0.2381811974617257,0,-0.11,-0.22,-0.11
2014-02-23 18:45:00,0.134,0.2381811974617257,0,-0.11,-0.22,-0.11
2014-02-23 18:50:00,0.068,0.28076681218921223,0,-0.11,-0.22,-0.11
2014-02-23 18:55:00,0.134,0.2381747492471244,0,-0.11,-0.22,-0.11
2014-02-23 19:00:00,0.134,0.2381747492471244,0,-0.11,-0.22,-0.11
2014-02-23 19:05:00,0.132,0.2360089869784465,0,-0.11,-0.22,-0.11
2014-02-23 19:10:00,0.134,0.2379459520018713,0,-0.11,-0.22,-0.11
2014-02-23 19:15:00,0.134,0.2379459520018713,0,-0.11,-0.22,-0.11
2014-02-23 19:20:00,0.134,0.2379385109513409,0,-0.11,-0.22,-0.11
2014-02-23 19:25:00,0.134,0.2377022532960961,0,-0.11,-0.22,-0.11
2014-02-23 19:30:00,0.134,0.2377022532960961,0,-0.11,-0.22,-0.11
2014-02-23 19:35:00,0.066,0.2835217871981295,0,-0.11,-0.22,-0.11
2014-02-23 19:40:00,0.132,0.2355367009125438,0,-0.11,-0.22,-0.11
2014-02-23 19:45:00,0.132,0.2355367009125438,0,-0.11,-0.22,-0.11
2014-02-23 19:50:00,0.132,0.2353143960800821,0,-0.11,-0.22,-0.11
2014-02-23 19:55:00,0.134,0.23747987077773364,0,-0.11,-0.22,-0.11
2014-02-23 20:00:00,0.134,0.23747987077773364,0,-0.11,-0.22,-0.11
2014-02-23 20:05:00,0.132,0.2353143960800821,0,-0.11,-0.22,-0.11
2014-02-23 20:10:00,0.134,0.2372509828554827,0,-0.11,-0.22,-0.11
2014-02-23 20:15:00,0.134,0.2372509828554827,0,-0.11,-0.22,-0.11
2014-02-23 20:20:00,0.066,0.2841348572292932,0,-0.11,-0.22,-0.11
2014-02-23 20:25:00,0.134,0.2374872992918857,0,-0.11,-0.22,-0.11
2014-02-23 20:30:00,0.134,0.2372509828554827,0,-0.11,-0.22,-0.11
2014-02-23 20:35:00,0.066,0.2841348572292932,0,-0.11,-0.22,-0.11
2014-02-23 20:40:00,0.134,0.2374872992918857,0,-0.11,-0.22,-0.11
2014-02-23 20:45:00,0.134,0.2374872992918857,0,-0.11,-0.22,-0.11
2014-02-23 20:50:00,0.066,0.2841348572292932,0,-0.11,-0.22,-0.11
2014-02-23 20:55:00,0.2,0.31634421429635234,0,-0.11,-0.22,-0.11
2014-02-23 21:00:00,0.066,0.2839850937139458,0,-0.11,-0.22,-0.11
2014-02-23 21:05:00,0.134,0.2374622647817643,0,-0.11,-0.22,-0.11
2014-02-23 21:10:00,0.2,0.3159060968908009,0,-0.11,-0.22,-0.11
2014-02-23 21:15:00,0.066,0.28415561520176263,0,-0.11,-0.22,-0.11
2014-02-23 21:20:00,0.132,0.2350460726574196,0,-0.11,-0.22,-0.11
2014-02-23 21:25:00,0.132,0.23505338903997386,0,-0.11,-0.22,-0.11
2014-02-23 21:30:00,0.134,0.2369878897691215,0,-0.11,-0.22,-0.11
2014-02-23 21:35:00,0.066,0.2841294816965527,0,-0.11,-0.22,-0.11
2014-02-23 21:40:00,0.134,0.2372158951285356,0,-0.11,-0.22,-0.11
2014-02-23 21:45:00,0.132,0.2348311198081362,0,-0.11,-0.22,-0.11
2014-02-23 21:50:00,0.134,0.2369943539955503,0,-0.11,-0.22,-0.11
2014-02-23 21:55:00,0.132,0.2348384307769985,0,-0.11,-0.22,-0.11
2014-02-23 22:00:00,0.066,0.28411799068320925,0,-0.11,-0.22,-0.11
2014-02-23 22:05:00,0.136,0.23916388313977946,0,-0.11,-0.22,-0.11
2014-02-23 22:10:00,0.066,0.28412518269918496,0,-0.11,-0.22,-0.11
2014-02-23 22:15:00,0.134,0.2372223230086314,0,-0.11,-0.22,-0.11
2014-02-23 22:20:00,0.134,0.2369934069546185,0,-0.11,-0.22,-0.11
2014-02-23 22:25:00,0.066,0.2841136929743561,0,-0.11,-0.22,-0.11
2014-02-23 22:30:00,0.134,0.2372287787494128,0,-0.11,-0.22,-0.11
2014-02-23 22:35:00,0.132,0.2348376290495509,0,-0.11,-0.22,-0.11
2014-02-23 22:40:00,0.132,0.2348376290495509,0,-0.11,-0.22,-0.11
2014-02-23 22:45:00,0.132,0.2348449399204173,0,-0.11,-0.22,-0.11
2014-02-23 22:50:00,0.066,0.2844193101623005,0,-0.11,-0.22,-0.11
2014-02-23 22:55:00,0.134,0.2370007899480679,0,-0.11,-0.22,-0.11
2014-02-23 23:00:00,0.134,0.2369934069546185,0,-0.11,-0.22,-0.11
2014-02-23 23:05:00,0.134,0.23698602439071906,0,-0.11,-0.22,-0.11
2014-02-23 23:10:00,0.066,0.28412101098012216,0,-0.11,-0.22,-0.11
2014-02-23 23:15:00,0.132,0.234830318591136,0,-0.11,-0.22,-0.11
2014-02-23 23:20:00,0.134,0.2369934069546185,0,-0.11,-0.22,-0.11
2014-02-23 23:25:00,0.134,0.23698602439071906,0,-0.11,-0.22,-0.11
2014-02-23 23:30:00,0.066,0.28412101098012216,0,-0.11,-0.22,-0.11
2014-02-23 23:35:00,0.132,0.234830318591136,0,-0.11,-0.22,-0.11
2014-02-23 23:40:00,0.066,0.2841136929743561,0,-0.11,-0.22,-0.11
2014-02-23 23:45:00,0.134,0.2372287787494128,0,-0.11,-0.22,-0.11
2014-02-23 23:50:00,0.134,0.23722139011716806,0,-0.11,-0.22,-0.11
2014-02-23 23:55:00,0.132,0.23505830700863425,0,-0.11,-0.22,-0.11
2014-02-24 00:00:00,0.132,0.2350656227213333,0,-0.11,-0.22,-0.11
2014-02-24 00:05:00,0.134,0.23699987043367035,0,-0.11,-0.22,-0.11
2014-02-24 00:10:00,0.066,0.2841022052954489,0,-0.11,-0.22,-0.11
2014-02-24 00:15:00,0.134,0.2372278455293957,0,-0.11,-0.22,-0.11
2014-02-24 00:20:00,0.132,0.23483685105325844,0,-0.11,-0.22,-0.11
2014-02-24 00:25:00,0.068,0.2816762266394883,0,-0.11,-0.22,-0.11
2014-02-24 00:30:00,0.134,0.2372213901171681,0,-0.11,-0.22,-0.11
2014-02-24 00:35:00,0.132,0.23505830700863425,0,-0.11,-0.22,-0.11
2014-02-24 00:40:00,0.134,0.23698602439071906,0,-0.11,-0.22,-0.11
2014-02-24 00:45:00,0.066,0.28412832935588817,0,-0.11,-0.22,-0.11
2014-02-24 00:50:00,0.132,0.2350583070086343,0,-0.11,-0.22,-0.11
2014-02-24 00:55:00,0.134,0.2372213901171681,0,-0.11,-0.22,-0.11
2014-02-24 01:00:00,0.134,0.2372140019189532,0,-0.11,-0.22,-0.11
2014-02-24 01:05:00,0.132,0.2348230085450026,0,-0.11,-0.22,-0.11
2014-02-24 01:10:00,0.066,0.2841283293558881,0,-0.11,-0.22,-0.11
2014-02-24 01:15:00,0.132,0.23482300854500265,0,-0.11,-0.22,-0.11
2014-02-24 01:20:00,0.066,0.2839505042931245,0,-0.11,-0.22,-0.11
2014-02-24 01:25:00,0.134,0.2374742029597607,0,-0.11,-0.22,-0.11
2014-02-24 01:30:00,0.132,0.23531370136641944,0,-0.11,-0.22,-0.11
2014-02-24 01:35:00,0.068,0.2812132022780122,0,-0.11,-0.22,-0.11
2014-02-24 01:40:00,0.132,0.23530717374279625,0,-0.11,-0.22,-0.11
2014-02-24 01:45:00,0.132,0.23531451186611044,0,-0.11,-0.22,-0.11
2014-02-24 01:50:00,0.066,0.2839546760100939,0,-0.11,-0.22,-0.11
2014-02-24 01:55:00,0.134,0.2374751552116393,0,-0.11,-0.22,-0.11
2014-02-24 02:00:00,0.134,0.2374751552116393,0,-0.11,-0.22,-0.11
2014-02-24 02:05:00,0.132,0.2353145118661105,0,-0.11,-0.22,-0.11
2014-02-24 02:10:00,0.134,0.2374825670109977,0,-0.11,-0.22,-0.11
2014-02-24 02:15:00,0.134,0.2372532088813107,0,-0.11,-0.22,-0.11
2014-02-24 02:20:00,0.066,0.283769840520394,0,-0.11,-0.22,-0.11
2014-02-24 02:25:00,0.134,0.23752252889356604,0,-0.11,-0.22,-0.11
2014-02-24 02:30:00,0.132,0.2353568979436211,0,-0.11,-0.22,-0.11
2014-02-24 02:35:00,0.132,0.23536425442297515,0,-0.11,-0.22,-0.11
2014-02-24 02:40:00,0.066,0.2840636274325472,0,-0.11,-0.22,-0.11
2014-02-24 02:45:00,0.134,0.2375513196859139,0,-0.11,-0.22,-0.11
2014-02-24 02:50:00,0.136,0.23972328160513404,0,-0.11,-0.22,-0.11
2014-02-24 02:55:00,0.134,0.2373001119263737,0,-0.11,-0.22,-0.11
2014-02-24 03:00:00,0.134,0.2375533319199001,0,-0.11,-0.22,-0.11
2014-02-24 03:05:00,0.066,0.2842246373957104,0,-0.11,-0.22,-0.11
2014-02-24 03:10:00,0.134,0.2375458856873442,0,-0.11,-0.22,-0.11
2014-02-24 03:15:00,0.132,0.2353683753142393,0,-0.11,-0.22,-0.11
2014-02-24 03:20:00,0.134,0.23755336117980305,0,-0.11,-0.22,-0.11
2014-02-24 03:25:00,0.066,0.2839038779823102,0,-0.11,-0.22,-0.11
2014-02-24 03:30:00,1.466,0.9989297877515442,0,-0.11,-0.22,-0.11
2014-02-24 03:35:00,0.136,0.2315881686988715,0,-0.11,-0.22,-0.11
2014-02-24 03:40:00,0.132,0.2282958877765729,0,-0.11,-0.22,-0.11
2014-02-24 03:45:00,0.134,0.2298541987974418,0,-0.11,-0.22,-0.11
2014-02-24 03:50:00,0.066,0.2705466938720967,0,-0.11,-0.22,-0.11
2014-02-24 03:55:00,0.132,0.22830107660187265,0,-0.11,-0.22,-0.11
2014-02-24 04:00:00,0.134,0.2298541987974418,0,-0.11,-0.22,-0.11
2014-02-24 04:05:00,0.20199999999999999,0.28697528771627223,0,-0.11,-0.22,-0.11
2014-02-24 04:10:00,0.13,0.2265776928429108,0,-0.11,-0.22,-0.11
2014-02-24 04:15:00,0.134,0.2295097380341547,0,-0.11,-0.22,-0.11
2014-02-24 04:20:00,0.068,0.2691796878742334,0,-0.11,-0.22,-0.11
2014-02-24 04:25:00,0.134,0.22968313676285,0,-0.11,-0.22,-0.11
2014-02-24 04:30:00,0.134,0.2295149553953959,0,-0.11,-0.22,-0.11
2014-02-24 04:35:00,0.068,0.26917417374540314,0,-0.11,-0.22,-0.11
2014-02-24 04:40:00,0.134,0.236787886203824,0,-0.11,-0.22,-0.11
2014-02-24 04:45:00,0.134,0.23655469523945,0,-0.11,-0.22,-0.11
2014-02-24 04:50:00,0.134,0.23655469523945,0,-0.11,-0.22,-0.11
2014-02-24 04:55:00,0.132,0.2344283028038118,0,-0.11,-0.22,-0.11
2014-02-24 05:00:00,0.132,0.23443552978257445,0,-0.11,-0.22,-0.11
2014-02-24 05:05:00,0.134,0.2363497924304012,0,-0.11,-0.22,-0.11
2014-02-24 05:10:00,0.132,0.23420882669411616,0,-0.11,-0.22,-0.11
2014-02-24 05:15:00,0.132,0.2339827909633147,0,-0.11,-0.22,-0.11
2014-02-24 05:20:00,0.066,0.2844561768728567,0,-0.11,-0.22,-0.11
2014-02-24 05:25:00,0.134,0.2363570844731979,0,-0.11,-0.22,-0.11
2014-02-24 05:30:00,0.066,0.2844561768728568,0,-0.11,-0.22,-0.11
2014-02-24 05:35:00,0.132,0.2342232711488793,0,-0.11,-0.22,-0.11
2014-02-24 05:40:00,0.2,0.3138094353783488,0,-0.11,-0.22,-0.11
2014-02-24 05:45:00,0.134,0.23588311323518,0,-0.11,-0.22,-0.11
2014-02-24 05:50:00,0.134,0.2358758478895153,0,-0.11,-0.22,-0.11
2014-02-24 05:55:00,0.134,0.23564292239776266,0,-0.11,-0.22,-0.11
2014-02-24 06:00:00,0.066,0.28493550152368274,0,-0.11,-0.22,-0.11
2014-02-24 06:05:00,0.132,0.2337467306691603,0,-0.11,-0.22,-0.11
2014-02-24 06:10:00,0.134,0.23588311323518,0,-0.11,-0.22,-0.11
2014-02-24 06:15:00,0.134,0.2356501825251981,0,-0.11,-0.22,-0.11
2014-02-24 06:20:00,0.134,0.2356501825251981,0,-0.11,-0.22,-0.11
2014-02-24 06:25:00,0.134,0.2354171915445309,0,-0.11,-0.22,-0.11
2014-02-24 06:30:00,0.068,0.2828357479402817,0,-0.11,-0.22,-0.11
2014-02-24 06:35:00,0.134,0.2354107393502779,0,-0.11,-0.22,-0.11
2014-02-24 06:40:00,0.134,0.2354107393502779,0,-0.11,-0.22,-0.11
2014-02-24 06:45:00,0.132,0.2332814814409589,0,-0.11,-0.22,-0.11
2014-02-24 06:50:00,0.132,0.23305557504418176,0,-0.11,-0.22,-0.11
2014-02-24 06:55:00,0.134,0.2351921755801512,0,-0.11,-0.22,-0.11
2014-02-24 07:00:00,0.134,0.23518492459895146,0,-0.11,-0.22,-0.11
2014-02-24 07:05:00,0.068,0.28347818955206083,0,-0.11,-0.22,-0.11
2014-02-24 07:10:00,0.132,0.2330490443031453,0,-0.11,-0.22,-0.11
2014-02-24 07:15:00,0.134,0.23518571420794365,0,-0.11,-0.22,-0.11
2014-02-24 07:20:00,0.132,0.2328230344338097,0,-0.11,-0.22,-0.11
2014-02-24 07:25:00,0.066,0.285895066320483,0,-0.11,-0.22,-0.11
2014-02-24 07:30:00,0.134,0.2351929656722033,0,-0.11,-0.22,-0.11
2014-02-24 07:35:00,0.134,0.23496627643158474,0,-0.11,-0.22,-0.11
2014-02-24 07:40:00,0.066,0.2858834218849484,0,-0.11,-0.22,-0.11
2014-02-24 07:45:00,0.134,0.2351994269461981,0,-0.11,-0.22,-0.11
2014-02-24 07:50:00,0.134,0.2349727463678581,0,-0.11,-0.22,-0.11
2014-02-24 07:55:00,0.134,0.2349727463678582,0,-0.11,-0.22,-0.11
2014-02-24 08:00:00,0.066,0.28570300275521465,0,-0.11,-0.22,-0.11
2014-02-24 08:05:00,0.134,0.23521753263861306,0,-0.11,-0.22,-0.11
2014-02-24 08:10:00,0.132,0.2330837281485838,0,-0.11,-0.22,-0.11
2014-02-24 08:15:00,0.068,0.283594144699295,0,-0.11,-0.22,-0.11
2014-02-24 08:20:00,0.132,0.23308438548876456,0,-0.11,-0.22,-0.11
2014-02-24 08:25:00,0.132,0.23285793292089896,0,-0.11,-0.22,-0.11
2014-02-24 08:30:00,0.134,0.2349992471102383,0,-0.11,-0.22,-0.11
2014-02-24 08:35:00,0.068,0.28391271374757393,0,-0.11,-0.22,-0.11
2014-02-24 08:40:00,0.134,0.2349927657224205,0,-0.11,-0.22,-0.11
2014-02-24 08:45:00,0.066,0.28602820362768205,0,-0.11,-0.22,-0.11
2014-02-24 08:50:00,0.134,0.2349927657224205,0,-0.11,-0.22,-0.11
2014-02-24 08:55:00,0.134,0.2349855026995233,0,-0.11,-0.22,-0.11
2014-02-24 09:00:00,0.136,0.2371331377777368,0,-0.11,-0.22,-0.11
2014-02-24 09:05:00,0.068,0.2836170205358847,0,-0.11,-0.22,-0.11
2014-02-24 09:10:00,0.132,0.23307128067612914,0,-0.11,-0.22,-0.11
2014-02-24 09:15:00,0.066,0.2860471771925092,0,-0.11,-0.22,-0.11
2014-02-24 09:20:00,0.134,0.2352126257063953,0,-0.11,-0.22,-0.11
2014-02-24 09:25:00,0.132,0.2330857005416895,0,-0.11,-0.22,-0.11
2014-02-24 09:30:00,0.066,0.2860324765297209,0,-0.11,-0.22,-0.11
2014-02-24 09:35:00,0.132,0.2330857005416895,0,-0.11,-0.22,-0.11
2014-02-24 09:40:00,0.066,0.2860324765297208,0,-0.11,-0.22,-0.11
2014-02-24 09:45:00,0.132,0.2330857005416895,0,-0.11,-0.22,-0.11
2014-02-24 09:50:00,0.134,0.2352271860675948,0,-0.11,-0.22,-0.11
2014-02-24 09:55:00,0.134,0.2350000291280523,0,-0.11,-0.22,-0.11
2014-02-24 10:00:00,0.134,0.2349927657224205,0,-0.11,-0.22,-0.11
2014-02-24 10:05:00,0.066,0.28602820362768205,0,-0.11,-0.22,-0.11
2014-02-24 10:10:00,0.136,0.2371404683941578,0,-0.11,-0.22,-0.11
2014-02-24 10:15:00,0.134,0.2349854790292798,0,-0.11,-0.22,-0.11
2014-02-24 10:20:00,0.068,0.2836096191458913,0,-0.11,-0.22,-0.11
2014-02-24 10:25:00,0.132,0.2330784804591772,0,-0.11,-0.22,-0.11
2014-02-24 10:30:00,0.132,0.2328520051306636,0,-0.11,-0.22,-0.11
2014-02-24 10:35:00,0.066,0.2860323470355241,0,-0.11,-0.22,-0.11
2014-02-24 10:40:00,0.134,0.2350000054283651,0,-0.11,-0.22,-0.11
2014-02-24 10:45:00,0.066,0.2860206601287949,0,-0.11,-0.22,-0.11
2014-02-24 10:50:00,0.134,0.2352336345078838,0,-0.11,-0.22,-0.11
2014-02-24 10:55:00,0.132,0.2328657532261507,0,-0.11,-0.22,-0.11
2014-02-24 11:00:00,0.132,0.2328657532261507,0,-0.11,-0.22,-0.11
2014-02-24 11:05:00,0.068,0.2835874173026736,0,-0.11,-0.22,-0.11
2014-02-24 11:10:00,0.132,0.2328663976638424,0,-0.11,-0.22,-0.11
2014-02-24 11:15:00,0.134,0.2350007875899143,0,-0.11,-0.22,-0.11
2014-02-24 11:20:00,0.068,0.2835989171042295,0,-0.11,-0.22,-0.11
2014-02-24 11:25:00,0.134,0.2349943055369373,0,-0.11,-0.22,-0.11
2014-02-24 11:30:00,0.134,0.23498704155699784,0,-0.11,-0.22,-0.11
2014-02-24 11:35:00,0.066,0.2860514517931409,0,-0.11,-0.22,-0.11
2014-02-24 11:40:00,0.132,0.2330863582545117,0,-0.11,-0.22,-0.11
2014-02-24 11:45:00,0.134,0.2350008112940938,0,-0.11,-0.22,-0.11
2014-02-24 11:50:00,0.066,0.2860250620435937,0,-0.11,-0.22,-0.11
2014-02-24 11:55:00,0.134,0.2352344547870281,0,-0.11,-0.22,-0.11
2014-02-24 12:00:00,0.134,0.23522718606759474,0,-0.11,-0.22,-0.11
2014-02-24 12:05:00,0.132,0.23286577275277465,0,-0.11,-0.22,-0.11
2014-02-24 12:10:00,0.132,0.23286577275277465,0,-0.11,-0.22,-0.11
2014-02-24 12:15:00,0.136,0.2371477994096285,0,-0.11,-0.22,-0.11
2014-02-24 12:20:00,0.066,0.2860280741588875,0,-0.11,-0.22,-0.11
2014-02-24 12:25:00,0.134,0.23499274203745604,0,-0.11,-0.22,-0.11
2014-02-24 12:30:00,0.066,0.2860280741588875,0,-0.11,-0.22,-0.11
2014-02-24 12:35:00,0.134,0.2354883725921322,0,-0.11,-0.22,-0.11
2014-02-24 12:40:00,0.132,0.2331153495337593,0,-0.11,-0.22,-0.11
2014-02-24 12:45:00,0.066,0.2858457136294451,0,-0.11,-0.22,-0.11
2014-02-24 12:50:00,0.132,0.2331291209666191,0,-0.11,-0.22,-0.11
2014-02-24 12:55:00,0.134,0.2352753835941723,0,-0.11,-0.22,-0.11
2014-02-24 13:00:00,0.066,0.2858266273542795,0,-0.11,-0.22,-0.11
2014-02-24 13:05:00,0.134,0.235509428351203,0,-0.11,-0.22,-0.11
2014-02-24 13:10:00,0.066,0.2858266273542795,0,-0.11,-0.22,-0.11
2014-02-24 13:15:00,0.132,0.23337041241140785,0,-0.11,-0.22,-0.11
2014-02-24 13:20:00,0.134,0.23552403550569465,0,-0.11,-0.22,-0.11
2014-02-24 13:25:00,0.132,0.2331573480278573,0,-0.11,-0.22,-0.11
2014-02-24 13:30:00,0.066,0.28561814561849386,0,-0.11,-0.22,-0.11
2014-02-24 13:35:00,0.134,0.2355665543620168,0,-0.11,-0.22,-0.11
2014-02-24 13:40:00,0.134,0.2355665543620168,0,-0.11,-0.22,-0.11
2014-02-24 13:45:00,0.066,0.2856255450920128,0,-0.11,-0.22,-0.11
2014-02-24 13:50:00,0.134,0.23556573089562385,0,-0.11,-0.22,-0.11
2014-02-24 13:55:00,0.132,0.2336728868923697,0,-0.11,-0.22,-0.11
2014-02-24 14:00:00,0.132,0.23344518208513776,0,-0.11,-0.22,-0.11
2014-02-24 14:05:00,0.134,0.2356011428757111,0,-0.11,-0.22,-0.11
2014-02-24 14:10:00,0.134,0.2356011428757111,0,-0.11,-0.22,-0.11
2014-02-24 14:15:00,0.132,0.23344518208513776,0,-0.11,-0.22,-0.11
2014-02-24 14:20:00,0.134,0.23536612501297835,0,-0.11,-0.22,-0.11
2014-02-24 14:25:00,0.066,0.28608516204136697,0,-0.11,-0.22,-0.11
2014-02-24 14:30:00,0.134,0.23560116800466105,0,-0.11,-0.22,-0.11
2014-02-24 14:35:00,0.132,0.2332239833413196,0,-0.11,-0.22,-0.11
2014-02-24 14:40:00,0.134,0.2353726553124557,0,-0.11,-0.22,-0.11
2014-02-24 14:45:00,0.066,0.2860587970059095,0,-0.11,-0.22,-0.11
2014-02-24 14:50:00,0.132,0.23323125580858114,0,-0.11,-0.22,-0.11
2014-02-24 14:55:00,0.2,0.31370700788155265,0,-0.11,-0.22,-0.11
2014-02-24 15:00:00,0.132,0.2329954291744817,0,-0.11,-0.22,-0.11
2014-02-24 15:05:00,0.068,0.2837713239711382,0,-0.11,-0.22,-0.11
2014-02-24 15:10:00,0.134,0.23537510276723536,0,-0.11,-0.22,-0.11
2014-02-24 15:15:00,0.134,0.2351404696073423,0,-0.11,-0.22,-0.11
2014-02-24 15:20:00,0.132,0.2329960875566625,0,-0.11,-0.22,-0.11
2014-02-24 15:25:00,0.132,0.23300332055284825,0,-0.11,-0.22,-0.11
2014-02-24 15:30:00,0.066,0.28620539469257794,0,-0.11,-0.22,-0.11
2014-02-24 15:35:00,0.132,0.2332452402439993,0,-0.11,-0.22,-0.11
2014-02-24 15:40:00,0.132,0.2330177876641561,0,-0.11,-0.22,-0.11
2014-02-24 15:45:00,0.132,0.2330250217796027,0,-0.11,-0.22,-0.11
2014-02-24 15:50:00,0.134,0.2351769799831925,0,-0.11,-0.22,-0.11
2014-02-24 15:55:00,0.134,0.2349422467607775,0,-0.11,-0.22,-0.11
2014-02-24 16:00:00,0.134,0.2349422467607775,0,-0.11,-0.22,-0.11
2014-02-24 16:05:00,0.132,0.23279023571404625,0,-0.11,-0.22,-0.11
2014-02-24 16:10:00,0.134,0.2349422467607775,0,-0.11,-0.22,-0.11
2014-02-24 16:15:00,0.134,0.23470743280846165,0,-0.11,-0.22,-0.11
2014-02-24 16:20:00,0.066,0.28683819275303835,0,-0.11,-0.22,-0.11
2014-02-24 16:25:00,0.134,0.23493494870269685,0,-0.11,-0.22,-0.11
2014-02-24 16:30:00,0.132,0.23279023571404625,0,-0.11,-0.22,-0.11
2014-02-24 16:35:00,0.132,0.2325691729842237,0,-0.11,-0.22,-0.11
2014-02-24 16:40:00,0.132,0.23257639904445515,0,-0.11,-0.22,-0.11
2014-02-24 16:45:00,0.066,0.2868188534587621,0,-0.11,-0.22,-0.11
2014-02-24 16:50:00,0.134,0.2347277683976906,0,-0.11,-0.22,-0.11
2014-02-24 16:55:00,0.134,0.2347277683976906,0,-0.11,-0.22,-0.11
2014-02-24 17:00:00,0.134,0.2347277683976906,0,-0.11,-0.22,-0.11
2014-02-24 17:05:00,0.134,0.2347277683976906,0,-0.11,-0.22,-0.11
2014-02-24 17:10:00,0.134,0.2347277683976906,0,-0.11,-0.22,-0.11
2014-02-24 17:15:00,0.134,0.2347277683976906,0,-0.11,-0.22,-0.11
2014-02-24 17:20:00,0.132,0.23234802071609584,0,-0.11,-0.22,-0.11
2014-02-24 17:25:00,0.136,0.2366587986331611,0,-0.11,-0.22,-0.11
2014-02-24 17:30:00,0.132,0.232348001956497,0,-0.11,-0.22,-0.11
2014-02-24 17:35:00,0.134,0.2342651696819645,0,-0.11,-0.22,-0.11
2014-02-24 17:40:00,0.066,0.2874592299629078,0,-0.11,-0.22,-0.11
2014-02-24 17:45:00,0.134,0.2345001496994441,0,-0.11,-0.22,-0.11
2014-02-24 17:50:00,0.134,0.2345001496994441,0,-0.11,-0.22,-0.11
2014-02-24 17:55:00,0.134,0.2342717093664544,0,-0.11,-0.22,-0.11
2014-02-24 18:00:00,0.2,0.3124810095609253,0,-0.11,-0.22,-0.11
2014-02-24 18:05:00,0.134,0.2340118582550151,0,-0.11,-0.22,-0.11
2014-02-24 18:10:00,0.068,0.2851795319449247,0,-0.11,-0.22,-0.11
2014-02-24 18:15:00,0.134,0.23401185825501514,0,-0.11,-0.22,-0.11
2014-02-24 18:20:00,0.198,0.30949508920227364,0,-0.11,-0.22,-0.11
2014-02-24 18:25:00,0.066,0.2878051703543525,0,-0.11,-0.22,-0.11
2014-02-24 18:30:00,0.134,0.2337609865451828,0,-0.11,-0.22,-0.11
2014-02-24 18:35:00,0.134,0.2337609865451828,0,-0.11,-0.22,-0.11
2014-02-24 18:40:00,0.066,0.2878051703543525,0,-0.11,-0.22,-0.11
2014-02-24 18:45:00,0.132,0.23162506568352845,0,-0.11,-0.22,-0.11
2014-02-24 18:50:00,0.134,0.2337682311832173,0,-0.11,-0.22,-0.11
2014-02-24 18:55:00,0.132,0.2316322448319261,0,-0.11,-0.22,-0.11
2014-02-24 19:00:00,0.136,0.2359251774190561,0,-0.11,-0.22,-0.11
2014-02-24 19:05:00,0.066,0.2877975014683557,0,-0.11,-0.22,-0.11
2014-02-24 19:10:00,0.134,0.2340024313384527,0,-0.11,-0.22,-0.11
2014-02-24 19:15:00,0.134,0.2340024313384527,0,-0.11,-0.22,-0.11
2014-02-24 19:20:00,0.132,0.23163222755159696,0,-0.11,-0.22,-0.11
2014-02-24 19:25:00,0.132,0.23163222755159696,0,-0.11,-0.22,-0.11
2014-02-24 19:30:00,0.134,0.2337754546865131,0,-0.11,-0.22,-0.11
2014-02-24 19:35:00,0.136,0.2356909812129531,0,-0.11,-0.22,-0.11
2014-02-24 19:40:00,0.134,0.2335266217199743,0,-0.11,-0.22,-0.11
2014-02-24 19:45:00,0.066,0.2881371888416665,0,-0.11,-0.22,-0.11
2014-02-24 19:50:00,0.132,0.2316250311517419,0,-0.11,-0.22,-0.11
2014-02-24 19:55:00,0.198,0.3088842769112135,0,-0.11,-0.22,-0.11
2014-02-24 20:00:00,0.134,0.2332980301120423,0,-0.11,-0.22,-0.11
2014-02-24 20:05:00,0.134,0.2332980301120423,0,-0.11,-0.22,-0.11
2014-02-24 20:10:00,0.134,0.2332908085602397,0,-0.11,-0.22,-0.11
2014-02-24 20:15:00,0.134,0.2332908085602397,0,-0.11,-0.22,-0.11
2014-02-24 20:20:00,0.134,0.2332908085602397,0,-0.11,-0.22,-0.11
2014-02-24 20:25:00,0.066,0.2882955740409344,0,-0.11,-0.22,-0.11
2014-02-24 20:30:00,0.132,0.23139322707607546,0,-0.11,-0.22,-0.11
2014-02-24 20:35:00,0.134,0.23353199561042776,0,-0.11,-0.22,-0.11
2014-02-24 20:40:00,0.134,0.2332980301120423,0,-0.11,-0.22,-0.11
2014-02-24 20:45:00,0.132,0.2311591187981981,0,-0.11,-0.22,-0.11
2014-02-24 20:50:00,0.132,0.2311591187981981,0,-0.11,-0.22,-0.11
2014-02-24 20:55:00,0.20199999999999999,0.3136047836380891,0,-0.11,-0.22,-0.11
2014-02-24 21:00:00,0.132,0.2309065606398339,0,-0.11,-0.22,-0.11
2014-02-24 21:05:00,0.066,0.2884646822942668,0,-0.11,-0.22,-0.11
2014-02-24 21:10:00,0.132,0.2311402990431482,0,-0.11,-0.22,-0.11
2014-02-24 21:15:00,0.134,0.2332743768252961,0,-0.11,-0.22,-0.11
2014-02-24 21:20:00,0.132,0.2311474396886161,0,-0.11,-0.22,-0.11
2014-02-24 21:25:00,0.132,0.23092083574043595,0,-0.11,-0.22,-0.11
2014-02-24 21:30:00,0.134,0.2330551950788937,0,-0.11,-0.22,-0.11
2014-02-24 21:35:00,0.134,0.2330551950788938,0,-0.11,-0.22,-0.11
2014-02-24 21:40:00,0.066,0.28878348730454506,0,-0.11,-0.22,-0.11
2014-02-24 21:45:00,0.132,0.23092797378240398,0,-0.11,-0.22,-0.11
2014-02-24 21:50:00,0.134,0.2330623972531023,0,-0.11,-0.22,-0.11
2014-02-24 21:55:00,0.132,0.23070122784186398,0,-0.11,-0.22,-0.11
2014-02-24 22:00:00,0.134,0.2330849216101156,0,-0.11,-0.22,-0.11
2014-02-24 22:05:00,0.132,0.2307185861961345,0,-0.11,-0.22,-0.11
2014-02-24 22:10:00,0.134,0.2328579421331023,0,-0.11,-0.22,-0.11
2014-02-24 22:15:00,0.132,0.23097091600483274,0,-0.11,-0.22,-0.11
2014-02-24 22:20:00,0.132,0.2307432251142209,0,-0.11,-0.22,-0.11
2014-02-24 22:25:00,0.134,0.2328801457062193,0,-0.11,-0.22,-0.11
2014-02-24 22:30:00,0.134,0.2328729140559729,0,-0.11,-0.22,-0.11
2014-02-24 22:35:00,0.134,0.2328729140559729,0,-0.11,-0.22,-0.11
2014-02-24 22:40:00,0.066,0.2894212623305519,0,-0.11,-0.22,-0.11
2014-02-24 22:45:00,0.134,0.2328729140559729,0,-0.11,-0.22,-0.11
2014-02-24 22:50:00,0.134,0.2328656827489237,0,-0.11,-0.22,-0.11
2014-02-24 22:55:00,0.136,0.2350162185352532,0,-0.11,-0.22,-0.11
2014-02-24 23:00:00,0.134,0.23285120136854226,0,-0.11,-0.22,-0.11
2014-02-24 23:05:00,0.066,0.28944406802111994,0,-0.11,-0.22,-0.11
2014-02-24 23:10:00,0.134,0.232858451784914,0,-0.11,-0.22,-0.11
2014-02-24 23:15:00,0.132,0.23048673009059675,0,-0.11,-0.22,-0.11
2014-02-24 23:20:00,0.2,0.3106250534333708,0,-0.11,-0.22,-0.11
2014-02-24 23:25:00,0.066,0.2896033465690889,0,-0.11,-0.22,-0.11
2014-02-24 23:30:00,0.134,0.2323819587331497,0,-0.11,-0.22,-0.11
2014-02-24 23:35:00,0.136,0.2345282286352795,0,-0.11,-0.22,-0.11
2014-02-24 23:40:00,0.134,0.23236752357025514,0,-0.11,-0.22,-0.11
2014-02-24 23:45:00,0.134,0.23236031591088604,0,-0.11,-0.22,-0.11
2014-02-24 23:50:00,0.132,0.2302208281584452,0,-0.11,-0.22,-0.11
2014-02-24 23:55:00,0.196,0.3048611655359221,0,-0.11,-0.22,-0.11
2014-02-25 00:00:00,0.068,0.2876710332184427,0,-0.11,-0.22,-0.11
2014-02-25 00:05:00,0.136,0.2342634699607218,0,-0.11,-0.22,-0.11
2014-02-25 00:10:00,0.134,0.2321141569944937,0,-0.11,-0.22,-0.11
2014-02-25 00:15:00,0.134,0.2318798817915321,0,-0.11,-0.22,-0.11
2014-02-25 00:20:00,0.066,0.2901615200338639,0,-0.11,-0.22,-0.11
2014-02-25 00:25:00,0.134,0.2321069672425289,0,-0.11,-0.22,-0.11
2014-02-25 00:30:00,0.132,0.2299786956643463,0,-0.11,-0.22,-0.11
2014-02-25 00:35:00,0.134,0.2318798817915321,0,-0.11,-0.22,-0.11
2014-02-25 00:40:00,0.132,0.2297441908198765,0,-0.11,-0.22,-0.11
2014-02-25 00:45:00,0.066,0.2904946738967088,0,-0.11,-0.22,-0.11
2014-02-25 00:50:00,0.134,0.23187988179153196,0,-0.11,-0.22,-0.11
2014-02-25 00:55:00,0.134,0.231879881791532,0,-0.11,-0.22,-0.11
2014-02-25 01:00:00,0.132,0.2297441908198765,0,-0.11,-0.22,-0.11
2014-02-25 01:05:00,0.066,0.2901615200338641,0,-0.11,-0.22,-0.11
2014-02-25 01:10:00,0.134,0.2321069672425288,0,-0.11,-0.22,-0.11
2014-02-25 01:15:00,0.132,0.2297441908198765,0,-0.11,-0.22,-0.11
2014-02-25 01:20:00,0.134,0.23187988179153196,0,-0.11,-0.22,-0.11
2014-02-25 01:25:00,0.066,0.2901615200338641,0,-0.11,-0.22,-0.11
2014-02-25 01:30:00,0.132,0.22975086488348684,0,-0.11,-0.22,-0.11
2014-02-25 01:35:00,0.068,0.28767856634873745,0,-0.11,-0.22,-0.11
2014-02-25 01:40:00,0.134,0.2321069672425288,0,-0.11,-0.22,-0.11
2014-02-25 01:45:00,0.132,0.2299786956643463,0,-0.11,-0.22,-0.11
2014-02-25 01:50:00,0.134,0.231879881791532,0,-0.11,-0.22,-0.11
2014-02-25 01:55:00,0.134,0.2318726949601408,0,-0.11,-0.22,-0.11
2014-02-25 02:00:00,0.132,0.2297441908198765,0,-0.11,-0.22,-0.11
2014-02-25 02:05:00,0.068,0.2876906847329677,0,-0.11,-0.22,-0.11
2014-02-25 02:10:00,0.134,0.2321003800319786,0,-0.11,-0.22,-0.11
2014-02-25 02:15:00,0.134,0.2318660964163763,0,-0.11,-0.22,-0.11
2014-02-25 02:20:00,0.066,0.2901815326016625,0,-0.11,-0.22,-0.11
2014-02-25 02:25:00,0.134,0.23185890975227624,0,-0.11,-0.22,-0.11
2014-02-25 02:30:00,0.134,0.23185890975227624,0,-0.11,-0.22,-0.11
2014-02-25 02:35:00,0.136,0.233993909847776,0,-0.11,-0.22,-0.11
2014-02-25 02:40:00,0.066,0.2905253944900618,0,-0.11,-0.22,-0.11
2014-02-25 02:45:00,0.134,0.23184393307776616,0,-0.11,-0.22,-0.11
2014-02-25 02:50:00,0.132,0.229708557320685,0,-0.11,-0.22,-0.11
2014-02-25 02:55:00,0.132,0.2294810248102219,0,-0.11,-0.22,-0.11
2014-02-25 03:00:00,0.134,0.2316167092837533,0,-0.11,-0.22,-0.11
2014-02-25 03:05:00,0.134,0.2316167092837533,0,-0.11,-0.22,-0.11
2014-02-25 03:10:00,1.49,0.999028724486128,0,-0.11,-0.22,-0.11
2014-02-25 03:15:00,0.134,0.2256902725363094,0,-0.11,-0.22,-0.11
2014-02-25 03:20:00,0.134,0.2256902725363094,0,-0.11,-0.22,-0.11
2014-02-25 03:25:00,0.134,0.22551895786666706,0,-0.11,-0.22,-0.11
2014-02-25 03:30:00,0.134,0.22551895786666706,0,-0.11,-0.22,-0.11
2014-02-25 03:35:00,0.132,0.2239925491700913,0,-0.11,-0.22,-0.11
2014-02-25 03:40:00,0.066,0.27501617978676673,0,-0.11,-0.22,-0.11
2014-02-25 03:45:00,0.132,0.2239925491700913,0,-0.11,-0.22,-0.11
2014-02-25 03:50:00,0.134,0.22551895786666706,0,-0.11,-0.22,-0.11
2014-02-25 03:55:00,0.20199999999999999,0.28152772561288664,0,-0.11,-0.22,-0.11
2014-02-25 04:00:00,0.068,0.2734287548315802,0,-0.11,-0.22,-0.11
2014-02-25 04:05:00,0.134,0.2255157342297713,0,-0.11,-0.22,-0.11
2014-02-25 04:10:00,0.134,0.2253445379912917,0,-0.11,-0.22,-0.11
2014-02-25 04:15:00,0.132,0.2238249588549747,0,-0.11,-0.22,-0.11
2014-02-25 04:20:00,0.066,0.2751732668554445,0,-0.11,-0.22,-0.11
2014-02-25 04:25:00,0.132,0.22399612962522028,0,-0.11,-0.22,-0.11
2014-02-25 04:30:00,0.132,0.22383001341551675,0,-0.11,-0.22,-0.11
2014-02-25 04:35:00,0.066,0.2900137227274687,0,-0.11,-0.22,-0.11
2014-02-25 04:40:00,0.134,0.23116018093571744,0,-0.11,-0.22,-0.11
2014-02-25 04:45:00,0.134,0.2311531326653869,0,-0.11,-0.22,-0.11
2014-02-25 04:50:00,0.066,0.2896787352240885,0,-0.11,-0.22,-0.11
2014-02-25 04:55:00,0.198,0.3048791481240904,0,-0.11,-0.22,-0.11
2014-02-25 05:00:00,0.066,0.28985878287104044,0,-0.11,-0.22,-0.11
2014-02-25 05:05:00,0.2,0.3072070736982357,0,-0.11,-0.22,-0.11
2014-02-25 05:10:00,0.132,0.22906384949614306,0,-0.11,-0.22,-0.11
2014-02-25 05:15:00,0.136,0.2332432797487233,0,-0.11,-0.22,-0.11
2014-02-25 05:20:00,0.134,0.2311364044824433,0,-0.11,-0.22,-0.11
2014-02-25 05:25:00,0.066,0.28985891783228496,0,-0.11,-0.22,-0.11
2014-02-25 05:30:00,0.132,0.22905648181458202,0,-0.11,-0.22,-0.11
2014-02-25 05:35:00,0.066,0.2895172398308343,0,-0.11,-0.22,-0.11
2014-02-25 05:40:00,0.134,0.2311564612407652,0,-0.11,-0.22,-0.11
2014-02-25 05:45:00,0.134,0.2311564612407652,0,-0.11,-0.22,-0.11
2014-02-25 05:50:00,0.132,0.229070040231383,0,-0.11,-0.22,-0.11
2014-02-25 05:55:00,0.134,0.23116349515908824,0,-0.11,-0.22,-0.11
2014-02-25 06:00:00,0.134,0.2311564612407652,0,-0.11,-0.22,-0.11
2014-02-25 06:05:00,0.066,0.2895128176786808,0,-0.11,-0.22,-0.11
2014-02-25 06:10:00,0.134,0.2313796122994035,0,-0.11,-0.22,-0.11
2014-02-25 06:15:00,0.134,0.2313725764396395,0,-0.11,-0.22,-0.11
2014-02-25 06:20:00,0.066,0.2891952627064239,0,-0.11,-0.22,-0.11
2014-02-25 06:25:00,0.132,0.2292795175561969,0,-0.11,-0.22,-0.11
2014-02-25 06:30:00,0.134,0.2313725764396395,0,-0.11,-0.22,-0.11
2014-02-25 06:35:00,0.066,0.2895204117554368,0,-0.11,-0.22,-0.11
2014-02-25 06:40:00,0.132,0.2292795175561969,0,-0.11,-0.22,-0.11
2014-02-25 06:45:00,0.066,0.2890126345396271,0,-0.11,-0.22,-0.11
2014-02-25 06:50:00,0.134,0.23184464995768164,0,-0.11,-0.22,-0.11
2014-02-25 06:55:00,0.132,0.2297546013452845,0,-0.11,-0.22,-0.11
2014-02-25 07:00:00,0.132,0.2297615979483252,0,-0.11,-0.22,-0.11
2014-02-25 07:05:00,0.134,0.2316283962237145,0,-0.11,-0.22,-0.11
2014-02-25 07:10:00,0.134,0.2316213424273109,0,-0.11,-0.22,-0.11
2014-02-25 07:15:00,0.066,0.28900507144628146,0,-0.11,-0.22,-0.11
2014-02-25 07:20:00,0.134,0.2318517062581375,0,-0.11,-0.22,-0.11
2014-02-25 07:25:00,0.066,0.2886739557877621,0,-0.11,-0.22,-0.11
2014-02-25 07:30:00,0.134,0.2320819378001687,0,-0.11,-0.22,-0.11
2014-02-25 07:35:00,0.134,0.2318581964307899,0,-0.11,-0.22,-0.11
2014-02-25 07:40:00,0.066,0.2886620573707805,0,-0.11,-0.22,-0.11
2014-02-25 07:45:00,0.132,0.2299985632548697,0,-0.11,-0.22,-0.11
2014-02-25 07:50:00,0.132,0.2299985632548697,0,-0.11,-0.22,-0.11
2014-02-25 07:55:00,0.134,0.2320884173988294,0,-0.11,-0.22,-0.11
2014-02-25 08:00:00,0.066,0.2883322953742008,0,-0.11,-0.22,-0.11
2014-02-25 08:05:00,0.134,0.2323185114717398,0,-0.11,-0.22,-0.11
2014-02-25 08:10:00,0.134,0.2320948965171685,0,-0.11,-0.22,-0.11
2014-02-25 08:15:00,0.066,0.28832796691201523,0,-0.11,-0.22,-0.11
2014-02-25 08:20:00,0.134,0.232317918125089,0,-0.11,-0.22,-0.11
2014-02-25 08:25:00,0.134,0.23231085637691104,0,-0.11,-0.22,-0.11
2014-02-25 08:30:00,0.066,0.2883354821310213,0,-0.11,-0.22,-0.11
2014-02-25 08:35:00,0.134,0.23231085637691104,0,-0.11,-0.22,-0.11
2014-02-25 08:40:00,0.132,0.2302213619239987,0,-0.11,-0.22,-0.11
2014-02-25 08:45:00,0.134,0.2320878375426,0,-0.11,-0.22,-0.11
2014-02-25 08:50:00,0.134,0.2320878375426,0,-0.11,-0.22,-0.11
2014-02-25 08:55:00,0.132,0.22999811387895666,0,-0.11,-0.22,-0.11
2014-02-25 09:00:00,0.066,0.2883204521385502,0,-0.11,-0.22,-0.11
2014-02-25 09:05:00,0.134,0.2320948965171685,0,-0.11,-0.22,-0.11
2014-02-25 09:10:00,0.066,0.2883204521385502,0,-0.11,-0.22,-0.11
2014-02-25 09:15:00,0.134,0.232317918125089,0,-0.11,-0.22,-0.11
2014-02-25 09:20:00,0.132,0.2300046630515584,0,-0.11,-0.22,-0.11
2014-02-25 09:25:00,0.066,0.2883161249653773,0,-0.11,-0.22,-0.11
2014-02-25 09:30:00,0.134,0.2323173248876781,0,-0.11,-0.22,-0.11
2014-02-25 09:35:00,0.066,0.2879952231979783,0,-0.11,-0.22,-0.11
2014-02-25 09:40:00,0.134,0.2323237929243201,0,-0.11,-0.22,-0.11
2014-02-25 09:45:00,0.134,0.2323237929243201,0,-0.11,-0.22,-0.11
2014-02-25 09:50:00,0.066,0.2883117986209327,0,-0.11,-0.22,-0.11
2014-02-25 09:55:00,0.132,0.2302344382899632,0,-0.11,-0.22,-0.11
2014-02-25 10:00:00,0.134,0.2323308544075485,0,-0.11,-0.22,-0.11
2014-02-25 10:05:00,0.134,0.23233793422226506,0,-0.11,-0.22,-0.11
2014-02-25 10:10:00,0.066,0.2882850666161858,0,-0.11,-0.22,-0.11
2014-02-25 10:15:00,0.134,0.23233733984765345,0,-0.11,-0.22,-0.11
2014-02-25 10:20:00,0.132,0.23001777353922104,0,-0.11,-0.22,-0.11
2014-02-25 10:25:00,0.068,0.2858780778622493,0,-0.11,-0.22,-0.11
2014-02-25 10:30:00,0.134,0.23233087240684605,0,-0.11,-0.22,-0.11
2014-02-25 10:35:00,0.134,0.2321008122024296,0,-0.11,-0.22,-0.11
2014-02-25 10:40:00,0.066,0.28831192971010605,0,-0.11,-0.22,-0.11
2014-02-25 10:45:00,0.134,0.2320937538011688,0,-0.11,-0.22,-0.11
2014-02-25 10:50:00,0.134,0.2320866957141581,0,-0.11,-0.22,-0.11
2014-02-25 10:55:00,0.134,0.23208669571415824,0,-0.11,-0.22,-0.11
2014-02-25 11:00:00,0.066,0.28831944357769423,0,-0.11,-0.22,-0.11
2014-02-25 11:05:00,0.134,0.2323167497314516,0,-0.11,-0.22,-0.11
2014-02-25 11:10:00,0.132,0.2299972289863629,0,-0.11,-0.22,-0.11
2014-02-25 11:15:00,0.066,0.2883045473637778,0,-0.11,-0.22,-0.11
2014-02-25 11:20:00,0.134,0.23233089040624386,0,-0.11,-0.22,-0.11
2014-02-25 11:25:00,0.134,0.2321073076288004,0,-0.11,-0.22,-0.11
2014-02-25 11:30:00,0.066,0.2883002222573151,0,-0.11,-0.22,-0.11
2014-02-25 11:35:00,0.134,0.2323232354193369,0,-0.11,-0.22,-0.11
2014-02-25 11:40:00,0.066,0.28830773523386,0,-0.11,-0.22,-0.11
2014-02-25 11:45:00,0.132,0.230234003178033,0,-0.11,-0.22,-0.11
2014-02-25 11:50:00,0.132,0.2300107889807167,0,-0.11,-0.22,-0.11
2014-02-25 11:55:00,0.134,0.2321073076288004,0,-0.11,-0.22,-0.11
2014-02-25 12:00:00,0.134,0.23210024935006845,0,-0.11,-0.22,-0.11
2014-02-25 12:05:00,0.134,0.2320931913856852,0,-0.11,-0.22,-0.11
2014-02-25 12:10:00,0.068,0.2862150702083763,0,-0.11,-0.22,-0.11
2014-02-25 12:15:00,0.134,0.2320861337355045,0,-0.11,-0.22,-0.11
2014-02-25 12:20:00,0.134,0.2320861337355045,0,-0.11,-0.22,-0.11
2014-02-25 12:25:00,0.132,0.2297730021875665,0,-0.11,-0.22,-0.11
2014-02-25 12:30:00,0.066,0.28862546636440906,0,-0.11,-0.22,-0.11
2014-02-25 12:35:00,0.132,0.23001033904613705,0,-0.11,-0.22,-0.11
2014-02-25 12:40:00,0.068,0.2862075551869393,0,-0.11,-0.22,-0.11
2014-02-25 12:45:00,0.132,0.2300037910729252,0,-0.11,-0.22,-0.11
2014-02-25 12:50:00,0.134,0.2321002493500685,0,-0.11,-0.22,-0.11
2014-02-25 12:55:00,0.2,0.3080224001906655,0,-0.11,-0.22,-0.11
2014-02-25 13:00:00,0.066,0.28880458249789154,0,-0.11,-0.22,-0.11
2014-02-25 13:05:00,0.134,0.23185790231722234,0,-0.11,-0.22,-0.11
2014-02-25 13:10:00,0.134,0.23185086226337184,0,-0.11,-0.22,-0.11
2014-02-25 13:15:00,0.132,0.22975866407013715,0,-0.11,-0.22,-0.11
2014-02-25 13:20:00,0.134,0.2318579194016049,0,-0.11,-0.22,-0.11
2014-02-25 13:25:00,0.066,0.2888047144879176,0,-0.11,-0.22,-0.11
2014-02-25 13:30:00,0.134,0.2318579194016049,0,-0.11,-0.22,-0.11
2014-02-25 13:35:00,0.132,0.2295425973860913,0,-0.11,-0.22,-0.11
2014-02-25 13:40:00,0.134,0.2316351076919659,0,-0.11,-0.22,-0.11
2014-02-25 13:45:00,0.066,0.2888047144879175,0,-0.11,-0.22,-0.11
2014-02-25 13:50:00,0.132,0.2295425973860913,0,-0.11,-0.22,-0.11
2014-02-25 13:55:00,0.134,0.2316280701393817,0,-0.11,-0.22,-0.11
2014-02-25 14:00:00,0.134,0.2316280701393817,0,-0.11,-0.22,-0.11
2014-02-25 14:05:00,0.066,0.28913587325001394,0,-0.11,-0.22,-0.11
2014-02-25 14:10:00,0.136,0.23372674227234305,0,-0.11,-0.22,-0.11
2014-02-25 14:15:00,0.066,0.2891433069334229,0,-0.11,-0.22,-0.11
2014-02-25 14:20:00,0.198,0.3051117406948945,0,-0.11,-0.22,-0.11
2014-02-25 14:25:00,0.066,0.28899146653590024,0,-0.11,-0.22,-0.11
2014-02-25 14:30:00,0.132,0.22952178795777656,0,-0.11,-0.22,-0.11
2014-02-25 14:35:00,0.132,0.2292990100802741,0,-0.11,-0.22,-0.11
2014-02-25 14:40:00,0.134,0.2313874280309795,0,-0.11,-0.22,-0.11
2014-02-25 14:45:00,0.132,0.22930597174517,0,-0.11,-0.22,-0.11
2014-02-25 14:50:00,0.066,0.2893077950989483,0,-0.11,-0.22,-0.11
2014-02-25 14:55:00,0.2,0.30724952634515795,0,-0.11,-0.22,-0.11
2014-02-25 15:00:00,0.066,0.2891591088524745,0,-0.11,-0.22,-0.11
2014-02-25 15:05:00,0.134,0.23136932826726625,0,-0.11,-0.22,-0.11
2014-02-25 15:10:00,0.132,0.2292922514784177,0,-0.11,-0.22,-0.11
2014-02-25 15:15:00,0.066,0.2888286989740625,0,-0.11,-0.22,-0.11
2014-02-25 15:20:00,0.20199999999999999,0.3097558608044067,0,-0.11,-0.22,-0.11
2014-02-25 15:25:00,0.136,0.23343645134037225,0,-0.11,-0.22,-0.11
2014-02-25 15:30:00,0.134,0.2311150358338907,0,-0.11,-0.22,-0.11
2014-02-25 15:35:00,0.134,0.2311150358338907,0,-0.11,-0.22,-0.11
2014-02-25 15:40:00,0.066,0.2890294154821111,0,-0.11,-0.22,-0.11
2014-02-25 15:45:00,0.266,0.3943339652482665,0,-0.11,-0.22,-0.11
2014-02-25 15:50:00,0.134,0.2306153063233112,0,-0.11,-0.22,-0.11
2014-02-25 15:55:00,0.134,0.23060836773673385,0,-0.11,-0.22,-0.11
2014-02-25 16:00:00,0.066,0.2890697965277844,0,-0.11,-0.22,-0.11
2014-02-25 16:05:00,0.134,0.23106692051242345,0,-0.11,-0.22,-0.11
2014-02-25 16:10:00,0.134,0.2308453765163619,0,-0.11,-0.22,-0.11
2014-02-25 16:15:00,0.066,0.2890654905657391,0,-0.11,-0.22,-0.11
2014-02-25 16:20:00,0.134,0.23107337096866,0,-0.11,-0.22,-0.11
2014-02-25 16:25:00,0.134,0.2310664140652017,0,-0.11,-0.22,-0.11
2014-02-25 16:30:00,0.066,0.2887517886854235,0,-0.11,-0.22,-0.11
2014-02-25 16:35:00,0.132,0.22899552096402506,0,-0.11,-0.22,-0.11
2014-02-25 16:40:00,0.134,0.23105945745028714,0,-0.11,-0.22,-0.11
2014-02-25 16:45:00,0.134,0.2310525011237771,0,-0.11,-0.22,-0.11
2014-02-25 16:50:00,0.066,0.28876681406083976,0,-0.11,-0.22,-0.11
2014-02-25 16:55:00,0.134,0.2312733891649512,0,-0.11,-0.22,-0.11
2014-02-25 17:00:00,0.134,0.2312733891649512,0,-0.11,-0.22,-0.11
2014-02-25 17:05:00,0.134,0.2312733891649512,0,-0.11,-0.22,-0.11
2014-02-25 17:10:00,0.132,0.2292028650489285,0,-0.11,-0.22,-0.11
2014-02-25 17:15:00,0.068,0.2860553865651922,0,-0.11,-0.22,-0.11
2014-02-25 17:20:00,0.134,0.23149466758105355,0,-0.11,-0.22,-0.11
2014-02-25 17:25:00,0.134,0.23126694877397275,0,-0.11,-0.22,-0.11
2014-02-25 17:30:00,0.066,0.28845102333015593,0,-0.11,-0.22,-0.11
2014-02-25 17:35:00,0.134,0.2314877065540667,0,-0.11,-0.22,-0.11
2014-02-25 17:40:00,0.134,0.23148074582293626,0,-0.11,-0.22,-0.11
2014-02-25 17:45:00,0.132,0.2294104524190668,0,-0.11,-0.22,-0.11
2014-02-25 17:50:00,0.134,0.2312530322769717,0,-0.11,-0.22,-0.11
2014-02-25 17:55:00,0.134,0.2312530322769717,0,-0.11,-0.22,-0.11
2014-02-25 18:00:00,0.134,0.2312530322769717,0,-0.11,-0.22,-0.11
2014-02-25 18:05:00,0.134,0.2312530322769717,0,-0.11,-0.22,-0.11
2014-02-25 18:10:00,0.132,0.2291894550531779,0,-0.11,-0.22,-0.11
2014-02-25 18:15:00,0.134,0.2312599903795351,0,-0.11,-0.22,-0.11
2014-02-25 18:20:00,0.134,0.2312599903795351,0,-0.11,-0.22,-0.11
2014-02-25 18:25:00,0.134,0.2312530322769717,0,-0.11,-0.22,-0.11
2014-02-25 18:30:00,0.134,0.2312600060606792,0,-0.11,-0.22,-0.11
2014-02-25 18:35:00,0.066,0.288466134921198,0,-0.11,-0.22,-0.11
2014-02-25 18:40:00,0.134,0.2314807618883649,0,-0.11,-0.22,-0.11
2014-02-25 18:45:00,0.132,0.22918946690414946,0,-0.11,-0.22,-0.11
2014-02-25 18:50:00,0.132,0.2291963677240152,0,-0.11,-0.22,-0.11
2014-02-25 18:55:00,0.134,0.23126696446823625,0,-0.11,-0.22,-0.11
2014-02-25 19:00:00,0.068,0.2860670663365118,0,-0.11,-0.22,-0.11
2014-02-25 19:05:00,0.134,0.23172741833296154,0,-0.11,-0.22,-0.11
2014-02-25 19:10:00,0.134,0.23172741833296154,0,-0.11,-0.22,-0.11
2014-02-25 19:15:00,0.136,0.2335865483081602,0,-0.11,-0.22,-0.11
2014-02-25 19:20:00,0.134,0.2314988266218102,0,-0.11,-0.22,-0.11
2014-02-25 19:25:00,0.132,0.229659386755596,0,-0.11,-0.22,-0.11
2014-02-25 19:30:00,0.132,0.2294376776560262,0,-0.11,-0.22,-0.11
2014-02-25 19:35:00,0.066,0.2884243173037936,0,-0.11,-0.22,-0.11
2014-02-25 19:40:00,0.134,0.2317449463320564,0,-0.11,-0.22,-0.11
2014-02-25 19:45:00,0.134,0.2315164823786841,0,-0.11,-0.22,-0.11
2014-02-25 19:50:00,0.134,0.23150949275130786,0,-0.11,-0.22,-0.11
2014-02-25 19:55:00,0.198,0.3044934772093507,0,-0.11,-0.22,-0.11
2014-02-25 20:00:00,0.134,0.2312706658929536,0,-0.11,-0.22,-0.11
2014-02-25 20:05:00,0.132,0.2292097199196173,0,-0.11,-0.22,-0.11
2014-02-25 20:10:00,0.134,0.2310563242537655,0,-0.11,-0.22,-0.11
2014-02-25 20:15:00,0.066,0.28892469806395993,0,-0.11,-0.22,-0.11
2014-02-25 20:20:00,0.134,0.2312846277123312,0,-0.11,-0.22,-0.11
2014-02-25 20:25:00,0.134,0.23127765453829904,0,-0.11,-0.22,-0.11
2014-02-25 20:30:00,0.132,0.2292028045977889,0,-0.11,-0.22,-0.11
2014-02-25 20:35:00,0.066,0.2886036246611753,0,-0.11,-0.22,-0.11
2014-02-25 20:40:00,0.134,0.2315128103032092,0,-0.11,-0.22,-0.11
2014-02-25 20:45:00,0.134,0.2315128103032092,0,-0.11,-0.22,-0.11
2014-02-25 20:50:00,0.134,0.2312846435035169,0,-0.11,-0.22,-0.11
2014-02-25 20:55:00,0.198,0.30412470045628376,0,-0.11,-0.22,-0.11
2014-02-25 21:00:00,0.132,0.2292097318565908,0,-0.11,-0.22,-0.11
2014-02-25 21:05:00,0.134,0.2312846435035169,0,-0.11,-0.22,-0.11
2014-02-25 21:10:00,0.134,0.2312846435035169,0,-0.11,-0.22,-0.11
2014-02-25 21:15:00,0.134,0.2312846435035169,0,-0.11,-0.22,-0.11
2014-02-25 21:20:00,0.134,0.2312846435035169,0,-0.11,-0.22,-0.11
2014-02-25 21:25:00,0.068,0.28620660037607026,0,-0.11,-0.22,-0.11
2014-02-25 21:30:00,0.132,0.2292101258134341,0,-0.11,-0.22,-0.11
2014-02-25 21:35:00,0.134,0.2312781910383621,0,-0.11,-0.22,-0.11
2014-02-25 21:40:00,0.134,0.2312781910383621,0,-0.11,-0.22,-0.11
2014-02-25 21:45:00,0.132,0.2292101258134341,0,-0.11,-0.22,-0.11
2014-02-25 21:50:00,0.136,0.2333592663760401,0,-0.11,-0.22,-0.11
2014-02-25 21:55:00,0.134,0.2312642289181569,0,-0.11,-0.22,-0.11
2014-02-25 22:00:00,0.134,0.2315111342696464,0,-0.11,-0.22,-0.11
2014-02-25 22:05:00,0.136,0.233589332154416,0,-0.11,-0.22,-0.11
2014-02-25 22:10:00,0.132,0.22919622593230501,0,-0.11,-0.22,-0.11
2014-02-25 22:15:00,0.066,0.28878824832645555,0,-0.11,-0.22,-0.11
2014-02-25 22:20:00,0.134,0.23149713699601,0,-0.11,-0.22,-0.11
2014-02-25 22:25:00,0.132,0.2294181201861937,0,-0.11,-0.22,-0.11
2014-02-25 22:30:00,0.066,0.288467284241481,0,-0.11,-0.22,-0.11
2014-02-25 22:35:00,0.134,0.23171863994450226,0,-0.11,-0.22,-0.11
2014-02-25 22:40:00,0.134,0.23171863994450226,0,-0.11,-0.22,-0.11
2014-02-25 22:45:00,0.134,0.2314901469355177,0,-0.11,-0.22,-0.11
2014-02-25 22:50:00,0.134,0.2314831571733429,0,-0.11,-0.22,-0.11
2014-02-25 22:55:00,0.134,0.2314831571733429,0,-0.11,-0.22,-0.11
2014-02-25 23:00:00,0.134,0.2314761677093447,0,-0.11,-0.22,-0.11
2014-02-25 23:05:00,0.134,0.2314761677093447,0,-0.11,-0.22,-0.11
2014-02-25 23:10:00,0.066,0.28848979409865544,0,-0.11,-0.22,-0.11
2014-02-25 23:15:00,0.132,0.2296259948595371,0,-0.11,-0.22,-0.11
2014-02-25 23:20:00,0.20199999999999999,0.3096352758052052,0,-0.11,-0.22,-0.11
2014-02-25 23:25:00,0.134,0.23144356328942456,0,-0.11,-0.22,-0.11
2014-02-25 23:30:00,0.132,0.2293762171702609,0,-0.11,-0.22,-0.11
2014-02-25 23:35:00,0.134,0.23145053685197936,0,-0.11,-0.22,-0.11
2014-02-25 23:40:00,0.066,0.2883403152113427,0,-0.11,-0.22,-0.11
2014-02-25 23:45:00,0.134,0.23145053685197936,0,-0.11,-0.22,-0.11
2014-02-25 23:50:00,0.134,0.23145053685197936,0,-0.11,-0.22,-0.11
2014-02-25 23:55:00,0.20199999999999999,0.30922694815580043,0,-0.11,-0.22,-0.11
2014-02-26 00:00:00,0.066,0.28851096518852765,0,-0.11,-0.22,-0.11
2014-02-26 00:05:00,0.2,0.3065581429980538,0,-0.11,-0.22,-0.11
2014-02-26 00:10:00,0.134,0.2309734021662964,0,-0.11,-0.22,-0.11
2014-02-26 00:15:00,0.066,0.288686075709786,0,-0.11,-0.22,-0.11
2014-02-26 00:20:00,0.132,0.2291348863164125,0,-0.11,-0.22,-0.11
2014-02-26 00:25:00,0.134,0.2314389876413241,0,-0.11,-0.22,-0.11
2014-02-26 00:30:00,0.134,0.23121128978315805,0,-0.11,-0.22,-0.11
2014-02-26 00:35:00,0.136,0.2332874786115849,0,-0.11,-0.22,-0.11
2014-02-26 00:40:00,0.134,0.23121128978315805,0,-0.11,-0.22,-0.11
2014-02-26 00:45:00,0.132,0.22914805603974844,0,-0.11,-0.22,-0.11
2014-02-26 00:50:00,0.068,0.2861192416694325,0,-0.11,-0.22,-0.11
2014-02-26 00:55:00,0.134,0.2314325561524235,0,-0.11,-0.22,-0.11
2014-02-26 01:00:00,0.134,0.23165656325027786,0,-0.11,-0.22,-0.11
2014-02-26 01:05:00,0.134,0.2314350176937841,0,-0.11,-0.22,-0.11
2014-02-26 01:10:00,0.134,0.23144200572044865,0,-0.11,-0.22,-0.11
2014-02-26 01:15:00,0.066,0.28833530409430463,0,-0.11,-0.22,-0.11
2014-02-26 01:20:00,0.134,0.2316699867295393,0,-0.11,-0.22,-0.11
2014-02-26 01:25:00,0.134,0.2314420057204485,0,-0.11,-0.22,-0.11
2014-02-26 01:30:00,0.134,0.2314420057204485,0,-0.11,-0.22,-0.11
2014-02-26 01:35:00,0.134,0.2314350337336929,0,-0.11,-0.22,-0.11
2014-02-26 01:40:00,0.132,0.2293681173386698,0,-0.11,-0.22,-0.11
2014-02-26 01:45:00,0.066,0.2883427913860362,0,-0.11,-0.22,-0.11
2014-02-26 01:50:00,0.132,0.2293681173386698,0,-0.11,-0.22,-0.11
2014-02-26 01:55:00,0.132,0.2293750315628462,0,-0.11,-0.22,-0.11
2014-02-26 02:00:00,0.134,0.2314489780032408,0,-0.11,-0.22,-0.11
2014-02-26 02:05:00,0.066,0.28833530409430463,0,-0.11,-0.22,-0.11
2014-02-26 02:10:00,0.134,0.2314420057204485,0,-0.11,-0.22,-0.11
2014-02-26 02:15:00,0.134,0.2314420057204485,0,-0.11,-0.22,-0.11
2014-02-26 02:20:00,0.134,0.2314350337336929,0,-0.11,-0.22,-0.11
2014-02-26 02:25:00,0.066,0.2883427913860362,0,-0.11,-0.22,-0.11
2014-02-26 02:30:00,0.2,0.30670806353588786,0,-0.11,-0.22,-0.11
2014-02-26 02:35:00,0.066,0.28852520001462306,0,-0.11,-0.22,-0.11
2014-02-26 02:40:00,0.134,0.23119586872822345,0,-0.11,-0.22,-0.11
2014-02-26 02:45:00,0.134,0.23119586872822345,0,-0.11,-0.22,-0.11
2014-02-26 02:50:00,0.132,0.2291262222767765,0,-0.11,-0.22,-0.11
2014-02-26 02:55:00,0.134,0.23119586872822345,0,-0.11,-0.22,-0.11
2014-02-26 03:00:00,0.134,0.23119586872822345,0,-0.11,-0.22,-0.11
2014-02-26 03:05:00,0.198,0.30383931692202953,0,-0.11,-0.22,-0.11
2014-02-26 03:10:00,0.066,0.2890090470514253,0,-0.11,-0.22,-0.11
2014-02-26 03:15:00,1.534,0.9990290886607942,0,-0.11,-0.22,-0.11
2014-02-26 03:20:00,0.066,0.27348210206166024,0,-0.11,-0.22,-0.11
2014-02-26 03:25:00,0.134,0.2252281052306345,0,-0.11,-0.22,-0.11
2014-02-26 03:30:00,0.132,0.22375588706173327,0,-0.11,-0.22,-0.11
2014-02-26 03:35:00,0.132,0.223760784296723,0,-0.11,-0.22,-0.11
2014-02-26 03:40:00,0.134,0.22524287343124216,0,-0.11,-0.22,-0.11
2014-02-26 03:45:00,0.132,0.22360460315750136,0,-0.11,-0.22,-0.11
2014-02-26 03:50:00,0.132,0.2236095002254481,0,-0.11,-0.22,-0.11
2014-02-26 03:55:00,0.134,0.2250817760761616,0,-0.11,-0.22,-0.11
2014-02-26 04:00:00,0.134,0.2250768545374167,0,-0.11,-0.22,-0.11
2014-02-26 04:05:00,0.136,0.2265559708475345,0,-0.11,-0.22,-0.11
2014-02-26 04:10:00,0.134,0.22507193082086271,0,-0.11,-0.22,-0.11
2014-02-26 04:15:00,0.136,0.2324034902315369,0,-0.11,-0.22,-0.11
2014-02-26 04:20:00,0.066,0.2872752191385948,0,-0.11,-0.22,-0.11
2014-02-26 04:25:00,0.2,0.3033637152125012,0,-0.11,-0.22,-0.11
2014-02-26 04:30:00,0.066,0.28713411407541584,0,-0.11,-0.22,-0.11
2014-02-26 04:35:00,0.132,0.22859635942687115,0,-0.11,-0.22,-0.11
2014-02-26 04:40:00,0.136,0.23260567744372554,0,-0.11,-0.22,-0.11
2014-02-26 04:45:00,0.132,0.22836827486723435,0,-0.11,-0.22,-0.11
2014-02-26 04:50:00,0.132,0.2283682748672345,0,-0.11,-0.22,-0.11
2014-02-26 04:55:00,0.132,0.2283749496540348,0,-0.11,-0.22,-0.11
2014-02-26 05:00:00,0.132,0.22861478424802034,0,-0.11,-0.22,-0.11
2014-02-26 05:05:00,0.134,0.2304087958840877,0,-0.11,-0.22,-0.11
2014-02-26 05:10:00,0.134,0.2304087958840877,0,-0.11,-0.22,-0.11
2014-02-26 05:15:00,0.134,0.2304087958840877,0,-0.11,-0.22,-0.11
2014-02-26 05:20:00,0.134,0.2304020544214014,0,-0.11,-0.22,-0.11
2014-02-26 05:25:00,0.132,0.22817735451800755,0,-0.11,-0.22,-0.11
2014-02-26 05:30:00,0.134,0.2301802650533142,0,-0.11,-0.22,-0.11
2014-02-26 05:35:00,0.132,0.22817066784512385,0,-0.11,-0.22,-0.11
2014-02-26 05:40:00,0.132,0.2279552394018169,0,-0.11,-0.22,-0.11
2014-02-26 05:45:00,0.20199999999999999,0.3051874003968941,0,-0.11,-0.22,-0.11
2014-02-26 05:50:00,0.134,0.2297288936398089,0,-0.11,-0.22,-0.11
2014-02-26 05:55:00,0.132,0.22750758744928265,0,-0.11,-0.22,-0.11
2014-02-26 06:00:00,0.132,0.2277323847483506,0,-0.11,-0.22,-0.11
2014-02-26 06:05:00,0.134,0.2295199896867631,0,-0.11,-0.22,-0.11
2014-02-26 06:10:00,0.134,0.2297492069017048,0,-0.11,-0.22,-0.11
2014-02-26 06:15:00,0.134,0.2297424589636441,0,-0.11,-0.22,-0.11
2014-02-26 06:20:00,0.2,0.3027347545192136,0,-0.11,-0.22,-0.11
2014-02-26 06:25:00,0.066,0.2885122461380709,0,-0.11,-0.22,-0.11
2014-02-26 06:30:00,0.134,0.22952000155371616,0,-0.11,-0.22,-0.11
2014-02-26 06:35:00,0.132,0.2275099877351633,0,-0.11,-0.22,-0.11
2014-02-26 06:40:00,0.066,0.28883387323818543,0,-0.11,-0.22,-0.11
2014-02-26 06:45:00,0.134,0.22952000155371616,0,-0.11,-0.22,-0.11
2014-02-26 06:50:00,0.134,0.22952000155371616,0,-0.11,-0.22,-0.11
2014-02-26 06:55:00,0.20199999999999999,0.3047652545342123,0,-0.11,-0.22,-0.11
2014-02-26 07:00:00,0.132,0.2272782341457687,0,-0.11,-0.22,-0.11
2014-02-26 07:05:00,0.134,0.2292844075277461,0,-0.11,-0.22,-0.11
2014-02-26 07:10:00,0.134,0.2290623351118837,0,-0.11,-0.22,-0.11
2014-02-26 07:15:00,0.134,0.2290623351118837,0,-0.11,-0.22,-0.11
2014-02-26 07:20:00,0.134,0.2290623351118837,0,-0.11,-0.22,-0.11
2014-02-26 07:25:00,0.134,0.228840102357744,0,-0.11,-0.22,-0.11
2014-02-26 07:30:00,0.068,0.2870120322804397,0,-0.11,-0.22,-0.11
2014-02-26 07:35:00,0.132,0.2270495120086652,0,-0.11,-0.22,-0.11
2014-02-26 07:40:00,0.132,0.22683368656319394,0,-0.11,-0.22,-0.11
2014-02-26 07:45:00,0.132,0.22683368656319394,0,-0.11,-0.22,-0.11
2014-02-26 07:50:00,0.20199999999999999,0.3037987983218918,0,-0.11,-0.22,-0.11
2014-02-26 07:55:00,0.132,0.2263874223271983,0,-0.11,-0.22,-0.11
2014-02-26 08:00:00,0.134,0.2283840133733751,0,-0.11,-0.22,-0.11
2014-02-26 08:05:00,0.134,0.2283773142271215,0,-0.11,-0.22,-0.11
2014-02-26 08:10:00,0.132,0.2263807726593033,0,-0.11,-0.22,-0.11
2014-02-26 08:15:00,0.132,0.2263874223271983,0,-0.11,-0.22,-0.11
2014-02-26 08:20:00,0.132,0.2261714682583798,0,-0.11,-0.22,-0.11
2014-02-26 08:25:00,0.132,0.2261781176749511,0,-0.11,-0.22,-0.11
2014-02-26 08:30:00,0.134,0.2279592837533133,0,-0.11,-0.22,-0.11
2014-02-26 08:35:00,0.134,0.2279592837533133,0,-0.11,-0.22,-0.11
2014-02-26 08:40:00,0.134,0.2279592837533133,0,-0.11,-0.22,-0.11
2014-02-26 08:45:00,0.134,0.2277365972795133,0,-0.11,-0.22,-0.11
2014-02-26 08:50:00,0.132,0.22573232978672625,0,-0.11,-0.22,-0.11
2014-02-26 08:55:00,0.20199999999999999,0.30284425043050045,0,-0.11,-0.22,-0.11
2014-02-26 09:00:00,0.132,0.2255034983263801,0,-0.11,-0.22,-0.11
2014-02-26 09:05:00,0.134,0.22728139942845405,0,-0.11,-0.22,-0.11
2014-02-26 09:10:00,0.134,0.22728139942845405,0,-0.11,-0.22,-0.11
2014-02-26 09:15:00,0.132,0.2252871747710461,0,-0.11,-0.22,-0.11
2014-02-26 09:20:00,0.068,0.2892908550335795,0,-0.11,-0.22,-0.11
2014-02-26 09:25:00,0.134,0.2272816628684033,0,-0.11,-0.22,-0.11
2014-02-26 09:30:00,0.132,0.22528732307525745,0,-0.11,-0.22,-0.11
2014-02-26 09:35:00,0.198,0.2973136226249869,0,-0.11,-0.22,-0.11
2014-02-26 09:40:00,0.134,0.2268479416817165,0,-0.11,-0.22,-0.11
2014-02-26 09:45:00,0.134,0.2268412716579584,0,-0.11,-0.22,-0.11
2014-02-26 09:50:00,0.134,0.2268412716579584,0,-0.11,-0.22,-0.11
2014-02-26 09:55:00,0.132,0.22484994295863733,0,-0.11,-0.22,-0.11
2014-02-26 10:00:00,0.198,0.2969699352771805,0,-0.11,-0.22,-0.11
2014-02-26 10:05:00,0.132,0.2244133284170733,0,-0.11,-0.22,-0.11
2014-02-26 10:10:00,0.066,0.2923300790270953,0,-0.11,-0.22,-0.11
2014-02-26 10:15:00,0.132,0.22441993973346466,0,-0.11,-0.22,-0.11
2014-02-26 10:20:00,0.134,0.2264150125861701,0,-0.11,-0.22,-0.11
2014-02-26 10:25:00,0.132,0.22441993973346466,0,-0.11,-0.22,-0.11
2014-02-26 10:30:00,0.066,0.2926574153071687,0,-0.11,-0.22,-0.11
2014-02-26 10:35:00,0.132,0.2244265512295447,0,-0.11,-0.22,-0.11
2014-02-26 10:40:00,0.132,0.22420993477670528,0,-0.11,-0.22,-0.11
2014-02-26 10:45:00,0.132,0.22421654703474453,0,-0.11,-0.22,-0.11
2014-02-26 10:50:00,0.134,0.2262121393616637,0,-0.11,-0.22,-0.11
2014-02-26 10:55:00,0.132,0.2239997010238636,0,-0.11,-0.22,-0.11
2014-02-26 11:00:00,0.20199999999999999,0.3008615858170968,0,-0.11,-0.22,-0.11
2014-02-26 11:05:00,0.066,0.29315446918723537,0,-0.11,-0.22,-0.11
2014-02-26 11:10:00,0.134,0.2259824610195397,0,-0.11,-0.22,-0.11
2014-02-26 11:15:00,0.134,0.2257596120958183,0,-0.11,-0.22,-0.11
2014-02-26 11:20:00,0.066,0.2931544691872354,0,-0.11,-0.22,-0.11
2014-02-26 11:25:00,0.132,0.223990496579902,0,-0.11,-0.22,-0.11
2014-02-26 11:30:00,0.134,0.2257660816646625,0,-0.11,-0.22,-0.11
2014-02-26 11:35:00,0.134,0.2257660816646625,0,-0.11,-0.22,-0.11
2014-02-26 11:40:00,0.066,0.2931423571680005,0,-0.11,-0.22,-0.11
2014-02-26 11:45:00,0.198,0.2957306890847057,0,-0.11,-0.22,-0.11
2014-02-26 11:50:00,0.134,0.2255509063488461,0,-0.11,-0.22,-0.11
2014-02-26 11:55:00,0.134,0.2255509063488461,0,-0.11,-0.22,-0.11
2014-02-26 12:00:00,0.2,0.29777591932392883,0,-0.11,-0.22,-0.11
2014-02-26 12:05:00,0.066,0.29383973269747377,0,-0.11,-0.22,-0.11
2014-02-26 12:10:00,0.132,0.22335049819239847,0,-0.11,-0.22,-0.11
2014-02-26 12:15:00,0.134,0.2253295381745131,0,-0.11,-0.22,-0.11
2014-02-26 12:20:00,0.066,0.2938397326974738,0,-0.11,-0.22,-0.11
2014-02-26 12:25:00,0.134,0.2253295381745131,0,-0.11,-0.22,-0.11
2014-02-26 12:30:00,0.132,0.22335049819239847,0,-0.11,-0.22,-0.11
2014-02-26 12:35:00,0.134,0.22511347449512886,0,-0.11,-0.22,-0.11
2014-02-26 12:40:00,0.134,0.22511347449512886,0,-0.11,-0.22,-0.11
2014-02-26 12:45:00,0.132,0.2229105983721102,0,-0.11,-0.22,-0.11
2014-02-26 12:50:00,0.136,0.22688295557248864,0,-0.11,-0.22,-0.11
2014-02-26 12:55:00,0.134,0.2248773017791544,0,-0.11,-0.22,-0.11
2014-02-26 13:00:00,0.134,0.2248773017791544,0,-0.11,-0.22,-0.11
2014-02-26 13:05:00,0.134,0.2248773017791544,0,-0.11,-0.22,-0.11
2014-02-26 13:10:00,0.134,0.2248773017791544,0,-0.11,-0.22,-0.11
2014-02-26 13:15:00,0.132,0.2227198807458146,0,-0.11,-0.22,-0.11
2014-02-26 13:20:00,0.132,0.2227132999781352,0,-0.11,-0.22,-0.11
2014-02-26 13:25:00,0.132,0.2227067193380044,0,-0.11,-0.22,-0.11
2014-02-26 13:30:00,0.066,0.2945013615490837,0,-0.11,-0.22,-0.11
2014-02-26 13:35:00,0.132,0.2227067193380044,0,-0.11,-0.22,-0.11
2014-02-26 13:40:00,0.132,0.2227067193380044,0,-0.11,-0.22,-0.11
2014-02-26 13:45:00,0.066,0.2948242032021084,1,1.0,1.0,1.0
2014-02-26 13:50:00,0.134,0.22468040114054005,1,0.9996606163510808,0.9996606163510808,0.9996606163510809
2014-02-26 13:55:00,0.134,0.22468040114054005,1,0.9993128031853268,0.9993128031853268,0.9993128031853268
2014-02-26 14:00:00,0.132,0.22291757534208734,1,0.9989563541757912,0.9989563541757912,0.9989563541757912
2014-02-26 14:05:00,0.134,0.22468427709240027,1,0.9985910580993534,0.9985910580993534,0.9985910580993534
2014-02-26 14:10:00,0.066,0.2946416314010397,1,0.9982166987283538,0.9982166987283538,0.9982166987283538
2014-02-26 14:15:00,0.134,0.2249078468708395,1,0.9978330547202332,0.9978330547202332,0.9978330547202332
2014-02-26 14:20:00,0.132,0.22291757534208734,1,0.9974398995051676,0.9974398995051676,0.9974398995051675
2014-02-26 14:25:00,0.20199999999999999,0.2996054162611241,1,0.9970370011716712,0.9970370011716712,0.9970370011716713
2014-02-26 14:30:00,0.134,0.22445690887797198,1,0.9966241223501692,0.9966241223501692,0.9966241223501693
2014-02-26 14:35:00,0.132,0.22292414045628425,1,0.9962010200945216,0.9962010200945216,0.9962010200945217
2014-02-26 14:40:00,0.066,0.2948274195816432,1,0.9957674457614892,0.9957674457614892,0.9957674457614893
2014-02-26 14:45:00,0.20199999999999999,0.2992447839258646,1,0.9953231448881372,0.9953231448881371,0.995323144888137
2014-02-26 14:50:00,0.066,0.2950134967902519,1,0.9948678570671664,0.9948678570671664,0.9948678570671663
2014-02-26 14:55:00,0.2,0.2964963239864709,1,0.9944013158201752,0.9944013158201752,0.9944013158201751
2014-02-26 15:00:00,0.132,0.2231469624461752,1,0.9939232484688408,0.9939232484688408,0.9939232484688408
2014-02-26 15:05:00,0.068,0.292492420372789,1,0.9934333760040284,0.9934333760040284,0.9934333760040285
2014-02-26 15:10:00,0.136,0.2262131173065591,1,0.9929314129528292,0.9929314129528292,0.9929314129528292
2014-02-26 15:15:00,0.134,0.22422731027699366,1,0.9924170672435276,0.9924170672435276,0.9924170672435275
2014-02-26 15:20:00,0.132,0.22337129462824207,1,0.9918900400685148,0.9918900400685148,0.9918900400685149
2014-02-26 15:25:00,0.134,0.2242235854658277,1,0.9913500257451536,0.9913500257451536,0.9913500257451535
2014-02-26 15:30:00,0.132,0.22337916347574246,1,0.9907967115746072,0.9907967115746072,0.9907967115746071
2014-02-26 15:35:00,0.134,0.2240001419584056,1,0.9902297776986564,0.9902297776986564,0.9902297776986564
2014-02-26 15:40:00,0.134,0.22399352899776684,1,0.9896488969545182,0.9896488969545182,0.9896488969545182
2014-02-26 15:45:00,0.066,0.29537413670455104,1,0.989053734727698,0.989053734727698,0.9890537347276981
2014-02-26 15:50:00,0.134,0.2242103623097492,1,0.9884439488028972,0.9884439488028972,0.9884439488028973
2014-02-26 15:55:00,0.2,0.2960951355914869,1,0.9878191892130114,0.9878191892130114,0.9878191892130114
2014-02-26 16:00:00,0.134,0.22398691618702984,1,0.987179098086258,0.9871790980862579,0.987179098086258
2014-02-26 16:05:00,0.132,0.22361773019674014,1,0.9865233094914724,0.9865233094914724,0.9865233094914725
2014-02-26 16:10:00,0.066,0.2957205472466284,1,0.9858514492816188,0.9858514492816188,0.9858514492816188
2014-02-26 16:15:00,0.134,0.22398691618702984,1,0.9851631349355688,0.9851631349355688,0.9851631349355688
2014-02-26 16:20:00,0.134,0.2237632069564784,1,0.9844579753982056,0.9844579753982056,0.9844579753982057
2014-02-26 16:25:00,0.132,0.22339375807927525,1,0.9837355709189104,0.9837355709189104,0.9837355709189104
2014-02-26 16:30:00,0.134,0.2240027674274429,1,0.9829955128885096,0.9829955128885096,0.9829955128885095
2014-02-26 16:35:00,0.132,0.2233805334701711,1,0.9822373836747456,0.9822373836747456,0.9822373836747457
2014-02-26 16:40:00,0.134,0.2240093939230053,1,0.9814607564563648,0.9814607564563648,0.9814607564563648
2014-02-26 16:45:00,0.134,0.2237852406851981,1,0.9806651950559008,0.9806651950559008,0.9806651950559007
2014-02-26 16:50:00,0.132,0.22316463981058046,1,0.9798502537712545,0.9798502537712545,0.9798502537712545
2014-02-26 16:55:00,0.134,0.2242356115268017,1,0.979015477206175,0.979015477206175,0.979015477206175
2014-02-26 17:00:00,0.066,0.29564227851591496,1,0.978160400099744,0.978160400099744,0.9781604000997439
2014-02-26 17:05:00,0.132,0.22315799943947834,1,0.9772845471549964,0.9772845471549964,0.9772845471549964
2014-02-26 17:10:00,0.134,0.2242422756674904,1,0.976387432866794,0.976387432866794,0.976387432866794
2014-02-26 17:15:00,0.134,0.2242422756674904,1,0.9754685613490952,0.9754685613490952,0.9754685613490953
2014-02-26 17:20:00,0.066,0.2959835436334661,1,0.9745274261617696,0.9745274261617696,0.9745274261617695
2014-02-26 17:25:00,0.134,0.2242422756674904,1,0.9735635101371072,0.9735635101371072,0.9735635101371072
2014-02-26 17:30:00,0.132,0.22315135920558107,1,0.9725762852061977,0.9725762852061977,0.9725762852061975
2014-02-26 17:35:00,0.066,0.29597557677005537,1,0.9715652122253532,0.9715652122253532,0.9715652122253531
2014-02-26 17:40:00,0.132,0.22315135920558107,1,0.9705297408027682,0.9705297408027682,0.9705297408027682
2014-02-26 17:45:00,0.134,0.2242489399644703,1,0.9694693091256104,0.9694693091256104,0.9694693091256104
2014-02-26 17:50:00,0.134,0.2242489399644703,1,0.9683833437877668,0.9683833437877668,0.9683833437877669
2014-02-26 17:55:00,0.134,0.2240237516454779,1,0.9672712596184648,0.9672712596184648,0.9672712596184648
2014-02-26 18:00:00,0.134,0.2240237516454779,1,0.966132459512006,0.966132459512006,0.9661324595120059
2014-02-26 18:05:00,0.068,0.2935843371406998,1,0.9649663342588732,0.9649663342588732,0.9649663342588732
2014-02-26 18:10:00,0.132,0.2231513854447089,1,0.963772262378476,0.963772262378476,0.9637722623784759
2014-02-26 18:15:00,0.132,0.2231513854447089,1,0.9625496099538098,0.9625496099538098,0.9625496099538098
2014-02-26 18:20:00,0.066,0.2959676104962269,1,0.961297730468342,0.961297730468342,0.961297730468342
2014-02-26 18:25:00,0.132,0.2231380791489358,1,0.9600159646454204,0.9600159646454204,0.9600159646454204
2014-02-26 18:30:00,0.132,0.22313143932595536,1,0.9587036402905508,0.9587036402905508,0.9587036402905507
2014-02-26 18:35:00,0.068,0.2935605505258855,1,0.9573600721368786,0.9573600721368786,0.9573600721368786
2014-02-26 18:40:00,0.134,0.22426236002863392,1,0.9559845616942484,0.9559845616942484,0.9559845616942484
2014-02-26 18:45:00,0.134,0.22426236002863392,1,0.9545763971022152,0.9545763971022152,0.9545763971022153
2014-02-26 18:50:00,0.134,0.2242556950294304,1,0.9531348529874168,0.9531348529874168,0.9531348529874168
2014-02-26 18:55:00,0.134,0.2242556950294304,1,0.95165919032572,0.95165919032572,0.95165919032572
2014-02-26 19:00:00,0.066,0.2956230840196272,1,0.9501486563095902,0.9501486563095902,0.9501486563095902
2014-02-26 19:05:00,0.132,0.22291220404859471,1,0.948602484221132,0.9486024842211321,0.948602484221132
2014-02-26 19:10:00,0.134,0.2244872942438036,1,0.9470198933112958,0.9470198933112958,0.9470198933112958
2014-02-26 19:15:00,0.134,0.22448063047161546,1,0.9454000886857372,0.9454000886857371,0.945400088685737
2014-02-26 19:20:00,0.134,0.22448063047161546,1,0.9437422611978667,0.9437422611978667,0.9437422611978669
2014-02-26 19:25:00,0.132,0.22291220404859471,1,0.9420455873496312,0.9420455873496312,0.9420455873496312
2014-02-26 19:30:00,0.132,0.22290557497371005,1,0.9403092292005844,0.9403092292005844,0.9403092292005844
2014-02-26 19:35:00,0.066,0.2952596185066009,1,0.9385323342858608,0.9385323342858608,0.9385323342858607
2014-02-26 19:40:00,0.134,0.22449395817633755,1,0.9367140355436432,0.9367140355436432,0.9367140355436433
2014-02-26 19:45:00,0.134,0.22449395817633755,1,0.9348534512527858,0.9348534512527858,0.9348534512527858
2014-02-26 19:50:00,0.134,0.2244872942438036,1,0.932949684981232,0.932949684981232,0.932949684981232
2014-02-26 19:55:00,0.134,0.22448063047161546,1,0.9310018255459368,0.9310018255459368,0.9310018255459367
2014-02-26 20:00:00,0.134,0.22448063047161546,1,0.9290089469849906,0.9290089469849906,0.9290089469849906
2014-02-26 20:05:00,0.134,0.22426226902777613,1,0.9269701085426888,0.9269701085426888,0.9269701085426887
2014-02-26 20:10:00,0.066,0.2956105280661296,1,0.9248843546683032,0.9248843546683032,0.9248843546683032
2014-02-26 20:15:00,0.134,0.22448719030444605,1,0.922750715029351,0.922750715029351,0.922750715029351
2014-02-26 20:20:00,0.136,0.22649888815871946,1,0.9205682045401627,0.9205682045401627,0.9205682045401629
2014-02-26 20:25:00,0.136,0.226492174358539,1,0.9183358234065968,0.9183358234065968,0.9183358234065968
2014-02-26 20:30:00,0.134,0.22447386057202606,1,0.9160525571877524,0.9160525571877524,0.9160525571877525
2014-02-26 20:35:00,0.068,0.29290316730202026,1,0.9137173768755792,0.9137173768755791,0.913717376875579
2014-02-26 20:40:00,0.134,0.22446063701312846,1,0.9113292389932816,0.9113292389932816,0.9113292389932816
2014-02-26 20:45:00,0.136,0.22646556075567464,1,0.9088870857134672,0.9088870857134672,0.9088870857134672
2014-02-26 20:50:00,0.134,0.22445397080190307,1,0.9063898449969824,0.9063898449969824,0.9063898449969823
2014-02-26 20:55:00,0.134,0.22445397080190307,1,0.9038364307534312,0.9038364307534312,0.9038364307534311
2014-02-26 21:00:00,0.266,0.38220738667073423,1,0.9012257430243702,0.9012257430243702,0.9012257430243702
2014-02-26 21:05:00,0.198,0.2942317070544488,1,0.8985566681902077,0.8985566681902077,0.8985566681902077
2014-02-26 21:10:00,0.264,0.3777454911147165,1,0.8958280792018518,0.8958280792018518,0.8958280792018518
2014-02-26 21:15:00,0.2,0.295463745926311,1,0.8930388358381706,0.8930388358381706,0.8930388358381706
2014-02-26 21:20:00,0.134,0.22312777354433053,1,0.8901877849903459,0.8901877849903459,0.8901877849903459
2014-02-26 21:25:00,0.066,0.29628030414657713,1,0.8872737609742145,0.8872737609742145,0.8872737609742145
2014-02-26 21:30:00,0.134,0.2233510513123883,1,0.8842955858717122,0.8842955858717122,0.8842955858717122
2014-02-26 21:35:00,0.132,0.2240297010989986,1,0.8812520699025423,0.8812520699025423,0.8812520699025423
2014-02-26 21:40:00,0.134,0.22312777354433053,1,0.8781420118272028,0.8781420118272028,0.8781420118272028
2014-02-26 21:45:00,0.066,0.29628030414657713,1,0.8749641993825149,0.8749641993825149,0.8749641993825149
2014-02-26 21:50:00,0.134,0.22335105131238825,1,0.8717174097508009,0.8717174097508009,0.8717174097508009
2014-02-26 21:55:00,0.132,0.2240231048293534,1,0.8684004100638634,0.8684004100638634,0.8684004100638634
2014-02-26 22:00:00,0.132,0.22380652262539105,1,0.8650119579429126,0.8650119579429126,0.8650119579429126
2014-02-26 22:05:00,2.344,0.9999881641563144,1,0.8615508020755978,0.8615508020755978,0.8615508020755978
2014-02-26 22:10:00,0.134,0.2263495811935292,1,0.8580156828312717,0.8580156828312717,0.8580156828312717
2014-02-26 22:15:00,0.066,0.2671149827494753,1,0.854405332915637,0.854405332915637,0.854405332915637
2014-02-26 22:20:00,0.134,0.2262199940152328,1,0.8507184780658686,0.8507184780658686,0.8507184780658686
2014-02-26 22:25:00,0.066,0.2669536851409188,1,0.8469538377873326,0.8469538377873326,0.8469538377873326
2014-02-26 22:30:00,0.132,0.2273489336468323,1,0.8431101261329635,0.8431101261329635,0.8431101261329635
2014-02-26 22:35:00,0.134,0.2262161525826448,1,0.8391860525263521,0.8391860525263521,0.8391860525263521
2014-02-26 22:40:00,0.132,0.2273489336468323,1,0.8351803226295599,0.8351803226295599,0.8351803226295599
2014-02-26 22:45:00,0.132,0.2273451416305152,1,0.8310916392566403,0.8310916392566403,0.8310916392566403
2014-02-26 22:50:00,0.134,0.22621237620944384,1,0.8269187033337926,0.8269187033337926,0.8269187033337926
2014-02-26 22:55:00,0.134,0.2262086018656801,1,0.8226602149070443,0.8226602149070443,0.8226602149070443
2014-02-26 23:00:00,0.132,0.2273413522842016,1,0.8183148741982842,0.8183148741982842,0.8183148741982842
2014-02-26 23:05:00,0.134,0.22620482562313216,1,0.8138813827104135,0.8138813827104135,0.8138813827104135
2014-02-26 23:10:00,0.066,0.2669313338846059,1,0.8093584443823231,0.8093584443823231,0.8093584443823231
2014-02-26 23:15:00,0.32799999999999996,0.3445662671054358,1,0.8047447667943036,0.8047447667943036,0.8047447667943036
2014-02-26 23:20:00,0.132,0.2276924035208769,1,0.8000390624244499,0.8000390624244499,0.80003906242445
2014-02-26 23:25:00,0.066,0.2672250667723668,1,0.7952400499564912,0.7952400499564912,0.7952400499564912
2014-02-26 23:30:00,0.134,0.2264317758570157,1,0.7903464556394151,0.7903464556394151,0.7903464556394151
2014-02-26 23:35:00,0.134,0.2265611713221191,1,0.7853570146991236,0.7853570146991236,0.7853570146991236
2014-02-26 23:40:00,0.132,0.2276924035208769,1,0.7802704728022559,0.7802704728022559,0.7802704728022559
2014-02-26 23:45:00,0.066,0.26722506677236685,1,0.775085587572197,0.775085587572197,0.775085587572197
2014-02-26 23:50:00,0.134,0.22642800676412805,1,0.7698011301571411,0.7698011301571411,0.7698011301571411
2014-02-26 23:55:00,0.136,0.22530165760115825,1,0.7644158868499645,0.7644158868499645,0.7644158868499645
2014-02-27 00:00:00,0.132,0.2275621149123372,1,0.7589286607594986,0.7589286607594986,0.7589286607594986
2014-02-27 00:05:00,0.134,0.2264280046893665,1,0.7533382735326392,0.7533382735326392,0.7533382735326392
2014-02-27 00:10:00,0.066,0.2670639966818025,1,0.7476435671265776,0.7476435671265776,0.7476435671265776
2014-02-27 00:15:00,0.132,0.2275583301448112,1,0.7418434056302476,0.7418434056302476,0.7418434056302476
2014-02-27 00:20:00,0.066,0.2670639966818025,1,0.7359366771339131,0.7359366771339131,0.7359366771339131
2014-02-27 00:25:00,0.134,0.2261719288051678,1,0.7299222956456326,0.7299222956456326,0.7299222956456326
2014-02-27 00:30:00,0.132,0.2273012149299228,1,0.7237992030531304,0.7237992030531304,0.7237992030531304
2014-02-27 00:35:00,0.066,0.2667726397026932,1,0.7175663711294089,0.7175663711294089,0.7175663711294089
2014-02-27 00:40:00,0.132,0.2271713326834819,1,0.7112228035802163,0.7112228035802163,0.7112228035802163
2014-02-27 00:45:00,0.134,0.2261681642319849,1,0.7047675381312716,0.7047675381312716,0.7047675381312716
2014-02-27 00:50:00,0.066,0.26676834712758424,1,0.698199648652917,0.698199648652917,0.698199648652917
2014-02-27 00:55:00,0.134,0.22603916637579266,1,0.6915182473196357,0.6915182473196357,0.6915182473196357
2014-02-27 01:00:00,0.132,0.227040628596805,1,0.6847224868016417,0.6847224868016417,0.6847224868016417
2014-02-27 01:05:00,0.134,0.22603754971164625,1,0.6778115624854981,0.6778115624854981,0.6778115624854981
2014-02-27 01:10:00,0.066,0.2665064944406144,1,0.6707847147204784,0.6707847147204784,0.6707847147204784
2014-02-27 01:15:00,0.134,0.2257855395794944,1,0.6636412310871366,0.6636412310871366,0.6636412310871366
2014-02-27 01:20:00,0.134,0.22591439231281002,1,0.6563804486842948,0.6563804486842948,0.6563804486842948
2014-02-27 01:25:00,0.134,0.2259181549021885,1,0.6490017564304146,0.6490017564304146,0.6490017564304146
2014-02-27 01:30:00,0.068,0.2652529251281487,1,0.6415045973750478,0.6415045973750478,0.6415045973750478
2014-02-27 01:35:00,0.134,0.2257931148566967,1,0.6338884710158347,0.6338884710158347,0.6338884710158347
2014-02-27 01:40:00,0.134,0.22578935721091384,1,0.6261529356162405,0.6261529356162405,0.6261529356162405
2014-02-27 01:45:00,0.066,0.2663516467524123,1,0.6182976105190017,0.6182976105190017,0.6182976105190017
2014-02-27 01:50:00,0.134,0.2256644094705912,1,0.6103221784499866,0.6103221784499866,0.6103221784499866
2014-02-27 01:55:00,0.134,0.2257893005274963,1,0.6022263878069634,0.6022263878069634,0.6022263878069634
2014-02-27 02:00:00,0.134,0.2257893005274963,1,0.5940100549275251,0.5940100549275251,0.5940100549275251
2014-02-27 02:05:00,0.068,0.2650938963225385,1,0.5856730663302101,0.5856730663302101,0.5856730663302101
2014-02-27 02:10:00,0.134,0.2256644094705912,1,0.5772153809226541,0.5772153809226541,0.5772153809226541
2014-02-27 02:15:00,0.198,0.2571232452147903,1,0.5686370321704082,0.5686370321704082,0.5686370321704082
2014-02-27 02:20:00,0.066,0.2664793886534489,1,0.5599381302198818,0.5599381302198818,0.5599381302198818
2014-02-27 02:25:00,0.134,0.2257837312912537,1,0.551118863968718,0.551118863968718,0.551118863968718
2014-02-27 02:30:00,0.066,0.2663195150246048,1,0.5421795030767389,0.5421795030767389,0.5421795030767389
2014-02-27 02:35:00,0.134,0.2256551103887139,1,0.5331203999105024,0.5331203999105024,0.5331203999105024
2014-02-27 02:40:00,0.134,0.2256551103887139,1,0.5239419914143904,0.5239419914143904,0.5239419914143904
2014-02-27 02:45:00,0.066,0.26616419585255885,1,0.5146448009010722,0.5146448009010722,0.5146448009010722
2014-02-27 02:50:00,0.132,0.22678541611487985,1,0.5052294397541363,0.5052294397541363,0.5052294397541363
2014-02-27 02:55:00,0.132,0.22678541611487985,1,0.4956966090356518,0.4956966090356518,0.4956966090356518
2014-02-27 03:00:00,0.134,0.22565886407386004,1,0.4860471009914186,0.4860471009914186,0.4860471009914186
2014-02-27 03:05:00,0.136,0.22453628308089588,1,0.4762818004467008,0.4762818004467008,0.4762818004467008
2014-02-27 03:10:00,0.134,0.2257912436581447,1,0.4664016860852872,0.4664016860852872,0.46640168608528715
2014-02-27 03:15:00,0.068,0.2650719365668188,1,0.4564078316048284,0.4564078316048284,0.4564078316048284
2014-02-27 03:20:00,0.134,0.2256664243005081,1,0.4463014067415162,0.4463014067415162,0.4463014067415162
2014-02-27 03:25:00,0.132,0.22679302689727035,1,0.43608367815732907,0.43608367815732907,0.43608367815732907
2014-02-27 03:30:00,0.068,0.2650727545728675,1,0.4257560101832722,0.4257560101832722,0.4257560101832722
2014-02-27 03:35:00,0.134,0.22554351639756634,1,0.4153198654122592,0.4153198654122592,0.4153198654122592
2014-02-27 03:40:00,1.5319999999999998,0.962111823183634,1,0.4047768051355599,0.4047768051355599,0.40477680513555986
2014-02-27 03:45:00,0.132,0.2286816386735124,1,0.3941284896170315,0.3941284896170315,0.3941284896170315
2014-02-27 03:50:00,0.066,0.263665592380319,1,0.3833766781996968,0.3833766781996968,0.38337667819969684
2014-02-27 03:55:00,0.136,0.2265548625361008,1,0.3725232292396011,0.3725232292396011,0.37252322923960113
2014-02-27 04:00:00,0.134,0.22756191100132706,1,0.3615700998623003,0.3615700998623003,0.3615700998623003
2014-02-27 04:05:00,0.134,0.22756191100132706,1,0.3505193455377616,0.3505193455377616,0.3505193455377616
2014-02-27 04:10:00,0.068,0.2623132958426018,1,0.3393731194699553,0.3393731194699553,0.33937311946995535
2014-02-27 04:15:00,0.134,0.22745887819858035,1,0.3281336717979126,0.3281336717979126,0.3281336717979126
2014-02-27 04:20:00,0.132,0.2265559082956229,1,0.31680334860557313,0.31680334860557313,0.31680334860557313
2014-02-27 04:25:00,0.068,0.2648460135082373,1,0.3053845907383164,0.3053845907383164,0.30538459073831636
2014-02-27 04:30:00,0.134,0.22542915902043195,1,0.2938799324246658,0.2938799324246658,0.2938799324246658
2014-02-27 04:35:00,0.066,0.26595256556735475,1,0.2822919997022824,0.2822919997022824,0.2822919997022824
2014-02-27 04:40:00,0.134,0.2253082532277589,1,0.2706235086480017,0.2706235086480017,0.27062350864800166
2014-02-27 04:45:00,0.132,0.2264342380107165,1,0.2588772634123381,0.2588772634123381,0.2588772634123381
2014-02-27 04:50:00,0.134,0.2253082532277589,1,0.2470561540595541,0.24705615405955406,0.24705615405955403
2014-02-27 04:55:00,0.134,0.22531200401249346,1,0.2351631542150905,0.23516315421509046,0.23516315421509043
2014-02-27 05:00:00,0.066,0.2658019379576897,1,0.22320131852285,0.22320131852285002,0.22320131852285
2014-02-27 05:05:00,0.134,0.2251837381263289,1,0.21117377991553385,0.21117377991553385,0.21117377991553385
2014-02-27 05:10:00,0.136,0.22405884243362115,1,0.19908374670194548,0.19908374670194548,0.19908374670194548
2014-02-27 05:15:00,0.134,0.2251837381263289,1,0.18693449947587704,0.18693449947587704,0.18693449947587706
2014-02-27 05:20:00,0.068,0.2643849731264037,1,0.17472938785189635,0.17472938785189635,0.17472938785189635
2014-02-27 05:25:00,0.134,0.2251837849673099,1,0.1624718270340452,0.1624718270340452,0.1624718270340452
2014-02-27 05:30:00,0.066,0.26551765050999754,1,0.15016529422413588,0.15016529422413588,0.15016529422413588
2014-02-27 05:35:00,0.134,0.22506087949197484,1,0.13781332487698894,0.13781332487698894,0.13781332487698894
2014-02-27 05:40:00,0.134,0.22506462637739547,1,0.12541950881059705,0.12541950881059705,0.12541950881059705
2014-02-27 05:45:00,0.136,0.223939837694718,1,0.1129874861798024,0.1129874861798024,0.11298748617980241
2014-02-27 05:50:00,0.066,0.2655261532260631,1,0.1005209433226653,0.1005209433226653,0.1005209433226653
2014-02-27 05:55:00,0.134,0.22494405719413726,1,0.08802360848923628,0.08802360848923628,0.08802360848923627
2014-02-27 06:00:00,0.134,0.22494780107559428,1,0.07549924746296394,0.07549924746296394,0.07549924746296394
2014-02-27 06:05:00,0.134,0.22495154501581874,1,0.06295165908543503,0.06295165908543503,0.06295165908543503
2014-02-27 06:10:00,0.066,0.2653804110100887,1,0.05038467069556171,0.05038467069556171,0.05038467069556171
2014-02-27 06:15:00,0.132,0.2259470064103445,1,0.03780213349472245,0.03780213349472245,0.03780213349472245
2014-02-27 06:20:00,0.132,0.2259432508913927,1,0.025207917849680732,0.02520791784968073,0.025207917849680732
2014-02-27 06:25:00,0.066,0.265213710377397,1,0.01260590854538776,0.01260590854538776,0.01260590854538776
2014-02-27 06:30:00,0.2,0.2593774930085456,0,-0.0013749283898922796,-0.002749856779784559,-0.0013749283898922794
2014-02-27 06:35:00,0.066,0.2651858599154541,0,-0.002749427226526285,-0.00549885445305257,-0.002749427226526285
2014-02-27 06:40:00,0.134,0.2246908762063972,0,-0.00412306749327775,-0.008246134986555497,-0.004123067493277749
2014-02-27 06:45:00,0.134,0.22469461153633274,0,-0.005495421245366803,-0.010990842490733605,-0.005495421245366803
2014-02-27 06:50:00,0.066,0.2649074023060988,0,-0.006866062142226371,-0.013732124284452744,-0.006866062142226371
2014-02-27 06:55:00,0.20199999999999999,0.26086460299343844,0,-0.0082345659756249,-0.0164691319512498,-0.0082345659756249
2014-02-27 07:00:00,0.134,0.22457079592384185,0,-0.009600511192157338,-0.019201022384314675,-0.009600511192157338
2014-02-27 07:05:00,0.066,0.2648874128295307,0,-0.010963479408745123,-0.02192695881749025,-0.010963479408745124
2014-02-27 07:10:00,0.134,0.22444711896283606,0,-0.012323055919816394,-0.024646111839632792,-0.012323055919816394
2014-02-27 07:15:00,0.132,0.22556729337079445,0,-0.013678830194875577,-0.02735766038975115,-0.013678830194875575
2014-02-27 07:20:00,0.132,0.2255635496146217,0,-0.015030396365214575,-0.030060792730429158,-0.015030396365214577
2014-02-27 07:25:00,0.134,0.22431712752227093,0,-0.016377353698564974,-0.03275470739712995,-0.016377353698564974
2014-02-27 07:30:00,0.066,0.2647533809654062,0,-0.017719307060545125,-0.03543861412109025,-0.017719307060545125
2014-02-27 07:35:00,0.132,0.22543714471666865,0,-0.019055867361812605,-0.03811173472362521,-0.019055867361812605
2014-02-27 07:40:00,0.134,0.22431712752227093,0,-0.02038665198989534,-0.04077330397979068,-0.02038665198989534
2014-02-27 07:45:00,0.134,0.22444446982528496,0,-0.02171128522473944,-0.04342257044947888,-0.02171128522473944
2014-02-27 07:50:00,0.134,0.22444446982528496,0,-0.023029398637082053,-0.046058797274164114,-0.023029398637082053
2014-02-27 07:55:00,0.132,0.22556532695373424,0,-0.024340631468828842,-0.04868126293765767,-0.024340631468828835
2014-02-27 08:00:00,0.132,0.2254351504091756,0,-0.02564463099469025,-0.05128926198938051,-0.025644630994690255
2014-02-27 08:05:00,0.134,0.2243144292852971,0,-0.02694105286440801,-0.05388210572881602,-0.02694105286440801
2014-02-27 08:10:00,0.066,0.2646202547950846,0,-0.02822956142498057,-0.05645912284996114,-0.028229561424980572
2014-02-27 08:15:00,0.134,0.2241871507834277,0,-0.029509830022376136,-0.05901966004475227,-0.02950983002237614
2014-02-27 08:20:00,0.068,0.26321487443226416,0,-0.03078154128230151,-0.06156308256460302,-0.03078154128230151
2014-02-27 08:25:00,0.198,0.2587933431941526,0,-0.032044387369675,-0.06408877473935,-0.032044387369675
2014-02-27 08:30:00,0.066,0.2644333735953945,0,-0.03329807022653193,-0.06659614045306386,-0.03329807022653193
2014-02-27 08:35:00,0.134,0.2241788064103281,0,-0.03454230178816973,-0.06908460357633947,-0.03454230178816974
2014-02-27 08:40:00,0.066,0.2644325721541832,0,-0.035776804177418166,-0.07155360835483633,-0.03577680417741816
2014-02-27 08:45:00,0.132,0.22517757278419048,0,-0.03700130987699654,-0.07400261975399308,-0.03700130987699654
2014-02-27 08:50:00,0.066,0.2642801706428575,0,-0.038215561879994704,-0.07643112375998941,-0.038215561879994704
2014-02-27 08:55:00,0.20199999999999999,0.2615243038228111,1,1.0,1.0,1.0
2014-02-27 09:00:00,0.134,0.2239359991261191,1,0.9996606163510808,0.9996606163510808,0.9996606163510809
2014-02-27 09:05:00,0.068,0.26288225008906824,1,0.9993128031853268,0.9993128031853268,0.9993128031853268
2014-02-27 09:10:00,0.134,0.2238129542150352,1,0.9989563541757912,0.9989563541757912,0.9989563541757912
2014-02-27 09:15:00,0.132,0.2249334521637113,1,0.9985910580993534,0.9985910580993534,0.9985910580993534
2014-02-27 09:20:00,0.132,0.2249334521637113,1,0.9982166987283538,0.9982166987283538,0.9982166987283538
2014-02-27 09:25:00,0.134,0.22381667113084847,1,0.9978330547202332,0.9978330547202332,0.9978330547202332
2014-02-27 09:30:00,0.134,0.223820388098774,1,0.9974398995051676,0.9974398995051676,0.9974398995051675
2014-02-27 09:35:00,0.2,0.2602453540391337,1,0.9970370011716712,0.9970370011716712,0.9970370011716713
2014-02-27 09:40:00,0.134,0.2239426939500128,1,0.9966241223501692,0.9966241223501692,0.9966241223501693
2014-02-27 09:45:00,0.136,0.2228297275730753,1,0.9962010200945216,0.9962010200945216,0.9962010200945217
2014-02-27 09:50:00,0.134,0.22394641086656145,1,0.9957674457614892,0.9957674457614892,0.9957674457614893
2014-02-27 09:55:00,0.134,0.22395012851912435,1,0.9953231448881372,0.9953231448881371,0.995323144888137
2014-02-27 10:00:00,0.136,0.22271124764162964,1,0.9948678570671664,0.9948678570671664,0.9948678570671663
2014-02-27 10:05:00,0.134,0.2238315592307607,1,0.9944013158201752,0.9944013158201752,0.9944013158201751
2014-02-27 10:10:00,0.134,0.2238315592307607,1,0.9939232484688408,0.9939232484688408,0.9939232484688408
2014-02-27 10:15:00,0.066,0.2639986429060807,1,0.9934333760040284,0.9934333760040284,0.9934333760040285
2014-02-27 10:20:00,0.134,0.22370860831520487,1,0.9929314129528292,0.9929314129528292,0.9929314129528292
2014-02-27 10:25:00,0.132,0.2249483755071315,1,0.9924170672435276,0.9924170672435276,0.9924170672435275
2014-02-27 10:30:00,0.066,0.2639936592264415,1,0.9918900400685148,0.9918900400685148,0.9918900400685149
2014-02-27 10:35:00,0.134,0.22370487576167306,1,0.9913500257451536,0.9913500257451536,0.9913500257451535
2014-02-27 10:40:00,0.066,0.2637206350888359,1,0.9907967115746072,0.9907967115746072,0.9907967115746071
2014-02-27 10:45:00,0.132,0.22457490512774086,1,0.9902297776986564,0.9902297776986564,0.9902297776986564
2014-02-27 10:50:00,0.134,0.2234561225953438,1,0.9896488969545182,0.9896488969545182,0.9896488969545182
2014-02-27 10:55:00,0.132,0.22457118044771185,1,0.989053734727698,0.989053734727698,0.9890537347276981
2014-02-27 11:00:00,0.136,0.2230556683920093,1,0.9884439488028972,0.9884439488028972,0.9884439488028973
2014-02-27 11:05:00,0.066,0.2634439632595081,1,0.9878191892130114,0.9878191892130114,0.9878191892130114
2014-02-27 11:10:00,0.134,0.22321872537389226,1,0.987179098086258,0.9871790980862579,0.987179098086258
2014-02-27 11:15:00,0.134,0.22334500863439288,1,0.9865233094914724,0.9865233094914724,0.9865233094914725
2014-02-27 11:20:00,0.068,0.2622091459207012,1,0.9858514492816188,0.9858514492816188,0.9858514492816188
2014-02-27 11:25:00,0.136,0.22328547441493404,1,0.9851631349355688,0.9851631349355688,0.9851631349355688
2014-02-27 11:30:00,0.134,0.22323356528223529,1,0.9844579753982056,0.9844579753982056,0.9844579753982057
2014-02-27 11:35:00,0.134,0.22335986203545666,1,0.9837355709189104,0.9837355709189104,0.9837355709189104
2014-02-27 11:40:00,0.068,0.2622265290084966,1,0.9829955128885096,0.9829955128885096,0.9829955128885095
2014-02-27 11:45:00,0.134,0.22324469876008626,1,0.9822373836747456,0.9822373836747456,0.9822373836747457
2014-02-27 11:50:00,0.066,0.2633279296724101,1,0.9814607564563648,0.9814607564563648,0.9814607564563648
2014-02-27 11:55:00,0.134,0.22312223094188266,1,0.9806651950559008,0.9806651950559008,0.9806651950559007
2014-02-27 12:00:00,0.198,0.25975143046091875,1,0.9798502537712545,0.9798502537712545,0.9798502537712545
2014-02-27 12:05:00,0.066,0.26317043339240903,1,0.979015477206175,0.979015477206175,0.979015477206175
2014-02-27 12:10:00,0.132,0.22423206023914802,1,0.978160400099744,0.978160400099744,0.9781604000997439
2014-02-27 12:15:00,0.132,0.2242283412190371,1,0.9772845471549964,0.9772845471549964,0.9772845471549964
2014-02-27 12:20:00,0.066,0.2631621026363387,1,0.976387432866794,0.976387432866794,0.976387432866794
2014-02-27 12:25:00,0.134,0.2231111304676537,1,0.9754685613490952,0.9754685613490952,0.9754685613490953
2014-02-27 12:30:00,0.134,0.22311483574956006,1,0.9745274261617696,0.9745274261617696,0.9745274261617695
2014-02-27 12:35:00,0.066,0.26316626795212444,1,0.9735635101371072,0.9735635101371072,0.9735635101371072
2014-02-27 12:40:00,0.134,0.22298879424148987,1,0.9725762852061977,0.9725762852061977,0.9725762852061975
2014-02-27 12:45:00,0.132,0.22422834121903693,1,0.9715652122253532,0.9715652122253532,0.9715652122253531
2014-02-27 12:50:00,0.066,0.2630412132065614,1,0.9705297408027682,0.9705297408027682,0.9705297408027682
2014-02-27 12:55:00,0.198,0.2600388060876549,1,0.9694693091256104,0.9694693091256104,0.9694693091256104
2014-02-27 13:00:00,0.066,0.263007464748034,1,0.9683833437877668,0.9683833437877668,0.9683833437877669
2014-02-27 13:05:00,0.132,0.22384890740136248,1,0.9672712596184648,0.9672712596184648,0.9672712596184648
2014-02-27 13:10:00,0.134,0.22285928318724588,1,0.966132459512006,0.966132459512006,0.9661324595120059
2014-02-27 13:15:00,0.134,0.22286298524145728,1,0.9649663342588732,0.9649663342588732,0.9649663342588732
2014-02-27 13:20:00,0.134,0.22286298524145728,1,0.963772262378476,0.963772262378476,0.9637722623784759
2014-02-27 13:25:00,0.068,0.2617962665855825,1,0.9625496099538098,0.9625496099538098,0.9625496099538098
2014-02-27 13:30:00,0.134,0.22286669035664,1,0.961297730468342,0.961297730468342,0.961297730468342
2014-02-27 13:35:00,0.134,0.22287039257146127,1,0.9600159646454204,0.9600159646454204,0.9600159646454204
2014-02-27 13:40:00,0.132,0.2239830191926516,1,0.9587036402905508,0.9587036402905508,0.9587036402905507
2014-02-27 13:45:00,0.20199999999999999,0.262515618834103,1,0.9573600721368786,0.9573600721368786,0.9573600721368786
2014-02-27 13:50:00,0.134,0.2229961992545668,1,0.9559845616942484,0.9559845616942484,0.9559845616942484
2014-02-27 13:55:00,0.132,0.2241052085261051,1,0.9545763971022152,0.9545763971022152,0.9545763971022153
2014-02-27 14:00:00,0.132,0.22410149235011464,1,0.9531348529874168,0.9531348529874168,0.9531348529874168
2014-02-27 14:05:00,0.066,0.263007464748034,1,0.95165919032572,0.95165919032572,0.95165919032572
2014-02-27 14:10:00,0.134,0.2228591853551114,1,0.9501486563095902,0.9501486563095902,0.9501486563095902
2014-02-27 14:15:00,0.134,0.2228591853551114,1,0.948602484221132,0.9486024842211321,0.948602484221132
2014-02-27 14:20:00,0.134,0.22286288513286506,1,0.9470198933112958,0.9470198933112958,0.9470198933112958
2014-02-27 14:25:00,0.066,0.2628613871261718,1,0.9454000886857372,0.9454000886857371,0.945400088685737
2014-02-27 14:30:00,0.134,0.22274450168274185,1,0.9437422611978667,0.9437422611978667,0.9437422611978669
2014-02-27 14:35:00,0.132,0.22398220589989126,1,0.9420455873496312,0.9420455873496312,0.9420455873496312
2014-02-27 14:40:00,0.134,0.22287028482856666,1,0.9403092292005844,0.9403092292005844,0.9403092292005844
2014-02-27 14:45:00,0.198,0.26000717318032845,1,0.9385323342858608,0.9385323342858608,0.9385323342858607
2014-02-27 14:50:00,0.132,0.22423114413156006,1,0.9367140355436432,0.9367140355436432,0.9367140355436433
2014-02-27 14:55:00,0.2,0.2609760301879217,1,0.9348534512527858,0.9348534512527858,0.9348534512527858
2014-02-27 15:00:00,0.132,0.22434959998280787,1,0.932949684981232,0.932949684981232,0.932949684981232
2014-02-27 15:05:00,0.134,0.2232366516104544,1,0.9310018255459368,0.9310018255459368,0.9310018255459367
2014-02-27 15:10:00,0.066,0.2632650408228161,1,0.9290089469849906,0.9290089469849906,0.9290089469849906
2014-02-27 15:15:00,0.132,0.22434959998280787,1,0.9269701085426888,0.9269701085426888,0.9269701085426887
2014-02-27 15:20:00,0.134,0.22323294808353267,1,0.9248843546683032,0.9248843546683032,0.9248843546683032
2014-02-27 15:25:00,0.066,0.2632650408228161,1,0.922750715029351,0.922750715029351,0.922750715029351
2014-02-27 15:30:00,0.134,0.2229849270685686,1,0.9205682045401627,0.9205682045401627,0.9205682045401629
2014-02-27 15:35:00,0.134,0.2229849270685686,1,0.9183358234065968,0.9183358234065968,0.9183358234065968
2014-02-27 15:40:00,0.134,0.22298862744450126,1,0.9160525571877524,0.9160525571877524,0.9160525571877525
2014-02-27 15:45:00,0.136,0.2233961476222296,1,0.9137173768755792,0.9137173768755791,0.913717376875579
2014-02-27 15:50:00,0.134,0.22299251283369595,1,0.9113292389932816,0.9113292389932816,0.9113292389932816
2014-02-27 15:55:00,0.132,0.2242321444452892,1,0.9088870857134672,0.9088870857134672,0.9088870857134672
2014-02-27 16:00:00,0.134,0.222992692851552,1,0.9063898449969824,0.9063898449969824,0.9063898449969823
2014-02-27 16:05:00,0.134,0.22299639794717085,1,0.9038364307534312,0.9038364307534312,0.9038364307534311
2014-02-27 16:10:00,0.134,0.22311881429445404,1,0.9012257430243702,0.9012257430243702,0.9012257430243702
2014-02-27 16:15:00,0.134,0.2231151067709235,1,0.8985566681902077,0.8985566681902077,0.8985566681902077
2014-02-27 16:20:00,0.132,0.22422934173116246,1,0.8958280792018518,0.8958280792018518,0.8958280792018518
2014-02-27 16:25:00,0.066,0.26319418422725943,1,0.8930388358381706,0.8930388358381706,0.8930388358381706
2014-02-27 16:30:00,0.134,0.22298898272977435,1,0.8901877849903459,0.8901877849903459,0.8901877849903459
2014-02-27 16:35:00,0.134,0.2229926877127463,1,0.8872737609742145,0.8872737609742145,0.8872737609742145
2014-02-27 16:40:00,0.134,0.2229926877127463,1,0.8842955858717122,0.8842955858717122,0.8842955858717122
2014-02-27 16:45:00,0.136,0.22351922371834634,1,0.8812520699025423,0.8812520699025423,0.8812520699025423
2014-02-27 16:50:00,0.134,0.22312252209421235,1,0.8781420118272028,0.8781420118272028,0.8781420118272028
2014-02-27 16:55:00,0.132,0.22423678385939594,1,0.8749641993825149,0.8749641993825149,0.8749641993825149
2014-02-27 17:00:00,0.134,0.22299657520674707,1,0.8717174097508009,0.8717174097508009,0.8717174097508009
2014-02-27 17:05:00,0.134,0.22299657520674707,1,0.8684004100638634,0.8684004100638634,0.8684004100638634
2014-02-27 17:10:00,0.134,0.2230002825680172,1,0.8650119579429126,0.8650119579429126,0.8650119579429126
2014-02-27 17:15:00,0.602,0.5621773107859469,1,0.8615508020755978,0.8615508020755978,0.8615508020755978
2014-02-27 17:20:00,0.332,0.3472844447924997,1,0.8580156828312717,0.8580156828312717,0.8580156828312717
2014-02-27 17:25:00,0.134,0.22433577741090446,1,0.854405332915637,0.854405332915637,0.854405332915637
2014-02-27 17:30:00,0.134,0.2243394396642873,1,0.8507184780658686,0.8507184780658686,0.8507184780658686
2014-02-27 17:35:00,0.134,0.2243394396642873,1,0.8469538377873326,0.8469538377873326,0.8469538377873326
2014-02-27 17:40:00,0.134,0.22434310197084165,1,0.8431101261329635,0.8431101261329635,0.8431101261329635
2014-02-27 17:45:00,0.132,0.22544318716496586,1,0.8391860525263521,0.8391860525263521,0.8391860525263521
2014-02-27 17:50:00,0.132,0.2254395109500928,1,0.8351803226295599,0.8351803226295599,0.8351803226295599
2014-02-27 17:55:00,0.134,0.2243394396642873,1,0.8310916392566403,0.8310916392566403,0.8310916392566403
2014-02-27 18:00:00,0.132,0.2254395109500928,1,0.8269187033337926,0.8269187033337926,0.8269187033337926
2014-02-27 18:05:00,0.134,0.22446085008615488,1,0.8226602149070443,0.8226602149070443,0.8226602149070443
2014-02-27 18:10:00,0.132,0.2255653909802097,1,0.8183148741982842,0.8183148741982842,0.8183148741982842
2014-02-27 18:15:00,0.134,0.22446085008615488,1,0.8138813827104135,0.8138813827104135,0.8138813827104135
2014-02-27 18:20:00,0.134,0.22446085008615488,1,0.8093584443823231,0.8093584443823231,0.8093584443823231
2014-02-27 18:25:00,0.066,0.2641664382046045,1,0.8047447667943036,0.8047447667943036,0.8047447667943036
2014-02-27 18:30:00,0.132,0.2255617118254947,1,0.8000390624244499,0.8000390624244499,0.80003906242445
2014-02-27 18:35:00,0.132,0.2255617118254947,1,0.7952400499564912,0.7952400499564912,0.7952400499564912
2014-02-27 18:40:00,0.134,0.2245823922271138,1,0.7903464556394151,0.7903464556394151,0.7903464556394151
2014-02-27 18:45:00,0.134,0.2245860602889992,1,0.7853570146991236,0.7853570146991236,0.7853570146991236
2014-02-27 18:50:00,0.132,0.2256877295926415,1,0.7802704728022559,0.7802704728022559,0.7802704728022559
2014-02-27 18:55:00,0.134,0.2245823922271138,1,0.775085587572197,0.775085587572197,0.775085587572197
2014-02-27 19:00:00,0.134,0.2245823922271138,1,0.7698011301571411,0.7698011301571411,0.7698011301571411
2014-02-27 19:05:00,0.134,0.2245823922271138,1,0.7644158868499645,0.7644158868499645,0.7644158868499645
2014-02-27 19:10:00,0.134,0.2247040317190586,1,0.7589286607594986,0.7589286607594986,0.7589286607594986
2014-02-27 19:15:00,0.066,0.2643156063664051,1,0.7533382735326392,0.7533382735326392,0.7533382735326392
2014-02-27 19:20:00,0.134,0.2245860270974964,1,0.7476435671265776,0.7476435671265776,0.7476435671265776
2014-02-27 19:25:00,0.134,0.22471137359862087,1,0.7418434056302476,0.7418434056302476,0.7418434056302476
2014-02-27 19:30:00,0.134,0.2247150446213209,1,0.7359366771339131,0.7359366771339131,0.7359366771339131
2014-02-27 19:35:00,0.134,0.2247187156993269,1,0.7299222956456326,0.7299222956456326,0.7299222956456326
2014-02-27 19:40:00,0.066,0.264477479237824,1,0.7237992030531304,0.7237992030531304,0.7237992030531304
2014-02-27 19:45:00,0.134,0.2247150091295977,1,0.7175663711294089,0.7175663711294089,0.7175663711294089
2014-02-27 19:50:00,0.134,0.2247150091295977,1,0.7112228035802163,0.7112228035802163,0.7112228035802163
2014-02-27 19:55:00,0.134,0.2247150091295977,1,0.7047675381312716,0.7047675381312716,0.7047675381312716
2014-02-27 20:00:00,0.134,0.2247150091295977,1,0.698199648652917,0.698199648652917,0.698199648652917
2014-02-27 20:05:00,0.132,0.2259437651409362,1,0.6915182473196357,0.6915182473196357,0.6915182473196357
2014-02-27 20:10:00,0.134,0.2248404959264025,1,0.6847224868016417,0.6847224868016417,0.6847224868016417
2014-02-27 20:15:00,0.066,0.26447747923782394,1,0.6778115624854981,0.6778115624854981,0.6778115624854981
2014-02-27 20:20:00,0.134,0.2247150091295977,1,0.6707847147204784,0.6707847147204784,0.6707847147204784
2014-02-27 20:25:00,0.134,0.2247150091295977,1,0.6636412310871366,0.6636412310871366,0.6636412310871366
2014-02-27 20:30:00,0.134,0.2247186801426453,1,0.6563804486842948,0.6563804486842948,0.6563804486842948
2014-02-27 20:35:00,0.134,0.2247223512110164,1,0.6490017564304146,0.6490017564304146,0.6490017564304146
2014-02-27 20:40:00,0.132,0.2259511416531217,1,0.6415045973750478,0.6415045973750478,0.6415045973750478
2014-02-27 20:45:00,0.132,0.2259474533679964,1,0.6338884710158347,0.6338884710158347,0.6338884710158347
2014-02-27 20:50:00,0.132,0.2259437651409362,1,0.6261529356162405,0.6261529356162405,0.6261529356162405
2014-02-27 20:55:00,0.132,0.2259400769719209,1,0.6182976105190017,0.6182976105190017,0.6182976105190017
2014-02-27 21:00:00,0.132,0.2259363888609304,1,0.6103221784499866,0.6103221784499866,0.6103221784499866
2014-02-27 21:05:00,0.132,0.22593270080794434,1,0.6022263878069634,0.6022263878069634,0.6022263878069634
2014-02-27 21:10:00,0.066,0.2644608594747331,1,0.5940100549275251,0.5940100549275251,0.5940100549275251
2014-02-27 21:15:00,0.134,0.22482580044122186,1,0.5856730663302101,0.5856730663302101,0.5856730663302101
2014-02-27 21:20:00,0.136,0.2237264180815248,1,0.5772153809226541,0.5772153809226541,0.5772153809226541
2014-02-27 21:25:00,0.132,0.22592901281294275,1,0.5686370321704082,0.5686370321704082,0.5686370321704082
2014-02-27 21:30:00,0.132,0.2259216387207587,1,0.5599381302198818,0.5599381302198818,0.5599381302198818
2014-02-27 21:35:00,0.066,0.2644484195402056,1,0.551118863968718,0.551118863968718,0.551118863968718
2014-02-27 21:40:00,0.134,0.22481106976594686,1,0.5421795030767389,0.5421795030767389,0.5421795030767389
2014-02-27 21:45:00,0.066,0.2644434895369422,1,0.5331203999105024,0.5331203999105024,0.5331203999105024
2014-02-27 21:50:00,0.132,0.22578424942220954,1,0.5239419914143904,0.5239419914143904,0.5239419914143904
2014-02-27 21:55:00,0.132,0.22578056490476445,1,0.5146448009010722,0.5146448009010722,0.5146448009010722
2014-02-27 22:00:00,0.132,0.2257768804444364,1,0.5052294397541363,0.5052294397541363,0.5052294397541363
2014-02-27 22:05:00,0.134,0.22443085270894167,1,0.4956966090356518,0.4956966090356518,0.4956966090356518
2014-02-27 22:10:00,0.066,0.2639303110074789,1,0.4860471009914186,0.4860471009914186,0.4860471009914186
2014-02-27 22:15:00,0.134,0.22395181680591192,1,0.4762818004467008,0.4762818004467008,0.4762818004467008
2014-02-27 22:20:00,0.132,0.2249330864820568,1,0.4664016860852872,0.4664016860852872,0.46640168608528715
2014-02-27 22:25:00,0.066,0.2634298135737365,1,0.4564078316048284,0.4564078316048284,0.4564078316048284
2014-02-27 22:30:00,0.132,0.224929405080928,1,0.4463014067415162,0.4463014067415162,0.4463014067415162
2014-02-27 22:35:00,0.134,0.22382379568361832,1,0.43608367815732907,0.43608367815732907,0.43608367815732907
2014-02-27 22:40:00,0.066,0.2634298135737365,1,0.4257560101832722,0.4257560101832722,0.4257560101832722
2014-02-27 22:45:00,0.134,0.2237024914071335,1,0.4153198654122592,0.4153198654122592,0.4153198654122592
2014-02-27 22:50:00,0.136,0.2227293686691512,1,0.4047768051355599,0.4047768051355599,0.40477680513555986
2014-02-27 22:55:00,0.134,0.22383113037804708,1,0.3941284896170315,0.3941284896170315,0.3941284896170315
2014-02-27 23:00:00,0.134,0.22383479810229973,1,0.3833766781996968,0.3833766781996968,0.38337667819969684
2014-02-27 23:05:00,0.134,0.22383846587735887,1,0.3725232292396011,0.3725232292396011,0.37252322923960113
2014-02-27 23:10:00,0.068,0.28426104088411513,1,0.3615700998623003,0.3615700998623003,0.3615700998623003
2014-02-27 23:15:00,0.134,0.2278728735472549,1,0.3505193455377616,0.3505193455377616,0.3505193455377616
2014-02-27 23:20:00,0.134,0.2276622990046268,1,0.3393731194699553,0.3393731194699553,0.33937311946995535
2014-02-27 23:25:00,0.132,0.22577594183348265,1,0.3281336717979126,0.3281336717979126,0.3281336717979126
2014-02-27 23:30:00,0.068,0.28456312326365923,1,0.31680334860557313,0.31680334860557313,0.31680334860557313
2014-02-27 23:35:00,0.134,0.22765623064686025,1,0.3053845907383164,0.3053845907383164,0.30538459073831636
2014-02-27 23:40:00,0.134,0.22765623064686025,1,0.2938799324246658,0.2938799324246658,0.2938799324246658
2014-02-27 23:45:00,0.066,0.2864834786967518,1,0.2822919997022824,0.2822919997022824,0.2822919997022824
2014-02-27 23:50:00,0.134,0.22785416711098205,1,0.2706235086480017,0.2706235086480017,0.27062350864800166
2014-02-27 23:55:00,0.138,0.2316596599418597,1,0.2588772634123381,0.2588772634123381,0.2588772634123381
2014-02-28 00:00:00,0.134,0.22784149631614994,1,0.2470561540595541,0.24705615405955406,0.24705615405955403
2014-02-28 00:05:00,0.134,0.2278351732232867,1,0.2351631542150905,0.23516315421509046,0.23516315421509043
2014-02-28 00:10:00,0.066,0.28621076051960226,1,0.22320131852285,0.22320131852285002,0.22320131852285
2014-02-28 00:15:00,0.132,0.2259491655593159,1,0.21117377991553385,0.21117377991553385,0.21117377991553385
2014-02-28 00:20:00,0.134,0.2284988300561864,1,0.19908374670194548,0.19908374670194548,0.19908374670194548
2014-02-28 00:25:00,0.134,0.2284924394530581,1,0.18693449947587704,0.18693449947587704,0.18693449947587706
2014-02-28 00:30:00,0.066,0.2863310683594789,1,0.17472938785189635,0.17472938785189635,0.17472938785189635
2014-02-28 00:35:00,0.134,0.2284924394530581,1,0.1624718270340452,0.1624718270340452,0.1624718270340452
2014-02-28 00:40:00,0.132,0.2265879383687942,1,0.15016529422413588,0.15016529422413588,0.15016529422413588
2014-02-28 00:45:00,0.066,0.2860289424594729,1,0.13781332487698894,0.13781332487698894,0.13781332487698894
2014-02-28 00:50:00,0.132,0.22658793836879426,1,0.12541950881059705,0.12541950881059705,0.12541950881059705
2014-02-28 00:55:00,0.132,0.2265942837352548,1,0.1129874861798024,0.1129874861798024,0.11298748617980241
2014-02-28 01:00:00,0.132,0.22660698121333786,1,0.1005209433226653,0.1005209433226653,0.1005209433226653
2014-02-28 01:05:00,0.134,0.2285116210664709,1,0.08802360848923628,0.08802360848923628,0.08802360848923627
2014-02-28 01:10:00,0.066,0.2860077466626215,1,0.07549924746296394,0.07549924746296394,0.07549924746296394
2014-02-28 01:15:00,0.134,0.22851162106647085,1,0.06295165908543503,0.06295165908543503,0.06295165908543503
2014-02-28 01:20:00,0.134,0.22850523003754344,1,0.05038467069556171,0.05038467069556171,0.05038467069556171
2014-02-28 01:25:00,0.2,0.2973115038022136,1,0.03780213349472245,0.03780213349472245,0.03780213349472245
2014-02-28 01:30:00,0.066,0.2864915190528651,1,0.025207917849680732,0.02520791784968073,0.025207917849680732
2014-02-28 01:35:00,0.134,0.2282831153208234,1,0.01260590854538776,0.01260590854538776,0.01260590854538776
2014-02-28 01:40:00,0.134,0.2280711220797965,0,-0.0013749283898922796,-0.002749856779784559,-0.0013749283898922794
2014-02-28 01:45:00,0.134,0.2280647451426061,0,-0.002749427226526285,-0.00549885445305257,-0.002749427226526285
2014-02-28 01:50:00,0.068,0.2842964760995052,0,-0.00412306749327775,-0.008246134986555497,-0.004123067493277749
2014-02-28 01:55:00,0.134,0.2280586474193893,0,-0.005495421245366803,-0.010990842490733605,-0.005495421245366803
2014-02-28 02:00:00,0.132,0.22615709497369826,0,-0.006866062142226371,-0.013732124284452744,-0.006866062142226371
2014-02-28 02:05:00,0.132,0.22615709497369826,0,-0.0082345659756249,-0.0164691319512498,-0.0082345659756249
2014-02-28 02:10:00,0.068,0.2842999092045245,0,-0.009600511192157338,-0.019201022384314675,-0.009600511192157338
2014-02-28 02:15:00,0.134,0.22805892647629225,0,-0.010963479408745123,-0.02192695881749025,-0.010963479408745124
2014-02-28 02:20:00,0.066,0.28652003411665705,0,-0.012323055919816394,-0.024646111839632792,-0.012323055919816394
2014-02-28 02:25:00,0.134,0.22827093882116425,0,-0.013678830194875577,-0.02735766038975115,-0.013678830194875575
2014-02-28 02:30:00,0.134,0.22827093882116425,0,-0.015030396365214575,-0.030060792730429158,-0.015030396365214577
2014-02-28 02:35:00,0.134,0.228065024492858,0,-0.016377353698564974,-0.03275470739712995,-0.016377353698564974
2014-02-28 02:40:00,0.068,0.2842999092045245,0,-0.017719307060545125,-0.03543861412109025,-0.017719307060545125
2014-02-28 02:45:00,0.134,0.22827093882116425,0,-0.019055867361812605,-0.03811173472362521,-0.019055867361812605
2014-02-28 02:50:00,0.134,0.2280589264762921,0,-0.02038665198989534,-0.04077330397979068,-0.02038665198989534
2014-02-28 02:55:00,0.134,0.22805892647629225,0,-0.02171128522473944,-0.04342257044947888,-0.02171128522473944
2014-02-28 03:00:00,0.134,0.2280589264762921,0,-0.023029398637082053,-0.046058797274164114,-0.023029398637082053
2014-02-28 03:05:00,0.132,0.2261572744754287,0,-0.024340631468828842,-0.04868126293765767,-0.024340631468828835
2014-02-28 03:10:00,0.066,0.2868057310357842,0,-0.02564463099469025,-0.05128926198938051,-0.025644630994690255
2014-02-28 03:15:00,0.134,0.2280714017668893,0,-0.02694105286440801,-0.05388210572881602,-0.02694105286440801
2014-02-28 03:20:00,1.6,0.9988072674225559,0,-0.02822956142498057,-0.05645912284996114,-0.028229561424980572
2014-02-28 03:25:00,0.132,0.22354435393295494,0,-0.029509830022376136,-0.05901966004475227,-0.02950983002237614
2014-02-28 03:30:00,0.068,0.27097848147595993,0,-0.03078154128230151,-0.06156308256460302,-0.03078154128230151
2014-02-28 03:35:00,0.132,0.2235443776448122,0,-0.032044387369675,-0.06408877473935,-0.032044387369675
2014-02-28 03:40:00,0.132,0.2235397580536904,0,-0.03329807022653193,-0.06659614045306386,-0.03329807022653193
2014-02-28 03:45:00,0.132,0.22353513853376955,0,-0.03454230178816973,-0.06908460357633947,-0.03454230178816974
2014-02-28 03:50:00,0.134,0.22309679234678684,0,-0.035776804177418166,-0.07155360835483633,-0.03577680417741816
2014-02-28 03:55:00,0.134,0.22309217727570305,0,-0.03700130987699654,-0.07400261975399308,-0.03700130987699654
2014-02-28 04:00:00,0.134,0.22308756227208554,0,-0.038215561879994704,-0.07643112375998941,-0.038215561879994704
2014-02-28 04:05:00,0.066,0.27276530256604564,0,-0.03941931381858645,-0.0788386276371729,-0.03941931381858645
2014-02-28 04:10:00,0.132,0.22353513924446733,0,-0.04061233007115477,-0.08122466014230953,-0.040612330071154765
2014-02-28 04:15:00,0.134,0.2232534813723321,0,-0.04179438584807474,-0.08358877169614948,-0.04179438584807474
2014-02-28 04:20:00,0.066,0.27274797357293656,0,-0.042965267256464386,-0.08593053451292877,-0.042965267256464386
2014-02-28 04:25:00,0.134,0.22325808096304675,0,-0.04412477134427405,-0.0882495426885481,-0.04412477134427405
2014-02-28 04:30:00,0.066,0.2725481048236109,0,-0.045272706124142484,-0.09054541224828497,-0.04527270612414248
2014-02-28 04:35:00,0.134,0.2232580653003152,0,-0.04640889057750087,-0.09281778115500174,-0.04640889057750087
2014-02-28 04:40:00,0.134,0.2232580653003152,0,-0.04753315463945615,-0.0950663092789123,-0.04753315463945615
2014-02-28 04:45:00,0.132,0.2258536724146743,0,-0.048645339165029874,-0.09729067833005976,-0.048645339165029874
2014-02-28 04:50:00,0.066,0.2843414429912462,0,-0.04974529587737142,-0.09949059175474284,-0.04974529587737142
2014-02-28 04:55:00,0.134,0.22768734964355145,0,-0.05083288729860108,-0.10166577459720216,-0.050832887298601075
2014-02-28 05:00:00,0.132,0.2258597822417508,0,-0.051907986663972665,-0.10381597332794533,-0.051907986663972665
2014-02-28 05:05:00,0.134,0.2276996495292309,0,-0.05297047782007388,-0.10594095564014776,-0.05297047782007388
2014-02-28 05:10:00,0.066,0.2843277872945128,0,-0.054020255107808585,-0.10804051021561717,-0.054020255107808585
2014-02-28 05:15:00,0.134,0.2277055533292267,0,-0.055057223230925885,-0.11011444646185177,-0.05505722323092589
2014-02-28 05:20:00,0.134,0.2277055533292267,0,-0.05608129711087822,-0.11216259422175644,-0.05608129711087822
2014-02-28 05:25:00,0.134,0.2276994070804167,0,-0.057092401728804434,-0.11418480345760887,-0.05709240172880444
2014-02-28 05:30:00,0.066,0.2846031471942315,0,-0.05809047195544253,-0.11618094391088506,-0.05809047195544252
2014-02-28 05:35:00,0.134,0.22770531061368146,0,-0.059075452369783885,-0.11815090473956776,-0.059075452369783885
2014-02-28 05:40:00,0.132,0.2256666521354147,0,-0.060047297067282485,-0.12009459413456496,-0.060047297067282485
2014-02-28 05:45:00,0.066,0.2845962534517988,0,-0.06100596945843206,-0.12201193891686413,-0.06100596945843206
2014-02-28 05:50:00,0.132,0.2258716864236583,0,-0.06195144205852041,-0.12390288411704085,-0.06195144205852041
2014-02-28 05:55:00,0.132,0.22587779155085724,0,-0.0628836962693629,-0.1257673925387258,-0.0628836962693629
2014-02-28 06:00:00,0.132,0.22588389685047194,0,-0.06380272215380746,-0.12760544430761492,-0.06380272215380746
2014-02-28 06:05:00,0.132,0.2256849657712934,0,-0.06470851820379159,-0.12941703640758315,-0.06470851820379159
2014-02-28 06:10:00,0.134,0.22752498780433994,0,-0.06560109110271665,-0.1312021822054333,-0.06560109110271665
2014-02-28 06:15:00,0.066,0.28456877983774703,0,-0.066480455482888,-0.132960910965776,-0.066480455482888
2014-02-28 06:20:00,0.134,0.22773605047655185,0,-0.06734663367875082,-0.13469326735750164,-0.06734663367875082
2014-02-28 06:25:00,0.134,0.2275370519748381,0,-0.06819965547663115,-0.1363993109532623,-0.06819965547663115
2014-02-28 06:30:00,0.134,0.2275370519748381,0,-0.06903955786166811,-0.13807911572333625,-0.06903955786166811
2014-02-28 06:35:00,0.134,0.2273320190697211,0,-0.06986638476260161,-0.13973276952520322,-0.06986638476260161
2014-02-28 06:40:00,0.066,0.2848481702703014,0,-0.07068018679505289,-0.14136037359010578,-0.07068018679505289
2014-02-28 06:45:00,0.134,0.2275370519748381,0,-0.07148102100391124,-0.14296204200782248,-0.07148102100391124
2014-02-28 06:50:00,0.134,0.2275432050103883,0,-0.0722689506054118,-0.1445379012108236,-0.0722689506054118
2014-02-28 06:55:00,0.134,0.2273381708920263,0,-0.07304404472946338,-0.14608808945892676,-0.07304404472946338
2014-02-28 07:00:00,0.134,0.2273381708920263,0,-0.0738063781627561,-0.1476127563255122,-0.0738063781627561
2014-02-28 07:05:00,0.066,0.28484135807040106,0,-0.07455603109315125,-0.1491120621863025,-0.07455603109315125
2014-02-28 07:10:00,0.134,0.2275432050103883,0,-0.07529308885582663,-0.15058617771165325,-0.07529308885582663
2014-02-28 07:15:00,0.134,0.2273381708920263,0,-0.07601764168162238,-0.15203528336324476,-0.07601764168162238
2014-02-28 07:20:00,0.132,0.225497973073671,0,-0.07672978444800367,-0.15345956889600734,-0.07672978444800367
2014-02-28 07:25:00,0.066,0.2848482683898878,0,-0.07742961643302831,-0.15485923286605666,-0.07742961643302831
2014-02-28 07:30:00,0.134,0.2273320258908487,0,-0.07811724107267896,-0.15623448214535793,-0.07811724107267896
2014-02-28 07:35:00,0.136,0.22938634939215785,0,-0.07879276572189269,-0.15758553144378534,-0.07879276572189269
2014-02-28 07:40:00,0.066,0.28497239109302785,0,-0.07945630141959244,-0.15891260283918487,-0.07945630141959244
2014-02-28 07:45:00,0.134,0.2275327430232233,0,-0.08010796265799926,-0.16021592531599851,-0.08010796265799926
2014-02-28 07:50:00,0.134,0.2275327430232233,0,-0.08074786715647758,-0.16149573431295516,-0.08074786715647757
2014-02-28 07:55:00,0.134,0.22732738128506866,0,-0.08137613564014047,-0.16275227128028094,-0.08137613564014047
2014-02-28 08:00:00,0.066,0.2847957674872483,0,-0.08199289162341822,-0.16398578324683644,-0.08199289162341823
2014-02-28 08:05:00,0.132,0.2259066782923084,0,-0.08259826119876837,-0.16519652239753674,-0.08259826119876838
2014-02-28 08:10:00,0.134,0.2275471752238731,0,-0.08319237283068404,-0.16638474566136807,-0.08319237283068404
2014-02-28 08:15:00,0.066,0.28478885073138993,0,-0.08377535715513414,-0.16755071431026827,-0.08377535715513414
2014-02-28 08:20:00,0.136,0.2295970202176701,0,-0.08434734678454935,-0.1686946935690987,-0.08434734678454935
2014-02-28 08:25:00,0.134,0.2277342370817277,0,-0.08490847611844599,-0.16981695223689197,-0.084908476118446
2014-02-28 08:30:00,0.132,0.2258944217369688,0,-0.08545888115976279,-0.17091776231952555,-0.08545888115976279
2014-02-28 08:35:00,0.134,0.22753483523398224,0,-0.08599869933696516,-0.17199739867393032,-0.08599869933696516
2014-02-28 08:40:00,0.068,0.2826758483058853,0,-0.08652806933195674,-0.17305613866391348,-0.08652806933195674
2014-02-28 08:45:00,0.132,0.22588845127104845,0,-0.0870471309138197,-0.1740942618276394,-0.0870471309138197
2014-02-28 08:50:00,0.134,0.2277344828227784,0,-0.0875560247783913,-0.1751120495567826,-0.0875560247783913
2014-02-28 08:55:00,0.134,0.2277344828227784,0,-0.08805489239366927,-0.17610978478733855,-0.08805489239366927
2014-02-28 09:00:00,0.136,0.22957872125206685,0,-0.08854387585102565,-0.1770877517020513,-0.08854387585102565
2014-02-28 09:05:00,0.134,0.2277159741773493,0,-0.08902311772219591,-0.17804623544439185,-0.08902311772219591
2014-02-28 09:10:00,0.132,0.2258761952020191,0,-0.0894927609219988,-0.1789855218439976,-0.0894927609219988
2014-02-28 09:15:00,0.2,0.2940241666620811,0,-0.08995294857673165,-0.1799058971534633,-0.08995294857673165
2014-02-28 09:20:00,0.132,0.225472285141826,0,-0.0904038238981761,-0.1808076477963522,-0.0904038238981761
2014-02-28 09:25:00,0.132,0.2252787200320127,0,-0.09084553006314032,-0.18169106012628064,-0.09084553006314032
2014-02-28 09:30:00,0.134,0.22732273412493714,0,-0.09127821009845556,-0.1825564201969111,-0.09127821009845555
2014-02-28 09:35:00,0.134,0.2271169044545189,0,-0.09170200677133708,-0.18340401354267416,-0.09170200677133708
2014-02-28 09:40:00,0.066,0.2853891384884465,0,-0.09211706248501393,-0.18423412497002786,-0.09211706248501393
2014-02-28 09:45:00,0.134,0.2271169044545189,0,-0.09252351917952477,-0.18504703835904954,-0.09252351917952477
2014-02-28 09:50:00,0.134,0.2271107405156339,0,-0.09292151823757257,-0.1858430364751451,-0.09292151823757255
2014-02-28 09:55:00,0.20199999999999999,0.2956378189287357,0,-0.09331120039532642,-0.18662240079065284,-0.09331120039532642
2014-02-28 10:00:00,0.066,0.285689145961519,0,-0.0936927056580541,-0.1873854113161082,-0.0936927056580541
2014-02-28 10:05:00,0.136,0.2289614446675106,0,-0.09406617322046608,-0.18813234644093216,-0.09406617322046609
2014-02-28 10:10:00,0.134,0.22690455756775085,0,-0.09443174139164902,-0.18886348278329804,-0.09443174139164902
2014-02-28 10:15:00,0.068,0.2835436717294073,0,-0.0947895475244637,-0.1895790950489274,-0.0947895475244637
2014-02-28 10:20:00,0.136,0.2289490269053793,0,-0.0951397279492816,-0.1902794558985632,-0.0951397279492816
2014-02-28 10:25:00,0.132,0.2252461256288072,0,-0.09548241791193186,-0.19096483582386373,-0.09548241791193186
2014-02-28 10:30:00,0.134,0.2270922367114228,0,-0.09581775151573027,-0.19163550303146054,-0.09581775151573028
2014-02-28 10:35:00,0.066,0.2854167674133012,0,-0.09614586166746077,-0.19229172333492156,-0.09614586166746077
2014-02-28 10:40:00,0.134,0.2275055745039461,0,-0.09646688002718044,-0.1929337600543609,-0.09646688002718043
2014-02-28 10:45:00,0.134,0.2275055745039461,0,-0.09678093696171833,-0.19356187392343666,-0.09678093696171833
2014-02-28 10:50:00,0.134,0.22751175694465306,0,-0.09708816150173996,-0.1941763230034799,-0.09708816150173995
2014-02-28 10:55:00,0.136,0.2293651152195304,0,-0.09738868130224887,-0.19477736260449774,-0.09738868130224888
2014-02-28 11:00:00,0.134,0.2275055745039461,0,-0.09768262260639923,-0.19536524521279847,-0.09768262260639923
2014-02-28 11:05:00,0.132,0.2256689890623063,0,-0.09797011021249304,-0.19594022042498607,-0.09797011021249304
2014-02-28 11:10:00,0.132,0.22567512338231785,0,-0.09825126744403867,-0.1965025348880773,-0.09825126744403867
2014-02-28 11:15:00,0.134,0.2275241080921854,0,-0.0985262161227481,-0.1970524322454962,-0.0985262161227481
2014-02-28 11:20:00,0.134,0.2273180844220837,0,-0.09879507654435242,-0.19759015308870484,-0.09879507654435242
2014-02-28 11:25:00,0.136,0.22917168945798136,0,-0.09905796745711752,-0.19811593491423504,-0.09905796745711752
2014-02-28 11:30:00,0.066,0.2852363094728011,0,-0.09931500604294363,-0.1986300120858873,-0.09931500604294365
2014-02-28 11:35:00,0.20199999999999999,0.296127098619544,0,-0.0995663079009353,-0.1991326158018706,-0.0995663079009353
2014-02-28 11:40:00,0.068,0.28327413873939833,0,-0.09981198703332993,-0.19962397406665985,-0.09981198703332991
2014-02-28 11:45:00,0.132,0.2252461218616793,0,-0.10005215583367676,-0.2001043116673535,-0.10005215583367676
2014-02-28 11:50:00,0.134,0.22708606698078035,0,-0.10028692507715978,-0.2005738501543196,-0.10028692507715978
2014-02-28 11:55:00,0.134,0.22708606698078035,0,-0.10051640391296104,-0.2010328078259221,-0.10051640391296104
2014-02-28 12:00:00,0.134,0.2270799039417984,0,-0.10074069985856386,-0.20148139971712767,-0.10074069985856386
2014-02-28 12:05:00,0.066,0.28542372554455364,0,-0.1009599187958977,-0.2019198375917954,-0.1009599187958977
2014-02-28 12:10:00,0.134,0.22708607348895304,0,-0.10117416496922996,-0.20234832993845991,-0.10117416496922996
2014-02-28 12:15:00,0.134,0.22708607348895304,0,-0.10138354098471183,-0.2027670819694237,-0.10138354098471185
2014-02-28 12:20:00,0.066,0.28542372554455364,0,-0.1015881478114892,-0.20317629562297845,-0.10158814781148921
2014-02-28 12:25:00,0.134,0.22709202165196216,0,-0.10178808478429152,-0.20357616956858304,-0.10178808478429152
2014-02-28 12:30:00,0.134,0.2270981912694603,0,-0.10198344960741516,-0.20396689921483036,-0.10198344960741516
2014-02-28 12:35:00,0.132,0.2252582501006216,0,-0.10217433836002003,-0.2043486767200401,-0.10217433836002004
2014-02-28 12:40:00,0.068,0.2832604678807214,0,-0.10236084550266134,-0.20472169100532267,-0.10236084550266134
2014-02-28 12:45:00,0.134,0.22710435454488234,0,-0.1025430638849808,-0.20508612776996166,-0.10254306388498081
2014-02-28 12:50:00,0.132,0.2252643728538141,0,-0.10272108475448508,-0.20544216950897015,-0.10272108475448509
2014-02-28 12:55:00,0.134,0.2269045575677509,0,-0.10289499776634088,-0.20578999553268176,-0.10289499776634088
2014-02-28 13:00:00,0.134,0.2269045575677509,0,-0.10306489099411972,-0.20612978198823945,-0.10306489099411971
2014-02-28 13:05:00,0.132,0.22526238175864835,0,-0.10323085094142744,-0.20646170188285487,-0.10323085094142744
2014-02-28 13:10:00,0.066,0.28580239199468266,0,-0.1033929625543566,-0.2067859251087132,-0.10339296255435661
2014-02-28 13:15:00,0.134,0.2271053150395089,0,-0.1035513092347016,-0.20710261846940325,-0.10355130923470161
2014-02-28 13:20:00,0.136,0.22895265611740245,0,-0.10370597285387986,-0.20741194570775973,-0.10370597285387986
2014-02-28 13:25:00,0.066,0.2858232594294033,0,-0.10385703376750394,-0.20771406753500787,-0.10385703376750394
2014-02-28 13:30:00,0.134,0.22709296229289816,0,-0.10400457083055246,-0.20800914166110493,-0.10400457083055246
2014-02-28 13:35:00,0.134,0.22709296229289816,0,-0.10414866141308952,-0.20829732282617905,-0.10414866141308951
2014-02-28 13:40:00,0.132,0.2250436616316432,0,-0.1042893814164847,-0.2085787628329694,-0.1042893814164847
2014-02-28 13:45:00,0.132,0.22504979356105026,0,-0.1044268052900882,-0.20885361058017646,-0.10442680529008821
2014-02-28 13:50:00,0.134,0.2268928515001781,0,-0.10456100604831736,-0.20912201209663472,-0.10456100604831736
2014-02-28 13:55:00,0.134,0.2266864209609745,0,-0.10469205528811278,-0.20938411057622555,-0.10469205528811278
2014-02-28 14:00:00,0.132,0.2250413214328776,0,-0.10482002320672512,-0.20964004641345024,-0.10482002320672511
2014-02-28 14:05:00,0.132,0.22484052382403674,0,-0.10494497861979436,-0.20988995723958875,-0.10494497861979436
2014-02-28 14:10:00,0.134,0.2266867317977712,0,-0.1050669889796862,-0.2101339779593724,-0.10506698897968621
2014-02-28 14:15:00,0.134,0.2266867317977712,0,-0.1051861203940513,-0.2103722407881026,-0.1051861203940513
2014-02-28 14:20:00,0.134,0.2266867317977712,0,-0.10530243764457548,-0.21060487528915092,-0.10530243764457548
2014-02-28 14:25:00,0.134,0.2266867317977713,0,-0.1054160042058903,-0.2108320084117806,-0.1054160042058903
