timestamp,value,anomaly_score,label,S(t)_standard,S(t)_reward_low_FP_rate,S(t)_reward_low_FN_rate
2014-02-14 14:30:00,1.732,0.0,0,-0.11,-0.22,-0.11
2014-02-14 14:35:00,1.732,0.0,0,-0.11,-0.22,-0.11
2014-02-14 14:40:00,1.96,0.0,0,-0.11,-0.22,-0.11
2014-02-14 14:45:00,1.732,0.0,0,-0.11,-0.22,-0.11
2014-02-14 14:50:00,1.706,0.0,0,-0.11,-0.22,-0.11
2014-02-14 14:55:00,1.734,0.0,0,-0.11,-0.22,-0.11
2014-02-14 15:00:00,1.766,0.0,0,-0.11,-0.22,-0.11
2014-02-14 15:05:00,1.766,0.0,0,-0.11,-0.22,-0.11
2014-02-14 15:10:00,2.026,0.0,0,-0.11,-0.22,-0.11
2014-02-14 15:15:00,1.7619999999999998,0.0,0,-0.11,-0.22,-0.11
2014-02-14 15:20:00,1.704,0.0,0,-0.11,-0.22,-0.11
2014-02-14 15:25:00,1.834,0.0,0,-0.11,-0.22,-0.11
2014-02-14 15:30:00,1.8319999999999999,0.0,0,-0.11,-0.22,-0.11
2014-02-14 15:35:00,1.8259999999999998,0.0,0,-0.11,-0.22,-0.11
2014-02-14 15:40:00,1.9080000000000001,0.0,0,-0.11,-0.22,-0.11
2014-02-14 15:45:00,1.798,0.0,0,-0.11,-0.22,-0.11
2014-02-14 15:50:00,1.732,0.0,0,-0.11,-0.22,-0.11
2014-02-14 15:55:00,1.8019999999999998,0.0,0,-0.11,-0.22,-0.11
2014-02-14 16:00:00,1.764,0.0,0,-0.11,-0.22,-0.11
2014-02-14 16:05:00,1.86,0.0,0,-0.11,-0.22,-0.11
2014-02-14 16:10:00,1.9980000000000002,0.0,0,-0.11,-0.22,-0.11
2014-02-14 16:15:00,1.7719999999999998,0.0,0,-0.11,-0.22,-0.11
2014-02-14 16:20:00,1.734,0.0,0,-0.11,-0.22,-0.11
2014-02-14 16:25:00,1.766,0.0,0,-0.11,-0.22,-0.11
2014-02-14 16:30:00,1.76,0.0,0,-0.11,-0.22,-0.11
2014-02-14 16:35:00,1.7380000000000002,0.0,0,-0.11,-0.22,-0.11
2014-02-14 16:40:00,1.93,0.0,0,-0.11,-0.22,-0.11
2014-02-14 16:45:00,1.8,0.0,0,-0.11,-0.22,-0.11
2014-02-14 16:50:00,1.732,0.0,0,-0.11,-0.22,-0.11
2014-02-14 16:55:00,1.766,0.0,0,-0.11,-0.22,-0.11
2014-02-14 17:00:00,1.798,0.0,0,-0.11,-0.22,-0.11
2014-02-14 17:05:00,1.8,0.0,0,-0.11,-0.22,-0.11
2014-02-14 17:10:00,1.99,0.0,0,-0.11,-0.22,-0.11
2014-02-14 17:15:00,1.7380000000000002,0.0,0,-0.11,-0.22,-0.11
2014-02-14 17:20:00,1.76,0.0,0,-0.11,-0.22,-0.11
2014-02-14 17:25:00,1.7719999999999998,0.0,0,-0.11,-0.22,-0.11
2014-02-14 17:30:00,1.764,0.0,0,-0.11,-0.22,-0.11
2014-02-14 17:35:00,1.732,0.0,0,-0.11,-0.22,-0.11
2014-02-14 17:40:00,2.0,0.0,0,-0.11,-0.22,-0.11
2014-02-14 17:45:00,1.7,0.0,0,-0.11,-0.22,-0.11
2014-02-14 17:50:00,1.798,0.0,0,-0.11,-0.22,-0.11
2014-02-14 17:55:00,1.732,0.0,0,-0.11,-0.22,-0.11
2014-02-14 18:00:00,1.764,0.0,0,-0.11,-0.22,-0.11
2014-02-14 18:05:00,1.7619999999999998,0.0,0,-0.11,-0.22,-0.11
2014-02-14 18:10:00,1.97,0.0,0,-0.11,-0.22,-0.11
2014-02-14 18:15:00,1.7280000000000002,0.0,0,-0.11,-0.22,-0.11
2014-02-14 18:20:00,1.806,0.0,0,-0.11,-0.22,-0.11
2014-02-14 18:25:00,1.8,0.0,0,-0.11,-0.22,-0.11
2014-02-14 18:30:00,1.86,0.0,0,-0.11,-0.22,-0.11
2014-02-14 18:35:00,1.7380000000000002,0.0,0,-0.11,-0.22,-0.11
2014-02-14 18:40:00,1.992,0.0,0,-0.11,-0.22,-0.11
2014-02-14 18:45:00,1.702,0.0,0,-0.11,-0.22,-0.11
2014-02-14 18:50:00,1.766,0.0,0,-0.11,-0.22,-0.11
2014-02-14 18:55:00,1.76,0.0,0,-0.11,-0.22,-0.11
2014-02-14 19:00:00,1.8319999999999999,0.0,0,-0.11,-0.22,-0.11
2014-02-14 19:05:00,1.774,0.0,0,-0.11,-0.22,-0.11
2014-02-14 19:10:00,1.9980000000000002,0.0,0,-0.11,-0.22,-0.11
2014-02-14 19:15:00,1.7919999999999998,0.0,0,-0.11,-0.22,-0.11
2014-02-14 19:20:00,1.798,0.0,0,-0.11,-0.22,-0.11
2014-02-14 19:25:00,1.838,0.0,0,-0.11,-0.22,-0.11
2014-02-14 19:30:00,1.798,0.0,0,-0.11,-0.22,-0.11
2014-02-14 19:35:00,1.764,0.0,0,-0.11,-0.22,-0.11
2014-02-14 19:40:00,2.032,0.0,0,-0.11,-0.22,-0.11
2014-02-14 19:45:00,1.83,0.0,0,-0.11,-0.22,-0.11
2014-02-14 19:50:00,1.766,0.0,0,-0.11,-0.22,-0.11
2014-02-14 19:55:00,1.954,0.0,0,-0.11,-0.22,-0.11
2014-02-14 20:00:00,1.702,0.0,0,-0.11,-0.22,-0.11
2014-02-14 20:05:00,1.8659999999999999,0.0,0,-0.11,-0.22,-0.11
2014-02-14 20:10:00,1.966,0.0,0,-0.11,-0.22,-0.11
2014-02-14 20:15:00,1.83,0.0,0,-0.11,-0.22,-0.11
2014-02-14 20:20:00,1.76,0.0,0,-0.11,-0.22,-0.11
2014-02-14 20:25:00,1.8359999999999999,0.0,0,-0.11,-0.22,-0.11
2014-02-14 20:30:00,1.766,0.0,0,-0.11,-0.22,-0.11
2014-02-14 20:35:00,1.8259999999999998,0.0,0,-0.11,-0.22,-0.11
2014-02-14 20:40:00,1.9040000000000001,0.0,0,-0.11,-0.22,-0.11
2014-02-14 20:45:00,1.83,0.0,0,-0.11,-0.22,-0.11
2014-02-14 20:50:00,1.732,0.0,0,-0.11,-0.22,-0.11
2014-02-14 20:55:00,1.8259999999999998,0.0,0,-0.11,-0.22,-0.11
2014-02-14 21:00:00,1.704,0.0,0,-0.11,-0.22,-0.11
2014-02-14 21:05:00,1.766,0.0,0,-0.11,-0.22,-0.11
2014-02-14 21:10:00,1.9580000000000002,0.0,0,-0.11,-0.22,-0.11
2014-02-14 21:15:00,1.764,0.0,0,-0.11,-0.22,-0.11
2014-02-14 21:20:00,1.768,0.0,0,-0.11,-0.22,-0.11
2014-02-14 21:25:00,1.7719999999999998,0.0,0,-0.11,-0.22,-0.11
2014-02-14 21:30:00,1.788,0.0,0,-0.11,-0.22,-0.11
2014-02-14 21:35:00,1.67,0.0,0,-0.11,-0.22,-0.11
2014-02-14 21:40:00,1.8659999999999999,0.0,0,-0.11,-0.22,-0.11
2014-02-14 21:45:00,1.732,0.0,0,-0.11,-0.22,-0.11
2014-02-14 21:50:00,1.726,0.0,0,-0.11,-0.22,-0.11
2014-02-14 21:55:00,1.706,0.0,0,-0.11,-0.22,-0.11
2014-02-14 22:00:00,1.834,0.0,0,-0.11,-0.22,-0.11
2014-02-14 22:05:00,1.734,0.0,0,-0.11,-0.22,-0.11
2014-02-14 22:10:00,1.9680000000000002,0.0,0,-0.11,-0.22,-0.11
2014-02-14 22:15:00,1.966,0.0,0,-0.11,-0.22,-0.11
2014-02-14 22:20:00,2.0580000000000003,0.0,0,-0.11,-0.22,-0.11
2014-02-14 22:25:00,1.838,0.0,0,-0.11,-0.22,-0.11
2014-02-14 22:30:00,1.966,0.0,0,-0.11,-0.22,-0.11
2014-02-14 22:35:00,1.932,0.0,0,-0.11,-0.22,-0.11
2014-02-14 22:40:00,2.162,0.0,0,-0.11,-0.22,-0.11
2014-02-14 22:45:00,1.926,0.0,0,-0.11,-0.22,-0.11
2014-02-14 22:50:00,1.9680000000000002,0.0,0,-0.11,-0.22,-0.11
2014-02-14 22:55:00,1.932,0.0,0,-0.11,-0.22,-0.11
2014-02-14 23:00:00,2.006,0.0,0,-0.11,-0.22,-0.11
2014-02-14 23:05:00,1.992,0.0,0,-0.11,-0.22,-0.11
2014-02-14 23:10:00,2.0340000000000003,0.0,0,-0.11,-0.22,-0.11
2014-02-14 23:15:00,1.704,0.0,0,-0.11,-0.22,-0.11
2014-02-14 23:20:00,1.834,0.0,0,-0.11,-0.22,-0.11
2014-02-14 23:25:00,1.732,0.0,0,-0.11,-0.22,-0.11
2014-02-14 23:30:00,1.824,0.0,0,-0.11,-0.22,-0.11
2014-02-14 23:35:00,1.704,0.0,0,-0.11,-0.22,-0.11
2014-02-14 23:40:00,1.966,0.0,0,-0.11,-0.22,-0.11
2014-02-14 23:45:00,1.766,0.0,0,-0.11,-0.22,-0.11
2014-02-14 23:50:00,1.8,0.0,0,-0.11,-0.22,-0.11
2014-02-14 23:55:00,1.764,0.0,0,-0.11,-0.22,-0.11
2014-02-15 00:00:00,1.858,0.0,0,-0.11,-0.22,-0.11
2014-02-15 00:05:00,1.84,0.0,0,-0.11,-0.22,-0.11
2014-02-15 00:10:00,2.0,0.0,0,-0.11,-0.22,-0.11
2014-02-15 00:15:00,1.8,0.0,0,-0.11,-0.22,-0.11
2014-02-15 00:20:00,1.76,0.0,0,-0.11,-0.22,-0.11
2014-02-15 00:25:00,1.806,0.0,0,-0.11,-0.22,-0.11
2014-02-15 00:30:00,1.766,0.0,0,-0.11,-0.22,-0.11
2014-02-15 00:35:00,1.8,0.0,0,-0.11,-0.22,-0.11
2014-02-15 00:40:00,1.966,0.0,0,-0.11,-0.22,-0.11
2014-02-15 00:45:00,1.796,0.0,0,-0.11,-0.22,-0.11
2014-02-15 00:50:00,1.798,0.0,0,-0.11,-0.22,-0.11
2014-02-15 00:55:00,1.794,0.0,0,-0.11,-0.22,-0.11
2014-02-15 01:00:00,1.84,0.0,0,-0.11,-0.22,-0.11
2014-02-15 01:05:00,1.766,0.0,0,-0.11,-0.22,-0.11
2014-02-15 01:10:00,1.962,0.0,0,-0.11,-0.22,-0.11
2014-02-15 01:15:00,1.766,0.0,0,-0.11,-0.22,-0.11
2014-02-15 01:20:00,1.756,0.0,0,-0.11,-0.22,-0.11
2014-02-15 01:25:00,1.7380000000000002,0.0,0,-0.11,-0.22,-0.11
2014-02-15 01:30:00,1.7280000000000002,0.0,0,-0.11,-0.22,-0.11
2014-02-15 01:35:00,1.8319999999999999,0.0,0,-0.11,-0.22,-0.11
2014-02-15 01:40:00,2.0,0.0,0,-0.11,-0.22,-0.11
2014-02-15 01:45:00,1.7,0.0,0,-0.11,-0.22,-0.11
2014-02-15 01:50:00,1.774,0.0,0,-0.11,-0.22,-0.11
2014-02-15 01:55:00,1.8,0.0,0,-0.11,-0.22,-0.11
2014-02-15 02:00:00,1.732,0.0,0,-0.11,-0.22,-0.11
2014-02-15 02:05:00,1.8,0.0,0,-0.11,-0.22,-0.11
2014-02-15 02:10:00,2.06,0.0,0,-0.11,-0.22,-0.11
2014-02-15 02:15:00,1.798,0.0,0,-0.11,-0.22,-0.11
2014-02-15 02:20:00,1.764,0.0,0,-0.11,-0.22,-0.11
2014-02-15 02:25:00,1.67,0.0,0,-0.11,-0.22,-0.11
2014-02-15 02:30:00,1.86,0.0,0,-0.11,-0.22,-0.11
2014-02-15 02:35:00,1.83,0.0,0,-0.11,-0.22,-0.11
2014-02-15 02:40:00,1.942,0.0,0,-0.11,-0.22,-0.11
2014-02-15 02:45:00,1.766,0.0,0,-0.11,-0.22,-0.11
2014-02-15 02:50:00,1.766,0.0,0,-0.11,-0.22,-0.11
2014-02-15 02:55:00,1.76,0.0,0,-0.11,-0.22,-0.11
2014-02-15 03:00:00,1.838,0.0,0,-0.11,-0.22,-0.11
2014-02-15 03:05:00,1.86,0.0,0,-0.11,-0.22,-0.11
2014-02-15 03:10:00,1.9040000000000001,0.0,0,-0.11,-0.22,-0.11
2014-02-15 03:15:00,1.7619999999999998,0.0,0,-0.11,-0.22,-0.11
2014-02-15 03:20:00,1.86,0.0,0,-0.11,-0.22,-0.11
2014-02-15 03:25:00,1.7380000000000002,0.0,0,-0.11,-0.22,-0.11
2014-02-15 03:30:00,2.4659999999999997,0.0,0,-0.11,-0.22,-0.11
2014-02-15 03:35:00,1.8,0.0,0,-0.11,-0.22,-0.11
2014-02-15 03:40:00,1.966,0.0,0,-0.11,-0.22,-0.11
2014-02-15 03:45:00,1.734,0.0,0,-0.11,-0.22,-0.11
2014-02-15 03:50:00,1.798,0.0,0,-0.11,-0.22,-0.11
2014-02-15 03:55:00,1.76,0.0,0,-0.11,-0.22,-0.11
2014-02-15 04:00:00,1.77,0.0,0,-0.11,-0.22,-0.11
2014-02-15 04:05:00,1.8259999999999998,0.0,0,-0.11,-0.22,-0.11
2014-02-15 04:10:00,1.94,0.0,0,-0.11,-0.22,-0.11
2014-02-15 04:15:00,1.766,0.0,0,-0.11,-0.22,-0.11
2014-02-15 04:20:00,1.8,0.0,0,-0.11,-0.22,-0.11
2014-02-15 04:25:00,1.794,0.0,0,-0.11,-0.22,-0.11
2014-02-15 04:30:00,1.798,0.0,0,-0.11,-0.22,-0.11
2014-02-15 04:35:00,1.7719999999999998,0.0,0,-0.11,-0.22,-0.11
2014-02-15 04:40:00,2.032,0.0,0,-0.11,-0.22,-0.11
2014-02-15 04:45:00,1.798,0.0,0,-0.11,-0.22,-0.11
2014-02-15 04:50:00,1.8319999999999999,0.0,0,-0.11,-0.22,-0.11
2014-02-15 04:55:00,1.796,0.0,0,-0.11,-0.22,-0.11
2014-02-15 05:00:00,1.798,0.0,0,-0.11,-0.22,-0.11
2014-02-15 05:05:00,1.7919999999999998,0.0,0,-0.11,-0.22,-0.11
2014-02-15 05:10:00,2.102,0.0,0,-0.11,-0.22,-0.11
2014-02-15 05:15:00,1.7380000000000002,0.0,0,-0.11,-0.22,-0.11
2014-02-15 05:20:00,1.768,0.0,0,-0.11,-0.22,-0.11
2014-02-15 05:25:00,1.8880000000000001,0.0,0,-0.11,-0.22,-0.11
2014-02-15 05:30:00,1.702,0.0,0,-0.11,-0.22,-0.11
2014-02-15 05:35:00,1.9580000000000002,0.0,0,-0.11,-0.22,-0.11
2014-02-15 05:40:00,1.8659999999999999,0.0,0,-0.11,-0.22,-0.11
2014-02-15 05:45:00,1.734,0.0,0,-0.11,-0.22,-0.11
2014-02-15 05:50:00,1.766,0.0,0,-0.11,-0.22,-0.11
2014-02-15 05:55:00,1.824,0.0,0,-0.11,-0.22,-0.11
2014-02-15 06:00:00,1.7380000000000002,0.0,0,-0.11,-0.22,-0.11
2014-02-15 06:05:00,1.7919999999999998,0.0,0,-0.11,-0.22,-0.11
2014-02-15 06:10:00,2.036,0.0,0,-0.11,-0.22,-0.11
2014-02-15 06:15:00,1.73,0.0,0,-0.11,-0.22,-0.11
2014-02-15 06:20:00,1.7380000000000002,0.0,0,-0.11,-0.22,-0.11
2014-02-15 06:25:00,1.794,0.0,0,-0.11,-0.22,-0.11
2014-02-15 06:30:00,1.7380000000000002,0.0,0,-0.11,-0.22,-0.11
2014-02-15 06:35:00,1.796,0.0,0,-0.11,-0.22,-0.11
2014-02-15 06:40:00,1.926,0.0,0,-0.11,-0.22,-0.11
2014-02-15 06:45:00,1.8659999999999999,0.0,0,-0.11,-0.22,-0.11
2014-02-15 06:50:00,1.732,0.0,0,-0.11,-0.22,-0.11
2014-02-15 06:55:00,1.8,0.0,0,-0.11,-0.22,-0.11
2014-02-15 07:00:00,1.7719999999999998,0.0,0,-0.11,-0.22,-0.11
2014-02-15 07:05:00,1.89,0.0,0,-0.11,-0.22,-0.11
2014-02-15 07:10:00,1.9,0.0,0,-0.11,-0.22,-0.11
2014-02-15 07:15:00,1.8,0.0,0,-0.11,-0.22,-0.11
2014-02-15 07:20:00,1.768,0.0,0,-0.11,-0.22,-0.11
2014-02-15 07:25:00,1.858,0.0,0,-0.11,-0.22,-0.11
2014-02-15 07:30:00,1.7380000000000002,0.0,0,-0.11,-0.22,-0.11
2014-02-15 07:35:00,1.8,0.0,0,-0.11,-0.22,-0.11
2014-02-15 07:40:00,1.962,0.0,0,-0.11,-0.22,-0.11
2014-02-15 07:45:00,1.824,0.0,0,-0.11,-0.22,-0.11
2014-02-15 07:50:00,1.7719999999999998,0.0,0,-0.11,-0.22,-0.11
2014-02-15 07:55:00,1.766,0.0,0,-0.11,-0.22,-0.11
2014-02-15 08:00:00,1.8319999999999999,0.0,0,-0.11,-0.22,-0.11
2014-02-15 08:05:00,1.8219999999999998,0.0,0,-0.11,-0.22,-0.11
2014-02-15 08:10:00,1.9380000000000002,0.0,0,-0.11,-0.22,-0.11
2014-02-15 08:15:00,1.7919999999999998,0.0,0,-0.11,-0.22,-0.11
2014-02-15 08:20:00,1.83,0.0,0,-0.11,-0.22,-0.11
2014-02-15 08:25:00,1.704,0.0,0,-0.11,-0.22,-0.11
2014-02-15 08:30:00,1.8,0.0,0,-0.11,-0.22,-0.11
2014-02-15 08:35:00,1.76,0.0,0,-0.11,-0.22,-0.11
2014-02-15 08:40:00,2.008,0.0,0,-0.11,-0.22,-0.11
2014-02-15 08:45:00,1.76,0.0,0,-0.11,-0.22,-0.11
2014-02-15 08:50:00,1.8019999999999998,0.0,0,-0.11,-0.22,-0.11
2014-02-15 08:55:00,1.756,0.0,0,-0.11,-0.22,-0.11
2014-02-15 09:00:00,1.838,0.0,0,-0.11,-0.22,-0.11
2014-02-15 09:05:00,1.768,0.0,0,-0.11,-0.22,-0.11
2014-02-15 09:10:00,2.026,0.0,0,-0.11,-0.22,-0.11
2014-02-15 09:15:00,1.798,0.0,0,-0.11,-0.22,-0.11
2014-02-15 09:20:00,1.764,0.0,0,-0.11,-0.22,-0.11
2014-02-15 09:25:00,1.774,0.0,0,-0.11,-0.22,-0.11
2014-02-15 09:30:00,1.858,0.0,0,-0.11,-0.22,-0.11
2014-02-15 09:35:00,1.73,0.0,0,-0.11,-0.22,-0.11
2014-02-15 09:40:00,1.8719999999999999,0.0,0,-0.11,-0.22,-0.11
2014-02-15 09:45:00,1.758,0.0,0,-0.11,-0.22,-0.11
2014-02-15 09:50:00,1.828,0.0,0,-0.11,-0.22,-0.11
2014-02-15 09:55:00,2.0980000000000003,0.0,0,-0.11,-0.22,-0.11
2014-02-15 10:00:00,1.706,0.0,0,-0.11,-0.22,-0.11
2014-02-15 10:05:00,1.858,0.0,0,-0.11,-0.22,-0.11
2014-02-15 10:10:00,1.874,0.0,0,-0.11,-0.22,-0.11
2014-02-15 10:15:00,1.764,0.0,0,-0.11,-0.22,-0.11
2014-02-15 10:20:00,1.76,0.0,0,-0.11,-0.22,-0.11
2014-02-15 10:25:00,1.706,0.0,0,-0.11,-0.22,-0.11
2014-02-15 10:30:00,1.766,0.0,0,-0.11,-0.22,-0.11
2014-02-15 10:35:00,1.7919999999999998,0.0,0,-0.11,-0.22,-0.11
2014-02-15 10:40:00,1.876,0.0,0,-0.11,-0.22,-0.11
2014-02-15 10:45:00,1.7919999999999998,0.0,0,-0.11,-0.22,-0.11
2014-02-15 10:50:00,1.706,0.0,0,-0.11,-0.22,-0.11
2014-02-15 10:55:00,1.86,0.0,0,-0.11,-0.22,-0.11
2014-02-15 11:00:00,1.732,0.0,0,-0.11,-0.22,-0.11
2014-02-15 11:05:00,1.764,0.0,0,-0.11,-0.22,-0.11
2014-02-15 11:10:00,1.976,0.0,0,-0.11,-0.22,-0.11
2014-02-15 11:15:00,1.892,0.0,0,-0.11,-0.22,-0.11
2014-02-15 11:20:00,1.636,0.0,0,-0.11,-0.22,-0.11
2014-02-15 11:25:00,1.794,0.0,0,-0.11,-0.22,-0.11
2014-02-15 11:30:00,1.736,0.0,0,-0.11,-0.22,-0.11
2014-02-15 11:35:00,1.76,0.0,0,-0.11,-0.22,-0.11
2014-02-15 11:40:00,1.9340000000000002,0.0,0,-0.11,-0.22,-0.11
2014-02-15 11:45:00,1.83,0.0,0,-0.11,-0.22,-0.11
2014-02-15 11:50:00,1.726,0.0,0,-0.11,-0.22,-0.11
2014-02-15 11:55:00,1.7719999999999998,0.0,0,-0.11,-0.22,-0.11
2014-02-15 12:00:00,1.8659999999999999,0.0,0,-0.11,-0.22,-0.11
2014-02-15 12:05:00,1.766,0.0,0,-0.11,-0.22,-0.11
2014-02-15 12:10:00,1.996,0.0,0,-0.11,-0.22,-0.11
2014-02-15 12:15:00,1.8,0.0,0,-0.11,-0.22,-0.11
2014-02-15 12:20:00,1.8559999999999999,0.0,0,-0.11,-0.22,-0.11
2014-02-15 12:25:00,1.704,0.0,0,-0.11,-0.22,-0.11
2014-02-15 12:30:00,1.798,0.0,0,-0.11,-0.22,-0.11
2014-02-15 12:35:00,1.764,0.0,0,-0.11,-0.22,-0.11
2014-02-15 12:40:00,2.092,0.0,0,-0.11,-0.22,-0.11
2014-02-15 12:45:00,1.6980000000000002,0.0,0,-0.11,-0.22,-0.11
2014-02-15 12:50:00,1.806,0.0,0,-0.11,-0.22,-0.11
2014-02-15 12:55:00,1.768,0.0,0,-0.11,-0.22,-0.11
2014-02-15 13:00:00,1.8659999999999999,0.0,0,-0.11,-0.22,-0.11
2014-02-15 13:05:00,1.798,0.0,0,-0.11,-0.22,-0.11
2014-02-15 13:10:00,2.06,0.0,0,-0.11,-0.22,-0.11
2014-02-15 13:15:00,1.77,0.0,0,-0.11,-0.22,-0.11
2014-02-15 13:20:00,1.828,0.0,0,-0.11,-0.22,-0.11
2014-02-15 13:25:00,1.7719999999999998,0.0,0,-0.11,-0.22,-0.11
2014-02-15 13:30:00,1.8,0.0,0,-0.11,-0.22,-0.11
2014-02-15 13:35:00,1.794,0.0,0,-0.11,-0.22,-0.11
2014-02-15 13:40:00,1.976,0.0,0,-0.11,-0.22,-0.11
2014-02-15 13:45:00,1.8259999999999998,0.0,0,-0.11,-0.22,-0.11
2014-02-15 13:50:00,1.736,0.0,0,-0.11,-0.22,-0.11
2014-02-15 13:55:00,1.7919999999999998,0.0,0,-0.11,-0.22,-0.11
2014-02-15 14:00:00,1.8359999999999999,0.0,0,-0.11,-0.22,-0.11
2014-02-15 14:05:00,1.764,0.0,0,-0.11,-0.22,-0.11
2014-02-15 14:10:00,1.994,0.0,0,-0.11,-0.22,-0.11
2014-02-15 14:15:00,1.84,0.0,0,-0.11,-0.22,-0.11
2014-02-15 14:20:00,1.834,0.0,0,-0.11,-0.22,-0.11
2014-02-15 14:25:00,1.798,0.0,0,-0.11,-0.22,-0.11
2014-02-15 14:30:00,1.8259999999999998,0.0,0,-0.11,-0.22,-0.11
2014-02-15 14:35:00,1.7719999999999998,0.0,0,-0.11,-0.22,-0.11
2014-02-15 14:40:00,1.89,0.0,0,-0.11,-0.22,-0.11
2014-02-15 14:45:00,1.8,0.0,0,-0.11,-0.22,-0.11
2014-02-15 14:50:00,1.732,0.0,0,-0.11,-0.22,-0.11
2014-02-15 14:55:00,1.7619999999999998,0.0,0,-0.11,-0.22,-0.11
2014-02-15 15:00:00,1.798,0.0,0,-0.11,-0.22,-0.11
2014-02-15 15:05:00,1.766,0.0,0,-0.11,-0.22,-0.11
2014-02-15 15:10:00,1.976,0.0,0,-0.11,-0.22,-0.11
2014-02-15 15:15:00,1.83,0.0,0,-0.11,-0.22,-0.11
2014-02-15 15:20:00,1.734,0.0,0,-0.11,-0.22,-0.11
2014-02-15 15:25:00,1.798,0.0,0,-0.11,-0.22,-0.11
2014-02-15 15:30:00,1.764,0.0,0,-0.11,-0.22,-0.11
2014-02-15 15:35:00,1.83,0.0,0,-0.11,-0.22,-0.11
2014-02-15 15:40:00,1.93,0.0,0,-0.11,-0.22,-0.11
2014-02-15 15:45:00,1.86,0.0,0,-0.11,-0.22,-0.11
2014-02-15 15:50:00,1.704,0.0,0,-0.11,-0.22,-0.11
2014-02-15 15:55:00,1.798,0.0,0,-0.11,-0.22,-0.11
2014-02-15 16:00:00,1.8319999999999999,0.0,0,-0.11,-0.22,-0.11
2014-02-15 16:05:00,1.798,0.0,0,-0.11,-0.22,-0.11
2014-02-15 16:10:00,1.93,0.0,0,-0.11,-0.22,-0.11
2014-02-15 16:15:00,1.766,0.0,0,-0.11,-0.22,-0.11
2014-02-15 16:20:00,1.726,0.0,0,-0.11,-0.22,-0.11
2014-02-15 16:25:00,1.828,0.0,0,-0.11,-0.22,-0.11
2014-02-15 16:30:00,1.7380000000000002,0.0,0,-0.11,-0.22,-0.11
2014-02-15 16:35:00,1.732,0.0,0,-0.11,-0.22,-0.11
2014-02-15 16:40:00,1.9680000000000002,0.0,0,-0.11,-0.22,-0.11
2014-02-15 16:45:00,1.734,0.0,0,-0.11,-0.22,-0.11
2014-02-15 16:50:00,1.8,0.0,0,-0.11,-0.22,-0.11
2014-02-15 16:55:00,1.79,0.0,0,-0.11,-0.22,-0.11
2014-02-15 17:00:00,1.7380000000000002,0.0,0,-0.11,-0.22,-0.11
2014-02-15 17:05:00,1.86,0.0,0,-0.11,-0.22,-0.11
2014-02-15 17:10:00,1.974,0.0,0,-0.11,-0.22,-0.11
2014-02-15 17:15:00,1.73,0.0,0,-0.11,-0.22,-0.11
2014-02-15 17:20:00,1.8019999999999998,0.0,0,-0.11,-0.22,-0.11
2014-02-15 17:25:00,1.76,0.0,0,-0.11,-0.22,-0.11
2014-02-15 17:30:00,1.8,0.0,0,-0.11,-0.22,-0.11
2014-02-15 17:35:00,1.774,0.0,0,-0.11,-0.22,-0.11
2014-02-15 17:40:00,2.02,0.0,0,-0.11,-0.22,-0.11
2014-02-15 17:45:00,1.736,0.0,0,-0.11,-0.22,-0.11
2014-02-15 17:50:00,1.858,0.0,0,-0.11,-0.22,-0.11
2014-02-15 17:55:00,1.736,0.0,0,-0.11,-0.22,-0.11
2014-02-15 18:00:00,1.8,0.0,0,-0.11,-0.22,-0.11
2014-02-15 18:05:00,1.766,0.0,0,-0.11,-0.22,-0.11
2014-02-15 18:10:00,1.9980000000000002,0.0,0,-0.11,-0.22,-0.11
2014-02-15 18:15:00,1.794,0.0,0,-0.11,-0.22,-0.11
2014-02-15 18:20:00,1.774,0.0,0,-0.11,-0.22,-0.11
2014-02-15 18:25:00,1.8,0.0,0,-0.11,-0.22,-0.11
2014-02-15 18:30:00,1.8319999999999999,0.0,0,-0.11,-0.22,-0.11
2014-02-15 18:35:00,1.732,0.0,0,-0.11,-0.22,-0.11
2014-02-15 18:40:00,2.0340000000000003,0.0,0,-0.11,-0.22,-0.11
2014-02-15 18:45:00,1.732,0.0,0,-0.11,-0.22,-0.11
2014-02-15 18:50:00,1.8,0.0,0,-0.11,-0.22,-0.11
2014-02-15 18:55:00,1.766,0.0,0,-0.11,-0.22,-0.11
2014-02-15 19:00:00,1.7619999999999998,0.0,0,-0.11,-0.22,-0.11
2014-02-15 19:05:00,1.7719999999999998,0.0,0,-0.11,-0.22,-0.11
2014-02-15 19:10:00,1.96,0.0,0,-0.11,-0.22,-0.11
2014-02-15 19:15:00,1.804,0.0,0,-0.11,-0.22,-0.11
2014-02-15 19:20:00,1.89,0.0,0,-0.11,-0.22,-0.11
2014-02-15 19:25:00,1.67,0.0,0,-0.11,-0.22,-0.11
2014-02-15 19:30:00,1.76,0.0,0,-0.11,-0.22,-0.11
2014-02-15 19:35:00,1.774,0.0,0,-0.11,-0.22,-0.11
2014-02-15 19:40:00,1.966,0.0,0,-0.11,-0.22,-0.11
2014-02-15 19:45:00,1.8,0.0,0,-0.11,-0.22,-0.11
2014-02-15 19:50:00,1.7,0.0,0,-0.11,-0.22,-0.11
2014-02-15 19:55:00,1.766,0.0,0,-0.11,-0.22,-0.11
2014-02-15 20:00:00,1.7919999999999998,0.0,0,-0.11,-0.22,-0.11
2014-02-15 20:05:00,1.9,0.0,0,-0.11,-0.22,-0.11
2014-02-15 20:10:00,1.9080000000000001,0.0,0,-0.11,-0.22,-0.11
2014-02-15 20:15:00,1.79,0.0,0,-0.11,-0.22,-0.11
2014-02-15 20:20:00,1.734,0.0,0,-0.11,-0.22,-0.11
2014-02-15 20:25:00,1.798,0.0,0,-0.11,-0.22,-0.11
2014-02-15 20:30:00,1.732,0.0,0,-0.11,-0.22,-0.11
2014-02-15 20:35:00,1.704,0.0,0,-0.11,-0.22,-0.11
2014-02-15 20:40:00,1.966,0.0,0,-0.11,-0.22,-0.11
2014-02-15 20:45:00,1.824,0.0,0,-0.11,-0.22,-0.11
2014-02-15 20:50:00,1.666,0.0,0,-0.11,-0.22,-0.11
2014-02-15 20:55:00,1.7719999999999998,0.0,0,-0.11,-0.22,-0.11
2014-02-15 21:00:00,1.764,0.0,0,-0.11,-0.22,-0.11
2014-02-15 21:05:00,1.798,0.0,0,-0.11,-0.22,-0.11
2014-02-15 21:10:00,1.864,0.0,0,-0.11,-0.22,-0.11
2014-02-15 21:15:00,1.764,0.0,0,-0.11,-0.22,-0.11
2014-02-15 21:20:00,1.766,0.0,0,-0.11,-0.22,-0.11
2014-02-15 21:25:00,1.732,0.0,0,-0.11,-0.22,-0.11
2014-02-15 21:30:00,1.766,0.0,0,-0.11,-0.22,-0.11
2014-02-15 21:35:00,1.892,0.0,0,-0.11,-0.22,-0.11
2014-02-15 21:40:00,1.9,0.0,0,-0.11,-0.22,-0.11
2014-02-15 21:45:00,1.736,0.0,0,-0.11,-0.22,-0.11
2014-02-15 21:50:00,1.796,0.0,0,-0.11,-0.22,-0.11
2014-02-15 21:55:00,1.758,0.0,0,-0.11,-0.22,-0.11
2014-02-15 22:00:00,1.83,0.0,0,-0.11,-0.22,-0.11
2014-02-15 22:05:00,1.77,0.0,0,-0.11,-0.22,-0.11
2014-02-15 22:10:00,1.932,0.0,0,-0.11,-0.22,-0.11
2014-02-15 22:15:00,1.732,0.0,0,-0.11,-0.22,-0.11
2014-02-15 22:20:00,1.834,0.0,0,-0.11,-0.22,-0.11
2014-02-15 22:25:00,1.6980000000000002,0.0,0,-0.11,-0.22,-0.11
2014-02-15 22:30:00,1.798,0.0,0,-0.11,-0.22,-0.11
2014-02-15 22:35:00,1.724,0.0,0,-0.11,-0.22,-0.11
2014-02-15 22:40:00,1.9380000000000002,0.0,0,-0.11,-0.22,-0.11
2014-02-15 22:45:00,1.73,0.0,0,-0.11,-0.22,-0.11
2014-02-15 22:50:00,1.8,0.0,0,-0.11,-0.22,-0.11
2014-02-15 22:55:00,1.732,0.0,0,-0.11,-0.22,-0.11
2014-02-15 23:00:00,1.8,0.0,0,-0.11,-0.22,-0.11
2014-02-15 23:05:00,1.768,0.0,0,-0.11,-0.22,-0.11
2014-02-15 23:10:00,2.03,0.0,0,-0.11,-0.22,-0.11
2014-02-15 23:15:00,1.834,0.0,0,-0.11,-0.22,-0.11
2014-02-15 23:20:00,1.794,0.0,0,-0.11,-0.22,-0.11
2014-02-15 23:25:00,1.74,0.0,0,-0.11,-0.22,-0.11
2014-02-15 23:30:00,1.768,0.0,0,-0.11,-0.22,-0.11
2014-02-15 23:35:00,1.732,0.0,0,-0.11,-0.22,-0.11
2014-02-15 23:40:00,1.9580000000000002,0.0,0,-0.11,-0.22,-0.11
2014-02-15 23:45:00,1.7380000000000002,0.0,0,-0.11,-0.22,-0.11
2014-02-15 23:50:00,1.7,0.0,0,-0.11,-0.22,-0.11
2014-02-15 23:55:00,1.86,0.0,0,-0.11,-0.22,-0.11
2014-02-16 00:00:00,1.67,0.0,0,-0.11,-0.22,-0.11
2014-02-16 00:05:00,1.7919999999999998,0.0,0,-0.11,-0.22,-0.11
2014-02-16 00:10:00,2.002,0.0,0,-0.11,-0.22,-0.11
2014-02-16 00:15:00,1.83,0.0,0,-0.11,-0.22,-0.11
2014-02-16 00:20:00,1.798,0.0,0,-0.11,-0.22,-0.11
2014-02-16 00:25:00,1.736,0.0,0,-0.11,-0.22,-0.11
2014-02-16 00:30:00,1.696,0.0,0,-0.11,-0.22,-0.11
2014-02-16 00:35:00,1.8,0.0,0,-0.11,-0.22,-0.11
2014-02-16 00:40:00,1.932,0.0,0,-0.11,-0.22,-0.11
2014-02-16 00:45:00,1.8,0.0,0,-0.11,-0.22,-0.11
2014-02-16 00:50:00,1.766,0.0,0,-0.11,-0.22,-0.11
2014-02-16 00:55:00,1.8319999999999999,0.0,0,-0.11,-0.22,-0.11
2014-02-16 01:00:00,1.766,0.0,0,-0.11,-0.22,-0.11
2014-02-16 01:05:00,1.864,0.0,0,-0.11,-0.22,-0.11
2014-02-16 01:10:00,2.0,0.0,0,-0.11,-0.22,-0.11
2014-02-16 01:15:00,1.834,0.0,0,-0.11,-0.22,-0.11
2014-02-16 01:20:00,1.798,0.0,0,-0.11,-0.22,-0.11
2014-02-16 01:25:00,1.834,0.0,0,-0.11,-0.22,-0.11
2014-02-16 01:30:00,1.766,0.0,0,-0.11,-0.22,-0.11
2014-02-16 01:35:00,1.892,0.0,0,-0.11,-0.22,-0.11
2014-02-16 01:40:00,1.874,0.0,0,-0.11,-0.22,-0.11
2014-02-16 01:45:00,1.768,0.0,0,-0.11,-0.22,-0.11
2014-02-16 01:50:00,1.794,0.0,0,-0.11,-0.22,-0.11
2014-02-16 01:55:00,1.7719999999999998,0.0,0,-0.11,-0.22,-0.11
2014-02-16 02:00:00,1.8319999999999999,0.0,0,-0.11,-0.22,-0.11
2014-02-16 02:05:00,1.7919999999999998,0.0,0,-0.11,-0.22,-0.11
2014-02-16 02:10:00,2.11,0.0,0,-0.11,-0.22,-0.11
2014-02-16 02:15:00,1.8,0.0,0,-0.11,-0.22,-0.11
2014-02-16 02:20:00,1.798,0.0,0,-0.11,-0.22,-0.11
2014-02-16 02:25:00,1.766,0.0,0,-0.11,-0.22,-0.11
2014-02-16 02:30:00,1.766,0.0,0,-0.11,-0.22,-0.11
2014-02-16 02:35:00,1.7919999999999998,0.0,0,-0.11,-0.22,-0.11
2014-02-16 02:40:00,1.974,0.0,0,-0.11,-0.22,-0.11
2014-02-16 02:45:00,1.758,0.0,0,-0.11,-0.22,-0.11
2014-02-16 02:50:00,1.806,0.0,0,-0.11,-0.22,-0.11
2014-02-16 02:55:00,1.764,0.0,0,-0.11,-0.22,-0.11
2014-02-16 03:00:00,1.8659999999999999,0.0,0,-0.11,-0.22,-0.11
2014-02-16 03:05:00,1.8259999999999998,0.0,0,-0.11,-0.22,-0.11
2014-02-16 03:10:00,1.9380000000000002,0.0,0,-0.11,-0.22,-0.11
2014-02-16 03:15:00,1.766,0.0,0,-0.11,-0.22,-0.11
2014-02-16 03:20:00,1.8,0.0,0,-0.11,-0.22,-0.11
2014-02-16 03:25:00,1.8,0.0,0,-0.11,-0.22,-0.11
2014-02-16 03:30:00,1.9,0.0,0,-0.11,-0.22,-0.11
2014-02-16 03:35:00,1.8019999999999998,0.0,0,-0.11,-0.22,-0.11
2014-02-16 03:40:00,2.57,0.0,0,-0.11,-0.22,-0.11
2014-02-16 03:45:00,1.766,0.0,0,-0.11,-0.22,-0.11
2014-02-16 03:50:00,1.76,0.0,0,-0.11,-0.22,-0.11
2014-02-16 03:55:00,1.7,0.0,0,-0.11,-0.22,-0.11
2014-02-16 04:00:00,1.828,0.0,0,-0.11,-0.22,-0.11
2014-02-16 04:05:00,1.732,0.0,0,-0.11,-0.22,-0.11
2014-02-16 04:10:00,2.09,0.0,0,-0.11,-0.22,-0.11
2014-02-16 04:15:00,1.672,0.0,0,-0.11,-0.22,-0.11
2014-02-16 04:20:00,1.734,0.0,0,-0.11,-0.22,-0.11
2014-02-16 04:25:00,1.766,0.0,0,-0.11,-0.22,-0.11
2014-02-16 04:30:00,1.76,0.0,0,-0.11,-0.22,-0.11
2014-02-16 04:35:00,1.806,0.0,0,-0.11,-0.22,-0.11
2014-02-16 04:40:00,2.028,0.0,0,-0.11,-0.22,-0.11
2014-02-16 04:45:00,1.704,0.0,0,-0.11,-0.22,-0.11
2014-02-16 04:50:00,1.734,0.0,0,-0.11,-0.22,-0.11
2014-02-16 04:55:00,1.798,0.0,0,-0.11,-0.22,-0.11
2014-02-16 05:00:00,1.86,0.0,0,-0.11,-0.22,-0.11
2014-02-16 05:05:00,1.6980000000000002,0.0,0,-0.11,-0.22,-0.11
2014-02-16 05:10:00,1.942,0.0,0,-0.11,-0.22,-0.11
2014-02-16 05:15:00,1.8,0.0,0,-0.11,-0.22,-0.11
2014-02-16 05:20:00,1.766,0.0,0,-0.11,-0.22,-0.11
2014-02-16 05:25:00,1.8,0.0,0,-0.11,-0.22,-0.11
2014-02-16 05:30:00,1.732,0.0,0,-0.11,-0.22,-0.11
2014-02-16 05:35:00,1.798,0.0,0,-0.11,-0.22,-0.11
2014-02-16 05:40:00,1.9,0.0,0,-0.11,-0.22,-0.11
2014-02-16 05:45:00,1.798,0.0,0,-0.11,-0.22,-0.11
2014-02-16 05:50:00,1.734,0.0,0,-0.11,-0.22,-0.11
2014-02-16 05:55:00,1.768,0.0,0,-0.11,-0.22,-0.11
2014-02-16 06:00:00,1.766,0.0,0,-0.11,-0.22,-0.11
2014-02-16 06:05:00,1.8259999999999998,0.0,0,-0.11,-0.22,-0.11
2014-02-16 06:10:00,1.906,0.0,0,-0.11,-0.22,-0.11
2014-02-16 06:15:00,1.8,0.0,0,-0.11,-0.22,-0.11
2014-02-16 06:20:00,1.8259999999999998,0.0,0,-0.11,-0.22,-0.11
2014-02-16 06:25:00,1.67,0.0,0,-0.11,-0.22,-0.11
2014-02-16 06:30:00,1.764,0.0,0,-0.11,-0.22,-0.11
2014-02-16 06:35:00,1.758,0.0,0,-0.11,-0.22,-0.11
2014-02-16 06:40:00,1.942,0.0,0,-0.11,-0.22,-0.11
2014-02-16 06:45:00,1.76,0.0,0,-0.11,-0.22,-0.11
2014-02-16 06:50:00,1.834,0.0,0,-0.11,-0.22,-0.11
2014-02-16 06:55:00,1.734,0.0,0,-0.11,-0.22,-0.11
2014-02-16 07:00:00,1.84,0.0,0,-0.11,-0.22,-0.11
2014-02-16 07:05:00,1.7619999999999998,0.0,0,-0.11,-0.22,-0.11
2014-02-16 07:10:00,2.006,0.0,0,-0.11,-0.22,-0.11
2014-02-16 07:15:00,1.766,0.0,0,-0.11,-0.22,-0.11
2014-02-16 07:20:00,1.8319999999999999,0.0,0,-0.11,-0.22,-0.11
2014-02-16 07:25:00,1.7280000000000002,0.0,0,-0.11,-0.22,-0.11
2014-02-16 07:30:00,1.804,0.0,0,-0.11,-0.22,-0.11
2014-02-16 07:35:00,1.794,0.0,0,-0.11,-0.22,-0.11
2014-02-16 07:40:00,1.972,0.0,0,-0.11,-0.22,-0.11
2014-02-16 07:45:00,1.7,0.0,0,-0.11,-0.22,-0.11
2014-02-16 07:50:00,1.8319999999999999,0.0,0,-0.11,-0.22,-0.11
2014-02-16 07:55:00,1.766,0.0,0,-0.11,-0.22,-0.11
2014-02-16 08:00:00,1.798,0.0,0,-0.11,-0.22,-0.11
2014-02-16 08:05:00,1.766,0.0,0,-0.11,-0.22,-0.11
2014-02-16 08:10:00,2.022,0.0,0,-0.11,-0.22,-0.11
2014-02-16 08:15:00,1.704,0.0,0,-0.11,-0.22,-0.11
2014-02-16 08:20:00,1.766,0.0,0,-0.11,-0.22,-0.11
2014-02-16 08:25:00,1.732,0.0,0,-0.11,-0.22,-0.11
2014-02-16 08:30:00,1.8,0.0,0,-0.11,-0.22,-0.11
2014-02-16 08:35:00,1.76,0.0,0,-0.11,-0.22,-0.11
2014-02-16 08:40:00,2.002,0.0,0,-0.11,-0.22,-0.11
2014-02-16 08:45:00,1.6380000000000001,0.0,0,-0.11,-0.22,-0.11
2014-02-16 08:50:00,1.766,0.0,0,-0.11,-0.22,-0.11
2014-02-16 08:55:00,1.76,0.0,0,-0.11,-0.22,-0.11
2014-02-16 09:00:00,1.7,0.0,0,-0.11,-0.22,-0.11
2014-02-16 09:05:00,1.8,0.0,0,-0.11,-0.22,-0.11
2014-02-16 09:10:00,1.9080000000000001,0.0,0,-0.11,-0.22,-0.11
2014-02-16 09:15:00,1.7619999999999998,0.0,0,-0.11,-0.22,-0.11
2014-02-16 09:20:00,1.7380000000000002,0.0,0,-0.11,-0.22,-0.11
2014-02-16 09:25:00,1.8,0.0,0,-0.11,-0.22,-0.11
2014-02-16 09:30:00,1.7,0.0,0,-0.11,-0.22,-0.11
2014-02-16 09:35:00,1.79,0.0,0,-0.11,-0.22,-0.11
2014-02-16 09:40:00,1.8980000000000001,0.0,0,-0.11,-0.22,-0.11
2014-02-16 09:45:00,1.702,0.0,0,-0.11,-0.22,-0.11
2014-02-16 09:50:00,1.694,0.0,0,-0.11,-0.22,-0.11
2014-02-16 09:55:00,1.7719999999999998,0.0,0,-0.11,-0.22,-0.11
2014-02-16 10:00:00,1.8,0.0,0,-0.11,-0.22,-0.11
2014-02-16 10:05:00,1.7619999999999998,0.0,0,-0.11,-0.22,-0.11
2014-02-16 10:10:00,1.9080000000000001,0.0,0,-0.11,-0.22,-0.11
2014-02-16 10:15:00,1.76,0.0,0,-0.11,-0.22,-0.11
2014-02-16 10:20:00,1.732,0.0,0,-0.11,-0.22,-0.11
2014-02-16 10:25:00,1.7,0.0,0,-0.11,-0.22,-0.11
2014-02-16 10:30:00,1.766,0.0,0,-0.11,-0.22,-0.11
2014-02-16 10:35:00,1.9380000000000002,0.0,0,-0.11,-0.22,-0.11
2014-02-16 10:40:00,1.9,0.0,0,-0.11,-0.22,-0.11
2014-02-16 10:45:00,1.734,0.0,0,-0.11,-0.22,-0.11
2014-02-16 10:50:00,1.7,0.0,0,-0.11,-0.22,-0.11
2014-02-16 10:55:00,1.766,0.0,0,-0.11,-0.22,-0.11
2014-02-16 11:00:00,1.7280000000000002,0.0,0,-0.11,-0.22,-0.11
2014-02-16 11:05:00,1.77,0.0,0,-0.11,-0.22,-0.11
2014-02-16 11:10:00,1.8980000000000001,0.0,0,-0.11,-0.22,-0.11
2014-02-16 11:15:00,1.768,0.0,0,-0.11,-0.22,-0.11
2014-02-16 11:20:00,1.732,0.0,0,-0.11,-0.22,-0.11
2014-02-16 11:25:00,1.8,0.0,0,-0.11,-0.22,-0.11
2014-02-16 11:30:00,1.76,0.0,0,-0.11,-0.22,-0.11
2014-02-16 11:35:00,1.704,0.0,0,-0.11,-0.22,-0.11
2014-02-16 11:40:00,1.964,0.0,0,-0.11,-0.22,-0.11
2014-02-16 11:45:00,1.732,0.0,0,-0.11,-0.22,-0.11
2014-02-16 11:50:00,1.828,0.0,0,-0.11,-0.22,-0.11
2014-02-16 11:55:00,1.6980000000000002,0.0,0,-0.11,-0.22,-0.11
2014-02-16 12:00:00,1.806,0.0,0,-0.11,-0.22,-0.11
2014-02-16 12:05:00,1.732,0.0,0,-0.11,-0.22,-0.11
2014-02-16 12:10:00,1.966,0.0,0,-0.11,-0.22,-0.11
2014-02-16 12:15:00,1.798,0.0,0,-0.11,-0.22,-0.11
2014-02-16 12:20:00,1.834,0.0,0,-0.11,-0.22,-0.11
2014-02-16 12:25:00,1.824,0.0,0,-0.11,-0.22,-0.11
2014-02-16 12:30:00,1.736,0.0,0,-0.11,-0.22,-0.11
2014-02-16 12:35:00,1.76,0.0,0,-0.11,-0.22,-0.11
2014-02-16 12:40:00,1.96,0.0,0,-0.11,-0.22,-0.11
2014-02-16 12:45:00,1.766,0.0,0,-0.11,-0.22,-0.11
2014-02-16 12:50:00,1.8,0.0,0,-0.11,-0.22,-0.11
2014-02-16 12:55:00,1.724,0.0,0,-0.11,-0.22,-0.11
2014-02-16 13:00:00,1.84,0.0,0,-0.11,-0.22,-0.11
2014-02-16 13:05:00,1.798,0.0,0,-0.11,-0.22,-0.11
2014-02-16 13:10:00,2.06,0.0,0,-0.11,-0.22,-0.11
2014-02-16 13:15:00,1.806,0.0,0,-0.11,-0.22,-0.11
2014-02-16 13:20:00,1.8259999999999998,0.0,0,-0.11,-0.22,-0.11
2014-02-16 13:25:00,1.672,0.0,0,-0.11,-0.22,-0.11
2014-02-16 13:30:00,1.766,0.0,0,-0.11,-0.22,-0.11
2014-02-16 13:35:00,1.8,0.0,0,-0.11,-0.22,-0.11
2014-02-16 13:40:00,1.956,0.0,0,-0.11,-0.22,-0.11
2014-02-16 13:45:00,1.7380000000000002,0.0,0,-0.11,-0.22,-0.11
2014-02-16 13:50:00,1.766,0.0,0,-0.11,-0.22,-0.11
2014-02-16 13:55:00,1.766,0.0,0,-0.11,-0.22,-0.11
2014-02-16 14:00:00,1.766,0.0,0,-0.11,-0.22,-0.11
2014-02-16 14:05:00,1.83,0.0,0,-0.11,-0.22,-0.11
2014-02-16 14:10:00,1.966,0.0,0,-0.11,-0.22,-0.11
2014-02-16 14:15:00,1.864,0.0,0,-0.11,-0.22,-0.11
2014-02-16 14:20:00,1.766,0.0,0,-0.11,-0.22,-0.11
2014-02-16 14:25:00,1.8319999999999999,0.0,0,-0.11,-0.22,-0.11
2014-02-16 14:30:00,1.8,0.0,0,-0.11,-0.22,-0.11
2014-02-16 14:35:00,1.8659999999999999,0.0,0,-0.11,-0.22,-0.11
2014-02-16 14:40:00,1.964,0.0,0,-0.11,-0.22,-0.11
2014-02-16 14:45:00,1.798,0.0,0,-0.11,-0.22,-0.11
2014-02-16 14:50:00,1.732,0.0,0,-0.11,-0.22,-0.11
2014-02-16 14:55:00,1.8259999999999998,0.0,0,-0.11,-0.22,-0.11
2014-02-16 15:00:00,1.83,0.0,0,-0.11,-0.22,-0.11
2014-02-16 15:05:00,1.8259999999999998,0.0,0,-0.11,-0.22,-0.11
2014-02-16 15:10:00,1.942,0.0,0,-0.11,-0.22,-0.11
2014-02-16 15:15:00,1.794,0.0,0,-0.11,-0.22,-0.11
2014-02-16 15:20:00,1.766,0.0,0,-0.11,-0.22,-0.11
2014-02-16 15:25:00,1.7719999999999998,0.0,0,-0.11,-0.22,-0.11
2014-02-16 15:30:00,1.7280000000000002,0.0,0,-0.11,-0.22,-0.11
2014-02-16 15:35:00,1.74,0.0,0,-0.11,-0.22,-0.11
2014-02-16 15:40:00,1.926,0.0,0,-0.11,-0.22,-0.11
2014-02-16 15:45:00,1.706,0.0,0,-0.11,-0.22,-0.11
2014-02-16 15:50:00,1.766,0.0,0,-0.11,-0.22,-0.11
2014-02-16 15:55:00,1.724,0.0,0,-0.11,-0.22,-0.11
2014-02-16 16:00:00,1.7380000000000002,0.0,0,-0.11,-0.22,-0.11
2014-02-16 16:05:00,1.732,0.0,0,-0.11,-0.22,-0.11
2014-02-16 16:10:00,2.09,0.0,0,-0.11,-0.22,-0.11
2014-02-16 16:15:00,1.6980000000000002,0.0,0,-0.11,-0.22,-0.11
2014-02-16 16:20:00,1.74,0.0,0,-0.11,-0.22,-0.11
2014-02-16 16:25:00,1.73,0.0,0,-0.11,-0.22,-0.11
2014-02-16 16:30:00,1.6980000000000002,0.0,0,-0.11,-0.22,-0.11
2014-02-16 16:35:00,1.758,0.0,0,-0.11,-0.22,-0.11
2014-02-16 16:40:00,1.94,0.0,0,-0.11,-0.22,-0.11
2014-02-16 16:45:00,1.7,0.0,0,-0.11,-0.22,-0.11
2014-02-16 16:50:00,1.756,0.2708687338189191,0,-0.11,-0.22,-0.11
2014-02-16 16:55:00,1.7,0.3317905610614667,0,-0.11,-0.22,-0.11
2014-02-16 17:00:00,1.768,0.2586617217722731,0,-0.11,-0.22,-0.11
2014-02-16 17:05:00,1.808,0.22442751621539814,0,-0.11,-0.22,-0.11
2014-02-16 17:10:00,2.062,0.5167923230052512,0,-0.11,-0.22,-0.11
2014-02-16 17:15:00,1.636,0.40616503869324455,0,-0.11,-0.22,-0.11
2014-02-16 17:20:00,1.7919999999999998,0.23534679652583804,0,-0.11,-0.22,-0.11
2014-02-16 17:25:00,1.672,0.3619020960448662,0,-0.11,-0.22,-0.11
2014-02-16 17:30:00,1.7919999999999998,0.23504840660230905,0,-0.11,-0.22,-0.11
2014-02-16 17:35:00,1.67,0.36349395395562784,0,-0.11,-0.22,-0.11
2014-02-16 17:40:00,1.994,0.4261909059215767,0,-0.11,-0.22,-0.11
2014-02-16 17:45:00,1.766,0.2595044127411722,0,-0.11,-0.22,-0.11
2014-02-16 17:50:00,1.774,0.25193212780735325,0,-0.11,-0.22,-0.11
2014-02-16 17:55:00,1.726,0.3002434803930011,0,-0.11,-0.22,-0.11
2014-02-16 18:00:00,1.8,0.2276991895655676,0,-0.11,-0.22,-0.11
2014-02-16 18:05:00,1.7619999999999998,0.2634280622823852,0,-0.11,-0.22,-0.11
2014-02-16 18:10:00,1.974,0.4016714812097871,0,-0.11,-0.22,-0.11
2014-02-16 18:15:00,1.8319999999999999,0.24669589478621906,0,-0.11,-0.22,-0.11
2014-02-16 18:20:00,1.766,0.2595773384265327,0,-0.11,-0.22,-0.11
2014-02-16 18:25:00,1.766,0.25945030151458576,0,-0.11,-0.22,-0.11
2014-02-16 18:30:00,1.76,0.26534730702239184,0,-0.11,-0.22,-0.11
2014-02-16 18:35:00,1.7719999999999998,0.25354509946692083,0,-0.11,-0.22,-0.11
2014-02-16 18:40:00,1.9340000000000002,0.35411230826782725,0,-0.11,-0.22,-0.11
2014-02-16 18:45:00,1.798,0.22924813056640345,0,-0.11,-0.22,-0.11
2014-02-16 18:50:00,1.76,0.26537831125619044,0,-0.11,-0.22,-0.11
2014-02-16 18:55:00,1.806,0.22336420936939014,0,-0.11,-0.22,-0.11
2014-02-16 19:00:00,1.766,0.2594170462827321,0,-0.11,-0.22,-0.11
2014-02-16 19:05:00,1.798,0.229258131393206,0,-0.11,-0.22,-0.11
2014-02-16 19:10:00,1.964,0.39104597399984026,0,-0.11,-0.22,-0.11
2014-02-16 19:15:00,1.8,0.2274695602923011,0,-0.11,-0.22,-0.11
2014-02-16 19:20:00,1.834,0.2489935380102833,0,-0.11,-0.22,-0.11
2014-02-16 19:25:00,1.794,0.23309449383026776,0,-0.11,-0.22,-0.11
2014-02-16 19:30:00,1.704,0.3247872643891694,0,-0.11,-0.22,-0.11
2014-02-16 19:35:00,1.734,0.2915867820247681,0,-0.11,-0.22,-0.11
2014-02-16 19:40:00,1.9580000000000002,0.3842885064634327,0,-0.11,-0.22,-0.11
2014-02-16 19:45:00,1.734,0.2917083510279435,0,-0.11,-0.22,-0.11
2014-02-16 19:50:00,1.7280000000000002,0.29810647179307226,0,-0.11,-0.22,-0.11
2014-02-16 19:55:00,1.7719999999999998,0.2529393285324278,0,-0.11,-0.22,-0.11
2014-02-16 20:00:00,1.732,0.2935323734938089,0,-0.11,-0.22,-0.11
2014-02-16 20:05:00,1.858,0.2735078829005413,0,-0.11,-0.22,-0.11
2014-02-16 20:10:00,1.9,0.3178175702209185,0,-0.11,-0.22,-0.11
2014-02-16 20:15:00,1.7380000000000002,0.28731464102680204,0,-0.11,-0.22,-0.11
2014-02-16 20:20:00,1.798,0.22845959354011386,0,-0.11,-0.22,-0.11
2014-02-16 20:25:00,1.8,0.22638944639723066,0,-0.11,-0.22,-0.11
2014-02-16 20:30:00,1.732,0.29383495324093045,0,-0.11,-0.22,-0.11
2014-02-16 20:35:00,1.766,0.25878988598974023,0,-0.11,-0.22,-0.11
2014-02-16 20:40:00,1.9680000000000002,0.3990308177999731,0,-0.11,-0.22,-0.11
2014-02-16 20:45:00,1.7919999999999998,0.2339732909102921,0,-0.11,-0.22,-0.11
2014-02-16 20:50:00,1.7719999999999998,0.2528662548513067,0,-0.11,-0.22,-0.11
2014-02-16 20:55:00,1.766,0.25903797430224473,0,-0.11,-0.22,-0.11
2014-02-16 21:00:00,1.8980000000000001,0.3165669128631091,0,-0.11,-0.22,-0.11
2014-02-16 21:05:00,1.7280000000000002,0.2985615668930142,0,-0.11,-0.22,-0.11
2014-02-16 21:10:00,2.01,0.4519070263954408,0,-0.11,-0.22,-0.11
2014-02-16 21:15:00,1.768,0.25695207509055035,0,-0.11,-0.22,-0.11
2014-02-16 21:20:00,1.8659999999999999,0.2815798497918657,0,-0.11,-0.22,-0.11
2014-02-16 21:25:00,1.7919999999999998,0.2345614853648263,0,-0.11,-0.22,-0.11
2014-02-16 21:30:00,1.7719999999999998,0.2534014006760581,0,-0.11,-0.22,-0.11
2014-02-16 21:35:00,1.734,0.29208802606848416,0,-0.11,-0.22,-0.11
2014-02-16 21:40:00,2.026,0.4700860781085705,0,-0.11,-0.22,-0.11
2014-02-16 21:45:00,1.704,0.3248020251024666,0,-0.11,-0.22,-0.11
2014-02-16 21:50:00,1.798,0.2290828250258379,0,-0.11,-0.22,-0.11
2014-02-16 21:55:00,1.734,0.2923391075467168,0,-0.11,-0.22,-0.11
2014-02-16 22:00:00,1.86,0.2745684057024938,0,-0.11,-0.22,-0.11
2014-02-16 22:05:00,1.84,0.25438174672767144,0,-0.11,-0.22,-0.11
2014-02-16 22:10:00,1.9680000000000002,0.3958723295981469,0,-0.11,-0.22,-0.11
2014-02-16 22:15:00,1.6980000000000002,0.33194849199515986,0,-0.11,-0.22,-0.11
2014-02-16 22:20:00,1.8319999999999999,0.2463157024096712,0,-0.11,-0.22,-0.11
2014-02-16 22:25:00,1.764,0.2620553180468193,0,-0.11,-0.22,-0.11
2014-02-16 22:30:00,1.824,0.2385665166051356,0,-0.11,-0.22,-0.11
2014-02-16 22:35:00,1.704,0.3254757007512779,0,-0.11,-0.22,-0.11
2014-02-16 22:40:00,2.024,0.4643972604691627,0,-0.11,-0.22,-0.11
2014-02-16 22:45:00,1.7619999999999998,0.2638357668491761,0,-0.11,-0.22,-0.11
2014-02-16 22:50:00,1.7719999999999998,0.25425362031467696,0,-0.11,-0.22,-0.11
2014-02-16 22:55:00,1.7619999999999998,0.26385639884618584,0,-0.11,-0.22,-0.11
2014-02-16 23:00:00,1.806,0.2230439799030764,0,-0.11,-0.22,-0.11
2014-02-16 23:05:00,1.8,0.2282652743162904,0,-0.11,-0.22,-0.11
2014-02-16 23:10:00,1.964,0.3883192423818896,0,-0.11,-0.22,-0.11
2014-02-16 23:15:00,1.892,0.30595585192105484,0,-0.11,-0.22,-0.11
2014-02-16 23:20:00,1.806,0.22362039385367669,0,-0.11,-0.22,-0.11
2014-02-16 23:25:00,1.8,0.2288316391289741,0,-0.11,-0.22,-0.11
2014-02-16 23:30:00,1.766,0.2608760433966554,0,-0.11,-0.22,-0.11
2014-02-16 23:35:00,1.864,0.2762409832884269,0,-0.11,-0.22,-0.11
2014-02-16 23:40:00,1.9980000000000002,0.428404297955164,0,-0.11,-0.22,-0.11
2014-02-16 23:45:00,1.8,0.2296269184437099,0,-0.11,-0.22,-0.11
2014-02-16 23:50:00,1.834,0.2461211745448018,0,-0.11,-0.22,-0.11
2014-02-16 23:55:00,1.794,0.2353412215993337,0,-0.11,-0.22,-0.11
2014-02-17 00:00:00,1.764,0.2638744442337262,0,-0.11,-0.22,-0.11
2014-02-17 00:05:00,1.8659999999999999,0.2770876905333504,0,-0.11,-0.22,-0.11
2014-02-17 00:10:00,1.992,0.4193657812832753,0,-0.11,-0.22,-0.11
2014-02-17 00:15:00,1.732,0.2966498552177501,0,-0.11,-0.22,-0.11
2014-02-17 00:20:00,1.672,0.36301373377199625,0,-0.11,-0.22,-0.11
2014-02-17 00:25:00,1.796,0.23310644562618,0,-0.11,-0.22,-0.11
2014-02-17 00:30:00,1.7,0.33045667382495925,0,-0.11,-0.22,-0.11
2014-02-17 00:35:00,1.798,0.2312670217145709,0,-0.11,-0.22,-0.11
2014-02-17 00:40:00,1.964,0.3860077784182075,0,-0.11,-0.22,-0.11
2014-02-17 00:45:00,1.766,0.2613716186706425,0,-0.11,-0.22,-0.11
2014-02-17 00:50:00,1.732,0.2958722379711724,0,-0.11,-0.22,-0.11
2014-02-17 00:55:00,1.794,0.2352895109595307,0,-0.11,-0.22,-0.11
2014-02-17 01:00:00,1.766,0.2614317955769329,0,-0.11,-0.22,-0.11
2014-02-17 01:05:00,1.7719999999999998,0.25604089574222777,0,-0.11,-0.22,-0.11
2014-02-17 01:10:00,1.964,0.3865264477723061,0,-0.11,-0.22,-0.11
2014-02-17 01:15:00,1.7919999999999998,0.23710356385362105,0,-0.11,-0.22,-0.11
2014-02-17 01:20:00,1.706,0.3244685683642617,0,-0.11,-0.22,-0.11
2014-02-17 01:25:00,1.8259999999999998,0.2392144555179108,0,-0.11,-0.22,-0.11
2014-02-17 01:30:00,1.706,0.3243557088494833,0,-0.11,-0.22,-0.11
2014-02-17 01:35:00,1.732,0.2962554303058919,0,-0.11,-0.22,-0.11
2014-02-17 01:40:00,2.066,0.5143041397712981,0,-0.11,-0.22,-0.11
2014-02-17 01:45:00,1.8,0.2298801039261968,0,-0.11,-0.22,-0.11
2014-02-17 01:50:00,1.824,0.23674910040749186,0,-0.11,-0.22,-0.11
2014-02-17 01:55:00,1.77,0.2577997003598672,0,-0.11,-0.22,-0.11
2014-02-17 02:00:00,1.8319999999999999,0.2440938922138872,0,-0.11,-0.22,-0.11
2014-02-17 02:05:00,1.858,0.2687562922538898,0,-0.11,-0.22,-0.11
2014-02-17 02:10:00,2.0,0.4284942459423889,0,-0.11,-0.22,-0.11
2014-02-17 02:15:00,1.7719999999999998,0.25588289944482184,0,-0.11,-0.22,-0.11
2014-02-17 02:20:00,1.8,0.2298645783704116,0,-0.11,-0.22,-0.11
2014-02-17 02:25:00,1.7919999999999998,0.2370560937306153,0,-0.11,-0.22,-0.11
2014-02-17 02:30:00,1.768,0.2593955200662265,0,-0.11,-0.22,-0.11
2014-02-17 02:35:00,1.766,0.2613364095278172,0,-0.11,-0.22,-0.11
2014-02-17 02:40:00,1.992,0.4198110239012428,0,-0.11,-0.22,-0.11
2014-02-17 02:45:00,1.766,0.2611461046089301,0,-0.11,-0.22,-0.11
2014-02-17 02:50:00,1.7719999999999998,0.2553925250500758,0,-0.11,-0.22,-0.11
2014-02-17 02:55:00,1.766,0.2610604398533802,0,-0.11,-0.22,-0.11
2014-02-17 03:00:00,1.8319999999999999,0.2442448457337464,0,-0.11,-0.22,-0.11
2014-02-17 03:05:00,1.766,0.2610380138161445,0,-0.11,-0.22,-0.11
2014-02-17 03:10:00,2.032,0.4676012211647608,0,-0.11,-0.22,-0.11
2014-02-17 03:15:00,1.798,0.2311313803675831,0,-0.11,-0.22,-0.11
2014-02-17 03:20:00,1.8,0.2293420134049773,0,-0.11,-0.22,-0.11
2014-02-17 03:25:00,1.834,0.2465797871963756,0,-0.11,-0.22,-0.11
2014-02-17 03:30:00,1.868,0.27949687635240283,0,-0.11,-0.22,-0.11
2014-02-17 03:35:00,1.758,0.2693618256979789,0,-0.11,-0.22,-0.11
2014-02-17 03:40:00,1.976,0.4000633049649331,0,-0.11,-0.22,-0.11
2014-02-17 03:45:00,2.432,0.8684733889903029,0,-0.11,-0.22,-0.11
2014-02-17 03:50:00,1.8,0.23121439471075825,0,-0.11,-0.22,-0.11
2014-02-17 03:55:00,1.8319999999999999,0.24102481386178304,0,-0.11,-0.22,-0.11
2014-02-17 04:00:00,1.83,0.2391075123740829,0,-0.11,-0.22,-0.11
2014-02-17 04:05:00,1.8659999999999999,0.27158971627665296,0,-0.11,-0.22,-0.11
2014-02-17 04:10:00,2.094,0.5228430917801945,0,-0.11,-0.22,-0.11
2014-02-17 04:15:00,1.828,0.2367962955432869,0,-0.11,-0.22,-0.11
2014-02-17 04:20:00,1.7719999999999998,0.2561264401563221,0,-0.11,-0.22,-0.11
2014-02-17 04:25:00,1.766,0.26142926270804845,0,-0.11,-0.22,-0.11
2014-02-17 04:30:00,1.8,0.23174977906124625,0,-0.11,-0.22,-0.11
2014-02-17 04:35:00,1.796,0.234836971799741,0,-0.11,-0.22,-0.11
2014-02-17 04:40:00,1.9340000000000002,0.3381944857412223,0,-0.11,-0.22,-0.11
2014-02-17 04:45:00,1.8940000000000001,0.30763806872182553,0,-0.11,-0.22,-0.11
2014-02-17 04:50:00,1.766,0.2631440802088104,0,-0.11,-0.22,-0.11
2014-02-17 04:55:00,1.83,0.2419271273646221,0,-0.11,-0.22,-0.11
2014-02-17 05:00:00,1.7380000000000002,0.29256135204204825,0,-0.11,-0.22,-0.11
2014-02-17 05:05:00,1.9,0.3136294831045942,0,-0.11,-0.22,-0.11
2014-02-17 05:10:00,2.028,0.4677552622120527,0,-0.11,-0.22,-0.11
2014-02-17 05:15:00,1.806,0.2258070369290492,0,-0.11,-0.22,-0.11
2014-02-17 05:20:00,1.766,0.2645216181630835,0,-0.11,-0.22,-0.11
2014-02-17 05:25:00,1.794,0.23739647864977484,0,-0.11,-0.22,-0.11
2014-02-17 05:30:00,1.806,0.2264073412619574,0,-0.11,-0.22,-0.11
2014-02-17 05:35:00,1.734,0.2984969214763197,0,-0.11,-0.22,-0.11
2014-02-17 05:40:00,1.896,0.3090609847601212,0,-0.11,-0.22,-0.11
2014-02-17 05:45:00,1.8,0.2314747851213845,0,-0.11,-0.22,-0.11
2014-02-17 05:50:00,1.73,0.3031877745860073,0,-0.11,-0.22,-0.11
2014-02-17 05:55:00,1.73,0.3031630189020145,0,-0.11,-0.22,-0.11
2014-02-17 06:00:00,1.8,0.23155597812940426,0,-0.11,-0.22,-0.11
2014-02-17 06:05:00,1.766,0.2644613020953213,0,-0.11,-0.22,-0.11
2014-02-17 06:10:00,1.996,0.43178283006696666,0,-0.11,-0.22,-0.11
2014-02-17 06:15:00,1.794,0.23736293009138576,0,-0.11,-0.22,-0.11
2014-02-17 06:20:00,1.798,0.2335856680533496,0,-0.11,-0.22,-0.11
2014-02-17 06:25:00,1.796,0.2355639343829902,0,-0.11,-0.22,-0.11
2014-02-17 06:30:00,1.7380000000000002,0.2943311242935744,0,-0.11,-0.22,-0.11
2014-02-17 06:35:00,1.764,0.2669742098925712,0,-0.11,-0.22,-0.11
2014-02-17 06:40:00,2.056,0.5086948146450571,0,-0.11,-0.22,-0.11
2014-02-17 06:45:00,1.7,0.33640615614311964,0,-0.11,-0.22,-0.11
2014-02-17 06:50:00,1.838,0.2486656765144341,0,-0.11,-0.22,-0.11
2014-02-17 06:55:00,1.794,0.2376914629648936,0,-0.11,-0.22,-0.11
2014-02-17 07:00:00,1.8,0.2322053628730724,0,-0.11,-0.22,-0.11
2014-02-17 07:05:00,1.7719999999999998,0.2591070850572381,0,-0.11,-0.22,-0.11
2014-02-17 07:10:00,2.03,0.4711405438075369,0,-0.11,-0.22,-0.11
2014-02-17 07:15:00,1.766,0.26501798720716,0,-0.11,-0.22,-0.11
2014-02-17 07:20:00,1.834,0.2440629831224071,0,-0.11,-0.22,-0.11
2014-02-17 07:25:00,1.766,0.2649141696148085,0,-0.11,-0.22,-0.11
2014-02-17 07:30:00,1.86,0.2692985833470678,0,-0.11,-0.22,-0.11
2014-02-17 07:35:00,1.7719999999999998,0.2597167082640366,0,-0.11,-0.22,-0.11
2014-02-17 07:40:00,1.992,0.4204851407853232,0,-0.11,-0.22,-0.11
2014-02-17 07:45:00,1.806,0.2277022956719433,0,-0.11,-0.22,-0.11
2014-02-17 07:50:00,1.8,0.23330790167468204,0,-0.11,-0.22,-0.11
2014-02-17 07:55:00,1.828,0.237590877658469,0,-0.11,-0.22,-0.11
2014-02-17 08:00:00,1.806,0.2280296055868778,0,-0.11,-0.22,-0.11
2014-02-17 08:05:00,1.766,0.2661123131578241,0,-0.11,-0.22,-0.11
2014-02-17 08:10:00,1.992,0.4197347009757079,0,-0.11,-0.22,-0.11
2014-02-17 08:15:00,1.8259999999999998,0.2356098378525498,0,-0.11,-0.22,-0.11
2014-02-17 08:20:00,1.74,0.293293560629457,0,-0.11,-0.22,-0.11
2014-02-17 08:25:00,1.834,0.2431941200209117,0,-0.11,-0.22,-0.11
2014-02-17 08:30:00,1.734,0.2998123798980167,0,-0.11,-0.22,-0.11
2014-02-17 08:35:00,1.834,0.2430825302121471,0,-0.11,-0.22,-0.11
2014-02-17 08:40:00,2.0,0.4297719751931277,0,-0.11,-0.22,-0.11
2014-02-17 08:45:00,1.79,0.2428948029186492,0,-0.11,-0.22,-0.11
2014-02-17 08:50:00,1.766,0.2666663462483245,0,-0.11,-0.22,-0.11
2014-02-17 08:55:00,1.7719999999999998,0.2604425486196453,0,-0.11,-0.22,-0.11
2014-02-17 09:00:00,1.732,0.3020021682665111,0,-0.11,-0.22,-0.11
2014-02-17 09:05:00,1.76,0.2722490194092349,0,-0.11,-0.22,-0.11
2014-02-17 09:10:00,1.9340000000000002,0.3491867137670069,0,-0.11,-0.22,-0.11
2014-02-17 09:15:00,1.8,0.2332428593419035,0,-0.11,-0.22,-0.11
2014-02-17 09:20:00,1.732,0.30229453048420696,0,-0.11,-0.22,-0.11
2014-02-17 09:25:00,1.864,0.2728732948495418,0,-0.11,-0.22,-0.11
2014-02-17 09:30:00,1.704,0.33406527085857585,0,-0.11,-0.22,-0.11
2014-02-17 09:35:00,1.8,0.2335434777708355,0,-0.11,-0.22,-0.11
2014-02-17 09:40:00,1.994,0.4231100812972803,0,-0.11,-0.22,-0.11
2014-02-17 09:45:00,1.736,0.2979726421794241,0,-0.11,-0.22,-0.11
2014-02-17 09:50:00,1.73,0.3052557536143887,0,-0.11,-0.22,-0.11
2014-02-17 09:55:00,1.824,0.23343894108011776,0,-0.11,-0.22,-0.11
2014-02-17 10:00:00,1.7380000000000002,0.2965908433050404,0,-0.11,-0.22,-0.11
2014-02-17 10:05:00,1.732,0.3033802313236566,0,-0.11,-0.22,-0.11
2014-02-17 10:10:00,1.994,0.4238189745845776,0,-0.11,-0.22,-0.11
2014-02-17 10:15:00,1.8319999999999999,0.2405011121730909,0,-0.11,-0.22,-0.11
2014-02-17 10:20:00,1.6980000000000002,0.3416338163891735,0,-0.11,-0.22,-0.11
2014-02-17 10:25:00,1.86,0.2677709684309137,0,-0.11,-0.22,-0.11
2014-02-17 10:30:00,1.63,0.42416716334825816,0,-0.11,-0.22,-0.11
2014-02-17 10:35:00,1.74,0.29399270009191897,0,-0.11,-0.22,-0.11
2014-02-17 10:40:00,1.966,0.3866491725795597,0,-0.11,-0.22,-0.11
2014-02-17 10:45:00,1.726,0.30887093701356816,0,-0.11,-0.22,-0.11
2014-02-17 10:50:00,1.806,0.22883728995804625,0,-0.11,-0.22,-0.11
2014-02-17 10:55:00,1.7280000000000002,0.3074901584726337,0,-0.11,-0.22,-0.11
2014-02-17 11:00:00,1.8,0.2345392483168694,0,-0.11,-0.22,-0.11
2014-02-17 11:05:00,1.74,0.2942786553747779,0,-0.11,-0.22,-0.11
2014-02-17 11:10:00,1.99,0.4154793567284149,0,-0.11,-0.22,-0.11
2014-02-17 11:15:00,1.7719999999999998,0.2613535511915556,0,-0.11,-0.22,-0.11
2014-02-17 11:20:00,1.8,0.2347093669582317,0,-0.11,-0.22,-0.11
2014-02-17 11:25:00,1.766,0.2676500598417643,0,-0.11,-0.22,-0.11
2014-02-17 11:30:00,1.8,0.2351578689880007,0,-0.11,-0.22,-0.11
2014-02-17 11:35:00,1.766,0.26809220848101484,0,-0.11,-0.22,-0.11
2014-02-17 11:40:00,2.0340000000000003,0.4713378039269016,0,-0.11,-0.22,-0.11
2014-02-17 11:45:00,1.8,0.235088502462436,0,-0.11,-0.22,-0.11
2014-02-17 11:50:00,1.828,0.2353657481384929,0,-0.11,-0.22,-0.11
2014-02-17 11:55:00,1.7719999999999998,0.26254463499275466,0,-0.11,-0.22,-0.11
2014-02-17 12:00:00,1.8619999999999999,0.2677336772366923,0,-0.11,-0.22,-0.11
2014-02-17 12:05:00,1.794,0.24176843593732256,0,-0.11,-0.22,-0.11
2014-02-17 12:10:00,1.976,0.3956342010912433,0,-0.11,-0.22,-0.11
2014-02-17 12:15:00,1.798,0.2382951132190859,0,-0.11,-0.22,-0.11
2014-02-17 12:20:00,1.834,0.2396959945760703,0,-0.11,-0.22,-0.11
2014-02-17 12:25:00,1.7919999999999998,0.2443571067867966,0,-0.11,-0.22,-0.11
2014-02-17 12:30:00,1.74,0.2967544675180375,0,-0.11,-0.22,-0.11
2014-02-17 12:35:00,1.7619999999999998,0.2737010739888056,0,-0.11,-0.22,-0.11
2014-02-17 12:40:00,2.0,0.4242635932295619,0,-0.11,-0.22,-0.11
2014-02-17 12:45:00,1.7719999999999998,0.26393823644629844,0,-0.11,-0.22,-0.11
2014-02-17 12:50:00,1.8,0.23719856814653184,0,-0.11,-0.22,-0.11
2014-02-17 12:55:00,1.798,0.2389693988889642,0,-0.11,-0.22,-0.11
2014-02-17 13:00:00,1.766,0.2704872553332841,0,-0.11,-0.22,-0.11
2014-02-17 13:05:00,1.764,0.2723596367008975,0,-0.11,-0.22,-0.11
2014-02-17 13:10:00,2.024,0.454369875865397,0,-0.11,-0.22,-0.11
2014-02-17 13:15:00,1.77,0.2664693403716757,0,-0.11,-0.22,-0.11
2014-02-17 13:20:00,1.76,0.2764745092091977,0,-0.11,-0.22,-0.11
2014-02-17 13:25:00,1.766,0.2701044574036428,0,-0.11,-0.22,-0.11
2014-02-17 13:30:00,1.7380000000000002,0.2989897580327349,0,-0.11,-0.22,-0.11
2014-02-17 13:35:00,1.9240000000000002,0.3323758767667743,0,-0.11,-0.22,-0.11
2014-02-17 13:40:00,1.8359999999999999,0.24047244975793586,0,-0.11,-0.22,-0.11
2014-02-17 13:45:00,1.892,0.2971588888354944,0,-0.11,-0.22,-0.11
2014-02-17 13:50:00,1.666,0.3822168509407298,0,-0.11,-0.22,-0.11
2014-02-17 13:55:00,1.83,0.2353172444841339,0,-0.11,-0.22,-0.11
2014-02-17 14:00:00,1.83,0.2350113248467795,0,-0.11,-0.22,-0.11
2014-02-17 14:05:00,1.702,0.3392979601814985,0,-0.11,-0.22,-0.11
2014-02-17 14:10:00,2.06,0.4982850248709204,0,-0.11,-0.22,-0.11
2014-02-17 14:15:00,1.672,0.3736697076452963,0,-0.11,-0.22,-0.11
2014-02-17 14:20:00,1.86,0.2641964592685376,0,-0.11,-0.22,-0.11
2014-02-17 14:25:00,1.672,0.3726119135880517,0,-0.11,-0.22,-0.11
2014-02-17 14:30:00,1.766,0.2693239714359777,0,-0.11,-0.22,-0.11
2014-02-17 14:35:00,1.8,0.2367471002018531,0,-0.11,-0.22,-0.11
2014-02-17 14:40:00,1.932,0.3408440870162576,0,-0.11,-0.22,-0.11
2014-02-17 14:45:00,1.794,0.2422398811465453,0,-0.11,-0.22,-0.11
2014-02-17 14:50:00,1.7719999999999998,0.26356633380224265,0,-0.11,-0.22,-0.11
2014-02-17 14:55:00,1.764,0.2715630212631628,0,-0.11,-0.22,-0.11
2014-02-17 15:00:00,1.89,0.2947344040825055,0,-0.11,-0.22,-0.11
2014-02-17 15:05:00,1.7380000000000002,0.2988805958811572,0,-0.11,-0.22,-0.11
2014-02-17 15:10:00,1.992,0.4119991440827264,0,-0.11,-0.22,-0.11
2014-02-17 15:15:00,1.766,0.2695918602667443,0,-0.11,-0.22,-0.11
2014-02-17 15:20:00,1.864,0.2680027882942044,0,-0.11,-0.22,-0.11
2014-02-17 15:25:00,1.732,0.3048498525434992,0,-0.11,-0.22,-0.11
2014-02-17 15:30:00,1.8,0.2366992544686284,0,-0.11,-0.22,-0.11
2014-02-17 15:35:00,1.766,0.2692019567551818,0,-0.11,-0.22,-0.11
2014-02-17 15:40:00,1.994,0.4146056960945808,0,-0.11,-0.22,-0.11
2014-02-17 15:45:00,1.7,0.3392629288140411,0,-0.11,-0.22,-0.11
2014-02-17 15:50:00,1.8,0.23613415139231864,0,-0.11,-0.22,-0.11
2014-02-17 15:55:00,1.732,0.3037875034673184,0,-0.11,-0.22,-0.11
2014-02-17 16:00:00,1.794,0.24155692774869394,0,-0.11,-0.22,-0.11
2014-02-17 16:05:00,1.7,0.3383650797283686,0,-0.11,-0.22,-0.11
2014-02-17 16:10:00,2.0980000000000003,0.5442020406363108,0,-0.11,-0.22,-0.11
2014-02-17 16:15:00,1.706,0.33017370086604697,0,-0.11,-0.22,-0.11
2014-02-17 16:20:00,1.834,0.2397766034323392,0,-0.11,-0.22,-0.11
2014-02-17 16:25:00,1.766,0.2675874129925734,0,-0.11,-0.22,-0.11
2014-02-17 16:30:00,1.76,0.27344983669517897,0,-0.11,-0.22,-0.11
2014-02-17 16:35:00,1.706,0.3300885606368601,0,-0.11,-0.22,-0.11
2014-02-17 16:40:00,2.026,0.4500134897979604,0,-0.11,-0.22,-0.11
2014-02-17 16:45:00,1.734,0.29973938029141906,0,-0.11,-0.22,-0.11
2014-02-17 16:50:00,1.74,0.29371304236860063,0,-0.11,-0.22,-0.11
2014-02-17 16:55:00,1.766,0.26763905390834,0,-0.11,-0.22,-0.11
2014-02-17 17:00:00,1.86,0.263289436292049,0,-0.11,-0.22,-0.11
2014-02-17 17:05:00,1.766,0.26824782239924105,0,-0.11,-0.22,-0.11
2014-02-17 17:10:00,2.04,0.4653416038333997,0,-0.11,-0.22,-0.11
2014-02-17 17:15:00,1.766,0.2684306639721,0,-0.11,-0.22,-0.11
2014-02-17 17:20:00,1.8,0.2367521045149968,0,-0.11,-0.22,-0.11
2014-02-17 17:25:00,1.766,0.2689856612747321,0,-0.11,-0.22,-0.11
2014-02-17 17:30:00,1.834,0.238430134304408,0,-0.11,-0.22,-0.11
2014-02-17 17:35:00,1.734,0.3024012092118681,0,-0.11,-0.22,-0.11
2014-02-17 17:40:00,1.966,0.3769718996833194,0,-0.11,-0.22,-0.11
2014-02-17 17:45:00,1.828,0.23262483987472746,0,-0.11,-0.22,-0.11
2014-02-17 17:50:00,1.734,0.30290423553071394,0,-0.11,-0.22,-0.11
2014-02-17 17:55:00,1.834,0.23772797031655696,0,-0.11,-0.22,-0.11
2014-02-17 18:00:00,1.734,0.3034521547030601,0,-0.11,-0.22,-0.11
2014-02-17 18:05:00,1.766,0.2704634846409535,0,-0.11,-0.22,-0.11
2014-02-17 18:10:00,1.94,0.3464429225226579,0,-0.11,-0.22,-0.11
2014-02-17 18:15:00,1.798,0.23961170124521805,0,-0.11,-0.22,-0.11
2014-02-17 18:20:00,1.726,0.31305875417572604,0,-0.11,-0.22,-0.11
2014-02-17 18:25:00,1.84,0.2433895470462831,0,-0.11,-0.22,-0.11
2014-02-17 18:30:00,1.766,0.2715645460309589,0,-0.11,-0.22,-0.11
2014-02-17 18:35:00,1.834,0.2374424514264813,0,-0.11,-0.22,-0.11
2014-02-17 18:40:00,1.9340000000000002,0.3410820084668789,0,-0.11,-0.22,-0.11
2014-02-17 18:45:00,1.892,0.2950845762986097,0,-0.11,-0.22,-0.11
2014-02-17 18:50:00,1.672,0.3774729311655228,0,-0.11,-0.22,-0.11
2014-02-17 18:55:00,1.7619999999999998,0.2761046559707004,0,-0.11,-0.22,-0.11
2014-02-17 19:00:00,1.7719999999999998,0.2661840726373997,0,-0.11,-0.22,-0.11
2014-02-17 19:05:00,1.8,0.23910275937985315,0,-0.11,-0.22,-0.11
2014-02-17 19:10:00,1.966,0.3787214653833521,0,-0.11,-0.22,-0.11
2014-02-17 19:15:00,1.8319999999999999,0.23515458263450398,0,-0.11,-0.22,-0.11
2014-02-17 19:20:00,1.8319999999999999,0.2351545826345036,0,-0.11,-0.22,-0.11
2014-02-17 19:25:00,1.86,0.2616624720467205,0,-0.11,-0.22,-0.11
2014-02-17 19:30:00,1.7380000000000002,0.3021402026038839,0,-0.11,-0.22,-0.11
2014-02-17 19:35:00,1.834,0.2365745505001861,0,-0.11,-0.22,-0.11
2014-02-17 19:40:00,1.962,0.3733062535111109,0,-0.11,-0.22,-0.11
2014-02-17 19:45:00,1.8659999999999999,0.2670324626541408,0,-0.11,-0.22,-0.11
2014-02-17 19:50:00,1.734,0.3068013755879634,0,-0.11,-0.22,-0.11
2014-02-17 19:55:00,1.8659999999999999,0.2668477053022375,0,-0.11,-0.22,-0.11
2014-02-17 20:00:00,1.7719999999999998,0.2672173180635651,0,-0.11,-0.22,-0.11
2014-02-17 20:05:00,1.8,0.2402179983990778,0,-0.11,-0.22,-0.11
2014-02-17 20:10:00,2.0340000000000003,0.4613461761384619,0,-0.11,-0.22,-0.11
2014-02-17 20:15:00,1.8259999999999998,0.2284193102092389,0,-0.11,-0.22,-0.11
2014-02-17 20:20:00,1.7719999999999998,0.2673658571394708,0,-0.11,-0.22,-0.11
2014-02-17 20:25:00,1.73,0.3109003871914897,0,-0.11,-0.22,-0.11
2014-02-17 20:30:00,1.834,0.23594323643615386,0,-0.11,-0.22,-0.11
2014-02-17 20:35:00,1.766,0.2734256665599961,0,-0.11,-0.22,-0.11
2014-02-17 20:40:00,2.0,0.4174526678100932,0,-0.11,-0.22,-0.11
2014-02-17 20:45:00,1.766,0.2735914525424295,0,-0.11,-0.22,-0.11
2014-02-17 20:50:00,1.8,0.24078233759253376,0,-0.11,-0.22,-0.11
2014-02-17 20:55:00,1.7619999999999998,0.2781253761339713,0,-0.11,-0.22,-0.11
2014-02-17 21:00:00,1.922,0.3246580945052224,0,-0.11,-0.22,-0.11
2014-02-17 21:05:00,1.766,0.2746334382140437,0,-0.11,-0.22,-0.11
2014-02-17 21:10:00,2.002,0.4187329135378226,0,-0.11,-0.22,-0.11
2014-02-17 21:15:00,1.806,0.23599995573787905,0,-0.11,-0.22,-0.11
2014-02-17 21:20:00,1.8,0.2417480022022091,0,-0.11,-0.22,-0.11
2014-02-17 21:25:00,1.732,0.3102950143243075,0,-0.11,-0.22,-0.11
2014-02-17 21:30:00,1.834,0.2343911038440551,0,-0.11,-0.22,-0.11
2014-02-17 21:35:00,1.7919999999999998,0.2493667677177168,0,-0.11,-0.22,-0.11
2014-02-17 21:40:00,1.9380000000000002,0.3409954158958602,0,-0.11,-0.22,-0.11
2014-02-17 21:45:00,1.764,0.2769257357868071,0,-0.11,-0.22,-0.11
2014-02-17 21:50:00,1.96,0.3668468558997531,0,-0.11,-0.22,-0.11
2014-02-17 21:55:00,1.734,0.3086737039623672,0,-0.11,-0.22,-0.11
2014-02-17 22:00:00,1.706,0.3394497996747201,0,-0.11,-0.22,-0.11
2014-02-17 22:05:00,1.7280000000000002,0.31416382777667873,0,-0.11,-0.22,-0.11
2014-02-17 22:10:00,1.976,0.3851196459106801,0,-0.11,-0.22,-0.11
2014-02-17 22:15:00,1.758,0.2825103634055936,0,-0.11,-0.22,-0.11
2014-02-17 22:20:00,1.706,0.3386283216540198,0,-0.11,-0.22,-0.11
2014-02-17 22:25:00,1.83,0.2312690472402291,0,-0.11,-0.22,-0.11
2014-02-17 22:30:00,1.766,0.2738343808014687,0,-0.11,-0.22,-0.11
2014-02-17 22:35:00,1.8940000000000001,0.29343112361019474,0,-0.11,-0.22,-0.11
2014-02-17 22:40:00,1.942,0.3454596486806935,0,-0.11,-0.22,-0.11
2014-02-17 22:45:00,1.7619999999999998,0.2783969536369982,0,-0.11,-0.22,-0.11
2014-02-17 22:50:00,1.734,0.3081708630372217,0,-0.11,-0.22,-0.11
2014-02-17 22:55:00,1.766,0.2743501849793587,0,-0.11,-0.22,-0.11
2014-02-17 23:00:00,1.8,0.2414858315391695,0,-0.11,-0.22,-0.11
2014-02-17 23:05:00,1.834,0.2347332215907522,0,-0.11,-0.22,-0.11
2014-02-17 23:10:00,1.992,0.4063212582925008,0,-0.11,-0.22,-0.11
2014-02-17 23:15:00,1.74,0.3013162902047356,0,-0.11,-0.22,-0.11
2014-02-17 23:20:00,1.766,0.27452200849860336,0,-0.11,-0.22,-0.11
2014-02-17 23:25:00,1.8659999999999999,0.2651789497297857,0,-0.11,-0.22,-0.11
2014-02-17 23:30:00,1.764,0.2766551410803436,0,-0.11,-0.22,-0.11
2014-02-17 23:35:00,1.766,0.2743944509135556,0,-0.11,-0.22,-0.11
2014-02-17 23:40:00,1.966,0.3746855829406531,0,-0.11,-0.22,-0.11
2014-02-17 23:45:00,1.8,0.2415176595085651,0,-0.11,-0.22,-0.11
2014-02-17 23:50:00,1.8,0.2416463004989476,0,-0.11,-0.22,-0.11
2014-02-17 23:55:00,1.828,0.22902185174658984,0,-0.11,-0.22,-0.11
2014-02-18 00:00:00,1.766,0.2752328517386972,0,-0.11,-0.22,-0.11
2014-02-18 00:05:00,1.896,0.2958854068371762,0,-0.11,-0.22,-0.11
2014-02-18 00:10:00,1.96,0.3676399723515864,0,-0.11,-0.22,-0.11
2014-02-18 00:15:00,1.8,0.2420968891790913,0,-0.11,-0.22,-0.11
2014-02-18 00:20:00,1.734,0.30883566730177403,0,-0.11,-0.22,-0.11
2014-02-18 00:25:00,1.8,0.2415760091422143,0,-0.11,-0.22,-0.11
2014-02-18 00:30:00,1.766,0.2747595859266757,0,-0.11,-0.22,-0.11
2014-02-18 00:35:00,1.798,0.2434503058685188,0,-0.11,-0.22,-0.11
2014-02-18 00:40:00,2.0,0.4171951778660083,0,-0.11,-0.22,-0.11
2014-02-18 00:45:00,1.8259999999999998,0.22754766416637384,0,-0.11,-0.22,-0.11
2014-02-18 00:50:00,1.77,0.2705937800925711,0,-0.11,-0.22,-0.11
2014-02-18 00:55:00,1.8,0.24125397241188315,0,-0.11,-0.22,-0.11
2014-02-18 01:00:00,1.8659999999999999,0.26548524182212946,0,-0.11,-0.22,-0.11
2014-02-18 01:05:00,1.766,0.27478089680228185,0,-0.11,-0.22,-0.11
2014-02-18 01:10:00,2.1919999999999997,0.6559240235200028,0,-0.11,-0.22,-0.11
2014-02-18 01:15:00,1.706,0.3377037631750268,0,-0.11,-0.22,-0.11
2014-02-18 01:20:00,1.834,0.2341314622267608,0,-0.11,-0.22,-0.11
2014-02-18 01:25:00,1.766,0.2746943380385974,0,-0.11,-0.22,-0.11
2014-02-18 01:30:00,1.834,0.23377404721852565,0,-0.11,-0.22,-0.11
2014-02-18 01:35:00,1.768,0.27315412651431753,0,-0.11,-0.22,-0.11
2014-02-18 01:40:00,1.9980000000000002,0.4100344177917217,0,-0.11,-0.22,-0.11
2014-02-18 01:45:00,1.926,0.3257430451195144,0,-0.11,-0.22,-0.11
2014-02-18 01:50:00,1.67,0.3809604149747487,0,-0.11,-0.22,-0.11
2014-02-18 01:55:00,1.8,0.2425664070948876,0,-0.11,-0.22,-0.11
2014-02-18 02:00:00,1.834,0.2330129010956981,0,-0.11,-0.22,-0.11
2014-02-18 02:05:00,1.8,0.2428047266273003,0,-0.11,-0.22,-0.11
2014-02-18 02:10:00,2.064,0.4896309984345005,0,-0.11,-0.22,-0.11
2014-02-18 02:15:00,1.9,0.2959572183895459,0,-0.11,-0.22,-0.11
2014-02-18 02:20:00,1.99,0.3961873759022949,0,-0.11,-0.22,-0.11
2014-02-18 02:25:00,1.83,0.2276841323043155,0,-0.11,-0.22,-0.11
2014-02-18 02:30:00,1.874,0.2682947154544104,0,-0.11,-0.22,-0.11
2014-02-18 02:35:00,1.734,0.3102885007193138,0,-0.11,-0.22,-0.11
2014-02-18 02:40:00,1.996,0.40145716319811625,0,-0.11,-0.22,-0.11
2014-02-18 02:45:00,1.766,0.277381887235638,0,-0.11,-0.22,-0.11
2014-02-18 02:50:00,1.8,0.2445551986010437,0,-0.11,-0.22,-0.11
2014-02-18 02:55:00,1.7919999999999998,0.2519278153640454,0,-0.11,-0.22,-0.11
2014-02-18 03:00:00,1.736,0.3082293825468656,0,-0.11,-0.22,-0.11
2014-02-18 03:05:00,1.828,0.2260431179369984,0,-0.11,-0.22,-0.11
2014-02-18 03:10:00,2.042,0.4592762407361413,0,-0.11,-0.22,-0.11
2014-02-18 03:15:00,1.8940000000000001,0.2884647602734398,0,-0.11,-0.22,-0.11
2014-02-18 03:20:00,2.238,0.6910345056552195,0,-0.11,-0.22,-0.11
2014-02-18 03:25:00,1.892,0.2827245248499545,0,-0.11,-0.22,-0.11
2014-02-18 03:30:00,1.6980000000000002,0.34768225859386065,0,-0.11,-0.22,-0.11
2014-02-18 03:35:00,1.7380000000000002,0.3047800051830045,0,-0.11,-0.22,-0.11
2014-02-18 03:40:00,1.926,0.31689570528355937,0,-0.11,-0.22,-0.11
2014-02-18 03:45:00,1.834,0.22960485861337604,0,-0.11,-0.22,-0.11
2014-02-18 03:50:00,1.7,0.3452260255709415,0,-0.11,-0.22,-0.11
2014-02-18 03:55:00,1.8,0.2450290271413893,0,-0.11,-0.22,-0.11
2014-02-18 04:00:00,1.7380000000000002,0.3046584392347632,0,-0.11,-0.22,-0.11
2014-02-18 04:05:00,1.766,0.27641385146789943,0,-0.11,-0.22,-0.11
2014-02-18 04:10:00,2.0180000000000002,0.4202224693640961,0,-0.11,-0.22,-0.11
2014-02-18 04:15:00,1.672,0.37557271004706944,0,-0.11,-0.22,-0.11
2014-02-18 04:20:00,1.766,0.2758122490617239,0,-0.11,-0.22,-0.11
2014-02-18 04:25:00,1.76,0.2814778615414865,0,-0.11,-0.22,-0.11
2014-02-18 04:30:00,1.74,0.3010307967935627,0,-0.11,-0.22,-0.11
2014-02-18 04:35:00,1.8,0.2436188806488202,0,-0.11,-0.22,-0.11
2014-02-18 04:40:00,1.9340000000000002,0.3265455080186426,0,-0.11,-0.22,-0.11
2014-02-18 04:45:00,1.798,0.2454467504174057,0,-0.11,-0.22,-0.11
2014-02-18 04:50:00,1.76,0.2826102418227798,0,-0.11,-0.22,-0.11
2014-02-18 04:55:00,1.7380000000000002,0.30577228785013705,0,-0.11,-0.22,-0.11
2014-02-18 05:00:00,1.766,0.27587085193064514,0,-0.11,-0.22,-0.11
2014-02-18 05:05:00,1.796,0.2461292077976424,0,-0.11,-0.22,-0.11
2014-02-18 05:10:00,1.9240000000000002,0.3260411268148286,0,-0.11,-0.22,-0.11
2014-02-18 05:15:00,1.7380000000000002,0.3052102718903806,0,-0.11,-0.22,-0.11
2014-02-18 05:20:00,1.794,0.2472415930540832,0,-0.11,-0.22,-0.11
2014-02-18 05:25:00,1.706,0.3409327311939592,0,-0.11,-0.22,-0.11
2014-02-18 05:30:00,1.8,0.24138116572708426,0,-0.11,-0.22,-0.11
2014-02-18 05:35:00,1.7919999999999998,0.2490024265953004,0,-0.11,-0.22,-0.11
2014-02-18 05:40:00,1.932,0.3373063793491727,0,-0.11,-0.22,-0.11
2014-02-18 05:45:00,1.7719999999999998,0.2687298776475869,0,-0.11,-0.22,-0.11
2014-02-18 05:50:00,1.8,0.2409904072269985,0,-0.11,-0.22,-0.11
2014-02-18 05:55:00,1.76,0.2807991755117269,0,-0.11,-0.22,-0.11
2014-02-18 06:00:00,1.84,0.2412007478464285,0,-0.11,-0.22,-0.11
2014-02-18 06:05:00,1.8,0.2412157526460235,0,-0.11,-0.22,-0.11
2014-02-18 06:10:00,2.026,0.4536523896367697,0,-0.11,-0.22,-0.11
2014-02-18 06:15:00,1.7719999999999998,0.2683286859196444,0,-0.11,-0.22,-0.11
2014-02-18 06:20:00,1.798,0.2426955824609247,0,-0.11,-0.22,-0.11
2014-02-18 06:25:00,1.7919999999999998,0.24854547652876285,0,-0.11,-0.22,-0.11
2014-02-18 06:30:00,1.7719999999999998,0.2683170452494255,0,-0.11,-0.22,-0.11
2014-02-18 06:35:00,1.8,0.2407919760596359,0,-0.11,-0.22,-0.11
2014-02-18 06:40:00,2.0340000000000003,0.4640827241195402,0,-0.11,-0.22,-0.11
2014-02-18 06:45:00,1.76,0.28085349108908153,0,-0.11,-0.22,-0.11
2014-02-18 06:50:00,1.7719999999999998,0.26842667816494953,0,-0.11,-0.22,-0.11
2014-02-18 06:55:00,1.766,0.2747106440724447,0,-0.11,-0.22,-0.11
2014-02-18 07:00:00,1.8,0.24146765172484155,0,-0.11,-0.22,-0.11
2014-02-18 07:05:00,1.86,0.2597807076241472,0,-0.11,-0.22,-0.11
2014-02-18 07:10:00,1.9080000000000001,0.3095953772447575,0,-0.11,-0.22,-0.11
2014-02-18 07:15:00,1.794,0.2472877389151521,0,-0.11,-0.22,-0.11
2014-02-18 07:20:00,1.7380000000000002,0.3048755133814952,0,-0.11,-0.22,-0.11
2014-02-18 07:25:00,1.766,0.2748798391688686,0,-0.11,-0.22,-0.11
2014-02-18 07:30:00,1.8,0.241257735707104,0,-0.11,-0.22,-0.11
2014-02-18 07:35:00,1.76,0.2812421290760592,0,-0.11,-0.22,-0.11
2014-02-18 07:40:00,1.942,0.34910172198323897,0,-0.11,-0.22,-0.11
2014-02-18 07:45:00,1.8,0.2412396776088289,0,-0.11,-0.22,-0.11
2014-02-18 07:50:00,1.726,0.3189719116279092,0,-0.11,-0.22,-0.11
2014-02-18 07:55:00,1.8,0.2412204460774581,0,-0.11,-0.22,-0.11
2014-02-18 08:00:00,1.806,0.2355753904189151,0,-0.11,-0.22,-0.11
2014-02-18 08:05:00,1.8259999999999998,0.2281115406671645,0,-0.11,-0.22,-0.11
2014-02-18 08:10:00,1.902,0.304802420669485,0,-0.11,-0.22,-0.11
2014-02-18 08:15:00,1.926,0.33321363107813234,0,-0.11,-0.22,-0.11
2014-02-18 08:20:00,1.636,0.42899484961046624,0,-0.11,-0.22,-0.11
2014-02-18 08:25:00,1.828,0.2302888500551737,0,-0.11,-0.22,-0.11
2014-02-18 08:30:00,1.7380000000000002,0.3048766391262994,0,-0.11,-0.22,-0.11
2014-02-18 08:35:00,1.8,0.2406997309166271,0,-0.11,-0.22,-0.11
2014-02-18 08:40:00,1.966,0.3801740344589129,0,-0.11,-0.22,-0.11
2014-02-18 08:45:00,1.8,0.2407400119948673,0,-0.11,-0.22,-0.11
2014-02-18 08:50:00,1.766,0.2745327746589,0,-0.11,-0.22,-0.11
2014-02-18 08:55:00,1.796,0.2444276069698676,0,-0.11,-0.22,-0.11
2014-02-18 09:00:00,1.86,0.2615555532444574,0,-0.11,-0.22,-0.11
2014-02-18 09:05:00,1.7719999999999998,0.2682766813207408,0,-0.11,-0.22,-0.11
2014-02-18 09:10:00,1.966,0.3804678617659248,0,-0.11,-0.22,-0.11
2014-02-18 09:15:00,1.8,0.2406337816510825,0,-0.11,-0.22,-0.11
2014-02-18 09:20:00,1.7919999999999998,0.2482458804140457,0,-0.11,-0.22,-0.11
2014-02-18 09:25:00,1.8319999999999999,0.23424971785325505,0,-0.11,-0.22,-0.11
2014-02-18 09:30:00,1.706,0.34107523409770096,0,-0.11,-0.22,-0.11
2014-02-18 09:35:00,1.892,0.2949543477960451,0,-0.11,-0.22,-0.11
2014-02-18 09:40:00,1.9680000000000002,0.3829058732516256,0,-0.11,-0.22,-0.11
2014-02-18 09:45:00,1.7380000000000002,0.30461424728618364,0,-0.11,-0.22,-0.11
2014-02-18 09:50:00,1.758,0.2827318725048276,0,-0.11,-0.22,-0.11
2014-02-18 09:55:00,1.8659999999999999,0.2676944575747071,0,-0.11,-0.22,-0.11
2014-02-18 10:00:00,1.8319999999999999,0.2341421935468185,0,-0.11,-0.22,-0.11
2014-02-18 10:05:00,1.8259999999999998,0.22828663927863005,0,-0.11,-0.22,-0.11
2014-02-18 10:10:00,1.9,0.30302445071579875,0,-0.11,-0.22,-0.11
2014-02-18 10:15:00,1.7719999999999998,0.2690732569652721,0,-0.11,-0.22,-0.11
2014-02-18 10:20:00,1.8319999999999999,0.23385101538424685,0,-0.11,-0.22,-0.11
2014-02-18 10:25:00,1.7919999999999998,0.2492855834740437,0,-0.11,-0.22,-0.11
2014-02-18 10:30:00,1.8019999999999998,0.2394006205629755,0,-0.11,-0.22,-0.11
2014-02-18 10:35:00,1.7380000000000002,0.30610528610780224,0,-0.11,-0.22,-0.11
2014-02-18 10:40:00,2.026,0.4572518795524699,0,-0.11,-0.22,-0.11
2014-02-18 10:45:00,1.766,0.2755355149737003,0,-0.11,-0.22,-0.11
2014-02-18 10:50:00,1.806,0.2359159041883653,0,-0.11,-0.22,-0.11
2014-02-18 10:55:00,1.828,0.2295254432758681,0,-0.11,-0.22,-0.11
2014-02-18 11:00:00,1.7719999999999998,0.26980753211395764,0,-0.11,-0.22,-0.11
2014-02-18 11:05:00,1.766,0.2762094708744842,0,-0.11,-0.22,-0.11
2014-02-18 11:10:00,2.0,0.4231938041972449,0,-0.11,-0.22,-0.11
2014-02-18 11:15:00,1.73,0.3156849222249748,0,-0.11,-0.22,-0.11
2014-02-18 11:20:00,1.794,0.2476193146168292,0,-0.11,-0.22,-0.11
2014-02-18 11:25:00,1.672,0.3849317685598652,0,-0.11,-0.22,-0.11
2014-02-18 11:30:00,1.766,0.2755529327224507,0,-0.11,-0.22,-0.11
2014-02-18 11:35:00,1.726,0.3203934239519749,0,-0.11,-0.22,-0.11
2014-02-18 11:40:00,1.9380000000000002,0.3470117468400221,0,-0.11,-0.22,-0.11
2014-02-18 11:45:00,1.732,0.31348865638298795,0,-0.11,-0.22,-0.11
2014-02-18 11:50:00,1.734,0.3112679392719167,0,-0.11,-0.22,-0.11
2014-02-18 11:55:00,1.696,0.3552355860126858,0,-0.11,-0.22,-0.11
2014-02-18 12:00:00,1.8,0.2415716912999153,0,-0.11,-0.22,-0.11
2014-02-18 12:05:00,1.734,0.3106222376529353,0,-0.11,-0.22,-0.11
2014-02-18 12:10:00,1.99,0.4115863268461615,0,-0.11,-0.22,-0.11
2014-02-18 12:15:00,1.7719999999999998,0.26951659370988035,0,-0.11,-0.22,-0.11
2014-02-18 12:20:00,1.794,0.2473718365094174,0,-0.11,-0.22,-0.11
2014-02-18 12:25:00,1.806,0.23580041020704745,0,-0.11,-0.22,-0.11
2014-02-18 12:30:00,1.8,0.2416668158111681,0,-0.11,-0.22,-0.11
2014-02-18 12:35:00,1.766,0.2759133554439611,0,-0.11,-0.22,-0.11
2014-02-18 12:40:00,1.966,0.3813618729569205,0,-0.11,-0.22,-0.11
2014-02-18 12:45:00,1.8259999999999998,0.2282145555018016,0,-0.11,-0.22,-0.11
2014-02-18 12:50:00,1.706,0.3435811247667633,0,-0.11,-0.22,-0.11
2014-02-18 12:55:00,1.766,0.2754637126560644,0,-0.11,-0.22,-0.11
2014-02-18 13:00:00,1.8,0.2411608791310073,0,-0.11,-0.22,-0.11
2014-02-18 13:05:00,1.8,0.2409666157125229,0,-0.11,-0.22,-0.11
2014-02-18 13:10:00,1.9340000000000002,0.34375854648424176,0,-0.11,-0.22,-0.11
2014-02-18 13:15:00,1.86,0.26204762391607245,0,-0.11,-0.22,-0.11
2014-02-18 13:20:00,1.764,0.2775467723720923,0,-0.11,-0.22,-0.11
2014-02-18 13:25:00,1.704,0.3449210249020856,0,-0.11,-0.22,-0.11
2014-02-18 13:30:00,1.8259999999999998,0.2291135682024912,0,-0.11,-0.22,-0.11
2014-02-18 13:35:00,1.8,0.24082337338962115,0,-0.11,-0.22,-0.11
2014-02-18 13:40:00,1.966,0.382925732938154,0,-0.11,-0.22,-0.11
2014-02-18 13:45:00,1.7619999999999998,0.2794833021622619,0,-0.11,-0.22,-0.11
2014-02-18 13:50:00,1.806,0.23510060720215634,0,-0.11,-0.22,-0.11
2014-02-18 13:55:00,1.8019999999999998,0.23894210083575065,0,-0.11,-0.22,-0.11
2014-02-18 14:00:00,1.794,0.24672702249712425,0,-0.11,-0.22,-0.11
2014-02-18 14:05:00,2.006,0.4344324612621966,0,-0.11,-0.22,-0.11
2014-02-18 14:10:00,2.226,0.7073102247889874,0,-0.11,-0.22,-0.11
2014-02-18 14:15:00,1.96,0.36933837828548455,0,-0.11,-0.22,-0.11
2014-02-18 14:20:00,1.8980000000000001,0.29772813144357585,0,-0.11,-0.22,-0.11
2014-02-18 14:25:00,1.966,0.3746655787068111,0,-0.11,-0.22,-0.11
2014-02-18 14:30:00,1.8359999999999999,0.23471112067371466,0,-0.11,-0.22,-0.11
2014-02-18 14:35:00,1.766,0.2771703332368243,0,-0.11,-0.22,-0.11
2014-02-18 14:40:00,1.966,0.37400304816124746,0,-0.11,-0.22,-0.11
2014-02-18 14:45:00,1.766,0.2769398026119028,0,-0.11,-0.22,-0.11
2014-02-18 14:50:00,1.798,0.2450726376906876,0,-0.11,-0.22,-0.11
2014-02-18 14:55:00,1.766,0.2772197441359416,0,-0.11,-0.22,-0.11
2014-02-18 15:00:00,1.892,0.2900624308866408,0,-0.11,-0.22,-0.11
2014-02-18 15:05:00,1.706,0.3426138741946653,0,-0.11,-0.22,-0.11
2014-02-18 15:10:00,1.994,0.40749153986162456,0,-0.11,-0.22,-0.11
2014-02-18 15:15:00,1.8,0.2435668471663469,0,-0.11,-0.22,-0.11
2014-02-18 15:20:00,1.8,0.2440579742549404,0,-0.11,-0.22,-0.11
2014-02-18 15:25:00,1.7719999999999998,0.2715082146983085,0,-0.11,-0.22,-0.11
2014-02-18 15:30:00,1.9,0.2989458761285162,0,-0.11,-0.22,-0.11
2014-02-18 15:35:00,1.76,0.2849679860267462,0,-0.11,-0.22,-0.11
2014-02-18 15:40:00,1.972,0.3818671716824808,0,-0.11,-0.22,-0.11
2014-02-18 15:45:00,1.734,0.31294124057052203,0,-0.11,-0.22,-0.11
2014-02-18 15:50:00,1.732,0.31481495436503515,0,-0.11,-0.22,-0.11
2014-02-18 15:55:00,1.794,0.2500163969883721,0,-0.11,-0.22,-0.11
2014-02-18 16:00:00,1.734,0.3125020628786863,0,-0.11,-0.22,-0.11
2014-02-18 16:05:00,1.734,0.3118649940381023,0,-0.11,-0.22,-0.11
2014-02-18 16:10:00,1.9680000000000002,0.3769890744212899,0,-0.11,-0.22,-0.11
2014-02-18 16:15:00,1.7,0.35072414241941946,0,-0.11,-0.22,-0.11
2014-02-18 16:20:00,1.838,0.2366879677091791,0,-0.11,-0.22,-0.11
2014-02-18 16:25:00,1.828,0.227589159326374,0,-0.11,-0.22,-0.11
2014-02-18 16:30:00,1.7,0.3506842167227482,0,-0.11,-0.22,-0.11
2014-02-18 16:35:00,1.7,0.3499229148438149,0,-0.11,-0.22,-0.11
2014-02-18 16:40:00,1.97,0.37950358859848105,0,-0.11,-0.22,-0.11
2014-02-18 16:45:00,1.76,0.28294214066760554,0,-0.11,-0.22,-0.11
2014-02-18 16:50:00,1.798,0.2452620024079512,0,-0.11,-0.22,-0.11
2014-02-18 16:55:00,1.734,0.3112377971040526,0,-0.11,-0.22,-0.11
2014-02-18 17:00:00,1.6680000000000001,0.3883606346343619,0,-0.11,-0.22,-0.11
2014-02-18 17:05:00,1.766,0.2763802615502378,0,-0.11,-0.22,-0.11
2014-02-18 17:10:00,1.926,0.3281715541201081,0,-0.11,-0.22,-0.11
2014-02-18 17:15:00,1.8319999999999999,0.2321386920383729,0,-0.11,-0.22,-0.11
2014-02-18 17:20:00,1.666,0.3927079970770127,0,-0.11,-0.22,-0.11
2014-02-18 17:25:00,1.736,0.3087720762668046,0,-0.11,-0.22,-0.11
2014-02-18 17:30:00,1.794,0.24830740270070584,0,-0.11,-0.22,-0.11
2014-02-18 17:35:00,1.7380000000000002,0.30655476063208004,0,-0.11,-0.22,-0.11
2014-02-18 17:40:00,1.966,0.3775925919570348,0,-0.11,-0.22,-0.11
2014-02-18 17:45:00,1.828,0.2286683656172133,0,-0.11,-0.22,-0.11
2014-02-18 17:50:00,1.666,0.3926401645633949,0,-0.11,-0.22,-0.11
2014-02-18 17:55:00,1.806,0.2370038413762473,0,-0.11,-0.22,-0.11
2014-02-18 18:00:00,1.798,0.2447600234460036,0,-0.11,-0.22,-0.11
2014-02-18 18:05:00,1.7919999999999998,0.2503875863456234,0,-0.11,-0.22,-0.11
2014-02-18 18:10:00,1.906,0.3079656406410565,0,-0.11,-0.22,-0.11
2014-02-18 18:15:00,1.8,0.2424581927662305,0,-0.11,-0.22,-0.11
2014-02-18 18:20:00,1.766,0.27688974233291896,0,-0.11,-0.22,-0.11
2014-02-18 18:25:00,1.86,0.2600668926074997,0,-0.11,-0.22,-0.11
2014-02-18 18:30:00,1.764,0.2791986580797333,0,-0.11,-0.22,-0.11
2014-02-18 18:35:00,1.7919999999999998,0.25032941499270434,0,-0.11,-0.22,-0.11
2014-02-18 18:40:00,1.97,0.3849540974601271,0,-0.11,-0.22,-0.11
2014-02-18 18:45:00,1.9,0.302222919253518,0,-0.11,-0.22,-0.11
2014-02-18 18:50:00,1.766,0.2772742280512962,0,-0.11,-0.22,-0.11
2014-02-18 18:55:00,1.8659999999999999,0.26554817740075226,0,-0.11,-0.22,-0.11
2014-02-18 19:00:00,1.7719999999999998,0.2712539508337835,0,-0.11,-0.22,-0.11
2014-02-18 19:05:00,1.834,0.2338568091757795,0,-0.11,-0.22,-0.11
2014-02-18 19:10:00,1.926,0.33096476105188466,0,-0.11,-0.22,-0.11
2014-02-18 19:15:00,1.8719999999999999,0.2714038621330565,0,-0.11,-0.22,-0.11
2014-02-18 19:20:00,1.824,0.224179239661956,0,-0.11,-0.22,-0.11
2014-02-18 19:25:00,1.8659999999999999,0.2646771576235856,0,-0.11,-0.22,-0.11
2014-02-18 19:30:00,1.764,0.2808623953454455,0,-0.11,-0.22,-0.11
2014-02-18 19:35:00,1.704,0.3488542910221708,0,-0.11,-0.22,-0.11
2014-02-18 19:40:00,2.0,0.4215696868626049,0,-0.11,-0.22,-0.11
2014-02-18 19:45:00,1.8259999999999998,0.2258222644516206,0,-0.11,-0.22,-0.11
2014-02-18 19:50:00,1.7380000000000002,0.3083554398768468,0,-0.11,-0.22,-0.11
2014-02-18 19:55:00,1.766,0.27836302367302496,0,-0.11,-0.22,-0.11
2014-02-18 20:00:00,1.828,0.2276655787230384,0,-0.11,-0.22,-0.11
2014-02-18 20:05:00,1.7719999999999998,0.2723091286648154,0,-0.11,-0.22,-0.11
2014-02-18 20:10:00,1.9580000000000002,0.36853588784879343,0,-0.11,-0.22,-0.11
2014-02-18 20:15:00,1.838,0.23698590834963826,0,-0.11,-0.22,-0.11
2014-02-18 20:20:00,1.896,0.2964398898848041,0,-0.11,-0.22,-0.11
2014-02-18 20:25:00,1.8659999999999999,0.26435623565632976,0,-0.11,-0.22,-0.11
2014-02-18 20:30:00,2.09,0.5382738565759744,0,-0.11,-0.22,-0.11
2014-02-18 20:35:00,1.834,0.2317461188987596,0,-0.11,-0.22,-0.11
2014-02-18 20:40:00,2.14,0.596479122322437,0,-0.11,-0.22,-0.11
2014-02-18 20:45:00,1.96,0.3642129003690249,0,-0.11,-0.22,-0.11
2014-02-18 20:50:00,1.974,0.3800703061793231,0,-0.11,-0.22,-0.11
2014-02-18 20:55:00,1.8659999999999999,0.26014999376924264,0,-0.11,-0.22,-0.11
2014-02-18 21:00:00,1.8,0.24625886742306355,0,-0.11,-0.22,-0.11
2014-02-18 21:05:00,1.8259999999999998,0.22280599459144013,0,-0.11,-0.22,-0.11
2014-02-18 21:10:00,1.94,0.3387378073504335,0,-0.11,-0.22,-0.11
2014-02-18 21:15:00,1.734,0.31421306311500424,0,-0.11,-0.22,-0.11
2014-02-18 21:20:00,1.8259999999999998,0.22327917049315749,0,-0.11,-0.22,-0.11
2014-02-18 21:25:00,1.838,0.2339454249568817,0,-0.11,-0.22,-0.11
2014-02-18 21:30:00,1.8,0.2465102915710399,0,-0.11,-0.22,-0.11
2014-02-18 21:35:00,1.8259999999999998,0.22290130164624106,0,-0.11,-0.22,-0.11
2014-02-18 21:40:00,2.036,0.4568837902249771,0,-0.11,-0.22,-0.11
2014-02-18 21:45:00,1.704,0.3485621185860767,0,-0.11,-0.22,-0.11
2014-02-18 21:50:00,1.766,0.2800489495380279,0,-0.11,-0.22,-0.11
2014-02-18 21:55:00,1.8319999999999999,0.2282493672537177,0,-0.11,-0.22,-0.11
2014-02-18 22:00:00,1.8259999999999998,0.22270603252512647,0,-0.11,-0.22,-0.11
2014-02-18 22:05:00,1.8659999999999999,0.2604197720099927,0,-0.11,-0.22,-0.11
2014-02-18 22:10:00,2.07,0.4996109127358256,0,-0.11,-0.22,-0.11
2014-02-18 22:15:00,1.7719999999999998,0.2741251308883869,0,-0.11,-0.22,-0.11
2014-02-18 22:20:00,1.8619999999999999,0.25588681550398873,0,-0.11,-0.22,-0.11
2014-02-18 22:25:00,1.7719999999999998,0.2741900362231851,0,-0.11,-0.22,-0.11
2014-02-18 22:30:00,1.766,0.2805090727269341,0,-0.11,-0.22,-0.11
2014-02-18 22:35:00,1.834,0.2296077142880027,0,-0.11,-0.22,-0.11
2014-02-18 22:40:00,1.966,0.3683998606561493,0,-0.11,-0.22,-0.11
2014-02-18 22:45:00,1.8,0.24687907180936364,0,-0.11,-0.22,-0.11
2014-02-18 22:50:00,1.766,0.2805716041373335,0,-0.11,-0.22,-0.11
2014-02-18 22:55:00,1.8,0.24645550188321635,0,-0.11,-0.22,-0.11
2014-02-18 23:00:00,1.828,0.2243195298446216,0,-0.11,-0.22,-0.11
2014-02-18 23:05:00,1.798,0.2490583913310836,0,-0.11,-0.22,-0.11
2014-02-18 23:10:00,1.994,0.4031176599267073,0,-0.11,-0.22,-0.11
2014-02-18 23:15:00,1.766,0.28128650821513396,0,-0.11,-0.22,-0.11
2014-02-18 23:20:00,1.806,0.2417900919508349,0,-0.11,-0.22,-0.11
2014-02-18 23:25:00,1.794,0.2536464244868819,0,-0.11,-0.22,-0.11
2014-02-18 23:30:00,1.706,0.3479914995548549,0,-0.11,-0.22,-0.11
2014-02-18 23:35:00,1.734,0.3156904584812137,0,-0.11,-0.22,-0.11
2014-02-18 23:40:00,1.966,0.3694219045291381,0,-0.11,-0.22,-0.11
2014-02-18 23:45:00,1.734,0.3150067474703094,0,-0.11,-0.22,-0.11
2014-02-18 23:50:00,1.734,0.31482559244193103,0,-0.11,-0.22,-0.11
2014-02-18 23:55:00,1.796,0.25073226151699396,0,-0.11,-0.22,-0.11
2014-02-19 00:00:00,1.766,0.28077147283695586,0,-0.11,-0.22,-0.11
2014-02-19 00:05:00,1.892,0.2861189269563469,0,-0.11,-0.22,-0.11
2014-02-19 00:10:00,1.9040000000000001,0.2985469829694274,0,-0.11,-0.22,-0.11
2014-02-19 00:15:00,1.734,0.3150023925110371,0,-0.11,-0.22,-0.11
2014-02-19 00:20:00,1.83,0.2260616456556662,0,-0.11,-0.22,-0.11
2014-02-19 00:25:00,1.7919999999999998,0.2547865226369365,0,-0.11,-0.22,-0.11
2014-02-19 00:30:00,1.732,0.3172149834422173,0,-0.11,-0.22,-0.11
2014-02-19 00:35:00,1.7380000000000002,0.31038202937585835,0,-0.11,-0.22,-0.11
2014-02-19 00:40:00,1.966,0.3698821025751542,0,-0.11,-0.22,-0.11
2014-02-19 00:45:00,1.734,0.3146117131321555,0,-0.11,-0.22,-0.11
2014-02-19 00:50:00,1.794,0.2521083656411469,0,-0.11,-0.22,-0.11
2014-02-19 00:55:00,1.706,0.3458593216421653,0,-0.11,-0.22,-0.11
2014-02-19 01:00:00,1.834,0.2304322195790144,0,-0.11,-0.22,-0.11
2014-02-19 01:05:00,1.6980000000000002,0.3546843211210286,0,-0.11,-0.22,-0.11
2014-02-19 01:10:00,1.994,0.404134901272487,0,-0.11,-0.22,-0.11
2014-02-19 01:15:00,1.766,0.2789517120951505,0,-0.11,-0.22,-0.11
2014-02-19 01:20:00,1.86,0.2550954994370591,0,-0.11,-0.22,-0.11
2014-02-19 01:25:00,1.8,0.2458280213188843,0,-0.11,-0.22,-0.11
2014-02-19 01:30:00,1.7719999999999998,0.2732026609738996,0,-0.11,-0.22,-0.11
2014-02-19 01:35:00,1.734,0.3132839557017313,0,-0.11,-0.22,-0.11
2014-02-19 01:40:00,1.996,0.40584160745241776,0,-0.11,-0.22,-0.11
2014-02-19 01:45:00,1.76,0.2852213422514743,0,-0.11,-0.22,-0.11
2014-02-19 01:50:00,1.8319999999999999,0.2289974517699235,0,-0.11,-0.22,-0.11
2014-02-19 01:55:00,1.706,0.34428838941080625,0,-0.11,-0.22,-0.11
2014-02-19 02:00:00,1.8319999999999999,0.22908148551291635,0,-0.11,-0.22,-0.11
2014-02-19 02:05:00,1.794,0.2508217327035172,0,-0.11,-0.22,-0.11
2014-02-19 02:10:00,2.07,0.4987420050651244,0,-0.11,-0.22,-0.11
2014-02-19 02:15:00,1.766,0.2789417754136564,0,-0.11,-0.22,-0.11
2014-02-19 02:20:00,1.8,0.2453935774192276,0,-0.11,-0.22,-0.11
2014-02-19 02:25:00,1.7719999999999998,0.27296117705446193,0,-0.11,-0.22,-0.11
2014-02-19 02:30:00,1.766,0.27916746895137834,0,-0.11,-0.22,-0.11
2014-02-19 02:35:00,1.834,0.2315045089370284,0,-0.11,-0.22,-0.11
2014-02-19 02:40:00,1.9340000000000002,0.3350074789598986,0,-0.11,-0.22,-0.11
2014-02-19 02:45:00,1.86,0.25630447559151354,0,-0.11,-0.22,-0.11
2014-02-19 02:50:00,1.706,0.34553342488863537,0,-0.11,-0.22,-0.11
2014-02-19 02:55:00,1.798,0.2470764546772812,0,-0.11,-0.22,-0.11
2014-02-19 03:00:00,1.798,0.24706956568125416,0,-0.11,-0.22,-0.11
2014-02-19 03:05:00,1.8,0.2450271435151677,0,-0.11,-0.22,-0.11
2014-02-19 03:10:00,2.026,0.44954653080064255,0,-0.11,-0.22,-0.11
2014-02-19 03:15:00,1.906,0.3051364790435355,0,-0.11,-0.22,-0.11
2014-02-19 03:20:00,1.798,0.24691968188556696,0,-0.11,-0.22,-0.11
2014-02-19 03:25:00,2.4,0.8537659796849861,0,-0.11,-0.22,-0.11
2014-02-19 03:30:00,1.8259999999999998,0.2233903492958096,0,-0.11,-0.22,-0.11
2014-02-19 03:35:00,1.8319999999999999,0.2287135723484904,0,-0.11,-0.22,-0.11
2014-02-19 03:40:00,1.874,0.26709193500092143,0,-0.11,-0.22,-0.11
2014-02-19 03:45:00,1.834,0.2305765665126144,0,-0.11,-0.22,-0.11
2014-02-19 03:50:00,1.766,0.27771110661153925,0,-0.11,-0.22,-0.11
2014-02-19 03:55:00,1.86,0.25417944356115285,0,-0.11,-0.22,-0.11
2014-02-19 04:00:00,1.704,0.34357508027611355,0,-0.11,-0.22,-0.11
2014-02-19 04:05:00,1.766,0.2776235987196693,0,-0.11,-0.22,-0.11
2014-02-19 04:10:00,1.93,0.325386724665616,0,-0.11,-0.22,-0.11
2014-02-19 04:15:00,1.89,0.28419923535347136,0,-0.11,-0.22,-0.11
2014-02-19 04:20:00,1.704,0.3433823186442776,0,-0.11,-0.22,-0.11
2014-02-19 04:25:00,1.8,0.2435948671176185,0,-0.11,-0.22,-0.11
2014-02-19 04:30:00,1.86,0.25775231857158604,0,-0.11,-0.22,-0.11
2014-02-19 04:35:00,1.706,0.34341142156140825,0,-0.11,-0.22,-0.11
2014-02-19 04:40:00,1.964,0.3715732935077688,0,-0.11,-0.22,-0.11
2014-02-19 04:45:00,1.766,0.2774060385575087,0,-0.11,-0.22,-0.11
2014-02-19 04:50:00,1.858,0.2554411229701741,0,-0.11,-0.22,-0.11
2014-02-19 04:55:00,1.6980000000000002,0.3529940889283028,0,-0.11,-0.22,-0.11
2014-02-19 05:00:00,1.768,0.2752714028643582,0,-0.11,-0.22,-0.11
2014-02-19 05:05:00,1.7380000000000002,0.3071485900576299,0,-0.11,-0.22,-0.11
2014-02-19 05:10:00,2.028,0.45024125301927215,0,-0.11,-0.22,-0.11
2014-02-19 05:15:00,1.7,0.3498236443212189,0,-0.11,-0.22,-0.11
2014-02-19 05:20:00,1.7380000000000002,0.30718006061853825,0,-0.11,-0.22,-0.11
2014-02-19 05:25:00,1.7919999999999998,0.2514649272409612,0,-0.11,-0.22,-0.11
2014-02-19 05:30:00,1.706,0.3431501883003258,0,-0.11,-0.22,-0.11
2014-02-19 05:35:00,1.8259999999999998,0.2253170299437044,0,-0.11,-0.22,-0.11
2014-02-19 05:40:00,1.966,0.3732174741695216,0,-0.11,-0.22,-0.11
2014-02-19 05:45:00,1.764,0.27949070992209163,0,-0.11,-0.22,-0.11
2014-02-19 05:50:00,1.736,0.30904139603759145,0,-0.11,-0.22,-0.11
2014-02-19 05:55:00,1.734,0.31107966902388995,0,-0.11,-0.22,-0.11
2014-02-19 06:00:00,1.766,0.27715102102002165,0,-0.11,-0.22,-0.11
2014-02-19 06:05:00,1.766,0.2771510210200221,0,-0.11,-0.22,-0.11
2014-02-19 06:10:00,1.966,0.3729261019064326,0,-0.11,-0.22,-0.11
2014-02-19 06:15:00,1.734,0.3108813112241736,0,-0.11,-0.22,-0.11
2014-02-19 06:20:00,1.8,0.2437130503638301,0,-0.11,-0.22,-0.11
2014-02-19 06:25:00,1.8259999999999998,0.2252746564701325,0,-0.11,-0.22,-0.11
2014-02-19 06:30:00,1.7719999999999998,0.27151026357639857,0,-0.11,-0.22,-0.11
2014-02-19 06:35:00,1.794,0.24976229930922186,0,-0.11,-0.22,-0.11
2014-02-19 06:40:00,1.972,0.3795990571527773,0,-0.11,-0.22,-0.11
2014-02-19 06:45:00,1.766,0.27753697832454777,0,-0.11,-0.22,-0.11
2014-02-19 06:50:00,1.824,0.2231238988103245,0,-0.11,-0.22,-0.11
2014-02-19 06:55:00,1.7380000000000002,0.30710376755752816,0,-0.11,-0.22,-0.11
2014-02-19 07:00:00,1.766,0.2774889619193417,0,-0.11,-0.22,-0.11
2014-02-19 07:05:00,1.8,0.2438898270702549,0,-0.11,-0.22,-0.11
2014-02-19 07:10:00,1.966,0.3720704096263126,0,-0.11,-0.22,-0.11
2014-02-19 07:15:00,1.8319999999999999,0.23068978439434185,0,-0.11,-0.22,-0.11
2014-02-19 07:20:00,1.7919999999999998,0.25160056435439593,0,-0.11,-0.22,-0.11
2014-02-19 07:25:00,1.806,0.2383456926813635,0,-0.11,-0.22,-0.11
2014-02-19 07:30:00,1.766,0.27747398891766023,0,-0.11,-0.22,-0.11
2014-02-19 07:35:00,1.8,0.24398340885456365,0,-0.11,-0.22,-0.11
2014-02-19 07:40:00,1.966,0.37274064684267,0,-0.11,-0.22,-0.11
2014-02-19 07:45:00,1.834,0.2325726642308554,0,-0.11,-0.22,-0.11
2014-02-19 07:50:00,1.76,0.2839802820963226,0,-0.11,-0.22,-0.11
2014-02-19 07:55:00,1.806,0.2384265910425905,0,-0.11,-0.22,-0.11
2014-02-19 08:00:00,1.926,0.32677465951270473,0,-0.11,-0.22,-0.11
2014-02-19 08:05:00,1.704,0.3462870141168165,0,-0.11,-0.22,-0.11
2014-02-19 08:10:00,1.966,0.37292241970025397,0,-0.11,-0.22,-0.11
2014-02-19 08:15:00,1.8319999999999999,0.2303093987160653,0,-0.11,-0.22,-0.11
2014-02-19 08:20:00,1.794,0.2499761809114313,0,-0.11,-0.22,-0.11
2014-02-19 08:25:00,1.83,0.2282292653910116,0,-0.11,-0.22,-0.11
2014-02-19 08:30:00,1.7719999999999998,0.27211937685850585,0,-0.11,-0.22,-0.11
2014-02-19 08:35:00,1.8,0.24459493668878204,0,-0.11,-0.22,-0.11
2014-02-19 08:40:00,1.966,0.3719777085265994,0,-0.11,-0.22,-0.11
2014-02-19 08:45:00,1.834,0.23154556747644986,0,-0.11,-0.22,-0.11
2014-02-19 08:50:00,1.766,0.2784353372189225,0,-0.11,-0.22,-0.11
2014-02-19 08:55:00,1.8319999999999999,0.2295167945701089,0,-0.11,-0.22,-0.11
2014-02-19 09:00:00,1.79,0.25474245689698266,0,-0.11,-0.22,-0.11
2014-02-19 09:05:00,2.006,0.4204356530853663,0,-0.11,-0.22,-0.11
2014-02-19 09:10:00,1.9580000000000002,0.36042219455538943,0,-0.11,-0.22,-0.11
2014-02-19 09:15:00,1.766,0.2790300130944576,0,-0.11,-0.22,-0.11
2014-02-19 09:20:00,1.74,0.3058754653625456,0,-0.11,-0.22,-0.11
2014-02-19 09:25:00,1.766,0.279207578952209,0,-0.11,-0.22,-0.11
2014-02-19 09:30:00,1.8,0.2454152467743509,0,-0.11,-0.22,-0.11
2014-02-19 09:35:00,1.764,0.2813064912087218,0,-0.11,-0.22,-0.11
2014-02-19 09:40:00,2.03,0.4496004216543061,0,-0.11,-0.22,-0.11
2014-02-19 09:45:00,1.764,0.28112709546540643,0,-0.11,-0.22,-0.11
2014-02-19 09:50:00,1.798,0.2473871961364773,0,-0.11,-0.22,-0.11
2014-02-19 09:55:00,1.76,0.2852415387342765,0,-0.11,-0.22,-0.11
2014-02-19 10:00:00,1.8,0.2454828531788603,0,-0.11,-0.22,-0.11
2014-02-19 10:05:00,1.74,0.30604717181493424,0,-0.11,-0.22,-0.11
2014-02-19 10:10:00,2.02,0.4360212608545059,0,-0.11,-0.22,-0.11
2014-02-19 10:15:00,1.672,0.3833344752724754,0,-0.11,-0.22,-0.11
2014-02-19 10:20:00,1.794,0.25042852517715525,0,-0.11,-0.22,-0.11
2014-02-19 10:25:00,1.7,0.3493631442333894,0,-0.11,-0.22,-0.11
2014-02-19 10:30:00,1.8,0.2443251267456564,0,-0.11,-0.22,-0.11
2014-02-19 10:35:00,1.706,0.3423216165451513,0,-0.11,-0.22,-0.11
2014-02-19 10:40:00,1.962,0.3650944637456484,0,-0.11,-0.22,-0.11
2014-02-19 10:45:00,1.7280000000000002,0.31695060736076697,0,-0.11,-0.22,-0.11
2014-02-19 10:50:00,1.7719999999999998,0.27095329264655393,1,1.0,1.0,1.0
2014-02-19 10:55:00,1.7,0.34826462058798363,1,0.9996606163510808,0.9996606163510808,0.9996606163510809
2014-02-19 11:00:00,1.892,0.2882632964856369,1,0.9993128031853268,0.9993128031853268,0.9993128031853268
2014-02-19 11:05:00,1.6059999999999999,0.4605507498998161,1,0.9989563541757912,0.9989563541757912,0.9989563541757912
2014-02-19 11:10:00,1.9340000000000002,0.33296356971591,1,0.9985910580993534,0.9985910580993534,0.9985910580993534
2014-02-19 11:15:00,1.732,0.3103962197598998,1,0.9982166987283538,0.9982166987283538,0.9982166987283538
2014-02-19 11:20:00,1.764,0.27717197466699883,1,0.9978330547202332,0.9978330547202332,0.9978330547202332
2014-02-19 11:25:00,1.734,0.3077477744624132,1,0.9974398995051676,0.9974398995051676,0.9974398995051675
2014-02-19 11:30:00,1.794,0.2478541429685723,1,0.9970370011716712,0.9970370011716712,0.9970370011716713
2014-02-19 11:35:00,1.672,0.3765044967728,1,0.9966241223501692,0.9966241223501692,0.9966241223501693
2014-02-19 11:40:00,1.9280000000000002,0.3263806931772167,1,0.9962010200945216,0.9962010200945216,0.9962010200945217
2014-02-19 11:45:00,1.7719999999999998,0.2683341470355665,1,0.9957674457614892,0.9957674457614892,0.9957674457614893
2014-02-19 11:50:00,1.732,0.30920800179040897,1,0.9953231448881372,0.9953231448881371,0.995323144888137
2014-02-19 11:55:00,1.766,0.2739495172944956,1,0.9948678570671664,0.9948678570671664,0.9948678570671663
2014-02-19 12:00:00,1.79,0.2506569553656125,1,0.9944013158201752,0.9944013158201752,0.9944013158201751
2014-02-19 12:05:00,1.7719999999999998,0.2679004923922921,1,0.9939232484688408,0.9939232484688408,0.9939232484688408
2014-02-19 12:10:00,1.9340000000000002,0.334153123069076,1,0.9934333760040284,0.9934333760040284,0.9934333760040285
2014-02-19 12:15:00,1.834,0.23410075004851816,1,0.9929314129528292,0.9929314129528292,0.9929314129528292
2014-02-19 12:20:00,1.76,0.28019336607720186,1,0.9924170672435276,0.9924170672435276,0.9924170672435275
2014-02-19 12:25:00,1.7719999999999998,0.2681322313683567,1,0.9918900400685148,0.9918900400685148,0.9918900400685149
2014-02-19 12:30:00,1.766,0.2745645383775346,1,0.9913500257451536,0.9913500257451536,0.9913500257451535
2014-02-19 12:35:00,1.8259999999999998,0.2265437210211905,1,0.9907967115746072,0.9907967115746072,0.9907967115746071
2014-02-19 12:40:00,1.9380000000000002,0.3389880026698035,1,0.9902297776986564,0.9902297776986564,0.9902297776986564
2014-02-19 12:45:00,1.7919999999999998,0.2497594072623626,1,0.9896488969545182,0.9896488969545182,0.9896488969545182
2014-02-19 12:50:00,1.804,0.23885422632399994,1,0.989053734727698,0.989053734727698,0.9890537347276981
2014-02-19 12:55:00,1.834,0.23299562533034274,1,0.9884439488028972,0.9884439488028972,0.9884439488028973
2014-02-19 13:00:00,1.8,0.24324876250149044,1,0.9878191892130114,0.9878191892130114,0.9878191892130114
2014-02-19 13:05:00,1.8,0.24324876250149044,1,0.987179098086258,0.9871790980862579,0.987179098086258
2014-02-19 13:10:00,1.996,0.4068732734660496,1,0.9865233094914724,0.9865233094914724,0.9865233094914725
2014-02-19 13:15:00,1.766,0.2764652127463597,1,0.9858514492816188,0.9858514492816188,0.9858514492816188
2014-02-19 13:20:00,1.824,0.2235397537361425,1,0.9851631349355688,0.9851631349355688,0.9851631349355688
2014-02-19 13:25:00,1.764,0.2785716935016069,1,0.9844579753982056,0.9844579753982056,0.9844579753982057
2014-02-19 13:30:00,1.7380000000000002,0.30548967299650465,1,0.9837355709189104,0.9837355709189104,0.9837355709189104
2014-02-19 13:35:00,1.86,0.25682139914393315,1,0.9829955128885096,0.9829955128885096,0.9829955128885095
2014-02-19 13:40:00,1.9380000000000002,0.3382746668790493,1,0.9822373836747456,0.9822373836747456,0.9822373836747457
2014-02-19 13:45:00,1.76,0.28250820818968064,1,0.9814607564563648,0.9814607564563648,0.9814607564563648
2014-02-19 13:50:00,1.766,0.27615201361196123,1,0.9806651950559008,0.9806651950559008,0.9806651950559007
2014-02-19 13:55:00,1.732,0.3120893257152881,1,0.9798502537712545,0.9798502537712545,0.9798502537712545
2014-02-19 14:00:00,1.8659999999999999,0.26262373457731897,1,0.979015477206175,0.979015477206175,0.979015477206175
2014-02-19 14:05:00,1.6059999999999999,0.4614379462125851,1,0.978160400099744,0.978160400099744,0.9781604000997439
2014-02-19 14:10:00,1.996,0.4058510757149687,1,0.9772845471549964,0.9772845471549964,0.9772845471549964
2014-02-19 14:15:00,1.8259999999999998,0.22559956192124725,1,0.976387432866794,0.976387432866794,0.976387432866794
2014-02-19 14:20:00,1.732,0.3104730546873459,1,0.9754685613490952,0.9754685613490952,0.9754685613490953
2014-02-19 14:25:00,1.8659999999999999,0.2625646721788599,1,0.9745274261617696,0.9745274261617696,0.9745274261617695
2014-02-19 14:30:00,1.7380000000000002,0.3046660087526818,1,0.9735635101371072,0.9735635101371072,0.9735635101371072
2014-02-19 14:35:00,1.764,0.2774852776795109,1,0.9725762852061977,0.9725762852061977,0.9725762852061975
2014-02-19 14:40:00,1.96,0.36259677455026057,1,0.9715652122253532,0.9715652122253532,0.9715652122253531
2014-02-19 14:45:00,1.7380000000000002,0.3040819707754024,1,0.9705297408027682,0.9705297408027682,0.9705297408027682
2014-02-19 14:50:00,1.766,0.2752243455829093,1,0.9694693091256104,0.9694693091256104,0.9694693091256104
2014-02-19 14:55:00,1.764,0.27705783838829584,1,0.9683833437877668,0.9683833437877668,0.9683833437877669
2014-02-19 15:00:00,1.766,0.27491104028187685,1,0.9672712596184648,0.9672712596184648,0.9672712596184648
2014-02-19 15:05:00,1.764,0.27678680197941546,1,0.966132459512006,0.966132459512006,0.9661324595120059
2014-02-19 15:10:00,2.0,0.4121386168297669,1,0.9649663342588732,0.9649663342588732,0.9649663342588732
2014-02-19 15:15:00,1.8,0.2414544146254544,1,0.963772262378476,0.963772262378476,0.9637722623784759
2014-02-19 15:20:00,1.76,0.2805905310179304,1,0.9625496099538098,0.9625496099538098,0.9625496099538098
2014-02-19 15:25:00,1.768,0.27192163740943337,1,0.961297730468342,0.961297730468342,0.961297730468342
2014-02-19 15:30:00,1.766,0.2734688777216149,1,0.9600159646454204,0.9600159646454204,0.9600159646454204
2014-02-19 15:35:00,1.7719999999999998,0.2671057055685677,1,0.9587036402905508,0.9587036402905508,0.9587036402905507
2014-02-19 15:40:00,2.0,0.4219107732389933,1,0.9573600721368786,0.9573600721368786,0.9573600721368786
2014-02-19 15:45:00,1.734,0.30713780103649496,1,0.9559845616942484,0.9559845616942484,0.9559845616942484
2014-02-19 15:50:00,1.8259999999999998,0.2292728228393877,1,0.9545763971022152,0.9545763971022152,0.9545763971022153
2014-02-19 15:55:00,1.706,0.3385193956410017,1,0.9531348529874168,0.9531348529874168,0.9531348529874168
2014-02-19 16:00:00,1.8,0.2396554876072996,1,0.95165919032572,0.95165919032572,0.95165919032572
2014-02-19 16:05:00,1.7,0.3447573324860576,1,0.9501486563095902,0.9501486563095902,0.9501486563095902
2014-02-19 16:10:00,2.056,0.4928596873008267,1,0.948602484221132,0.9486024842211321,0.948602484221132
2014-02-19 16:15:00,1.74,0.29971249003964245,1,0.9470198933112958,0.9470198933112958,0.9470198933112958
2014-02-19 16:20:00,1.766,0.2723083392858497,1,0.9454000886857372,0.9454000886857371,0.945400088685737
2014-02-19 16:25:00,1.7619999999999998,0.27623738408973936,1,0.9437422611978667,0.9437422611978667,0.9437422611978669
2014-02-19 16:30:00,1.732,0.3078415817218201,1,0.9420455873496312,0.9420455873496312,0.9420455873496312
2014-02-19 16:35:00,1.764,0.2735816291661889,1,0.9403092292005844,0.9403092292005844,0.9403092292005844
2014-02-19 16:40:00,1.93,0.337174244390763,1,0.9385323342858608,0.9385323342858608,0.9385323342858607
2014-02-19 16:45:00,1.766,0.2715345214996623,1,0.9367140355436432,0.9367140355436432,0.9367140355436433
2014-02-19 16:50:00,1.764,0.2737128521540884,1,0.9348534512527858,0.9348534512527858,0.9348534512527858
2014-02-19 16:55:00,1.8259999999999998,0.2301975364307807,1,0.932949684981232,0.932949684981232,0.932949684981232
2014-02-19 17:00:00,1.7719999999999998,0.2658985924984321,1,0.9310018255459368,0.9310018255459368,0.9310018255459367
2014-02-19 17:05:00,1.86,0.2623160943647751,1,0.9290089469849906,0.9290089469849906,0.9290089469849906
2014-02-19 17:10:00,2.0,0.4213619288713166,1,0.9269701085426888,0.9269701085426888,0.9269701085426887
2014-02-19 17:15:00,1.7719999999999998,0.2665497020779453,1,0.9248843546683032,0.9248843546683032,0.9248843546683032
2014-02-19 17:20:00,1.76,0.2791160053248704,1,0.922750715029351,0.922750715029351,0.922750715029351
2014-02-19 17:25:00,1.766,0.2726657300183224,1,0.9205682045401627,0.9205682045401627,0.9205682045401629
2014-02-19 17:30:00,1.806,0.2337030649730073,1,0.9183358234065968,0.9183358234065968,0.9183358234065968
2014-02-19 17:35:00,1.7619999999999998,0.2770214234054027,1,0.9160525571877524,0.9160525571877524,0.9160525571877525
2014-02-19 17:40:00,1.94,0.3485910204351095,1,0.9137173768755792,0.9137173768755791,0.913717376875579
2014-02-19 17:45:00,1.8,0.23979153028505426,1,0.9113292389932816,0.9113292389932816,0.9113292389932816
2014-02-19 17:50:00,1.76,0.2795733091678585,1,0.9088870857134672,0.9088870857134672,0.9088870857134672
2014-02-19 17:55:00,1.8659999999999999,0.2678287714737997,1,0.9063898449969824,0.9063898449969824,0.9063898449969823
2014-02-19 18:00:00,1.7380000000000002,0.3033831295349416,1,0.9038364307534312,0.9038364307534312,0.9038364307534311
2014-02-19 18:05:00,1.764,0.2761824805716179,1,0.9012257430243702,0.9012257430243702,0.9012257430243702
2014-02-19 18:10:00,1.964,0.3773893376029616,1,0.8985566681902077,0.8985566681902077,0.8985566681902077
2014-02-19 18:15:00,1.8,0.240582521768528,1,0.8958280792018518,0.8958280792018518,0.8958280792018518
2014-02-19 18:20:00,1.766,0.274032416518921,1,0.8930388358381706,0.8930388358381706,0.8930388358381706
2014-02-19 18:25:00,1.8,0.240864943307786,1,0.8901877849903459,0.8901877849903459,0.8901877849903459
2014-02-19 18:30:00,1.766,0.274867333617573,1,0.8872737609742145,0.8872737609742145,0.8872737609742145
2014-02-19 18:35:00,1.766,0.2747483538009501,1,0.8842955858717122,0.8842955858717122,0.8842955858717122
2014-02-19 18:40:00,1.9340000000000002,0.3414315290761721,1,0.8812520699025423,0.8812520699025423,0.8812520699025423
2014-02-19 18:45:00,1.766,0.2748563379050595,1,0.8781420118272028,0.8781420118272028,0.8781420118272028
2014-02-19 18:50:00,1.892,0.2945907234313962,1,0.8749641993825149,0.8749641993825149,0.8749641993825149
2014-02-19 18:55:00,1.604,0.4698129204676624,1,0.8717174097508009,0.8717174097508009,0.8717174097508009
2014-02-19 19:00:00,1.86,0.2609326861566983,1,0.8684004100638634,0.8684004100638634,0.8684004100638634
2014-02-19 19:05:00,1.706,0.34055928765406146,1,0.8650119579429126,0.8650119579429126,0.8650119579429126
2014-02-19 19:10:00,2.0580000000000003,0.4953088235866868,1,0.8615508020755978,0.8615508020755978,0.8615508020755978
2014-02-19 19:15:00,1.8,0.2409933915745173,1,0.8580156828312717,0.8580156828312717,0.8580156828312717
2014-02-19 19:20:00,1.8719999999999999,0.2720635660628824,1,0.854405332915637,0.854405332915637,0.854405332915637
2014-02-19 19:25:00,1.9240000000000002,0.32744477703950514,1,0.8507184780658686,0.8507184780658686,0.8507184780658686
2014-02-19 19:30:00,1.972,0.3831119282439299,1,0.8469538377873326,0.8469538377873326,0.8469538377873326
2014-02-19 19:35:00,1.9,0.29958449460802705,1,0.8431101261329635,0.8431101261329635,0.8431101261329635
2014-02-19 19:40:00,2.16,0.6157948058836094,1,0.8391860525263521,0.8391860525263521,0.8391860525263521
2014-02-19 19:45:00,1.8980000000000001,0.2950723537024647,1,0.8351803226295599,0.8351803226295599,0.8351803226295599
2014-02-19 19:50:00,1.964,0.368154323032818,1,0.8310916392566403,0.8310916392566403,0.8310916392566403
2014-02-19 19:55:00,1.932,0.3306369917994325,1,0.8269187033337926,0.8269187033337926,0.8269187033337926
2014-02-19 20:00:00,1.966,0.3687186274672821,1,0.8226602149070443,0.8226602149070443,0.8226602149070443
2014-02-19 20:05:00,2.0980000000000003,0.5283405882713248,1,0.8183148741982842,0.8183148741982842,0.8183148741982842
2014-02-19 20:10:00,2.1,0.5255946969521232,1,0.8138813827104135,0.8138813827104135,0.8138813827104135
2014-02-19 20:15:00,1.766,0.276550865295187,1,0.8093584443823231,0.8093584443823231,0.8093584443823231
2014-02-19 20:20:00,1.86,0.2535762631695178,1,0.8047447667943036,0.8047447667943036,0.8047447667943036
2014-02-19 20:25:00,1.974,0.3714112420335519,1,0.8000390624244499,0.8000390624244499,0.80003906242445
2014-02-19 20:30:00,1.992,0.3910197449327871,1,0.7952400499564912,0.7952400499564912,0.7952400499564912
2014-02-19 20:35:00,1.906,0.2963397192919583,1,0.7903464556394151,0.7903464556394151,0.7903464556394151
2014-02-19 20:40:00,2.16,0.5890754643033548,1,0.7853570146991236,0.7853570146991236,0.7853570146991236
2014-02-19 20:45:00,1.906,0.2942567439123995,1,0.7802704728022559,0.7802704728022559,0.7802704728022559
2014-02-19 20:50:00,1.9980000000000002,0.3922976836850812,1,0.775085587572197,0.775085587572197,0.775085587572197
2014-02-19 20:55:00,1.932,0.3190583227824614,1,0.7698011301571411,0.7698011301571411,0.7698011301571411
2014-02-19 21:00:00,2.0340000000000003,0.4312405917587294,1,0.7644158868499645,0.7644158868499645,0.7644158868499645
2014-02-19 21:05:00,1.9980000000000002,0.3879326486139131,1,0.7589286607594986,0.7589286607594986,0.7589286607594986
2014-02-19 21:10:00,2.224,0.6457248284493018,1,0.7533382735326392,0.7533382735326392,0.7533382735326392
2014-02-19 21:15:00,1.7719999999999998,0.2736584895146936,1,0.7476435671265776,0.7476435671265776,0.7476435671265776
2014-02-19 21:20:00,1.766,0.2789562954364521,1,0.7418434056302476,0.7418434056302476,0.7418434056302476
2014-02-19 21:25:00,1.834,0.2252947960088401,1,0.7359366771339131,0.7359366771339131,0.7359366771339131
2014-02-19 21:30:00,1.7619999999999998,0.2821851311384223,1,0.7299222956456326,0.7299222956456326,0.7299222956456326
2014-02-19 21:35:00,1.8,0.2473940436171236,1,0.7237992030531304,0.7237992030531304,0.7237992030531304
2014-02-19 21:40:00,1.94,0.3238706659768695,1,0.7175663711294089,0.7175663711294089,0.7175663711294089
2014-02-19 21:45:00,1.8259999999999998,0.2249732852588076,1,0.7112228035802163,0.7112228035802163,0.7112228035802163
2014-02-19 21:50:00,1.8319999999999999,0.2257094695440764,1,0.7047675381312716,0.7047675381312716,0.7047675381312716
2014-02-19 21:55:00,1.7380000000000002,0.3047790022976829,1,0.698199648652917,0.698199648652917,0.698199648652917
2014-02-19 22:00:00,1.766,0.2769809611062897,1,0.6915182473196357,0.6915182473196357,0.6915182473196357
2014-02-19 22:05:00,1.8659999999999999,0.25594208753977626,1,0.6847224868016417,0.6847224868016417,0.6847224868016417
2014-02-19 22:10:00,1.964,0.3532656338336115,1,0.6778115624854981,0.6778115624854981,0.6778115624854981
2014-02-19 22:15:00,1.834,0.228030202028406,1,0.6707847147204784,0.6707847147204784,0.6707847147204784
2014-02-19 22:20:00,1.734,0.3086949746247412,1,0.6636412310871366,0.6636412310871366,0.6636412310871366
2014-02-19 22:25:00,1.794,0.251327292078894,1,0.6563804486842948,0.6563804486842948,0.6563804486842948
2014-02-19 22:30:00,1.732,0.3101170922231553,1,0.6490017564304146,0.6490017564304146,0.6490017564304146
2014-02-19 22:35:00,1.8019999999999998,0.24393130756424145,1,0.6415045973750478,0.6415045973750478,0.6415045973750478
2014-02-19 22:40:00,1.9280000000000002,0.3155420499017789,1,0.6338884710158347,0.6338884710158347,0.6338884710158347
2014-02-19 22:45:00,1.764,0.2783422335302406,1,0.6261529356162405,0.6261529356162405,0.6261529356162405
2014-02-19 22:50:00,1.67,0.3763365976788641,1,0.6182976105190017,0.6182976105190017,0.6182976105190017
2014-02-19 22:55:00,1.8,0.2452657055398485,1,0.6103221784499866,0.6103221784499866,0.6103221784499866
2014-02-19 23:00:00,1.732,0.3094159722394698,1,0.6022263878069634,0.6022263878069634,0.6022263878069634
2014-02-19 23:05:00,1.76,0.2814644169534637,1,0.5940100549275251,0.5940100549275251,0.5940100549275251
2014-02-19 23:10:00,1.874,0.2645161255233699,1,0.5856730663302101,0.5856730663302101,0.5856730663302101
2014-02-19 23:15:00,1.8259999999999998,0.22336048408803805,1,0.5772153809226541,0.5772153809226541,0.5772153809226541
2014-02-19 23:20:00,1.67,0.37529876148210495,1,0.5686370321704082,0.5686370321704082,0.5686370321704082
2014-02-19 23:25:00,1.7280000000000002,0.3120464424360134,1,0.5599381302198818,0.5599381302198818,0.5599381302198818
2014-02-19 23:30:00,1.892,0.2828855852601051,1,0.551118863968718,0.551118863968718,0.551118863968718
2014-02-19 23:35:00,1.7380000000000002,0.3021173055833509,1,0.5421795030767389,0.5421795030767389,0.5421795030767389
2014-02-19 23:40:00,2.0540000000000003,0.4592268969349527,1,0.5331203999105024,0.5331203999105024,0.5331203999105024
2014-02-19 23:45:00,1.732,0.30756531411588195,1,0.5239419914143904,0.5239419914143904,0.5239419914143904
2014-02-19 23:50:00,1.8319999999999999,0.22865866916036776,1,0.5146448009010722,0.5146448009010722,0.5146448009010722
2014-02-19 23:55:00,1.662,0.3817801311335954,1,0.5052294397541363,0.5052294397541363,0.5052294397541363
2014-02-20 00:00:00,1.8719999999999999,0.26364380287006384,1,0.4956966090356518,0.4956966090356518,0.4956966090356518
2014-02-20 00:05:00,1.732,0.3067966168283553,1,0.4860471009914186,0.4860471009914186,0.4860471009914186
2014-02-20 00:10:00,1.996,0.3903430470504511,1,0.4762818004467008,0.4762818004467008,0.4762818004467008
2014-02-20 00:15:00,1.768,0.27181959590203314,1,0.4664016860852872,0.4664016860852872,0.46640168608528715
2014-02-20 00:20:00,1.76,0.2793126175025358,1,0.4564078316048284,0.4564078316048284,0.4564078316048284
2014-02-20 00:25:00,1.7719999999999998,0.2679647007889652,1,0.4463014067415162,0.4463014067415162,0.4463014067415162
2014-02-20 00:30:00,1.8,0.2429615261596821,1,0.43608367815732907,0.43608367815732907,0.43608367815732907
2014-02-20 00:35:00,1.734,0.3046780788085749,1,0.4257560101832722,0.4257560101832722,0.4257560101832722
2014-02-20 00:40:00,2.0340000000000003,0.4336039418888302,1,0.4153198654122592,0.4153198654122592,0.4153198654122592
2014-02-20 00:45:00,1.794,0.2485982804905737,1,0.4047768051355599,0.4047768051355599,0.40477680513555986
2014-02-20 00:50:00,1.8,0.24358969271518985,1,0.3941284896170315,0.3941284896170315,0.3941284896170315
2014-02-20 00:55:00,1.8,0.2438038842840332,1,0.3833766781996968,0.3833766781996968,0.38337667819969684
2014-02-20 01:00:00,1.7719999999999998,0.2688136594885252,1,0.3725232292396011,0.3725232292396011,0.37252322923960113
2014-02-20 01:05:00,1.734,0.3052482803855554,1,0.3615700998623003,0.3615700998623003,0.3615700998623003
2014-02-20 01:10:00,2.0340000000000003,0.4330119421303704,1,0.3505193455377616,0.3505193455377616,0.3505193455377616
2014-02-20 01:15:00,1.86,0.2520777769280061,1,0.3393731194699553,0.3393731194699553,0.33937311946995535
2014-02-20 01:20:00,1.806,0.2388836557193439,1,0.3281336717979126,0.3281336717979126,0.3281336717979126
2014-02-20 01:25:00,1.768,0.2724996756880838,1,0.31680334860557313,0.31680334860557313,0.31680334860557313
2014-02-20 01:30:00,1.834,0.2297229778909534,1,0.3053845907383164,0.3053845907383164,0.30538459073831636
2014-02-20 01:35:00,1.766,0.27464642328208194,1,0.2938799324246658,0.2938799324246658,0.2938799324246658
2014-02-20 01:40:00,2.03,0.4264426125711196,1,0.2822919997022824,0.2822919997022824,0.2822919997022824
2014-02-20 01:45:00,1.96,0.3483463865654332,1,0.2706235086480017,0.2706235086480017,0.27062350864800166
2014-02-20 01:50:00,1.6380000000000001,0.4080083486305375,1,0.2588772634123381,0.2588772634123381,0.2588772634123381
2014-02-20 01:55:00,1.834,0.2289495599284689,1,0.2470561540595541,0.24705615405955406,0.24705615405955403
2014-02-20 02:00:00,1.8,0.2448602815157681,1,0.2351631542150905,0.23516315421509046,0.23516315421509043
2014-02-20 02:05:00,1.8980000000000001,0.28517213494099497,1,0.22320131852285,0.22320131852285002,0.22320131852285
2014-02-20 02:10:00,2.0340000000000003,0.4280060922166789,1,0.21117377991553385,0.21117377991553385,0.21117377991553385
2014-02-20 02:15:00,1.828,0.22319246651286206,1,0.19908374670194548,0.19908374670194548,0.19908374670194548
2014-02-20 02:20:00,1.8,0.2456260715555961,1,0.18693449947587704,0.18693449947587704,0.18693449947587706
2014-02-20 02:25:00,1.84,0.2329812602045229,1,0.17472938785189635,0.17472938785189635,0.17472938785189635
2014-02-20 02:30:00,1.8259999999999998,0.2239278672492267,1,0.1624718270340452,0.1624718270340452,0.1624718270340452
2014-02-20 02:35:00,1.77,0.2724316927975535,1,0.15016529422413588,0.15016529422413588,0.15016529422413588
2014-02-20 02:40:00,1.966,0.3523871739150387,1,0.13781332487698894,0.13781332487698894,0.13781332487698894
2014-02-20 02:45:00,1.8,0.2458045079953748,1,0.12541950881059705,0.12541950881059705,0.12541950881059705
2014-02-20 02:50:00,1.798,0.247661781639135,1,0.1129874861798024,0.1129874861798024,0.11298748617980241
2014-02-20 02:55:00,1.8259999999999998,0.2241093799888151,1,0.1005209433226653,0.1005209433226653,0.1005209433226653
2014-02-20 03:00:00,1.7,0.3423618441260832,1,0.08802360848923628,0.08802360848923628,0.08802360848923627
2014-02-20 03:05:00,1.806,0.24065769334699816,1,0.07549924746296394,0.07549924746296394,0.07549924746296394
2014-02-20 03:10:00,2.656,0.9309418025648604,1,0.06295165908543503,0.06295165908543503,0.06295165908543503
2014-02-20 03:15:00,1.764,0.2751136617426348,1,0.05038467069556171,0.05038467069556171,0.05038467069556171
2014-02-20 03:20:00,1.734,0.3014328306319808,1,0.03780213349472245,0.03780213349472245,0.03780213349472245
2014-02-20 03:25:00,1.806,0.24055339159765665,1,0.025207917849680732,0.02520791784968073,0.025207917849680732
2014-02-20 03:30:00,1.8259999999999998,0.2253666295396225,1,0.01260590854538776,0.01260590854538776,0.01260590854538776
2014-02-20 03:35:00,1.706,0.3273149511960907,0,-0.0013749283898922796,-0.002749856779784559,-0.0013749283898922794
2014-02-20 03:40:00,1.932,0.3075390636138072,0,-0.002749427226526285,-0.00549885445305257,-0.002749427226526285
2014-02-20 03:45:00,1.766,0.2730069236885492,0,-0.00412306749327775,-0.008246134986555497,-0.004123067493277749
2014-02-20 03:50:00,1.76,0.2778319687471609,0,-0.005495421245366803,-0.010990842490733605,-0.005495421245366803
2014-02-20 03:55:00,1.7719999999999998,0.267881682273111,0,-0.006866062142226371,-0.013732124284452744,-0.006866062142226371
2014-02-20 04:00:00,1.8,0.2449932428260447,0,-0.0082345659756249,-0.0164691319512498,-0.0082345659756249
2014-02-20 04:05:00,1.732,0.30261899078484555,0,-0.009600511192157338,-0.019201022384314675,-0.009600511192157338
2014-02-20 04:10:00,2.026,0.399248420299085,0,-0.010963479408745123,-0.02192695881749025,-0.010963479408745124
2014-02-20 04:15:00,1.7,0.33189133001387794,0,-0.012323055919816394,-0.024646111839632792,-0.012323055919816394
2014-02-20 04:20:00,1.808,0.2379849907029509,0,-0.013678830194875577,-0.02735766038975115,-0.013678830194875575
2014-02-20 04:25:00,1.73,0.303429703825657,0,-0.015030396365214575,-0.030060792730429158,-0.015030396365214577
2014-02-20 04:30:00,1.824,0.2242613191124779,0,-0.016377353698564974,-0.03275470739712995,-0.016377353698564974
2014-02-20 04:35:00,1.7380000000000002,0.29748891431531865,0,-0.017719307060545125,-0.03543861412109025,-0.017719307060545125
2014-02-20 04:40:00,2.0580000000000003,0.4452449469616028,0,-0.019055867361812605,-0.03811173472362521,-0.019055867361812605
2014-02-20 04:45:00,1.672,0.3611796438868449,0,-0.02038665198989534,-0.04077330397979068,-0.02038665198989534
2014-02-20 04:50:00,1.794,0.2477886164559012,0,-0.02171128522473944,-0.04342257044947888,-0.02171128522473944
2014-02-20 04:55:00,1.74,0.294677942517675,0,-0.023029398637082053,-0.046058797274164114,-0.023029398637082053
2014-02-20 05:00:00,1.8,0.2426531819343793,0,-0.024340631468828842,-0.04868126293765767,-0.024340631468828835
2014-02-20 05:05:00,1.766,0.2714917835671317,0,-0.02564463099469025,-0.05128926198938051,-0.025644630994690255
2014-02-20 05:10:00,1.996,0.3771789351078674,0,-0.02694105286440801,-0.05388210572881602,-0.02694105286440801
2014-02-20 05:15:00,1.7280000000000002,0.30576327821329435,0,-0.02822956142498057,-0.05645912284996114,-0.028229561424980572
2014-02-20 05:20:00,1.834,0.2292380951336168,0,-0.029509830022376136,-0.05901966004475227,-0.02950983002237614
2014-02-20 05:25:00,1.7619999999999998,0.2750206824994719,0,-0.03078154128230151,-0.06156308256460302,-0.03078154128230151
2014-02-20 05:30:00,1.798,0.2445243264879325,0,-0.032044387369675,-0.06408877473935,-0.032044387369675
2014-02-20 05:35:00,1.824,0.22389824331401265,0,-0.03329807022653193,-0.06659614045306386,-0.03329807022653193
2014-02-20 05:40:00,1.942,0.3230936638398301,0,-0.03454230178816973,-0.06908460357633947,-0.03454230178816974
2014-02-20 05:45:00,1.732,0.3022340018295582,0,-0.035776804177418166,-0.07155360835483633,-0.03577680417741816
2014-02-20 05:50:00,1.8,0.2429464114657815,0,-0.03700130987699654,-0.07400261975399308,-0.03700130987699654
2014-02-20 05:55:00,1.766,0.27133422566187565,0,-0.038215561879994704,-0.07643112375998941,-0.038215561879994704
2014-02-20 06:00:00,1.798,0.2446337156364264,0,-0.03941931381858645,-0.0788386276371729,-0.03941931381858645
2014-02-20 06:05:00,1.766,0.2717218057374729,0,-0.04061233007115477,-0.08122466014230953,-0.040612330071154765
2014-02-20 06:10:00,1.966,0.3469249770618797,0,-0.04179438584807474,-0.08358877169614948,-0.04179438584807474
2014-02-20 06:15:00,1.768,0.2700480486020421,0,-0.042965267256464386,-0.08593053451292877,-0.042965267256464386
2014-02-20 06:20:00,1.824,0.22425807272487905,0,-0.04412477134427405,-0.0882495426885481,-0.04412477134427405
2014-02-20 06:25:00,1.7380000000000002,0.2976743937875178,0,-0.045272706124142484,-0.09054541224828497,-0.04527270612414248
2014-02-20 06:30:00,1.766,0.2721810675394685,0,-0.04640889057750087,-0.09281778115500174,-0.04640889057750087
2014-02-20 06:35:00,1.8,0.2435771318376119,0,-0.04753315463945615,-0.0950663092789123,-0.04753315463945615
2014-02-20 06:40:00,2.0,0.3824461107259581,0,-0.048645339165029874,-0.09729067833005976,-0.048645339165029874
2014-02-20 06:45:00,1.76,0.27767615944984303,0,-0.04974529587737142,-0.09949059175474284,-0.04974529587737142
2014-02-20 06:50:00,1.7719999999999998,0.26712574994714605,0,-0.05083288729860108,-0.10166577459720216,-0.050832887298601075
2014-02-20 06:55:00,1.8940000000000001,0.2787569455021988,0,-0.051907986663972665,-0.10381597332794533,-0.051907986663972665
2014-02-20 07:00:00,1.8,0.2441150509537497,0,-0.05297047782007388,-0.10594095564014776,-0.05297047782007388
2014-02-20 07:05:00,1.804,0.2409556347367521,0,-0.054020255107808585,-0.10804051021561717,-0.054020255107808585
2014-02-20 07:10:00,1.994,0.3752442794511324,0,-0.055057223230925885,-0.11011444646185177,-0.05505722323092589
2014-02-20 07:15:00,1.8319999999999999,0.2263024303675355,0,-0.05608129711087822,-0.11216259422175644,-0.05608129711087822
2014-02-20 07:20:00,1.766,0.2736272202127826,0,-0.057092401728804434,-0.11418480345760887,-0.05709240172880444
2014-02-20 07:25:00,1.764,0.2752724903851451,0,-0.05809047195544253,-0.11618094391088506,-0.05809047195544252
2014-02-20 07:30:00,1.764,0.2750600173096136,0,-0.059075452369783885,-0.11815090473956776,-0.059075452369783885
2014-02-20 07:35:00,1.798,0.2460080736391293,0,-0.060047297067282485,-0.12009459413456496,-0.060047297067282485
2014-02-20 07:40:00,1.932,0.3130632745366225,0,-0.06100596945843206,-0.12201193891686413,-0.06100596945843206
2014-02-20 07:45:00,1.8,0.24429844859028824,0,-0.06195144205852041,-0.12390288411704085,-0.06195144205852041
2014-02-20 07:50:00,1.732,0.304353674840851,0,-0.0628836962693629,-0.1257673925387258,-0.0628836962693629
2014-02-20 07:55:00,1.8,0.24412247304301274,0,-0.06380272215380746,-0.12760544430761492,-0.06380272215380746
2014-02-20 08:00:00,1.798,0.2459563207173616,0,-0.06470851820379159,-0.12941703640758315,-0.06470851820379159
2014-02-20 08:05:00,1.766,0.2733662049503753,0,-0.06560109110271665,-0.1312021822054333,-0.06560109110271665
2014-02-20 08:10:00,1.93,0.3114212857792917,0,-0.066480455482888,-0.132960910965776,-0.066480455482888
2014-02-20 08:15:00,1.8,0.2442340785719008,0,-0.06734663367875082,-0.13469326735750164,-0.06734663367875082
2014-02-20 08:20:00,1.734,0.3022330385351966,0,-0.06819965547663115,-0.1363993109532623,-0.06819965547663115
2014-02-20 08:25:00,1.768,0.27111990117910306,0,-0.06903955786166811,-0.13807911572333625,-0.06903955786166811
2014-02-20 08:30:00,1.732,0.3036883560737029,0,-0.06986638476260161,-0.13973276952520322,-0.06986638476260161
2014-02-20 08:35:00,1.766,0.2726092407180715,0,-0.07068018679505289,-0.14136037359010578,-0.07068018679505289
2014-02-20 08:40:00,1.9340000000000002,0.3158404582827369,0,-0.07148102100391124,-0.14296204200782248,-0.07148102100391124
2014-02-20 08:45:00,1.73,0.3052514044547457,0,-0.0722689506054118,-0.1445379012108236,-0.0722689506054118
2014-02-20 08:50:00,1.8,0.2432694615748665,0,-0.07304404472946338,-0.14608808945892676,-0.07304404472946338
2014-02-20 08:55:00,1.732,0.3031079926289106,0,-0.0738063781627561,-0.1476127563255122,-0.0738063781627561
2014-02-20 09:00:00,1.8319999999999999,0.2274453175510956,0,-0.07455603109315125,-0.1491120621863025,-0.07455603109315125
2014-02-20 09:05:00,1.732,0.3026017387375621,0,-0.07529308885582663,-0.15058617771165325,-0.07529308885582663
2014-02-20 09:10:00,1.964,0.3462375368699309,0,-0.07601764168162238,-0.15203528336324476,-0.07601764168162238
2014-02-20 09:15:00,1.766,0.27186484764314645,0,-0.07672978444800367,-0.15345956889600734,-0.07672978444800367
2014-02-20 09:20:00,1.8,0.2428353769510877,0,-0.07742961643302831,-0.15485923286605666,-0.07742961643302831
2014-02-20 09:25:00,1.734,0.30066494250060577,0,-0.07811724107267896,-0.15623448214535793,-0.07811724107267896
2014-02-20 09:30:00,1.8,0.24256922037904666,0,-0.07879276572189269,-0.15758553144378534,-0.07879276572189269
2014-02-20 09:35:00,1.758,0.2785001822606011,0,-0.07945630141959244,-0.15891260283918487,-0.07945630141959244
2014-02-20 09:40:00,2.002,0.3856502876616331,0,-0.08010796265799926,-0.16021592531599851,-0.08010796265799926
2014-02-20 09:45:00,1.732,0.3020594474235819,0,-0.08074786715647758,-0.16149573431295516,-0.08074786715647757
2014-02-20 09:50:00,1.7719999999999998,0.2657416793492834,0,-0.08137613564014047,-0.16275227128028094,-0.08137613564014047
2014-02-20 09:55:00,1.768,0.26922864549257314,0,-0.08199289162341822,-0.16398578324683644,-0.08199289162341823
2014-02-20 10:00:00,1.8259999999999998,0.22373222932952813,0,-0.08259826119876837,-0.16519652239753674,-0.08259826119876838
2014-02-20 10:05:00,1.734,0.2997036247765738,0,-0.08319237283068404,-0.16638474566136807,-0.08319237283068404
2014-02-20 10:10:00,1.976,0.360023682206141,0,-0.08377535715513414,-0.16755071431026827,-0.08377535715513414
2014-02-20 10:15:00,1.7280000000000002,0.30473825571701674,0,-0.08434734678454935,-0.1686946935690987,-0.08434734678454935
2014-02-20 10:20:00,1.804,0.2382478405968201,0,-0.08490847611844599,-0.16981695223689197,-0.084908476118446
2014-02-20 10:25:00,1.6980000000000002,0.3337157620975225,0,-0.08545888115976279,-0.17091776231952555,-0.08545888115976279
2014-02-20 10:30:00,1.8,0.2414522205249669,0,-0.08599869933696516,-0.17199739867393032,-0.08599869933696516
2014-02-20 10:35:00,1.8259999999999998,0.22440028951783814,0,-0.08652806933195674,-0.17305613866391348,-0.08652806933195674
2014-02-20 10:40:00,1.874,0.2633563357824055,0,-0.0870471309138197,-0.1740942618276394,-0.0870471309138197
2014-02-20 10:45:00,1.73,0.30280696967209314,0,-0.0875560247783913,-0.1751120495567826,-0.0875560247783913
2014-02-20 10:50:00,1.794,0.2461201016489647,0,-0.08805489239366927,-0.17610978478733855,-0.08805489239366927
2014-02-20 10:55:00,1.706,0.325615337580408,0,-0.08854387585102565,-0.1770877517020513,-0.08854387585102565
2014-02-20 11:00:00,1.764,0.2714683676255204,0,-0.08902311772219591,-0.17804623544439185,-0.08902311772219591
2014-02-20 11:05:00,1.766,0.2695905537655766,0,-0.0894927609219988,-0.1789855218439976,-0.0894927609219988
2014-02-20 11:10:00,2.0340000000000003,0.4223193938494616,0,-0.08995294857673165,-0.1799058971534633,-0.08995294857673165
2014-02-20 11:15:00,1.798,0.24264624416371586,0,-0.0904038238981761,-0.1808076477963522,-0.0904038238981761
2014-02-20 11:20:00,1.732,0.3010732948344039,0,-0.09084553006314032,-0.18169106012628064,-0.09084553006314032
2014-02-20 11:25:00,1.7919999999999998,0.24780124101780565,0,-0.09127821009845556,-0.1825564201969111,-0.09127821009845555
2014-02-20 11:30:00,1.764,0.27210385198175896,0,-0.09170200677133708,-0.18340401354267416,-0.09170200677133708
2014-02-20 11:35:00,1.774,0.263247510451469,0,-0.09211706248501393,-0.18423412497002786,-0.09211706248501393
2014-02-20 11:40:00,1.93,0.3151238036731476,0,-0.09252351917952477,-0.18504703835904954,-0.09252351917952477
2014-02-20 11:45:00,1.766,0.27045146770919953,0,-0.09292151823757257,-0.1858430364751451,-0.09292151823757255
2014-02-20 11:50:00,1.734,0.2997358607042792,0,-0.09331120039532642,-0.18662240079065284,-0.09331120039532642
2014-02-20 11:55:00,1.76,0.2757739197444905,0,-0.0936927056580541,-0.1873854113161082,-0.0936927056580541
2014-02-20 12:00:00,1.7380000000000002,0.29612818947243397,0,-0.09406617322046608,-0.18813234644093216,-0.09406617322046609
2014-02-20 12:05:00,1.828,0.2262910554707918,0,-0.09443174139164902,-0.18886348278329804,-0.09443174139164902
2014-02-20 12:10:00,1.966,0.3516857488996951,0,-0.0947895475244637,-0.1895790950489274,-0.0947895475244637
2014-02-20 12:15:00,1.7,0.3336737547854461,0,-0.0951397279492816,-0.1902794558985632,-0.0951397279492816
2014-02-20 12:20:00,1.734,0.3004217950252453,0,-0.09548241791193186,-0.19096483582386373,-0.09548241791193186
2014-02-20 12:25:00,1.804,0.23864447648308515,0,-0.09581775151573027,-0.19163550303146054,-0.09581775151573028
2014-02-20 12:30:00,1.7,0.33363843798674897,0,-0.09614586166746077,-0.19229172333492156,-0.09614586166746077
2014-02-20 12:35:00,1.798,0.2434855765266839,0,-0.09646688002718044,-0.1929337600543609,-0.09646688002718043
2014-02-20 12:40:00,1.994,0.38057208772549145,0,-0.09678093696171833,-0.19356187392343666,-0.09678093696171833
2014-02-20 12:45:00,1.734,0.3007776151444338,0,-0.09708816150173996,-0.1941763230034799,-0.09708816150173995
2014-02-20 12:50:00,1.766,0.2713231491783981,0,-0.09738868130224887,-0.19477736260449774,-0.09738868130224888
2014-02-20 12:55:00,1.794,0.2473411989317736,0,-0.09768262260639923,-0.19536524521279847,-0.09768262260639923
2014-02-20 13:00:00,1.798,0.24410038283349,0,-0.09797011021249304,-0.19594022042498607,-0.09797011021249304
2014-02-20 13:05:00,1.77,0.2680499984285624,0,-0.09825126744403867,-0.1965025348880773,-0.09825126744403867
2014-02-20 13:10:00,1.964,0.34869377784213,0,-0.0985262161227481,-0.1970524322454962,-0.0985262161227481
2014-02-20 13:15:00,1.8,0.2425273558054437,0,-0.09879507654435242,-0.19759015308870484,-0.09879507654435242
2014-02-20 13:20:00,1.734,0.3007962368638782,0,-0.09905796745711752,-0.19811593491423504,-0.09905796745711752
2014-02-20 13:25:00,1.764,0.2731825273927742,0,-0.09931500604294363,-0.1986300120858873,-0.09931500604294365
2014-02-20 13:30:00,1.764,0.2731522788612638,0,-0.0995663079009353,-0.1991326158018706,-0.0995663079009353
2014-02-20 13:35:00,1.798,0.2439686222301797,0,-0.09981198703332993,-0.19962397406665985,-0.09981198703332991
2014-02-20 13:40:00,1.994,0.37976495892490203,0,-0.10005215583367676,-0.2001043116673535,-0.10005215583367676
2014-02-20 13:45:00,1.6980000000000002,0.3353947594531548,0,-0.10028692507715978,-0.2005738501543196,-0.10028692507715978
2014-02-20 13:50:00,1.806,0.2371783226106025,0,-0.10051640391296104,-0.2010328078259221,-0.10051640391296104
2014-02-20 13:55:00,1.794,0.24700557167378245,0,-0.10074069985856386,-0.20148139971712767,-0.10074069985856386
2014-02-20 14:00:00,1.7719999999999998,0.265588658050354,0,-0.1009599187958977,-0.2019198375917954,-0.1009599187958977
2014-02-20 14:05:00,1.764,0.2725095706642873,0,-0.10117416496922996,-0.20234832993845991,-0.10117416496922996
2014-02-20 14:10:00,1.966,0.3504683235202408,0,-0.10138354098471183,-0.2027670819694237,-0.10138354098471185
2014-02-20 14:15:00,1.764,0.2723600534990788,0,-0.1015881478114892,-0.20317629562297845,-0.10158814781148921
2014-02-20 14:20:00,1.8980000000000001,0.28511594523566586,0,-0.10178808478429152,-0.20357616956858304,-0.10178808478429152
2014-02-20 14:25:00,1.966,0.35039712964581826,0,-0.10198344960741516,-0.20396689921483036,-0.10198344960741516
2014-02-20 14:30:00,2.026,0.4122559578103305,0,-0.10217433836002003,-0.2043486767200401,-0.10217433836002004
2014-02-20 14:35:00,1.966,0.34782661567244905,0,-0.10236084550266134,-0.20472169100532267,-0.10236084550266134
2014-02-20 14:40:00,2.176,0.5736198572274086,0,-0.1025430638849808,-0.20508612776996166,-0.10254306388498081
2014-02-20 14:45:00,1.992,0.3704119484730279,0,-0.10272108475448508,-0.20544216950897015,-0.10272108475448509
2014-02-20 14:50:00,2.006,0.3834300185940286,0,-0.10289499776634088,-0.20578999553268176,-0.10289499776634088
2014-02-20 14:55:00,1.966,0.3419939872283288,0,-0.10306489099411972,-0.20612978198823945,-0.10306489099411971
2014-02-20 15:00:00,2.1,0.4803064303794886,0,-0.10323085094142744,-0.20646170188285487,-0.10323085094142744
2014-02-20 15:05:00,1.966,0.33915419156098703,0,-0.1033929625543566,-0.2067859251087132,-0.10339296255435661
2014-02-20 15:10:00,2.032,0.4047269164576199,0,-0.1035513092347016,-0.20710261846940325,-0.10355130923470161
2014-02-20 15:15:00,1.79,0.2549819595215826,0,-0.10370597285387986,-0.20741194570775973,-0.10370597285387986
2014-02-20 15:20:00,1.7380000000000002,0.2995733851721515,0,-0.10385703376750394,-0.20771406753500787,-0.10385703376750394
2014-02-20 15:25:00,1.8259999999999998,0.22664267466516397,0,-0.10400457083055246,-0.20800914166110493,-0.10400457083055246
2014-02-20 15:30:00,1.798,0.2483206452644409,0,-0.10414866141308952,-0.20829732282617905,-0.10414866141308951
2014-02-20 15:35:00,1.7380000000000002,0.2997545685790173,0,-0.1042893814164847,-0.2085787628329694,-0.1042893814164847
2014-02-20 15:40:00,2.0,0.3718302240077536,0,-0.1044268052900882,-0.20885361058017646,-0.10442680529008821
2014-02-20 15:45:00,1.8,0.2468905000831956,0,-0.10456100604831736,-0.20912201209663472,-0.10456100604831736
2014-02-20 15:50:00,1.734,0.3035184593146165,0,-0.10469205528811278,-0.20938411057622555,-0.10469205528811278
2014-02-20 15:55:00,1.892,0.2708985780587085,0,-0.10482002320672512,-0.20964004641345024,-0.10482002320672511
2014-02-20 16:00:00,1.706,0.3297819094039345,0,-0.10494497861979436,-0.20988995723958875,-0.10494497861979436
2014-02-20 16:05:00,1.798,0.2487260407690705,0,-0.1050669889796862,-0.2101339779593724,-0.10506698897968621
2014-02-20 16:10:00,1.966,0.3375562988810372,0,-0.1051861203940513,-0.2103722407881026,-0.1051861203940513
2014-02-20 16:15:00,1.766,0.27534293503912965,0,-0.10530243764457548,-0.21060487528915092,-0.10530243764457548
2014-02-20 16:20:00,1.734,0.30346625637327834,0,-0.1054160042058903,-0.2108320084117806,-0.1054160042058903
2014-02-20 16:25:00,1.768,0.2734095357427945,0,-0.10552688226461507,-0.21105376452923014,-0.10552688226461507
2014-02-20 16:30:00,1.732,0.3051570873771653,0,-0.10563513273850296,-0.2112702654770059,-0.10563513273850295
2014-02-20 16:35:00,1.834,0.2246417345085138,0,-0.10574081529566552,-0.21148163059133104,-0.10574081529566552
2014-02-20 16:40:00,1.9280000000000002,0.30231460171505203,0,-0.1058439883738514,-0.2116879767477028,-0.10584398837385141
2014-02-20 16:45:00,1.8,0.2469208775956435,0,-0.10594470919975583,-0.21188941839951167,-0.10594470919975583
2014-02-20 16:50:00,1.694,0.3412866066920445,0,-0.10604303380833986,-0.21208606761667967,-0.10604303380833986
2014-02-20 16:55:00,1.86,0.2448974193117328,0,-0.10613901706213864,-0.2122780341242773,-0.10613901706213863
2014-02-20 17:00:00,1.7,0.33551131110874577,0,-0.10623271267053992,-0.21246542534107984,-0.10623271267053991
2014-02-20 17:05:00,1.864,0.24794042316208315,0,-0.10632417320901458,-0.21264834641802915,-0.10632417320901458
2014-02-20 17:10:00,1.936,0.30963839926823944,0,-0.106413450138283,-0.212826900276566,-0.10641345013828299
2014-02-20 17:15:00,1.806,0.2423472190270527,0,-0.10650059382340077,-0.2130011876468015,-0.10650059382340075
2014-02-20 17:20:00,1.766,0.2757537467835243,0,-0.10658565355275004,-0.21317130710550009,-0.10658565355275004
2014-02-20 17:25:00,1.8,0.2473456842185001,0,-0.10666867755692228,-0.21333735511384455,-0.10666867755692229
2014-02-20 17:30:00,1.79,0.2556141277856199,0,-0.10674971302747993,-0.21349942605495986,-0.10674971302747993
2014-02-20 17:35:00,1.7,0.3367882819782846,0,-0.10682880613558536,-0.2136576122711707,-0.10682880613558535
2014-02-20 17:40:00,1.942,0.31584668277847033,0,-0.10690600205048599,-0.213812004100972,-0.10690600205048599
2014-02-20 17:45:00,1.8319999999999999,0.22282501734206253,0,-0.10698134495784584,-0.21396268991569167,-0.10698134495784584
2014-02-20 17:50:00,1.766,0.276079053508831,0,-0.10705487807791376,-0.2141097561558275,-0.10705487807791375
2014-02-20 17:55:00,1.758,0.2830634955741614,0,-0.10712664368352033,-0.21425328736704066,-0.10712664368352033
2014-02-20 18:00:00,1.806,0.2426480378360112,0,-0.10719668311789544,-0.2143933662357909,-0.10719668311789544
2014-02-20 18:05:00,1.766,0.2759707322651373,0,-0.10726503681229912,-0.21453007362459825,-0.10726503681229912
2014-02-20 18:10:00,1.93,0.3048329024391959,0,-0.10733174430345968,-0.21466348860691933,-0.10733174430345967
2014-02-20 18:15:00,1.7919999999999998,0.2536715198275344,0,-0.10739684425081288,-0.21479368850162572,-0.10739684425081288
2014-02-20 18:20:00,1.804,0.2440042875428856,0,-0.1074603744535371,-0.2149207489070742,-0.1074603744535371
2014-02-20 18:25:00,1.794,0.25223181163372915,0,-0.10752237186737956,-0.2150447437347591,-0.10752237186737955
2014-02-20 18:30:00,1.8,0.24743647674230546,0,-0.1075828726212695,-0.21516574524253898,-0.1075828726212695
2014-02-20 18:35:00,1.774,0.26903212239124996,0,-0.10764191203371476,-0.2152838240674295,-0.10764191203371475
2014-02-20 18:40:00,2.0,0.3730256868699693,0,-0.10769952462897804,-0.21539904925795605,-0.10769952462897803
2014-02-20 18:45:00,1.834,0.22425934611537487,0,-0.10775574415303067,-0.21551148830606134,-0.10775574415303069
2014-02-20 18:50:00,1.8319999999999999,0.2227301505205743,0,-0.10781060358928106,-0.21562120717856206,-0.10781060358928106
2014-02-20 18:55:00,1.794,0.2527532514553746,0,-0.10786413517407573,-0.21572827034815145,-0.10786413517407571
2014-02-20 19:00:00,1.806,0.2428586552190889,0,-0.10791637041197186,-0.2158327408239437,-0.10791637041197186
2014-02-20 19:05:00,1.8,0.24788525774861786,0,-0.10796734009077966,-0.2159346801815593,-0.10796734009077966
2014-02-20 19:10:00,1.996,0.3683287891410244,0,-0.10801707429637347,-0.21603414859274692,-0.10801707429637347
2014-02-20 19:15:00,1.8,0.2480495408133701,0,-0.10806560242727152,-0.21613120485454304,-0.10806560242727152
2014-02-20 19:20:00,1.8319999999999999,0.22307082192217734,0,-0.10811295320898336,-0.2162259064179667,-0.10811295320898336
2014-02-20 19:25:00,1.8,0.2482423439856164,0,-0.10815915470812547,-0.21631830941625094,-0.10815915470812548
2014-02-20 19:30:00,1.8940000000000001,0.27210145976949474,0,-0.10820423434630484,-0.21640846869260968,-0.10820423434630483
2014-02-20 19:35:00,1.806,0.24375746937098464,0,-0.10824821891377084,-0.2164964378275417,-0.10824821891377083
2014-02-20 19:40:00,2.066,0.4404636246646207,0,-0.1082911345828367,-0.2165822691656734,-0.1082911345828367
2014-02-20 19:45:00,1.8,0.24891872153502595,0,-0.10833300692107062,-0.21666601384214124,-0.10833300692107062
2014-02-20 19:50:00,1.8319999999999999,0.2240694475674568,0,-0.10837386090425796,-0.21674772180851595,-0.10837386090425796
2014-02-20 19:55:00,1.86,0.2430568420471575,0,-0.1084137209291358,-0.2168274418582716,-0.1084137209291358
2014-02-20 20:00:00,1.806,0.2448858436902297,0,-0.10845261082590107,-0.21690522165180212,-0.10845261082590107
2014-02-20 20:05:00,1.8,0.2495983798879,0,-0.1084905538704938,-0.2169811077409876,-0.10849055387049379
2014-02-20 20:10:00,2.0340000000000003,0.40594454595306745,0,-0.10852757279665734,-0.21705514559331468,-0.10852757279665734
2014-02-20 20:15:00,1.79,0.2581506533846548,0,-0.10856368980777722,-0.21712737961555445,-0.10856368980777722
2014-02-20 20:20:00,1.906,0.2813208602932014,0,-0.10859892658850058,-0.2171978531770012,-0.10859892658850058
2014-02-20 20:25:00,1.8319999999999999,0.22467998471560988,0,-0.1086333043161382,-0.2172666086322764,-0.1086333043161382
2014-02-20 20:30:00,1.8940000000000001,0.2710484330409728,0,-0.10866684367185148,-0.21733368734370295,-0.10866684367185149
2014-02-20 20:35:00,1.804,0.2462852647078584,0,-0.10869956485162637,-0.21739912970325276,-0.10869956485162637
2014-02-20 20:40:00,2.0,0.3723596112953401,0,-0.10873148757703653,-0.21746297515407306,-0.10873148757703653
2014-02-20 20:45:00,1.766,0.27831441392148737,0,-0.1087626311057985,-0.21752526221159701,-0.1087626311057985
2014-02-20 20:50:00,1.828,0.2263601514868525,0,-0.10879301424212093,-0.21758602848424186,-0.10879301424212091
2014-02-20 20:55:00,1.74,0.3013461400956419,0,-0.10882265534685044,-0.21764531069370088,-0.10882265534685044
2014-02-20 21:00:00,1.766,0.2770956238445596,0,-0.10885157234741716,-0.21770314469483432,-0.10885157234741716
2014-02-20 21:05:00,1.892,0.2730801742171743,0,-0.10887978274758177,-0.2177595654951635,-0.10887978274758175
2014-02-20 21:10:00,1.8719999999999999,0.2567068021719635,0,-0.10890730363698746,-0.21781460727397486,-0.10890730363698746
2014-02-20 21:15:00,1.8259999999999998,0.2254904183290037,0,-0.10893415170051923,-0.2178683034010385,-0.10893415170051925
2014-02-20 21:20:00,1.74,0.3007564205700852,0,-0.108960343227473,-0.21792068645494603,-0.108960343227473
2014-02-20 21:25:00,1.766,0.27617915856109193,0,-0.10898589412053768,-0.21797178824107533,-0.10898589412053768
2014-02-20 21:30:00,1.7619999999999998,0.2793204287972765,0,-0.10901081990459294,-0.21802163980918587,-0.10901081990459294
2014-02-20 21:35:00,1.9,0.2845354782745915,0,-0.1090351357353252,-0.2180702714706504,-0.10903513573532521
2014-02-20 21:40:00,1.906,0.2901501877579765,0,-0.10905885640766493,-0.21811771281532985,-0.10905885640766491
2014-02-20 21:45:00,1.8,0.2450283584473284,0,-0.10908199636404776,-0.2181639927280955,-0.10908199636404775
2014-02-20 21:50:00,1.8,0.2447447725747948,0,-0.10910456970250283,-0.2182091394050057,-0.10910456970250285
2014-02-20 21:55:00,1.798,0.2459893094742065,0,-0.1091265901845705,-0.21825318036914101,-0.1091265901845705
2014-02-20 22:00:00,1.734,0.30475689315996146,0,-0.10914807124305237,-0.21829614248610474,-0.10914807124305237
2014-02-20 22:05:00,1.8,0.2431758931366456,0,-0.10916902598959714,-0.2183380519791943,-0.10916902598959714
2014-02-20 22:10:00,2.0,0.3954768205848233,0,-0.10918946722212408,-0.21837893444424816,-0.10918946722212408
2014-02-20 22:15:00,1.766,0.2735251672557737,0,-0.10920940743208757,-0.2184188148641752,-0.10920940743208758
2014-02-20 22:20:00,1.7,0.34040550757031435,0,-0.1092288588115854,-0.2184577176231708,-0.10922885881158541
2014-02-20 22:25:00,1.8259999999999998,0.2252596877616856,0,-0.10924783326031334,-0.21849566652062669,-0.10924783326031334
2014-02-20 22:30:00,1.7719999999999998,0.26752359725959945,0,-0.10926634239236906,-0.2185326847847381,-0.10926634239236906
2014-02-20 22:35:00,1.8659999999999999,0.2602954498517143,0,-0.1092843975429079,-0.2185687950858158,-0.1092843975429079
2014-02-20 22:40:00,1.99,0.3884227953999685,0,-0.10930200977465326,-0.21860401954930653,-0.10930200977465326
2014-02-20 22:45:00,1.7719999999999998,0.26781205480892023,0,-0.1093191898842644,-0.2186383797685288,-0.1093191898842644
2014-02-20 22:50:00,1.8259999999999998,0.22507601684733944,0,-0.10933594840856414,-0.2186718968171283,-0.10933594840856414
2014-02-20 22:55:00,1.7,0.33980369519392484,0,-0.10935229563062923,-0.21870459126125846,-0.10935229563062923
2014-02-20 23:00:00,1.8659999999999999,0.2600856242679325,0,-0.10936824158574593,-0.21873648317149186,-0.10936824158574592
2014-02-20 23:05:00,1.766,0.2733825761584467,0,-0.1093837960672334,-0.2187675921344668,-0.10938379606723339
2014-02-20 23:10:00,1.972,0.3677922702167217,0,-0.10939896863213756,-0.21879793726427516,-0.10939896863213756
2014-02-20 23:15:00,1.834,0.2318728122898843,0,-0.1094137686067978,-0.2188275372135956,-0.10941376860679779
2014-02-20 23:20:00,1.868,0.2618802189085724,0,-0.10942820509228887,-0.21885641018457772,-0.10942820509228887
2014-02-20 23:25:00,1.9240000000000002,0.3160824829723009,0,-0.10944228696974108,-0.21888457393948216,-0.10944228696974108
2014-02-20 23:30:00,1.794,0.24823169983261184,0,-0.10945602290554036,-0.2189120458110807,-0.10945602290554035
2014-02-20 23:35:00,1.7380000000000002,0.30139381242654883,0,-0.10946942135641123,-0.21893884271282246,-0.10946942135641123
2014-02-20 23:40:00,2.056,0.4631833889809003,0,-0.1094824905743848,-0.2189649811487696,-0.1094824905743848
2014-02-20 23:45:00,1.804,0.2397282634219948,0,-0.10949523861165412,-0.21899047722330825,-0.10949523861165412
2014-02-20 23:50:00,1.8,0.2433115811740783,0,-0.1095076733253192,-0.2190153466506384,-0.1095076733253192
2014-02-20 23:55:00,1.8219999999999998,0.22506558161801127,0,-0.10951980238202406,-0.21903960476404813,-0.10951980238202406
2014-02-21 00:00:00,1.84,0.23529087911798816,0,-0.10953163326248788,-0.21906326652497576,-0.10953163326248788
2014-02-21 00:05:00,1.8,0.2441725808621216,0,-0.1095431732659326,-0.2190863465318652,-0.1095431732659326
2014-02-21 00:10:00,2.062,0.4682730385728322,0,-0.10955442951440902,-0.21910885902881805,-0.10955442951440902
2014-02-21 00:15:00,1.86,0.25158035792812217,0,-0.1095654089570236,-0.2191308179140472,-0.1095654089570236
2014-02-21 00:20:00,1.806,0.2395798024735057,0,-0.10957611837406796,-0.21915223674813591,-0.10957611837406796
2014-02-21 00:25:00,1.8,0.24524199512349595,0,-0.1095865643810533,-0.2191731287621066,-0.1095865643810533
2014-02-21 00:30:00,1.8659999999999999,0.2563801173470377,0,-0.1095967534326516,-0.2191935068653032,-0.10959675343265159
2014-02-21 00:35:00,1.858,0.2493182505043687,0,-0.10960669182654564,-0.2192133836530913,-0.10960669182654564
2014-02-21 00:40:00,2.032,0.430574773100966,0,-0.10961638570718994,-0.21923277141437988,-0.10961638570718994
2014-02-21 00:45:00,1.774,0.2693411889461123,0,-0.10962584106948424,-0.21925168213896848,-0.10962584106948424
2014-02-21 00:50:00,1.8,0.24590800102952184,0,-0.10963506376236164,-0.21927012752472327,-0.10963506376236164
2014-02-21 00:55:00,1.8559999999999999,0.2473171828045421,0,-0.10964405949229326,-0.21928811898458653,-0.10964405949229326
2014-02-21 01:00:00,1.962,0.3520418492043853,0,-0.10965283382671116,-0.2193056676534223,-0.10965283382671115
2014-02-21 01:05:00,1.7380000000000002,0.30545443826058993,0,-0.1096613921973512,-0.2193227843947024,-0.1096613921973512
2014-02-21 01:10:00,1.964,0.3535376185545697,0,-0.10966973990351786,-0.21933947980703566,-0.10966973990351786
2014-02-21 01:15:00,1.834,0.22768224868885475,0,-0.10967788211527256,-0.2193557642305451,-0.10967788211527255
2014-02-21 01:20:00,1.7919999999999998,0.2540161306346443,0,-0.10968582387654703,-0.21937164775309406,-0.10968582387654703
2014-02-21 01:25:00,1.806,0.2416815974028153,0,-0.10969357010818397,-0.2193871402163679,-0.10969357010818395
2014-02-21 01:30:00,1.8,0.2470757224375796,0,-0.10970112561090564,-0.21940225122181128,-0.10970112561090563
2014-02-21 01:35:00,1.798,0.2488552414881223,0,-0.1097084950682131,-0.2194169901364262,-0.1097084950682131
2014-02-21 01:40:00,1.992,0.3846891443443762,0,-0.1097156830492168,-0.2194313660984336,-0.10971568304921679
2014-02-21 01:45:00,1.7719999999999998,0.2730199833482768,0,-0.10972269401140028,-0.21944538802280056,-0.10972269401140028
2014-02-21 01:50:00,1.734,0.31047909154114833,0,-0.10972953230331896,-0.21945906460663794,-0.10972953230331897
2014-02-21 01:55:00,1.798,0.2487140454925413,0,-0.10973620216723462,-0.21947240433446924,-0.10973620216723462
2014-02-21 02:00:00,1.8319999999999999,0.2258442167831405,0,-0.1097427077416878,-0.2194854154833756,-0.10974270774168779
2014-02-21 02:05:00,1.766,0.27859858765475,0,-0.10974905306400903,-0.2194981061280181,-0.10974905306400905
2014-02-21 02:10:00,2.0,0.3943280872101289,0,-0.10975524207277072,-0.21951048414554145,-0.10975524207277072
2014-02-21 02:15:00,1.8940000000000001,0.28182658054687626,0,-0.10976127861018042,-0.21952255722036085,-0.10976127861018042
2014-02-21 02:20:00,1.7719999999999998,0.2730879103322785,0,-0.10976716642441747,-0.21953433284883492,-0.10976716642441747
2014-02-21 02:25:00,1.8319999999999999,0.2256895294993365,0,-0.10977290917191394,-0.2195458183438279,-0.10977290917191394
2014-02-21 02:30:00,1.798,0.2491493306121665,0,-0.10977851041958116,-0.21955702083916231,-0.10977851041958116
2014-02-21 02:35:00,1.834,0.2272921619259044,0,-0.10978397364698328,-0.21956794729396653,-0.10978397364698327
2014-02-21 02:40:00,2.0,0.3944961276217148,0,-0.10978930224845873,-0.2195786044969175,-0.10978930224845874
2014-02-21 02:45:00,1.892,0.27978786795964483,0,-0.10979449953519144,-0.21958899907038287,-0.10979449953519144
2014-02-21 02:50:00,1.704,0.3427677157364972,0,-0.10979956873723186,-0.21959913747446366,-0.10979956873723186
2014-02-21 02:55:00,1.8,0.24755072150695376,0,-0.1098045130054703,-0.2196090260109406,-0.1098045130054703
2014-02-21 03:00:00,1.8940000000000001,0.2821739485530645,0,-0.10980933541356258,-0.2196186708271252,-0.10980933541356258
2014-02-21 03:05:00,1.906,0.2937049661987279,0,-0.10981403895980968,-0.21962807791961936,-0.10981403895980969
2014-02-21 03:10:00,1.9980000000000002,0.39326265591920345,0,-0.10981862656899236,-0.21963725313798474,-0.10981862656899237
2014-02-21 03:15:00,1.794,0.2531261142853319,0,-0.10982310109416156,-0.21964620218832312,-0.10982310109416156
2014-02-21 03:20:00,1.7719999999999998,0.27364591838868296,0,-0.10982746531838596,-0.21965493063677194,-0.10982746531838597
2014-02-21 03:25:00,2.4,0.8194236650355121,0,-0.10983172195645753,-0.21966344391291506,-0.10983172195645753
2014-02-21 03:30:00,1.892,0.27563133107194543,0,-0.10983587365655594,-0.21967174731311187,-0.10983587365655594
2014-02-21 03:35:00,1.74,0.30304240783320296,0,-0.10983992300187297,-0.2196798460037459,-0.10983992300187295
2014-02-21 03:40:00,2.0,0.3845572407141221,0,-0.10984387251219788,-0.21968774502439573,-0.10984387251219788
2014-02-21 03:45:00,1.766,0.27826010113075705,0,-0.10984772464546444,-0.2196954492909289,-0.10984772464546445
2014-02-21 03:50:00,1.864,0.2504461941600758,0,-0.10985148179926076,-0.2197029635985216,-0.10985148179926078
2014-02-21 03:55:00,1.828,0.22488033446140665,0,-0.1098551463123026,-0.2197102926246052,-0.10985514631230259
2014-02-21 04:00:00,1.7719999999999998,0.2728370996515423,0,-0.10985872046587107,-0.21971744093174214,-0.10985872046587108
2014-02-21 04:05:00,1.798,0.250064248023422,0,-0.10986220648521593,-0.21972441297043185,-0.10986220648521593
2014-02-21 04:10:00,2.026,0.4127249463810169,0,-0.10986560654092443,-0.21973121308184887,-0.10986560654092443
2014-02-21 04:15:00,1.7380000000000002,0.3126076170511588,0,-0.10986892275025756,-0.21973784550051514,-0.10986892275025757
2014-02-21 04:20:00,1.9240000000000002,0.3173408816136697,0,-0.10987215717845364,-0.21974431435690728,-0.10987215717845364
2014-02-21 04:25:00,1.672,0.3893416450697304,0,-0.1098753118400005,-0.219750623680001,-0.1098753118400005
2014-02-21 04:30:00,1.8659999999999999,0.2568311464599555,0,-0.1098783886998768,-0.2197567773997536,-0.1098783886998768
2014-02-21 04:35:00,1.7919999999999998,0.25686148024926064,0,-0.10988138967476332,-0.21976277934952665,-0.10988138967476331
2014-02-21 04:40:00,2.032,0.4446508344594909,0,-0.10988431663422474,-0.21976863326844948,-0.10988431663422474
2014-02-21 04:45:00,1.74,0.3105858610636531,0,-0.109887171401863,-0.219774342803726,-0.109887171401863
2014-02-21 04:50:00,1.834,0.2265464722087452,0,-0.1098899557564425,-0.219779911512885,-0.1098899557564425
2014-02-21 04:55:00,1.766,0.28338925029672424,0,-0.1098926714329879,-0.2197853428659758,-0.1098926714329879
2014-02-21 05:00:00,1.892,0.2816288609579465,0,-0.10989532012385557,-0.2197906402477111,-0.10989532012385556
2014-02-21 05:05:00,1.706,0.3488997693264957,0,-0.10989790347977868,-0.21979580695955736,-0.10989790347977868
2014-02-21 05:10:00,2.0,0.4027925579808267,0,-0.10990042311088707,-0.21980084622177412,-0.10990042311088707
2014-02-21 05:15:00,1.766,0.2835061072757453,0,-0.10990288058770237,-0.21980576117540476,-0.10990288058770237
2014-02-21 05:20:00,1.8659999999999999,0.2556033543752208,0,-0.10990527744210858,-0.2198105548842172,-0.10990527744210858
2014-02-21 05:25:00,1.766,0.28406544858831345,0,-0.1099076151682996,-0.2198152303365992,-0.1099076151682996
2014-02-21 05:30:00,1.8,0.2505750460523306,0,-0.10990989522370308,-0.21981979044740613,-0.10990989522370308
2014-02-21 05:35:00,1.766,0.28416370940343905,0,-0.10991211902988222,-0.21982423805976445,-0.10991211902988222
2014-02-21 05:40:00,2.02,0.4279183395382569,0,-0.10991428797341546,-0.21982857594683086,-0.10991428797341546
2014-02-21 05:45:00,1.74,0.31197693322750536,0,-0.1099164034067546,-0.2198328068135092,-0.1099164034067546
2014-02-21 05:50:00,1.734,0.3191164720629985,0,-0.1099184666490622,-0.2198369332981244,-0.1099184666490622
2014-02-21 05:55:00,1.834,0.22586226953835306,0,-0.10992047898702847,-0.21984095797405695,-0.10992047898702849
2014-02-21 06:00:00,1.8,0.2509746151024641,0,-0.10992244167566832,-0.21984488335133665,-0.10992244167566832
2014-02-21 06:05:00,1.8,0.2509746151024641,0,-0.10992435593909873,-0.21984871187819746,-0.10992435593909872
2014-02-21 06:10:00,1.93,0.32197788696714824,0,-0.10992622297129738,-0.2198524459425948,-0.10992622297129738
2014-02-21 06:15:00,1.8319999999999999,0.22391186004364813,0,-0.10992804393684276,-0.21985608787368555,-0.10992804393684277
2014-02-21 06:20:00,1.732,0.3223309207245021,0,-0.10992981997163613,-0.21985963994327226,-0.10992981997163612
2014-02-21 06:25:00,1.8,0.25098869651813616,0,-0.1099315521836056,-0.2198631043672112,-0.10993155218360559
2014-02-21 06:30:00,1.8259999999999998,0.2269501237007524,0,-0.10993324165339363,-0.21986648330678726,-0.10993324165339363
2014-02-21 06:35:00,1.806,0.24549402867748524,0,-0.10993488943502712,-0.21986977887005424,-0.10993488943502712
2014-02-21 06:40:00,1.93,0.3224706276178608,0,-0.10993649655657137,-0.21987299311314276,-0.10993649655657137
2014-02-21 06:45:00,1.83,0.22337429009541787,0,-0.1099380640207681,-0.2198761280415362,-0.1099380640207681
2014-02-21 06:50:00,1.756,0.2962980088109076,0,-0.10993959280565772,-0.21987918561131545,-0.10993959280565771
2014-02-21 06:55:00,1.864,0.25338840621947145,0,-0.10994108386518653,-0.21988216773037306,-0.10994108386518653
2014-02-21 07:00:00,1.7619999999999998,0.2900944292680557,0,-0.10994253812979894,-0.21988507625959788,-0.10994253812979894
2014-02-21 07:05:00,1.806,0.2457931329025584,0,-0.10994395650701527,-0.21988791301403052,-0.10994395650701527
2014-02-21 07:10:00,1.964,0.36131538416188136,0,-0.10994533988199534,-0.21989067976399068,-0.10994533988199534
2014-02-21 07:15:00,1.926,0.3176976053681312,0,-0.10994668911808833,-0.21989337823617666,-0.10994668911808833
2014-02-21 07:20:00,1.666,0.4011359501311201,0,-0.10994800505736912,-0.21989601011473825,-0.10994800505736911
2014-02-21 07:25:00,1.806,0.2457963707053194,0,-0.10994928852116152,-0.21989857704232305,-0.10994928852116151
2014-02-21 07:30:00,1.8259999999999998,0.2275983544624011,0,-0.10995054031054867,-0.21990108062109734,-0.10995054031054868
2014-02-21 07:35:00,1.806,0.24625200805920106,0,-0.10995176120687103,-0.21990352241374203,-0.109951761206871
2014-02-21 07:40:00,1.992,0.3938624942165381,0,-0.1099529519722118,-0.2199059039444236,-0.1099529519722118
2014-02-21 07:45:00,1.806,0.2462583007693433,0,-0.10995411334987112,-0.21990822669974225,-0.10995411334987112
2014-02-21 07:50:00,1.766,0.2863532349609249,0,-0.10995524606482786,-0.2199104921296557,-0.10995524606482786
2014-02-21 07:55:00,1.926,0.3168425210818877,0,-0.10995635082419067,-0.21991270164838134,-0.10995635082419067
2014-02-21 08:00:00,1.764,0.2884680577688009,0,-0.10995742831763773,-0.21991485663527546,-0.10995742831763773
2014-02-21 08:05:00,1.804,0.2482527980229524,0,-0.10995847921784564,-0.21991695843569128,-0.10995847921784564
2014-02-21 08:10:00,2.03,0.4408220133529208,0,-0.10995950418090804,-0.21991900836181608,-0.10995950418090804
2014-02-21 08:15:00,1.86,0.2484341743215231,0,-0.1099605038467437,-0.2199210076934874,-0.1099605038467437
2014-02-21 08:20:00,1.7719999999999998,0.2800599837008311,0,-0.10996147883949474,-0.21992295767898948,-0.10996147883949474
2014-02-21 08:25:00,1.768,0.2842169098407291,0,-0.109962429767915,-0.21992485953583,-0.109962429767915
2014-02-21 08:30:00,1.8659999999999999,0.2540671062571813,0,-0.10996335722574901,-0.219926714451498,-0.10996335722574899
2014-02-21 08:35:00,1.766,0.2867112746186174,0,-0.10996426179210136,-0.2199285235842027,-0.10996426179210135
2014-02-21 08:40:00,2.0580000000000003,0.475093063247414,0,-0.10996514403179744,-0.21993028806359488,-0.10996514403179744
2014-02-21 08:45:00,1.7380000000000002,0.3163298002220604,0,-0.10996600449573496,-0.2199320089914699,-0.10996600449573495
2014-02-21 08:50:00,1.834,0.2240093046000233,0,-0.10996684372122684,-0.2199336874424537,-0.10996684372122685
2014-02-21 08:55:00,1.764,0.2887508927153044,0,-0.10996766223233606,-0.21993532446467207,-0.10996766223233606
2014-02-21 09:00:00,1.9280000000000002,0.31691788288754136,0,-0.10996846054020172,-0.21993692108040344,-0.10996846054020172
2014-02-21 09:05:00,1.7719999999999998,0.2807028670285941,0,-0.1099692391433576,-0.2199384782867152,-0.10996923914335759
2014-02-21 09:10:00,1.99,0.3875709438594392,0,-0.10996999852804253,-0.21993999705608505,-0.10996999852804251
2014-02-21 09:15:00,1.806,0.2474989279813947,0,-0.10997073916850332,-0.21994147833700667,-0.10997073916850333
2014-02-21 09:20:00,1.8,0.25319520600708434,0,-0.10997146152729034,-0.21994292305458069,-0.10997146152729034
2014-02-21 09:25:00,1.76,0.2935185729545354,0,-0.10997216605554536,-0.21994433211109074,-0.10997216605554537
2014-02-21 09:30:00,1.864,0.2503902663251449,0,-0.10997285319328302,-0.21994570638656605,-0.10997285319328302
2014-02-21 09:35:00,1.73,0.3264952907730832,0,-0.1099735233696647,-0.2199470467393294,-0.1099735233696647
2014-02-21 09:40:00,2.066,0.48051840749618,0,-0.10997417700326616,-0.21994835400653232,-0.10997417700326616
2014-02-21 09:45:00,1.77,0.28345059021294755,0,-0.10997481450233826,-0.21994962900467646,-0.10997481450233826
2014-02-21 09:50:00,1.8,0.2540875774958036,0,-0.1099754362650615,-0.21995087253012302,-0.1099754362650615
2014-02-21 09:55:00,1.766,0.2877574200611195,0,-0.10997604267979416,-0.2199520853595883,-0.10997604267979415
2014-02-21 10:00:00,1.834,0.2232223189049071,0,-0.10997663412531436,-0.21995326825062875,-0.10997663412531437
2014-02-21 10:05:00,1.766,0.2879499817890181,0,-0.10997721097105627,-0.21995442194211254,-0.10997721097105628
2014-02-21 10:10:00,1.93,0.3162842652169489,0,-0.1099777735773403,-0.2199555471546806,-0.1099777735773403
2014-02-21 10:15:00,1.766,0.2881106094643712,0,-0.10997832229559776,-0.21995664459119552,-0.10997832229559776
2014-02-21 10:20:00,1.766,0.2881106094643709,0,-0.10997885746859012,-0.21995771493718025,-0.10997885746859012
2014-02-21 10:25:00,1.766,0.2879517381912679,0,-0.10997937943062257,-0.2199587588612451,-0.10997937943062255
2014-02-21 10:30:00,1.766,0.2881265494712813,0,-0.10997988850775252,-0.21995977701550504,-0.10997988850775253
2014-02-21 10:35:00,1.794,0.2599531310595885,0,-0.10998038501799304,-0.2199607700359861,-0.10998038501799305
2014-02-21 10:40:00,1.902,0.28688998671605104,0,-0.10998086927151106,-0.21996173854302206,-0.10998086927151106
2014-02-21 10:45:00,1.766,0.288079775930945,0,-0.10998134157082083,-0.21996268314164166,-0.10998134157082082
2014-02-21 10:50:00,1.706,0.35432533377753106,0,-0.10998180221097263,-0.21996360442194526,-0.10998180221097263
2014-02-21 10:55:00,1.766,0.2878876637702523,0,-0.10998225147973688,-0.21996450295947376,-0.10998225147973688
2014-02-21 11:00:00,1.8,0.2539882627386719,0,-0.10998268965778353,-0.21996537931556706,-0.10998268965778352
2014-02-21 11:05:00,1.766,0.2877746399295643,0,-0.1099831170188571,-0.2199662340377142,-0.1099831170188571
2014-02-21 11:10:00,1.9340000000000002,0.32181836070429903,0,-0.10998353382994766,-0.21996706765989527,-0.10998353382994766
2014-02-21 11:15:00,1.766,0.2879269756304437,0,-0.10998394035145724,-0.21996788070291445,-0.10998394035145723
2014-02-21 11:20:00,1.828,0.22815841164134826,0,-0.10998433683736224,-0.2199686736747245,-0.10998433683736225
2014-02-21 11:25:00,1.74,0.31601174106414714,0,-0.1099847235353721,-0.2199694470707442,-0.1099847235353721
2014-02-21 11:30:00,1.766,0.28849662419610417,0,-0.10998510068708366,-0.2199702013741673,-0.10998510068708366
2014-02-21 11:35:00,1.766,0.2883358310098356,0,-0.10998546852813196,-0.21997093705626394,-0.10998546852813197
2014-02-21 11:40:00,1.994,0.3919950904488029,0,-0.10998582728833743,-0.21997165457667486,-0.10998582728833742
2014-02-21 11:45:00,1.7719999999999998,0.28202085851586617,0,-0.10998617719184904,-0.21997235438369805,-0.10998617719184903
2014-02-21 11:50:00,1.8,0.2544598672144313,0,-0.10998651845728434,-0.21997303691456868,-0.10998651845728434
2014-02-21 11:55:00,1.8259999999999998,0.23034942196702785,0,-0.10998685129786598,-0.219973702595732,-0.10998685129786598
2014-02-21 12:00:00,1.7719999999999998,0.2828589595692393,0,-0.10998717592155456,-0.2199743518431091,-0.10998717592155455
2014-02-21 12:05:00,1.8319999999999999,0.2253985898612157,0,-0.10998749253117857,-0.21997498506235716,-0.10998749253117857
2014-02-21 12:10:00,1.9980000000000002,0.3955765057413925,0,-0.109987801324561,-0.219975602649122,-0.10998780132456099
2014-02-21 12:15:00,1.86,0.24534161928452525,0,-0.10998810249464268,-0.21997620498928536,-0.10998810249464269
2014-02-21 12:20:00,1.74,0.31762511703546004,0,-0.10998839622960292,-0.21997679245920584,-0.10998839622960291
2014-02-21 12:25:00,1.8,0.2554326786039698,0,-0.10998868271297672,-0.21997736542595345,-0.10998868271297671
2014-02-21 12:30:00,1.8,0.2554622298128341,0,-0.10998896212376956,-0.21997792424753915,-0.10998896212376957
2014-02-21 12:35:00,1.86,0.24501107425512145,0,-0.10998923463656908,-0.21997846927313816,-0.10998923463656908
2014-02-21 12:40:00,1.974,0.3668516376348341,0,-0.10998950042165394,-0.21997900084330788,-0.10998950042165394
2014-02-21 12:45:00,1.764,0.2923892856474949,0,-0.10998975964510033,-0.21997951929020065,-0.10998975964510031
2014-02-21 12:50:00,1.796,0.2598661817513513,0,-0.10999001246888546,-0.2199800249377709,-0.10999001246888546
2014-02-21 12:55:00,1.766,0.2906066489671916,0,-0.10999025905098887,-0.21998051810197775,-0.10999025905098889
2014-02-21 13:00:00,1.96,0.3499950639176325,0,-0.10999049954549098,-0.21998099909098195,-0.10999049954549098
2014-02-21 13:05:00,1.672,0.3988461589350287,0,-0.10999073410266914,-0.2199814682053383,-0.10999073410266914
2014-02-21 13:10:00,1.9580000000000002,0.34664065018620377,0,-0.10999096286909177,-0.2199819257381835,-0.10999096286909175
2014-02-21 13:15:00,1.794,0.2620918536580813,0,-0.10999118598770956,-0.21998237197541914,-0.10999118598770957
2014-02-21 13:20:00,1.7719999999999998,0.2847422347259562,0,-0.10999140359794504,-0.21998280719589008,-0.10999140359794504
2014-02-21 13:25:00,1.892,0.2750429843744338,0,-0.10999161583577936,-0.21998323167155875,-0.10999161583577936
2014-02-21 13:30:00,1.8319999999999999,0.2272421537274777,0,-0.10999182283383736,-0.21998364566767475,-0.10999182283383736
2014-02-21 13:35:00,1.732,0.3293429592862737,0,-0.10999202472147034,-0.21998404944294067,-0.10999202472147034
2014-02-21 13:40:00,2.006,0.4036006466930016,0,-0.10999222162483682,-0.21998444324967364,-0.10999222162483682
2014-02-21 13:45:00,1.76,0.29819107113999155,0,-0.1099924136669814,-0.2199848273339628,-0.1099924136669814
2014-02-21 13:50:00,1.806,0.251689991453021,0,-0.1099926009679115,-0.219985201935823,-0.1099926009679115
2014-02-21 13:55:00,1.798,0.25960538410660755,0,-0.10999278364467237,-0.21998556728934476,-0.10999278364467237
2014-02-21 14:00:00,1.8659999999999999,0.2487657699616917,0,-0.1099929618114202,-0.2199859236228404,-0.1099929618114202
2014-02-21 14:05:00,1.83,0.2297002646266653,0,-0.10999313557949332,-0.21998627115898667,-0.10999313557949333
2014-02-21 14:10:00,2.03,0.4329202059732655,0,-0.10999330505748188,-0.21998661011496376,-0.10999330505748188
2014-02-21 14:15:00,1.8659999999999999,0.2480785481964052,0,-0.1099934703512955,-0.219986940702591,-0.1099934703512955
2014-02-21 14:20:00,1.798,0.2603687614755931,0,-0.10999363156422964,-0.21998726312845926,-0.10999363156422962
2014-02-21 14:25:00,1.7919999999999998,0.2665769232998759,0,-0.10999378879702976,-0.2199875775940596,-0.10999378879702978
2014-02-21 14:30:00,1.8319999999999999,0.2287476683189548,0,-0.1099939421479548,-0.2199878842959096,-0.1099939421479548
2014-02-21 14:35:00,1.672,0.4018869711235049,0,-0.1099940917128379,-0.2199881834256758,-0.1099940917128379
2014-02-21 14:40:00,1.994,0.38688507421194107,0,-0.1099942375851468,-0.2199884751702936,-0.1099942375851468
2014-02-21 14:45:00,1.7719999999999998,0.28666047855729104,0,-0.1099943798560419,-0.2199887597120838,-0.1099943798560419
2014-02-21 14:50:00,1.858,0.2400518005294328,0,-0.10999451861443332,-0.21998903722886665,-0.10999451861443332
2014-02-21 14:55:00,1.7,0.3677798909733546,0,-0.10999465394703647,-0.21998930789407292,-0.10999465394703647
2014-02-21 15:00:00,1.966,0.3535754147853728,0,-0.10999478593842614,-0.21998957187685228,-0.10999478593842614
2014-02-21 15:05:00,1.764,0.2956647396314961,0,-0.10999491467108936,-0.2199898293421787,-0.10999491467108935
2014-02-21 15:10:00,1.94,0.3230619759589261,0,-0.1099950402254769,-0.2199900804509538,-0.1099950402254769
2014-02-21 15:15:00,1.834,0.2273549592374927,0,-0.10999516268005363,-0.21999032536010726,-0.10999516268005363
2014-02-21 15:20:00,1.732,0.33093106641387976,0,-0.1099952821113474,-0.2199905642226948,-0.10999528211134739
2014-02-21 15:25:00,1.834,0.22706802273331325,0,-0.10999539859399693,-0.21999079718799386,-0.10999539859399693
2014-02-21 15:30:00,1.76,0.2992876871803647,0,-0.10999551220079842,-0.21999102440159685,-0.10999551220079842
2014-02-21 15:35:00,1.806,0.2519244586973025,0,-0.10999562300275098,-0.219991246005502,-0.10999562300275101
2014-02-21 15:40:00,1.966,0.35684315618761503,0,-0.10999573106910114,-0.21999146213820228,-0.10999573106910114
2014-02-21 15:45:00,1.798,0.25927062741959417,0,-0.10999583646738588,-0.21999167293477176,-0.10999583646738588
2014-02-21 15:50:00,1.732,0.3303638599599664,0,-0.10999593926347496,-0.2199918785269499,-0.10999593926347495
2014-02-21 15:55:00,1.798,0.257989606810582,0,-0.10999603952161208,-0.21999207904322415,-0.10999603952161209
2014-02-21 16:00:00,1.828,0.2284656694782701,0,-0.10999613730445502,-0.21999227460891005,-0.10999613730445502
2014-02-21 16:05:00,1.84,0.2289080251307269,0,-0.1099962326731147,-0.2199924653462294,-0.1099962326731147
2014-02-21 16:10:00,1.932,0.3276325698184769,0,-0.10999632568719342,-0.21999265137438684,-0.10999632568719342
2014-02-21 16:15:00,1.8,0.2546002136004577,0,-0.10999641640482212,-0.21999283280964424,-0.10999641640482212
2014-02-21 16:20:00,1.766,0.2909712407195565,0,-0.10999650488269663,-0.2199930097653933,-0.10999650488269665
2014-02-21 16:25:00,1.76,0.2978684904221156,0,-0.10999659117611324,-0.21999318235222648,-0.10999659117611324
2014-02-21 16:30:00,1.8659999999999999,0.2555156760641405,0,-0.10999667533900298,-0.219993350678006,-0.10999667533900298
2014-02-21 16:35:00,1.768,0.2888532443390377,0,-0.1099967574239656,-0.21999351484793125,-0.10999675742396561
2014-02-21 16:40:00,1.8719999999999999,0.2614166538048803,0,-0.1099968374823023,-0.2199936749646046,-0.1099968374823023
2014-02-21 16:45:00,1.8,0.25460590290665397,0,-0.10999691556404774,-0.21999383112809548,-0.10999691556404774
2014-02-21 16:50:00,1.7280000000000002,0.33545797117502324,0,-0.1099969917180014,-0.2199939834360028,-0.1099969917180014
2014-02-21 16:55:00,1.7719999999999998,0.28445184637352305,0,-0.10999706599175804,-0.21999413198351608,-0.10999706599175803
2014-02-21 17:00:00,1.86,0.2501021972086149,0,-0.10999713843173738,-0.21999427686347475,-0.10999713843173738
2014-02-21 17:05:00,1.736,0.3262796170045933,0,-0.10999720908321324,-0.21999441816642645,-0.10999720908321323
2014-02-21 17:10:00,1.9340000000000002,0.332340065965716,0,-0.10999727799034162,-0.21999455598068324,-0.10999727799034162
2014-02-21 17:15:00,1.8,0.25446645314821564,0,-0.10999734519618856,-0.2199946903923771,-0.10999734519618855
2014-02-21 17:20:00,1.7280000000000002,0.3357438976249863,0,-0.10999741074275676,-0.2199948214855135,-0.10999741074275675
2014-02-21 17:25:00,1.774,0.28234251399862675,0,-0.10999747467101204,-0.2199949493420241,-0.10999747467101205
2014-02-21 17:30:00,1.796,0.25875564322091194,0,-0.10999753702090888,-0.21999507404181776,-0.10999753702090888
2014-02-21 17:35:00,1.8319999999999999,0.2231849541943578,0,-0.10999759783141533,-0.21999519566283066,-0.10999759783141531
2014-02-21 17:40:00,2.024,0.4486720098971112,0,-0.1099976571405374,-0.2199953142810748,-0.10999765714053739
2014-02-21 17:45:00,1.7719999999999998,0.2849201146217777,0,-0.1099977149853428,-0.2199954299706856,-0.1099977149853428
2014-02-21 17:50:00,1.8,0.25490814120073674,0,-0.1099977714019842,-0.2199955428039684,-0.1099977714019842
2014-02-21 17:55:00,1.7280000000000002,0.33660751840649195,0,-0.10999782642572163,-0.21999565285144326,-0.10999782642572163
2014-02-21 18:00:00,1.8659999999999999,0.2556005106482057,0,-0.10999788009094466,-0.21999576018188927,-0.10999788009094466
2014-02-21 18:05:00,1.766,0.2923385575303309,0,-0.10999793243119384,-0.21999586486238767,-0.10999793243119384
2014-02-21 18:10:00,1.994,0.4077739755350913,0,-0.10999798347918163,-0.21999596695836326,-0.10999798347918163
2014-02-21 18:15:00,1.8980000000000001,0.2895219091837012,0,-0.10999803326681296,-0.2199960665336259,-0.10999803326681296
2014-02-21 18:20:00,1.8,0.2555824303550099,0,-0.10999808182520496,-0.21999616365040991,-0.10999808182520496
2014-02-21 18:25:00,1.8,0.25572260188298546,0,-0.10999812918470668,-0.21999625836941333,-0.10999812918470667
2014-02-21 18:30:00,1.806,0.2495763370596971,0,-0.10999817537491777,-0.2199963507498355,-0.10999817537491775
2014-02-21 18:35:00,1.8,0.2557854058399364,0,-0.10999822042470714,-0.21999644084941428,-0.10999822042470714
2014-02-21 18:40:00,2.066,0.5034569086824785,0,-0.10999826436223102,-0.21999652872446204,-0.10999826436223102
2014-02-21 18:45:00,1.8940000000000001,0.2834197522306259,0,-0.10999830721495048,-0.21999661442990096,-0.10999830721495049
2014-02-21 18:50:00,1.7380000000000002,0.32534477805171674,0,-0.10999834900964864,-0.21999669801929728,-0.10999834900964864
2014-02-21 18:55:00,1.7919999999999998,0.26475247355736736,0,-0.10999838977244727,-0.21999677954489455,-0.10999838977244729
2014-02-21 19:00:00,1.796,0.2607251587944757,0,-0.10999842952882342,-0.21999685905764685,-0.10999842952882342
2014-02-21 19:05:00,1.8659999999999999,0.2535141008908516,0,-0.10999846830362496,-0.21999693660724995,-0.10999846830362497
2014-02-21 19:10:00,1.906,0.2961525183441517,0,-0.1099985061210864,-0.21999701224217286,-0.10999850612108641
2014-02-21 19:15:00,1.734,0.33053818184260914,0,-0.10999854300484396,-0.2199970860096879,-0.10999854300484395
2014-02-21 19:20:00,1.7919999999999998,0.26492356455083765,0,-0.10999857897795016,-0.21999715795590036,-0.10999857897795016
2014-02-21 19:25:00,2.136,0.5929219427143048,0,-0.10999861406288856,-0.2199972281257771,-0.10999861406288855
2014-02-21 19:30:00,1.9,0.2872611238141508,0,-0.10999864828158752,-0.21999729656317504,-0.10999864828158752
2014-02-21 19:35:00,1.6980000000000002,0.3731401142070108,0,-0.10999868165543404,-0.21999736331086808,-0.10999868165543404
2014-02-21 19:40:00,1.972,0.370566512909935,0,-0.10999871420528712,-0.21999742841057424,-0.10999871420528712
2014-02-21 19:45:00,1.8,0.2570373589609641,0,-0.10999874595149073,-0.21999749190298146,-0.10999874595149071
2014-02-21 19:50:00,1.76,0.2993501595583949,0,-0.1099987769138866,-0.2199975538277732,-0.1099987769138866
2014-02-21 19:55:00,1.838,0.2252052185303539,0,-0.1099988071118266,-0.2199976142236532,-0.1099988071118266
2014-02-21 20:00:00,1.83,0.2277008319512928,0,-0.10999883656418476,-0.2199976731283696,-0.10999883656418478
2014-02-21 20:05:00,1.834,0.22407642509531792,0,-0.10999886528936924,-0.2199977305787385,-0.10999886528936925
2014-02-21 20:10:00,1.9680000000000002,0.3659402320143308,0,-0.10999889330533362,-0.21999778661066724,-0.10999889330533362
2014-02-21 20:15:00,1.7919999999999998,0.2651392730920676,0,-0.1099989206295882,-0.21999784125917646,-0.10999892062958821
2014-02-21 20:20:00,1.8,0.2569323550113177,0,-0.10999894727921113,-0.21999789455842225,-0.10999894727921113
2014-02-21 20:25:00,1.806,0.2507980567867188,0,-0.10999897327085872,-0.21999794654171745,-0.10999897327085871
2014-02-21 20:30:00,1.798,0.258866156787781,0,-0.10999899862077614,-0.21999799724155228,-0.10999899862077614
2014-02-21 20:35:00,1.834,0.22369845252880385,0,-0.10999902334480753,-0.21999804668961506,-0.10999902334480752
2014-02-21 20:40:00,1.966,0.3643079128291394,0,-0.10999904745840572,-0.21999809491681147,-0.10999904745840573
2014-02-21 20:45:00,1.8,0.2565335030267004,0,-0.10999907097664216,-0.21999814195328435,-0.10999907097664217
2014-02-21 20:50:00,1.766,0.2926296543353031,0,-0.10999909391421614,-0.21999818782843228,-0.10999909391421614
2014-02-21 20:55:00,1.8619999999999999,0.2489778143129373,0,-0.10999911628546398,-0.219998232570928,-0.10999911628546398
2014-02-21 21:00:00,1.9,0.2887353588192707,0,-0.10999913810436816,-0.2199982762087363,-0.10999913810436815
2014-02-21 21:05:00,1.706,0.36284479941773057,0,-0.1099991593845658,-0.2199983187691316,-0.10999915938456581
2014-02-21 21:10:00,1.966,0.36536042536360575,0,-0.10999918013935747,-0.21999836027871494,-0.10999918013935749
2014-02-21 21:15:00,1.8259999999999998,0.2305597873216113,0,-0.10999920038171528,-0.21999840076343055,-0.10999920038171529
2014-02-21 21:20:00,1.77,0.28789167683171546,0,-0.1099992201242911,-0.2199984402485822,-0.1099992201242911
2014-02-21 21:25:00,1.766,0.2918018177908616,0,-0.1099992393794244,-0.2199984787588488,-0.1099992393794244
2014-02-21 21:30:00,1.794,0.2616397077484675,0,-0.10999925815915,-0.2199985163183,-0.10999925815914999
2014-02-21 21:35:00,1.996,0.4053648416742332,0,-0.1099992764752056,-0.2199985529504112,-0.1099992764752056
2014-02-21 21:40:00,1.902,0.29115064131803065,0,-0.10999929433903913,-0.21999858867807826,-0.10999929433903911
2014-02-21 21:45:00,1.8319999999999999,0.22439705773761484,0,-0.10999931176181582,-0.21999862352363164,-0.10999931176181582
2014-02-21 21:50:00,1.796,0.2598206458302736,0,-0.10999932875442528,-0.21999865750885056,-0.10999932875442528
2014-02-21 21:55:00,1.736,0.3257706478617983,0,-0.10999934532748826,-0.2199986906549765,-0.10999934532748826
2014-02-21 22:00:00,1.794,0.2617379591295485,0,-0.10999936149136326,-0.21999872298272646,-0.10999936149136326
2014-02-21 22:05:00,1.804,0.2516719014504912,0,-0.10999937725615304,-0.21999875451230608,-0.10999937725615304
2014-02-21 22:10:00,2.0,0.4104668079261047,0,-0.10999939263171096,-0.2199987852634219,-0.10999939263171095
2014-02-21 22:15:00,1.766,0.29156826353734416,0,-0.10999940762764708,-0.21999881525529413,-0.10999940762764707
2014-02-21 22:20:00,1.864,0.25152479381951925,0,-0.10999942225333416,-0.21999884450666835,-0.10999942225333417
2014-02-21 22:25:00,1.8,0.2559333554885877,0,-0.10999943651791363,-0.21999887303582727,-0.10999943651791363
2014-02-21 22:30:00,1.834,0.2231487409645357,0,-0.10999945043030117,-0.2199989008606023,-0.10999945043030115
2014-02-21 22:35:00,1.76,0.29902001904872993,0,-0.10999946399919233,-0.21999892799838466,-0.10999946399919232
2014-02-21 22:40:00,2.004,0.41432948386987134,0,-0.10999947723306797,-0.21999895446613596,-0.10999947723306797
2014-02-21 22:45:00,1.766,0.2918571457933976,0,-0.1099994901401996,-0.2199989802803992,-0.1099994901401996
2014-02-21 22:50:00,1.8,0.2559061698528394,0,-0.10999950272865447,-0.21999900545730894,-0.10999950272865447
2014-02-21 22:55:00,1.8,0.2559061698528394,0,-0.10999951500630066,-0.21999903001260127,-0.10999951500630066
2014-02-21 23:00:00,1.8659999999999999,0.2529389116464241,0,-0.10999952698081204,-0.21999905396162406,-0.10999952698081202
2014-02-21 23:05:00,1.8319999999999999,0.2253943546682665,0,-0.1099995386596729,-0.2199990773193458,-0.1099995386596729
2014-02-21 23:10:00,2.12,0.5653249515344156,0,-0.10999955005018286,-0.21999910010036566,-0.10999955005018286
2014-02-21 23:15:00,1.6380000000000001,0.44709647659294427,0,-0.10999956115946127,-0.21999912231892252,-0.10999956115946127
2014-02-21 23:20:00,1.8,0.25593608690620395,0,-0.10999957199445168,-0.21999914398890336,-0.10999957199445169
2014-02-21 23:25:00,1.734,0.32759097272338816,0,-0.10999958256192628,-0.21999916512385256,-0.10999958256192628
2014-02-21 23:30:00,1.86,0.24612189691937314,0,-0.10999959286848997,-0.21999918573697996,-0.10999959286848997
2014-02-21 23:35:00,1.7719999999999998,0.2852292263849992,0,-0.10999960292058462,-0.21999920584116925,-0.10999960292058462
2014-02-21 23:40:00,1.994,0.3968745573598623,0,-0.10999961272449306,-0.21999922544898606,-0.10999961272449306
2014-02-21 23:45:00,1.7380000000000002,0.32240832837380345,0,-0.10999962228634297,-0.219999244572686,-0.10999962228634298
2014-02-21 23:50:00,1.8319999999999999,0.2253393831548169,0,-0.1099996316121108,-0.2199992632242216,-0.1099996316121108
2014-02-21 23:55:00,1.76,0.2976267605561405,0,-0.10999964070762533,-0.21999928141525066,-0.10999964070762533
2014-02-22 00:00:00,1.8940000000000001,0.2805427477904265,0,-0.10999964957857154,-0.21999929915714309,-0.10999964957857154
2014-02-22 00:05:00,1.706,0.3603641604067903,0,-0.109999658230494,-0.219999316460988,-0.10999965823049399
2014-02-22 00:10:00,2.0,0.40407401879135996,0,-0.10999966666880036,-0.21999933333760074,-0.10999966666880037
2014-02-22 00:15:00,1.828,0.2291860339835814,0,-0.10999967489876486,-0.21999934979752966,-0.10999967489876486
2014-02-22 00:20:00,1.806,0.25005544744673996,0,-0.1099996829255314,-0.2199993658510628,-0.10999968292553139
2014-02-22 00:25:00,1.734,0.3265160255337821,0,-0.10999969075411688,-0.21999938150823375,-0.10999969075411689
2014-02-22 00:30:00,1.798,0.2571087441148339,0,-0.1099996983894145,-0.219999396778829,-0.1099996983894145
2014-02-22 00:35:00,1.8259999999999998,0.2302478199748296,0,-0.10999970583619643,-0.21999941167239287,-0.10999970583619643
2014-02-22 00:40:00,2.004,0.4096616648474109,0,-0.10999971309911714,-0.2199994261982343,-0.10999971309911714
2014-02-22 00:45:00,1.838,0.2259950959844021,0,-0.10999972018271616,-0.21999944036543234,-0.10999972018271617
2014-02-22 00:50:00,1.766,0.29090830949181706,0,-0.10999972709142096,-0.21999945418284192,-0.10999972709142096
2014-02-22 00:55:00,1.8,0.2554244970184887,0,-0.10999973382954964,-0.21999946765909925,-0.10999973382954963
2014-02-22 01:00:00,1.8259999999999998,0.2303272869322354,0,-0.1099997404013137,-0.2199994808026274,-0.1099997404013137
2014-02-22 01:05:00,1.8019999999999998,0.2533121813292772,0,-0.10999974681082074,-0.21999949362164148,-0.10999974681082074
2014-02-22 01:10:00,1.966,0.36351243748654266,0,-0.10999975306207682,-0.21999950612415364,-0.10999975306207682
2014-02-22 01:15:00,1.9,0.2886580633256815,0,-0.1099997591589892,-0.2199995183179784,-0.1099997591589892
2014-02-22 01:20:00,1.8259999999999998,0.2301597535472108,0,-0.1099997651053686,-0.2199995302107372,-0.10999976510536859
2014-02-22 01:25:00,1.7380000000000002,0.3222361082633185,0,-0.10999977090493168,-0.21999954180986334,-0.10999977090493167
2014-02-22 01:30:00,1.834,0.2227487009047887,0,-0.10999977656130333,-0.21999955312260666,-0.10999977656130332
2014-02-22 01:35:00,1.834,0.22284587544136755,0,-0.10999978207801893,-0.21999956415603786,-0.10999978207801892
2014-02-22 01:40:00,1.96,0.3575932447581445,0,-0.1099997874585266,-0.2199995749170532,-0.10999978745852661
2014-02-22 01:45:00,1.828,0.2277900609488808,0,-0.10999979270618934,-0.21999958541237868,-0.10999979270618934
2014-02-22 01:50:00,1.8,0.255058908954656,0,-0.10999979782428708,-0.21999959564857413,-0.10999979782428707
2014-02-22 01:55:00,1.828,0.22796088800338105,0,-0.10999980281601872,-0.21999960563203744,-0.10999980281601872
2014-02-22 02:00:00,1.804,0.2509709548184739,0,-0.10999980768450432,-0.21999961536900864,-0.10999980768450432
2014-02-22 02:05:00,1.8659999999999999,0.2543759466824889,0,-0.10999981243278677,-0.21999962486557356,-0.10999981243278677
2014-02-22 02:10:00,2.0,0.4095876033564951,0,-0.10999981706383392,-0.21999963412766785,-0.10999981706383391
2014-02-22 02:15:00,1.8940000000000001,0.2829308819100683,0,-0.10999982158054028,-0.21999964316108056,-0.10999982158054028
2014-02-22 02:20:00,1.806,0.2492539665403137,0,-0.10999982598572897,-0.21999965197145796,-0.10999982598572897
2014-02-22 02:25:00,1.834,0.22281633243876053,0,-0.1099998302821533,-0.2199996605643066,-0.1099998302821533
2014-02-22 02:30:00,1.8,0.2554010202461495,0,-0.10999983447249873,-0.21999966894499745,-0.10999983447249871
2014-02-22 02:35:00,1.8259999999999998,0.2300932601391165,0,-0.10999983855938428,-0.21999967711876856,-0.10999983855938428
2014-02-22 02:40:00,2.0340000000000003,0.4525743343895803,0,-0.10999984254536443,-0.21999968509072887,-0.10999984254536443
2014-02-22 02:45:00,1.7719999999999998,0.2847032063605233,0,-0.10999984643293052,-0.21999969286586105,-0.10999984643293052
2014-02-22 02:50:00,1.8,0.2555475437613711,0,-0.1099998502245124,-0.2199997004490248,-0.1099998502245124
2014-02-22 02:55:00,1.794,0.2619203740862242,0,-0.10999985392247992,-0.21999970784495984,-0.10999985392247992
2014-02-22 03:00:00,1.8659999999999999,0.25298589785555103,0,-0.1099998575291444,-0.2199997150582888,-0.10999985752914439
2014-02-22 03:05:00,1.8,0.2559186433481937,0,-0.10999986104676013,-0.21999972209352026,-0.10999986104676013
2014-02-22 03:10:00,2.638,0.9527944606926334,0,-0.10999986447752573,-0.21999972895505146,-0.10999986447752573
2014-02-22 03:15:00,1.798,0.25636474669968634,0,-0.10999986782358552,-0.21999973564717107,-0.10999986782358553
2014-02-22 03:20:00,1.9280000000000002,0.30730516941177843,0,-0.10999987108703092,-0.21999974217406185,-0.10999987108703092
2014-02-22 03:25:00,1.7380000000000002,0.31481431882620003,0,-0.10999987426990164,-0.2199997485398033,-0.10999987426990165
2014-02-22 03:30:00,1.9340000000000002,0.3130152059202048,0,-0.10999987737418712,-0.21999975474837424,-0.10999987737418711
2014-02-22 03:35:00,1.8940000000000001,0.27305722602668525,0,-0.10999988040182758,-0.2199997608036552,-0.10999988040182758
2014-02-22 03:40:00,1.9380000000000002,0.31628034165302304,0,-0.1099998833547154,-0.2199997667094308,-0.1099998833547154
2014-02-22 03:45:00,1.734,0.3190114166693401,0,-0.10999988623469624,-0.2199997724693925,-0.10999988623469625
2014-02-22 03:50:00,1.828,0.2298444536251929,0,-0.1099998890435702,-0.2199997780871404,-0.10999988904357019
2014-02-22 03:55:00,1.764,0.2887613350864198,0,-0.10999989178309287,-0.2199997835661857,-0.10999989178309287
2014-02-22 04:00:00,1.834,0.22507243410463035,0,-0.10999989445497654,-0.2199997889099531,-0.10999989445497654
2014-02-22 04:05:00,1.8,0.2544704587012636,0,-0.10999989706089122,-0.21999979412178244,-0.10999989706089122
2014-02-22 04:10:00,2.0,0.3851428119905373,0,-0.10999989960246573,-0.21999979920493146,-0.10999989960246573
2014-02-22 04:15:00,1.632,0.4319827844134303,0,-0.10999990208128856,-0.2199998041625772,-0.10999990208128858
2014-02-22 04:20:00,1.806,0.24813295302613825,0,-0.10999990449890913,-0.21999980899781826,-0.10999990449890912
2014-02-22 04:25:00,1.766,0.2853815207536925,0,-0.10999990685683847,-0.2199998137136769,-0.10999990685683847
2014-02-22 04:30:00,1.8,0.25325393911449384,0,-0.10999990915655036,-0.21999981831310075,-0.10999990915655036
2014-02-22 04:35:00,1.732,0.3223325407375077,0,-0.10999991139948223,-0.21999982279896446,-0.10999991139948222
2014-02-22 04:40:00,2.0,0.3969756246597788,0,-0.10999991358703594,-0.21999982717407188,-0.10999991358703594
2014-02-22 04:45:00,1.732,0.3222747309207996,0,-0.1099999157205788,-0.2199998314411576,-0.10999991572057881
2014-02-22 04:50:00,1.798,0.2546959002903435,0,-0.10999991780144436,-0.21999983560288872,-0.10999991780144436
2014-02-22 04:55:00,1.732,0.32180081582577896,0,-0.10999991983093316,-0.2199998396618664,-0.10999991983093318
2014-02-22 05:00:00,1.834,0.22374813350671727,0,-0.1099999218103138,-0.2199998436206276,-0.10999992181031379
2014-02-22 05:05:00,1.8,0.2524572728021997,0,-0.10999992374082336,-0.21999984748164672,-0.10999992374082336
2014-02-22 05:10:00,1.9340000000000002,0.32156944542171617,0,-0.10999992562366848,-0.21999985124733695,-0.10999992562366849
2014-02-22 05:15:00,1.766,0.2857597098235134,0,-0.10999992746002607,-0.2199998549200521,-0.10999992746002607
2014-02-22 05:20:00,1.794,0.25814177239698743,0,-0.10999992925104383,-0.21999985850208767,-0.10999992925104383
2014-02-22 05:25:00,1.804,0.2482878941244395,0,-0.10999993099784122,-0.21999986199568244,-0.10999993099784122
2014-02-22 05:30:00,1.8,0.25259918935695397,0,-0.10999993270151008,-0.21999986540302016,-0.10999993270151008
2014-02-22 05:35:00,1.764,0.2881170089793592,0,-0.11,-0.22,-0.11
2014-02-22 05:40:00,1.96,0.3525334044396137,0,-0.11,-0.22,-0.11
2014-02-22 05:45:00,1.834,0.22424410544223028,0,-0.11,-0.22,-0.11
2014-02-22 05:50:00,1.76,0.29262122159249776,0,-0.11,-0.22,-0.11
2014-02-22 05:55:00,1.9,0.2874915238784918,0,-0.11,-0.22,-0.11
2014-02-22 06:00:00,1.704,0.354626727003539,0,-0.11,-0.22,-0.11
2014-02-22 06:05:00,1.83,0.22456360821538512,0,-0.11,-0.22,-0.11
2014-02-22 06:10:00,1.966,0.3601736758007243,0,-0.11,-0.22,-0.11
2014-02-22 06:15:00,1.8659999999999999,0.25354374682219444,0,-0.11,-0.22,-0.11
2014-02-22 06:20:00,1.766,0.28671980607757336,0,-0.11,-0.22,-0.11
2014-02-22 06:25:00,1.834,0.22408387279192032,0,-0.11,-0.22,-0.11
2014-02-22 06:30:00,1.8,0.25268579841000105,0,-0.11,-0.22,-0.11
2014-02-22 06:35:00,1.834,0.22388504531581446,0,-0.11,-0.22,-0.11
2014-02-22 06:40:00,1.966,0.36028636707364303,0,-0.11,-0.22,-0.11
2014-02-22 06:45:00,1.828,0.2268707400062724,0,-0.11,-0.22,-0.11
2014-02-22 06:50:00,1.7719999999999998,0.28111526597619085,0,-0.11,-0.22,-0.11
2014-02-22 06:55:00,1.86,0.24735518319571315,0,-0.11,-0.22,-0.11
2014-02-22 07:00:00,1.838,0.2269644913551971,0,-0.11,-0.22,-0.11
2014-02-22 07:05:00,1.834,0.22328990622634665,0,-0.11,-0.22,-0.11
2014-02-22 07:10:00,2.0,0.40144019298083417,0,-0.11,-0.22,-0.11
2014-02-22 07:15:00,1.8319999999999999,0.22418402057151648,0,-0.11,-0.22,-0.11
2014-02-22 07:20:00,1.794,0.2596069049649984,0,-0.11,-0.22,-0.11
2014-02-22 07:25:00,1.7719999999999998,0.2820140787113362,0,-0.11,-0.22,-0.11
2014-02-22 07:30:00,1.864,0.2504763151988131,0,-0.11,-0.22,-0.11
2014-02-22 07:35:00,1.76,0.29455244762542354,0,-0.11,-0.22,-0.11
2014-02-22 07:40:00,2.066,0.4830762720041661,0,-0.11,-0.22,-0.11
2014-02-22 07:45:00,1.7719999999999998,0.28177841319609936,0,-0.11,-0.22,-0.11
2014-02-22 07:50:00,1.834,0.2227234456898648,0,-0.11,-0.22,-0.11
2014-02-22 07:55:00,2.194,0.638305204977155,0,-0.11,-0.22,-0.11
2014-02-22 08:00:00,1.8659999999999999,0.2500120788837429,0,-0.11,-0.22,-0.11
2014-02-22 08:05:00,1.834,0.2241891775280555,0,-0.11,-0.22,-0.11
2014-02-22 08:10:00,1.84,0.2262977805992557,0,-0.11,-0.22,-0.11
2014-02-22 08:15:00,1.8619999999999999,0.2463828601853816,0,-0.11,-0.22,-0.11
2014-02-22 08:20:00,1.736,0.3193272929642206,0,-0.11,-0.22,-0.11
2014-02-22 08:25:00,1.794,0.2604966309910477,0,-0.11,-0.22,-0.11
2014-02-22 08:30:00,1.8019999999999998,0.25284338457797545,0,-0.11,-0.22,-0.11
2014-02-22 08:35:00,1.766,0.2881327519225981,0,-0.11,-0.22,-0.11
2014-02-22 08:40:00,2.0,0.3943887587418218,0,-0.11,-0.22,-0.11
2014-02-22 08:45:00,1.76,0.29411209733590915,0,-0.11,-0.22,-0.11
2014-02-22 08:50:00,1.8,0.2543425888546297,0,-0.11,-0.22,-0.11
2014-02-22 08:55:00,1.7719999999999998,0.2818070138045831,0,-0.11,-0.22,-0.11
2014-02-22 09:00:00,1.8659999999999999,0.2508988492814362,0,-0.11,-0.22,-0.11
2014-02-22 09:05:00,1.794,0.26006599589914725,0,-0.11,-0.22,-0.11
2014-02-22 09:10:00,1.972,0.3619613829189082,0,-0.11,-0.22,-0.11
2014-02-22 09:15:00,1.86,0.2453053724899905,0,-0.11,-0.22,-0.11
2014-02-22 09:20:00,1.766,0.2877982937809149,0,-0.11,-0.22,-0.11
2014-02-22 09:25:00,1.736,0.3194636459913472,0,-0.11,-0.22,-0.11
2014-02-22 09:30:00,1.89,0.2741978224920135,0,-0.11,-0.22,-0.11
2014-02-22 09:35:00,1.8659999999999999,0.25090664455710804,0,-0.11,-0.22,-0.11
2014-02-22 09:40:00,1.9080000000000001,0.2920468562720385,0,-0.11,-0.22,-0.11
2014-02-22 09:45:00,1.766,0.2880539759249816,0,-0.11,-0.22,-0.11
2014-02-22 09:50:00,1.798,0.25628830159924315,0,-0.11,-0.22,-0.11
2014-02-22 09:55:00,1.766,0.2880657811811668,0,-0.11,-0.22,-0.11
2014-02-22 10:00:00,1.796,0.2580977602252192,0,-0.11,-0.22,-0.11
2014-02-22 10:05:00,1.834,0.22278164229768946,0,-0.11,-0.22,-0.11
2014-02-22 10:10:00,1.972,0.3647080577894288,0,-0.11,-0.22,-0.11
2014-02-22 10:15:00,1.8,0.2540693513168665,0,-0.11,-0.22,-0.11
2014-02-22 10:20:00,1.8,0.2540481148372529,0,-0.11,-0.22,-0.11
2014-02-22 10:25:00,1.834,0.2228925749262493,0,-0.11,-0.22,-0.11
2014-02-22 10:30:00,1.764,0.2903464614412871,0,-0.11,-0.22,-0.11
2014-02-22 10:35:00,1.8,0.2539733128583791,0,-0.11,-0.22,-0.11
2014-02-22 10:40:00,1.996,0.3936600112518576,0,-0.11,-0.22,-0.11
2014-02-22 10:45:00,1.8,0.2541824825913103,0,-0.11,-0.22,-0.11
2014-02-22 10:50:00,1.8259999999999998,0.2300353975476954,0,-0.11,-0.22,-0.11
2014-02-22 10:55:00,1.806,0.2486380866985733,0,-0.11,-0.22,-0.11
2014-02-22 11:00:00,1.766,0.288756500798872,0,-0.11,-0.22,-0.11
2014-02-22 11:05:00,1.86,0.24622163511444736,0,-0.11,-0.22,-0.11
2014-02-22 11:10:00,1.974,0.36820149429048143,0,-0.11,-0.22,-0.11
2014-02-22 11:15:00,1.858,0.243882241287336,0,-0.11,-0.22,-0.11
2014-02-22 11:20:00,1.766,0.28923707937764703,0,-0.11,-0.22,-0.11
2014-02-22 11:25:00,1.9,0.2850865101451188,0,-0.11,-0.22,-0.11
2014-02-22 11:30:00,1.704,0.3586075177983848,0,-0.11,-0.22,-0.11
2014-02-22 11:35:00,1.8259999999999998,0.2309181824009277,0,-0.11,-0.22,-0.11
2014-02-22 11:40:00,1.942,0.3299370333152363,0,-0.11,-0.22,-0.11
2014-02-22 11:45:00,1.8,0.2553821361446175,0,-0.11,-0.22,-0.11
2014-02-22 11:50:00,1.8,0.2555124847990278,0,-0.11,-0.22,-0.11
2014-02-22 11:55:00,1.89,0.2739351758640423,0,-0.11,-0.22,-0.11
2014-02-22 12:00:00,1.798,0.25826608413570185,0,-0.11,-0.22,-0.11
2014-02-22 12:05:00,1.706,0.35736772911587306,0,-0.11,-0.22,-0.11
2014-02-22 12:10:00,2.0,0.39709226189116403,0,-0.11,-0.22,-0.11
2014-02-22 12:15:00,1.8,0.25615606794015805,0,-0.11,-0.22,-0.11
2014-02-22 12:20:00,1.8940000000000001,0.2772108377820277,0,-0.11,-0.22,-0.11
2014-02-22 12:25:00,1.7380000000000002,0.3207432155545024,0,-0.11,-0.22,-0.11
2014-02-22 12:30:00,1.798,0.2584075454221719,0,-0.11,-0.22,-0.11
2014-02-22 12:35:00,1.766,0.2908084230073137,0,-0.11,-0.22,-0.11
2014-02-22 12:40:00,1.994,0.3885837761648667,0,-0.11,-0.22,-0.11
2014-02-22 12:45:00,1.734,0.3253444384625596,0,-0.11,-0.22,-0.11
2014-02-22 12:50:00,1.828,0.23035590243447346,0,-0.11,-0.22,-0.11
2014-02-22 12:55:00,1.7380000000000002,0.3207799096223861,0,-0.11,-0.22,-0.11
2014-02-22 13:00:00,1.8659999999999999,0.2496346177873907,0,-0.11,-0.22,-0.11
2014-02-22 13:05:00,1.734,0.32510752538242377,0,-0.11,-0.22,-0.11
2014-02-22 13:10:00,2.0,0.39550426882131456,0,-0.11,-0.22,-0.11
2014-02-22 13:15:00,1.8259999999999998,0.23194322465864425,0,-0.11,-0.22,-0.11
2014-02-22 13:20:00,1.77,0.2859256039398792,0,-0.11,-0.22,-0.11
2014-02-22 13:25:00,1.7280000000000002,0.33130611957384765,0,-0.11,-0.22,-0.11
2014-02-22 13:30:00,1.8,0.2558652675672343,0,-0.11,-0.22,-0.11
2014-02-22 13:35:00,1.766,0.28985204484654475,0,-0.11,-0.22,-0.11
2014-02-22 13:40:00,2.0,0.3958426458208023,0,-0.11,-0.22,-0.11
2014-02-22 13:45:00,1.73,0.3280998976231218,0,-0.11,-0.22,-0.11
2014-02-22 13:50:00,1.8,0.2554331770488942,0,-0.11,-0.22,-0.11
2014-02-22 13:55:00,1.7619999999999998,0.29344635865853874,0,-0.11,-0.22,-0.11
2014-02-22 14:00:00,1.8719999999999999,0.25575045404980123,0,-0.11,-0.22,-0.11
2014-02-22 14:05:00,1.76,0.29539595955978304,0,-0.11,-0.22,-0.11
2014-02-22 14:10:00,2.006,0.4038672119540029,0,-0.11,-0.22,-0.11
2014-02-22 14:15:00,1.828,0.2297594766813328,0,-0.11,-0.22,-0.11
2014-02-22 14:20:00,1.8,0.2558270227658726,0,-0.11,-0.22,-0.11
2014-02-22 14:25:00,1.768,0.2878939386890164,0,-0.11,-0.22,-0.11
2014-02-22 14:30:00,1.926,0.31118248821249217,0,-0.11,-0.22,-0.11
2014-02-22 14:35:00,1.798,0.25770475269351945,0,-0.11,-0.22,-0.11
2014-02-22 14:40:00,1.906,0.2894261877543057,0,-0.11,-0.22,-0.11
2014-02-22 14:45:00,1.8319999999999999,0.2262185226444217,0,-0.11,-0.22,-0.11
2014-02-22 14:50:00,1.766,0.2903662385032349,0,-0.11,-0.22,-0.11
2014-02-22 14:55:00,1.834,0.2245432565956881,0,-0.11,-0.22,-0.11
2014-02-22 15:00:00,1.83,0.2282037441893001,0,-0.11,-0.22,-0.11
2014-02-22 15:05:00,1.9580000000000002,0.34716685094689714,0,-0.11,-0.22,-0.11
2014-02-22 15:10:00,1.874,0.2572467298116384,0,-0.11,-0.22,-0.11
2014-02-22 15:15:00,1.8659999999999999,0.2502579768730145,0,-0.11,-0.22,-0.11
2014-02-22 15:20:00,1.7619999999999998,0.29459214433482045,0,-0.11,-0.22,-0.11
2014-02-22 15:25:00,1.83,0.22792250361129426,0,-0.11,-0.22,-0.11
2014-02-22 15:30:00,1.834,0.22447330584231984,0,-0.11,-0.22,-0.11
2014-02-22 15:35:00,1.8259999999999998,0.2316478649516313,0,-0.11,-0.22,-0.11
2014-02-22 15:40:00,2.006,0.4053295850025327,0,-0.11,-0.22,-0.11
2014-02-22 15:45:00,1.8619999999999999,0.2460072364042415,0,-0.11,-0.22,-0.11
2014-02-22 15:50:00,1.8659999999999999,0.2495486920236481,0,-0.11,-0.22,-0.11
2014-02-22 15:55:00,1.766,0.29162646863608954,0,-0.11,-0.22,-0.11
2014-02-22 16:00:00,1.868,0.25130084119951945,0,-0.11,-0.22,-0.11
2014-02-22 16:05:00,1.834,0.22518933288137674,0,-0.11,-0.22,-0.11
2014-02-22 16:10:00,2.026,0.4309988478612775,0,-0.11,-0.22,-0.11
2014-02-22 16:15:00,1.7719999999999998,0.28587532932028825,0,-0.11,-0.22,-0.11
2014-02-22 16:20:00,1.766,0.29191564623648786,0,-0.11,-0.22,-0.11
2014-02-22 16:25:00,1.794,0.2633565734981406,0,-0.11,-0.22,-0.11
2014-02-22 16:30:00,1.838,0.22351689573351155,0,-0.11,-0.22,-0.11
2014-02-22 16:35:00,1.8,0.2575867353969362,0,-0.11,-0.22,-0.11
2014-02-22 16:40:00,1.994,0.39013972576715095,0,-0.11,-0.22,-0.11
2014-02-22 16:45:00,1.702,0.3643054241129927,0,-0.11,-0.22,-0.11
2014-02-22 16:50:00,1.766,0.29171175356731144,0,-0.11,-0.22,-0.11
2014-02-22 16:55:00,1.7,0.3661286635073284,0,-0.11,-0.22,-0.11
2014-02-22 17:00:00,1.892,0.27504516167535503,0,-0.11,-0.22,-0.11
2014-02-22 17:05:00,1.7380000000000002,0.3218254440105038,0,-0.11,-0.22,-0.11
2014-02-22 17:10:00,1.966,0.3559565212993265,0,-0.11,-0.22,-0.11
2014-02-22 17:15:00,1.766,0.29106595501518673,0,-0.11,-0.22,-0.11
2014-02-22 17:20:00,1.794,0.2624875555782632,0,-0.11,-0.22,-0.11
2014-02-22 17:25:00,1.672,0.39815741921825976,0,-0.11,-0.22,-0.11
2014-02-22 17:30:00,1.8259999999999998,0.23207704574226004,0,-0.11,-0.22,-0.11
2014-02-22 17:35:00,1.7380000000000002,0.3203605359266727,0,-0.11,-0.22,-0.11
2014-02-22 17:40:00,1.966,0.35559447097430563,0,-0.11,-0.22,-0.11
2014-02-22 17:45:00,1.764,0.29238188898617595,0,-0.11,-0.22,-0.11
2014-02-22 17:50:00,1.794,0.2619561670619482,0,-0.11,-0.22,-0.11
2014-02-22 17:55:00,1.8319999999999999,0.2268622897102766,0,-0.11,-0.22,-0.11
2014-02-22 18:00:00,1.7719999999999998,0.2845318851304866,0,-0.11,-0.22,-0.11
2014-02-22 18:05:00,1.766,0.2903890761809814,0,-0.11,-0.22,-0.11
2014-02-22 18:10:00,2.122,0.5475816193196117,0,-0.11,-0.22,-0.11
2014-02-22 18:15:00,1.706,0.3556260857290368,0,-0.11,-0.22,-0.11
2014-02-22 18:20:00,1.8319999999999999,0.2270846316600853,0,-0.11,-0.22,-0.11
2014-02-22 18:25:00,1.794,0.2623967569864697,0,-0.11,-0.22,-0.11
2014-02-22 18:30:00,1.7719999999999998,0.2842700889592639,0,-0.11,-0.22,-0.11
2014-02-22 18:35:00,1.828,0.23090847061877595,0,-0.11,-0.22,-0.11
2014-02-22 18:40:00,2.004,0.396746724246614,0,-0.11,-0.22,-0.11
2014-02-22 18:45:00,1.766,0.2902893936456657,0,-0.11,-0.22,-0.11
2014-02-22 18:50:00,1.8940000000000001,0.2755029530985558,0,-0.11,-0.22,-0.11
2014-02-22 18:55:00,1.732,0.3267353997670229,0,-0.11,-0.22,-0.11
2014-02-22 19:00:00,1.838,0.2230344085529272,0,-0.11,-0.22,-0.11
2014-02-22 19:05:00,1.796,0.2606234061898687,0,-0.11,-0.22,-0.11
2014-02-22 19:10:00,2.064,0.4702186827393807,0,-0.11,-0.22,-0.11
2014-02-22 19:15:00,1.8659999999999999,0.2478646115736433,0,-0.11,-0.22,-0.11
2014-02-22 19:20:00,1.766,0.2904797270941335,0,-0.11,-0.22,-0.11
2014-02-22 19:25:00,1.8319999999999999,0.2275862696816025,0,-0.11,-0.22,-0.11
2014-02-22 19:30:00,1.8,0.2568676818793201,0,-0.11,-0.22,-0.11
2014-02-22 19:35:00,1.86,0.242466233690287,0,-0.11,-0.22,-0.11
2014-02-22 19:40:00,1.972,0.3582100265906606,0,-0.11,-0.22,-0.11
2014-02-22 19:45:00,1.8259999999999998,0.23291105314899385,0,-0.11,-0.22,-0.11
2014-02-22 19:50:00,1.8980000000000001,0.2795614867232655,0,-0.11,-0.22,-0.11
2014-02-22 19:55:00,1.7380000000000002,0.3209355844238924,0,-0.11,-0.22,-0.11
2014-02-22 20:00:00,1.834,0.22595010992401274,0,-0.11,-0.22,-0.11
2014-02-22 20:05:00,1.83,0.2295834097564856,0,-0.11,-0.22,-0.11
2014-02-22 20:10:00,2.0,0.3922467921335588,0,-0.11,-0.22,-0.11
2014-02-22 20:15:00,1.8,0.2572664455076548,0,-0.11,-0.22,-0.11
2014-02-22 20:20:00,1.8359999999999999,0.22467192927004329,0,-0.11,-0.22,-0.11
2014-02-22 20:25:00,1.858,0.24009373006975035,0,-0.11,-0.22,-0.11
2014-02-22 20:30:00,1.8659999999999999,0.24872601737789216,0,-0.11,-0.22,-0.11
2014-02-22 20:35:00,1.838,0.22324523958657524,0,-0.11,-0.22,-0.11
2014-02-22 20:40:00,2.06,0.4703146896588337,0,-0.11,-0.22,-0.11
2014-02-22 20:45:00,1.798,0.2598553812983108,0,-0.11,-0.22,-0.11
2014-02-22 20:50:00,1.7719999999999998,0.28595895766007395,0,-0.11,-0.22,-0.11
2014-02-22 20:55:00,1.8940000000000001,0.2754384110051144,0,-0.11,-0.22,-0.11
2014-02-22 21:00:00,1.8019999999999998,0.2561813893556905,0,-0.11,-0.22,-0.11
2014-02-22 21:05:00,1.834,0.22646110784103,0,-0.11,-0.22,-0.11
2014-02-22 21:10:00,2.03,0.430583075576988,0,-0.11,-0.22,-0.11
2014-02-22 21:15:00,1.8659999999999999,0.24765925374542802,0,-0.11,-0.22,-0.11
2014-02-22 21:20:00,1.8,0.258338704113774,0,-0.11,-0.22,-0.11
2014-02-22 21:25:00,1.86,0.2418392181860316,0,-0.11,-0.22,-0.11
2014-02-22 21:30:00,1.8,0.258516774716363,0,-0.11,-0.22,-0.11
2014-02-22 21:35:00,1.7719999999999998,0.2865196574101938,0,-0.11,-0.22,-0.11
2014-02-22 21:40:00,2.094,0.509356655159071,0,-0.11,-0.22,-0.11
2014-02-22 21:45:00,1.704,0.3602768151697971,0,-0.11,-0.22,-0.11
2014-02-22 21:50:00,1.828,0.2321696864443064,0,-0.11,-0.22,-0.11
2014-02-22 21:55:00,1.7719999999999998,0.28588114453865504,0,-0.11,-0.22,-0.11
2014-02-22 22:00:00,1.86,0.241621970745914,0,-0.11,-0.22,-0.11
2014-02-22 22:05:00,1.7719999999999998,0.2854326685902112,0,-0.11,-0.22,-0.11
2014-02-22 22:10:00,2.06,0.4641923747809989,0,-0.11,-0.22,-0.11
2014-02-22 22:15:00,1.864,0.2448664323199638,0,-0.11,-0.22,-0.11
2014-02-22 22:20:00,1.734,0.32597658181312805,0,-0.11,-0.22,-0.11
2014-02-22 22:25:00,1.834,0.2271358936216349,0,-0.11,-0.22,-0.11
2014-02-22 22:30:00,1.896,0.2752398442833773,0,-0.11,-0.22,-0.11
2014-02-22 22:35:00,1.828,0.23292295610038394,0,-0.11,-0.22,-0.11
2014-02-22 22:40:00,1.974,0.3597314981201692,0,-0.11,-0.22,-0.11
2014-02-22 22:45:00,1.8259999999999998,0.2344391360037564,0,-0.11,-0.22,-0.11
2014-02-22 22:50:00,1.7719999999999998,0.28607717462742377,0,-0.11,-0.22,-0.11
2014-02-22 22:55:00,1.76,0.2983207383185587,0,-0.11,-0.22,-0.11
2014-02-22 23:00:00,1.9,0.2793335916153824,0,-0.11,-0.22,-0.11
2014-02-22 23:05:00,1.7380000000000002,0.3222675515673912,0,-0.11,-0.22,-0.11
2014-02-22 23:10:00,2.03,0.4249898167331975,0,-0.11,-0.22,-0.11
2014-02-22 23:15:00,1.858,0.2389336529876558,0,-0.11,-0.22,-0.11
2014-02-22 23:20:00,1.7380000000000002,0.3222060518204133,0,-0.11,-0.22,-0.11
2014-02-22 23:25:00,1.7280000000000002,0.3324934494357573,0,-0.11,-0.22,-0.11
2014-02-22 23:30:00,1.8719999999999999,0.25205627606929804,0,-0.11,-0.22,-0.11
2014-02-22 23:35:00,1.7280000000000002,0.3321301062425646,0,-0.11,-0.22,-0.11
2014-02-22 23:40:00,1.974,0.3581617169190834,0,-0.11,-0.22,-0.11
2014-02-22 23:45:00,1.794,0.2637975304743859,0,-0.11,-0.22,-0.11
2014-02-22 23:50:00,1.7380000000000002,0.3212268032467655,0,-0.11,-0.22,-0.11
2014-02-22 23:55:00,1.7919999999999998,0.2655768957026645,0,-0.11,-0.22,-0.11
2014-02-23 00:00:00,1.8259999999999998,0.2340426550906673,0,-0.11,-0.22,-0.11
2014-02-23 00:05:00,1.834,0.2269038513418884,0,-0.11,-0.22,-0.11
2014-02-23 00:10:00,2.042,0.4391642461646553,0,-0.11,-0.22,-0.11
2014-02-23 00:15:00,1.8,0.25776079381189426,0,-0.11,-0.22,-0.11
2014-02-23 00:20:00,1.8259999999999998,0.2343289404972649,0,-0.11,-0.22,-0.11
2014-02-23 00:25:00,1.764,0.2946948442947683,0,-0.11,-0.22,-0.11
2014-02-23 00:30:00,1.7380000000000002,0.3227079943149263,0,-0.11,-0.22,-0.11
2014-02-23 00:35:00,1.8659999999999999,0.2470492121004429,0,-0.11,-0.22,-0.11
2014-02-23 00:40:00,1.96,0.34420744431011485,0,-0.11,-0.22,-0.11
2014-02-23 00:45:00,1.838,0.2236926903812485,0,-0.11,-0.22,-0.11
2014-02-23 00:50:00,1.828,0.2328505563112269,0,-0.11,-0.22,-0.11
2014-02-23 00:55:00,1.806,0.2531871626432469,0,-0.11,-0.22,-0.11
2014-02-23 01:00:00,1.83,0.23119081357599805,0,-0.11,-0.22,-0.11
2014-02-23 01:05:00,1.83,0.2310040539480817,0,-0.11,-0.22,-0.11
2014-02-23 01:10:00,2.028,0.4257510897030169,0,-0.11,-0.22,-0.11
2014-02-23 01:15:00,1.838,0.22436937332207288,0,-0.11,-0.22,-0.11
2014-02-23 01:20:00,1.8619999999999999,0.2425543038452733,0,-0.11,-0.22,-0.11
2014-02-23 01:25:00,1.798,0.2616359905461735,0,-0.11,-0.22,-0.11
2014-02-23 01:30:00,1.86,0.2403684560162632,0,-0.11,-0.22,-0.11
2014-02-23 01:35:00,1.8,0.26017227246543123,0,-0.11,-0.22,-0.11
2014-02-23 01:40:00,2.004,0.3956425205159344,0,-0.11,-0.22,-0.11
2014-02-23 01:45:00,1.766,0.2944717318298538,0,-0.11,-0.22,-0.11
2014-02-23 01:50:00,1.806,0.25402615818190083,0,-0.11,-0.22,-0.11
2014-02-23 01:55:00,1.8,0.25996682098893137,0,-0.11,-0.22,-0.11
2014-02-23 02:00:00,1.8940000000000001,0.2730932116781737,0,-0.11,-0.22,-0.11
2014-02-23 02:05:00,1.864,0.2438402968228222,0,-0.11,-0.22,-0.11
2014-02-23 02:10:00,2.028,0.42445770357466295,0,-0.11,-0.22,-0.11
2014-02-23 02:15:00,1.766,0.2947353542272884,0,-0.11,-0.22,-0.11
2014-02-23 02:20:00,1.9,0.2787186517696976,0,-0.11,-0.22,-0.11
2014-02-23 02:25:00,1.704,0.3630779966914113,0,-0.11,-0.22,-0.11
2014-02-23 02:30:00,1.892,0.2704675844635499,0,-0.11,-0.22,-0.11
2014-02-23 02:35:00,1.7380000000000002,0.32441508399182506,0,-0.11,-0.22,-0.11
2014-02-23 02:40:00,2.0340000000000003,0.43031450159650825,0,-0.11,-0.22,-0.11
2014-02-23 02:45:00,1.766,0.29388418773081165,0,-0.11,-0.22,-0.11
2014-02-23 02:50:00,1.8,0.2596982309809154,0,-0.11,-0.22,-0.11
2014-02-23 02:55:00,1.8,0.2596982309809149,0,-0.11,-0.22,-0.11
2014-02-23 03:00:00,1.8319999999999999,0.2301231375602462,0,-0.11,-0.22,-0.11
2014-02-23 03:05:00,1.892,0.2701986834398837,0,-0.11,-0.22,-0.11
2014-02-23 03:10:00,2.65,0.9418632394920572,0,-0.11,-0.22,-0.11
2014-02-23 03:15:00,1.8,0.25814086767208594,0,-0.11,-0.22,-0.11
2014-02-23 03:20:00,1.828,0.23432089252085145,0,-0.11,-0.22,-0.11
2014-02-23 03:25:00,1.7719999999999998,0.2829949776993758,0,-0.11,-0.22,-0.11
2014-02-23 03:30:00,1.8319999999999999,0.23096925928577594,0,-0.11,-0.22,-0.11
2014-02-23 03:35:00,1.798,0.2595786670409219,0,-0.11,-0.22,-0.11
2014-02-23 03:40:00,2.0,0.3692345346584842,0,-0.11,-0.22,-0.11
2014-02-23 03:45:00,1.8,0.2577111830359657,0,-0.11,-0.22,-0.11
2014-02-23 03:50:00,1.834,0.2293710519044657,0,-0.11,-0.22,-0.11
2014-02-23 03:55:00,1.766,0.28857413788615666,0,-0.11,-0.22,-0.11
2014-02-23 04:00:00,1.9,0.2712230571490363,0,-0.11,-0.22,-0.11
2014-02-23 04:05:00,1.7619999999999998,0.2922740249970465,0,-0.11,-0.22,-0.11
2014-02-23 04:10:00,2.136,0.5205505363342574,0,-0.11,-0.22,-0.11
2014-02-23 04:15:00,1.672,0.3966596236678277,0,-0.11,-0.22,-0.11
2014-02-23 04:20:00,1.8259999999999998,0.23507509509723906,0,-0.11,-0.22,-0.11
2014-02-23 04:25:00,1.77,0.287690194327605,0,-0.11,-0.22,-0.11
2014-02-23 04:30:00,1.8,0.2586186775072353,0,-0.11,-0.22,-0.11
2014-02-23 04:35:00,1.83,0.2310026177325895,0,-0.11,-0.22,-0.11
2014-02-23 04:40:00,1.966,0.3481479145034215,0,-0.11,-0.22,-0.11
2014-02-23 04:45:00,1.834,0.22742043371063664,0,-0.11,-0.22,-0.11
2014-02-23 04:50:00,1.766,0.29184883610823675,0,-0.11,-0.22,-0.11
2014-02-23 04:55:00,1.8659999999999999,0.2459584090162356,0,-0.11,-0.22,-0.11
2014-02-23 05:00:00,1.864,0.2438474260879971,0,-0.11,-0.22,-0.11
2014-02-23 05:05:00,1.858,0.2383507970890252,0,-0.11,-0.22,-0.11
2014-02-23 05:10:00,1.972,0.35404445671122764,0,-0.11,-0.22,-0.11
2014-02-23 05:15:00,1.83,0.2315041407249185,0,-0.11,-0.22,-0.11
2014-02-23 05:20:00,1.766,0.29351124500109393,0,-0.11,-0.22,-0.11
2014-02-23 05:25:00,1.834,0.22850837369729515,0,-0.11,-0.22,-0.11
2014-02-23 05:30:00,1.86,0.23952834146473675,0,-0.11,-0.22,-0.11
2014-02-23 05:35:00,1.7719999999999998,0.28769836978930113,0,-0.11,-0.22,-0.11
2014-02-23 05:40:00,1.96,0.3408691611083832,0,-0.11,-0.22,-0.11
2014-02-23 05:45:00,1.838,0.2254086971206505,0,-0.11,-0.22,-0.11
2014-02-23 05:50:00,1.764,0.2966784430823703,0,-0.11,-0.22,-0.11
2014-02-23 05:55:00,1.8,0.2604541641902176,0,-0.11,-0.22,-0.11
2014-02-23 06:00:00,1.8659999999999999,0.2445267088562585,0,-0.11,-0.22,-0.11
2014-02-23 06:05:00,1.8319999999999999,0.2312039556276405,0,-0.11,-0.22,-0.11
2014-02-23 06:10:00,1.96,0.34092350226419776,0,-0.11,-0.22,-0.11
2014-02-23 06:15:00,1.806,0.2552620915724028,0,-0.11,-0.22,-0.11
2014-02-23 06:20:00,1.732,0.3317910856556056,0,-0.11,-0.22,-0.11
2014-02-23 06:25:00,1.8,0.2608940820621153,0,-0.11,-0.22,-0.11
2014-02-23 06:30:00,1.8,0.2608791268879471,0,-0.11,-0.22,-0.11
2014-02-23 06:35:00,1.86,0.23880835779731685,0,-0.11,-0.22,-0.11
2014-02-23 06:40:00,1.8719999999999999,0.2495893731680628,0,-0.11,-0.22,-0.11
2014-02-23 06:45:00,1.8259999999999998,0.236719144878742,0,-0.11,-0.22,-0.11
2014-02-23 06:50:00,1.808,0.2533551027150236,0,-0.11,-0.22,-0.11
2014-02-23 06:55:00,1.7280000000000002,0.3364696330376675,0,-0.11,-0.22,-0.11
2014-02-23 07:00:00,1.874,0.2522002946629491,0,-0.11,-0.22,-0.11
2014-02-23 07:05:00,1.766,0.2954766424700497,0,-0.11,-0.22,-0.11
2014-02-23 07:10:00,2.0,0.3877362950265829,0,-0.11,-0.22,-0.11
2014-02-23 07:15:00,1.7619999999999998,0.2993520199634697,0,-0.11,-0.22,-0.11
2014-02-23 07:20:00,1.806,0.2549347794666598,0,-0.11,-0.22,-0.11
2014-02-23 07:25:00,1.76,0.30121170042171913,0,-0.11,-0.22,-0.11
2014-02-23 07:30:00,1.838,0.2256552138112519,0,-0.11,-0.22,-0.11
2014-02-23 07:35:00,1.766,0.2947428247844192,0,-0.11,-0.22,-0.11
2014-02-23 07:40:00,2.094,0.5030015783918793,0,-0.11,-0.22,-0.11
2014-02-23 07:45:00,1.732,0.33040375378664216,0,-0.11,-0.22,-0.11
2014-02-23 07:50:00,1.806,0.25446929836029625,0,-0.11,-0.22,-0.11
2014-02-23 07:55:00,1.794,0.2660259863898579,0,-0.11,-0.22,-0.11
2014-02-23 08:00:00,1.838,0.2255384668703625,0,-0.11,-0.22,-0.11
2014-02-23 08:05:00,1.794,0.2657993285044897,0,-0.11,-0.22,-0.11
2014-02-23 08:10:00,2.002,0.3882307727429408,0,-0.11,-0.22,-0.11
2014-02-23 08:15:00,1.766,0.2935214486415622,0,-0.11,-0.22,-0.11
2014-02-23 08:20:00,1.83,0.2322061856814199,0,-0.11,-0.22,-0.11
2014-02-23 08:25:00,1.794,0.2655341376955381,0,-0.11,-0.22,-0.11
2014-02-23 08:30:00,1.8659999999999999,0.24468874165695198,0,-0.11,-0.22,-0.11
2014-02-23 08:35:00,1.834,0.228881155793173,0,-0.11,-0.22,-0.11
2014-02-23 08:40:00,2.146,0.5639749574805817,0,-0.11,-0.22,-0.11
2014-02-23 08:45:00,1.794,0.26585906439468365,0,-0.11,-0.22,-0.11
2014-02-23 08:50:00,1.806,0.2545905571794518,0,-0.11,-0.22,-0.11
2014-02-23 08:55:00,1.8,0.2601333055771574,0,-0.11,-0.22,-0.11
2014-02-23 09:00:00,1.8659999999999999,0.24577878750390794,0,-0.11,-0.22,-0.11
2014-02-23 09:05:00,1.828,0.2335926642540711,0,-0.11,-0.22,-0.11
2014-02-23 09:10:00,1.996,0.3848347068436048,0,-0.11,-0.22,-0.11
2014-02-23 09:15:00,1.704,0.3620657151970229,0,-0.11,-0.22,-0.11
2014-02-23 09:20:00,1.794,0.2651523280511221,0,-0.11,-0.22,-0.11
2014-02-23 09:25:00,1.8319999999999999,0.23012555839405385,0,-0.11,-0.22,-0.11
2014-02-23 09:30:00,1.736,0.3256457677191823,0,-0.11,-0.22,-0.11
2014-02-23 09:35:00,1.8259999999999998,0.2353710338054945,0,-0.11,-0.22,-0.11
2014-02-23 09:40:00,1.972,0.3555265689096805,0,-0.11,-0.22,-0.11
2014-02-23 09:45:00,1.8940000000000001,0.27230906412312705,0,-0.11,-0.22,-0.11
2014-02-23 09:50:00,1.704,0.3622217819679159,0,-0.11,-0.22,-0.11
2014-02-23 09:55:00,1.8259999999999998,0.2355805592814869,0,-0.11,-0.22,-0.11
2014-02-23 10:00:00,1.8659999999999999,0.2451849524294071,0,-0.11,-0.22,-0.11
2014-02-23 10:05:00,1.806,0.254188322311291,0,-0.11,-0.22,-0.11
2014-02-23 10:10:00,1.932,0.31098274116150715,0,-0.11,-0.22,-0.11
2014-02-23 10:15:00,1.828,0.23389544244625066,0,-0.11,-0.22,-0.11
2014-02-23 10:20:00,1.766,0.2937286785852655,0,-0.11,-0.22,-0.11
2014-02-23 10:25:00,1.806,0.2540541595832162,0,-0.11,-0.22,-0.11
2014-02-23 10:30:00,1.794,0.26587935710618354,0,-0.11,-0.22,-0.11
2014-02-23 10:35:00,1.804,0.25592723408970985,0,-0.11,-0.22,-0.11
2014-02-23 10:40:00,1.962,0.3449279363364555,0,-0.11,-0.22,-0.11
2014-02-23 10:45:00,1.794,0.26546073438660633,0,-0.11,-0.22,-0.11
2014-02-23 10:50:00,1.734,0.3279635873318148,0,-0.11,-0.22,-0.11
2014-02-23 10:55:00,1.8,0.2595052929570438,0,-0.11,-0.22,-0.11
2014-02-23 11:00:00,1.8,0.259639130798079,0,-0.11,-0.22,-0.11
2014-02-23 11:05:00,1.828,0.2336998370459389,0,-0.11,-0.22,-0.11
2014-02-23 11:10:00,1.9040000000000001,0.28231733114621765,0,-0.11,-0.22,-0.11
2014-02-23 11:15:00,1.8,0.25950221382335936,0,-0.11,-0.22,-0.11
2014-02-23 11:20:00,1.732,0.3299584683919986,0,-0.11,-0.22,-0.11
2014-02-23 11:25:00,1.766,0.29313202865658555,0,-0.11,-0.22,-0.11
2014-02-23 11:30:00,1.8259999999999998,0.2348591348344133,0,-0.11,-0.22,-0.11
2014-02-23 11:35:00,1.7380000000000002,0.32290181979821064,0,-0.11,-0.22,-0.11
2014-02-23 11:40:00,2.0,0.3890931192956524,0,-0.11,-0.22,-0.11
2014-02-23 11:45:00,1.734,0.32687840014826625,1,1.0,1.0,1.0
2014-02-23 11:50:00,1.8,0.2586819065806494,1,0.9996606163510808,0.9996606163510808,0.9996606163510809
2014-02-23 11:55:00,1.732,0.3285241736078128,1,0.9993128031853268,0.9993128031853268,0.9993128031853268
2014-02-23 12:00:00,1.8940000000000001,0.27327091783357704,1,0.9989563541757912,0.9989563541757912,0.9989563541757912
2014-02-23 12:05:00,1.8619999999999999,0.2424749967729453,1,0.9985910580993534,0.9985910580993534,0.9985910580993534
2014-02-23 12:10:00,1.9040000000000001,0.28283652239556845,1,0.9982166987283538,0.9982166987283538,0.9982166987283538
2014-02-23 12:15:00,1.766,0.29235655011711725,1,0.9978330547202332,0.9978330547202332,0.9978330547202332
2014-02-23 12:20:00,1.83,0.2306985706120777,1,0.9974398995051676,0.9974398995051676,0.9974398995051675
2014-02-23 12:25:00,1.766,0.2922635681965232,1,0.9970370011716712,0.9970370011716712,0.9970370011716713
2014-02-23 12:30:00,1.8319999999999999,0.2287351443629228,1,0.9966241223501692,0.9966241223501692,0.9966241223501693
2014-02-23 12:35:00,1.766,0.29245105250970266,1,0.9962010200945216,0.9962010200945216,0.9962010200945217
2014-02-23 12:40:00,2.0,0.3900334280100021,1,0.9957674457614892,0.9957674457614892,0.9957674457614893
2014-02-23 12:45:00,1.794,0.2642115419717662,1,0.9953231448881372,0.9953231448881371,0.995323144888137
2014-02-23 12:50:00,1.804,0.2546250288108759,1,0.9948678570671664,0.9948678570671664,0.9948678570671663
2014-02-23 12:55:00,1.8,0.2584374836186757,1,0.9944013158201752,0.9944013158201752,0.9944013158201751
2014-02-23 13:00:00,1.8940000000000001,0.2736150630346937,1,0.9939232484688408,0.9939232484688408,0.9939232484688408
2014-02-23 13:05:00,1.8,0.2584549550479883,1,0.9934333760040284,0.9934333760040284,0.9934333760040285
2014-02-23 13:10:00,2.032,0.4280141374815977,1,0.9929314129528292,0.9929314129528292,0.9929314129528292
2014-02-23 13:15:00,1.7380000000000002,0.3223832412691185,1,0.9924170672435276,0.9924170672435276,0.9924170672435275
2014-02-23 13:20:00,1.8259999999999998,0.23461472292182006,1,0.9918900400685148,0.9918900400685148,0.9918900400685149
2014-02-23 13:25:00,1.736,0.3239795173002653,1,0.9913500257451536,0.9913500257451536,0.9913500257451535
2014-02-23 13:30:00,1.86,0.24100054823991984,1,0.9907967115746072,0.9907967115746072,0.9907967115746071
2014-02-23 13:35:00,1.706,0.3577551886063929,1,0.9902297776986564,0.9902297776986564,0.9902297776986564
2014-02-23 13:40:00,1.994,0.3818544686766413,1,0.9896488969545182,0.9896488969545182,0.9896488969545182
2014-02-23 13:45:00,1.8,0.25836483615527994,1,0.989053734727698,0.989053734727698,0.9890537347276981
2014-02-23 13:50:00,1.702,0.3622920541713475,1,0.9884439488028972,0.9884439488028972,0.9884439488028973
2014-02-23 13:55:00,1.834,0.2271567793869004,1,0.9878191892130114,0.9878191892130114,0.9878191892130114
2014-02-23 14:00:00,1.794,0.2642412281882046,1,0.987179098086258,0.9871790980862579,0.987179098086258
2014-02-23 14:05:00,1.7719999999999998,0.2857762778051242,1,0.9865233094914724,0.9865233094914724,0.9865233094914725
2014-02-23 14:10:00,1.964,0.3474825913985609,1,0.9858514492816188,0.9858514492816188,0.9858514492816188
2014-02-23 14:15:00,1.796,0.2621956613959905,1,0.9851631349355688,0.9851631349355688,0.9851631349355688
2014-02-23 14:20:00,1.806,0.25257044750565977,1,0.9844579753982056,0.9844579753982056,0.9844579753982057
2014-02-23 14:25:00,1.798,0.2603050434268125,1,0.9837355709189104,0.9837355709189104,0.9837355709189104
2014-02-23 14:30:00,1.8,0.25868042240725664,1,0.9829955128885096,0.9829955128885096,0.9829955128885095
2014-02-23 14:35:00,1.766,0.2925355803809576,1,0.9822373836747456,0.9822373836747456,0.9822373836747457
2014-02-23 14:40:00,2.06,0.462776502771724,1,0.9814607564563648,0.9814607564563648,0.9814607564563648
2014-02-23 14:45:00,1.766,0.2924548072153102,1,0.9806651950559008,0.9806651950559008,0.9806651950559007
2014-02-23 14:50:00,1.7380000000000002,0.3223296935124029,1,0.9798502537712545,0.9798502537712545,0.9798502537712545
2014-02-23 14:55:00,1.798,0.2605434512148716,1,0.979015477206175,0.979015477206175,0.979015477206175
2014-02-23 15:00:00,1.83,0.2311892734528445,1,0.978160400099744,0.978160400099744,0.9781604000997439
2014-02-23 15:05:00,1.766,0.2923836188146325,1,0.9772845471549964,0.9772845471549964,0.9772845471549964
2014-02-23 15:10:00,1.96,0.34280112290918424,1,0.976387432866794,0.976387432866794,0.976387432866794
2014-02-23 15:15:00,1.874,0.25394246215235344,1,0.9754685613490952,0.9754685613490952,0.9754685613490953
2014-02-23 15:20:00,1.8,0.2587467958579621,1,0.9745274261617696,0.9745274261617696,0.9745274261617695
2014-02-23 15:25:00,1.794,0.2645267203937339,1,0.9735635101371072,0.9735635101371072,0.9735635101371072
2014-02-23 15:30:00,1.806,0.2531474817873929,1,0.9725762852061977,0.9725762852061977,0.9725762852061975
2014-02-23 15:35:00,1.86,0.2411143160385982,1,0.9715652122253532,0.9715652122253532,0.9715652122253531
2014-02-23 15:40:00,1.936,0.3169281927490579,1,0.9705297408027682,0.9705297408027682,0.9705297408027682
2014-02-23 15:45:00,1.834,0.2275763526228751,1,0.9694693091256104,0.9694693091256104,0.9694693091256104
2014-02-23 15:50:00,1.8,0.25878352661812243,1,0.9683833437877668,0.9683833437877668,0.9683833437877669
2014-02-23 15:55:00,1.8,0.2589164237507736,1,0.9672712596184648,0.9672712596184648,0.9672712596184648
2014-02-23 16:00:00,1.834,0.2275841142572394,1,0.966132459512006,0.966132459512006,0.9661324595120059
2014-02-23 16:05:00,1.8259999999999998,0.2346949199386733,1,0.9649663342588732,0.9649663342588732,0.9649663342588732
2014-02-23 16:10:00,1.972,0.3577317330670368,1,0.963772262378476,0.963772262378476,0.9637722623784759
2014-02-23 16:15:00,1.794,0.26447150423167354,1,0.9625496099538098,0.9625496099538098,0.9625496099538098
2014-02-23 16:20:00,1.9,0.27950452141341897,1,0.961297730468342,0.961297730468342,0.961297730468342
2014-02-23 16:25:00,1.704,0.3606796739192104,1,0.9600159646454204,0.9600159646454204,0.9600159646454204
2014-02-23 16:30:00,1.8659999999999999,0.2465417293638261,1,0.9587036402905508,0.9587036402905508,0.9587036402905507
2014-02-23 16:35:00,1.766,0.2922152323747999,1,0.9573600721368786,0.9573600721368786,0.9573600721368786
2014-02-23 16:40:00,2.0,0.3892392832448223,1,0.9559845616942484,0.9559845616942484,0.9559845616942484
2014-02-23 16:45:00,1.766,0.2919486878869576,1,0.9545763971022152,0.9545763971022152,0.9545763971022153
2014-02-23 16:50:00,1.9580000000000002,0.34120327280321305,1,0.9531348529874168,0.9531348529874168,0.9531348529874168
2014-02-23 16:55:00,1.74,0.3190462064604291,1,0.95165919032572,0.95165919032572,0.95165919032572
2014-02-23 17:00:00,1.9980000000000002,0.3863817106355306,1,0.9501486563095902,0.9501486563095902,0.9501486563095902
2014-02-23 17:05:00,1.864,0.2443079220330887,1,0.948602484221132,0.9486024842211321,0.948602484221132
2014-02-23 17:10:00,2.094,0.5013549896280906,1,0.9470198933112958,0.9470198933112958,0.9470198933112958
2014-02-23 17:15:00,1.8359999999999999,0.2259934516001392,1,0.9454000886857372,0.9454000886857371,0.945400088685737
2014-02-23 17:20:00,1.828,0.2331354608077792,1,0.9437422611978667,0.9437422611978667,0.9437422611978669
2014-02-23 17:25:00,1.734,0.3258095554247765,1,0.9420455873496312,0.9420455873496312,0.9420455873496312
2014-02-23 17:30:00,1.828,0.2331348528466559,1,0.9403092292005844,0.9403092292005844,0.9403092292005844
2014-02-23 17:35:00,1.77,0.28782716185640195,1,0.9385323342858608,0.9385323342858608,0.9385323342858607
2014-02-23 17:40:00,2.0,0.385991071333248,1,0.9367140355436432,0.9367140355436432,0.9367140355436433
2014-02-23 17:45:00,1.734,0.32520496932008913,1,0.9348534512527858,0.9348534512527858,0.9348534512527858
2014-02-23 17:50:00,1.8,0.2586287960386455,1,0.932949684981232,0.932949684981232,0.932949684981232
2014-02-23 17:55:00,1.766,0.2920925857119377,1,0.9310018255459368,0.9310018255459368,0.9310018255459367
2014-02-23 18:00:00,1.794,0.2647704536443653,1,0.9290089469849906,0.9290089469849906,0.9290089469849906
2014-02-23 18:05:00,1.766,0.2921632802429203,1,0.9269701085426888,0.9269701085426888,0.9269701085426887
2014-02-23 18:10:00,1.972,0.3544150944151901,1,0.9248843546683032,0.9248843546683032,0.9248843546683032
2014-02-23 18:15:00,1.766,0.2923203656640383,1,0.922750715029351,0.922750715029351,0.922750715029351
2014-02-23 18:20:00,1.798,0.26077347153430425,1,0.9205682045401627,0.9205682045401627,0.9205682045401629
2014-02-23 18:25:00,1.766,0.2923383082551793,1,0.9183358234065968,0.9183358234065968,0.9183358234065968
2014-02-23 18:30:00,1.766,0.2929411976835541,1,0.9160525571877524,0.9160525571877524,0.9160525571877525
2014-02-23 18:35:00,1.86,0.2400088062242232,1,0.9137173768755792,0.9137173768755791,0.913717376875579
2014-02-23 18:40:00,1.9080000000000001,0.2856334019445483,1,0.9113292389932816,0.9113292389932816,0.9113292389932816
2014-02-23 18:45:00,1.858,0.2380724739684832,1,0.9088870857134672,0.9088870857134672,0.9088870857134672
2014-02-23 18:50:00,1.732,0.3297514868013769,1,0.9063898449969824,0.9063898449969824,0.9063898449969823
2014-02-23 18:55:00,1.7380000000000002,0.3227966275825642,1,0.9038364307534312,0.9038364307534312,0.9038364307534311
2014-02-23 19:00:00,1.796,0.2629770302490638,1,0.9012257430243702,0.9012257430243702,0.9012257430243702
2014-02-23 19:05:00,1.8,0.2592493954836032,1,0.8985566681902077,0.8985566681902077,0.8985566681902077
2014-02-23 19:10:00,1.966,0.3479668407773199,1,0.8958280792018518,0.8958280792018518,0.8958280792018518
2014-02-23 19:15:00,1.766,0.2933123973822692,1,0.8930388358381706,0.8930388358381706,0.8930388358381706
2014-02-23 19:20:00,1.794,0.2653933749785678,1,0.8901877849903459,0.8901877849903459,0.8901877849903459
2014-02-23 19:25:00,1.8019999999999998,0.2575040809597886,1,0.8872737609742145,0.8872737609742145,0.8872737609742145
2014-02-23 19:30:00,1.8,0.2594576623219881,1,0.8842955858717122,0.8842955858717122,0.8842955858717122
2014-02-23 19:35:00,1.8659999999999999,0.2459392680446017,1,0.8812520699025423,0.8812520699025423,0.8812520699025423
2014-02-23 19:40:00,1.99,0.3779000984980073,1,0.8781420118272028,0.8781420118272028,0.8781420118272028
2014-02-23 19:45:00,1.8659999999999999,0.24588039975097944,1,0.8749641993825149,0.8749641993825149,0.8749641993825149
2014-02-23 19:50:00,1.706,0.3605078868943716,1,0.8717174097508009,0.8717174097508009,0.8717174097508009
2014-02-23 19:55:00,1.8319999999999999,0.2296996567130222,1,0.8684004100638634,0.8684004100638634,0.8684004100638634
2014-02-23 20:00:00,1.8,0.259717561469084,1,0.8650119579429126,0.8650119579429126,0.8650119579429126
2014-02-23 20:05:00,1.966,0.3502688192902946,1,0.8615508020755978,0.8615508020755978,0.8615508020755978
2014-02-23 20:10:00,1.966,0.3492905060191949,1,0.8580156828312717,0.8580156828312717,0.8580156828312717
2014-02-23 20:15:00,1.86,0.24025407486823644,1,0.854405332915637,0.854405332915637,0.854405332915637
2014-02-23 20:20:00,1.8719999999999999,0.2514901228085992,1,0.8507184780658686,0.8507184780658686,0.8507184780658686
2014-02-23 20:25:00,1.996,0.3854029109961592,1,0.8469538377873326,0.8469538377873326,0.8469538377873326
2014-02-23 20:30:00,2.124,0.5425591221993722,1,0.8431101261329635,0.8431101261329635,0.8431101261329635
2014-02-23 20:35:00,1.94,0.31740172301066033,1,0.8391860525263521,0.8391860525263521,0.8391860525263521
2014-02-23 20:40:00,2.2,0.6271587874912683,1,0.8351803226295599,0.8351803226295599,0.8351803226295599
2014-02-23 20:45:00,2.032,0.41767163792354056,1,0.8310916392566403,0.8310916392566403,0.8310916392566403
2014-02-23 20:50:00,1.966,0.3407203886522696,1,0.8269187033337926,0.8269187033337926,0.8269187033337926
2014-02-23 20:55:00,1.9980000000000002,0.3757294287676121,1,0.8226602149070443,0.8226602149070443,0.8226602149070443
2014-02-23 21:00:00,2.092,0.4849772861943818,1,0.8183148741982842,0.8183148741982842,0.8183148741982842
2014-02-23 21:05:00,1.9340000000000002,0.3036662269407524,1,0.8138813827104135,0.8138813827104135,0.8138813827104135
2014-02-23 21:10:00,2.364,0.771975785760037,1,0.8093584443823231,0.8093584443823231,0.8093584443823231
2014-02-23 21:15:00,1.8980000000000001,0.2654159984121679,1,0.8047447667943036,0.8047447667943036,0.8047447667943036
2014-02-23 21:20:00,2.032,0.4006764123631002,1,0.8000390624244499,0.8000390624244499,0.80003906242445
2014-02-23 21:25:00,1.972,0.335247800554407,1,0.7952400499564912,0.7952400499564912,0.7952400499564912
2014-02-23 21:30:00,2.06,0.4291981234812452,1,0.7903464556394151,0.7903464556394151,0.7903464556394151
2014-02-23 21:35:00,1.97,0.33116351584498915,1,0.7853570146991236,0.7853570146991236,0.7853570146991236
2014-02-23 21:40:00,2.198,0.5812894515234784,1,0.7802704728022559,0.7802704728022559,0.7802704728022559
2014-02-23 21:45:00,1.996,0.3550267784626009,1,0.775085587572197,0.775085587572197,0.775085587572197
2014-02-23 21:50:00,2.0,0.3580912312932415,1,0.7698011301571411,0.7698011301571411,0.7698011301571411
2014-02-23 21:55:00,2.0,0.3569909381743178,1,0.7644158868499645,0.7644158868499645,0.7644158868499645
2014-02-23 22:00:00,2.066,0.4261223333997981,1,0.7589286607594986,0.7589286607594986,0.7589286607594986
2014-02-23 22:05:00,1.93,0.2870903377693418,1,0.7533382735326392,0.7533382735326392,0.7533382735326392
2014-02-23 22:10:00,2.198,0.5684209728600007,1,0.7476435671265776,0.7476435671265776,0.7476435671265776
2014-02-23 22:15:00,2.06,0.4137849076841019,1,0.7418434056302476,0.7418434056302476,0.7418434056302476
2014-02-23 22:20:00,1.972,0.32318402118296163,1,0.7359366771339131,0.7359366771339131,0.7359366771339131
2014-02-23 22:25:00,1.926,0.2804158127803905,1,0.7299222956456326,0.7299222956456326,0.7299222956456326
2014-02-23 22:30:00,2.006,0.3552896183134222,1,0.7237992030531304,0.7237992030531304,0.7237992030531304
2014-02-23 22:35:00,1.9240000000000002,0.2776911080905161,1,0.7175663711294089,0.7175663711294089,0.7175663711294089
2014-02-23 22:40:00,2.11,0.4622219099499909,1,0.7112228035802163,0.7112228035802163,0.7112228035802163
2014-02-23 22:45:00,1.93,0.2824037873966131,1,0.7047675381312716,0.7047675381312716,0.7047675381312716
2014-02-23 22:50:00,1.9580000000000002,0.3071386921152357,1,0.698199648652917,0.698199648652917,0.698199648652917
2014-02-23 22:55:00,1.8659999999999999,0.2288257107978316,1,0.6915182473196357,0.6915182473196357,0.6915182473196357
2014-02-23 23:00:00,1.962,0.3101310270024754,1,0.6847224868016417,0.6847224868016417,0.6847224868016417
2014-02-23 23:05:00,1.67,0.3935466522928958,1,0.6778115624854981,0.6778115624854981,0.6778115624854981
2014-02-23 23:10:00,2.028,0.3736622276554325,1,0.6707847147204784,0.6707847147204784,0.6707847147204784
2014-02-23 23:15:00,1.864,0.2271302091825189,1,0.6636412310871366,0.6636412310871366,0.6636412310871366
2014-02-23 23:20:00,1.732,0.33086570004854043,1,0.6563804486842948,0.6563804486842948,0.6563804486842948
2014-02-23 23:25:00,1.7619999999999998,0.3027721433300538,1,0.6490017564304146,0.6490017564304146,0.6490017564304146
2014-02-23 23:30:00,1.7719999999999998,0.2934191233998538,1,0.6415045973750478,0.6415045973750478,0.6415045973750478
2014-02-23 23:35:00,1.798,0.27028462701772804,1,0.6338884710158347,0.6338884710158347,0.6338884710158347
2014-02-23 23:40:00,2.024,0.3703787170862856,1,0.6261529356162405,0.6261529356162405,0.6261529356162405
2014-02-23 23:45:00,1.704,0.35702224581042635,1,0.6182976105190017,0.6182976105190017,0.6182976105190017
2014-02-23 23:50:00,1.766,0.2976822642096375,1,0.6103221784499866,0.6103221784499866,0.6103221784499866
2014-02-23 23:55:00,1.7919999999999998,0.2748359693304869,1,0.6022263878069634,0.6022263878069634,0.6022263878069634
2014-02-24 00:00:00,1.806,0.263125779214755,1,0.5940100549275251,0.5940100549275251,0.5940100549275251
2014-02-24 00:05:00,1.834,0.24020784972119025,1,0.5856730663302101,0.5856730663302101,0.5856730663302101
2014-02-24 00:10:00,1.9340000000000002,0.28509562890844403,1,0.5772153809226541,0.5772153809226541,0.5772153809226541
2014-02-24 00:15:00,1.86,0.2250267640010717,1,0.5686370321704082,0.5686370321704082,0.5686370321704082
2014-02-24 00:20:00,1.806,0.2630642742783596,1,0.5599381302198818,0.5599381302198818,0.5599381302198818
2014-02-24 00:25:00,1.796,0.2717926691168869,1,0.551118863968718,0.551118863968718,0.551118863968718
2014-02-24 00:30:00,1.798,0.27035908788875745,1,0.5421795030767389,0.5421795030767389,0.5421795030767389
2014-02-24 00:35:00,1.926,0.27855378950129883,1,0.5331203999105024,0.5331203999105024,0.5331203999105024
2014-02-24 00:40:00,1.9040000000000001,0.25932375933327684,1,0.5239419914143904,0.5239419914143904,0.5239419914143904
2014-02-24 00:45:00,1.8,0.26893039833748433,1,0.5146448009010722,0.5146448009010722,0.5146448009010722
2014-02-24 00:50:00,1.798,0.2706636943493652,1,0.5052294397541363,0.5052294397541363,0.5052294397541363
2014-02-24 00:55:00,1.8659999999999999,0.2289666938737487,1,0.4956966090356518,0.4956966090356518,0.4956966090356518
2014-02-24 01:00:00,1.828,0.2461231548464088,1,0.4860471009914186,0.4860471009914186,0.4860471009914186
2014-02-24 01:05:00,1.87,0.23186189733489426,1,0.4762818004467008,0.4762818004467008,0.4762818004467008
2014-02-24 01:10:00,2.028,0.3750508773378079,1,0.4664016860852872,0.4664016860852872,0.46640168608528715
2014-02-24 01:15:00,1.8,0.2695309845931683,1,0.4564078316048284,0.4564078316048284,0.4564078316048284
2014-02-24 01:20:00,1.798,0.27124948104573243,1,0.4463014067415162,0.4463014067415162,0.4463014067415162
2014-02-24 01:25:00,1.834,0.24130629793130226,1,0.43608367815732907,0.43608367815732907,0.43608367815732907
2014-02-24 01:30:00,1.9280000000000002,0.27971354303780865,1,0.4257560101832722,0.4257560101832722,0.4257560101832722
2014-02-24 01:35:00,1.798,0.27201835292591525,1,0.4153198654122592,0.4153198654122592,0.4153198654122592
2014-02-24 01:40:00,2.07,0.41872264060987147,1,0.4047768051355599,0.4047768051355599,0.40477680513555986
2014-02-24 01:45:00,1.67,0.394328723126508,1,0.3941284896170315,0.3941284896170315,0.3941284896170315
2014-02-24 01:50:00,1.892,0.2488255351544804,1,0.3833766781996968,0.3833766781996968,0.38337667819969684
2014-02-24 01:55:00,1.734,0.3293758813998315,1,0.3725232292396011,0.3725232292396011,0.37252322923960113
2014-02-24 02:00:00,1.9,0.2553141472405622,1,0.3615700998623003,0.3615700998623003,0.3615700998623003
2014-02-24 02:05:00,1.834,0.2416580404329312,1,0.3505193455377616,0.3505193455377616,0.3505193455377616
2014-02-24 02:10:00,2.158,0.5105380913578047,1,0.3393731194699553,0.3393731194699553,0.33937311946995535
2014-02-24 02:15:00,1.7719999999999998,0.29382972181115913,1,0.3281336717979126,0.3281336717979126,0.3281336717979126
2014-02-24 02:20:00,1.828,0.2464119740981042,1,0.31680334860557313,0.31680334860557313,0.31680334860557313
2014-02-24 02:25:00,1.7719999999999998,0.2934575166650127,1,0.3053845907383164,0.3053845907383164,0.30538459073831636
2014-02-24 02:30:00,1.8659999999999999,0.2281732104352776,1,0.2938799324246658,0.2938799324246658,0.2938799324246658
2014-02-24 02:35:00,1.764,0.30050664395047905,1,0.2822919997022824,0.2822919997022824,0.2822919997022824
2014-02-24 02:40:00,2.06,0.40399577137471065,1,0.2706235086480017,0.2706235086480017,0.27062350864800166
2014-02-24 02:45:00,1.672,0.3885456383208402,1,0.2588772634123381,0.2588772634123381,0.2588772634123381
2014-02-24 02:50:00,1.8319999999999999,0.24276921786574235,1,0.2470561540595541,0.24705615405955406,0.24705615405955403
2014-02-24 02:55:00,1.766,0.2980755178383891,1,0.2351631542150905,0.23516315421509046,0.23516315421509043
2014-02-24 03:00:00,1.8659999999999999,0.2283266442946407,1,0.22320131852285,0.22320131852285002,0.22320131852285
2014-02-24 03:05:00,1.8319999999999999,0.2426708092403979,1,0.21117377991553385,0.21117377991553385,0.21117377991553385
2014-02-24 03:10:00,2.1,0.4446434722144136,1,0.19908374670194548,0.19908374670194548,0.19908374670194548
2014-02-24 03:15:00,1.766,0.2976733213238258,1,0.18693449947587704,0.18693449947587704,0.18693449947587706
2014-02-24 03:20:00,1.8,0.268469226030553,1,0.17472938785189635,0.17472938785189635,0.17472938785189635
2014-02-24 03:25:00,1.794,0.27319811801374944,1,0.1624718270340452,0.1624718270340452,0.1624718270340452
2014-02-24 03:30:00,1.8659999999999999,0.2283141204589209,1,0.15016529422413588,0.15016529422413588,0.15016529422413588
2014-02-24 03:35:00,1.706,0.3535860171647985,1,0.13781332487698894,0.13781332487698894,0.13781332487698894
2014-02-24 03:40:00,2.6,0.8693838037113636,1,0.12541950881059705,0.12541950881059705,0.12541950881059705
2014-02-24 03:45:00,1.766,0.2945101148695941,1,0.1129874861798024,0.1129874861798024,0.11298748617980241
2014-02-24 03:50:00,1.8,0.2670664103862693,1,0.1005209433226653,0.1005209433226653,0.1005209433226653
2014-02-24 03:55:00,1.86,0.22278322713873794,1,0.08802360848923628,0.08802360848923628,0.08802360848923627
2014-02-24 04:00:00,1.806,0.2625667880252597,1,0.07549924746296394,0.07549924746296394,0.07549924746296394
2014-02-24 04:05:00,1.834,0.2413913468873943,1,0.06295165908543503,0.06295165908543503,0.06295165908543503
2014-02-24 04:10:00,1.962,0.3010831751983164,1,0.05038467069556171,0.05038467069556171,0.05038467069556171
2014-02-24 04:15:00,1.834,0.2408388014818763,1,0.03780213349472245,0.03780213349472245,0.03780213349472245
2014-02-24 04:20:00,1.766,0.2982532653330843,1,0.025207917849680732,0.02520791784968073,0.025207917849680732
2014-02-24 04:25:00,1.8319999999999999,0.2423262853672309,1,0.01260590854538776,0.01260590854538776,0.01260590854538776
2014-02-24 04:30:00,1.8319999999999999,0.2425005582512184,0,-0.0013749283898922796,-0.002749856779784559,-0.0013749283898922794
2014-02-24 04:35:00,1.8,0.26861681409409394,0,-0.002749427226526285,-0.00549885445305257,-0.002749427226526285
2014-02-24 04:40:00,1.966,0.31307734101628765,0,-0.00412306749327775,-0.008246134986555497,-0.004123067493277749
2014-02-24 04:45:00,1.828,0.2456093042800131,0,-0.005495421245366803,-0.010990842490733605,-0.005495421245366803
2014-02-24 04:50:00,1.7380000000000002,0.3241311908152849,0,-0.006866062142226371,-0.013732124284452744,-0.006866062142226371
2014-02-24 04:55:00,1.8259999999999998,0.2469890231695429,0,-0.0082345659756249,-0.0164691319512498,-0.0082345659756249
2014-02-24 05:00:00,1.874,0.2350390834470873,0,-0.009600511192157338,-0.019201022384314675,-0.009600511192157338
2014-02-24 05:05:00,1.7619999999999998,0.3017135145604409,0,-0.010963479408745123,-0.02192695881749025,-0.010963479408745124
2014-02-24 05:10:00,2.026,0.3712907937193041,0,-0.012323055919816394,-0.024646111839632792,-0.012323055919816394
2014-02-24 05:15:00,1.834,0.24059245839082996,0,-0.013678830194875577,-0.02735766038975115,-0.013678830194875575
2014-02-24 05:20:00,1.732,0.3309447183759101,0,-0.015030396365214575,-0.030060792730429158,-0.015030396365214577
2014-02-24 05:25:00,1.798,0.2704703295992112,0,-0.016377353698564974,-0.03275470739712995,-0.016377353698564974
2014-02-24 05:30:00,1.834,0.24089936467692896,0,-0.017719307060545125,-0.03543861412109025,-0.017719307060545125
2014-02-24 05:35:00,1.8,0.268982339347521,0,-0.019055867361812605,-0.03811173472362521,-0.019055867361812605
2014-02-24 05:40:00,1.9980000000000002,0.3449369267671193,0,-0.02038665198989534,-0.04077330397979068,-0.02038665198989534
2014-02-24 05:45:00,1.794,0.2740623850849494,0,-0.02171128522473944,-0.04342257044947888,-0.02171128522473944
2014-02-24 05:50:00,1.77,0.2950638572755477,0,-0.023029398637082053,-0.046058797274164114,-0.023029398637082053
2014-02-24 05:55:00,1.798,0.2705093092119809,0,-0.024340631468828842,-0.04868126293765767,-0.024340631468828835
2014-02-24 06:00:00,1.83,0.2438649222001717,0,-0.02564463099469025,-0.05128926198938051,-0.025644630994690255
2014-02-24 06:05:00,1.858,0.22326490131072613,0,-0.02694105286440801,-0.05388210572881602,-0.02694105286440801
2014-02-24 06:10:00,1.942,0.2924984431860689,0,-0.02822956142498057,-0.05645912284996114,-0.028229561424980572
2014-02-24 06:15:00,1.828,0.2453088037169585,0,-0.029509830022376136,-0.05901966004475227,-0.02950983002237614
2014-02-24 06:20:00,1.7719999999999998,0.2929008057669737,0,-0.03078154128230151,-0.06156308256460302,-0.03078154128230151
2014-02-24 06:25:00,1.8259999999999998,0.2469293377038176,0,-0.032044387369675,-0.06408877473935,-0.032044387369675
2014-02-24 06:30:00,1.868,0.2309521238464883,0,-0.03329807022653193,-0.06659614045306386,-0.03329807022653193
2014-02-24 06:35:00,1.8,0.2684547500409904,0,-0.03454230178816973,-0.06908460357633947,-0.03454230178816974
2014-02-24 06:40:00,2.01,0.3570428700857251,0,-0.035776804177418166,-0.07155360835483633,-0.03577680417741816
2014-02-24 06:45:00,1.8,0.2686223911398363,0,-0.03700130987699654,-0.07400261975399308,-0.03700130987699654
2014-02-24 06:50:00,1.8619999999999999,0.22624300904298675,0,-0.038215561879994704,-0.07643112375998941,-0.038215561879994704
2014-02-24 06:55:00,1.764,0.3005368368542062,0,-0.03941931381858645,-0.0788386276371729,-0.03941931381858645
2014-02-24 07:00:00,1.732,0.3302374728306716,0,-0.04061233007115477,-0.08122466014230953,-0.040612330071154765
2014-02-24 07:05:00,1.7719999999999998,0.2925998633290069,0,-0.04179438584807474,-0.08358877169614948,-0.04179438584807474
2014-02-24 07:10:00,1.966,0.3145019257111392,0,-0.042965267256464386,-0.08593053451292877,-0.042965267256464386
2014-02-24 07:15:00,1.828,0.2449991977379787,0,-0.04412477134427405,-0.0882495426885481,-0.04412477134427405
2014-02-24 07:20:00,1.7380000000000002,0.3236935964877813,0,-0.045272706124142484,-0.09054541224828497,-0.04527270612414248
2014-02-24 07:25:00,1.766,0.2978646768191252,0,-0.04640889057750087,-0.09281778115500174,-0.04640889057750087
2014-02-24 07:30:00,1.8319999999999999,0.24180171682273802,0,-0.04753315463945615,-0.0950663092789123,-0.04753315463945615
2014-02-24 07:35:00,1.8259999999999998,0.2466703201600125,0,-0.048645339165029874,-0.09729067833005976,-0.048645339165029874
2014-02-24 07:40:00,1.9380000000000002,0.28905538891931976,0,-0.04974529587737142,-0.09949059175474284,-0.04974529587737142
2014-02-24 07:45:00,1.8259999999999998,0.2467333466599522,0,-0.05083288729860108,-0.10166577459720216,-0.050832887298601075
2014-02-24 07:50:00,1.7380000000000002,0.32369225273679864,0,-0.051907986663972665,-0.10381597332794533,-0.051907986663972665
2014-02-24 07:55:00,1.766,0.2975271102372595,0,-0.05297047782007388,-0.10594095564014776,-0.05297047782007388
2014-02-24 08:00:00,1.956,0.30505425737972536,0,-0.054020255107808585,-0.10804051021561717,-0.054020255107808585
2014-02-24 08:05:00,1.6980000000000002,0.3624281169166639,0,-0.055057223230925885,-0.11011444646185177,-0.05505722323092589
2014-02-24 08:10:00,1.9980000000000002,0.3442085044254673,0,-0.05608129711087822,-0.11216259422175644,-0.05608129711087822
2014-02-24 08:15:00,1.764,0.2992978320290931,0,-0.057092401728804434,-0.11418480345760887,-0.05709240172880444
2014-02-24 08:20:00,1.864,0.2279420525524747,0,-0.05809047195544253,-0.11618094391088506,-0.05809047195544252
2014-02-24 08:25:00,1.732,0.3291178461059027,0,-0.059075452369783885,-0.11815090473956776,-0.059075452369783885
2014-02-24 08:30:00,1.77,0.293986278994334,0,-0.060047297067282485,-0.12009459413456496,-0.060047297067282485
2014-02-24 08:35:00,1.794,0.2728260644368313,0,-0.06100596945843206,-0.12201193891686413,-0.06100596945843206
2014-02-24 08:40:00,1.936,0.2868146681306415,0,-0.06195144205852041,-0.12390288411704085,-0.06195144205852041
2014-02-24 08:45:00,1.858,0.2238632228377354,0,-0.0628836962693629,-0.1257673925387258,-0.0628836962693629
2014-02-24 08:50:00,1.798,0.26985624562483856,0,-0.06380272215380746,-0.12760544430761492,-0.06380272215380746
2014-02-24 08:55:00,1.766,0.29794905767786395,0,-0.06470851820379159,-0.12941703640758315,-0.06470851820379159
2014-02-24 09:00:00,1.838,0.2370435271278578,0,-0.06560109110271665,-0.1312021822054333,-0.06560109110271665
2014-02-24 09:05:00,1.8659999999999999,0.22970151704792205,0,-0.066480455482888,-0.132960910965776,-0.066480455482888
2014-02-24 09:10:00,1.966,0.314642732767865,0,-0.06734663367875082,-0.13469326735750164,-0.06734663367875082
2014-02-24 09:15:00,1.798,0.2699053940937254,0,-0.06819965547663115,-0.1363993109532623,-0.06819965547663115
2014-02-24 09:20:00,1.798,0.2700266131442239,0,-0.06903955786166811,-0.13807911572333625,-0.06903955786166811
2014-02-24 09:25:00,1.828,0.2450900067172897,0,-0.06986638476260161,-0.13973276952520322,-0.06986638476260161
2014-02-24 09:30:00,1.7719999999999998,0.2928066261394019,0,-0.07068018679505289,-0.14136037359010578,-0.07068018679505289
2014-02-24 09:35:00,1.83,0.24332070072180484,0,-0.07148102100391124,-0.14296204200782248,-0.07148102100391124
2014-02-24 09:40:00,1.966,0.3150430669137229,0,-0.0722689506054118,-0.1445379012108236,-0.0722689506054118
2014-02-24 09:45:00,1.798,0.269648992563357,0,-0.07304404472946338,-0.14608808945892676,-0.07304404472946338
2014-02-24 09:50:00,1.7919999999999998,0.2748568111648287,0,-0.0738063781627561,-0.1476127563255122,-0.0738063781627561
2014-02-24 09:55:00,1.864,0.2287918422831105,0,-0.07455603109315125,-0.1491120621863025,-0.07455603109315125
2014-02-24 10:00:00,1.706,0.35581676951929025,0,-0.07529308885582663,-0.15058617771165325,-0.07529308885582663
2014-02-24 10:05:00,1.8659999999999999,0.2305651762957445,0,-0.07601764168162238,-0.15203528336324476,-0.07601764168162238
2014-02-24 10:10:00,1.932,0.2853486395443092,0,-0.07672978444800367,-0.15345956889600734,-0.07672978444800367
2014-02-24 10:15:00,1.834,0.23945739524808216,0,-0.07742961643302831,-0.15485923286605666,-0.07742961643302831
2014-02-24 10:20:00,1.8,0.26802842513113584,0,-0.07811724107267896,-0.15623448214535793,-0.07811724107267896
2014-02-24 10:25:00,1.8,0.2680499628119121,0,-0.07879276572189269,-0.15758553144378534,-0.07879276572189269
2014-02-24 10:30:00,1.768,0.2962884476270989,0,-0.07945630141959244,-0.15891260283918487,-0.07945630141959244
2014-02-24 10:35:00,1.79,0.27675665302011393,0,-0.08010796265799926,-0.16021592531599851,-0.08010796265799926
2014-02-24 10:40:00,2.01,0.3599696442191889,0,-0.08074786715647758,-0.16149573431295516,-0.08074786715647757
2014-02-24 10:45:00,1.76,0.30366519108547624,0,-0.08137613564014047,-0.16275227128028094,-0.08137613564014047
2014-02-24 10:50:00,1.806,0.2624615833291937,0,-0.08199289162341822,-0.16398578324683644,-0.08199289162341823
2014-02-24 10:55:00,1.794,0.2731702282192718,0,-0.08259826119876837,-0.16519652239753674,-0.08259826119876838
2014-02-24 11:00:00,1.84,0.2349511365031801,0,-0.08319237283068404,-0.16638474566136807,-0.08319237283068404
2014-02-24 11:05:00,1.8259999999999998,0.24607628993896186,0,-0.08377535715513414,-0.16755071431026827,-0.08377535715513414
2014-02-24 11:10:00,1.974,0.3246289899479013,0,-0.08434734678454935,-0.1686946935690987,-0.08434734678454935
2014-02-24 11:15:00,1.766,0.2980943060700482,0,-0.08490847611844599,-0.16981695223689197,-0.084908476118446
2014-02-24 11:20:00,1.8259999999999998,0.2460335632451137,0,-0.08545888115976279,-0.17091776231952555,-0.08545888115976279
2014-02-24 11:25:00,1.672,0.3904944775583609,0,-0.08599869933696516,-0.17199739867393032,-0.08599869933696516
2014-02-24 11:30:00,1.86,0.2260922350663933,0,-0.08652806933195674,-0.17305613866391348,-0.08652806933195674
2014-02-24 11:35:00,1.6380000000000001,0.4253564326575061,0,-0.0870471309138197,-0.1740942618276394,-0.0870471309138197
2014-02-24 11:40:00,1.9980000000000002,0.3472875194439566,0,-0.0875560247783913,-0.1751120495567826,-0.0875560247783913
2014-02-24 11:45:00,1.766,0.2966517667527073,0,-0.08805489239366927,-0.17610978478733855,-0.08805489239366927
2014-02-24 11:50:00,1.8,0.2667772394930295,0,-0.08854387585102565,-0.1770877517020513,-0.08854387585102565
2014-02-24 11:55:00,1.726,0.3342485627822381,0,-0.08902311772219591,-0.17804623544439185,-0.08902311772219591
2014-02-24 12:00:00,1.8019999999999998,0.2650539889198378,0,-0.0894927609219988,-0.1789855218439976,-0.0894927609219988
2014-02-24 12:05:00,1.766,0.2964890317831198,0,-0.08995294857673165,-0.1799058971534633,-0.08995294857673165
2014-02-24 12:10:00,2.09,0.4417288096244731,0,-0.0904038238981761,-0.1808076477963522,-0.0904038238981761
2014-02-24 12:15:00,1.696,0.3624990740827948,0,-0.09084553006314032,-0.18169106012628064,-0.09084553006314032
2014-02-24 12:20:00,1.7380000000000002,0.3213070854182305,0,-0.09127821009845556,-0.1825564201969111,-0.09127821009845555
2014-02-24 12:25:00,1.766,0.2957671815663424,0,-0.09170200677133708,-0.18340401354267416,-0.09170200677133708
2014-02-24 12:30:00,1.8319999999999999,0.24044333464675965,0,-0.09211706248501393,-0.18423412497002786,-0.09211706248501393
2014-02-24 12:35:00,1.734,0.32511634808748635,0,-0.09252351917952477,-0.18504703835904954,-0.09252351917952477
2014-02-24 12:40:00,2.056,0.40363765975906096,0,-0.09292151823757257,-0.1858430364751451,-0.09292151823757255
2014-02-24 12:45:00,1.7380000000000002,0.3212585821187767,0,-0.09331120039532642,-0.18662240079065284,-0.09331120039532642
2014-02-24 12:50:00,1.8,0.266423891276082,0,-0.0936927056580541,-0.1873854113161082,-0.0936927056580541
2014-02-24 12:55:00,1.828,0.24369928934208024,0,-0.09406617322046608,-0.18813234644093216,-0.09406617322046609
2014-02-24 13:00:00,1.838,0.23618005370714065,0,-0.09443174139164902,-0.18886348278329804,-0.09443174139164902
2014-02-24 13:05:00,1.766,0.2960379664864577,0,-0.0947895475244637,-0.1895790950489274,-0.0947895475244637
2014-02-24 13:10:00,1.964,0.31323266247401155,0,-0.0951397279492816,-0.1902794558985632,-0.0951397279492816
2014-02-24 13:15:00,1.798,0.2680988214660881,0,-0.09548241791193186,-0.19096483582386373,-0.09548241791193186
2014-02-24 13:20:00,1.764,0.2976869149065288,0,-0.09581775151573027,-0.19163550303146054,-0.09581775151573028
2014-02-24 13:25:00,1.794,0.27135091304003794,0,-0.09614586166746077,-0.19229172333492156,-0.09614586166746077
2014-02-24 13:30:00,1.8659999999999999,0.23057402210631825,0,-0.09646688002718044,-0.1929337600543609,-0.09646688002718043
2014-02-24 13:35:00,1.7380000000000002,0.3213823442975076,0,-0.09678093696171833,-0.19356187392343666,-0.09678093696171833
2014-02-24 13:40:00,1.932,0.2842799160529388,0,-0.09708816150173996,-0.1941763230034799,-0.09708816150173995
2014-02-24 13:45:00,1.834,0.238857114060364,0,-0.09738868130224887,-0.19477736260449774,-0.09738868130224888
2014-02-24 13:50:00,1.8,0.2664276207179105,0,-0.09768262260639923,-0.19536524521279847,-0.09768262260639923
2014-02-24 13:55:00,1.798,0.2680903005099469,0,-0.09797011021249304,-0.19594022042498607,-0.09797011021249304
2014-02-24 14:00:00,1.834,0.23895067478403745,0,-0.09825126744403867,-0.1965025348880773,-0.09825126744403867
2014-02-24 14:05:00,1.8259999999999998,0.24507710981819256,0,-0.0985262161227481,-0.1970524322454962,-0.0985262161227481
2014-02-24 14:10:00,1.9340000000000002,0.28639420453206443,0,-0.09879507654435242,-0.19759015308870484,-0.09879507654435242
2014-02-24 14:15:00,1.806,0.26119590710888946,0,-0.09905796745711752,-0.19811593491423504,-0.09905796745711752
2014-02-24 14:20:00,1.794,0.27152740428083805,0,-0.09931500604294363,-0.1986300120858873,-0.09931500604294365
2014-02-24 14:25:00,1.834,0.2387756949847981,0,-0.0995663079009353,-0.1991326158018706,-0.0995663079009353
2014-02-24 14:30:00,1.806,0.26167846119402904,0,-0.09981198703332993,-0.19962397406665985,-0.09981198703332991
2014-02-24 14:35:00,1.8259999999999998,0.24523233348841664,0,-0.10005215583367676,-0.2001043116673535,-0.10005215583367676
2014-02-24 14:40:00,1.942,0.2937723973001993,0,-0.10028692507715978,-0.2005738501543196,-0.10028692507715978
2014-02-24 14:45:00,1.8319999999999999,0.2407370701649061,0,-0.10051640391296104,-0.2010328078259221,-0.10051640391296104
2014-02-24 14:50:00,1.86,0.22604642002973965,0,-0.10074069985856386,-0.20148139971712767,-0.10074069985856386
2014-02-24 14:55:00,1.74,0.3215722802797481,0,-0.1009599187958977,-0.2019198375917954,-0.1009599187958977
2014-02-24 15:00:00,1.926,0.279712431526635,0,-0.10117416496922996,-0.20234832993845991,-0.10117416496922996
2014-02-24 15:05:00,1.864,0.2285954310896897,0,-0.10138354098471183,-0.2027670819694237,-0.10138354098471185
2014-02-24 15:10:00,1.9040000000000001,0.2603351016633467,0,-0.1015881478114892,-0.20317629562297845,-0.10158814781148921
2014-02-24 15:15:00,1.926,0.2793523365423761,0,-0.10178808478429152,-0.20357616956858304,-0.10178808478429152
2014-02-24 15:20:00,1.766,0.2980985767167267,0,-0.10198344960741516,-0.20396689921483036,-0.10198344960741516
2014-02-24 15:25:00,1.7719999999999998,0.2925082054187409,0,-0.10217433836002003,-0.2043486767200401,-0.10217433836002004
2014-02-24 15:30:00,1.834,0.240050815450138,0,-0.10236084550266134,-0.20472169100532267,-0.10236084550266134
2014-02-24 15:35:00,1.764,0.29974917393761824,0,-0.1025430638849808,-0.20508612776996166,-0.10254306388498081
2014-02-24 15:40:00,2.03,0.3778573376417919,0,-0.10272108475448508,-0.20544216950897015,-0.10272108475448509
2014-02-24 15:45:00,1.8259999999999998,0.2464780849471851,0,-0.10289499776634088,-0.20578999553268176,-0.10289499776634088
2014-02-24 15:50:00,1.736,0.3261749342251069,0,-0.10306489099411972,-0.20612978198823945,-0.10306489099411971
2014-02-24 15:55:00,1.766,0.2981948184724568,0,-0.10323085094142744,-0.20646170188285487,-0.10323085094142744
2014-02-24 16:00:00,1.834,0.2401597148021432,0,-0.1033929625543566,-0.2067859251087132,-0.10339296255435661
2014-02-24 16:05:00,1.766,0.29806254799185106,0,-0.1035513092347016,-0.20710261846940325,-0.10355130923470161
2014-02-24 16:10:00,1.99,0.33826708926713633,0,-0.10370597285387986,-0.20741194570775973,-0.10370597285387986
2014-02-24 16:15:00,1.7719999999999998,0.2926637566817368,0,-0.10385703376750394,-0.20771406753500787,-0.10385703376750394
2014-02-24 16:20:00,1.86,0.2254174825035159,0,-0.10400457083055246,-0.20800914166110493,-0.10400457083055246
2014-02-24 16:25:00,1.7719999999999998,0.29250316415086763,0,-0.10414866141308952,-0.20829732282617905,-0.10414866141308951
2014-02-24 16:30:00,1.794,0.2730776822585139,0,-0.1042893814164847,-0.2085787628329694,-0.1042893814164847
2014-02-24 16:35:00,1.8,0.2679046165324049,0,-0.1044268052900882,-0.20885361058017646,-0.10442680529008821
2014-02-24 16:40:00,1.9380000000000002,0.28986114956237713,0,-0.10456100604831736,-0.20912201209663472,-0.10456100604831736
2014-02-24 16:45:00,1.768,0.2957471207154762,0,-0.10469205528811278,-0.20938411057622555,-0.10469205528811278
2014-02-24 16:50:00,1.8019999999999998,0.26579720635071863,0,-0.10482002320672512,-0.20964004641345024,-0.10482002320672511
2014-02-24 16:55:00,1.766,0.29728945259139383,0,-0.10494497861979436,-0.20988995723958875,-0.10494497861979436
2014-02-24 17:00:00,1.834,0.23957070581834786,0,-0.1050669889796862,-0.2101339779593724,-0.10506698897968621
2014-02-24 17:05:00,1.8319999999999999,0.2411498889839239,0,-0.1051861203940513,-0.2103722407881026,-0.1051861203940513
2014-02-24 17:10:00,2.062,0.4111929914608206,0,-0.10530243764457548,-0.21060487528915092,-0.10530243764457548
2014-02-24 17:15:00,1.672,0.3879552281311247,0,-0.1054160042058903,-0.2108320084117806,-0.1054160042058903
2014-02-24 17:20:00,1.794,0.2720263152894388,0,-0.10552688226461507,-0.21105376452923014,-0.10552688226461507
2014-02-24 17:25:00,1.7380000000000002,0.32178544205481746,0,-0.10563513273850296,-0.2112702654770059,-0.10563513273850295
2014-02-24 17:30:00,1.834,0.23920545662068834,0,-0.10574081529566552,-0.21148163059133104,-0.10574081529566552
2014-02-24 17:35:00,1.766,0.2962297888967668,0,-0.1058439883738514,-0.2116879767477028,-0.10584398837385141
2014-02-24 17:40:00,1.964,0.3134788254198516,0,-0.10594470919975583,-0.21188941839951167,-0.10594470919975583
2014-02-24 17:45:00,1.766,0.29621225556852804,0,-0.10604303380833986,-0.21208606761667967,-0.10604303380833986
2014-02-24 17:50:00,1.8259999999999998,0.24536232566511604,0,-0.10613901706213864,-0.2122780341242773,-0.10613901706213863
2014-02-24 17:55:00,1.672,0.3865139914585393,0,-0.10623271267053992,-0.21246542534107984,-0.10623271267053991
2014-02-24 18:00:00,1.76,0.30090619804812463,0,-0.10632417320901458,-0.21264834641802915,-0.10632417320901458
2014-02-24 18:05:00,1.84,0.23325950031065024,0,-0.106413450138283,-0.212826900276566,-0.10641345013828299
2014-02-24 18:10:00,1.932,0.2862129722732154,0,-0.10650059382340077,-0.2130011876468015,-0.10650059382340075
2014-02-24 18:15:00,1.8659999999999999,0.232343602158978,0,-0.10658565355275004,-0.21317130710550009,-0.10658565355275004
2014-02-24 18:20:00,1.8,0.2652884403158806,0,-0.10666867755692228,-0.21333735511384455,-0.10666867755692229
2014-02-24 18:25:00,1.926,0.2818229700350816,0,-0.10674971302747993,-0.21349942605495986,-0.10674971302747993
2014-02-24 18:30:00,1.704,0.35433220601756915,0,-0.10682880613558536,-0.2136576122711707,-0.10682880613558535
2014-02-24 18:35:00,1.798,0.2670054214685893,0,-0.10690600205048599,-0.213812004100972,-0.10690600205048599
2014-02-24 18:40:00,1.9580000000000002,0.3102835542470576,0,-0.10698134495784584,-0.21396268991569167,-0.10698134495784584
2014-02-24 18:45:00,1.804,0.2619965038088624,0,-0.10705487807791376,-0.2141097561558275,-0.10705487807791375
2014-02-24 18:50:00,1.798,0.2673185261887096,0,-0.10712664368352033,-0.21425328736704066,-0.10712664368352033
2014-02-24 18:55:00,1.83,0.24102632444475505,0,-0.10719668311789544,-0.2143933662357909,-0.10719668311789544
2014-02-24 19:00:00,1.834,0.23804954997257274,0,-0.10726503681229912,-0.21453007362459825,-0.10726503681229912
2014-02-24 19:05:00,1.8319999999999999,0.2397400010256757,0,-0.10733174430345968,-0.21466348860691933,-0.10733174430345967
2014-02-24 19:10:00,2.032,0.3827730211657197,0,-0.10739684425081288,-0.21479368850162572,-0.10739684425081288
2014-02-24 19:15:00,1.89,0.2504715874530787,0,-0.1074603744535371,-0.2149207489070742,-0.1074603744535371
2014-02-24 19:20:00,1.8,0.26665403081880057,0,-0.10752237186737956,-0.2150447437347591,-0.10752237186737955
2014-02-24 19:25:00,1.806,0.2616000835726283,0,-0.1075828726212695,-0.21516574524253898,-0.1075828726212695
2014-02-24 19:30:00,1.834,0.23893255659970264,0,-0.10764191203371476,-0.2152838240674295,-0.10764191203371475
2014-02-24 19:35:00,1.8659999999999999,0.23086556661012425,0,-0.10769952462897804,-0.21539904925795605,-0.10769952462897803
2014-02-24 19:40:00,1.964,0.31485328016136394,0,-0.10775574415303067,-0.21551148830606134,-0.10775574415303069
2014-02-24 19:45:00,1.86,0.2261057495352787,0,-0.10781060358928106,-0.21562120717856206,-0.10781060358928106
2014-02-24 19:50:00,1.7719999999999998,0.2916362150565427,0,-0.10786413517407573,-0.21572827034815145,-0.10786413517407571
2014-02-24 19:55:00,1.9,0.2578519705095973,0,-0.10791637041197186,-0.2158327408239437,-0.10791637041197186
2014-02-24 20:00:00,1.8319999999999999,0.2414450109701972,0,-0.10796734009077966,-0.2159346801815593,-0.10796734009077966
2014-02-24 20:05:00,1.8,0.26798674790464977,0,-0.10801707429637347,-0.21603414859274692,-0.10801707429637347
2014-02-24 20:10:00,2.022,0.370889654425246,0,-0.10806560242727152,-0.21613120485454304,-0.10806560242727152
2014-02-24 20:15:00,1.732,0.3298234297947746,0,-0.10811295320898336,-0.2162259064179667,-0.10811295320898336
2014-02-24 20:20:00,1.874,0.2362351529527927,0,-0.10815915470812547,-0.21631830941625094,-0.10815915470812548
2014-02-24 20:25:00,1.766,0.2981187906073392,0,-0.10820423434630484,-0.21640846869260968,-0.10820423434630483
2014-02-24 20:30:00,1.8659999999999999,0.2299107472953543,0,-0.10824821891377084,-0.2164964378275417,-0.10824821891377083
2014-02-24 20:35:00,1.7,0.3613978982734009,0,-0.1082911345828367,-0.2165822691656734,-0.1082911345828367
2014-02-24 20:40:00,2.0,0.3481248793055222,0,-0.10833300692107062,-0.21666601384214124,-0.10833300692107062
2014-02-24 20:45:00,1.766,0.2974371320973121,0,-0.10837386090425796,-0.21674772180851595,-0.10837386090425796
2014-02-24 20:50:00,1.834,0.23950559758882395,0,-0.1084137209291358,-0.2168274418582716,-0.1084137209291358
2014-02-24 20:55:00,1.766,0.2976651062773959,0,-0.10845261082590107,-0.21690522165180212,-0.10845261082590107
2014-02-24 21:00:00,1.8319999999999999,0.2412823590054438,0,-0.1084905538704938,-0.2169811077409876,-0.10849055387049379
2014-02-24 21:05:00,1.858,0.22405824844572386,0,-0.10852757279665734,-0.21705514559331468,-0.10852757279665734
2014-02-24 21:10:00,1.974,0.3236197031174781,0,-0.10856368980777722,-0.21712737961555445,-0.10856368980777722
2014-02-24 21:15:00,1.758,0.3046165612472469,0,-0.10859892658850058,-0.2171978531770012,-0.10859892658850058
2014-02-24 21:20:00,1.806,0.2620382905668633,0,-0.1086333043161382,-0.2172666086322764,-0.1086333043161382
2014-02-24 21:25:00,1.8,0.2668980178237878,0,-0.10866684367185148,-0.21733368734370295,-0.10866684367185149
2014-02-24 21:30:00,1.834,0.23860170241960685,0,-0.10869956485162637,-0.21739912970325276,-0.10869956485162637
2014-02-24 21:35:00,1.828,0.24278335479085605,0,-0.10873148757703653,-0.21746297515407306,-0.10873148757703653
2014-02-24 21:40:00,1.9680000000000002,0.3214716628156917,0,-0.1087626311057985,-0.21752526221159701,-0.1087626311057985
2014-02-24 21:45:00,1.798,0.2674715328694771,0,-0.10879301424212093,-0.21758602848424186,-0.10879301424212091
2014-02-24 21:50:00,1.766,0.2958444689225008,0,-0.10882265534685044,-0.21764531069370088,-0.10882265534685044
2014-02-24 21:55:00,1.766,0.2952861527643134,0,-0.10885157234741716,-0.21770314469483432,-0.10885157234741716
2014-02-24 22:00:00,1.8659999999999999,0.2350919824495848,0,-0.10887978274758177,-0.2177595654951635,-0.10887978274758175
2014-02-24 22:05:00,1.84,0.23025582424425475,0,-0.10890730363698746,-0.21781460727397486,-0.10890730363698746
2014-02-24 22:10:00,2.066,0.4326335756731931,0,-0.10893415170051923,-0.2178683034010385,-0.10893415170051925
2014-02-24 22:15:00,1.794,0.2694583731259488,0,-0.108960343227473,-0.21792068645494603,-0.108960343227473
2014-02-24 22:20:00,1.77,0.29167672384764004,0,-0.10898589412053768,-0.21797178824107533,-0.10898589412053768
2014-02-24 22:25:00,1.76,0.30088094203467713,0,-0.10901081990459294,-0.21802163980918587,-0.10901081990459294
2014-02-24 22:30:00,1.8619999999999999,0.2356573665371949,0,-0.1090351357353252,-0.2180702714706504,-0.10903513573532521
2014-02-24 22:35:00,1.7380000000000002,0.32242393783011536,0,-0.10905885640766493,-0.21811771281532985,-0.10905885640766491
2014-02-24 22:40:00,1.994,0.3665699228469284,0,-0.10908199636404776,-0.2181639927280955,-0.10908199636404775
2014-02-24 22:45:00,1.766,0.29411430461450444,0,-0.10910456970250283,-0.2182091394050057,-0.10910456970250285
2014-02-24 22:50:00,1.766,0.2935544722952444,0,-0.1091265901845705,-0.21825318036914101,-0.1091265901845705
2014-02-24 22:55:00,1.8,0.26026940789348113,0,-0.10914807124305237,-0.21829614248610474,-0.10914807124305237
2014-02-24 23:00:00,1.806,0.2542549721177056,0,-0.10916902598959714,-0.2183380519791943,-0.10916902598959714
2014-02-24 23:05:00,1.794,0.26493230254720634,0,-0.10918946722212408,-0.21837893444424816,-0.10918946722212408
2014-02-24 23:10:00,1.9380000000000002,0.3152520755245977,0,-0.10920940743208757,-0.2184188148641752,-0.10920940743208758
2014-02-24 23:15:00,1.8940000000000001,0.2727318785707849,0,-0.1092288588115854,-0.2184577176231708,-0.10922885881158541
2014-02-24 23:20:00,1.6980000000000002,0.3675121237028867,0,-0.10924783326031334,-0.21849566652062669,-0.10924783326031334
2014-02-24 23:25:00,1.806,0.2519685195795081,0,-0.10926634239236906,-0.2185326847847381,-0.10926634239236906
2014-02-24 23:30:00,1.892,0.2730464100603878,0,-0.1092843975429079,-0.2185687950858158,-0.1092843975429079
2014-02-24 23:35:00,1.7719999999999998,0.2849288867456946,0,-0.10930200977465326,-0.21860401954930653,-0.10930200977465326
2014-02-24 23:40:00,1.994,0.386980725246636,0,-0.1093191898842644,-0.2186383797685288,-0.1093191898842644
2014-02-24 23:45:00,1.806,0.25081256829931897,0,-0.10933594840856414,-0.2186718968171283,-0.10933594840856414
2014-02-24 23:50:00,1.768,0.2884336346285961,0,-0.10935229563062923,-0.21870459126125846,-0.10935229563062923
2014-02-24 23:55:00,1.8880000000000001,0.27223948042562474,0,-0.10936824158574593,-0.21873648317149186,-0.10936824158574592
2014-02-25 00:00:00,1.766,0.29004493996437103,0,-0.1093837960672334,-0.2187675921344668,-0.10938379606723339
2014-02-25 00:05:00,1.8359999999999999,0.22354303754473606,0,-0.10939896863213756,-0.21879793726427516,-0.10939896863213756
2014-02-25 00:10:00,2.028,0.43439920412499455,0,-0.1094137686067978,-0.2188275372135956,-0.10941376860679779
2014-02-25 00:15:00,1.834,0.2241228618465975,0,-0.10942820509228887,-0.21885641018457772,-0.10942820509228887
2014-02-25 00:20:00,1.86,0.2451929845358921,0,-0.10944228696974108,-0.21888457393948216,-0.10944228696974108
2014-02-25 00:25:00,1.7380000000000002,0.32144356276616504,0,-0.10945602290554036,-0.2189120458110807,-0.10945602290554035
2014-02-25 00:30:00,1.764,0.292901462201538,0,-0.10946942135641123,-0.21893884271282246,-0.10946942135641123
2014-02-25 00:35:00,1.834,0.22432063208174424,0,-0.1094824905743848,-0.2189649811487696,-0.1094824905743848
2014-02-25 00:40:00,1.966,0.3583383146174099,0,-0.10949523861165412,-0.21899047722330825,-0.10949523861165412
2014-02-25 00:45:00,1.8259999999999998,0.231507048797174,0,-0.1095076733253192,-0.2190153466506384,-0.1095076733253192
2014-02-25 00:50:00,1.7380000000000002,0.3223216966874009,0,-0.10951980238202406,-0.21903960476404813,-0.10951980238202406
2014-02-25 00:55:00,1.732,0.3289210199064197,0,-0.10953163326248788,-0.21906326652497576,-0.10953163326248788
2014-02-25 01:00:00,2.0580000000000003,0.473624753819317,0,-0.1095431732659326,-0.2190863465318652,-0.1095431732659326
2014-02-25 01:05:00,1.6980000000000002,0.3678433778657296,0,-0.10955442951440902,-0.21910885902881805,-0.10955442951440902
2014-02-25 01:10:00,2.03,0.4344947967783326,0,-0.1095654089570236,-0.2191308179140472,-0.1095654089570236
2014-02-25 01:15:00,1.7719999999999998,0.2843784327522796,0,-0.10957611837406796,-0.21915223674813591,-0.10957611837406796
2014-02-25 01:20:00,1.7919999999999998,0.2638975662383592,0,-0.1095865643810533,-0.2191731287621066,-0.1095865643810533
2014-02-25 01:25:00,1.798,0.2579861632732912,0,-0.1095967534326516,-0.2191935068653032,-0.10959675343265159
2014-02-25 01:30:00,1.806,0.2503160614297499,0,-0.10960669182654564,-0.2192133836530913,-0.10960669182654564
2014-02-25 01:35:00,1.828,0.2300240611067165,0,-0.10961638570718994,-0.21923277141437988,-0.10961638570718994
2014-02-25 01:40:00,1.972,0.3635294033398931,0,-0.10962584106948424,-0.21925168213896848,-0.10962584106948424
2014-02-25 01:45:00,1.732,0.3267083916634477,0,-0.10963506376236164,-0.21927012752472327,-0.10963506376236164
2014-02-25 01:50:00,1.9240000000000002,0.30890569951948554,0,-0.10964405949229326,-0.21928811898458653,-0.10964405949229326
2014-02-25 01:55:00,1.704,0.3584054370610163,0,-0.10965283382671116,-0.2193056676534223,-0.10965283382671115
2014-02-25 02:00:00,1.9,0.2835153123052657,0,-0.1096613921973512,-0.2193227843947024,-0.1096613921973512
2014-02-25 02:05:00,1.764,0.29157185179529216,0,-0.10966973990351786,-0.21933947980703566,-0.10966973990351786
2014-02-25 02:10:00,2.03,0.4319640007922931,0,-0.10967788211527256,-0.2193557642305451,-0.10967788211527255
2014-02-25 02:15:00,1.86,0.24453649981661546,0,-0.10968582387654703,-0.21937164775309406,-0.10968582387654703
2014-02-25 02:20:00,1.8719999999999999,0.2556560022829554,0,-0.10969357010818397,-0.2193871402163679,-0.10969357010818395
2014-02-25 02:25:00,1.8659999999999999,0.2497306553543309,0,-0.10970112561090564,-0.21940225122181128,-0.10970112561090563
2014-02-25 02:30:00,1.8319999999999999,0.22642641393165114,0,-0.1097084950682131,-0.2194169901364262,-0.1097084950682131
2014-02-25 02:35:00,1.798,0.25747276117216183,0,-0.1097156830492168,-0.2194313660984336,-0.10971568304921679
2014-02-25 02:40:00,2.066,0.4768415556043684,0,-0.10972269401140028,-0.21944538802280056,-0.10972269401140028
2014-02-25 02:45:00,1.766,0.28943517567654786,0,-0.10972953230331896,-0.21945906460663794,-0.10972953230331897
2014-02-25 02:50:00,1.834,0.2246708426460365,0,-0.10973620216723462,-0.21947240433446924,-0.10973620216723462
2014-02-25 02:55:00,1.8,0.2558246200604454,0,-0.1097427077416878,-0.2194854154833756,-0.10974270774168779
2014-02-25 03:00:00,1.8980000000000001,0.281396687419951,0,-0.10974905306400903,-0.2194981061280181,-0.10974905306400905
2014-02-25 03:05:00,1.8,0.2560858483750071,0,-0.10975524207277072,-0.21951048414554145,-0.10975524207277072
2014-02-25 03:10:00,2.03,0.4331675514509112,0,-0.10976127861018042,-0.21952255722036085,-0.10976127861018042
2014-02-25 03:15:00,1.8980000000000001,0.2826778656480009,0,-0.10976716642441747,-0.21953433284883492,-0.10976716642441747
2014-02-25 03:20:00,1.8319999999999999,0.22639643460580225,0,-0.10977290917191394,-0.2195458183438279,-0.10977290917191394
2014-02-25 03:25:00,1.834,0.22462016316194056,0,-0.10977851041958116,-0.21955702083916231,-0.10977851041958116
2014-02-25 03:30:00,1.834,0.22480600737824105,0,-0.10978397364698328,-0.21956794729396653,-0.10978397364698327
2014-02-25 03:35:00,1.828,0.23011230232780874,0,-0.10978930224845873,-0.2195786044969175,-0.10978930224845874
2014-02-25 03:40:00,2.576,0.9270773304042568,0,-0.10979449953519144,-0.21958899907038287,-0.10979449953519144
2014-02-25 03:45:00,1.964,0.3419711347450068,0,-0.10979956873723186,-0.21959913747446366,-0.10979956873723186
2014-02-25 03:50:00,1.6640000000000001,0.3966631139613329,0,-0.1098045130054703,-0.2196090260109406,-0.1098045130054703
2014-02-25 03:55:00,1.806,0.25047369993208113,0,-0.10980933541356258,-0.2196186708271252,-0.10980933541356258
2014-02-25 04:00:00,1.86,0.24056507064811544,0,-0.10981403895980968,-0.21962807791961936,-0.10981403895980969
2014-02-25 04:05:00,1.8,0.2559533711633617,0,-0.10981862656899236,-0.21963725313798474,-0.10981862656899237
2014-02-25 04:10:00,2.006,0.3870973869146562,0,-0.10982310109416156,-0.21964620218832312,-0.10982310109416156
2014-02-25 04:15:00,1.834,0.2262565697053167,0,-0.10982746531838596,-0.21965493063677194,-0.10982746531838597
2014-02-25 04:20:00,1.8,0.2560090901372162,0,-0.10983172195645753,-0.21966344391291506,-0.10983172195645753
2014-02-25 04:25:00,1.8,0.2560090901372162,0,-0.10983587365655594,-0.21967174731311187,-0.10983587365655594
2014-02-25 04:30:00,1.926,0.3027680301366958,0,-0.10983992300187297,-0.2196798460037459,-0.10983992300187295
2014-02-25 04:35:00,1.7380000000000002,0.3161684620369977,0,-0.10984387251219788,-0.21968774502439573,-0.10984387251219788
2014-02-25 04:40:00,1.93,0.3064964144488431,0,-0.10984772464546444,-0.2196954492909289,-0.10984772464546445
2014-02-25 04:45:00,1.8219999999999998,0.2362113578807485,0,-0.10985148179926076,-0.2197029635985216,-0.10985148179926078
2014-02-25 04:50:00,1.706,0.3622704603166784,0,-0.1098551463123026,-0.2197102926246052,-0.10985514631230259
2014-02-25 04:55:00,1.8,0.25738860641878203,0,-0.10985872046587107,-0.21971744093174214,-0.10985872046587108
2014-02-25 05:00:00,1.8,0.2571841553584377,0,-0.10986220648521593,-0.21972441297043185,-0.10986220648521593
2014-02-25 05:05:00,1.794,0.26318613534242985,0,-0.10986560654092443,-0.21973121308184887,-0.10986560654092443
2014-02-25 05:10:00,1.932,0.3208015415883003,0,-0.10986892275025756,-0.21973784550051514,-0.10986892275025757
2014-02-25 05:15:00,1.7380000000000002,0.3234188845114694,0,-0.10987215717845364,-0.21974431435690728,-0.10987215717845364
2014-02-25 05:20:00,1.766,0.2918113216760669,0,-0.1098753118400005,-0.219750623680001,-0.1098753118400005
2014-02-25 05:25:00,1.8,0.256580308118621,0,-0.1098783886998768,-0.2197567773997536,-0.1098783886998768
2014-02-25 05:30:00,1.8259999999999998,0.2314922083702341,0,-0.10988138967476332,-0.21976277934952665,-0.10988138967476331
2014-02-25 05:35:00,1.672,0.4019083366656672,0,-0.10988431663422474,-0.21976863326844948,-0.10988431663422474
2014-02-25 05:40:00,2.09,0.517956024120011,0,-0.109887171401863,-0.219774342803726,-0.109887171401863
2014-02-25 05:45:00,1.672,0.3992317492187601,0,-0.1098899557564425,-0.219779911512885,-0.1098899557564425
2014-02-25 05:50:00,1.8,0.2553045366065554,0,-0.1098926714329879,-0.2197853428659758,-0.1098926714329879
2014-02-25 05:55:00,1.766,0.290100579017584,0,-0.10989532012385557,-0.2197906402477111,-0.10989532012385556
2014-02-25 06:00:00,1.86,0.24558838473407024,0,-0.10989790347977868,-0.21979580695955736,-0.10989790347977868
2014-02-25 06:05:00,1.798,0.2572447403674032,0,-0.10990042311088707,-0.21980084622177412,-0.10990042311088707
2014-02-25 06:10:00,1.9340000000000002,0.3223119173612275,0,-0.10990288058770237,-0.21980576117540476,-0.10990288058770237
2014-02-25 06:15:00,1.806,0.24946230233085576,0,-0.10990527744210858,-0.2198105548842172,-0.10990527744210858
2014-02-25 06:20:00,1.8319999999999999,0.22515245020787847,0,-0.1099076151682996,-0.2198152303365992,-0.1099076151682996
2014-02-25 06:25:00,1.7280000000000002,0.3323621128436481,0,-0.10990989522370308,-0.21981979044740613,-0.10990989522370308
2014-02-25 06:30:00,1.84,0.22733466109290024,0,-0.10991211902988222,-0.21982423805976445,-0.10991211902988222
2014-02-25 06:35:00,1.8,0.2553174687931606,0,-0.10991428797341546,-0.21982857594683086,-0.10991428797341546
2014-02-25 06:40:00,2.0,0.4014491291779901,0,-0.1099164034067546,-0.2198328068135092,-0.1099164034067546
2014-02-25 06:45:00,1.76,0.29641319126929405,0,-0.1099184666490622,-0.2198369332981244,-0.1099184666490622
2014-02-25 06:50:00,1.8,0.25518545448741475,0,-0.10992047898702847,-0.21984095797405695,-0.10992047898702849
2014-02-25 06:55:00,1.7380000000000002,0.3205405580620539,0,-0.10992244167566832,-0.21984488335133665,-0.10992244167566832
2014-02-25 07:00:00,1.8659999999999999,0.2518405995806866,0,-0.10992435593909873,-0.21984871187819746,-0.10992435593909872
2014-02-25 07:05:00,1.798,0.2571282549370155,0,-0.10992622297129738,-0.2198524459425948,-0.10992622297129738
2014-02-25 07:10:00,1.992,0.3915541358926694,0,-0.10992804393684276,-0.21985608787368555,-0.10992804393684277
2014-02-25 07:15:00,1.7719999999999998,0.2832801801265663,0,-0.10992981997163613,-0.21985963994327226,-0.10992981997163612
2014-02-25 07:20:00,1.794,0.26073141919385384,0,-0.1099315521836056,-0.2198631043672112,-0.10993155218360559
2014-02-25 07:25:00,1.7719999999999998,0.2831437905721668,0,-0.10993324165339363,-0.21986648330678726,-0.10993324165339363
2014-02-25 07:30:00,1.834,0.22309653516455008,0,-0.10993488943502712,-0.21986977887005424,-0.10993488943502712
2014-02-25 07:35:00,1.764,0.2911964555388316,0,-0.10993649655657137,-0.21987299311314276,-0.10993649655657137
2014-02-25 07:40:00,2.126,0.5607637665720216,0,-0.1099380640207681,-0.2198761280415362,-0.1099380640207681
2014-02-25 07:45:00,1.704,0.3572234780367161,0,-0.10993959280565772,-0.21987918561131545,-0.10993959280565771
2014-02-25 07:50:00,1.834,0.22294546637588267,0,-0.10994108386518653,-0.21988216773037306,-0.10994108386518653
2014-02-25 07:55:00,1.8,0.2540723802283265,0,-0.10994253812979894,-0.21988507625959788,-0.10994253812979894
2014-02-25 08:00:00,1.8,0.25420863164333385,0,-0.10994395650701527,-0.21988791301403052,-0.10994395650701527
2014-02-25 08:05:00,1.8619999999999999,0.2477399026878486,0,-0.10994533988199534,-0.21989067976399068,-0.10994533988199534
2014-02-25 08:10:00,2.126,0.5566208827823949,0,-0.10994668911808833,-0.21989337823617666,-0.10994668911808833
2014-02-25 08:15:00,1.702,0.3587100601195959,0,-0.10994800505736912,-0.21989601011473825,-0.10994800505736911
2014-02-25 08:20:00,1.8,0.2544139253735952,0,-0.10994928852116152,-0.21989857704232305,-0.10994928852116151
2014-02-25 08:25:00,1.926,0.3110977401906644,0,-0.10995054031054867,-0.21990108062109734,-0.10995054031054868
2014-02-25 08:30:00,1.734,0.3227881382358481,0,-0.10995176120687103,-0.21990352241374203,-0.109951761206871
2014-02-25 08:35:00,1.8,0.2547755721262691,0,-0.1099529519722118,-0.2199059039444236,-0.1099529519722118
2014-02-25 08:40:00,1.976,0.36658163321190096,0,-0.10995411334987112,-0.21990822669974225,-0.10995411334987112
2014-02-25 08:45:00,1.8659999999999999,0.2502362251286186,0,-0.10995524606482786,-0.2199104921296557,-0.10995524606482786
2014-02-25 08:50:00,1.8259999999999998,0.2310396797329413,0,-0.10995635082419067,-0.21991270164838134,-0.10995635082419067
2014-02-25 08:55:00,1.806,0.2495530010507696,0,-0.10995742831763773,-0.21991485663527546,-0.10995742831763773
2014-02-25 09:00:00,1.796,0.2591784676397788,0,-0.10995847921784564,-0.21991695843569128,-0.10995847921784564
2014-02-25 09:05:00,1.86,0.2447345946708299,0,-0.10995950418090804,-0.21991900836181608,-0.10995950418090804
2014-02-25 09:10:00,2.01,0.40722416771761577,0,-0.1099605038467437,-0.2199210076934874,-0.1099605038467437
2014-02-25 09:15:00,1.766,0.2893705669916645,0,-0.10996147883949474,-0.21992295767898948,-0.10996147883949474
2014-02-25 09:20:00,1.8,0.2555664994580112,0,-0.109962429767915,-0.21992485953583,-0.109962429767915
2014-02-25 09:25:00,1.8,0.25535985000514805,0,-0.10996335722574901,-0.219926714451498,-0.10996335722574899
2014-02-25 09:30:00,1.766,0.2895044722957501,0,-0.10996426179210136,-0.2199285235842027,-0.10996426179210135
2014-02-25 09:35:00,1.8,0.2556155749311484,0,-0.10996514403179744,-0.21993028806359488,-0.10996514403179744
2014-02-25 09:40:00,1.9580000000000002,0.3460243719785913,0,-0.10996600449573496,-0.2199320089914699,-0.10996600449573495
2014-02-25 09:45:00,1.8659999999999999,0.24978239605639715,0,-0.10996684372122684,-0.2199336874424537,-0.10996684372122685
2014-02-25 09:50:00,1.706,0.3552433801156353,0,-0.10996766223233606,-0.21993532446467207,-0.10996766223233606
2014-02-25 09:55:00,1.83,0.2277963274455026,0,-0.10996846054020172,-0.21993692108040344,-0.10996846054020172
2014-02-25 10:00:00,1.766,0.2893239551115244,0,-0.1099692391433576,-0.2199384782867152,-0.10996923914335759
2014-02-25 10:05:00,1.834,0.22426573739503544,0,-0.10996999852804253,-0.21993999705608505,-0.10996999852804251
2014-02-25 10:10:00,1.93,0.3149108008030385,0,-0.10997073916850332,-0.21994147833700667,-0.10997073916850333
2014-02-25 10:15:00,1.8259999999999998,0.2311292806055224,0,-0.10997146152729034,-0.21994292305458069,-0.10997146152729034
2014-02-25 10:20:00,1.74,0.3165474223558317,0,-0.10997216605554536,-0.21994433211109074,-0.10997216605554537
2014-02-25 10:25:00,1.766,0.28871247674317696,0,-0.10997285319328302,-0.21994570638656605,-0.10997285319328302
2014-02-25 10:30:00,1.8,0.2547748754853083,0,-0.1099735233696647,-0.2199470467393294,-0.1099735233696647
2014-02-25 10:35:00,1.764,0.2906343962494269,0,-0.10997417700326616,-0.21994835400653232,-0.10997417700326616
2014-02-25 10:40:00,2.0,0.3954810382440088,0,-0.10997481450233826,-0.21994962900467646,-0.10997481450233826
2014-02-25 10:45:00,1.764,0.2903387182660657,0,-0.1099754362650615,-0.21995087253012302,-0.1099754362650615
2014-02-25 10:50:00,1.766,0.288122898266799,0,-0.10997604267979416,-0.2199520853595883,-0.10997604267979415
2014-02-25 10:55:00,1.794,0.2601936294131273,0,-0.10997663412531436,-0.21995326825062875,-0.10997663412531437
2014-02-25 11:00:00,1.806,0.2486022883172477,0,-0.10997721097105627,-0.21995442194211254,-0.10997721097105628
2014-02-25 11:05:00,1.764,0.2903380896140388,0,-0.1099777735773403,-0.2199555471546806,-0.1099777735773403
2014-02-25 11:10:00,2.032,0.4345333366384462,0,-0.10997832229559776,-0.21995664459119552,-0.10997832229559776
2014-02-25 11:15:00,1.766,0.28787832340670383,0,-0.10997885746859012,-0.21995771493718025,-0.10997885746859012
2014-02-25 11:20:00,1.86,0.24504393218357856,0,-0.10997937943062257,-0.2199587588612451,-0.10997937943062255
2014-02-25 11:25:00,1.672,0.3921305978317365,0,-0.10997988850775252,-0.21995977701550504,-0.10997988850775253
2014-02-25 11:30:00,1.834,0.22329540436641124,0,-0.10998038501799304,-0.2199607700359861,-0.10998038501799305
2014-02-25 11:35:00,1.732,0.32307221030156114,0,-0.10998086927151106,-0.21996173854302206,-0.10998086927151106
2014-02-25 11:40:00,2.0,0.39374858497627374,0,-0.10998134157082083,-0.21996268314164166,-0.10998134157082082
2014-02-25 11:45:00,1.766,0.2870623833929405,0,-0.10998180221097263,-0.21996360442194526,-0.10998180221097263
2014-02-25 11:50:00,1.8,0.2538803569649425,0,-0.10998225147973688,-0.21996450295947376,-0.10998225147973688
2014-02-25 11:55:00,1.796,0.2576319294066846,0,-0.10998268965778353,-0.21996537931556706,-0.10998268965778352
2014-02-25 12:00:00,1.8319999999999999,0.2250188410622466,0,-0.1099831170188571,-0.2199662340377142,-0.1099831170188571
2014-02-25 12:05:00,1.766,0.2870496240184597,0,-0.10998353382994766,-0.21996706765989527,-0.10998353382994766
2014-02-25 12:10:00,2.024,0.4227308193966044,0,-0.10998394035145724,-0.21996788070291445,-0.10998394035145723
2014-02-25 12:15:00,1.7380000000000002,0.3158683286461636,0,-0.10998433683736224,-0.2199686736747245,-0.10998433683736225
2014-02-25 12:20:00,1.834,0.22316171999802265,0,-0.1099847235353721,-0.2199694470707442,-0.1099847235353721
2014-02-25 12:25:00,1.8,0.2536127457859489,0,-0.10998510068708366,-0.2199702013741673,-0.10998510068708366
2014-02-25 12:30:00,1.8659999999999999,0.2504205766667215,0,-0.10998546852813196,-0.21997093705626394,-0.10998546852813197
2014-02-25 12:35:00,1.766,0.2873935737062225,0,-0.10998582728833743,-0.21997165457667486,-0.10998582728833742
2014-02-25 12:40:00,1.9340000000000002,0.3188763045398295,0,-0.10998617719184904,-0.21997235438369805,-0.10998617719184903
2014-02-25 12:45:00,1.86,0.2448579207703986,0,-0.10998651845728434,-0.21997303691456868,-0.10998651845728434
2014-02-25 12:50:00,1.7380000000000002,0.31814055183216505,0,-0.10998685129786598,-0.219973702595732,-0.10998685129786598
2014-02-25 12:55:00,1.796,0.2585315326054556,0,-0.10998717592155456,-0.2199743518431091,-0.10998717592155455
2014-02-25 13:00:00,1.8659999999999999,0.2501547079518689,0,-0.10998749253117857,-0.21997498506235716,-0.10998749253117857
2014-02-25 13:05:00,1.8319999999999999,0.2259900751574437,0,-0.109987801324561,-0.219975602649122,-0.10998780132456099
2014-02-25 13:10:00,1.96,0.3476724113766416,0,-0.10998810249464268,-0.21997620498928536,-0.10998810249464269
2014-02-25 13:15:00,1.84,0.2265977005720512,0,-0.10998839622960292,-0.21997679245920584,-0.10998839622960291
2014-02-25 13:20:00,1.8,0.2558880900216466,0,-0.10998868271297672,-0.21997736542595345,-0.10998868271297671
2014-02-25 13:25:00,1.8319999999999999,0.2264564368809683,0,-0.10998896212376956,-0.21997792424753915,-0.10998896212376957
2014-02-25 13:30:00,1.8559999999999999,0.24032702325519434,0,-0.10998923463656908,-0.21997846927313816,-0.10998923463656908
2014-02-25 13:35:00,1.732,0.3275370565256386,0,-0.10998950042165394,-0.21997900084330788,-0.10998950042165394
2014-02-25 13:40:00,2.0,0.3964063497974853,0,-0.10998975964510033,-0.21997951929020065,-0.10998975964510031
2014-02-25 13:45:00,1.7719999999999998,0.284518393073793,0,-0.10999001246888546,-0.2199800249377709,-0.10999001246888546
2014-02-25 13:50:00,1.76,0.2973225187923597,0,-0.10999025905098887,-0.21998051810197775,-0.10999025905098889
2014-02-25 13:55:00,1.7719999999999998,0.2845094730179841,0,-0.10999049954549098,-0.21998099909098195,-0.10999049954549098
2014-02-25 14:00:00,1.864,0.24820159689991395,0,-0.10999073410266914,-0.2199814682053383,-0.10999073410266914
2014-02-25 14:05:00,1.794,0.2621205243978281,0,-0.10999096286909177,-0.2199819257381835,-0.10999096286909175
2014-02-25 14:10:00,2.0340000000000003,0.4394920344833217,0,-0.10999118598770956,-0.21998237197541914,-0.10999118598770957
2014-02-25 14:15:00,1.704,0.3595219383225555,0,-0.10999140359794504,-0.21998280719589008,-0.10999140359794504
2014-02-25 14:20:00,1.766,0.2901704119461633,0,-0.10999161583577936,-0.21998323167155875,-0.10999161583577936
2014-02-25 14:25:00,1.8259999999999998,0.2318156170247314,0,-0.10999182283383736,-0.21998364566767475,-0.10999182283383736
2014-02-25 14:30:00,1.834,0.22478048423577826,0,-0.10999202472147034,-0.21998404944294067,-0.10999202472147034
2014-02-25 14:35:00,1.7380000000000002,0.32025142836460524,0,-0.10999222162483682,-0.21998444324967364,-0.10999222162483682
2014-02-25 14:40:00,1.96,0.3489542531411203,0,-0.1099924136669814,-0.2199848273339628,-0.1099924136669814
2014-02-25 14:45:00,1.838,0.224144831564155,0,-0.1099926009679115,-0.219985201935823,-0.1099926009679115
2014-02-25 14:50:00,1.766,0.2902473253705769,0,-0.10999278364467237,-0.21998556728934476,-0.10999278364467237
2014-02-25 14:55:00,1.766,0.2900841154646621,0,-0.1099929618114202,-0.2199859236228404,-0.1099929618114202
2014-02-25 15:00:00,1.8659999999999999,0.2498850355682849,0,-0.10999313557949332,-0.21998627115898667,-0.10999313557949333
2014-02-25 15:05:00,1.7619999999999998,0.2942068074925174,0,-0.10999330505748188,-0.21998661011496376,-0.10999330505748188
2014-02-25 15:10:00,2.032,0.4350300329407068,0,-0.1099934703512955,-0.219986940702591,-0.1099934703512955
2014-02-25 15:15:00,1.794,0.261673054489697,0,-0.10999363156422964,-0.21998726312845926,-0.10999363156422962
2014-02-25 15:20:00,1.838,0.2241576097218856,0,-0.10999378879702976,-0.2199875775940596,-0.10999378879702978
2014-02-25 15:25:00,1.798,0.2579199064876655,0,-0.1099939421479548,-0.2199878842959096,-0.1099939421479548
2014-02-25 15:30:00,1.858,0.2420764031684606,0,-0.1099940917128379,-0.2199881834256758,-0.1099940917128379
2014-02-25 15:35:00,1.766,0.28989092200055233,0,-0.1099942375851468,-0.2199884751702936,-0.1099942375851468
2014-02-25 15:40:00,2.04,0.4431789207950319,0,-0.1099943798560419,-0.2199887597120838,-0.1099943798560419
2014-02-25 15:45:00,1.764,0.29165255972398585,0,-0.10999451861443332,-0.21998903722886665,-0.10999451861443332
2014-02-25 15:50:00,1.8319999999999999,0.2265448483046877,0,-0.10999465394703647,-0.21998930789407292,-0.10999465394703647
2014-02-25 15:55:00,1.834,0.22472107289138624,0,-0.10999478593842614,-0.21998957187685228,-0.10999478593842614
2014-02-25 16:00:00,1.834,0.2249970043438805,0,-0.10999491467108936,-0.2199898293421787,-0.10999491467108935
2014-02-25 16:05:00,1.8,0.25573826837021385,0,-0.1099950402254769,-0.2199900804509538,-0.1099950402254769
2014-02-25 16:10:00,2.0340000000000003,0.4352687188122527,0,-0.10999516268005363,-0.21999032536010726,-0.10999516268005363
2014-02-25 16:15:00,1.8,0.2557461163829832,0,-0.1099952821113474,-0.2199905642226948,-0.10999528211134739
2014-02-25 16:20:00,1.8319999999999999,0.2262881958826501,0,-0.10999539859399693,-0.21999079718799386,-0.10999539859399693
2014-02-25 16:25:00,1.766,0.28916439391200466,0,-0.10999551220079842,-0.21999102440159685,-0.10999551220079842
2014-02-25 16:30:00,1.834,0.2247245436421635,0,-0.10999562300275098,-0.219991246005502,-0.10999562300275101
2014-02-25 16:35:00,1.766,0.2891342801706646,0,-0.10999573106910114,-0.21999146213820228,-0.10999573106910114
2014-02-25 16:40:00,1.994,0.385896859910083,0,-0.10999583646738588,-0.21999167293477176,-0.10999583646738588
2014-02-25 16:45:00,1.74,0.3165644911571735,0,-0.10999593926347496,-0.2199918785269499,-0.10999593926347495
2014-02-25 16:50:00,1.834,0.22437862779642487,0,-0.10999603952161208,-0.21999207904322415,-0.10999603952161209
2014-02-25 16:55:00,1.732,0.32532851651161737,0,-0.10999613730445502,-0.21999227460891005,-0.10999613730445502
2014-02-25 17:00:00,1.8319999999999999,0.2263070171188177,0,-0.1099962326731147,-0.2199924653462294,-0.1099962326731147
2014-02-25 17:05:00,1.828,0.2298137214727893,0,-0.10999632568719342,-0.21999265137438684,-0.10999632568719342
2014-02-25 17:10:00,2.042,0.4443866466165932,0,-0.10999641640482212,-0.21999283280964424,-0.10999641640482212
2014-02-25 17:15:00,1.796,0.2595499621821031,0,-0.10999650488269663,-0.2199930097653933,-0.10999650488269665
2014-02-25 17:20:00,1.8,0.2558327588934282,0,-0.10999659117611324,-0.21999318235222648,-0.10999659117611324
2014-02-25 17:25:00,1.8259999999999998,0.23179669900145386,0,-0.10999667533900298,-0.219993350678006,-0.10999667533900298
2014-02-25 17:30:00,1.7380000000000002,0.3188875313739515,0,-0.1099967574239656,-0.21999351484793125,-0.10999675742396561
2014-02-25 17:35:00,1.828,0.2300179564342362,0,-0.1099968374823023,-0.2199936749646046,-0.1099968374823023
2014-02-25 17:40:00,2.026,0.4238460502996609,0,-0.10999691556404774,-0.21999383112809548,-0.10999691556404774
2014-02-25 17:45:00,1.74,0.3163914028847981,0,-0.1099969917180014,-0.2199939834360028,-0.1099969917180014
2014-02-25 17:50:00,1.8259999999999998,0.2319999144246157,0,-0.10999706599175804,-0.21999413198351608,-0.10999706599175803
2014-02-25 17:55:00,1.8,0.2558050517979666,0,-0.10999713843173738,-0.21999427686347475,-0.10999713843173738
2014-02-25 18:00:00,1.7719999999999998,0.2832353808435365,0,-0.10999720908321324,-0.21999441816642645,-0.10999720908321323
2014-02-25 18:05:00,1.766,0.2890501627024915,0,-0.10999727799034162,-0.21999455598068324,-0.10999727799034162
2014-02-25 18:10:00,1.93,0.3127751699234335,0,-0.10999734519618856,-0.2199946903923771,-0.10999734519618855
2014-02-25 18:15:00,1.76,0.29499484799819103,0,-0.10999741074275676,-0.2199948214855135,-0.10999741074275675
2014-02-25 18:20:00,1.7380000000000002,0.31898240019383384,0,-0.10999747467101204,-0.2199949493420241,-0.10999747467101205
2014-02-25 18:25:00,1.8659999999999999,0.24958357596644185,0,-0.10999753702090888,-0.21999507404181776,-0.10999753702090888
2014-02-25 18:30:00,1.766,0.2896277987131326,0,-0.10999759783141533,-0.21999519566283066,-0.10999759783141531
2014-02-25 18:35:00,1.8259999999999998,0.2317593846060999,0,-0.1099976571405374,-0.2199953142810748,-0.10999765714053739
2014-02-25 18:40:00,1.9340000000000002,0.31808523224131346,0,-0.1099977149853428,-0.2199954299706856,-0.1099977149853428
2014-02-25 18:45:00,1.7719999999999998,0.28343792812667545,0,-0.1099977714019842,-0.2199955428039684,-0.1099977714019842
2014-02-25 18:50:00,1.766,0.2896083118587773,0,-0.10999782642572163,-0.21999565285144326,-0.10999782642572163
2014-02-25 18:55:00,1.8259999999999998,0.2316997281830279,0,-0.10999788009094466,-0.21999576018188927,-0.10999788009094466
2014-02-25 19:00:00,1.7380000000000002,0.3200176926546072,0,-0.10999793243119384,-0.21999586486238767,-0.10999793243119384
2014-02-25 19:05:00,1.834,0.22504454956563524,0,-0.10999798347918163,-0.21999596695836326,-0.10999798347918163
2014-02-25 19:10:00,1.994,0.3870218172060484,0,-0.10999803326681296,-0.2199960665336259,-0.10999803326681296
2014-02-25 19:15:00,1.8719999999999999,0.2546334483857353,0,-0.10999808182520496,-0.21999616365040991,-0.10999808182520496
2014-02-25 19:20:00,1.726,0.3330166090287429,0,-0.10999812918470668,-0.21999625836941333,-0.10999812918470667
2014-02-25 19:25:00,1.8,0.2560152589249156,0,-0.10999817537491777,-0.2199963507498355,-0.10999817537491775
2014-02-25 19:30:00,1.804,0.25186288681785285,0,-0.10999822042470714,-0.21999644084941428,-0.10999822042470714
2014-02-25 19:35:00,1.732,0.3262450584819069,0,-0.10999826436223102,-0.21999652872446204,-0.10999826436223102
2014-02-25 19:40:00,2.0340000000000003,0.4354816858678008,0,-0.10999830721495048,-0.21999661442990096,-0.10999830721495049
2014-02-25 19:45:00,1.8,0.2559036308475108,0,-0.10999834900964864,-0.21999669801929728,-0.10999834900964864
2014-02-25 19:50:00,1.798,0.2577945018594819,0,-0.10999838977244727,-0.21999677954489455,-0.10999838977244729
2014-02-25 19:55:00,1.764,0.29156741660961233,0,-0.10999842952882342,-0.21999685905764685,-0.10999842952882342
2014-02-25 20:00:00,1.858,0.2419355325487821,0,-0.10999846830362496,-0.21999693660724995,-0.10999846830362497
2014-02-25 20:05:00,1.766,0.2892983889656304,0,-0.1099985061210864,-0.21999701224217286,-0.10999850612108641
2014-02-25 20:10:00,2.006,0.4003069510540341,0,-0.10999854300484396,-0.2199970860096879,-0.10999854300484395
2014-02-25 20:15:00,1.8319999999999999,0.22629065832359524,0,-0.10999857897795016,-0.21999715795590036,-0.10999857897795016
2014-02-25 20:20:00,1.86,0.24418128331905284,0,-0.10999861406288856,-0.2199972281257771,-0.10999861406288855
2014-02-25 20:25:00,1.7380000000000002,0.3186422253172712,0,-0.10999864828158752,-0.21999729656317504,-0.10999864828158752
2014-02-25 20:30:00,1.8619999999999999,0.24602134889524424,0,-0.10999868165543404,-0.21999736331086808,-0.10999868165543404
2014-02-25 20:35:00,1.798,0.25720625165075384,0,-0.10999871420528712,-0.21999742841057424,-0.10999871420528712
2014-02-25 20:40:00,1.94,0.3250810561667304,0,-0.10999874595149073,-0.21999749190298146,-0.10999874595149071
2014-02-25 20:45:00,1.766,0.2885861765344614,0,-0.1099987769138866,-0.2199975538277732,-0.1099987769138866
2014-02-25 20:50:00,1.8,0.25472346617865244,0,-0.1099988071118266,-0.2199976142236532,-0.1099988071118266
2014-02-25 20:55:00,1.76,0.2945233407680873,0,-0.10999883656418476,-0.2199976731283696,-0.10999883656418478
2014-02-25 21:00:00,1.8719999999999999,0.2562483315918178,0,-0.10999886528936924,-0.2199977305787385,-0.10999886528936925
2014-02-25 21:05:00,1.7280000000000002,0.3283149524337319,0,-0.10999889330533362,-0.21999778661066724,-0.10999889330533362
2014-02-25 21:10:00,2.036,0.4380360978545927,0,-0.1099989206295882,-0.21999784125917646,-0.10999892062958821
2014-02-25 21:15:00,1.806,0.24861265487486234,0,-0.10999894727921113,-0.21999789455842225,-0.10999894727921113
2014-02-25 21:20:00,1.89,0.2734758478188088,0,-0.10999897327085872,-0.21999794654171745,-0.10999897327085871
2014-02-25 21:25:00,1.672,0.392435145729248,0,-0.10999899862077614,-0.21999799724155228,-0.10999899862077614
2014-02-25 21:30:00,1.8940000000000001,0.2774855022874477,0,-0.10999902334480753,-0.21999804668961506,-0.10999902334480752
2014-02-25 21:35:00,1.7380000000000002,0.3167474199998764,0,-0.10999904745840572,-0.21999809491681147,-0.10999904745840573
2014-02-25 21:40:00,1.962,0.34977676247872097,0,-0.10999907097664216,-0.21999814195328435,-0.10999907097664217
2014-02-25 21:45:00,1.76,0.29387274944907915,0,-0.10999909391421614,-0.21999818782843228,-0.10999909391421614
2014-02-25 21:50:00,1.84,0.2270242480462695,0,-0.10999911628546398,-0.219998232570928,-0.10999911628546398
2014-02-25 21:55:00,1.766,0.2877055553515274,0,-0.10999913810436816,-0.2199982762087363,-0.10999913810436815
2014-02-25 22:00:00,1.8259999999999998,0.23057656656556624,0,-0.1099991593845658,-0.2199983187691316,-0.10999915938456581
2014-02-25 22:05:00,1.806,0.2486812332944847,0,-0.10999918013935747,-0.21999836027871494,-0.10999918013935749
2014-02-25 22:10:00,2.0580000000000003,0.4650991928822169,0,-0.10999920038171528,-0.21999840076343055,-0.10999920038171529
2014-02-25 22:15:00,1.838,0.22517766980521453,0,-0.1099992201242911,-0.2199984402485822,-0.1099992201242911
2014-02-25 22:20:00,1.8259999999999998,0.2308548134165298,0,-0.1099992393794244,-0.2199984787588488,-0.1099992393794244
2014-02-25 22:25:00,1.8,0.2545837823307733,0,-0.10999925815915,-0.2199985163183,-0.10999925815914999
2014-02-25 22:30:00,1.706,0.3524013521863467,0,-0.1099992764752056,-0.2199985529504112,-0.1099992764752056
2014-02-25 22:35:00,1.8,0.25409316258521936,0,-0.10999929433903913,-0.21999858867807826,-0.10999929433903911
2014-02-25 22:40:00,1.966,0.3537952447134444,0,-0.10999931176181582,-0.21999862352363164,-0.10999931176181582
2014-02-25 22:45:00,1.8259999999999998,0.2304291746269882,0,-0.10999932875442528,-0.21999865750885056,-0.10999932875442528
2014-02-25 22:50:00,1.8,0.25409033636648576,0,-0.10999934532748826,-0.2199986906549765,-0.10999934532748826
2014-02-25 22:55:00,1.7380000000000002,0.3165560899589629,0,-0.10999936149136326,-0.21999872298272646,-0.10999936149136326
2014-02-25 23:00:00,1.89,0.27320720645133506,0,-0.10999937725615304,-0.21999875451230608,-0.10999937725615304
2014-02-25 23:05:00,1.74,0.3142951575600998,0,-0.10999939263171096,-0.2199987852634219,-0.10999939263171095
2014-02-25 23:10:00,2.024,0.4214886596773328,0,-0.10999940762764708,-0.21999881525529413,-0.10999940762764707
2014-02-25 23:15:00,1.8319999999999999,0.22497479293437564,0,-0.10999942225333416,-0.21999884450666835,-0.10999942225333417
2014-02-25 23:20:00,1.7380000000000002,0.3162320067336187,0,-0.10999943651791363,-0.21999887303582727,-0.10999943651791363
2014-02-25 23:25:00,1.8,0.2537699923330436,0,-0.10999945043030117,-0.2199989008606023,-0.10999945043030115
2014-02-25 23:30:00,1.766,0.287080676777169,0,-0.10999946399919233,-0.21999892799838466,-0.10999946399919232
2014-02-25 23:35:00,1.834,0.22311124130672166,0,-0.10999947723306797,-0.21999895446613596,-0.10999947723306797
2014-02-25 23:40:00,1.996,0.38894573636490004,0,-0.1099994901401996,-0.2199989802803992,-0.1099994901401996
2014-02-25 23:45:00,1.8,0.25394961866075616,0,-0.10999950272865447,-0.21999900545730894,-0.10999950272865447
2014-02-25 23:50:00,1.86,0.24494692308306584,0,-0.10999951500630066,-0.21999903001260127,-0.10999951500630066
2014-02-25 23:55:00,1.7619999999999998,0.2917428551480781,0,-0.10999952698081204,-0.21999905396162406,-0.10999952698081202
2014-02-26 00:00:00,1.8,0.2542503446720365,0,-0.1099995386596729,-0.2199990773193458,-0.1099995386596729
2014-02-26 00:05:00,1.8659999999999999,0.2503295781945616,0,-0.10999955005018286,-0.21999910010036566,-0.10999955005018286
2014-02-26 00:10:00,2.0580000000000003,0.4633805126861123,0,-0.10999956115946127,-0.21999912231892252,-0.10999956115946127
2014-02-26 00:15:00,1.7380000000000002,0.316725069664069,0,-0.10999957199445168,-0.21999914398890336,-0.10999957199445169
2014-02-26 00:20:00,1.834,0.22372919745578976,0,-0.10999958256192628,-0.21999916512385256,-0.10999958256192628
2014-02-26 00:25:00,1.794,0.2602884751677747,0,-0.10999959286848997,-0.21999918573697996,-0.10999959286848997
2014-02-26 00:30:00,1.8980000000000001,0.2804380040911552,0,-0.10999960292058462,-0.21999920584116925,-0.10999960292058462
2014-02-26 00:35:00,1.7380000000000002,0.3168222805743778,0,-0.10999961272449306,-0.21999922544898606,-0.10999961272449306
2014-02-26 00:40:00,2.092,0.5034676194526462,0,-0.10999962228634297,-0.219999244572686,-0.10999962228634298
2014-02-26 00:45:00,1.706,0.35108663242622434,0,-0.1099996316121108,-0.2199992632242216,-0.1099996316121108
2014-02-26 00:50:00,1.8319999999999999,0.2256898901702487,0,-0.10999964070762533,-0.21999928141525066,-0.10999964070762533
2014-02-26 00:55:00,1.796,0.25810774919131263,0,-0.10999964957857154,-0.21999929915714309,-0.10999964957857154
2014-02-26 01:00:00,1.8659999999999999,0.249634448182504,0,-0.109999658230494,-0.219999316460988,-0.10999965823049399
2014-02-26 01:05:00,1.794,0.2600407344848828,0,-0.10999966666880036,-0.21999933333760074,-0.10999966666880037
2014-02-26 01:10:00,2.042,0.4400646188073229,0,-0.10999967489876486,-0.21999934979752966,-0.10999967489876486
2014-02-26 01:15:00,1.8,0.25430887825035203,0,-0.1099996829255314,-0.2199993658510628,-0.10999968292553139
2014-02-26 01:20:00,1.892,0.2740235888402037,0,-0.10999969075411688,-0.21999938150823375,-0.10999969075411689
2014-02-26 01:25:00,1.704,0.3526957210557629,0,-0.1099996983894145,-0.219999396778829,-0.1099996983894145
2014-02-26 01:30:00,1.8659999999999999,0.24945804742280306,0,-0.10999970583619643,-0.21999941167239287,-0.10999970583619643
2014-02-26 01:35:00,1.9,0.2814736095643501,0,-0.10999971309911714,-0.2199994261982343,-0.10999971309911714
2014-02-26 01:40:00,2.032,0.4268356915770751,0,-0.10999972018271616,-0.21999944036543234,-0.10999972018271617
2014-02-26 01:45:00,1.8259999999999998,0.2315081033074688,0,-0.10999972709142096,-0.21999945418284192,-0.10999972709142096
2014-02-26 01:50:00,1.74,0.31391527976304545,0,-0.10999973382954964,-0.21999946765909925,-0.10999973382954963
2014-02-26 01:55:00,1.8,0.2547534622682732,0,-0.1099997404013137,-0.2199994808026274,-0.1099997404013137
2014-02-26 02:00:00,1.8659999999999999,0.24848581901141506,0,-0.10999974681082074,-0.21999949362164148,-0.10999974681082074
2014-02-26 02:05:00,1.766,0.2876045244332499,0,-0.10999975306207682,-0.21999950612415364,-0.10999975306207682
2014-02-26 02:10:00,2.0,0.3906740448824876,0,-0.1099997591589892,-0.2199995183179784,-0.1099997591589892
2014-02-26 02:15:00,1.764,0.290038545720849,0,-0.1099997651053686,-0.2199995302107372,-0.10999976510536859
2014-02-26 02:20:00,1.8659999999999999,0.24929317552847005,0,-0.10999977090493168,-0.21999954180986334,-0.10999977090493167
2014-02-26 02:25:00,1.7919999999999998,0.26269573965672016,0,-0.10999977656130333,-0.21999955312260666,-0.10999977656130332
2014-02-26 02:30:00,1.8319999999999999,0.22634099603136315,0,-0.10999978207801893,-0.21999956415603786,-0.10999978207801892
2014-02-26 02:35:00,1.74,0.3152764253144373,0,-0.1099997874585266,-0.2199995749170532,-0.10999978745852661
2014-02-26 02:40:00,2.032,0.4288997467140358,0,-0.10999979270618934,-0.21999958541237868,-0.10999979270618934
2014-02-26 02:45:00,1.9240000000000002,0.3058045999852666,0,-0.10999979782428708,-0.21999959564857413,-0.10999979782428707
2014-02-26 02:50:00,1.732,0.3239637054317681,0,-0.10999980281601872,-0.21999960563203744,-0.10999980281601872
2014-02-26 02:55:00,1.7380000000000002,0.31681774942285745,0,-0.10999980768450432,-0.21999961536900864,-0.10999980768450432
2014-02-26 03:00:00,1.798,0.25697358413407106,0,-0.10999981243278677,-0.21999962486557356,-0.10999981243278677
2014-02-26 03:05:00,1.766,0.2877732013977457,0,-0.10999981706383392,-0.21999963412766785,-0.10999981706383391
2014-02-26 03:10:00,1.966,0.3516603331806342,0,-0.10999982158054028,-0.21999964316108056,-0.10999982158054028
2014-02-26 03:15:00,2.366,0.7961131572077711,0,-0.10999982598572897,-0.21999965197145796,-0.10999982598572897
2014-02-26 03:20:00,1.798,0.25660821513806864,0,-0.1099998302821533,-0.2199996605643066,-0.1099998302821533
2014-02-26 03:25:00,1.834,0.2253628053740369,0,-0.10999983447249873,-0.21999966894499745,-0.10999983447249871
2014-02-26 03:30:00,1.8,0.2544982659833961,0,-0.10999983855938428,-0.21999967711876856,-0.10999983855938428
2014-02-26 03:35:00,1.8,0.25439615425000983,0,-0.10999984254536443,-0.21999968509072887,-0.10999984254536443
2014-02-26 03:40:00,1.964,0.3427473706640521,0,-0.10999984643293052,-0.21999969286586105,-0.10999984643293052
2014-02-26 03:45:00,1.8,0.2542771422935171,0,-0.1099998502245124,-0.2199997004490248,-0.1099998502245124
2014-02-26 03:50:00,1.766,0.2861936671151745,0,-0.10999985392247992,-0.21999970784495984,-0.10999985392247992
2014-02-26 03:55:00,1.798,0.2559707248693646,0,-0.1099998575291444,-0.2199997150582888,-0.10999985752914439
2014-02-26 04:00:00,1.79,0.2632553448545709,0,-0.10999986104676013,-0.21999972209352026,-0.10999986104676013
2014-02-26 04:05:00,1.806,0.24849390362000506,0,-0.10999986447752573,-0.21999972895505146,-0.10999986447752573
2014-02-26 04:10:00,1.966,0.3464936502032687,0,-0.10999986782358552,-0.21999973564717107,-0.10999986782358553
2014-02-26 04:15:00,1.8259999999999998,0.2310680297856488,0,-0.10999987108703092,-0.21999974217406185,-0.10999987108703092
2014-02-26 04:20:00,1.706,0.34703715019421993,0,-0.10999987426990164,-0.2199997485398033,-0.10999987426990165
2014-02-26 04:25:00,1.7919999999999998,0.2603685916442223,0,-0.10999987737418712,-0.21999975474837424,-0.10999987737418711
2014-02-26 04:30:00,1.806,0.2476392348757625,0,-0.10999988040182758,-0.2199997608036552,-0.10999988040182758
2014-02-26 04:35:00,1.7919999999999998,0.26013912502536385,0,-0.1099998833547154,-0.2199997667094308,-0.1099998833547154
2014-02-26 04:40:00,2.0,0.3853221100809664,0,-0.10999988623469624,-0.2199997724693925,-0.10999988623469625
2014-02-26 04:45:00,1.84,0.2289410775858433,0,-0.1099998890435702,-0.2199997780871404,-0.10999988904357019
2014-02-26 04:50:00,1.794,0.2593300130633942,0,-0.10999989178309287,-0.2199997835661857,-0.10999989178309287
2014-02-26 04:55:00,1.7719999999999998,0.2826007748440075,0,-0.10999989445497654,-0.2199997889099531,-0.10999989445497654
2014-02-26 05:00:00,1.8659999999999999,0.25385401487467485,0,-0.10999989706089122,-0.21999979412178244,-0.10999989706089122
2014-02-26 05:05:00,1.8,0.2538716229874281,0,-0.10999989960246573,-0.21999979920493146,-0.10999989960246573
2014-02-26 05:10:00,2.028,0.44157724934239095,0,-0.10999990208128856,-0.2199998041625772,-0.10999990208128858
2014-02-26 05:15:00,1.766,0.2888115064868688,0,-0.10999990449890913,-0.21999980899781826,-0.10999990449890912
2014-02-26 05:20:00,1.828,0.22710736142864515,0,-0.10999990685683847,-0.2199998137136769,-0.10999990685683847
2014-02-26 05:25:00,1.798,0.2557178619771844,0,-0.10999990915655036,-0.21999981831310075,-0.10999990915655036
2014-02-26 05:30:00,1.9,0.28871576106828184,0,-0.10999991139948223,-0.21999982279896446,-0.10999991139948222
2014-02-26 05:35:00,1.7919999999999998,0.2616326882289201,0,-0.10999991358703594,-0.21999982717407188,-0.10999991358703594
2014-02-26 05:40:00,1.974,0.3737661419158957,0,-0.1099999157205788,-0.2199998314411576,-0.10999991572057881
2014-02-26 05:45:00,1.8,0.25397997632176755,0,-0.10999991780144436,-0.21999983560288872,-0.10999991780144436
2014-02-26 05:50:00,1.86,0.2478091119098001,0,-0.10999991983093316,-0.2199998396618664,-0.10999991983093318
2014-02-26 05:55:00,1.7380000000000002,0.3204520439759621,0,-0.1099999218103138,-0.2199998436206276,-0.10999992181031379
2014-02-26 06:00:00,1.9,0.2883080074889913,0,-0.10999992374082336,-0.21999984748164672,-0.10999992374082336
2014-02-26 06:05:00,1.76,0.29599344541568257,0,-0.10999992562366848,-0.21999985124733695,-0.10999992562366849
2014-02-26 06:10:00,2.036,0.4505373690871493,0,-0.10999992746002607,-0.2199998549200521,-0.10999992746002607
2014-02-26 06:15:00,1.7719999999999998,0.28299434945496393,0,-0.10999992925104383,-0.21999985850208767,-0.10999992925104383
2014-02-26 06:20:00,1.8319999999999999,0.22459205255835632,0,-0.10999993099784122,-0.21999986199568244,-0.10999993099784122
2014-02-26 06:25:00,1.766,0.2898117846652909,0,-0.10999993270151008,-0.21999986540302016,-0.10999993270151008
2014-02-26 06:30:00,1.8659999999999999,0.2524562861277023,0,-0.11,-0.22,-0.11
2014-02-26 06:35:00,1.798,0.25692831719060005,0,-0.11,-0.22,-0.11
2014-02-26 06:40:00,1.996,0.3983711141482457,0,-0.11,-0.22,-0.11
2014-02-26 06:45:00,1.8259999999999998,0.23045128098824685,0,-0.11,-0.22,-0.11
2014-02-26 06:50:00,1.7719999999999998,0.28518126329501425,0,-0.11,-0.22,-0.11
2014-02-26 06:55:00,1.76,0.29807233846540043,0,-0.11,-0.22,-0.11
2014-02-26 07:00:00,1.8719999999999999,0.2583040135610409,0,-0.11,-0.22,-0.11
2014-02-26 07:05:00,1.766,0.29151652951511386,0,-0.11,-0.22,-0.11
2014-02-26 07:10:00,2.194,0.6538840773699088,0,-0.11,-0.22,-0.11
2014-02-26 07:15:00,1.766,0.2906954649766117,0,-0.11,-0.22,-0.11
2014-02-26 07:20:00,1.732,0.3277633766441521,0,-0.11,-0.22,-0.11
2014-02-26 07:25:00,1.766,0.29001311767501353,0,-0.11,-0.22,-0.11
2014-02-26 07:30:00,1.768,0.2881230105701333,0,-0.11,-0.22,-0.11
2014-02-26 07:35:00,1.8259999999999998,0.2308588082567873,0,-0.11,-0.22,-0.11
2014-02-26 07:40:00,1.906,0.2918056917389888,0,-0.11,-0.22,-0.11
2014-02-26 07:45:00,1.766,0.2899817178903967,0,-0.11,-0.22,-0.11
2014-02-26 07:50:00,1.766,0.29001405670654484,0,-0.11,-0.22,-0.11
2014-02-26 07:55:00,1.8,0.25518992118270706,0,-0.11,-0.22,-0.11
2014-02-26 08:00:00,1.79,0.265368029443668,0,-0.11,-0.22,-0.11
2014-02-26 08:05:00,1.798,0.2571510797263388,0,-0.11,-0.22,-0.11
2014-02-26 08:10:00,2.002,0.4042376573156688,0,-0.11,-0.22,-0.11
2014-02-26 08:15:00,1.736,0.32269222771280154,0,-0.11,-0.22,-0.11
2014-02-26 08:20:00,1.76,0.29607599894221465,0,-0.11,-0.22,-0.11
2014-02-26 08:25:00,1.7380000000000002,0.31999768667380923,0,-0.11,-0.22,-0.11
2014-02-26 08:30:00,1.766,0.2893239227085479,0,-0.11,-0.22,-0.11
2014-02-26 08:35:00,1.766,0.289025624584774,0,-0.11,-0.22,-0.11
2014-02-26 08:40:00,2.0,0.4015958035994336,0,-0.11,-0.22,-0.11
2014-02-26 08:45:00,1.766,0.2893289445615351,0,-0.11,-0.22,-0.11
2014-02-26 08:50:00,1.86,0.2470023484183099,0,-0.11,-0.22,-0.11
2014-02-26 08:55:00,1.74,0.3183689064041844,0,-0.11,-0.22,-0.11
2014-02-26 09:00:00,1.86,0.24707398347273124,0,-0.11,-0.22,-0.11
2014-02-26 09:05:00,1.704,0.3600666780330305,0,-0.11,-0.22,-0.11
2014-02-26 09:10:00,1.96,0.3553810754351029,0,-0.11,-0.22,-0.11
2014-02-26 09:15:00,1.7719999999999998,0.2828229991843965,0,-0.11,-0.22,-0.11
2014-02-26 09:20:00,1.734,0.325446521814324,0,-0.11,-0.22,-0.11
2014-02-26 09:25:00,1.794,0.2600812139589697,0,-0.11,-0.22,-0.11
2014-02-26 09:30:00,1.8,0.25367650457261925,0,-0.11,-0.22,-0.11
2014-02-26 09:35:00,1.74,0.31820255032907385,0,-0.11,-0.22,-0.11
2014-02-26 09:40:00,1.996,0.4033733618349253,0,-0.11,-0.22,-0.11
2014-02-26 09:45:00,1.892,0.281212360962437,0,-0.11,-0.22,-0.11
2014-02-26 09:50:00,1.672,0.3996133110288412,0,-0.11,-0.22,-0.11
2014-02-26 09:55:00,1.798,0.2551246803304949,0,-0.11,-0.22,-0.11
2014-02-26 10:00:00,1.864,0.25277460768229315,0,-0.11,-0.22,-0.11
2014-02-26 10:05:00,1.766,0.2883563064409068,0,-0.11,-0.22,-0.11
2014-02-26 10:10:00,2.0,0.4075654791676537,0,-0.11,-0.22,-0.11
2014-02-26 10:15:00,1.8,0.2529990223873693,0,-0.11,-0.22,-0.11
2014-02-26 10:20:00,1.828,0.22649019374051285,0,-0.11,-0.22,-0.11
2014-02-26 10:25:00,1.8019999999999998,0.2512574910031602,0,-0.11,-0.22,-0.11
2014-02-26 10:30:00,1.8659999999999999,0.2546872501228105,0,-0.11,-0.22,-0.11
2014-02-26 10:35:00,1.8,0.2535842726312453,0,-0.11,-0.22,-0.11
2014-02-26 10:40:00,2.068,0.4951330840548608,0,-0.11,-0.22,-0.11
2014-02-26 10:45:00,1.702,0.3611732102394218,0,-0.11,-0.22,-0.11
2014-02-26 10:50:00,1.892,0.28056523894174273,0,-0.11,-0.22,-0.11
2014-02-26 10:55:00,1.7380000000000002,0.31928923565026585,0,-0.11,-0.22,-0.11
2014-02-26 11:00:00,1.8659999999999999,0.2539362281541453,0,-0.11,-0.22,-0.11
2014-02-26 11:05:00,1.8319999999999999,0.22365837165284816,0,-0.11,-0.22,-0.11
2014-02-26 11:10:00,1.9980000000000002,0.40243284916917854,0,-0.11,-0.22,-0.11
2014-02-26 11:15:00,1.8,0.253872031524575,0,-0.11,-0.22,-0.11
2014-02-26 11:20:00,1.798,0.25574211369780875,0,-0.11,-0.22,-0.11
2014-02-26 11:25:00,1.8,0.2540137093689029,0,-0.11,-0.22,-0.11
2014-02-26 11:30:00,1.8659999999999999,0.25315227349284464,0,-0.11,-0.22,-0.11
2014-02-26 11:35:00,1.7919999999999998,0.26229173274982953,0,-0.11,-0.22,-0.11
2014-02-26 11:40:00,1.976,0.37428005450557655,0,-0.11,-0.22,-0.11
2014-02-26 11:45:00,1.8,0.25443668141957665,0,-0.11,-0.22,-0.11
2014-02-26 11:50:00,1.76,0.2959111408903282,0,-0.11,-0.22,-0.11
2014-02-26 11:55:00,1.8,0.2545522222508996,0,-0.11,-0.22,-0.11
2014-02-26 12:00:00,1.7719999999999998,0.28310332151830275,0,-0.11,-0.22,-0.11
2014-02-26 12:05:00,1.798,0.25641685277761234,0,-0.11,-0.22,-0.11
2014-02-26 12:10:00,1.9340000000000002,0.32508433806831555,0,-0.11,-0.22,-0.11
2014-02-26 12:15:00,1.798,0.2564145938441437,0,-0.11,-0.22,-0.11
2014-02-26 12:20:00,1.8,0.25455642819628943,0,-0.11,-0.22,-0.11
2014-02-26 12:25:00,1.858,0.2456685088378853,0,-0.11,-0.22,-0.11
2014-02-26 12:30:00,1.732,0.32850080876654525,0,-0.11,-0.22,-0.11
2014-02-26 12:35:00,1.7719999999999998,0.28352145676161,0,-0.11,-0.22,-0.11
2014-02-26 12:40:00,1.9340000000000002,0.3262110083982949,0,-0.11,-0.22,-0.11
2014-02-26 12:45:00,1.7619999999999998,0.2945205689339152,0,-0.11,-0.22,-0.11
2014-02-26 12:50:00,1.8,0.2547708661631561,0,-0.11,-0.22,-0.11
2014-02-26 12:55:00,1.672,0.40114702016562415,0,-0.11,-0.22,-0.11
2014-02-26 13:00:00,1.8259999999999998,0.2292943892853833,0,-0.11,-0.22,-0.11
2014-02-26 13:05:00,1.7380000000000002,0.3203738222909605,0,-0.11,-0.22,-0.11
2014-02-26 13:10:00,1.9340000000000002,0.3268275937621463,0,-0.11,-0.22,-0.11
2014-02-26 13:15:00,1.8,0.2539291899089211,0,-0.11,-0.22,-0.11
2014-02-26 13:20:00,1.734,0.3253528340699762,0,-0.11,-0.22,-0.11
2014-02-26 13:25:00,1.766,0.28905533197287114,0,-0.11,-0.22,-0.11
2014-02-26 13:30:00,1.766,0.28888860142352424,0,-0.11,-0.22,-0.11
2014-02-26 13:35:00,1.858,0.24697505101037398,0,-0.11,-0.22,-0.11
2014-02-26 13:40:00,1.9,0.2898876058076145,0,-0.11,-0.22,-0.11
2014-02-26 13:45:00,1.7380000000000002,0.3199422473969081,0,-0.11,-0.22,-0.11
2014-02-26 13:50:00,1.734,0.3238954702008185,0,-0.11,-0.22,-0.11
2014-02-26 13:55:00,1.8,0.2530881356056471,0,-0.11,-0.22,-0.11
2014-02-26 14:00:00,1.8259999999999998,0.22820120460539425,0,-0.11,-0.22,-0.11
2014-02-26 14:05:00,1.806,0.2470754492443477,0,-0.11,-0.22,-0.11
2014-02-26 14:10:00,1.96,0.3595105946536145,0,-0.11,-0.22,-0.11
2014-02-26 14:15:00,1.7719999999999998,0.2816273000943142,0,-0.11,-0.22,-0.11
2014-02-26 14:20:00,1.8319999999999999,0.22309964887375835,0,-0.11,-0.22,-0.11
2014-02-26 14:25:00,1.766,0.2878766148601013,0,-0.11,-0.22,-0.11
2014-02-26 14:30:00,1.8940000000000001,0.2844894969603172,0,-0.11,-0.22,-0.11
2014-02-26 14:35:00,1.7380000000000002,0.31862657530076705,0,-0.11,-0.22,-0.11
2014-02-26 14:40:00,1.9980000000000002,0.4064688416810127,0,-0.11,-0.22,-0.11
2014-02-26 14:45:00,1.76,0.2941987714605527,0,-0.11,-0.22,-0.11
2014-02-26 14:50:00,1.804,0.24866016321351425,0,-0.11,-0.22,-0.11
2014-02-26 14:55:00,1.8259999999999998,0.22790706743127284,0,-0.11,-0.22,-0.11
2014-02-26 15:00:00,1.8,0.25296221881620634,0,-0.11,-0.22,-0.11
2014-02-26 15:05:00,1.806,0.2468555261643719,0,-0.11,-0.22,-0.11
2014-02-26 15:10:00,1.9980000000000002,0.40663407535729706,0,-0.11,-0.22,-0.11
2014-02-26 15:15:00,1.83,0.2241412578473064,0,-0.11,-0.22,-0.11
2014-02-26 15:20:00,1.8,0.25326595803309104,0,-0.11,-0.22,-0.11
2014-02-26 15:25:00,1.798,0.2554003588930239,0,-0.11,-0.22,-0.11
2014-02-26 15:30:00,1.8659999999999999,0.2552594947250572,0,-0.11,-0.22,-0.11
2014-02-26 15:35:00,1.766,0.2887925718079311,0,-0.11,-0.22,-0.11
2014-02-26 15:40:00,2.066,0.4959893290489243,0,-0.11,-0.22,-0.11
2014-02-26 15:45:00,1.766,0.2888286756058975,0,-0.11,-0.22,-0.11
2014-02-26 15:50:00,1.8940000000000001,0.2835224806472613,0,-0.11,-0.22,-0.11
2014-02-26 15:55:00,1.74,0.3177429734317185,0,-0.11,-0.22,-0.11
2014-02-26 16:00:00,1.992,0.3974387585677574,0,-0.11,-0.22,-0.11
2014-02-26 16:05:00,1.798,0.2559468583216978,0,-0.11,-0.22,-0.11
2014-02-26 16:10:00,1.9080000000000001,0.2973296809877041,0,-0.11,-0.22,-0.11
2014-02-26 16:15:00,1.766,0.28914800554939085,0,-0.11,-0.22,-0.11
2014-02-26 16:20:00,1.798,0.2557825054029463,0,-0.11,-0.22,-0.11
2014-02-26 16:25:00,1.764,0.29100797407176165,0,-0.11,-0.22,-0.11
2014-02-26 16:30:00,1.834,0.2240999613345431,0,-0.11,-0.22,-0.11
2014-02-26 16:35:00,1.766,0.2886039076969721,0,-0.11,-0.22,-0.11
2014-02-26 16:40:00,1.96,0.3586377638397311,0,-0.11,-0.22,-0.11
2014-02-26 16:45:00,1.806,0.2474067814832548,0,-0.11,-0.22,-0.11
2014-02-26 16:50:00,1.798,0.2554992009149101,0,-0.11,-0.22,-0.11
2014-02-26 16:55:00,1.8,0.2533796312010144,0,-0.11,-0.22,-0.11
2014-02-26 17:00:00,1.8259999999999998,0.2282438472001371,0,-0.11,-0.22,-0.11
2014-02-26 17:05:00,1.77,0.28426314301055394,0,-0.11,-0.22,-0.11
2014-02-26 17:10:00,1.966,0.3672598913835684,0,-0.11,-0.22,-0.11
2014-02-26 17:15:00,1.8,0.2530262646029274,0,-0.11,-0.22,-0.11
2014-02-26 17:20:00,1.766,0.2884812036895075,0,-0.11,-0.22,-0.11
2014-02-26 17:25:00,1.798,0.25478228251540697,0,-0.11,-0.22,-0.11
2014-02-26 17:30:00,1.766,0.2883432506522909,0,-0.11,-0.22,-0.11
2014-02-26 17:35:00,1.892,0.2830127996179945,0,-0.11,-0.22,-0.11
2014-02-26 17:40:00,1.8719999999999999,0.2616526462008116,0,-0.11,-0.22,-0.11
2014-02-26 17:45:00,1.83,0.22393973005041126,0,-0.11,-0.22,-0.11
2014-02-26 17:50:00,1.794,0.25924541967543696,0,-0.11,-0.22,-0.11
2014-02-26 17:55:00,1.7719999999999998,0.2821648200975516,0,-0.11,-0.22,-0.11
2014-02-26 18:00:00,1.8259999999999998,0.22794387342532002,0,-0.11,-0.22,-0.11
2014-02-26 18:05:00,1.83,0.22420184550716413,0,-0.11,-0.22,-0.11
2014-02-26 18:10:00,1.9040000000000001,0.2962986067827467,0,-0.11,-0.22,-0.11
2014-02-26 18:15:00,1.8319999999999999,0.2234680958996749,0,-0.11,-0.22,-0.11
2014-02-26 18:20:00,1.766,0.289061799907988,0,-0.11,-0.22,-0.11
2014-02-26 18:25:00,1.796,0.2570211770626544,0,-0.11,-0.22,-0.11
2014-02-26 18:30:00,1.8,0.2528414252230283,0,-0.11,-0.22,-0.11
2014-02-26 18:35:00,1.8259999999999998,0.22764810204379465,0,-0.11,-0.22,-0.11
2014-02-26 18:40:00,1.906,0.2996091344873471,0,-0.11,-0.22,-0.11
2014-02-26 18:45:00,1.794,0.25904958469551603,0,-0.11,-0.22,-0.11
2014-02-26 18:50:00,1.7719999999999998,0.28277191747768954,0,-0.11,-0.22,-0.11
2014-02-26 18:55:00,1.766,0.2891472760088453,0,-0.11,-0.22,-0.11
2014-02-26 19:00:00,1.8659999999999999,0.2573484944537197,0,-0.11,-0.22,-0.11
2014-02-26 19:05:00,1.794,0.2592751447691922,0,-0.11,-0.22,-0.11
2014-02-26 19:10:00,1.972,0.3801283193479497,0,-0.11,-0.22,-0.11
2014-02-26 19:15:00,1.766,0.2895130453423651,0,-0.11,-0.22,-0.11
2014-02-26 19:20:00,1.8,0.2533196066001559,0,-0.11,-0.22,-0.11
2014-02-26 19:25:00,1.8319999999999999,0.2231306031678405,0,-0.11,-0.22,-0.11
2014-02-26 19:30:00,1.864,0.25464477989035,0,-0.11,-0.22,-0.11
2014-02-26 19:35:00,1.764,0.29241871940934594,0,-0.11,-0.22,-0.11
2014-02-26 19:40:00,2.088,0.5337949542806878,0,-0.11,-0.22,-0.11
2014-02-26 19:45:00,1.77,0.2853067172854854,0,-0.11,-0.22,-0.11
2014-02-26 19:50:00,1.834,0.22450639726963145,0,-0.11,-0.22,-0.11
2014-02-26 19:55:00,1.76,0.2966381609244461,0,-0.11,-0.22,-0.11
2014-02-26 20:00:00,1.9040000000000001,0.2961798224328765,0,-0.11,-0.22,-0.11
2014-02-26 20:05:00,1.824,0.2307754545068813,0,-0.11,-0.22,-0.11
2014-02-26 20:10:00,1.9980000000000002,0.4096574788635968,0,-0.11,-0.22,-0.11
2014-02-26 20:15:00,1.7719999999999998,0.2837277761802937,0,-0.11,-0.22,-0.11
2014-02-26 20:20:00,1.8659999999999999,0.25546303139673865,0,-0.11,-0.22,-0.11
2014-02-26 20:25:00,1.766,0.2905530060236126,0,-0.11,-0.22,-0.11
2014-02-26 20:30:00,1.868,0.257187591807709,0,-0.11,-0.22,-0.11
2014-02-26 20:35:00,1.7619999999999998,0.295041991779299,0,-0.11,-0.22,-0.11
2014-02-26 20:40:00,2.066,0.4995893908847029,0,-0.11,-0.22,-0.11
2014-02-26 20:45:00,1.636,0.4507929323966461,0,-0.11,-0.22,-0.11
2014-02-26 20:50:00,1.8,0.25394361043559194,0,-0.11,-0.22,-0.11
2014-02-26 20:55:00,1.756,0.30063728693674746,0,-0.11,-0.22,-0.11
2014-02-26 21:00:00,1.84,0.2296921202336276,0,-0.11,-0.22,-0.11
2014-02-26 21:05:00,1.794,0.2599352052651825,0,-0.11,-0.22,-0.11
2014-02-26 21:10:00,1.9380000000000002,0.3339977357289129,0,-0.11,-0.22,-0.11
2014-02-26 21:15:00,1.798,0.2558835602028553,0,-0.11,-0.22,-0.11
2014-02-26 21:20:00,1.766,0.2895154819968071,0,-0.11,-0.22,-0.11
2014-02-26 21:25:00,1.824,0.2300109335854975,0,-0.11,-0.22,-0.11
2014-02-26 21:30:00,1.84,0.2300420834103866,0,-0.11,-0.22,-0.11
2014-02-26 21:35:00,1.8319999999999999,0.2227555074993864,0,-0.11,-0.22,-0.11
2014-02-26 21:40:00,1.9280000000000002,0.3232039481518945,0,-0.11,-0.22,-0.11
2014-02-26 21:45:00,1.828,0.2265400172746099,0,-0.11,-0.22,-0.11
2014-02-26 21:50:00,1.766,0.289905880242425,0,-0.11,-0.22,-0.11
2014-02-26 21:55:00,1.798,0.2558986503920799,0,-0.11,-0.22,-0.11
2014-02-26 22:00:00,1.9240000000000002,0.3184996122548328,0,-0.11,-0.22,-0.11
2014-02-26 22:05:00,1.7380000000000002,0.3217041419134205,0,-0.11,-0.22,-0.11
2014-02-26 22:10:00,1.966,0.3686103002575464,0,-0.11,-0.22,-0.11
2014-02-26 22:15:00,1.8259999999999998,0.22862364837017946,0,-0.11,-0.22,-0.11
2014-02-26 22:20:00,1.774,0.2814933765167202,0,-0.11,-0.22,-0.11
2014-02-26 22:25:00,1.8,0.2537946152465138,0,-0.11,-0.22,-0.11
2014-02-26 22:30:00,1.798,0.2564324175408829,0,-0.11,-0.22,-0.11
2014-02-26 22:35:00,1.8319999999999999,0.22280584616202925,0,-0.11,-0.22,-0.11
2014-02-26 22:40:00,1.966,0.3707104163645089,0,-0.11,-0.22,-0.11
2014-02-26 22:45:00,1.8940000000000001,0.2853943828821279,0,-0.11,-0.22,-0.11
2014-02-26 22:50:00,1.706,0.3623467240606069,0,-0.11,-0.22,-0.11
2014-02-26 22:55:00,1.794,0.26053675517789904,0,-0.11,-0.22,-0.11
2014-02-26 23:00:00,1.806,0.24840050324767665,0,-0.11,-0.22,-0.11
2014-02-26 23:05:00,1.892,0.2830158487492082,0,-0.11,-0.22,-0.11
2014-02-26 23:10:00,1.942,0.3402277222308759,0,-0.11,-0.22,-0.11
2014-02-26 23:15:00,1.7619999999999998,0.2955509312976161,0,-0.11,-0.22,-0.11
2014-02-26 23:20:00,1.766,0.2907026893763174,0,-0.11,-0.22,-0.11
2014-02-26 23:25:00,1.858,0.2480851604795499,0,-0.11,-0.22,-0.11
2014-02-26 23:30:00,1.706,0.3617863905368008,0,-0.11,-0.22,-0.11
2014-02-26 23:35:00,1.766,0.2906379882969208,0,-0.11,-0.22,-0.11
2014-02-26 23:40:00,1.994,0.4075918975114791,0,-0.11,-0.22,-0.11
2014-02-26 23:45:00,1.706,0.3614053355607527,0,-0.11,-0.22,-0.11
2014-02-26 23:50:00,1.798,0.2556532229057064,0,-0.11,-0.22,-0.11
2014-02-26 23:55:00,1.794,0.25976380833186163,0,-0.11,-0.22,-0.11
2014-02-27 00:00:00,1.838,0.22847509282340475,0,-0.11,-0.22,-0.11
2014-02-27 00:05:00,1.8259999999999998,0.2280608248549402,0,-0.11,-0.22,-0.11
2014-02-27 00:10:00,1.974,0.3815973323416316,0,-0.11,-0.22,-0.11
2014-02-27 00:15:00,1.73,0.33221521561718176,0,-0.11,-0.22,-0.11
2014-02-27 00:20:00,1.8,0.25355104362940056,0,-0.11,-0.22,-0.11
2014-02-27 00:25:00,1.794,0.26001678358235003,0,-0.11,-0.22,-0.11
2014-02-27 00:30:00,1.874,0.2648996366274369,0,-0.11,-0.22,-0.11
2014-02-27 00:35:00,1.766,0.2906541735624953,0,-0.11,-0.22,-0.11
2014-02-27 00:40:00,2.06,0.4964253918771658,0,-0.11,-0.22,-0.11
2014-02-27 00:45:00,1.7719999999999998,0.2836035451080493,0,-0.11,-0.22,-0.11
2014-02-27 00:50:00,1.864,0.25403846832253224,0,-0.11,-0.22,-0.11
2014-02-27 00:55:00,1.73,0.33157479076290197,0,-0.11,-0.22,-0.11
2014-02-27 01:00:00,1.8980000000000001,0.2902924892634541,0,-0.11,-0.22,-0.11
2014-02-27 01:05:00,1.766,0.2902084158084345,0,-0.11,-0.22,-0.11
2014-02-27 01:10:00,2.028,0.4511860148768291,0,-0.11,-0.22,-0.11
2014-02-27 01:15:00,1.798,0.2557049686860987,0,-0.11,-0.22,-0.11
2014-02-27 01:20:00,1.706,0.3610525420453989,0,-0.11,-0.22,-0.11
2014-02-27 01:25:00,1.76,0.29617839118988865,0,-0.11,-0.22,-0.11
2014-02-27 01:30:00,1.806,0.2471917924903959,0,-0.11,-0.22,-0.11
2014-02-27 01:35:00,1.764,0.2912493273999417,0,-0.11,-0.22,-0.11
2014-02-27 01:40:00,2.0,0.4155097121074718,0,-0.11,-0.22,-0.11
2014-02-27 01:45:00,1.766,0.2894030260806565,0,-0.11,-0.22,-0.11
2014-02-27 01:50:00,1.8319999999999999,0.2235985043364379,0,-0.11,-0.22,-0.11
2014-02-27 01:55:00,1.798,0.2553346479796699,0,-0.11,-0.22,-0.11
2014-02-27 02:00:00,1.8659999999999999,0.2573043926314057,0,-0.11,-0.22,-0.11
2014-02-27 02:05:00,1.8319999999999999,0.2235922370807588,0,-0.11,-0.22,-0.11
2014-02-27 02:10:00,1.966,0.3735759136103114,0,-0.11,-0.22,-0.11
2014-02-27 02:15:00,1.834,0.2256216230553112,0,-0.11,-0.22,-0.11
2014-02-27 02:20:00,1.766,0.2901973132349362,0,-0.11,-0.22,-0.11
2014-02-27 02:25:00,1.86,0.2517323854049556,0,-0.11,-0.22,-0.11
2014-02-27 02:30:00,1.7719999999999998,0.2837929714328063,0,-0.11,-0.22,-0.11
2014-02-27 02:35:00,1.8259999999999998,0.2273129482940965,0,-0.11,-0.22,-0.11
2014-02-27 02:40:00,1.942,0.34552835915679,0,-0.11,-0.22,-0.11
2014-02-27 02:45:00,1.8259999999999998,0.22681455884505705,0,-0.11,-0.22,-0.11
2014-02-27 02:50:00,1.768,0.2877400529642661,0,-0.11,-0.22,-0.11
2014-02-27 02:55:00,1.84,0.23203764190922946,0,-0.11,-0.22,-0.11
2014-02-27 03:00:00,1.86,0.2521630973881888,0,-0.11,-0.22,-0.11
2014-02-27 03:05:00,1.7719999999999998,0.2835431905059725,0,-0.11,-0.22,-0.11
2014-02-27 03:10:00,2.0,0.42221762898234144,0,-0.11,-0.22,-0.11
2014-02-27 03:15:00,2.4659999999999997,0.9055630333084448,0,-0.11,-0.22,-0.11
2014-02-27 03:20:00,1.766,0.2875304228545848,0,-0.11,-0.22,-0.11
2014-02-27 03:25:00,1.8,0.2528508002692625,0,-0.11,-0.22,-0.11
2014-02-27 03:30:00,1.834,0.2239974649274404,0,-0.11,-0.22,-0.11
2014-02-27 03:35:00,1.8259999999999998,0.22855927120896355,0,-0.11,-0.22,-0.11
2014-02-27 03:40:00,1.976,0.3739002961999278,0,-0.11,-0.22,-0.11
2014-02-27 03:45:00,1.834,0.2239083872911515,0,-0.11,-0.22,-0.11
2014-02-27 03:50:00,1.7619999999999998,0.2916575759215678,0,-0.11,-0.22,-0.11
2014-02-27 03:55:00,1.8319999999999999,0.2230993587515243,0,-0.11,-0.22,-0.11
2014-02-27 04:00:00,1.834,0.2238114478447712,0,-0.11,-0.22,-0.11
2014-02-27 04:05:00,1.8659999999999999,0.25373416897058104,0,-0.11,-0.22,-0.11
2014-02-27 04:10:00,2.0,0.4043637243007936,0,-0.11,-0.22,-0.11
2014-02-27 04:15:00,1.8319999999999999,0.22388808932044746,0,-0.11,-0.22,-0.11
2014-02-27 04:20:00,1.83,0.22416159963190216,0,-0.11,-0.22,-0.11
2014-02-27 04:25:00,1.798,0.25603363115897165,0,-0.11,-0.22,-0.11
2014-02-27 04:30:00,1.8659999999999999,0.2568704729843808,0,-0.11,-0.22,-0.11
2014-02-27 04:35:00,1.794,0.26030058298141123,0,-0.11,-0.22,-0.11
2014-02-27 04:40:00,2.04,0.4710482435215209,0,-0.11,-0.22,-0.11
2014-02-27 04:45:00,1.834,0.22459398494293048,0,-0.11,-0.22,-0.11
2014-02-27 04:50:00,1.8940000000000001,0.2860631182418336,0,-0.11,-0.22,-0.11
2014-02-27 04:55:00,1.672,0.40611428789105297,0,-0.11,-0.22,-0.11
2014-02-27 05:00:00,1.9,0.2923873489443994,0,-0.11,-0.22,-0.11
2014-02-27 05:05:00,1.766,0.2907652340524451,0,-0.11,-0.22,-0.11
2014-02-27 05:10:00,2.0340000000000003,0.45916184892323797,0,-0.11,-0.22,-0.11
2014-02-27 05:15:00,1.824,0.23075446702760075,0,-0.11,-0.22,-0.11
2014-02-27 05:20:00,1.87,0.25937757824345953,0,-0.11,-0.22,-0.11
2014-02-27 05:25:00,1.8319999999999999,0.22373215078687408,0,-0.11,-0.22,-0.11
2014-02-27 05:30:00,1.83,0.2257321584271731,0,-0.11,-0.22,-0.11
2014-02-27 05:35:00,1.766,0.2915712336740972,0,-0.11,-0.22,-0.11
2014-02-27 05:40:00,1.9980000000000002,0.41001396785397975,0,-0.11,-0.22,-0.11
2014-02-27 05:45:00,1.73,0.3329683036733657,0,-0.11,-0.22,-0.11
2014-02-27 05:50:00,1.764,0.2930978490907178,0,-0.11,-0.22,-0.11
2014-02-27 05:55:00,1.732,0.3297107060629971,0,-0.11,-0.22,-0.11
2014-02-27 06:00:00,1.8940000000000001,0.2847170377389881,0,-0.11,-0.22,-0.11
2014-02-27 06:05:00,1.64,0.4457161745812429,0,-0.11,-0.22,-0.11
2014-02-27 06:10:00,1.966,0.3685794685260223,0,-0.11,-0.22,-0.11
2014-02-27 06:15:00,1.76,0.2961518004794992,0,-0.11,-0.22,-0.11
2014-02-27 06:20:00,1.8,0.2536217101121421,0,-0.11,-0.22,-0.11
2014-02-27 06:25:00,1.7380000000000002,0.3210371850091174,0,-0.11,-0.22,-0.11
2014-02-27 06:30:00,1.8,0.2532729598995573,0,-0.11,-0.22,-0.11
2014-02-27 06:35:00,1.6980000000000002,0.3684437107873298,0,-0.11,-0.22,-0.11
2014-02-27 06:40:00,1.966,0.3699763035493603,0,-0.11,-0.22,-0.11
2014-02-27 06:45:00,1.732,0.3266365961012601,0,-0.11,-0.22,-0.11
2014-02-27 06:50:00,1.76,0.29438018453692066,0,-0.11,-0.22,-0.11
2014-02-27 06:55:00,1.806,0.2459461961765139,0,-0.11,-0.22,-0.11
2014-02-27 07:00:00,1.766,0.2877402042699815,0,-0.11,-0.22,-0.11
2014-02-27 07:05:00,1.8259999999999998,0.22660058968925034,0,-0.11,-0.22,-0.11
2014-02-27 07:10:00,2.006,0.42164639621160577,0,-0.11,-0.22,-0.11
2014-02-27 07:15:00,1.9,0.2934712640569081,0,-0.11,-0.22,-0.11
2014-02-27 07:20:00,1.8619999999999999,0.2528455013478376,0,-0.11,-0.22,-0.11
2014-02-27 07:25:00,1.7919999999999998,0.2605874584861833,0,-0.11,-0.22,-0.11
2014-02-27 07:30:00,1.806,0.2465695176602308,0,-0.11,-0.22,-0.11
2014-02-27 07:35:00,1.83,0.22339010628028136,0,-0.11,-0.22,-0.11
2014-02-27 07:40:00,2.03,0.4531686349177888,0,-0.11,-0.22,-0.11
2014-02-27 07:45:00,1.8259999999999998,0.2273083006625612,0,-0.11,-0.22,-0.11
2014-02-27 07:50:00,1.7719999999999998,0.2816595587519704,0,-0.11,-0.22,-0.11
2014-02-27 07:55:00,1.8319999999999999,0.2236533647435652,0,-0.11,-0.22,-0.11
2014-02-27 08:00:00,1.834,0.2252860790532269,0,-0.11,-0.22,-0.11
2014-02-27 08:05:00,1.8319999999999999,0.22354975446420106,0,-0.11,-0.22,-0.11
2014-02-27 08:10:00,1.964,0.3676174702155919,0,-0.11,-0.22,-0.11
2014-02-27 08:15:00,1.834,0.2259884866193811,0,-0.11,-0.22,-0.11
2014-02-27 08:20:00,1.766,0.2897307733137639,0,-0.11,-0.22,-0.11
2014-02-27 08:25:00,1.8259999999999998,0.2273415851561933,0,-0.11,-0.22,-0.11
2014-02-27 08:30:00,1.806,0.2473226451595832,0,-0.11,-0.22,-0.11
2014-02-27 08:35:00,1.8,0.2536311330127585,0,-0.11,-0.22,-0.11
2014-02-27 08:40:00,2.028,0.4567951751850012,0,-0.11,-0.22,-0.11
2014-02-27 08:45:00,1.8259999999999998,0.2279348431939905,0,-0.11,-0.22,-0.11
2014-02-27 08:50:00,1.7719999999999998,0.2838872806172438,0,-0.11,-0.22,-0.11
2014-02-27 08:55:00,1.89,0.28228560853743834,0,-0.11,-0.22,-0.11
2014-02-27 09:00:00,1.806,0.2481605243262823,0,-0.11,-0.22,-0.11
2014-02-27 09:05:00,1.766,0.2909776396735979,0,-0.11,-0.22,-0.11
2014-02-27 09:10:00,2.0980000000000003,0.548705644597805,0,-0.11,-0.22,-0.11
2014-02-27 09:15:00,1.8,0.25428604968165786,0,-0.11,-0.22,-0.11
2014-02-27 09:20:00,1.828,0.2269523968106283,0,-0.11,-0.22,-0.11
2014-02-27 09:25:00,1.766,0.29124959494796065,0,-0.11,-0.22,-0.11
2014-02-27 09:30:00,1.8719999999999999,0.26149638645583817,0,-0.11,-0.22,-0.11
2014-02-27 09:35:00,1.766,0.29185780741597755,0,-0.11,-0.22,-0.11
2014-02-27 09:40:00,2.094,0.5402564323047894,0,-0.11,-0.22,-0.11
2014-02-27 09:45:00,1.706,0.3623136810263372,0,-0.11,-0.22,-0.11
2014-02-27 09:50:00,1.76,0.2979138781692301,0,-0.11,-0.22,-0.11
2014-02-27 09:55:00,1.7719999999999998,0.2842213337415467,0,-0.11,-0.22,-0.11
2014-02-27 10:00:00,1.864,0.2526868745746449,0,-0.11,-0.22,-0.11
2014-02-27 10:05:00,1.766,0.29099935362124546,0,-0.11,-0.22,-0.11
2014-02-27 10:10:00,2.0340000000000003,0.4570562438880454,0,-0.11,-0.22,-0.11
2014-02-27 10:15:00,1.732,0.33021917423112024,0,-0.11,-0.22,-0.11
2014-02-27 10:20:00,1.766,0.29108994227702906,0,-0.11,-0.22,-0.11
2014-02-27 10:25:00,1.734,0.3278012817187353,0,-0.11,-0.22,-0.11
2014-02-27 10:30:00,1.8940000000000001,0.28369063375099274,0,-0.11,-0.22,-0.11
2014-02-27 10:35:00,1.672,0.4042027488940538,0,-0.11,-0.22,-0.11
2014-02-27 10:40:00,1.962,0.3620597025710801,0,-0.11,-0.22,-0.11
2014-02-27 10:45:00,1.734,0.3271291739141651,0,-0.11,-0.22,-0.11
2014-02-27 10:50:00,1.74,0.3193963706745845,0,-0.11,-0.22,-0.11
2014-02-27 10:55:00,1.766,0.2905988394189066,0,-0.11,-0.22,-0.11
2014-02-27 11:00:00,1.8259999999999998,0.2291228445167307,0,-0.11,-0.22,-0.11
2014-02-27 11:05:00,1.706,0.3603556191781986,0,-0.11,-0.22,-0.11
2014-02-27 11:10:00,1.966,0.3682460191919196,0,-0.11,-0.22,-0.11
2014-02-27 11:15:00,1.76,0.2965781524414965,0,-0.11,-0.22,-0.11
2014-02-27 11:20:00,1.7719999999999998,0.2832072790607884,0,-0.11,-0.22,-0.11
2014-02-27 11:25:00,1.7919999999999998,0.261860196099924,0,-0.11,-0.22,-0.11
2014-02-27 11:30:00,1.7719999999999998,0.282916405914156,0,-0.11,-0.22,-0.11
2014-02-27 11:35:00,1.766,0.28906613203262005,0,-0.11,-0.22,-0.11
2014-02-27 11:40:00,1.896,0.2874426667262249,0,-0.11,-0.22,-0.11
2014-02-27 11:45:00,1.83,0.22371838042226866,0,-0.11,-0.22,-0.11
2014-02-27 11:50:00,1.732,0.3287780378947979,0,-0.11,-0.22,-0.11
2014-02-27 11:55:00,1.8,0.252896940682921,0,-0.11,-0.22,-0.11
2014-02-27 12:00:00,1.892,0.2845029666890933,0,-0.11,-0.22,-0.11
2014-02-27 12:05:00,1.706,0.3600775077859353,0,-0.11,-0.22,-0.11
2014-02-27 12:10:00,2.09,0.5354315247320318,0,-0.11,-0.22,-0.11
2014-02-27 12:15:00,1.804,0.24877381918474464,0,-0.11,-0.22,-0.11
2014-02-27 12:20:00,1.76,0.2951520219686262,0,-0.11,-0.22,-0.11
2014-02-27 12:25:00,1.806,0.24665661498071315,0,-0.11,-0.22,-0.11
2014-02-27 12:30:00,1.8319999999999999,0.2235559778471796,0,-0.11,-0.22,-0.11
2014-02-27 12:35:00,1.8319999999999999,0.2236610321251477,0,-0.11,-0.22,-0.11
2014-02-27 12:40:00,1.966,0.3703205923399727,0,-0.11,-0.22,-0.11
2014-02-27 12:45:00,1.8259999999999998,0.2274068426845877,0,-0.11,-0.22,-0.11
2014-02-27 12:50:00,1.7719999999999998,0.2820170535387277,0,-0.11,-0.22,-0.11
2014-02-27 12:55:00,1.794,0.2589244167444026,0,-0.11,-0.22,-0.11
2014-02-27 13:00:00,1.84,0.2309654628962201,0,-0.11,-0.22,-0.11
2014-02-27 13:05:00,1.834,0.22511863018854844,0,-0.11,-0.22,-0.11
2014-02-27 13:10:00,2.0,0.4133284326353867,0,-0.11,-0.22,-0.11
2014-02-27 13:15:00,1.8659999999999999,0.2558554481839129,0,-0.11,-0.22,-0.11
2014-02-27 13:20:00,1.7619999999999998,0.2936642303152609,0,-0.11,-0.22,-0.11
2014-02-27 13:25:00,1.8,0.2533739704215409,0,-0.11,-0.22,-0.11
2014-02-27 13:30:00,1.8319999999999999,0.2230317249368302,0,-0.11,-0.22,-0.11
2014-02-27 13:35:00,1.8,0.2535735375405864,0,-0.11,-0.22,-0.11
2014-02-27 13:40:00,2.06,0.4912613563928202,0,-0.11,-0.22,-0.11
2014-02-27 13:45:00,1.766,0.2893928083196152,0,-0.11,-0.22,-0.11
2014-02-27 13:50:00,1.84,0.2296432843343917,0,-0.11,-0.22,-0.11
2014-02-27 13:55:00,1.834,0.2239543252355792,0,-0.11,-0.22,-0.11
2014-02-27 14:00:00,1.9340000000000002,0.3287263869682629,0,-0.11,-0.22,-0.11
2014-02-27 14:05:00,1.8319999999999999,0.2241117993462209,0,-0.11,-0.22,-0.11
2014-02-27 14:10:00,2.032,0.4509846737586901,0,-0.11,-0.22,-0.11
2014-02-27 14:15:00,1.76,0.2977836825473648,0,-0.11,-0.22,-0.11
2014-02-27 14:20:00,1.806,0.24938729259938186,0,-0.11,-0.22,-0.11
2014-02-27 14:25:00,1.76,0.2979768690699796,0,-0.11,-0.22,-0.11
2014-02-27 14:30:00,1.804,0.25163597342550303,0,-0.11,-0.22,-0.11
2014-02-27 14:35:00,1.76,0.2981394697543019,0,-0.11,-0.22,-0.11
2014-02-27 14:40:00,2.042,0.4625415435533906,0,-0.11,-0.22,-0.11
2014-02-27 14:45:00,1.76,0.29763505032539483,0,-0.11,-0.22,-0.11
2014-02-27 14:50:00,1.9,0.28774810161791353,0,-0.11,-0.22,-0.11
2014-02-27 14:55:00,1.706,0.3611220104929586,0,-0.11,-0.22,-0.11
2014-02-27 15:00:00,1.892,0.27885029160437946,0,-0.11,-0.22,-0.11
2014-02-27 15:05:00,1.702,0.3653230834583929,0,-0.11,-0.22,-0.11
2014-02-27 15:10:00,2.0,0.4046565516443986,0,-0.11,-0.22,-0.11
2014-02-27 15:15:00,1.8319999999999999,0.2252870163064964,0,-0.11,-0.22,-0.11
2014-02-27 15:20:00,1.834,0.2236533177742205,0,-0.11,-0.22,-0.11
2014-02-27 15:25:00,1.8,0.255973977704022,0,-0.11,-0.22,-0.11
2014-02-27 15:30:00,1.798,0.25810439297597,0,-0.11,-0.22,-0.11
2014-02-27 15:35:00,1.766,0.29105981519131663,0,-0.11,-0.22,-0.11
2014-02-27 15:40:00,2.124,0.5650239313903271,0,-0.11,-0.22,-0.11
2014-02-27 15:45:00,1.64,0.4405853577922168,0,-0.11,-0.22,-0.11
2014-02-27 15:50:00,1.86,0.2457938933372571,0,-0.11,-0.22,-0.11
2014-02-27 15:55:00,1.706,0.3577128155642893,0,-0.11,-0.22,-0.11
2014-02-27 16:00:00,1.8319999999999999,0.2251555083649564,0,-0.11,-0.22,-0.11
2014-02-27 16:05:00,1.864,0.2496585725683789,0,-0.11,-0.22,-0.11
2014-02-27 16:10:00,1.966,0.35941712682253985,0,-0.11,-0.22,-0.11
2014-02-27 16:15:00,1.8,0.2553396816104239,0,-0.11,-0.22,-0.11
2014-02-27 16:20:00,1.734,0.32483501332145864,0,-0.11,-0.22,-0.11
2014-02-27 16:25:00,1.8,0.2549667555338033,0,-0.11,-0.22,-0.11
2014-02-27 16:30:00,1.766,0.2895101346258162,0,-0.11,-0.22,-0.11
2014-02-27 16:35:00,1.798,0.2565793326835947,0,-0.11,-0.22,-0.11
2014-02-27 16:40:00,1.922,0.3099215413899806,0,-0.11,-0.22,-0.11
2014-02-27 16:45:00,1.806,0.24870841029285665,0,-0.11,-0.22,-0.11
2014-02-27 16:50:00,1.766,0.2895380153134216,0,-0.11,-0.22,-0.11
2014-02-27 16:55:00,1.794,0.2602171847040221,0,-0.11,-0.22,-0.11
2014-02-27 17:00:00,1.806,0.24864725738914725,0,-0.11,-0.22,-0.11
2014-02-27 17:05:00,1.8,0.254036434113786,0,-0.11,-0.22,-0.11
2014-02-27 17:10:00,1.966,0.3638621180424509,0,-0.11,-0.22,-0.11
2014-02-27 17:15:00,1.89,0.2776912227819917,0,-0.11,-0.22,-0.11
2014-02-27 17:20:00,1.764,0.2916711096008749,0,-0.11,-0.22,-0.11
2014-02-27 17:25:00,1.834,0.22297591690411367,0,-0.11,-0.22,-0.11
2014-02-27 17:30:00,1.798,0.2566830796719929,0,-0.11,-0.22,-0.11
2014-02-27 17:35:00,1.834,0.22287408278651105,0,-0.11,-0.22,-0.11
2014-02-27 17:40:00,2.0,0.4044605486704552,0,-0.11,-0.22,-0.11
2014-02-27 17:45:00,1.8259999999999998,0.2301225281832467,0,-0.11,-0.22,-0.11
2014-02-27 17:50:00,1.7380000000000002,0.32070441950054485,0,-0.11,-0.22,-0.11
2014-02-27 17:55:00,1.83,0.2263396431766697,0,-0.11,-0.22,-0.11
2014-02-27 18:00:00,1.8319999999999999,0.22462033886304428,0,-0.11,-0.22,-0.11
2014-02-27 18:05:00,1.824,0.2319440426324349,0,-0.11,-0.22,-0.11
2014-02-27 18:10:00,1.936,0.3268222244570366,0,-0.11,-0.22,-0.11
2014-02-27 18:15:00,1.906,0.2937512992217837,0,-0.11,-0.22,-0.11
2014-02-27 18:20:00,1.8319999999999999,0.22503289230201304,0,-0.11,-0.22,-0.11
2014-02-27 18:25:00,1.766,0.2905820131962394,0,-0.11,-0.22,-0.11
2014-02-27 18:30:00,1.8980000000000001,0.2846798560154891,0,-0.11,-0.22,-0.11
2014-02-27 18:35:00,1.9,0.2863415326090765,0,-0.11,-0.22,-0.11
2014-02-27 18:40:00,1.994,0.3952219722257761,0,-0.11,-0.22,-0.11
2014-02-27 18:45:00,1.766,0.2910386482682925,0,-0.11,-0.22,-0.11
2014-02-27 18:50:00,1.8,0.2559045809303109,0,-0.11,-0.22,-0.11
2014-02-27 18:55:00,1.824,0.23304131564351785,0,-0.11,-0.22,-0.11
2014-02-27 19:00:00,1.806,0.2502578039877007,0,-0.11,-0.22,-0.11
2014-02-27 19:05:00,1.726,0.33533829036257146,0,-0.11,-0.22,-0.11
2014-02-27 19:10:00,2.008,0.4113238043629941,0,-0.11,-0.22,-0.11
2014-02-27 19:15:00,1.766,0.2904466875155365,0,-0.11,-0.22,-0.11
2014-02-27 19:20:00,1.8,0.25557935077684324,0,-0.11,-0.22,-0.11
2014-02-27 19:25:00,1.76,0.2967045063899271,0,-0.11,-0.22,-0.11
2014-02-27 19:30:00,1.8659999999999999,0.2511831659567696,0,-0.11,-0.22,-0.11
2014-02-27 19:35:00,1.806,0.2499709641031784,0,-0.11,-0.22,-0.11
2014-02-27 19:40:00,2.06,0.4755135544978398,0,-0.11,-0.22,-0.11
2014-02-27 19:45:00,1.704,0.3592481166823245,0,-0.11,-0.22,-0.11
2014-02-27 19:50:00,1.8,0.2555583164711029,0,-0.11,-0.22,-0.11
2014-02-27 19:55:00,1.766,0.2898771518089951,0,-0.11,-0.22,-0.11
2014-02-27 20:00:00,1.86,0.2447682614090776,0,-0.11,-0.22,-0.11
2014-02-27 20:05:00,1.8319999999999999,0.2259694820819109,0,-0.11,-0.22,-0.11
2014-02-27 20:10:00,1.9080000000000001,0.2924750098386136,0,-0.11,-0.22,-0.11
2014-02-27 20:15:00,1.766,0.2899591111171833,0,-0.11,-0.22,-0.11
2014-02-27 20:20:00,1.8,0.25565335603539663,0,-0.11,-0.22,-0.11
2014-02-27 20:25:00,1.726,0.3336030907433853,0,-0.11,-0.22,-0.11
2014-02-27 20:30:00,1.94,0.32786795162048943,0,-0.11,-0.22,-0.11
2014-02-27 20:35:00,1.926,0.3119410527316437,0,-0.11,-0.22,-0.11
2014-02-27 20:40:00,1.868,0.2519851872914712,0,-0.11,-0.22,-0.11
2014-02-27 20:45:00,1.806,0.2497872528307405,0,-0.11,-0.22,-0.11
2014-02-27 20:50:00,1.8259999999999998,0.2311915911190483,0,-0.11,-0.22,-0.11
2014-02-27 20:55:00,1.706,0.3574556720123509,0,-0.11,-0.22,-0.11
2014-02-27 21:00:00,1.954,0.34475117326674,0,-0.11,-0.22,-0.11
2014-02-27 21:05:00,1.7719999999999998,0.2837227974896028,0,-0.11,-0.22,-0.11
2014-02-27 21:10:00,1.996,0.3943381814774381,0,-0.11,-0.22,-0.11
2014-02-27 21:15:00,1.8259999999999998,0.2309564171563624,0,-0.11,-0.22,-0.11
2014-02-27 21:20:00,1.7380000000000002,0.3203218058834375,0,-0.11,-0.22,-0.11
2014-02-27 21:25:00,1.8319999999999999,0.2253373712516548,0,-0.11,-0.22,-0.11
2014-02-27 21:30:00,1.798,0.2572964155840942,0,-0.11,-0.22,-0.11
2014-02-27 21:35:00,1.8,0.2551213484940825,0,-0.11,-0.22,-0.11
2014-02-27 21:40:00,1.9340000000000002,0.32200932020304057,0,-0.11,-0.22,-0.11
2014-02-27 21:45:00,1.83,0.2268694349083505,0,-0.11,-0.22,-0.11
2014-02-27 21:50:00,1.732,0.328636126330544,0,-0.11,-0.22,-0.11
2014-02-27 21:55:00,1.828,0.2290970792460248,0,-0.11,-0.22,-0.11
2014-02-27 22:00:00,1.806,0.2500935122282039,0,-0.11,-0.22,-0.11
2014-02-27 22:05:00,1.8319999999999999,0.2255777254885183,0,-0.11,-0.22,-0.11
2014-02-27 22:10:00,2.126,0.5638313455824864,0,-0.11,-0.22,-0.11
2014-02-27 22:15:00,1.774,0.28230300084565485,0,-0.11,-0.22,-0.11
2014-02-27 22:20:00,1.8,0.2560550672614646,0,-0.11,-0.22,-0.11
2014-02-27 22:25:00,1.8,0.2561875125476712,0,-0.11,-0.22,-0.11
2014-02-27 22:30:00,1.76,0.296989643822058,0,-0.11,-0.22,-0.11
2014-02-27 22:35:00,1.84,0.226587529606038,0,-0.11,-0.22,-0.11
2014-02-27 22:40:00,2.024,0.4286499002758655,0,-0.11,-0.22,-0.11
2014-02-27 22:45:00,1.74,0.3182744519709895,0,-0.11,-0.22,-0.11
2014-02-27 22:50:00,1.8,0.255644031515564,0,-0.11,-0.22,-0.11
2014-02-27 22:55:00,1.834,0.2242878137746182,0,-0.11,-0.22,-0.11
2014-02-27 23:00:00,1.834,0.2243943627162368,0,-0.11,-0.22,-0.11
2014-02-27 23:05:00,1.8259999999999998,0.23129233423472456,0,-0.11,-0.22,-0.11
2014-02-27 23:10:00,2.01,0.4103932044942503,0,-0.11,-0.22,-0.11
2014-02-27 23:15:00,1.732,0.32725451534576955,0,-0.11,-0.22,-0.11
2014-02-27 23:20:00,1.794,0.2615325231756646,0,-0.11,-0.22,-0.11
2014-02-27 23:25:00,1.7719999999999998,0.2837668734160355,0,-0.11,-0.22,-0.11
2014-02-27 23:30:00,1.8940000000000001,0.2780606829566196,0,-0.11,-0.22,-0.11
2014-02-27 23:35:00,1.704,0.358971168825696,0,-0.11,-0.22,-0.11
2014-02-27 23:40:00,1.992,0.3873138456137562,0,-0.11,-0.22,-0.11
2014-02-27 23:45:00,1.704,0.3579233348579657,0,-0.11,-0.22,-0.11
2014-02-27 23:50:00,1.8,0.2547970916523782,0,-0.11,-0.22,-0.11
2014-02-27 23:55:00,1.7619999999999998,0.29337784430232683,0,-0.11,-0.22,-0.11
2014-02-28 00:00:00,1.834,0.2238157409833844,0,-0.11,-0.22,-0.11
2014-02-28 00:05:00,1.834,0.2238978443075713,0,-0.11,-0.22,-0.11
2014-02-28 00:10:00,1.996,0.3924797301145816,0,-0.11,-0.22,-0.11
2014-02-28 00:15:00,1.732,0.32546848340554474,0,-0.11,-0.22,-0.11
2014-02-28 00:20:00,1.798,0.25687266810527365,0,-0.11,-0.22,-0.11
2014-02-28 00:25:00,1.794,0.2608657497799413,0,-0.11,-0.22,-0.11
2014-02-28 00:30:00,1.7719999999999998,0.2825809924598183,0,-0.11,-0.22,-0.11
2014-02-28 00:35:00,1.79,0.2648666913232583,0,-0.11,-0.22,-0.11
2014-02-28 00:40:00,1.9080000000000001,0.29249093168540674,0,-0.11,-0.22,-0.11
2014-02-28 00:45:00,1.7919999999999998,0.2628656294894583,0,-0.11,-0.22,-0.11
2014-02-28 00:50:00,1.8319999999999999,0.2257482521554972,0,-0.11,-0.22,-0.11
2014-02-28 00:55:00,1.704,0.35870980841654154,0,-0.11,-0.22,-0.11
2014-02-28 01:00:00,1.8559999999999999,0.24143813967163666,0,-0.11,-0.22,-0.11
2014-02-28 01:05:00,1.7719999999999998,0.2831525152533491,0,-0.11,-0.22,-0.11
2014-02-28 01:10:00,2.06,0.4724270284945326,0,-0.11,-0.22,-0.11
2014-02-28 01:15:00,1.7,0.3618604609429241,0,-0.11,-0.22,-0.11
2014-02-28 01:20:00,1.7719999999999998,0.2826909010700144,0,-0.11,-0.22,-0.11
2014-02-28 01:25:00,1.932,0.3179929486993209,0,-0.11,-0.22,-0.11
2014-02-28 01:30:00,1.8319999999999999,0.22593007065270165,0,-0.11,-0.22,-0.11
2014-02-28 01:35:00,1.8,0.25516372207952465,0,-0.11,-0.22,-0.11
2014-02-28 01:40:00,2.022,0.4224651217626165,0,-0.11,-0.22,-0.11
2014-02-28 01:45:00,1.806,0.2495510705226403,0,-0.11,-0.22,-0.11
2014-02-28 01:50:00,1.766,0.28935926092708664,0,-0.11,-0.22,-0.11
2014-02-28 01:55:00,1.794,0.2608434882126291,0,-0.11,-0.22,-0.11
2014-02-28 02:00:00,1.806,0.2495916301919009,0,-0.11,-0.22,-0.11
2014-02-28 02:05:00,1.8259999999999998,0.2308820194465149,0,-0.11,-0.22,-0.11
2014-02-28 02:10:00,2.13,0.5596762650397117,0,-0.11,-0.22,-0.11
2014-02-28 02:15:00,1.798,0.2572045652834927,0,-0.11,-0.22,-0.11
2014-02-28 02:20:00,1.806,0.24961387013837444,0,-0.11,-0.22,-0.11
2014-02-28 02:25:00,1.86,0.2441904305842253,0,-0.11,-0.22,-0.11
2014-02-28 02:30:00,1.7719999999999998,0.28380898153983786,0,-0.11,-0.22,-0.11
2014-02-28 02:35:00,1.8,0.2559261157389158,0,-0.11,-0.22,-0.11
2014-02-28 02:40:00,1.966,0.35484136427401475,0,-0.11,-0.22,-0.11
2014-02-28 02:45:00,1.9,0.28313589894172114,0,-0.11,-0.22,-0.11
2014-02-28 02:50:00,1.766,0.290484431700133,0,-0.11,-0.22,-0.11
2014-02-28 02:55:00,1.8319999999999999,0.22670311595754056,0,-0.11,-0.22,-0.11
2014-02-28 03:00:00,1.798,0.25825213610942577,0,-0.11,-0.22,-0.11
2014-02-28 03:05:00,1.8,0.25610441235965803,0,-0.11,-0.22,-0.11
2014-02-28 03:10:00,1.996,0.3904263175963196,0,-0.11,-0.22,-0.11
2014-02-28 03:15:00,1.858,0.2420405277330049,0,-0.11,-0.22,-0.11
2014-02-28 03:20:00,1.798,0.2580346840098888,0,-0.11,-0.22,-0.11
2014-02-28 03:25:00,1.804,0.25241742013416885,0,-0.11,-0.22,-0.11
2014-02-28 03:30:00,1.828,0.2301405903022517,0,-0.11,-0.22,-0.11
2014-02-28 03:35:00,2.488,0.8840070066838193,0,-0.11,-0.22,-0.11
2014-02-28 03:40:00,1.942,0.3177902653486783,0,-0.11,-0.22,-0.11
2014-02-28 03:45:00,1.734,0.31949506122390897,0,-0.11,-0.22,-0.11
2014-02-28 03:50:00,1.798,0.2574300687026525,0,-0.11,-0.22,-0.11
2014-02-28 03:55:00,1.766,0.2873667905769545,0,-0.11,-0.22,-0.11
2014-02-28 04:00:00,1.8659999999999999,0.2459896470437802,0,-0.11,-0.22,-0.11
2014-02-28 04:05:00,1.73,0.3229451029356329,0,-0.11,-0.22,-0.11
2014-02-28 04:10:00,2.024,0.40672117797472257,0,-0.11,-0.22,-0.11
2014-02-28 04:15:00,1.706,0.3477079201239562,0,-0.11,-0.22,-0.11
2014-02-28 04:20:00,1.8319999999999999,0.2259962080358837,0,-0.11,-0.22,-0.11
2014-02-28 04:25:00,1.694,0.3675537211009482,0,-0.11,-0.22,-0.11
2014-02-28 04:30:00,1.8319999999999999,0.2258728367113146,0,-0.11,-0.22,-0.11
2014-02-28 04:35:00,1.796,0.2586345109413889,0,-0.11,-0.22,-0.11
2014-02-28 04:40:00,1.9,0.2828834948147844,0,-0.11,-0.22,-0.11
2014-02-28 04:45:00,1.7719999999999998,0.2819206548882984,0,-0.11,-0.22,-0.11
2014-02-28 04:50:00,1.798,0.25626366092481523,0,-0.11,-0.22,-0.11
2014-02-28 04:55:00,1.766,0.2879151909412509,0,-0.11,-0.22,-0.11
2014-02-28 05:00:00,1.86,0.24494960643668864,0,-0.11,-0.22,-0.11
2014-02-28 05:05:00,1.704,0.3547408187277115,0,-0.11,-0.22,-0.11
2014-02-28 05:10:00,1.996,0.3894824152039574,0,-0.11,-0.22,-0.11
2014-02-28 05:15:00,1.764,0.2890172291468942,0,-0.11,-0.22,-0.11
2014-02-28 05:20:00,1.86,0.2455085516786435,0,-0.11,-0.22,-0.11
2014-02-28 05:25:00,1.67,0.3928494188882059,0,-0.11,-0.22,-0.11
2014-02-28 05:30:00,1.864,0.24938260734878234,0,-0.11,-0.22,-0.11
2014-02-28 05:35:00,1.764,0.28808628281868665,0,-0.11,-0.22,-0.11
2014-02-28 05:40:00,1.996,0.3892474604646329,0,-0.11,-0.22,-0.11
2014-02-28 05:45:00,1.8,0.2529010851399949,0,-0.11,-0.22,-0.11
2014-02-28 05:50:00,1.8,0.2527894143397505,0,-0.11,-0.22,-0.11
2014-02-28 05:55:00,1.794,0.25815195749868824,0,-0.11,-0.22,-0.11
2014-02-28 06:00:00,1.806,0.2474268581721396,0,-0.11,-0.22,-0.11
2014-02-28 06:05:00,1.8,0.2527413029186865,0,-0.11,-0.22,-0.11
2014-02-28 06:10:00,1.9340000000000002,0.32072795719509034,0,-0.11,-0.22,-0.11
2014-02-28 06:15:00,1.8,0.2527082851939294,0,-0.11,-0.22,-0.11
2014-02-28 06:20:00,1.766,0.2860188340200384,0,-0.11,-0.22,-0.11
2014-02-28 06:25:00,1.8259999999999998,0.2285916173664147,0,-0.11,-0.22,-0.11
2014-02-28 06:30:00,1.77,0.2815518550606644,0,-0.11,-0.22,-0.11
2014-02-28 06:35:00,1.834,0.2239695249568453,0,-0.11,-0.22,-0.11
2014-02-28 06:40:00,1.956,0.3464642080223069,0,-0.11,-0.22,-0.11
2014-02-28 06:45:00,1.804,0.2484677471355408,0,-0.11,-0.22,-0.11
2014-02-28 06:50:00,1.766,0.2860000468435712,0,-0.11,-0.22,-0.11
2014-02-28 06:55:00,1.8,0.25251483331370955,0,-0.11,-0.22,-0.11
2014-02-28 07:00:00,1.7919999999999998,0.2604369280236094,0,-0.11,-0.22,-0.11
2014-02-28 07:05:00,1.7719999999999998,0.2799095445396584,0,-0.11,-0.22,-0.11
2014-02-28 07:10:00,2.056,0.4688121600249543,0,-0.11,-0.22,-0.11
2014-02-28 07:15:00,1.704,0.35443926402462633,0,-0.11,-0.22,-0.11
2014-02-28 07:20:00,1.766,0.2864761391343941,0,-0.11,-0.22,-0.11
2014-02-28 07:25:00,1.828,0.2272425109989732,0,-0.11,-0.22,-0.11
2014-02-28 07:30:00,1.732,0.3228506228543219,0,-0.11,-0.22,-0.11
2014-02-28 07:35:00,1.806,0.2472449607602815,0,-0.11,-0.22,-0.11
2014-02-28 07:40:00,1.964,0.3555044817121599,0,-0.11,-0.22,-0.11
2014-02-28 07:45:00,1.794,0.2590589878362441,0,-0.11,-0.22,-0.11
2014-02-28 07:50:00,1.6680000000000001,0.3976158129126965,0,-0.11,-0.22,-0.11
2014-02-28 07:55:00,1.796,0.2569584459857259,0,-0.11,-0.22,-0.11
2014-02-28 08:00:00,1.6980000000000002,0.36107599475328894,0,-0.11,-0.22,-0.11
2014-02-28 08:05:00,1.73,0.3244360881480525,0,-0.11,-0.22,-0.11
2014-02-28 08:10:00,1.9280000000000002,0.3153166147784328,0,-0.11,-0.22,-0.11
2014-02-28 08:15:00,1.734,0.3196210561527785,0,-0.11,-0.22,-0.11
2014-02-28 08:20:00,1.734,0.31892707424656885,0,-0.11,-0.22,-0.11
2014-02-28 08:25:00,1.8,0.2513370357858971,0,-0.11,-0.22,-0.11
2014-02-28 08:30:00,1.7719999999999998,0.2786120886017169,0,-0.11,-0.22,-0.11
2014-02-28 08:35:00,1.6980000000000002,0.3584093333652955,0,-0.11,-0.22,-0.11
2014-02-28 08:40:00,1.9,0.28759214313425274,0,-0.11,-0.22,-0.11
2014-02-28 08:45:00,1.73,0.32188695412310475,0,-0.11,-0.22,-0.11
2014-02-28 08:50:00,1.732,0.31917366672846065,0,-0.11,-0.22,-0.11
2014-02-28 08:55:00,1.7,0.3546128060473843,0,-0.11,-0.22,-0.11
2014-02-28 09:00:00,1.8,0.24951167209880104,0,-0.11,-0.22,-0.11
2014-02-28 09:05:00,1.732,0.31800433405802675,0,-0.11,-0.22,-0.11
2014-02-28 09:10:00,1.966,0.36113983850314907,0,-0.11,-0.22,-0.11
2014-02-28 09:15:00,1.732,0.3174767090734127,0,-0.11,-0.22,-0.11
2014-02-28 09:20:00,1.764,0.2835787302700433,0,-0.11,-0.22,-0.11
2014-02-28 09:25:00,1.7919999999999998,0.256184261979054,0,-0.11,-0.22,-0.11
2014-02-28 09:30:00,1.73,0.3189446220265591,0,-0.11,-0.22,-0.11
2014-02-28 09:35:00,1.704,0.3471218640156929,0,-0.11,-0.22,-0.11
2014-02-28 09:40:00,1.996,0.3963004920958068,0,-0.11,-0.22,-0.11
2014-02-28 09:45:00,1.732,0.31585447292130603,0,-0.11,-0.22,-0.11
2014-02-28 09:50:00,1.766,0.280213642158256,0,-0.11,-0.22,-0.11
2014-02-28 09:55:00,1.764,0.2821866228309588,0,-0.11,-0.22,-0.11
2014-02-28 10:00:00,1.798,0.2490011028293833,0,-0.11,-0.22,-0.11
2014-02-28 10:05:00,1.768,0.2777458887234425,0,-0.11,-0.22,-0.11
2014-02-28 10:10:00,1.994,0.3950228717511393,0,-0.11,-0.22,-0.11
2014-02-28 10:15:00,1.766,0.2798561918047824,0,-0.11,-0.22,-0.11
2014-02-28 10:20:00,1.7719999999999998,0.2737291810807998,0,-0.11,-0.22,-0.11
2014-02-28 10:25:00,1.794,0.2522963702359114,0,-0.11,-0.22,-0.11
2014-02-28 10:30:00,1.9,0.2919230318023616,0,-0.11,-0.22,-0.11
2014-02-28 10:35:00,1.67,0.3850696221568777,0,-0.11,-0.22,-0.11
2014-02-28 10:40:00,1.956,0.3523976145645171,0,-0.11,-0.22,-0.11
2014-02-28 10:45:00,1.838,0.23304162515957794,0,-0.11,-0.22,-0.11
2014-02-28 10:50:00,1.768,0.2778065443226478,0,-0.11,-0.22,-0.11
2014-02-28 10:55:00,1.834,0.22908466148421025,0,-0.11,-0.22,-0.11
2014-02-28 11:00:00,1.768,0.27808109338082804,0,-0.11,-0.22,-0.11
2014-02-28 11:05:00,1.834,0.2291861318235477,0,-0.11,-0.22,-0.11
2014-02-28 11:10:00,1.966,0.3656631688744653,0,-0.11,-0.22,-0.11
2014-02-28 11:15:00,1.798,0.24867813797947685,0,-0.11,-0.22,-0.11
2014-02-28 11:20:00,1.764,0.2823913369632472,0,-0.11,-0.22,-0.11
2014-02-28 11:25:00,1.764,0.2823818084314116,0,-0.11,-0.22,-0.11
2014-02-28 11:30:00,1.764,0.28253542488333244,0,-0.11,-0.22,-0.11
2014-02-28 11:35:00,1.796,0.2505187904797327,0,-0.11,-0.22,-0.11
2014-02-28 11:40:00,1.962,0.3625362148851944,0,-0.11,-0.22,-0.11
2014-02-28 11:45:00,1.808,0.2397510750500501,0,-0.11,-0.22,-0.11
2014-02-28 11:50:00,1.766,0.2810637545362049,0,-0.11,-0.22,-0.11
2014-02-28 11:55:00,1.8,0.2475984372201265,0,-0.11,-0.22,-0.11
2014-02-28 12:00:00,1.8319999999999999,0.2268199259894904,0,-0.11,-0.22,-0.11
2014-02-28 12:05:00,1.794,0.2534717294881436,0,-0.11,-0.22,-0.11
2014-02-28 12:10:00,1.9180000000000001,0.3123283909069761,0,-0.11,-0.22,-0.11
2014-02-28 12:15:00,1.87,0.26253206850802274,0,-0.11,-0.22,-0.11
2014-02-28 12:20:00,1.76,0.2884378628798613,0,-0.11,-0.22,-0.11
2014-02-28 12:25:00,1.766,0.2821249225704914,0,-0.11,-0.22,-0.11
2014-02-28 12:30:00,1.7,0.3549559101887327,0,-0.11,-0.22,-0.11
2014-02-28 12:35:00,1.806,0.2422522561586357,0,-0.11,-0.22,-0.11
2014-02-28 12:40:00,1.926,0.3211860982962909,0,-0.11,-0.22,-0.11
2014-02-28 12:45:00,1.806,0.2424647617878991,0,-0.11,-0.22,-0.11
2014-02-28 12:50:00,1.734,0.31588449242685,0,-0.11,-0.22,-0.11
2014-02-28 12:55:00,1.732,0.3181052278792593,0,-0.11,-0.22,-0.11
2014-02-28 13:00:00,1.7619999999999998,0.2855681010734196,0,-0.11,-0.22,-0.11
2014-02-28 13:05:00,1.764,0.2830479936605878,0,-0.11,-0.22,-0.11
2014-02-28 13:10:00,1.992,0.3989434813989641,0,-0.11,-0.22,-0.11
2014-02-28 13:15:00,1.732,0.3180399351855406,0,-0.11,-0.22,-0.11
2014-02-28 13:20:00,1.806,0.2415503848477865,0,-0.11,-0.22,-0.11
2014-02-28 13:25:00,1.732,0.3178611333417816,0,-0.11,-0.22,-0.11
2014-02-28 13:30:00,1.794,0.2528865256592377,0,-0.11,-0.22,-0.11
2014-02-28 13:35:00,1.774,0.2725942140841397,0,-0.11,-0.22,-0.11
2014-02-28 13:40:00,1.966,0.3695186910275921,0,-0.11,-0.22,-0.11
2014-02-28 13:45:00,1.8259999999999998,0.22289519701303265,0,-0.11,-0.22,-0.11
2014-02-28 13:50:00,1.704,0.34882797986758185,0,-0.11,-0.22,-0.11
2014-02-28 13:55:00,1.7919999999999998,0.25420556108671505,0,-0.11,-0.22,-0.11
2014-02-28 14:00:00,1.704,0.34825735018882564,0,-0.11,-0.22,-0.11
2014-02-28 14:05:00,1.7619999999999998,0.2836965075630585,0,-0.11,-0.22,-0.11
2014-02-28 14:10:00,1.972,0.37688004412101295,0,-0.11,-0.22,-0.11
2014-02-28 14:15:00,1.732,0.3154881510336181,0,-0.11,-0.22,-0.11
2014-02-28 14:20:00,1.824,0.22336524576704628,0,-0.11,-0.22,-0.11
2014-02-28 14:25:00,1.766,0.2790053443770621,0,-0.11,-0.22,-0.11
