timestamp,value,anomaly_score,label,S(t)_standard,S(t)_reward_low_FP_rate,S(t)_reward_low_FN_rate
2014-04-01 00:00:00,18.090486228499998,0.0,0,-0.11,-0.22,-0.11
2014-04-01 00:05:00,20.359842585899997,0.0,0,-0.11,-0.22,-0.11
2014-04-01 00:10:00,21.105469847200002,0.0,0,-0.11,-0.22,-0.11
2014-04-01 00:15:00,21.1515852522,0.0,0,-0.11,-0.22,-0.11
2014-04-01 00:20:00,18.1371405424,0.0,0,-0.11,-0.22,-0.11
2014-04-01 00:25:00,21.6256605306,0.0,0,-0.11,-0.22,-0.11
2014-04-01 00:30:00,21.6738066877,0.0,0,-0.11,-0.22,-0.11
2014-04-01 00:35:00,20.2455614926,0.0,0,-0.11,-0.22,-0.11
2014-04-01 00:40:00,19.9283327955,0.0,0,-0.11,-0.22,-0.11
2014-04-01 00:45:00,18.1794698523,0.0,0,-0.11,-0.22,-0.11
2014-04-01 00:50:00,20.24781657,0.0,0,-0.11,-0.22,-0.11
2014-04-01 00:55:00,19.637516327100002,0.0,0,-0.11,-0.22,-0.11
2014-04-01 01:00:00,21.0912256296,0.0,0,-0.11,-0.22,-0.11
2014-04-01 01:05:00,19.6155342675,0.0,0,-0.11,-0.22,-0.11
2014-04-01 01:10:00,20.7343233333,0.0,0,-0.11,-0.22,-0.11
2014-04-01 01:15:00,18.405632585,0.0,0,-0.11,-0.22,-0.11
2014-04-01 01:20:00,18.5318090831,0.0,0,-0.11,-0.22,-0.11
2014-04-01 01:25:00,18.5588407626,0.0,0,-0.11,-0.22,-0.11
2014-04-01 01:30:00,18.1821019992,0.0,0,-0.11,-0.22,-0.11
2014-04-01 01:35:00,20.165315437100002,0.0,0,-0.11,-0.22,-0.11
2014-04-01 01:40:00,21.1758709042,0.0,0,-0.11,-0.22,-0.11
2014-04-01 01:45:00,20.4416448148,0.0,0,-0.11,-0.22,-0.11
2014-04-01 01:50:00,20.2998195422,0.0,0,-0.11,-0.22,-0.11
2014-04-01 01:55:00,20.722495713599997,0.0,0,-0.11,-0.22,-0.11
2014-04-01 02:00:00,19.3585812923,0.0,0,-0.11,-0.22,-0.11
2014-04-01 02:05:00,19.447816286600002,0.0,0,-0.11,-0.22,-0.11
2014-04-01 02:10:00,19.2570803929,0.0,0,-0.11,-0.22,-0.11
2014-04-01 02:15:00,20.848435731400002,0.0,0,-0.11,-0.22,-0.11
2014-04-01 02:20:00,18.6465613427,0.0,0,-0.11,-0.22,-0.11
2014-04-01 02:25:00,18.0521011213,0.0,0,-0.11,-0.22,-0.11
2014-04-01 02:30:00,20.3847857869,0.0,0,-0.11,-0.22,-0.11
2014-04-01 02:35:00,21.7695254589,0.0,0,-0.11,-0.22,-0.11
2014-04-01 02:40:00,20.437631667999998,0.0,0,-0.11,-0.22,-0.11
2014-04-01 02:45:00,21.1316866118,0.0,0,-0.11,-0.22,-0.11
2014-04-01 02:50:00,20.6911628379,0.0,0,-0.11,-0.22,-0.11
2014-04-01 02:55:00,19.9897466141,0.0,0,-0.11,-0.22,-0.11
2014-04-01 03:00:00,20.873569607100002,0.0,0,-0.11,-0.22,-0.11
2014-04-01 03:05:00,21.2964164954,0.0,0,-0.11,-0.22,-0.11
2014-04-01 03:10:00,18.8989265767,0.0,0,-0.11,-0.22,-0.11
2014-04-01 03:15:00,19.3445219219,0.0,0,-0.11,-0.22,-0.11
2014-04-01 03:20:00,18.89490293,0.0,0,-0.11,-0.22,-0.11
2014-04-01 03:25:00,19.8086918224,0.0,0,-0.11,-0.22,-0.11
2014-04-01 03:30:00,21.5402582037,0.0,0,-0.11,-0.22,-0.11
2014-04-01 03:35:00,19.3808284033,0.0,0,-0.11,-0.22,-0.11
2014-04-01 03:40:00,19.4978675565,0.0,0,-0.11,-0.22,-0.11
2014-04-01 03:45:00,21.441468938699998,0.0,0,-0.11,-0.22,-0.11
2014-04-01 03:50:00,20.061497323,0.0,0,-0.11,-0.22,-0.11
2014-04-01 03:55:00,20.1417959986,0.0,0,-0.11,-0.22,-0.11
2014-04-01 04:00:00,21.4432048133,0.0,0,-0.11,-0.22,-0.11
2014-04-01 04:05:00,19.9621069481,0.0,0,-0.11,-0.22,-0.11
2014-04-01 04:10:00,20.7262301385,0.0,0,-0.11,-0.22,-0.11
2014-04-01 04:15:00,18.3425786635,0.0,0,-0.11,-0.22,-0.11
2014-04-01 04:20:00,18.7145268525,0.0,0,-0.11,-0.22,-0.11
2014-04-01 04:25:00,19.6175048029,0.0,0,-0.11,-0.22,-0.11
2014-04-01 04:30:00,19.979356271300002,0.0,0,-0.11,-0.22,-0.11
2014-04-01 04:35:00,21.862934804899997,0.0,0,-0.11,-0.22,-0.11
2014-04-01 04:40:00,21.882606532199997,0.0,0,-0.11,-0.22,-0.11
2014-04-01 04:45:00,21.4047883499,0.0,0,-0.11,-0.22,-0.11
2014-04-01 04:50:00,19.2623953411,0.0,0,-0.11,-0.22,-0.11
2014-04-01 04:55:00,21.856113163299998,0.0,0,-0.11,-0.22,-0.11
2014-04-01 05:00:00,20.7573634587,0.0,0,-0.11,-0.22,-0.11
2014-04-01 05:05:00,19.571760511300003,0.0,0,-0.11,-0.22,-0.11
2014-04-01 05:10:00,20.8066996679,0.0,0,-0.11,-0.22,-0.11
2014-04-01 05:15:00,18.066090919100002,0.0,0,-0.11,-0.22,-0.11
2014-04-01 05:20:00,18.5846187291,0.0,0,-0.11,-0.22,-0.11
2014-04-01 05:25:00,21.3187428462,0.0,0,-0.11,-0.22,-0.11
2014-04-01 05:30:00,20.5822945475,0.0,0,-0.11,-0.22,-0.11
2014-04-01 05:35:00,19.4567788052,0.0,0,-0.11,-0.22,-0.11
2014-04-01 05:40:00,20.0026665609,0.0,0,-0.11,-0.22,-0.11
2014-04-01 05:45:00,21.620568598600002,0.0,0,-0.11,-0.22,-0.11
2014-04-01 05:50:00,20.5263124379,0.0,0,-0.11,-0.22,-0.11
2014-04-01 05:55:00,19.5925971357,0.0,0,-0.11,-0.22,-0.11
2014-04-01 06:00:00,18.4813066296,0.0,0,-0.11,-0.22,-0.11
2014-04-01 06:05:00,19.174987206500003,0.0,0,-0.11,-0.22,-0.11
2014-04-01 06:10:00,21.9133609312,0.0,0,-0.11,-0.22,-0.11
2014-04-01 06:15:00,19.7494522514,0.0,0,-0.11,-0.22,-0.11
2014-04-01 06:20:00,19.8873578554,0.0,0,-0.11,-0.22,-0.11
2014-04-01 06:25:00,19.9943921296,0.0,0,-0.11,-0.22,-0.11
2014-04-01 06:30:00,21.5364160918,0.0,0,-0.11,-0.22,-0.11
2014-04-01 06:35:00,20.4157131375,0.0,0,-0.11,-0.22,-0.11
2014-04-01 06:40:00,20.7747081458,0.0,0,-0.11,-0.22,-0.11
2014-04-01 06:45:00,19.5576541702,0.0,0,-0.11,-0.22,-0.11
2014-04-01 06:50:00,18.1163504744,0.0,0,-0.11,-0.22,-0.11
2014-04-01 06:55:00,21.723891657,0.0,0,-0.11,-0.22,-0.11
2014-04-01 07:00:00,21.7965107237,0.0,0,-0.11,-0.22,-0.11
2014-04-01 07:05:00,21.796612213400003,0.0,0,-0.11,-0.22,-0.11
2014-04-01 07:10:00,21.7747483466,0.0,0,-0.11,-0.22,-0.11
2014-04-01 07:15:00,21.260967764300002,0.0,0,-0.11,-0.22,-0.11
2014-04-01 07:20:00,20.7383842005,0.0,0,-0.11,-0.22,-0.11
2014-04-01 07:25:00,21.378039673099998,0.0,0,-0.11,-0.22,-0.11
2014-04-01 07:30:00,20.402184956,0.0,0,-0.11,-0.22,-0.11
2014-04-01 07:35:00,18.5374784556,0.0,0,-0.11,-0.22,-0.11
2014-04-01 07:40:00,19.5648726602,0.0,0,-0.11,-0.22,-0.11
2014-04-01 07:45:00,21.8851796479,0.0,0,-0.11,-0.22,-0.11
2014-04-01 07:50:00,19.4045512544,0.0,0,-0.11,-0.22,-0.11
2014-04-01 07:55:00,21.4713116549,0.0,0,-0.11,-0.22,-0.11
2014-04-01 08:00:00,18.3728458831,0.0,0,-0.11,-0.22,-0.11
2014-04-01 08:05:00,19.3367353695,0.0,0,-0.11,-0.22,-0.11
2014-04-01 08:10:00,19.4038132989,0.0,0,-0.11,-0.22,-0.11
2014-04-01 08:15:00,18.206410172400002,0.0,0,-0.11,-0.22,-0.11
2014-04-01 08:20:00,18.4763773207,0.0,0,-0.11,-0.22,-0.11
2014-04-01 08:25:00,18.7726608445,0.0,0,-0.11,-0.22,-0.11
2014-04-01 08:30:00,21.3512623632,0.0,0,-0.11,-0.22,-0.11
2014-04-01 08:35:00,18.2536079598,0.0,0,-0.11,-0.22,-0.11
2014-04-01 08:40:00,19.1948036054,0.0,0,-0.11,-0.22,-0.11
2014-04-01 08:45:00,18.0407000104,0.0,0,-0.11,-0.22,-0.11
2014-04-01 08:50:00,20.7825109816,0.0,0,-0.11,-0.22,-0.11
2014-04-01 08:55:00,20.4812123602,0.0,0,-0.11,-0.22,-0.11
2014-04-01 09:00:00,69.9717587639,0.0,0,-0.11,-0.22,-0.11
2014-04-01 09:05:00,66.2916058721,0.0,0,-0.11,-0.22,-0.11
2014-04-01 09:10:00,64.0324423692,0.0,0,-0.11,-0.22,-0.11
2014-04-01 09:15:00,70.9963549007,0.0,0,-0.11,-0.22,-0.11
2014-04-01 09:20:00,72.23120306930001,0.0,0,-0.11,-0.22,-0.11
2014-04-01 09:25:00,63.0849803741,0.0,0,-0.11,-0.22,-0.11
2014-04-01 09:30:00,67.8208802199,0.0,0,-0.11,-0.22,-0.11
2014-04-01 09:35:00,64.5825332749,0.0,0,-0.11,-0.22,-0.11
2014-04-01 09:40:00,63.486253312399995,0.0,0,-0.11,-0.22,-0.11
2014-04-01 09:45:00,71.1868242635,0.0,0,-0.11,-0.22,-0.11
2014-04-01 09:50:00,68.5181183224,0.0,0,-0.11,-0.22,-0.11
2014-04-01 09:55:00,64.1401205203,0.0,0,-0.11,-0.22,-0.11
2014-04-01 10:00:00,74.651200174,0.0,0,-0.11,-0.22,-0.11
2014-04-01 10:05:00,84.842464979,0.0,0,-0.11,-0.22,-0.11
2014-04-01 10:10:00,83.0115068443,0.0,0,-0.11,-0.22,-0.11
2014-04-01 10:15:00,83.4967734494,0.0,0,-0.11,-0.22,-0.11
2014-04-01 10:20:00,76.9793877467,0.0,0,-0.11,-0.22,-0.11
2014-04-01 10:25:00,79.5214887361,0.0,0,-0.11,-0.22,-0.11
2014-04-01 10:30:00,75.687435328,0.0,0,-0.11,-0.22,-0.11
2014-04-01 10:35:00,71.0460898627,0.0,0,-0.11,-0.22,-0.11
2014-04-01 10:40:00,76.06459570140001,0.0,0,-0.11,-0.22,-0.11
2014-04-01 10:45:00,79.05858128979999,0.0,0,-0.11,-0.22,-0.11
2014-04-01 10:50:00,74.2964790823,0.0,0,-0.11,-0.22,-0.11
2014-04-01 10:55:00,83.0001929198,0.0,0,-0.11,-0.22,-0.11
2014-04-01 11:00:00,73.9710969315,0.0,0,-0.11,-0.22,-0.11
2014-04-01 11:05:00,77.4068210384,0.0,0,-0.11,-0.22,-0.11
2014-04-01 11:10:00,73.55447171029999,0.0,0,-0.11,-0.22,-0.11
2014-04-01 11:15:00,78.0064502589,0.0,0,-0.11,-0.22,-0.11
2014-04-01 11:20:00,72.1987733943,0.0,0,-0.11,-0.22,-0.11
2014-04-01 11:25:00,75.9026255791,0.0,0,-0.11,-0.22,-0.11
2014-04-01 11:30:00,77.9412934973,0.0,0,-0.11,-0.22,-0.11
2014-04-01 11:35:00,79.17274193760001,0.0,0,-0.11,-0.22,-0.11
2014-04-01 11:40:00,80.2149468852,0.0,0,-0.11,-0.22,-0.11
2014-04-01 11:45:00,75.94145892819999,0.0,0,-0.11,-0.22,-0.11
2014-04-01 11:50:00,79.88644938569999,0.0,0,-0.11,-0.22,-0.11
2014-04-01 11:55:00,79.6632095013,0.0,0,-0.11,-0.22,-0.11
2014-04-01 12:00:00,76.9663781954,0.0,0,-0.11,-0.22,-0.11
2014-04-01 12:05:00,85.1808654442,0.0,0,-0.11,-0.22,-0.11
2014-04-01 12:10:00,80.6333817159,0.0,0,-0.11,-0.22,-0.11
2014-04-01 12:15:00,77.2235359213,0.0,0,-0.11,-0.22,-0.11
2014-04-01 12:20:00,87.0528272939,0.0,0,-0.11,-0.22,-0.11
2014-04-01 12:25:00,85.4191724508,0.0,0,-0.11,-0.22,-0.11
2014-04-01 12:30:00,87.6161392988,0.0,0,-0.11,-0.22,-0.11
2014-04-01 12:35:00,82.9760511039,0.0,0,-0.11,-0.22,-0.11
2014-04-01 12:40:00,77.9579046083,0.0,0,-0.11,-0.22,-0.11
2014-04-01 12:45:00,76.4019781421,0.0,0,-0.11,-0.22,-0.11
2014-04-01 12:50:00,82.5139497962,0.0,0,-0.11,-0.22,-0.11
2014-04-01 12:55:00,87.5878336415,0.0,0,-0.11,-0.22,-0.11
2014-04-01 13:00:00,82.0077546958,0.0,0,-0.11,-0.22,-0.11
2014-04-01 13:05:00,86.08517365450001,0.0,0,-0.11,-0.22,-0.11
2014-04-01 13:10:00,77.2471111396,0.0,0,-0.11,-0.22,-0.11
2014-04-01 13:15:00,78.4924178171,0.0,0,-0.11,-0.22,-0.11
2014-04-01 13:20:00,86.4796437365,0.0,0,-0.11,-0.22,-0.11
2014-04-01 13:25:00,84.0896808632,0.0,0,-0.11,-0.22,-0.11
2014-04-01 13:30:00,87.6815165103,0.0,0,-0.11,-0.22,-0.11
2014-04-01 13:35:00,84.3759722612,0.0,0,-0.11,-0.22,-0.11
2014-04-01 13:40:00,79.15724901520001,0.0,0,-0.11,-0.22,-0.11
2014-04-01 13:45:00,80.47776901600001,0.0,0,-0.11,-0.22,-0.11
2014-04-01 13:50:00,86.3875098999,0.0,0,-0.11,-0.22,-0.11
2014-04-01 13:55:00,80.80694945409999,0.0,0,-0.11,-0.22,-0.11
2014-04-01 14:00:00,76.0827058414,0.0,0,-0.11,-0.22,-0.11
2014-04-01 14:05:00,78.9661264483,0.0,0,-0.11,-0.22,-0.11
2014-04-01 14:10:00,80.25720329090001,0.0,0,-0.11,-0.22,-0.11
2014-04-01 14:15:00,73.543987056,0.0,0,-0.11,-0.22,-0.11
2014-04-01 14:20:00,83.8961755783,0.0,0,-0.11,-0.22,-0.11
2014-04-01 14:25:00,73.7461229499,0.0,0,-0.11,-0.22,-0.11
2014-04-01 14:30:00,78.4749164371,0.0,0,-0.11,-0.22,-0.11
2014-04-01 14:35:00,84.8698851146,0.0,0,-0.11,-0.22,-0.11
2014-04-01 14:40:00,79.4773106918,0.0,0,-0.11,-0.22,-0.11
2014-04-01 14:45:00,85.4681456476,0.0,0,-0.11,-0.22,-0.11
2014-04-01 14:50:00,77.466382588,0.0,0,-0.11,-0.22,-0.11
2014-04-01 14:55:00,87.3179892393,0.0,0,-0.11,-0.22,-0.11
2014-04-01 15:00:00,75.3507715345,0.0,0,-0.11,-0.22,-0.11
2014-04-01 15:05:00,72.6115292425,0.0,0,-0.11,-0.22,-0.11
2014-04-01 15:10:00,85.9579994831,0.0,0,-0.11,-0.22,-0.11
2014-04-01 15:15:00,84.03443671689999,0.0,0,-0.11,-0.22,-0.11
2014-04-01 15:20:00,75.7110145604,0.0,0,-0.11,-0.22,-0.11
2014-04-01 15:25:00,87.7550232579,0.0,0,-0.11,-0.22,-0.11
2014-04-01 15:30:00,80.0357137181,0.0,0,-0.11,-0.22,-0.11
2014-04-01 15:35:00,87.2162097587,0.0,0,-0.11,-0.22,-0.11
2014-04-01 15:40:00,80.07969156979999,0.0,0,-0.11,-0.22,-0.11
2014-04-01 15:45:00,79.5492297084,0.0,0,-0.11,-0.22,-0.11
2014-04-01 15:50:00,79.1854564066,0.0,0,-0.11,-0.22,-0.11
2014-04-01 15:55:00,77.3572617813,0.0,0,-0.11,-0.22,-0.11
2014-04-01 16:00:00,80.5390693195,0.0,0,-0.11,-0.22,-0.11
2014-04-01 16:05:00,79.2407224487,0.0,0,-0.11,-0.22,-0.11
2014-04-01 16:10:00,72.58781065710002,0.0,0,-0.11,-0.22,-0.11
2014-04-01 16:15:00,76.1668174942,0.0,0,-0.11,-0.22,-0.11
2014-04-01 16:20:00,75.4098200146,0.0,0,-0.11,-0.22,-0.11
2014-04-01 16:25:00,85.87880474949999,0.0,0,-0.11,-0.22,-0.11
2014-04-01 16:30:00,81.5817629983,0.0,0,-0.11,-0.22,-0.11
2014-04-01 16:35:00,84.2187679069,0.0,0,-0.11,-0.22,-0.11
2014-04-01 16:40:00,87.30904897030001,0.0,0,-0.11,-0.22,-0.11
2014-04-01 16:45:00,82.3044703355,0.0,0,-0.11,-0.22,-0.11
2014-04-01 16:50:00,87.7215914367,0.0,0,-0.11,-0.22,-0.11
2014-04-01 16:55:00,76.988077009,0.0,0,-0.11,-0.22,-0.11
2014-04-01 17:00:00,74.9802461246,0.0,0,-0.11,-0.22,-0.11
2014-04-01 17:05:00,78.452928082,0.0,0,-0.11,-0.22,-0.11
2014-04-01 17:10:00,79.5327600984,0.0,0,-0.11,-0.22,-0.11
2014-04-01 17:15:00,86.3257515365,0.0,0,-0.11,-0.22,-0.11
2014-04-01 17:20:00,80.9590159363,0.0,0,-0.11,-0.22,-0.11
2014-04-01 17:25:00,76.6748665475,0.0,0,-0.11,-0.22,-0.11
2014-04-01 17:30:00,83.8821163151,0.0,0,-0.11,-0.22,-0.11
2014-04-01 17:35:00,80.0932802384,0.0,0,-0.11,-0.22,-0.11
2014-04-01 17:40:00,74.5940824803,0.0,0,-0.11,-0.22,-0.11
2014-04-01 17:45:00,81.2290854095,0.0,0,-0.11,-0.22,-0.11
2014-04-01 17:50:00,86.5822793413,0.0,0,-0.11,-0.22,-0.11
2014-04-01 17:55:00,85.4819290545,0.0,0,-0.11,-0.22,-0.11
2014-04-01 18:00:00,32.5555775742,0.0,0,-0.11,-0.22,-0.11
2014-04-01 18:05:00,31.2133263199,0.0,0,-0.11,-0.22,-0.11
2014-04-01 18:10:00,29.356658370300003,0.0,0,-0.11,-0.22,-0.11
2014-04-01 18:15:00,31.805747002600004,0.0,0,-0.11,-0.22,-0.11
2014-04-01 18:20:00,33.6133019464,0.0,0,-0.11,-0.22,-0.11
2014-04-01 18:25:00,31.105745834,0.0,0,-0.11,-0.22,-0.11
2014-04-01 18:30:00,30.3068538646,0.0,0,-0.11,-0.22,-0.11
2014-04-01 18:35:00,34.7608235293,0.0,0,-0.11,-0.22,-0.11
2014-04-01 18:40:00,34.057949943800004,0.0,0,-0.11,-0.22,-0.11
2014-04-01 18:45:00,32.8849576504,0.0,0,-0.11,-0.22,-0.11
2014-04-01 18:50:00,29.6754077034,0.0,0,-0.11,-0.22,-0.11
2014-04-01 18:55:00,29.727410870900002,0.0,0,-0.11,-0.22,-0.11
2014-04-01 19:00:00,20.6224226384,0.0,0,-0.11,-0.22,-0.11
2014-04-01 19:05:00,22.9210078103,0.0,0,-0.11,-0.22,-0.11
2014-04-01 19:10:00,20.6777201939,0.0,0,-0.11,-0.22,-0.11
2014-04-01 19:15:00,23.934968537899998,0.0,0,-0.11,-0.22,-0.11
2014-04-01 19:20:00,24.6084818582,0.0,0,-0.11,-0.22,-0.11
2014-04-01 19:25:00,21.801238671500002,0.0,0,-0.11,-0.22,-0.11
2014-04-01 19:30:00,22.192439696999998,0.0,0,-0.11,-0.22,-0.11
2014-04-01 19:35:00,23.3482676721,0.0,0,-0.11,-0.22,-0.11
2014-04-01 19:40:00,24.3584441321,0.0,0,-0.11,-0.22,-0.11
2014-04-01 19:45:00,24.165538779899997,0.0,0,-0.11,-0.22,-0.11
2014-04-01 19:50:00,20.4180102727,0.0,0,-0.11,-0.22,-0.11
2014-04-01 19:55:00,20.917440528,0.0,0,-0.11,-0.22,-0.11
2014-04-01 20:00:00,21.522829867,0.0,0,-0.11,-0.22,-0.11
2014-04-01 20:05:00,21.2537059155,0.0,0,-0.11,-0.22,-0.11
2014-04-01 20:10:00,18.9776631335,0.0,0,-0.11,-0.22,-0.11
2014-04-01 20:15:00,20.488456282,0.0,0,-0.11,-0.22,-0.11
2014-04-01 20:20:00,21.6302164694,0.0,0,-0.11,-0.22,-0.11
2014-04-01 20:25:00,19.3281254426,0.0,0,-0.11,-0.22,-0.11
2014-04-01 20:30:00,22.000793891999997,0.0,0,-0.11,-0.22,-0.11
2014-04-01 20:35:00,18.6489721659,0.0,0,-0.11,-0.22,-0.11
2014-04-01 20:40:00,21.6358708088,0.0,0,-0.11,-0.22,-0.11
2014-04-01 20:45:00,20.9543939621,0.0,0,-0.11,-0.22,-0.11
2014-04-01 20:50:00,19.7230562872,0.0,0,-0.11,-0.22,-0.11
2014-04-01 20:55:00,21.384939461400002,0.0,0,-0.11,-0.22,-0.11
2014-04-01 21:00:00,21.2308845519,0.0,0,-0.11,-0.22,-0.11
2014-04-01 21:05:00,21.839926692,0.0,0,-0.11,-0.22,-0.11
2014-04-01 21:10:00,19.564559914500002,0.0,0,-0.11,-0.22,-0.11
2014-04-01 21:15:00,20.8436384143,0.0,0,-0.11,-0.22,-0.11
2014-04-01 21:20:00,20.5084352901,0.0,0,-0.11,-0.22,-0.11
2014-04-01 21:25:00,20.197308185,0.0,0,-0.11,-0.22,-0.11
2014-04-01 21:30:00,21.665161839899998,0.0,0,-0.11,-0.22,-0.11
2014-04-01 21:35:00,18.0991300247,0.0,0,-0.11,-0.22,-0.11
2014-04-01 21:40:00,19.2202629202,0.0,0,-0.11,-0.22,-0.11
2014-04-01 21:45:00,20.2498438317,0.0,0,-0.11,-0.22,-0.11
2014-04-01 21:50:00,18.802996231199998,0.0,0,-0.11,-0.22,-0.11
2014-04-01 21:55:00,21.735297119200002,0.0,0,-0.11,-0.22,-0.11
2014-04-01 22:00:00,20.6101472256,0.0,0,-0.11,-0.22,-0.11
2014-04-01 22:05:00,19.9306470394,0.0,0,-0.11,-0.22,-0.11
2014-04-01 22:10:00,21.279215480599998,0.0,0,-0.11,-0.22,-0.11
2014-04-01 22:15:00,19.8225561591,0.0,0,-0.11,-0.22,-0.11
2014-04-01 22:20:00,20.2540372653,0.0,0,-0.11,-0.22,-0.11
2014-04-01 22:25:00,18.0282945372,0.0,0,-0.11,-0.22,-0.11
2014-04-01 22:30:00,19.481486401199998,0.0,0,-0.11,-0.22,-0.11
2014-04-01 22:35:00,18.5729748357,0.0,0,-0.11,-0.22,-0.11
2014-04-01 22:40:00,20.778683117,0.0,0,-0.11,-0.22,-0.11
2014-04-01 22:45:00,19.9352272896,0.0,0,-0.11,-0.22,-0.11
2014-04-01 22:50:00,19.225468968599998,0.0,0,-0.11,-0.22,-0.11
2014-04-01 22:55:00,19.8904058239,0.0,0,-0.11,-0.22,-0.11
2014-04-01 23:00:00,18.8421365457,0.0,0,-0.11,-0.22,-0.11
2014-04-01 23:05:00,21.7045129943,0.0,0,-0.11,-0.22,-0.11
2014-04-01 23:10:00,18.2193879794,0.0,0,-0.11,-0.22,-0.11
2014-04-01 23:15:00,21.4657887794,0.0,0,-0.11,-0.22,-0.11
2014-04-01 23:20:00,20.049283876500002,0.0,0,-0.11,-0.22,-0.11
2014-04-01 23:25:00,20.4797173335,0.0,0,-0.11,-0.22,-0.11
2014-04-01 23:30:00,19.2141108829,0.0,0,-0.11,-0.22,-0.11
2014-04-01 23:35:00,21.8709888888,0.0,0,-0.11,-0.22,-0.11
2014-04-01 23:40:00,19.131076293699998,0.0,0,-0.11,-0.22,-0.11
2014-04-01 23:45:00,20.3594202449,0.0,0,-0.11,-0.22,-0.11
2014-04-01 23:50:00,21.9778857623,0.0,0,-0.11,-0.22,-0.11
2014-04-01 23:55:00,21.5285102639,0.0,0,-0.11,-0.22,-0.11
2014-04-02 00:00:00,20.1453193011,0.0,0,-0.11,-0.22,-0.11
2014-04-02 00:05:00,21.9614980919,0.0,0,-0.11,-0.22,-0.11
2014-04-02 00:10:00,20.8054794469,0.0,0,-0.11,-0.22,-0.11
2014-04-02 00:15:00,18.8348016646,0.0,0,-0.11,-0.22,-0.11
2014-04-02 00:20:00,19.6223848417,0.0,0,-0.11,-0.22,-0.11
2014-04-02 00:25:00,19.337973335999997,0.0,0,-0.11,-0.22,-0.11
2014-04-02 00:30:00,19.3760548331,0.0,0,-0.11,-0.22,-0.11
2014-04-02 00:35:00,21.0418257574,0.0,0,-0.11,-0.22,-0.11
2014-04-02 00:40:00,20.337051709100002,0.0,0,-0.11,-0.22,-0.11
2014-04-02 00:45:00,18.1523708464,0.0,0,-0.11,-0.22,-0.11
2014-04-02 00:50:00,21.5097939346,0.0,0,-0.11,-0.22,-0.11
2014-04-02 00:55:00,19.1871845619,0.0,0,-0.11,-0.22,-0.11
2014-04-02 01:00:00,21.9882995077,0.0,0,-0.11,-0.22,-0.11
2014-04-02 01:05:00,21.8167629213,0.0,0,-0.11,-0.22,-0.11
2014-04-02 01:10:00,21.7621228667,0.0,0,-0.11,-0.22,-0.11
2014-04-02 01:15:00,21.244510416300002,0.0,0,-0.11,-0.22,-0.11
2014-04-02 01:20:00,18.882453326700002,0.0,0,-0.11,-0.22,-0.11
2014-04-02 01:25:00,20.130530976099998,0.0,0,-0.11,-0.22,-0.11
2014-04-02 01:30:00,18.8972105073,0.0,0,-0.11,-0.22,-0.11
2014-04-02 01:35:00,19.0387018224,0.0,0,-0.11,-0.22,-0.11
2014-04-02 01:40:00,20.4438070777,0.0,0,-0.11,-0.22,-0.11
2014-04-02 01:45:00,18.1633341814,0.0,0,-0.11,-0.22,-0.11
2014-04-02 01:50:00,21.8778342673,0.0,0,-0.11,-0.22,-0.11
2014-04-02 01:55:00,21.674692690300002,0.0,0,-0.11,-0.22,-0.11
2014-04-02 02:00:00,19.5230702886,0.0,0,-0.11,-0.22,-0.11
2014-04-02 02:05:00,20.061689792,0.0,0,-0.11,-0.22,-0.11
2014-04-02 02:10:00,19.864477677100002,0.0,0,-0.11,-0.22,-0.11
2014-04-02 02:15:00,21.528799114499996,0.0,0,-0.11,-0.22,-0.11
2014-04-02 02:20:00,20.7544075053,0.0,0,-0.11,-0.22,-0.11
2014-04-02 02:25:00,19.112444989700002,0.0,0,-0.11,-0.22,-0.11
2014-04-02 02:30:00,19.7873650179,0.0,0,-0.11,-0.22,-0.11
2014-04-02 02:35:00,19.7158639027,0.0,0,-0.11,-0.22,-0.11
2014-04-02 02:40:00,21.837340673099998,0.0,0,-0.11,-0.22,-0.11
2014-04-02 02:45:00,18.7012436421,0.0,0,-0.11,-0.22,-0.11
2014-04-02 02:50:00,18.358305349200002,0.0,0,-0.11,-0.22,-0.11
2014-04-02 02:55:00,21.522475328600002,0.0,0,-0.11,-0.22,-0.11
2014-04-02 03:00:00,21.586743958000003,0.0,0,-0.11,-0.22,-0.11
2014-04-02 03:05:00,21.4869563516,0.0,0,-0.11,-0.22,-0.11
2014-04-02 03:10:00,20.0439076625,0.0,0,-0.11,-0.22,-0.11
2014-04-02 03:15:00,20.6389777131,0.0,0,-0.11,-0.22,-0.11
2014-04-02 03:20:00,20.2534521902,0.0,0,-0.11,-0.22,-0.11
2014-04-02 03:25:00,18.2777913042,0.0,0,-0.11,-0.22,-0.11
2014-04-02 03:30:00,20.3833395876,0.0,0,-0.11,-0.22,-0.11
2014-04-02 03:35:00,18.054456589,0.0,0,-0.11,-0.22,-0.11
2014-04-02 03:40:00,19.2999496382,0.0,0,-0.11,-0.22,-0.11
2014-04-02 03:45:00,21.7291703035,0.0,0,-0.11,-0.22,-0.11
2014-04-02 03:50:00,19.2161810785,0.0,0,-0.11,-0.22,-0.11
2014-04-02 03:55:00,21.7593065706,0.0,0,-0.11,-0.22,-0.11
2014-04-02 04:00:00,19.0005358286,0.0,0,-0.11,-0.22,-0.11
2014-04-02 04:05:00,19.2582489618,0.0,0,-0.11,-0.22,-0.11
2014-04-02 04:10:00,20.513629985799998,0.0,0,-0.11,-0.22,-0.11
2014-04-02 04:15:00,21.046507891199997,0.0,0,-0.11,-0.22,-0.11
2014-04-02 04:20:00,20.005551072,0.0,0,-0.11,-0.22,-0.11
2014-04-02 04:25:00,21.528462748800006,0.0,0,-0.11,-0.22,-0.11
2014-04-02 04:30:00,18.1609616864,0.0,0,-0.11,-0.22,-0.11
2014-04-02 04:35:00,21.6887793545,0.0,0,-0.11,-0.22,-0.11
2014-04-02 04:40:00,18.785231199600002,0.0,0,-0.11,-0.22,-0.11
2014-04-02 04:45:00,21.536954980300003,0.0,0,-0.11,-0.22,-0.11
2014-04-02 04:50:00,19.603452717899998,0.0,0,-0.11,-0.22,-0.11
2014-04-02 04:55:00,21.3310282235,0.0,0,-0.11,-0.22,-0.11
2014-04-02 05:00:00,20.6866621992,0.0,0,-0.11,-0.22,-0.11
2014-04-02 05:05:00,18.7037665299,0.0,0,-0.11,-0.22,-0.11
2014-04-02 05:10:00,21.672190279499997,0.0,0,-0.11,-0.22,-0.11
2014-04-02 05:15:00,18.982069562,0.0,0,-0.11,-0.22,-0.11
2014-04-02 05:20:00,18.9765604748,0.0,0,-0.11,-0.22,-0.11
2014-04-02 05:25:00,21.2567155865,0.0,0,-0.11,-0.22,-0.11
2014-04-02 05:30:00,18.4234930223,0.0,0,-0.11,-0.22,-0.11
2014-04-02 05:35:00,18.8881436255,0.0,0,-0.11,-0.22,-0.11
2014-04-02 05:40:00,20.0147102937,0.0,0,-0.11,-0.22,-0.11
2014-04-02 05:45:00,21.3219081147,0.0,0,-0.11,-0.22,-0.11
2014-04-02 05:50:00,18.589935898900002,0.0,0,-0.11,-0.22,-0.11
2014-04-02 05:55:00,20.190672938,0.0,0,-0.11,-0.22,-0.11
2014-04-02 06:00:00,20.8449623672,0.0,0,-0.11,-0.22,-0.11
2014-04-02 06:05:00,21.4423808989,0.0,0,-0.11,-0.22,-0.11
2014-04-02 06:10:00,21.7422622408,0.0,0,-0.11,-0.22,-0.11
2014-04-02 06:15:00,21.1385596579,0.0,0,-0.11,-0.22,-0.11
2014-04-02 06:20:00,20.6113135929,0.0,0,-0.11,-0.22,-0.11
2014-04-02 06:25:00,19.7344803413,0.0,0,-0.11,-0.22,-0.11
2014-04-02 06:30:00,18.4484406168,0.0,0,-0.11,-0.22,-0.11
2014-04-02 06:35:00,20.8389487701,0.0,0,-0.11,-0.22,-0.11
2014-04-02 06:40:00,21.9709492179,0.0,0,-0.11,-0.22,-0.11
2014-04-02 06:45:00,20.9470423789,0.0,0,-0.11,-0.22,-0.11
2014-04-02 06:50:00,18.066844375,0.0,0,-0.11,-0.22,-0.11
2014-04-02 06:55:00,19.9850399122,0.0,0,-0.11,-0.22,-0.11
2014-04-02 07:00:00,20.4585865299,0.0,0,-0.11,-0.22,-0.11
2014-04-02 07:05:00,20.7586968044,0.0,0,-0.11,-0.22,-0.11
2014-04-02 07:10:00,20.8789033424,0.0,0,-0.11,-0.22,-0.11
2014-04-02 07:15:00,20.2324337649,0.0,0,-0.11,-0.22,-0.11
2014-04-02 07:20:00,18.8934413309,0.0,0,-0.11,-0.22,-0.11
2014-04-02 07:25:00,21.768802645900003,0.0,0,-0.11,-0.22,-0.11
2014-04-02 07:30:00,20.7866658707,0.0,0,-0.11,-0.22,-0.11
2014-04-02 07:35:00,18.9473601475,0.0,0,-0.11,-0.22,-0.11
2014-04-02 07:40:00,19.289287329100002,0.0,0,-0.11,-0.22,-0.11
2014-04-02 07:45:00,21.6877106825,0.0,0,-0.11,-0.22,-0.11
2014-04-02 07:50:00,21.549940746799997,0.0,0,-0.11,-0.22,-0.11
2014-04-02 07:55:00,19.6205857534,0.0,0,-0.11,-0.22,-0.11
2014-04-02 08:00:00,18.153228888,0.0,0,-0.11,-0.22,-0.11
2014-04-02 08:05:00,18.1939894756,0.0,0,-0.11,-0.22,-0.11
2014-04-02 08:10:00,19.135673163699998,0.0,0,-0.11,-0.22,-0.11
2014-04-02 08:15:00,20.5164888774,0.0,0,-0.11,-0.22,-0.11
2014-04-02 08:20:00,20.336778541300003,0.0,0,-0.11,-0.22,-0.11
2014-04-02 08:25:00,20.535311147799998,0.0,0,-0.11,-0.22,-0.11
2014-04-02 08:30:00,20.8691318877,0.0,0,-0.11,-0.22,-0.11
2014-04-02 08:35:00,18.0761290144,0.0,0,-0.11,-0.22,-0.11
2014-04-02 08:40:00,18.4203423807,0.0,0,-0.11,-0.22,-0.11
2014-04-02 08:45:00,19.4379338073,0.0,0,-0.11,-0.22,-0.11
2014-04-02 08:50:00,18.6194399901,0.0,0,-0.11,-0.22,-0.11
2014-04-02 08:55:00,18.3012801702,0.0,0,-0.11,-0.22,-0.11
2014-04-02 09:00:00,69.9171157856,0.0,0,-0.11,-0.22,-0.11
2014-04-02 09:05:00,72.2885760939,0.0,0,-0.11,-0.22,-0.11
2014-04-02 09:10:00,71.43572254109999,0.0,0,-0.11,-0.22,-0.11
2014-04-02 09:15:00,72.3117409891,0.0,0,-0.11,-0.22,-0.11
2014-04-02 09:20:00,70.2556489992,0.0,0,-0.11,-0.22,-0.11
2014-04-02 09:25:00,71.2006963767,0.0,0,-0.11,-0.22,-0.11
2014-04-02 09:30:00,64.89619132920001,0.0,0,-0.11,-0.22,-0.11
2014-04-02 09:35:00,74.70490929350001,0.0,0,-0.11,-0.22,-0.11
2014-04-02 09:40:00,63.691052901099994,0.0,0,-0.11,-0.22,-0.11
2014-04-02 09:45:00,64.1171166917,0.0,0,-0.11,-0.22,-0.11
2014-04-02 09:50:00,65.1293369127,0.0,0,-0.11,-0.22,-0.11
2014-04-02 09:55:00,74.46452104939999,0.0,0,-0.11,-0.22,-0.11
2014-04-02 10:00:00,85.1782389068,0.0,0,-0.11,-0.22,-0.11
2014-04-02 10:05:00,82.1767509954,0.0,0,-0.11,-0.22,-0.11
2014-04-02 10:10:00,79.6029739296,0.0,0,-0.11,-0.22,-0.11
2014-04-02 10:15:00,77.9113711669,0.0,0,-0.11,-0.22,-0.11
2014-04-02 10:20:00,84.9040355251,0.0,0,-0.11,-0.22,-0.11
2014-04-02 10:25:00,80.6360659004,0.0,0,-0.11,-0.22,-0.11
2014-04-02 10:30:00,84.5022115916,0.0,0,-0.11,-0.22,-0.11
2014-04-02 10:35:00,74.7528684079,0.0,0,-0.11,-0.22,-0.11
2014-04-02 10:40:00,75.02018477600001,0.0,0,-0.11,-0.22,-0.11
2014-04-02 10:45:00,83.10532570069999,0.0,0,-0.11,-0.22,-0.11
2014-04-02 10:50:00,72.1657483675,0.0,0,-0.11,-0.22,-0.11
2014-04-02 10:55:00,84.5208004073,0.0,0,-0.11,-0.22,-0.11
2014-04-02 11:00:00,79.6388721366,0.0,0,-0.11,-0.22,-0.11
2014-04-02 11:05:00,86.301686325,0.0,0,-0.11,-0.22,-0.11
2014-04-02 11:10:00,76.9243525119,0.0,0,-0.11,-0.22,-0.11
2014-04-02 11:15:00,82.9546104114,0.0,0,-0.11,-0.22,-0.11
2014-04-02 11:20:00,79.2476459399,0.0,0,-0.11,-0.22,-0.11
2014-04-02 11:25:00,81.5366849354,0.0,0,-0.11,-0.22,-0.11
2014-04-02 11:30:00,79.5895401309,0.0,0,-0.11,-0.22,-0.11
2014-04-02 11:35:00,86.94900677870001,0.0,0,-0.11,-0.22,-0.11
2014-04-02 11:40:00,82.5752442468,0.0,0,-0.11,-0.22,-0.11
2014-04-02 11:45:00,75.56497687699999,0.0,0,-0.11,-0.22,-0.11
2014-04-02 11:50:00,86.03550176600002,0.0,0,-0.11,-0.22,-0.11
2014-04-02 11:55:00,76.2442489556,0.0,0,-0.11,-0.22,-0.11
2014-04-02 12:00:00,77.8521467709,0.0,0,-0.11,-0.22,-0.11
2014-04-02 12:05:00,73.5456183933,0.0,0,-0.11,-0.22,-0.11
2014-04-02 12:10:00,86.29578495959998,0.0,0,-0.11,-0.22,-0.11
2014-04-02 12:15:00,76.4858990208,0.0,0,-0.11,-0.22,-0.11
2014-04-02 12:20:00,76.0513106686,0.0,0,-0.11,-0.22,-0.11
2014-04-02 12:25:00,86.620132526,0.0,0,-0.11,-0.22,-0.11
2014-04-02 12:30:00,84.7865636827,0.0,0,-0.11,-0.22,-0.11
2014-04-02 12:35:00,74.168154029,0.0,0,-0.11,-0.22,-0.11
2014-04-02 12:40:00,84.208021032,0.0,0,-0.11,-0.22,-0.11
2014-04-02 12:45:00,86.5045993334,0.0,0,-0.11,-0.22,-0.11
2014-04-02 12:50:00,73.16827207600001,0.0,0,-0.11,-0.22,-0.11
2014-04-02 12:55:00,85.1011957906,0.0,0,-0.11,-0.22,-0.11
2014-04-02 13:00:00,80.739338737,0.0,0,-0.11,-0.22,-0.11
2014-04-02 13:05:00,82.6873094719,0.0,0,-0.11,-0.22,-0.11
2014-04-02 13:10:00,79.8664968618,0.0,0,-0.11,-0.22,-0.11
2014-04-02 13:15:00,83.1448897946,0.0,0,-0.11,-0.22,-0.11
2014-04-02 13:20:00,72.5281548509,0.0,0,-0.11,-0.22,-0.11
2014-04-02 13:25:00,84.1830987778,0.0,0,-0.11,-0.22,-0.11
2014-04-02 13:30:00,72.5160911259,0.0,0,-0.11,-0.22,-0.11
2014-04-02 13:35:00,79.2657692125,0.0,0,-0.11,-0.22,-0.11
2014-04-02 13:40:00,74.3975801845,0.0,0,-0.11,-0.22,-0.11
2014-04-02 13:45:00,85.1567459124,0.0,0,-0.11,-0.22,-0.11
2014-04-02 13:50:00,77.00009008890001,0.0,0,-0.11,-0.22,-0.11
2014-04-02 13:55:00,79.2464729945,0.0,0,-0.11,-0.22,-0.11
2014-04-02 14:00:00,78.8562265802,0.0,0,-0.11,-0.22,-0.11
2014-04-02 14:05:00,84.3559821694,0.0,0,-0.11,-0.22,-0.11
2014-04-02 14:10:00,79.6944842379,0.0,0,-0.11,-0.22,-0.11
2014-04-02 14:15:00,84.61927144020001,0.0,0,-0.11,-0.22,-0.11
2014-04-02 14:20:00,73.1726199745,0.0,0,-0.11,-0.22,-0.11
2014-04-02 14:25:00,75.06190034229999,0.0,0,-0.11,-0.22,-0.11
2014-04-02 14:30:00,80.820668416,0.0,0,-0.11,-0.22,-0.11
2014-04-02 14:35:00,87.14922983219999,0.0,0,-0.11,-0.22,-0.11
2014-04-02 14:40:00,73.1926121335,0.0,0,-0.11,-0.22,-0.11
2014-04-02 14:45:00,72.6858583698,0.0,0,-0.11,-0.22,-0.11
2014-04-02 14:50:00,74.5012345679,0.0,0,-0.11,-0.22,-0.11
2014-04-02 14:55:00,82.2545016562,0.0,0,-0.11,-0.22,-0.11
2014-04-02 15:00:00,78.38313418140001,0.0,0,-0.11,-0.22,-0.11
2014-04-02 15:05:00,85.2080200658,0.0,0,-0.11,-0.22,-0.11
2014-04-02 15:10:00,73.15022817479999,0.0,0,-0.11,-0.22,-0.11
2014-04-02 15:15:00,75.1419040198,0.0,0,-0.11,-0.22,-0.11
2014-04-02 15:20:00,76.7996852034,0.0,0,-0.11,-0.22,-0.11
2014-04-02 15:25:00,82.0268939213,0.0,0,-0.11,-0.22,-0.11
2014-04-02 15:30:00,82.9619666023,0.0,0,-0.11,-0.22,-0.11
2014-04-02 15:35:00,73.9865424258,0.0,0,-0.11,-0.22,-0.11
2014-04-02 15:40:00,87.10003917549999,0.0,0,-0.11,-0.22,-0.11
2014-04-02 15:45:00,77.4559625787,0.0,0,-0.11,-0.22,-0.11
2014-04-02 15:50:00,83.4098994653,0.0,0,-0.11,-0.22,-0.11
2014-04-02 15:55:00,80.38655178489999,0.0,0,-0.11,-0.22,-0.11
2014-04-02 16:00:00,75.5639847336,0.0,0,-0.11,-0.22,-0.11
2014-04-02 16:05:00,85.5394889337,0.0,0,-0.11,-0.22,-0.11
2014-04-02 16:10:00,85.0916450748,0.0,0,-0.11,-0.22,-0.11
2014-04-02 16:15:00,78.3369992553,0.0,0,-0.11,-0.22,-0.11
2014-04-02 16:20:00,81.41756504909999,0.0,0,-0.11,-0.22,-0.11
2014-04-02 16:25:00,76.1250649746,0.0,0,-0.11,-0.22,-0.11
2014-04-02 16:30:00,83.0374666277,0.0,0,-0.11,-0.22,-0.11
2014-04-02 16:35:00,76.9442812686,0.0,0,-0.11,-0.22,-0.11
2014-04-02 16:40:00,85.50509558,0.0,0,-0.11,-0.22,-0.11
2014-04-02 16:45:00,75.4780167504,0.0,0,-0.11,-0.22,-0.11
2014-04-02 16:50:00,72.23671607029999,0.0,0,-0.11,-0.22,-0.11
2014-04-02 16:55:00,76.2959821829,0.0,0,-0.11,-0.22,-0.11
2014-04-02 17:00:00,75.05681096149999,0.0,0,-0.11,-0.22,-0.11
2014-04-02 17:05:00,80.1325522647,0.0,0,-0.11,-0.22,-0.11
2014-04-02 17:10:00,75.259223767,0.0,0,-0.11,-0.22,-0.11
2014-04-02 17:15:00,84.2110055945,0.0,0,-0.11,-0.22,-0.11
2014-04-02 17:20:00,75.8619010771,0.0,0,-0.11,-0.22,-0.11
2014-04-02 17:25:00,83.311458887,0.0,0,-0.11,-0.22,-0.11
2014-04-02 17:30:00,81.2555035661,0.0,0,-0.11,-0.22,-0.11
2014-04-02 17:35:00,87.779963996,0.0,0,-0.11,-0.22,-0.11
2014-04-02 17:40:00,87.9983818408,0.0,0,-0.11,-0.22,-0.11
2014-04-02 17:45:00,85.91238434270002,0.0,0,-0.11,-0.22,-0.11
2014-04-02 17:50:00,84.15970159140001,0.0,0,-0.11,-0.22,-0.11
2014-04-02 17:55:00,78.1832726016,0.0,0,-0.11,-0.22,-0.11
2014-04-02 18:00:00,33.6209645984,0.0,0,-0.11,-0.22,-0.11
2014-04-02 18:05:00,34.9227167321,0.0,0,-0.11,-0.22,-0.11
2014-04-02 18:10:00,28.9496109242,0.0,0,-0.11,-0.22,-0.11
2014-04-02 18:15:00,32.2426478907,0.0,0,-0.11,-0.22,-0.11
2014-04-02 18:20:00,30.1951833506,0.0,0,-0.11,-0.22,-0.11
2014-04-02 18:25:00,32.3704022064,0.0,0,-0.11,-0.22,-0.11
2014-04-02 18:30:00,31.785255271700002,0.0,0,-0.11,-0.22,-0.11
2014-04-02 18:35:00,32.4849126848,0.0,0,-0.11,-0.22,-0.11
2014-04-02 18:40:00,32.3261520105,0.0,0,-0.11,-0.22,-0.11
2014-04-02 18:45:00,34.9446783413,0.0,0,-0.11,-0.22,-0.11
2014-04-02 18:50:00,32.3339848891,0.0,0,-0.11,-0.22,-0.11
2014-04-02 18:55:00,34.2158787945,0.0,0,-0.11,-0.22,-0.11
2014-04-02 19:00:00,21.592793700300003,0.0,0,-0.11,-0.22,-0.11
2014-04-02 19:05:00,22.1226898722,0.0,0,-0.11,-0.22,-0.11
2014-04-02 19:10:00,22.2674511512,0.0,0,-0.11,-0.22,-0.11
2014-04-02 19:15:00,21.4087004597,0.0,0,-0.11,-0.22,-0.11
2014-04-02 19:20:00,21.861459172199996,0.0,0,-0.11,-0.22,-0.11
2014-04-02 19:25:00,22.841337343000003,0.0,0,-0.11,-0.22,-0.11
2014-04-02 19:30:00,22.7592399311,0.0,0,-0.11,-0.22,-0.11
2014-04-02 19:35:00,23.0112290814,0.0,0,-0.11,-0.22,-0.11
2014-04-02 19:40:00,21.7361430687,0.0,0,-0.11,-0.22,-0.11
2014-04-02 19:45:00,21.574923914699998,0.0,0,-0.11,-0.22,-0.11
2014-04-02 19:50:00,22.900046858499998,0.0,0,-0.11,-0.22,-0.11
2014-04-02 19:55:00,20.755219494400002,0.0,0,-0.11,-0.22,-0.11
2014-04-02 20:00:00,19.468416968699998,0.0,0,-0.11,-0.22,-0.11
2014-04-02 20:05:00,18.6045549873,0.0,0,-0.11,-0.22,-0.11
2014-04-02 20:10:00,18.7294138275,0.0,0,-0.11,-0.22,-0.11
2014-04-02 20:15:00,19.4288976787,0.0,0,-0.11,-0.22,-0.11
2014-04-02 20:20:00,18.51199171,0.0,0,-0.11,-0.22,-0.11
2014-04-02 20:25:00,19.4372015519,0.0,0,-0.11,-0.22,-0.11
2014-04-02 20:30:00,21.1147827659,0.0,0,-0.11,-0.22,-0.11
2014-04-02 20:35:00,18.6822943692,0.0,0,-0.11,-0.22,-0.11
2014-04-02 20:40:00,20.2208731896,0.0,0,-0.11,-0.22,-0.11
2014-04-02 20:45:00,22.1720933252,0.0,0,-0.11,-0.22,-0.11
2014-04-02 20:50:00,21.6731023992,0.0,0,-0.11,-0.22,-0.11
2014-04-02 20:55:00,19.6830717732,0.0,0,-0.11,-0.22,-0.11
2014-04-02 21:00:00,21.803378128600002,0.0,0,-0.11,-0.22,-0.11
2014-04-02 21:05:00,19.4113151523,0.0,0,-0.11,-0.22,-0.11
2014-04-02 21:10:00,18.3778542379,0.0,0,-0.11,-0.22,-0.11
2014-04-02 21:15:00,22.081709647399997,0.0,0,-0.11,-0.22,-0.11
2014-04-02 21:20:00,21.5831944885,0.0,0,-0.11,-0.22,-0.11
2014-04-02 21:25:00,19.9590769938,0.0,0,-0.11,-0.22,-0.11
2014-04-02 21:30:00,20.7647004752,0.0,0,-0.11,-0.22,-0.11
2014-04-02 21:35:00,20.7841998397,0.0,0,-0.11,-0.22,-0.11
2014-04-02 21:40:00,18.8680629356,0.0,0,-0.11,-0.22,-0.11
2014-04-02 21:45:00,18.8904354202,0.0,0,-0.11,-0.22,-0.11
2014-04-02 21:50:00,19.9737387141,0.0,0,-0.11,-0.22,-0.11
2014-04-02 21:55:00,21.7501947116,0.0,0,-0.11,-0.22,-0.11
2014-04-02 22:00:00,18.0572934667,0.0,0,-0.11,-0.22,-0.11
2014-04-02 22:05:00,21.1503073551,0.0,0,-0.11,-0.22,-0.11
2014-04-02 22:10:00,18.2476080287,0.0,0,-0.11,-0.22,-0.11
2014-04-02 22:15:00,19.9320048227,0.0,0,-0.11,-0.22,-0.11
2014-04-02 22:20:00,20.5712207539,0.0,0,-0.11,-0.22,-0.11
2014-04-02 22:25:00,20.7669542137,0.0,0,-0.11,-0.22,-0.11
2014-04-02 22:30:00,18.2514216059,0.0,0,-0.11,-0.22,-0.11
2014-04-02 22:35:00,19.6933018978,0.0,0,-0.11,-0.22,-0.11
2014-04-02 22:40:00,20.354870967100002,0.0,0,-0.11,-0.22,-0.11
2014-04-02 22:45:00,18.2817157551,0.0,0,-0.11,-0.22,-0.11
2014-04-02 22:50:00,18.5581769804,0.0,0,-0.11,-0.22,-0.11
2014-04-02 22:55:00,20.67442436,0.0,0,-0.11,-0.22,-0.11
2014-04-02 23:00:00,20.0904094025,0.0,0,-0.11,-0.22,-0.11
2014-04-02 23:05:00,18.6508949277,0.0,0,-0.11,-0.22,-0.11
2014-04-02 23:10:00,20.1448244095,0.0,0,-0.11,-0.22,-0.11
2014-04-02 23:15:00,21.6549264394,0.0,0,-0.11,-0.22,-0.11
2014-04-02 23:20:00,18.065818308599997,0.0,0,-0.11,-0.22,-0.11
2014-04-02 23:25:00,20.5744846347,0.0,0,-0.11,-0.22,-0.11
2014-04-02 23:30:00,18.298114300199998,0.0,0,-0.11,-0.22,-0.11
2014-04-02 23:35:00,18.0292587233,0.0,0,-0.11,-0.22,-0.11
2014-04-02 23:40:00,18.6061896555,0.0,0,-0.11,-0.22,-0.11
2014-04-02 23:45:00,19.6954073178,0.0,0,-0.11,-0.22,-0.11
2014-04-02 23:50:00,21.213448194,0.0,0,-0.11,-0.22,-0.11
2014-04-02 23:55:00,19.130814395799998,0.0,0,-0.11,-0.22,-0.11
2014-04-03 00:00:00,20.5026928496,0.0,0,-0.11,-0.22,-0.11
2014-04-03 00:05:00,19.644626551800002,0.0,0,-0.11,-0.22,-0.11
2014-04-03 00:10:00,18.9373271679,0.0,0,-0.11,-0.22,-0.11
2014-04-03 00:15:00,20.0569884571,0.0,0,-0.11,-0.22,-0.11
2014-04-03 00:20:00,21.1898579615,0.0,0,-0.11,-0.22,-0.11
2014-04-03 00:25:00,21.3299694802,0.0,0,-0.11,-0.22,-0.11
2014-04-03 00:30:00,21.3860781275,0.0,0,-0.11,-0.22,-0.11
2014-04-03 00:35:00,19.3542312502,0.0,0,-0.11,-0.22,-0.11
2014-04-03 00:40:00,21.1738242589,0.0,0,-0.11,-0.22,-0.11
2014-04-03 00:45:00,18.8487138204,0.0,0,-0.11,-0.22,-0.11
2014-04-03 00:50:00,20.953700405,0.0,0,-0.11,-0.22,-0.11
2014-04-03 00:55:00,21.793537705100004,0.0,0,-0.11,-0.22,-0.11
2014-04-03 01:00:00,18.054975338800002,0.0,0,-0.11,-0.22,-0.11
2014-04-03 01:05:00,19.7614557247,0.0,0,-0.11,-0.22,-0.11
2014-04-03 01:10:00,20.5910839537,0.0,0,-0.11,-0.22,-0.11
2014-04-03 01:15:00,20.807103082,0.0,0,-0.11,-0.22,-0.11
2014-04-03 01:20:00,18.7043510331,0.0,0,-0.11,-0.22,-0.11
2014-04-03 01:25:00,21.888733101,0.0,0,-0.11,-0.22,-0.11
2014-04-03 01:30:00,20.4610614719,0.0,0,-0.11,-0.22,-0.11
2014-04-03 01:35:00,18.6573624049,0.0,0,-0.11,-0.22,-0.11
2014-04-03 01:40:00,18.0820900469,0.0,0,-0.11,-0.22,-0.11
2014-04-03 01:45:00,21.133056795199998,0.0,0,-0.11,-0.22,-0.11
2014-04-03 01:50:00,18.3188189578,0.0,0,-0.11,-0.22,-0.11
2014-04-03 01:55:00,18.5642036843,0.0,0,-0.11,-0.22,-0.11
2014-04-03 02:00:00,20.2993201074,0.0,0,-0.11,-0.22,-0.11
2014-04-03 02:05:00,20.4140220138,0.0,0,-0.11,-0.22,-0.11
2014-04-03 02:10:00,20.747548474400002,0.0,0,-0.11,-0.22,-0.11
2014-04-03 02:15:00,19.574056050699998,0.0,0,-0.11,-0.22,-0.11
2014-04-03 02:20:00,21.0955946759,0.19428142931258832,0,-0.11,-0.22,-0.11
2014-04-03 02:25:00,21.8974343985,0.2074807059621259,0,-0.11,-0.22,-0.11
2014-04-03 02:30:00,19.0843797723,0.20540105153587773,0,-0.11,-0.22,-0.11
2014-04-03 02:35:00,20.8121144662,0.18955830182919828,0,-0.11,-0.22,-0.11
2014-04-03 02:40:00,21.7138746096,0.2055022480474675,0,-0.11,-0.22,-0.11
2014-04-03 02:45:00,20.745147050499998,0.1872010721391521,0,-0.11,-0.22,-0.11
2014-04-03 02:50:00,20.7244379946,0.18670526696890133,0,-0.11,-0.22,-0.11
2014-04-03 02:55:00,18.8950902763,0.21330172316526524,0,-0.11,-0.22,-0.11
2014-04-03 03:00:00,20.140520801300003,0.18760158378048936,0,-0.11,-0.22,-0.11
2014-04-03 03:05:00,20.2500913744,0.1853485626494656,0,-0.11,-0.22,-0.11
2014-04-03 03:10:00,20.8005182498,0.1904727683385448,0,-0.11,-0.22,-0.11
2014-04-03 03:15:00,21.9872857996,0.2160257638582969,0,-0.11,-0.22,-0.11
2014-04-03 03:20:00,18.1345752902,0.2356889057243709,0,-0.11,-0.22,-0.11
2014-04-03 03:25:00,18.2609306451,0.2304986306292896,0,-0.11,-0.22,-0.11
2014-04-03 03:30:00,18.3118002777,0.22747619707443545,0,-0.11,-0.22,-0.11
2014-04-03 03:35:00,20.971916538,0.2002556850582412,0,-0.11,-0.22,-0.11
2014-04-03 03:40:00,18.5454151804,0.22205972713743866,0,-0.11,-0.22,-0.11
2014-04-03 03:45:00,20.489807498,0.19067512124147287,0,-0.11,-0.22,-0.11
2014-04-03 03:50:00,19.298675511600003,0.20279987264905405,0,-0.11,-0.22,-0.11
2014-04-03 03:55:00,19.8292798248,0.18901589659971205,0,-0.11,-0.22,-0.11
2014-04-03 04:00:00,18.862652639300002,0.2140689197346816,0,-0.11,-0.22,-0.11
2014-04-03 04:05:00,21.4644262452,0.2206501410920404,0,-0.11,-0.22,-0.11
2014-04-03 04:10:00,20.344601296700002,0.1886523022700073,0,-0.11,-0.22,-0.11
2014-04-03 04:15:00,21.7782530543,0.2295461614325831,0,-0.11,-0.22,-0.11
2014-04-03 04:20:00,20.2983849988,0.18512342728762946,0,-0.11,-0.22,-0.11
2014-04-03 04:25:00,18.4956321224,0.2331299861703578,0,-0.11,-0.22,-0.11
2014-04-03 04:30:00,18.6834817354,0.22513228470149524,0,-0.11,-0.22,-0.11
2014-04-03 04:35:00,21.956295905500003,0.2421074791995676,0,-0.11,-0.22,-0.11
2014-04-03 04:40:00,20.9022607893,0.2050370624467872,0,-0.11,-0.22,-0.11
2014-04-03 04:45:00,18.1971150001,0.2470797691910981,0,-0.11,-0.22,-0.11
2014-04-03 04:50:00,20.8151240201,0.2050272876936076,0,-0.11,-0.22,-0.11
2014-04-03 04:55:00,19.6486921872,0.19689859848709584,0,-0.11,-0.22,-0.11
2014-04-03 05:00:00,19.2288335473,0.21056551044856,0,-0.11,-0.22,-0.11
2014-04-03 05:05:00,18.6162431749,0.2319809498717509,0,-0.11,-0.22,-0.11
2014-04-03 05:10:00,21.359615818199998,0.2309083173248272,0,-0.11,-0.22,-0.11
2014-04-03 05:15:00,18.255365515999998,0.2481373685993752,0,-0.11,-0.22,-0.11
2014-04-03 05:20:00,19.1593418495,0.2101882805346279,0,-0.11,-0.22,-0.11
2014-04-03 05:25:00,19.2255315753,0.20689714671546364,0,-0.11,-0.22,-0.11
2014-04-03 05:30:00,18.6436211359,0.2290719378796376,0,-0.11,-0.22,-0.11
2014-04-03 05:35:00,20.0327395331,0.18997368187691427,0,-0.11,-0.22,-0.11
2014-04-03 05:40:00,18.0468105072,0.2555162398968105,0,-0.11,-0.22,-0.11
2014-04-03 05:45:00,19.2039020616,0.2027599088268809,0,-0.11,-0.22,-0.11
2014-04-03 05:50:00,21.734517776100002,0.2694690605712682,0,-0.11,-0.22,-0.11
2014-04-03 05:55:00,19.2421182774,0.204744176918134,0,-0.11,-0.22,-0.11
2014-04-03 06:00:00,19.4418375484,0.19595493952957108,0,-0.11,-0.22,-0.11
2014-04-03 06:05:00,19.8926601929,0.1872466478430666,0,-0.11,-0.22,-0.11
2014-04-03 06:10:00,20.2467734994,0.20200857626665125,0,-0.11,-0.22,-0.11
2014-04-03 06:15:00,21.2348345793,0.24869659672865205,0,-0.11,-0.22,-0.11
2014-04-03 06:20:00,18.7612848926,0.23297414447944026,0,-0.11,-0.22,-0.11
2014-04-03 06:25:00,21.4869855088,0.2634012061393474,0,-0.11,-0.22,-0.11
2014-04-03 06:30:00,21.030197428599998,0.2351155257826768,0,-0.11,-0.22,-0.11
2014-04-03 06:35:00,20.8906013386,0.2259904758691325,0,-0.11,-0.22,-0.11
2014-04-03 06:40:00,18.3472182949,0.2660827379072894,0,-0.11,-0.22,-0.11
2014-04-03 06:45:00,18.0865627599,0.27667155507543506,0,-0.11,-0.22,-0.11
2014-04-03 06:50:00,20.3760508036,0.2075971072611381,0,-0.11,-0.22,-0.11
2014-04-03 06:55:00,21.4525358501,0.2648386439526748,0,-0.11,-0.22,-0.11
2014-04-03 07:00:00,20.3377658566,0.20117174028285376,0,-0.11,-0.22,-0.11
2014-04-03 07:05:00,18.852939461800002,0.23868086783760484,0,-0.11,-0.22,-0.11
2014-04-03 07:10:00,18.3620795918,0.2652652415339301,0,-0.11,-0.22,-0.11
2014-04-03 07:15:00,20.7983858113,0.23250082626196045,0,-0.11,-0.22,-0.11
2014-04-03 07:20:00,20.887081109300002,0.2356912994707904,0,-0.11,-0.22,-0.11
2014-04-03 07:25:00,18.6901268027,0.249604152820557,0,-0.11,-0.22,-0.11
2014-04-03 07:30:00,18.112761262,0.2833163561004093,0,-0.11,-0.22,-0.11
2014-04-03 07:35:00,19.6331340529,0.18936024150367936,0,-0.11,-0.22,-0.11
2014-04-03 07:40:00,20.3308748085,0.21215297627924296,0,-0.11,-0.22,-0.11
2014-04-03 07:45:00,20.824009638299998,0.2406193873647185,0,-0.11,-0.22,-0.11
2014-04-03 07:50:00,21.2397800366,0.2652943999062945,0,-0.11,-0.22,-0.11
2014-04-03 07:55:00,20.442149709200002,0.21119000532536136,0,-0.11,-0.22,-0.11
2014-04-03 08:00:00,18.443522434400002,0.2751386568534362,0,-0.11,-0.22,-0.11
2014-04-03 08:05:00,20.730326688599998,0.23239699207804226,0,-0.11,-0.22,-0.11
2014-04-03 08:10:00,21.9367065716,0.31616655098991936,0,-0.11,-0.22,-0.11
2014-04-03 08:15:00,21.622338338400002,0.2818889980064771,0,-0.11,-0.22,-0.11
2014-04-03 08:20:00,21.4866756371,0.26629039427426143,0,-0.11,-0.22,-0.11
2014-04-03 08:25:00,19.2086806134,0.2375109233731682,0,-0.11,-0.22,-0.11
2014-04-03 08:30:00,21.003152705799998,0.2342306709586241,0,-0.11,-0.22,-0.11
2014-04-03 08:35:00,21.4044137839,0.2590602876770202,0,-0.11,-0.22,-0.11
2014-04-03 08:40:00,20.7133048185,0.21056505828252656,0,-0.11,-0.22,-0.11
2014-04-03 08:45:00,19.0022470263,0.2614268877191983,0,-0.11,-0.22,-0.11
2014-04-03 08:50:00,21.8153358875,0.2907522578621933,0,-0.11,-0.22,-0.11
2014-04-03 08:55:00,19.803277645799998,0.20924741180197834,0,-0.11,-0.22,-0.11
2014-04-03 09:00:00,62.9653555979,0.9999995575806334,0,-0.11,-0.22,-0.11
2014-04-03 09:05:00,62.692979372799996,0.6557292377364395,0,-0.11,-0.22,-0.11
2014-04-03 09:10:00,70.0062582273,0.5735976971884198,0,-0.11,-0.22,-0.11
2014-04-03 09:15:00,67.1528511913,0.4440260980337606,0,-0.11,-0.22,-0.11
2014-04-03 09:20:00,62.484980702399994,0.3655393316683139,0,-0.11,-0.22,-0.11
2014-04-03 09:25:00,71.26895818130002,0.3974962020296567,0,-0.11,-0.22,-0.11
2014-04-03 09:30:00,72.0708222747,0.3706154164739016,0,-0.11,-0.22,-0.11
2014-04-03 09:35:00,71.0656525787,0.3417519880096849,0,-0.11,-0.22,-0.11
2014-04-03 09:40:00,63.950747936499994,0.2916642085272846,0,-0.11,-0.22,-0.11
2014-04-03 09:45:00,70.5809462015,0.31454240588331217,0,-0.11,-0.22,-0.11
2014-04-03 09:50:00,61.3458301194,0.2633796876968313,0,-0.11,-0.22,-0.11
2014-04-03 09:55:00,65.3495250996,0.2759942540135649,0,-0.11,-0.22,-0.11
2014-04-03 10:00:00,76.0297101674,0.3178333288047557,0,-0.11,-0.22,-0.11
2014-04-03 10:05:00,82.8030326467,0.3369067391197123,0,-0.11,-0.22,-0.11
2014-04-03 10:10:00,75.89892067,0.2919458587378804,0,-0.11,-0.22,-0.11
2014-04-03 10:15:00,70.01490180489999,0.2611931359328464,0,-0.11,-0.22,-0.11
2014-04-03 10:20:00,75.3084163116,0.2778915660684294,0,-0.11,-0.22,-0.11
2014-04-03 10:25:00,77.58330200649999,0.28118695908591906,0,-0.11,-0.22,-0.11
2014-04-03 10:30:00,84.5685542892,0.30344935716935434,0,-0.11,-0.22,-0.11
2014-04-03 10:35:00,84.4448523948,0.2936662507613341,0,-0.11,-0.22,-0.11
2014-04-03 10:40:00,72.6471650732,0.2418402813871422,0,-0.11,-0.22,-0.11
2014-04-03 10:45:00,72.7134743278,0.2396246106751328,0,-0.11,-0.22,-0.11
2014-04-03 10:50:00,72.3756802043,0.23611490364602336,0,-0.11,-0.22,-0.11
2014-04-03 10:55:00,82.08406839109999,0.2707440577854385,0,-0.11,-0.22,-0.11
2014-04-03 11:00:00,71.66377453,0.2270028425844733,0,-0.11,-0.22,-0.11
2014-04-03 11:05:00,73.59062616,0.2323880507104128,0,-0.11,-0.22,-0.11
2014-04-03 11:10:00,80.1237099817,0.2554852991668252,0,-0.11,-0.22,-0.11
2014-04-03 11:15:00,75.5052271118,0.2342036904881401,0,-0.11,-0.22,-0.11
2014-04-03 11:20:00,73.0368371118,0.2230083314622201,0,-0.11,-0.22,-0.11
2014-04-03 11:25:00,77.2914999082,0.2379644866750793,0,-0.11,-0.22,-0.11
2014-04-03 11:30:00,75.9289977509,0.2304095554282165,0,-0.11,-0.22,-0.11
2014-04-03 11:35:00,79.6966028908,0.2438718953804005,0,-0.11,-0.22,-0.11
2014-04-03 11:40:00,87.14173107629999,0.2734889749734661,0,-0.11,-0.22,-0.11
2014-04-03 11:45:00,73.5449409439,0.2122549111055241,0,-0.11,-0.22,-0.11
2014-04-03 11:50:00,77.4958455137,0.2269896119393321,0,-0.11,-0.22,-0.11
2014-04-03 11:55:00,86.3902897242,0.2641039410100427,0,-0.11,-0.22,-0.11
2014-04-03 12:00:00,85.9267327335,0.25771803391904297,0,-0.11,-0.22,-0.11
2014-04-03 12:05:00,78.2143665527,0.22083431583247407,0,-0.11,-0.22,-0.11
2014-04-03 12:10:00,83.0834323296,0.2404961343343769,0,-0.11,-0.22,-0.11
2014-04-03 12:15:00,73.3176253626,0.19729432772475305,0,-0.11,-0.22,-0.11
2014-04-03 12:20:00,83.3005761004,0.2397639158129806,0,-0.11,-0.22,-0.11
2014-04-03 12:25:00,87.4606448033,0.2572538268564886,0,-0.11,-0.22,-0.11
2014-04-03 12:30:00,80.5030906728,0.2212080858794583,0,-0.11,-0.22,-0.11
2014-04-03 12:35:00,79.8798726202,0.2171283465898767,0,-0.11,-0.22,-0.11
2014-04-03 12:40:00,74.9071013977,0.1942906568943681,0,-0.11,-0.22,-0.11
2014-04-03 12:45:00,82.0420424491,0.2265060593314649,0,-0.11,-0.22,-0.11
2014-04-03 12:50:00,81.34926009670002,0.2215990326287235,0,-0.11,-0.22,-0.11
2014-04-03 12:55:00,82.3320118369,0.2251572893415863,0,-0.11,-0.22,-0.11
2014-04-03 13:00:00,72.3999524271,0.18746698941200968,0,-0.11,-0.22,-0.11
2014-04-03 13:05:00,80.7601887154,0.2170506653712032,0,-0.11,-0.22,-0.11
2014-04-03 13:10:00,81.4993929462,0.2197916248629586,0,-0.11,-0.22,-0.11
2014-04-03 13:15:00,75.30240525090001,0.1874218319938207,0,-0.11,-0.22,-0.11
2014-04-03 13:20:00,75.3152457216,0.187355896101962,0,-0.11,-0.22,-0.11
2014-04-03 13:25:00,76.4011500184,0.19270129511679326,0,-0.11,-0.22,-0.11
2014-04-03 13:30:00,83.3675324567,0.2314173339426652,0,-0.11,-0.22,-0.11
2014-04-03 13:35:00,81.68064895479999,0.21958061937401127,0,-0.11,-0.22,-0.11
2014-04-03 13:40:00,85.5116746093,0.2420140261818432,0,-0.11,-0.22,-0.11
2014-04-03 13:45:00,76.7121218206,0.1875772806770791,0,-0.11,-0.22,-0.11
2014-04-03 13:50:00,86.57230661690002,0.2479527169144947,0,-0.11,-0.22,-0.11
2014-04-03 13:55:00,83.8791627601,0.2272846054915133,0,-0.11,-0.22,-0.11
2014-04-03 14:00:00,78.3164273513,0.19153202369364625,0,-0.11,-0.22,-0.11
2014-04-03 14:05:00,73.5206638887,0.2018073150211244,0,-0.11,-0.22,-0.11
2014-04-03 14:10:00,76.1080852363,0.18547005478291345,0,-0.11,-0.22,-0.11
2014-04-03 14:15:00,87.3041006774,0.2554137603363521,0,-0.11,-0.22,-0.11
2014-04-03 14:20:00,76.9621196551,0.18347341270451664,0,-0.11,-0.22,-0.11
2014-04-03 14:25:00,77.2747059984,0.18334442937182047,0,-0.11,-0.22,-0.11
2014-04-03 14:30:00,75.0298212933,0.19618031514198284,0,-0.11,-0.22,-0.11
2014-04-03 14:35:00,84.905533957,0.2394060992143539,0,-0.11,-0.22,-0.11
2014-04-03 14:40:00,76.4066399891,0.18923394305650074,0,-0.11,-0.22,-0.11
2014-04-03 14:45:00,77.28042233560001,0.18304603986632634,0,-0.11,-0.22,-0.11
2014-04-03 14:50:00,78.6257955156,0.19133892192753627,0,-0.11,-0.22,-0.11
2014-04-03 14:55:00,78.9358633731,0.19340829385793595,0,-0.11,-0.22,-0.11
2014-04-03 15:00:00,78.5806982647,0.19041960352604406,0,-0.11,-0.22,-0.11
2014-04-03 15:05:00,80.05913055100001,0.2019277798366612,0,-0.11,-0.22,-0.11
2014-04-03 15:10:00,85.03138976470001,0.2457269154444147,0,-0.11,-0.22,-0.11
2014-04-03 15:15:00,85.10774360970001,0.2437349041493404,0,-0.11,-0.22,-0.11
2014-04-03 15:20:00,84.77219631930001,0.2379282546213428,0,-0.11,-0.22,-0.11
2014-04-03 15:25:00,73.6172906931,0.2267541138610774,0,-0.11,-0.22,-0.11
2014-04-03 15:30:00,84.79404682170002,0.2395502581519274,0,-0.11,-0.22,-0.11
2014-04-03 15:35:00,73.9233187051,0.2259453769845821,0,-0.11,-0.22,-0.11
2014-04-03 15:40:00,73.9948699633,0.22373185951101007,0,-0.11,-0.22,-0.11
2014-04-03 15:45:00,87.16496755440002,0.2705152255435733,0,-0.11,-0.22,-0.11
2014-04-03 15:50:00,85.1095484558,0.24320373272260906,0,-0.11,-0.22,-0.11
2014-04-03 15:55:00,80.8377914196,0.1982230420973268,0,-0.11,-0.22,-0.11
2014-04-03 16:00:00,85.9993581526,0.25113547492482136,0,-0.11,-0.22,-0.11
2014-04-03 16:05:00,87.8296656475,0.26909341441868473,0,-0.11,-0.22,-0.11
2014-04-03 16:10:00,81.77011606720001,0.1996316333423825,0,-0.11,-0.22,-0.11
2014-04-03 16:15:00,81.8062179235,0.19951540888092947,0,-0.11,-0.22,-0.11
2014-04-03 16:20:00,84.0706710506,0.22286018440855,0,-0.11,-0.22,-0.11
2014-04-03 16:25:00,75.71407786649999,0.23071089799819736,0,-0.11,-0.22,-0.11
2014-04-03 16:30:00,74.67385441020001,0.2412084988015711,0,-0.11,-0.22,-0.11
2014-04-03 16:35:00,84.1531304259,0.2295528066646925,0,-0.11,-0.22,-0.11
2014-04-03 16:40:00,77.5183278844,0.2090079344657572,0,-0.11,-0.22,-0.11
2014-04-03 16:45:00,74.16098331149999,0.2490972240603099,0,-0.11,-0.22,-0.11
2014-04-03 16:50:00,77.0378957016,0.21074397107350454,0,-0.11,-0.22,-0.11
2014-04-03 16:55:00,77.7380406287,0.20171827950967725,0,-0.11,-0.22,-0.11
2014-04-03 17:00:00,87.44360897370001,0.2868854124735587,0,-0.11,-0.22,-0.11
2014-04-03 17:05:00,83.1673234411,0.2218292286298568,0,-0.11,-0.22,-0.11
2014-04-03 17:10:00,80.4936701688,0.1883600690054245,0,-0.11,-0.22,-0.11
2014-04-03 17:15:00,87.50193661819998,0.2830894477374256,0,-0.11,-0.22,-0.11
2014-04-03 17:20:00,86.45020265069998,0.2610782771716025,0,-0.11,-0.22,-0.11
2014-04-03 17:25:00,80.1919829121,0.1878943199588745,0,-0.11,-0.22,-0.11
2014-04-03 17:30:00,86.4908409535,0.2602210938438178,0,-0.11,-0.22,-0.11
2014-04-03 17:35:00,78.468844397,0.2130397662361045,0,-0.11,-0.22,-0.11
2014-04-03 17:40:00,75.686701582,0.2516837947101805,0,-0.11,-0.22,-0.11
2014-04-03 17:45:00,75.7228217516,0.24795880387579364,0,-0.11,-0.22,-0.11
2014-04-03 17:50:00,82.5970166738,0.2118431422025953,0,-0.11,-0.22,-0.11
2014-04-03 17:55:00,80.0170944047,0.18762516181764144,0,-0.11,-0.22,-0.11
2014-04-03 18:00:00,33.0172790815,0.9280525395743782,0,-0.11,-0.22,-0.11
2014-04-03 18:05:00,33.1908797986,0.5990208781450689,0,-0.11,-0.22,-0.11
2014-04-03 18:10:00,28.9428608295,0.5131457871016255,0,-0.11,-0.22,-0.11
2014-04-03 18:15:00,29.145847795,0.4347139225092185,0,-0.11,-0.22,-0.11
2014-04-03 18:20:00,32.209131266,0.3724884751616653,0,-0.11,-0.22,-0.11
2014-04-03 18:25:00,30.0226212933,0.3601319091186703,0,-0.11,-0.22,-0.11
2014-04-03 18:30:00,32.8482098135,0.3252276600163977,0,-0.11,-0.22,-0.11
2014-04-03 18:35:00,32.3339825226,0.3145086073258028,0,-0.11,-0.22,-0.11
2014-04-03 18:40:00,32.5488600442,0.3024165565473393,0,-0.11,-0.22,-0.11
2014-04-03 18:45:00,30.7357085297,0.3011773304997806,0,-0.11,-0.22,-0.11
2014-04-03 18:50:00,32.894992124299996,0.28318574497946186,0,-0.11,-0.22,-0.11
2014-04-03 18:55:00,34.1087463246,0.27185709824501936,0,-0.11,-0.22,-0.11
2014-04-03 19:00:00,24.631357864899996,0.3061642537353293,0,-0.11,-0.22,-0.11
2014-04-03 19:05:00,23.916229538099998,0.2994339762144357,0,-0.11,-0.22,-0.11
2014-04-03 19:10:00,22.6575932004,0.29590738095246955,0,-0.11,-0.22,-0.11
2014-04-03 19:15:00,21.0265634173,0.2943088991342079,0,-0.11,-0.22,-0.11
2014-04-03 19:20:00,23.212876251599997,0.2779025818207044,0,-0.11,-0.22,-0.11
2014-04-03 19:25:00,24.3606876229,0.2678078906354089,0,-0.11,-0.22,-0.11
2014-04-03 19:30:00,21.10916094,0.2754175445494393,0,-0.11,-0.22,-0.11
2014-04-03 19:35:00,21.306859211099997,0.2691947265407339,0,-0.11,-0.22,-0.11
2014-04-03 19:40:00,20.8275571319,0.2661864609768806,0,-0.11,-0.22,-0.11
2014-04-03 19:45:00,23.4605116765,0.2520464055902261,0,-0.11,-0.22,-0.11
2014-04-03 19:50:00,21.9813943295,0.2542318683231331,0,-0.11,-0.22,-0.11
2014-04-03 19:55:00,20.4408753409,0.2565386267761097,0,-0.11,-0.22,-0.11
2014-04-03 20:00:00,22.015794901,0.2471434415956525,0,-0.11,-0.22,-0.11
2014-04-03 20:05:00,20.7162238731,0.24911704158103265,0,-0.11,-0.22,-0.11
2014-04-03 20:10:00,19.7881619826,0.2496140940497007,0,-0.11,-0.22,-0.11
2014-04-03 20:15:00,19.8409540319,0.2463980852492068,0,-0.11,-0.22,-0.11
2014-04-03 20:20:00,19.6208687625,0.2444574136219268,0,-0.11,-0.22,-0.11
2014-04-03 20:25:00,20.2976465425,0.2392566533286423,0,-0.11,-0.22,-0.11
2014-04-03 20:30:00,19.8125225183,0.2388296219818908,0,-0.11,-0.22,-0.11
2014-04-03 20:35:00,20.676387813399998,0.2332614788598157,0,-0.11,-0.22,-0.11
2014-04-03 20:40:00,21.600326406100002,0.22780367375879385,0,-0.11,-0.22,-0.11
2014-04-03 20:45:00,21.1945931627,0.2277681500221763,0,-0.11,-0.22,-0.11
2014-04-03 20:50:00,19.6380951971,0.2323488504174981,0,-0.11,-0.22,-0.11
2014-04-03 20:55:00,20.5977229361,0.2266211429025057,0,-0.11,-0.22,-0.11
2014-04-03 21:00:00,21.463035009400002,0.2215775426237012,0,-0.11,-0.22,-0.11
2014-04-03 21:05:00,18.3605344538,0.2331970041619943,0,-0.11,-0.22,-0.11
2014-04-03 21:10:00,18.4010923305,0.2311162104670238,0,-0.11,-0.22,-0.11
2014-04-03 21:15:00,20.3217586878,0.2210991995939713,0,-0.11,-0.22,-0.11
2014-04-03 21:20:00,20.6551314735,0.21839124673273305,0,-0.11,-0.22,-0.11
2014-04-03 21:25:00,18.9361111467,0.2248006061769594,0,-0.11,-0.22,-0.11
2014-04-03 21:30:00,21.0815886816,0.21379786163702208,0,-0.11,-0.22,-0.11
2014-04-03 21:35:00,20.6838617144,0.21461122409631667,0,-0.11,-0.22,-0.11
2014-04-03 21:40:00,21.7972841736,0.2085671948000229,0,-0.11,-0.22,-0.11
2014-04-03 21:45:00,18.7654606822,0.22203596631887035,0,-0.11,-0.22,-0.11
2014-04-03 21:50:00,21.1063233957,0.20949468231712204,0,-0.11,-0.22,-0.11
2014-04-03 21:55:00,18.422578264600002,0.22185645192244496,0,-0.11,-0.22,-0.11
2014-04-03 22:00:00,20.280620351,0.2112271092447721,0,-0.11,-0.22,-0.11
2014-04-03 22:05:00,20.2269798254,0.21063055415899265,0,-0.11,-0.22,-0.11
2014-04-03 22:10:00,19.5723115675,0.2131680771077136,0,-0.11,-0.22,-0.11
2014-04-03 22:15:00,21.398807733399998,0.2027189256830156,0,-0.11,-0.22,-0.11
2014-04-03 22:20:00,18.034779353599998,0.2203175084542356,0,-0.11,-0.22,-0.11
2014-04-03 22:25:00,20.0999950866,0.20760802142168752,0,-0.11,-0.22,-0.11
2014-04-03 22:30:00,18.8867280597,0.2136955983152485,0,-0.11,-0.22,-0.11
2014-04-03 22:35:00,20.994129500899998,0.2007752899615756,0,-0.11,-0.22,-0.11
2014-04-03 22:40:00,18.1897150752,0.2166681195763352,0,-0.11,-0.22,-0.11
2014-04-03 22:45:00,21.3466919122,0.19688161097795984,0,-0.11,-0.22,-0.11
2014-04-03 22:50:00,21.3728671705,0.19633898503549765,0,-0.11,-0.22,-0.11
2014-04-03 22:55:00,21.3519422446,0.19609104917597064,0,-0.11,-0.22,-0.11
2014-04-03 23:00:00,18.6138472777,0.2130855634747415,0,-0.11,-0.22,-0.11
2014-04-03 23:05:00,20.525566224400002,0.1996867248889553,0,-0.11,-0.22,-0.11
2014-04-03 23:10:00,18.0609364691,0.2157643407869961,0,-0.11,-0.22,-0.11
2014-04-03 23:15:00,21.3959575983,0.1921803992765324,0,-0.11,-0.22,-0.11
2014-04-03 23:20:00,20.895912016900002,0.19526584432272426,0,-0.11,-0.22,-0.11
2014-04-03 23:25:00,20.1284788477,0.20026267019931268,0,-0.11,-0.22,-0.11
2014-04-03 23:30:00,20.9263828246,0.1940979074989516,0,-0.11,-0.22,-0.11
2014-04-03 23:35:00,18.3808248257,0.21278540998625767,0,-0.11,-0.22,-0.11
2014-04-03 23:40:00,20.1184853344,0.1985072295793844,0,-0.11,-0.22,-0.11
2014-04-03 23:45:00,19.1687856657,0.20545670894030266,0,-0.11,-0.22,-0.11
2014-04-03 23:50:00,21.8946808225,0.18371654798001366,0,-0.11,-0.22,-0.11
2014-04-03 23:55:00,21.432586067,0.18722500691952065,0,-0.11,-0.22,-0.11
2014-04-04 00:00:00,20.9331027833,0.19108778942662896,0,-0.11,-0.22,-0.11
2014-04-04 00:05:00,21.734990541,0.18433872135828344,0,-0.11,-0.22,-0.11
2014-04-04 00:10:00,19.3873732183,0.20440613616527087,0,-0.11,-0.22,-0.11
2014-04-04 00:15:00,21.603519595999998,0.1843578285273987,0,-0.11,-0.22,-0.11
2014-04-04 00:20:00,19.300952928399997,0.2050619873701519,0,-0.11,-0.22,-0.11
2014-04-04 00:25:00,20.931186878800002,0.1892413741153414,0,-0.11,-0.22,-0.11
2014-04-04 00:30:00,20.9456676471,0.1889309338088997,0,-0.11,-0.22,-0.11
2014-04-04 00:35:00,18.073399505799998,0.21754210839113566,0,-0.11,-0.22,-0.11
2014-04-04 00:40:00,19.4442387931,0.2020712528464909,0,-0.11,-0.22,-0.11
2014-04-04 00:45:00,18.0777306896,0.21615441563004967,0,-0.11,-0.22,-0.11
2014-04-04 00:50:00,21.9883680704,0.190530315662728,0,-0.11,-0.22,-0.11
2014-04-04 00:55:00,18.4887870473,0.21175176429403086,0,-0.11,-0.22,-0.11
2014-04-04 01:00:00,20.1712435826,0.1920810207835173,0,-0.11,-0.22,-0.11
2014-04-04 01:05:00,21.1622249551,0.183733766516906,0,-0.11,-0.22,-0.11
2014-04-04 01:10:00,18.805054409,0.2081184828317212,0,-0.11,-0.22,-0.11
2014-04-04 01:15:00,19.9402106724,0.1937632962158056,0,-0.11,-0.22,-0.11
2014-04-04 01:20:00,20.4297150437,0.1876754211261273,0,-0.11,-0.22,-0.11
2014-04-04 01:25:00,18.6408190176,0.20992325211354967,0,-0.11,-0.22,-0.11
2014-04-04 01:30:00,21.1142218396,0.18683446947629995,0,-0.11,-0.22,-0.11
2014-04-04 01:35:00,19.1973458288,0.20256215091617025,0,-0.11,-0.22,-0.11
2014-04-04 01:40:00,18.8440923054,0.2068542177211856,0,-0.11,-0.22,-0.11
2014-04-04 01:45:00,20.2331549857,0.18717365895562607,0,-0.11,-0.22,-0.11
2014-04-04 01:50:00,19.6412545106,0.19517143604899032,0,-0.11,-0.22,-0.11
2014-04-04 01:55:00,21.681143778499997,0.1985357040682304,0,-0.11,-0.22,-0.11
2014-04-04 02:00:00,21.520250792800002,0.19572459174975865,0,-0.11,-0.22,-0.11
2014-04-04 02:05:00,19.933402653599998,0.19266336658573927,0,-0.11,-0.22,-0.11
2014-04-04 02:10:00,19.4370550989,0.20006893037074847,0,-0.11,-0.22,-0.11
2014-04-04 02:15:00,19.302071926500002,0.2017588122675553,0,-0.11,-0.22,-0.11
2014-04-04 02:20:00,19.070254492300002,0.2050824436502195,0,-0.11,-0.22,-0.11
2014-04-04 02:25:00,20.1781914149,0.18610297636224774,0,-0.11,-0.22,-0.11
2014-04-04 02:30:00,21.2199144189,0.19603807532720816,0,-0.11,-0.22,-0.11
2014-04-04 02:35:00,19.2430264328,0.2030440911398493,0,-0.11,-0.22,-0.11
2014-04-04 02:40:00,18.760376358800002,0.21145389304094664,0,-0.11,-0.22,-0.11
2014-04-04 02:45:00,19.9019352247,0.1893993468976236,0,-0.11,-0.22,-0.11
2014-04-04 02:50:00,18.2761376672,0.22070529801367605,0,-0.11,-0.22,-0.11
2014-04-04 02:55:00,20.805116024500002,0.19404072871512346,0,-0.11,-0.22,-0.11
2014-04-04 03:00:00,20.0734330652,0.1849817363727043,0,-0.11,-0.22,-0.11
2014-04-04 03:05:00,19.9854992319,0.1866158365826984,0,-0.11,-0.22,-0.11
2014-04-04 03:10:00,19.2017815182,0.20259722306991407,0,-0.11,-0.22,-0.11
2014-04-04 03:15:00,21.618693750100004,0.2138451177933491,0,-0.11,-0.22,-0.11
2014-04-04 03:20:00,18.361945167400002,0.223476495359424,0,-0.11,-0.22,-0.11
2014-04-04 03:25:00,21.479296035500003,0.21240903221776847,0,-0.11,-0.22,-0.11
2014-04-04 03:30:00,19.5068208097,0.19748969408081973,0,-0.11,-0.22,-0.11
2014-04-04 03:35:00,21.522494063899998,0.21416955646661112,0,-0.11,-0.22,-0.11
2014-04-04 03:40:00,20.9150458333,0.1983268961528508,0,-0.11,-0.22,-0.11
2014-04-04 03:45:00,18.416682906600002,0.228459440689989,0,-0.11,-0.22,-0.11
2014-04-04 03:50:00,21.326145145999998,0.2109708050619148,0,-0.11,-0.22,-0.11
2014-04-04 03:55:00,20.7287073348,0.19471050152038247,0,-0.11,-0.22,-0.11
2014-04-04 04:00:00,18.1292076517,0.24004978443846184,0,-0.11,-0.22,-0.11
2014-04-04 04:05:00,18.5348107284,0.22572896934500125,0,-0.11,-0.22,-0.11
2014-04-04 04:10:00,20.542512223299997,0.19479682260200976,0,-0.11,-0.22,-0.11
2014-04-04 04:15:00,20.650402011500002,0.1974162240653093,0,-0.11,-0.22,-0.11
2014-04-04 04:20:00,20.9866057314,0.20663916341341512,0,-0.11,-0.22,-0.11
2014-04-04 04:25:00,20.8809816031,0.20281343539412108,0,-0.11,-0.22,-0.11
2014-04-04 04:30:00,20.6380798187,0.1950352954724347,0,-0.11,-0.22,-0.11
2014-04-04 04:35:00,21.064955607,0.20780920509471645,0,-0.11,-0.22,-0.11
2014-04-04 04:40:00,20.300342823599998,0.1835896847762128,0,-0.11,-0.22,-0.11
2014-04-04 04:45:00,19.0431655421,0.22177407572992192,0,-0.11,-0.22,-0.11
2014-04-04 04:50:00,21.6495064549,0.2308153378771722,0,-0.11,-0.22,-0.11
2014-04-04 04:55:00,18.0728561237,0.2607822336831974,0,-0.11,-0.22,-0.11
2014-04-04 05:00:00,19.4662468795,0.20520670254336232,0,-0.11,-0.22,-0.11
2014-04-04 05:05:00,20.9154811724,0.20890007519773726,0,-0.11,-0.22,-0.11
2014-04-04 05:10:00,19.7086241646,0.1979311077974724,0,-0.11,-0.22,-0.11
2014-04-04 05:15:00,18.0993376299,0.2610477504009384,0,-0.11,-0.22,-0.11
2014-04-04 05:20:00,18.2639236125,0.2500259059558208,0,-0.11,-0.22,-0.11
2014-04-04 05:25:00,20.5945494766,0.205211242095608,0,-0.11,-0.22,-0.11
2014-04-04 05:30:00,21.8594583976,0.2567567184806671,0,-0.11,-0.22,-0.11
2014-04-04 05:35:00,20.2074545433,0.1869419859840233,0,-0.11,-0.22,-0.11
2014-04-04 05:40:00,20.0270312721,0.18456092307078886,0,-0.11,-0.22,-0.11
2014-04-04 05:45:00,19.273300852200002,0.21421142343541194,0,-0.11,-0.22,-0.11
2014-04-04 05:50:00,19.0267626955,0.2238664665940074,0,-0.11,-0.22,-0.11
2014-04-04 05:55:00,18.083939927,0.26726014122026953,0,-0.11,-0.22,-0.11
2014-04-04 06:00:00,19.0918194706,0.2154622918278627,0,-0.11,-0.22,-0.11
2014-04-04 06:05:00,19.7964417635,0.18479056851822867,0,-0.11,-0.22,-0.11
2014-04-04 06:10:00,18.7917991322,0.2291963821697144,0,-0.11,-0.22,-0.11
2014-04-04 06:15:00,18.3493919539,0.2496238507591449,0,-0.11,-0.22,-0.11
2014-04-04 06:20:00,20.870911469,0.23466656290013066,0,-0.11,-0.22,-0.11
2014-04-04 06:25:00,21.5784810763,0.2702311242468657,0,-0.11,-0.22,-0.11
2014-04-04 06:30:00,21.747088278699998,0.2747149703268097,0,-0.11,-0.22,-0.11
2014-04-04 06:35:00,20.471994914,0.20459073532325184,0,-0.11,-0.22,-0.11
2014-04-04 06:40:00,18.2110983304,0.2718735044206107,0,-0.11,-0.22,-0.11
2014-04-04 06:45:00,20.9634505198,0.2325331203528795,0,-0.11,-0.22,-0.11
2014-04-04 06:50:00,18.440381221,0.2583302077014568,0,-0.11,-0.22,-0.11
2014-04-04 06:55:00,20.6789924708,0.22022497639868133,0,-0.11,-0.22,-0.11
2014-04-04 07:00:00,21.117463343,0.2424271024276489,0,-0.11,-0.22,-0.11
2014-04-04 07:05:00,20.903458843299997,0.22822336264313936,0,-0.11,-0.22,-0.11
2014-04-04 07:10:00,21.807535223000002,0.2795545909966425,0,-0.11,-0.22,-0.11
2014-04-04 07:15:00,20.952585137899998,0.22424334568570725,0,-0.11,-0.22,-0.11
2014-04-04 07:20:00,20.7728391119,0.21315018054694296,0,-0.11,-0.22,-0.11
2014-04-04 07:25:00,19.0469726887,0.2438222924142054,0,-0.11,-0.22,-0.11
2014-04-04 07:30:00,21.699074745700003,0.2712389788528203,0,-0.11,-0.22,-0.11
2014-04-04 07:35:00,18.7181754832,0.2664028450819322,0,-0.11,-0.22,-0.11
2014-04-04 07:40:00,21.6195864459,0.26614601754205475,0,-0.11,-0.22,-0.11
2014-04-04 07:45:00,19.2506501734,0.2340959636517794,0,-0.11,-0.22,-0.11
2014-04-04 07:50:00,18.5206543755,0.2782964798321218,0,-0.11,-0.22,-0.11
2014-04-04 07:55:00,21.3067321091,0.2511814483683796,0,-0.11,-0.22,-0.11
2014-04-04 08:00:00,18.0099818144,0.31315774522375217,0,-0.11,-0.22,-0.11
2014-04-04 08:05:00,21.3283532707,0.25427076912511576,0,-0.11,-0.22,-0.11
2014-04-04 08:10:00,19.0492473682,0.23990971265515745,0,-0.11,-0.22,-0.11
2014-04-04 08:15:00,21.538885090999997,0.26889869608065864,0,-0.11,-0.22,-0.11
2014-04-04 08:20:00,20.765916729,0.21690153871281226,0,-0.11,-0.22,-0.11
2014-04-04 08:25:00,20.6647333314,0.21000118266999387,0,-0.11,-0.22,-0.11
2014-04-04 08:30:00,19.4612782527,0.22294719380956665,0,-0.11,-0.22,-0.11
2014-04-04 08:35:00,18.2376118956,0.3058785636815926,0,-0.11,-0.22,-0.11
2014-04-04 08:40:00,21.3202923928,0.2584630697796033,0,-0.11,-0.22,-0.11
2014-04-04 08:45:00,18.6836151807,0.2696523282997745,0,-0.11,-0.22,-0.11
2014-04-04 08:50:00,19.4890345676,0.2132474383152043,0,-0.11,-0.22,-0.11
2014-04-04 08:55:00,20.401418742,0.20429080279078374,0,-0.11,-0.22,-0.11
2014-04-04 09:00:00,67.7586508444,0.9999999015425196,0,-0.11,-0.22,-0.11
2014-04-04 09:05:00,63.9017846383,0.6173259480166351,0,-0.11,-0.22,-0.11
2014-04-04 09:10:00,63.1123824536,0.4788082958802348,0,-0.11,-0.22,-0.11
2014-04-04 09:15:00,62.87614930260001,0.41533100846761817,0,-0.11,-0.22,-0.11
2014-04-04 09:20:00,72.9369071884,0.44854685996270016,0,-0.11,-0.22,-0.11
2014-04-04 09:25:00,61.629209867200004,0.33195248612512906,0,-0.11,-0.22,-0.11
2014-04-04 09:30:00,74.4873939306,0.3902949601002837,0,-0.11,-0.22,-0.11
2014-04-04 09:35:00,63.899990189200004,0.30687897741625664,0,-0.11,-0.22,-0.11
2014-04-04 09:40:00,62.7003832376,0.2914133725649163,0,-0.11,-0.22,-0.11
2014-04-04 09:45:00,69.046814505,0.3136396886672857,0,-0.11,-0.22,-0.11
2014-04-04 09:50:00,62.28780902800001,0.2724207681682039,0,-0.11,-0.22,-0.11
2014-04-04 09:55:00,69.39336437899999,0.2987487967659989,0,-0.11,-0.22,-0.11
2014-04-04 10:00:00,83.0417255275,0.3542025619088565,0,-0.11,-0.22,-0.11
2014-04-04 10:05:00,70.5833772932,0.2804921354803617,0,-0.11,-0.22,-0.11
2014-04-04 10:10:00,82.2539607423,0.3242626393505139,0,-0.11,-0.22,-0.11
2014-04-04 10:15:00,75.962289884,0.28526811915206923,0,-0.11,-0.22,-0.11
2014-04-04 10:20:00,72.3152946371,0.2644134236042582,0,-0.11,-0.22,-0.11
2014-04-04 10:25:00,72.5730173738,0.2610796488554213,0,-0.11,-0.22,-0.11
2014-04-04 10:30:00,84.0992257181,0.303084553209964,0,-0.11,-0.22,-0.11
2014-04-04 10:35:00,71.5566012701,0.2457891586851041,0,-0.11,-0.22,-0.11
2014-04-04 10:40:00,83.292468856,0.28811153878063794,0,-0.11,-0.22,-0.11
2014-04-04 10:45:00,78.2866765177,0.2617199619299263,0,-0.11,-0.22,-0.11
2014-04-04 10:50:00,70.4461518952,0.2293247237015873,0,-0.11,-0.22,-0.11
2014-04-04 10:55:00,77.0486697815,0.25166319727892944,0,-0.11,-0.22,-0.11
2014-04-04 11:00:00,84.5687170782,0.2778702290042813,0,-0.11,-0.22,-0.11
2014-04-04 11:05:00,83.1175291346,0.26636839601182777,0,-0.11,-0.22,-0.11
2014-04-04 11:10:00,79.3415955709,0.24742068756508995,0,-0.11,-0.22,-0.11
2014-04-04 11:15:00,85.2462332867,0.2674724136653788,0,-0.11,-0.22,-0.11
2014-04-04 11:20:00,73.4822811714,0.2190295301821602,0,-0.11,-0.22,-0.11
2014-04-04 11:25:00,86.0397025132,0.26568100321877325,0,-0.11,-0.22,-0.11
2014-04-04 11:30:00,85.0298009797,0.25719069346740697,0,-0.11,-0.22,-0.11
2014-04-04 11:35:00,82.8324346353,0.2448997204261633,0,-0.11,-0.22,-0.11
2014-04-04 11:40:00,84.5756866508,0.2491106220417857,0,-0.11,-0.22,-0.11
2014-04-04 11:45:00,80.2168418208,0.22915823712901004,0,-0.11,-0.22,-0.11
2014-04-04 11:50:00,82.30578327239999,0.2356097715477717,0,-0.11,-0.22,-0.11
2014-04-04 11:55:00,80.4837517165,0.2263910165975477,0,-0.11,-0.22,-0.11
2014-04-04 12:00:00,77.5936322603,0.21366110718286924,0,-0.11,-0.22,-0.11
2014-04-04 12:05:00,81.0044506305,0.22620967023519475,0,-0.11,-0.22,-0.11
2014-04-04 12:10:00,76.0281019861,0.20492156614926,0,-0.11,-0.22,-0.11
2014-04-04 12:15:00,78.9496133734,0.2159731997448229,0,-0.11,-0.22,-0.11
2014-04-04 12:20:00,76.4006156283,0.20451173663191066,0,-0.11,-0.22,-0.11
2014-04-04 12:25:00,73.8774451858,0.1937467718425839,0,-0.11,-0.22,-0.11
2014-04-04 12:30:00,77.0572099546,0.20660555805221129,0,-0.11,-0.22,-0.11
2014-04-04 12:35:00,85.52903733640001,0.2449978224791924,0,-0.11,-0.22,-0.11
2014-04-04 12:40:00,78.0035755795,0.20724898114934348,0,-0.11,-0.22,-0.11
2014-04-04 12:45:00,83.8672967134,0.2341168467504557,0,-0.11,-0.22,-0.11
2014-04-04 12:50:00,74.713401869,0.18982150344185564,0,-0.11,-0.22,-0.11
2014-04-04 12:55:00,78.69615769880002,0.20773744008891395,0,-0.11,-0.22,-0.11
2014-04-04 13:00:00,73.8199760621,0.18456962777463465,0,-0.11,-0.22,-0.11
2014-04-04 13:05:00,74.200124709,0.1862371645922686,0,-0.11,-0.22,-0.11
2014-04-04 13:10:00,81.8593311225,0.22451025321011026,0,-0.11,-0.22,-0.11
2014-04-04 13:15:00,81.70009634899999,0.22220443448294272,0,-0.11,-0.22,-0.11
2014-04-04 13:20:00,75.39585116960002,0.18812924006783788,0,-0.11,-0.22,-0.11
2014-04-04 13:25:00,79.57166932359999,0.20979401153476807,0,-0.11,-0.22,-0.11
2014-04-04 13:30:00,85.79230357600001,0.2455829500978138,0,-0.11,-0.22,-0.11
2014-04-04 13:35:00,74.769275205,0.1841115328733761,0,-0.11,-0.22,-0.11
2014-04-04 13:40:00,72.2900147607,0.1973941938186962,0,-0.11,-0.22,-0.11
2014-04-04 13:45:00,82.4121385893,0.2255899745217616,0,-0.11,-0.22,-0.11
2014-04-04 13:50:00,72.8384858963,0.19626462521998286,0,-0.11,-0.22,-0.11
2014-04-04 13:55:00,87.6580008466,0.26206979296879257,0,-0.11,-0.22,-0.11
2014-04-04 14:00:00,81.7500003524,0.2179282974962904,0,-0.11,-0.22,-0.11
2014-04-04 14:05:00,79.5225243811,0.2026762557863773,0,-0.11,-0.22,-0.11
2014-04-04 14:10:00,78.8760944061,0.19805640375210065,0,-0.11,-0.22,-0.11
2014-04-04 14:15:00,81.165234418,0.21261039947142374,0,-0.11,-0.22,-0.11
2014-04-04 14:20:00,73.44646538800001,0.2028673413665014,0,-0.11,-0.22,-0.11
2014-04-04 14:25:00,86.8761346865,0.2566404972170785,0,-0.11,-0.22,-0.11
2014-04-04 14:30:00,82.00633660369998,0.21609804541296485,0,-0.11,-0.22,-0.11
2014-04-04 14:35:00,74.9400586663,0.1978650645011525,0,-0.11,-0.22,-0.11
2014-04-04 14:40:00,80.997408798,0.20928053348511144,0,-0.11,-0.22,-0.11
2014-04-04 14:45:00,74.1285457523,0.2051250907599207,0,-0.11,-0.22,-0.11
2014-04-04 14:50:00,72.2773740004,0.2188064814616732,0,-0.11,-0.22,-0.11
2014-04-04 14:55:00,82.0843315264,0.2216783849914358,0,-0.11,-0.22,-0.11
2014-04-04 15:00:00,82.3749426629,0.22279415477961284,0,-0.11,-0.22,-0.11
2014-04-04 15:05:00,81.3383644691,0.2127576995539028,0,-0.11,-0.22,-0.11
2014-04-04 15:10:00,74.9350118867,0.20364981842896995,0,-0.11,-0.22,-0.11
2014-04-04 15:15:00,81.6540938491,0.2165014557595983,0,-0.11,-0.22,-0.11
2014-04-04 15:20:00,72.9034751747,0.22329058685173395,0,-0.11,-0.22,-0.11
2014-04-04 15:25:00,81.7470289101,0.2191562629178895,0,-0.11,-0.22,-0.11
2014-04-04 15:30:00,80.8634960087,0.2098245143564618,0,-0.11,-0.22,-0.11
2014-04-04 15:35:00,82.4832854463,0.22441752639497609,0,-0.11,-0.22,-0.11
2014-04-04 15:40:00,86.326780947,0.26331289228792576,0,-0.11,-0.22,-0.11
2014-04-04 15:45:00,85.6049078688,0.25123839056809594,0,-0.11,-0.22,-0.11
2014-04-04 15:50:00,87.68962523649998,0.2712806303850137,0,-0.11,-0.22,-0.11
2014-04-04 15:55:00,87.6190153764,0.2654634584699008,0,-0.11,-0.22,-0.11
2014-04-04 16:00:00,84.3569531283,0.2261936541970165,0,-0.11,-0.22,-0.11
2014-04-04 16:05:00,87.3025463336,0.2564559154310349,0,-0.11,-0.22,-0.11
2014-04-04 16:10:00,85.8763772913,0.2371687682204405,0,-0.11,-0.22,-0.11
2014-04-04 16:15:00,83.641158607,0.2116074233921856,0,-0.11,-0.22,-0.11
2014-04-04 16:20:00,73.2060075185,0.2622025969383064,0,-0.11,-0.22,-0.11
2014-04-04 16:25:00,72.7846584655,0.2631419157371972,0,-0.11,-0.22,-0.11
2014-04-04 16:30:00,85.40142910899999,0.2382597046483001,0,-0.11,-0.22,-0.11
2014-04-04 16:35:00,79.8343404437,0.18640737494921536,0,-0.11,-0.22,-0.11
2014-04-04 16:40:00,85.0335436853,0.2335164482755927,0,-0.11,-0.22,-0.11
2014-04-04 16:45:00,77.0065444776,0.21898892947414866,0,-0.11,-0.22,-0.11
2014-04-04 16:50:00,78.3622472774,0.2026667007295533,0,-0.11,-0.22,-0.11
2014-04-04 16:55:00,83.2028277865,0.2153064037709701,0,-0.11,-0.22,-0.11
2014-04-04 17:00:00,86.6451945191,0.2578841215531448,0,-0.11,-0.22,-0.11
2014-04-04 17:05:00,73.4041554045,0.27180936957706103,0,-0.11,-0.22,-0.11
2014-04-04 17:10:00,85.7836173732,0.2475323153781029,0,-0.11,-0.22,-0.11
2014-04-04 17:15:00,84.68817107779999,0.23046951914650265,0,-0.11,-0.22,-0.11
2014-04-04 17:20:00,77.048598745,0.2265348502632933,0,-0.11,-0.22,-0.11
2014-04-04 17:25:00,77.6834359957,0.21688641171182346,0,-0.11,-0.22,-0.11
2014-04-04 17:30:00,72.7433557021,0.2857521920258621,0,-0.11,-0.22,-0.11
2014-04-04 17:35:00,72.2518220332,0.28651138463310616,0,-0.11,-0.22,-0.11
2014-04-04 17:40:00,79.632067443,0.1829009551810976,0,-0.11,-0.22,-0.11
2014-04-04 17:45:00,73.52860609300001,0.2631614048617727,0,-0.11,-0.22,-0.11
2014-04-04 17:50:00,75.10400019069999,0.2364158440555805,0,-0.11,-0.22,-0.11
2014-04-04 17:55:00,85.54824234189999,0.2687626199717444,0,-0.11,-0.22,-0.11
2014-04-04 18:00:00,32.4545754727,0.8978741683297121,0,-0.11,-0.22,-0.11
2014-04-04 18:05:00,32.8552412903,0.5854098154233608,0,-0.11,-0.22,-0.11
2014-04-04 18:10:00,29.9998619573,0.4953166951972644,0,-0.11,-0.22,-0.11
2014-04-04 18:15:00,34.1034290006,0.3983967554430625,0,-0.11,-0.22,-0.11
2014-04-04 18:20:00,34.3550639474,0.3651474246062751,0,-0.11,-0.22,-0.11
2014-04-04 18:25:00,32.1492904271,0.3552849898731993,0,-0.11,-0.22,-0.11
2014-04-04 18:30:00,34.6403630891,0.3227198396061283,0,-0.11,-0.22,-0.11
2014-04-04 18:35:00,34.206896631999996,0.31219606348817125,0,-0.11,-0.22,-0.11
2014-04-04 18:40:00,33.4804683025,0.30487748152634164,0,-0.11,-0.22,-0.11
2014-04-04 18:45:00,33.498079428800004,0.2952866823586097,0,-0.11,-0.22,-0.11
2014-04-04 18:50:00,29.474512574200002,0.3053153477792113,0,-0.11,-0.22,-0.11
2014-04-04 18:55:00,30.5333447788,0.2910890971071988,0,-0.11,-0.22,-0.11
2014-04-04 19:00:00,20.4594744224,0.3283854576509221,0,-0.11,-0.22,-0.11
2014-04-04 19:05:00,20.198890709300002,0.3157885767221972,0,-0.11,-0.22,-0.11
2014-04-04 19:10:00,20.8692255558,0.3016285254522876,0,-0.11,-0.22,-0.11
2014-04-04 19:15:00,24.1045812559,0.2797648203295047,0,-0.11,-0.22,-0.11
2014-04-04 19:20:00,21.2346346196,0.284977350366372,0,-0.11,-0.22,-0.11
2014-04-04 19:25:00,24.506288408099998,0.2658660566544984,0,-0.11,-0.22,-0.11
2014-04-04 19:30:00,22.835862425300004,0.26768302544533457,0,-0.11,-0.22,-0.11
2014-04-04 19:35:00,21.222916860399998,0.2691340438580009,0,-0.11,-0.22,-0.11
2014-04-04 19:40:00,22.3871447715,0.2599820529258075,0,-0.11,-0.22,-0.11
2014-04-04 19:45:00,21.1415436459,0.2607355832489192,0,-0.11,-0.22,-0.11
2014-04-04 19:50:00,24.5682001929,0.2441850246233201,0,-0.11,-0.22,-0.11
2014-04-04 19:55:00,23.9557458138,0.2438007697144779,0,-0.11,-0.22,-0.11
2014-04-04 20:00:00,18.5394738564,0.2616476696032524,0,-0.11,-0.22,-0.11
2014-04-04 20:05:00,22.3140903571,0.2433256239524063,0,-0.11,-0.22,-0.11
2014-04-04 20:10:00,21.3854824229,0.2442520737034272,0,-0.11,-0.22,-0.11
2014-04-04 20:15:00,18.769433383,0.25166960922229875,0,-0.11,-0.22,-0.11
2014-04-04 20:20:00,21.1789319548,0.23923309578846155,0,-0.11,-0.22,-0.11
2014-04-04 20:25:00,21.0818115019,0.2373265408274153,0,-0.11,-0.22,-0.11
2014-04-04 20:30:00,19.3281584709,0.2420015885882864,0,-0.11,-0.22,-0.11
2014-04-04 20:35:00,21.5385974248,0.2309018306109317,0,-0.11,-0.22,-0.11
2014-04-04 20:40:00,18.7886167993,0.2400337362903305,0,-0.11,-0.22,-0.11
2014-04-04 20:45:00,20.4367672171,0.2310788112522624,0,-0.11,-0.22,-0.11
2014-04-04 20:50:00,18.4726452349,0.23729542902595016,0,-0.11,-0.22,-0.11
2014-04-04 20:55:00,22.3999484857,0.21920623469024028,0,-0.11,-0.22,-0.11
2014-04-04 21:00:00,21.1070844972,0.2232578098221528,0,-0.11,-0.22,-0.11
2014-04-04 21:05:00,18.7248582187,0.2319277126936906,0,-0.11,-0.22,-0.11
2014-04-04 21:10:00,19.459656253800002,0.2269258667916656,0,-0.11,-0.22,-0.11
2014-04-04 21:15:00,18.7317322631,0.2285432921829228,0,-0.11,-0.22,-0.11
2014-04-04 21:20:00,21.1675888601,0.2162471808791298,0,-0.11,-0.22,-0.11
2014-04-04 21:25:00,18.323116066300003,0.2278786987252208,0,-0.11,-0.22,-0.11
2014-04-04 21:30:00,21.4641623775,0.2121006061636181,0,-0.11,-0.22,-0.11
2014-04-04 21:35:00,21.8732754715,0.2093698353535518,0,-0.11,-0.22,-0.11
2014-04-04 21:40:00,20.805902976800002,0.213471198807016,0,-0.11,-0.22,-0.11
2014-04-04 21:45:00,18.9423506903,0.221437637695918,0,-0.11,-0.22,-0.11
2014-04-04 21:50:00,19.5336740653,0.21723916435039045,0,-0.11,-0.22,-0.11
2014-04-04 21:55:00,20.0045224559,0.2137991602130147,0,-0.11,-0.22,-0.11
2014-04-04 22:00:00,20.4381008379,0.210662260819902,0,-0.11,-0.22,-0.11
2014-04-04 22:05:00,20.6945000153,0.20851608785775333,0,-0.11,-0.22,-0.11
2014-04-04 22:10:00,20.2362670358,0.21012643011687807,0,-0.11,-0.22,-0.11
2014-04-04 22:15:00,19.4238847192,0.2136493704300572,0,-0.11,-0.22,-0.11
2014-04-04 22:20:00,21.584370234,0.20106203621117694,0,-0.11,-0.22,-0.11
2014-04-04 22:25:00,18.3431607686,0.2185817162781228,0,-0.11,-0.22,-0.11
2014-04-04 22:30:00,19.884094630499998,0.2085549981025876,0,-0.11,-0.22,-0.11
2014-04-04 22:35:00,21.1225175125,0.20072208914658288,0,-0.11,-0.22,-0.11
2014-04-04 22:40:00,18.261004403199998,0.21720475330835606,0,-0.11,-0.22,-0.11
2014-04-04 22:45:00,20.841329344200002,0.2004776617483924,0,-0.11,-0.22,-0.11
2014-04-04 22:50:00,21.2992741732,0.19723726917408047,0,-0.11,-0.22,-0.11
2014-04-04 22:55:00,20.6631427761,0.20074512308988465,0,-0.11,-0.22,-0.11
2014-04-04 23:00:00,18.0552135029,0.2172525759285892,0,-0.11,-0.22,-0.11
2014-04-04 23:05:00,18.7241424519,0.21160582575851256,0,-0.11,-0.22,-0.11
2014-04-04 23:10:00,19.3721710565,0.2063125188892054,0,-0.11,-0.22,-0.11
2014-04-04 23:15:00,18.9383956146,0.2086319802123196,0,-0.11,-0.22,-0.11
2014-04-04 23:20:00,21.8548038756,0.18787496344336235,0,-0.11,-0.22,-0.11
2014-04-04 23:25:00,20.6103320786,0.1962914651303652,0,-0.11,-0.22,-0.11
2014-04-04 23:30:00,19.1915679012,0.20627470689129346,0,-0.11,-0.22,-0.11
2014-04-04 23:35:00,21.7229600002,0.1870228134399848,0,-0.11,-0.22,-0.11
2014-04-04 23:40:00,20.9664015722,0.1924530869040733,0,-0.11,-0.22,-0.11
2014-04-04 23:45:00,19.142103423800002,0.20643100368028128,0,-0.11,-0.22,-0.11
2014-04-04 23:50:00,19.5192732567,0.20266812278492727,0,-0.11,-0.22,-0.11
2014-04-04 23:55:00,18.8013245927,0.20810536816680766,0,-0.11,-0.22,-0.11
2014-04-05 00:00:00,21.8842959931,0.1828417835881068,0,-0.11,-0.22,-0.11
2014-04-05 00:05:00,20.0691859836,0.19703008356154933,0,-0.11,-0.22,-0.11
2014-04-05 00:10:00,21.58422675,0.1837580081059364,0,-0.11,-0.22,-0.11
2014-04-05 00:15:00,19.3859990841,0.20313599473211447,0,-0.11,-0.22,-0.11
2014-04-05 00:20:00,21.4433664124,0.18395830566560686,0,-0.11,-0.22,-0.11
2014-04-05 00:25:00,18.2155473937,0.2145167923494805,0,-0.11,-0.22,-0.11
2014-04-05 00:30:00,21.9283612701,0.18688442917588005,0,-0.11,-0.22,-0.11
2014-04-05 00:35:00,21.6481374681,0.184129264013338,0,-0.11,-0.22,-0.11
2014-04-05 00:40:00,19.4528117791,0.20252685715228871,0,-0.11,-0.22,-0.11
2014-04-05 00:45:00,21.098888661300002,0.1851282521575984,0,-0.11,-0.22,-0.11
2014-04-05 00:50:00,21.0090317059,0.18597258985774354,0,-0.11,-0.22,-0.11
2014-04-05 00:55:00,21.6050191884,0.18514364009306708,0,-0.11,-0.22,-0.11
2014-04-05 01:00:00,19.2290199245,0.2059603016096344,0,-0.11,-0.22,-0.11
2014-04-05 01:05:00,19.862080021300002,0.19789992711824533,0,-0.11,-0.22,-0.11
2014-04-05 01:10:00,21.4599984504,0.1855493699295412,0,-0.11,-0.22,-0.11
2014-04-05 01:15:00,21.1143178165,0.183331553000652,0,-0.11,-0.22,-0.11
2014-04-05 01:20:00,19.573866875,0.20203053257397668,0,-0.11,-0.22,-0.11
2014-04-05 01:25:00,21.382900931600002,0.1857188063461528,0,-0.11,-0.22,-0.11
2014-04-05 01:30:00,18.187816156900002,0.22117187746292827,0,-0.11,-0.22,-0.11
2014-04-05 01:35:00,21.1281852119,0.18433507434119512,0,-0.11,-0.22,-0.11
2014-04-05 01:40:00,18.8270634377,0.2117250849248992,0,-0.11,-0.22,-0.11
2014-04-05 01:45:00,19.1444836313,0.20623357153985547,0,-0.11,-0.22,-0.11
2014-04-05 01:50:00,19.972859374400002,0.19364030907062105,0,-0.11,-0.22,-0.11
2014-04-05 01:55:00,19.798938004300002,0.1958595229739936,0,-0.11,-0.22,-0.11
2014-04-05 02:00:00,20.0822804275,0.19131823231990505,0,-0.11,-0.22,-0.11
2014-04-05 02:05:00,20.1791023827,0.1896380233725692,0,-0.11,-0.22,-0.11
2014-04-05 02:10:00,19.3261107641,0.20283309291222965,0,-0.11,-0.22,-0.11
2014-04-05 02:15:00,18.7009100521,0.21273935950286524,0,-0.11,-0.22,-0.11
2014-04-05 02:20:00,21.0739249171,0.1917484033982212,0,-0.11,-0.22,-0.11
2014-04-05 02:25:00,19.5999045963,0.19746744939655128,0,-0.11,-0.22,-0.11
2014-04-05 02:30:00,20.0233634498,0.18982387596661893,0,-0.11,-0.22,-0.11
2014-04-05 02:35:00,20.5787868734,0.18464541121124686,0,-0.11,-0.22,-0.11
2014-04-05 02:40:00,21.6385516892,0.20369019405819,0,-0.11,-0.22,-0.11
2014-04-05 02:45:00,20.8302113246,0.1880812776053224,0,-0.11,-0.22,-0.11
2014-04-05 02:50:00,18.1818369024,0.2286797883428135,0,-0.11,-0.22,-0.11
2014-04-05 02:55:00,21.3542414536,0.20040365779860927,0,-0.11,-0.22,-0.11
2014-04-05 03:00:00,21.957420060500002,0.21237120460263345,0,-0.11,-0.22,-0.11
2014-04-05 03:05:00,19.889940101500002,0.19514503671850367,0,-0.11,-0.22,-0.11
2014-04-05 03:10:00,21.8783613458,0.21120078773594314,0,-0.11,-0.22,-0.11
2014-04-05 03:15:00,20.1893149694,0.190239427398933,0,-0.11,-0.22,-0.11
2014-04-05 03:20:00,19.8384639835,0.19764801434851967,0,-0.11,-0.22,-0.11
2014-04-05 03:25:00,19.325619058900003,0.20904779920961344,0,-0.11,-0.22,-0.11
2014-04-05 03:30:00,20.630219503299998,0.1862405412445464,0,-0.11,-0.22,-0.11
2014-04-05 03:35:00,18.9192816821,0.2193986282167341,0,-0.11,-0.22,-0.11
2014-04-05 03:40:00,18.4197368741,0.2314646395513128,0,-0.11,-0.22,-0.11
2014-04-05 03:45:00,18.1089484103,0.2382905338752108,0,-0.11,-0.22,-0.11
2014-04-05 03:50:00,19.1695204509,0.2073287102695582,0,-0.11,-0.22,-0.11
2014-04-05 03:55:00,19.5830833287,0.1959077549163261,0,-0.11,-0.22,-0.11
2014-04-05 04:00:00,20.2083067851,0.1850520830007654,0,-0.11,-0.22,-0.11
2014-04-05 04:05:00,19.1709993007,0.20726481170324107,0,-0.11,-0.22,-0.11
2014-04-05 04:10:00,21.936238289499997,0.2359344512964529,0,-0.11,-0.22,-0.11
2014-04-05 04:15:00,19.166980673,0.2097668834847152,0,-0.11,-0.22,-0.11
2014-04-05 04:20:00,19.7639015538,0.19175820395343884,0,-0.11,-0.22,-0.11
2014-04-05 04:25:00,18.4131046621,0.23308590464867202,0,-0.11,-0.22,-0.11
2014-04-05 04:30:00,19.0425060533,0.21087583401826104,0,-0.11,-0.22,-0.11
2014-04-05 04:35:00,18.1933285592,0.2383143139562613,0,-0.11,-0.22,-0.11
2014-04-05 04:40:00,20.2380345337,0.1934078880108327,0,-0.11,-0.22,-0.11
2014-04-05 04:45:00,21.0042587325,0.2180577358866751,0,-0.11,-0.22,-0.11
2014-04-05 04:50:00,18.7828392573,0.22031371181538106,0,-0.11,-0.22,-0.11
2014-04-05 04:55:00,19.4716437513,0.19556861592391486,0,-0.11,-0.22,-0.11
2014-04-05 05:00:00,18.066464906900002,0.24654985223292936,0,-0.11,-0.22,-0.11
2014-04-05 05:05:00,21.3580882229,0.2389018400158025,0,-0.11,-0.22,-0.11
2014-04-05 05:10:00,21.1198540997,0.2273712031412253,0,-0.11,-0.22,-0.11
2014-04-05 05:15:00,18.2530161235,0.2441776375166519,0,-0.11,-0.22,-0.11
2014-04-05 05:20:00,19.4594704373,0.1953184526573492,0,-0.11,-0.22,-0.11
2014-04-05 05:25:00,21.8211464554,0.26178393025016466,0,-0.11,-0.22,-0.11
2014-04-05 05:30:00,19.5681082243,0.1947318170491519,0,-0.11,-0.22,-0.11
2014-04-05 05:35:00,20.1048347069,0.18989221319858893,0,-0.11,-0.22,-0.11
2014-04-05 05:40:00,19.420971444,0.2008160468102982,0,-0.11,-0.22,-0.11
2014-04-05 05:45:00,20.3845255525,0.20184508557746625,0,-0.11,-0.22,-0.11
2014-04-05 05:50:00,21.9126275025,0.27151896221261457,0,-0.11,-0.22,-0.11
2014-04-05 05:55:00,21.990010013899997,0.27036426575718525,0,-0.11,-0.22,-0.11
2014-04-05 06:00:00,21.098859912,0.2233672686056388,0,-0.11,-0.22,-0.11
2014-04-05 06:05:00,19.6172443921,0.204414647847154,0,-0.11,-0.22,-0.11
2014-04-05 06:10:00,19.9777288033,0.18859509362454344,0,-0.11,-0.22,-0.11
2014-04-05 06:15:00,19.4269253124,0.2126339026513604,0,-0.11,-0.22,-0.11
2014-04-05 06:20:00,21.9422985196,0.2728815294395969,0,-0.11,-0.22,-0.11
2014-04-05 06:25:00,20.831041223299998,0.21118888123514906,0,-0.11,-0.22,-0.11
2014-04-05 06:30:00,19.7957257817,0.2009505570485334,0,-0.11,-0.22,-0.11
2014-04-05 06:35:00,18.0484610804,0.29512477776287355,0,-0.11,-0.22,-0.11
2014-04-05 06:40:00,20.0819336576,0.18256558039423,0,-0.11,-0.22,-0.11
2014-04-05 06:45:00,21.935712806799998,0.27898681810035386,0,-0.11,-0.22,-0.11
2014-04-05 06:50:00,20.092243635899997,0.18622594407256576,0,-0.11,-0.22,-0.11
2014-04-05 06:55:00,18.729706742,0.257093477856744,0,-0.11,-0.22,-0.11
2014-04-05 07:00:00,18.0883749884,0.2923587002247276,0,-0.11,-0.22,-0.11
2014-04-05 07:05:00,19.4188150325,0.21016890228320986,0,-0.11,-0.22,-0.11
2014-04-05 07:10:00,21.6729122228,0.2742596600733169,0,-0.11,-0.22,-0.11
2014-04-05 07:15:00,21.9862164327,0.2883801727594976,0,-0.11,-0.22,-0.11
2014-04-05 07:20:00,21.7814718992,0.26878379485070225,0,-0.11,-0.22,-0.11
2014-04-05 07:25:00,20.917679973,0.21580796980847752,0,-0.11,-0.22,-0.11
2014-04-05 07:30:00,20.2325709138,0.18411350347678007,0,-0.11,-0.22,-0.11
2014-04-05 07:35:00,20.3627445855,0.18707682596336087,0,-0.11,-0.22,-0.11
2014-04-05 07:40:00,20.1559680364,0.18818291862305192,0,-0.11,-0.22,-0.11
2014-04-05 07:45:00,20.8281972197,0.2125539096328476,0,-0.11,-0.22,-0.11
2014-04-05 07:50:00,19.675492906800002,0.2165318150976288,0,-0.11,-0.22,-0.11
2014-04-05 07:55:00,20.6768160198,0.20526197073601848,0,-0.11,-0.22,-0.11
2014-04-05 08:00:00,18.486448459800002,0.29950177086603763,0,-0.11,-0.22,-0.11
2014-04-05 08:05:00,19.0627812262,0.2503379598181653,0,-0.11,-0.22,-0.11
2014-04-05 08:10:00,21.3440121552,0.25623404736879896,0,-0.11,-0.22,-0.11
2014-04-05 08:15:00,21.614995723000003,0.2716699515128943,0,-0.11,-0.22,-0.11
2014-04-05 08:20:00,20.1560329502,0.1885822299700624,0,-0.11,-0.22,-0.11
2014-04-05 08:25:00,18.126542468900002,0.33056282930738845,0,-0.11,-0.22,-0.11
2014-04-05 08:30:00,21.7078942832,0.28047308575977004,0,-0.11,-0.22,-0.11
2014-04-05 08:35:00,20.808257032100002,0.2151160745262425,0,-0.11,-0.22,-0.11
2014-04-05 08:40:00,19.656111695,0.21783065637787544,0,-0.11,-0.22,-0.11
2014-04-05 08:45:00,20.3935157728,0.1915884886476661,0,-0.11,-0.22,-0.11
2014-04-05 08:50:00,19.7190993378,0.2140745833932592,0,-0.11,-0.22,-0.11
2014-04-05 08:55:00,19.8613569069,0.2039134081580971,0,-0.11,-0.22,-0.11
2014-04-05 09:00:00,73.26061417300001,0.9999999973779006,0,-0.11,-0.22,-0.11
2014-04-05 09:05:00,63.3907457581,0.5604833002986345,0,-0.11,-0.22,-0.11
2014-04-05 09:10:00,62.60990024260001,0.4533316817599382,0,-0.11,-0.22,-0.11
2014-04-05 09:15:00,61.237110925399996,0.3920205718453401,0,-0.11,-0.22,-0.11
2014-04-05 09:20:00,65.4704051083,0.3905983177856592,0,-0.11,-0.22,-0.11
2014-04-05 09:25:00,63.2048272242,0.3475429683303695,0,-0.11,-0.22,-0.11
2014-04-05 09:30:00,64.1918027339,0.3352261333926956,0,-0.11,-0.22,-0.11
2014-04-05 09:35:00,61.3528501642,0.3052034965250036,0,-0.11,-0.22,-0.11
2014-04-05 09:40:00,64.28985763979999,0.3104998096751847,0,-0.11,-0.22,-0.11
2014-04-05 09:45:00,65.7248775143,0.3071759759561684,0,-0.11,-0.22,-0.11
2014-04-05 09:50:00,61.6293179512,0.2779964093543911,0,-0.11,-0.22,-0.11
2014-04-05 09:55:00,69.4674960904,0.3092335377528927,0,-0.11,-0.22,-0.11
2014-04-05 10:00:00,78.6677814147,0.34402266155553984,0,-0.11,-0.22,-0.11
2014-04-05 10:05:00,71.3459952825,0.293277200000918,0,-0.11,-0.22,-0.11
2014-04-05 10:10:00,79.0745517471,0.3202088980472857,0,-0.11,-0.22,-0.11
2014-04-05 10:15:00,85.3391088168,0.3363570864502821,0,-0.11,-0.22,-0.11
2014-04-05 10:20:00,84.49815814760001,0.3173339365077487,0,-0.11,-0.22,-0.11
2014-04-05 10:25:00,69.8814538171,0.24890557721384765,0,-0.11,-0.22,-0.11
2014-04-05 10:30:00,82.18427139180001,0.2934387518821331,0,-0.11,-0.22,-0.11
2014-04-05 10:35:00,75.3279538872,0.25928569343961994,0,-0.11,-0.22,-0.11
2014-04-05 10:40:00,70.82786926760001,0.2391039262462955,0,-0.11,-0.22,-0.11
2014-04-05 10:45:00,74.43365947689999,0.2499823724888885,0,-0.11,-0.22,-0.11
2014-04-05 10:50:00,74.83335073319999,0.24842601390240315,0,-0.11,-0.22,-0.11
2014-04-05 10:55:00,77.96075059409999,0.25739409780211103,0,-0.11,-0.22,-0.11
2014-04-05 11:00:00,82.0818762346,0.2699317214075423,0,-0.11,-0.22,-0.11
2014-04-05 11:05:00,83.4809804566,0.27064198357562524,0,-0.11,-0.22,-0.11
2014-04-05 11:10:00,75.4788419889,0.23512920306156496,0,-0.11,-0.22,-0.11
2014-04-05 11:15:00,76.68543914920002,0.23759950314195705,0,-0.11,-0.22,-0.11
2014-04-05 11:20:00,76.4725026659,0.2346226766016941,0,-0.11,-0.22,-0.11
2014-04-05 11:25:00,77.3369671506,0.2359382832539067,0,-0.11,-0.22,-0.11
2014-04-05 11:30:00,87.4665339376,0.275413683539403,0,-0.11,-0.22,-0.11
2014-04-05 11:35:00,83.9404102882,0.255188904068734,0,-0.11,-0.22,-0.11
2014-04-05 11:40:00,87.07424835959999,0.2647842385345442,0,-0.11,-0.22,-0.11
2014-04-05 11:45:00,82.59123829100001,0.24202337857809,0,-0.11,-0.22,-0.11
2014-04-05 11:50:00,78.02932923899999,0.22165912495581647,0,-0.11,-0.22,-0.11
2014-04-05 11:55:00,77.76649149640001,0.21933679212683027,0,-0.11,-0.22,-0.11
2014-04-05 12:00:00,79.7215175616,0.2259134983609494,0,-0.11,-0.22,-0.11
2014-04-05 12:05:00,78.57551263399999,0.21975761124945006,0,-0.11,-0.22,-0.11
2014-04-05 12:10:00,85.1509160736,0.2466072902569284,0,-0.11,-0.22,-0.11
2014-04-05 12:15:00,79.3447041698,0.21884379269762752,0,-0.11,-0.22,-0.11
2014-04-05 12:20:00,76.63775396770001,0.2064912624088828,0,-0.11,-0.22,-0.11
2014-04-05 12:25:00,84.296486982,0.23925776135611204,0,-0.11,-0.22,-0.11
2014-04-05 12:30:00,85.5679216782,0.242925325459852,0,-0.11,-0.22,-0.11
2014-04-05 12:35:00,78.6323910623,0.2090549041003245,0,-0.11,-0.22,-0.11
2014-04-05 12:40:00,82.5857152259,0.22612155670941725,0,-0.11,-0.22,-0.11
2014-04-05 12:45:00,72.85334349520001,0.18279620947488487,0,-0.11,-0.22,-0.11
2014-04-05 12:50:00,80.3748719064,0.21525267302753692,0,-0.11,-0.22,-0.11
2014-04-05 12:55:00,72.6324345661,0.18531960668475148,0,-0.11,-0.22,-0.11
2014-04-05 13:00:00,72.4496613551,0.1860500596489653,0,-0.11,-0.22,-0.11
2014-04-05 13:05:00,81.78716397689999,0.2236226230628567,0,-0.11,-0.22,-0.11
2014-04-05 13:10:00,76.83492131050001,0.19726276546800608,0,-0.11,-0.22,-0.11
2014-04-05 13:15:00,83.8604632566,0.2338279418358107,0,-0.11,-0.22,-0.11
2014-04-05 13:20:00,86.3166000131,0.24604132622323524,0,-0.11,-0.22,-0.11
2014-04-05 13:25:00,74.21244351760001,0.18585475204499674,0,-0.11,-0.22,-0.11
2014-04-05 13:30:00,83.5723032496,0.2289336864225641,0,-0.11,-0.22,-0.11
2014-04-05 13:35:00,80.2130642158,0.2081219574468175,0,-0.11,-0.22,-0.11
2014-04-05 13:40:00,73.7761974647,0.19175631922135725,0,-0.11,-0.22,-0.11
2014-04-05 13:45:00,82.4056995881,0.2215597743932347,0,-0.11,-0.22,-0.11
2014-04-05 13:50:00,81.7318484972,0.2161401551897002,0,-0.11,-0.22,-0.11
2014-04-05 13:55:00,80.2310098136,0.2059495776751623,0,-0.11,-0.22,-0.11
2014-04-05 14:00:00,86.81937174309998,0.24846720938730416,0,-0.11,-0.22,-0.11
2014-04-05 14:05:00,80.3334189485,0.2029249715833664,0,-0.11,-0.22,-0.11
2014-04-05 14:10:00,87.84402513159998,0.2534230254250049,0,-0.11,-0.22,-0.11
2014-04-05 14:15:00,80.1438139338,0.1979482919361876,0,-0.11,-0.22,-0.11
2014-04-05 14:20:00,73.8500876385,0.20653365115096334,0,-0.11,-0.22,-0.11
2014-04-05 14:25:00,79.5237226953,0.19512284639120472,0,-0.11,-0.22,-0.11
2014-04-05 14:30:00,74.9136641724,0.1999035754646932,0,-0.11,-0.22,-0.11
2014-04-05 14:35:00,81.550221165,0.2101374949620836,0,-0.11,-0.22,-0.11
2014-04-05 14:40:00,83.0861264776,0.2207366161100517,0,-0.11,-0.22,-0.11
2014-04-05 14:45:00,79.491148701,0.1930374796980253,0,-0.11,-0.22,-0.11
2014-04-05 14:50:00,73.5597164471,0.21512743909687096,0,-0.11,-0.22,-0.11
2014-04-05 14:55:00,79.49444646069999,0.19465288953409576,0,-0.11,-0.22,-0.11
2014-04-05 15:00:00,73.3025637244,0.2177603306218982,0,-0.11,-0.22,-0.11
2014-04-05 15:05:00,82.9132193136,0.22433384140737364,0,-0.11,-0.22,-0.11
2014-04-05 15:10:00,84.64507899729999,0.2383422712085405,0,-0.11,-0.22,-0.11
2014-04-05 15:15:00,87.39724621399998,0.2623620762475265,0,-0.11,-0.22,-0.11
2014-04-05 15:20:00,74.3801196581,0.21784819414672704,0,-0.11,-0.22,-0.11
2014-04-05 15:25:00,80.5179523888,0.19874587107404992,0,-0.11,-0.22,-0.11
2014-04-05 15:30:00,81.0798195068,0.2031310461144388,0,-0.11,-0.22,-0.11
2014-04-05 15:35:00,86.7587916481,0.25754313750890195,0,-0.11,-0.22,-0.11
2014-04-05 15:40:00,82.03563869989999,0.2076753868786813,0,-0.11,-0.22,-0.11
2014-04-05 15:45:00,74.32744078,0.22779860643605604,0,-0.11,-0.22,-0.11
2014-04-05 15:50:00,78.98086295979999,0.18275991366374947,0,-0.11,-0.22,-0.11
2014-04-05 15:55:00,82.4754086846,0.21486518341387464,0,-0.11,-0.22,-0.11
2014-04-05 16:00:00,83.2043911604,0.22134260278367326,0,-0.11,-0.22,-0.11
2014-04-05 16:05:00,85.80901922380002,0.24878879292677164,0,-0.11,-0.22,-0.11
2014-04-05 16:10:00,74.8879701323,0.2314648959508388,0,-0.11,-0.22,-0.11
2014-04-05 16:15:00,87.2245068767,0.2670163337953381,0,-0.11,-0.22,-0.11
2014-04-05 16:20:00,72.9460905355,0.2569242882315885,0,-0.11,-0.22,-0.11
2014-04-05 16:25:00,87.7400256919,0.2738498401380591,0,-0.11,-0.22,-0.11
2014-04-05 16:30:00,85.72410889529999,0.2440778402941211,0,-0.11,-0.22,-0.11
2014-04-05 16:35:00,82.56420600060001,0.20612534136098395,0,-0.11,-0.22,-0.11
2014-04-05 16:40:00,83.7597671852,0.2186276825947023,0,-0.11,-0.22,-0.11
2014-04-05 16:45:00,73.1629316216,0.2679010291200951,0,-0.11,-0.22,-0.11
2014-04-05 16:50:00,72.663538292,0.2698285079443555,0,-0.11,-0.22,-0.11
2014-04-05 16:55:00,73.6281113786,0.2524667477838881,0,-0.11,-0.22,-0.11
2014-04-05 17:00:00,73.39772884989999,0.25217257500492224,0,-0.11,-0.22,-0.11
2014-04-05 17:05:00,80.75806872439999,0.19946831173637786,0,-0.11,-0.22,-0.11
2014-04-05 17:10:00,75.4470748221,0.225624863375732,0,-0.11,-0.22,-0.11
2014-04-05 17:15:00,85.7632572622,0.2654939718219466,0,-0.11,-0.22,-0.11
2014-04-05 17:20:00,79.1319475824,0.1851036577603388,0,-0.11,-0.22,-0.11
2014-04-05 17:25:00,83.1281357021,0.2275481980274397,0,-0.11,-0.22,-0.11
2014-04-05 17:30:00,82.4459378283,0.21710542211916128,0,-0.11,-0.22,-0.11
2014-04-05 17:35:00,77.11761900970001,0.213885345894029,0,-0.11,-0.22,-0.11
2014-04-05 17:40:00,75.89065203439999,0.2294998467046686,0,-0.11,-0.22,-0.11
2014-04-05 17:45:00,77.47927081270001,0.2062555651730016,0,-0.11,-0.22,-0.11
2014-04-05 17:50:00,84.7465014389,0.25844578965473897,0,-0.11,-0.22,-0.11
2014-04-05 17:55:00,81.3803983246,0.20576894791341327,0,-0.11,-0.22,-0.11
2014-04-05 18:00:00,30.422641599000002,0.9337325511096968,0,-0.11,-0.22,-0.11
2014-04-05 18:05:00,34.034210701,0.5671107170762535,0,-0.11,-0.22,-0.11
2014-04-05 18:10:00,29.1504544742,0.5034616440205196,0,-0.11,-0.22,-0.11
2014-04-05 18:15:00,33.2747672112,0.4028110585636024,0,-0.11,-0.22,-0.11
2014-04-05 18:20:00,31.610239087600004,0.3797354378855445,0,-0.11,-0.22,-0.11
2014-04-05 18:25:00,33.4802520426,0.3433463152598991,0,-0.11,-0.22,-0.11
2014-04-05 18:30:00,34.7357455243,0.320093432061147,0,-0.11,-0.22,-0.11
2014-04-05 18:35:00,33.6002117756,0.3134205421967413,0,-0.11,-0.22,-0.11
2014-04-05 18:40:00,31.62857220130001,0.31169857839493903,0,-0.11,-0.22,-0.11
2014-04-05 18:45:00,29.766238646599998,0.30954545952835,0,-0.11,-0.22,-0.11
2014-04-05 18:50:00,33.960639724699995,0.2810839867675212,0,-0.11,-0.22,-0.11
2014-04-05 18:55:00,31.7485092766,0.2842703775405957,0,-0.11,-0.22,-0.11
2014-04-05 19:00:00,20.4973980847,0.3270410983711781,0,-0.11,-0.22,-0.11
2014-04-05 19:05:00,23.3813668994,0.3011884960811469,0,-0.11,-0.22,-0.11
2014-04-05 19:10:00,21.4674956297,0.3001777583945809,0,-0.11,-0.22,-0.11
2014-04-05 19:15:00,20.3790181502,0.2958157325987633,0,-0.11,-0.22,-0.11
2014-04-05 19:20:00,24.204323219299997,0.2728049217639284,0,-0.11,-0.22,-0.11
2014-04-05 19:25:00,22.3242916679,0.2747853143107933,0,-0.11,-0.22,-0.11
2014-04-05 19:30:00,21.418704343199998,0.2728243712173285,0,-0.11,-0.22,-0.11
2014-04-05 19:35:00,23.3694104973,0.2603445083600163,0,-0.11,-0.22,-0.11
2014-04-05 19:40:00,24.1288413284,0.25362661691827065,0,-0.11,-0.22,-0.11
2014-04-05 19:45:00,20.1613745902,0.26508543694149594,0,-0.11,-0.22,-0.11
2014-04-05 19:50:00,23.241576514000002,0.2492599563522876,0,-0.11,-0.22,-0.11
2014-04-05 19:55:00,23.5962110948,0.244971738750542,0,-0.11,-0.22,-0.11
2014-04-05 20:00:00,19.291862510599998,0.2584526443141599,0,-0.11,-0.22,-0.11
2014-04-05 20:05:00,20.4374989682,0.2503464505765025,0,-0.11,-0.22,-0.11
2014-04-05 20:10:00,18.797714816400003,0.2535247027645516,0,-0.11,-0.22,-0.11
2014-04-05 20:15:00,21.490687260900003,0.2399882298551312,0,-0.11,-0.22,-0.11
2014-04-05 20:20:00,21.9031795892,0.2361124389616809,0,-0.11,-0.22,-0.11
2014-04-05 20:25:00,18.8751323219,0.2456703711355795,0,-0.11,-0.22,-0.11
2014-04-05 20:30:00,21.7762209367,0.23175035275706865,0,-0.11,-0.22,-0.11
2014-04-05 20:35:00,21.5923511592,0.2306333771646941,0,-0.11,-0.22,-0.11
2014-04-05 20:40:00,19.852956722000002,0.2357143452915861,0,-0.11,-0.22,-0.11
2014-04-05 20:45:00,21.2594256595,0.2280641550691257,0,-0.11,-0.22,-0.11
2014-04-05 20:50:00,18.432196894300002,0.2379326342757446,0,-0.11,-0.22,-0.11
2014-04-05 20:55:00,22.2486429257,0.2202035844735956,0,-0.11,-0.22,-0.11
2014-04-05 21:00:00,20.2985002497,0.22693957792888866,0,-0.11,-0.22,-0.11
2014-04-05 21:05:00,20.5796659121,0.22419796617832427,0,-0.11,-0.22,-0.11
2014-04-05 21:10:00,20.757799064100002,0.22201708255295166,0,-0.11,-0.22,-0.11
2014-04-05 21:15:00,20.3426543042,0.22248437850536265,0,-0.11,-0.22,-0.11
2014-04-05 21:20:00,21.5299053641,0.21597483351262564,0,-0.11,-0.22,-0.11
2014-04-05 21:25:00,20.536913553599998,0.21931207074850986,0,-0.11,-0.22,-0.11
2014-04-05 21:30:00,21.734868903600002,0.21273637978424986,0,-0.11,-0.22,-0.11
2014-04-05 21:35:00,20.426907206099997,0.2178008455963605,0,-0.11,-0.22,-0.11
2014-04-05 21:40:00,18.7741751925,0.22454481189345016,0,-0.11,-0.22,-0.11
2014-04-05 21:45:00,21.7581905712,0.20883293621553645,0,-0.11,-0.22,-0.11
2014-04-05 21:50:00,20.8259971905,0.21252888446505155,0,-0.11,-0.22,-0.11
2014-04-05 21:55:00,20.8967813153,0.2112637060765985,0,-0.11,-0.22,-0.11
2014-04-05 22:00:00,21.962991241399997,0.20509439294159595,0,-0.11,-0.22,-0.11
2014-04-05 22:05:00,18.3183549626,0.22339390551565635,0,-0.11,-0.22,-0.11
2014-04-05 22:10:00,19.7332962143,0.21439642209106646,0,-0.11,-0.22,-0.11
2014-04-05 22:15:00,18.9745796889,0.21753839912345446,0,-0.11,-0.22,-0.11
2014-04-05 22:20:00,20.541406686400002,0.20780389378509234,0,-0.11,-0.22,-0.11
2014-04-05 22:25:00,21.2476248814,0.20318642117670288,0,-0.11,-0.22,-0.11
2014-04-05 22:30:00,21.8862334579,0.1990684426549585,0,-0.11,-0.22,-0.11
2014-04-05 22:35:00,19.8374100671,0.21038786284032707,0,-0.11,-0.22,-0.11
2014-04-05 22:40:00,21.1651719902,0.20171581317850729,0,-0.11,-0.22,-0.11
2014-04-05 22:45:00,21.6890078356,0.1980806730035219,0,-0.11,-0.22,-0.11
2014-04-05 22:50:00,20.7532056896,0.2033471457471417,0,-0.11,-0.22,-0.11
2014-04-05 22:55:00,18.9891422935,0.21406399464940787,0,-0.11,-0.22,-0.11
2014-04-05 23:00:00,20.4353394344,0.2036162360148437,0,-0.11,-0.22,-0.11
2014-04-05 23:05:00,21.8840091123,0.19365284944878894,0,-0.11,-0.22,-0.11
2014-04-05 23:10:00,21.9544297546,0.19289856857561924,0,-0.11,-0.22,-0.11
2014-04-05 23:15:00,20.5733886252,0.20197430353626347,0,-0.11,-0.22,-0.11
2014-04-05 23:20:00,21.552088236,0.19462152447685327,0,-0.11,-0.22,-0.11
2014-04-05 23:25:00,18.8050073219,0.21434260373149625,0,-0.11,-0.22,-0.11
2014-04-05 23:30:00,18.9879594063,0.21194855428901327,0,-0.11,-0.22,-0.11
2014-04-05 23:35:00,21.8157382671,0.1898062707900453,0,-0.11,-0.22,-0.11
2014-04-05 23:40:00,18.5445013609,0.21499632578263225,0,-0.11,-0.22,-0.11
2014-04-05 23:45:00,18.7680285203,0.2121386508651541,0,-0.11,-0.22,-0.11
2014-04-05 23:50:00,19.685973375899998,0.20365038476879674,0,-0.11,-0.22,-0.11
2014-04-05 23:55:00,20.3622459497,0.19747495256647885,0,-0.11,-0.22,-0.11
2014-04-06 00:00:00,20.4152688759,0.1966257898613557,0,-0.11,-0.22,-0.11
2014-04-06 00:05:00,19.1679040347,0.20710618196983774,0,-0.11,-0.22,-0.11
2014-04-06 00:10:00,21.682455591799997,0.18451594575241514,0,-0.11,-0.22,-0.11
2014-04-06 00:15:00,21.6603996304,0.1846512942367328,0,-0.11,-0.22,-0.11
2014-04-06 00:20:00,19.5682722122,0.20365582836209425,0,-0.11,-0.22,-0.11
2014-04-06 00:25:00,19.7371670777,0.20143010268286665,0,-0.11,-0.22,-0.11
2014-04-06 00:30:00,20.809988467300002,0.19057859195721247,0,-0.11,-0.22,-0.11
2014-04-06 00:35:00,20.6519835856,0.19189825018066609,0,-0.11,-0.22,-0.11
2014-04-06 00:40:00,19.5291880598,0.20308671389589114,0,-0.11,-0.22,-0.11
2014-04-06 00:45:00,19.6569770061,0.2011499096717773,0,-0.11,-0.22,-0.11
2014-04-06 00:50:00,19.392155773699997,0.20351231592727345,0,-0.11,-0.22,-0.11
2014-04-06 00:55:00,18.9415400278,0.2080008822515332,0,-0.11,-0.22,-0.11
2014-04-06 01:00:00,19.8325534517,0.1970915794369089,0,-0.11,-0.22,-0.11
2014-04-06 01:05:00,20.7457365276,0.1864468323738386,0,-0.11,-0.22,-0.11
2014-04-06 01:10:00,20.9678668213,0.18385236489152346,0,-0.11,-0.22,-0.11
2014-04-06 01:15:00,21.115494593,0.18271906021930584,0,-0.11,-0.22,-0.11
2014-04-06 01:20:00,19.4989280538,0.2017521894184608,0,-0.11,-0.22,-0.11
2014-04-06 01:25:00,21.0585439771,0.18299001499148426,0,-0.11,-0.22,-0.11
2014-04-06 01:30:00,18.0260652628,0.22197239154455206,0,-0.11,-0.22,-0.11
2014-04-06 01:35:00,19.9081997509,0.1946964804464981,0,-0.11,-0.22,-0.11
2014-04-06 01:40:00,21.1756176005,0.1870775077624061,0,-0.11,-0.22,-0.11
2014-04-06 01:45:00,20.5201788826,0.18659940306407613,0,-0.11,-0.22,-0.11
2014-04-06 01:50:00,19.896252496600003,0.19521457078269672,0,-0.11,-0.22,-0.11
2014-04-06 01:55:00,20.578568026400003,0.18512813808610834,0,-0.11,-0.22,-0.11
2014-04-06 02:00:00,21.627784012600003,0.19503147721040304,0,-0.11,-0.22,-0.11
2014-04-06 02:05:00,20.2655272024,0.19043156993929125,0,-0.11,-0.22,-0.11
2014-04-06 02:10:00,21.1991447658,0.1887824735080486,0,-0.11,-0.22,-0.11
2014-04-06 02:15:00,21.9229709009,0.20026267846021475,0,-0.11,-0.22,-0.11
2014-04-06 02:20:00,20.8222728083,0.1829605219997699,0,-0.11,-0.22,-0.11
2014-04-06 02:25:00,20.2933030556,0.19164107971824407,0,-0.11,-0.22,-0.11
2014-04-06 02:30:00,18.1499437885,0.23084580235795915,0,-0.11,-0.22,-0.11
2014-04-06 02:35:00,19.497911592999998,0.2033633604983252,0,-0.11,-0.22,-0.11
2014-04-06 02:40:00,20.2617709341,0.18889981938469275,0,-0.11,-0.22,-0.11
2014-04-06 02:45:00,21.1888262868,0.1927838558651856,0,-0.11,-0.22,-0.11
2014-04-06 02:50:00,19.7524191586,0.19910449559758686,0,-0.11,-0.22,-0.11
2014-04-06 02:55:00,21.8402331031,0.20659421932637947,0,-0.11,-0.22,-0.11
2014-04-06 03:00:00,19.0871750105,0.21421609196397925,0,-0.11,-0.22,-0.11
2014-04-06 03:05:00,20.9782687808,0.19023982035865336,0,-0.11,-0.22,-0.11
2014-04-06 03:10:00,19.6761256683,0.20157379334377606,0,-0.11,-0.22,-0.11
2014-04-06 03:15:00,19.943953978299998,0.19522564394477096,0,-0.11,-0.22,-0.11
2014-04-06 03:20:00,21.2100081355,0.1971824929156796,0,-0.11,-0.22,-0.11
2014-04-06 03:25:00,19.184861046600002,0.21373117665434407,0,-0.11,-0.22,-0.11
2014-04-06 03:30:00,18.3872482264,0.2330392492806487,0,-0.11,-0.22,-0.11
2014-04-06 03:35:00,20.0810223385,0.1892952545328853,0,-0.11,-0.22,-0.11
2014-04-06 03:40:00,20.1151784472,0.1883171309310996,0,-0.11,-0.22,-0.11
2014-04-06 03:45:00,21.1886710889,0.20270330015241086,0,-0.11,-0.22,-0.11
2014-04-06 03:50:00,21.873276824899996,0.2204724775047205,0,-0.11,-0.22,-0.11
2014-04-06 03:55:00,18.2212027453,0.2440472483543565,0,-0.11,-0.22,-0.11
2014-04-06 04:00:00,20.366757895,0.18259107786744447,0,-0.11,-0.22,-0.11
2014-04-06 04:05:00,20.725114121300003,0.19187727210719333,0,-0.11,-0.22,-0.11
2014-04-06 04:10:00,21.943205403,0.2267781150400691,0,-0.11,-0.22,-0.11
2014-04-06 04:15:00,21.770360857100002,0.2199004186949501,0,-0.11,-0.22,-0.11
2014-04-06 04:20:00,20.849803058800003,0.19145689215435008,0,-0.11,-0.22,-0.11
2014-04-06 04:25:00,20.087157645,0.19531122582989024,0,-0.11,-0.22,-0.11
2014-04-06 04:30:00,18.6460956892,0.2417928779491487,0,-0.11,-0.22,-0.11
2014-04-06 04:35:00,19.5367062208,0.20939554991454126,0,-0.11,-0.22,-0.11
2014-04-06 04:40:00,20.3404893002,0.1835503627298692,0,-0.11,-0.22,-0.11
2014-04-06 04:45:00,20.9008015864,0.19883942983115094,0,-0.11,-0.22,-0.11
2014-04-06 04:50:00,20.5415982299,0.1867722466269057,0,-0.11,-0.22,-0.11
2014-04-06 04:55:00,20.8564912073,0.19708188333658944,0,-0.11,-0.22,-0.11
2014-04-06 05:00:00,19.7166100182,0.20694525703893402,0,-0.11,-0.22,-0.11
2014-04-06 05:05:00,20.9105091623,0.20023228544470534,0,-0.11,-0.22,-0.11
2014-04-06 05:10:00,18.574965024100003,0.2542346764066644,0,-0.11,-0.22,-0.11
2014-04-06 05:15:00,18.6503452471,0.2475822269422943,0,-0.11,-0.22,-0.11
2014-04-06 05:20:00,18.6513285833,0.2446779001020065,0,-0.11,-0.22,-0.11
2014-04-06 05:25:00,21.5634598281,0.2369782307998253,0,-0.11,-0.22,-0.11
2014-04-06 05:30:00,18.3041362532,0.2619091370664115,0,-0.11,-0.22,-0.11
2014-04-06 05:35:00,21.206033490899998,0.22397872433741087,0,-0.11,-0.22,-0.11
2014-04-06 05:40:00,18.9342835922,0.2331578360055079,0,-0.11,-0.22,-0.11
2014-04-06 05:45:00,19.873719762,0.19216130740540802,0,-0.11,-0.22,-0.11
2014-04-06 05:50:00,21.6638263819,0.24908142640653064,0,-0.11,-0.22,-0.11
2014-04-06 05:55:00,20.343748918800003,0.18827011126030246,0,-0.11,-0.22,-0.11
2014-04-06 06:00:00,18.8404707449,0.24260699935985205,0,-0.11,-0.22,-0.11
2014-04-06 06:05:00,19.1363602413,0.2258819889164657,0,-0.11,-0.22,-0.11
2014-04-06 06:10:00,21.6817864956,0.25691063751283205,0,-0.11,-0.22,-0.11
2014-04-06 06:15:00,19.7085757004,0.20190571228465407,0,-0.11,-0.22,-0.11
2014-04-06 06:20:00,20.347941932,0.1913143764434317,0,-0.11,-0.22,-0.11
2014-04-06 06:25:00,19.8397287865,0.1962837540133644,0,-0.11,-0.22,-0.11
2014-04-06 06:30:00,19.5137523522,0.2116225135075499,0,-0.11,-0.22,-0.11
2014-04-06 06:35:00,18.8931165077,0.24381389407355805,0,-0.11,-0.22,-0.11
2014-04-06 06:40:00,20.7447660019,0.2167936149351984,0,-0.11,-0.22,-0.11
2014-04-06 06:45:00,20.8729681051,0.22259561198940805,0,-0.11,-0.22,-0.11
2014-04-06 06:50:00,19.0995403664,0.2362185525315225,0,-0.11,-0.22,-0.11
2014-04-06 06:55:00,21.1560433722,0.24119929415110045,0,-0.11,-0.22,-0.11
2014-04-06 07:00:00,21.4181408012,0.2548433306609932,0,-0.11,-0.22,-0.11
2014-04-06 07:05:00,21.682700385,0.26829517334148706,0,-0.11,-0.22,-0.11
2014-04-06 07:10:00,18.6448496557,0.2764422915770481,0,-0.11,-0.22,-0.11
2014-04-06 07:15:00,19.2156947345,0.2351000248616943,0,-0.11,-0.22,-0.11
2014-04-06 07:20:00,21.44141339,0.2575019107115037,0,-0.11,-0.22,-0.11
2014-04-06 07:25:00,18.7941608113,0.2642911124555286,0,-0.11,-0.22,-0.11
2014-04-06 07:30:00,18.013873837000002,0.31422630590424777,0,-0.11,-0.22,-0.11
2014-04-06 07:35:00,21.483309241,0.26613993977932976,0,-0.11,-0.22,-0.11
2014-04-06 07:40:00,19.305797767,0.22498064306752485,0,-0.11,-0.22,-0.11
2014-04-06 07:45:00,19.6579901006,0.2034450595413677,0,-0.11,-0.22,-0.11
2014-04-06 07:50:00,19.7853361029,0.1957848034220776,0,-0.11,-0.22,-0.11
2014-04-06 07:55:00,21.3930984027,0.2666635252867212,0,-0.11,-0.22,-0.11
2014-04-06 08:00:00,19.3515685784,0.2252343419086327,0,-0.11,-0.22,-0.11
2014-04-06 08:05:00,21.569119543400003,0.2791674110930447,0,-0.11,-0.22,-0.11
2014-04-06 08:10:00,20.4677565522,0.20138019713172794,0,-0.11,-0.22,-0.11
2014-04-06 08:15:00,20.1091468961,0.18455675360646054,0,-0.11,-0.22,-0.11
2014-04-06 08:20:00,19.3024580285,0.2353063402096242,0,-0.11,-0.22,-0.11
2014-04-06 08:25:00,18.9748467851,0.25672313865925306,0,-0.11,-0.22,-0.11
2014-04-06 08:30:00,20.496233771099998,0.210014587530662,0,-0.11,-0.22,-0.11
2014-04-06 08:35:00,19.7875766402,0.1997881438773478,0,-0.11,-0.22,-0.11
2014-04-06 08:40:00,21.6420640397,0.2990889239815053,0,-0.11,-0.22,-0.11
2014-04-06 08:45:00,19.9665548645,0.19273748549064004,0,-0.11,-0.22,-0.11
2014-04-06 08:50:00,20.0471796668,0.18734506109975768,0,-0.11,-0.22,-0.11
2014-04-06 08:55:00,19.6668931245,0.21297274967573426,0,-0.11,-0.22,-0.11
2014-04-06 09:00:00,71.9339767591,0.9999999991977656,0,-0.11,-0.22,-0.11
2014-04-06 09:05:00,66.9778130943,0.6107430705640171,0,-0.11,-0.22,-0.11
2014-04-06 09:10:00,64.8630511966,0.4652106975700074,0,-0.11,-0.22,-0.11
2014-04-06 09:15:00,72.9236198904,0.4684131037434385,0,-0.11,-0.22,-0.11
2014-04-06 09:20:00,69.3168638106,0.3885518822741008,0,-0.11,-0.22,-0.11
2014-04-06 09:25:00,69.2445389889,0.3594272932124079,0,-0.11,-0.22,-0.11
2014-04-06 09:30:00,69.5071820174,0.34005595155403,0,-0.11,-0.22,-0.11
2014-04-06 09:35:00,70.97622057560001,0.331027711014823,0,-0.11,-0.22,-0.11
2014-04-06 09:40:00,65.4577246547,0.2918190322273365,0,-0.11,-0.22,-0.11
2014-04-06 09:45:00,61.6602834433,0.2682257156849093,0,-0.11,-0.22,-0.11
2014-04-06 09:50:00,72.2240669879,0.3091417958378378,0,-0.11,-0.22,-0.11
2014-04-06 09:55:00,62.9531087328,0.2602624735623649,0,-0.11,-0.22,-0.11
2014-04-06 10:00:00,81.0426423215,0.3344762910823212,0,-0.11,-0.22,-0.11
2014-04-06 10:05:00,71.1175334294,0.27775943959519994,0,-0.11,-0.22,-0.11
2014-04-06 10:10:00,75.6647777083,0.29042324486696913,0,-0.11,-0.22,-0.11
2014-04-06 10:15:00,70.8181646038,0.2639605504232033,0,-0.11,-0.22,-0.11
2014-04-06 10:20:00,77.94475630779999,0.2878886069724563,0,-0.11,-0.22,-0.11
2014-04-06 10:25:00,79.9766671936,0.28904465057948386,0,-0.11,-0.22,-0.11
2014-04-06 10:30:00,72.5006423511,0.2532275034348099,0,-0.11,-0.22,-0.11
2014-04-06 10:35:00,75.6076606382,0.2615888596637336,0,-0.11,-0.22,-0.11
2014-04-06 10:40:00,84.277316901,0.29175250582046264,0,-0.11,-0.22,-0.11
2014-04-06 10:45:00,76.7058790975,0.2549842224110789,0,-0.11,-0.22,-0.11
2014-04-06 10:50:00,82.2954761905,0.27289690102464664,0,-0.11,-0.22,-0.11
2014-04-06 10:55:00,84.2299072433,0.2752583915446189,0,-0.11,-0.22,-0.11
2014-04-06 11:00:00,87.06399600040001,0.28094730712911925,0,-0.11,-0.22,-0.11
2014-04-06 11:05:00,85.8549134012,0.2701130695684821,0,-0.11,-0.22,-0.11
2014-04-06 11:10:00,76.6160143549,0.2313990280150661,0,-0.11,-0.22,-0.11
2014-04-06 11:15:00,86.87675918149998,0.2678179319756241,0,-0.11,-0.22,-0.11
2014-04-06 11:20:00,84.4883339247,0.25400436421519035,0,-0.11,-0.22,-0.11
2014-04-06 11:25:00,84.8824404822,0.25212920645245,0,-0.11,-0.22,-0.11
2014-04-06 11:30:00,71.8093111403,0.20255469303737086,0,-0.11,-0.22,-0.11
2014-04-06 11:35:00,86.7442148822,0.2568009960563695,0,-0.11,-0.22,-0.11
2014-04-06 11:40:00,83.9427469201,0.24223849476471776,0,-0.11,-0.22,-0.11
2014-04-06 11:45:00,83.7817550645,0.2391370268966972,0,-0.11,-0.22,-0.11
2014-04-06 11:50:00,72.8645693207,0.19698085298961385,0,-0.11,-0.22,-0.11
2014-04-06 11:55:00,75.26677007720001,0.20510726097724705,0,-0.11,-0.22,-0.11
2014-04-06 12:00:00,87.2913112182,0.2522536950307819,0,-0.11,-0.22,-0.11
2014-04-06 12:05:00,79.9148201971,0.21888694797451524,0,-0.11,-0.22,-0.11
2014-04-06 12:10:00,78.27168941779999,0.21125868080666627,0,-0.11,-0.22,-0.11
2014-04-06 12:15:00,85.3365262107,0.2397089761872237,0,-0.11,-0.22,-0.11
2014-04-06 12:20:00,73.3093696899,0.18885266911605506,0,-0.11,-0.22,-0.11
2014-04-06 12:25:00,78.5766669736,0.20948006639340336,0,-0.11,-0.22,-0.11
2014-04-06 12:30:00,77.9175989359,0.2059336049791813,0,-0.11,-0.22,-0.11
2014-04-06 12:35:00,77.5045050459,0.20351489370084805,0,-0.11,-0.22,-0.11
2014-04-06 12:40:00,76.8307682074,0.20004001699899512,0,-0.11,-0.22,-0.11
2014-04-06 12:45:00,75.2707658695,0.1928580796199284,0,-0.11,-0.22,-0.11
2014-04-06 12:50:00,74.6768529604,0.19001831904954253,0,-0.11,-0.22,-0.11
2014-04-06 12:55:00,82.1478020733,0.22491966564720106,0,-0.11,-0.22,-0.11
2014-04-06 13:00:00,86.68950698309997,0.24729379409611066,0,-0.11,-0.22,-0.11
2014-04-06 13:05:00,80.1223923337,0.21046119532907911,0,-0.11,-0.22,-0.11
2014-04-06 13:10:00,76.7491686153,0.19325897389408167,0,-0.11,-0.22,-0.11
2014-04-06 13:15:00,74.5286719884,0.18249918345839766,0,-0.11,-0.22,-0.11
2014-04-06 13:20:00,85.26182609029999,0.2388831207644276,0,-0.11,-0.22,-0.11
2014-04-06 13:25:00,87.5228623741,0.25002825933180817,0,-0.11,-0.22,-0.11
2014-04-06 13:30:00,77.5678656667,0.1917863890154087,0,-0.11,-0.22,-0.11
2014-04-06 13:35:00,76.6368095592,0.18677997713585245,0,-0.11,-0.22,-0.11
2014-04-06 13:40:00,81.60429751470001,0.2138484007805493,0,-0.11,-0.22,-0.11
2014-04-06 13:45:00,84.385006432,0.22962281151407266,0,-0.11,-0.22,-0.11
2014-04-06 13:50:00,79.26741611,0.1974762574055996,0,-0.11,-0.22,-0.11
2014-04-06 13:55:00,82.06147091689999,0.2136868478633718,0,-0.11,-0.22,-0.11
2014-04-06 14:00:00,83.4607787787,0.2215877216181138,0,-0.11,-0.22,-0.11
2014-04-06 14:05:00,87.3652828708,0.2468263554340413,0,-0.11,-0.22,-0.11
2014-04-06 14:10:00,74.6370145397,0.20099094918028804,0,-0.11,-0.22,-0.11
2014-04-06 14:15:00,87.9538979115,0.25116744882718123,0,-0.11,-0.22,-0.11
2014-04-06 14:20:00,78.2707493075,0.1833299568064224,0,-0.11,-0.22,-0.11
2014-04-06 14:25:00,83.5671908659,0.21786309162617865,0,-0.11,-0.22,-0.11
2014-04-06 14:30:00,81.15473443329998,0.20016632027901954,0,-0.11,-0.22,-0.11
2014-04-06 14:35:00,79.7828681106,0.1904917292370112,0,-0.11,-0.22,-0.11
2014-04-06 14:40:00,83.16521377779999,0.2141287895909867,0,-0.11,-0.22,-0.11
2014-04-06 14:45:00,78.3283016646,0.18577171289590827,0,-0.11,-0.22,-0.11
2014-04-06 14:50:00,74.0142068489,0.21747737539961026,0,-0.11,-0.22,-0.11
2014-04-06 14:55:00,79.81846265979999,0.19136324512104305,0,-0.11,-0.22,-0.11
2014-04-06 15:00:00,80.3498825646,0.1951069167909761,0,-0.11,-0.22,-0.11
2014-04-06 15:05:00,75.22971224220001,0.20939934112332345,0,-0.11,-0.22,-0.11
2014-04-06 15:10:00,86.9690747901,0.2544060424335346,0,-0.11,-0.22,-0.11
2014-04-06 15:15:00,75.6388842061,0.20892387678371752,0,-0.11,-0.22,-0.11
2014-04-06 15:20:00,78.546887448,0.18433924741711166,0,-0.11,-0.22,-0.11
2014-04-06 15:25:00,74.4781599923,0.2191378581051668,0,-0.11,-0.22,-0.11
2014-04-06 15:30:00,80.5719728406,0.1992711844153515,0,-0.11,-0.22,-0.11
2014-04-06 15:35:00,76.92146327649999,0.19737733085196468,0,-0.11,-0.22,-0.11
2014-04-06 15:40:00,79.82759396739999,0.19331128390139507,0,-0.11,-0.22,-0.11
2014-04-06 15:45:00,75.5931449622,0.2105816951908424,0,-0.11,-0.22,-0.11
2014-04-06 15:50:00,72.85970258729999,0.2381763476383208,0,-0.11,-0.22,-0.11
2014-04-06 15:55:00,84.4668155281,0.2461092329379269,0,-0.11,-0.22,-0.11
2014-04-06 16:00:00,82.2572226092,0.2192190544293377,0,-0.11,-0.22,-0.11
2014-04-06 16:05:00,77.4516809839,0.19446983357679945,0,-0.11,-0.22,-0.11
2014-04-06 16:10:00,72.7597678959,0.24575672644802896,0,-0.11,-0.22,-0.11
2014-04-06 16:15:00,85.84903617270001,0.26660769546684543,0,-0.11,-0.22,-0.11
2014-04-06 16:20:00,74.71657662289998,0.22470068674067595,0,-0.11,-0.22,-0.11
2014-04-06 16:25:00,86.89170866010002,0.28015096135445805,0,-0.11,-0.22,-0.11
2014-04-06 16:30:00,79.6573731151,0.1895852658330293,0,-0.11,-0.22,-0.11
2014-04-06 16:35:00,77.44603866189999,0.1984614116307645,0,-0.11,-0.22,-0.11
2014-04-06 16:40:00,83.8679906034,0.23968058885119434,0,-0.11,-0.22,-0.11
2014-04-06 16:45:00,86.02926532069998,0.2660729276928545,0,-0.11,-0.22,-0.11
2014-04-06 16:50:00,77.93126739,0.19949885778054,0,-0.11,-0.22,-0.11
2014-04-06 16:55:00,78.5173492811,0.19234458563865006,0,-0.11,-0.22,-0.11
2014-04-06 17:00:00,78.9305012002,0.18736263977263606,0,-0.11,-0.22,-0.11
2014-04-06 17:05:00,86.75713566889999,0.28190853738865035,0,-0.11,-0.22,-0.11
2014-04-06 17:10:00,83.0809919611,0.22356924792284108,0,-0.11,-0.22,-0.11
2014-04-06 17:15:00,75.9623087032,0.2321087219924753,0,-0.11,-0.22,-0.11
2014-04-06 17:20:00,74.9599663754,0.24452813460196204,0,-0.11,-0.22,-0.11
2014-04-06 17:25:00,75.6858535514,0.23145645310184465,0,-0.11,-0.22,-0.11
2014-04-06 17:30:00,76.2169929596,0.2221347746095881,0,-0.11,-0.22,-0.11
2014-04-06 17:35:00,75.6829067991,0.22848291171730045,0,-0.11,-0.22,-0.11
2014-04-06 17:40:00,82.5360714612,0.23180092889912626,0,-0.11,-0.22,-0.11
2014-04-06 17:45:00,73.8549078102,0.25918327791931833,0,-0.11,-0.22,-0.11
2014-04-06 17:50:00,78.1977058074,0.19104568290329887,0,-0.11,-0.22,-0.11
2014-04-06 17:55:00,82.0008256792,0.2278878245649353,0,-0.11,-0.22,-0.11
2014-04-06 18:00:00,30.661497946199997,0.9444777764982916,0,-0.11,-0.22,-0.11
2014-04-06 18:05:00,29.2177504523,0.6219315085556203,0,-0.11,-0.22,-0.11
2014-04-06 18:10:00,29.323667476100002,0.4871629124329261,0,-0.11,-0.22,-0.11
2014-04-06 18:15:00,29.60618168400001,0.4199833183181484,0,-0.11,-0.22,-0.11
2014-04-06 18:20:00,34.1493888025,0.3544843725217444,0,-0.11,-0.22,-0.11
2014-04-06 18:25:00,33.0103200979,0.34109970242062704,0,-0.11,-0.22,-0.11
2014-04-06 18:30:00,29.2129378221,0.3441811145809257,0,-0.11,-0.22,-0.11
2014-04-06 18:35:00,31.302834816399997,0.31700551535192617,0,-0.11,-0.22,-0.11
2014-04-06 18:40:00,30.5829392343,0.3087285791757529,0,-0.11,-0.22,-0.11
2014-04-06 18:45:00,32.4994504745,0.29018356320656763,0,-0.11,-0.22,-0.11
2014-04-06 18:50:00,32.1459519059,0.2843571376853706,0,-0.11,-0.22,-0.11
2014-04-06 18:55:00,31.8791876288,0.2789124004963185,0,-0.11,-0.22,-0.11
2014-04-06 19:00:00,21.569014236100006,0.3173500245421508,0,-0.11,-0.22,-0.11
2014-04-06 19:05:00,20.777341839,0.30911043594332005,0,-0.11,-0.22,-0.11
2014-04-06 19:10:00,23.4858449069,0.2878118383744776,0,-0.11,-0.22,-0.11
2014-04-06 19:15:00,24.1017570023,0.2783730073372827,0,-0.11,-0.22,-0.11
2014-04-06 19:20:00,24.3897947354,0.2714378124657175,0,-0.11,-0.22,-0.11
2014-04-06 19:25:00,20.422611868,0.2818125649020267,0,-0.11,-0.22,-0.11
2014-04-06 19:30:00,23.4747897402,0.26389732736049465,0,-0.11,-0.22,-0.11
2014-04-06 19:35:00,23.414734213699997,0.2598592894721121,0,-0.11,-0.22,-0.11
2014-04-06 19:40:00,24.4030497327,0.2523041745287388,0,-0.11,-0.22,-0.11
2014-04-06 19:45:00,21.2930562153,0.260754330973233,0,-0.11,-0.22,-0.11
2014-04-06 19:50:00,23.484960803200003,0.2485620528687344,0,-0.11,-0.22,-0.11
2014-04-06 19:55:00,20.4047246543,0.25726985694437504,0,-0.11,-0.22,-0.11
2014-04-06 20:00:00,21.01758222,0.2512807110595785,0,-0.11,-0.22,-0.11
2014-04-06 20:05:00,19.869072448900003,0.2525310982898593,0,-0.11,-0.22,-0.11
2014-04-06 20:10:00,21.581452805399998,0.24274287455914664,0,-0.11,-0.22,-0.11
2014-04-06 20:15:00,21.9680940936,0.2387615430290337,0,-0.11,-0.22,-0.11
2014-04-06 20:20:00,19.926306749800002,0.2444000737624405,0,-0.11,-0.22,-0.11
2014-04-06 20:25:00,20.5848003887,0.23919644599214965,0,-0.11,-0.22,-0.11
2014-04-06 20:30:00,18.9128868125,0.2435448038806431,0,-0.11,-0.22,-0.11
2014-04-06 20:35:00,20.139650687899998,0.2360791092895331,0,-0.11,-0.22,-0.11
2014-04-06 20:40:00,19.9098381719,0.2349207077984623,0,-0.11,-0.22,-0.11
2014-04-06 20:45:00,19.1820734611,0.2358718996486369,0,-0.11,-0.22,-0.11
2014-04-06 20:50:00,22.0957841819,0.22201010914911354,0,-0.11,-0.22,-0.11
2014-04-06 20:55:00,19.0385675561,0.2332740871228695,0,-0.11,-0.22,-0.11
2014-04-06 21:00:00,20.6415635753,0.2246344982796936,0,-0.11,-0.22,-0.11
2014-04-06 21:05:00,21.6640612597,0.21890833330995066,0,-0.11,-0.22,-0.11
2014-04-06 21:10:00,21.751784063000002,0.21735738756623127,0,-0.11,-0.22,-0.11
2014-04-06 21:15:00,21.274588949600002,0.21829962059604907,0,-0.11,-0.22,-0.11
2014-04-06 21:20:00,18.7943463993,0.22824506174117004,0,-0.11,-0.22,-0.11
2014-04-06 21:25:00,21.3718202676,0.21494434653322067,0,-0.11,-0.22,-0.11
2014-04-06 21:30:00,19.1979692471,0.22392670688543945,0,-0.11,-0.22,-0.11
2014-04-06 21:35:00,21.7937020986,0.21044831289837607,0,-0.11,-0.22,-0.11
2014-04-06 21:40:00,20.936361138800002,0.21362065130644425,0,-0.11,-0.22,-0.11
2014-04-06 21:45:00,21.2425473293,0.21119615140910936,0,-0.11,-0.22,-0.11
2014-04-06 21:50:00,18.428162392,0.2243529577455528,0,-0.11,-0.22,-0.11
2014-04-06 21:55:00,20.428649494000002,0.2127435131935979,0,-0.11,-0.22,-0.11
2014-04-06 22:00:00,21.3050016829,0.20738737926072248,0,-0.11,-0.22,-0.11
2014-04-06 22:05:00,21.4669499075,0.20583286852707808,0,-0.11,-0.22,-0.11
2014-04-06 22:10:00,18.1319167558,0.2230974240242444,0,-0.11,-0.22,-0.11
2014-04-06 22:15:00,21.777523290999998,0.20189507753541056,0,-0.11,-0.22,-0.11
2014-04-06 22:20:00,18.190801345,0.2213035805570115,0,-0.11,-0.22,-0.11
2014-04-06 22:25:00,20.477714460399998,0.2069385968286537,0,-0.11,-0.22,-0.11
2014-04-06 22:30:00,20.7934927084,0.2044316591810844,0,-0.11,-0.22,-0.11
2014-04-06 22:35:00,18.4470733615,0.21773577808952324,0,-0.11,-0.22,-0.11
2014-04-06 22:40:00,18.2095118191,0.2180791138463582,0,-0.11,-0.22,-0.11
2014-04-06 22:45:00,21.1599426701,0.1988652264716136,0,-0.11,-0.22,-0.11
2014-04-06 22:50:00,19.5574396248,0.2083151006107982,0,-0.11,-0.22,-0.11
2014-04-06 22:55:00,18.4461413643,0.21477787282987806,0,-0.11,-0.22,-0.11
2014-04-06 23:00:00,21.0547129924,0.19681372605141007,0,-0.11,-0.22,-0.11
2014-04-06 23:05:00,21.4007604357,0.19420389487336626,0,-0.11,-0.22,-0.11
2014-04-06 23:10:00,20.353451873599997,0.20084301021928228,0,-0.11,-0.22,-0.11
2014-04-06 23:15:00,18.6485270618,0.21231664057613825,0,-0.11,-0.22,-0.11
2014-04-06 23:20:00,18.064357575,0.21571431679535133,0,-0.11,-0.22,-0.11
2014-04-06 23:25:00,20.8072041395,0.19466597497856666,0,-0.11,-0.22,-0.11
2014-04-06 23:30:00,20.2044372046,0.19871580927477445,0,-0.11,-0.22,-0.11
2014-04-06 23:35:00,20.6071443771,0.1952734418754098,0,-0.11,-0.22,-0.11
2014-04-06 23:40:00,21.2568192045,0.19005346397243936,0,-0.11,-0.22,-0.11
2014-04-06 23:45:00,19.740700593,0.20167826442233536,0,-0.11,-0.22,-0.11
2014-04-06 23:50:00,18.5016135014,0.21143735635044866,0,-0.11,-0.22,-0.11
2014-04-06 23:55:00,21.7641110466,0.1837953571284614,0,-0.11,-0.22,-0.11
2014-04-07 00:00:00,20.181048509,0.1967411226623776,0,-0.11,-0.22,-0.11
2014-04-07 00:05:00,20.461176476400002,0.19395457500133748,0,-0.11,-0.22,-0.11
2014-04-07 00:10:00,21.733645718200002,0.18277153851417896,0,-0.11,-0.22,-0.11
2014-04-07 00:15:00,21.7263346252,0.1828254787078196,0,-0.11,-0.22,-0.11
2014-04-07 00:20:00,20.2883784269,0.1958117899219845,0,-0.11,-0.22,-0.11
2014-04-07 00:25:00,19.1904456989,0.2060916617225704,0,-0.11,-0.22,-0.11
2014-04-07 00:30:00,21.9884545361,0.18630391249084927,0,-0.11,-0.22,-0.11
2014-04-07 00:35:00,20.7232683598,0.1907883645746513,0,-0.11,-0.22,-0.11
2014-04-07 00:40:00,19.6337467076,0.20174348734484715,0,-0.11,-0.22,-0.11
2014-04-07 00:45:00,20.239347211400002,0.19479789788594,0,-0.11,-0.22,-0.11
2014-04-07 00:50:00,19.663336201099998,0.2007081104746326,0,-0.11,-0.22,-0.11
2014-04-07 00:55:00,21.5532206092,0.18502298049065885,0,-0.11,-0.22,-0.11
2014-04-07 01:00:00,19.9299974995,0.19776770839989727,0,-0.11,-0.22,-0.11
2014-04-07 01:05:00,21.2941135039,0.1829240006927424,0,-0.11,-0.22,-0.11
2014-04-07 01:10:00,21.360705191300003,0.18366419679352675,0,-0.11,-0.22,-0.11
2014-04-07 01:15:00,21.2973293509,0.18289773093761894,0,-0.11,-0.22,-0.11
2014-04-07 01:20:00,20.8887544499,0.1868510577854477,0,-0.11,-0.22,-0.11
2014-04-07 01:25:00,21.4195108672,0.1846184385930105,0,-0.11,-0.22,-0.11
2014-04-07 01:30:00,19.5489183185,0.2046064508713913,0,-0.11,-0.22,-0.11
2014-04-07 01:35:00,18.4586528246,0.21956126775318816,0,-0.11,-0.22,-0.11
2014-04-07 01:40:00,21.3698168175,0.18691502476824146,0,-0.11,-0.22,-0.11
2014-04-07 01:45:00,19.9926736627,0.19693825682059649,0,-0.11,-0.22,-0.11
2014-04-07 01:50:00,18.5095041301,0.21897466626900405,0,-0.11,-0.22,-0.11
2014-04-07 01:55:00,18.461250088699998,0.2185635902346784,0,-0.11,-0.22,-0.11
2014-04-07 02:00:00,18.636969576,0.21454799987499248,0,-0.11,-0.22,-0.11
2014-04-07 02:05:00,21.0038930387,0.18775313796451493,0,-0.11,-0.22,-0.11
2014-04-07 02:10:00,20.8434266939,0.1851726711248959,0,-0.11,-0.22,-0.11
2014-04-07 02:15:00,18.8152747207,0.2126680135149008,0,-0.11,-0.22,-0.11
2014-04-07 02:20:00,21.3876936724,0.1954981396948521,0,-0.11,-0.22,-0.11
2014-04-07 02:25:00,19.125179182100002,0.20770174814105424,0,-0.11,-0.22,-0.11
2014-04-07 02:30:00,21.1719423333,0.19301367136278874,0,-0.11,-0.22,-0.11
2014-04-07 02:35:00,19.9552236309,0.19312817484602265,0,-0.11,-0.22,-0.11
2014-04-07 02:40:00,20.9261947302,0.1891463448993949,0,-0.11,-0.22,-0.11
2014-04-07 02:45:00,19.5255506523,0.20159228863050552,0,-0.11,-0.22,-0.11
2014-04-07 02:50:00,19.3885623884,0.2037594138986236,0,-0.11,-0.22,-0.11
2014-04-07 02:55:00,21.3654383958,0.2000218659853536,0,-0.11,-0.22,-0.11
2014-04-07 03:00:00,18.1412090181,0.23187276656142736,0,-0.11,-0.22,-0.11
2014-04-07 03:05:00,21.898947789,0.21374886151375,0,-0.11,-0.22,-0.11
2014-04-07 03:10:00,20.5927182331,0.1851098180221384,0,-0.11,-0.22,-0.11
2014-04-07 03:15:00,19.7299335528,0.19787784457939306,0,-0.11,-0.22,-0.11
2014-04-07 03:20:00,20.5122181246,0.18418510406645408,0,-0.11,-0.22,-0.11
2014-04-07 03:25:00,18.490963785799998,0.2277289585946487,0,-0.11,-0.22,-0.11
2014-04-07 03:30:00,20.0562098212,0.18859226885159167,0,-0.11,-0.22,-0.11
2014-04-07 03:35:00,21.9403820934,0.22145955468220288,0,-0.11,-0.22,-0.11
2014-04-07 03:40:00,18.9410777514,0.2181549288962057,0,-0.11,-0.22,-0.11
2014-04-07 03:45:00,20.8891123961,0.19582896768258504,0,-0.11,-0.22,-0.11
2014-04-07 03:50:00,19.7398855033,0.1976342486462224,0,-0.11,-0.22,-0.11
2014-04-07 03:55:00,20.609832594,0.18946519313715848,0,-0.11,-0.22,-0.11
2014-04-07 04:00:00,18.8195489148,0.22374889271287696,0,-0.11,-0.22,-0.11
2014-04-07 04:05:00,19.8818599305,0.1924239134732975,0,-0.11,-0.22,-0.11
2014-04-07 04:10:00,21.920370855399998,0.23054182406128715,0,-0.11,-0.22,-0.11
2014-04-07 04:15:00,18.7811486041,0.2274236630737161,0,-0.11,-0.22,-0.11
2014-04-07 04:20:00,20.545780111400003,0.1905541628026012,0,-0.11,-0.22,-0.11
2014-04-07 04:25:00,20.3023909951,0.1834295919403713,0,-0.11,-0.22,-0.11
2014-04-07 04:30:00,20.2602063452,0.18265574187955635,0,-0.11,-0.22,-0.11
2014-04-07 04:35:00,20.4604931586,0.18814732877351809,0,-0.11,-0.22,-0.11
2014-04-07 04:40:00,20.0089518948,0.19064924736571776,0,-0.11,-0.22,-0.11
2014-04-07 04:45:00,18.067723000999997,0.2601317661977909,0,-0.11,-0.22,-0.11
2014-04-07 04:50:00,21.600387245900002,0.2316566594829116,0,-0.11,-0.22,-0.11
2014-04-07 04:55:00,21.3079153099,0.21906435631639484,0,-0.11,-0.22,-0.11
2014-04-07 05:00:00,18.6966707237,0.2390607429126793,0,-0.11,-0.22,-0.11
2014-04-07 05:05:00,19.6530927095,0.20102956285746998,0,-0.11,-0.22,-0.11
2014-04-07 05:10:00,21.0821959228,0.21481274479718449,0,-0.11,-0.22,-0.11
2014-04-07 05:15:00,21.9202492615,0.2478808063360987,0,-0.11,-0.22,-0.11
2014-04-07 05:20:00,21.804548185799998,0.2400698577562896,0,-0.11,-0.22,-0.11
2014-04-07 05:25:00,21.5974367987,0.22903060340507114,0,-0.11,-0.22,-0.11
2014-04-07 05:30:00,18.633495589200002,0.2558007423850894,0,-0.11,-0.22,-0.11
2014-04-07 05:35:00,21.657900424,0.2341656915918248,0,-0.11,-0.22,-0.11
2014-04-07 05:40:00,21.513779651799997,0.22597329771159344,0,-0.11,-0.22,-0.11
2014-04-07 05:45:00,19.5077996447,0.2209663221217653,0,-0.11,-0.22,-0.11
2014-04-07 05:50:00,19.5780903781,0.2166441564463336,0,-0.11,-0.22,-0.11
2014-04-07 05:55:00,19.8396356878,0.2042964818469889,0,-0.11,-0.22,-0.11
2014-04-07 06:00:00,20.6247025239,0.19345197480578105,0,-0.11,-0.22,-0.11
2014-04-07 06:05:00,19.0433424639,0.2424792460166209,0,-0.11,-0.22,-0.11
2014-04-07 06:10:00,18.091793717799998,0.2911262717041802,0,-0.11,-0.22,-0.11
2014-04-07 06:15:00,18.5649180984,0.25813330361989745,0,-0.11,-0.22,-0.11
2014-04-07 06:20:00,19.7604636303,0.19715315660478816,0,-0.11,-0.22,-0.11
2014-04-07 06:25:00,19.1280102777,0.2264741378469022,0,-0.11,-0.22,-0.11
2014-04-07 06:30:00,21.0580662441,0.22997091800139585,0,-0.11,-0.22,-0.11
2014-04-07 06:35:00,18.4267602822,0.2664280316639597,0,-0.11,-0.22,-0.11
2014-04-07 06:40:00,21.669860902199996,0.26621604944058197,0,-0.11,-0.22,-0.11
2014-04-07 06:45:00,21.5813087198,0.25672984823600964,0,-0.11,-0.22,-0.11
2014-04-07 06:50:00,21.6350272677,0.2561417608333316,0,-0.11,-0.22,-0.11
2014-04-07 06:55:00,20.9584399944,0.2164667381109046,0,-0.11,-0.22,-0.11
2014-04-07 07:00:00,18.4279998859,0.2814097402888237,0,-0.11,-0.22,-0.11
2014-04-07 07:05:00,19.7525502855,0.20274745597715094,0,-0.11,-0.22,-0.11
2014-04-07 07:10:00,18.5256214872,0.2704442427045424,0,-0.11,-0.22,-0.11
2014-04-07 07:15:00,21.950796771,0.28494114936664144,0,-0.11,-0.22,-0.11
2014-04-07 07:20:00,19.3321536936,0.2243539733361114,0,-0.11,-0.22,-0.11
2014-04-07 07:25:00,20.3413221676,0.1924060433732913,0,-0.11,-0.22,-0.11
2014-04-07 07:30:00,21.117572217,0.2339359187908146,0,-0.11,-0.22,-0.11
2014-04-07 07:35:00,21.6824643369,0.26652111055737143,0,-0.11,-0.22,-0.11
2014-04-07 07:40:00,21.0221909034,0.22233387913196628,0,-0.11,-0.22,-0.11
2014-04-07 07:45:00,20.6980151151,0.20290081814833108,0,-0.11,-0.22,-0.11
2014-04-07 07:50:00,19.8639271282,0.2070943727563576,0,-0.11,-0.22,-0.11
2014-04-07 07:55:00,20.421600535,0.1888285773037159,0,-0.11,-0.22,-0.11
2014-04-07 08:00:00,18.3766552354,0.30873497142593165,0,-0.11,-0.22,-0.11
2014-04-07 08:05:00,21.535690167800002,0.2624927475502947,0,-0.11,-0.22,-0.11
2014-04-07 08:10:00,20.1751092354,0.18783988029231244,0,-0.11,-0.22,-0.11
2014-04-07 08:15:00,18.1605402017,0.3243625435110196,0,-0.11,-0.22,-0.11
2014-04-07 08:20:00,21.6796085026,0.2755295079052209,0,-0.11,-0.22,-0.11
2014-04-07 08:25:00,19.957207895299998,0.1978149729733879,0,-0.11,-0.22,-0.11
2014-04-07 08:30:00,21.474356566199997,0.2591003839143288,0,-0.11,-0.22,-0.11
2014-04-07 08:35:00,21.4275518168,0.25207482232301553,0,-0.11,-0.22,-0.11
2014-04-07 08:40:00,21.2630063498,0.2377844240722868,0,-0.11,-0.22,-0.11
2014-04-07 08:45:00,18.2456120772,0.3310675555150109,0,-0.11,-0.22,-0.11
2014-04-07 08:50:00,18.9882665817,0.26213392855326834,0,-0.11,-0.22,-0.11
2014-04-07 08:55:00,21.502191489899996,0.2614978635928117,0,-0.11,-0.22,-0.11
2014-04-07 09:00:00,73.4262783623,0.9999999801551778,0,-0.11,-0.22,-0.11
2014-04-07 09:05:00,67.4297365282,0.6005433335957245,0,-0.11,-0.22,-0.11
2014-04-07 09:10:00,67.18456396010001,0.4766053360516022,0,-0.11,-0.22,-0.11
2014-04-07 09:15:00,63.5819126209,0.3906946505172292,0,-0.11,-0.22,-0.11
2014-04-07 09:20:00,74.3703867262,0.4307887829895,0,-0.11,-0.22,-0.11
2014-04-07 09:25:00,64.0986832649,0.33077526942286617,0,-0.11,-0.22,-0.11
2014-04-07 09:30:00,63.7967402672,0.3150253838911848,0,-0.11,-0.22,-0.11
2014-04-07 09:35:00,70.18591399399999,0.33562482215918643,0,-0.11,-0.22,-0.11
2014-04-07 09:40:00,64.5026825208,0.2937119017556691,0,-0.11,-0.22,-0.11
2014-04-07 09:45:00,73.96729390979999,0.3298511501016455,0,-0.11,-0.22,-0.11
2014-04-07 09:50:00,61.3483351363,0.2612597861491659,0,-0.11,-0.22,-0.11
2014-04-07 09:55:00,61.2782443676,0.25696381491299597,0,-0.11,-0.22,-0.11
2014-04-07 10:00:00,77.6756879583,0.32504839378443195,0,-0.11,-0.22,-0.11
2014-04-07 10:05:00,77.4147293779,0.31080728826124515,0,-0.11,-0.22,-0.11
2014-04-07 10:10:00,72.3754096199,0.2792911466821445,0,-0.11,-0.22,-0.11
2014-04-07 10:15:00,77.51494361729999,0.2944583040887572,0,-0.11,-0.22,-0.11
2014-04-07 10:20:00,76.2289803522,0.2813137287332902,0,-0.11,-0.22,-0.11
2014-04-07 10:25:00,83.6579142333,0.305509120329724,0,-0.11,-0.22,-0.11
2014-04-07 10:30:00,69.9836208418,0.2435194480442889,0,-0.11,-0.22,-0.11
2014-04-07 10:35:00,84.9917073741,0.2991703807895082,0,-0.11,-0.22,-0.11
2014-04-07 10:40:00,79.53057570189999,0.2691524185580389,0,-0.11,-0.22,-0.11
2014-04-07 10:45:00,72.19661027640001,0.2375378273921287,0,-0.11,-0.22,-0.11
2014-04-07 10:50:00,70.5657154143,0.22961901839357546,0,-0.11,-0.22,-0.11
2014-04-07 10:55:00,78.1913998208,0.256005096302537,0,-0.11,-0.22,-0.11
2014-04-07 11:00:00,75.3036931996,0.24159017779690595,0,-0.11,-0.22,-0.11
2014-04-07 11:05:00,76.3577367005,0.2431130192800615,0,-0.11,-0.22,-0.11
2014-04-07 11:10:00,75.4665819495,0.2372082218960596,0,-0.11,-0.22,-0.11
2014-04-07 11:15:00,81.9083404751,0.2603510633126122,0,-0.11,-0.22,-0.11
2014-04-07 11:20:00,80.37132461350001,0.2502612485758169,0,-0.11,-0.22,-0.11
2014-04-07 11:25:00,72.8081052317,0.21831723397439776,0,-0.11,-0.22,-0.11
2014-04-07 11:30:00,79.9418779836,0.24482177584451906,0,-0.11,-0.22,-0.11
2014-04-07 11:35:00,84.1510820315,0.2596477726994879,0,-0.11,-0.22,-0.11
2014-04-07 11:40:00,72.8593187724,0.2109772540270498,0,-0.11,-0.22,-0.11
2014-04-07 11:45:00,85.718408678,0.26272864332243523,0,-0.11,-0.22,-0.11
2014-04-07 11:50:00,80.7653889528,0.23749561798750204,0,-0.11,-0.22,-0.11
2014-04-07 11:55:00,86.6867315593,0.2609045119051864,0,-0.11,-0.22,-0.11
2014-04-07 12:00:00,74.2810151722,0.20572597554092745,0,-0.11,-0.22,-0.11
2014-04-07 12:05:00,87.7915635417,0.26251775779821923,0,-0.11,-0.22,-0.11
2014-04-07 12:10:00,82.2095958165,0.2336166788418655,0,-0.11,-0.22,-0.11
2014-04-07 12:15:00,80.9826113031,0.2264148990547866,0,-0.11,-0.22,-0.11
2014-04-07 12:20:00,80.148180617,0.2212947717772398,0,-0.11,-0.22,-0.11
2014-04-07 12:25:00,72.2916158056,0.1878279972177644,0,-0.11,-0.22,-0.11
2014-04-07 12:30:00,86.9297859923,0.2524501298342947,0,-0.11,-0.22,-0.11
2014-04-07 12:35:00,82.2051468718,0.2268099312730478,0,-0.11,-0.22,-0.11
2014-04-07 12:40:00,73.37786452350001,0.18687752736858249,0,-0.11,-0.22,-0.11
2014-04-07 12:45:00,72.248432443,0.18273009369298,0,-0.11,-0.22,-0.11
2014-04-07 12:50:00,72.7251631819,0.18412831018325745,0,-0.11,-0.22,-0.11
2014-04-07 12:55:00,81.6522318163,0.2258054136012088,0,-0.11,-0.22,-0.11
2014-04-07 13:00:00,81.8046088191,0.2250771612361961,0,-0.11,-0.22,-0.11
2014-04-07 13:05:00,79.9754779461,0.21427062341823527,0,-0.11,-0.22,-0.11
2014-04-07 13:10:00,76.8897951497,0.19791594624479847,0,-0.11,-0.22,-0.11
2014-04-07 13:15:00,80.4885618137,0.21593896264256368,0,-0.11,-0.22,-0.11
2014-04-07 13:20:00,80.241566535,0.21355752009492893,0,-0.11,-0.22,-0.11
2014-04-07 13:25:00,72.29329440229999,0.1929084172417976,0,-0.11,-0.22,-0.11
2014-04-07 13:30:00,76.5011430034,0.19370003149398227,0,-0.11,-0.22,-0.11
2014-04-07 13:35:00,72.83348123180001,0.19061057786833613,0,-0.11,-0.22,-0.11
2014-04-07 13:40:00,86.38173942889999,0.2543463910551715,0,-0.11,-0.22,-0.11
2014-04-07 13:45:00,83.5835057476,0.2327452503047236,0,-0.11,-0.22,-0.11
2014-04-07 13:50:00,87.9167376408,0.2597773932697555,0,-0.11,-0.22,-0.11
2014-04-07 13:55:00,76.8162998752,0.18693934964566086,0,-0.11,-0.22,-0.11
2014-04-07 14:00:00,86.05164288700001,0.2446931687022157,0,-0.11,-0.22,-0.11
2014-04-07 14:05:00,81.6449491412,0.21291211154963244,0,-0.11,-0.22,-0.11
2014-04-07 14:10:00,79.2462025101,0.1969660149849539,0,-0.11,-0.22,-0.11
2014-04-07 14:15:00,75.55754284449999,0.1905247182938772,0,-0.11,-0.22,-0.11
2014-04-07 14:20:00,83.8102515594,0.2282850942575901,0,-0.11,-0.22,-0.11
2014-04-07 14:25:00,86.4621016024,0.2463696188755689,0,-0.11,-0.22,-0.11
2014-04-07 14:30:00,75.7612976524,0.1944890415858359,0,-0.11,-0.22,-0.11
2014-04-07 14:35:00,74.8026546598,0.2006570330241685,0,-0.11,-0.22,-0.11
2014-04-07 14:40:00,83.1355599416,0.22271090504019767,0,-0.11,-0.22,-0.11
2014-04-07 14:45:00,87.6273642882,0.2578224199274492,0,-0.11,-0.22,-0.11
2014-04-07 14:50:00,83.9952496521,0.2244566431613889,0,-0.11,-0.22,-0.11
2014-04-07 14:55:00,76.5496172668,0.19607378828229247,0,-0.11,-0.22,-0.11
2014-04-07 15:00:00,78.7185310812,0.1846909963644068,0,-0.11,-0.22,-0.11
2014-04-07 15:05:00,78.14833193609999,0.1843300195745071,0,-0.11,-0.22,-0.11
2014-04-07 15:10:00,85.632698207,0.24182267427937665,0,-0.11,-0.22,-0.11
2014-04-07 15:15:00,84.3411227794,0.2278036168283287,0,-0.11,-0.22,-0.11
2014-04-07 15:20:00,81.4228252896,0.20123375830195134,0,-0.11,-0.22,-0.11
2014-04-07 15:25:00,76.3986123326,0.20490414080540806,0,-0.11,-0.22,-0.11
2014-04-07 15:30:00,87.0069811685,0.2547862572868985,0,-0.11,-0.22,-0.11
2014-04-07 15:35:00,82.4522520471,0.20805005526565165,0,-0.11,-0.22,-0.11
2014-04-07 15:40:00,87.52678607790001,0.25699729359439505,0,-0.11,-0.22,-0.11
2014-04-07 15:45:00,81.28109222270001,0.1935288607391289,0,-0.11,-0.22,-0.11
2014-04-07 15:50:00,85.1382667986,0.2297590272419293,0,-0.11,-0.22,-0.11
2014-04-07 15:55:00,85.0088699773,0.2267298345965145,0,-0.11,-0.22,-0.11
2014-04-07 16:00:00,77.3971118266,0.2115634934653917,0,-0.11,-0.22,-0.11
2014-04-07 16:05:00,87.4241637126,0.254494798900322,0,-0.11,-0.22,-0.11
2014-04-07 16:10:00,72.3509245675,0.27064033501017026,0,-0.11,-0.22,-0.11
2014-04-07 16:15:00,84.2992126855,0.22146177608185894,0,-0.11,-0.22,-0.11
2014-04-07 16:20:00,87.44874547030001,0.2555089857345008,0,-0.11,-0.22,-0.11
2014-04-07 16:25:00,77.4223826013,0.2165558925222524,0,-0.11,-0.22,-0.11
2014-04-07 16:30:00,82.3696112547,0.19905759173986626,0,-0.11,-0.22,-0.11
2014-04-07 16:35:00,80.99541648600001,0.18469168272872089,0,-0.11,-0.22,-0.11
2014-04-07 16:40:00,84.1839553213,0.21901515539836586,0,-0.11,-0.22,-0.11
2014-04-07 16:45:00,85.8586818973,0.2379923810184977,0,-0.11,-0.22,-0.11
2014-04-07 16:50:00,81.6485563433,0.18720543873843504,0,-0.11,-0.22,-0.11
2014-04-07 16:55:00,85.0543100775,0.2268072802098849,0,-0.11,-0.22,-0.11
2014-04-07 17:00:00,76.9965396475,0.2350480285825365,0,-0.11,-0.22,-0.11
2014-04-07 17:05:00,75.6573638868,0.2511319331692108,0,-0.11,-0.22,-0.11
2014-04-07 17:10:00,78.89065273850001,0.20589850274099306,0,-0.11,-0.22,-0.11
2014-04-07 17:15:00,82.8437537813,0.20668184729817607,0,-0.11,-0.22,-0.11
2014-04-07 17:20:00,74.99592238460002,0.2613303674727862,0,-0.11,-0.22,-0.11
2014-04-07 17:25:00,82.88560324630002,0.21045884103474088,0,-0.11,-0.22,-0.11
2014-04-07 17:30:00,78.3054683078,0.21316463144687472,0,-0.11,-0.22,-0.11
2014-04-07 17:35:00,84.7291718463,0.23820545354534736,0,-0.11,-0.22,-0.11
2014-04-07 17:40:00,72.5893451993,0.30640239547764553,0,-0.11,-0.22,-0.11
2014-04-07 17:45:00,82.68769045319999,0.21186276768051848,0,-0.11,-0.22,-0.11
2014-04-07 17:50:00,82.3971257459,0.20697008645534548,0,-0.11,-0.22,-0.11
2014-04-07 17:55:00,87.05493418889999,0.278798977743144,0,-0.11,-0.22,-0.11
2014-04-07 18:00:00,33.3655459366,0.9269971054159613,0,-0.11,-0.22,-0.11
2014-04-07 18:05:00,33.896325629,0.5949865831977456,0,-0.11,-0.22,-0.11
2014-04-07 18:10:00,34.5893758603,0.4704395559026458,0,-0.11,-0.22,-0.11
2014-04-07 18:15:00,33.120325918,0.4226380418154429,0,-0.11,-0.22,-0.11
2014-04-07 18:20:00,30.6569773776,0.3982130841585424,0,-0.11,-0.22,-0.11
2014-04-07 18:25:00,34.366545719,0.3459930969798409,0,-0.11,-0.22,-0.11
2014-04-07 18:30:00,33.5844935164,0.3324893326129449,0,-0.11,-0.22,-0.11
2014-04-07 18:35:00,31.516394614499998,0.32801548928743024,0,-0.11,-0.22,-0.11
2014-04-07 18:40:00,33.3473803023,0.30588302150166,0,-0.11,-0.22,-0.11
2014-04-07 18:45:00,34.3532022181,0.2917799866034569,0,-0.11,-0.22,-0.11
2014-04-07 18:50:00,35.044166912399994,0.28128935547114026,0,-0.11,-0.22,-0.11
2014-04-07 18:55:00,34.8950429255,0.27573770913132906,0,-0.11,-0.22,-0.11
2014-04-07 19:00:00,21.617467478000002,0.3281239936623735,0,-0.11,-0.22,-0.11
2014-04-07 19:05:00,22.0491866279,0.3125629799246786,0,-0.11,-0.22,-0.11
2014-04-07 19:10:00,20.6507228575,0.307617641838273,0,-0.11,-0.22,-0.11
2014-04-07 19:15:00,21.268997239100003,0.2951659507450082,0,-0.11,-0.22,-0.11
2014-04-07 19:20:00,24.1132456912,0.2761407384105798,0,-0.11,-0.22,-0.11
2014-04-07 19:25:00,21.776606475100003,0.2794620203993169,0,-0.11,-0.22,-0.11
2014-04-07 19:30:00,22.9400746521,0.2691425819491167,0,-0.11,-0.22,-0.11
2014-04-07 19:35:00,23.1435247004,0.2635988553917689,0,-0.11,-0.22,-0.11
2014-04-07 19:40:00,23.6625938546,0.2574662919681599,0,-0.11,-0.22,-0.11
2014-04-07 19:45:00,20.9789429847,0.2636850960848925,0,-0.11,-0.22,-0.11
2014-04-07 19:50:00,21.525561662199998,0.2574225868610983,0,-0.11,-0.22,-0.11
2014-04-07 19:55:00,22.1685455936,0.25140265491874764,0,-0.11,-0.22,-0.11
2014-04-07 20:00:00,19.9263887477,0.25653154791557536,0,-0.11,-0.22,-0.11
2014-04-07 20:05:00,22.457979564299997,0.2436256420309573,0,-0.11,-0.22,-0.11
2014-04-07 20:10:00,21.8519172677,0.2432725112118347,0,-0.11,-0.22,-0.11
2014-04-07 20:15:00,20.3967967022,0.24614215438872045,0,-0.11,-0.22,-0.11
2014-04-07 20:20:00,22.033484028,0.2372755569360071,0,-0.11,-0.22,-0.11
2014-04-07 20:25:00,19.855986235,0.2433482180598397,0,-0.11,-0.22,-0.11
2014-04-07 20:30:00,21.6507525548,0.23396485852583626,0,-0.11,-0.22,-0.11
2014-04-07 20:35:00,19.3481750177,0.24088944550583954,0,-0.11,-0.22,-0.11
2014-04-07 20:40:00,21.5954308381,0.22978209296686355,0,-0.11,-0.22,-0.11
2014-04-07 20:45:00,20.3016328959,0.2331217900126716,0,-0.11,-0.22,-0.11
2014-04-07 20:50:00,18.8723169923,0.2369538686125471,0,-0.11,-0.22,-0.11
2014-04-07 20:55:00,19.5512827792,0.2320614965553389,0,-0.11,-0.22,-0.11
2014-04-07 21:00:00,19.703222120699998,0.2295988763996275,0,-0.11,-0.22,-0.11
2014-04-07 21:05:00,21.097958019,0.2221796897928593,0,-0.11,-0.22,-0.11
2014-04-07 21:10:00,18.379732082100002,0.2322606119245277,0,-0.11,-0.22,-0.11
2014-04-07 21:15:00,20.737251232000002,0.2203834544685357,0,-0.11,-0.22,-0.11
2014-04-07 21:20:00,20.9642019744,0.21817337811385346,0,-0.11,-0.22,-0.11
2014-04-07 21:25:00,20.7146407193,0.2181027778541228,0,-0.11,-0.22,-0.11
2014-04-07 21:30:00,21.143683358,0.21507548148508687,0,-0.11,-0.22,-0.11
2014-04-07 21:35:00,18.8024952555,0.2246649101898945,0,-0.11,-0.22,-0.11
2014-04-07 21:40:00,20.4460857547,0.21562522068135845,0,-0.11,-0.22,-0.11
2014-04-07 21:45:00,21.869049718299998,0.2080521587596354,0,-0.11,-0.22,-0.11
2014-04-07 21:50:00,20.541264087000002,0.2135199976740033,0,-0.11,-0.22,-0.11
2014-04-07 21:55:00,20.543482995399998,0.21255392121779187,0,-0.11,-0.22,-0.11
2014-04-07 22:00:00,20.9658664864,0.2095683750476916,0,-0.11,-0.22,-0.11
2014-04-07 22:05:00,19.3513764233,0.2169118021013151,0,-0.11,-0.22,-0.11
2014-04-07 22:10:00,20.8218734225,0.2082593093217973,0,-0.11,-0.22,-0.11
2014-04-07 22:15:00,21.685733660500002,0.20306559100327776,0,-0.11,-0.22,-0.11
2014-04-07 22:20:00,18.0609037218,0.2220147504036633,0,-0.11,-0.22,-0.11
2014-04-07 22:25:00,21.501073388000002,0.20185418783828485,0,-0.11,-0.22,-0.11
2014-04-07 22:30:00,18.8925928102,0.2158104194610616,0,-0.11,-0.22,-0.11
2014-04-07 22:35:00,19.8427238304,0.20930086439426213,0,-0.11,-0.22,-0.11
2014-04-07 22:40:00,21.429944208800002,0.1994364991321079,0,-0.11,-0.22,-0.11
2014-04-07 22:45:00,21.3160923219,0.19962598704376208,0,-0.11,-0.22,-0.11
2014-04-07 22:50:00,21.5884149034,0.19755402163659408,0,-0.11,-0.22,-0.11
2014-04-07 22:55:00,21.7825583603,0.19598342318586348,0,-0.11,-0.22,-0.11
2014-04-07 23:00:00,19.7924272417,0.2080685332518258,0,-0.11,-0.22,-0.11
2014-04-07 23:05:00,20.6294153286,0.20190523938304364,0,-0.11,-0.22,-0.11
2014-04-07 23:10:00,19.5656696476,0.20841613761480648,0,-0.11,-0.22,-0.11
2014-04-07 23:15:00,19.4065922185,0.2087454702301521,0,-0.11,-0.22,-0.11
2014-04-07 23:20:00,19.7301691057,0.20570859067909844,0,-0.11,-0.22,-0.11
2014-04-07 23:25:00,20.9763312195,0.1963214301762572,0,-0.11,-0.22,-0.11
2014-04-07 23:30:00,20.0096040931,0.2028494897488862,0,-0.11,-0.22,-0.11
2014-04-07 23:35:00,21.2603198935,0.1931900446649188,0,-0.11,-0.22,-0.11
2014-04-07 23:40:00,20.9849022345,0.19492836376062334,0,-0.11,-0.22,-0.11
2014-04-07 23:45:00,18.0853855702,0.21741609441053547,0,-0.11,-0.22,-0.11
2014-04-07 23:50:00,20.5248926493,0.1966579012896954,0,-0.11,-0.22,-0.11
2014-04-07 23:55:00,19.7500757779,0.2025094665808825,0,-0.11,-0.22,-0.11
2014-04-08 00:00:00,19.8265159566,0.2013119812759848,0,-0.11,-0.22,-0.11
2014-04-08 00:05:00,21.2734922155,0.18878699114447176,0,-0.11,-0.22,-0.11
2014-04-08 00:10:00,20.190431944300002,0.1977811171399688,0,-0.11,-0.22,-0.11
2014-04-08 00:15:00,21.5424872938,0.1857246664648057,0,-0.11,-0.22,-0.11
2014-04-08 00:20:00,20.851222369600002,0.19167676258908045,0,-0.11,-0.22,-0.11
2014-04-08 00:25:00,20.2113600351,0.19729716630415545,0,-0.11,-0.22,-0.11
2014-04-08 00:30:00,21.0181519046,0.1893559728203177,0,-0.11,-0.22,-0.11
2014-04-08 00:35:00,18.153396203699998,0.21769986634636146,0,-0.11,-0.22,-0.11
2014-04-08 00:40:00,18.1083346193,0.21705256027800585,0,-0.11,-0.22,-0.11
2014-04-08 00:45:00,18.3333973077,0.2135179029564106,0,-0.11,-0.22,-0.11
2014-04-08 00:50:00,19.7502613006,0.19742959997430928,0,-0.11,-0.22,-0.11
2014-04-08 00:55:00,18.9418005825,0.20576086475476246,0,-0.11,-0.22,-0.11
2014-04-08 01:00:00,21.9370451777,0.1916729675844947,0,-0.11,-0.22,-0.11
2014-04-08 01:05:00,20.169160555999998,0.1923935246104144,0,-0.11,-0.22,-0.11
2014-04-08 01:10:00,20.6496629843,0.1867931265816853,0,-0.11,-0.22,-0.11
2014-04-08 01:15:00,19.115280545,0.20459384812636905,0,-0.11,-0.22,-0.11
2014-04-08 01:20:00,19.287187634400002,0.20185015018725466,0,-0.11,-0.22,-0.11
2014-04-08 01:25:00,19.341847656600002,0.20062571686185351,0,-0.11,-0.22,-0.11
2014-04-08 01:30:00,20.7949428206,0.1826396453382376,0,-0.11,-0.22,-0.11
2014-04-08 01:35:00,19.894824830799998,0.1934521914252308,0,-0.11,-0.22,-0.11
2014-04-08 01:40:00,20.0707346101,0.1908707515208267,0,-0.11,-0.22,-0.11
2014-04-08 01:45:00,20.368011928599998,0.18673353163777934,0,-0.11,-0.22,-0.11
2014-04-08 01:50:00,21.075246625,0.18763602176140834,0,-0.11,-0.22,-0.11
2014-04-08 01:55:00,18.3614789941,0.21621839465697776,0,-0.11,-0.22,-0.11
2014-04-08 02:00:00,21.107495648900002,0.18972710548663232,0,-0.11,-0.22,-0.11
2014-04-08 02:05:00,20.2529402755,0.1875696189186284,0,-0.11,-0.22,-0.11
2014-04-08 02:10:00,20.6763817794,0.1836179734231547,0,-0.11,-0.22,-0.11
2014-04-08 02:15:00,19.3102070594,0.2024090475317902,0,-0.11,-0.22,-0.11
2014-04-08 02:20:00,19.6375473473,0.1965081289565493,0,-0.11,-0.22,-0.11
2014-04-08 02:25:00,18.9246632786,0.2081867912749752,0,-0.11,-0.22,-0.11
2014-04-08 02:30:00,21.9171999897,0.2077797357319629,0,-0.11,-0.22,-0.11
2014-04-08 02:35:00,19.98801189,0.1907311675755652,0,-0.11,-0.22,-0.11
2014-04-08 02:40:00,21.984307663200003,0.20941359732485554,0,-0.11,-0.22,-0.11
2014-04-08 02:45:00,19.959143912200002,0.1925784029953988,0,-0.11,-0.22,-0.11
2014-04-08 02:50:00,18.8790050575,0.2129192779514872,0,-0.11,-0.22,-0.11
2014-04-08 02:55:00,20.0298095869,0.18969445219456446,0,-0.11,-0.22,-0.11
2014-04-08 03:00:00,18.158382287200002,0.227699604143446,0,-0.11,-0.22,-0.11
2014-04-08 03:05:00,21.6190792057,0.2086705406620614,0,-0.11,-0.22,-0.11
2014-04-08 03:10:00,21.274201004800002,0.20066373371291168,0,-0.11,-0.22,-0.11
2014-04-08 03:15:00,20.9032820828,0.1924230065519298,0,-0.11,-0.22,-0.11
2014-04-08 03:20:00,20.439306861800002,0.1825818563397392,0,-0.11,-0.22,-0.11
2014-04-08 03:25:00,20.3193369347,0.18477436438898184,0,-0.11,-0.22,-0.11
2014-04-08 03:30:00,21.986912856300002,0.21802097912137386,0,-0.11,-0.22,-0.11
2014-04-08 03:35:00,19.1119897361,0.21465552883421216,0,-0.11,-0.22,-0.11
2014-04-08 03:40:00,21.1187374615,0.19810982870506488,0,-0.11,-0.22,-0.11
2014-04-08 03:45:00,20.325619080899997,0.18571059196611256,0,-0.11,-0.22,-0.11
2014-04-08 03:50:00,21.903522175,0.21852839812905225,0,-0.11,-0.22,-0.11
2014-04-08 03:55:00,21.311212733199998,0.20169105054677475,0,-0.11,-0.22,-0.11
2014-04-08 04:00:00,21.994100451999998,0.21972257113365629,0,-0.11,-0.22,-0.11
2014-04-08 04:05:00,20.3532999778,0.1897764137470414,0,-0.11,-0.22,-0.11
2014-04-08 04:10:00,18.8181758302,0.2333273879370072,0,-0.11,-0.22,-0.11
2014-04-08 04:15:00,20.0147481428,0.1964321255156944,0,-0.11,-0.22,-0.11
2014-04-08 04:20:00,20.844444536199997,0.19143078547211145,0,-0.11,-0.22,-0.11
2014-04-08 04:25:00,21.0974415447,0.1984620364874588,0,-0.11,-0.22,-0.11
2014-04-08 04:30:00,18.0020399561,0.264944304090572,0,-0.11,-0.22,-0.11
2014-04-08 04:35:00,20.020108354,0.1942105035222407,0,-0.11,-0.22,-0.11
2014-04-08 04:40:00,18.9409383199,0.2285421726702148,0,-0.11,-0.22,-0.11
2014-04-08 04:45:00,21.499647333000002,0.21902731842158712,0,-0.11,-0.22,-0.11
2014-04-08 04:50:00,18.6116217762,0.2418503433301372,0,-0.11,-0.22,-0.11
2014-04-08 04:55:00,20.6658249983,0.19361673137301647,0,-0.11,-0.22,-0.11
2014-04-08 05:00:00,19.0642487613,0.22482454782211195,0,-0.11,-0.22,-0.11
2014-04-08 05:05:00,19.4261685729,0.21032296355510893,0,-0.11,-0.22,-0.11
2014-04-08 05:10:00,21.762237043000003,0.23779901079382865,0,-0.11,-0.22,-0.11
2014-04-08 05:15:00,18.9617925016,0.2303789304949888,0,-0.11,-0.22,-0.11
2014-04-08 05:20:00,18.380011047300002,0.2524331923943125,0,-0.11,-0.22,-0.11
2014-04-08 05:25:00,18.2771396058,0.253568412192998,0,-0.11,-0.22,-0.11
2014-04-08 05:30:00,20.0184604404,0.18327651496981145,0,-0.11,-0.22,-0.11
2014-04-08 05:35:00,20.5668459291,0.2014432989075482,0,-0.11,-0.22,-0.11
2014-04-08 05:40:00,19.309174574300002,0.21113611383231445,0,-0.11,-0.22,-0.11
2014-04-08 05:45:00,20.7610389672,0.21065085938075293,0,-0.11,-0.22,-0.11
2014-04-08 05:50:00,18.244134874300002,0.2605232400983731,0,-0.11,-0.22,-0.11
2014-04-08 05:55:00,21.4293385797,0.2434417424478588,0,-0.11,-0.22,-0.11
2014-04-08 06:00:00,21.266268839000002,0.23335789430529644,0,-0.11,-0.22,-0.11
2014-04-08 06:05:00,21.9419850856,0.2640413221690763,0,-0.11,-0.22,-0.11
2014-04-08 06:10:00,21.746019923600002,0.25008412529387364,0,-0.11,-0.22,-0.11
2014-04-08 06:15:00,19.4247886557,0.21826003529668825,0,-0.11,-0.22,-0.11
2014-04-08 06:20:00,19.5971015361,0.20935771580001966,0,-0.11,-0.22,-0.11
2014-04-08 06:25:00,20.9838593899,0.21652846904406456,0,-0.11,-0.22,-0.11
2014-04-08 06:30:00,18.5363310878,0.2646384950099637,0,-0.11,-0.22,-0.11
2014-04-08 06:35:00,19.256058840999998,0.22327567486045213,0,-0.11,-0.22,-0.11
2014-04-08 06:40:00,18.4741637479,0.262962032964426,0,-0.11,-0.22,-0.11
2014-04-08 06:45:00,19.8195457963,0.1916482254817256,0,-0.11,-0.22,-0.11
2014-04-08 06:50:00,20.2080171195,0.19085213291127026,0,-0.11,-0.22,-0.11
2014-04-08 06:55:00,18.8446418799,0.2420470421391141,0,-0.11,-0.22,-0.11
2014-04-08 07:00:00,18.1065267477,0.2831924555551964,0,-0.11,-0.22,-0.11
2014-04-08 07:05:00,20.877423327,0.2323528066931393,0,-0.11,-0.22,-0.11
2014-04-08 07:10:00,18.0800206577,0.28336552821218963,0,-0.11,-0.22,-0.11
2014-04-08 07:15:00,21.8936104357,0.2960983481874613,0,-0.11,-0.22,-0.11
2014-04-08 07:20:00,18.886429027000002,0.23495740250341104,0,-0.11,-0.22,-0.11
2014-04-08 07:25:00,20.6556003685,0.2206140660387124,0,-0.11,-0.22,-0.11
2014-04-08 07:30:00,19.739006905,0.1912513648498065,0,-0.11,-0.22,-0.11
2014-04-08 07:35:00,18.238695441300003,0.2771283773710378,0,-0.11,-0.22,-0.11
2014-04-08 07:40:00,19.8887344265,0.18524095802942486,0,-0.11,-0.22,-0.11
2014-04-08 07:45:00,20.0670425372,0.1942253570846903,0,-0.11,-0.22,-0.11
2014-04-08 07:50:00,21.4187328324,0.2755271102784383,0,-0.11,-0.22,-0.11
2014-04-08 07:55:00,20.9293962786,0.23868213588531265,0,-0.11,-0.22,-0.11
2014-04-08 08:00:00,18.317209899,0.2825835793547305,0,-0.11,-0.22,-0.11
2014-04-08 08:05:00,18.836650733699997,0.24226294642804336,0,-0.11,-0.22,-0.11
2014-04-08 08:10:00,19.2475507369,0.214866589871654,0,-0.11,-0.22,-0.11
2014-04-08 08:15:00,18.4656307459,0.2638981051895433,0,-0.11,-0.22,-0.11
2014-04-08 08:20:00,19.8275962837,0.1870052407816913,0,-0.11,-0.22,-0.11
2014-04-08 08:25:00,21.9372367635,0.3310216007457972,0,-0.11,-0.22,-0.11
2014-04-08 08:30:00,20.058451165,0.19329460841547444,0,-0.11,-0.22,-0.11
2014-04-08 08:35:00,20.9675286733,0.2491599392691767,0,-0.11,-0.22,-0.11
2014-04-08 08:40:00,20.7317511908,0.2306041889825254,0,-0.11,-0.22,-0.11
2014-04-08 08:45:00,21.3996457404,0.27535434386994057,0,-0.11,-0.22,-0.11
2014-04-08 08:50:00,18.8628939619,0.2558593355104489,0,-0.11,-0.22,-0.11
2014-04-08 08:55:00,21.0153050468,0.2473543426815574,0,-0.11,-0.22,-0.11
2014-04-08 09:00:00,73.1864312682,0.9999999907570792,0,-0.11,-0.22,-0.11
2014-04-08 09:05:00,63.5325335925,0.5626464846129134,0,-0.11,-0.22,-0.11
2014-04-08 09:10:00,65.9165101891,0.4816865090582561,0,-0.11,-0.22,-0.11
2014-04-08 09:15:00,74.39338399489999,0.4815709370961144,0,-0.11,-0.22,-0.11
2014-04-08 09:20:00,71.8187147053,0.4025863788229048,0,-0.11,-0.22,-0.11
2014-04-08 09:25:00,65.0432353225,0.332760844119323,0,-0.11,-0.22,-0.11
2014-04-08 09:30:00,68.8696080672,0.3375333975291897,0,-0.11,-0.22,-0.11
2014-04-08 09:35:00,66.6988352708,0.3115001129345221,0,-0.11,-0.22,-0.11
2014-04-08 09:40:00,67.863526398,0.3062254504761299,0,-0.11,-0.22,-0.11
2014-04-08 09:45:00,66.0302602029,0.2884318365301159,0,-0.11,-0.22,-0.11
2014-04-08 09:50:00,64.998901852,0.276967229542334,0,-0.11,-0.22,-0.11
2014-04-08 09:55:00,70.3767773629,0.2942245936987402,0,-0.11,-0.22,-0.11
2014-04-08 10:00:00,81.9229689701,0.3377161504788811,0,-0.11,-0.22,-0.11
2014-04-08 10:05:00,83.403814545,0.3285419493453816,0,-0.11,-0.22,-0.11
2014-04-08 10:10:00,72.25072109279999,0.270188188965276,0,-0.11,-0.22,-0.11
2014-04-08 10:15:00,82.610717727,0.3061634207396575,0,-0.11,-0.22,-0.11
2014-04-08 10:20:00,73.7945087959,0.2627401893846941,0,-0.11,-0.22,-0.11
2014-04-08 10:25:00,76.4722607714,0.2685026693722925,0,-0.11,-0.22,-0.11
2014-04-08 10:30:00,83.83040600439999,0.291967823432846,0,-0.11,-0.22,-0.11
2014-04-08 10:35:00,76.89389588729999,0.2584793653936673,0,-0.11,-0.22,-0.11
2014-04-08 10:40:00,72.8984260484,0.24056700870835,0,-0.11,-0.22,-0.11
2014-04-08 10:45:00,72.3211615293,0.2361881237278473,0,-0.11,-0.22,-0.11
2014-04-08 10:50:00,77.1807080584,0.25158354818426915,0,-0.11,-0.22,-0.11
2014-04-08 10:55:00,81.6766760201,0.2653567363662651,0,-0.11,-0.22,-0.11
2014-04-08 11:00:00,87.4275506098,0.2835098239592505,0,-0.11,-0.22,-0.11
2014-04-08 11:05:00,84.0909468266,0.26409684185873944,0,-0.11,-0.22,-0.11
2014-04-08 11:10:00,85.515998195,0.2652654004982459,0,-0.11,-0.22,-0.11
2014-04-08 11:15:00,83.4615258683,0.2530945491811737,0,-0.11,-0.22,-0.11
2014-04-08 11:20:00,85.8089998424,0.2586941241609815,0,-0.11,-0.22,-0.11
2014-04-08 11:25:00,72.7813725129,0.20841537506591684,0,-0.11,-0.22,-0.11
2014-04-08 11:30:00,86.3576321502,0.2573422429444051,0,-0.11,-0.22,-0.11
2014-04-08 11:35:00,77.8724434689,0.22187355634901346,0,-0.11,-0.22,-0.11
2014-04-08 11:40:00,86.22535260709999,0.2523743422783235,0,-0.11,-0.22,-0.11
2014-04-08 11:45:00,72.772455047,0.19942841624756327,0,-0.11,-0.22,-0.11
2014-04-08 11:50:00,82.94322399010001,0.2367268348890476,0,-0.11,-0.22,-0.11
2014-04-08 11:55:00,83.2683938589,0.2359046910781453,0,-0.11,-0.22,-0.11
2014-04-08 12:00:00,87.8450335397,0.2527904644374624,0,-0.11,-0.22,-0.11
2014-04-08 12:05:00,84.2005223098,0.2343524035905715,0,-0.11,-0.22,-0.11
2014-04-08 12:10:00,78.0274338779,0.2079588372422952,0,-0.11,-0.22,-0.11
2014-04-08 12:15:00,80.8188776537,0.21824068787552955,0,-0.11,-0.22,-0.11
2014-04-08 12:20:00,77.7713772327,0.20487243576786804,0,-0.11,-0.22,-0.11
2014-04-08 12:25:00,75.0461347669,0.19352639494307386,0,-0.11,-0.22,-0.11
2014-04-08 12:30:00,75.8848659953,0.19656141290692053,0,-0.11,-0.22,-0.11
2014-04-08 12:35:00,75.46150594609999,0.1944565437215472,0,-0.11,-0.22,-0.11
2014-04-08 12:40:00,80.6841080283,0.21678085651542112,0,-0.11,-0.22,-0.11
2014-04-08 12:45:00,86.3947718683,0.2430686854402999,0,-0.11,-0.22,-0.11
2014-04-08 12:50:00,86.49970166620001,0.2410604255468081,0,-0.11,-0.22,-0.11
2014-04-08 12:55:00,72.7887689759,0.1887717381502756,0,-0.11,-0.22,-0.11
2014-04-08 13:00:00,73.2608036015,0.18655222093964308,0,-0.11,-0.22,-0.11
2014-04-08 13:05:00,75.9036836576,0.1901167278114652,0,-0.11,-0.22,-0.11
2014-04-08 13:10:00,76.0626918112,0.19065371454049548,0,-0.11,-0.22,-0.11
2014-04-08 13:15:00,73.5005824294,0.18636263326808114,0,-0.11,-0.22,-0.11
2014-04-08 13:20:00,78.1966417595,0.2015037130747961,0,-0.11,-0.22,-0.11
2014-04-08 13:25:00,81.3840694176,0.21807836266341926,0,-0.11,-0.22,-0.11
2014-04-08 13:30:00,81.23109506670002,0.21607534747530927,0,-0.11,-0.22,-0.11
2014-04-08 13:35:00,80.6755081302,0.21186339319017147,0,-0.11,-0.22,-0.11
2014-04-08 13:40:00,77.400170298,0.1927453732421472,0,-0.11,-0.22,-0.11
2014-04-08 13:45:00,83.2832981752,0.2269689309000093,0,-0.11,-0.22,-0.11
2014-04-08 13:50:00,85.2032893574,0.2377319712083532,0,-0.11,-0.22,-0.11
2014-04-08 13:55:00,77.5217785705,0.18869151469170128,0,-0.11,-0.22,-0.11
2014-04-08 14:00:00,73.3650440576,0.2003260791359108,0,-0.11,-0.22,-0.11
2014-04-08 14:05:00,76.7376004358,0.18499718214103786,0,-0.11,-0.22,-0.11
2014-04-08 14:10:00,74.1943369741,0.1952448204125984,0,-0.11,-0.22,-0.11
2014-04-08 14:15:00,79.4739247041,0.20297741720312013,0,-0.11,-0.22,-0.11
2014-04-08 14:20:00,74.4913866629,0.1943427309267592,0,-0.11,-0.22,-0.11
2014-04-08 14:25:00,79.4017046578,0.20307706577825066,0,-0.11,-0.22,-0.11
2014-04-08 14:30:00,75.532420547,0.18835274664245705,0,-0.11,-0.22,-0.11
2014-04-08 14:35:00,83.81567434189999,0.2371723205610761,0,-0.11,-0.22,-0.11
2014-04-08 14:40:00,72.437614681,0.21348452841795265,0,-0.11,-0.22,-0.11
2014-04-08 14:45:00,80.8720588161,0.21425518948896893,0,-0.11,-0.22,-0.11
2014-04-08 14:50:00,74.7082262317,0.1973662855307686,0,-0.11,-0.22,-0.11
2014-04-08 14:55:00,72.01241306979999,0.21847845317275166,0,-0.11,-0.22,-0.11
2014-04-08 15:00:00,85.9063766999,0.2630243266445584,0,-0.11,-0.22,-0.11
2014-04-08 15:05:00,82.7436502584,0.2298249534582433,0,-0.11,-0.22,-0.11
2014-04-08 15:10:00,73.58237875520001,0.21126205802609727,0,-0.11,-0.22,-0.11
2014-04-08 15:15:00,82.62436468140001,0.2297865948105577,0,-0.11,-0.22,-0.11
2014-04-08 15:20:00,81.7855721748,0.22038984296449388,0,-0.11,-0.22,-0.11
2014-04-08 15:25:00,79.57294308510001,0.19948251251164706,0,-0.11,-0.22,-0.11
2014-04-08 15:30:00,78.7073739768,0.19152844695616314,0,-0.11,-0.22,-0.11
2014-04-08 15:35:00,86.19228875270002,0.2652117547697667,0,-0.11,-0.22,-0.11
2014-04-08 15:40:00,75.9216394636,0.2015472647585648,0,-0.11,-0.22,-0.11
2014-04-08 15:45:00,78.3722085318,0.1857485319310083,0,-0.11,-0.22,-0.11
2014-04-08 15:50:00,77.2651048542,0.1891303831715116,0,-0.11,-0.22,-0.11
2014-04-08 15:55:00,84.3384068081,0.24761786630679755,0,-0.11,-0.22,-0.11
2014-04-08 16:00:00,86.6632785059,0.2722338296171452,0,-0.11,-0.22,-0.11
2014-04-08 16:05:00,85.59634283449999,0.25442496886346816,0,-0.11,-0.22,-0.11
2014-04-08 16:10:00,84.76310013930001,0.2414041003694697,0,-0.11,-0.22,-0.11
2014-04-08 16:15:00,87.7884705749,0.2753500445218215,0,-0.11,-0.22,-0.11
2014-04-08 16:20:00,83.1541531503,0.21641720352382496,0,-0.11,-0.22,-0.11
2014-04-08 16:25:00,84.016699347,0.22485223464929927,0,-0.11,-0.22,-0.11
2014-04-08 16:30:00,87.72467220360001,0.2682896340080543,0,-0.11,-0.22,-0.11
2014-04-08 16:35:00,72.1117141116,0.2790558331249366,0,-0.11,-0.22,-0.11
2014-04-08 16:40:00,82.144616305,0.20324153933619196,0,-0.11,-0.22,-0.11
2014-04-08 16:45:00,83.82338357,0.2214035006299684,0,-0.11,-0.22,-0.11
2014-04-08 16:50:00,86.68506642450001,0.25543858985218915,0,-0.11,-0.22,-0.11
2014-04-08 16:55:00,86.1413434753,0.2449694119259109,0,-0.11,-0.22,-0.11
2014-04-08 17:00:00,85.4713380787,0.2338480957039291,0,-0.11,-0.22,-0.11
2014-04-08 17:05:00,87.13262689209999,0.2534668901580641,0,-0.11,-0.22,-0.11
2014-04-08 17:10:00,80.598036057,0.19208229111073247,0,-0.11,-0.22,-0.11
2014-04-08 17:15:00,72.1106938388,0.3061950906818151,0,-0.11,-0.22,-0.11
2014-04-08 17:20:00,72.17684266319999,0.29548303695087913,0,-0.11,-0.22,-0.11
2014-04-08 17:25:00,80.7141938956,0.1842990833530427,0,-0.11,-0.22,-0.11
2014-04-08 17:30:00,78.96432549949999,0.20019512816414586,0,-0.11,-0.22,-0.11
2014-04-08 17:35:00,79.2198904334,0.1966830682587912,0,-0.11,-0.22,-0.11
2014-04-08 17:40:00,78.40644568729999,0.2062766475012708,0,-0.11,-0.22,-0.11
2014-04-08 17:45:00,86.683579659,0.2685860851706905,0,-0.11,-0.22,-0.11
2014-04-08 17:50:00,77.746695764,0.2184087044877707,0,-0.11,-0.22,-0.11
2014-04-08 17:55:00,85.6995981596,0.2528909661619643,0,-0.11,-0.22,-0.11
2014-04-08 18:00:00,34.578328041199995,0.901809882633098,0,-0.11,-0.22,-0.11
2014-04-08 18:05:00,31.9968051846,0.6171729581720384,0,-0.11,-0.22,-0.11
2014-04-08 18:10:00,31.660397360300003,0.488715518411943,0,-0.11,-0.22,-0.11
2014-04-08 18:15:00,33.6705254022,0.40902578538606704,0,-0.11,-0.22,-0.11
2014-04-08 18:20:00,33.3310112493,0.3759286367101382,0,-0.11,-0.22,-0.11
2014-04-08 18:25:00,30.9026188129,0.3643166936516393,0,-0.11,-0.22,-0.11
2014-04-08 18:30:00,29.456302350300003,0.3498197936493915,0,-0.11,-0.22,-0.11
2014-04-08 18:35:00,30.49504950610001,0.3264292372657837,0,-0.11,-0.22,-0.11
2014-04-08 18:40:00,29.6385767466,0.31698413002607945,0,-0.11,-0.22,-0.11
2014-04-08 18:45:00,30.686280673200002,0.3008505026859157,0,-0.11,-0.22,-0.11
2014-04-08 18:50:00,30.4756521684,0.2928565230704252,0,-0.11,-0.22,-0.11
2014-04-08 18:55:00,32.8813467997,0.2754241125590772,0,-0.11,-0.22,-0.11
2014-04-08 19:00:00,24.436140867,0.30452517603354984,0,-0.11,-0.22,-0.11
2014-04-08 19:05:00,23.232130646399998,0.30001921769988954,0,-0.11,-0.22,-0.11
2014-04-08 19:10:00,24.311388014499997,0.28697280579847084,0,-0.11,-0.22,-0.11
2014-04-08 19:15:00,23.672911219899998,0.2825558936127214,0,-0.11,-0.22,-0.11
2014-04-08 19:20:00,23.4208904621,0.277189212072236,0,-0.11,-0.22,-0.11
2014-04-08 19:25:00,22.014996284499997,0.2768364621000827,0,-0.11,-0.22,-0.11
2014-04-08 19:30:00,21.6150781871,0.27269954291326176,0,-0.11,-0.22,-0.11
2014-04-08 19:35:00,23.9513213148,0.2589232161194647,0,-0.11,-0.22,-0.11
2014-04-08 19:40:00,24.2161603551,0.2541654772496704,0,-0.11,-0.22,-0.11
2014-04-08 19:45:00,22.184432354600002,0.25820300604605706,0,-0.11,-0.22,-0.11
2014-04-08 19:50:00,20.200601571700002,0.2618307613474683,0,-0.11,-0.22,-0.11
2014-04-08 19:55:00,23.7105378432,0.2449115726318115,0,-0.11,-0.22,-0.11
2014-04-08 20:00:00,19.5996417354,0.2574177594149083,0,-0.11,-0.22,-0.11
2014-04-08 20:05:00,18.4725004734,0.2580095048511788,0,-0.11,-0.22,-0.11
2014-04-08 20:10:00,21.729232876799998,0.2421687605548939,0,-0.11,-0.22,-0.11
2014-04-08 20:15:00,20.5513282708,0.24406107005554484,0,-0.11,-0.22,-0.11
2014-04-08 20:20:00,21.2386229621,0.2388896788431368,0,-0.11,-0.22,-0.11
2014-04-08 20:25:00,22.1785692413,0.2331287215253485,0,-0.11,-0.22,-0.11
2014-04-08 20:30:00,20.6486477605,0.23701133846775704,0,-0.11,-0.22,-0.11
2014-04-08 20:35:00,20.4930826754,0.23547384947379665,0,-0.11,-0.22,-0.11
2014-04-08 20:40:00,19.622551813599998,0.2368350122950829,0,-0.11,-0.22,-0.11
2014-04-08 20:45:00,19.6820737097,0.2344737682956438,0,-0.11,-0.22,-0.11
2014-04-08 20:50:00,21.6946360421,0.22454072864033925,0,-0.11,-0.22,-0.11
2014-04-08 20:55:00,20.2712235467,0.22878319442259004,0,-0.11,-0.22,-0.11
2014-04-08 21:00:00,18.7436444918,0.23341593635907,0,-0.11,-0.22,-0.11
2014-04-08 21:05:00,18.466329963099998,0.2326639009229355,0,-0.11,-0.22,-0.11
2014-04-08 21:10:00,19.9871604848,0.22436933654419666,0,-0.11,-0.22,-0.11
2014-04-08 21:15:00,19.9551471821,0.22307050537132064,0,-0.11,-0.22,-0.11
2014-04-08 21:20:00,20.7127794611,0.21845467573933744,0,-0.11,-0.22,-0.11
2014-04-08 21:25:00,19.9797143577,0.2204858844591392,0,-0.11,-0.22,-0.11
2014-04-08 21:30:00,18.6630575044,0.2251466892486444,0,-0.11,-0.22,-0.11
2014-04-08 21:35:00,20.1273613054,0.217014541245054,0,-0.11,-0.22,-0.11
2014-04-08 21:40:00,21.7309679189,0.20866688131357045,0,-0.11,-0.22,-0.11
2014-04-08 21:45:00,18.7272268758,0.221908508803768,0,-0.11,-0.22,-0.11
2014-04-08 21:50:00,20.858661802,0.2104282244450422,0,-0.11,-0.22,-0.11
2014-04-08 21:55:00,20.4732391077,0.21143976300543554,0,-0.11,-0.22,-0.11
2014-04-08 22:00:00,21.0144974657,0.2079231602569656,0,-0.11,-0.22,-0.11
2014-04-08 22:05:00,18.6202593896,0.219300851906655,0,-0.11,-0.22,-0.11
2014-04-08 22:10:00,21.7873171014,0.2019213034845066,0,-0.11,-0.22,-0.11
2014-04-08 22:15:00,20.5035302121,0.20797274875026364,0,-0.11,-0.22,-0.11
2014-04-08 22:20:00,21.4088172934,0.20246393514068795,0,-0.11,-0.22,-0.11
2014-04-08 22:25:00,19.0046540154,0.21502165705784668,0,-0.11,-0.22,-0.11
2014-04-08 22:30:00,20.9777708928,0.20300346326446309,0,-0.11,-0.22,-0.11
2014-04-08 22:35:00,21.1444019649,0.20149574403120984,0,-0.11,-0.22,-0.11
2014-04-08 22:40:00,19.6085472314,0.20985329225937666,0,-0.11,-0.22,-0.11
2014-04-08 22:45:00,19.5545681832,0.20936197037732385,0,-0.11,-0.22,-0.11
2014-04-08 22:50:00,20.6509909876,0.20192945116429448,0,-0.11,-0.22,-0.11
2014-04-08 22:55:00,18.391269403499997,0.21555325872912687,0,-0.11,-0.22,-0.11
2014-04-08 23:00:00,20.9465175582,0.19827230448616887,0,-0.11,-0.22,-0.11
2014-04-08 23:05:00,18.1750359746,0.21592832000042467,0,-0.11,-0.22,-0.11
2014-04-08 23:10:00,18.765963576,0.2108508627497305,0,-0.11,-0.22,-0.11
2014-04-08 23:15:00,20.6605410893,0.19723152567796087,0,-0.11,-0.22,-0.11
2014-04-08 23:20:00,18.3968261791,0.2125268873315621,0,-0.11,-0.22,-0.11
2014-04-08 23:25:00,21.8915707385,0.1873276929719368,0,-0.11,-0.22,-0.11
2014-04-08 23:30:00,21.477707764,0.1900319992925798,0,-0.11,-0.22,-0.11
2014-04-08 23:35:00,20.5091463278,0.19675623463246966,0,-0.11,-0.22,-0.11
2014-04-08 23:40:00,21.280314856700002,0.1907156602879814,0,-0.11,-0.22,-0.11
2014-04-08 23:45:00,21.554457853699997,0.1884708656061113,0,-0.11,-0.22,-0.11
2014-04-08 23:50:00,19.0415578737,0.20804105216628188,0,-0.11,-0.22,-0.11
2014-04-08 23:55:00,21.4017546978,0.18835779584020187,0,-0.11,-0.22,-0.11
2014-04-09 00:00:00,18.7791751346,0.2098827402049954,0,-0.11,-0.22,-0.11
2014-04-09 00:05:00,19.653369056600003,0.201497530040818,0,-0.11,-0.22,-0.11
2014-04-09 00:10:00,20.233038525,0.19595410519600026,0,-0.11,-0.22,-0.11
2014-04-09 00:15:00,20.8555638523,0.19018977651250896,0,-0.11,-0.22,-0.11
2014-04-09 00:20:00,18.1205652709,0.215224954741038,0,-0.11,-0.22,-0.11
2014-04-09 00:25:00,19.1620376511,0.20413925216007625,0,-0.11,-0.22,-0.11
2014-04-09 00:30:00,20.434076392799998,0.1914679699521491,0,-0.11,-0.22,-0.11
2014-04-09 00:35:00,19.4294747166,0.20094500834161985,0,-0.11,-0.22,-0.11
2014-04-09 00:40:00,21.1001002225,0.1841331668720456,0,-0.11,-0.22,-0.11
2014-04-09 00:45:00,20.6066086446,0.18891744922374504,0,-0.11,-0.22,-0.11
2014-04-09 00:50:00,18.9376058149,0.2062370016989319,0,-0.11,-0.22,-0.11
2014-04-09 00:55:00,18.5837159184,0.20949106031812684,0,-0.11,-0.22,-0.11
2014-04-09 01:00:00,20.5161879743,0.18744636791155767,0,-0.11,-0.22,-0.11
2014-04-09 01:05:00,19.8018693108,0.1951664929882479,0,-0.11,-0.22,-0.11
2014-04-09 01:10:00,18.675828164400002,0.2080175976318536,0,-0.11,-0.22,-0.11
2014-04-09 01:15:00,19.3054968213,0.1996627336453897,0,-0.11,-0.22,-0.11
2014-04-09 01:20:00,19.212186993299998,0.2003293501339536,0,-0.11,-0.22,-0.11
2014-04-09 01:25:00,18.4325278894,0.20977188235453906,0,-0.11,-0.22,-0.11
2014-04-09 01:30:00,20.1876360771,0.1866824810331616,0,-0.11,-0.22,-0.11
2014-04-09 01:35:00,21.054594535699998,0.18902350102464133,0,-0.11,-0.22,-0.11
2014-04-09 01:40:00,20.3018675554,0.1855625465107338,0,-0.11,-0.22,-0.11
2014-04-09 01:45:00,21.3051654597,0.1925307270637294,0,-0.11,-0.22,-0.11
2014-04-09 01:50:00,18.510274188900002,0.21133234091411784,0,-0.11,-0.22,-0.11
2014-04-09 01:55:00,19.7424474313,0.1925037056553664,0,-0.11,-0.22,-0.11
2014-04-09 02:00:00,20.4376604146,0.1824474076142003,0,-0.11,-0.22,-0.11
2014-04-09 02:05:00,20.704006243800002,0.18626610050867948,0,-0.11,-0.22,-0.11
2014-04-09 02:10:00,20.7831452257,0.1873437704613541,0,-0.11,-0.22,-0.11
2014-04-09 02:15:00,20.915861708399998,0.1892528272054748,0,-0.11,-0.22,-0.11
2014-04-09 02:20:00,20.6057192488,0.1842290164975381,0,-0.11,-0.22,-0.11
2014-04-09 02:25:00,18.3769123558,0.2181770108836109,0,-0.11,-0.22,-0.11
2014-04-09 02:30:00,20.781222710399998,0.1888236842927681,0,-0.11,-0.22,-0.11
2014-04-09 02:35:00,20.8991306271,0.190662869318272,0,-0.11,-0.22,-0.11
2014-04-09 02:40:00,21.9739197373,0.2099609254851469,0,-0.11,-0.22,-0.11
2014-04-09 02:45:00,20.7734497468,0.18703132470519587,0,-0.11,-0.22,-0.11
2014-04-09 02:50:00,20.747321582999998,0.1864409120300982,0,-0.11,-0.22,-0.11
2014-04-09 02:55:00,20.0592531607,0.19123866768744024,0,-0.11,-0.22,-0.11
2014-04-09 03:00:00,21.4716916343,0.20107292409999847,0,-0.11,-0.22,-0.11
2014-04-09 03:05:00,21.987339047800003,0.21137686991652951,0,-0.11,-0.22,-0.11
2014-04-09 03:10:00,21.1161794808,0.1921336827173876,0,-0.11,-0.22,-0.11
2014-04-09 03:15:00,20.4500015114,0.1865629696280036,0,-0.11,-0.22,-0.11
2014-04-09 03:20:00,18.3158193077,0.2353148491564081,0,-0.11,-0.22,-0.11
2014-04-09 03:25:00,20.9069565269,0.1904906273306456,0,-0.11,-0.22,-0.11
2014-04-09 03:30:00,20.8342462743,0.1886749456214102,0,-0.11,-0.22,-0.11
2014-04-09 03:35:00,21.1022725912,0.19463699134789134,0,-0.11,-0.22,-0.11
2014-04-09 03:40:00,18.4982215536,0.23435471908115665,0,-0.11,-0.22,-0.11
2014-04-09 03:45:00,20.6149300005,0.1854542524623124,0,-0.11,-0.22,-0.11
2014-04-09 03:50:00,19.1828956198,0.21519173717957474,0,-0.11,-0.22,-0.11
2014-04-09 03:55:00,21.0410849736,0.1976980238029517,0,-0.11,-0.22,-0.11
2014-04-09 04:00:00,18.961495816099998,0.22212146655267398,0,-0.11,-0.22,-0.11
2014-04-09 04:05:00,20.7359147073,0.19150849409305545,0,-0.11,-0.22,-0.11
2014-04-09 04:10:00,19.1799717879,0.2159242298817247,0,-0.11,-0.22,-0.11
2014-04-09 04:15:00,18.0359771713,0.2508572310337439,0,-0.11,-0.22,-0.11
2014-04-09 04:20:00,20.5334316479,0.19082332431794133,0,-0.11,-0.22,-0.11
2014-04-09 04:25:00,18.4530763326,0.2361282480660185,0,-0.11,-0.22,-0.11
2014-04-09 04:30:00,20.6371658912,0.196315133739064,0,-0.11,-0.22,-0.11
2014-04-09 04:35:00,21.7024377934,0.2298085020297549,0,-0.11,-0.22,-0.11
2014-04-09 04:40:00,21.8769837368,0.2340893555606022,0,-0.11,-0.22,-0.11
2014-04-09 04:45:00,18.9436923493,0.2266315213412846,0,-0.11,-0.22,-0.11
2014-04-09 04:50:00,21.2370129106,0.2133443965417344,0,-0.11,-0.22,-0.11
2014-04-09 04:55:00,19.4142131075,0.2113670898971184,0,-0.11,-0.22,-0.11
2014-04-09 05:00:00,21.601828291,0.227828257262312,0,-0.11,-0.22,-0.11
2014-04-09 05:05:00,21.1499582745,0.2098242290791362,0,-0.11,-0.22,-0.11
2014-04-09 05:10:00,18.2956868666,0.25969250198307714,0,-0.11,-0.22,-0.11
2014-04-09 05:15:00,19.6285479755,0.20429823540708755,0,-0.11,-0.22,-0.11
2014-04-09 05:20:00,19.349271304000002,0.21402259607189592,0,-0.11,-0.22,-0.11
2014-04-09 05:25:00,21.1407240829,0.21706484960412514,0,-0.11,-0.22,-0.11
2014-04-09 05:30:00,19.6411428426,0.20427792130615,0,-0.11,-0.22,-0.11
2014-04-09 05:35:00,20.7383535906,0.2020513878240156,0,-0.11,-0.22,-0.11
2014-04-09 05:40:00,20.4097410224,0.18883879486715247,0,-0.11,-0.22,-0.11
2014-04-09 05:45:00,21.9025548764,0.2529724416127089,0,-0.11,-0.22,-0.11
2014-04-09 05:50:00,21.7511398272,0.2425537530689757,0,-0.11,-0.22,-0.11
2014-04-09 05:55:00,19.710798059000002,0.2103401658844757,0,-0.11,-0.22,-0.11
2014-04-09 06:00:00,20.894312846600002,0.20411210291988807,0,-0.11,-0.22,-0.11
2014-04-09 06:05:00,21.317840375899998,0.2226138642160085,0,-0.11,-0.22,-0.11
2014-04-09 06:10:00,21.5955430154,0.23468443429751595,0,-0.11,-0.22,-0.11
2014-04-09 06:15:00,18.2725370551,0.2932215593967875,0,-0.11,-0.22,-0.11
2014-04-09 06:20:00,19.2083151971,0.2358479980735052,0,-0.11,-0.22,-0.11
2014-04-09 06:25:00,19.2809201639,0.2301609839535388,0,-0.11,-0.22,-0.11
2014-04-09 06:30:00,19.7377838049,0.20629967255405016,0,-0.11,-0.22,-0.11
2014-04-09 06:35:00,18.6770590029,0.2607123928790908,0,-0.11,-0.22,-0.11
2014-04-09 06:40:00,19.9848235198,0.19058139794616955,0,-0.11,-0.22,-0.11
2014-04-09 06:45:00,20.6528573092,0.20561657102145,0,-0.11,-0.22,-0.11
2014-04-09 06:50:00,19.9894556809,0.1915147516896457,0,-0.11,-0.22,-0.11
2014-04-09 06:55:00,20.6631723808,0.20658909611182272,0,-0.11,-0.22,-0.11
2014-04-09 07:00:00,18.2657665273,0.2940964516625521,0,-0.11,-0.22,-0.11
2014-04-09 07:05:00,21.503949326799997,0.2587693278222916,0,-0.11,-0.22,-0.11
2014-04-09 07:10:00,21.756276768400003,0.2706841758733404,0,-0.11,-0.22,-0.11
2014-04-09 07:15:00,20.471629696500003,0.19322796090331226,0,-0.11,-0.22,-0.11
2014-04-09 07:20:00,21.525563994499997,0.2527994924354743,0,-0.11,-0.22,-0.11
2014-04-09 07:25:00,18.5257840666,0.2886558624236264,0,-0.11,-0.22,-0.11
2014-04-09 07:30:00,21.1897956803,0.2340421339147443,0,-0.11,-0.22,-0.11
2014-04-09 07:35:00,18.476592773900002,0.2899914983406726,0,-0.11,-0.22,-0.11
2014-04-09 07:40:00,19.632040926,0.21179547308621965,0,-0.11,-0.22,-0.11
2014-04-09 07:45:00,19.2952741382,0.23052726250709601,0,-0.11,-0.22,-0.11
2014-04-09 07:50:00,20.342367300899998,0.1940685551440526,0,-0.11,-0.22,-0.11
2014-04-09 07:55:00,19.206058141,0.2363873239990406,0,-0.11,-0.22,-0.11
2014-04-09 08:00:00,20.5492545187,0.20853481604135704,0,-0.11,-0.22,-0.11
2014-04-09 08:05:00,19.4695491566,0.22008552750747729,0,-0.11,-0.22,-0.11
2014-04-09 08:10:00,21.443161524100002,0.2712490631162692,0,-0.11,-0.22,-0.11
2014-04-09 08:15:00,20.5355353609,0.2052384764156562,0,-0.11,-0.22,-0.11
2014-04-09 08:20:00,18.8611931893,0.2689624156134286,0,-0.11,-0.22,-0.11
2014-04-09 08:25:00,19.344517688099998,0.22971354885032064,0,-0.11,-0.22,-0.11
2014-04-09 08:30:00,21.3896835505,0.2726495041091798,0,-0.11,-0.22,-0.11
2014-04-09 08:35:00,19.5459189999,0.21882758715702386,0,-0.11,-0.22,-0.11
2014-04-09 08:40:00,20.143196262300002,0.1850496332281533,0,-0.11,-0.22,-0.11
2014-04-09 08:45:00,20.5957677438,0.2145250684966985,0,-0.11,-0.22,-0.11
2014-04-09 08:50:00,19.3912385983,0.2327464124340825,0,-0.11,-0.22,-0.11
2014-04-09 08:55:00,19.175914523,0.2475037863332697,0,-0.11,-0.22,-0.11
2014-04-09 09:00:00,67.6634666755,0.9999999940885036,0,-0.11,-0.22,-0.11
2014-04-09 09:05:00,64.1223812205,0.6217412149570822,0,-0.11,-0.22,-0.11
2014-04-09 09:10:00,65.0652639821,0.496571825858488,0,-0.11,-0.22,-0.11
2014-04-09 09:15:00,62.044267382799994,0.4041637830588163,0,-0.11,-0.22,-0.11
2014-04-09 09:20:00,65.3339957532,0.3929327561334263,0,-0.11,-0.22,-0.11
2014-04-09 09:25:00,65.5615756697,0.3642950425305672,0,-0.11,-0.22,-0.11
2014-04-09 09:30:00,74.2809310616,0.3933395488006128,0,-0.11,-0.22,-0.11
2014-04-09 09:35:00,69.22031202630001,0.33633841222671634,0,-0.11,-0.22,-0.11
2014-04-09 09:40:00,71.9084009857,0.3342657914746279,0,-0.11,-0.22,-0.11
2014-04-09 09:45:00,61.8171306378,0.2737781289843509,0,-0.11,-0.22,-0.11
2014-04-09 09:50:00,62.6488990331,0.2720355724299183,0,-0.11,-0.22,-0.11
2014-04-09 09:55:00,72.2777026677,0.3096256775089693,0,-0.11,-0.22,-0.11
2014-04-09 10:00:00,79.517489007,0.33246944800676903,0,-0.11,-0.22,-0.11
2014-04-09 10:05:00,72.804041114,0.2888854522869709,0,-0.11,-0.22,-0.11
2014-04-09 10:10:00,76.12242469899999,0.29554957077131383,0,-0.11,-0.22,-0.11
2014-04-09 10:15:00,78.2001971997,0.29606131561235643,0,-0.11,-0.22,-0.11
2014-04-09 10:20:00,82.9328245482,0.3074527527314419,0,-0.11,-0.22,-0.11
2014-04-09 10:25:00,70.7775941111,0.2507317706836549,0,-0.11,-0.22,-0.11
2014-04-09 10:30:00,79.101129931,0.2791980020762497,0,-0.11,-0.22,-0.11
2014-04-09 10:35:00,80.968397503,0.2805655254766355,0,-0.11,-0.22,-0.11
2014-04-09 10:40:00,85.0168816348,0.2903963752908435,0,-0.11,-0.22,-0.11
2014-04-09 10:45:00,82.36712441510001,0.27282408453889223,0,-0.11,-0.22,-0.11
2014-04-09 10:50:00,74.1270479065,0.2377877361618544,0,-0.11,-0.22,-0.11
2014-04-09 10:55:00,80.852669089,0.26000806567163404,0,-0.11,-0.22,-0.11
2014-04-09 11:00:00,83.70717148189999,0.2669079915276689,0,-0.11,-0.22,-0.11
2014-04-09 11:05:00,83.1737133907,0.2603245538698408,0,-0.11,-0.22,-0.11
2014-04-09 11:10:00,84.6115712567,0.26184653521444484,0,-0.11,-0.22,-0.11
2014-04-09 11:15:00,85.9409215417,0.26285406449725857,0,-0.11,-0.22,-0.11
2014-04-09 11:20:00,73.1334286364,0.21286417446580733,0,-0.11,-0.22,-0.11
2014-04-09 11:25:00,73.23416439260001,0.2122771879950612,0,-0.11,-0.22,-0.11
2014-04-09 11:30:00,84.23394542140001,0.2520248772905049,0,-0.11,-0.22,-0.11
2014-04-09 11:35:00,75.5817318666,0.2164368436623329,0,-0.11,-0.22,-0.11
2014-04-09 11:40:00,72.4990427747,0.20440472404865853,0,-0.11,-0.22,-0.11
2014-04-09 11:45:00,77.94914889430001,0.22388137535928104,0,-0.11,-0.22,-0.11
2014-04-09 11:50:00,84.6073224057,0.24930056078949395,0,-0.11,-0.22,-0.11
2014-04-09 11:55:00,73.5808901387,0.2030040517467784,0,-0.11,-0.22,-0.11
2014-04-09 12:00:00,82.650172183,0.23843882267580496,0,-0.11,-0.22,-0.11
2014-04-09 12:05:00,71.9713843638,0.19398497655158586,0,-0.11,-0.22,-0.11
2014-04-09 12:10:00,73.6672921964,0.20013590975118392,0,-0.11,-0.22,-0.11
2014-04-09 12:15:00,77.5204692057,0.2152732196489857,0,-0.11,-0.22,-0.11
2014-04-09 12:20:00,73.2496313326,0.1966824592104777,0,-0.11,-0.22,-0.11
2014-04-09 12:25:00,85.431785367,0.2507102413564978,0,-0.11,-0.22,-0.11
2014-04-09 12:30:00,85.7221378967,0.2490208747193503,0,-0.11,-0.22,-0.11
2014-04-09 12:35:00,83.9882242921,0.2376721817314227,0,-0.11,-0.22,-0.11
2014-04-09 12:40:00,75.78861849340001,0.1983262219113146,0,-0.11,-0.22,-0.11
2014-04-09 12:45:00,80.27550686,0.21813804016815969,0,-0.11,-0.22,-0.11
2014-04-09 12:50:00,74.8570799887,0.19234001678451199,0,-0.11,-0.22,-0.11
2014-04-09 12:55:00,76.4086546549,0.1990829589720283,0,-0.11,-0.22,-0.11
2014-04-09 13:00:00,80.23682321449999,0.21715302517894253,0,-0.11,-0.22,-0.11
2014-04-09 13:05:00,83.74011848229999,0.2343946249555217,0,-0.11,-0.22,-0.11
2014-04-09 13:10:00,73.4968266135,0.1834922278946232,0,-0.11,-0.22,-0.11
2014-04-09 13:15:00,76.7287278467,0.196894138029972,0,-0.11,-0.22,-0.11
2014-04-09 13:20:00,86.8051033512,0.2525487613254628,0,-0.11,-0.22,-0.11
2014-04-09 13:25:00,78.847045251,0.20426193439088147,0,-0.11,-0.22,-0.11
2014-04-09 13:30:00,87.00102952299999,0.2509577116370071,0,-0.11,-0.22,-0.11
2014-04-09 13:35:00,87.8413216868,0.2531111911777389,0,-0.11,-0.22,-0.11
2014-04-09 13:40:00,80.4072548441,0.2058112687988101,0,-0.11,-0.22,-0.11
2014-04-09 13:45:00,76.59031806760001,0.18448142547338275,0,-0.11,-0.22,-0.11
2014-04-09 13:50:00,84.6321123542,0.231167547961786,0,-0.11,-0.22,-0.11
2014-04-09 13:55:00,74.5310800152,0.193996565651398,0,-0.11,-0.22,-0.11
2014-04-09 14:00:00,76.0291001828,0.18519362956696986,0,-0.11,-0.22,-0.11
2014-04-09 14:05:00,84.5540197642,0.23238703909834946,0,-0.11,-0.22,-0.11
2014-04-09 14:10:00,78.9345457556,0.1943721129822413,0,-0.11,-0.22,-0.11
2014-04-09 14:15:00,75.2209962107,0.19318870082204,0,-0.11,-0.22,-0.11
2014-04-09 14:20:00,82.41405585470001,0.21800069167181169,0,-0.11,-0.22,-0.11
2014-04-09 14:25:00,83.720171021,0.2261742658542102,0,-0.11,-0.22,-0.11
2014-04-09 14:30:00,73.9975877765,0.20560310962230635,0,-0.11,-0.22,-0.11
2014-04-09 14:35:00,76.4280154388,0.1883866603065228,0,-0.11,-0.22,-0.11
2014-04-09 14:40:00,75.5368021454,0.1943318156856468,0,-0.11,-0.22,-0.11
2014-04-09 14:45:00,78.07392633180001,0.18834713628997626,0,-0.11,-0.22,-0.11
2014-04-09 14:50:00,84.2110760035,0.2357363294925326,0,-0.11,-0.22,-0.11
2014-04-09 14:55:00,83.41532550859999,0.22701302409375346,0,-0.11,-0.22,-0.11
2014-04-09 15:00:00,82.5995896025,0.2186655383746524,0,-0.11,-0.22,-0.11
2014-04-09 15:05:00,72.0998765684,0.2307653918748173,0,-0.11,-0.22,-0.11
2014-04-09 15:10:00,74.2735799809,0.21039095263934016,0,-0.11,-0.22,-0.11
2014-04-09 15:15:00,75.57203528710002,0.19877872074746905,0,-0.11,-0.22,-0.11
2014-04-09 15:20:00,76.3505605642,0.1919312615388952,0,-0.11,-0.22,-0.11
2014-04-09 15:25:00,74.3421109753,0.20895037459431395,0,-0.11,-0.22,-0.11
2014-04-09 15:30:00,78.5642945991,0.1927811409470618,0,-0.11,-0.22,-0.11
2014-04-09 15:35:00,73.2021866125,0.22026668719499465,0,-0.11,-0.22,-0.11
2014-04-09 15:40:00,83.9995486428,0.2482490207647377,0,-0.11,-0.22,-0.11
2014-04-09 15:45:00,84.6027204028,0.25188189265988,0,-0.11,-0.22,-0.11
2014-04-09 15:50:00,81.1874876263,0.21318632243978647,0,-0.11,-0.22,-0.11
2014-04-09 15:55:00,73.434573054,0.2272256292144749,0,-0.11,-0.22,-0.11
2014-04-09 16:00:00,86.2411651294,0.2717723841286765,0,-0.11,-0.22,-0.11
2014-04-09 16:05:00,87.450005355,0.2813665726854126,0,-0.11,-0.22,-0.11
2014-04-09 16:10:00,75.2376725085,0.21580144976081508,0,-0.11,-0.22,-0.11
2014-04-09 16:15:00,83.2740772245,0.2305432608210575,0,-0.11,-0.22,-0.11
2014-04-09 16:20:00,85.4708539859,0.2541431393788245,0,-0.11,-0.22,-0.11
2014-04-09 16:25:00,80.6373415367,0.1975244765484725,0,-0.11,-0.22,-0.11
2014-04-09 16:30:00,77.1730214199,0.20264520096737354,0,-0.11,-0.22,-0.11
2014-04-09 16:35:00,79.6567865,0.18833322978145986,0,-0.11,-0.22,-0.11
2014-04-09 16:40:00,80.1961460357,0.19388732700427685,0,-0.11,-0.22,-0.11
2014-04-09 16:45:00,78.41004215939999,0.19035258305019115,0,-0.11,-0.22,-0.11
2014-04-09 16:50:00,86.8773130934,0.28065173911101393,0,-0.11,-0.22,-0.11
2014-04-09 16:55:00,83.901968683,0.23417531254067195,0,-0.11,-0.22,-0.11
2014-04-09 17:00:00,75.8607971455,0.22818325529441155,0,-0.11,-0.22,-0.11
2014-04-09 17:05:00,81.3688837515,0.2036155574937765,0,-0.11,-0.22,-0.11
2014-04-09 17:10:00,83.0189945356,0.2240389089603054,0,-0.11,-0.22,-0.11
2014-04-09 17:15:00,74.2424742381,0.25530613976263233,0,-0.11,-0.22,-0.11
2014-04-09 17:20:00,77.7347820279,0.20405534048117416,0,-0.11,-0.22,-0.11
2014-04-09 17:25:00,86.488739294,0.2816486670540461,0,-0.11,-0.22,-0.11
2014-04-09 17:30:00,81.07473847029999,0.1982624919732092,0,-0.11,-0.22,-0.11
2014-04-09 17:35:00,75.4719349557,0.2415718232823509,0,-0.11,-0.22,-0.11
2014-04-09 17:40:00,73.9645283675,0.262484763956051,0,-0.11,-0.22,-0.11
2014-04-09 17:45:00,80.2915994636,0.1944352958630964,0,-0.11,-0.22,-0.11
2014-04-09 17:50:00,80.7629405555,0.2004550596352736,0,-0.11,-0.22,-0.11
2014-04-09 17:55:00,77.350601519,0.211396023721592,0,-0.11,-0.22,-0.11
2014-04-09 18:00:00,32.834656277600004,0.933324751373633,0,-0.11,-0.22,-0.11
2014-04-09 18:05:00,29.239576377800002,0.639568860398032,0,-0.11,-0.22,-0.11
2014-04-09 18:10:00,29.728888329,0.4914859214235693,0,-0.11,-0.22,-0.11
2014-04-09 18:15:00,32.2961462536,0.4068561604096673,0,-0.11,-0.22,-0.11
2014-04-09 18:20:00,29.195614835,0.3912101964746452,0,-0.11,-0.22,-0.11
2014-04-09 18:25:00,34.4378094839,0.3333940192121885,0,-0.11,-0.22,-0.11
2014-04-09 18:30:00,29.7097310667,0.3426796643223839,0,-0.11,-0.22,-0.11
2014-04-09 18:35:00,33.1130808364,0.30965962629984123,0,-0.11,-0.22,-0.11
2014-04-09 18:40:00,31.303696016700002,0.3076202168555364,0,-0.11,-0.22,-0.11
2014-04-09 18:45:00,31.3586355634,0.2974201432170666,0,-0.11,-0.22,-0.11
2014-04-09 18:50:00,33.6952865136,0.2791381589525289,0,-0.11,-0.22,-0.11
2014-04-09 18:55:00,31.9965515154,0.2802978018025921,0,-0.11,-0.22,-0.11
2014-04-09 19:00:00,23.4109351929,0.31100976348296044,0,-0.11,-0.22,-0.11
2014-04-09 19:05:00,22.4232554747,0.3047077774497162,0,-0.11,-0.22,-0.11
2014-04-09 19:10:00,22.8162146779,0.293599520031645,0,-0.11,-0.22,-0.11
2014-04-09 19:15:00,23.56800024,0.28278579150918065,0,-0.11,-0.22,-0.11
2014-04-09 19:20:00,22.8807419131,0.2791234990757523,0,-0.11,-0.22,-0.11
2014-04-09 19:25:00,22.917954432800002,0.2730687517142784,0,-0.11,-0.22,-0.11
2014-04-09 19:30:00,23.6957024697,0.2648952119934012,0,-0.11,-0.22,-0.11
2014-04-09 19:35:00,24.4119075957,0.2578485131148379,0,-0.11,-0.22,-0.11
2014-04-09 19:40:00,21.847687171100002,0.26381937360395696,0,-0.11,-0.22,-0.11
2014-04-09 19:45:00,22.745483616599998,0.2561739821503336,0,-0.11,-0.22,-0.11
2014-04-09 19:50:00,20.5465026195,0.2609578410140312,0,-0.11,-0.22,-0.11
2014-04-09 19:55:00,21.7674401908,0.2523459007704361,0,-0.11,-0.22,-0.11
2014-04-09 20:00:00,20.1197533878,0.2553729956174065,0,-0.11,-0.22,-0.11
2014-04-09 20:05:00,21.8531317875,0.245314241088448,0,-0.11,-0.22,-0.11
2014-04-09 20:10:00,20.5348550327,0.24762927858626635,0,-0.11,-0.22,-0.11
2014-04-09 20:15:00,21.4264476079,0.2413584825449859,0,-0.11,-0.22,-0.11
2014-04-09 20:20:00,18.5098540884,0.2502752917732857,0,-0.11,-0.22,-0.11
2014-04-09 20:25:00,20.3345617308,0.2400646066089317,0,-0.11,-0.22,-0.11
2014-04-09 20:30:00,22.123796890999998,0.23082090967721305,0,-0.11,-0.22,-0.11
2014-04-09 20:35:00,19.3507895403,0.2399501205169104,0,-0.11,-0.22,-0.11
2014-04-09 20:40:00,18.5611146483,0.24081665951732065,0,-0.11,-0.22,-0.11
2014-04-09 20:45:00,20.2072419308,0.23177282317407905,0,-0.11,-0.22,-0.11
2014-04-09 20:50:00,21.3173524816,0.2254806244811332,0,-0.11,-0.22,-0.11
2014-04-09 20:55:00,20.2934822805,0.2281671799381781,0,-0.11,-0.22,-0.11
2014-04-09 21:00:00,19.9351447889,0.22803274554642824,0,-0.11,-0.22,-0.11
2014-04-09 21:05:00,20.7784803709,0.2228633830869728,0,-0.11,-0.22,-0.11
2014-04-09 21:10:00,19.1088394515,0.22867437364776924,0,-0.11,-0.22,-0.11
2014-04-09 21:15:00,21.1083953989,0.21834352992415693,0,-0.11,-0.22,-0.11
2014-04-09 21:20:00,18.7017938577,0.2278412245187589,0,-0.11,-0.22,-0.11
2014-04-09 21:25:00,19.6770007846,0.2218137113282954,0,-0.11,-0.22,-0.11
2014-04-09 21:30:00,20.7230277389,0.2157611063831224,0,-0.11,-0.22,-0.11
2014-04-09 21:35:00,21.4157806615,0.2115614274097264,0,-0.11,-0.22,-0.11
2014-04-09 21:40:00,21.2677216292,0.21136633312610206,0,-0.11,-0.22,-0.11
2014-04-09 21:45:00,20.9869987094,0.21182155529524832,0,-0.11,-0.22,-0.11
2014-04-09 21:50:00,19.5296801369,0.21805670011118056,0,-0.11,-0.22,-0.11
2014-04-09 21:55:00,18.577965462599998,0.22174061168614145,0,-0.11,-0.22,-0.11
2014-04-09 22:00:00,18.8854495049,0.21883942191605635,0,-0.11,-0.22,-0.11
2014-04-09 22:05:00,21.4799362096,0.20434489917436136,0,-0.11,-0.22,-0.11
2014-04-09 22:10:00,21.4498976225,0.2038765634458284,0,-0.11,-0.22,-0.11
2014-04-09 22:15:00,21.827177393099998,0.20130114239810493,0,-0.11,-0.22,-0.11
2014-04-09 22:20:00,18.321526395,0.22006176443380115,0,-0.11,-0.22,-0.11
2014-04-09 22:25:00,20.166577678099998,0.208355416776648,0,-0.11,-0.22,-0.11
2014-04-09 22:30:00,20.6145031124,0.2050577264130564,0,-0.11,-0.22,-0.11
2014-04-09 22:35:00,20.8626384224,0.2029863423307884,0,-0.11,-0.22,-0.11
2014-04-09 22:40:00,20.5952053648,0.20397909265571806,0,-0.11,-0.22,-0.11
2014-04-09 22:45:00,21.100282393,0.20034689341924566,0,-0.11,-0.22,-0.11
2014-04-09 22:50:00,19.4565466665,0.2100432743463236,0,-0.11,-0.22,-0.11
2014-04-09 22:55:00,18.7357001012,0.2139008045946041,0,-0.11,-0.22,-0.11
2014-04-09 23:00:00,18.8219466068,0.21235591901809125,0,-0.11,-0.22,-0.11
2014-04-09 23:05:00,18.0513799557,0.21671800527787047,0,-0.11,-0.22,-0.11
2014-04-09 23:10:00,19.4050125337,0.20627596346417607,0,-0.11,-0.22,-0.11
2014-04-09 23:15:00,18.370502661099998,0.2128636170656094,0,-0.11,-0.22,-0.11
2014-04-09 23:20:00,19.2896576726,0.2053400657521877,0,-0.11,-0.22,-0.11
2014-04-09 23:25:00,20.516778772000002,0.19594085497342487,0,-0.11,-0.22,-0.11
2014-04-09 23:30:00,21.5820551794,0.1880482814986857,0,-0.11,-0.22,-0.11
2014-04-09 23:35:00,21.3625226188,0.189475823549644,0,-0.11,-0.22,-0.11
2014-04-09 23:40:00,19.0143468998,0.2071944722072208,0,-0.11,-0.22,-0.11
2014-04-09 23:45:00,18.5398915428,0.21031895035340464,0,-0.11,-0.22,-0.11
2014-04-09 23:50:00,18.7758933728,0.2075300315012837,0,-0.11,-0.22,-0.11
2014-04-09 23:55:00,21.888148323200003,0.18307083550632214,0,-0.11,-0.22,-0.11
2014-04-10 00:00:00,20.197897918699997,0.19543641680657145,0,-0.11,-0.22,-0.11
2014-04-10 00:05:00,18.730008892,0.20785521510598998,0,-0.11,-0.22,-0.11
2014-04-10 00:10:00,21.3629846187,0.18420576188280785,0,-0.11,-0.22,-0.11
2014-04-10 00:15:00,19.5807649773,0.19984947244943385,0,-0.11,-0.22,-0.11
2014-04-10 00:20:00,21.5968886079,0.1835479124156648,0,-0.11,-0.22,-0.11
2014-04-10 00:25:00,19.0427085073,0.2050732797111942,0,-0.11,-0.22,-0.11
2014-04-10 00:30:00,19.5728870352,0.19920841760815555,0,-0.11,-0.22,-0.11
2014-04-10 00:35:00,20.0197910512,0.1943308426296129,0,-0.11,-0.22,-0.11
2014-04-10 00:40:00,21.570461336399998,0.18598506493502315,0,-0.11,-0.22,-0.11
2014-04-10 00:45:00,21.4750297264,0.1849446741207676,0,-0.11,-0.22,-0.11
2014-04-10 00:50:00,20.297420281199997,0.1920420414958015,0,-0.11,-0.22,-0.11
2014-04-10 00:55:00,18.8871020391,0.2073984243184049,0,-0.11,-0.22,-0.11
2014-04-10 01:00:00,19.613427887,0.19835291158609106,0,-0.11,-0.22,-0.11
2014-04-10 01:05:00,21.9025322615,0.1924359916964876,0,-0.11,-0.22,-0.11
2014-04-10 01:10:00,20.4310928955,0.18933169195230426,0,-0.11,-0.22,-0.11
2014-04-10 01:15:00,21.1243910205,0.18370237632832973,0,-0.11,-0.22,-0.11
2014-04-10 01:20:00,19.799458781400002,0.1971224959846647,0,-0.11,-0.22,-0.11
2014-04-10 01:25:00,20.1280291019,0.19258409915100216,0,-0.11,-0.22,-0.11
2014-04-10 01:30:00,19.7158164489,0.19765296664738075,0,-0.11,-0.22,-0.11
2014-04-10 01:35:00,20.8116839922,0.1829836814713065,0,-0.11,-0.22,-0.11
2014-04-10 01:40:00,21.4058840555,0.18967689691792905,0,-0.11,-0.22,-0.11
2014-04-10 01:45:00,20.0294541729,0.19400068227019185,0,-0.11,-0.22,-0.11
2014-04-10 01:50:00,19.9234698345,0.1952085313308626,0,-0.11,-0.22,-0.11
2014-04-10 01:55:00,19.361145868399998,0.2032513010030271,0,-0.11,-0.22,-0.11
2014-04-10 02:00:00,18.7083867772,0.2129558651050051,0,-0.11,-0.22,-0.11
2014-04-10 02:05:00,21.7569908915,0.1996068349959527,0,-0.11,-0.22,-0.11
2014-04-10 02:10:00,19.2643188747,0.2045293326747961,0,-0.11,-0.22,-0.11
2014-04-10 02:15:00,21.2027658543,0.19173327097415505,0,-0.11,-0.22,-0.11
2014-04-10 02:20:00,20.8613880851,0.1859832708103707,0,-0.11,-0.22,-0.11
2014-04-10 02:25:00,21.1636704011,0.19088756247519964,0,-0.11,-0.22,-0.11
2014-04-10 02:30:00,21.7470725335,0.2008472013749071,0,-0.11,-0.22,-0.11
2014-04-10 02:35:00,20.4934830409,0.18642061496073187,0,-0.11,-0.22,-0.11
2014-04-10 02:40:00,21.591801373499997,0.19814739391239009,0,-0.11,-0.22,-0.11
2014-04-10 02:45:00,18.670789291600002,0.2226016941428207,0,-0.11,-0.22,-0.11
2014-04-10 02:50:00,20.5068503038,0.1851321372667999,0,-0.11,-0.22,-0.11
2014-04-10 02:55:00,21.0891024517,0.1907958254303556,0,-0.11,-0.22,-0.11
2014-04-10 03:00:00,19.086564523,0.21464544427844576,0,-0.11,-0.22,-0.11
2014-04-10 03:05:00,20.9630152052,0.18981172409438807,0,-0.11,-0.22,-0.11
2014-04-10 03:10:00,21.1139073165,0.19275360673467656,0,-0.11,-0.22,-0.11
2014-04-10 03:15:00,21.3247518241,0.1970356670772436,0,-0.11,-0.22,-0.11
2014-04-10 03:20:00,19.2515316504,0.21418046314988648,0,-0.11,-0.22,-0.11
2014-04-10 03:25:00,20.7264263607,0.18520392093526936,0,-0.11,-0.22,-0.11
2014-04-10 03:30:00,19.2170131336,0.2150663617955676,0,-0.11,-0.22,-0.11
2014-04-10 03:35:00,20.95616155,0.19211430453473494,0,-0.11,-0.22,-0.11
2014-04-10 03:40:00,19.8518946606,0.1992822417157076,0,-0.11,-0.22,-0.11
2014-04-10 03:45:00,20.390177498099998,0.18554521943500066,0,-0.11,-0.22,-0.11
2014-04-10 03:50:00,19.6633599257,0.20403740426299685,0,-0.11,-0.22,-0.11
2014-04-10 03:55:00,18.6479317077,0.2322777397258068,0,-0.11,-0.22,-0.11
2014-04-10 04:00:00,18.7121181184,0.22849785093304306,0,-0.11,-0.22,-0.11
2014-04-10 04:05:00,18.310275629,0.2392580696637089,0,-0.11,-0.22,-0.11
2014-04-10 04:10:00,20.472290718900002,0.18970530628313254,0,-0.11,-0.22,-0.11
2014-04-10 04:15:00,21.3945535918,0.21628873382181005,0,-0.11,-0.22,-0.11
2014-04-10 04:20:00,18.083347305,0.2500154173693238,0,-0.11,-0.22,-0.11
2014-04-10 04:25:00,18.2649580084,0.2407605959741699,0,-0.11,-0.22,-0.11
2014-04-10 04:30:00,19.829867969200002,0.18915067341285965,0,-0.11,-0.22,-0.11
2014-04-10 04:35:00,20.950882944700002,0.2096036208501915,0,-0.11,-0.22,-0.11
2014-04-10 04:40:00,18.6308305788,0.2296120335893801,0,-0.11,-0.22,-0.11
2014-04-10 04:45:00,19.0866052782,0.21222288638374606,0,-0.11,-0.22,-0.11
2014-04-10 04:50:00,18.9280248051,0.21678824422897666,0,-0.11,-0.22,-0.11
2014-04-10 04:55:00,19.5962048747,0.19297041226853606,0,-0.11,-0.22,-0.11
2014-04-10 05:00:00,18.8999947081,0.21702185788357173,0,-0.11,-0.22,-0.11
2014-04-10 05:05:00,19.410394714200002,0.19757680893856955,0,-0.11,-0.22,-0.11
2014-04-10 05:10:00,20.9141703946,0.2213336249119931,0,-0.11,-0.22,-0.11
2014-04-10 05:15:00,20.4440369938,0.20210398518463407,0,-0.11,-0.22,-0.11
2014-04-10 05:20:00,18.324726821600002,0.24495647588094235,0,-0.11,-0.22,-0.11
2014-04-10 05:25:00,20.550982665,0.20902960478260044,0,-0.11,-0.22,-0.11
2014-04-10 05:30:00,19.908308686199998,0.1836543927528277,0,-0.11,-0.22,-0.11
2014-04-10 05:35:00,21.738262298800002,0.2620095647348903,0,-0.11,-0.22,-0.11
2014-04-10 05:40:00,19.1572172684,0.2147503729234195,0,-0.11,-0.22,-0.11
2014-04-10 05:45:00,20.9046656788,0.22267567998951468,0,-0.11,-0.22,-0.11
2014-04-10 05:50:00,20.9234432922,0.22216873047369112,0,-0.11,-0.22,-0.11
2014-04-10 05:55:00,18.886003124000002,0.2320352018149145,0,-0.11,-0.22,-0.11
2014-04-10 06:00:00,21.612894499899998,0.2583070126505966,0,-0.11,-0.22,-0.11
2014-04-10 06:05:00,19.964732801700002,0.18591861827830905,0,-0.11,-0.22,-0.11
2014-04-10 06:10:00,20.7155334676,0.21200248846131228,0,-0.11,-0.22,-0.11
2014-04-10 06:15:00,18.5834222355,0.2548888740677953,0,-0.11,-0.22,-0.11
2014-04-10 06:20:00,19.031215667999998,0.2279669035571037,0,-0.11,-0.22,-0.11
2014-04-10 06:25:00,20.344428471700002,0.2000258426160343,0,-0.11,-0.22,-0.11
2014-04-10 06:30:00,19.2761090735,0.21584266064404367,0,-0.11,-0.22,-0.11
2014-04-10 06:35:00,19.998771674300002,0.1851142499584345,0,-0.11,-0.22,-0.11
2014-04-10 06:40:00,19.4960207975,0.20435941080764208,0,-0.11,-0.22,-0.11
2014-04-10 06:45:00,20.5622151866,0.21528520242286944,0,-0.11,-0.22,-0.11
2014-04-10 06:50:00,19.948581451099997,0.1826404086029595,0,-0.11,-0.22,-0.11
2014-04-10 06:55:00,18.0184397439,0.3001203405536848,0,-0.11,-0.22,-0.11
2014-04-10 07:00:00,20.5987233518,0.22218540784975294,0,-0.11,-0.22,-0.11
2014-04-10 07:05:00,19.6884862282,0.1930083823837363,0,-0.11,-0.22,-0.11
2014-04-10 07:10:00,19.366793362,0.2107388140349308,0,-0.11,-0.22,-0.11
2014-04-10 07:15:00,18.3765870091,0.2742125085438011,0,-0.11,-0.22,-0.11
2014-04-10 07:20:00,18.8814787623,0.2351034081185032,0,-0.11,-0.22,-0.11
2014-04-10 07:25:00,18.8950891663,0.2322072952144578,0,-0.11,-0.22,-0.11
2014-04-10 07:30:00,21.7414779976,0.3208835708570254,0,-0.11,-0.22,-0.11
2014-04-10 07:35:00,19.730051899,0.1860767000153056,0,-0.11,-0.22,-0.11
2014-04-10 07:40:00,18.1682633889,0.2880853679485697,0,-0.11,-0.22,-0.11
2014-04-10 07:45:00,18.555266729,0.2535556572510599,0,-0.11,-0.22,-0.11
2014-04-10 07:50:00,18.3161307029,0.2669937457635218,0,-0.11,-0.22,-0.11
2014-04-10 07:55:00,20.3554775608,0.2281534991010093,0,-0.11,-0.22,-0.11
2014-04-10 08:00:00,18.7464859663,0.2366087732840381,0,-0.11,-0.22,-0.11
2014-04-10 08:05:00,19.9942305611,0.2068315494990821,0,-0.11,-0.22,-0.11
2014-04-10 08:10:00,19.4802482515,0.18965909254115595,0,-0.11,-0.22,-0.11
2014-04-10 08:15:00,21.2155055086,0.29811775685026065,0,-0.11,-0.22,-0.11
2014-04-10 08:20:00,19.2819585491,0.20675476062183154,0,-0.11,-0.22,-0.11
2014-04-10 08:25:00,19.8330619296,0.1931177853926333,0,-0.11,-0.22,-0.11
2014-04-10 08:30:00,20.8851421944,0.2692164784305284,0,-0.11,-0.22,-0.11
2014-04-10 08:35:00,19.7334048277,0.18275724008054625,0,-0.11,-0.22,-0.11
2014-04-10 08:40:00,21.1728621441,0.2912722605982339,0,-0.11,-0.22,-0.11
2014-04-10 08:45:00,20.6467374249,0.2412419290601467,0,-0.11,-0.22,-0.11
2014-04-10 08:50:00,19.6421164558,0.1954638570595728,0,-0.11,-0.22,-0.11
2014-04-10 08:55:00,20.0159277027,0.19460222889515424,0,-0.11,-0.22,-0.11
2014-04-10 09:00:00,74.3539669995,0.9999999998746087,0,-0.11,-0.22,-0.11
2014-04-10 09:05:00,70.1979163525,0.6215440519501148,0,-0.11,-0.22,-0.11
2014-04-10 09:10:00,73.5079350732,0.5143871748058965,0,-0.11,-0.22,-0.11
2014-04-10 09:15:00,63.63111564720001,0.3726171273569075,0,-0.11,-0.22,-0.11
2014-04-10 09:20:00,67.7720117249,0.3726635857484071,0,-0.11,-0.22,-0.11
2014-04-10 09:25:00,73.5577987099,0.3804239840581885,0,-0.11,-0.22,-0.11
2014-04-10 09:30:00,65.5875240356,0.31456263140827184,0,-0.11,-0.22,-0.11
2014-04-10 09:35:00,74.3602330948,0.3452265248584783,0,-0.11,-0.22,-0.11
2014-04-10 09:40:00,62.5202538704,0.2759722066823435,0,-0.11,-0.22,-0.11
2014-04-10 09:45:00,73.4763279157,0.3176573974340643,0,-0.11,-0.22,-0.11
2014-04-10 09:50:00,67.2548848601,0.2798546843839736,0,-0.11,-0.22,-0.11
2014-04-10 09:55:00,62.2029206459,0.2540505317684894,0,-0.11,-0.22,-0.11
2014-04-10 10:00:00,83.49017511689999,0.3403305454642581,0,-0.11,-0.22,-0.11
2014-04-10 10:05:00,73.75011209659999,0.2838507278987797,0,-0.11,-0.22,-0.11
2014-04-10 10:10:00,70.1853219477,0.26369330094793114,0,-0.11,-0.22,-0.11
2014-04-10 10:15:00,71.9477262784,0.2661073105066498,0,-0.11,-0.22,-0.11
2014-04-10 10:20:00,80.0694607943,0.2934372218918021,0,-0.11,-0.22,-0.11
2014-04-10 10:25:00,85.0156343114,0.30555459243104066,0,-0.11,-0.22,-0.11
2014-04-10 10:30:00,71.5698924063,0.24567014555929825,0,-0.11,-0.22,-0.11
2014-04-10 10:35:00,77.0094337069,0.2626632539314829,0,-0.11,-0.22,-0.11
2014-04-10 10:40:00,72.6434792707,0.2427182595236667,0,-0.11,-0.22,-0.11
2014-04-10 10:45:00,81.4029670093,0.2727826263336208,0,-0.11,-0.22,-0.11
2014-04-10 10:50:00,71.6722741243,0.23206834712715185,0,-0.11,-0.22,-0.11
2014-04-10 10:55:00,73.5623439364,0.2369372078335979,0,-0.11,-0.22,-0.11
2014-04-10 11:00:00,74.6916405095,0.2389145337724842,0,-0.11,-0.22,-0.11
2014-04-10 11:05:00,80.355274587,0.25817805966250784,0,-0.11,-0.22,-0.11
2014-04-10 11:10:00,85.4551197992,0.2748297211506285,0,-0.11,-0.22,-0.11
2014-04-10 11:15:00,79.6963785592,0.24681083392006445,0,-0.11,-0.22,-0.11
2014-04-10 11:20:00,72.4943038729,0.2175147088087538,0,-0.11,-0.22,-0.11
2014-04-10 11:25:00,80.52813755220001,0.2466293157258329,0,-0.11,-0.22,-0.11
2014-04-10 11:30:00,84.2517739732,0.2588394667228597,0,-0.11,-0.22,-0.11
2014-04-10 11:35:00,73.6698121619,0.21419452351933788,0,-0.11,-0.22,-0.11
2014-04-10 11:40:00,72.7243991529,0.20974171612271408,0,-0.11,-0.22,-0.11
2014-04-10 11:45:00,74.5548948943,0.2158251539262797,0,-0.11,-0.22,-0.11
2014-04-10 11:50:00,83.4337568782,0.2512163237928133,0,-0.11,-0.22,-0.11
2014-04-10 11:55:00,80.9780853922,0.2375916529384595,0,-0.11,-0.22,-0.11
2014-04-10 12:00:00,80.55273504600001,0.23361993964634,0,-0.11,-0.22,-0.11
2014-04-10 12:05:00,75.90048830010001,0.21245840443407227,0,-0.11,-0.22,-0.11
2014-04-10 12:10:00,77.2230065813,0.2169933766717472,0,-0.11,-0.22,-0.11
2014-04-10 12:15:00,87.3492152148,0.26179089260003857,0,-0.11,-0.22,-0.11
2014-04-10 12:20:00,75.7589836233,0.20606618935133664,0,-0.11,-0.22,-0.11
2014-04-10 12:25:00,86.32261518,0.25322714194484963,0,-0.11,-0.22,-0.11
2014-04-10 12:30:00,81.1909578664,0.2258248982533845,0,-0.11,-0.22,-0.11
2014-04-10 12:35:00,73.8839761698,0.19253801550840213,0,-0.11,-0.22,-0.11
2014-04-10 12:40:00,79.3816256528,0.2164535742762973,0,-0.11,-0.22,-0.11
2014-04-10 12:45:00,87.0721673424,0.2534817801515714,0,-0.11,-0.22,-0.11
2014-04-10 12:50:00,78.60261311069999,0.20850430420416827,0,-0.11,-0.22,-0.11
2014-04-10 12:55:00,85.7112080146,0.2430929336602876,0,-0.11,-0.22,-0.11
2014-04-10 13:00:00,76.08459442819999,0.19344730750170308,0,-0.11,-0.22,-0.11
2014-04-10 13:05:00,81.11528208770001,0.2174503246152179,0,-0.11,-0.22,-0.11
2014-04-10 13:10:00,85.4811125393,0.2395599431491118,0,-0.11,-0.22,-0.11
2014-04-10 13:15:00,86.7101996151,0.2441510048668649,0,-0.11,-0.22,-0.11
2014-04-10 13:20:00,79.7540283127,0.2042012918634444,0,-0.11,-0.22,-0.11
2014-04-10 13:25:00,82.215273232,0.21656585004838846,0,-0.11,-0.22,-0.11
2014-04-10 13:30:00,72.03039064880002,0.20147189295083792,0,-0.11,-0.22,-0.11
2014-04-10 13:35:00,76.03332054270001,0.18445763769313767,0,-0.11,-0.22,-0.11
2014-04-10 13:40:00,76.4410434055,0.18650789859532504,0,-0.11,-0.22,-0.11
2014-04-10 13:45:00,73.4782491733,0.19423620406107847,0,-0.11,-0.22,-0.11
2014-04-10 13:50:00,76.4567661849,0.18719290596630656,0,-0.11,-0.22,-0.11
2014-04-10 13:55:00,77.1194394203,0.1908103888172752,0,-0.11,-0.22,-0.11
2014-04-10 14:00:00,87.4960566208,0.2584190462565412,0,-0.11,-0.22,-0.11
2014-04-10 14:05:00,82.6936686023,0.22159392091324004,0,-0.11,-0.22,-0.11
2014-04-10 14:10:00,78.8122980988,0.19553641716867906,0,-0.11,-0.22,-0.11
2014-04-10 14:15:00,87.8046565453,0.2574488764607634,0,-0.11,-0.22,-0.11
2014-04-10 14:20:00,74.4481434413,0.19986804440687786,0,-0.11,-0.22,-0.11
2014-04-10 14:25:00,79.6129974956,0.19810845993613072,0,-0.11,-0.22,-0.11
2014-04-10 14:30:00,82.349042369,0.2165498941409168,0,-0.11,-0.22,-0.11
2014-04-10 14:35:00,72.8857914658,0.2138831008473573,0,-0.11,-0.22,-0.11
2014-04-10 14:40:00,83.4679750742,0.226445323025299,0,-0.11,-0.22,-0.11
2014-04-10 14:45:00,73.5943449486,0.21053364212916525,0,-0.11,-0.22,-0.11
2014-04-10 14:50:00,74.24095320079998,0.20484032143769168,0,-0.11,-0.22,-0.11
2014-04-10 14:55:00,74.5514535578,0.2018518027154338,0,-0.11,-0.22,-0.11
2014-04-10 15:00:00,86.861403349,0.26267319346567153,0,-0.11,-0.22,-0.11
2014-04-10 15:05:00,82.93097257720001,0.2239605096354352,0,-0.11,-0.22,-0.11
2014-04-10 15:10:00,82.486048144,0.21879381367129194,0,-0.11,-0.22,-0.11
2014-04-10 15:15:00,80.8871194196,0.20429997498835886,0,-0.11,-0.22,-0.11
2014-04-10 15:20:00,76.6841598041,0.1944847886441063,0,-0.11,-0.22,-0.11
2014-04-10 15:25:00,81.9334487049,0.2140026117152677,0,-0.11,-0.22,-0.11
2014-04-10 15:30:00,78.5616413192,0.18424432595164927,0,-0.11,-0.22,-0.11
2014-04-10 15:35:00,74.32594486560001,0.21781324739701646,0,-0.11,-0.22,-0.11
2014-04-10 15:40:00,83.0327595231,0.2270441751481991,0,-0.11,-0.22,-0.11
2014-04-10 15:45:00,74.0726035831,0.22223794601269625,0,-0.11,-0.22,-0.11
2014-04-10 15:50:00,75.0499768096,0.21123597487991105,0,-0.11,-0.22,-0.11
2014-04-10 15:55:00,85.0823721909,0.2538848318609485,0,-0.11,-0.22,-0.11
2014-04-10 16:00:00,82.5617150192,0.2231113381713296,0,-0.11,-0.22,-0.11
2014-04-10 16:05:00,82.0957008434,0.2168392863499604,0,-0.11,-0.22,-0.11
2014-04-10 16:10:00,78.69109346229999,0.18303778715825106,0,-0.11,-0.22,-0.11
2014-04-10 16:15:00,78.3403378781,0.1864204458909764,1,1.0,1.0,1.0
2014-04-10 16:20:00,83.0440423021,0.2287386360212558,1,0.9998317702127428,0.9998317702127428,0.9998317702127427
2014-04-10 16:25:00,83.8399276448,0.2366001937151637,1,0.999661468842308,0.9996614688423079,0.999661468842308
2014-04-10 16:30:00,80.1632573241,0.19250341038172472,1,0.9994890707385984,0.9994890707385984,0.9994890707385985
2014-04-10 16:35:00,87.5081398936,0.2845634547233749,1,0.9993145504551452,0.9993145504551452,0.9993145504551451
2014-04-10 16:40:00,87.29102534360001,0.2749627902214766,1,0.9991378822458415,0.9991378822458415,0.9991378822458417
2014-04-10 16:45:00,78.5987209304,0.19776660957956552,1,0.9989590400616454,0.9989590400616454,0.9989590400616454
2014-04-10 16:50:00,85.129792619,0.24362470585767115,1,0.9987779975472472,0.9987779975472472,0.998777997547247
2014-04-10 16:55:00,80.6921305364,0.18751625467639027,1,0.9985947280377141,0.998594728037714,0.9985947280377139
2014-04-10 17:00:00,80.1880634087,0.1830671316143035,1,0.9984092045550972,0.9984092045550972,0.9984092045550972
2014-04-10 17:05:00,72.8793969964,0.2804313373123681,1,0.9982213998050132,0.9982213998050132,0.9982213998050131
2014-04-10 17:10:00,81.183564193,0.19760025775994067,1,0.9980312861731886,0.9980312861731886,0.9980312861731886
2014-04-10 17:15:00,86.40921370790001,0.26891090371040943,1,0.9978388357219816,0.9978388357219816,0.9978388357219815
2014-04-10 17:20:00,84.482109146,0.2361966300139049,1,0.9976440201868636,0.9976440201868636,0.9976440201868635
2014-04-10 17:25:00,84.5810418361,0.2355068620650297,1,0.9974468109728764,0.9974468109728764,0.9974468109728765
2014-04-10 17:30:00,74.5588359866,0.2666392336254355,1,0.997247179151056,0.997247179151056,0.9972471791510559
2014-04-10 17:35:00,77.7351613038,0.21602044763300296,1,0.9970450954548202,0.9970450954548202,0.9970450954548202
2014-04-10 17:40:00,75.73124958560001,0.2438638261360345,1,0.9968405302763352,0.9968405302763352,0.9968405302763353
2014-04-10 17:45:00,77.05461493029999,0.2218149316006966,1,0.9966334536628396,0.9966334536628396,0.9966334536628395
2014-04-10 17:50:00,81.2725982872,0.20074953029720505,1,0.9964238353129424,0.9964238353129424,0.9964238353129425
2014-04-10 17:55:00,77.8365111247,0.21108515248340654,1,0.9962116445728904,0.9962116445728904,0.9962116445728904
2014-04-10 18:00:00,32.3884598132,0.9365082261958024,1,0.9959968504327992,0.9959968504327992,0.9959968504327991
2014-04-10 18:05:00,31.6064019205,0.6121283914054424,1,0.995779421522856,0.9957794215228559,0.995779421522856
2014-04-10 18:10:00,30.6343336923,0.4917704435249134,1,0.9955593261094912,0.9955593261094912,0.9955593261094912
2014-04-10 18:15:00,29.4105763321,0.4329456757933279,1,0.995336532091512,0.9953365320915121,0.995336532091512
2014-04-10 18:20:00,34.507759501500004,0.3591729616541282,1,0.9951110069962132,0.9951110069962132,0.9951110069962132
2014-04-10 18:25:00,28.872783998899997,0.3695514647408297,1,0.9948827179754498,0.9948827179754498,0.9948827179754498
2014-04-10 18:30:00,28.8105703925,0.3465221934050756,1,0.9946516318016758,0.994651631801676,0.9946516318016759
2014-04-10 18:35:00,34.0914989889,0.30409653912039897,1,0.9944177148639596,0.9944177148639596,0.9944177148639596
2014-04-10 18:40:00,35.1795832636,0.28990776869058715,1,0.9941809331639596,0.9941809331639596,0.9941809331639597
2014-04-10 18:45:00,33.4534516743,0.2900719298393158,1,0.9939412523118706,0.9939412523118706,0.9939412523118706
2014-04-10 18:50:00,28.8977470152,0.3024914469057645,1,0.9936986375223368,0.9936986375223368,0.9936986375223369
2014-04-10 18:55:00,30.2508116425,0.2876184131955533,1,0.9934530536103384,0.9934530536103384,0.9934530536103384
2014-04-10 19:00:00,24.5137643524,0.3048741293766365,1,0.9932044649870388,0.9932044649870388,0.9932044649870388
2014-04-10 19:05:00,23.782545745100002,0.2984240327941606,1,0.9929528356556034,0.9929528356556034,0.9929528356556034
2014-04-10 19:10:00,22.699262055,0.2943417894454314,1,0.9926981292069896,0.9926981292069896,0.9926981292069895
2014-04-10 19:15:00,21.2211348142,0.29236663040078786,1,0.9924403088157,0.9924403088157,0.9924403088157
2014-04-10 19:20:00,20.2243774131,0.2886732065859305,1,0.9921793372355084,0.9921793372355084,0.9921793372355083
2014-04-10 19:25:00,20.2534582864,0.28143739876205703,1,0.991915176795149,0.991915176795149,0.991915176795149
2014-04-10 19:30:00,22.9016730123,0.26529881181189274,1,0.991647789393982,0.991647789393982,0.9916477893939821
2014-04-10 19:35:00,20.257805694800002,0.2707544051739104,1,0.9913771364976216,0.9913771364976216,0.9913771364976217
2014-04-10 19:40:00,24.6114616857,0.2498745951523813,1,0.9911031791335352,0.9911031791335352,0.9911031791335352
2014-04-10 19:45:00,20.9815584231,0.2600908061542345,1,0.9908258778866108,0.9908258778866108,0.9908258778866108
2014-04-10 19:50:00,23.3439677006,0.2475499160754212,1,0.990545192894696,0.990545192894696,0.9905451928946961
2014-04-10 19:55:00,20.854666407899998,0.2538266381103734,1,0.9902610838441048,0.9902610838441048,0.9902610838441049
2014-04-10 20:00:00,20.6442224051,0.2512527903625377,1,0.989973509965093,0.989973509965093,0.989973509965093
2014-04-10 20:05:00,18.7621836124,0.2551805218178613,1,0.9896824300273044,0.9896824300273044,0.9896824300273043
2014-04-10 20:10:00,21.572724168,0.24121415092778264,1,0.9893878023351892,0.9893878023351891,0.989387802335189
2014-04-10 20:15:00,20.8278365541,0.2415759229682805,1,0.9890895847233878,0.9890895847233878,0.9890895847233878
2014-04-10 20:20:00,18.7849385508,0.2469028497974511,1,0.9887877345520926,0.9887877345520926,0.9887877345520926
2014-04-10 20:25:00,21.9078087681,0.23226246948538906,1,0.988482208702371,0.988482208702371,0.988482208702371
2014-04-10 20:30:00,20.6725879981,0.2350915717273269,1,0.988172963571468,0.988172963571468,0.9881729635714679
2014-04-10 20:35:00,22.2068418353,0.2272129220853363,1,0.9878599550680758,0.9878599550680758,0.9878599550680758
2014-04-10 20:40:00,22.1864890723,0.2257129977475756,1,0.9875431386075764,0.9875431386075764,0.9875431386075765
2014-04-10 20:45:00,22.202399639299998,0.224149765594392,1,0.9872224691072572,0.9872224691072572,0.9872224691072573
2014-04-10 20:50:00,18.750607955,0.23664189306067104,1,0.9868979009814955,0.9868979009814955,0.9868979009814957
2014-04-10 20:55:00,18.927442765,0.2337947817504743,1,0.9865693881369224,0.9865693881369224,0.9865693881369223
2014-04-10 21:00:00,22.0561871365,0.21901371711799228,1,0.9862368839675504,0.9862368839675504,0.9862368839675504
2014-04-10 21:05:00,20.0461651723,0.2261567769154728,1,0.9859003413498868,0.9859003413498868,0.9859003413498869
2014-04-10 21:10:00,19.0438298746,0.22892816312572056,1,0.9855597126380096,0.9855597126380096,0.9855597126380095
2014-04-10 21:15:00,21.1798354604,0.2180657587789791,1,0.9852149496586248,0.9852149496586248,0.9852149496586247
2014-04-10 21:20:00,19.1486151143,0.2258107067240133,1,0.984866003706097,0.984866003706097,0.984866003706097
2014-04-10 21:25:00,21.0092252419,0.21604207637596665,1,0.9845128255374564,0.9845128255374564,0.9845128255374563
2014-04-10 21:30:00,21.451618945899998,0.21301828463541173,1,0.9841553653673794,0.9841553653673794,0.9841553653673794
2014-04-10 21:35:00,21.238511314100002,0.21304599144426206,1,0.9837935728631486,0.9837935728631486,0.9837935728631486
2014-04-10 21:40:00,19.1878529038,0.2217236336151303,1,0.9834273971395892,0.9834273971395892,0.9834273971395893
2014-04-10 21:45:00,19.7005853248,0.21794505829809804,1,0.9830567867539836,0.9830567867539836,0.9830567867539836
2014-04-10 21:50:00,19.7473383839,0.21657843390287104,1,0.9826816897009616,0.9826816897009616,0.9826816897009616
2014-04-10 21:55:00,20.060924063399998,0.21394597262515386,1,0.9823020534073744,0.9823020534073744,0.9823020534073745
2014-04-10 22:00:00,18.6874141087,0.2199620886485913,1,0.9819178247271474,0.9819178247271474,0.9819178247271474
2014-04-10 22:05:00,19.828897676900002,0.21282182182163087,1,0.9815289499361082,0.9815289499361082,0.9815289499361082
2014-04-10 22:10:00,20.0623733589,0.2106764043589949,1,0.9811353747268036,0.9811353747268036,0.9811353747268037
2014-04-10 22:15:00,20.146157739,0.2093863668164934,1,0.9807370442032946,0.9807370442032946,0.9807370442032946
2014-04-10 22:20:00,21.3000301271,0.2024209097004948,1,0.9803339028759328,0.9803339028759328,0.9803339028759328
2014-04-10 22:25:00,20.088604548499998,0.208485829839242,1,0.979925894656126,0.9799258946561259,0.979925894656126
2014-04-10 22:30:00,18.941301891,0.21427320891100485,1,0.9795129628510812,0.9795129628510812,0.9795129628510811
2014-04-10 22:35:00,20.6723413572,0.2032812094443789,1,0.9790950501585396,0.9790950501585396,0.9790950501585395
2014-04-10 22:40:00,21.2095982522,0.19959424235916806,1,0.978672098661494,0.978672098661494,0.9786720986614939
2014-04-10 22:45:00,19.295993043499998,0.2105902767406564,1,0.978244049822894,0.978244049822894,0.9782440498228941
2014-04-10 22:50:00,20.6009816807,0.20172399919952985,1,0.9778108444803432,0.9778108444803432,0.9778108444803433
2014-04-10 22:55:00,18.605596216600002,0.21383298613519086,1,0.9773724228407786,0.9773724228407786,0.9773724228407786
2014-04-10 23:00:00,19.3714238158,0.20785385988535976,1,0.9769287244751482,0.9769287244751482,0.9769287244751482
2014-04-10 23:05:00,21.64105,0.19248803796475555,1,0.9764796883130747,0.9764796883130747,0.9764796883130749
2014-04-10 23:10:00,21.6493885352,0.19217022765540226,1,0.9760252526375164,0.9760252526375164,0.9760252526375164
2014-04-10 23:15:00,20.3051961623,0.20090874433712733,1,0.9755653550794146,0.9755653550794146,0.9755653550794146
2014-04-10 23:20:00,20.8134012473,0.1968834159910186,1,0.975099932612347,0.975099932612347,0.975099932612347
2014-04-10 23:25:00,21.4201735426,0.19226330686540088,1,0.9746289215471664,0.9746289215471664,0.9746289215471664
2014-04-10 23:30:00,21.838404908,0.18905968640336232,1,0.974152257526645,0.974152257526645,0.974152257526645
2014-04-10 23:35:00,19.963377992,0.2027136150361208,1,0.9736698755201127,0.9736698755201127,0.9736698755201127
2014-04-10 23:40:00,20.2501902347,0.19993460434584973,1,0.9731817098181004,0.9731817098181004,0.9731817098181004
2014-04-10 23:45:00,19.6663414774,0.20407607408097567,1,0.9726876940269782,0.9726876940269782,0.9726876940269782
2014-04-10 23:50:00,18.2914390286,0.21491032173668093,1,0.9721877610636062,0.9721877610636062,0.9721877610636062
2014-04-10 23:55:00,19.6949946009,0.20201119317626384,1,0.9716818431499804,0.9716818431499804,0.9716818431499803
2014-04-11 00:00:00,21.1625093575,0.1893128230258046,1,0.9711698718078928,0.9711698718078928,0.9711698718078927
2014-04-11 00:05:00,21.219541992,0.18866233743841665,1,0.9706517778535932,0.9706517778535932,0.9706517778535932
2014-04-11 00:10:00,21.5695084584,0.18555144894334846,1,0.9701274913924663,0.9701274913924663,0.9701274913924663
2014-04-11 00:15:00,18.2058668207,0.2161244899053812,1,0.969596941813716,0.969596941813716,0.9695969418137161
2014-04-11 00:20:00,20.1086183583,0.19699067109916849,1,0.9690600577850632,0.9690600577850632,0.9690600577850631
2014-04-11 00:25:00,18.4296979517,0.2128697518819576,1,0.9685167672474599,0.96851676724746,0.9685167672474599
2014-04-11 00:30:00,18.8029687327,0.20816976710787446,1,0.9679669974098206,0.9679669974098206,0.9679669974098206
2014-04-11 00:35:00,21.6008660095,0.1846500656469628,1,0.967410674743768,0.967410674743768,0.9674106747437681
2014-04-11 00:40:00,19.9871650337,0.19602146868446246,1,0.9668477249784062,0.9668477249784062,0.9668477249784062
2014-04-11 00:45:00,21.034179683599998,0.18508740667912668,1,0.9662780730951086,0.9662780730951086,0.9662780730951086
2014-04-11 00:50:00,18.2575364237,0.2148254551488545,1,0.9657016433223377,0.9657016433223377,0.9657016433223375
2014-04-11 00:55:00,19.6673060157,0.19799430295358408,1,0.9651183591304856,0.9651183591304856,0.9651183591304856
2014-04-11 01:00:00,20.6969611227,0.1863338047539476,1,0.9645281432267488,0.9645281432267488,0.9645281432267487
2014-04-11 01:05:00,18.5336259251,0.21107468921577824,1,0.9639309175500292,0.9639309175500292,0.9639309175500291
2014-04-11 01:10:00,19.303271516400002,0.20093382962101064,1,0.9633266032658732,0.9633266032658732,0.9633266032658733
2014-04-11 01:15:00,18.2581912201,0.21339202449206784,1,0.9627151207614422,0.9627151207614422,0.9627151207614422
2014-04-11 01:20:00,20.605359763499997,0.1836580673533199,1,0.9620963896405248,0.9620963896405248,0.9620963896405249
2014-04-11 01:25:00,21.8835650362,0.1967656073456957,1,0.9614703287185898,0.9614703287185898,0.9614703287185898
2014-04-11 01:30:00,21.3081819646,0.18910027803271406,1,0.960836856017878,0.9608368560178779,0.960836856017878
2014-04-11 01:35:00,21.898492467199997,0.1965890016103725,1,0.9601958887625474,0.9601958887625474,0.9601958887625474
2014-04-11 01:40:00,21.3824191804,0.1893417164585184,1,0.9595473433738578,0.9595473433738578,0.959547343373858
2014-04-11 01:45:00,21.4207832248,0.18967938788878724,1,0.9588911354654178,0.9588911354654178,0.9588911354654178
2014-04-11 01:50:00,20.308708781500002,0.19052136635823846,1,0.9582271798384736,0.9582271798384736,0.9582271798384737
2014-04-11 01:55:00,20.0730092457,0.19368501702236485,1,0.957555390477266,0.957555390477266,0.957555390477266
2014-04-11 02:00:00,19.6250170657,0.20008632038884136,1,0.9568756805444404,0.9568756805444404,0.9568756805444405
2014-04-11 02:05:00,21.2723795802,0.18977423186168552,1,0.9561879623765218,0.9561879623765218,0.9561879623765218
2014-04-11 02:10:00,18.728270449100002,0.21513346415075207,1,0.955492147479458,0.955492147479458,0.955492147479458
2014-04-11 02:15:00,18.2248996633,0.22284551820665552,1,0.9547881465242266,0.9547881465242266,0.9547881465242266
2014-04-11 02:20:00,21.791575290700003,0.20206223663914646,1,0.9540758693425222,0.9540758693425222,0.9540758693425222
2014-04-11 02:25:00,18.0151127408,0.2275182622756858,1,0.9533552249225128,0.9533552249225128,0.9533552249225128
2014-04-11 02:30:00,21.9073172875,0.20620071140527368,1,0.9526261214046784,0.9526261214046784,0.9526261214046785
2014-04-11 02:35:00,20.9154134795,0.1881804673390771,1,0.9518884660777324,0.9518884660777324,0.9518884660777324
2014-04-11 02:40:00,19.3139956788,0.20497925741461973,1,0.9511421653746288,0.9511421653746288,0.9511421653746287
2014-04-11 02:45:00,20.7912793723,0.1870973967794896,1,0.9503871248686574,0.9503871248686574,0.9503871248686574
2014-04-11 02:50:00,21.2715006287,0.195833300566068,1,0.9496232492696376,0.9496232492696376,0.9496232492696376
2014-04-11 02:55:00,18.9814482239,0.2132578301191697,1,0.948850442420204,0.9488504424202041,0.948850442420204
2014-04-11 03:00:00,21.0835827331,0.1936509570119465,1,0.948068607292196,0.9480686072921959,0.948068607292196
2014-04-11 03:05:00,21.2174785,0.1960424743794632,1,0.947277645983152,0.9472776459831519,0.947277645983152
2014-04-11 03:10:00,18.9974185205,0.21500110845486106,1,0.9464774597129142,0.9464774597129142,0.9464774597129142
2014-04-11 03:15:00,18.1677054175,0.2332978329784917,1,0.9456679488203448,0.9456679488203448,0.9456679488203447
2014-04-11 03:20:00,18.816489138199998,0.21603335988577305,1,0.94484901276016,0.94484901276016,0.9448490127601601
2014-04-11 03:25:00,18.8025856356,0.21530276659403366,1,0.9440205500998884,0.9440205500998884,0.9440205500998883
2014-04-11 03:30:00,18.2609618167,0.2275304535621583,1,0.9431824585169496,0.9431824585169496,0.9431824585169496
2014-04-11 03:35:00,20.9040295386,0.2000713786451944,1,0.9423346347958728,0.9423346347958728,0.9423346347958729
2014-04-11 03:40:00,19.5198996978,0.19690715285562915,1,0.9414769748256412,0.9414769748256412,0.9414769748256412
2014-04-11 03:45:00,21.5375446698,0.21671582503917952,1,0.9406093735971816,0.9406093735971816,0.9406093735971817
2014-04-11 03:50:00,19.0086844227,0.21150765409584807,1,0.9397317252009983,0.9397317252009983,0.9397317252009985
2014-04-11 03:55:00,19.8129286604,0.190175577495344,1,0.9388439228249559,0.938843922824956,0.9388439228249561
2014-04-11 04:00:00,20.556069715699998,0.1932930828235958,1,0.9379458587522146,0.9379458587522146,0.9379458587522146
2014-04-11 04:05:00,21.5098597987,0.21904364294952766,1,0.9370374243593266,0.9370374243593266,0.9370374243593266
2014-04-11 04:10:00,20.098484406500003,0.18525485935715127,1,0.9361185101144992,0.9361185101144992,0.9361185101144991
2014-04-11 04:15:00,19.494098511199997,0.20166968347434125,1,0.9351890055760226,0.9351890055760226,0.9351890055760226
2014-04-11 04:20:00,21.4680603139,0.21976536285256693,1,0.9342487993908768,0.9342487993908768,0.9342487993908769
2014-04-11 04:25:00,19.2409856988,0.2110554061695352,1,0.9332977792935178,0.9332977792935178,0.9332977792935178
2014-04-11 04:30:00,18.3176947985,0.2402908482242653,1,0.9323358321048484,0.9323358321048484,0.9323358321048483
2014-04-11 04:35:00,19.78016843,0.19135485140179656,1,0.93136284373138,0.93136284373138,0.9313628437313799
2014-04-11 04:40:00,21.140373225999998,0.21537972577434186,1,0.9303786991645968,0.9303786991645968,0.9303786991645967
2014-04-11 04:45:00,18.123123327000002,0.2494066915910616,1,0.9293832824805146,0.9293832824805146,0.9293832824805146
2014-04-11 04:50:00,20.34352898,0.1920664301263945,1,0.9283764768394552,0.9283764768394552,0.9283764768394552
2014-04-11 04:55:00,20.3778561941,0.19291109285587274,1,0.9273581644860318,0.9273581644860318,0.9273581644860318
2014-04-11 05:00:00,21.7141670537,0.2403054441692077,1,0.9263282267493566,0.9263282267493566,0.9263282267493566
2014-04-11 05:05:00,19.1458592686,0.21640726437173208,1,0.9252865440434748,0.9252865440434748,0.9252865440434747
2014-04-11 05:10:00,19.1153464528,0.2164626699652342,1,0.9242329958680306,0.9242329958680306,0.9242329958680306
2014-04-11 05:15:00,19.7619346054,0.19200684411891936,1,0.9231674608091764,0.9231674608091764,0.9231674608091764
2014-04-11 05:20:00,19.4276596059,0.20389124139646986,1,0.9220898165407244,0.9220898165407244,0.9220898165407243
2014-04-11 05:25:00,20.945383450799998,0.21781305117325955,1,0.9209999398255494,0.9209999398255494,0.9209999398255494
2014-04-11 05:30:00,20.5670083085,0.20170960396538887,1,0.9198977065172566,0.9198977065172566,0.9198977065172566
2014-04-11 05:35:00,21.0356841516,0.2202664093873788,1,0.918782991562108,0.918782991562108,0.9187829915621081
2014-04-11 05:40:00,21.2801671648,0.2296621377670261,1,0.9176556690012292,0.9176556690012292,0.9176556690012292
2014-04-11 05:45:00,21.691924530900003,0.24691467703980616,1,0.9165156119730874,0.9165156119730874,0.9165156119730874
2014-04-11 05:50:00,19.7237469271,0.2036957770966009,1,0.9153626927162618,0.9153626927162618,0.9153626927162618
2014-04-11 05:55:00,21.938789557899998,0.2593430932162519,1,0.914196782572506,0.9141967825725059,0.914196782572506
2014-04-11 06:00:00,18.862643253599998,0.2468522664579201,1,0.9130177519901118,0.9130177519901118,0.9130177519901118
2014-04-11 06:05:00,20.8574606478,0.2083462103873797,1,0.9118254705275785,0.9118254705275785,0.9118254705275783
2014-04-11 06:10:00,20.1360372692,0.18805543789809606,1,0.9106198068576012,0.9106198068576012,0.9106198068576012
2014-04-11 06:15:00,21.267602378699998,0.2282634595223035,1,0.9094006287713798,0.9094006287713798,0.9094006287713798
2014-04-11 06:20:00,19.9070820824,0.20051025176321965,1,0.9081678031832602,0.9081678031832602,0.9081678031832602
2014-04-11 06:25:00,21.1357545414,0.22210895998559754,1,0.9069211961357104,0.9069211961357104,0.9069211961357103
2014-04-11 06:30:00,21.720674858600002,0.2523416285601851,1,0.9056606728046468,0.9056606728046468,0.9056606728046467
2014-04-11 06:35:00,20.9291770646,0.20714768081610765,1,0.90438609750511,0.90438609750511,0.9043860975051101
2014-04-11 06:40:00,21.1043771449,0.21543370535245426,1,0.9030973336973062,0.9030973336973062,0.9030973336973062
2014-04-11 06:45:00,18.2687017251,0.30857224927335875,1,0.9017942439930136,0.9017942439930136,0.9017942439930137
2014-04-11 06:50:00,18.819830648900002,0.2640465833428672,1,0.9004766901623691,0.9004766901623691,0.9004766901623691
2014-04-11 06:55:00,21.897214962,0.2693329720984477,1,0.8991445331410407,0.8991445331410407,0.8991445331410407
2014-04-11 07:00:00,20.7727480151,0.2023192529778507,1,0.897797633037792,0.897797633037792,0.897797633037792
2014-04-11 07:05:00,20.2457960692,0.18892025967071466,1,0.8964358491424502,0.8964358491424502,0.8964358491424502
2014-04-11 07:10:00,19.4679054936,0.2307162719111987,1,0.8950590399342826,0.8950590399342826,0.8950590399342826
2014-04-11 07:15:00,18.1775560048,0.3130432322810929,1,0.8936670630907944,0.8936670630907944,0.8936670630907944
2014-04-11 07:20:00,19.4765436319,0.22124666469103327,1,0.8922597754969506,0.8922597754969506,0.8922597754969506
2014-04-11 07:25:00,19.9956514932,0.19190476575389567,1,0.8908370332548355,0.8908370332548355,0.8908370332548355
2014-04-11 07:30:00,18.8458380375,0.25940789686916577,1,0.8893986916937562,0.8893986916937562,0.8893986916937562
2014-04-11 07:35:00,18.6925471651,0.265647710824929,1,0.8879446053807972,0.8879446053807972,0.8879446053807972
2014-04-11 07:40:00,20.0336662054,0.1826131740100884,1,0.8864746281318382,0.8864746281318382,0.8864746281318382
2014-04-11 07:45:00,20.3436169425,0.1990291385489225,1,0.8849886130230413,0.8849886130230413,0.8849886130230413
2014-04-11 07:50:00,18.9596716754,0.24848684088561696,1,0.8834864124028151,0.8834864124028151,0.8834864124028151
2014-04-11 07:55:00,20.3495578978,0.2022821181941637,1,0.8819678779042704,0.8819678779042704,0.8819678779042704
2014-04-11 08:00:00,21.6013598555,0.2871571983832557,1,0.8804328604581673,0.8804328604581673,0.8804328604581673
2014-04-11 08:05:00,19.8926930321,0.19382431061924227,1,0.8788812103063707,0.8788812103063707,0.8788812103063707
2014-04-11 08:10:00,21.4295606783,0.27083047365163304,1,0.8773127770158184,0.8773127770158184,0.8773127770158184
2014-04-11 08:15:00,21.7090857781,0.2870432931424653,1,0.8757274094930131,0.8757274094930131,0.8757274094930131
2014-04-11 08:20:00,18.3695761157,0.3098954425059461,1,0.8741249559990424,0.8741249559990424,0.8741249559990424
2014-04-11 08:25:00,18.383246318599998,0.2985040351943778,1,0.8725052641651438,0.8725052641651438,0.8725052641651438
2014-04-11 08:30:00,19.9041767316,0.1903981098814312,1,0.8708681810088169,0.8708681810088169,0.8708681810088169
2014-04-11 08:35:00,20.3524097773,0.200306115864146,1,0.8692135529504921,0.8692135529504921,0.8692135529504921
2014-04-11 08:40:00,19.7035338579,0.20341864468874024,1,0.8675412258307679,0.8675412258307679,0.867541225830768
2014-04-11 08:45:00,19.305803081700002,0.2291055333998419,1,0.8658510449282252,0.8658510449282252,0.8658510449282252
2014-04-11 08:50:00,20.5639764645,0.21806114122834705,1,0.8641428549778215,0.8641428549778215,0.8641428549778215
2014-04-11 08:55:00,18.0083260494,0.3364395492630045,1,0.8624165001898849,0.8624165001898849,0.8624165001898849
2014-04-11 09:00:00,39.370127622199995,0.9977577753582412,1,0.8606718242697022,0.8606718242697022,0.8606718242697022
2014-04-11 09:05:00,34.070969435,0.4977177517306254,1,0.8589086704377245,0.8589086704377245,0.8589086704377245
2014-04-11 09:10:00,39.003111133800004,0.5462854883307636,1,0.8571268814503882,0.8571268814503882,0.8571268814503882
2014-04-11 09:15:00,33.1849061606,0.34328506143187404,1,0.8553262996215624,0.8553262996215624,0.8553262996215624
2014-04-11 09:20:00,34.1142277107,0.3420901032610152,1,0.8535067668446377,0.8535067668446377,0.8535067668446377
2014-04-11 09:25:00,34.0910906478,0.3250950587391237,1,0.8516681246152519,0.8516681246152519,0.8516681246152519
2014-04-11 09:30:00,39.5723009102,0.4004962037093516,1,0.8498102140546762,0.8498102140546762,0.8498102140546762
2014-04-11 09:35:00,32.4331239292,0.2679362287164018,1,0.8479328759338557,0.8479328759338557,0.8479328759338557
2014-04-11 09:40:00,37.005395107,0.3250037739857501,1,0.8460359506981221,0.8460359506981221,0.846035950698122
2014-04-11 09:45:00,38.661743383600005,0.3348540812907225,1,0.8441192784925836,0.8441192784925836,0.8441192784925836
2014-04-11 09:50:00,37.240370309,0.301233923168523,1,0.8421826991881963,0.8421826991881963,0.8421826991881963
2014-04-11 09:55:00,35.011683491199996,0.26540654457554297,1,0.8402260524085341,0.8402260524085341,0.8402260524085341
2014-04-11 10:00:00,42.7931454036,0.3607145479726133,1,0.8382491775572488,0.8382491775572488,0.8382491775572488
2014-04-11 10:05:00,42.285202716,0.3331946217543723,1,0.8362519138462476,0.8362519138462476,0.8362519138462476
2014-04-11 10:10:00,38.6822065748,0.27703985715440393,1,0.8342341003245777,0.8342341003245777,0.8342341003245777
2014-04-11 10:15:00,39.7748953821,0.283402092097141,1,0.8321955759080353,0.8321955759080353,0.8321955759080353
2014-04-11 10:20:00,42.8653504324,0.31198248089245145,1,0.8301361794095041,0.8301361794095041,0.8301361794095041
2014-04-11 10:25:00,42.9832732375,0.30261734800600376,1,0.8280557495700246,0.8280557495700246,0.8280557495700246
2014-04-11 10:30:00,38.8066144816,0.25013749818976955,1,0.8259541250906071,0.8259541250906071,0.8259541250906071
2014-04-11 10:35:00,41.9232242206,0.2790790693455643,1,0.8238311446647932,0.8238311446647932,0.8238311446647932
2014-04-11 10:40:00,37.6475249793,0.2306979410931664,1,0.8216866470119677,0.8216866470119677,0.8216866470119677
2014-04-11 10:45:00,38.1950129238,0.23416546310601186,1,0.8195204709114312,0.8195204709114312,0.8195204709114312
2014-04-11 10:50:00,36.5722035626,0.2167893885881705,1,0.8173324552372371,0.8173324552372371,0.8173324552372371
2014-04-11 10:55:00,36.9200072074,0.2189973638698729,1,0.8151224389937965,0.8151224389937965,0.8151224389937965
2014-04-11 11:00:00,41.0899664724,0.2609053677749396,1,0.8128902613522588,0.8128902613522588,0.8128902613522588
2014-04-11 11:05:00,39.9259079323,0.2444284433816816,1,0.8106357616876709,0.8106357616876709,0.810635761687671
2014-04-11 11:10:00,37.6976586655,0.21895313841258635,1,0.8083587796169186,0.8083587796169186,0.8083587796169186
2014-04-11 11:15:00,39.0663838232,0.2318536006245524,1,0.806059155037455,0.806059155037455,0.806059155037455
2014-04-11 11:20:00,38.8295258082,0.2275147256839519,1,0.8037367281668191,0.8037367281668191,0.803736728166819
2014-04-11 11:25:00,43.72328610970001,0.2824568641681101,1,0.8013913395829477,0.8013913395829477,0.8013913395829477
2014-04-11 11:30:00,42.6572125909,0.263373641715399,1,0.7990228302652862,0.7990228302652862,0.7990228302652862
2014-04-11 11:35:00,38.9473157444,0.21810295520612166,1,0.796631041636691,0.796631041636691,0.796631041636691
2014-04-11 11:40:00,43.138087300600006,0.2645665811207643,1,0.7942158156061396,0.7942158156061396,0.7942158156061396
2014-04-11 11:45:00,38.5861188005,0.20927467433156505,1,0.7917769946122403,0.7917769946122403,0.7917769946122403
2014-04-11 11:50:00,41.1778392535,0.2371521816885936,1,0.789314421667541,0.789314421667541,0.789314421667541
2014-04-11 11:55:00,43.558267173599994,0.2639091752354745,1,0.7868279404036486,0.7868279404036486,0.7868279404036486
2014-04-11 12:00:00,39.090933127199996,0.20770261967035766,1,0.7843173951171457,0.7843173951171457,0.7843173951171457
2014-04-11 12:05:00,41.4059284571,0.23343881952858705,1,0.7817826308163155,0.7817826308163155,0.7817826308163155
2014-04-11 12:10:00,38.3366965761,0.1966010916677889,1,0.779223493268667,0.779223493268667,0.779223493268667
2014-04-11 12:15:00,38.099994126,0.1936405309453081,1,0.7766398290492604,0.7766398290492604,0.7766398290492604
2014-04-11 12:20:00,40.5607787288,0.22214709524583293,1,0.7740314855898331,0.7740314855898331,0.7740314855898331
2014-04-11 12:25:00,43.7990494908,0.2639096977114989,1,0.7713983112287256,0.7713983112287256,0.7713983112287256
2014-04-11 12:30:00,39.5933707331,0.20516312331898245,1,0.7687401552615942,0.7687401552615942,0.7687401552615942
2014-04-11 12:35:00,43.4662948859,0.255529930679649,1,0.7660568679929197,0.7660568679929197,0.7660568679929197
2014-04-11 12:40:00,43.2802562354,0.2494030600692853,1,0.7633483007882997,0.7633483007882997,0.7633483007882997
2014-04-11 12:45:00,37.999676818000005,0.18525528611080327,1,0.7606143061275237,0.7606143061275237,0.7606143061275237
2014-04-11 12:50:00,39.1831836125,0.19369396959367136,1,0.7578547376584189,0.7578547376584189,0.7578547376584189
2014-04-11 12:55:00,41.1135026921,0.21859149078654488,1,0.7550694502514743,0.7550694502514743,0.7550694502514743
2014-04-11 13:00:00,40.1379439766,0.2041938876384612,1,0.7522583000552175,0.7522583000552175,0.7522583000552175
2014-04-11 13:05:00,36.761785411999995,0.2052153602584005,1,0.7494211445523552,0.7494211445523552,0.7494211445523552
2014-04-11 13:10:00,43.9425523075,0.26344380532150585,1,0.7465578426166541,0.7465578426166541,0.7465578426166541
2014-04-11 13:15:00,42.014508612600004,0.22873658598683225,1,0.7436682545705654,0.7436682545705654,0.7436682545705654
2014-04-11 13:20:00,39.495232057399996,0.1907850800639279,1,0.7407522422435732,0.7407522422435732,0.7407522422435732
2014-04-11 13:25:00,40.9387971416,0.21131615393571374,1,0.7378096690312643,0.7378096690312643,0.7378096690312643
2014-04-11 13:30:00,36.6947104449,0.21602379992485585,1,0.7348403999551039,0.7348403999551039,0.7348403999551039
2014-04-11 13:35:00,39.9560192434,0.1978786964964541,1,0.731844301722905,0.731844301722905,0.731844301722905
2014-04-11 13:40:00,43.439707861,0.25575398539560074,1,0.7288212427899837,0.7288212427899837,0.7288212427899837
2014-04-11 13:45:00,43.1659000152,0.2472787603064841,1,0.7257710934209787,0.7257710934209787,0.7257710934209787
2014-04-11 13:50:00,38.6928549164,0.19237652987012305,1,0.722693725752329,0.722693725752329,0.722693725752329
2014-04-11 13:55:00,40.2445027597,0.19650837659288187,1,0.71958901385539,0.71958901385539,0.71958901385539
2014-04-11 14:00:00,41.5777376625,0.21861300441147136,1,0.7164568338001717,0.7164568338001717,0.7164568338001717
2014-04-11 14:05:00,38.7188350929,0.194701520409138,1,0.7132970637196852,0.7132970637196852,0.7132970637196852
2014-04-11 14:10:00,36.5178651357,0.2340995717520053,1,0.7101095838748764,0.7101095838748764,0.7101095838748764
2014-04-11 14:15:00,40.0422518607,0.19482688490880407,1,0.7068942767201318,0.7068942767201318,0.7068942767201318
2014-04-11 14:20:00,40.8117798678,0.2083486481034302,1,0.7036510269693328,0.7036510269693328,0.7036510269693328
2014-04-11 14:25:00,36.0455793055,0.2470205993523863,1,0.7003797216624416,0.7003797216624416,0.7003797216624416
2014-04-11 14:30:00,36.763426521,0.2291855759446636,1,0.6970802502325939,0.6970802502325939,0.6970802502325939
2014-04-11 14:35:00,37.6571200823,0.20952660446042168,1,0.6937525045736829,0.6937525045736829,0.6937525045736829
2014-04-11 14:40:00,38.7831771945,0.18718826411816264,1,0.6903963791084017,0.6903963791084017,0.6903963791084017
2014-04-11 14:45:00,40.327119273499996,0.2075310641096396,1,0.6870117708567264,0.6870117708567264,0.6870117708567264
2014-04-11 14:50:00,38.3495161263,0.196961948238538,1,0.6835985795048163,0.6835985795048163,0.6835985795048163
2014-04-11 14:55:00,38.2082478122,0.1994807712931824,1,0.6801567074742983,0.6801567074742983,0.6801567074742983
2014-04-11 15:00:00,42.95451983979999,0.2735735514675401,1,0.6766860599919151,0.6766860599919151,0.6766860599919151
2014-04-11 15:05:00,37.1601672998,0.22666327650161802,1,0.6731865451595055,0.6731865451595055,0.6731865451595055
2014-04-11 15:10:00,39.9634252978,0.2002473177684886,1,0.6696580740242903,0.6696580740242903,0.6696580740242903
2014-04-11 15:15:00,43.62231855090001,0.2930182631945556,1,0.6661005606494312,0.6661005606494312,0.6661005606494312
2014-04-11 15:20:00,40.9998435923,0.21794571605589647,1,0.6625139221848353,0.6625139221848353,0.6625139221848353
2014-04-11 15:25:00,41.737376718200004,0.2348373033320907,1,0.6588980789381682,0.6588980789381682,0.6588980789381682
2014-04-11 15:30:00,39.4496434518,0.1850412621744876,1,0.6552529544460506,0.6552529544460506,0.6552529544460506
2014-04-11 15:35:00,36.1592259164,0.26828600702653843,1,0.6515784755453962,0.6515784755453962,0.6515784755453962
2014-04-11 15:40:00,41.1687794651,0.2242356652255641,1,0.6478745724448628,0.6478745724448628,0.6478745724448628
2014-04-11 15:45:00,41.0551314969,0.21989294438038048,1,0.6441411787963764,0.6441411787963764,0.6441411787963764
2014-04-11 15:50:00,36.883185037800004,0.2510391967100007,1,0.6403782317666965,0.6403782317666965,0.6403782317666965
2014-04-11 15:55:00,39.6970236464,0.18863064532715348,1,0.6365856721089767,0.6365856721089767,0.6365856721089767
2014-04-11 16:00:00,43.32257610439999,0.2911201227846673,1,0.6327634442342944,0.6327634442342944,0.6327634442342944
2014-04-11 16:05:00,37.6406304757,0.233366094762336,1,0.6289114962830972,0.6289114962830972,0.6289114962830972
2014-04-11 16:10:00,39.6887392354,0.18603930010998854,1,0.6250297801965348,0.6250297801965348,0.6250297801965348
2014-04-11 16:15:00,39.6887746799,0.18594778504950385,1,0.6211182517876314,0.6211182517876314,0.6211182517876314
2014-04-11 16:20:00,42.486037363,0.2666775420631545,1,0.6171768708122561,0.6171768708122561,0.6171768708122561
2014-04-11 16:25:00,42.596552439,0.2657209097983318,1,0.6132056010398497,0.6132056010398497,0.6132056010398497
2014-04-11 16:30:00,42.0741015024,0.2447622286937157,1,0.6092044103238629,0.6092044103238629,0.6092044103238629
2014-04-11 16:35:00,38.923583451300004,0.2099181723903738,1,0.6051732706718623,0.6051732706718623,0.6051732706718623
2014-04-11 16:40:00,36.5762485825,0.2841768306857013,1,0.6011121583152573,0.6011121583152573,0.6011121583152573
2014-04-11 16:45:00,38.7958141591,0.2078241577546396,1,0.5970210537786002,0.5970210537786002,0.5970210537786002
2014-04-11 16:50:00,41.4382765691,0.23287713471573146,1,0.5928999419484191,0.5928999419484191,0.5928999419484191
2014-04-11 16:55:00,41.6219193198,0.23687823339213804,1,0.5887488121415243,0.5887488121415243,0.5887488121415243
2014-04-11 17:00:00,43.719990483500005,0.3098985843128927,1,0.5845676581727497,0.5845676581727497,0.5845676581727497
2014-04-11 17:05:00,39.6291197065,0.1941888879722741,1,0.5803564784220763,0.5803564784220763,0.5803564784220763
2014-04-11 17:10:00,41.0594741523,0.2117959917848318,1,0.5761152759010834,0.5761152759010834,0.5761152759010834
2014-04-11 17:15:00,40.3135166455,0.18868803710178367,1,0.5718440583186863,0.5718440583186863,0.5718440583186863
2014-04-11 17:20:00,37.2049389564,0.2797327122936649,1,0.5675428381460991,0.5675428381460991,0.5675428381460991
2014-04-11 17:25:00,39.6896096165,0.1901600234963532,1,0.5632116326809754,0.5632116326809754,0.5632116326809754
2014-04-11 17:30:00,40.3586709057,0.1948178955870611,1,0.5588504641106776,0.5588504641106776,0.5588504641106776
2014-04-11 17:35:00,43.605985685200004,0.3163513375887403,1,0.5544593595746149,0.5544593595746149,0.5544593595746149
2014-04-11 17:40:00,38.9323024686,0.220513838121578,1,0.5500383512256005,0.5500383512256005,0.5500383512256005
2014-04-11 17:45:00,43.8407816016,0.3204919592068982,1,0.5455874762901751,0.5455874762901751,0.5455874762901751
2014-04-11 17:50:00,40.3383902656,0.18429857062353955,1,0.5411067771278405,0.5411067771278405,0.5411067771278405
2014-04-11 17:55:00,37.9397442338,0.2621372934731447,1,0.5365963012891471,0.5365963012891471,0.5365963012891471
2014-04-11 18:00:00,22.519987135999997,0.8834925016895503,1,0.5320561015725854,0.5320561015725854,0.5320561015725854
2014-04-11 18:05:00,22.280133701599997,0.5907047676964122,1,0.5274862360802219,0.5274862360802219,0.5274862360802219
2014-04-11 18:10:00,23.77407575,0.4421518479684693,1,0.5228867682720243,0.5228867682720243,0.5228867682720243
2014-04-11 18:15:00,21.7052450108,0.4340153859900821,1,0.5182577670188254,0.5182577670188254,0.5182577670188254
2014-04-11 18:20:00,23.7362153344,0.3572191829643627,1,0.5135993066538619,0.5135993066538619,0.5135993066538619
2014-04-11 18:25:00,26.3443402743,0.2997906571946532,1,0.50891146702284,0.50891146702284,0.50891146702284
2014-04-11 18:30:00,24.8165105018,0.311945245274782,1,0.5041943335324683,0.5041943335324683,0.5041943335324683
2014-04-11 18:35:00,25.246971227399996,0.29554123272417265,1,0.4994479971974034,0.4994479971974034,0.4994479971974034
2014-04-11 18:40:00,22.1712239835,0.3284819551504141,1,0.4946725546855511,0.4946725546855511,0.4946725546855511
2014-04-11 18:45:00,23.870882098200003,0.29292750142706664,1,0.4898681083616727,0.4898681083616727,0.48986810836167266
2014-04-11 18:50:00,22.9738689245,0.29631128728191336,1,0.4850347663292345,0.4850347663292345,0.4850347663292345
2014-04-11 18:55:00,25.891665924899996,0.2540243127340233,1,0.4801726424704514,0.4801726424704514,0.4801726424704514
2014-04-11 19:00:00,19.4741763001,0.3291137251028372,1,0.4752818564844686,0.4752818564844686,0.47528185648446863
2014-04-11 19:05:00,20.6283302347,0.30102503807726044,1,0.4703625339236247,0.4703625339236247,0.4703625339236247
2014-04-11 19:10:00,21.1662780915,0.2858381447746628,1,0.4654148062277484,0.4654148062277484,0.4654148062277484
2014-04-11 19:15:00,20.8584105302,0.28259773726762905,1,0.4604388107564298,0.4604388107564298,0.4604388107564298
2014-04-11 19:20:00,22.1738126397,0.2617538583028516,1,0.455434690819219,0.455434690819219,0.455434690819219
2014-04-11 19:25:00,19.6828448051,0.28544988128853005,1,0.4504025957036969,0.4504025957036969,0.4504025957036969
2014-04-11 19:30:00,20.2899466198,0.27197322214510394,1,0.4453426807013693,0.4453426807013693,0.44534268070136934
2014-04-11 19:35:00,22.0150702402,0.2484252259257809,1,0.4402551071313345,0.44025510713133453,0.44025510713133464
2014-04-11 19:40:00,20.9167766609,0.2571812072859011,1,0.4351400423616745,0.4351400423616745,0.43514004236167453
2014-04-11 19:45:00,20.3928079227,0.2592236382623639,1,0.4299976598285201,0.42999765982852006,0.42999765982852
2014-04-11 19:50:00,18.842480490299998,0.27263878032286804,1,0.4248281390527473,0.4248281390527473,0.4248281390527473
2014-04-11 19:55:00,21.8540829335,0.2350904803214048,1,0.4196316656542544,0.4196316656542544,0.4196316656542544
2014-04-11 20:00:00,22.0638380487,0.2309002777005741,1,0.4144084313637784,0.4144084313637784,0.41440843136377836
2014-04-11 20:05:00,20.6449971384,0.2442691036101389,1,0.4091586340322027,0.4091586340322027,0.4091586340322027
2014-04-11 20:10:00,21.5975741141,0.2313617464506517,1,0.4038824776373215,0.4038824776373215,0.4038824776373215
2014-04-11 20:15:00,20.2280429144,0.2446239015953348,1,0.3985801722880095,0.3985801722880095,0.3985801722880095
2014-04-11 20:20:00,19.0781375751,0.2551987615186466,1,0.3932519342257687,0.3932519342257687,0.39325193422576865
2014-04-11 20:25:00,18.2022304903,0.2620983372617811,1,0.3878979858236054,0.3878979858236054,0.3878979858236054
2014-04-11 20:30:00,20.7785017305,0.22848818935087306,1,0.3825185555822051,0.3825185555822051,0.3825185555822051
2014-04-11 20:35:00,20.1322147943,0.23411203651204915,1,0.3771138781233721,0.3771138781233721,0.3771138781233721
2014-04-11 20:40:00,21.2974196425,0.219038886781942,1,0.3716841941806945,0.3716841941806945,0.3716841941806945
2014-04-11 20:45:00,20.944959422,0.22182779360657545,1,0.3662297505874148,0.3662297505874148,0.36622975058741475
2014-04-11 20:50:00,22.1274238587,0.20718552432326431,1,0.360750800261461,0.360750800261461,0.360750800261461
2014-04-11 20:55:00,20.2015802542,0.22896402798215024,1,0.3552476021876271,0.3552476021876271,0.3552476021876271
2014-04-11 21:00:00,19.740233061199998,0.2330034625606643,1,0.34972042139686466,0.34972042139686466,0.34972042139686466
2014-04-11 21:05:00,19.177593876099998,0.2382822139308741,1,0.34416952894267044,0.34416952894267044,0.34416952894267044
2014-04-11 21:10:00,19.9392970631,0.2263158281385441,1,0.3385952018745433,0.3385952018745433,0.3385952018745433
2014-04-11 21:15:00,21.5258722723,0.20515355032511567,1,0.33299772320849513,0.33299772320849513,0.33299772320849513
2014-04-11 21:20:00,18.1988305025,0.2481505513802289,1,0.32737738189459553,0.32737738189459553,0.32737738189459553
2014-04-11 21:25:00,21.9466587315,0.1964556107961268,1,0.3217344727815377,0.3217344727815377,0.3217344727815377
2014-04-11 21:30:00,22.0083859253,0.19532281424241185,1,0.3160692965782133,0.3160692965782133,0.3160692965782133
2014-04-11 21:35:00,20.423911554500002,0.21558550811349186,1,0.3103821598122818,0.3103821598122818,0.3103821598122818
2014-04-11 21:40:00,19.357098681900002,0.2295600127276453,1,0.3046733747857349,0.3046733747857349,0.3046733747857349
2014-04-11 21:45:00,18.922423371199997,0.2342609287639345,1,0.29894325952744194,0.29894325952744194,0.29894325952744194
2014-04-11 21:50:00,19.1365311056,0.2290909118129077,1,0.2931921377426781,0.2931921377426781,0.2931921377426781
2014-04-11 21:55:00,18.2295423658,0.2413630759278141,1,0.28742033875963485,0.28742033875963485,0.28742033875963485
2014-04-11 22:00:00,19.906811972699998,0.2134635820709023,1,0.28162819747291545,0.28162819747291545,0.28162819747291545
2014-04-11 22:05:00,18.2351304555,0.2384050936213148,1,0.2758160542840167,0.2758160542840167,0.2758160542840167
2014-04-11 22:10:00,20.8805765027,0.19592053798786446,1,0.2699842550388072,0.2699842550388072,0.2699842550388072
2014-04-11 22:15:00,19.4939538886,0.2164871105916906,1,0.2641331509620158,0.2641331509620158,0.2641331509620158
2014-04-11 22:20:00,18.8034741108,0.2266188755489883,1,0.2582630985887322,0.2582630985887322,0.2582630985887322
2014-04-11 22:25:00,20.1858716406,0.20276275277707548,1,0.252374459692948,0.252374459692948,0.25237445969294797
2014-04-11 22:30:00,21.9020436373,0.18869053956294307,1,0.2464676012131465,0.24646760121314654,0.24646760121314656
2014-04-11 22:35:00,20.7871739604,0.1934247713955657,1,0.2405428951749678,0.2405428951749678,0.2405428951749678
2014-04-11 22:40:00,19.973376833099998,0.206596141064304,1,0.23460071861096804,0.234600718610968,0.23460071861096796
2014-04-11 22:45:00,21.114411643900002,0.18683972054664366,1,0.2286414534775041,0.22864145347750414,0.22864145347750417
2014-04-11 22:50:00,20.956609854,0.18934417756390198,1,0.22266548656877025,0.22266548656877025,0.22266548656877022
2014-04-11 22:55:00,21.5738432621,0.186067665262628,1,0.2166732094280142,0.2166732094280142,0.2166732094280142
2014-04-11 23:00:00,18.819880185,0.22992374737369164,1,0.21066501825597675,0.21066501825597675,0.21066501825597675
2014-04-11 23:05:00,21.436882177,0.1858678229323376,1,0.20464131381658104,0.20464131381658104,0.204641313816581
2014-04-11 23:10:00,19.2053334102,0.2216596160483444,1,0.19860250133992088,0.19860250133992088,0.19860250133992086
2014-04-11 23:15:00,21.7653886063,0.19391073666387126,1,0.1925489904225829,0.1925489904225829,0.19254899042258292
2014-04-11 23:20:00,19.1254845478,0.22377939519193946,1,0.186481194925352,0.186481194925352,0.186481194925352
2014-04-11 23:25:00,21.708783445199998,0.19474463453378105,1,0.18039953286834767,0.18039953286834767,0.18039953286834767
2014-04-11 23:30:00,21.8565615876,0.19745388150577148,1,0.1743044263236369,0.1743044263236369,0.1743044263236369
2014-04-11 23:35:00,18.583154675,0.2391221895263292,1,0.16819630130538565,0.16819630130538565,0.16819630130538563
2014-04-11 23:40:00,21.8994010043,0.2009565212509037,1,0.16207558765759209,0.16207558765759209,0.16207558765759209
2014-04-11 23:45:00,18.3440658182,0.24553172955188896,1,0.15594271893947198,0.15594271893947198,0.155942718939472
2014-04-11 23:50:00,18.8754790992,0.2293550608799243,1,0.14979813230854594,0.14979813230854594,0.14979813230854594
2014-04-11 23:55:00,19.7779408301,0.2057710800069001,1,0.14364226840149824,0.14364226840149824,0.14364226840149824
2014-04-12 00:00:00,21.9743894628,0.21019687023872705,1,0.13747557121286946,0.13747557121286946,0.13747557121286946
2014-04-12 00:05:00,19.9542522047,0.20281602089140646,1,0.13129848797164873,0.13129848797164873,0.13129848797164873
2014-04-12 00:10:00,20.2016377727,0.19619195455640914,1,0.12511146901584005,0.12511146901584005,0.12511146901584005
2014-04-12 00:15:00,20.7776997981,0.18289962570478493,1,0.11891496766506784,0.11891496766506784,0.11891496766506783
2014-04-12 00:20:00,21.8731742331,0.21078423301933047,1,0.11270944009130154,0.11270944009130154,0.11270944009130157
2014-04-12 00:25:00,21.133405600499998,0.1904094660666563,1,0.1064953451877711,0.1064953451877711,0.1064953451877711
2014-04-12 00:30:00,18.8966160177,0.2363412865022422,1,0.10027314443615136,0.10027314443615136,0.10027314443615135
2014-04-12 00:35:00,19.2119637227,0.22467069666180906,1,0.09404330177209816,0.09404330177209816,0.09404330177209817
2014-04-12 00:40:00,18.3905129584,0.24913890042701345,1,0.08780628344921383,0.08780628344921383,0.08780628344921383
2014-04-12 00:45:00,20.577809456700002,0.18331623206076167,1,0.0815625579015272,0.0815625579015272,0.0815625579015272
2014-04-12 00:50:00,18.7229612262,0.23697809476724,1,0.07531259560457138,0.07531259560457138,0.07531259560457138
2014-04-12 00:55:00,19.0296195539,0.22485014850676427,1,0.0690568689351484,0.0690568689351484,0.0690568689351484
2014-04-12 01:00:00,21.5524546207,0.21743738622783573,1,0.06279585202986493,0.06279585202986493,0.06279585202986492
2014-04-12 01:05:00,19.307022701300003,0.21710806076397626,1,0.0565300206425305,0.0565300206425305,0.056530020642530494
2014-04-12 01:10:00,20.266586873399998,0.18590898368812864,1,0.050259852000507615,0.050259852000507615,0.05025985200050762
2014-04-12 01:15:00,19.5902640352,0.2072361154550464,1,0.043985824660106636,0.043985824660106636,0.04398582466010664
2014-04-12 01:20:00,18.2961251496,0.2534590285733224,1,0.03770841836111443,0.03770841836111443,0.03770841836111443
2014-04-12 01:25:00,19.4514553196,0.20797302803565226,1,0.03142811388055588,0.03142811388055588,0.03142811388055588
2014-04-12 01:30:00,19.632272812100002,0.20100094562833085,1,0.025145392885776344,0.025145392885776344,0.025145392885776344
2014-04-12 01:35:00,21.5828044076,0.23268205384852536,1,0.018860737786947083,0.018860737786947083,0.018860737786947083
2014-04-12 01:40:00,19.297802614600002,0.2155272263024899,1,0.012574631589081594,0.012574631589081594,0.012574631589081594
2014-04-12 01:45:00,19.516964479000002,0.20628296504776766,1,0.0062875577436667185,0.0062875577436667185,0.0062875577436667185
2014-04-12 01:50:00,21.1315870747,0.2182849801021377,0,-0.0006840707832492387,-0.0013681415664984775,-0.0006840707832492387
2014-04-12 01:55:00,21.0358266048,0.2133212007096324,0,-0.001368088657327563,-0.002736177314655126,-0.001368088657327563
2014-04-12 02:00:00,21.193141106600002,0.21877921394637576,0,-0.002052000729431823,-0.004104001458863646,-0.002052000729431823
2014-04-12 02:05:00,21.815082960300003,0.2447495873971452,0,-0.002735754139483409,-0.0054715082789668175,-0.0027357541394834083
2014-04-12 02:10:00,21.1822299936,0.21439411723446106,0,-0.0034192960764637217,-0.006838592152927443,-0.0034192960764637217
2014-04-12 02:15:00,19.6304328129,0.21398827110512286,0,-0.00410257379471745,-0.0082051475894349,-0.00410257379471745
2014-04-12 02:20:00,21.2860340676,0.2204387594947288,0,-0.004785534630212789,-0.009571069260425578,-0.004785534630212789
2014-04-12 02:25:00,20.0346985284,0.19813576799156288,0,-0.005468126016748171,-0.010936252033496342,-0.005468126016748171
2014-04-12 02:30:00,19.1108561301,0.2405357277393373,0,-0.006150295502094846,-0.012300591004189692,-0.006150295502094846
2014-04-12 02:35:00,19.2116682725,0.2331729613922848,0,-0.006831990764064906,-0.013663981528129813,-0.0068319907640649056
2014-04-12 02:40:00,18.8953695543,0.2473738794592679,0,-0.007513159626494172,-0.015026319252988344,-0.007513159626494172
2014-04-12 02:45:00,18.5799718313,0.2613809791071031,0,-0.00819375007512969,-0.01638750015025938,-0.00819375007512969
2014-04-12 02:50:00,18.7379616474,0.2488693544542625,0,-0.008873710273411748,-0.017747420546823496,-0.008873710273411748
2014-04-12 02:55:00,18.2527121998,0.27265213941651656,0,-0.009552988578140027,-0.019105977156280058,-0.00955298857814003
2014-04-12 03:00:00,21.5538034597,0.2601470494373777,0,-0.0102315335550143,-0.0204630671100286,-0.010231533555014301
2014-04-12 03:05:00,21.724031238600002,0.26571024272900545,0,-0.01090929399403924,-0.02181858798807848,-0.010909293994039239
2014-04-12 03:10:00,20.34708157,0.19188694871178946,0,-0.011586218924784527,-0.02317243784956905,-0.011586218924784526
2014-04-12 03:15:00,21.361958226400002,0.2426446203945968,0,-0.012262257631489849,-0.024524515262979697,-0.012262257631489849
2014-04-12 03:20:00,18.7342844106,0.2576262601766359,0,-0.012937359668006056,-0.025874719336012115,-0.012937359668006057
2014-04-12 03:25:00,21.6066953009,0.25857569010879444,0,-0.01361147487256308,-0.02722294974512616,-0.013611474872563081
2014-04-12 03:30:00,20.0254462385,0.1906777706174516,0,-0.014284553382355382,-0.028569106764710764,-0.014284553382355382
2014-04-12 03:35:00,18.268659970399998,0.2893407909807086,0,-0.014956545647936796,-0.029913091295873592,-0.014956545647936796
2014-04-12 03:40:00,18.565250977999998,0.2639253624687101,0,-0.01562740244741557,-0.03125480489483114,-0.01562740244741557
2014-04-12 03:45:00,19.2359058431,0.22167679470889856,0,-0.016297074900441376,-0.03259414980088275,-0.016297074900441376
2014-04-12 03:50:00,18.1742303214,0.2834565560523704,0,-0.01696551448197658,-0.03393102896395316,-0.01696551448197658
2014-04-12 03:55:00,19.2371735121,0.21520982318655432,0,-0.017632673035843274,-0.03526534607168655,-0.017632673035843274
2014-04-12 04:00:00,18.2397217325,0.2730483752871581,0,-0.018298502788038767,-0.036597005576077535,-0.01829850278803877
2014-04-12 04:05:00,18.944110420799998,0.2258484474778613,0,-0.018962956359812055,-0.037925912719624116,-0.01896295635981206
2014-04-12 04:10:00,19.062679023399998,0.21766088811732606,0,-0.019625986780494115,-0.03925197356098823,-0.019625986780494115
2014-04-12 04:15:00,21.9774759055,0.3229722710684978,0,-0.02028754750007496,-0.04057509500014991,-0.020287547500074957
2014-04-12 04:20:00,18.9421866951,0.2286273989697119,0,-0.020947592401521064,-0.04189518480304213,-0.020947592401521064
2014-04-12 04:25:00,18.9567457958,0.2261322976120467,0,-0.02160607581282669,-0.04321215162565339,-0.021606075812826694
2014-04-12 04:30:00,20.7471558734,0.2389318655971453,0,-0.02226295251879283,-0.04452590503758566,-0.02226295251879283
2014-04-12 04:35:00,21.4374299141,0.2818241630470629,0,-0.0229181777725284,-0.0458363555450568,-0.0229181777725284
2014-04-12 04:40:00,19.5482216504,0.19906160091679406,0,-0.023571707306667567,-0.047143414613335134,-0.023571707306667567
2014-04-12 04:45:00,21.5024720798,0.28392172006535604,0,-0.02422349734429852,-0.04844699468859704,-0.02422349734429852
2014-04-12 04:50:00,19.360568083,0.21378608118018733,0,-0.024873504609598404,-0.049747009219196815,-0.024873504609598404
2014-04-12 04:55:00,18.7880635185,0.2486650925000604,0,-0.0255216863381698,-0.0510433726763396,-0.0255216863381698
2014-04-12 05:00:00,19.3185552973,0.21233054110819666,0,-0.02616800028707451,-0.05233600057414901,-0.026168000287074507
2014-04-12 05:05:00,20.437425495699998,0.21835114564327648,0,-0.026812404744560432,-0.053624809489120864,-0.026812404744560432
2014-04-12 05:10:00,19.4685726372,0.2047332183484494,0,-0.027454858539477912,-0.05490971707895583,-0.027454858539477912
2014-04-12 05:15:00,20.691575216,0.2363823257041148,0,-0.02809532105038195,-0.0561906421007639,-0.02809532105038195
2014-04-12 05:20:00,18.9477435177,0.2422337550042669,0,-0.028733752214317194,-0.05746750442863439,-0.028733752214317194
2014-04-12 05:25:00,20.803971576,0.2464045161681693,0,-0.029370112535282832,-0.05874022507056568,-0.029370112535282832
2014-04-12 05:30:00,19.389753453,0.21313678958531967,0,-0.0300043630923749,-0.0600087261847498,-0.0300043630923749
2014-04-12 05:35:00,19.8234734864,0.18428276915743425,0,-0.03063646554760342,-0.06127293109520684,-0.03063646554760342
2014-04-12 05:40:00,20.2309805618,0.20708816198202348,0,-0.03126638215338303,-0.06253276430676606,-0.03126638215338303
2014-04-12 05:45:00,20.7449000127,0.244506152354414,0,-0.03189407575969465,-0.06378815151938931,-0.031894075759694655
2014-04-12 05:50:00,18.9548547674,0.2523298474302669,0,-0.032519509820917517,-0.06503901964183505,-0.03251950982091752
2014-04-12 05:55:00,21.3437821496,0.297740002334106,0,-0.033142648402330034,-0.06628529680466007,-0.033142648402330034
2014-04-12 06:00:00,20.887370999,0.2508126352180793,0,-0.033763456186278955,-0.06752691237255791,-0.033763456186278955
2014-04-12 06:05:00,18.936391676099998,0.26022611894756764,0,-0.03438189847801616,-0.06876379695603232,-0.03438189847801616
2014-04-12 06:10:00,21.8998982504,0.3440229781271682,0,-0.03499794121120306,-0.06999588242240612,-0.03499794121120306
2014-04-12 06:15:00,20.6591879641,0.2245626194805612,0,-0.035611550953082424,-0.07122310190616485,-0.035611550953082424
2014-04-12 06:20:00,19.8097075459,0.1991751805619064,0,-0.03622269490931828,-0.07244538981863656,-0.03622269490931828
2014-04-12 06:25:00,18.6301093022,0.2930361686320165,0,-0.036831340928504264,-0.07366268185700853,-0.036831340928504264
2014-04-12 06:30:00,20.1328840092,0.19236406046528728,0,-0.037437457506341296,-0.07487491501268259,-0.037437457506341296
2014-04-12 06:35:00,18.6591035473,0.2864145725950918,0,-0.038041013789486114,-0.07608202757897223,-0.038041013789486114
2014-04-12 06:40:00,19.7179667148,0.1961641849144784,0,-0.03864197957907154,-0.07728395915814305,-0.03864197957907153
2014-04-12 06:45:00,19.634850091,0.20174137525934774,0,-0.03924032533390047,-0.07848065066780094,-0.03924032533390047
2014-04-12 06:50:00,20.8797585774,0.2595358654773909,0,-0.03983602217331563,-0.07967204434663126,-0.03983602217331563
2014-04-12 06:55:00,18.7695327249,0.2778869365608991,0,-0.04042904187974671,-0.08085808375949341,-0.040429041879746705
2014-04-12 07:00:00,21.2874854195,0.29845237409545755,0,-0.041019356900937935,-0.08203871380187587,-0.04101935690093794
2014-04-12 07:05:00,19.3045293081,0.23099773339955065,0,-0.041606940351858274,-0.08321388070371655,-0.041606940351858274
2014-04-12 07:10:00,19.7759545079,0.1929826159899082,0,-0.042191766016297136,-0.08438353203259429,-0.04219176601629714
2014-04-12 07:15:00,21.0893639022,0.27996710559807003,0,-0.04277380834814901,-0.08554761669629803,-0.04277380834814901
2014-04-12 07:20:00,20.5015695989,0.2223194137581493,0,-0.04335304247238959,-0.08670608494477917,-0.04335304247238959
2014-04-12 07:25:00,19.232101407200002,0.24438414320399104,0,-0.04392944418574785,-0.0878588883714957,-0.04392944418574785
2014-04-12 07:30:00,19.5448116982,0.21492749531788868,0,-0.044502989957076695,-0.08900597991415339,-0.044502989957076695
2014-04-12 07:35:00,19.223147256,0.24207891746109,0,-0.045073656927426896,-0.0901473138548538,-0.045073656927426896
2014-04-12 07:40:00,20.379080669100002,0.2206101837893793,0,-0.04564142290982782,-0.09128284581965564,-0.04564142290982782
2014-04-12 07:45:00,19.3304981328,0.2330908044159081,0,-0.04620626638877949,-0.09241253277755897,-0.04620626638877948
2014-04-12 07:50:00,20.902790779100002,0.2736737885267902,0,-0.04676816651946007,-0.09353633303892013,-0.04676816651946006
2014-04-12 07:55:00,20.3191486343,0.21286845210932984,0,-0.047327103126653634,-0.09465420625330727,-0.04732710312665364
2014-04-12 08:00:00,18.582826447000002,0.3187700702693839,0,-0.04788305670340276,-0.09576611340680552,-0.04788305670340276
2014-04-12 08:05:00,19.2410744747,0.2391822805099376,0,-0.04843600840939048,-0.09687201681878096,-0.04843600840939048
2014-04-12 08:10:00,18.8857897676,0.2724360476778653,0,-0.04898594006905727,-0.09797188013811453,-0.04898594006905727
2014-04-12 08:15:00,19.5612528502,0.20350222699960813,0,-0.049532834169457536,-0.09906566833891507,-0.049532834169457536
2014-04-12 08:20:00,20.063936344800002,0.2041827723759328,0,-0.050076673857861034,-0.10015334771572207,-0.050076673857861034
2014-04-12 08:25:00,20.027051429100002,0.20027948469416806,0,-0.050617442939104716,-0.10123488587820943,-0.05061744293910472
2014-04-12 08:30:00,21.0180947063,0.3044534083616458,0,-0.05115512587270017,-0.10231025174540033,-0.05115512587270016
2014-04-12 08:35:00,18.7566874544,0.2951871438802212,0,-0.051689707769702366,-0.10337941553940473,-0.05168970776970236
2014-04-12 08:40:00,21.785891317199997,0.3951013424715112,0,-0.052221174389345364,-0.10444234877869073,-0.052221174389345364
2014-04-12 08:45:00,19.3713804275,0.228566328889414,0,-0.05274951213545048,-0.10549902427090097,-0.052749512135450476
2014-04-12 08:50:00,19.2009953877,0.2427513212602725,0,-0.05327470805261297,-0.10654941610522596,-0.053274708052612973
2014-04-12 08:55:00,20.7407143127,0.260783719230544,0,-0.0537967498221729,-0.1075934996443458,-0.0537967498221729
2014-04-12 09:00:00,72.1550261501,0.9999999999949568,0,-0.05431562575797611,-0.10863125151595222,-0.05431562575797611
2014-04-12 09:05:00,66.3472160015,0.6030273034557146,0,-0.05483132480193144,-0.10966264960386288,-0.05483132480193144
2014-04-12 09:10:00,71.3571188586,0.5224207923139794,0,-0.055343836519369936,-0.11068767303873987,-0.05534383651936994
2014-04-12 09:15:00,73.2188090035,0.454108515008896,0,-0.05585315109421235,-0.1117063021884247,-0.05585315109421235
2014-04-12 09:20:00,71.6285298468,0.3930075896675844,0,-0.056359259323950785,-0.11271851864790156,-0.056359259323950785
2014-04-12 09:25:00,61.6650722038,0.3110600134409669,0,-0.056862152614450885,-0.11372430522890177,-0.05686215261445089
2014-04-12 09:30:00,72.4522171946,0.3547055658901703,0,-0.057361822974580326,-0.11472364594916068,-0.05736182297458033
2014-04-12 09:35:00,71.732941035,0.3316719465140975,0,-0.05785826301067014,-0.11571652602134028,-0.05785826301067014
2014-04-12 09:40:00,70.3023472389,0.31080018752478616,0,-0.0583514659208146,-0.1167029318416292,-0.058351465920814596
2014-04-12 09:45:00,71.5363048996,0.3056651815068669,0,-0.058841425489016275,-0.11768285097803255,-0.05884142548901628
2014-04-12 09:50:00,74.5201853833,0.30872259451952994,0,-0.059328136079182026,-0.11865627215836408,-0.05932813607918203
2014-04-12 09:55:00,67.06313527430001,0.2686568018049933,0,-0.05981159262897615,-0.1196231852579523,-0.05981159262897615
2014-04-12 10:00:00,70.88330460649999,0.2788637925131636,0,-0.0602917906435369,-0.1205835812870738,-0.0602917906435369
2014-04-12 10:05:00,76.9930123286,0.2975370494301174,0,-0.060768726189062434,-0.12153745237812487,-0.060768726189062434
2014-04-12 10:10:00,70.5606503317,0.2641385558896485,0,-0.06124239588627209,-0.12248479177254418,-0.06124239588627209
2014-04-12 10:15:00,74.4067663335,0.274547558558164,0,-0.06171279690374915,-0.1234255938074983,-0.06171279690374915
2014-04-12 10:20:00,78.9483743687,0.2869302932869546,0,-0.062179926951171215,-0.12435985390234244,-0.062179926951171215
2014-04-12 10:25:00,74.6453472982,0.263576652288931,0,-0.06264378427243368,-0.12528756854486736,-0.06264378427243368
2014-04-12 10:30:00,80.4773342165,0.28166937905182016,0,-0.06310436763867276,-0.12620873527734552,-0.06310436763867276
2014-04-12 10:35:00,82.5972278057,0.28369222346858863,0,-0.06356167634119342,-0.12712335268238684,-0.06356167634119343
2014-04-12 10:40:00,76.3652160624,0.25390898693340386,0,-0.06401571018430835,-0.1280314203686167,-0.06401571018430835
2014-04-12 10:45:00,83.8101410041,0.2785453397319889,0,-0.06446646947809342,-0.12893293895618685,-0.06446646947809342
2014-04-12 10:50:00,71.0791002146,0.22682209679893994,0,-0.06491395503106552,-0.12982791006213107,-0.06491395503106553
2014-04-12 10:55:00,82.87855630840001,0.2682283027868255,0,-0.06535816814278825,-0.1307163362855765,-0.06535816814278825
2014-04-12 11:00:00,84.7456273051,0.2707171559088708,0,-0.06579911059641068,-0.13159822119282136,-0.06579911059641068
2014-04-12 11:05:00,76.68899092720001,0.2360042206963255,0,-0.06623678465114545,-0.1324735693022909,-0.06623678465114545
2014-04-12 11:10:00,76.31876633600001,0.2326077380342245,0,-0.06667119303469042,-0.13334238606938084,-0.06667119303469042
2014-04-12 11:15:00,76.4202305803,0.23110083088727024,0,-0.06710233893560026,-0.13420467787120052,-0.06710233893560026
2014-04-12 11:20:00,84.4724056011,0.2600001255272202,0,-0.0675302259956123,-0.1350604519912246,-0.0675302259956123
2014-04-12 11:25:00,84.794617067,0.2573808666333248,0,-0.06795485830193228,-0.13590971660386456,-0.06795485830193228
2014-04-12 11:30:00,76.8119059852,0.2234529924947723,0,-0.06837624037948464,-0.13675248075896929,-0.06837624037948464
2014-04-12 11:35:00,80.9925568858,0.2378252961490961,0,-0.0687943771831328,-0.1375887543662656,-0.0687943771831328
2014-04-12 11:40:00,73.777594081,0.208718294744541,0,-0.06920927408987357,-0.13841854817974714,-0.06920927408987357
2014-04-12 11:45:00,79.0234570536,0.2276952183675255,0,-0.06962093689101087,-0.13924187378202174,-0.06962093689101088
2014-04-12 11:50:00,87.4528015,0.26100365160399536,0,-0.07002937178431337,-0.14005874356862674,-0.07002937178431337
2014-04-12 11:55:00,74.0941778051,0.20363040061219176,0,-0.0704345853661603,-0.1408691707323206,-0.0704345853661603
2014-04-12 12:00:00,87.0564090367,0.25594722624712923,0,-0.07083658462368038,-0.14167316924736076,-0.07083658462368038
2014-04-12 12:05:00,85.0858498608,0.24383328886360625,0,-0.07123537692688746,-0.14247075385377492,-0.07123537692688746
2014-04-12 12:10:00,87.45036789379999,0.25161664930271177,0,-0.07163097002081774,-0.14326194004163548,-0.07163097002081774
2014-04-12 12:15:00,74.7834122576,0.1964016409228629,0,-0.07202337201767252,-0.14404674403534504,-0.07202337201767252
2014-04-12 12:20:00,75.3257962921,0.1981239721517153,0,-0.07241259138897019,-0.14482518277794038,-0.07241259138897019
2014-04-12 12:25:00,72.1831510579,0.18550807775722414,0,-0.07279863695771176,-0.14559727391542351,-0.07279863695771176
2014-04-12 12:30:00,83.49491473180001,0.2333864129577236,0,-0.07318151789056362,-0.14636303578112725,-0.07318151789056362
2014-04-12 12:35:00,82.20674847689999,0.225538330826464,0,-0.07356124369006098,-0.14712248738012196,-0.07356124369006098
2014-04-12 12:40:00,74.7592281568,0.19148471345491944,0,-0.07393782418683592,-0.14787564837367184,-0.07393782418683592
2014-04-12 12:45:00,84.5567294653,0.2360294159300313,0,-0.07431126953187342,-0.14862253906374687,-0.07431126953187343
2014-04-12 12:50:00,76.69498354439999,0.19719402182438167,0,-0.07468159018879865,-0.1493631803775973,-0.07468159018879865
2014-04-12 12:55:00,74.0709371944,0.1852822292497616,0,-0.07504879692619866,-0.15009759385239732,-0.07504879692619866
2014-04-12 13:00:00,78.7420999997,0.206631373074621,0,-0.07541290080998223,-0.15082580161996445,-0.07541290080998223
2014-04-12 13:05:00,73.43788825060001,0.1835917020403008,0,-0.07577391319578003,-0.15154782639156006,-0.07577391319578003
2014-04-12 13:10:00,76.19360764470001,0.1941460980253498,0,-0.07613184572138892,-0.15226369144277785,-0.07613184572138892
2014-04-12 13:15:00,77.92262781470001,0.20245244555528485,0,-0.07648671029926256,-0.15297342059852512,-0.07648671029926256
2014-04-12 13:20:00,85.6092756338,0.2446195080227617,0,-0.0768385191090514,-0.1536770382181028,-0.0768385191090514
2014-04-12 13:25:00,84.6604564735,0.2363603098463112,0,-0.07718728459019465,-0.1543745691803893,-0.07718728459019465
2014-04-12 13:30:00,79.0650883956,0.20276458690651736,0,-0.07753301943456667,-0.1550660388691333,-0.07753301943456666
2014-04-12 13:35:00,83.5731385558,0.2278995558033245,0,-0.07787573657918018,-0.15575147315836035,-0.07787573657918018
2014-04-12 13:40:00,81.07893056430001,0.21160794965778965,0,-0.07821544919894888,-0.15643089839789776,-0.07821544919894888
2014-04-12 13:45:00,77.4348808485,0.1901852277666867,0,-0.07855217069951123,-0.15710434139902246,-0.07855217069951122
2014-04-12 13:50:00,83.5939221384,0.22657256893888744,0,-0.07888591471011784,-0.15777182942023568,-0.07888591471011784
2014-04-12 13:55:00,82.91608183470001,0.22071110735331867,0,-0.07921669507658467,-0.15843339015316935,-0.07921669507658467
2014-04-12 14:00:00,81.90157961060001,0.2130009712984979,0,-0.0795445258543133,-0.1590890517086266,-0.0795445258543133
2014-04-12 14:05:00,81.88335774689999,0.2119493306476252,0,-0.07986942130138089,-0.15973884260276178,-0.07986942130138089
2014-04-12 14:10:00,82.9237313471,0.21792625869762244,0,-0.08019139587170095,-0.1603827917434019,-0.08019139587170095
2014-04-12 14:15:00,78.14897687130002,0.18609609109958408,0,-0.08051046420825693,-0.16102092841651386,-0.08051046420825692
2014-04-12 14:20:00,85.9010895909,0.2390496540078595,0,-0.08082664113640993,-0.16165328227281986,-0.08082664113640993
2014-04-12 14:25:00,74.59334487550001,0.2044473432012552,0,-0.08113994165728226,-0.16227988331456453,-0.08113994165728226
2014-04-12 14:30:00,86.13803258780001,0.2413726238946,0,-0.08145038094121798,-0.16290076188243593,-0.08145038094121797
2014-04-12 14:35:00,77.4727906161,0.18737131749761346,0,-0.08175797432132167,-0.16351594864264335,-0.08175797432132167
2014-04-12 14:40:00,73.9969538255,0.21182587097139466,0,-0.08206273728707711,-0.16412547457415422,-0.08206273728707711
2014-04-12 14:45:00,81.59652162180001,0.20811771823410755,0,-0.08236468547804618,-0.16472937095609233,-0.08236468547804617
2014-04-12 14:50:00,78.0120419474,0.18348656783054929,0,-0.08266383467764968,-0.16532766935529936,-0.08266383467764968
2014-04-12 14:55:00,85.0439133299,0.2364271091396618,0,-0.08296020080703094,-0.16592040161406188,-0.08296020080703094
2014-04-12 15:00:00,78.8918101278,0.18525182645980573,0,-0.08325379991900267,-0.16650759983800534,-0.08325379991900267
2014-04-12 15:05:00,82.6962065178,0.21532263840256585,0,-0.08354464819207824,-0.16708929638415648,-0.08354464819207824
2014-04-12 15:10:00,76.9313892837,0.1963993888210176,0,-0.08383276192458806,-0.16766552384917613,-0.08383276192458806
2014-04-12 15:15:00,75.35051462850001,0.20927592532347064,0,-0.08411815752888156,-0.16823631505776313,-0.08411815752888156
2014-04-12 15:20:00,78.2080336909,0.1845537090078596,0,-0.08440085152561554,-0.16880170305123107,-0.08440085152561554
2014-04-12 15:25:00,81.70814094800001,0.21028391230756044,0,-0.08468086053812911,-0.1693617210762582,-0.08468086053812911
2014-04-12 15:30:00,82.5103557204,0.2169482842894071,0,-0.08495820128690605,-0.1699164025738121,-0.08495820128690605
2014-04-12 15:35:00,81.2505266322,0.2039691224148744,0,-0.08523289058412464,-0.1704657811682493,-0.08523289058412464
2014-04-12 15:40:00,87.8080485326,0.2722106861257109,0,-0.08550494532829532,-0.17100989065659067,-0.08550494532829533
2014-04-12 15:45:00,83.0566456325,0.2165101346611097,0,-0.08577438249898676,-0.17154876499797353,-0.08577438249898676
2014-04-12 15:50:00,86.9034797601,0.2566034592027405,0,-0.08604121915163987,-0.17208243830327974,-0.08604121915163987
2014-04-12 15:55:00,73.8862218038,0.2427267154048565,0,-0.08630547241247055,-0.1726109448249411,-0.08630547241247055
2014-04-12 16:00:00,72.9818267516,0.25036880399990563,0,-0.0865671594734609,-0.1731343189469218,-0.0865671594734609
2014-04-12 16:05:00,76.9757674384,0.20461432785585654,0,-0.08682629758743897,-0.17365259517487794,-0.08682629758743898
2014-04-12 16:10:00,74.185280578,0.233867042327138,0,-0.08708290406324698,-0.17416580812649396,-0.08708290406324698
2014-04-12 16:15:00,80.413742057,0.1969170781147117,0,-0.08733699626099786,-0.17467399252199572,-0.08733699626099786
2014-04-12 16:20:00,80.3035458733,0.1953928270032563,0,-0.08758859158742036,-0.1751771831748407,-0.08758859158742036
2014-04-12 16:25:00,81.2005987577,0.20465018876568672,0,-0.08783770749129192,-0.17567541498258385,-0.08783770749129192
2014-04-12 16:30:00,83.9234849599,0.23600770819379305,0,-0.08808436145895962,-0.17616872291791927,-0.08808436145895963
2014-04-12 16:35:00,87.5411071241,0.28202832187700594,0,-0.08832857100994856,-0.17665714201989713,-0.08832857100994856
2014-04-12 16:40:00,86.05197384290001,0.25565552170478834,0,-0.08857035369265756,-0.17714070738531512,-0.08857035369265756
2014-04-12 16:45:00,73.893733957,0.2563951976449398,0,-0.08880972708014177,-0.17761945416028355,-0.08880972708014177
2014-04-12 16:50:00,77.4160703812,0.20898801284831664,0,-0.0890467087659816,-0.1780934175319632,-0.0890467087659816
2014-04-12 16:55:00,76.09302230189999,0.22431297847029244,0,-0.08928131636023802,-0.17856263272047607,-0.08928131636023803
2014-04-12 17:00:00,74.8290489901,0.2393248594655665,0,-0.0895135674854931,-0.1790271349709862,-0.0895135674854931
2014-04-12 17:05:00,80.7155670317,0.1987940298359856,0,-0.08974347977297567,-0.17948695954595134,-0.08974347977297568
2014-04-12 17:10:00,80.8521993853,0.20000651193880264,0,-0.08997107085877172,-0.17994214171754344,-0.08997107085877172
2014-04-12 17:15:00,75.635888202,0.2307799259197955,0,-0.09019635838011834,-0.1803927167602367,-0.09019635838011834
2014-04-12 17:20:00,83.390323983,0.2366747418313681,0,-0.09041935997178134,-0.18083871994356268,-0.09041935997178134
2014-04-12 17:25:00,83.72659663569999,0.2394552406275164,0,-0.09064009326251536,-0.18128018652503072,-0.09064009326251536
2014-04-12 17:30:00,72.3356521404,0.28870319904390457,0,-0.09085857587160596,-0.18171715174321196,-0.09085857587160596
2014-04-12 17:35:00,78.33209318,0.19436618598816585,0,-0.0910748254054932,-0.1821496508109864,-0.0910748254054932
2014-04-12 17:40:00,86.24221714219999,0.2850025277380189,0,-0.09128885945447557,-0.1825777189089512,-0.09128885945447558
2014-04-12 17:45:00,80.32506688710002,0.191520728898686,0,-0.09150069558949417,-0.1830013911789884,-0.09150069558949418
2014-04-12 17:50:00,77.5620150392,0.2100198875896348,0,-0.09171035135899552,-0.18342070271799105,-0.09171035135899552
2014-04-12 17:55:00,76.0587892189,0.23150598334905345,0,-0.09191784428587307,-0.18383568857174615,-0.09191784428587309
2014-04-12 18:00:00,30.3574630988,0.9430478235502344,0,-0.09212319186448607,-0.18424638372897212,-0.09212319186448607
2014-04-12 18:05:00,29.438509764499997,0.615969700962131,0,-0.0923264115577551,-0.1846528231155102,-0.0923264115577551
2014-04-12 18:10:00,34.030242548400004,0.4489171899426001,0,-0.09252752079433356,-0.1850550415886671,-0.09252752079433355
2014-04-12 18:15:00,29.3546017584,0.4316669441422028,0,-0.09272653696585403,-0.1854530739317081,-0.09272653696585405
2014-04-12 18:20:00,30.6706806127,0.3807165852515854,0,-0.09292347742424904,-0.18584695484849809,-0.09292347742424904
2014-04-12 18:25:00,29.09231914110001,0.3629456901198965,0,-0.09311835947914454,-0.18623671895828908,-0.09311835947914454
2014-04-12 18:30:00,33.8008675565,0.31783939281620993,0,-0.09331120039532642,-0.18662240079065284,-0.09331120039532642
2014-04-12 18:35:00,29.051409988400003,0.3287511713761733,0,-0.09350201739027797,-0.1870040347805559,-0.09350201739027796
2014-04-12 18:40:00,30.7731211563,0.30708228026190243,0,-0.09369082763178796,-0.18738165526357592,-0.09369082763178796
2014-04-12 18:45:00,32.4690969345,0.28986597584121204,0,-0.0938776482356286,-0.1877552964712572,-0.0938776482356286
2014-04-12 18:50:00,31.421186673,0.28699827896503033,0,-0.09406249626330172,-0.18812499252660345,-0.09406249626330172
2014-04-12 18:55:00,30.6065289539,0.2834826783828845,0,-0.09424538871985308,-0.18849077743970613,-0.09424538871985307
2014-04-12 19:00:00,21.3928458709,0.3162156921409012,0,-0.09442634255175307,-0.1888526851035061,-0.09442634255175307
2014-04-12 19:05:00,23.7340992689,0.29499737139708704,0,-0.09460537464484367,-0.1892107492896873,-0.09460537464484367
2014-04-12 19:10:00,24.5234205207,0.28382787180563324,0,-0.09478250182234982,-0.18956500364469964,-0.09478250182234982
2014-04-12 19:15:00,21.7192228042,0.28844902010939033,0,-0.09495774084295493,-0.18991548168590985,-0.09495774084295491
2014-04-12 19:20:00,20.3353707854,0.2868055541236664,0,-0.09513110839893917,-0.19026221679787836,-0.09513110839893917
2014-04-12 19:25:00,20.3238135701,0.2799753795962596,0,-0.09530262111437993,-0.19060524222875985,-0.09530262111437991
2014-04-12 19:30:00,23.561274807600004,0.2618179025178939,0,-0.0954722955434128,-0.1909445910868256,-0.09547229554341279
2014-04-12 19:35:00,22.6346155591,0.26117521988387465,0,-0.09564014816855314,-0.19128029633710628,-0.09564014816855314
2014-04-12 19:40:00,23.6704938067,0.25336810764474205,0,-0.0958061953990761,-0.1916123907981522,-0.0958061953990761
2014-04-12 19:45:00,23.2847853288,0.251461398177291,0,-0.09597045356945502,-0.19194090713891004,-0.09597045356945502
2014-04-12 19:50:00,24.2256271158,0.24486334940312746,0,-0.09613293893785672,-0.19226587787571345,-0.09613293893785672
2014-04-12 19:55:00,24.1284915003,0.2425558281734199,0,-0.09629366768469302,-0.19258733536938605,-0.09629366768469302
2014-04-12 20:00:00,21.6609887525,0.2492401936351505,0,-0.09645265591122726,-0.19290531182245446,-0.09645265591122726
2014-04-12 20:05:00,20.378374555,0.25112844686792163,0,-0.09660991963823494,-0.19321983927646988,-0.09660991963823494
2014-04-12 20:10:00,19.694085529200002,0.2506225781456527,0,-0.09676547480471767,-0.19353094960943532,-0.09676547480471767
2014-04-12 20:15:00,20.5087814753,0.2443934356581404,0,-0.0969193372666692,-0.1938386745333384,-0.09691933726666921
2014-04-12 20:20:00,20.4884850577,0.2418428118656441,0,-0.09707152279589276,-0.19414304559178552,-0.09707152279589276
2014-04-12 20:25:00,20.9316883971,0.23767987142587324,0,-0.0972220470788687,-0.1944440941577374,-0.0972220470788687
2014-04-12 20:30:00,19.194255407300002,0.24231699380886226,0,-0.09737092571567138,-0.1947418514313428,-0.09737092571567138
2014-04-12 20:35:00,21.1174187769,0.2322549911190202,0,-0.09751817421893468,-0.19503634843786932,-0.09751817421893468
2014-04-12 20:40:00,20.3022371419,0.23362949745511905,0,-0.09766380801286463,-0.19532761602572926,-0.09766380801286463
2014-04-12 20:45:00,20.97235874,0.2290154922544021,0,-0.09780784243229898,-0.195615684864598,-0.09780784243229898
2014-04-12 20:50:00,19.4134211217,0.2336949591058909,0,-0.09795029272181197,-0.1959005854436239,-0.09795029272181195
2014-04-12 20:55:00,20.2112812428,0.2284595591972471,0,-0.09809117403486398,-0.19618234806972795,-0.09809117403486398
2014-04-12 21:00:00,18.9312406748,0.2321943335499152,0,-0.09823050143299504,-0.19646100286599008,-0.09823050143299504
2014-04-12 21:05:00,21.6044264332,0.2190970790376535,0,-0.09836828988506097,-0.19673657977012196,-0.09836828988506097
2014-04-12 21:10:00,20.0476129832,0.22452028642335886,0,-0.09850455426651156,-0.1970091085330232,-0.09850455426651158
2014-04-12 21:15:00,18.990645259,0.22771474367136746,0,-0.09863930935871004,-0.19727861871742008,-0.09863930935871004
2014-04-12 21:20:00,18.252025945299998,0.2294338236143152,0,-0.09877256984829226,-0.19754513969658447,-0.09877256984829226
2014-04-12 21:25:00,20.8023287901,0.21627491985399694,0,-0.09890435032656572,-0.19780870065313147,-0.09890435032656573
2014-04-12 21:30:00,18.9490999881,0.2236451561246424,0,-0.09903466528894674,-0.19806933057789347,-0.09903466528894674
2014-04-12 21:35:00,22.0637286934,0.20799875528229528,0,-0.0991635291344352,-0.19832705826887045,-0.09916352913443521
2014-04-12 21:40:00,20.2314484913,0.21572274259704016,0,-0.09929095616512633,-0.19858191233025266,-0.09929095616512633
2014-04-12 21:45:00,19.2478562962,0.21941278049568413,0,-0.09941696058575797,-0.1988339211715159,-0.09941696058575795
2014-04-12 21:50:00,20.7297370912,0.21099002556928528,0,-0.0995415565032933,-0.1990831130065866,-0.0995415565032933
2014-04-12 21:55:00,19.1925638693,0.21777431825583726,0,-0.09966475792653773,-0.19932951585307546,-0.09966475792653771
2014-04-12 22:00:00,21.3015270185,0.2060351296165788,0,-0.09978657876578907,-0.19957315753157812,-0.09978657876578907
2014-04-12 22:05:00,19.2514078207,0.21588536744759607,0,-0.09990703283252073,-0.19981406566504145,-0.09990703283252071
2014-04-12 22:10:00,21.974065790100003,0.20069470471537096,0,-0.1000261338390962,-0.2000522676781924,-0.10002613383909621
2014-04-12 22:15:00,20.4401828877,0.2082497462673765,0,-0.10014389539851552,-0.20028779079703105,-0.10014389539851551
2014-04-12 22:20:00,21.398167124100002,0.2023290061819865,0,-0.10026033102419107,-0.20052066204838212,-0.10026033102419107
2014-04-12 22:25:00,18.3088214807,0.2191624627898036,0,-0.10037545412975372,-0.20075090825950745,-0.10037545412975372
2014-04-12 22:30:00,19.4118151298,0.21153743092563304,0,-0.10048927802888744,-0.20097855605777487,-0.10048927802888744
2014-04-12 22:35:00,20.9700602848,0.20164116714238708,0,-0.10060181593519198,-0.201203631870384,-0.10060181593519199
2014-04-12 22:40:00,20.6400314859,0.20303467504566228,0,-0.10071308096207317,-0.20142616192414636,-0.10071308096207317
2014-04-12 22:45:00,18.7949983701,0.2137354413035284,0,-0.10082308612265954,-0.20164617224531908,-0.10082308612265954
2014-04-12 22:50:00,19.4434595317,0.2086815040717674,0,-0.10093184432974517,-0.2018636886594903,-0.10093184432974515
2014-04-12 22:55:00,19.0720652433,0.2102921306661608,0,-0.10103936839575753,-0.20207873679151506,-0.10103936839575751
2014-04-12 23:00:00,20.4574077453,0.20050266697323552,0,-0.1011456710327502,-0.2022913420655004,-0.1011456710327502
2014-04-12 23:05:00,19.381993544300002,0.20709210810549605,0,-0.10125076485241916,-0.2025015297048384,-0.10125076485241918
2014-04-12 23:10:00,19.2399103198,0.20734616969397893,0,-0.10135466236614264,-0.20270932473228528,-0.10135466236614264
2014-04-12 23:15:00,18.8331271862,0.20947550424026248,0,-0.10145737598504308,-0.20291475197008615,-0.10145737598504309
2014-04-12 23:20:00,19.6398786146,0.20293004271873305,0,-0.10155891802007162,-0.20311783604014325,-0.10155891802007162
2014-04-12 23:25:00,18.7856165049,0.20857625006781405,0,-0.10165930068211347,-0.20331860136422691,-0.10165930068211347
2014-04-12 23:30:00,21.8544736008,0.1856860799205077,0,-0.10175853608211408,-0.20351707216422812,-0.10175853608211408
2014-04-12 23:35:00,18.6215819015,0.20958523751011995,0,-0.10185663623122547,-0.20371327246245094,-0.10185663623122548
2014-04-12 23:40:00,21.657376275700003,0.18576937982008504,0,-0.10195361304097207,-0.20390722608194414,-0.10195361304097209
2014-04-12 23:45:00,19.717677458,0.20053340922556184,0,-0.1020494783234352,-0.2040989566468704,-0.10204947832343521
2014-04-12 23:50:00,19.5152101654,0.20167035304503395,0,-0.10214424379145616,-0.20428848758291232,-0.10214424379145616
2014-04-12 23:55:00,18.9289128554,0.20603885058996835,0,-0.10223792105885693,-0.20447584211771386,-0.10223792105885693
2014-04-13 00:00:00,20.5430253375,0.19179845401303688,0,-0.10233052164067814,-0.2046610432813563,-0.10233052164067814
2014-04-13 00:05:00,20.74211206,0.1898889159827737,0,-0.10242205695343354,-0.20484411390686708,-0.10242205695343354
2014-04-13 00:10:00,19.870283849,0.1972519674671648,0,-0.10251253831538078,-0.20502507663076155,-0.10251253831538078
2014-04-13 00:15:00,18.2228275828,0.21210600637490026,0,-0.10260197694680764,-0.2052039538936153,-0.10260197694680763
2014-04-13 00:20:00,21.6740406028,0.1852148977425727,0,-0.1026903839703333,-0.2053807679406666,-0.1026903839703333
2014-04-13 00:25:00,21.9213165315,0.187382303386827,0,-0.10277777041122434,-0.20555554082244867,-0.10277777041122434
2014-04-13 00:30:00,19.7241736608,0.19822438018482447,0,-0.10286414719772463,-0.2057282943954493,-0.10286414719772465
2014-04-13 00:35:00,20.454643229600002,0.19061737322567784,0,-0.10294952516139896,-0.2058990503227979,-0.10294952516139895
2014-04-13 00:40:00,19.801194505,0.1969769169125176,0,-0.10303391503748946,-0.20606783007497886,-0.10303391503748946
2014-04-13 00:45:00,19.2875186035,0.20199659485732968,0,-0.1031173274652852,-0.2062346549305704,-0.1031173274652852
2014-04-13 00:50:00,18.3092751714,0.21230455036429646,0,-0.1031997729885034,-0.2063995459770068,-0.10319977298850339
2014-04-13 00:55:00,19.8242709216,0.19446120339024064,0,-0.10328126205568257,-0.20656252411136514,-0.10328126205568257
2014-04-13 01:00:00,21.2735382254,0.18634546083139966,0,-0.1033618050205873,-0.2067236100411746,-0.1033618050205873
2014-04-13 01:05:00,18.0681258444,0.2154693932047093,0,-0.10344141214262316,-0.20688282428524635,-0.10344141214262317
2014-04-13 01:10:00,20.3284307327,0.1874995252815242,0,-0.10352009358726284,-0.20704018717452569,-0.10352009358726283
2014-04-13 01:15:00,21.523088434899996,0.19127564889184853,0,-0.1035978594264816,-0.2071957188529632,-0.10359785942648159
2014-04-13 01:20:00,18.8701977201,0.2059738664637032,0,-0.10367471963920294,-0.20734943927840588,-0.10367471963920294
2014-04-13 01:25:00,18.7330234588,0.20709339562124096,0,-0.10375068411175313,-0.20750136822350626,-0.10375068411175313
2014-04-13 01:30:00,21.0891065028,0.18844777264755067,0,-0.10382576263832466,-0.20765152527664926,-0.10382576263832466
2014-04-13 01:35:00,19.0203457245,0.2034216605173275,0,-0.10389996492144823,-0.20779992984289647,-0.10389996492144823
2014-04-13 01:40:00,18.7679370702,0.2063641399971181,0,-0.10397330057247274,-0.20794660114494548,-0.10397330057247274
2014-04-13 01:45:00,19.5119570023,0.19517428515801724,0,-0.10404577911205314,-0.20809155822410627,-0.10404577911205314
2014-04-13 01:50:00,19.5700080491,0.1940134907840552,0,-0.10411740997064543,-0.2082348199412909,-0.10411740997064545
2014-04-13 01:55:00,21.4964042521,0.1985262293205771,0,-0.10418820248900908,-0.20837640497801815,-0.10418820248900909
2014-04-13 02:00:00,20.4737738877,0.18312349716428936,0,-0.10425816591871573,-0.20851633183743146,-0.10425816591871573
2014-04-13 02:05:00,19.6238458254,0.1943783524003483,0,-0.1043273094226645,-0.208654618845329,-0.1043273094226645
2014-04-13 02:10:00,20.1375518571,0.1861663827317928,0,-0.10439564207560338,-0.2087912841512068,-0.10439564207560338
2014-04-13 02:15:00,21.815860933299998,0.2054826415620488,0,-0.10446317286465626,-0.2089263457293125,-0.10446317286465626
2014-04-13 02:20:00,18.4528587064,0.21568652889605625,0,-0.10452991068985544,-0.20905982137971085,-0.10452991068985543
2014-04-13 02:25:00,18.8308620869,0.20789774364726385,0,-0.1045958643646792,-0.2091917287293584,-0.10459586436467919
2014-04-13 02:30:00,21.8501148263,0.20966714142359005,0,-0.1046610426165944,-0.2093220852331888,-0.1046610426165944
2014-04-13 02:35:00,21.829299394099998,0.20847345932152334,0,-0.10472545408760348,-0.20945090817520692,-0.10472545408760348
2014-04-13 02:40:00,18.7086616851,0.21361777349645766,0,-0.10478910733479577,-0.2095782146695915,-0.10478910733479575
2014-04-13 02:45:00,18.5804352685,0.21518630168451108,0,-0.10485201083090284,-0.20970402166180568,-0.10485201083090284
2014-04-13 02:50:00,19.6843405374,0.1927528176316459,0,-0.10491417296485774,-0.20982834592971547,-0.10491417296485774
2014-04-13 02:55:00,18.19887317,0.22243782918862887,0,-0.1049756020423574,-0.2099512040847148,-0.10497560204235741
2014-04-13 03:00:00,20.6196141291,0.1919286943548107,0,-0.10503630628642877,-0.21007261257285756,-0.10503630628642877
2014-04-13 03:05:00,18.3099840866,0.22025158514171184,0,-0.10509629383799736,-0.21019258767599472,-0.10509629383799736
2014-04-13 03:10:00,18.2321185084,0.2207615683391403,0,-0.1051555727564592,-0.2103111455129184,-0.1051555727564592
2014-04-13 03:15:00,19.9407477448,0.1828669148866868,0,-0.1052141510202548,-0.2104283020405096,-0.10521415102025479
2014-04-13 03:20:00,21.8311465444,0.2238161309358637,0,-0.10527203652744577,-0.21054407305489156,-0.10527203652744577
2014-04-13 03:25:00,19.7071837443,0.1897960784623441,0,-0.1053292370962934,-0.2106584741925868,-0.10532923709629341
2014-04-13 03:30:00,19.4259246346,0.19588089880158985,0,-0.1053857604658392,-0.2107715209316784,-0.1053857604658392
2014-04-13 03:35:00,21.991826861999996,0.2300203620494053,0,-0.10544161429648688,-0.21088322859297376,-0.10544161429648688
2014-04-13 03:40:00,20.1278758431,0.18290383918749345,0,-0.1054968061705863,-0.2109936123411726,-0.1054968061705863
2014-04-13 03:45:00,19.5009656276,0.1967219077562012,0,-0.10555134359301817,-0.2111026871860364,-0.10555134359301818
2014-04-13 03:50:00,19.5434432534,0.1952849979883964,0,-0.10560523399178023,-0.21121046798356047,-0.10560523399178023
2014-04-13 03:55:00,18.779837984100002,0.214999931601624,0,-0.10565848471857417,-0.2113169694371483,-0.10565848471857416
2014-04-13 04:00:00,20.0488922298,0.18395218588115025,0,-0.1057111030493932,-0.2114222060987864,-0.1057111030493932
2014-04-13 04:05:00,19.7554201127,0.18841747568440206,0,-0.10576309618511058,-0.2115261923702212,-0.10576309618511058
2014-04-13 04:10:00,19.0831811854,0.2067309627648873,0,-0.10581447125206796,-0.211628942504136,-0.10581447125206798
2014-04-13 04:15:00,18.6421603464,0.2191288954840128,0,-0.10586523530266456,-0.21173047060532912,-0.10586523530266456
2014-04-13 04:20:00,19.2449554747,0.199897712035099,0,-0.10591539531594578,-0.2118307906318916,-0.10591539531594578
2014-04-13 04:25:00,20.0347333108,0.1879415267550224,0,-0.10596495819819236,-0.21192991639638475,-0.10596495819819236
2014-04-13 04:30:00,18.2333330891,0.23280167503339785,0,-0.10601393078350893,-0.21202786156701786,-0.10601393078350892
2014-04-13 04:35:00,18.6149761143,0.21805937033983416,0,-0.1060623198344122,-0.2121246396688244,-0.10606231983441221
2014-04-13 04:40:00,21.7906290679,0.25186428589851434,0,-0.10611013204241884,-0.21222026408483768,-0.10611013204241883
2014-04-13 04:45:00,20.171421404100002,0.19331560384868,0,-0.10615737402863246,-0.2123147480572649,-0.10615737402863246
2014-04-13 04:50:00,18.2537972146,0.2355160449546309,0,-0.10620405234433007,-0.21240810468866012,-0.10620405234433007
2014-04-13 04:55:00,20.7723510351,0.21615499770733912,0,-0.1062501734715474,-0.2125003469430948,-0.1062501734715474
2014-04-13 05:00:00,18.2472114803,0.23686639137225585,0,-0.10629574382366327,-0.21259148764732655,-0.10629574382366329
2014-04-13 05:05:00,20.9554969082,0.2252651151161815,0,-0.106340769745983,-0.21268153949196605,-0.10634076974598301
2014-04-13 05:10:00,20.9998508869,0.2254806063105476,0,-0.1063852575163202,-0.2127705150326404,-0.10638525751632019
2014-04-13 05:15:00,20.604315903,0.2090035448538593,0,-0.10642921334557742,-0.21285842669115485,-0.10642921334557742
2014-04-13 05:20:00,20.9288181785,0.2207142864239651,0,-0.1064726433783254,-0.2129452867566508,-0.1064726433783254
2014-04-13 05:25:00,18.3518631241,0.2441354272184071,0,-0.1065155536933805,-0.213031107386761,-0.1065155536933805
2014-04-13 05:30:00,20.9071222094,0.22227883470336227,0,-0.1065579503043806,-0.2131159006087612,-0.1065579503043806
2014-04-13 05:35:00,18.546753278900002,0.2365645493183784,0,-0.1065998391603592,-0.21319967832071846,-0.10659983916035921
2014-04-13 05:40:00,19.3580236291,0.20075734950788351,0,-0.10664122614631764,-0.2132824522926353,-0.10664122614631763
2014-04-13 05:45:00,21.770981014,0.2667544294188548,0,-0.10668211708379527,-0.2133642341675905,-0.10668211708379526
2014-04-13 05:50:00,20.0115019106,0.18602458836591548,0,-0.1067225177314378,-0.2134450354628756,-0.1067225177314378
2014-04-13 05:55:00,21.869705728299998,0.26928148652674977,0,-0.10676243378556337,-0.2135248675711267,-0.10676243378556335
2014-04-13 06:00:00,18.355689835499998,0.2551167482358888,0,-0.10680187088072624,-0.2136037417614525,-0.10680187088072625
2014-04-13 06:05:00,19.9102263983,0.18339295825971214,0,-0.10684083459027867,-0.21368166918055734,-0.10684083459027867
2014-04-13 06:10:00,18.2496092811,0.2589884122015229,0,-0.1068793304269299,-0.2137586608538598,-0.1068793304269299
2014-04-13 06:15:00,20.5208410496,0.21079849716164206,0,-0.10691736384330314,-0.21383472768660627,-0.10691736384330314
2014-04-13 06:20:00,18.3148280055,0.2553837579902899,0,-0.10695494023248972,-0.21390988046497947,-0.10695494023248973
2014-04-13 06:25:00,18.7014712102,0.2323127863969704,0,-0.10699206492860104,-0.21398412985720208,-0.10699206492860104
2014-04-13 06:30:00,19.0353212403,0.2142563810240857,0,-0.1070287432073175,-0.21405748641463498,-0.1070287432073175
2014-04-13 06:35:00,20.9949754067,0.243700706670857,0,-0.10706498028643513,-0.21412996057287026,-0.10706498028643512
2014-04-13 06:40:00,18.6558484753,0.2361169924801551,0,-0.10710078132640913,-0.21420156265281826,-0.10710078132640913
2014-04-13 06:45:00,21.3865282132,0.2671456272755048,0,-0.10713615143089494,-0.2142723028617899,-0.10713615143089494
2014-04-13 06:50:00,18.5276157553,0.2455461800495384,0,-0.10717109564728623,-0.2143421912945725,-0.10717109564728625
2014-04-13 06:55:00,18.1409777963,0.2647119168994256,0,-0.10720561896725016,-0.21441123793450031,-0.10720561896725016
2014-04-13 07:00:00,19.5801816759,0.1860789959249132,0,-0.10723972632725946,-0.21447945265451893,-0.10723972632725946
2014-04-13 07:05:00,21.9177665679,0.30907662157843663,0,-0.1072734226091219,-0.2145468452182438,-0.1072734226091219
2014-04-13 07:10:00,18.441368911199998,0.2498448811103177,0,-0.10730671264050637,-0.21461342528101274,-0.10730671264050637
2014-04-13 07:15:00,18.406873776199998,0.2487671246454925,0,-0.1073396011954661,-0.2146792023909322,-0.1073396011954661
2014-04-13 07:20:00,21.0046660432,0.2535183884378881,0,-0.1073720929949587,-0.2147441859899174,-0.1073720929949587
2014-04-13 07:25:00,19.248646775999998,0.20460088560736608,0,-0.10740419270736312,-0.21480838541472624,-0.10740419270736312
2014-04-13 07:30:00,20.8691264689,0.2453165703676476,0,-0.10743590494899327,-0.21487180989798654,-0.10743590494899329
2014-04-13 07:35:00,18.8000423578,0.2320319109680985,0,-0.10746723428460876,-0.2149344685692175,-0.10746723428460875
2014-04-13 07:40:00,19.8402879768,0.18954290220739028,0,-0.10749818522792187,-0.21499637045584372,-0.10749818522792187
2014-04-13 07:45:00,19.061159511,0.2167402671989963,0,-0.10752876224210192,-0.21505752448420384,-0.10752876224210192
2014-04-13 07:50:00,19.8061128595,0.1894000636265072,0,-0.10755896974027578,-0.21511793948055155,-0.10755896974027578
2014-04-13 07:55:00,21.0763883703,0.2671303265610209,0,-0.10758881208602533,-0.21517762417205066,-0.10758881208602532
2014-04-13 08:00:00,21.0480397619,0.2606197350255021,0,-0.10761829359388153,-0.21523658718776306,-0.10761829359388152
2014-04-13 08:05:00,20.063089150699998,0.19598131283629872,0,-0.10764741852981513,-0.21529483705963026,-0.10764741852981513
2014-04-13 08:10:00,21.713487374899998,0.3066769226000962,0,-0.10767619111172404,-0.21535238222344807,-0.10767619111172404
2014-04-13 08:15:00,19.0551364098,0.2328181159883991,0,-0.10770461550991713,-0.21540923101983425,-0.10770461550991711
2014-04-13 08:20:00,18.9612454045,0.2370153340500333,0,-0.10773269584759478,-0.21546539169518955,-0.10773269584759478
2014-04-13 08:25:00,20.4552256047,0.2190865669986224,0,-0.10776043620132597,-0.21552087240265197,-0.107760436201326
2014-04-13 08:30:00,20.4851881369,0.21981595369592846,0,-0.107787840601522,-0.215575681203044,-0.107787840601522
2014-04-13 08:35:00,18.186160158299998,0.2999002877979478,0,-0.10781491303290627,-0.21562982606581255,-0.10781491303290629
2014-04-13 08:40:00,20.4311108495,0.22002709497476308,0,-0.10784165743498143,-0.2156833148699629,-0.10784165743498145
2014-04-13 08:45:00,19.4977446294,0.20279376536274224,0,-0.10786807770249228,-0.21573615540498453,-0.10786807770249227
2014-04-13 08:50:00,20.9897701013,0.2610012217984115,0,-0.10789417768588548,-0.21578835537177093,-0.10789417768588547
2014-04-13 08:55:00,21.2324226582,0.275749384384407,0,-0.10791996119176593,-0.21583992238353186,-0.10791996119176592
2014-04-13 09:00:00,68.7092919458,0.9999999800766752,0,-0.10794543198334933,-0.21589086396669865,-0.10794543198334933
2014-04-13 09:05:00,61.2231884284,0.5781076688842012,0,-0.1079705937809114,-0.2159411875618228,-0.1079705937809114
2014-04-13 09:10:00,69.8545750183,0.5485597722152022,0,-0.1079954502622336,-0.2159909005244672,-0.1079954502622336
2014-04-13 09:15:00,71.3847854035,0.4658236773905271,0,-0.10802000506304522,-0.21604001012609045,-0.10802000506304522
2014-04-13 09:20:00,64.5861724207,0.3665882209832608,0,-0.10804426177746207,-0.21608852355492414,-0.10804426177746208
2014-04-13 09:25:00,67.5191856155,0.3608692591333476,0,-0.1080682239584216,-0.2161364479168432,-0.1080682239584216
2014-04-13 09:30:00,74.3338820784,0.3771276258413078,0,-0.10809189511811444,-0.21618379023622888,-0.10809189511811443
2014-04-13 09:35:00,65.2543715262,0.30695328460527604,0,-0.10811527872841252,-0.21623055745682507,-0.10811527872841253
2014-04-13 09:40:00,64.2348842142,0.2924613035853005,0,-0.10813837822129373,-0.21627675644258745,-0.10813837822129373
2014-04-13 09:45:00,64.0676251505,0.2840796771219528,0,-0.10816119698926274,-0.21632239397852548,-0.10816119698926274
2014-04-13 09:50:00,68.7996913472,0.2984483543581103,0,-0.10818373838576878,-0.2163674767715376,-0.10818373838576878
2014-04-13 09:55:00,74.11710457779999,0.3137145225795434,0,-0.10820600572561948,-0.21641201145123895,-0.10820600572561949
2014-04-13 10:00:00,79.28687080520001,0.3258214783494351,0,-0.10822800228539156,-0.21645600457078312,-0.10822800228539156
2014-04-13 10:05:00,74.5475748261,0.292482527287472,0,-0.10824973130383768,-0.21649946260767536,-0.10824973130383769
2014-04-13 10:10:00,79.7506029556,0.30637944333393996,0,-0.1082711959822902,-0.2165423919645804,-0.10827119598229021
2014-04-13 10:15:00,79.5375524587,0.2957589382810307,0,-0.10829239948506113,-0.21658479897012226,-0.10829239948506113
2014-04-13 10:20:00,79.10427810649999,0.2859358095545741,0,-0.10831334493983864,-0.2166266898796773,-0.10831334493983863
2014-04-13 10:25:00,72.3142947309,0.2538027114202032,0,-0.10833403543808036,-0.21666807087616075,-0.10833403543808037
2014-04-13 10:30:00,79.6884767258,0.2780783089859584,0,-0.10835447403540306,-0.21670894807080607,-0.10835447403540306
2014-04-13 10:35:00,76.516152303,0.2603787902078973,0,-0.10837466375196868,-0.21674932750393736,-0.10837466375196868
2014-04-13 10:40:00,70.12854874979999,0.2336287742200691,0,-0.10839460757286733,-0.21678921514573465,-0.10839460757286731
2014-04-13 10:45:00,78.2171448405,0.2611609644593756,0,-0.1084143084484966,-0.2168286168969932,-0.1084143084484966
2014-04-13 10:50:00,85.1934198858,0.2843176354017596,0,-0.10843376929493756,-0.2168675385898751,-0.10843376929493755
2014-04-13 10:55:00,75.2679584499,0.2404653352111119,0,-0.10845299299432727,-0.21690598598865451,-0.10845299299432727
2014-04-13 11:00:00,86.92425380809998,0.2826228107871749,0,-0.10847198239522808,-0.21694396479045616,-0.10847198239522808
2014-04-13 11:05:00,73.0980561154,0.22511058714543533,0,-0.10849074031299333,-0.21698148062598666,-0.10849074031299333
2014-04-13 11:10:00,83.21688664279999,0.2609787349385923,0,-0.10850926953012993,-0.21701853906025986,-0.10850926953012992
2014-04-13 11:15:00,73.3863042351,0.22088079392738494,0,-0.10852757279665734,-0.21705514559331468,-0.10852757279665734
2014-04-13 11:20:00,75.9188823058,0.2287007778240281,0,-0.10854565283046357,-0.2170913056609271,-0.10854565283046355
2014-04-13 11:25:00,80.646652645,0.24494349222932585,0,-0.10856351231765744,-0.21712702463531489,-0.10856351231765743
2014-04-13 11:30:00,80.995568253,0.24363957008854675,0,-0.10858115391291796,-0.2171623078258359,-0.10858115391291795
2014-04-13 11:35:00,83.8969607893,0.25267105215975794,0,-0.10859858023984008,-0.21719716047968016,-0.10859858023984009
2014-04-13 11:40:00,81.3539126205,0.2392198130107175,0,-0.10861579389127753,-0.21723158778255505,-0.10861579389127751
2014-04-13 11:45:00,81.00884825850001,0.23557222271663925,0,-0.1086327974296819,-0.2172655948593638,-0.1086327974296819
2014-04-13 11:50:00,86.07806349549999,0.2544151248641333,0,-0.10864959338743918,-0.2172991867748784,-0.10864959338743918
2014-04-13 11:55:00,78.7591646031,0.22129478069807126,0,-0.10866618426720248,-0.21733236853440493,-0.10866618426720247
2014-04-13 12:00:00,75.5135273562,0.2074737249713101,0,-0.10868257254222176,-0.21736514508444352,-0.10868257254222176
2014-04-13 12:05:00,74.49911101949999,0.20285884596728834,0,-0.10869876065667064,-0.21739752131334125,-0.10869876065667063
2014-04-13 12:10:00,78.3058336527,0.2174870199300284,0,-0.10871475102596956,-0.21742950205193912,-0.10871475102596956
2014-04-13 12:15:00,83.30395923020001,0.2379373002456654,0,-0.10873054603710627,-0.21746109207421252,-0.10873054603710627
2014-04-13 12:20:00,72.593478924,0.19101215493494755,0,-0.1087461480489528,-0.21749229609790566,-0.10874614804895281
2014-04-13 12:25:00,73.9759763591,0.196311218332587,0,-0.10876155939257977,-0.2175231187851595,-0.10876155939257975
2014-04-13 12:30:00,73.60937798319999,0.19442758212524808,0,-0.10877678237156704,-0.2175535647431341,-0.10877678237156703
2014-04-13 12:35:00,81.2663656459,0.2283722113580473,0,-0.1087918192623119,-0.2175836385246238,-0.1087918192623119
2014-04-13 12:40:00,75.7947714072,0.2015412341703187,0,-0.10880667231433384,-0.2176133446286677,-0.10880667231433384
2014-04-13 12:45:00,74.5705586718,0.1955507439583796,0,-0.10882134375057637,-0.21764268750115276,-0.10882134375057637
2014-04-13 12:50:00,81.3865503181,0.2278433801644421,0,-0.1088358357677058,-0.2176716715354116,-0.1088358357677058
2014-04-13 12:55:00,84.07994149689999,0.2403351503912348,0,-0.10885015053640723,-0.21770030107281446,-0.10885015053640722
2014-04-13 13:00:00,77.2959231884,0.2034091554070621,0,-0.10886429020167733,-0.21772858040335466,-0.10886429020167733
2014-04-13 13:05:00,81.2317733851,0.2228500962320867,0,-0.10887825688311437,-0.2177565137662287,-0.10887825688311435
2014-04-13 13:10:00,73.5523338134,0.1831694194455552,0,-0.10889205267520508,-0.21778410535041012,-0.10889205267520508
2014-04-13 13:15:00,86.94218535379999,0.25552228183976244,0,-0.10890567964760901,-0.217811359295218,-0.10890567964760899
2014-04-13 13:20:00,77.3717652837,0.19869918225081806,0,-0.10891913984543944,-0.2178382796908789,-0.10891913984543945
2014-04-13 13:25:00,87.93898066889999,0.2591681645424298,0,-0.1089324352895421,-0.2178648705790842,-0.1089324352895421
2014-04-13 13:30:00,87.6363663166,0.2534529258694326,0,-0.10894556797677044,-0.21789113595354087,-0.10894556797677044
2014-04-13 13:35:00,84.44090450729999,0.23070468227069976,0,-0.1089585398802584,-0.2179170797605168,-0.1089585398802584
2014-04-13 13:40:00,72.3037164689,0.20187616397847624,0,-0.1089713529496904,-0.2179427058993808,-0.10897135294969039
2014-04-13 13:45:00,80.6762317825,0.2089047161803616,0,-0.10898400911156836,-0.21796801822313674,-0.10898400911156837
2014-04-13 13:50:00,73.37176927520001,0.19711033927686608,0,-0.1089965102694762,-0.2179930205389524,-0.10899651026947621
2014-04-13 13:55:00,86.3014910854,0.2455293799892579,0,-0.10900885830434136,-0.21801771660868272,-0.10900885830434136
2014-04-13 14:00:00,84.63011760170002,0.2316874197758092,0,-0.10902105507469373,-0.21804211014938746,-0.10902105507469373
2014-04-13 14:05:00,87.55324326809998,0.2498043099763665,0,-0.109033102416922,-0.218066204833844,-0.10903310241692199
2014-04-13 14:10:00,81.73020401229999,0.20816795962806733,0,-0.10904500214552704,-0.2180900042910541,-0.10904500214552705
2014-04-13 14:15:00,80.350907843,0.1987808739151672,0,-0.10905675605337303,-0.2181135121067461,-0.10905675605337305
2014-04-13 14:20:00,80.2997271232,0.19801265689876246,0,-0.10906836591193553,-0.21813673182387106,-0.10906836591193551
2014-04-13 14:25:00,78.1794211989,0.1842876742647589,0,-0.10907983347154718,-0.21815966694309435,-0.10907983347154718
2014-04-13 14:30:00,79.4952251217,0.1926260111824956,0,-0.10909116046164097,-0.2181823209232819,-0.10909116046164095
2014-04-13 14:35:00,82.1626573333,0.21069417236620072,0,-0.10910234859099048,-0.21820469718198096,-0.10910234859099048
2014-04-13 14:40:00,86.9229892171,0.2464283647507788,0,-0.10911339954794813,-0.21822679909589626,-0.10911339954794813
2014-04-13 14:45:00,81.5302357729,0.20243236580572527,0,-0.1091243150006804,-0.2182486300013608,-0.1091243150006804
2014-04-13 14:50:00,85.70974081199999,0.2340865998278152,0,-0.10913509659740088,-0.21827019319480173,-0.10913509659740087
2014-04-13 14:55:00,85.8003599659,0.2328716546641632,0,-0.10914574596660072,-0.21829149193320144,-0.10914574596660073
2014-04-13 15:00:00,80.3005519209,0.18847843688985666,0,-0.10915626471727673,-0.21831252943455345,-0.10915626471727673
2014-04-13 15:05:00,77.55876969260001,0.1966222343142353,0,-0.10916665443915677,-0.2183333088783135,-0.10916665443915675
2014-04-13 15:10:00,82.2323925348,0.20420109666212813,0,-0.10917691670292297,-0.218353833405846,-0.10917691670292298
2014-04-13 15:15:00,79.1332777839,0.1854397372064501,0,-0.10918705306043264,-0.21837410612086527,-0.10918705306043264
2014-04-13 15:20:00,73.3023501678,0.2351899840752713,0,-0.1091970650449364,-0.2183941300898728,-0.10919706504493641
2014-04-13 15:25:00,78.0441963754,0.19165712222500345,0,-0.10920695417129442,-0.21841390834258884,-0.10920695417129442
2014-04-13 15:30:00,87.90431031930002,0.2633431057944866,0,-0.10921672193618992,-0.21843344387237987,-0.10921672193618993
2014-04-13 15:35:00,72.775491269,0.2437245167347554,0,-0.10922636981834072,-0.21845273963668144,-0.10922636981834073
2014-04-13 15:40:00,83.1458723824,0.21644555278943464,0,-0.10923589927870823,-0.21847179855741647,-0.10923589927870823
2014-04-13 15:45:00,85.4581988746,0.23799402778679396,0,-0.1092453117607043,-0.2184906235214086,-0.1092453117607043
2014-04-13 15:50:00,82.3788236113,0.20581250144746188,0,-0.1092546086903958,-0.2185092173807916,-0.10925460869039579
2014-04-13 15:55:00,81.1151929853,0.1934471331590434,0,-0.10926379147670684,-0.21852758295341368,-0.10926379147670684
2014-04-13 16:00:00,83.3207106956,0.21442674663903785,0,-0.10927286151161912,-0.2185457230232382,-0.10927286151161911
2014-04-13 16:05:00,78.86933236739999,0.19386238011346588,0,-0.1092818201703696,-0.2185636403407392,-0.1092818201703696
2014-04-13 16:10:00,73.46164675029999,0.251614845736626,0,-0.10929066881164654,-0.21858133762329307,-0.10929066881164654
2014-04-13 16:15:00,87.39778026479998,0.26569995878261665,0,-0.10929940877778288,-0.21859881755556573,-0.10929940877778287
2014-04-13 16:20:00,78.9166607995,0.19377611984748025,0,-0.10930804139494783,-0.2186160827898957,-0.10930804139494785
2014-04-13 16:25:00,82.6460691139,0.20895657729958966,0,-0.10931656797333636,-0.2186331359466727,-0.10931656797333635
2014-04-13 16:30:00,80.5008124284,0.18574364098559712,0,-0.1093249898073562,-0.2186499796147124,-0.1093249898073562
2014-04-13 16:35:00,72.8746292321,0.2681830704152657,0,-0.1093333081758134,-0.2186666163516268,-0.1093333081758134
2014-04-13 16:40:00,87.2437781075,0.269900521762393,0,-0.10934152434209524,-0.21868304868419047,-0.10934152434209524
2014-04-13 16:45:00,84.6804330311,0.2324703095695196,0,-0.10934963955435156,-0.2186992791087031,-0.10934963955435155
2014-04-13 16:50:00,74.3854234912,0.2529367009566556,0,-0.10935765504567373,-0.21871531009134745,-0.10935765504567373
2014-04-13 16:55:00,87.70621362440002,0.27483193054567256,0,-0.1093655720342719,-0.2187311440685438,-0.1093655720342719
2014-04-13 17:00:00,83.7903897792,0.2192071564721433,0,-0.10937339172365014,-0.21874678344730028,-0.10937339172365014
2014-04-13 17:05:00,79.5571158569,0.19437858055233093,0,-0.10938111530277966,-0.21876223060555933,-0.10938111530277966
2014-04-13 17:10:00,81.7818895007,0.19560153681616754,0,-0.10938874394627006,-0.21877748789254006,-0.10938874394627006
2014-04-13 17:15:00,73.7077586084,0.2728079545179497,0,-0.10939627881453873,-0.21879255762907746,-0.10939627881453873
2014-04-13 17:20:00,80.9665530691,0.18981215107815308,0,-0.1094037210539783,-0.2188074421079566,-0.1094037210539783
2014-04-13 17:25:00,73.1785490517,0.27868596172246685,0,-0.10941107179712227,-0.21882214359424454,-0.10941107179712228
2014-04-13 17:30:00,80.71765311829998,0.19088131351358206,0,-0.10941833216280873,-0.21883666432561746,-0.10941833216280873
2014-04-13 17:35:00,80.8430999764,0.1921808423618351,0,-0.10942550325634218,-0.21885100651268435,-0.10942550325634218
2014-04-13 17:40:00,85.99098754200001,0.2641935320690764,0,-0.10943258616965372,-0.21886517233930744,-0.10943258616965372
2014-04-13 17:45:00,83.6008879016,0.22460498383630328,0,-0.10943958198145927,-0.21887916396291854,-0.10943958198145927
2014-04-13 17:50:00,75.9928090942,0.2445211823917201,0,-0.109446491757416,-0.218892983514832,-0.10944649175741601
2014-04-13 17:55:00,86.2147851685,0.26731322082587744,0,-0.1094533165502772,-0.2189066331005544,-0.1094533165502772
2014-04-13 18:00:00,32.468746820999996,0.9246080568660454,0,-0.10946005740004497,-0.21892011480009,-0.10946005740004498
2014-04-13 18:05:00,32.6808223882,0.59731861503819,0,-0.1094667153341218,-0.2189334306682436,-0.1094667153341218
2014-04-13 18:10:00,29.8814750258,0.4999989813180141,0,-0.1094732913674598,-0.21894658273491965,-0.10947329136745981
2014-04-13 18:15:00,34.2897444306,0.3993296132622933,0,-0.10947978650270868,-0.21895957300541735,-0.10947978650270869
2014-04-13 18:20:00,34.7581700625,0.36452480589496783,0,-0.10948620173036186,-0.21897240346072366,-0.10948620173036186
2014-04-13 18:25:00,33.7599336749,0.3479588156561261,0,-0.10949253802890087,-0.21898507605780174,-0.10949253802890087
2014-04-13 18:30:00,34.8208090113,0.32459955771651466,0,-0.1094987963649383,-0.2189975927298766,-0.1094987963649383
2014-04-13 18:35:00,30.734713485300002,0.3316078985536892,0,-0.10950497769335896,-0.2190099553867179,-0.10950497769335896
2014-04-13 18:40:00,34.3111560898,0.3006658646231362,0,-0.10951108295745944,-0.21902216591491885,-0.10951108295745943
2014-04-13 18:45:00,31.928909984,0.3024361214425005,0,-0.10951711308908614,-0.21903422617817228,-0.10951711308908614
2014-04-13 18:50:00,29.8490643678,0.30244436857820384,0,-0.1095230690087717,-0.2190461380175434,-0.1095230690087717
2014-04-13 18:55:00,33.0803174824,0.2796820490254709,0,-0.10952895162586987,-0.2190579032517397,-0.10952895162586986
2014-04-13 19:00:00,23.2248575387,0.315777122800343,0,-0.10953476183868872,-0.21906952367737745,-0.10953476183868871
2014-04-13 19:05:00,21.4454206452,0.3120327406585588,0,-0.10954050053462257,-0.2190810010692451,-0.10954050053462255
2014-04-13 19:10:00,20.283169013,0.3061550293915084,0,-0.10954616859028213,-0.21909233718056426,-0.10954616859028213
2014-04-13 19:15:00,21.055314565699998,0.2933462711681287,0,-0.1095517668716234,-0.2191035337432468,-0.1095517668716234
2014-04-13 19:20:00,21.951002209400002,0.28211167791037084,0,-0.10955729623407484,-0.21911459246814968,-0.10955729623407484
2014-04-13 19:25:00,20.9106806944,0.2797885999587018,0,-0.10956275752266327,-0.2191255150453265,-0.10956275752266327
2014-04-13 19:30:00,21.0292530145,0.27335362976834165,0,-0.10956815157213816,-0.21913630314427635,-0.10956815157213817
2014-04-13 19:35:00,21.913428974299997,0.26485198668543314,0,-0.10957347920709473,-0.21914695841418946,-0.10957347920709473
2014-04-13 19:40:00,24.4688026898,0.2513008527647117,0,-0.10957874124209524,-0.21915748248419048,-0.10957874124209524
2014-04-13 19:45:00,23.5838096553,0.2513135804003117,0,-0.10958393848178932,-0.21916787696357865,-0.10958393848178932
2014-04-13 19:50:00,21.592471653,0.2553837974196579,0,-0.10958907172103256,-0.2191781434420651,-0.10958907172103255
2014-04-13 19:55:00,24.423184889,0.24169198581719564,0,-0.10959414174500387,-0.2191882834900077,-0.10959414174500387
2014-04-13 20:00:00,21.0765690082,0.2514251590840039,0,-0.10959914932932156,-0.21919829865864315,-0.10959914932932156
2014-04-13 20:05:00,20.2975215009,0.2511599791600113,0,-0.10960409524015788,-0.21920819048031576,-0.10960409524015788
2014-04-13 20:10:00,20.3501573707,0.2478247850474072,0,-0.10960898023435237,-0.2192179604687047,-0.10960898023435235
2014-04-13 20:15:00,20.1144090989,0.24582794910075514,0,-0.10961380505952384,-0.2192276101190477,-0.10961380505952385
2014-04-13 20:20:00,19.3863352146,0.24584826014584404,0,-0.10961857045418114,-0.21923714090836227,-0.10961857045418114
2014-04-13 20:25:00,20.0156452191,0.24072540616744445,0,-0.1096232771478324,-0.2192465542956648,-0.1096232771478324
2014-04-13 20:30:00,20.5942633419,0.23615225628479736,0,-0.10962792586109338,-0.2192558517221868,-0.10962792586109338
2014-04-13 20:35:00,20.5947997815,0.2340669356483605,0,-0.10963251730579414,-0.21926503461158828,-0.10963251730579414
2014-04-13 20:40:00,21.5520740928,0.2284369499315942,0,-0.10963705218508477,-0.2192741043701695,-0.10963705218508475
2014-04-13 20:45:00,19.9016357841,0.23323397186521325,0,-0.1096415311935397,-0.2192830623870794,-0.1096415311935397
2014-04-13 20:50:00,21.368004471600003,0.2255390260507069,0,-0.10964595501726104,-0.2192919100345221,-0.10964595501726103
2014-04-13 20:55:00,20.799863922,0.2263073468662032,0,-0.10965032433398032,-0.21930064866796065,-0.10965032433398031
2014-04-13 21:00:00,21.952248996199998,0.2201451992183318,0,-0.10965463981315944,-0.21930927962631885,-0.10965463981315943
2014-04-13 21:05:00,19.634937126700002,0.22844693633707835,0,-0.1096589021160901,-0.2193178042321802,-0.1096589021160901
2014-04-13 21:10:00,21.7085691601,0.21815030135193952,0,-0.10966311189599244,-0.21932622379198488,-0.10966311189599244
2014-04-13 21:15:00,21.3847264738,0.2183613382695716,0,-0.10966726979811207,-0.21933453959622412,-0.10966726979811207
2014-04-13 21:20:00,20.6493002421,0.2203654299066024,0,-0.10967137645981637,-0.21934275291963276,-0.10967137645981637
2014-04-13 21:25:00,20.717024494100002,0.21882259779794985,0,-0.1096754325106894,-0.2193508650213788,-0.10967543251068941
2014-04-13 21:30:00,18.4266249721,0.22803151613772346,0,-0.10967943857262584,-0.21935887714525165,-0.10967943857262583
2014-04-13 21:35:00,21.9055426812,0.21058010728338888,0,-0.10968339525992372,-0.21936679051984745,-0.10968339525992371
2014-04-13 21:40:00,18.5161973811,0.2254648439703032,0,-0.10968730317937612,-0.21937460635875225,-0.10968730317937612
2014-04-13 21:45:00,20.3501472647,0.2152465184884773,0,-0.10969116293036188,-0.21938232586072373,-0.10969116293036187
2014-04-13 21:50:00,19.413020513699998,0.2187320687483585,0,-0.1096949751049349,-0.2193899502098698,-0.1096949751049349
2014-04-13 21:55:00,19.8140610227,0.21558830550190475,0,-0.10969874028791292,-0.21939748057582584,-0.10969874028791292
2014-04-13 22:00:00,20.4603551361,0.2113441794528075,0,-0.10970245905696474,-0.21940491811392948,-0.10970245905696474
2014-04-13 22:05:00,21.6561754902,0.2045235469912645,0,-0.10970613198269676,-0.21941226396539354,-0.10970613198269677
2014-04-13 22:10:00,19.8493055423,0.21313272369514424,0,-0.10970975962873827,-0.21941951925747652,-0.10970975962873827
2014-04-13 22:15:00,21.9719910919,0.2011730012364125,0,-0.10971334255182592,-0.21942668510365185,-0.10971334255182592
2014-04-13 22:20:00,20.3908046497,0.2090075586163541,0,-0.10971688130188706,-0.21943376260377406,-0.10971688130188706
2014-04-13 22:25:00,18.6601122885,0.2178524338749412,0,-0.10972037642212212,-0.21944075284424425,-0.10972037642212211
2014-04-13 22:30:00,18.7780468058,0.21604028488249066,0,-0.10972382844908604,-0.21944765689817208,-0.10972382844908604
2014-04-13 22:35:00,20.8844739985,0.2029336345854436,0,-0.10972723791276884,-0.21945447582553768,-0.10972723791276884
2014-04-13 22:40:00,18.2190646956,0.21803870090362112,0,-0.1097306053366749,-0.2194612106733498,-0.1097306053366749
2014-04-13 22:45:00,19.9404908067,0.2065006706155096,0,-0.10973393123790172,-0.21946786247580347,-0.10973393123790173
2014-04-13 22:50:00,18.6107255915,0.2139736659303393,0,-0.10973721612721747,-0.21947443225443494,-0.10973721612721749
2014-04-13 22:55:00,19.7518180906,0.20584847772622195,0,-0.10974046050913773,-0.21948092101827546,-0.10974046050913772
2014-04-13 23:00:00,21.0037016228,0.19737668062604988,0,-0.10974366488200116,-0.21948732976400234,-0.10974366488200117
2014-04-13 23:05:00,19.8390600793,0.2043932624784982,0,-0.10974682973804464,-0.2194936594760893,-0.10974682973804463
2014-04-13 23:10:00,18.6573859645,0.2116788143970712,0,-0.109749955563477,-0.219499911126954,-0.109749955563477
2014-04-13 23:15:00,19.011350958199998,0.2083564870576428,0,-0.1097530428385524,-0.2195060856771048,-0.1097530428385524
2014-04-13 23:20:00,19.4738966231,0.20437648666049266,0,-0.1097560920376424,-0.2195121840752848,-0.1097560920376424
2014-04-13 23:25:00,18.2817541551,0.2123103810824145,0,-0.10975910362930746,-0.21951820725861493,-0.10975910362930746
2014-04-13 23:30:00,20.341255313599998,0.1965125029858297,0,-0.10976207807636744,-0.21952415615273485,-0.10976207807636743
2014-04-13 23:35:00,20.434057749100003,0.19546673240801093,0,-0.10976501583597127,-0.21953003167194254,-0.10976501583597129
2014-04-13 23:40:00,18.2521114394,0.2116621961075508,0,-0.109767917359666,-0.219535834719332,-0.109767917359666
2014-04-13 23:45:00,19.6130102579,0.2001460905844316,0,-0.10977078309346457,-0.21954156618692916,-0.10977078309346457
2014-04-13 23:50:00,19.6597766821,0.199292188461324,0,-0.1097736134779133,-0.2195472269558266,-0.1097736134779133
2014-04-13 23:55:00,19.3389906457,0.201411737639976,0,-0.1097764089481582,-0.2195528178963164,-0.1097764089481582
2014-04-14 00:00:00,20.2309589613,0.1936127742184792,0,-0.10977916993401066,-0.2195583398680213,-0.10977916993401066
2014-04-14 00:05:00,19.3838299602,0.20038835732480284,0,-0.10978189686001227,-0.21956379372002455,-0.10978189686001229
2014-04-14 00:10:00,19.6656371179,0.19746605682074644,0,-0.10978459014549903,-0.21956918029099803,-0.109784590145499
2014-04-14 00:15:00,21.1900941898,0.1840254491967772,0,-0.10978725020466436,-0.21957450040932872,-0.10978725020466436
2014-04-14 00:20:00,18.648437421700002,0.2066923318696732,0,-0.10978987744662214,-0.21957975489324427,-0.10978987744662214
2014-04-14 00:25:00,20.476458781199998,0.18912389217321648,0,-0.10979247227546804,-0.21958494455093608,-0.10979247227546804
2014-04-14 00:30:00,20.0223776068,0.1931423243716769,0,-0.10979503509034093,-0.21959007018068186,-0.10979503509034091
2014-04-14 00:35:00,19.2202865499,0.20062334790259248,0,-0.109797566285483,-0.219595132570966,-0.109797566285483
2014-04-14 00:40:00,20.910138626,0.1836832986448947,0,-0.10980006625029956,-0.21960013250059915,-0.10980006625029957
2014-04-14 00:45:00,20.2047534382,0.1905586049072164,0,-0.10980253536941784,-0.21960507073883567,-0.10980253536941784
2014-04-14 00:50:00,19.9094461078,0.1933707478763254,0,-0.10980497402274514,-0.21960994804549028,-0.10980497402274514
2014-04-14 00:55:00,20.6706772591,0.1851769307496158,0,-0.10980738258552644,-0.21961476517105288,-0.10980738258552644
2014-04-14 01:00:00,21.2091612319,0.18535755022737926,0,-0.10980976142840117,-0.21961952285680236,-0.10980976142840117
2014-04-14 01:05:00,21.890675160100002,0.19272824892515367,0,-0.10981211091745932,-0.2196242218349186,-0.10981211091745931
2014-04-14 01:10:00,20.517401473499998,0.18762857078528145,0,-0.10981443141429682,-0.21962886282859365,-0.10981443141429682
2014-04-14 01:15:00,21.4977599416,0.18845010326759115,0,-0.10981672327607052,-0.21963344655214104,-0.10981672327607052
2014-04-14 01:20:00,18.004366164100002,0.21923300945375526,0,-0.10981898685555212,-0.21963797371110425,-0.10981898685555212
2014-04-14 01:25:00,20.120942770899997,0.19103359483957288,0,-0.10982122250118176,-0.2196424450023635,-0.10982122250118175
2014-04-14 01:30:00,18.8585901951,0.2069987007809413,0,-0.10982343055712077,-0.21964686111424156,-0.10982343055712077
2014-04-14 01:35:00,18.3767698283,0.21286330823441424,0,-0.10982561136330396,-0.21965122272660795,-0.10982561136330397
2014-04-14 01:40:00,20.1278840683,0.1883408467162801,0,-0.10982776525549116,-0.2196555305109823,-0.10982776525549115
2014-04-14 01:45:00,20.9873060246,0.18787071582138548,0,-0.10982989256531807,-0.21965978513063614,-0.10982989256531807
2014-04-14 01:50:00,19.6490900899,0.19520440727165275,0,-0.10983199362034678,-0.21966398724069355,-0.10983199362034678
2014-04-14 01:55:00,20.6804297974,0.18428984709104654,0,-0.10983406874411528,-0.21966813748823055,-0.10983406874411529
2014-04-14 02:00:00,19.9588770154,0.1907954691609708,0,-0.10983611825618682,-0.21967223651237364,-0.10983611825618682
2014-04-14 02:05:00,19.7483434638,0.19370300000823432,0,-0.10983814247219824,-0.2196762849443965,-0.10983814247219825
2014-04-14 02:10:00,19.1610265617,0.2025496695130919,0,-0.10984014170390803,-0.2196802834078161,-0.10984014170390805
2014-04-14 02:15:00,19.530374058,0.1960717514783797,0,-0.10984211625924373,-0.21968423251848745,-0.10984211625924373
2014-04-14 02:20:00,19.3991825232,0.19784147334872967,0,-0.1098440664423486,-0.2196881328846972,-0.1098440664423486
2014-04-14 02:25:00,20.5847487361,0.1865801839751423,0,-0.10984599255362802,-0.21969198510725604,-0.10984599255362802
2014-04-14 02:30:00,18.4640740451,0.214624477945804,0,-0.10984789488979503,-0.21969578977959006,-0.10984789488979502
2014-04-14 02:35:00,18.3705454748,0.2153684694269566,0,-0.10984977374391552,-0.21969954748783105,-0.10984977374391551
2014-04-14 02:40:00,20.640051976800002,0.1908503568680766,0,-0.1098516294054528,-0.2197032588109056,-0.10985162940545279
2014-04-14 02:45:00,20.1851922795,0.1826267502075237,0,-0.10985346216031168,-0.21970692432062336,-0.10985346216031168
2014-04-14 02:50:00,19.720800387,0.19060627173196368,0,-0.10985527229088188,-0.21971054458176376,-0.10985527229088189
2014-04-14 02:55:00,18.6097715376,0.21216792527321607,0,-0.10985706007608118,-0.21971412015216235,-0.10985706007608118
2014-04-14 03:00:00,19.6441084475,0.1905670213559012,0,-0.10985882579139764,-0.2197176515827953,-0.10985882579139765
2014-04-14 03:05:00,21.158927053299998,0.2044848020640856,0,-0.10986056970893182,-0.21972113941786364,-0.10986056970893182
2014-04-14 03:10:00,21.558484943200003,0.2124845788166668,0,-0.109862292097438,-0.219724584194876,-0.10986229209743799
2014-04-14 03:15:00,20.8103062799,0.19533916856677644,0,-0.10986399322236524,-0.21972798644473046,-0.10986399322236522
2014-04-14 03:20:00,18.2396487035,0.22632612021003656,0,-0.10986567334589778,-0.2197313466917956,-0.10986567334589778
2014-04-14 03:25:00,20.681639106400002,0.1945744829819988,0,-0.10986733272699507,-0.21973466545399012,-0.10986733272699507
2014-04-14 03:30:00,18.9639423582,0.20897927762084434,0,-0.10986897162143114,-0.21973794324286228,-0.10986897162143114
2014-04-14 03:35:00,19.2610049721,0.2011036257943922,0,-0.1098705902818336,-0.2197411805636672,-0.1098705902818336
2014-04-14 03:40:00,18.7834928318,0.21234106841337888,0,-0.10987218895772224,-0.2197443779154445,-0.10987218895772224
2014-04-14 03:45:00,21.1030231625,0.20960513825311872,0,-0.10987376789554702,-0.21974753579109405,-0.10987376789554702
2014-04-14 03:50:00,20.5944084905,0.19590050856515048,0,-0.10987532733872568,-0.21975065467745136,-0.10987532733872568
2014-04-14 03:55:00,20.4473402184,0.19183918721885407,0,-0.10987686752768086,-0.21975373505536167,-0.10987686752768086
2014-04-14 04:00:00,20.6718904387,0.19740576765737647,0,-0.1098783886998768,-0.2197567773997536,-0.1098783886998768
2014-04-14 04:05:00,18.9470890456,0.21370897839871245,0,-0.1098798910898556,-0.2197597821797112,-0.1098798910898556
2014-04-14 04:10:00,19.7785776573,0.18963448265226626,0,-0.10988137492927297,-0.2197627498585459,-0.10988137492927295
2014-04-14 04:15:00,20.5330148862,0.19584995418712747,0,-0.10988284044693357,-0.2197656808938671,-0.10988284044693356
2014-04-14 04:20:00,20.5463761105,0.19587353472021848,0,-0.10988428786882608,-0.21976857573765216,-0.10988428786882609
2014-04-14 04:25:00,21.167407451,0.2143878908551182,0,-0.10988571741815764,-0.21977143483631525,-0.10988571741815763
2014-04-14 04:30:00,19.1484158668,0.21241696565223905,0,-0.10988712931538784,-0.21977425863077565,-0.10988712931538783
2014-04-14 04:35:00,21.0813444868,0.21294039290475045,0,-0.1098885237782625,-0.219777047556525,-0.1098885237782625
2014-04-14 04:40:00,19.7607379225,0.1940405153858473,0,-0.10988990102184698,-0.21977980204369396,-0.109889901021847
2014-04-14 04:45:00,20.680690768199998,0.20003355296848987,0,-0.109891261258559,-0.219782522517118,-0.109891261258559
2014-04-14 04:50:00,19.8228775203,0.1928988412913016,0,-0.10989260469820096,-0.21978520939640195,-0.10989260469820097
2014-04-14 04:55:00,21.7944406792,0.24165508924011864,0,-0.1098939315479923,-0.2197878630959846,-0.1098939315479923
2014-04-14 05:00:00,18.717209059,0.2362074445555832,0,-0.10989524201260092,-0.21979048402520185,-0.10989524201260092
2014-04-14 05:05:00,20.7000203543,0.2015075700907748,0,-0.10989653629417462,-0.21979307258834924,-0.10989653629417462
2014-04-14 05:10:00,20.306140003099998,0.18704714994441496,0,-0.10989781459237193,-0.21979562918474385,-0.10989781459237191
2014-04-14 05:15:00,18.690924163800002,0.23957575123518665,0,-0.10989907710439267,-0.21979815420878532,-0.10989907710439267
2014-04-14 05:20:00,18.2640253432,0.2559352907362029,0,-0.1099003240250082,-0.2198006480500164,-0.10990032402500821
2014-04-14 05:25:00,21.1965775559,0.22812202170608176,0,-0.1099015555465911,-0.2198031110931822,-0.1099015555465911
2014-04-14 05:30:00,18.6298053346,0.2400558945254211,0,-0.10990277185914464,-0.21980554371828928,-0.10990277185914464
2014-04-14 05:35:00,18.7460267311,0.2326101392390252,0,-0.10990397315033187,-0.21980794630066375,-0.10990397315033189
2014-04-14 05:40:00,21.913736896,0.2673563260229361,0,-0.1099051596055044,-0.2198103192110088,-0.10990515960550439
2014-04-14 05:45:00,20.869043405899998,0.21550484469016204,0,-0.10990633140773057,-0.21981266281546116,-0.10990633140773057
2014-04-14 05:50:00,19.0019473664,0.2267927063519366,0,-0.10990748873782373,-0.21981497747564746,-0.10990748873782373
2014-04-14 05:55:00,20.363795840599998,0.19599139585959333,0,-0.1099086317743698,-0.2198172635487396,-0.1099086317743698
2014-04-14 06:00:00,20.136447353599998,0.18629454086559544,0,-0.1099097606937546,-0.2198195213875092,-0.10990976069375459
2014-04-14 06:05:00,21.3778930701,0.2429761573794568,0,-0.10991087567019084,-0.2198217513403817,-0.10991087567019085
2014-04-14 06:10:00,20.917282991300002,0.2179910371053841,0,-0.109911976875745,-0.21982395375149,-0.109911976875745
2014-04-14 06:15:00,21.326884502000002,0.2370990454966439,0,-0.1099130644803634,-0.2198261289607268,-0.10991306448036339
2014-04-14 06:20:00,18.8460263519,0.2479249896122865,0,-0.1099141386518984,-0.2198282773037968,-0.10991413865189839
2014-04-14 06:25:00,20.5608768175,0.20118841234975046,0,-0.10991519955613416,-0.21983039911226834,-0.10991519955613417
2014-04-14 06:30:00,18.160963433699997,0.28762586880583235,0,-0.10991624735681196,-0.21983249471362395,-0.10991624735681196
2014-04-14 06:35:00,18.2757624491,0.2738847623033713,0,-0.10991728221565528,-0.21983456443131055,-0.10991728221565529
2014-04-14 06:40:00,20.8541081308,0.2241561528264547,0,-0.1099183042923947,-0.2198366085847894,-0.1099183042923947
2014-04-14 06:45:00,18.0976804106,0.28376665942945434,0,-0.10991931374479223,-0.21983862748958446,-0.10991931374479223
2014-04-14 06:50:00,20.3190600356,0.2007100403928017,0,-0.1099203107286656,-0.2198406214573312,-0.10992031072866561
2014-04-14 06:55:00,21.361620393800003,0.2558648647258341,0,-0.10992129539791222,-0.21984259079582444,-0.10992129539791222
2014-04-14 07:00:00,19.519767233699998,0.2060507865317337,0,-0.10992226790453256,-0.21984453580906516,-0.10992226790453256
2014-04-14 07:05:00,18.1793617474,0.2824740085277315,0,-0.10992322839865368,-0.21984645679730735,-0.10992322839865369
2014-04-14 07:10:00,20.8553897985,0.2313156262381751,0,-0.10992417702855216,-0.21984835405710434,-0.10992417702855217
2014-04-14 07:15:00,21.718745809899996,0.28151985884226755,0,-0.10992511394067682,-0.21985022788135364,-0.10992511394067682
2014-04-14 07:20:00,20.8686855682,0.2250767320245211,0,-0.10992603927967123,-0.2198520785593425,-0.10992603927967125
2014-04-14 07:25:00,20.313788972,0.19413471432361867,0,-0.10992695318839596,-0.21985390637679195,-0.10992695318839597
2014-04-14 07:30:00,18.9201153195,0.2469945062876117,0,-0.10992785580795036,-0.21985571161590076,-0.10992785580795036
2014-04-14 07:35:00,18.0615024962,0.3008161587700708,0,-0.1099287472776943,-0.2198574945553886,-0.1099287472776943
2014-04-14 07:40:00,20.7786884339,0.2276734152729048,0,-0.10992962773526957,-0.21985925547053914,-0.10992962773526957
2014-04-14 07:45:00,18.924104703399998,0.2406454016932076,0,-0.10993049731662098,-0.219860994633242,-0.10993049731662098
2014-04-14 07:50:00,21.4326507087,0.2714028429097829,0,-0.10993135615601722,-0.21986271231203444,-0.10993135615601722
2014-04-14 07:55:00,19.8654564753,0.1891373416398096,0,-0.10993220438607153,-0.21986440877214306,-0.10993220438607151
2014-04-14 08:00:00,20.1225423295,0.1894101233705332,0,-0.10993304213776192,-0.21986608427552384,-0.10993304213776191
2014-04-14 08:05:00,21.0157461771,0.2429752700210208,0,-0.10993386954045148,-0.21986773908090296,-0.10993386954045148
2014-04-14 08:10:00,21.117722431199997,0.24723745653458226,0,-0.1099346867219081,-0.2198693734438162,-0.1099346867219081
2014-04-14 08:15:00,20.5706033323,0.2094092768661118,0,-0.10993549380832414,-0.21987098761664828,-0.10993549380832414
2014-04-14 08:20:00,21.7537272617,0.29083034977687344,0,-0.10993629092433582,-0.21987258184867164,-0.10993629092433582
2014-04-14 08:25:00,21.9291937453,0.2967749806199045,0,-0.10993707819304233,-0.21987415638608465,-0.10993707819304233
2014-04-14 08:30:00,21.7875417775,0.2780179199989855,0,-0.10993785573602474,-0.21987571147204948,-0.10993785573602474
2014-04-14 08:35:00,21.2967167414,0.2383395561791623,0,-0.1099386236733648,-0.2198772473467296,-0.10993862367336481
2014-04-14 08:40:00,20.822500881,0.20602839902265774,0,-0.1099393821236632,-0.2198787642473264,-0.1099393821236632
2014-04-14 08:45:00,20.6533034315,0.19511801897011866,0,-0.1099401312040579,-0.2198802624081158,-0.1099401312040579
2014-04-14 08:50:00,18.4150007077,0.3287041509319032,0,-0.10994087103024217,-0.21988174206048436,-0.10994087103024217
2014-04-14 08:55:00,19.0859373873,0.2633246849517239,0,-0.10994160171648223,-0.2198832034329645,-0.10994160171648225
2014-04-14 09:00:00,61.27735984,0.9999991044395776,0,-0.10994232337563503,-0.21988464675127006,-0.10994232337563502
2014-04-14 09:05:00,63.0687742352,0.6805098208216364,0,-0.1099430361191653,-0.2198860722383306,-0.1099430361191653
2014-04-14 09:10:00,67.1735208895,0.5528382719611051,0,-0.109943740057163,-0.21988748011432602,-0.109943740057163
2014-04-14 09:15:00,63.192897090699994,0.4244062270656771,0,-0.10994443529836,-0.21988887059672002,-0.10994443529836
2014-04-14 09:20:00,73.4626224396,0.4576525281616289,0,-0.10994512195014693,-0.21989024390029385,-0.10994512195014693
2014-04-14 09:25:00,72.15750892060001,0.3965977829422817,0,-0.10994580011858966,-0.21989160023717927,-0.10994580011858966
2014-04-14 09:30:00,62.1739220044,0.3118199775321843,0,-0.10994646990844564,-0.21989293981689126,-0.10994646990844562
2014-04-14 09:35:00,64.58522653039999,0.3132080640046008,0,-0.10994713142317984,-0.21989426284635968,-0.10994713142317984
2014-04-14 09:40:00,72.3393776307,0.3411067311786253,0,-0.10994778476498096,-0.21989556952996192,-0.10994778476498096
2014-04-14 09:45:00,72.1214273212,0.3236468148672633,0,-0.1099484300347769,-0.2198968600695538,-0.1099484300347769
2014-04-14 09:50:00,74.0581274816,0.31978277301990315,0,-0.10994906733225036,-0.21989813466450076,-0.10994906733225036
2014-04-14 09:55:00,74.766649558,0.3108510723917944,0,-0.10994969675585424,-0.21989939351170845,-0.10994969675585423
2014-04-14 10:00:00,84.9917113815,0.34588631434532924,0,-0.10995031840282664,-0.21990063680565328,-0.10995031840282664
2014-04-14 10:05:00,76.2053415384,0.29175946149402965,0,-0.10995093236920599,-0.219901864738412,-0.10995093236920599
2014-04-14 10:10:00,73.7250974478,0.2745733660145429,0,-0.10995153874984567,-0.21990307749969135,-0.10995153874984569
2014-04-14 10:15:00,81.6105261554,0.30012224563418993,0,-0.1099521376384288,-0.2199042752768576,-0.10995213763842879
2014-04-14 10:20:00,74.4847152954,0.26423104866409736,0,-0.10995272912748234,-0.2199054582549647,-0.10995272912748234
2014-04-14 10:25:00,82.3553335892,0.28979984848609536,0,-0.1099533133083917,-0.2199066266167834,-0.1099533133083917
2014-04-14 10:30:00,78.1269774158,0.26663392728245755,0,-0.10995389027141454,-0.21990778054282908,-0.10995389027141454
2014-04-14 10:35:00,82.1617513116,0.2771258037450205,0,-0.1099544601056948,-0.2199089202113896,-0.10995446010569479
2014-04-14 10:40:00,74.1216557332,0.24251709709418195,0,-0.10995502289927626,-0.21991004579855253,-0.10995502289927626
2014-04-14 10:45:00,77.7245839374,0.2527992473100465,0,-0.10995557873911636,-0.2199111574782327,-0.10995557873911635
2014-04-14 10:50:00,78.5936492767,0.2526773378720168,0,-0.10995612771109928,-0.21991225542219853,-0.10995612771109928
2014-04-14 10:55:00,84.47703721100001,0.271432185099892,0,-0.1099566699000494,-0.2199133398000988,-0.1099566699000494
2014-04-14 11:00:00,75.8079678619,0.2347832145071546,0,-0.10995720538974424,-0.21991441077948848,-0.10995720538974424
2014-04-14 11:05:00,86.4650897576,0.2724461063786611,0,-0.1099577342629274,-0.2199154685258548,-0.1099577342629274
2014-04-14 11:10:00,84.3684761916,0.25927488126446485,0,-0.10995825660132123,-0.2199165132026425,-0.10995825660132125
2014-04-14 11:15:00,83.1921390362,0.2510300153567189,0,-0.10995877248563958,-0.2199175449712792,-0.10995877248563958
2014-04-14 11:20:00,84.0823847611,0.25124218854155983,0,-0.10995928199560001,-0.2199185639912,-0.10995928199560001
2014-04-14 11:25:00,81.1966799297,0.2373715513389795,0,-0.10995978520993624,-0.21991957041987248,-0.10995978520993624
2014-04-14 11:30:00,75.4498484864,0.21466305171696504,0,-0.10996028220641016,-0.21992056441282035,-0.10996028220641017
2014-04-14 11:35:00,74.58172798439999,0.21061947476691434,0,-0.10996077306182396,-0.21992154612364792,-0.10996077306182396
2014-04-14 11:40:00,85.3462941958,0.25059684131002874,0,-0.10996125785203174,-0.2199225157040635,-0.10996125785203174
2014-04-14 11:45:00,83.1006170589,0.2385590804605133,0,-0.1099617366519514,-0.2199234733039028,-0.1099617366519514
2014-04-14 11:50:00,74.958800913,0.20558575435958848,0,-0.10996220953557603,-0.21992441907115207,-0.10996220953557603
2014-04-14 11:55:00,81.35044489090001,0.22932765746440725,0,-0.10996267657598542,-0.21992535315197084,-0.10996267657598542
2014-04-14 12:00:00,79.0657508102,0.21857893052328026,0,-0.10996313784535726,-0.21992627569071446,-0.10996313784535726
2014-04-14 12:05:00,74.4490365401,0.1996278144467556,0,-0.10996359341497826,-0.21992718682995646,-0.10996359341497826
2014-04-14 12:10:00,80.4131020932,0.2228983020740546,0,-0.10996404335525516,-0.2199280867105103,-0.10996404335525516
2014-04-14 12:15:00,76.4125003129,0.2051596831861108,0,-0.10996448773572552,-0.21992897547145104,-0.10996448773572552
2014-04-14 12:20:00,73.4516580993,0.1927404885967668,0,-0.10996492662506856,-0.21992985325013711,-0.10996492662506856
2014-04-14 12:25:00,79.3759671774,0.2171615507186096,0,-0.1099653600911156,-0.2199307201822312,-0.10996536009111559
2014-04-14 12:30:00,81.34400674930001,0.22490357816425,0,-0.10996578820086056,-0.2199315764017211,-0.10996578820086055
2014-04-14 12:35:00,72.663201963,0.18586607272086605,0,-0.10996621102047034,-0.21993242204094068,-0.10996621102047034
2014-04-14 12:40:00,78.33936380979999,0.21040900870639154,0,-0.10996662861529498,-0.21993325723059,-0.10996662861529498
2014-04-14 12:45:00,76.0312436085,0.19908015330527654,0,-0.10996704104987773,-0.21993408209975546,-0.10996704104987771
2014-04-14 12:50:00,72.40342096,0.18259166707922486,0,-0.10996744838796492,-0.21993489677592987,-0.10996744838796493
2014-04-14 12:55:00,73.9217880728,0.1893458896126277,0,-0.10996785069251598,-0.219935701385032,-0.10996785069251601
2014-04-14 13:00:00,74.2067326499,0.19048860276784346,0,-0.10996824802571302,-0.21993649605142604,-0.10996824802571302
2014-04-14 13:05:00,74.90800573279999,0.1936441221346233,0,-0.10996864044897027,-0.2199372808979405,-0.10996864044897027
2014-04-14 13:10:00,84.8336761731,0.24721640876433346,0,-0.1099690280229439,-0.2199380560458878,-0.1099690280229439
2014-04-14 13:15:00,79.0129022149,0.21156877241947644,0,-0.10996941080754102,-0.21993882161508205,-0.10996941080754102
2014-04-14 13:20:00,74.3355310661,0.18630952231313708,0,-0.10996978886192918,-0.2199395777238584,-0.10996978886192918
2014-04-14 13:25:00,73.5870863305,0.18242665973575706,0,-0.10997016224454532,-0.21994032448909065,-0.10997016224454532
2014-04-14 13:30:00,76.74862324829998,0.1992681247812942,0,-0.10997053101310487,-0.21994106202620972,-0.10997053101310487
2014-04-14 13:35:00,84.74790391970001,0.2477213839762545,0,-0.1099708952246106,-0.2199417904492212,-0.1099708952246106
2014-04-14 13:40:00,77.8126780412,0.2019350961490841,0,-0.10997125493536143,-0.2199425098707229,-0.10997125493536145
2014-04-14 13:45:00,74.5404637588,0.1828033500296946,0,-0.1099716102009612,-0.2199432204019224,-0.10997161020096119
2014-04-14 13:50:00,78.4470270986,0.205750265734462,0,-0.10997196107632697,-0.21994392215265396,-0.10997196107632697
2014-04-14 13:55:00,80.8655725202,0.22066400758263,0,-0.10997230761569787,-0.21994461523139575,-0.10997230761569789
2014-04-14 14:00:00,72.46986821760001,0.1975986995342594,0,-0.1099726498726432,-0.2199452997452864,-0.1099726498726432
2014-04-14 14:05:00,82.0383307941,0.2294991030073071,0,-0.10997298790007072,-0.21994597580014147,-0.10997298790007073
2014-04-14 14:10:00,78.3178526109,0.20212641850549629,0,-0.10997332175023493,-0.21994664350046986,-0.10997332175023493
2014-04-14 14:15:00,72.1521505326,0.20342479603837085,0,-0.109973651474745,-0.21994730294949,-0.10997365147474499
2014-04-14 14:20:00,82.7782568361,0.2359412152131579,0,-0.10997397712457277,-0.2199479542491456,-0.10997397712457278
2014-04-14 14:25:00,83.39419905529999,0.2387164056793603,0,-0.10997429875006072,-0.21994859750012147,-0.10997429875006073
2014-04-14 14:30:00,82.057497668,0.2259667803570393,0,-0.1099746164009296,-0.2199492328018592,-0.10997461640092959
2014-04-14 14:35:00,77.4671648792,0.19051521235482025,0,-0.10997493012628604,-0.2199498602525721,-0.10997493012628605
2014-04-14 14:40:00,80.4698149285,0.21260244458993727,0,-0.1099752399746304,-0.2199504799492608,-0.1099752399746304
2014-04-14 14:45:00,78.190769961,0.19427842358132189,0,-0.109975545993864,-0.219951091987728,-0.10997554599386399
2014-04-14 14:50:00,83.2059536051,0.23476680899925675,0,-0.10997584823129654,-0.21995169646259308,-0.10997584823129654
2014-04-14 14:55:00,81.3333787902,0.21672435999329687,0,-0.10997614673365354,-0.21995229346730708,-0.10997614673365354
2014-04-14 15:00:00,73.30808205689999,0.21322624830316647,0,-0.1099764415470834,-0.21995288309416686,-0.10997644154708341
2014-04-14 15:05:00,82.28870695229999,0.2265904051621477,0,-0.10997673271716467,-0.21995346543432934,-0.10997673271716467
2014-04-14 15:10:00,82.9950178696,0.23155127399693304,0,-0.10997702028891286,-0.21995404057782567,-0.10997702028891286
2014-04-14 15:15:00,77.93048675,0.1855654941946942,0,-0.10997730430678763,-0.2199546086135753,-0.10997730430678765
2014-04-14 15:20:00,86.01174677469999,0.261388623164142,0,-0.1099775848146995,-0.21995516962939898,-0.1099775848146995
2014-04-14 15:25:00,85.4874089905,0.2519096220948558,0,-0.10997786185601667,-0.21995572371203334,-0.10997786185601668
2014-04-14 15:30:00,74.80194627680001,0.21358001632956106,0,-0.10997813547357173,-0.21995627094714346,-0.10997813547357171
2014-04-14 15:35:00,86.46743084049999,0.2628199799389463,0,-0.10997840570966813,-0.2199568114193363,-0.10997840570966814
2014-04-14 15:40:00,79.0531990259,0.1863641478293598,0,-0.10997867260608707,-0.21995734521217414,-0.10997867260608707
2014-04-14 15:45:00,83.5791920742,0.22954163069986866,0,-0.10997893620409344,-0.2199578724081869,-0.10997893620409345
2014-04-14 15:50:00,85.0247358662,0.24325958472314554,0,-0.10997919654444266,-0.21995839308888526,-0.10997919654444266
2014-04-14 15:55:00,80.0810299518,0.19070901644753369,0,-0.10997945366738666,-0.21995890733477333,-0.10997945366738666
2014-04-14 16:00:00,78.3854805295,0.19017903586415405,0,-0.1099797076126802,-0.2199594152253604,-0.10997970761268021
2014-04-14 16:05:00,86.64705553520002,0.2634037502163164,0,-0.10997995841958708,-0.21995991683917412,-0.10997995841958708
2014-04-14 16:10:00,75.6935115151,0.2217145998475528,0,-0.10998020612688604,-0.21996041225377205,-0.10998020612688603
2014-04-14 16:15:00,76.1113751094,0.2158015269443012,0,-0.10998045077287684,-0.21996090154575368,-0.10998045077287684
2014-04-14 16:20:00,77.7857756752,0.1967000863953904,0,-0.10998069239538624,-0.21996138479077249,-0.10998069239538623
2014-04-14 16:25:00,85.7512878047,0.2589470756473625,0,-0.10998093103177367,-0.21996186206354731,-0.10998093103177367
2014-04-14 16:30:00,87.0204451478,0.2719118672935109,0,-0.10998116671893717,-0.2199623334378743,-0.10998116671893715
2014-04-14 16:35:00,75.5209384356,0.2303203756376821,0,-0.10998139949331892,-0.21996279898663784,-0.10998139949331892
2014-04-14 16:40:00,85.821757584,0.25532278413657805,0,-0.10998162939091104,-0.2199632587818221,-0.10998162939091105
2014-04-14 16:45:00,76.13110117949999,0.22528142017611785,0,-0.109981856447261,-0.219963712894522,-0.10998185644726101
2014-04-14 16:50:00,87.53009188989998,0.2796597116823393,0,-0.1099820806974772,-0.2199641613949544,-0.10998208069747721
2014-04-14 16:55:00,81.5583696793,0.19802067824211728,0,-0.10998230217623436,-0.2199646043524687,-0.10998230217623435
2014-04-14 17:00:00,72.1133557876,0.2863045396405456,0,-0.10998252091777876,-0.2199650418355576,-0.10998252091777878
2014-04-14 17:05:00,72.54605060739999,0.27326511113843593,0,-0.10998273695593387,-0.21996547391186771,-0.10998273695593387
2014-04-14 17:10:00,74.3597239387,0.24321904501245264,0,-0.10998295032410513,-0.21996590064821026,-0.10998295032410511
2014-04-14 17:15:00,75.0011417247,0.2322385703081043,0,-0.10998316105528536,-0.21996632211057074,-0.10998316105528537
2014-04-14 17:20:00,84.281873601,0.2484976120699449,0,-0.10998336918205992,-0.21996673836411984,-0.10998336918205992
2014-04-14 17:25:00,75.564225006,0.2270031843099141,0,-0.10998357473661154,-0.21996714947322307,-0.10998357473661154
2014-04-14 17:30:00,87.5062323184,0.2982146587280753,0,-0.10998377775072538,-0.21996755550145075,-0.10998377775072538
2014-04-14 17:35:00,82.177761359,0.21468138280577725,0,-0.109983978255794,-0.21996795651158801,-0.109983978255794
2014-04-14 17:40:00,83.08024824520001,0.2255489880259781,0,-0.10998417628282213,-0.21996835256564426,-0.10998417628282212
2014-04-14 17:45:00,75.48503532229999,0.2379594489465484,0,-0.10998437186243144,-0.2199687437248629,-0.10998437186243144
2014-04-14 17:50:00,86.28326789270002,0.27542694709892906,0,-0.10998456502486537,-0.21996913004973076,-0.10998456502486537
2014-04-14 17:55:00,82.6850014141,0.2175839838918408,0,-0.1099847557999937,-0.2199695115999874,-0.1099847557999937
2014-04-14 18:00:00,34.332189404,0.8998526008669819,0,-0.10998494421731722,-0.21996988843463444,-0.10998494421731722
2014-04-14 18:05:00,34.921472317399996,0.5840398419380725,0,-0.10998513030597226,-0.21997026061194447,-0.10998513030597226
2014-04-14 18:10:00,29.604096569499998,0.5163616384104864,0,-0.10998531409473518,-0.2199706281894704,-0.10998531409473518
2014-04-14 18:15:00,29.4181526254,0.43912069271226223,0,-0.10998549561202688,-0.21997099122405372,-0.10998549561202688
2014-04-14 18:20:00,33.9418035733,0.3661296837176782,0,-0.10998567488591708,-0.21997134977183416,-0.10998567488591708
2014-04-14 18:25:00,34.343200184299995,0.34150260507038305,0,-0.10998585194412876,-0.2199717038882576,-0.10998585194412878
2014-04-14 18:30:00,32.5360668467,0.3342663666194648,0,-0.10998602681404243,-0.2199720536280849,-0.10998602681404245
2014-04-14 18:35:00,31.1423975263,0.3261402647819896,0,-0.10998619952270028,-0.21997239904540056,-0.10998619952270028
2014-04-14 18:40:00,32.9768233393,0.30436035947440393,0,-0.10998637009681037,-0.21997274019362076,-0.10998637009681037
2014-04-14 18:45:00,30.7562441594,0.3048620516239033,0,-0.10998653856275087,-0.21997307712550174,-0.10998653856275087
2014-04-14 18:50:00,30.3256626073,0.29723171663579456,0,-0.10998670494657402,-0.21997340989314804,-0.10998670494657402
2014-04-14 18:55:00,31.9241232115,0.28217146171372154,0,-0.1099868692740102,-0.2199737385480204,-0.10998686927401019
2014-04-14 19:00:00,21.128367988599997,0.32226391026674506,0,-0.10998703157047188,-0.21997406314094373,-0.10998703157047188
2014-04-14 19:05:00,22.326990940500004,0.30462758799801465,0,-0.10998719186105756,-0.2199743837221152,-0.10998719186105758
2014-04-14 19:10:00,24.445595803499998,0.2865960583473321,0,-0.10998735017055572,-0.21997470034111144,-0.10998735017055572
2014-04-14 19:15:00,23.9222311673,0.28180310886590665,0,-0.10998750652344844,-0.2199750130468969,-0.10998750652344845
2014-04-14 19:20:00,24.378505181999998,0.2738085002958757,0,-0.10998766094391546,-0.21997532188783087,-0.10998766094391546
2014-04-14 19:25:00,23.7723525032,0.2708177238686564,0,-0.10998781345583766,-0.21997562691167533,-0.10998781345583766
2014-04-14 19:30:00,21.749282999899997,0.2735467600573285,0,-0.10998796408280097,-0.2199759281656019,-0.10998796408280095
2014-04-14 19:35:00,23.797961363200002,0.2605880950596373,0,-0.1099881128480998,-0.2199762256961996,-0.1099881128480998
2014-04-14 19:40:00,24.2946611984,0.2548043008698931,0,-0.10998825977474083,-0.21997651954948166,-0.10998825977474083
2014-04-14 19:45:00,24.4027189908,0.2509689511270365,0,-0.10998840488544646,-0.21997680977089293,-0.10998840488544646
2014-04-14 19:50:00,23.2207250972,0.2522200706718122,0,-0.10998854820265833,-0.21997709640531665,-0.10998854820265833
2014-04-14 19:55:00,21.1069214064,0.2569502289038821,0,-0.1099886897485408,-0.21997737949708165,-0.10998868974854081
2014-04-14 20:00:00,18.594730389000002,0.2629728377625548,0,-0.1099888295449844,-0.2199776590899688,-0.1099888295449844
2014-04-14 20:05:00,19.0349319061,0.2571025578782903,0,-0.10998896761360916,-0.2199779352272183,-0.10998896761360916
2014-04-14 20:10:00,22.3868799071,0.24082832358088235,0,-0.10998910397576796,-0.21997820795153594,-0.10998910397576797
2014-04-14 20:15:00,20.324748348,0.2462224028747589,0,-0.10998923865254996,-0.2199784773050999,-0.10998923865254995
2014-04-14 20:20:00,21.9340224535,0.23735643415605434,0,-0.10998937166478354,-0.21997874332956707,-0.10998937166478354
2014-04-14 20:25:00,20.336820608900002,0.24130957474617964,0,-0.10998950303303992,-0.21997900606607984,-0.10998950303303992
2014-04-14 20:30:00,21.1387085682,0.23579343446823106,0,-0.10998963277763604,-0.21997926555527209,-0.10998963277763603
2014-04-14 20:35:00,18.5308804007,0.24401595341492835,0,-0.10998976091863782,-0.21997952183727565,-0.10998976091863782
2014-04-14 20:40:00,19.4554465719,0.2377155693241971,0,-0.10998988747586323,-0.2199797749517265,-0.10998988747586325
2014-04-14 20:45:00,20.2189587284,0.2324856781500885,0,-0.10999001246888546,-0.2199800249377709,-0.10999001246888546
2014-04-14 20:50:00,21.015064517,0.2274362811399317,0,-0.1099901359170357,-0.2199802718340714,-0.1099901359170357
2014-04-14 20:55:00,19.134550556700002,0.2335187708242619,0,-0.10999025783940636,-0.21998051567881274,-0.10999025783940637
2014-04-14 21:00:00,21.1592851934,0.22325751692747464,0,-0.10999037825485396,-0.21998075650970791,-0.10999037825485396
2014-04-14 21:05:00,19.5510153471,0.2285809804966105,0,-0.10999049718200196,-0.21998099436400392,-0.10999049718200196
2014-04-14 21:10:00,21.3718357818,0.2192580299135333,0,-0.10999061463924373,-0.21998122927848746,-0.10999061463924373
2014-04-14 21:15:00,18.4801573229,0.23054508299779344,0,-0.10999073064474536,-0.2199814612894907,-0.10999073064474535
2014-04-14 21:20:00,20.8184776263,0.2185411149109584,0,-0.10999084521644843,-0.2199816904328969,-0.10999084521644845
2014-04-14 21:25:00,19.2653451897,0.2242619361788403,0,-0.10999095837207294,-0.21998191674414588,-0.10999095837207294
2014-04-14 21:30:00,21.2832040014,0.21379071439535585,0,-0.10999107012911978,-0.2199821402582396,-0.10999107012911978
2014-04-14 21:35:00,19.702803332200002,0.22001695511783947,0,-0.1099911805048737,-0.2199823610097474,-0.1099911805048737
2014-04-14 21:40:00,20.7605731912,0.21387627079450167,0,-0.1099912895164058,-0.2199825790328116,-0.1099912895164058
2014-04-14 21:45:00,21.8415596823,0.20788094735768872,0,-0.10999139718057624,-0.2199827943611525,-0.10999139718057625
2014-04-14 21:50:00,18.169302515,0.22494113467145,0,-0.10999150351403693,-0.21998300702807386,-0.10999150351403691
2014-04-14 21:55:00,18.1310805272,0.22367198114058304,0,-0.10999160853323382,-0.21998321706646765,-0.10999160853323382
2014-04-14 22:00:00,21.1013548707,0.20737314755992967,0,-0.10999171225440986,-0.21998342450881966,-0.10999171225440986
2014-04-14 22:05:00,20.6053343452,0.2091337787926588,0,-0.10999181469360717,-0.2199836293872143,-0.10999181469360715
2014-04-14 22:10:00,19.1903239147,0.2157067589740518,0,-0.1099919158666696,-0.2199838317333392,-0.10999191586666959
2014-04-14 22:15:00,19.996765284600002,0.21036946744994334,0,-0.10999201578924528,-0.21998403157849056,-0.10999201578924529
2014-04-14 22:20:00,18.185183686400002,0.2194652369842336,0,-0.109992114476789,-0.21998422895357805,-0.10999211447678901
2014-04-14 22:25:00,18.787801403299998,0.2148650430737979,0,-0.1099922119445645,-0.219984423889129,-0.1099922119445645
2014-04-14 22:30:00,19.7168955545,0.2086040185289708,0,-0.10999230820764694,-0.21998461641529388,-0.10999230820764694
2014-04-14 22:35:00,21.356660385,0.1986187948882218,0,-0.10999240328092516,-0.21998480656185035,-0.10999240328092517
2014-04-14 22:40:00,19.9377906436,0.206320994785618,0,-0.1099924971791041,-0.2199849943582082,-0.1099924971791041
2014-04-14 22:45:00,20.3649816401,0.20310242126558006,0,-0.10999258991670686,-0.21998517983341373,-0.10999258991670686
2014-04-14 22:50:00,21.515650372,0.19567866056904729,0,-0.10999268150807716,-0.21998536301615434,-0.10999268150807717
2014-04-14 22:55:00,19.2537415095,0.2092760973433901,0,-0.10999277196738146,-0.2199855439347629,-0.10999277196738146
2014-04-14 23:00:00,20.8067914194,0.19863531079751248,0,-0.10999286130861108,-0.21998572261722216,-0.10999286130861109
2014-04-14 23:05:00,21.4507867931,0.1941234261168389,0,-0.1099929495455846,-0.2199858990911692,-0.1099929495455846
2014-04-14 23:10:00,18.8140744098,0.2113109145788526,0,-0.10999303669194964,-0.2199860733838993,-0.10999303669194965
2014-04-14 23:15:00,19.4296424339,0.2061744988179951,0,-0.10999312276118534,-0.21998624552237067,-0.10999312276118534
2014-04-14 23:20:00,21.923449187600003,0.1885257917445492,0,-0.10999320776660416,-0.2199864155332083,-0.10999320776660415
2014-04-14 23:25:00,21.9370853689,0.1882764426730061,0,-0.10999329172135408,-0.21998658344270813,-0.10999329172135407
2014-04-14 23:30:00,18.8965471599,0.2100573558711119,0,-0.1099933746384206,-0.2199867492768412,-0.10999337463842059
2014-04-14 23:35:00,18.2692903842,0.2140811124610548,0,-0.10999345653062877,-0.21998691306125756,-0.10999345653062877
2014-04-14 23:40:00,19.0873505112,0.20668377511954408,0,-0.10999353741064513,-0.21998707482129026,-0.10999353741064512
2014-04-14 23:45:00,19.5946892854,0.2019920111880666,0,-0.10999361729097967,-0.21998723458195935,-0.10999361729097969
2014-04-14 23:50:00,19.7678170941,0.20006816803909816,0,-0.10999369618398784,-0.2199873923679757,-0.10999369618398785
2014-04-14 23:55:00,20.4791564706,0.19386867042236355,0,-0.10999377410187236,-0.21998754820374472,-0.10999377410187236
