timestamp,value,anomaly_score,label,S(t)_standard,S(t)_reward_low_FP_rate,S(t)_reward_low_FN_rate
2014-04-01 00:00:00,20.0,0.0,0,-0.11,-0.22,-0.11
2014-04-01 00:05:00,20.0,0.0,0,-0.11,-0.22,-0.11
2014-04-01 00:10:00,20.0,0.0,0,-0.11,-0.22,-0.11
2014-04-01 00:15:00,20.0,0.0,0,-0.11,-0.22,-0.11
2014-04-01 00:20:00,20.0,0.0,0,-0.11,-0.22,-0.11
2014-04-01 00:25:00,20.0,0.0,0,-0.11,-0.22,-0.11
2014-04-01 00:30:00,20.0,0.0,0,-0.11,-0.22,-0.11
2014-04-01 00:35:00,20.0,0.0,0,-0.11,-0.22,-0.11
2014-04-01 00:40:00,20.0,0.0,0,-0.11,-0.22,-0.11
2014-04-01 00:45:00,20.0,0.0,0,-0.11,-0.22,-0.11
2014-04-01 00:50:00,20.0,0.0,0,-0.11,-0.22,-0.11
2014-04-01 00:55:00,20.0,0.0,0,-0.11,-0.22,-0.11
2014-04-01 01:00:00,20.0,0.0,0,-0.11,-0.22,-0.11
2014-04-01 01:05:00,20.0,0.0,0,-0.11,-0.22,-0.11
2014-04-01 01:10:00,20.0,0.0,0,-0.11,-0.22,-0.11
2014-04-01 01:15:00,20.0,0.0,0,-0.11,-0.22,-0.11
2014-04-01 01:20:00,20.0,0.0,0,-0.11,-0.22,-0.11
2014-04-01 01:25:00,20.0,0.0,0,-0.11,-0.22,-0.11
2014-04-01 01:30:00,20.0,0.0,0,-0.11,-0.22,-0.11
2014-04-01 01:35:00,20.0,0.0,0,-0.11,-0.22,-0.11
2014-04-01 01:40:00,20.0,0.0,0,-0.11,-0.22,-0.11
2014-04-01 01:45:00,20.0,0.0,0,-0.11,-0.22,-0.11
2014-04-01 01:50:00,20.0,0.0,0,-0.11,-0.22,-0.11
2014-04-01 01:55:00,20.0,0.0,0,-0.11,-0.22,-0.11
2014-04-01 02:00:00,20.0,0.0,0,-0.11,-0.22,-0.11
2014-04-01 02:05:00,20.0,0.0,0,-0.11,-0.22,-0.11
2014-04-01 02:10:00,20.0,0.0,0,-0.11,-0.22,-0.11
2014-04-01 02:15:00,20.0,0.0,0,-0.11,-0.22,-0.11
2014-04-01 02:20:00,20.0,0.0,0,-0.11,-0.22,-0.11
2014-04-01 02:25:00,20.0,0.0,0,-0.11,-0.22,-0.11
2014-04-01 02:30:00,20.0,0.0,0,-0.11,-0.22,-0.11
2014-04-01 02:35:00,20.0,0.0,0,-0.11,-0.22,-0.11
2014-04-01 02:40:00,20.0,0.0,0,-0.11,-0.22,-0.11
2014-04-01 02:45:00,20.0,0.0,0,-0.11,-0.22,-0.11
2014-04-01 02:50:00,20.0,0.0,0,-0.11,-0.22,-0.11
2014-04-01 02:55:00,20.0,0.0,0,-0.11,-0.22,-0.11
2014-04-01 03:00:00,20.0,0.0,0,-0.11,-0.22,-0.11
2014-04-01 03:05:00,20.0,0.0,0,-0.11,-0.22,-0.11
2014-04-01 03:10:00,20.0,0.0,0,-0.11,-0.22,-0.11
2014-04-01 03:15:00,20.0,0.0,0,-0.11,-0.22,-0.11
2014-04-01 03:20:00,20.0,0.0,0,-0.11,-0.22,-0.11
2014-04-01 03:25:00,20.0,0.0,0,-0.11,-0.22,-0.11
2014-04-01 03:30:00,20.0,0.0,0,-0.11,-0.22,-0.11
2014-04-01 03:35:00,20.0,0.0,0,-0.11,-0.22,-0.11
2014-04-01 03:40:00,20.0,0.0,0,-0.11,-0.22,-0.11
2014-04-01 03:45:00,20.0,0.0,0,-0.11,-0.22,-0.11
2014-04-01 03:50:00,20.0,0.0,0,-0.11,-0.22,-0.11
2014-04-01 03:55:00,20.0,0.0,0,-0.11,-0.22,-0.11
2014-04-01 04:00:00,20.0,0.0,0,-0.11,-0.22,-0.11
2014-04-01 04:05:00,20.0,0.0,0,-0.11,-0.22,-0.11
2014-04-01 04:10:00,20.0,0.0,0,-0.11,-0.22,-0.11
2014-04-01 04:15:00,20.0,0.0,0,-0.11,-0.22,-0.11
2014-04-01 04:20:00,20.0,0.0,0,-0.11,-0.22,-0.11
2014-04-01 04:25:00,20.0,0.0,0,-0.11,-0.22,-0.11
2014-04-01 04:30:00,20.0,0.0,0,-0.11,-0.22,-0.11
2014-04-01 04:35:00,20.0,0.0,0,-0.11,-0.22,-0.11
2014-04-01 04:40:00,20.0,0.0,0,-0.11,-0.22,-0.11
2014-04-01 04:45:00,20.0,0.0,0,-0.11,-0.22,-0.11
2014-04-01 04:50:00,20.0,0.0,0,-0.11,-0.22,-0.11
2014-04-01 04:55:00,20.0,0.0,0,-0.11,-0.22,-0.11
2014-04-01 05:00:00,20.0,0.0,0,-0.11,-0.22,-0.11
2014-04-01 05:05:00,20.0,0.0,0,-0.11,-0.22,-0.11
2014-04-01 05:10:00,20.0,0.0,0,-0.11,-0.22,-0.11
2014-04-01 05:15:00,20.0,0.0,0,-0.11,-0.22,-0.11
2014-04-01 05:20:00,20.0,0.0,0,-0.11,-0.22,-0.11
2014-04-01 05:25:00,20.0,0.0,0,-0.11,-0.22,-0.11
2014-04-01 05:30:00,20.0,0.0,0,-0.11,-0.22,-0.11
2014-04-01 05:35:00,20.0,0.0,0,-0.11,-0.22,-0.11
2014-04-01 05:40:00,20.0,0.0,0,-0.11,-0.22,-0.11
2014-04-01 05:45:00,20.0,0.0,0,-0.11,-0.22,-0.11
2014-04-01 05:50:00,20.0,0.0,0,-0.11,-0.22,-0.11
2014-04-01 05:55:00,20.0,0.0,0,-0.11,-0.22,-0.11
2014-04-01 06:00:00,20.0,0.0,0,-0.11,-0.22,-0.11
2014-04-01 06:05:00,20.0,0.0,0,-0.11,-0.22,-0.11
2014-04-01 06:10:00,20.0,0.0,0,-0.11,-0.22,-0.11
2014-04-01 06:15:00,20.0,0.0,0,-0.11,-0.22,-0.11
2014-04-01 06:20:00,20.0,0.0,0,-0.11,-0.22,-0.11
2014-04-01 06:25:00,20.0,0.0,0,-0.11,-0.22,-0.11
2014-04-01 06:30:00,20.0,0.0,0,-0.11,-0.22,-0.11
2014-04-01 06:35:00,20.0,0.0,0,-0.11,-0.22,-0.11
2014-04-01 06:40:00,20.0,0.0,0,-0.11,-0.22,-0.11
2014-04-01 06:45:00,20.0,0.0,0,-0.11,-0.22,-0.11
2014-04-01 06:50:00,20.0,0.0,0,-0.11,-0.22,-0.11
2014-04-01 06:55:00,20.0,0.0,0,-0.11,-0.22,-0.11
2014-04-01 07:00:00,20.0,0.0,0,-0.11,-0.22,-0.11
2014-04-01 07:05:00,20.0,0.0,0,-0.11,-0.22,-0.11
2014-04-01 07:10:00,20.0,0.0,0,-0.11,-0.22,-0.11
2014-04-01 07:15:00,20.0,0.0,0,-0.11,-0.22,-0.11
2014-04-01 07:20:00,20.0,0.0,0,-0.11,-0.22,-0.11
2014-04-01 07:25:00,20.0,0.0,0,-0.11,-0.22,-0.11
2014-04-01 07:30:00,20.0,0.0,0,-0.11,-0.22,-0.11
2014-04-01 07:35:00,20.0,0.0,0,-0.11,-0.22,-0.11
2014-04-01 07:40:00,20.0,0.0,0,-0.11,-0.22,-0.11
2014-04-01 07:45:00,20.0,0.0,0,-0.11,-0.22,-0.11
2014-04-01 07:50:00,20.0,0.0,0,-0.11,-0.22,-0.11
2014-04-01 07:55:00,20.0,0.0,0,-0.11,-0.22,-0.11
2014-04-01 08:00:00,20.0,0.0,0,-0.11,-0.22,-0.11
2014-04-01 08:05:00,20.0,0.0,0,-0.11,-0.22,-0.11
2014-04-01 08:10:00,20.0,0.0,0,-0.11,-0.22,-0.11
2014-04-01 08:15:00,20.0,0.0,0,-0.11,-0.22,-0.11
2014-04-01 08:20:00,20.0,0.0,0,-0.11,-0.22,-0.11
2014-04-01 08:25:00,20.0,0.0,0,-0.11,-0.22,-0.11
2014-04-01 08:30:00,20.0,0.0,0,-0.11,-0.22,-0.11
2014-04-01 08:35:00,20.0,0.0,0,-0.11,-0.22,-0.11
2014-04-01 08:40:00,20.0,0.0,0,-0.11,-0.22,-0.11
2014-04-01 08:45:00,20.0,0.0,0,-0.11,-0.22,-0.11
2014-04-01 08:50:00,20.0,0.0,0,-0.11,-0.22,-0.11
2014-04-01 08:55:00,20.0,0.0,0,-0.11,-0.22,-0.11
2014-04-01 09:00:00,80.0,0.0,0,-0.11,-0.22,-0.11
2014-04-01 09:05:00,80.0,0.0,0,-0.11,-0.22,-0.11
2014-04-01 09:10:00,80.0,0.0,0,-0.11,-0.22,-0.11
2014-04-01 09:15:00,80.0,0.0,0,-0.11,-0.22,-0.11
2014-04-01 09:20:00,80.0,0.0,0,-0.11,-0.22,-0.11
2014-04-01 09:25:00,80.0,0.0,0,-0.11,-0.22,-0.11
2014-04-01 09:30:00,80.0,0.0,0,-0.11,-0.22,-0.11
2014-04-01 09:35:00,80.0,0.0,0,-0.11,-0.22,-0.11
2014-04-01 09:40:00,80.0,0.0,0,-0.11,-0.22,-0.11
2014-04-01 09:45:00,80.0,0.0,0,-0.11,-0.22,-0.11
2014-04-01 09:50:00,80.0,0.0,0,-0.11,-0.22,-0.11
2014-04-01 09:55:00,80.0,0.0,0,-0.11,-0.22,-0.11
2014-04-01 10:00:00,80.0,0.0,0,-0.11,-0.22,-0.11
2014-04-01 10:05:00,80.0,0.0,0,-0.11,-0.22,-0.11
2014-04-01 10:10:00,80.0,0.0,0,-0.11,-0.22,-0.11
2014-04-01 10:15:00,80.0,0.0,0,-0.11,-0.22,-0.11
2014-04-01 10:20:00,80.0,0.0,0,-0.11,-0.22,-0.11
2014-04-01 10:25:00,80.0,0.0,0,-0.11,-0.22,-0.11
2014-04-01 10:30:00,80.0,0.0,0,-0.11,-0.22,-0.11
2014-04-01 10:35:00,80.0,0.0,0,-0.11,-0.22,-0.11
2014-04-01 10:40:00,80.0,0.0,0,-0.11,-0.22,-0.11
2014-04-01 10:45:00,80.0,0.0,0,-0.11,-0.22,-0.11
2014-04-01 10:50:00,80.0,0.0,0,-0.11,-0.22,-0.11
2014-04-01 10:55:00,80.0,0.0,0,-0.11,-0.22,-0.11
2014-04-01 11:00:00,80.0,0.0,0,-0.11,-0.22,-0.11
2014-04-01 11:05:00,80.0,0.0,0,-0.11,-0.22,-0.11
2014-04-01 11:10:00,80.0,0.0,0,-0.11,-0.22,-0.11
2014-04-01 11:15:00,80.0,0.0,0,-0.11,-0.22,-0.11
2014-04-01 11:20:00,80.0,0.0,0,-0.11,-0.22,-0.11
2014-04-01 11:25:00,80.0,0.0,0,-0.11,-0.22,-0.11
2014-04-01 11:30:00,80.0,0.0,0,-0.11,-0.22,-0.11
2014-04-01 11:35:00,80.0,0.0,0,-0.11,-0.22,-0.11
2014-04-01 11:40:00,80.0,0.0,0,-0.11,-0.22,-0.11
2014-04-01 11:45:00,80.0,0.0,0,-0.11,-0.22,-0.11
2014-04-01 11:50:00,80.0,0.0,0,-0.11,-0.22,-0.11
2014-04-01 11:55:00,80.0,0.0,0,-0.11,-0.22,-0.11
2014-04-01 12:00:00,80.0,0.0,0,-0.11,-0.22,-0.11
2014-04-01 12:05:00,80.0,0.0,0,-0.11,-0.22,-0.11
2014-04-01 12:10:00,80.0,0.0,0,-0.11,-0.22,-0.11
2014-04-01 12:15:00,80.0,0.0,0,-0.11,-0.22,-0.11
2014-04-01 12:20:00,80.0,0.0,0,-0.11,-0.22,-0.11
2014-04-01 12:25:00,80.0,0.0,0,-0.11,-0.22,-0.11
2014-04-01 12:30:00,80.0,0.0,0,-0.11,-0.22,-0.11
2014-04-01 12:35:00,80.0,0.0,0,-0.11,-0.22,-0.11
2014-04-01 12:40:00,80.0,0.0,0,-0.11,-0.22,-0.11
2014-04-01 12:45:00,80.0,0.0,0,-0.11,-0.22,-0.11
2014-04-01 12:50:00,80.0,0.0,0,-0.11,-0.22,-0.11
2014-04-01 12:55:00,80.0,0.0,0,-0.11,-0.22,-0.11
2014-04-01 13:00:00,80.0,0.0,0,-0.11,-0.22,-0.11
2014-04-01 13:05:00,80.0,0.0,0,-0.11,-0.22,-0.11
2014-04-01 13:10:00,80.0,0.0,0,-0.11,-0.22,-0.11
2014-04-01 13:15:00,80.0,0.0,0,-0.11,-0.22,-0.11
2014-04-01 13:20:00,80.0,0.0,0,-0.11,-0.22,-0.11
2014-04-01 13:25:00,80.0,0.0,0,-0.11,-0.22,-0.11
2014-04-01 13:30:00,80.0,0.0,0,-0.11,-0.22,-0.11
2014-04-01 13:35:00,80.0,0.0,0,-0.11,-0.22,-0.11
2014-04-01 13:40:00,80.0,0.0,0,-0.11,-0.22,-0.11
2014-04-01 13:45:00,80.0,0.0,0,-0.11,-0.22,-0.11
2014-04-01 13:50:00,80.0,0.0,0,-0.11,-0.22,-0.11
2014-04-01 13:55:00,80.0,0.0,0,-0.11,-0.22,-0.11
2014-04-01 14:00:00,80.0,0.0,0,-0.11,-0.22,-0.11
2014-04-01 14:05:00,80.0,0.0,0,-0.11,-0.22,-0.11
2014-04-01 14:10:00,80.0,0.0,0,-0.11,-0.22,-0.11
2014-04-01 14:15:00,80.0,0.0,0,-0.11,-0.22,-0.11
2014-04-01 14:20:00,80.0,0.0,0,-0.11,-0.22,-0.11
2014-04-01 14:25:00,80.0,0.0,0,-0.11,-0.22,-0.11
2014-04-01 14:30:00,80.0,0.0,0,-0.11,-0.22,-0.11
2014-04-01 14:35:00,80.0,0.0,0,-0.11,-0.22,-0.11
2014-04-01 14:40:00,80.0,0.0,0,-0.11,-0.22,-0.11
2014-04-01 14:45:00,80.0,0.0,0,-0.11,-0.22,-0.11
2014-04-01 14:50:00,80.0,0.0,0,-0.11,-0.22,-0.11
2014-04-01 14:55:00,80.0,0.0,0,-0.11,-0.22,-0.11
2014-04-01 15:00:00,80.0,0.0,0,-0.11,-0.22,-0.11
2014-04-01 15:05:00,80.0,0.0,0,-0.11,-0.22,-0.11
2014-04-01 15:10:00,80.0,0.0,0,-0.11,-0.22,-0.11
2014-04-01 15:15:00,80.0,0.0,0,-0.11,-0.22,-0.11
2014-04-01 15:20:00,80.0,0.0,0,-0.11,-0.22,-0.11
2014-04-01 15:25:00,80.0,0.0,0,-0.11,-0.22,-0.11
2014-04-01 15:30:00,80.0,0.0,0,-0.11,-0.22,-0.11
2014-04-01 15:35:00,80.0,0.0,0,-0.11,-0.22,-0.11
2014-04-01 15:40:00,80.0,0.0,0,-0.11,-0.22,-0.11
2014-04-01 15:45:00,80.0,0.0,0,-0.11,-0.22,-0.11
2014-04-01 15:50:00,80.0,0.0,0,-0.11,-0.22,-0.11
2014-04-01 15:55:00,80.0,0.0,0,-0.11,-0.22,-0.11
2014-04-01 16:00:00,80.0,0.0,0,-0.11,-0.22,-0.11
2014-04-01 16:05:00,80.0,0.0,0,-0.11,-0.22,-0.11
2014-04-01 16:10:00,80.0,0.0,0,-0.11,-0.22,-0.11
2014-04-01 16:15:00,80.0,0.0,0,-0.11,-0.22,-0.11
2014-04-01 16:20:00,80.0,0.0,0,-0.11,-0.22,-0.11
2014-04-01 16:25:00,80.0,0.0,0,-0.11,-0.22,-0.11
2014-04-01 16:30:00,80.0,0.0,0,-0.11,-0.22,-0.11
2014-04-01 16:35:00,80.0,0.0,0,-0.11,-0.22,-0.11
2014-04-01 16:40:00,80.0,0.0,0,-0.11,-0.22,-0.11
2014-04-01 16:45:00,80.0,0.0,0,-0.11,-0.22,-0.11
2014-04-01 16:50:00,80.0,0.0,0,-0.11,-0.22,-0.11
2014-04-01 16:55:00,80.0,0.0,0,-0.11,-0.22,-0.11
2014-04-01 17:00:00,80.0,0.0,0,-0.11,-0.22,-0.11
2014-04-01 17:05:00,80.0,0.0,0,-0.11,-0.22,-0.11
2014-04-01 17:10:00,80.0,0.0,0,-0.11,-0.22,-0.11
2014-04-01 17:15:00,80.0,0.0,0,-0.11,-0.22,-0.11
2014-04-01 17:20:00,80.0,0.0,0,-0.11,-0.22,-0.11
2014-04-01 17:25:00,80.0,0.0,0,-0.11,-0.22,-0.11
2014-04-01 17:30:00,80.0,0.0,0,-0.11,-0.22,-0.11
2014-04-01 17:35:00,80.0,0.0,0,-0.11,-0.22,-0.11
2014-04-01 17:40:00,80.0,0.0,0,-0.11,-0.22,-0.11
2014-04-01 17:45:00,80.0,0.0,0,-0.11,-0.22,-0.11
2014-04-01 17:50:00,80.0,0.0,0,-0.11,-0.22,-0.11
2014-04-01 17:55:00,80.0,0.0,0,-0.11,-0.22,-0.11
2014-04-01 18:00:00,20.0,0.0,0,-0.11,-0.22,-0.11
2014-04-01 18:05:00,20.0,0.0,0,-0.11,-0.22,-0.11
2014-04-01 18:10:00,20.0,0.0,0,-0.11,-0.22,-0.11
2014-04-01 18:15:00,20.0,0.0,0,-0.11,-0.22,-0.11
2014-04-01 18:20:00,20.0,0.0,0,-0.11,-0.22,-0.11
2014-04-01 18:25:00,20.0,0.0,0,-0.11,-0.22,-0.11
2014-04-01 18:30:00,20.0,0.0,0,-0.11,-0.22,-0.11
2014-04-01 18:35:00,20.0,0.0,0,-0.11,-0.22,-0.11
2014-04-01 18:40:00,20.0,0.0,0,-0.11,-0.22,-0.11
2014-04-01 18:45:00,20.0,0.0,0,-0.11,-0.22,-0.11
2014-04-01 18:50:00,20.0,0.0,0,-0.11,-0.22,-0.11
2014-04-01 18:55:00,20.0,0.0,0,-0.11,-0.22,-0.11
2014-04-01 19:00:00,20.0,0.0,0,-0.11,-0.22,-0.11
2014-04-01 19:05:00,20.0,0.0,0,-0.11,-0.22,-0.11
2014-04-01 19:10:00,20.0,0.0,0,-0.11,-0.22,-0.11
2014-04-01 19:15:00,20.0,0.0,0,-0.11,-0.22,-0.11
2014-04-01 19:20:00,20.0,0.0,0,-0.11,-0.22,-0.11
2014-04-01 19:25:00,20.0,0.0,0,-0.11,-0.22,-0.11
2014-04-01 19:30:00,20.0,0.0,0,-0.11,-0.22,-0.11
2014-04-01 19:35:00,20.0,0.0,0,-0.11,-0.22,-0.11
2014-04-01 19:40:00,20.0,0.0,0,-0.11,-0.22,-0.11
2014-04-01 19:45:00,20.0,0.0,0,-0.11,-0.22,-0.11
2014-04-01 19:50:00,20.0,0.0,0,-0.11,-0.22,-0.11
2014-04-01 19:55:00,20.0,0.0,0,-0.11,-0.22,-0.11
2014-04-01 20:00:00,20.0,0.0,0,-0.11,-0.22,-0.11
2014-04-01 20:05:00,20.0,0.0,0,-0.11,-0.22,-0.11
2014-04-01 20:10:00,20.0,0.0,0,-0.11,-0.22,-0.11
2014-04-01 20:15:00,20.0,0.0,0,-0.11,-0.22,-0.11
2014-04-01 20:20:00,20.0,0.0,0,-0.11,-0.22,-0.11
2014-04-01 20:25:00,20.0,0.0,0,-0.11,-0.22,-0.11
2014-04-01 20:30:00,20.0,0.0,0,-0.11,-0.22,-0.11
2014-04-01 20:35:00,20.0,0.0,0,-0.11,-0.22,-0.11
2014-04-01 20:40:00,20.0,0.0,0,-0.11,-0.22,-0.11
2014-04-01 20:45:00,20.0,0.0,0,-0.11,-0.22,-0.11
2014-04-01 20:50:00,20.0,0.0,0,-0.11,-0.22,-0.11
2014-04-01 20:55:00,20.0,0.0,0,-0.11,-0.22,-0.11
2014-04-01 21:00:00,20.0,0.0,0,-0.11,-0.22,-0.11
2014-04-01 21:05:00,20.0,0.0,0,-0.11,-0.22,-0.11
2014-04-01 21:10:00,20.0,0.0,0,-0.11,-0.22,-0.11
2014-04-01 21:15:00,20.0,0.0,0,-0.11,-0.22,-0.11
2014-04-01 21:20:00,20.0,0.0,0,-0.11,-0.22,-0.11
2014-04-01 21:25:00,20.0,0.0,0,-0.11,-0.22,-0.11
2014-04-01 21:30:00,20.0,0.0,0,-0.11,-0.22,-0.11
2014-04-01 21:35:00,20.0,0.0,0,-0.11,-0.22,-0.11
2014-04-01 21:40:00,20.0,0.0,0,-0.11,-0.22,-0.11
2014-04-01 21:45:00,20.0,0.0,0,-0.11,-0.22,-0.11
2014-04-01 21:50:00,20.0,0.0,0,-0.11,-0.22,-0.11
2014-04-01 21:55:00,20.0,0.0,0,-0.11,-0.22,-0.11
2014-04-01 22:00:00,20.0,0.0,0,-0.11,-0.22,-0.11
2014-04-01 22:05:00,20.0,0.0,0,-0.11,-0.22,-0.11
2014-04-01 22:10:00,20.0,0.0,0,-0.11,-0.22,-0.11
2014-04-01 22:15:00,20.0,0.0,0,-0.11,-0.22,-0.11
2014-04-01 22:20:00,20.0,0.0,0,-0.11,-0.22,-0.11
2014-04-01 22:25:00,20.0,0.0,0,-0.11,-0.22,-0.11
2014-04-01 22:30:00,20.0,0.0,0,-0.11,-0.22,-0.11
2014-04-01 22:35:00,20.0,0.0,0,-0.11,-0.22,-0.11
2014-04-01 22:40:00,20.0,0.0,0,-0.11,-0.22,-0.11
2014-04-01 22:45:00,20.0,0.0,0,-0.11,-0.22,-0.11
2014-04-01 22:50:00,20.0,0.0,0,-0.11,-0.22,-0.11
2014-04-01 22:55:00,20.0,0.0,0,-0.11,-0.22,-0.11
2014-04-01 23:00:00,20.0,0.0,0,-0.11,-0.22,-0.11
2014-04-01 23:05:00,20.0,0.0,0,-0.11,-0.22,-0.11
2014-04-01 23:10:00,20.0,0.0,0,-0.11,-0.22,-0.11
2014-04-01 23:15:00,20.0,0.0,0,-0.11,-0.22,-0.11
2014-04-01 23:20:00,20.0,0.0,0,-0.11,-0.22,-0.11
2014-04-01 23:25:00,20.0,0.0,0,-0.11,-0.22,-0.11
2014-04-01 23:30:00,20.0,0.0,0,-0.11,-0.22,-0.11
2014-04-01 23:35:00,20.0,0.0,0,-0.11,-0.22,-0.11
2014-04-01 23:40:00,20.0,0.0,0,-0.11,-0.22,-0.11
2014-04-01 23:45:00,20.0,0.0,0,-0.11,-0.22,-0.11
2014-04-01 23:50:00,20.0,0.0,0,-0.11,-0.22,-0.11
2014-04-01 23:55:00,20.0,0.0,0,-0.11,-0.22,-0.11
2014-04-02 00:00:00,20.0,0.0,0,-0.11,-0.22,-0.11
2014-04-02 00:05:00,20.0,0.0,0,-0.11,-0.22,-0.11
2014-04-02 00:10:00,20.0,0.0,0,-0.11,-0.22,-0.11
2014-04-02 00:15:00,20.0,0.0,0,-0.11,-0.22,-0.11
2014-04-02 00:20:00,20.0,0.0,0,-0.11,-0.22,-0.11
2014-04-02 00:25:00,20.0,0.0,0,-0.11,-0.22,-0.11
2014-04-02 00:30:00,20.0,0.0,0,-0.11,-0.22,-0.11
2014-04-02 00:35:00,20.0,0.0,0,-0.11,-0.22,-0.11
2014-04-02 00:40:00,20.0,0.0,0,-0.11,-0.22,-0.11
2014-04-02 00:45:00,20.0,0.0,0,-0.11,-0.22,-0.11
2014-04-02 00:50:00,20.0,0.0,0,-0.11,-0.22,-0.11
2014-04-02 00:55:00,20.0,0.0,0,-0.11,-0.22,-0.11
2014-04-02 01:00:00,20.0,0.0,0,-0.11,-0.22,-0.11
2014-04-02 01:05:00,20.0,0.0,0,-0.11,-0.22,-0.11
2014-04-02 01:10:00,20.0,0.0,0,-0.11,-0.22,-0.11
2014-04-02 01:15:00,20.0,0.0,0,-0.11,-0.22,-0.11
2014-04-02 01:20:00,20.0,0.0,0,-0.11,-0.22,-0.11
2014-04-02 01:25:00,20.0,0.0,0,-0.11,-0.22,-0.11
2014-04-02 01:30:00,20.0,0.0,0,-0.11,-0.22,-0.11
2014-04-02 01:35:00,20.0,0.0,0,-0.11,-0.22,-0.11
2014-04-02 01:40:00,20.0,0.0,0,-0.11,-0.22,-0.11
2014-04-02 01:45:00,20.0,0.0,0,-0.11,-0.22,-0.11
2014-04-02 01:50:00,20.0,0.0,0,-0.11,-0.22,-0.11
2014-04-02 01:55:00,20.0,0.0,0,-0.11,-0.22,-0.11
2014-04-02 02:00:00,20.0,0.0,0,-0.11,-0.22,-0.11
2014-04-02 02:05:00,20.0,0.0,0,-0.11,-0.22,-0.11
2014-04-02 02:10:00,20.0,0.0,0,-0.11,-0.22,-0.11
2014-04-02 02:15:00,20.0,0.0,0,-0.11,-0.22,-0.11
2014-04-02 02:20:00,20.0,0.0,0,-0.11,-0.22,-0.11
2014-04-02 02:25:00,20.0,0.0,0,-0.11,-0.22,-0.11
2014-04-02 02:30:00,20.0,0.0,0,-0.11,-0.22,-0.11
2014-04-02 02:35:00,20.0,0.0,0,-0.11,-0.22,-0.11
2014-04-02 02:40:00,20.0,0.0,0,-0.11,-0.22,-0.11
2014-04-02 02:45:00,20.0,0.0,0,-0.11,-0.22,-0.11
2014-04-02 02:50:00,20.0,0.0,0,-0.11,-0.22,-0.11
2014-04-02 02:55:00,20.0,0.0,0,-0.11,-0.22,-0.11
2014-04-02 03:00:00,20.0,0.0,0,-0.11,-0.22,-0.11
2014-04-02 03:05:00,20.0,0.0,0,-0.11,-0.22,-0.11
2014-04-02 03:10:00,20.0,0.0,0,-0.11,-0.22,-0.11
2014-04-02 03:15:00,20.0,0.0,0,-0.11,-0.22,-0.11
2014-04-02 03:20:00,20.0,0.0,0,-0.11,-0.22,-0.11
2014-04-02 03:25:00,20.0,0.0,0,-0.11,-0.22,-0.11
2014-04-02 03:30:00,20.0,0.0,0,-0.11,-0.22,-0.11
2014-04-02 03:35:00,20.0,0.0,0,-0.11,-0.22,-0.11
2014-04-02 03:40:00,20.0,0.0,0,-0.11,-0.22,-0.11
2014-04-02 03:45:00,20.0,0.0,0,-0.11,-0.22,-0.11
2014-04-02 03:50:00,20.0,0.0,0,-0.11,-0.22,-0.11
2014-04-02 03:55:00,20.0,0.0,0,-0.11,-0.22,-0.11
2014-04-02 04:00:00,20.0,0.0,0,-0.11,-0.22,-0.11
2014-04-02 04:05:00,20.0,0.0,0,-0.11,-0.22,-0.11
2014-04-02 04:10:00,20.0,0.0,0,-0.11,-0.22,-0.11
2014-04-02 04:15:00,20.0,0.0,0,-0.11,-0.22,-0.11
2014-04-02 04:20:00,20.0,0.0,0,-0.11,-0.22,-0.11
2014-04-02 04:25:00,20.0,0.0,0,-0.11,-0.22,-0.11
2014-04-02 04:30:00,20.0,0.0,0,-0.11,-0.22,-0.11
2014-04-02 04:35:00,20.0,0.0,0,-0.11,-0.22,-0.11
2014-04-02 04:40:00,20.0,0.0,0,-0.11,-0.22,-0.11
2014-04-02 04:45:00,20.0,0.0,0,-0.11,-0.22,-0.11
2014-04-02 04:50:00,20.0,0.0,0,-0.11,-0.22,-0.11
2014-04-02 04:55:00,20.0,0.0,0,-0.11,-0.22,-0.11
2014-04-02 05:00:00,20.0,0.0,0,-0.11,-0.22,-0.11
2014-04-02 05:05:00,20.0,0.0,0,-0.11,-0.22,-0.11
2014-04-02 05:10:00,20.0,0.0,0,-0.11,-0.22,-0.11
2014-04-02 05:15:00,20.0,0.0,0,-0.11,-0.22,-0.11
2014-04-02 05:20:00,20.0,0.0,0,-0.11,-0.22,-0.11
2014-04-02 05:25:00,20.0,0.0,0,-0.11,-0.22,-0.11
2014-04-02 05:30:00,20.0,0.0,0,-0.11,-0.22,-0.11
2014-04-02 05:35:00,20.0,0.0,0,-0.11,-0.22,-0.11
2014-04-02 05:40:00,20.0,0.0,0,-0.11,-0.22,-0.11
2014-04-02 05:45:00,20.0,0.0,0,-0.11,-0.22,-0.11
2014-04-02 05:50:00,20.0,0.0,0,-0.11,-0.22,-0.11
2014-04-02 05:55:00,20.0,0.0,0,-0.11,-0.22,-0.11
2014-04-02 06:00:00,20.0,0.0,0,-0.11,-0.22,-0.11
2014-04-02 06:05:00,20.0,0.0,0,-0.11,-0.22,-0.11
2014-04-02 06:10:00,20.0,0.0,0,-0.11,-0.22,-0.11
2014-04-02 06:15:00,20.0,0.0,0,-0.11,-0.22,-0.11
2014-04-02 06:20:00,20.0,0.0,0,-0.11,-0.22,-0.11
2014-04-02 06:25:00,20.0,0.0,0,-0.11,-0.22,-0.11
2014-04-02 06:30:00,20.0,0.0,0,-0.11,-0.22,-0.11
2014-04-02 06:35:00,20.0,0.0,0,-0.11,-0.22,-0.11
2014-04-02 06:40:00,20.0,0.0,0,-0.11,-0.22,-0.11
2014-04-02 06:45:00,20.0,0.0,0,-0.11,-0.22,-0.11
2014-04-02 06:50:00,20.0,0.0,0,-0.11,-0.22,-0.11
2014-04-02 06:55:00,20.0,0.0,0,-0.11,-0.22,-0.11
2014-04-02 07:00:00,20.0,0.0,0,-0.11,-0.22,-0.11
2014-04-02 07:05:00,20.0,0.0,0,-0.11,-0.22,-0.11
2014-04-02 07:10:00,20.0,0.0,0,-0.11,-0.22,-0.11
2014-04-02 07:15:00,20.0,0.0,0,-0.11,-0.22,-0.11
2014-04-02 07:20:00,20.0,0.0,0,-0.11,-0.22,-0.11
2014-04-02 07:25:00,20.0,0.0,0,-0.11,-0.22,-0.11
2014-04-02 07:30:00,20.0,0.0,0,-0.11,-0.22,-0.11
2014-04-02 07:35:00,20.0,0.0,0,-0.11,-0.22,-0.11
2014-04-02 07:40:00,20.0,0.0,0,-0.11,-0.22,-0.11
2014-04-02 07:45:00,20.0,0.0,0,-0.11,-0.22,-0.11
2014-04-02 07:50:00,20.0,0.0,0,-0.11,-0.22,-0.11
2014-04-02 07:55:00,20.0,0.0,0,-0.11,-0.22,-0.11
2014-04-02 08:00:00,20.0,0.0,0,-0.11,-0.22,-0.11
2014-04-02 08:05:00,20.0,0.0,0,-0.11,-0.22,-0.11
2014-04-02 08:10:00,20.0,0.0,0,-0.11,-0.22,-0.11
2014-04-02 08:15:00,20.0,0.0,0,-0.11,-0.22,-0.11
2014-04-02 08:20:00,20.0,0.0,0,-0.11,-0.22,-0.11
2014-04-02 08:25:00,20.0,0.0,0,-0.11,-0.22,-0.11
2014-04-02 08:30:00,20.0,0.0,0,-0.11,-0.22,-0.11
2014-04-02 08:35:00,20.0,0.0,0,-0.11,-0.22,-0.11
2014-04-02 08:40:00,20.0,0.0,0,-0.11,-0.22,-0.11
2014-04-02 08:45:00,20.0,0.0,0,-0.11,-0.22,-0.11
2014-04-02 08:50:00,20.0,0.0,0,-0.11,-0.22,-0.11
2014-04-02 08:55:00,20.0,0.0,0,-0.11,-0.22,-0.11
2014-04-02 09:00:00,80.0,0.0,0,-0.11,-0.22,-0.11
2014-04-02 09:05:00,80.0,0.0,0,-0.11,-0.22,-0.11
2014-04-02 09:10:00,80.0,0.0,0,-0.11,-0.22,-0.11
2014-04-02 09:15:00,80.0,0.0,0,-0.11,-0.22,-0.11
2014-04-02 09:20:00,80.0,0.0,0,-0.11,-0.22,-0.11
2014-04-02 09:25:00,80.0,0.0,0,-0.11,-0.22,-0.11
2014-04-02 09:30:00,80.0,0.0,0,-0.11,-0.22,-0.11
2014-04-02 09:35:00,80.0,0.0,0,-0.11,-0.22,-0.11
2014-04-02 09:40:00,80.0,0.0,0,-0.11,-0.22,-0.11
2014-04-02 09:45:00,80.0,0.0,0,-0.11,-0.22,-0.11
2014-04-02 09:50:00,80.0,0.0,0,-0.11,-0.22,-0.11
2014-04-02 09:55:00,80.0,0.0,0,-0.11,-0.22,-0.11
2014-04-02 10:00:00,80.0,0.0,0,-0.11,-0.22,-0.11
2014-04-02 10:05:00,80.0,0.0,0,-0.11,-0.22,-0.11
2014-04-02 10:10:00,80.0,0.0,0,-0.11,-0.22,-0.11
2014-04-02 10:15:00,80.0,0.0,0,-0.11,-0.22,-0.11
2014-04-02 10:20:00,80.0,0.0,0,-0.11,-0.22,-0.11
2014-04-02 10:25:00,80.0,0.0,0,-0.11,-0.22,-0.11
2014-04-02 10:30:00,80.0,0.0,0,-0.11,-0.22,-0.11
2014-04-02 10:35:00,80.0,0.0,0,-0.11,-0.22,-0.11
2014-04-02 10:40:00,80.0,0.0,0,-0.11,-0.22,-0.11
2014-04-02 10:45:00,80.0,0.0,0,-0.11,-0.22,-0.11
2014-04-02 10:50:00,80.0,0.0,0,-0.11,-0.22,-0.11
2014-04-02 10:55:00,80.0,0.0,0,-0.11,-0.22,-0.11
2014-04-02 11:00:00,80.0,0.0,0,-0.11,-0.22,-0.11
2014-04-02 11:05:00,80.0,0.0,0,-0.11,-0.22,-0.11
2014-04-02 11:10:00,80.0,0.0,0,-0.11,-0.22,-0.11
2014-04-02 11:15:00,80.0,0.0,0,-0.11,-0.22,-0.11
2014-04-02 11:20:00,80.0,0.0,0,-0.11,-0.22,-0.11
2014-04-02 11:25:00,80.0,0.0,0,-0.11,-0.22,-0.11
2014-04-02 11:30:00,80.0,0.0,0,-0.11,-0.22,-0.11
2014-04-02 11:35:00,80.0,0.0,0,-0.11,-0.22,-0.11
2014-04-02 11:40:00,80.0,0.0,0,-0.11,-0.22,-0.11
2014-04-02 11:45:00,80.0,0.0,0,-0.11,-0.22,-0.11
2014-04-02 11:50:00,80.0,0.0,0,-0.11,-0.22,-0.11
2014-04-02 11:55:00,80.0,0.0,0,-0.11,-0.22,-0.11
2014-04-02 12:00:00,80.0,0.0,0,-0.11,-0.22,-0.11
2014-04-02 12:05:00,80.0,0.0,0,-0.11,-0.22,-0.11
2014-04-02 12:10:00,80.0,0.0,0,-0.11,-0.22,-0.11
2014-04-02 12:15:00,80.0,0.0,0,-0.11,-0.22,-0.11
2014-04-02 12:20:00,80.0,0.0,0,-0.11,-0.22,-0.11
2014-04-02 12:25:00,80.0,0.0,0,-0.11,-0.22,-0.11
2014-04-02 12:30:00,80.0,0.0,0,-0.11,-0.22,-0.11
2014-04-02 12:35:00,80.0,0.0,0,-0.11,-0.22,-0.11
2014-04-02 12:40:00,80.0,0.0,0,-0.11,-0.22,-0.11
2014-04-02 12:45:00,80.0,0.0,0,-0.11,-0.22,-0.11
2014-04-02 12:50:00,80.0,0.0,0,-0.11,-0.22,-0.11
2014-04-02 12:55:00,80.0,0.0,0,-0.11,-0.22,-0.11
2014-04-02 13:00:00,80.0,0.0,0,-0.11,-0.22,-0.11
2014-04-02 13:05:00,80.0,0.0,0,-0.11,-0.22,-0.11
2014-04-02 13:10:00,80.0,0.0,0,-0.11,-0.22,-0.11
2014-04-02 13:15:00,80.0,0.0,0,-0.11,-0.22,-0.11
2014-04-02 13:20:00,80.0,0.0,0,-0.11,-0.22,-0.11
2014-04-02 13:25:00,80.0,0.0,0,-0.11,-0.22,-0.11
2014-04-02 13:30:00,80.0,0.0,0,-0.11,-0.22,-0.11
2014-04-02 13:35:00,80.0,0.0,0,-0.11,-0.22,-0.11
2014-04-02 13:40:00,80.0,0.0,0,-0.11,-0.22,-0.11
2014-04-02 13:45:00,80.0,0.0,0,-0.11,-0.22,-0.11
2014-04-02 13:50:00,80.0,0.0,0,-0.11,-0.22,-0.11
2014-04-02 13:55:00,80.0,0.0,0,-0.11,-0.22,-0.11
2014-04-02 14:00:00,80.0,0.0,0,-0.11,-0.22,-0.11
2014-04-02 14:05:00,80.0,0.0,0,-0.11,-0.22,-0.11
2014-04-02 14:10:00,80.0,0.0,0,-0.11,-0.22,-0.11
2014-04-02 14:15:00,80.0,0.0,0,-0.11,-0.22,-0.11
2014-04-02 14:20:00,80.0,0.0,0,-0.11,-0.22,-0.11
2014-04-02 14:25:00,80.0,0.0,0,-0.11,-0.22,-0.11
2014-04-02 14:30:00,80.0,0.0,0,-0.11,-0.22,-0.11
2014-04-02 14:35:00,80.0,0.0,0,-0.11,-0.22,-0.11
2014-04-02 14:40:00,80.0,0.0,0,-0.11,-0.22,-0.11
2014-04-02 14:45:00,80.0,0.0,0,-0.11,-0.22,-0.11
2014-04-02 14:50:00,80.0,0.0,0,-0.11,-0.22,-0.11
2014-04-02 14:55:00,80.0,0.0,0,-0.11,-0.22,-0.11
2014-04-02 15:00:00,80.0,0.0,0,-0.11,-0.22,-0.11
2014-04-02 15:05:00,80.0,0.0,0,-0.11,-0.22,-0.11
2014-04-02 15:10:00,80.0,0.0,0,-0.11,-0.22,-0.11
2014-04-02 15:15:00,80.0,0.0,0,-0.11,-0.22,-0.11
2014-04-02 15:20:00,80.0,0.0,0,-0.11,-0.22,-0.11
2014-04-02 15:25:00,80.0,0.0,0,-0.11,-0.22,-0.11
2014-04-02 15:30:00,80.0,0.0,0,-0.11,-0.22,-0.11
2014-04-02 15:35:00,80.0,0.0,0,-0.11,-0.22,-0.11
2014-04-02 15:40:00,80.0,0.0,0,-0.11,-0.22,-0.11
2014-04-02 15:45:00,80.0,0.0,0,-0.11,-0.22,-0.11
2014-04-02 15:50:00,80.0,0.0,0,-0.11,-0.22,-0.11
2014-04-02 15:55:00,80.0,0.0,0,-0.11,-0.22,-0.11
2014-04-02 16:00:00,80.0,0.0,0,-0.11,-0.22,-0.11
2014-04-02 16:05:00,80.0,0.0,0,-0.11,-0.22,-0.11
2014-04-02 16:10:00,80.0,0.0,0,-0.11,-0.22,-0.11
2014-04-02 16:15:00,80.0,0.0,0,-0.11,-0.22,-0.11
2014-04-02 16:20:00,80.0,0.0,0,-0.11,-0.22,-0.11
2014-04-02 16:25:00,80.0,0.0,0,-0.11,-0.22,-0.11
2014-04-02 16:30:00,80.0,0.0,0,-0.11,-0.22,-0.11
2014-04-02 16:35:00,80.0,0.0,0,-0.11,-0.22,-0.11
2014-04-02 16:40:00,80.0,0.0,0,-0.11,-0.22,-0.11
2014-04-02 16:45:00,80.0,0.0,0,-0.11,-0.22,-0.11
2014-04-02 16:50:00,80.0,0.0,0,-0.11,-0.22,-0.11
2014-04-02 16:55:00,80.0,0.0,0,-0.11,-0.22,-0.11
2014-04-02 17:00:00,80.0,0.0,0,-0.11,-0.22,-0.11
2014-04-02 17:05:00,80.0,0.0,0,-0.11,-0.22,-0.11
2014-04-02 17:10:00,80.0,0.0,0,-0.11,-0.22,-0.11
2014-04-02 17:15:00,80.0,0.0,0,-0.11,-0.22,-0.11
2014-04-02 17:20:00,80.0,0.0,0,-0.11,-0.22,-0.11
2014-04-02 17:25:00,80.0,0.0,0,-0.11,-0.22,-0.11
2014-04-02 17:30:00,80.0,0.0,0,-0.11,-0.22,-0.11
2014-04-02 17:35:00,80.0,0.0,0,-0.11,-0.22,-0.11
2014-04-02 17:40:00,80.0,0.0,0,-0.11,-0.22,-0.11
2014-04-02 17:45:00,80.0,0.0,0,-0.11,-0.22,-0.11
2014-04-02 17:50:00,80.0,0.0,0,-0.11,-0.22,-0.11
2014-04-02 17:55:00,80.0,0.0,0,-0.11,-0.22,-0.11
2014-04-02 18:00:00,20.0,0.0,0,-0.11,-0.22,-0.11
2014-04-02 18:05:00,20.0,0.0,0,-0.11,-0.22,-0.11
2014-04-02 18:10:00,20.0,0.0,0,-0.11,-0.22,-0.11
2014-04-02 18:15:00,20.0,0.0,0,-0.11,-0.22,-0.11
2014-04-02 18:20:00,20.0,0.0,0,-0.11,-0.22,-0.11
2014-04-02 18:25:00,20.0,0.0,0,-0.11,-0.22,-0.11
2014-04-02 18:30:00,20.0,0.0,0,-0.11,-0.22,-0.11
2014-04-02 18:35:00,20.0,0.0,0,-0.11,-0.22,-0.11
2014-04-02 18:40:00,20.0,0.0,0,-0.11,-0.22,-0.11
2014-04-02 18:45:00,20.0,0.0,0,-0.11,-0.22,-0.11
2014-04-02 18:50:00,20.0,0.0,0,-0.11,-0.22,-0.11
2014-04-02 18:55:00,20.0,0.0,0,-0.11,-0.22,-0.11
2014-04-02 19:00:00,20.0,0.0,0,-0.11,-0.22,-0.11
2014-04-02 19:05:00,20.0,0.0,0,-0.11,-0.22,-0.11
2014-04-02 19:10:00,20.0,0.0,0,-0.11,-0.22,-0.11
2014-04-02 19:15:00,20.0,0.0,0,-0.11,-0.22,-0.11
2014-04-02 19:20:00,20.0,0.0,0,-0.11,-0.22,-0.11
2014-04-02 19:25:00,20.0,0.0,0,-0.11,-0.22,-0.11
2014-04-02 19:30:00,20.0,0.0,0,-0.11,-0.22,-0.11
2014-04-02 19:35:00,20.0,0.0,0,-0.11,-0.22,-0.11
2014-04-02 19:40:00,20.0,0.0,0,-0.11,-0.22,-0.11
2014-04-02 19:45:00,20.0,0.0,0,-0.11,-0.22,-0.11
2014-04-02 19:50:00,20.0,0.0,0,-0.11,-0.22,-0.11
2014-04-02 19:55:00,20.0,0.0,0,-0.11,-0.22,-0.11
2014-04-02 20:00:00,20.0,0.0,0,-0.11,-0.22,-0.11
2014-04-02 20:05:00,20.0,0.0,0,-0.11,-0.22,-0.11
2014-04-02 20:10:00,20.0,0.0,0,-0.11,-0.22,-0.11
2014-04-02 20:15:00,20.0,0.0,0,-0.11,-0.22,-0.11
2014-04-02 20:20:00,20.0,0.0,0,-0.11,-0.22,-0.11
2014-04-02 20:25:00,20.0,0.0,0,-0.11,-0.22,-0.11
2014-04-02 20:30:00,20.0,0.0,0,-0.11,-0.22,-0.11
2014-04-02 20:35:00,20.0,0.0,0,-0.11,-0.22,-0.11
2014-04-02 20:40:00,20.0,0.0,0,-0.11,-0.22,-0.11
2014-04-02 20:45:00,20.0,0.0,0,-0.11,-0.22,-0.11
2014-04-02 20:50:00,20.0,0.0,0,-0.11,-0.22,-0.11
2014-04-02 20:55:00,20.0,0.0,0,-0.11,-0.22,-0.11
2014-04-02 21:00:00,20.0,0.0,0,-0.11,-0.22,-0.11
2014-04-02 21:05:00,20.0,0.0,0,-0.11,-0.22,-0.11
2014-04-02 21:10:00,20.0,0.0,0,-0.11,-0.22,-0.11
2014-04-02 21:15:00,20.0,0.0,0,-0.11,-0.22,-0.11
2014-04-02 21:20:00,20.0,0.0,0,-0.11,-0.22,-0.11
2014-04-02 21:25:00,20.0,0.0,0,-0.11,-0.22,-0.11
2014-04-02 21:30:00,20.0,0.0,0,-0.11,-0.22,-0.11
2014-04-02 21:35:00,20.0,0.0,0,-0.11,-0.22,-0.11
2014-04-02 21:40:00,20.0,0.0,0,-0.11,-0.22,-0.11
2014-04-02 21:45:00,20.0,0.0,0,-0.11,-0.22,-0.11
2014-04-02 21:50:00,20.0,0.0,0,-0.11,-0.22,-0.11
2014-04-02 21:55:00,20.0,0.0,0,-0.11,-0.22,-0.11
2014-04-02 22:00:00,20.0,0.0,0,-0.11,-0.22,-0.11
2014-04-02 22:05:00,20.0,0.0,0,-0.11,-0.22,-0.11
2014-04-02 22:10:00,20.0,0.0,0,-0.11,-0.22,-0.11
2014-04-02 22:15:00,20.0,0.0,0,-0.11,-0.22,-0.11
2014-04-02 22:20:00,20.0,0.0,0,-0.11,-0.22,-0.11
2014-04-02 22:25:00,20.0,0.0,0,-0.11,-0.22,-0.11
2014-04-02 22:30:00,20.0,0.0,0,-0.11,-0.22,-0.11
2014-04-02 22:35:00,20.0,0.0,0,-0.11,-0.22,-0.11
2014-04-02 22:40:00,20.0,0.0,0,-0.11,-0.22,-0.11
2014-04-02 22:45:00,20.0,0.0,0,-0.11,-0.22,-0.11
2014-04-02 22:50:00,20.0,0.0,0,-0.11,-0.22,-0.11
2014-04-02 22:55:00,20.0,0.0,0,-0.11,-0.22,-0.11
2014-04-02 23:00:00,20.0,0.0,0,-0.11,-0.22,-0.11
2014-04-02 23:05:00,20.0,0.0,0,-0.11,-0.22,-0.11
2014-04-02 23:10:00,20.0,0.0,0,-0.11,-0.22,-0.11
2014-04-02 23:15:00,20.0,0.0,0,-0.11,-0.22,-0.11
2014-04-02 23:20:00,20.0,0.0,0,-0.11,-0.22,-0.11
2014-04-02 23:25:00,20.0,0.0,0,-0.11,-0.22,-0.11
2014-04-02 23:30:00,20.0,0.0,0,-0.11,-0.22,-0.11
2014-04-02 23:35:00,20.0,0.0,0,-0.11,-0.22,-0.11
2014-04-02 23:40:00,20.0,0.0,0,-0.11,-0.22,-0.11
2014-04-02 23:45:00,20.0,0.0,0,-0.11,-0.22,-0.11
2014-04-02 23:50:00,20.0,0.0,0,-0.11,-0.22,-0.11
2014-04-02 23:55:00,20.0,0.0,0,-0.11,-0.22,-0.11
2014-04-03 00:00:00,20.0,0.0,0,-0.11,-0.22,-0.11
2014-04-03 00:05:00,20.0,0.0,0,-0.11,-0.22,-0.11
2014-04-03 00:10:00,20.0,0.0,0,-0.11,-0.22,-0.11
2014-04-03 00:15:00,20.0,0.0,0,-0.11,-0.22,-0.11
2014-04-03 00:20:00,20.0,0.0,0,-0.11,-0.22,-0.11
2014-04-03 00:25:00,20.0,0.0,0,-0.11,-0.22,-0.11
2014-04-03 00:30:00,20.0,0.0,0,-0.11,-0.22,-0.11
2014-04-03 00:35:00,20.0,0.0,0,-0.11,-0.22,-0.11
2014-04-03 00:40:00,20.0,0.0,0,-0.11,-0.22,-0.11
2014-04-03 00:45:00,20.0,0.0,0,-0.11,-0.22,-0.11
2014-04-03 00:50:00,20.0,0.0,0,-0.11,-0.22,-0.11
2014-04-03 00:55:00,20.0,0.0,0,-0.11,-0.22,-0.11
2014-04-03 01:00:00,20.0,0.0,0,-0.11,-0.22,-0.11
2014-04-03 01:05:00,20.0,0.0,0,-0.11,-0.22,-0.11
2014-04-03 01:10:00,20.0,0.0,0,-0.11,-0.22,-0.11
2014-04-03 01:15:00,20.0,0.0,0,-0.11,-0.22,-0.11
2014-04-03 01:20:00,20.0,0.0,0,-0.11,-0.22,-0.11
2014-04-03 01:25:00,20.0,0.0,0,-0.11,-0.22,-0.11
2014-04-03 01:30:00,20.0,0.0,0,-0.11,-0.22,-0.11
2014-04-03 01:35:00,20.0,0.0,0,-0.11,-0.22,-0.11
2014-04-03 01:40:00,20.0,0.0,0,-0.11,-0.22,-0.11
2014-04-03 01:45:00,20.0,0.0,0,-0.11,-0.22,-0.11
2014-04-03 01:50:00,20.0,0.0,0,-0.11,-0.22,-0.11
2014-04-03 01:55:00,20.0,0.0,0,-0.11,-0.22,-0.11
2014-04-03 02:00:00,20.0,0.0,0,-0.11,-0.22,-0.11
2014-04-03 02:05:00,20.0,0.0,0,-0.11,-0.22,-0.11
2014-04-03 02:10:00,20.0,0.0,0,-0.11,-0.22,-0.11
2014-04-03 02:15:00,20.0,0.0,0,-0.11,-0.22,-0.11
2014-04-03 02:20:00,20.0,0.2740190240321993,0,-0.11,-0.22,-0.11
2014-04-03 02:25:00,20.0,0.2738889843867135,0,-0.11,-0.22,-0.11
2014-04-03 02:30:00,20.0,0.273762329336576,0,-0.11,-0.22,-0.11
2014-04-03 02:35:00,20.0,0.27363896719382097,0,-0.11,-0.22,-0.11
2014-04-03 02:40:00,20.0,0.2735188089985343,0,-0.11,-0.22,-0.11
2014-04-03 02:45:00,20.0,0.2734017684210748,0,-0.11,-0.22,-0.11
2014-04-03 02:50:00,20.0,0.27328776166888064,0,-0.11,-0.22,-0.11
2014-04-03 02:55:00,20.0,0.27317670739758115,0,-0.11,-0.22,-0.11
2014-04-03 03:00:00,20.0,0.27306852662615744,0,-0.11,-0.22,-0.11
2014-04-03 03:05:00,20.0,0.2729631426559129,0,-0.11,-0.22,-0.11
2014-04-03 03:10:00,20.0,0.27286048099303123,0,-0.11,-0.22,-0.11
2014-04-03 03:15:00,20.0,0.2727604692745149,0,-0.11,-0.22,-0.11
2014-04-03 03:20:00,20.0,0.2726630371973134,0,-0.11,-0.22,-0.11
2014-04-03 03:25:00,20.0,0.2725681164504594,0,-0.11,-0.22,-0.11
2014-04-03 03:30:00,20.0,0.27247564065004976,0,-0.11,-0.22,-0.11
2014-04-03 03:35:00,20.0,0.2723855452769117,0,-0.11,-0.22,-0.11
2014-04-03 03:40:00,20.0,0.27229776761681296,0,-0.11,-0.22,-0.11
2014-04-03 03:45:00,20.0,0.27221224670307664,0,-0.11,-0.22,-0.11
2014-04-03 03:50:00,20.0,0.2721289232614776,0,-0.11,-0.22,-0.11
2014-04-03 03:55:00,20.0,0.2720477396572993,0,-0.11,-0.22,-0.11
2014-04-03 04:00:00,20.0,0.2719686398444415,0,-0.11,-0.22,-0.11
2014-04-03 04:05:00,20.0,0.2718915693164751,0,-0.11,-0.22,-0.11
2014-04-03 04:10:00,20.0,0.27181647505954704,0,-0.11,-0.22,-0.11
2014-04-03 04:15:00,20.0,0.2717433055070429,0,-0.11,-0.22,-0.11
2014-04-03 04:20:00,20.0,0.271672010495924,0,-0.11,-0.22,-0.11
2014-04-03 04:25:00,20.0,0.271602541224656,0,-0.11,-0.22,-0.11
2014-04-03 04:30:00,20.0,0.2715348502126568,0,-0.11,-0.22,-0.11
2014-04-03 04:35:00,20.0,0.2714688912611892,0,-0.11,-0.22,-0.11
2014-04-03 04:40:00,20.0,0.2714046194156356,0,-0.11,-0.22,-0.11
2014-04-03 04:45:00,20.0,0.2713419909290881,0,-0.11,-0.22,-0.11
2014-04-03 04:50:00,20.0,0.2712809632271985,0,-0.11,-0.22,-0.11
2014-04-03 04:55:00,20.0,0.27122149487422914,0,-0.11,-0.22,-0.11
2014-04-03 05:00:00,20.0,0.27116354554025524,0,-0.11,-0.22,-0.11
2014-04-03 05:05:00,20.0,0.2711070759694663,0,-0.11,-0.22,-0.11
2014-04-03 05:10:00,20.0,0.2710520479495217,0,-0.11,-0.22,-0.11
2014-04-03 05:15:00,20.0,0.2709984242819146,0,-0.11,-0.22,-0.11
2014-04-03 05:20:00,20.0,0.2709461687533045,0,-0.11,-0.22,-0.11
2014-04-03 05:25:00,20.0,0.2708952461077755,0,-0.11,-0.22,-0.11
2014-04-03 05:30:00,20.0,0.27084562201998674,0,-0.11,-0.22,-0.11
2014-04-03 05:35:00,20.0,0.2707972630691758,0,-0.11,-0.22,-0.11
2014-04-03 05:40:00,20.0,0.270750136713983,0,-0.11,-0.22,-0.11
2014-04-03 05:45:00,20.0,0.2707042112680655,0,-0.11,-0.22,-0.11
2014-04-03 05:50:00,20.0,0.27065945587646817,0,-0.11,-0.22,-0.11
2014-04-03 05:55:00,20.0,0.27061584049272475,0,-0.11,-0.22,-0.11
2014-04-03 06:00:00,20.0,0.27057333585666143,0,-0.11,-0.22,-0.11
2014-04-03 06:05:00,20.0,0.2705319134728748,0,-0.11,-0.22,-0.11
2014-04-03 06:10:00,20.0,0.2704915455898617,0,-0.11,-0.22,-0.11
2014-04-03 06:15:00,20.0,0.2704522051797766,0,-0.11,-0.22,-0.11
2014-04-03 06:20:00,20.0,0.2704138659187925,0,-0.11,-0.22,-0.11
2014-04-03 06:25:00,20.0,0.2703765021680454,0,-0.11,-0.22,-0.11
2014-04-03 06:30:00,20.0,0.2703400889551415,0,-0.11,-0.22,-0.11
2014-04-03 06:35:00,20.0,0.27030460195620737,0,-0.11,-0.22,-0.11
2014-04-03 06:40:00,20.0,0.2702700174784629,0,-0.11,-0.22,-0.11
2014-04-03 06:45:00,20.0,0.2702363124433025,0,-0.11,-0.22,-0.11
2014-04-03 06:50:00,20.0,0.2702034643698631,0,-0.11,-0.22,-0.11
2014-04-03 06:55:00,20.0,0.270171451359066,0,-0.11,-0.22,-0.11
2014-04-03 07:00:00,20.0,0.2701402520781156,0,-0.11,-0.22,-0.11
2014-04-03 07:05:00,20.0,0.2701098457454388,0,-0.11,-0.22,-0.11
2014-04-03 07:10:00,20.0,0.2700802121160525,0,-0.11,-0.22,-0.11
2014-04-03 07:15:00,20.0,0.270051331467345,0,-0.11,-0.22,-0.11
2014-04-03 07:20:00,20.0,0.27002318458525626,0,-0.11,-0.22,-0.11
2014-04-03 07:25:00,20.0,0.269995752750846,0,-0.11,-0.22,-0.11
2014-04-03 07:30:00,20.0,0.26996901772723725,0,-0.11,-0.22,-0.11
2014-04-03 07:35:00,20.0,0.26994296174692345,0,-0.11,-0.22,-0.11
2014-04-03 07:40:00,20.0,0.26991756749942586,0,-0.11,-0.22,-0.11
2014-04-03 07:45:00,20.0,0.2698928181192944,0,-0.11,-0.22,-0.11
2014-04-03 07:50:00,20.0,0.2698686971744368,0,-0.11,-0.22,-0.11
2014-04-03 07:55:00,20.0,0.2698451886547701,0,-0.11,-0.22,-0.11
2014-04-03 08:00:00,20.0,0.26982227696118105,0,-0.11,-0.22,-0.11
2014-04-03 08:05:00,20.0,0.2697999468947899,0,-0.11,-0.22,-0.11
2014-04-03 08:10:00,20.0,0.2697781836465044,0,-0.11,-0.22,-0.11
2014-04-03 08:15:00,20.0,0.2697569727868592,0,-0.11,-0.22,-0.11
2014-04-03 08:20:00,20.0,0.2697363002561294,0,-0.11,-0.22,-0.11
2014-04-03 08:25:00,20.0,0.2697161523547113,0,-0.11,-0.22,-0.11
2014-04-03 08:30:00,20.0,0.26969651573376285,0,-0.11,-0.22,-0.11
2014-04-03 08:35:00,20.0,0.26967737738609504,0,-0.11,-0.22,-0.11
2014-04-03 08:40:00,20.0,0.2696587246373092,0,-0.11,-0.22,-0.11
2014-04-03 08:45:00,20.0,0.26964054513716884,0,-0.11,-0.22,-0.11
2014-04-03 08:50:00,20.0,0.2696228268512058,0,-0.11,-0.22,-0.11
2014-04-03 08:55:00,20.0,0.2696055580525467,0,-0.11,-0.22,-0.11
2014-04-03 09:00:00,80.0,0.9999999999999942,0,-0.11,-0.22,-0.11
2014-04-03 09:05:00,80.0,0.6110084371825264,0,-0.11,-0.22,-0.11
2014-04-03 09:10:00,80.0,0.5034096405911029,0,-0.11,-0.22,-0.11
2014-04-03 09:15:00,80.0,0.4543753938478105,0,-0.11,-0.22,-0.11
2014-04-03 09:20:00,80.0,0.4251440301466077,0,-0.11,-0.22,-0.11
2014-04-03 09:25:00,80.0,0.405247643885565,0,-0.11,-0.22,-0.11
2014-04-03 09:30:00,80.0,0.3905894986966122,0,-0.11,-0.22,-0.11
2014-04-03 09:35:00,80.0,0.3792070226073889,0,-0.11,-0.22,-0.11
2014-04-03 09:40:00,80.0,0.3700305985403449,0,-0.11,-0.22,-0.11
2014-04-03 09:45:00,80.0,0.3624223835345665,0,-0.11,-0.22,-0.11
2014-04-03 09:50:00,80.0,0.35597583426367224,0,-0.11,-0.22,-0.11
2014-04-03 09:55:00,80.0,0.3504181879709746,0,-0.11,-0.22,-0.11
2014-04-03 10:00:00,80.0,0.3455588174378314,0,-0.11,-0.22,-0.11
2014-04-03 10:05:00,80.0,0.34125999440020544,0,-0.11,-0.22,-0.11
2014-04-03 10:10:00,80.0,0.33741942344456066,0,-0.11,-0.22,-0.11
2014-04-03 10:15:00,80.0,0.33395933395525274,0,-0.11,-0.22,-0.11
2014-04-03 10:20:00,80.0,0.33081940895289585,0,-0.11,-0.22,-0.11
2014-04-03 10:25:00,80.0,0.3279520532276638,0,-0.11,-0.22,-0.11
2014-04-03 10:30:00,80.0,0.3253191388899009,0,-0.11,-0.22,-0.11
2014-04-03 10:35:00,80.0,0.32288971292353785,0,-0.11,-0.22,-0.11
2014-04-03 10:40:00,80.0,0.3206383480785873,0,-0.11,-0.22,-0.11
2014-04-03 10:45:00,80.0,0.3185439342449938,0,-0.11,-0.22,-0.11
2014-04-03 10:50:00,80.0,0.31658877779261785,0,-0.11,-0.22,-0.11
2014-04-03 10:55:00,80.0,0.3147579202982579,0,-0.11,-0.22,-0.11
2014-04-03 11:00:00,80.0,0.3130386162153101,0,-0.11,-0.22,-0.11
2014-04-03 11:05:00,80.0,0.31141992746550823,0,-0.11,-0.22,-0.11
2014-04-03 11:10:00,80.0,0.3098924052433209,0,-0.11,-0.22,-0.11
2014-04-03 11:15:00,80.0,0.3084478377025192,0,-0.11,-0.22,-0.11
2014-04-03 11:20:00,80.0,0.30707904799342506,0,-0.11,-0.22,-0.11
2014-04-03 11:25:00,80.0,0.30577973119484964,0,-0.11,-0.22,-0.11
2014-04-03 11:30:00,80.0,0.3045443215896498,0,-0.11,-0.22,-0.11
2014-04-03 11:35:00,80.0,0.30336788383053004,0,-0.11,-0.22,-0.11
2014-04-03 11:40:00,80.0,0.3022460230758601,0,-0.11,-0.22,-0.11
2014-04-03 11:45:00,80.0,0.30117481030842136,0,-0.11,-0.22,-0.11
2014-04-03 11:50:00,80.0,0.30015071989625364,0,-0.11,-0.22,-0.11
2014-04-03 11:55:00,80.0,0.2991705770929721,0,-0.11,-0.22,-0.11
2014-04-03 12:00:00,80.0,0.2982315136605861,0,-0.11,-0.22,-0.11
2014-04-03 12:05:00,80.0,0.2973309301706269,0,-0.11,-0.22,-0.11
2014-04-03 12:10:00,80.0,0.2964664638277933,0,-0.11,-0.22,-0.11
2014-04-03 12:15:00,80.0,0.2956359608851617,0,-0.11,-0.22,-0.11
2014-04-03 12:20:00,80.0,0.2948374528965197,0,-0.11,-0.22,-0.11
2014-04-03 12:25:00,80.0,0.2940691361909058,0,-0.11,-0.22,-0.11
2014-04-03 12:30:00,80.0,0.2933293540654143,0,-0.11,-0.22,-0.11
2014-04-03 12:35:00,80.0,0.2926165812811409,0,-0.11,-0.22,-0.11
2014-04-03 12:40:00,80.0,0.2919294105186129,0,-0.11,-0.22,-0.11
2014-04-03 12:45:00,80.0,0.2912665405068966,0,-0.11,-0.22,-0.11
2014-04-03 12:50:00,80.0,0.2906267655876128,0,-0.11,-0.22,-0.11
2014-04-03 12:55:00,80.0,0.2900089665135526,0,-0.11,-0.22,-0.11
2014-04-03 13:00:00,80.0,0.2894121023131637,0,-0.11,-0.22,-0.11
2014-04-03 13:05:00,80.0,0.2888352030782308,0,-0.11,-0.22,-0.11
2014-04-03 13:10:00,80.0,0.2882773635536603,0,-0.11,-0.22,-0.11
2014-04-03 13:15:00,80.0,0.2877377374262298,0,-0.11,-0.22,-0.11
2014-04-03 13:20:00,80.0,0.2872155322241621,0,-0.11,-0.22,-0.11
2014-04-03 13:25:00,80.0,0.2867100047519517,0,-0.11,-0.22,-0.11
2014-04-03 13:30:00,80.0,0.2862204569954478,0,-0.11,-0.22,-0.11
2014-04-03 13:35:00,80.0,0.2857462324411246,0,-0.11,-0.22,-0.11
2014-04-03 13:40:00,80.0,0.2852867127610377,0,-0.11,-0.22,-0.11
2014-04-03 13:45:00,80.0,0.28484131482138336,0,-0.11,-0.22,-0.11
2014-04-03 13:50:00,80.0,0.2844094879780657,0,-0.11,-0.22,-0.11
2014-04-03 13:55:00,80.0,0.28399071162735123,0,-0.11,-0.22,-0.11
2014-04-03 14:00:00,80.0,0.28358449298371285,0,-0.11,-0.22,-0.11
2014-04-03 14:05:00,80.0,0.28319036506041273,0,-0.11,-0.22,-0.11
2014-04-03 14:10:00,80.0,0.2828078848313534,0,-0.11,-0.22,-0.11
2014-04-03 14:15:00,80.0,0.2824366315552964,0,-0.11,-0.22,-0.11
2014-04-03 14:20:00,80.0,0.28207620524577737,0,-0.11,-0.22,-0.11
2014-04-03 14:25:00,80.0,0.281726225271982,0,-0.11,-0.22,-0.11
2014-04-03 14:30:00,80.0,0.2813863290775329,0,-0.11,-0.22,-0.11
2014-04-03 14:35:00,80.0,0.2810561710056061,0,-0.11,-0.22,-0.11
2014-04-03 14:40:00,80.0,0.2807354212200843,0,-0.11,-0.22,-0.11
2014-04-03 14:45:00,80.0,0.28042376471357633,0,-0.11,-0.22,-0.11
2014-04-03 14:50:00,80.0,0.28012090039412674,0,-0.11,-0.22,-0.11
2014-04-03 14:55:00,80.0,0.2798265402433034,0,-0.11,-0.22,-0.11
2014-04-03 15:00:00,80.0,0.27954040853912393,0,-0.11,-0.22,-0.11
2014-04-03 15:05:00,80.0,0.2792622411379554,0,-0.11,-0.22,-0.11
2014-04-03 15:10:00,80.0,0.2789917848101215,0,-0.11,-0.22,-0.11
2014-04-03 15:15:00,80.0,0.2787287966244847,0,-0.11,-0.22,-0.11
2014-04-03 15:20:00,80.0,0.27847304337773904,0,-0.11,-0.22,-0.11
2014-04-03 15:25:00,80.0,0.2782243010645714,0,-0.11,-0.22,-0.11
2014-04-03 15:30:00,80.0,0.2779823543852208,0,-0.11,-0.22,-0.11
2014-04-03 15:35:00,80.0,0.2777469962872983,0,-0.11,-0.22,-0.11
2014-04-03 15:40:00,80.0,0.2775180275390299,0,-0.11,-0.22,-0.11
2014-04-03 15:45:00,80.0,0.27729525633134633,0,-0.11,-0.22,-0.11
2014-04-03 15:50:00,80.0,0.27707849790648786,0,-0.11,-0.22,-0.11
2014-04-03 15:55:00,80.0,0.2768675742110021,0,-0.11,-0.22,-0.11
2014-04-03 16:00:00,80.0,0.276662313571206,0,-0.11,-0.22,-0.11
2014-04-03 16:05:00,80.0,0.2764625503893567,0,-0.11,-0.22,-0.11
2014-04-03 16:10:00,80.0,0.2762681248589322,0,-0.11,-0.22,-0.11
2014-04-03 16:15:00,80.0,0.27607888269756004,0,-0.11,-0.22,-0.11
2014-04-03 16:20:00,80.0,0.275894674896264,0,-0.11,-0.22,-0.11
2014-04-03 16:25:00,80.0,0.2757153574838088,0,-0.11,-0.22,-0.11
2014-04-03 16:30:00,80.0,0.2755407913050282,0,-0.11,-0.22,-0.11
2014-04-03 16:35:00,80.0,0.2753708418121173,0,-0.11,-0.22,-0.11
2014-04-03 16:40:00,80.0,0.2752053788679522,0,-0.11,-0.22,-0.11
2014-04-03 16:45:00,80.0,0.2750442765605787,0,-0.11,-0.22,-0.11
2014-04-03 16:50:00,80.0,0.2748874130280844,0,-0.11,-0.22,-0.11
2014-04-03 16:55:00,80.0,0.2747346702931263,0,-0.11,-0.22,-0.11
2014-04-03 17:00:00,80.0,0.2745859341064517,0,-0.11,-0.22,-0.11
2014-04-03 17:05:00,80.0,0.27444109379879633,0,-0.11,-0.22,-0.11
2014-04-03 17:10:00,80.0,0.2743000421405986,0,-0.11,-0.22,-0.11
2014-04-03 17:15:00,80.0,0.2741626752090048,0,-0.11,-0.22,-0.11
2014-04-03 17:20:00,80.0,0.2740288922616894,0,-0.11,-0.22,-0.11
2014-04-03 17:25:00,80.0,0.2738985956170445,0,-0.11,-0.22,-0.11
2014-04-03 17:30:00,80.0,0.2737716905403291,0,-0.11,-0.22,-0.11
2014-04-03 17:35:00,80.0,0.27364808513540034,0,-0.11,-0.22,-0.11
2014-04-03 17:40:00,80.0,0.2735276902416747,0,-0.11,-0.22,-0.11
2014-04-03 17:45:00,80.0,0.2734104193359956,0,-0.11,-0.22,-0.11
2014-04-03 17:50:00,80.0,0.2732961884391057,0,-0.11,-0.22,-0.11
2014-04-03 17:55:00,80.0,0.2731849160264467,0,-0.11,-0.22,-0.11
2014-04-03 18:00:00,20.0,0.98672470545675,0,-0.11,-0.22,-0.11
2014-04-03 18:05:00,20.0,0.5984130656168682,0,-0.11,-0.22,-0.11
2014-04-03 18:10:00,20.0,0.4985601669105184,0,-0.11,-0.22,-0.11
2014-04-03 18:15:00,20.0,0.4517019586339162,0,-0.11,-0.22,-0.11
2014-04-03 18:20:00,20.0,0.4234038724750263,0,-0.11,-0.22,-0.11
2014-04-03 18:25:00,20.0,0.4040020193282346,0,-0.11,-0.22,-0.11
2014-04-03 18:30:00,20.0,0.3896414405169961,0,-0.11,-0.22,-0.11
2014-04-03 18:35:00,20.0,0.3784538936931736,0,-0.11,-0.22,-0.11
2014-04-03 18:40:00,20.0,0.3694131768345323,0,-0.11,-0.22,-0.11
2014-04-03 18:45:00,20.0,0.3619038632281193,0,-0.11,-0.22,-0.11
2014-04-03 18:50:00,20.0,0.3555320093061965,0,-0.11,-0.22,-0.11
2014-04-03 18:55:00,20.0,0.35003241311086386,0,-0.11,-0.22,-0.11
2014-04-03 19:00:00,20.0,0.3452192265964673,0,-0.11,-0.22,-0.11
2014-04-03 19:05:00,20.0,0.3409578730910682,0,-0.11,-0.22,-0.11
2014-04-03 19:10:00,20.0,0.3371482098885298,0,-0.11,-0.22,-0.11
2014-04-03 19:15:00,20.0,0.333713981107599,0,-0.11,-0.22,-0.11
2014-04-03 19:20:00,20.0,0.3305959630247675,0,-0.11,-0.22,-0.11
2014-04-03 19:25:00,20.0,0.3277473670259728,0,-0.11,-0.22,-0.11
2014-04-03 19:30:00,20.0,0.32513067186755673,0,-0.11,-0.22,-0.11
2014-04-03 19:35:00,20.0,0.32271538858999194,0,-0.11,-0.22,-0.11
2014-04-03 19:40:00,20.0,0.3204764503058516,0,-0.11,-0.22,-0.11
2014-04-03 19:45:00,20.0,0.3183930305333293,0,-0.11,-0.22,-0.11
2014-04-03 19:50:00,20.0,0.3164476615924378,0,-0.11,-0.22,-0.11
2014-04-03 19:55:00,20.0,0.3146255670408703,0,-0.11,-0.22,-0.11
2014-04-03 20:00:00,20.0,0.3129141493636714,0,-0.11,-0.22,-0.11
2014-04-03 20:05:00,20.0,0.3113025919952282,0,-0.11,-0.22,-0.11
2014-04-03 20:10:00,20.0,0.3097815467065041,0,-0.11,-0.22,-0.11
2014-04-03 20:15:00,20.0,0.3083428855372252,0,-0.11,-0.22,-0.11
2014-04-03 20:20:00,20.0,0.3069795020977956,0,-0.11,-0.22,-0.11
2014-04-03 20:25:00,20.0,0.3056851510373863,0,-0.11,-0.22,-0.11
2014-04-03 20:30:00,20.0,0.3044543173084137,0,-0.11,-0.22,-0.11
2014-04-03 20:35:00,20.0,0.30328210890585844,0,-0.11,-0.22,-0.11
2014-04-03 20:40:00,20.0,0.3021641682581643,0,-0.11,-0.22,-0.11
2014-04-03 20:45:00,20.0,0.3010965985547236,0,-0.11,-0.22,-0.11
2014-04-03 20:50:00,20.0,0.30007590212327184,0,-0.11,-0.22,-0.11
2014-04-03 20:55:00,20.0,0.2990989285955989,0,-0.11,-0.22,-0.11
2014-04-03 21:00:00,20.0,0.29816283107600233,0,-0.11,-0.22,-0.11
2014-04-03 21:05:00,20.0,0.29726502889248685,0,-0.11,-0.22,-0.11
2014-04-03 21:10:00,20.0,0.29640317579372594,0,-0.11,-0.22,-0.11
2014-04-03 21:15:00,20.0,0.295575132675549,0,-0.11,-0.22,-0.11
2014-04-03 21:20:00,20.0,0.294778944094114,0,-0.11,-0.22,-0.11
2014-04-03 21:25:00,20.0,0.2940128179600481,0,-0.11,-0.22,-0.11
2014-04-03 21:30:00,20.0,0.2932751079169629,0,-0.11,-0.22,-0.11
2014-04-03 21:35:00,20.0,0.2925642979951096,0,-0.11,-0.22,-0.11
2014-04-03 21:40:00,20.0,0.29187898920128524,0,-0.11,-0.22,-0.11
2014-04-03 21:45:00,20.0,0.2912178877630394,0,-0.11,-0.22,-0.11
2014-04-03 21:50:00,20.0,0.2905797947915665,0,-0.11,-0.22,-0.11
2014-04-03 21:55:00,20.0,0.28996359716555603,0,-0.11,-0.22,-0.11
2014-04-03 22:00:00,20.0,0.2893682594693981,0,-0.11,-0.22,-0.11
2014-04-03 22:05:00,20.0,0.28879281684482644,0,-0.11,-0.22,-0.11
2014-04-03 22:10:00,20.0,0.2882363686363658,0,-0.11,-0.22,-0.11
2014-04-03 22:15:00,20.0,0.2876980727286658,0,-0.11,-0.22,-0.11
2014-04-03 22:20:00,20.0,0.2871771404885951,0,-0.11,-0.22,-0.11
2014-04-03 22:25:00,20.0,0.28667283223738244,0,-0.11,-0.22,-0.11
2014-04-03 22:30:00,20.0,0.28618445318852803,0,-0.11,-0.22,-0.11
2014-04-03 22:35:00,20.0,0.28571134979602786,0,-0.11,-0.22,-0.11
2014-04-03 22:40:00,20.0,0.28525290646492435,0,-0.11,-0.22,-0.11
2014-04-03 22:45:00,20.0,0.2848085425825444,0,-0.11,-0.22,-0.11
2014-04-03 22:50:00,20.0,0.2843777098342027,0,-0.11,-0.22,-0.11
2014-04-03 22:55:00,20.0,0.28395988977177483,0,-0.11,-0.22,-0.11
2014-04-03 23:00:00,20.0,0.2835545916075163,0,-0.11,-0.22,-0.11
2014-04-03 23:05:00,20.0,0.28316135020891714,0,-0.11,-0.22,-0.11
2014-04-03 23:10:00,20.0,0.2827797242733259,0,-0.11,-0.22,-0.11
2014-04-03 23:15:00,20.0,0.2824092946636206,0,-0.11,-0.22,-0.11
2014-04-03 23:20:00,20.0,0.2820496628884097,0,-0.11,-0.22,-0.11
2014-04-03 23:25:00,20.0,0.28170044971216285,0,-0.11,-0.22,-0.11
2014-04-03 23:30:00,20.0,0.2813612938823368,0,-0.11,-0.22,-0.11
2014-04-03 23:35:00,20.0,0.2810318509620187,0,-0.11,-0.22,-0.11
2014-04-03 23:40:00,20.0,0.2807117922578834,0,-0.11,-0.22,-0.11
2014-04-03 23:45:00,20.0,0.28040080383437177,0,-0.11,-0.22,-0.11
2014-04-03 23:50:00,20.0,0.2800985856059837,0,-0.11,-0.22,-0.11
2014-04-03 23:55:00,20.0,0.2798048505004341,0,-0.11,-0.22,-0.11
2014-04-04 00:00:00,20.0,0.27951932368618776,0,-0.11,-0.22,-0.11
2014-04-04 00:05:00,20.0,0.2792417418585515,0,-0.11,-0.22,-0.11
2014-04-04 00:10:00,20.0,0.27897185257910423,0,-0.11,-0.22,-0.11
2014-04-04 00:15:00,20.0,0.27870941366376595,0,-0.11,-0.22,-0.11
2014-04-04 00:20:00,20.0,0.27845419261527643,0,-0.11,-0.22,-0.11
2014-04-04 00:25:00,20.0,0.2782059660962705,0,-0.11,-0.22,-0.11
2014-04-04 00:30:00,20.0,0.27796451943950523,0,-0.11,-0.22,-0.11
2014-04-04 00:35:00,20.0,0.27772964619212603,0,-0.11,-0.22,-0.11
2014-04-04 00:40:00,20.0,0.2775011476911532,0,-0.11,-0.22,-0.11
2014-04-04 00:45:00,20.0,0.2772788326676341,0,-0.11,-0.22,-0.11
2014-04-04 00:50:00,20.0,0.27706251687714384,0,-0.11,-0.22,-0.11
2014-04-04 00:55:00,20.0,0.27685202275452825,0,-0.11,-0.22,-0.11
2014-04-04 01:00:00,20.0,0.276647179090974,0,-0.11,-0.22,-0.11
2014-04-04 01:05:00,20.0,0.2764478207316629,0,-0.11,-0.22,-0.11
2014-04-04 01:10:00,20.0,0.27625378829242164,0,-0.11,-0.22,-0.11
2014-04-04 01:15:00,20.0,0.2760649278939165,0,-0.11,-0.22,-0.11
2014-04-04 01:20:00,20.0,0.2758810909120701,0,-0.11,-0.22,-0.11
2014-04-04 01:25:00,20.0,0.2757021337434894,0,-0.11,-0.22,-0.11
2014-04-04 01:30:00,20.0,0.2755279175847989,0,-0.11,-0.22,-0.11
2014-04-04 01:35:00,20.0,0.2753583082248633,0,-0.11,-0.22,-0.11
2014-04-04 01:40:00,20.0,0.2751931758489722,0,-0.11,-0.22,-0.11
2014-04-04 01:45:00,20.0,0.2750323948541317,0,-0.11,-0.22,-0.11
2014-04-04 01:50:00,20.0,0.27487584367468354,0,-0.11,-0.22,-0.11
2014-04-04 01:55:00,20.0,0.2747234046175279,0,-0.11,-0.22,-0.11
2014-04-04 02:00:00,20.0,0.2745749637062914,0,-0.11,-0.22,-0.11
2014-04-04 02:05:00,20.0,0.2744304105338297,0,-0.11,-0.22,-0.11
2014-04-04 02:10:00,20.0,0.2742896381225036,0,-0.11,-0.22,-0.11
2014-04-04 02:15:00,20.0,0.2741525427917113,0,-0.11,-0.22,-0.11
2014-04-04 02:20:00,20.0,0.2740190240321998,0,-0.11,-0.22,-0.11
2014-04-04 02:25:00,20.0,0.27388898438671394,0,-0.11,-0.22,-0.11
2014-04-04 02:30:00,20.0,0.2737623293365764,0,-0.11,-0.22,-0.11
2014-04-04 02:35:00,20.0,0.2736389671938214,0,-0.11,-0.22,-0.11
2014-04-04 02:40:00,20.0,0.2735188089985347,0,-0.11,-0.22,-0.11
2014-04-04 02:45:00,20.0,0.2734017684210752,0,-0.11,-0.22,-0.11
2014-04-04 02:50:00,20.0,0.2732877616688811,0,-0.11,-0.22,-0.11
2014-04-04 02:55:00,20.0,0.2731767073975816,0,-0.11,-0.22,-0.11
2014-04-04 03:00:00,20.0,0.2730685266261579,0,-0.11,-0.22,-0.11
2014-04-04 03:05:00,20.0,0.2729631426559133,0,-0.11,-0.22,-0.11
2014-04-04 03:10:00,20.0,0.2728604809930316,0,-0.11,-0.22,-0.11
2014-04-04 03:15:00,20.0,0.27276046927451525,0,-0.11,-0.22,-0.11
2014-04-04 03:20:00,20.0,0.2726630371973137,0,-0.11,-0.22,-0.11
2014-04-04 03:25:00,20.0,0.2725681164504597,0,-0.11,-0.22,-0.11
2014-04-04 03:30:00,20.0,0.27247564065005,0,-0.11,-0.22,-0.11
2014-04-04 03:35:00,20.0,0.27238554527691194,0,-0.11,-0.22,-0.11
2014-04-04 03:40:00,20.0,0.2722977676168131,0,-0.11,-0.22,-0.11
2014-04-04 03:45:00,20.0,0.2722122467030768,0,-0.11,-0.22,-0.11
2014-04-04 03:50:00,20.0,0.2721289232614778,0,-0.11,-0.22,-0.11
2014-04-04 03:55:00,20.0,0.2720477396572995,0,-0.11,-0.22,-0.11
2014-04-04 04:00:00,20.0,0.27196863984444164,0,-0.11,-0.22,-0.11
2014-04-04 04:05:00,20.0,0.2718915693164753,0,-0.11,-0.22,-0.11
2014-04-04 04:10:00,20.0,0.2718164750595472,0,-0.11,-0.22,-0.11
2014-04-04 04:15:00,20.0,0.27174330550704323,0,-0.11,-0.22,-0.11
2014-04-04 04:20:00,20.0,0.2716720104959243,0,-0.11,-0.22,-0.11
2014-04-04 04:25:00,20.0,0.2716025412246563,0,-0.11,-0.22,-0.11
2014-04-04 04:30:00,20.0,0.27153485021265705,0,-0.11,-0.22,-0.11
2014-04-04 04:35:00,20.0,0.2714688912611896,0,-0.11,-0.22,-0.11
2014-04-04 04:40:00,20.0,0.27140461941563593,0,-0.11,-0.22,-0.11
2014-04-04 04:45:00,20.0,0.2713419909290884,0,-0.11,-0.22,-0.11
2014-04-04 04:50:00,20.0,0.27128096322719863,0,-0.11,-0.22,-0.11
2014-04-04 04:55:00,20.0,0.27122149487422936,0,-0.11,-0.22,-0.11
2014-04-04 05:00:00,20.0,0.2711635455402554,0,-0.11,-0.22,-0.11
2014-04-04 05:05:00,20.0,0.2711070759694665,0,-0.11,-0.22,-0.11
2014-04-04 05:10:00,20.0,0.2710520479495218,0,-0.11,-0.22,-0.11
2014-04-04 05:15:00,20.0,0.27099842428191473,0,-0.11,-0.22,-0.11
2014-04-04 05:20:00,20.0,0.27094616875330435,0,-0.11,-0.22,-0.11
2014-04-04 05:25:00,20.0,0.27089524610777543,0,-0.11,-0.22,-0.11
2014-04-04 05:30:00,20.0,0.27084562201998674,0,-0.11,-0.22,-0.11
2014-04-04 05:35:00,20.0,0.2707972630691758,0,-0.11,-0.22,-0.11
2014-04-04 05:40:00,20.0,0.270750136713983,0,-0.11,-0.22,-0.11
2014-04-04 05:45:00,20.0,0.2707042112680655,0,-0.11,-0.22,-0.11
2014-04-04 05:50:00,20.0,0.27065945587646817,0,-0.11,-0.22,-0.11
2014-04-04 05:55:00,20.0,0.2706158404927248,0,-0.11,-0.22,-0.11
2014-04-04 06:00:00,20.0,0.27057333585666143,0,-0.11,-0.22,-0.11
2014-04-04 06:05:00,20.0,0.2705319134728748,0,-0.11,-0.22,-0.11
2014-04-04 06:10:00,20.0,0.27049154558986177,0,-0.11,-0.22,-0.11
2014-04-04 06:15:00,20.0,0.27045220517977664,0,-0.11,-0.22,-0.11
2014-04-04 06:20:00,20.0,0.2704138659187925,0,-0.11,-0.22,-0.11
2014-04-04 06:25:00,20.0,0.2703765021680454,0,-0.11,-0.22,-0.11
2014-04-04 06:30:00,20.0,0.2703400889551416,0,-0.11,-0.22,-0.11
2014-04-04 06:35:00,20.0,0.2703046019562074,0,-0.11,-0.22,-0.11
2014-04-04 06:40:00,20.0,0.270270017478463,0,-0.11,-0.22,-0.11
2014-04-04 06:45:00,20.0,0.2702363124433026,0,-0.11,-0.22,-0.11
2014-04-04 06:50:00,20.0,0.2702034643698632,0,-0.11,-0.22,-0.11
2014-04-04 06:55:00,20.0,0.2701714513590661,0,-0.11,-0.22,-0.11
2014-04-04 07:00:00,20.0,0.27014025207811576,0,-0.11,-0.22,-0.11
2014-04-04 07:05:00,20.0,0.2701098457454389,0,-0.11,-0.22,-0.11
2014-04-04 07:10:00,20.0,0.27008021211605265,0,-0.11,-0.22,-0.11
2014-04-04 07:15:00,20.0,0.2700513314673451,0,-0.11,-0.22,-0.11
2014-04-04 07:20:00,20.0,0.2700231845852564,0,-0.11,-0.22,-0.11
2014-04-04 07:25:00,20.0,0.2699957527508461,0,-0.11,-0.22,-0.11
2014-04-04 07:30:00,20.0,0.2699690177272375,0,-0.11,-0.22,-0.11
2014-04-04 07:35:00,20.0,0.2699429617469236,0,-0.11,-0.22,-0.11
2014-04-04 07:40:00,20.0,0.269917567499426,0,-0.11,-0.22,-0.11
2014-04-04 07:45:00,20.0,0.2698928181192945,0,-0.11,-0.22,-0.11
2014-04-04 07:50:00,20.0,0.26986869717443696,0,-0.11,-0.22,-0.11
2014-04-04 07:55:00,20.0,0.2698451886547703,0,-0.11,-0.22,-0.11
2014-04-04 08:00:00,20.0,0.2698222769611813,0,-0.11,-0.22,-0.11
2014-04-04 08:05:00,20.0,0.2697999468947901,0,-0.11,-0.22,-0.11
2014-04-04 08:10:00,20.0,0.26977818364650463,0,-0.11,-0.22,-0.11
2014-04-04 08:15:00,20.0,0.26975697278685945,0,-0.11,-0.22,-0.11
2014-04-04 08:20:00,20.0,0.2697363002561297,0,-0.11,-0.22,-0.11
2014-04-04 08:25:00,20.0,0.2697161523547115,0,-0.11,-0.22,-0.11
2014-04-04 08:30:00,20.0,0.26969651573376313,0,-0.11,-0.22,-0.11
2014-04-04 08:35:00,20.0,0.2696773773860953,0,-0.11,-0.22,-0.11
2014-04-04 08:40:00,20.0,0.26965872463730944,0,-0.11,-0.22,-0.11
2014-04-04 08:45:00,20.0,0.2696405451371692,0,-0.11,-0.22,-0.11
2014-04-04 08:50:00,20.0,0.2696228268512061,0,-0.11,-0.22,-0.11
2014-04-04 08:55:00,20.0,0.26960555805254705,0,-0.11,-0.22,-0.11
2014-04-04 09:00:00,80.0,0.9999999999999942,0,-0.11,-0.22,-0.11
2014-04-04 09:05:00,80.0,0.6110084371825264,0,-0.11,-0.22,-0.11
2014-04-04 09:10:00,80.0,0.5034096405911028,0,-0.11,-0.22,-0.11
2014-04-04 09:15:00,80.0,0.4543753938478105,0,-0.11,-0.22,-0.11
2014-04-04 09:20:00,80.0,0.4251440301466077,0,-0.11,-0.22,-0.11
2014-04-04 09:25:00,80.0,0.405247643885565,0,-0.11,-0.22,-0.11
2014-04-04 09:30:00,80.0,0.3905894986966122,0,-0.11,-0.22,-0.11
2014-04-04 09:35:00,80.0,0.3792070226073889,0,-0.11,-0.22,-0.11
2014-04-04 09:40:00,80.0,0.3700305985403449,0,-0.11,-0.22,-0.11
2014-04-04 09:45:00,80.0,0.3624223835345665,0,-0.11,-0.22,-0.11
2014-04-04 09:50:00,80.0,0.35597583426367224,0,-0.11,-0.22,-0.11
2014-04-04 09:55:00,80.0,0.3504181879709746,0,-0.11,-0.22,-0.11
2014-04-04 10:00:00,80.0,0.3455588174378314,0,-0.11,-0.22,-0.11
2014-04-04 10:05:00,80.0,0.34125999440020544,0,-0.11,-0.22,-0.11
2014-04-04 10:10:00,80.0,0.33741942344456066,0,-0.11,-0.22,-0.11
2014-04-04 10:15:00,80.0,0.33395933395525274,0,-0.11,-0.22,-0.11
2014-04-04 10:20:00,80.0,0.33081940895289585,0,-0.11,-0.22,-0.11
2014-04-04 10:25:00,80.0,0.3279520532276638,0,-0.11,-0.22,-0.11
2014-04-04 10:30:00,80.0,0.3253191388899009,0,-0.11,-0.22,-0.11
2014-04-04 10:35:00,80.0,0.32288971292353785,0,-0.11,-0.22,-0.11
2014-04-04 10:40:00,80.0,0.3206383480785873,0,-0.11,-0.22,-0.11
2014-04-04 10:45:00,80.0,0.3185439342449938,0,-0.11,-0.22,-0.11
2014-04-04 10:50:00,80.0,0.31658877779261785,0,-0.11,-0.22,-0.11
2014-04-04 10:55:00,80.0,0.3147579202982579,0,-0.11,-0.22,-0.11
2014-04-04 11:00:00,80.0,0.3130386162153101,0,-0.11,-0.22,-0.11
2014-04-04 11:05:00,80.0,0.31141992746550823,0,-0.11,-0.22,-0.11
2014-04-04 11:10:00,80.0,0.3098924052433209,0,-0.11,-0.22,-0.11
2014-04-04 11:15:00,80.0,0.3084478377025192,0,-0.11,-0.22,-0.11
2014-04-04 11:20:00,80.0,0.30707904799342506,0,-0.11,-0.22,-0.11
2014-04-04 11:25:00,80.0,0.30577973119484964,0,-0.11,-0.22,-0.11
2014-04-04 11:30:00,80.0,0.3045443215896498,0,-0.11,-0.22,-0.11
2014-04-04 11:35:00,80.0,0.30336788383053004,0,-0.11,-0.22,-0.11
2014-04-04 11:40:00,80.0,0.3022460230758601,0,-0.11,-0.22,-0.11
2014-04-04 11:45:00,80.0,0.30117481030842125,0,-0.11,-0.22,-0.11
2014-04-04 11:50:00,80.0,0.30015071989625364,0,-0.11,-0.22,-0.11
2014-04-04 11:55:00,80.0,0.2991705770929721,0,-0.11,-0.22,-0.11
2014-04-04 12:00:00,80.0,0.2982315136605861,0,-0.11,-0.22,-0.11
2014-04-04 12:05:00,80.0,0.2973309301706269,0,-0.11,-0.22,-0.11
2014-04-04 12:10:00,80.0,0.2964664638277933,0,-0.11,-0.22,-0.11
2014-04-04 12:15:00,80.0,0.2956359608851617,0,-0.11,-0.22,-0.11
2014-04-04 12:20:00,80.0,0.2948374528965197,0,-0.11,-0.22,-0.11
2014-04-04 12:25:00,80.0,0.2940691361909057,0,-0.11,-0.22,-0.11
2014-04-04 12:30:00,80.0,0.2933293540654143,0,-0.11,-0.22,-0.11
2014-04-04 12:35:00,80.0,0.2926165812811409,0,-0.11,-0.22,-0.11
2014-04-04 12:40:00,80.0,0.2919294105186129,0,-0.11,-0.22,-0.11
2014-04-04 12:45:00,80.0,0.2912665405068966,0,-0.11,-0.22,-0.11
2014-04-04 12:50:00,80.0,0.29062676558761275,0,-0.11,-0.22,-0.11
2014-04-04 12:55:00,80.0,0.2900089665135526,0,-0.11,-0.22,-0.11
2014-04-04 13:00:00,80.0,0.2894121023131637,0,-0.11,-0.22,-0.11
2014-04-04 13:05:00,80.0,0.2888352030782308,0,-0.11,-0.22,-0.11
2014-04-04 13:10:00,80.0,0.2882773635536603,0,-0.11,-0.22,-0.11
2014-04-04 13:15:00,80.0,0.2877377374262298,0,-0.11,-0.22,-0.11
2014-04-04 13:20:00,80.0,0.2872155322241621,0,-0.11,-0.22,-0.11
2014-04-04 13:25:00,80.0,0.2867100047519517,0,-0.11,-0.22,-0.11
2014-04-04 13:30:00,80.0,0.2862204569954478,0,-0.11,-0.22,-0.11
2014-04-04 13:35:00,80.0,0.2857462324411246,0,-0.11,-0.22,-0.11
2014-04-04 13:40:00,80.0,0.2852867127610377,0,-0.11,-0.22,-0.11
2014-04-04 13:45:00,80.0,0.2848413148213833,0,-0.11,-0.22,-0.11
2014-04-04 13:50:00,80.0,0.2844094879780657,0,-0.11,-0.22,-0.11
2014-04-04 13:55:00,80.0,0.28399071162735123,0,-0.11,-0.22,-0.11
2014-04-04 14:00:00,80.0,0.28358449298371285,0,-0.11,-0.22,-0.11
2014-04-04 14:05:00,80.0,0.28319036506041273,0,-0.11,-0.22,-0.11
2014-04-04 14:10:00,80.0,0.2828078848313534,0,-0.11,-0.22,-0.11
2014-04-04 14:15:00,80.0,0.2824366315552964,0,-0.11,-0.22,-0.11
2014-04-04 14:20:00,80.0,0.28207620524577737,0,-0.11,-0.22,-0.11
2014-04-04 14:25:00,80.0,0.281726225271982,0,-0.11,-0.22,-0.11
2014-04-04 14:30:00,80.0,0.2813863290775328,0,-0.11,-0.22,-0.11
2014-04-04 14:35:00,80.0,0.2810561710056061,0,-0.11,-0.22,-0.11
2014-04-04 14:40:00,80.0,0.2807354212200843,0,-0.11,-0.22,-0.11
2014-04-04 14:45:00,80.0,0.28042376471357633,0,-0.11,-0.22,-0.11
2014-04-04 14:50:00,80.0,0.28012090039412674,0,-0.11,-0.22,-0.11
2014-04-04 14:55:00,80.0,0.2798265402433034,0,-0.11,-0.22,-0.11
2014-04-04 15:00:00,80.0,0.27954040853912393,0,-0.11,-0.22,-0.11
2014-04-04 15:05:00,80.0,0.2792622411379553,0,-0.11,-0.22,-0.11
2014-04-04 15:10:00,80.0,0.2789917848101215,0,-0.11,-0.22,-0.11
2014-04-04 15:15:00,80.0,0.2787287966244847,0,-0.11,-0.22,-0.11
2014-04-04 15:20:00,80.0,0.27847304337773904,0,-0.11,-0.22,-0.11
2014-04-04 15:25:00,80.0,0.2782243010645714,0,-0.11,-0.22,-0.11
2014-04-04 15:30:00,80.0,0.2779823543852208,0,-0.11,-0.22,-0.11
2014-04-04 15:35:00,80.0,0.2777469962872983,0,-0.11,-0.22,-0.11
2014-04-04 15:40:00,80.0,0.2775180275390299,0,-0.11,-0.22,-0.11
2014-04-04 15:45:00,80.0,0.2772952563313463,0,-0.11,-0.22,-0.11
2014-04-04 15:50:00,80.0,0.27707849790648786,0,-0.11,-0.22,-0.11
2014-04-04 15:55:00,80.0,0.2768675742110021,0,-0.11,-0.22,-0.11
2014-04-04 16:00:00,80.0,0.276662313571206,0,-0.11,-0.22,-0.11
2014-04-04 16:05:00,80.0,0.2764625503893567,0,-0.11,-0.22,-0.11
2014-04-04 16:10:00,80.0,0.2762681248589322,0,-0.11,-0.22,-0.11
2014-04-04 16:15:00,80.0,0.27607888269756004,0,-0.11,-0.22,-0.11
2014-04-04 16:20:00,80.0,0.275894674896264,0,-0.11,-0.22,-0.11
2014-04-04 16:25:00,80.0,0.2757153574838088,0,-0.11,-0.22,-0.11
2014-04-04 16:30:00,80.0,0.2755407913050282,0,-0.11,-0.22,-0.11
2014-04-04 16:35:00,80.0,0.2753708418121173,0,-0.11,-0.22,-0.11
2014-04-04 16:40:00,80.0,0.2752053788679522,0,-0.11,-0.22,-0.11
2014-04-04 16:45:00,80.0,0.2750442765605787,0,-0.11,-0.22,-0.11
2014-04-04 16:50:00,80.0,0.2748874130280844,0,-0.11,-0.22,-0.11
2014-04-04 16:55:00,80.0,0.2747346702931263,0,-0.11,-0.22,-0.11
2014-04-04 17:00:00,80.0,0.2745859341064517,0,-0.11,-0.22,-0.11
2014-04-04 17:05:00,80.0,0.27444109379879633,0,-0.11,-0.22,-0.11
2014-04-04 17:10:00,80.0,0.2743000421405986,0,-0.11,-0.22,-0.11
2014-04-04 17:15:00,80.0,0.2741626752090048,0,-0.11,-0.22,-0.11
2014-04-04 17:20:00,80.0,0.2740288922616894,0,-0.11,-0.22,-0.11
2014-04-04 17:25:00,80.0,0.27389859561704444,0,-0.11,-0.22,-0.11
2014-04-04 17:30:00,80.0,0.2737716905403291,0,-0.11,-0.22,-0.11
2014-04-04 17:35:00,80.0,0.27364808513540034,0,-0.11,-0.22,-0.11
2014-04-04 17:40:00,80.0,0.2735276902416747,0,-0.11,-0.22,-0.11
2014-04-04 17:45:00,80.0,0.2734104193359956,0,-0.11,-0.22,-0.11
2014-04-04 17:50:00,80.0,0.2732961884391057,0,-0.11,-0.22,-0.11
2014-04-04 17:55:00,80.0,0.2731849160264467,0,-0.11,-0.22,-0.11
2014-04-04 18:00:00,20.0,0.98672470545675,0,-0.11,-0.22,-0.11
2014-04-04 18:05:00,20.0,0.5984130656168682,0,-0.11,-0.22,-0.11
2014-04-04 18:10:00,20.0,0.4985601669105184,0,-0.11,-0.22,-0.11
2014-04-04 18:15:00,20.0,0.4517019586339162,0,-0.11,-0.22,-0.11
2014-04-04 18:20:00,20.0,0.4234038724750263,0,-0.11,-0.22,-0.11
2014-04-04 18:25:00,20.0,0.4040020193282346,0,-0.11,-0.22,-0.11
2014-04-04 18:30:00,20.0,0.3896414405169961,0,-0.11,-0.22,-0.11
2014-04-04 18:35:00,20.0,0.3784538936931736,0,-0.11,-0.22,-0.11
2014-04-04 18:40:00,20.0,0.3694131768345323,0,-0.11,-0.22,-0.11
2014-04-04 18:45:00,20.0,0.3619038632281193,0,-0.11,-0.22,-0.11
2014-04-04 18:50:00,20.0,0.3555320093061965,0,-0.11,-0.22,-0.11
2014-04-04 18:55:00,20.0,0.35003241311086386,0,-0.11,-0.22,-0.11
2014-04-04 19:00:00,20.0,0.3452192265964673,0,-0.11,-0.22,-0.11
2014-04-04 19:05:00,20.0,0.3409578730910682,0,-0.11,-0.22,-0.11
2014-04-04 19:10:00,20.0,0.3371482098885298,0,-0.11,-0.22,-0.11
2014-04-04 19:15:00,20.0,0.333713981107599,0,-0.11,-0.22,-0.11
2014-04-04 19:20:00,20.0,0.3305959630247675,0,-0.11,-0.22,-0.11
2014-04-04 19:25:00,20.0,0.3277473670259728,0,-0.11,-0.22,-0.11
2014-04-04 19:30:00,20.0,0.32513067186755673,0,-0.11,-0.22,-0.11
2014-04-04 19:35:00,20.0,0.32271538858999194,0,-0.11,-0.22,-0.11
2014-04-04 19:40:00,20.0,0.3204764503058516,0,-0.11,-0.22,-0.11
2014-04-04 19:45:00,20.0,0.3183930305333293,0,-0.11,-0.22,-0.11
2014-04-04 19:50:00,20.0,0.3164476615924378,0,-0.11,-0.22,-0.11
2014-04-04 19:55:00,20.0,0.3146255670408703,0,-0.11,-0.22,-0.11
2014-04-04 20:00:00,20.0,0.3129141493636714,0,-0.11,-0.22,-0.11
2014-04-04 20:05:00,20.0,0.3113025919952282,0,-0.11,-0.22,-0.11
2014-04-04 20:10:00,20.0,0.3097815467065041,0,-0.11,-0.22,-0.11
2014-04-04 20:15:00,20.0,0.3083428855372252,0,-0.11,-0.22,-0.11
2014-04-04 20:20:00,20.0,0.3069795020977956,0,-0.11,-0.22,-0.11
2014-04-04 20:25:00,20.0,0.3056851510373863,0,-0.11,-0.22,-0.11
2014-04-04 20:30:00,20.0,0.3044543173084137,0,-0.11,-0.22,-0.11
2014-04-04 20:35:00,20.0,0.30328210890585844,0,-0.11,-0.22,-0.11
2014-04-04 20:40:00,20.0,0.3021641682581643,0,-0.11,-0.22,-0.11
2014-04-04 20:45:00,20.0,0.3010965985547236,0,-0.11,-0.22,-0.11
2014-04-04 20:50:00,20.0,0.30007590212327184,0,-0.11,-0.22,-0.11
2014-04-04 20:55:00,20.0,0.2990989285955989,0,-0.11,-0.22,-0.11
2014-04-04 21:00:00,20.0,0.29816283107600233,0,-0.11,-0.22,-0.11
2014-04-04 21:05:00,20.0,0.29726502889248685,0,-0.11,-0.22,-0.11
2014-04-04 21:10:00,20.0,0.29640317579372594,0,-0.11,-0.22,-0.11
2014-04-04 21:15:00,20.0,0.295575132675549,0,-0.11,-0.22,-0.11
2014-04-04 21:20:00,20.0,0.294778944094114,0,-0.11,-0.22,-0.11
2014-04-04 21:25:00,20.0,0.2940128179600481,0,-0.11,-0.22,-0.11
2014-04-04 21:30:00,20.0,0.2932751079169629,0,-0.11,-0.22,-0.11
2014-04-04 21:35:00,20.0,0.2925642979951096,0,-0.11,-0.22,-0.11
2014-04-04 21:40:00,20.0,0.29187898920128524,0,-0.11,-0.22,-0.11
2014-04-04 21:45:00,20.0,0.2912178877630394,0,-0.11,-0.22,-0.11
2014-04-04 21:50:00,20.0,0.2905797947915665,0,-0.11,-0.22,-0.11
2014-04-04 21:55:00,20.0,0.28996359716555603,0,-0.11,-0.22,-0.11
2014-04-04 22:00:00,20.0,0.2893682594693981,0,-0.11,-0.22,-0.11
2014-04-04 22:05:00,20.0,0.28879281684482644,0,-0.11,-0.22,-0.11
2014-04-04 22:10:00,20.0,0.2882363686363658,0,-0.11,-0.22,-0.11
2014-04-04 22:15:00,20.0,0.2876980727286658,0,-0.11,-0.22,-0.11
2014-04-04 22:20:00,20.0,0.2871771404885951,0,-0.11,-0.22,-0.11
2014-04-04 22:25:00,20.0,0.28667283223738244,0,-0.11,-0.22,-0.11
2014-04-04 22:30:00,20.0,0.28618445318852803,0,-0.11,-0.22,-0.11
2014-04-04 22:35:00,20.0,0.28571134979602786,0,-0.11,-0.22,-0.11
2014-04-04 22:40:00,20.0,0.28525290646492435,0,-0.11,-0.22,-0.11
2014-04-04 22:45:00,20.0,0.2848085425825444,0,-0.11,-0.22,-0.11
2014-04-04 22:50:00,20.0,0.2843777098342027,0,-0.11,-0.22,-0.11
2014-04-04 22:55:00,20.0,0.28395988977177483,0,-0.11,-0.22,-0.11
2014-04-04 23:00:00,20.0,0.2835545916075163,0,-0.11,-0.22,-0.11
2014-04-04 23:05:00,20.0,0.28316135020891714,0,-0.11,-0.22,-0.11
2014-04-04 23:10:00,20.0,0.2827797242733259,0,-0.11,-0.22,-0.11
2014-04-04 23:15:00,20.0,0.2824092946636206,0,-0.11,-0.22,-0.11
2014-04-04 23:20:00,20.0,0.2820496628884097,0,-0.11,-0.22,-0.11
2014-04-04 23:25:00,20.0,0.28170044971216285,0,-0.11,-0.22,-0.11
2014-04-04 23:30:00,20.0,0.2813612938823368,0,-0.11,-0.22,-0.11
2014-04-04 23:35:00,20.0,0.2810318509620187,0,-0.11,-0.22,-0.11
2014-04-04 23:40:00,20.0,0.2807117922578834,0,-0.11,-0.22,-0.11
2014-04-04 23:45:00,20.0,0.28040080383437177,0,-0.11,-0.22,-0.11
2014-04-04 23:50:00,20.0,0.2800985856059837,0,-0.11,-0.22,-0.11
2014-04-04 23:55:00,20.0,0.2798048505004341,0,-0.11,-0.22,-0.11
2014-04-05 00:00:00,20.0,0.27951932368618776,0,-0.11,-0.22,-0.11
2014-04-05 00:05:00,20.0,0.2792417418585515,0,-0.11,-0.22,-0.11
2014-04-05 00:10:00,20.0,0.27897185257910423,0,-0.11,-0.22,-0.11
2014-04-05 00:15:00,20.0,0.27870941366376595,0,-0.11,-0.22,-0.11
2014-04-05 00:20:00,20.0,0.27845419261527643,0,-0.11,-0.22,-0.11
2014-04-05 00:25:00,20.0,0.2782059660962705,0,-0.11,-0.22,-0.11
2014-04-05 00:30:00,20.0,0.27796451943950523,0,-0.11,-0.22,-0.11
2014-04-05 00:35:00,20.0,0.27772964619212603,0,-0.11,-0.22,-0.11
2014-04-05 00:40:00,20.0,0.2775011476911532,0,-0.11,-0.22,-0.11
2014-04-05 00:45:00,20.0,0.2772788326676341,0,-0.11,-0.22,-0.11
2014-04-05 00:50:00,20.0,0.27706251687714384,0,-0.11,-0.22,-0.11
2014-04-05 00:55:00,20.0,0.27685202275452825,0,-0.11,-0.22,-0.11
2014-04-05 01:00:00,20.0,0.276647179090974,0,-0.11,-0.22,-0.11
2014-04-05 01:05:00,20.0,0.2764478207316629,0,-0.11,-0.22,-0.11
2014-04-05 01:10:00,20.0,0.27625378829242164,0,-0.11,-0.22,-0.11
2014-04-05 01:15:00,20.0,0.2760649278939165,0,-0.11,-0.22,-0.11
2014-04-05 01:20:00,20.0,0.2758810909120701,0,-0.11,-0.22,-0.11
2014-04-05 01:25:00,20.0,0.2757021337434894,0,-0.11,-0.22,-0.11
2014-04-05 01:30:00,20.0,0.2755279175847989,0,-0.11,-0.22,-0.11
2014-04-05 01:35:00,20.0,0.2753583082248633,0,-0.11,-0.22,-0.11
2014-04-05 01:40:00,20.0,0.2751931758489722,0,-0.11,-0.22,-0.11
2014-04-05 01:45:00,20.0,0.2750323948541317,0,-0.11,-0.22,-0.11
2014-04-05 01:50:00,20.0,0.27487584367468354,0,-0.11,-0.22,-0.11
2014-04-05 01:55:00,20.0,0.2747234046175279,0,-0.11,-0.22,-0.11
2014-04-05 02:00:00,20.0,0.2745749637062914,0,-0.11,-0.22,-0.11
2014-04-05 02:05:00,20.0,0.2744304105338297,0,-0.11,-0.22,-0.11
2014-04-05 02:10:00,20.0,0.2742896381225036,0,-0.11,-0.22,-0.11
2014-04-05 02:15:00,20.0,0.2741525427917113,0,-0.11,-0.22,-0.11
2014-04-05 02:20:00,20.0,0.2740190240321998,0,-0.11,-0.22,-0.11
2014-04-05 02:25:00,20.0,0.27388898438671394,0,-0.11,-0.22,-0.11
2014-04-05 02:30:00,20.0,0.2737623293365764,0,-0.11,-0.22,-0.11
2014-04-05 02:35:00,20.0,0.2736389671938214,0,-0.11,-0.22,-0.11
2014-04-05 02:40:00,20.0,0.2735188089985347,0,-0.11,-0.22,-0.11
2014-04-05 02:45:00,20.0,0.2734017684210752,0,-0.11,-0.22,-0.11
2014-04-05 02:50:00,20.0,0.2732877616688811,0,-0.11,-0.22,-0.11
2014-04-05 02:55:00,20.0,0.2731767073975816,0,-0.11,-0.22,-0.11
2014-04-05 03:00:00,20.0,0.2730685266261579,0,-0.11,-0.22,-0.11
2014-04-05 03:05:00,20.0,0.2729631426559133,0,-0.11,-0.22,-0.11
2014-04-05 03:10:00,20.0,0.2728604809930316,0,-0.11,-0.22,-0.11
2014-04-05 03:15:00,20.0,0.27276046927451525,0,-0.11,-0.22,-0.11
2014-04-05 03:20:00,20.0,0.2726630371973137,0,-0.11,-0.22,-0.11
2014-04-05 03:25:00,20.0,0.2725681164504597,0,-0.11,-0.22,-0.11
2014-04-05 03:30:00,20.0,0.27247564065005,0,-0.11,-0.22,-0.11
2014-04-05 03:35:00,20.0,0.27238554527691194,0,-0.11,-0.22,-0.11
2014-04-05 03:40:00,20.0,0.2722977676168131,0,-0.11,-0.22,-0.11
2014-04-05 03:45:00,20.0,0.2722122467030768,0,-0.11,-0.22,-0.11
2014-04-05 03:50:00,20.0,0.2721289232614778,0,-0.11,-0.22,-0.11
2014-04-05 03:55:00,20.0,0.2720477396572995,0,-0.11,-0.22,-0.11
2014-04-05 04:00:00,20.0,0.27196863984444164,0,-0.11,-0.22,-0.11
2014-04-05 04:05:00,20.0,0.2718915693164753,0,-0.11,-0.22,-0.11
2014-04-05 04:10:00,20.0,0.2718164750595472,0,-0.11,-0.22,-0.11
2014-04-05 04:15:00,20.0,0.27174330550704323,0,-0.11,-0.22,-0.11
2014-04-05 04:20:00,20.0,0.2716720104959243,0,-0.11,-0.22,-0.11
2014-04-05 04:25:00,20.0,0.2716025412246563,0,-0.11,-0.22,-0.11
2014-04-05 04:30:00,20.0,0.27153485021265705,0,-0.11,-0.22,-0.11
2014-04-05 04:35:00,20.0,0.2714688912611896,0,-0.11,-0.22,-0.11
2014-04-05 04:40:00,20.0,0.27140461941563593,0,-0.11,-0.22,-0.11
2014-04-05 04:45:00,20.0,0.2713419909290884,0,-0.11,-0.22,-0.11
2014-04-05 04:50:00,20.0,0.27128096322719863,0,-0.11,-0.22,-0.11
2014-04-05 04:55:00,20.0,0.27122149487422936,0,-0.11,-0.22,-0.11
2014-04-05 05:00:00,20.0,0.2711635455402554,0,-0.11,-0.22,-0.11
2014-04-05 05:05:00,20.0,0.2711070759694665,0,-0.11,-0.22,-0.11
2014-04-05 05:10:00,20.0,0.2710520479495218,0,-0.11,-0.22,-0.11
2014-04-05 05:15:00,20.0,0.27099842428191473,0,-0.11,-0.22,-0.11
2014-04-05 05:20:00,20.0,0.27094616875330435,0,-0.11,-0.22,-0.11
2014-04-05 05:25:00,20.0,0.27089524610777543,0,-0.11,-0.22,-0.11
2014-04-05 05:30:00,20.0,0.27084562201998674,0,-0.11,-0.22,-0.11
2014-04-05 05:35:00,20.0,0.2707972630691758,0,-0.11,-0.22,-0.11
2014-04-05 05:40:00,20.0,0.270750136713983,0,-0.11,-0.22,-0.11
2014-04-05 05:45:00,20.0,0.2707042112680655,0,-0.11,-0.22,-0.11
2014-04-05 05:50:00,20.0,0.27065945587646817,0,-0.11,-0.22,-0.11
2014-04-05 05:55:00,20.0,0.2706158404927248,0,-0.11,-0.22,-0.11
2014-04-05 06:00:00,20.0,0.27057333585666143,0,-0.11,-0.22,-0.11
2014-04-05 06:05:00,20.0,0.2705319134728748,0,-0.11,-0.22,-0.11
2014-04-05 06:10:00,20.0,0.27049154558986177,0,-0.11,-0.22,-0.11
2014-04-05 06:15:00,20.0,0.27045220517977664,0,-0.11,-0.22,-0.11
2014-04-05 06:20:00,20.0,0.2704138659187925,0,-0.11,-0.22,-0.11
2014-04-05 06:25:00,20.0,0.2703765021680454,0,-0.11,-0.22,-0.11
2014-04-05 06:30:00,20.0,0.2703400889551416,0,-0.11,-0.22,-0.11
2014-04-05 06:35:00,20.0,0.2703046019562074,0,-0.11,-0.22,-0.11
2014-04-05 06:40:00,20.0,0.270270017478463,0,-0.11,-0.22,-0.11
2014-04-05 06:45:00,20.0,0.2702363124433026,0,-0.11,-0.22,-0.11
2014-04-05 06:50:00,20.0,0.2702034643698632,0,-0.11,-0.22,-0.11
2014-04-05 06:55:00,20.0,0.2701714513590661,0,-0.11,-0.22,-0.11
2014-04-05 07:00:00,20.0,0.27014025207811576,0,-0.11,-0.22,-0.11
2014-04-05 07:05:00,20.0,0.2701098457454389,0,-0.11,-0.22,-0.11
2014-04-05 07:10:00,20.0,0.27008021211605265,0,-0.11,-0.22,-0.11
2014-04-05 07:15:00,20.0,0.2700513314673451,0,-0.11,-0.22,-0.11
2014-04-05 07:20:00,20.0,0.2700231845852564,0,-0.11,-0.22,-0.11
2014-04-05 07:25:00,20.0,0.2699957527508461,0,-0.11,-0.22,-0.11
2014-04-05 07:30:00,20.0,0.2699690177272375,0,-0.11,-0.22,-0.11
2014-04-05 07:35:00,20.0,0.2699429617469236,0,-0.11,-0.22,-0.11
2014-04-05 07:40:00,20.0,0.269917567499426,0,-0.11,-0.22,-0.11
2014-04-05 07:45:00,20.0,0.2698928181192945,0,-0.11,-0.22,-0.11
2014-04-05 07:50:00,20.0,0.26986869717443696,0,-0.11,-0.22,-0.11
2014-04-05 07:55:00,20.0,0.2698451886547703,0,-0.11,-0.22,-0.11
2014-04-05 08:00:00,20.0,0.2698222769611813,0,-0.11,-0.22,-0.11
2014-04-05 08:05:00,20.0,0.2697999468947901,0,-0.11,-0.22,-0.11
2014-04-05 08:10:00,20.0,0.26977818364650463,0,-0.11,-0.22,-0.11
2014-04-05 08:15:00,20.0,0.26975697278685945,0,-0.11,-0.22,-0.11
2014-04-05 08:20:00,20.0,0.2697363002561297,0,-0.11,-0.22,-0.11
2014-04-05 08:25:00,20.0,0.2697161523547115,0,-0.11,-0.22,-0.11
2014-04-05 08:30:00,20.0,0.26969651573376313,0,-0.11,-0.22,-0.11
2014-04-05 08:35:00,20.0,0.2696773773860953,0,-0.11,-0.22,-0.11
2014-04-05 08:40:00,20.0,0.26965872463730944,0,-0.11,-0.22,-0.11
2014-04-05 08:45:00,20.0,0.2696405451371692,0,-0.11,-0.22,-0.11
2014-04-05 08:50:00,20.0,0.2696228268512061,0,-0.11,-0.22,-0.11
2014-04-05 08:55:00,20.0,0.26960555805254705,0,-0.11,-0.22,-0.11
2014-04-05 09:00:00,80.0,0.9999999999999942,0,-0.11,-0.22,-0.11
2014-04-05 09:05:00,80.0,0.6110084371825264,0,-0.11,-0.22,-0.11
2014-04-05 09:10:00,80.0,0.5034096405911028,0,-0.11,-0.22,-0.11
2014-04-05 09:15:00,80.0,0.4543753938478105,0,-0.11,-0.22,-0.11
2014-04-05 09:20:00,80.0,0.4251440301466077,0,-0.11,-0.22,-0.11
2014-04-05 09:25:00,80.0,0.405247643885565,0,-0.11,-0.22,-0.11
2014-04-05 09:30:00,80.0,0.3905894986966122,0,-0.11,-0.22,-0.11
2014-04-05 09:35:00,80.0,0.3792070226073889,0,-0.11,-0.22,-0.11
2014-04-05 09:40:00,80.0,0.3700305985403449,0,-0.11,-0.22,-0.11
2014-04-05 09:45:00,80.0,0.3624223835345665,0,-0.11,-0.22,-0.11
2014-04-05 09:50:00,80.0,0.35597583426367224,0,-0.11,-0.22,-0.11
2014-04-05 09:55:00,80.0,0.3504181879709746,0,-0.11,-0.22,-0.11
2014-04-05 10:00:00,80.0,0.3455588174378314,0,-0.11,-0.22,-0.11
2014-04-05 10:05:00,80.0,0.34125999440020544,0,-0.11,-0.22,-0.11
2014-04-05 10:10:00,80.0,0.33741942344456066,0,-0.11,-0.22,-0.11
2014-04-05 10:15:00,80.0,0.33395933395525274,0,-0.11,-0.22,-0.11
2014-04-05 10:20:00,80.0,0.33081940895289585,0,-0.11,-0.22,-0.11
2014-04-05 10:25:00,80.0,0.3279520532276638,0,-0.11,-0.22,-0.11
2014-04-05 10:30:00,80.0,0.3253191388899009,0,-0.11,-0.22,-0.11
2014-04-05 10:35:00,80.0,0.32288971292353785,0,-0.11,-0.22,-0.11
2014-04-05 10:40:00,80.0,0.3206383480785873,0,-0.11,-0.22,-0.11
2014-04-05 10:45:00,80.0,0.3185439342449938,0,-0.11,-0.22,-0.11
2014-04-05 10:50:00,80.0,0.31658877779261785,0,-0.11,-0.22,-0.11
2014-04-05 10:55:00,80.0,0.3147579202982579,0,-0.11,-0.22,-0.11
2014-04-05 11:00:00,80.0,0.3130386162153101,0,-0.11,-0.22,-0.11
2014-04-05 11:05:00,80.0,0.31141992746550823,0,-0.11,-0.22,-0.11
2014-04-05 11:10:00,80.0,0.3098924052433209,0,-0.11,-0.22,-0.11
2014-04-05 11:15:00,80.0,0.3084478377025192,0,-0.11,-0.22,-0.11
2014-04-05 11:20:00,80.0,0.30707904799342506,0,-0.11,-0.22,-0.11
2014-04-05 11:25:00,80.0,0.30577973119484964,0,-0.11,-0.22,-0.11
2014-04-05 11:30:00,80.0,0.3045443215896498,0,-0.11,-0.22,-0.11
2014-04-05 11:35:00,80.0,0.30336788383053004,0,-0.11,-0.22,-0.11
2014-04-05 11:40:00,80.0,0.3022460230758601,0,-0.11,-0.22,-0.11
2014-04-05 11:45:00,80.0,0.30117481030842125,0,-0.11,-0.22,-0.11
2014-04-05 11:50:00,80.0,0.30015071989625364,0,-0.11,-0.22,-0.11
2014-04-05 11:55:00,80.0,0.2991705770929721,0,-0.11,-0.22,-0.11
2014-04-05 12:00:00,80.0,0.2982315136605861,0,-0.11,-0.22,-0.11
2014-04-05 12:05:00,80.0,0.2973309301706269,0,-0.11,-0.22,-0.11
2014-04-05 12:10:00,80.0,0.2964664638277933,0,-0.11,-0.22,-0.11
2014-04-05 12:15:00,80.0,0.2956359608851617,0,-0.11,-0.22,-0.11
2014-04-05 12:20:00,80.0,0.2948374528965197,0,-0.11,-0.22,-0.11
2014-04-05 12:25:00,80.0,0.2940691361909057,0,-0.11,-0.22,-0.11
2014-04-05 12:30:00,80.0,0.2933293540654143,0,-0.11,-0.22,-0.11
2014-04-05 12:35:00,80.0,0.2926165812811409,0,-0.11,-0.22,-0.11
2014-04-05 12:40:00,80.0,0.2919294105186129,0,-0.11,-0.22,-0.11
2014-04-05 12:45:00,80.0,0.2912665405068966,0,-0.11,-0.22,-0.11
2014-04-05 12:50:00,80.0,0.29062676558761275,0,-0.11,-0.22,-0.11
2014-04-05 12:55:00,80.0,0.2900089665135526,0,-0.11,-0.22,-0.11
2014-04-05 13:00:00,80.0,0.2894121023131637,0,-0.11,-0.22,-0.11
2014-04-05 13:05:00,80.0,0.2888352030782308,0,-0.11,-0.22,-0.11
2014-04-05 13:10:00,80.0,0.2882773635536603,0,-0.11,-0.22,-0.11
2014-04-05 13:15:00,80.0,0.2877377374262298,0,-0.11,-0.22,-0.11
2014-04-05 13:20:00,80.0,0.2872155322241621,0,-0.11,-0.22,-0.11
2014-04-05 13:25:00,80.0,0.2867100047519517,0,-0.11,-0.22,-0.11
2014-04-05 13:30:00,80.0,0.2862204569954478,0,-0.11,-0.22,-0.11
2014-04-05 13:35:00,80.0,0.2857462324411246,0,-0.11,-0.22,-0.11
2014-04-05 13:40:00,80.0,0.2852867127610377,0,-0.11,-0.22,-0.11
2014-04-05 13:45:00,80.0,0.2848413148213833,0,-0.11,-0.22,-0.11
2014-04-05 13:50:00,80.0,0.2844094879780657,0,-0.11,-0.22,-0.11
2014-04-05 13:55:00,80.0,0.28399071162735123,0,-0.11,-0.22,-0.11
2014-04-05 14:00:00,80.0,0.28358449298371285,0,-0.11,-0.22,-0.11
2014-04-05 14:05:00,80.0,0.28319036506041273,0,-0.11,-0.22,-0.11
2014-04-05 14:10:00,80.0,0.2828078848313534,0,-0.11,-0.22,-0.11
2014-04-05 14:15:00,80.0,0.2824366315552964,0,-0.11,-0.22,-0.11
2014-04-05 14:20:00,80.0,0.28207620524577737,0,-0.11,-0.22,-0.11
2014-04-05 14:25:00,80.0,0.281726225271982,0,-0.11,-0.22,-0.11
2014-04-05 14:30:00,80.0,0.2813863290775328,0,-0.11,-0.22,-0.11
2014-04-05 14:35:00,80.0,0.2810561710056061,0,-0.11,-0.22,-0.11
2014-04-05 14:40:00,80.0,0.2807354212200843,0,-0.11,-0.22,-0.11
2014-04-05 14:45:00,80.0,0.28042376471357633,0,-0.11,-0.22,-0.11
2014-04-05 14:50:00,80.0,0.28012090039412674,0,-0.11,-0.22,-0.11
2014-04-05 14:55:00,80.0,0.2798265402433034,0,-0.11,-0.22,-0.11
2014-04-05 15:00:00,80.0,0.27954040853912393,0,-0.11,-0.22,-0.11
2014-04-05 15:05:00,80.0,0.2792622411379553,0,-0.11,-0.22,-0.11
2014-04-05 15:10:00,80.0,0.2789917848101215,0,-0.11,-0.22,-0.11
2014-04-05 15:15:00,80.0,0.2787287966244847,0,-0.11,-0.22,-0.11
2014-04-05 15:20:00,80.0,0.27847304337773904,0,-0.11,-0.22,-0.11
2014-04-05 15:25:00,80.0,0.2782243010645714,0,-0.11,-0.22,-0.11
2014-04-05 15:30:00,80.0,0.2779823543852208,0,-0.11,-0.22,-0.11
2014-04-05 15:35:00,80.0,0.2777469962872983,0,-0.11,-0.22,-0.11
2014-04-05 15:40:00,80.0,0.2775180275390299,0,-0.11,-0.22,-0.11
2014-04-05 15:45:00,80.0,0.2772952563313463,0,-0.11,-0.22,-0.11
2014-04-05 15:50:00,80.0,0.27707849790648786,0,-0.11,-0.22,-0.11
2014-04-05 15:55:00,80.0,0.2768675742110021,0,-0.11,-0.22,-0.11
2014-04-05 16:00:00,80.0,0.276662313571206,0,-0.11,-0.22,-0.11
2014-04-05 16:05:00,80.0,0.2764625503893567,0,-0.11,-0.22,-0.11
2014-04-05 16:10:00,80.0,0.2762681248589322,0,-0.11,-0.22,-0.11
2014-04-05 16:15:00,80.0,0.27607888269756004,0,-0.11,-0.22,-0.11
2014-04-05 16:20:00,80.0,0.275894674896264,0,-0.11,-0.22,-0.11
2014-04-05 16:25:00,80.0,0.2757153574838088,0,-0.11,-0.22,-0.11
2014-04-05 16:30:00,80.0,0.2755407913050282,0,-0.11,-0.22,-0.11
2014-04-05 16:35:00,80.0,0.2753708418121173,0,-0.11,-0.22,-0.11
2014-04-05 16:40:00,80.0,0.2752053788679522,0,-0.11,-0.22,-0.11
2014-04-05 16:45:00,80.0,0.2750442765605787,0,-0.11,-0.22,-0.11
2014-04-05 16:50:00,80.0,0.2748874130280844,0,-0.11,-0.22,-0.11
2014-04-05 16:55:00,80.0,0.2747346702931263,0,-0.11,-0.22,-0.11
2014-04-05 17:00:00,80.0,0.2745859341064517,0,-0.11,-0.22,-0.11
2014-04-05 17:05:00,80.0,0.27444109379879633,0,-0.11,-0.22,-0.11
2014-04-05 17:10:00,80.0,0.2743000421405986,0,-0.11,-0.22,-0.11
2014-04-05 17:15:00,80.0,0.2741626752090048,0,-0.11,-0.22,-0.11
2014-04-05 17:20:00,80.0,0.2740288922616894,0,-0.11,-0.22,-0.11
2014-04-05 17:25:00,80.0,0.27389859561704444,0,-0.11,-0.22,-0.11
2014-04-05 17:30:00,80.0,0.2737716905403291,0,-0.11,-0.22,-0.11
2014-04-05 17:35:00,80.0,0.27364808513540034,0,-0.11,-0.22,-0.11
2014-04-05 17:40:00,80.0,0.2735276902416747,0,-0.11,-0.22,-0.11
2014-04-05 17:45:00,80.0,0.2734104193359956,0,-0.11,-0.22,-0.11
2014-04-05 17:50:00,80.0,0.2732961884391057,0,-0.11,-0.22,-0.11
2014-04-05 17:55:00,80.0,0.2731849160264467,0,-0.11,-0.22,-0.11
2014-04-05 18:00:00,20.0,0.98672470545675,0,-0.11,-0.22,-0.11
2014-04-05 18:05:00,20.0,0.5984130656168682,0,-0.11,-0.22,-0.11
2014-04-05 18:10:00,20.0,0.4985601669105184,0,-0.11,-0.22,-0.11
2014-04-05 18:15:00,20.0,0.4517019586339162,0,-0.11,-0.22,-0.11
2014-04-05 18:20:00,20.0,0.4234038724750263,0,-0.11,-0.22,-0.11
2014-04-05 18:25:00,20.0,0.4040020193282346,0,-0.11,-0.22,-0.11
2014-04-05 18:30:00,20.0,0.3896414405169961,0,-0.11,-0.22,-0.11
2014-04-05 18:35:00,20.0,0.3784538936931736,0,-0.11,-0.22,-0.11
2014-04-05 18:40:00,20.0,0.3694131768345323,0,-0.11,-0.22,-0.11
2014-04-05 18:45:00,20.0,0.3619038632281193,0,-0.11,-0.22,-0.11
2014-04-05 18:50:00,20.0,0.3555320093061965,0,-0.11,-0.22,-0.11
2014-04-05 18:55:00,20.0,0.35003241311086386,0,-0.11,-0.22,-0.11
2014-04-05 19:00:00,20.0,0.3452192265964673,0,-0.11,-0.22,-0.11
2014-04-05 19:05:00,20.0,0.3409578730910682,0,-0.11,-0.22,-0.11
2014-04-05 19:10:00,20.0,0.3371482098885298,0,-0.11,-0.22,-0.11
2014-04-05 19:15:00,20.0,0.333713981107599,0,-0.11,-0.22,-0.11
2014-04-05 19:20:00,20.0,0.3305959630247675,0,-0.11,-0.22,-0.11
2014-04-05 19:25:00,20.0,0.3277473670259728,0,-0.11,-0.22,-0.11
2014-04-05 19:30:00,20.0,0.32513067186755673,0,-0.11,-0.22,-0.11
2014-04-05 19:35:00,20.0,0.32271538858999194,0,-0.11,-0.22,-0.11
2014-04-05 19:40:00,20.0,0.3204764503058516,0,-0.11,-0.22,-0.11
2014-04-05 19:45:00,20.0,0.3183930305333293,0,-0.11,-0.22,-0.11
2014-04-05 19:50:00,20.0,0.3164476615924378,0,-0.11,-0.22,-0.11
2014-04-05 19:55:00,20.0,0.3146255670408703,0,-0.11,-0.22,-0.11
2014-04-05 20:00:00,20.0,0.3129141493636714,0,-0.11,-0.22,-0.11
2014-04-05 20:05:00,20.0,0.3113025919952282,0,-0.11,-0.22,-0.11
2014-04-05 20:10:00,20.0,0.3097815467065041,0,-0.11,-0.22,-0.11
2014-04-05 20:15:00,20.0,0.3083428855372252,0,-0.11,-0.22,-0.11
2014-04-05 20:20:00,20.0,0.3069795020977956,0,-0.11,-0.22,-0.11
2014-04-05 20:25:00,20.0,0.3056851510373863,0,-0.11,-0.22,-0.11
2014-04-05 20:30:00,20.0,0.3044543173084137,0,-0.11,-0.22,-0.11
2014-04-05 20:35:00,20.0,0.30328210890585844,0,-0.11,-0.22,-0.11
2014-04-05 20:40:00,20.0,0.3021641682581643,0,-0.11,-0.22,-0.11
2014-04-05 20:45:00,20.0,0.3010965985547236,0,-0.11,-0.22,-0.11
2014-04-05 20:50:00,20.0,0.30007590212327184,0,-0.11,-0.22,-0.11
2014-04-05 20:55:00,20.0,0.2990989285955989,0,-0.11,-0.22,-0.11
2014-04-05 21:00:00,20.0,0.29816283107600233,0,-0.11,-0.22,-0.11
2014-04-05 21:05:00,20.0,0.29726502889248685,0,-0.11,-0.22,-0.11
2014-04-05 21:10:00,20.0,0.29640317579372594,0,-0.11,-0.22,-0.11
2014-04-05 21:15:00,20.0,0.295575132675549,0,-0.11,-0.22,-0.11
2014-04-05 21:20:00,20.0,0.294778944094114,0,-0.11,-0.22,-0.11
2014-04-05 21:25:00,20.0,0.2940128179600481,0,-0.11,-0.22,-0.11
2014-04-05 21:30:00,20.0,0.2932751079169629,0,-0.11,-0.22,-0.11
2014-04-05 21:35:00,20.0,0.2925642979951096,0,-0.11,-0.22,-0.11
2014-04-05 21:40:00,20.0,0.29187898920128524,0,-0.11,-0.22,-0.11
2014-04-05 21:45:00,20.0,0.2912178877630394,0,-0.11,-0.22,-0.11
2014-04-05 21:50:00,20.0,0.2905797947915665,0,-0.11,-0.22,-0.11
2014-04-05 21:55:00,20.0,0.28996359716555603,0,-0.11,-0.22,-0.11
2014-04-05 22:00:00,20.0,0.2893682594693981,0,-0.11,-0.22,-0.11
2014-04-05 22:05:00,20.0,0.28879281684482644,0,-0.11,-0.22,-0.11
2014-04-05 22:10:00,20.0,0.2882363686363658,0,-0.11,-0.22,-0.11
2014-04-05 22:15:00,20.0,0.2876980727286658,0,-0.11,-0.22,-0.11
2014-04-05 22:20:00,20.0,0.2871771404885951,0,-0.11,-0.22,-0.11
2014-04-05 22:25:00,20.0,0.28667283223738244,0,-0.11,-0.22,-0.11
2014-04-05 22:30:00,20.0,0.28618445318852803,0,-0.11,-0.22,-0.11
2014-04-05 22:35:00,20.0,0.28571134979602786,0,-0.11,-0.22,-0.11
2014-04-05 22:40:00,20.0,0.28525290646492435,0,-0.11,-0.22,-0.11
2014-04-05 22:45:00,20.0,0.2848085425825444,0,-0.11,-0.22,-0.11
2014-04-05 22:50:00,20.0,0.2843777098342027,0,-0.11,-0.22,-0.11
2014-04-05 22:55:00,20.0,0.28395988977177483,0,-0.11,-0.22,-0.11
2014-04-05 23:00:00,20.0,0.2835545916075163,0,-0.11,-0.22,-0.11
2014-04-05 23:05:00,20.0,0.28316135020891714,0,-0.11,-0.22,-0.11
2014-04-05 23:10:00,20.0,0.2827797242733259,0,-0.11,-0.22,-0.11
2014-04-05 23:15:00,20.0,0.2824092946636206,0,-0.11,-0.22,-0.11
2014-04-05 23:20:00,20.0,0.2820496628884097,0,-0.11,-0.22,-0.11
2014-04-05 23:25:00,20.0,0.28170044971216285,0,-0.11,-0.22,-0.11
2014-04-05 23:30:00,20.0,0.2813612938823368,0,-0.11,-0.22,-0.11
2014-04-05 23:35:00,20.0,0.2810318509620187,0,-0.11,-0.22,-0.11
2014-04-05 23:40:00,20.0,0.2807117922578834,0,-0.11,-0.22,-0.11
2014-04-05 23:45:00,20.0,0.28040080383437177,0,-0.11,-0.22,-0.11
2014-04-05 23:50:00,20.0,0.2800985856059837,0,-0.11,-0.22,-0.11
2014-04-05 23:55:00,20.0,0.2798048505004341,0,-0.11,-0.22,-0.11
2014-04-06 00:00:00,20.0,0.27951932368618776,0,-0.11,-0.22,-0.11
2014-04-06 00:05:00,20.0,0.2792417418585515,0,-0.11,-0.22,-0.11
2014-04-06 00:10:00,20.0,0.27897185257910423,0,-0.11,-0.22,-0.11
2014-04-06 00:15:00,20.0,0.27870941366376595,0,-0.11,-0.22,-0.11
2014-04-06 00:20:00,20.0,0.27845419261527643,0,-0.11,-0.22,-0.11
2014-04-06 00:25:00,20.0,0.2782059660962705,0,-0.11,-0.22,-0.11
2014-04-06 00:30:00,20.0,0.27796451943950523,0,-0.11,-0.22,-0.11
2014-04-06 00:35:00,20.0,0.27772964619212603,0,-0.11,-0.22,-0.11
2014-04-06 00:40:00,20.0,0.2775011476911532,0,-0.11,-0.22,-0.11
2014-04-06 00:45:00,20.0,0.2772788326676341,0,-0.11,-0.22,-0.11
2014-04-06 00:50:00,20.0,0.27706251687714384,0,-0.11,-0.22,-0.11
2014-04-06 00:55:00,20.0,0.27685202275452825,0,-0.11,-0.22,-0.11
2014-04-06 01:00:00,20.0,0.276647179090974,0,-0.11,-0.22,-0.11
2014-04-06 01:05:00,20.0,0.2764478207316629,0,-0.11,-0.22,-0.11
2014-04-06 01:10:00,20.0,0.27625378829242164,0,-0.11,-0.22,-0.11
2014-04-06 01:15:00,20.0,0.2760649278939165,0,-0.11,-0.22,-0.11
2014-04-06 01:20:00,20.0,0.2758810909120701,0,-0.11,-0.22,-0.11
2014-04-06 01:25:00,20.0,0.2757021337434894,0,-0.11,-0.22,-0.11
2014-04-06 01:30:00,20.0,0.2755279175847989,0,-0.11,-0.22,-0.11
2014-04-06 01:35:00,20.0,0.2753583082248633,0,-0.11,-0.22,-0.11
2014-04-06 01:40:00,20.0,0.2751931758489722,0,-0.11,-0.22,-0.11
2014-04-06 01:45:00,20.0,0.2750323948541317,0,-0.11,-0.22,-0.11
2014-04-06 01:50:00,20.0,0.27487584367468354,0,-0.11,-0.22,-0.11
2014-04-06 01:55:00,20.0,0.2747234046175279,0,-0.11,-0.22,-0.11
2014-04-06 02:00:00,20.0,0.2745749637062914,0,-0.11,-0.22,-0.11
2014-04-06 02:05:00,20.0,0.2744304105338297,0,-0.11,-0.22,-0.11
2014-04-06 02:10:00,20.0,0.2742896381225036,0,-0.11,-0.22,-0.11
2014-04-06 02:15:00,20.0,0.2741525427917113,0,-0.11,-0.22,-0.11
2014-04-06 02:20:00,20.0,0.2740190240321998,0,-0.11,-0.22,-0.11
2014-04-06 02:25:00,20.0,0.27388898438671394,0,-0.11,-0.22,-0.11
2014-04-06 02:30:00,20.0,0.2737623293365764,0,-0.11,-0.22,-0.11
2014-04-06 02:35:00,20.0,0.2736389671938214,0,-0.11,-0.22,-0.11
2014-04-06 02:40:00,20.0,0.2735188089985347,0,-0.11,-0.22,-0.11
2014-04-06 02:45:00,20.0,0.2734017684210752,0,-0.11,-0.22,-0.11
2014-04-06 02:50:00,20.0,0.2732877616688811,0,-0.11,-0.22,-0.11
2014-04-06 02:55:00,20.0,0.2731767073975816,0,-0.11,-0.22,-0.11
2014-04-06 03:00:00,20.0,0.2730685266261579,0,-0.11,-0.22,-0.11
2014-04-06 03:05:00,20.0,0.2729631426559133,0,-0.11,-0.22,-0.11
2014-04-06 03:10:00,20.0,0.2728604809930316,0,-0.11,-0.22,-0.11
2014-04-06 03:15:00,20.0,0.27276046927451525,0,-0.11,-0.22,-0.11
2014-04-06 03:20:00,20.0,0.2726630371973137,0,-0.11,-0.22,-0.11
2014-04-06 03:25:00,20.0,0.2725681164504597,0,-0.11,-0.22,-0.11
2014-04-06 03:30:00,20.0,0.27247564065005,0,-0.11,-0.22,-0.11
2014-04-06 03:35:00,20.0,0.27238554527691194,0,-0.11,-0.22,-0.11
2014-04-06 03:40:00,20.0,0.2722977676168131,0,-0.11,-0.22,-0.11
2014-04-06 03:45:00,20.0,0.2722122467030768,0,-0.11,-0.22,-0.11
2014-04-06 03:50:00,20.0,0.2721289232614778,0,-0.11,-0.22,-0.11
2014-04-06 03:55:00,20.0,0.2720477396572995,0,-0.11,-0.22,-0.11
2014-04-06 04:00:00,20.0,0.27196863984444164,0,-0.11,-0.22,-0.11
2014-04-06 04:05:00,20.0,0.2718915693164753,0,-0.11,-0.22,-0.11
2014-04-06 04:10:00,20.0,0.2718164750595472,0,-0.11,-0.22,-0.11
2014-04-06 04:15:00,20.0,0.27174330550704323,0,-0.11,-0.22,-0.11
2014-04-06 04:20:00,20.0,0.2716720104959243,0,-0.11,-0.22,-0.11
2014-04-06 04:25:00,20.0,0.2716025412246563,0,-0.11,-0.22,-0.11
2014-04-06 04:30:00,20.0,0.27153485021265705,0,-0.11,-0.22,-0.11
2014-04-06 04:35:00,20.0,0.2714688912611896,0,-0.11,-0.22,-0.11
2014-04-06 04:40:00,20.0,0.27140461941563593,0,-0.11,-0.22,-0.11
2014-04-06 04:45:00,20.0,0.2713419909290884,0,-0.11,-0.22,-0.11
2014-04-06 04:50:00,20.0,0.27128096322719863,0,-0.11,-0.22,-0.11
2014-04-06 04:55:00,20.0,0.27122149487422936,0,-0.11,-0.22,-0.11
2014-04-06 05:00:00,20.0,0.2711635455402554,0,-0.11,-0.22,-0.11
2014-04-06 05:05:00,20.0,0.2711070759694665,0,-0.11,-0.22,-0.11
2014-04-06 05:10:00,20.0,0.2710520479495218,0,-0.11,-0.22,-0.11
2014-04-06 05:15:00,20.0,0.27099842428191473,0,-0.11,-0.22,-0.11
2014-04-06 05:20:00,20.0,0.27094616875330435,0,-0.11,-0.22,-0.11
2014-04-06 05:25:00,20.0,0.27089524610777543,0,-0.11,-0.22,-0.11
2014-04-06 05:30:00,20.0,0.27084562201998674,0,-0.11,-0.22,-0.11
2014-04-06 05:35:00,20.0,0.2707972630691758,0,-0.11,-0.22,-0.11
2014-04-06 05:40:00,20.0,0.270750136713983,0,-0.11,-0.22,-0.11
2014-04-06 05:45:00,20.0,0.2707042112680655,0,-0.11,-0.22,-0.11
2014-04-06 05:50:00,20.0,0.27065945587646817,0,-0.11,-0.22,-0.11
2014-04-06 05:55:00,20.0,0.2706158404927248,0,-0.11,-0.22,-0.11
2014-04-06 06:00:00,20.0,0.27057333585666143,0,-0.11,-0.22,-0.11
2014-04-06 06:05:00,20.0,0.2705319134728748,0,-0.11,-0.22,-0.11
2014-04-06 06:10:00,20.0,0.27049154558986177,0,-0.11,-0.22,-0.11
2014-04-06 06:15:00,20.0,0.27045220517977664,0,-0.11,-0.22,-0.11
2014-04-06 06:20:00,20.0,0.2704138659187925,0,-0.11,-0.22,-0.11
2014-04-06 06:25:00,20.0,0.2703765021680454,0,-0.11,-0.22,-0.11
2014-04-06 06:30:00,20.0,0.2703400889551416,0,-0.11,-0.22,-0.11
2014-04-06 06:35:00,20.0,0.2703046019562074,0,-0.11,-0.22,-0.11
2014-04-06 06:40:00,20.0,0.270270017478463,0,-0.11,-0.22,-0.11
2014-04-06 06:45:00,20.0,0.2702363124433026,0,-0.11,-0.22,-0.11
2014-04-06 06:50:00,20.0,0.2702034643698632,0,-0.11,-0.22,-0.11
2014-04-06 06:55:00,20.0,0.2701714513590661,0,-0.11,-0.22,-0.11
2014-04-06 07:00:00,20.0,0.27014025207811576,0,-0.11,-0.22,-0.11
2014-04-06 07:05:00,20.0,0.2701098457454389,0,-0.11,-0.22,-0.11
2014-04-06 07:10:00,20.0,0.27008021211605265,0,-0.11,-0.22,-0.11
2014-04-06 07:15:00,20.0,0.2700513314673451,0,-0.11,-0.22,-0.11
2014-04-06 07:20:00,20.0,0.2700231845852564,0,-0.11,-0.22,-0.11
2014-04-06 07:25:00,20.0,0.2699957527508461,0,-0.11,-0.22,-0.11
2014-04-06 07:30:00,20.0,0.2699690177272375,0,-0.11,-0.22,-0.11
2014-04-06 07:35:00,20.0,0.2699429617469236,0,-0.11,-0.22,-0.11
2014-04-06 07:40:00,20.0,0.269917567499426,0,-0.11,-0.22,-0.11
2014-04-06 07:45:00,20.0,0.2698928181192945,0,-0.11,-0.22,-0.11
2014-04-06 07:50:00,20.0,0.26986869717443696,0,-0.11,-0.22,-0.11
2014-04-06 07:55:00,20.0,0.2698451886547703,0,-0.11,-0.22,-0.11
2014-04-06 08:00:00,20.0,0.2698222769611813,0,-0.11,-0.22,-0.11
2014-04-06 08:05:00,20.0,0.2697999468947901,0,-0.11,-0.22,-0.11
2014-04-06 08:10:00,20.0,0.26977818364650463,0,-0.11,-0.22,-0.11
2014-04-06 08:15:00,20.0,0.26975697278685945,0,-0.11,-0.22,-0.11
2014-04-06 08:20:00,20.0,0.2697363002561297,0,-0.11,-0.22,-0.11
2014-04-06 08:25:00,20.0,0.2697161523547115,0,-0.11,-0.22,-0.11
2014-04-06 08:30:00,20.0,0.26969651573376313,0,-0.11,-0.22,-0.11
2014-04-06 08:35:00,20.0,0.2696773773860953,0,-0.11,-0.22,-0.11
2014-04-06 08:40:00,20.0,0.26965872463730944,0,-0.11,-0.22,-0.11
2014-04-06 08:45:00,20.0,0.2696405451371692,0,-0.11,-0.22,-0.11
2014-04-06 08:50:00,20.0,0.2696228268512061,0,-0.11,-0.22,-0.11
2014-04-06 08:55:00,20.0,0.26960555805254705,0,-0.11,-0.22,-0.11
2014-04-06 09:00:00,80.0,0.9999999999999942,0,-0.11,-0.22,-0.11
2014-04-06 09:05:00,80.0,0.6110084371825264,0,-0.11,-0.22,-0.11
2014-04-06 09:10:00,80.0,0.5034096405911028,0,-0.11,-0.22,-0.11
2014-04-06 09:15:00,80.0,0.4543753938478105,0,-0.11,-0.22,-0.11
2014-04-06 09:20:00,80.0,0.4251440301466077,0,-0.11,-0.22,-0.11
2014-04-06 09:25:00,80.0,0.405247643885565,0,-0.11,-0.22,-0.11
2014-04-06 09:30:00,80.0,0.3905894986966122,0,-0.11,-0.22,-0.11
2014-04-06 09:35:00,80.0,0.3792070226073889,0,-0.11,-0.22,-0.11
2014-04-06 09:40:00,80.0,0.3700305985403449,0,-0.11,-0.22,-0.11
2014-04-06 09:45:00,80.0,0.3624223835345665,0,-0.11,-0.22,-0.11
2014-04-06 09:50:00,80.0,0.35597583426367224,0,-0.11,-0.22,-0.11
2014-04-06 09:55:00,80.0,0.3504181879709746,0,-0.11,-0.22,-0.11
2014-04-06 10:00:00,80.0,0.3455588174378314,0,-0.11,-0.22,-0.11
2014-04-06 10:05:00,80.0,0.34125999440020544,0,-0.11,-0.22,-0.11
2014-04-06 10:10:00,80.0,0.33741942344456066,0,-0.11,-0.22,-0.11
2014-04-06 10:15:00,80.0,0.33395933395525274,0,-0.11,-0.22,-0.11
2014-04-06 10:20:00,80.0,0.33081940895289585,0,-0.11,-0.22,-0.11
2014-04-06 10:25:00,80.0,0.3279520532276638,0,-0.11,-0.22,-0.11
2014-04-06 10:30:00,80.0,0.3253191388899009,0,-0.11,-0.22,-0.11
2014-04-06 10:35:00,80.0,0.32288971292353785,0,-0.11,-0.22,-0.11
2014-04-06 10:40:00,80.0,0.3206383480785873,0,-0.11,-0.22,-0.11
2014-04-06 10:45:00,80.0,0.3185439342449938,0,-0.11,-0.22,-0.11
2014-04-06 10:50:00,80.0,0.31658877779261785,0,-0.11,-0.22,-0.11
2014-04-06 10:55:00,80.0,0.3147579202982579,0,-0.11,-0.22,-0.11
2014-04-06 11:00:00,80.0,0.3130386162153101,0,-0.11,-0.22,-0.11
2014-04-06 11:05:00,80.0,0.31141992746550823,0,-0.11,-0.22,-0.11
2014-04-06 11:10:00,80.0,0.3098924052433209,0,-0.11,-0.22,-0.11
2014-04-06 11:15:00,80.0,0.3084478377025192,0,-0.11,-0.22,-0.11
2014-04-06 11:20:00,80.0,0.30707904799342506,0,-0.11,-0.22,-0.11
2014-04-06 11:25:00,80.0,0.30577973119484964,0,-0.11,-0.22,-0.11
2014-04-06 11:30:00,80.0,0.3045443215896498,0,-0.11,-0.22,-0.11
2014-04-06 11:35:00,80.0,0.30336788383053004,0,-0.11,-0.22,-0.11
2014-04-06 11:40:00,80.0,0.3022460230758601,0,-0.11,-0.22,-0.11
2014-04-06 11:45:00,80.0,0.30117481030842125,0,-0.11,-0.22,-0.11
2014-04-06 11:50:00,80.0,0.30015071989625364,0,-0.11,-0.22,-0.11
2014-04-06 11:55:00,80.0,0.2991705770929721,0,-0.11,-0.22,-0.11
2014-04-06 12:00:00,80.0,0.2982315136605861,0,-0.11,-0.22,-0.11
2014-04-06 12:05:00,80.0,0.2973309301706269,0,-0.11,-0.22,-0.11
2014-04-06 12:10:00,80.0,0.2964664638277933,0,-0.11,-0.22,-0.11
2014-04-06 12:15:00,80.0,0.2956359608851617,0,-0.11,-0.22,-0.11
2014-04-06 12:20:00,80.0,0.2948374528965197,0,-0.11,-0.22,-0.11
2014-04-06 12:25:00,80.0,0.2940691361909057,0,-0.11,-0.22,-0.11
2014-04-06 12:30:00,80.0,0.2933293540654143,0,-0.11,-0.22,-0.11
2014-04-06 12:35:00,80.0,0.2926165812811409,0,-0.11,-0.22,-0.11
2014-04-06 12:40:00,80.0,0.2919294105186129,0,-0.11,-0.22,-0.11
2014-04-06 12:45:00,80.0,0.2912665405068966,0,-0.11,-0.22,-0.11
2014-04-06 12:50:00,80.0,0.29062676558761275,0,-0.11,-0.22,-0.11
2014-04-06 12:55:00,80.0,0.2900089665135526,0,-0.11,-0.22,-0.11
2014-04-06 13:00:00,80.0,0.2894121023131637,0,-0.11,-0.22,-0.11
2014-04-06 13:05:00,80.0,0.2888352030782308,0,-0.11,-0.22,-0.11
2014-04-06 13:10:00,80.0,0.2882773635536603,0,-0.11,-0.22,-0.11
2014-04-06 13:15:00,80.0,0.2877377374262298,0,-0.11,-0.22,-0.11
2014-04-06 13:20:00,80.0,0.2872155322241621,0,-0.11,-0.22,-0.11
2014-04-06 13:25:00,80.0,0.2867100047519517,0,-0.11,-0.22,-0.11
2014-04-06 13:30:00,80.0,0.2862204569954478,0,-0.11,-0.22,-0.11
2014-04-06 13:35:00,80.0,0.2857462324411246,0,-0.11,-0.22,-0.11
2014-04-06 13:40:00,80.0,0.2852867127610377,0,-0.11,-0.22,-0.11
2014-04-06 13:45:00,80.0,0.2848413148213833,0,-0.11,-0.22,-0.11
2014-04-06 13:50:00,80.0,0.2844094879780657,0,-0.11,-0.22,-0.11
2014-04-06 13:55:00,80.0,0.28399071162735123,0,-0.11,-0.22,-0.11
2014-04-06 14:00:00,80.0,0.28358449298371285,0,-0.11,-0.22,-0.11
2014-04-06 14:05:00,80.0,0.28319036506041273,0,-0.11,-0.22,-0.11
2014-04-06 14:10:00,80.0,0.2828078848313534,0,-0.11,-0.22,-0.11
2014-04-06 14:15:00,80.0,0.2824366315552964,0,-0.11,-0.22,-0.11
2014-04-06 14:20:00,80.0,0.28207620524577737,0,-0.11,-0.22,-0.11
2014-04-06 14:25:00,80.0,0.281726225271982,0,-0.11,-0.22,-0.11
2014-04-06 14:30:00,80.0,0.2813863290775328,0,-0.11,-0.22,-0.11
2014-04-06 14:35:00,80.0,0.2810561710056061,0,-0.11,-0.22,-0.11
2014-04-06 14:40:00,80.0,0.2807354212200843,0,-0.11,-0.22,-0.11
2014-04-06 14:45:00,80.0,0.28042376471357633,0,-0.11,-0.22,-0.11
2014-04-06 14:50:00,80.0,0.28012090039412674,0,-0.11,-0.22,-0.11
2014-04-06 14:55:00,80.0,0.2798265402433034,0,-0.11,-0.22,-0.11
2014-04-06 15:00:00,80.0,0.27954040853912393,0,-0.11,-0.22,-0.11
2014-04-06 15:05:00,80.0,0.2792622411379553,0,-0.11,-0.22,-0.11
2014-04-06 15:10:00,80.0,0.2789917848101215,0,-0.11,-0.22,-0.11
2014-04-06 15:15:00,80.0,0.2787287966244847,0,-0.11,-0.22,-0.11
2014-04-06 15:20:00,80.0,0.27847304337773904,0,-0.11,-0.22,-0.11
2014-04-06 15:25:00,80.0,0.2782243010645714,0,-0.11,-0.22,-0.11
2014-04-06 15:30:00,80.0,0.2779823543852208,0,-0.11,-0.22,-0.11
2014-04-06 15:35:00,80.0,0.2777469962872983,0,-0.11,-0.22,-0.11
2014-04-06 15:40:00,80.0,0.2775180275390299,0,-0.11,-0.22,-0.11
2014-04-06 15:45:00,80.0,0.2772952563313463,0,-0.11,-0.22,-0.11
2014-04-06 15:50:00,80.0,0.27707849790648786,0,-0.11,-0.22,-0.11
2014-04-06 15:55:00,80.0,0.2768675742110021,0,-0.11,-0.22,-0.11
2014-04-06 16:00:00,80.0,0.276662313571206,0,-0.11,-0.22,-0.11
2014-04-06 16:05:00,80.0,0.2764625503893567,0,-0.11,-0.22,-0.11
2014-04-06 16:10:00,80.0,0.2762681248589322,0,-0.11,-0.22,-0.11
2014-04-06 16:15:00,80.0,0.27607888269756004,0,-0.11,-0.22,-0.11
2014-04-06 16:20:00,80.0,0.275894674896264,0,-0.11,-0.22,-0.11
2014-04-06 16:25:00,80.0,0.2757153574838088,0,-0.11,-0.22,-0.11
2014-04-06 16:30:00,80.0,0.2755407913050282,0,-0.11,-0.22,-0.11
2014-04-06 16:35:00,80.0,0.2753708418121173,0,-0.11,-0.22,-0.11
2014-04-06 16:40:00,80.0,0.2752053788679522,0,-0.11,-0.22,-0.11
2014-04-06 16:45:00,80.0,0.2750442765605787,0,-0.11,-0.22,-0.11
2014-04-06 16:50:00,80.0,0.2748874130280844,0,-0.11,-0.22,-0.11
2014-04-06 16:55:00,80.0,0.2747346702931263,0,-0.11,-0.22,-0.11
2014-04-06 17:00:00,80.0,0.2745859341064517,0,-0.11,-0.22,-0.11
2014-04-06 17:05:00,80.0,0.27444109379879633,0,-0.11,-0.22,-0.11
2014-04-06 17:10:00,80.0,0.2743000421405986,0,-0.11,-0.22,-0.11
2014-04-06 17:15:00,80.0,0.2741626752090048,0,-0.11,-0.22,-0.11
2014-04-06 17:20:00,80.0,0.2740288922616894,0,-0.11,-0.22,-0.11
2014-04-06 17:25:00,80.0,0.27389859561704444,0,-0.11,-0.22,-0.11
2014-04-06 17:30:00,80.0,0.2737716905403291,0,-0.11,-0.22,-0.11
2014-04-06 17:35:00,80.0,0.27364808513540034,0,-0.11,-0.22,-0.11
2014-04-06 17:40:00,80.0,0.2735276902416747,0,-0.11,-0.22,-0.11
2014-04-06 17:45:00,80.0,0.2734104193359956,0,-0.11,-0.22,-0.11
2014-04-06 17:50:00,80.0,0.2732961884391057,0,-0.11,-0.22,-0.11
2014-04-06 17:55:00,80.0,0.2731849160264467,0,-0.11,-0.22,-0.11
2014-04-06 18:00:00,20.0,0.98672470545675,0,-0.11,-0.22,-0.11
2014-04-06 18:05:00,20.0,0.5984130656168682,0,-0.11,-0.22,-0.11
2014-04-06 18:10:00,20.0,0.4985601669105184,0,-0.11,-0.22,-0.11
2014-04-06 18:15:00,20.0,0.4517019586339162,0,-0.11,-0.22,-0.11
2014-04-06 18:20:00,20.0,0.4234038724750263,0,-0.11,-0.22,-0.11
2014-04-06 18:25:00,20.0,0.4040020193282346,0,-0.11,-0.22,-0.11
2014-04-06 18:30:00,20.0,0.3896414405169961,0,-0.11,-0.22,-0.11
2014-04-06 18:35:00,20.0,0.3784538936931736,0,-0.11,-0.22,-0.11
2014-04-06 18:40:00,20.0,0.3694131768345323,0,-0.11,-0.22,-0.11
2014-04-06 18:45:00,20.0,0.3619038632281193,0,-0.11,-0.22,-0.11
2014-04-06 18:50:00,20.0,0.3555320093061965,0,-0.11,-0.22,-0.11
2014-04-06 18:55:00,20.0,0.35003241311086386,0,-0.11,-0.22,-0.11
2014-04-06 19:00:00,20.0,0.3452192265964673,0,-0.11,-0.22,-0.11
2014-04-06 19:05:00,20.0,0.3409578730910682,0,-0.11,-0.22,-0.11
2014-04-06 19:10:00,20.0,0.3371482098885298,0,-0.11,-0.22,-0.11
2014-04-06 19:15:00,20.0,0.333713981107599,0,-0.11,-0.22,-0.11
2014-04-06 19:20:00,20.0,0.3305959630247675,0,-0.11,-0.22,-0.11
2014-04-06 19:25:00,20.0,0.3277473670259728,0,-0.11,-0.22,-0.11
2014-04-06 19:30:00,20.0,0.32513067186755673,0,-0.11,-0.22,-0.11
2014-04-06 19:35:00,20.0,0.32271538858999194,0,-0.11,-0.22,-0.11
2014-04-06 19:40:00,20.0,0.3204764503058516,0,-0.11,-0.22,-0.11
2014-04-06 19:45:00,20.0,0.3183930305333293,0,-0.11,-0.22,-0.11
2014-04-06 19:50:00,20.0,0.3164476615924378,0,-0.11,-0.22,-0.11
2014-04-06 19:55:00,20.0,0.3146255670408703,0,-0.11,-0.22,-0.11
2014-04-06 20:00:00,20.0,0.3129141493636714,0,-0.11,-0.22,-0.11
2014-04-06 20:05:00,20.0,0.3113025919952282,0,-0.11,-0.22,-0.11
2014-04-06 20:10:00,20.0,0.3097815467065041,0,-0.11,-0.22,-0.11
2014-04-06 20:15:00,20.0,0.3083428855372252,0,-0.11,-0.22,-0.11
2014-04-06 20:20:00,20.0,0.3069795020977956,0,-0.11,-0.22,-0.11
2014-04-06 20:25:00,20.0,0.3056851510373863,0,-0.11,-0.22,-0.11
2014-04-06 20:30:00,20.0,0.3044543173084137,0,-0.11,-0.22,-0.11
2014-04-06 20:35:00,20.0,0.30328210890585844,0,-0.11,-0.22,-0.11
2014-04-06 20:40:00,20.0,0.3021641682581643,0,-0.11,-0.22,-0.11
2014-04-06 20:45:00,20.0,0.3010965985547236,0,-0.11,-0.22,-0.11
2014-04-06 20:50:00,20.0,0.30007590212327184,0,-0.11,-0.22,-0.11
2014-04-06 20:55:00,20.0,0.2990989285955989,0,-0.11,-0.22,-0.11
2014-04-06 21:00:00,20.0,0.29816283107600233,0,-0.11,-0.22,-0.11
2014-04-06 21:05:00,20.0,0.29726502889248685,0,-0.11,-0.22,-0.11
2014-04-06 21:10:00,20.0,0.29640317579372594,0,-0.11,-0.22,-0.11
2014-04-06 21:15:00,20.0,0.295575132675549,0,-0.11,-0.22,-0.11
2014-04-06 21:20:00,20.0,0.294778944094114,0,-0.11,-0.22,-0.11
2014-04-06 21:25:00,20.0,0.2940128179600481,0,-0.11,-0.22,-0.11
2014-04-06 21:30:00,20.0,0.2932751079169629,0,-0.11,-0.22,-0.11
2014-04-06 21:35:00,20.0,0.2925642979951096,0,-0.11,-0.22,-0.11
2014-04-06 21:40:00,20.0,0.29187898920128524,0,-0.11,-0.22,-0.11
2014-04-06 21:45:00,20.0,0.2912178877630394,0,-0.11,-0.22,-0.11
2014-04-06 21:50:00,20.0,0.2905797947915665,0,-0.11,-0.22,-0.11
2014-04-06 21:55:00,20.0,0.28996359716555603,0,-0.11,-0.22,-0.11
2014-04-06 22:00:00,20.0,0.2893682594693981,0,-0.11,-0.22,-0.11
2014-04-06 22:05:00,20.0,0.28879281684482644,0,-0.11,-0.22,-0.11
2014-04-06 22:10:00,20.0,0.2882363686363658,0,-0.11,-0.22,-0.11
2014-04-06 22:15:00,20.0,0.2876980727286658,0,-0.11,-0.22,-0.11
2014-04-06 22:20:00,20.0,0.2871771404885951,0,-0.11,-0.22,-0.11
2014-04-06 22:25:00,20.0,0.28667283223738244,0,-0.11,-0.22,-0.11
2014-04-06 22:30:00,20.0,0.28618445318852803,0,-0.11,-0.22,-0.11
2014-04-06 22:35:00,20.0,0.28571134979602786,0,-0.11,-0.22,-0.11
2014-04-06 22:40:00,20.0,0.28525290646492435,0,-0.11,-0.22,-0.11
2014-04-06 22:45:00,20.0,0.2848085425825444,0,-0.11,-0.22,-0.11
2014-04-06 22:50:00,20.0,0.2843777098342027,0,-0.11,-0.22,-0.11
2014-04-06 22:55:00,20.0,0.28395988977177483,0,-0.11,-0.22,-0.11
2014-04-06 23:00:00,20.0,0.2835545916075163,0,-0.11,-0.22,-0.11
2014-04-06 23:05:00,20.0,0.28316135020891714,0,-0.11,-0.22,-0.11
2014-04-06 23:10:00,20.0,0.2827797242733259,0,-0.11,-0.22,-0.11
2014-04-06 23:15:00,20.0,0.2824092946636206,0,-0.11,-0.22,-0.11
2014-04-06 23:20:00,20.0,0.2820496628884097,0,-0.11,-0.22,-0.11
2014-04-06 23:25:00,20.0,0.28170044971216285,0,-0.11,-0.22,-0.11
2014-04-06 23:30:00,20.0,0.2813612938823368,0,-0.11,-0.22,-0.11
2014-04-06 23:35:00,20.0,0.2810318509620187,0,-0.11,-0.22,-0.11
2014-04-06 23:40:00,20.0,0.2807117922578834,0,-0.11,-0.22,-0.11
2014-04-06 23:45:00,20.0,0.28040080383437177,0,-0.11,-0.22,-0.11
2014-04-06 23:50:00,20.0,0.2800985856059837,0,-0.11,-0.22,-0.11
2014-04-06 23:55:00,20.0,0.2798048505004341,0,-0.11,-0.22,-0.11
2014-04-07 00:00:00,20.0,0.27951932368618776,0,-0.11,-0.22,-0.11
2014-04-07 00:05:00,20.0,0.2792417418585515,0,-0.11,-0.22,-0.11
2014-04-07 00:10:00,20.0,0.27897185257910423,0,-0.11,-0.22,-0.11
2014-04-07 00:15:00,20.0,0.27870941366376595,0,-0.11,-0.22,-0.11
2014-04-07 00:20:00,20.0,0.27845419261527643,0,-0.11,-0.22,-0.11
2014-04-07 00:25:00,20.0,0.2782059660962705,0,-0.11,-0.22,-0.11
2014-04-07 00:30:00,20.0,0.27796451943950523,0,-0.11,-0.22,-0.11
2014-04-07 00:35:00,20.0,0.27772964619212603,0,-0.11,-0.22,-0.11
2014-04-07 00:40:00,20.0,0.2775011476911532,0,-0.11,-0.22,-0.11
2014-04-07 00:45:00,20.0,0.2772788326676341,0,-0.11,-0.22,-0.11
2014-04-07 00:50:00,20.0,0.27706251687714384,0,-0.11,-0.22,-0.11
2014-04-07 00:55:00,20.0,0.27685202275452825,0,-0.11,-0.22,-0.11
2014-04-07 01:00:00,20.0,0.276647179090974,0,-0.11,-0.22,-0.11
2014-04-07 01:05:00,20.0,0.2764478207316629,0,-0.11,-0.22,-0.11
2014-04-07 01:10:00,20.0,0.27625378829242164,0,-0.11,-0.22,-0.11
2014-04-07 01:15:00,20.0,0.2760649278939165,0,-0.11,-0.22,-0.11
2014-04-07 01:20:00,20.0,0.2758810909120701,0,-0.11,-0.22,-0.11
2014-04-07 01:25:00,20.0,0.2757021337434894,0,-0.11,-0.22,-0.11
2014-04-07 01:30:00,20.0,0.2755279175847989,0,-0.11,-0.22,-0.11
2014-04-07 01:35:00,20.0,0.2753583082248633,0,-0.11,-0.22,-0.11
2014-04-07 01:40:00,20.0,0.2751931758489722,0,-0.11,-0.22,-0.11
2014-04-07 01:45:00,20.0,0.2750323948541317,0,-0.11,-0.22,-0.11
2014-04-07 01:50:00,20.0,0.27487584367468354,0,-0.11,-0.22,-0.11
2014-04-07 01:55:00,20.0,0.2747234046175279,0,-0.11,-0.22,-0.11
2014-04-07 02:00:00,20.0,0.2745749637062914,0,-0.11,-0.22,-0.11
2014-04-07 02:05:00,20.0,0.2744304105338297,0,-0.11,-0.22,-0.11
2014-04-07 02:10:00,20.0,0.2742896381225036,0,-0.11,-0.22,-0.11
2014-04-07 02:15:00,20.0,0.2741525427917113,0,-0.11,-0.22,-0.11
2014-04-07 02:20:00,20.0,0.2740190240321998,0,-0.11,-0.22,-0.11
2014-04-07 02:25:00,20.0,0.27388898438671394,0,-0.11,-0.22,-0.11
2014-04-07 02:30:00,20.0,0.2737623293365764,0,-0.11,-0.22,-0.11
2014-04-07 02:35:00,20.0,0.2736389671938214,0,-0.11,-0.22,-0.11
2014-04-07 02:40:00,20.0,0.2735188089985347,0,-0.11,-0.22,-0.11
2014-04-07 02:45:00,20.0,0.2734017684210752,0,-0.11,-0.22,-0.11
2014-04-07 02:50:00,20.0,0.2732877616688811,0,-0.11,-0.22,-0.11
2014-04-07 02:55:00,20.0,0.2731767073975816,0,-0.11,-0.22,-0.11
2014-04-07 03:00:00,20.0,0.2730685266261579,0,-0.11,-0.22,-0.11
2014-04-07 03:05:00,20.0,0.2729631426559133,0,-0.11,-0.22,-0.11
2014-04-07 03:10:00,20.0,0.2728604809930316,0,-0.11,-0.22,-0.11
2014-04-07 03:15:00,20.0,0.27276046927451525,0,-0.11,-0.22,-0.11
2014-04-07 03:20:00,20.0,0.2726630371973137,0,-0.11,-0.22,-0.11
2014-04-07 03:25:00,20.0,0.2725681164504597,0,-0.11,-0.22,-0.11
2014-04-07 03:30:00,20.0,0.27247564065005,0,-0.11,-0.22,-0.11
2014-04-07 03:35:00,20.0,0.27238554527691194,0,-0.11,-0.22,-0.11
2014-04-07 03:40:00,20.0,0.2722977676168131,0,-0.11,-0.22,-0.11
2014-04-07 03:45:00,20.0,0.2722122467030768,0,-0.11,-0.22,-0.11
2014-04-07 03:50:00,20.0,0.2721289232614778,0,-0.11,-0.22,-0.11
2014-04-07 03:55:00,20.0,0.2720477396572995,0,-0.11,-0.22,-0.11
2014-04-07 04:00:00,20.0,0.27196863984444164,0,-0.11,-0.22,-0.11
2014-04-07 04:05:00,20.0,0.2718915693164753,0,-0.11,-0.22,-0.11
2014-04-07 04:10:00,20.0,0.2718164750595472,0,-0.11,-0.22,-0.11
2014-04-07 04:15:00,20.0,0.27174330550704323,0,-0.11,-0.22,-0.11
2014-04-07 04:20:00,20.0,0.2716720104959243,0,-0.11,-0.22,-0.11
2014-04-07 04:25:00,20.0,0.2716025412246563,0,-0.11,-0.22,-0.11
2014-04-07 04:30:00,20.0,0.27153485021265705,0,-0.11,-0.22,-0.11
2014-04-07 04:35:00,20.0,0.2714688912611896,0,-0.11,-0.22,-0.11
2014-04-07 04:40:00,20.0,0.27140461941563593,0,-0.11,-0.22,-0.11
2014-04-07 04:45:00,20.0,0.2713419909290884,0,-0.11,-0.22,-0.11
2014-04-07 04:50:00,20.0,0.27128096322719863,0,-0.11,-0.22,-0.11
2014-04-07 04:55:00,20.0,0.27122149487422936,0,-0.11,-0.22,-0.11
2014-04-07 05:00:00,20.0,0.2711635455402554,0,-0.11,-0.22,-0.11
2014-04-07 05:05:00,20.0,0.2711070759694665,0,-0.11,-0.22,-0.11
2014-04-07 05:10:00,20.0,0.2710520479495218,0,-0.11,-0.22,-0.11
2014-04-07 05:15:00,20.0,0.27099842428191473,0,-0.11,-0.22,-0.11
2014-04-07 05:20:00,20.0,0.27094616875330435,0,-0.11,-0.22,-0.11
2014-04-07 05:25:00,20.0,0.27089524610777543,0,-0.11,-0.22,-0.11
2014-04-07 05:30:00,20.0,0.27084562201998674,0,-0.11,-0.22,-0.11
2014-04-07 05:35:00,20.0,0.2707972630691758,0,-0.11,-0.22,-0.11
2014-04-07 05:40:00,20.0,0.270750136713983,0,-0.11,-0.22,-0.11
2014-04-07 05:45:00,20.0,0.2707042112680655,0,-0.11,-0.22,-0.11
2014-04-07 05:50:00,20.0,0.27065945587646817,0,-0.11,-0.22,-0.11
2014-04-07 05:55:00,20.0,0.2706158404927248,0,-0.11,-0.22,-0.11
2014-04-07 06:00:00,20.0,0.27057333585666143,0,-0.11,-0.22,-0.11
2014-04-07 06:05:00,20.0,0.2705319134728748,0,-0.11,-0.22,-0.11
2014-04-07 06:10:00,20.0,0.27049154558986177,0,-0.11,-0.22,-0.11
2014-04-07 06:15:00,20.0,0.27045220517977664,0,-0.11,-0.22,-0.11
2014-04-07 06:20:00,20.0,0.2704138659187925,0,-0.11,-0.22,-0.11
2014-04-07 06:25:00,20.0,0.2703765021680454,0,-0.11,-0.22,-0.11
2014-04-07 06:30:00,20.0,0.2703400889551416,0,-0.11,-0.22,-0.11
2014-04-07 06:35:00,20.0,0.2703046019562074,0,-0.11,-0.22,-0.11
2014-04-07 06:40:00,20.0,0.270270017478463,0,-0.11,-0.22,-0.11
2014-04-07 06:45:00,20.0,0.2702363124433026,0,-0.11,-0.22,-0.11
2014-04-07 06:50:00,20.0,0.2702034643698632,0,-0.11,-0.22,-0.11
2014-04-07 06:55:00,20.0,0.2701714513590661,0,-0.11,-0.22,-0.11
2014-04-07 07:00:00,20.0,0.27014025207811576,0,-0.11,-0.22,-0.11
2014-04-07 07:05:00,20.0,0.2701098457454389,0,-0.11,-0.22,-0.11
2014-04-07 07:10:00,20.0,0.27008021211605265,0,-0.11,-0.22,-0.11
2014-04-07 07:15:00,20.0,0.2700513314673451,0,-0.11,-0.22,-0.11
2014-04-07 07:20:00,20.0,0.2700231845852564,0,-0.11,-0.22,-0.11
2014-04-07 07:25:00,20.0,0.2699957527508461,0,-0.11,-0.22,-0.11
2014-04-07 07:30:00,20.0,0.2699690177272375,0,-0.11,-0.22,-0.11
2014-04-07 07:35:00,20.0,0.2699429617469236,0,-0.11,-0.22,-0.11
2014-04-07 07:40:00,20.0,0.269917567499426,0,-0.11,-0.22,-0.11
2014-04-07 07:45:00,20.0,0.2698928181192945,0,-0.11,-0.22,-0.11
2014-04-07 07:50:00,20.0,0.26986869717443696,0,-0.11,-0.22,-0.11
2014-04-07 07:55:00,20.0,0.2698451886547703,0,-0.11,-0.22,-0.11
2014-04-07 08:00:00,20.0,0.2698222769611813,0,-0.11,-0.22,-0.11
2014-04-07 08:05:00,20.0,0.2697999468947901,0,-0.11,-0.22,-0.11
2014-04-07 08:10:00,20.0,0.26977818364650463,0,-0.11,-0.22,-0.11
2014-04-07 08:15:00,20.0,0.26975697278685945,0,-0.11,-0.22,-0.11
2014-04-07 08:20:00,20.0,0.2697363002561297,0,-0.11,-0.22,-0.11
2014-04-07 08:25:00,20.0,0.2697161523547115,0,-0.11,-0.22,-0.11
2014-04-07 08:30:00,20.0,0.26969651573376313,0,-0.11,-0.22,-0.11
2014-04-07 08:35:00,20.0,0.2696773773860953,0,-0.11,-0.22,-0.11
2014-04-07 08:40:00,20.0,0.26965872463730944,0,-0.11,-0.22,-0.11
2014-04-07 08:45:00,20.0,0.2696405451371692,0,-0.11,-0.22,-0.11
2014-04-07 08:50:00,20.0,0.2696228268512061,0,-0.11,-0.22,-0.11
2014-04-07 08:55:00,20.0,0.26960555805254705,0,-0.11,-0.22,-0.11
2014-04-07 09:00:00,80.0,0.9999999999999942,0,-0.11,-0.22,-0.11
2014-04-07 09:05:00,80.0,0.6110084371825264,0,-0.11,-0.22,-0.11
2014-04-07 09:10:00,80.0,0.5034096405911028,0,-0.11,-0.22,-0.11
2014-04-07 09:15:00,80.0,0.4543753938478105,0,-0.11,-0.22,-0.11
2014-04-07 09:20:00,80.0,0.4251440301466077,0,-0.11,-0.22,-0.11
2014-04-07 09:25:00,80.0,0.405247643885565,0,-0.11,-0.22,-0.11
2014-04-07 09:30:00,80.0,0.3905894986966122,0,-0.11,-0.22,-0.11
2014-04-07 09:35:00,80.0,0.3792070226073889,0,-0.11,-0.22,-0.11
2014-04-07 09:40:00,80.0,0.3700305985403449,0,-0.11,-0.22,-0.11
2014-04-07 09:45:00,80.0,0.3624223835345665,0,-0.11,-0.22,-0.11
2014-04-07 09:50:00,80.0,0.35597583426367224,0,-0.11,-0.22,-0.11
2014-04-07 09:55:00,80.0,0.3504181879709746,0,-0.11,-0.22,-0.11
2014-04-07 10:00:00,80.0,0.3455588174378314,0,-0.11,-0.22,-0.11
2014-04-07 10:05:00,80.0,0.34125999440020544,0,-0.11,-0.22,-0.11
2014-04-07 10:10:00,80.0,0.33741942344456066,0,-0.11,-0.22,-0.11
2014-04-07 10:15:00,80.0,0.33395933395525274,0,-0.11,-0.22,-0.11
2014-04-07 10:20:00,80.0,0.33081940895289585,0,-0.11,-0.22,-0.11
2014-04-07 10:25:00,80.0,0.3279520532276638,0,-0.11,-0.22,-0.11
2014-04-07 10:30:00,80.0,0.3253191388899009,0,-0.11,-0.22,-0.11
2014-04-07 10:35:00,80.0,0.32288971292353785,0,-0.11,-0.22,-0.11
2014-04-07 10:40:00,80.0,0.3206383480785873,0,-0.11,-0.22,-0.11
2014-04-07 10:45:00,80.0,0.3185439342449938,0,-0.11,-0.22,-0.11
2014-04-07 10:50:00,80.0,0.31658877779261785,0,-0.11,-0.22,-0.11
2014-04-07 10:55:00,80.0,0.3147579202982579,0,-0.11,-0.22,-0.11
2014-04-07 11:00:00,80.0,0.3130386162153101,0,-0.11,-0.22,-0.11
2014-04-07 11:05:00,80.0,0.31141992746550823,0,-0.11,-0.22,-0.11
2014-04-07 11:10:00,80.0,0.3098924052433209,0,-0.11,-0.22,-0.11
2014-04-07 11:15:00,80.0,0.3084478377025192,0,-0.11,-0.22,-0.11
2014-04-07 11:20:00,80.0,0.30707904799342506,0,-0.11,-0.22,-0.11
2014-04-07 11:25:00,80.0,0.30577973119484964,0,-0.11,-0.22,-0.11
2014-04-07 11:30:00,80.0,0.3045443215896498,0,-0.11,-0.22,-0.11
2014-04-07 11:35:00,80.0,0.30336788383053004,0,-0.11,-0.22,-0.11
2014-04-07 11:40:00,80.0,0.3022460230758601,0,-0.11,-0.22,-0.11
2014-04-07 11:45:00,80.0,0.30117481030842125,0,-0.11,-0.22,-0.11
2014-04-07 11:50:00,80.0,0.30015071989625364,0,-0.11,-0.22,-0.11
2014-04-07 11:55:00,80.0,0.2991705770929721,0,-0.11,-0.22,-0.11
2014-04-07 12:00:00,80.0,0.2982315136605861,0,-0.11,-0.22,-0.11
2014-04-07 12:05:00,80.0,0.2973309301706269,0,-0.11,-0.22,-0.11
2014-04-07 12:10:00,80.0,0.2964664638277933,0,-0.11,-0.22,-0.11
2014-04-07 12:15:00,80.0,0.2956359608851617,0,-0.11,-0.22,-0.11
2014-04-07 12:20:00,80.0,0.2948374528965197,0,-0.11,-0.22,-0.11
2014-04-07 12:25:00,80.0,0.2940691361909057,0,-0.11,-0.22,-0.11
2014-04-07 12:30:00,80.0,0.2933293540654143,0,-0.11,-0.22,-0.11
2014-04-07 12:35:00,80.0,0.2926165812811409,0,-0.11,-0.22,-0.11
2014-04-07 12:40:00,80.0,0.2919294105186129,0,-0.11,-0.22,-0.11
2014-04-07 12:45:00,80.0,0.2912665405068966,0,-0.11,-0.22,-0.11
2014-04-07 12:50:00,80.0,0.29062676558761275,0,-0.11,-0.22,-0.11
2014-04-07 12:55:00,80.0,0.2900089665135526,0,-0.11,-0.22,-0.11
2014-04-07 13:00:00,80.0,0.2894121023131637,0,-0.11,-0.22,-0.11
2014-04-07 13:05:00,80.0,0.2888352030782308,0,-0.11,-0.22,-0.11
2014-04-07 13:10:00,80.0,0.2882773635536603,0,-0.11,-0.22,-0.11
2014-04-07 13:15:00,80.0,0.2877377374262298,0,-0.11,-0.22,-0.11
2014-04-07 13:20:00,80.0,0.2872155322241621,0,-0.11,-0.22,-0.11
2014-04-07 13:25:00,80.0,0.2867100047519517,0,-0.11,-0.22,-0.11
2014-04-07 13:30:00,80.0,0.2862204569954478,0,-0.11,-0.22,-0.11
2014-04-07 13:35:00,80.0,0.2857462324411246,0,-0.11,-0.22,-0.11
2014-04-07 13:40:00,80.0,0.2852867127610377,0,-0.11,-0.22,-0.11
2014-04-07 13:45:00,80.0,0.2848413148213833,0,-0.11,-0.22,-0.11
2014-04-07 13:50:00,80.0,0.2844094879780657,0,-0.11,-0.22,-0.11
2014-04-07 13:55:00,80.0,0.28399071162735123,0,-0.11,-0.22,-0.11
2014-04-07 14:00:00,80.0,0.28358449298371285,0,-0.11,-0.22,-0.11
2014-04-07 14:05:00,80.0,0.28319036506041273,0,-0.11,-0.22,-0.11
2014-04-07 14:10:00,80.0,0.2828078848313534,0,-0.11,-0.22,-0.11
2014-04-07 14:15:00,80.0,0.2824366315552964,0,-0.11,-0.22,-0.11
2014-04-07 14:20:00,80.0,0.28207620524577737,0,-0.11,-0.22,-0.11
2014-04-07 14:25:00,80.0,0.281726225271982,0,-0.11,-0.22,-0.11
2014-04-07 14:30:00,80.0,0.2813863290775328,0,-0.11,-0.22,-0.11
2014-04-07 14:35:00,80.0,0.2810561710056061,0,-0.11,-0.22,-0.11
2014-04-07 14:40:00,80.0,0.2807354212200843,0,-0.11,-0.22,-0.11
2014-04-07 14:45:00,80.0,0.28042376471357633,0,-0.11,-0.22,-0.11
2014-04-07 14:50:00,80.0,0.28012090039412674,0,-0.11,-0.22,-0.11
2014-04-07 14:55:00,80.0,0.2798265402433034,0,-0.11,-0.22,-0.11
2014-04-07 15:00:00,80.0,0.27954040853912393,0,-0.11,-0.22,-0.11
2014-04-07 15:05:00,80.0,0.2792622411379553,0,-0.11,-0.22,-0.11
2014-04-07 15:10:00,80.0,0.2789917848101215,0,-0.11,-0.22,-0.11
2014-04-07 15:15:00,80.0,0.2787287966244847,0,-0.11,-0.22,-0.11
2014-04-07 15:20:00,80.0,0.27847304337773904,0,-0.11,-0.22,-0.11
2014-04-07 15:25:00,80.0,0.2782243010645714,0,-0.11,-0.22,-0.11
2014-04-07 15:30:00,80.0,0.2779823543852208,0,-0.11,-0.22,-0.11
2014-04-07 15:35:00,80.0,0.2777469962872983,0,-0.11,-0.22,-0.11
2014-04-07 15:40:00,80.0,0.2775180275390299,0,-0.11,-0.22,-0.11
2014-04-07 15:45:00,80.0,0.2772952563313463,0,-0.11,-0.22,-0.11
2014-04-07 15:50:00,80.0,0.27707849790648786,0,-0.11,-0.22,-0.11
2014-04-07 15:55:00,80.0,0.2768675742110021,0,-0.11,-0.22,-0.11
2014-04-07 16:00:00,80.0,0.276662313571206,0,-0.11,-0.22,-0.11
2014-04-07 16:05:00,80.0,0.2764625503893567,0,-0.11,-0.22,-0.11
2014-04-07 16:10:00,80.0,0.2762681248589322,0,-0.11,-0.22,-0.11
2014-04-07 16:15:00,80.0,0.27607888269756004,0,-0.11,-0.22,-0.11
2014-04-07 16:20:00,80.0,0.275894674896264,0,-0.11,-0.22,-0.11
2014-04-07 16:25:00,80.0,0.2757153574838088,0,-0.11,-0.22,-0.11
2014-04-07 16:30:00,80.0,0.2755407913050282,0,-0.11,-0.22,-0.11
2014-04-07 16:35:00,80.0,0.2753708418121173,0,-0.11,-0.22,-0.11
2014-04-07 16:40:00,80.0,0.2752053788679522,0,-0.11,-0.22,-0.11
2014-04-07 16:45:00,80.0,0.2750442765605787,0,-0.11,-0.22,-0.11
2014-04-07 16:50:00,80.0,0.2748874130280844,0,-0.11,-0.22,-0.11
2014-04-07 16:55:00,80.0,0.2747346702931263,0,-0.11,-0.22,-0.11
2014-04-07 17:00:00,80.0,0.2745859341064517,0,-0.11,-0.22,-0.11
2014-04-07 17:05:00,80.0,0.27444109379879633,0,-0.11,-0.22,-0.11
2014-04-07 17:10:00,80.0,0.2743000421405986,0,-0.11,-0.22,-0.11
2014-04-07 17:15:00,80.0,0.2741626752090048,0,-0.11,-0.22,-0.11
2014-04-07 17:20:00,80.0,0.2740288922616894,0,-0.11,-0.22,-0.11
2014-04-07 17:25:00,80.0,0.27389859561704444,0,-0.11,-0.22,-0.11
2014-04-07 17:30:00,80.0,0.2737716905403291,0,-0.11,-0.22,-0.11
2014-04-07 17:35:00,80.0,0.27364808513540034,0,-0.11,-0.22,-0.11
2014-04-07 17:40:00,80.0,0.2735276902416747,0,-0.11,-0.22,-0.11
2014-04-07 17:45:00,80.0,0.2734104193359956,0,-0.11,-0.22,-0.11
2014-04-07 17:50:00,80.0,0.2732961884391057,0,-0.11,-0.22,-0.11
2014-04-07 17:55:00,80.0,0.2731849160264467,0,-0.11,-0.22,-0.11
2014-04-07 18:00:00,20.0,0.98672470545675,0,-0.11,-0.22,-0.11
2014-04-07 18:05:00,20.0,0.5984130656168682,0,-0.11,-0.22,-0.11
2014-04-07 18:10:00,20.0,0.4985601669105184,0,-0.11,-0.22,-0.11
2014-04-07 18:15:00,20.0,0.4517019586339162,0,-0.11,-0.22,-0.11
2014-04-07 18:20:00,20.0,0.4234038724750263,0,-0.11,-0.22,-0.11
2014-04-07 18:25:00,20.0,0.4040020193282346,0,-0.11,-0.22,-0.11
2014-04-07 18:30:00,20.0,0.3896414405169961,0,-0.11,-0.22,-0.11
2014-04-07 18:35:00,20.0,0.3784538936931736,0,-0.11,-0.22,-0.11
2014-04-07 18:40:00,20.0,0.3694131768345323,0,-0.11,-0.22,-0.11
2014-04-07 18:45:00,20.0,0.3619038632281193,0,-0.11,-0.22,-0.11
2014-04-07 18:50:00,20.0,0.3555320093061965,0,-0.11,-0.22,-0.11
2014-04-07 18:55:00,20.0,0.35003241311086386,0,-0.11,-0.22,-0.11
2014-04-07 19:00:00,20.0,0.3452192265964673,0,-0.11,-0.22,-0.11
2014-04-07 19:05:00,20.0,0.3409578730910682,0,-0.11,-0.22,-0.11
2014-04-07 19:10:00,20.0,0.3371482098885298,0,-0.11,-0.22,-0.11
2014-04-07 19:15:00,20.0,0.333713981107599,0,-0.11,-0.22,-0.11
2014-04-07 19:20:00,20.0,0.3305959630247675,0,-0.11,-0.22,-0.11
2014-04-07 19:25:00,20.0,0.3277473670259728,0,-0.11,-0.22,-0.11
2014-04-07 19:30:00,20.0,0.32513067186755673,0,-0.11,-0.22,-0.11
2014-04-07 19:35:00,20.0,0.32271538858999194,0,-0.11,-0.22,-0.11
2014-04-07 19:40:00,20.0,0.3204764503058516,0,-0.11,-0.22,-0.11
2014-04-07 19:45:00,20.0,0.3183930305333293,0,-0.11,-0.22,-0.11
2014-04-07 19:50:00,20.0,0.3164476615924378,0,-0.11,-0.22,-0.11
2014-04-07 19:55:00,20.0,0.3146255670408703,0,-0.11,-0.22,-0.11
2014-04-07 20:00:00,20.0,0.3129141493636714,0,-0.11,-0.22,-0.11
2014-04-07 20:05:00,20.0,0.3113025919952282,0,-0.11,-0.22,-0.11
2014-04-07 20:10:00,20.0,0.3097815467065041,0,-0.11,-0.22,-0.11
2014-04-07 20:15:00,20.0,0.3083428855372252,0,-0.11,-0.22,-0.11
2014-04-07 20:20:00,20.0,0.3069795020977956,0,-0.11,-0.22,-0.11
2014-04-07 20:25:00,20.0,0.3056851510373863,0,-0.11,-0.22,-0.11
2014-04-07 20:30:00,20.0,0.3044543173084137,0,-0.11,-0.22,-0.11
2014-04-07 20:35:00,20.0,0.30328210890585844,0,-0.11,-0.22,-0.11
2014-04-07 20:40:00,20.0,0.3021641682581643,0,-0.11,-0.22,-0.11
2014-04-07 20:45:00,20.0,0.3010965985547236,0,-0.11,-0.22,-0.11
2014-04-07 20:50:00,20.0,0.30007590212327184,0,-0.11,-0.22,-0.11
2014-04-07 20:55:00,20.0,0.2990989285955989,0,-0.11,-0.22,-0.11
2014-04-07 21:00:00,20.0,0.29816283107600233,0,-0.11,-0.22,-0.11
2014-04-07 21:05:00,20.0,0.29726502889248685,0,-0.11,-0.22,-0.11
2014-04-07 21:10:00,20.0,0.29640317579372594,0,-0.11,-0.22,-0.11
2014-04-07 21:15:00,20.0,0.295575132675549,0,-0.11,-0.22,-0.11
2014-04-07 21:20:00,20.0,0.294778944094114,0,-0.11,-0.22,-0.11
2014-04-07 21:25:00,20.0,0.2940128179600481,0,-0.11,-0.22,-0.11
2014-04-07 21:30:00,20.0,0.2932751079169629,0,-0.11,-0.22,-0.11
2014-04-07 21:35:00,20.0,0.2925642979951096,0,-0.11,-0.22,-0.11
2014-04-07 21:40:00,20.0,0.29187898920128524,0,-0.11,-0.22,-0.11
2014-04-07 21:45:00,20.0,0.2912178877630394,0,-0.11,-0.22,-0.11
2014-04-07 21:50:00,20.0,0.2905797947915665,0,-0.11,-0.22,-0.11
2014-04-07 21:55:00,20.0,0.28996359716555603,0,-0.11,-0.22,-0.11
2014-04-07 22:00:00,20.0,0.2893682594693981,0,-0.11,-0.22,-0.11
2014-04-07 22:05:00,20.0,0.28879281684482644,0,-0.11,-0.22,-0.11
2014-04-07 22:10:00,20.0,0.2882363686363658,0,-0.11,-0.22,-0.11
2014-04-07 22:15:00,20.0,0.2876980727286658,0,-0.11,-0.22,-0.11
2014-04-07 22:20:00,20.0,0.2871771404885951,0,-0.11,-0.22,-0.11
2014-04-07 22:25:00,20.0,0.28667283223738244,0,-0.11,-0.22,-0.11
2014-04-07 22:30:00,20.0,0.28618445318852803,0,-0.11,-0.22,-0.11
2014-04-07 22:35:00,20.0,0.28571134979602786,0,-0.11,-0.22,-0.11
2014-04-07 22:40:00,20.0,0.28525290646492435,0,-0.11,-0.22,-0.11
2014-04-07 22:45:00,20.0,0.2848085425825444,0,-0.11,-0.22,-0.11
2014-04-07 22:50:00,20.0,0.2843777098342027,0,-0.11,-0.22,-0.11
2014-04-07 22:55:00,20.0,0.28395988977177483,0,-0.11,-0.22,-0.11
2014-04-07 23:00:00,20.0,0.2835545916075163,0,-0.11,-0.22,-0.11
2014-04-07 23:05:00,20.0,0.28316135020891714,0,-0.11,-0.22,-0.11
2014-04-07 23:10:00,20.0,0.2827797242733259,0,-0.11,-0.22,-0.11
2014-04-07 23:15:00,20.0,0.2824092946636206,0,-0.11,-0.22,-0.11
2014-04-07 23:20:00,20.0,0.2820496628884097,0,-0.11,-0.22,-0.11
2014-04-07 23:25:00,20.0,0.28170044971216285,0,-0.11,-0.22,-0.11
2014-04-07 23:30:00,20.0,0.2813612938823368,0,-0.11,-0.22,-0.11
2014-04-07 23:35:00,20.0,0.2810318509620187,0,-0.11,-0.22,-0.11
2014-04-07 23:40:00,20.0,0.2807117922578834,0,-0.11,-0.22,-0.11
2014-04-07 23:45:00,20.0,0.28040080383437177,0,-0.11,-0.22,-0.11
2014-04-07 23:50:00,20.0,0.2800985856059837,0,-0.11,-0.22,-0.11
2014-04-07 23:55:00,20.0,0.2798048505004341,0,-0.11,-0.22,-0.11
2014-04-08 00:00:00,20.0,0.27951932368618776,0,-0.11,-0.22,-0.11
2014-04-08 00:05:00,20.0,0.2792417418585515,0,-0.11,-0.22,-0.11
2014-04-08 00:10:00,20.0,0.27897185257910423,0,-0.11,-0.22,-0.11
2014-04-08 00:15:00,20.0,0.27870941366376595,0,-0.11,-0.22,-0.11
2014-04-08 00:20:00,20.0,0.27845419261527643,0,-0.11,-0.22,-0.11
2014-04-08 00:25:00,20.0,0.2782059660962705,0,-0.11,-0.22,-0.11
2014-04-08 00:30:00,20.0,0.27796451943950523,0,-0.11,-0.22,-0.11
2014-04-08 00:35:00,20.0,0.27772964619212603,0,-0.11,-0.22,-0.11
2014-04-08 00:40:00,20.0,0.2775011476911532,0,-0.11,-0.22,-0.11
2014-04-08 00:45:00,20.0,0.2772788326676341,0,-0.11,-0.22,-0.11
2014-04-08 00:50:00,20.0,0.27706251687714384,0,-0.11,-0.22,-0.11
2014-04-08 00:55:00,20.0,0.27685202275452825,0,-0.11,-0.22,-0.11
2014-04-08 01:00:00,20.0,0.276647179090974,0,-0.11,-0.22,-0.11
2014-04-08 01:05:00,20.0,0.2764478207316629,0,-0.11,-0.22,-0.11
2014-04-08 01:10:00,20.0,0.27625378829242164,0,-0.11,-0.22,-0.11
2014-04-08 01:15:00,20.0,0.2760649278939165,0,-0.11,-0.22,-0.11
2014-04-08 01:20:00,20.0,0.2758810909120701,0,-0.11,-0.22,-0.11
2014-04-08 01:25:00,20.0,0.2757021337434894,0,-0.11,-0.22,-0.11
2014-04-08 01:30:00,20.0,0.2755279175847989,0,-0.11,-0.22,-0.11
2014-04-08 01:35:00,20.0,0.2753583082248633,0,-0.11,-0.22,-0.11
2014-04-08 01:40:00,20.0,0.2751931758489722,0,-0.11,-0.22,-0.11
2014-04-08 01:45:00,20.0,0.2750323948541317,0,-0.11,-0.22,-0.11
2014-04-08 01:50:00,20.0,0.27487584367468354,0,-0.11,-0.22,-0.11
2014-04-08 01:55:00,20.0,0.2747234046175279,0,-0.11,-0.22,-0.11
2014-04-08 02:00:00,20.0,0.2745749637062914,0,-0.11,-0.22,-0.11
2014-04-08 02:05:00,20.0,0.2744304105338297,0,-0.11,-0.22,-0.11
2014-04-08 02:10:00,20.0,0.2742896381225036,0,-0.11,-0.22,-0.11
2014-04-08 02:15:00,20.0,0.2741525427917113,0,-0.11,-0.22,-0.11
2014-04-08 02:20:00,20.0,0.2740190240321998,0,-0.11,-0.22,-0.11
2014-04-08 02:25:00,20.0,0.27388898438671394,0,-0.11,-0.22,-0.11
2014-04-08 02:30:00,20.0,0.2737623293365764,0,-0.11,-0.22,-0.11
2014-04-08 02:35:00,20.0,0.2736389671938214,0,-0.11,-0.22,-0.11
2014-04-08 02:40:00,20.0,0.2735188089985347,0,-0.11,-0.22,-0.11
2014-04-08 02:45:00,20.0,0.2734017684210752,0,-0.11,-0.22,-0.11
2014-04-08 02:50:00,20.0,0.2732877616688811,0,-0.11,-0.22,-0.11
2014-04-08 02:55:00,20.0,0.2731767073975816,0,-0.11,-0.22,-0.11
2014-04-08 03:00:00,20.0,0.2730685266261579,0,-0.11,-0.22,-0.11
2014-04-08 03:05:00,20.0,0.2729631426559133,0,-0.11,-0.22,-0.11
2014-04-08 03:10:00,20.0,0.2728604809930316,0,-0.11,-0.22,-0.11
2014-04-08 03:15:00,20.0,0.27276046927451525,0,-0.11,-0.22,-0.11
2014-04-08 03:20:00,20.0,0.2726630371973137,0,-0.11,-0.22,-0.11
2014-04-08 03:25:00,20.0,0.2725681164504597,0,-0.11,-0.22,-0.11
2014-04-08 03:30:00,20.0,0.27247564065005,0,-0.11,-0.22,-0.11
2014-04-08 03:35:00,20.0,0.27238554527691194,0,-0.11,-0.22,-0.11
2014-04-08 03:40:00,20.0,0.2722977676168131,0,-0.11,-0.22,-0.11
2014-04-08 03:45:00,20.0,0.2722122467030768,0,-0.11,-0.22,-0.11
2014-04-08 03:50:00,20.0,0.2721289232614778,0,-0.11,-0.22,-0.11
2014-04-08 03:55:00,20.0,0.2720477396572995,0,-0.11,-0.22,-0.11
2014-04-08 04:00:00,20.0,0.27196863984444164,0,-0.11,-0.22,-0.11
2014-04-08 04:05:00,20.0,0.2718915693164753,0,-0.11,-0.22,-0.11
2014-04-08 04:10:00,20.0,0.2718164750595472,0,-0.11,-0.22,-0.11
2014-04-08 04:15:00,20.0,0.27174330550704323,0,-0.11,-0.22,-0.11
2014-04-08 04:20:00,20.0,0.2716720104959243,0,-0.11,-0.22,-0.11
2014-04-08 04:25:00,20.0,0.2716025412246563,0,-0.11,-0.22,-0.11
2014-04-08 04:30:00,20.0,0.27153485021265705,0,-0.11,-0.22,-0.11
2014-04-08 04:35:00,20.0,0.2714688912611896,0,-0.11,-0.22,-0.11
2014-04-08 04:40:00,20.0,0.27140461941563593,0,-0.11,-0.22,-0.11
2014-04-08 04:45:00,20.0,0.2713419909290884,0,-0.11,-0.22,-0.11
2014-04-08 04:50:00,20.0,0.27128096322719863,0,-0.11,-0.22,-0.11
2014-04-08 04:55:00,20.0,0.27122149487422936,0,-0.11,-0.22,-0.11
2014-04-08 05:00:00,20.0,0.2711635455402554,0,-0.11,-0.22,-0.11
2014-04-08 05:05:00,20.0,0.2711070759694665,0,-0.11,-0.22,-0.11
2014-04-08 05:10:00,20.0,0.2710520479495218,0,-0.11,-0.22,-0.11
2014-04-08 05:15:00,20.0,0.27099842428191473,0,-0.11,-0.22,-0.11
2014-04-08 05:20:00,20.0,0.27094616875330435,0,-0.11,-0.22,-0.11
2014-04-08 05:25:00,20.0,0.27089524610777543,0,-0.11,-0.22,-0.11
2014-04-08 05:30:00,20.0,0.27084562201998674,0,-0.11,-0.22,-0.11
2014-04-08 05:35:00,20.0,0.2707972630691758,0,-0.11,-0.22,-0.11
2014-04-08 05:40:00,20.0,0.270750136713983,0,-0.11,-0.22,-0.11
2014-04-08 05:45:00,20.0,0.2707042112680655,0,-0.11,-0.22,-0.11
2014-04-08 05:50:00,20.0,0.27065945587646817,0,-0.11,-0.22,-0.11
2014-04-08 05:55:00,20.0,0.2706158404927248,0,-0.11,-0.22,-0.11
2014-04-08 06:00:00,20.0,0.27057333585666143,0,-0.11,-0.22,-0.11
2014-04-08 06:05:00,20.0,0.2705319134728748,0,-0.11,-0.22,-0.11
2014-04-08 06:10:00,20.0,0.27049154558986177,0,-0.11,-0.22,-0.11
2014-04-08 06:15:00,20.0,0.27045220517977664,0,-0.11,-0.22,-0.11
2014-04-08 06:20:00,20.0,0.2704138659187925,0,-0.11,-0.22,-0.11
2014-04-08 06:25:00,20.0,0.2703765021680454,0,-0.11,-0.22,-0.11
2014-04-08 06:30:00,20.0,0.2703400889551416,0,-0.11,-0.22,-0.11
2014-04-08 06:35:00,20.0,0.2703046019562074,0,-0.11,-0.22,-0.11
2014-04-08 06:40:00,20.0,0.270270017478463,0,-0.11,-0.22,-0.11
2014-04-08 06:45:00,20.0,0.2702363124433026,0,-0.11,-0.22,-0.11
2014-04-08 06:50:00,20.0,0.2702034643698632,0,-0.11,-0.22,-0.11
2014-04-08 06:55:00,20.0,0.2701714513590661,0,-0.11,-0.22,-0.11
2014-04-08 07:00:00,20.0,0.27014025207811576,0,-0.11,-0.22,-0.11
2014-04-08 07:05:00,20.0,0.2701098457454389,0,-0.11,-0.22,-0.11
2014-04-08 07:10:00,20.0,0.27008021211605265,0,-0.11,-0.22,-0.11
2014-04-08 07:15:00,20.0,0.2700513314673451,0,-0.11,-0.22,-0.11
2014-04-08 07:20:00,20.0,0.2700231845852564,0,-0.11,-0.22,-0.11
2014-04-08 07:25:00,20.0,0.2699957527508461,0,-0.11,-0.22,-0.11
2014-04-08 07:30:00,20.0,0.2699690177272375,0,-0.11,-0.22,-0.11
2014-04-08 07:35:00,20.0,0.2699429617469236,0,-0.11,-0.22,-0.11
2014-04-08 07:40:00,20.0,0.269917567499426,0,-0.11,-0.22,-0.11
2014-04-08 07:45:00,20.0,0.2698928181192945,0,-0.11,-0.22,-0.11
2014-04-08 07:50:00,20.0,0.26986869717443696,0,-0.11,-0.22,-0.11
2014-04-08 07:55:00,20.0,0.2698451886547703,0,-0.11,-0.22,-0.11
2014-04-08 08:00:00,20.0,0.2698222769611813,0,-0.11,-0.22,-0.11
2014-04-08 08:05:00,20.0,0.2697999468947901,0,-0.11,-0.22,-0.11
2014-04-08 08:10:00,20.0,0.26977818364650463,0,-0.11,-0.22,-0.11
2014-04-08 08:15:00,20.0,0.26975697278685945,0,-0.11,-0.22,-0.11
2014-04-08 08:20:00,20.0,0.2697363002561297,0,-0.11,-0.22,-0.11
2014-04-08 08:25:00,20.0,0.2697161523547115,0,-0.11,-0.22,-0.11
2014-04-08 08:30:00,20.0,0.26969651573376313,0,-0.11,-0.22,-0.11
2014-04-08 08:35:00,20.0,0.2696773773860953,0,-0.11,-0.22,-0.11
2014-04-08 08:40:00,20.0,0.26965872463730944,0,-0.11,-0.22,-0.11
2014-04-08 08:45:00,20.0,0.2696405451371692,0,-0.11,-0.22,-0.11
2014-04-08 08:50:00,20.0,0.2696228268512061,0,-0.11,-0.22,-0.11
2014-04-08 08:55:00,20.0,0.26960555805254705,0,-0.11,-0.22,-0.11
2014-04-08 09:00:00,80.0,0.9999999999999942,0,-0.11,-0.22,-0.11
2014-04-08 09:05:00,80.0,0.6110084371825264,0,-0.11,-0.22,-0.11
2014-04-08 09:10:00,80.0,0.5034096405911028,0,-0.11,-0.22,-0.11
2014-04-08 09:15:00,80.0,0.4543753938478105,0,-0.11,-0.22,-0.11
2014-04-08 09:20:00,80.0,0.4251440301466077,0,-0.11,-0.22,-0.11
2014-04-08 09:25:00,80.0,0.405247643885565,0,-0.11,-0.22,-0.11
2014-04-08 09:30:00,80.0,0.3905894986966122,0,-0.11,-0.22,-0.11
2014-04-08 09:35:00,80.0,0.3792070226073889,0,-0.11,-0.22,-0.11
2014-04-08 09:40:00,80.0,0.3700305985403449,0,-0.11,-0.22,-0.11
2014-04-08 09:45:00,80.0,0.3624223835345665,0,-0.11,-0.22,-0.11
2014-04-08 09:50:00,80.0,0.35597583426367224,0,-0.11,-0.22,-0.11
2014-04-08 09:55:00,80.0,0.3504181879709746,0,-0.11,-0.22,-0.11
2014-04-08 10:00:00,80.0,0.3455588174378314,0,-0.11,-0.22,-0.11
2014-04-08 10:05:00,80.0,0.34125999440020544,0,-0.11,-0.22,-0.11
2014-04-08 10:10:00,80.0,0.33741942344456066,0,-0.11,-0.22,-0.11
2014-04-08 10:15:00,80.0,0.33395933395525274,0,-0.11,-0.22,-0.11
2014-04-08 10:20:00,80.0,0.33081940895289585,0,-0.11,-0.22,-0.11
2014-04-08 10:25:00,80.0,0.3279520532276638,0,-0.11,-0.22,-0.11
2014-04-08 10:30:00,80.0,0.3253191388899009,0,-0.11,-0.22,-0.11
2014-04-08 10:35:00,80.0,0.32288971292353785,0,-0.11,-0.22,-0.11
2014-04-08 10:40:00,80.0,0.3206383480785873,0,-0.11,-0.22,-0.11
2014-04-08 10:45:00,80.0,0.3185439342449938,0,-0.11,-0.22,-0.11
2014-04-08 10:50:00,80.0,0.31658877779261785,0,-0.11,-0.22,-0.11
2014-04-08 10:55:00,80.0,0.3147579202982579,0,-0.11,-0.22,-0.11
2014-04-08 11:00:00,80.0,0.3130386162153101,0,-0.11,-0.22,-0.11
2014-04-08 11:05:00,80.0,0.31141992746550823,0,-0.11,-0.22,-0.11
2014-04-08 11:10:00,80.0,0.3098924052433209,0,-0.11,-0.22,-0.11
2014-04-08 11:15:00,80.0,0.3084478377025192,0,-0.11,-0.22,-0.11
2014-04-08 11:20:00,80.0,0.30707904799342506,0,-0.11,-0.22,-0.11
2014-04-08 11:25:00,80.0,0.30577973119484964,0,-0.11,-0.22,-0.11
2014-04-08 11:30:00,80.0,0.3045443215896498,0,-0.11,-0.22,-0.11
2014-04-08 11:35:00,80.0,0.30336788383053004,0,-0.11,-0.22,-0.11
2014-04-08 11:40:00,80.0,0.3022460230758601,0,-0.11,-0.22,-0.11
2014-04-08 11:45:00,80.0,0.30117481030842125,0,-0.11,-0.22,-0.11
2014-04-08 11:50:00,80.0,0.30015071989625364,0,-0.11,-0.22,-0.11
2014-04-08 11:55:00,80.0,0.2991705770929721,0,-0.11,-0.22,-0.11
2014-04-08 12:00:00,80.0,0.2982315136605861,0,-0.11,-0.22,-0.11
2014-04-08 12:05:00,80.0,0.2973309301706269,0,-0.11,-0.22,-0.11
2014-04-08 12:10:00,80.0,0.2964664638277933,0,-0.11,-0.22,-0.11
2014-04-08 12:15:00,80.0,0.2956359608851617,0,-0.11,-0.22,-0.11
2014-04-08 12:20:00,80.0,0.2948374528965197,0,-0.11,-0.22,-0.11
2014-04-08 12:25:00,80.0,0.2940691361909057,0,-0.11,-0.22,-0.11
2014-04-08 12:30:00,80.0,0.2933293540654143,0,-0.11,-0.22,-0.11
2014-04-08 12:35:00,80.0,0.2926165812811409,0,-0.11,-0.22,-0.11
2014-04-08 12:40:00,80.0,0.2919294105186129,0,-0.11,-0.22,-0.11
2014-04-08 12:45:00,80.0,0.2912665405068966,0,-0.11,-0.22,-0.11
2014-04-08 12:50:00,80.0,0.29062676558761275,0,-0.11,-0.22,-0.11
2014-04-08 12:55:00,80.0,0.2900089665135526,0,-0.11,-0.22,-0.11
2014-04-08 13:00:00,80.0,0.2894121023131637,0,-0.11,-0.22,-0.11
2014-04-08 13:05:00,80.0,0.2888352030782308,0,-0.11,-0.22,-0.11
2014-04-08 13:10:00,80.0,0.2882773635536603,0,-0.11,-0.22,-0.11
2014-04-08 13:15:00,80.0,0.2877377374262298,0,-0.11,-0.22,-0.11
2014-04-08 13:20:00,80.0,0.2872155322241621,0,-0.11,-0.22,-0.11
2014-04-08 13:25:00,80.0,0.2867100047519517,0,-0.11,-0.22,-0.11
2014-04-08 13:30:00,80.0,0.2862204569954478,0,-0.11,-0.22,-0.11
2014-04-08 13:35:00,80.0,0.2857462324411246,0,-0.11,-0.22,-0.11
2014-04-08 13:40:00,80.0,0.2852867127610377,0,-0.11,-0.22,-0.11
2014-04-08 13:45:00,80.0,0.2848413148213833,0,-0.11,-0.22,-0.11
2014-04-08 13:50:00,80.0,0.2844094879780657,0,-0.11,-0.22,-0.11
2014-04-08 13:55:00,80.0,0.28399071162735123,0,-0.11,-0.22,-0.11
2014-04-08 14:00:00,80.0,0.28358449298371285,0,-0.11,-0.22,-0.11
2014-04-08 14:05:00,80.0,0.28319036506041273,0,-0.11,-0.22,-0.11
2014-04-08 14:10:00,80.0,0.2828078848313534,0,-0.11,-0.22,-0.11
2014-04-08 14:15:00,80.0,0.2824366315552964,0,-0.11,-0.22,-0.11
2014-04-08 14:20:00,80.0,0.28207620524577737,0,-0.11,-0.22,-0.11
2014-04-08 14:25:00,80.0,0.281726225271982,0,-0.11,-0.22,-0.11
2014-04-08 14:30:00,80.0,0.2813863290775328,0,-0.11,-0.22,-0.11
2014-04-08 14:35:00,80.0,0.2810561710056061,0,-0.11,-0.22,-0.11
2014-04-08 14:40:00,80.0,0.2807354212200843,0,-0.11,-0.22,-0.11
2014-04-08 14:45:00,80.0,0.28042376471357633,0,-0.11,-0.22,-0.11
2014-04-08 14:50:00,80.0,0.28012090039412674,0,-0.11,-0.22,-0.11
2014-04-08 14:55:00,80.0,0.2798265402433034,0,-0.11,-0.22,-0.11
2014-04-08 15:00:00,80.0,0.27954040853912393,0,-0.11,-0.22,-0.11
2014-04-08 15:05:00,80.0,0.2792622411379553,0,-0.11,-0.22,-0.11
2014-04-08 15:10:00,80.0,0.2789917848101215,0,-0.11,-0.22,-0.11
2014-04-08 15:15:00,80.0,0.2787287966244847,0,-0.11,-0.22,-0.11
2014-04-08 15:20:00,80.0,0.27847304337773904,0,-0.11,-0.22,-0.11
2014-04-08 15:25:00,80.0,0.2782243010645714,0,-0.11,-0.22,-0.11
2014-04-08 15:30:00,80.0,0.2779823543852208,0,-0.11,-0.22,-0.11
2014-04-08 15:35:00,80.0,0.2777469962872983,0,-0.11,-0.22,-0.11
2014-04-08 15:40:00,80.0,0.2775180275390299,0,-0.11,-0.22,-0.11
2014-04-08 15:45:00,80.0,0.2772952563313463,0,-0.11,-0.22,-0.11
2014-04-08 15:50:00,80.0,0.27707849790648786,0,-0.11,-0.22,-0.11
2014-04-08 15:55:00,80.0,0.2768675742110021,0,-0.11,-0.22,-0.11
2014-04-08 16:00:00,80.0,0.276662313571206,0,-0.11,-0.22,-0.11
2014-04-08 16:05:00,80.0,0.2764625503893567,0,-0.11,-0.22,-0.11
2014-04-08 16:10:00,80.0,0.2762681248589322,0,-0.11,-0.22,-0.11
2014-04-08 16:15:00,80.0,0.27607888269756004,0,-0.11,-0.22,-0.11
2014-04-08 16:20:00,80.0,0.275894674896264,0,-0.11,-0.22,-0.11
2014-04-08 16:25:00,80.0,0.2757153574838088,0,-0.11,-0.22,-0.11
2014-04-08 16:30:00,80.0,0.2755407913050282,0,-0.11,-0.22,-0.11
2014-04-08 16:35:00,80.0,0.2753708418121173,0,-0.11,-0.22,-0.11
2014-04-08 16:40:00,80.0,0.2752053788679522,0,-0.11,-0.22,-0.11
2014-04-08 16:45:00,80.0,0.2750442765605787,0,-0.11,-0.22,-0.11
2014-04-08 16:50:00,80.0,0.2748874130280844,0,-0.11,-0.22,-0.11
2014-04-08 16:55:00,80.0,0.2747346702931263,0,-0.11,-0.22,-0.11
2014-04-08 17:00:00,80.0,0.2745859341064517,0,-0.11,-0.22,-0.11
2014-04-08 17:05:00,80.0,0.27444109379879633,0,-0.11,-0.22,-0.11
2014-04-08 17:10:00,80.0,0.2743000421405986,0,-0.11,-0.22,-0.11
2014-04-08 17:15:00,80.0,0.2741626752090048,0,-0.11,-0.22,-0.11
2014-04-08 17:20:00,80.0,0.2740288922616894,0,-0.11,-0.22,-0.11
2014-04-08 17:25:00,80.0,0.27389859561704444,0,-0.11,-0.22,-0.11
2014-04-08 17:30:00,80.0,0.2737716905403291,0,-0.11,-0.22,-0.11
2014-04-08 17:35:00,80.0,0.27364808513540034,0,-0.11,-0.22,-0.11
2014-04-08 17:40:00,80.0,0.2735276902416747,0,-0.11,-0.22,-0.11
2014-04-08 17:45:00,80.0,0.2734104193359956,0,-0.11,-0.22,-0.11
2014-04-08 17:50:00,80.0,0.2732961884391057,0,-0.11,-0.22,-0.11
2014-04-08 17:55:00,80.0,0.2731849160264467,0,-0.11,-0.22,-0.11
2014-04-08 18:00:00,20.0,0.98672470545675,0,-0.11,-0.22,-0.11
2014-04-08 18:05:00,20.0,0.5984130656168682,0,-0.11,-0.22,-0.11
2014-04-08 18:10:00,20.0,0.4985601669105184,0,-0.11,-0.22,-0.11
2014-04-08 18:15:00,20.0,0.4517019586339162,0,-0.11,-0.22,-0.11
2014-04-08 18:20:00,20.0,0.4234038724750263,0,-0.11,-0.22,-0.11
2014-04-08 18:25:00,20.0,0.4040020193282346,0,-0.11,-0.22,-0.11
2014-04-08 18:30:00,20.0,0.3896414405169961,0,-0.11,-0.22,-0.11
2014-04-08 18:35:00,20.0,0.3784538936931736,0,-0.11,-0.22,-0.11
2014-04-08 18:40:00,20.0,0.3694131768345323,0,-0.11,-0.22,-0.11
2014-04-08 18:45:00,20.0,0.3619038632281193,0,-0.11,-0.22,-0.11
2014-04-08 18:50:00,20.0,0.3555320093061965,0,-0.11,-0.22,-0.11
2014-04-08 18:55:00,20.0,0.35003241311086386,0,-0.11,-0.22,-0.11
2014-04-08 19:00:00,20.0,0.3452192265964673,0,-0.11,-0.22,-0.11
2014-04-08 19:05:00,20.0,0.3409578730910682,0,-0.11,-0.22,-0.11
2014-04-08 19:10:00,20.0,0.3371482098885298,0,-0.11,-0.22,-0.11
2014-04-08 19:15:00,20.0,0.333713981107599,0,-0.11,-0.22,-0.11
2014-04-08 19:20:00,20.0,0.3305959630247675,0,-0.11,-0.22,-0.11
2014-04-08 19:25:00,20.0,0.3277473670259728,0,-0.11,-0.22,-0.11
2014-04-08 19:30:00,20.0,0.32513067186755673,0,-0.11,-0.22,-0.11
2014-04-08 19:35:00,20.0,0.32271538858999194,0,-0.11,-0.22,-0.11
2014-04-08 19:40:00,20.0,0.3204764503058516,0,-0.11,-0.22,-0.11
2014-04-08 19:45:00,20.0,0.3183930305333293,0,-0.11,-0.22,-0.11
2014-04-08 19:50:00,20.0,0.3164476615924378,0,-0.11,-0.22,-0.11
2014-04-08 19:55:00,20.0,0.3146255670408703,0,-0.11,-0.22,-0.11
2014-04-08 20:00:00,20.0,0.3129141493636714,0,-0.11,-0.22,-0.11
2014-04-08 20:05:00,20.0,0.3113025919952282,0,-0.11,-0.22,-0.11
2014-04-08 20:10:00,20.0,0.3097815467065041,0,-0.11,-0.22,-0.11
2014-04-08 20:15:00,20.0,0.3083428855372252,0,-0.11,-0.22,-0.11
2014-04-08 20:20:00,20.0,0.3069795020977956,0,-0.11,-0.22,-0.11
2014-04-08 20:25:00,20.0,0.3056851510373863,0,-0.11,-0.22,-0.11
2014-04-08 20:30:00,20.0,0.3044543173084137,0,-0.11,-0.22,-0.11
2014-04-08 20:35:00,20.0,0.30328210890585844,0,-0.11,-0.22,-0.11
2014-04-08 20:40:00,20.0,0.3021641682581643,0,-0.11,-0.22,-0.11
2014-04-08 20:45:00,20.0,0.3010965985547236,0,-0.11,-0.22,-0.11
2014-04-08 20:50:00,20.0,0.30007590212327184,0,-0.11,-0.22,-0.11
2014-04-08 20:55:00,20.0,0.2990989285955989,0,-0.11,-0.22,-0.11
2014-04-08 21:00:00,20.0,0.29816283107600233,0,-0.11,-0.22,-0.11
2014-04-08 21:05:00,20.0,0.29726502889248685,0,-0.11,-0.22,-0.11
2014-04-08 21:10:00,20.0,0.29640317579372594,0,-0.11,-0.22,-0.11
2014-04-08 21:15:00,20.0,0.295575132675549,0,-0.11,-0.22,-0.11
2014-04-08 21:20:00,20.0,0.294778944094114,0,-0.11,-0.22,-0.11
2014-04-08 21:25:00,20.0,0.2940128179600481,0,-0.11,-0.22,-0.11
2014-04-08 21:30:00,20.0,0.2932751079169629,0,-0.11,-0.22,-0.11
2014-04-08 21:35:00,20.0,0.2925642979951096,0,-0.11,-0.22,-0.11
2014-04-08 21:40:00,20.0,0.29187898920128524,0,-0.11,-0.22,-0.11
2014-04-08 21:45:00,20.0,0.2912178877630394,0,-0.11,-0.22,-0.11
2014-04-08 21:50:00,20.0,0.2905797947915665,0,-0.11,-0.22,-0.11
2014-04-08 21:55:00,20.0,0.28996359716555603,0,-0.11,-0.22,-0.11
2014-04-08 22:00:00,20.0,0.2893682594693981,0,-0.11,-0.22,-0.11
2014-04-08 22:05:00,20.0,0.28879281684482644,0,-0.11,-0.22,-0.11
2014-04-08 22:10:00,20.0,0.2882363686363658,0,-0.11,-0.22,-0.11
2014-04-08 22:15:00,20.0,0.2876980727286658,0,-0.11,-0.22,-0.11
2014-04-08 22:20:00,20.0,0.2871771404885951,0,-0.11,-0.22,-0.11
2014-04-08 22:25:00,20.0,0.28667283223738244,0,-0.11,-0.22,-0.11
2014-04-08 22:30:00,20.0,0.28618445318852803,0,-0.11,-0.22,-0.11
2014-04-08 22:35:00,20.0,0.28571134979602786,0,-0.11,-0.22,-0.11
2014-04-08 22:40:00,20.0,0.28525290646492435,0,-0.11,-0.22,-0.11
2014-04-08 22:45:00,20.0,0.2848085425825444,0,-0.11,-0.22,-0.11
2014-04-08 22:50:00,20.0,0.2843777098342027,0,-0.11,-0.22,-0.11
2014-04-08 22:55:00,20.0,0.28395988977177483,0,-0.11,-0.22,-0.11
2014-04-08 23:00:00,20.0,0.2835545916075163,0,-0.11,-0.22,-0.11
2014-04-08 23:05:00,20.0,0.28316135020891714,0,-0.11,-0.22,-0.11
2014-04-08 23:10:00,20.0,0.2827797242733259,0,-0.11,-0.22,-0.11
2014-04-08 23:15:00,20.0,0.2824092946636206,0,-0.11,-0.22,-0.11
2014-04-08 23:20:00,20.0,0.2820496628884097,0,-0.11,-0.22,-0.11
2014-04-08 23:25:00,20.0,0.28170044971216285,0,-0.11,-0.22,-0.11
2014-04-08 23:30:00,20.0,0.2813612938823368,0,-0.11,-0.22,-0.11
2014-04-08 23:35:00,20.0,0.2810318509620187,0,-0.11,-0.22,-0.11
2014-04-08 23:40:00,20.0,0.2807117922578834,0,-0.11,-0.22,-0.11
2014-04-08 23:45:00,20.0,0.28040080383437177,0,-0.11,-0.22,-0.11
2014-04-08 23:50:00,20.0,0.2800985856059837,0,-0.11,-0.22,-0.11
2014-04-08 23:55:00,20.0,0.2798048505004341,0,-0.11,-0.22,-0.11
2014-04-09 00:00:00,20.0,0.27951932368618776,0,-0.11,-0.22,-0.11
2014-04-09 00:05:00,20.0,0.2792417418585515,0,-0.11,-0.22,-0.11
2014-04-09 00:10:00,20.0,0.27897185257910423,0,-0.11,-0.22,-0.11
2014-04-09 00:15:00,20.0,0.27870941366376595,0,-0.11,-0.22,-0.11
2014-04-09 00:20:00,20.0,0.27845419261527643,0,-0.11,-0.22,-0.11
2014-04-09 00:25:00,20.0,0.2782059660962705,0,-0.11,-0.22,-0.11
2014-04-09 00:30:00,20.0,0.27796451943950523,0,-0.11,-0.22,-0.11
2014-04-09 00:35:00,20.0,0.27772964619212603,0,-0.11,-0.22,-0.11
2014-04-09 00:40:00,20.0,0.2775011476911532,0,-0.11,-0.22,-0.11
2014-04-09 00:45:00,20.0,0.2772788326676341,0,-0.11,-0.22,-0.11
2014-04-09 00:50:00,20.0,0.27706251687714384,0,-0.11,-0.22,-0.11
2014-04-09 00:55:00,20.0,0.27685202275452825,0,-0.11,-0.22,-0.11
2014-04-09 01:00:00,20.0,0.276647179090974,0,-0.11,-0.22,-0.11
2014-04-09 01:05:00,20.0,0.2764478207316629,0,-0.11,-0.22,-0.11
2014-04-09 01:10:00,20.0,0.27625378829242164,0,-0.11,-0.22,-0.11
2014-04-09 01:15:00,20.0,0.2760649278939165,0,-0.11,-0.22,-0.11
2014-04-09 01:20:00,20.0,0.2758810909120701,0,-0.11,-0.22,-0.11
2014-04-09 01:25:00,20.0,0.2757021337434894,0,-0.11,-0.22,-0.11
2014-04-09 01:30:00,20.0,0.2755279175847989,0,-0.11,-0.22,-0.11
2014-04-09 01:35:00,20.0,0.2753583082248633,0,-0.11,-0.22,-0.11
2014-04-09 01:40:00,20.0,0.2751931758489722,0,-0.11,-0.22,-0.11
2014-04-09 01:45:00,20.0,0.2750323948541317,0,-0.11,-0.22,-0.11
2014-04-09 01:50:00,20.0,0.27487584367468354,0,-0.11,-0.22,-0.11
2014-04-09 01:55:00,20.0,0.2747234046175279,0,-0.11,-0.22,-0.11
2014-04-09 02:00:00,20.0,0.2745749637062914,0,-0.11,-0.22,-0.11
2014-04-09 02:05:00,20.0,0.2744304105338297,0,-0.11,-0.22,-0.11
2014-04-09 02:10:00,20.0,0.2742896381225036,0,-0.11,-0.22,-0.11
2014-04-09 02:15:00,20.0,0.2741525427917113,0,-0.11,-0.22,-0.11
2014-04-09 02:20:00,20.0,0.2740190240321998,0,-0.11,-0.22,-0.11
2014-04-09 02:25:00,20.0,0.27388898438671394,0,-0.11,-0.22,-0.11
2014-04-09 02:30:00,20.0,0.2737623293365764,0,-0.11,-0.22,-0.11
2014-04-09 02:35:00,20.0,0.2736389671938214,0,-0.11,-0.22,-0.11
2014-04-09 02:40:00,20.0,0.2735188089985347,0,-0.11,-0.22,-0.11
2014-04-09 02:45:00,20.0,0.2734017684210752,0,-0.11,-0.22,-0.11
2014-04-09 02:50:00,20.0,0.2732877616688811,0,-0.11,-0.22,-0.11
2014-04-09 02:55:00,20.0,0.2731767073975816,0,-0.11,-0.22,-0.11
2014-04-09 03:00:00,20.0,0.2730685266261579,0,-0.11,-0.22,-0.11
2014-04-09 03:05:00,20.0,0.2729631426559133,0,-0.11,-0.22,-0.11
2014-04-09 03:10:00,20.0,0.2728604809930316,0,-0.11,-0.22,-0.11
2014-04-09 03:15:00,20.0,0.27276046927451525,0,-0.11,-0.22,-0.11
2014-04-09 03:20:00,20.0,0.2726630371973137,0,-0.11,-0.22,-0.11
2014-04-09 03:25:00,20.0,0.2725681164504597,0,-0.11,-0.22,-0.11
2014-04-09 03:30:00,20.0,0.27247564065005,0,-0.11,-0.22,-0.11
2014-04-09 03:35:00,20.0,0.27238554527691194,0,-0.11,-0.22,-0.11
2014-04-09 03:40:00,20.0,0.2722977676168131,0,-0.11,-0.22,-0.11
2014-04-09 03:45:00,20.0,0.2722122467030768,0,-0.11,-0.22,-0.11
2014-04-09 03:50:00,20.0,0.2721289232614778,0,-0.11,-0.22,-0.11
2014-04-09 03:55:00,20.0,0.2720477396572995,0,-0.11,-0.22,-0.11
2014-04-09 04:00:00,20.0,0.27196863984444164,0,-0.11,-0.22,-0.11
2014-04-09 04:05:00,20.0,0.2718915693164753,0,-0.11,-0.22,-0.11
2014-04-09 04:10:00,20.0,0.2718164750595472,0,-0.11,-0.22,-0.11
2014-04-09 04:15:00,20.0,0.27174330550704323,0,-0.11,-0.22,-0.11
2014-04-09 04:20:00,20.0,0.2716720104959243,0,-0.11,-0.22,-0.11
2014-04-09 04:25:00,20.0,0.2716025412246563,0,-0.11,-0.22,-0.11
2014-04-09 04:30:00,20.0,0.27153485021265705,0,-0.11,-0.22,-0.11
2014-04-09 04:35:00,20.0,0.2714688912611896,0,-0.11,-0.22,-0.11
2014-04-09 04:40:00,20.0,0.27140461941563593,0,-0.11,-0.22,-0.11
2014-04-09 04:45:00,20.0,0.2713419909290884,0,-0.11,-0.22,-0.11
2014-04-09 04:50:00,20.0,0.27128096322719863,0,-0.11,-0.22,-0.11
2014-04-09 04:55:00,20.0,0.27122149487422936,0,-0.11,-0.22,-0.11
2014-04-09 05:00:00,20.0,0.2711635455402554,0,-0.11,-0.22,-0.11
2014-04-09 05:05:00,20.0,0.2711070759694665,0,-0.11,-0.22,-0.11
2014-04-09 05:10:00,20.0,0.2710520479495218,0,-0.11,-0.22,-0.11
2014-04-09 05:15:00,20.0,0.27099842428191473,0,-0.11,-0.22,-0.11
2014-04-09 05:20:00,20.0,0.27094616875330435,0,-0.11,-0.22,-0.11
2014-04-09 05:25:00,20.0,0.27089524610777543,0,-0.11,-0.22,-0.11
2014-04-09 05:30:00,20.0,0.27084562201998674,0,-0.11,-0.22,-0.11
2014-04-09 05:35:00,20.0,0.2707972630691758,0,-0.11,-0.22,-0.11
2014-04-09 05:40:00,20.0,0.270750136713983,0,-0.11,-0.22,-0.11
2014-04-09 05:45:00,20.0,0.2707042112680655,0,-0.11,-0.22,-0.11
2014-04-09 05:50:00,20.0,0.27065945587646817,0,-0.11,-0.22,-0.11
2014-04-09 05:55:00,20.0,0.2706158404927248,0,-0.11,-0.22,-0.11
2014-04-09 06:00:00,20.0,0.27057333585666143,0,-0.11,-0.22,-0.11
2014-04-09 06:05:00,20.0,0.2705319134728748,0,-0.11,-0.22,-0.11
2014-04-09 06:10:00,20.0,0.27049154558986177,0,-0.11,-0.22,-0.11
2014-04-09 06:15:00,20.0,0.27045220517977664,0,-0.11,-0.22,-0.11
2014-04-09 06:20:00,20.0,0.2704138659187925,0,-0.11,-0.22,-0.11
2014-04-09 06:25:00,20.0,0.2703765021680454,0,-0.11,-0.22,-0.11
2014-04-09 06:30:00,20.0,0.2703400889551416,0,-0.11,-0.22,-0.11
2014-04-09 06:35:00,20.0,0.2703046019562074,0,-0.11,-0.22,-0.11
2014-04-09 06:40:00,20.0,0.270270017478463,0,-0.11,-0.22,-0.11
2014-04-09 06:45:00,20.0,0.2702363124433026,0,-0.11,-0.22,-0.11
2014-04-09 06:50:00,20.0,0.2702034643698632,0,-0.11,-0.22,-0.11
2014-04-09 06:55:00,20.0,0.2701714513590661,0,-0.11,-0.22,-0.11
2014-04-09 07:00:00,20.0,0.27014025207811576,0,-0.11,-0.22,-0.11
2014-04-09 07:05:00,20.0,0.2701098457454389,0,-0.11,-0.22,-0.11
2014-04-09 07:10:00,20.0,0.27008021211605265,0,-0.11,-0.22,-0.11
2014-04-09 07:15:00,20.0,0.2700513314673451,0,-0.11,-0.22,-0.11
2014-04-09 07:20:00,20.0,0.2700231845852564,0,-0.11,-0.22,-0.11
2014-04-09 07:25:00,20.0,0.2699957527508461,0,-0.11,-0.22,-0.11
2014-04-09 07:30:00,20.0,0.2699690177272375,0,-0.11,-0.22,-0.11
2014-04-09 07:35:00,20.0,0.2699429617469236,0,-0.11,-0.22,-0.11
2014-04-09 07:40:00,20.0,0.269917567499426,0,-0.11,-0.22,-0.11
2014-04-09 07:45:00,20.0,0.2698928181192945,0,-0.11,-0.22,-0.11
2014-04-09 07:50:00,20.0,0.26986869717443696,0,-0.11,-0.22,-0.11
2014-04-09 07:55:00,20.0,0.2698451886547703,0,-0.11,-0.22,-0.11
2014-04-09 08:00:00,20.0,0.2698222769611813,0,-0.11,-0.22,-0.11
2014-04-09 08:05:00,20.0,0.2697999468947901,0,-0.11,-0.22,-0.11
2014-04-09 08:10:00,20.0,0.26977818364650463,0,-0.11,-0.22,-0.11
2014-04-09 08:15:00,20.0,0.26975697278685945,0,-0.11,-0.22,-0.11
2014-04-09 08:20:00,20.0,0.2697363002561297,0,-0.11,-0.22,-0.11
2014-04-09 08:25:00,20.0,0.2697161523547115,0,-0.11,-0.22,-0.11
2014-04-09 08:30:00,20.0,0.26969651573376313,0,-0.11,-0.22,-0.11
2014-04-09 08:35:00,20.0,0.2696773773860953,0,-0.11,-0.22,-0.11
2014-04-09 08:40:00,20.0,0.26965872463730944,0,-0.11,-0.22,-0.11
2014-04-09 08:45:00,20.0,0.2696405451371692,0,-0.11,-0.22,-0.11
2014-04-09 08:50:00,20.0,0.2696228268512061,0,-0.11,-0.22,-0.11
2014-04-09 08:55:00,20.0,0.26960555805254705,0,-0.11,-0.22,-0.11
2014-04-09 09:00:00,80.0,0.9999999999999942,0,-0.11,-0.22,-0.11
2014-04-09 09:05:00,80.0,0.6110084371825264,0,-0.11,-0.22,-0.11
2014-04-09 09:10:00,80.0,0.5034096405911028,0,-0.11,-0.22,-0.11
2014-04-09 09:15:00,80.0,0.4543753938478105,0,-0.11,-0.22,-0.11
2014-04-09 09:20:00,80.0,0.4251440301466077,0,-0.11,-0.22,-0.11
2014-04-09 09:25:00,80.0,0.405247643885565,0,-0.11,-0.22,-0.11
2014-04-09 09:30:00,80.0,0.3905894986966122,0,-0.11,-0.22,-0.11
2014-04-09 09:35:00,80.0,0.3792070226073889,0,-0.11,-0.22,-0.11
2014-04-09 09:40:00,80.0,0.3700305985403449,0,-0.11,-0.22,-0.11
2014-04-09 09:45:00,80.0,0.3624223835345665,0,-0.11,-0.22,-0.11
2014-04-09 09:50:00,80.0,0.35597583426367224,0,-0.11,-0.22,-0.11
2014-04-09 09:55:00,80.0,0.3504181879709746,0,-0.11,-0.22,-0.11
2014-04-09 10:00:00,80.0,0.3455588174378314,0,-0.11,-0.22,-0.11
2014-04-09 10:05:00,80.0,0.34125999440020544,0,-0.11,-0.22,-0.11
2014-04-09 10:10:00,80.0,0.33741942344456066,0,-0.11,-0.22,-0.11
2014-04-09 10:15:00,80.0,0.33395933395525274,0,-0.11,-0.22,-0.11
2014-04-09 10:20:00,80.0,0.33081940895289585,0,-0.11,-0.22,-0.11
2014-04-09 10:25:00,80.0,0.3279520532276638,0,-0.11,-0.22,-0.11
2014-04-09 10:30:00,80.0,0.3253191388899009,0,-0.11,-0.22,-0.11
2014-04-09 10:35:00,80.0,0.32288971292353785,0,-0.11,-0.22,-0.11
2014-04-09 10:40:00,80.0,0.3206383480785873,0,-0.11,-0.22,-0.11
2014-04-09 10:45:00,80.0,0.3185439342449938,0,-0.11,-0.22,-0.11
2014-04-09 10:50:00,80.0,0.31658877779261785,0,-0.11,-0.22,-0.11
2014-04-09 10:55:00,80.0,0.3147579202982579,0,-0.11,-0.22,-0.11
2014-04-09 11:00:00,80.0,0.3130386162153101,0,-0.11,-0.22,-0.11
2014-04-09 11:05:00,80.0,0.31141992746550823,0,-0.11,-0.22,-0.11
2014-04-09 11:10:00,80.0,0.3098924052433209,0,-0.11,-0.22,-0.11
2014-04-09 11:15:00,80.0,0.3084478377025192,0,-0.11,-0.22,-0.11
2014-04-09 11:20:00,80.0,0.30707904799342506,0,-0.11,-0.22,-0.11
2014-04-09 11:25:00,80.0,0.30577973119484964,0,-0.11,-0.22,-0.11
2014-04-09 11:30:00,80.0,0.3045443215896498,0,-0.11,-0.22,-0.11
2014-04-09 11:35:00,80.0,0.30336788383053004,0,-0.11,-0.22,-0.11
2014-04-09 11:40:00,80.0,0.3022460230758601,0,-0.11,-0.22,-0.11
2014-04-09 11:45:00,80.0,0.30117481030842125,0,-0.11,-0.22,-0.11
2014-04-09 11:50:00,80.0,0.30015071989625364,0,-0.11,-0.22,-0.11
2014-04-09 11:55:00,80.0,0.2991705770929721,0,-0.11,-0.22,-0.11
2014-04-09 12:00:00,80.0,0.2982315136605861,0,-0.11,-0.22,-0.11
2014-04-09 12:05:00,80.0,0.2973309301706269,0,-0.11,-0.22,-0.11
2014-04-09 12:10:00,80.0,0.2964664638277933,0,-0.11,-0.22,-0.11
2014-04-09 12:15:00,80.0,0.2956359608851617,0,-0.11,-0.22,-0.11
2014-04-09 12:20:00,80.0,0.2948374528965197,0,-0.11,-0.22,-0.11
2014-04-09 12:25:00,80.0,0.2940691361909057,0,-0.11,-0.22,-0.11
2014-04-09 12:30:00,80.0,0.2933293540654143,0,-0.11,-0.22,-0.11
2014-04-09 12:35:00,80.0,0.2926165812811409,0,-0.11,-0.22,-0.11
2014-04-09 12:40:00,80.0,0.2919294105186129,0,-0.11,-0.22,-0.11
2014-04-09 12:45:00,80.0,0.2912665405068966,0,-0.11,-0.22,-0.11
2014-04-09 12:50:00,80.0,0.29062676558761275,0,-0.11,-0.22,-0.11
2014-04-09 12:55:00,80.0,0.2900089665135526,0,-0.11,-0.22,-0.11
2014-04-09 13:00:00,80.0,0.2894121023131637,0,-0.11,-0.22,-0.11
2014-04-09 13:05:00,80.0,0.2888352030782308,0,-0.11,-0.22,-0.11
2014-04-09 13:10:00,80.0,0.2882773635536603,0,-0.11,-0.22,-0.11
2014-04-09 13:15:00,80.0,0.2877377374262298,0,-0.11,-0.22,-0.11
2014-04-09 13:20:00,80.0,0.2872155322241621,0,-0.11,-0.22,-0.11
2014-04-09 13:25:00,80.0,0.2867100047519517,0,-0.11,-0.22,-0.11
2014-04-09 13:30:00,80.0,0.2862204569954478,0,-0.11,-0.22,-0.11
2014-04-09 13:35:00,80.0,0.2857462324411246,0,-0.11,-0.22,-0.11
2014-04-09 13:40:00,80.0,0.2852867127610377,0,-0.11,-0.22,-0.11
2014-04-09 13:45:00,80.0,0.2848413148213833,0,-0.11,-0.22,-0.11
2014-04-09 13:50:00,80.0,0.2844094879780657,0,-0.11,-0.22,-0.11
2014-04-09 13:55:00,80.0,0.28399071162735123,0,-0.11,-0.22,-0.11
2014-04-09 14:00:00,80.0,0.28358449298371285,0,-0.11,-0.22,-0.11
2014-04-09 14:05:00,80.0,0.28319036506041273,0,-0.11,-0.22,-0.11
2014-04-09 14:10:00,80.0,0.2828078848313534,0,-0.11,-0.22,-0.11
2014-04-09 14:15:00,80.0,0.2824366315552964,0,-0.11,-0.22,-0.11
2014-04-09 14:20:00,80.0,0.28207620524577737,0,-0.11,-0.22,-0.11
2014-04-09 14:25:00,80.0,0.281726225271982,0,-0.11,-0.22,-0.11
2014-04-09 14:30:00,80.0,0.2813863290775328,0,-0.11,-0.22,-0.11
2014-04-09 14:35:00,80.0,0.2810561710056061,0,-0.11,-0.22,-0.11
2014-04-09 14:40:00,80.0,0.2807354212200843,0,-0.11,-0.22,-0.11
2014-04-09 14:45:00,80.0,0.28042376471357633,0,-0.11,-0.22,-0.11
2014-04-09 14:50:00,80.0,0.28012090039412674,0,-0.11,-0.22,-0.11
2014-04-09 14:55:00,80.0,0.2798265402433034,0,-0.11,-0.22,-0.11
2014-04-09 15:00:00,80.0,0.27954040853912393,0,-0.11,-0.22,-0.11
2014-04-09 15:05:00,80.0,0.2792622411379553,0,-0.11,-0.22,-0.11
2014-04-09 15:10:00,80.0,0.2789917848101215,0,-0.11,-0.22,-0.11
2014-04-09 15:15:00,80.0,0.2787287966244847,0,-0.11,-0.22,-0.11
2014-04-09 15:20:00,80.0,0.27847304337773904,0,-0.11,-0.22,-0.11
2014-04-09 15:25:00,80.0,0.2782243010645714,0,-0.11,-0.22,-0.11
2014-04-09 15:30:00,80.0,0.2779823543852208,0,-0.11,-0.22,-0.11
2014-04-09 15:35:00,80.0,0.2777469962872983,0,-0.11,-0.22,-0.11
2014-04-09 15:40:00,80.0,0.2775180275390299,0,-0.11,-0.22,-0.11
2014-04-09 15:45:00,80.0,0.2772952563313463,0,-0.11,-0.22,-0.11
2014-04-09 15:50:00,80.0,0.27707849790648786,0,-0.11,-0.22,-0.11
2014-04-09 15:55:00,80.0,0.2768675742110021,0,-0.11,-0.22,-0.11
2014-04-09 16:00:00,80.0,0.276662313571206,0,-0.11,-0.22,-0.11
2014-04-09 16:05:00,80.0,0.2764625503893567,0,-0.11,-0.22,-0.11
2014-04-09 16:10:00,80.0,0.2762681248589322,0,-0.11,-0.22,-0.11
2014-04-09 16:15:00,80.0,0.27607888269756004,0,-0.11,-0.22,-0.11
2014-04-09 16:20:00,80.0,0.275894674896264,0,-0.11,-0.22,-0.11
2014-04-09 16:25:00,80.0,0.2757153574838088,0,-0.11,-0.22,-0.11
2014-04-09 16:30:00,80.0,0.2755407913050282,0,-0.11,-0.22,-0.11
2014-04-09 16:35:00,80.0,0.2753708418121173,0,-0.11,-0.22,-0.11
2014-04-09 16:40:00,80.0,0.2752053788679522,0,-0.11,-0.22,-0.11
2014-04-09 16:45:00,80.0,0.2750442765605787,0,-0.11,-0.22,-0.11
2014-04-09 16:50:00,80.0,0.2748874130280844,0,-0.11,-0.22,-0.11
2014-04-09 16:55:00,80.0,0.2747346702931263,0,-0.11,-0.22,-0.11
2014-04-09 17:00:00,80.0,0.2745859341064517,0,-0.11,-0.22,-0.11
2014-04-09 17:05:00,80.0,0.27444109379879633,0,-0.11,-0.22,-0.11
2014-04-09 17:10:00,80.0,0.2743000421405986,0,-0.11,-0.22,-0.11
2014-04-09 17:15:00,80.0,0.2741626752090048,0,-0.11,-0.22,-0.11
2014-04-09 17:20:00,80.0,0.2740288922616894,0,-0.11,-0.22,-0.11
2014-04-09 17:25:00,80.0,0.27389859561704444,0,-0.11,-0.22,-0.11
2014-04-09 17:30:00,80.0,0.2737716905403291,0,-0.11,-0.22,-0.11
2014-04-09 17:35:00,80.0,0.27364808513540034,0,-0.11,-0.22,-0.11
2014-04-09 17:40:00,80.0,0.2735276902416747,0,-0.11,-0.22,-0.11
2014-04-09 17:45:00,80.0,0.2734104193359956,0,-0.11,-0.22,-0.11
2014-04-09 17:50:00,80.0,0.2732961884391057,0,-0.11,-0.22,-0.11
2014-04-09 17:55:00,80.0,0.2731849160264467,0,-0.11,-0.22,-0.11
2014-04-09 18:00:00,20.0,0.98672470545675,0,-0.11,-0.22,-0.11
2014-04-09 18:05:00,20.0,0.5984130656168682,0,-0.11,-0.22,-0.11
2014-04-09 18:10:00,20.0,0.4985601669105184,0,-0.11,-0.22,-0.11
2014-04-09 18:15:00,20.0,0.4517019586339162,0,-0.11,-0.22,-0.11
2014-04-09 18:20:00,20.0,0.4234038724750263,0,-0.11,-0.22,-0.11
2014-04-09 18:25:00,20.0,0.4040020193282346,0,-0.11,-0.22,-0.11
2014-04-09 18:30:00,20.0,0.3896414405169961,0,-0.11,-0.22,-0.11
2014-04-09 18:35:00,20.0,0.3784538936931736,0,-0.11,-0.22,-0.11
2014-04-09 18:40:00,20.0,0.3694131768345323,0,-0.11,-0.22,-0.11
2014-04-09 18:45:00,20.0,0.3619038632281193,0,-0.11,-0.22,-0.11
2014-04-09 18:50:00,20.0,0.3555320093061965,0,-0.11,-0.22,-0.11
2014-04-09 18:55:00,20.0,0.35003241311086386,0,-0.11,-0.22,-0.11
2014-04-09 19:00:00,20.0,0.3452192265964673,0,-0.11,-0.22,-0.11
2014-04-09 19:05:00,20.0,0.3409578730910682,0,-0.11,-0.22,-0.11
2014-04-09 19:10:00,20.0,0.3371482098885298,0,-0.11,-0.22,-0.11
2014-04-09 19:15:00,20.0,0.333713981107599,0,-0.11,-0.22,-0.11
2014-04-09 19:20:00,20.0,0.3305959630247675,0,-0.11,-0.22,-0.11
2014-04-09 19:25:00,20.0,0.3277473670259728,0,-0.11,-0.22,-0.11
2014-04-09 19:30:00,20.0,0.32513067186755673,0,-0.11,-0.22,-0.11
2014-04-09 19:35:00,20.0,0.32271538858999194,0,-0.11,-0.22,-0.11
2014-04-09 19:40:00,20.0,0.3204764503058516,0,-0.11,-0.22,-0.11
2014-04-09 19:45:00,20.0,0.3183930305333293,0,-0.11,-0.22,-0.11
2014-04-09 19:50:00,20.0,0.3164476615924378,0,-0.11,-0.22,-0.11
2014-04-09 19:55:00,20.0,0.3146255670408703,0,-0.11,-0.22,-0.11
2014-04-09 20:00:00,20.0,0.3129141493636714,0,-0.11,-0.22,-0.11
2014-04-09 20:05:00,20.0,0.3113025919952282,0,-0.11,-0.22,-0.11
2014-04-09 20:10:00,20.0,0.3097815467065041,0,-0.11,-0.22,-0.11
2014-04-09 20:15:00,20.0,0.3083428855372252,0,-0.11,-0.22,-0.11
2014-04-09 20:20:00,20.0,0.3069795020977956,0,-0.11,-0.22,-0.11
2014-04-09 20:25:00,20.0,0.3056851510373863,0,-0.11,-0.22,-0.11
2014-04-09 20:30:00,20.0,0.3044543173084137,0,-0.11,-0.22,-0.11
2014-04-09 20:35:00,20.0,0.30328210890585844,0,-0.11,-0.22,-0.11
2014-04-09 20:40:00,20.0,0.3021641682581643,0,-0.11,-0.22,-0.11
2014-04-09 20:45:00,20.0,0.3010965985547236,0,-0.11,-0.22,-0.11
2014-04-09 20:50:00,20.0,0.30007590212327184,0,-0.11,-0.22,-0.11
2014-04-09 20:55:00,20.0,0.2990989285955989,0,-0.11,-0.22,-0.11
2014-04-09 21:00:00,20.0,0.29816283107600233,0,-0.11,-0.22,-0.11
2014-04-09 21:05:00,20.0,0.29726502889248685,0,-0.11,-0.22,-0.11
2014-04-09 21:10:00,20.0,0.29640317579372594,0,-0.11,-0.22,-0.11
2014-04-09 21:15:00,20.0,0.295575132675549,0,-0.11,-0.22,-0.11
2014-04-09 21:20:00,20.0,0.294778944094114,0,-0.11,-0.22,-0.11
2014-04-09 21:25:00,20.0,0.2940128179600481,0,-0.11,-0.22,-0.11
2014-04-09 21:30:00,20.0,0.2932751079169629,0,-0.11,-0.22,-0.11
2014-04-09 21:35:00,20.0,0.2925642979951096,0,-0.11,-0.22,-0.11
2014-04-09 21:40:00,20.0,0.29187898920128524,0,-0.11,-0.22,-0.11
2014-04-09 21:45:00,20.0,0.2912178877630394,0,-0.11,-0.22,-0.11
2014-04-09 21:50:00,20.0,0.2905797947915665,0,-0.11,-0.22,-0.11
2014-04-09 21:55:00,20.0,0.28996359716555603,0,-0.11,-0.22,-0.11
2014-04-09 22:00:00,20.0,0.2893682594693981,0,-0.11,-0.22,-0.11
2014-04-09 22:05:00,20.0,0.28879281684482644,0,-0.11,-0.22,-0.11
2014-04-09 22:10:00,20.0,0.2882363686363658,0,-0.11,-0.22,-0.11
2014-04-09 22:15:00,20.0,0.2876980727286658,0,-0.11,-0.22,-0.11
2014-04-09 22:20:00,20.0,0.2871771404885951,0,-0.11,-0.22,-0.11
2014-04-09 22:25:00,20.0,0.28667283223738244,0,-0.11,-0.22,-0.11
2014-04-09 22:30:00,20.0,0.28618445318852803,0,-0.11,-0.22,-0.11
2014-04-09 22:35:00,20.0,0.28571134979602786,0,-0.11,-0.22,-0.11
2014-04-09 22:40:00,20.0,0.28525290646492435,0,-0.11,-0.22,-0.11
2014-04-09 22:45:00,20.0,0.2848085425825444,0,-0.11,-0.22,-0.11
2014-04-09 22:50:00,20.0,0.2843777098342027,0,-0.11,-0.22,-0.11
2014-04-09 22:55:00,20.0,0.28395988977177483,0,-0.11,-0.22,-0.11
2014-04-09 23:00:00,20.0,0.2835545916075163,0,-0.11,-0.22,-0.11
2014-04-09 23:05:00,20.0,0.28316135020891714,0,-0.11,-0.22,-0.11
2014-04-09 23:10:00,20.0,0.2827797242733259,0,-0.11,-0.22,-0.11
2014-04-09 23:15:00,20.0,0.2824092946636206,0,-0.11,-0.22,-0.11
2014-04-09 23:20:00,20.0,0.2820496628884097,0,-0.11,-0.22,-0.11
2014-04-09 23:25:00,20.0,0.28170044971216285,0,-0.11,-0.22,-0.11
2014-04-09 23:30:00,20.0,0.2813612938823368,0,-0.11,-0.22,-0.11
2014-04-09 23:35:00,20.0,0.2810318509620187,0,-0.11,-0.22,-0.11
2014-04-09 23:40:00,20.0,0.2807117922578834,0,-0.11,-0.22,-0.11
2014-04-09 23:45:00,20.0,0.28040080383437177,0,-0.11,-0.22,-0.11
2014-04-09 23:50:00,20.0,0.2800985856059837,0,-0.11,-0.22,-0.11
2014-04-09 23:55:00,20.0,0.2798048505004341,0,-0.11,-0.22,-0.11
2014-04-10 00:00:00,20.0,0.27951932368618776,0,-0.11,-0.22,-0.11
2014-04-10 00:05:00,20.0,0.2792417418585515,0,-0.11,-0.22,-0.11
2014-04-10 00:10:00,20.0,0.27897185257910423,0,-0.11,-0.22,-0.11
2014-04-10 00:15:00,20.0,0.27870941366376595,0,-0.11,-0.22,-0.11
2014-04-10 00:20:00,20.0,0.27845419261527643,0,-0.11,-0.22,-0.11
2014-04-10 00:25:00,20.0,0.2782059660962705,0,-0.11,-0.22,-0.11
2014-04-10 00:30:00,20.0,0.27796451943950523,0,-0.11,-0.22,-0.11
2014-04-10 00:35:00,20.0,0.27772964619212603,0,-0.11,-0.22,-0.11
2014-04-10 00:40:00,20.0,0.2775011476911532,0,-0.11,-0.22,-0.11
2014-04-10 00:45:00,20.0,0.2772788326676341,0,-0.11,-0.22,-0.11
2014-04-10 00:50:00,20.0,0.27706251687714384,0,-0.11,-0.22,-0.11
2014-04-10 00:55:00,20.0,0.27685202275452825,0,-0.11,-0.22,-0.11
2014-04-10 01:00:00,20.0,0.276647179090974,0,-0.11,-0.22,-0.11
2014-04-10 01:05:00,20.0,0.2764478207316629,0,-0.11,-0.22,-0.11
2014-04-10 01:10:00,20.0,0.27625378829242164,0,-0.11,-0.22,-0.11
2014-04-10 01:15:00,20.0,0.2760649278939165,0,-0.11,-0.22,-0.11
2014-04-10 01:20:00,20.0,0.2758810909120701,0,-0.11,-0.22,-0.11
2014-04-10 01:25:00,20.0,0.2757021337434894,0,-0.11,-0.22,-0.11
2014-04-10 01:30:00,20.0,0.2755279175847989,0,-0.11,-0.22,-0.11
2014-04-10 01:35:00,20.0,0.2753583082248633,0,-0.11,-0.22,-0.11
2014-04-10 01:40:00,20.0,0.2751931758489722,0,-0.11,-0.22,-0.11
2014-04-10 01:45:00,20.0,0.2750323948541317,0,-0.11,-0.22,-0.11
2014-04-10 01:50:00,20.0,0.27487584367468354,0,-0.11,-0.22,-0.11
2014-04-10 01:55:00,20.0,0.2747234046175279,0,-0.11,-0.22,-0.11
2014-04-10 02:00:00,20.0,0.2745749637062914,0,-0.11,-0.22,-0.11
2014-04-10 02:05:00,20.0,0.2744304105338297,0,-0.11,-0.22,-0.11
2014-04-10 02:10:00,20.0,0.2742896381225036,0,-0.11,-0.22,-0.11
2014-04-10 02:15:00,20.0,0.2741525427917113,0,-0.11,-0.22,-0.11
2014-04-10 02:20:00,20.0,0.2740190240321998,0,-0.11,-0.22,-0.11
2014-04-10 02:25:00,20.0,0.27388898438671394,0,-0.11,-0.22,-0.11
2014-04-10 02:30:00,20.0,0.2737623293365764,0,-0.11,-0.22,-0.11
2014-04-10 02:35:00,20.0,0.2736389671938214,0,-0.11,-0.22,-0.11
2014-04-10 02:40:00,20.0,0.2735188089985347,0,-0.11,-0.22,-0.11
2014-04-10 02:45:00,20.0,0.2734017684210752,0,-0.11,-0.22,-0.11
2014-04-10 02:50:00,20.0,0.2732877616688811,0,-0.11,-0.22,-0.11
2014-04-10 02:55:00,20.0,0.2731767073975816,0,-0.11,-0.22,-0.11
2014-04-10 03:00:00,20.0,0.2730685266261579,0,-0.11,-0.22,-0.11
2014-04-10 03:05:00,20.0,0.2729631426559133,0,-0.11,-0.22,-0.11
2014-04-10 03:10:00,20.0,0.2728604809930316,0,-0.11,-0.22,-0.11
2014-04-10 03:15:00,20.0,0.27276046927451525,0,-0.11,-0.22,-0.11
2014-04-10 03:20:00,20.0,0.2726630371973137,0,-0.11,-0.22,-0.11
2014-04-10 03:25:00,20.0,0.2725681164504597,0,-0.11,-0.22,-0.11
2014-04-10 03:30:00,20.0,0.27247564065005,0,-0.11,-0.22,-0.11
2014-04-10 03:35:00,20.0,0.27238554527691194,0,-0.11,-0.22,-0.11
2014-04-10 03:40:00,20.0,0.2722977676168131,0,-0.11,-0.22,-0.11
2014-04-10 03:45:00,20.0,0.2722122467030768,0,-0.11,-0.22,-0.11
2014-04-10 03:50:00,20.0,0.2721289232614778,0,-0.11,-0.22,-0.11
2014-04-10 03:55:00,20.0,0.2720477396572995,0,-0.11,-0.22,-0.11
2014-04-10 04:00:00,20.0,0.27196863984444164,0,-0.11,-0.22,-0.11
2014-04-10 04:05:00,20.0,0.2718915693164753,0,-0.11,-0.22,-0.11
2014-04-10 04:10:00,20.0,0.2718164750595472,0,-0.11,-0.22,-0.11
2014-04-10 04:15:00,20.0,0.27174330550704323,0,-0.11,-0.22,-0.11
2014-04-10 04:20:00,20.0,0.2716720104959243,0,-0.11,-0.22,-0.11
2014-04-10 04:25:00,20.0,0.2716025412246563,0,-0.11,-0.22,-0.11
2014-04-10 04:30:00,20.0,0.27153485021265705,0,-0.11,-0.22,-0.11
2014-04-10 04:35:00,20.0,0.2714688912611896,0,-0.11,-0.22,-0.11
2014-04-10 04:40:00,20.0,0.27140461941563593,0,-0.11,-0.22,-0.11
2014-04-10 04:45:00,20.0,0.2713419909290884,0,-0.11,-0.22,-0.11
2014-04-10 04:50:00,20.0,0.27128096322719863,0,-0.11,-0.22,-0.11
2014-04-10 04:55:00,20.0,0.27122149487422936,0,-0.11,-0.22,-0.11
2014-04-10 05:00:00,20.0,0.2711635455402554,0,-0.11,-0.22,-0.11
2014-04-10 05:05:00,20.0,0.2711070759694665,0,-0.11,-0.22,-0.11
2014-04-10 05:10:00,20.0,0.2710520479495218,0,-0.11,-0.22,-0.11
2014-04-10 05:15:00,20.0,0.27099842428191473,0,-0.11,-0.22,-0.11
2014-04-10 05:20:00,20.0,0.27094616875330435,0,-0.11,-0.22,-0.11
2014-04-10 05:25:00,20.0,0.27089524610777543,0,-0.11,-0.22,-0.11
2014-04-10 05:30:00,20.0,0.27084562201998674,0,-0.11,-0.22,-0.11
2014-04-10 05:35:00,20.0,0.2707972630691758,0,-0.11,-0.22,-0.11
2014-04-10 05:40:00,20.0,0.270750136713983,0,-0.11,-0.22,-0.11
2014-04-10 05:45:00,20.0,0.2707042112680655,0,-0.11,-0.22,-0.11
2014-04-10 05:50:00,20.0,0.27065945587646817,0,-0.11,-0.22,-0.11
2014-04-10 05:55:00,20.0,0.2706158404927248,0,-0.11,-0.22,-0.11
2014-04-10 06:00:00,20.0,0.27057333585666143,0,-0.11,-0.22,-0.11
2014-04-10 06:05:00,20.0,0.2705319134728748,0,-0.11,-0.22,-0.11
2014-04-10 06:10:00,20.0,0.27049154558986177,0,-0.11,-0.22,-0.11
2014-04-10 06:15:00,20.0,0.27045220517977664,0,-0.11,-0.22,-0.11
2014-04-10 06:20:00,20.0,0.2704138659187925,0,-0.11,-0.22,-0.11
2014-04-10 06:25:00,20.0,0.2703765021680454,0,-0.11,-0.22,-0.11
2014-04-10 06:30:00,20.0,0.2703400889551416,0,-0.11,-0.22,-0.11
2014-04-10 06:35:00,20.0,0.2703046019562074,0,-0.11,-0.22,-0.11
2014-04-10 06:40:00,20.0,0.270270017478463,0,-0.11,-0.22,-0.11
2014-04-10 06:45:00,20.0,0.2702363124433026,0,-0.11,-0.22,-0.11
2014-04-10 06:50:00,20.0,0.2702034643698632,0,-0.11,-0.22,-0.11
2014-04-10 06:55:00,20.0,0.2701714513590661,0,-0.11,-0.22,-0.11
2014-04-10 07:00:00,20.0,0.27014025207811576,0,-0.11,-0.22,-0.11
2014-04-10 07:05:00,20.0,0.2701098457454389,0,-0.11,-0.22,-0.11
2014-04-10 07:10:00,20.0,0.27008021211605265,0,-0.11,-0.22,-0.11
2014-04-10 07:15:00,20.0,0.2700513314673451,0,-0.11,-0.22,-0.11
2014-04-10 07:20:00,20.0,0.2700231845852564,0,-0.11,-0.22,-0.11
2014-04-10 07:25:00,20.0,0.2699957527508461,0,-0.11,-0.22,-0.11
2014-04-10 07:30:00,20.0,0.2699690177272375,0,-0.11,-0.22,-0.11
2014-04-10 07:35:00,20.0,0.2699429617469236,0,-0.11,-0.22,-0.11
2014-04-10 07:40:00,20.0,0.269917567499426,0,-0.11,-0.22,-0.11
2014-04-10 07:45:00,20.0,0.2698928181192945,0,-0.11,-0.22,-0.11
2014-04-10 07:50:00,20.0,0.26986869717443696,0,-0.11,-0.22,-0.11
2014-04-10 07:55:00,20.0,0.2698451886547703,0,-0.11,-0.22,-0.11
2014-04-10 08:00:00,20.0,0.2698222769611813,0,-0.11,-0.22,-0.11
2014-04-10 08:05:00,20.0,0.2697999468947901,0,-0.11,-0.22,-0.11
2014-04-10 08:10:00,20.0,0.26977818364650463,0,-0.11,-0.22,-0.11
2014-04-10 08:15:00,20.0,0.26975697278685945,0,-0.11,-0.22,-0.11
2014-04-10 08:20:00,20.0,0.2697363002561297,0,-0.11,-0.22,-0.11
2014-04-10 08:25:00,20.0,0.2697161523547115,0,-0.11,-0.22,-0.11
2014-04-10 08:30:00,20.0,0.26969651573376313,0,-0.11,-0.22,-0.11
2014-04-10 08:35:00,20.0,0.2696773773860953,0,-0.11,-0.22,-0.11
2014-04-10 08:40:00,20.0,0.26965872463730944,0,-0.11,-0.22,-0.11
2014-04-10 08:45:00,20.0,0.2696405451371692,0,-0.11,-0.22,-0.11
2014-04-10 08:50:00,20.0,0.2696228268512061,0,-0.11,-0.22,-0.11
2014-04-10 08:55:00,20.0,0.26960555805254705,0,-0.11,-0.22,-0.11
2014-04-10 09:00:00,80.0,0.9999999999999942,0,-0.11,-0.22,-0.11
2014-04-10 09:05:00,80.0,0.6110084371825264,0,-0.11,-0.22,-0.11
2014-04-10 09:10:00,80.0,0.5034096405911028,0,-0.11,-0.22,-0.11
2014-04-10 09:15:00,80.0,0.4543753938478105,0,-0.11,-0.22,-0.11
2014-04-10 09:20:00,80.0,0.4251440301466077,0,-0.11,-0.22,-0.11
2014-04-10 09:25:00,80.0,0.405247643885565,0,-0.11,-0.22,-0.11
2014-04-10 09:30:00,80.0,0.3905894986966122,0,-0.11,-0.22,-0.11
2014-04-10 09:35:00,80.0,0.3792070226073889,0,-0.11,-0.22,-0.11
2014-04-10 09:40:00,80.0,0.3700305985403449,0,-0.11,-0.22,-0.11
2014-04-10 09:45:00,80.0,0.3624223835345665,0,-0.11,-0.22,-0.11
2014-04-10 09:50:00,80.0,0.35597583426367224,0,-0.11,-0.22,-0.11
2014-04-10 09:55:00,80.0,0.3504181879709746,0,-0.11,-0.22,-0.11
2014-04-10 10:00:00,80.0,0.3455588174378314,0,-0.11,-0.22,-0.11
2014-04-10 10:05:00,80.0,0.34125999440020544,0,-0.11,-0.22,-0.11
2014-04-10 10:10:00,80.0,0.33741942344456066,0,-0.11,-0.22,-0.11
2014-04-10 10:15:00,80.0,0.33395933395525274,0,-0.11,-0.22,-0.11
2014-04-10 10:20:00,80.0,0.33081940895289585,0,-0.11,-0.22,-0.11
2014-04-10 10:25:00,80.0,0.3279520532276638,0,-0.11,-0.22,-0.11
2014-04-10 10:30:00,80.0,0.3253191388899009,0,-0.11,-0.22,-0.11
2014-04-10 10:35:00,80.0,0.32288971292353785,0,-0.11,-0.22,-0.11
2014-04-10 10:40:00,80.0,0.3206383480785873,0,-0.11,-0.22,-0.11
2014-04-10 10:45:00,80.0,0.3185439342449938,0,-0.11,-0.22,-0.11
2014-04-10 10:50:00,80.0,0.31658877779261785,0,-0.11,-0.22,-0.11
2014-04-10 10:55:00,80.0,0.3147579202982579,0,-0.11,-0.22,-0.11
2014-04-10 11:00:00,80.0,0.3130386162153101,0,-0.11,-0.22,-0.11
2014-04-10 11:05:00,80.0,0.31141992746550823,0,-0.11,-0.22,-0.11
2014-04-10 11:10:00,80.0,0.3098924052433209,0,-0.11,-0.22,-0.11
2014-04-10 11:15:00,80.0,0.3084478377025192,0,-0.11,-0.22,-0.11
2014-04-10 11:20:00,80.0,0.30707904799342506,0,-0.11,-0.22,-0.11
2014-04-10 11:25:00,80.0,0.30577973119484964,0,-0.11,-0.22,-0.11
2014-04-10 11:30:00,80.0,0.3045443215896498,0,-0.11,-0.22,-0.11
2014-04-10 11:35:00,80.0,0.30336788383053004,0,-0.11,-0.22,-0.11
2014-04-10 11:40:00,80.0,0.3022460230758601,0,-0.11,-0.22,-0.11
2014-04-10 11:45:00,80.0,0.30117481030842125,0,-0.11,-0.22,-0.11
2014-04-10 11:50:00,80.0,0.30015071989625364,0,-0.11,-0.22,-0.11
2014-04-10 11:55:00,80.0,0.2991705770929721,0,-0.11,-0.22,-0.11
2014-04-10 12:00:00,80.0,0.2982315136605861,0,-0.11,-0.22,-0.11
2014-04-10 12:05:00,80.0,0.2973309301706269,0,-0.11,-0.22,-0.11
2014-04-10 12:10:00,80.0,0.2964664638277933,0,-0.11,-0.22,-0.11
2014-04-10 12:15:00,80.0,0.2956359608851617,0,-0.11,-0.22,-0.11
2014-04-10 12:20:00,80.0,0.2948374528965197,0,-0.11,-0.22,-0.11
2014-04-10 12:25:00,80.0,0.2940691361909057,0,-0.11,-0.22,-0.11
2014-04-10 12:30:00,80.0,0.2933293540654143,0,-0.11,-0.22,-0.11
2014-04-10 12:35:00,80.0,0.2926165812811409,0,-0.11,-0.22,-0.11
2014-04-10 12:40:00,80.0,0.2919294105186129,0,-0.11,-0.22,-0.11
2014-04-10 12:45:00,80.0,0.2912665405068966,0,-0.11,-0.22,-0.11
2014-04-10 12:50:00,80.0,0.29062676558761275,0,-0.11,-0.22,-0.11
2014-04-10 12:55:00,80.0,0.2900089665135526,0,-0.11,-0.22,-0.11
2014-04-10 13:00:00,80.0,0.2894121023131637,0,-0.11,-0.22,-0.11
2014-04-10 13:05:00,80.0,0.2888352030782308,0,-0.11,-0.22,-0.11
2014-04-10 13:10:00,80.0,0.2882773635536603,0,-0.11,-0.22,-0.11
2014-04-10 13:15:00,80.0,0.2877377374262298,0,-0.11,-0.22,-0.11
2014-04-10 13:20:00,80.0,0.2872155322241621,0,-0.11,-0.22,-0.11
2014-04-10 13:25:00,80.0,0.2867100047519517,0,-0.11,-0.22,-0.11
2014-04-10 13:30:00,80.0,0.2862204569954478,0,-0.11,-0.22,-0.11
2014-04-10 13:35:00,80.0,0.2857462324411246,0,-0.11,-0.22,-0.11
2014-04-10 13:40:00,80.0,0.2852867127610377,0,-0.11,-0.22,-0.11
2014-04-10 13:45:00,80.0,0.2848413148213833,0,-0.11,-0.22,-0.11
2014-04-10 13:50:00,80.0,0.2844094879780657,0,-0.11,-0.22,-0.11
2014-04-10 13:55:00,80.0,0.28399071162735123,0,-0.11,-0.22,-0.11
2014-04-10 14:00:00,80.0,0.28358449298371285,0,-0.11,-0.22,-0.11
2014-04-10 14:05:00,80.0,0.28319036506041273,0,-0.11,-0.22,-0.11
2014-04-10 14:10:00,80.0,0.2828078848313534,0,-0.11,-0.22,-0.11
2014-04-10 14:15:00,80.0,0.2824366315552964,0,-0.11,-0.22,-0.11
2014-04-10 14:20:00,80.0,0.28207620524577737,0,-0.11,-0.22,-0.11
2014-04-10 14:25:00,80.0,0.281726225271982,0,-0.11,-0.22,-0.11
2014-04-10 14:30:00,80.0,0.2813863290775328,0,-0.11,-0.22,-0.11
2014-04-10 14:35:00,80.0,0.2810561710056061,0,-0.11,-0.22,-0.11
2014-04-10 14:40:00,80.0,0.2807354212200843,0,-0.11,-0.22,-0.11
2014-04-10 14:45:00,80.0,0.28042376471357633,0,-0.11,-0.22,-0.11
2014-04-10 14:50:00,80.0,0.28012090039412674,0,-0.11,-0.22,-0.11
2014-04-10 14:55:00,80.0,0.2798265402433034,0,-0.11,-0.22,-0.11
2014-04-10 15:00:00,80.0,0.27954040853912393,0,-0.11,-0.22,-0.11
2014-04-10 15:05:00,80.0,0.2792622411379553,0,-0.11,-0.22,-0.11
2014-04-10 15:10:00,80.0,0.2789917848101215,0,-0.11,-0.22,-0.11
2014-04-10 15:15:00,80.0,0.2787287966244847,0,-0.11,-0.22,-0.11
2014-04-10 15:20:00,80.0,0.27847304337773904,0,-0.11,-0.22,-0.11
2014-04-10 15:25:00,80.0,0.2782243010645714,0,-0.11,-0.22,-0.11
2014-04-10 15:30:00,80.0,0.2779823543852208,0,-0.11,-0.22,-0.11
2014-04-10 15:35:00,80.0,0.2777469962872983,0,-0.11,-0.22,-0.11
2014-04-10 15:40:00,80.0,0.2775180275390299,0,-0.11,-0.22,-0.11
2014-04-10 15:45:00,80.0,0.2772952563313463,0,-0.11,-0.22,-0.11
2014-04-10 15:50:00,80.0,0.27707849790648786,0,-0.11,-0.22,-0.11
2014-04-10 15:55:00,80.0,0.2768675742110021,0,-0.11,-0.22,-0.11
2014-04-10 16:00:00,80.0,0.276662313571206,0,-0.11,-0.22,-0.11
2014-04-10 16:05:00,80.0,0.2764625503893567,0,-0.11,-0.22,-0.11
2014-04-10 16:10:00,80.0,0.2762681248589322,0,-0.11,-0.22,-0.11
2014-04-10 16:15:00,80.0,0.27607888269756004,0,-0.11,-0.22,-0.11
2014-04-10 16:20:00,80.0,0.275894674896264,0,-0.11,-0.22,-0.11
2014-04-10 16:25:00,80.0,0.2757153574838088,0,-0.11,-0.22,-0.11
2014-04-10 16:30:00,80.0,0.2755407913050282,0,-0.11,-0.22,-0.11
2014-04-10 16:35:00,80.0,0.2753708418121173,0,-0.11,-0.22,-0.11
2014-04-10 16:40:00,80.0,0.2752053788679522,0,-0.11,-0.22,-0.11
2014-04-10 16:45:00,80.0,0.2750442765605787,0,-0.11,-0.22,-0.11
2014-04-10 16:50:00,80.0,0.2748874130280844,0,-0.11,-0.22,-0.11
2014-04-10 16:55:00,80.0,0.2747346702931263,0,-0.11,-0.22,-0.11
2014-04-10 17:00:00,80.0,0.2745859341064517,0,-0.11,-0.22,-0.11
2014-04-10 17:05:00,80.0,0.27444109379879633,0,-0.11,-0.22,-0.11
2014-04-10 17:10:00,80.0,0.2743000421405986,0,-0.11,-0.22,-0.11
2014-04-10 17:15:00,80.0,0.2741626752090048,0,-0.11,-0.22,-0.11
2014-04-10 17:20:00,80.0,0.2740288922616894,0,-0.11,-0.22,-0.11
2014-04-10 17:25:00,80.0,0.27389859561704444,0,-0.11,-0.22,-0.11
2014-04-10 17:30:00,80.0,0.2737716905403291,0,-0.11,-0.22,-0.11
2014-04-10 17:35:00,80.0,0.27364808513540034,0,-0.11,-0.22,-0.11
2014-04-10 17:40:00,80.0,0.2735276902416747,0,-0.11,-0.22,-0.11
2014-04-10 17:45:00,80.0,0.2734104193359956,0,-0.11,-0.22,-0.11
2014-04-10 17:50:00,80.0,0.2732961884391057,0,-0.11,-0.22,-0.11
2014-04-10 17:55:00,80.0,0.2731849160264467,0,-0.11,-0.22,-0.11
2014-04-10 18:00:00,20.0,0.98672470545675,0,-0.11,-0.22,-0.11
2014-04-10 18:05:00,20.0,0.5984130656168682,0,-0.11,-0.22,-0.11
2014-04-10 18:10:00,20.0,0.4985601669105184,0,-0.11,-0.22,-0.11
2014-04-10 18:15:00,20.0,0.4517019586339162,0,-0.11,-0.22,-0.11
2014-04-10 18:20:00,20.0,0.4234038724750263,0,-0.11,-0.22,-0.11
2014-04-10 18:25:00,20.0,0.4040020193282346,0,-0.11,-0.22,-0.11
2014-04-10 18:30:00,20.0,0.3896414405169961,0,-0.11,-0.22,-0.11
2014-04-10 18:35:00,20.0,0.3784538936931736,0,-0.11,-0.22,-0.11
2014-04-10 18:40:00,20.0,0.3694131768345323,0,-0.11,-0.22,-0.11
2014-04-10 18:45:00,20.0,0.3619038632281193,0,-0.11,-0.22,-0.11
2014-04-10 18:50:00,20.0,0.3555320093061965,0,-0.11,-0.22,-0.11
2014-04-10 18:55:00,20.0,0.35003241311086386,0,-0.11,-0.22,-0.11
2014-04-10 19:00:00,20.0,0.3452192265964673,0,-0.11,-0.22,-0.11
2014-04-10 19:05:00,20.0,0.3409578730910682,0,-0.11,-0.22,-0.11
2014-04-10 19:10:00,20.0,0.3371482098885298,0,-0.11,-0.22,-0.11
2014-04-10 19:15:00,20.0,0.333713981107599,0,-0.11,-0.22,-0.11
2014-04-10 19:20:00,20.0,0.3305959630247675,0,-0.11,-0.22,-0.11
2014-04-10 19:25:00,20.0,0.3277473670259728,0,-0.11,-0.22,-0.11
2014-04-10 19:30:00,20.0,0.32513067186755673,0,-0.11,-0.22,-0.11
2014-04-10 19:35:00,20.0,0.32271538858999194,0,-0.11,-0.22,-0.11
2014-04-10 19:40:00,20.0,0.3204764503058516,0,-0.11,-0.22,-0.11
2014-04-10 19:45:00,20.0,0.3183930305333293,0,-0.11,-0.22,-0.11
2014-04-10 19:50:00,20.0,0.3164476615924378,0,-0.11,-0.22,-0.11
2014-04-10 19:55:00,20.0,0.3146255670408703,0,-0.11,-0.22,-0.11
2014-04-10 20:00:00,20.0,0.3129141493636714,0,-0.11,-0.22,-0.11
2014-04-10 20:05:00,20.0,0.3113025919952282,0,-0.11,-0.22,-0.11
2014-04-10 20:10:00,20.0,0.3097815467065041,0,-0.11,-0.22,-0.11
2014-04-10 20:15:00,20.0,0.3083428855372252,0,-0.11,-0.22,-0.11
2014-04-10 20:20:00,20.0,0.3069795020977956,0,-0.11,-0.22,-0.11
2014-04-10 20:25:00,20.0,0.3056851510373863,0,-0.11,-0.22,-0.11
2014-04-10 20:30:00,20.0,0.3044543173084137,0,-0.11,-0.22,-0.11
2014-04-10 20:35:00,20.0,0.30328210890585844,0,-0.11,-0.22,-0.11
2014-04-10 20:40:00,20.0,0.3021641682581643,0,-0.11,-0.22,-0.11
2014-04-10 20:45:00,20.0,0.3010965985547236,0,-0.11,-0.22,-0.11
2014-04-10 20:50:00,20.0,0.30007590212327184,0,-0.11,-0.22,-0.11
2014-04-10 20:55:00,20.0,0.2990989285955989,0,-0.11,-0.22,-0.11
2014-04-10 21:00:00,20.0,0.29816283107600233,0,-0.11,-0.22,-0.11
2014-04-10 21:05:00,20.0,0.29726502889248685,0,-0.11,-0.22,-0.11
2014-04-10 21:10:00,20.0,0.29640317579372594,0,-0.11,-0.22,-0.11
2014-04-10 21:15:00,20.0,0.295575132675549,0,-0.11,-0.22,-0.11
2014-04-10 21:20:00,20.0,0.294778944094114,0,-0.11,-0.22,-0.11
2014-04-10 21:25:00,20.0,0.2940128179600481,0,-0.11,-0.22,-0.11
2014-04-10 21:30:00,20.0,0.2932751079169629,0,-0.11,-0.22,-0.11
2014-04-10 21:35:00,20.0,0.2925642979951096,0,-0.11,-0.22,-0.11
2014-04-10 21:40:00,20.0,0.29187898920128524,0,-0.11,-0.22,-0.11
2014-04-10 21:45:00,20.0,0.2912178877630394,0,-0.11,-0.22,-0.11
2014-04-10 21:50:00,20.0,0.2905797947915665,0,-0.11,-0.22,-0.11
2014-04-10 21:55:00,20.0,0.28996359716555603,0,-0.11,-0.22,-0.11
2014-04-10 22:00:00,20.0,0.2893682594693981,0,-0.11,-0.22,-0.11
2014-04-10 22:05:00,20.0,0.28879281684482644,0,-0.11,-0.22,-0.11
2014-04-10 22:10:00,20.0,0.2882363686363658,0,-0.11,-0.22,-0.11
2014-04-10 22:15:00,20.0,0.2876980727286658,0,-0.11,-0.22,-0.11
2014-04-10 22:20:00,20.0,0.2871771404885951,0,-0.11,-0.22,-0.11
2014-04-10 22:25:00,20.0,0.28667283223738244,0,-0.11,-0.22,-0.11
2014-04-10 22:30:00,20.0,0.28618445318852803,0,-0.11,-0.22,-0.11
2014-04-10 22:35:00,20.0,0.28571134979602786,0,-0.11,-0.22,-0.11
2014-04-10 22:40:00,20.0,0.28525290646492435,0,-0.11,-0.22,-0.11
2014-04-10 22:45:00,20.0,0.2848085425825444,0,-0.11,-0.22,-0.11
2014-04-10 22:50:00,20.0,0.2843777098342027,0,-0.11,-0.22,-0.11
2014-04-10 22:55:00,20.0,0.28395988977177483,0,-0.11,-0.22,-0.11
2014-04-10 23:00:00,20.0,0.2835545916075163,0,-0.11,-0.22,-0.11
2014-04-10 23:05:00,20.0,0.28316135020891714,0,-0.11,-0.22,-0.11
2014-04-10 23:10:00,20.0,0.2827797242733259,0,-0.11,-0.22,-0.11
2014-04-10 23:15:00,20.0,0.2824092946636206,0,-0.11,-0.22,-0.11
2014-04-10 23:20:00,20.0,0.2820496628884097,0,-0.11,-0.22,-0.11
2014-04-10 23:25:00,20.0,0.28170044971216285,0,-0.11,-0.22,-0.11
2014-04-10 23:30:00,20.0,0.2813612938823368,0,-0.11,-0.22,-0.11
2014-04-10 23:35:00,20.0,0.2810318509620187,0,-0.11,-0.22,-0.11
2014-04-10 23:40:00,20.0,0.2807117922578834,0,-0.11,-0.22,-0.11
2014-04-10 23:45:00,20.0,0.28040080383437177,0,-0.11,-0.22,-0.11
2014-04-10 23:50:00,20.0,0.2800985856059837,0,-0.11,-0.22,-0.11
2014-04-10 23:55:00,20.0,0.2798048505004341,0,-0.11,-0.22,-0.11
2014-04-11 00:00:00,20.0,0.27951932368618776,0,-0.11,-0.22,-0.11
2014-04-11 00:05:00,20.0,0.2792417418585515,0,-0.11,-0.22,-0.11
2014-04-11 00:10:00,20.0,0.27897185257910423,0,-0.11,-0.22,-0.11
2014-04-11 00:15:00,20.0,0.27870941366376595,0,-0.11,-0.22,-0.11
2014-04-11 00:20:00,20.0,0.27845419261527643,0,-0.11,-0.22,-0.11
2014-04-11 00:25:00,20.0,0.2782059660962705,0,-0.11,-0.22,-0.11
2014-04-11 00:30:00,20.0,0.27796451943950523,0,-0.11,-0.22,-0.11
2014-04-11 00:35:00,20.0,0.27772964619212603,0,-0.11,-0.22,-0.11
2014-04-11 00:40:00,20.0,0.2775011476911532,0,-0.11,-0.22,-0.11
2014-04-11 00:45:00,20.0,0.2772788326676341,0,-0.11,-0.22,-0.11
2014-04-11 00:50:00,20.0,0.27706251687714384,0,-0.11,-0.22,-0.11
2014-04-11 00:55:00,20.0,0.27685202275452825,0,-0.11,-0.22,-0.11
2014-04-11 01:00:00,20.0,0.276647179090974,0,-0.11,-0.22,-0.11
2014-04-11 01:05:00,20.0,0.2764478207316629,0,-0.11,-0.22,-0.11
2014-04-11 01:10:00,20.0,0.27625378829242164,0,-0.11,-0.22,-0.11
2014-04-11 01:15:00,20.0,0.2760649278939165,0,-0.11,-0.22,-0.11
2014-04-11 01:20:00,20.0,0.2758810909120701,0,-0.11,-0.22,-0.11
2014-04-11 01:25:00,20.0,0.2757021337434894,0,-0.11,-0.22,-0.11
2014-04-11 01:30:00,20.0,0.2755279175847989,0,-0.11,-0.22,-0.11
2014-04-11 01:35:00,20.0,0.2753583082248633,0,-0.11,-0.22,-0.11
2014-04-11 01:40:00,20.0,0.2751931758489722,0,-0.11,-0.22,-0.11
2014-04-11 01:45:00,20.0,0.2750323948541317,0,-0.11,-0.22,-0.11
2014-04-11 01:50:00,20.0,0.27487584367468354,0,-0.11,-0.22,-0.11
2014-04-11 01:55:00,20.0,0.2747234046175279,0,-0.11,-0.22,-0.11
2014-04-11 02:00:00,20.0,0.2745749637062914,0,-0.11,-0.22,-0.11
2014-04-11 02:05:00,20.0,0.2744304105338297,0,-0.11,-0.22,-0.11
2014-04-11 02:10:00,20.0,0.2742896381225036,0,-0.11,-0.22,-0.11
2014-04-11 02:15:00,20.0,0.2741525427917113,0,-0.11,-0.22,-0.11
2014-04-11 02:20:00,20.0,0.2740190240321998,0,-0.11,-0.22,-0.11
2014-04-11 02:25:00,20.0,0.27388898438671394,0,-0.11,-0.22,-0.11
2014-04-11 02:30:00,20.0,0.2737623293365764,0,-0.11,-0.22,-0.11
2014-04-11 02:35:00,20.0,0.2736389671938214,0,-0.11,-0.22,-0.11
2014-04-11 02:40:00,20.0,0.2735188089985347,0,-0.11,-0.22,-0.11
2014-04-11 02:45:00,20.0,0.2734017684210752,0,-0.11,-0.22,-0.11
2014-04-11 02:50:00,20.0,0.2732877616688811,0,-0.11,-0.22,-0.11
2014-04-11 02:55:00,20.0,0.2731767073975816,0,-0.11,-0.22,-0.11
2014-04-11 03:00:00,20.0,0.2730685266261579,0,-0.11,-0.22,-0.11
2014-04-11 03:05:00,20.0,0.2729631426559133,0,-0.11,-0.22,-0.11
2014-04-11 03:10:00,20.0,0.2728604809930316,0,-0.11,-0.22,-0.11
2014-04-11 03:15:00,20.0,0.27276046927451525,0,-0.11,-0.22,-0.11
2014-04-11 03:20:00,20.0,0.2726630371973137,0,-0.11,-0.22,-0.11
2014-04-11 03:25:00,20.0,0.2725681164504597,0,-0.11,-0.22,-0.11
2014-04-11 03:30:00,20.0,0.27247564065005,0,-0.11,-0.22,-0.11
2014-04-11 03:35:00,20.0,0.27238554527691194,0,-0.11,-0.22,-0.11
2014-04-11 03:40:00,20.0,0.2722977676168131,0,-0.11,-0.22,-0.11
2014-04-11 03:45:00,20.0,0.2722122467030768,0,-0.11,-0.22,-0.11
2014-04-11 03:50:00,20.0,0.2721289232614778,0,-0.11,-0.22,-0.11
2014-04-11 03:55:00,20.0,0.2720477396572995,0,-0.11,-0.22,-0.11
2014-04-11 04:00:00,20.0,0.27196863984444164,0,-0.11,-0.22,-0.11
2014-04-11 04:05:00,20.0,0.2718915693164753,0,-0.11,-0.22,-0.11
2014-04-11 04:10:00,20.0,0.2718164750595472,0,-0.11,-0.22,-0.11
2014-04-11 04:15:00,20.0,0.27174330550704323,0,-0.11,-0.22,-0.11
2014-04-11 04:20:00,20.0,0.2716720104959243,0,-0.11,-0.22,-0.11
2014-04-11 04:25:00,20.0,0.2716025412246563,0,-0.11,-0.22,-0.11
2014-04-11 04:30:00,20.0,0.27153485021265705,0,-0.11,-0.22,-0.11
2014-04-11 04:35:00,20.0,0.2714688912611896,0,-0.11,-0.22,-0.11
2014-04-11 04:40:00,20.0,0.27140461941563593,0,-0.11,-0.22,-0.11
2014-04-11 04:45:00,20.0,0.2713419909290884,0,-0.11,-0.22,-0.11
2014-04-11 04:50:00,20.0,0.27128096322719863,0,-0.11,-0.22,-0.11
2014-04-11 04:55:00,20.0,0.27122149487422936,0,-0.11,-0.22,-0.11
2014-04-11 05:00:00,20.0,0.2711635455402554,0,-0.11,-0.22,-0.11
2014-04-11 05:05:00,20.0,0.2711070759694665,0,-0.11,-0.22,-0.11
2014-04-11 05:10:00,20.0,0.2710520479495218,0,-0.11,-0.22,-0.11
2014-04-11 05:15:00,20.0,0.27099842428191473,0,-0.11,-0.22,-0.11
2014-04-11 05:20:00,20.0,0.27094616875330435,0,-0.11,-0.22,-0.11
2014-04-11 05:25:00,20.0,0.27089524610777543,0,-0.11,-0.22,-0.11
2014-04-11 05:30:00,20.0,0.27084562201998674,0,-0.11,-0.22,-0.11
2014-04-11 05:35:00,20.0,0.2707972630691758,0,-0.11,-0.22,-0.11
2014-04-11 05:40:00,20.0,0.270750136713983,0,-0.11,-0.22,-0.11
2014-04-11 05:45:00,20.0,0.2707042112680655,0,-0.11,-0.22,-0.11
2014-04-11 05:50:00,20.0,0.27065945587646817,0,-0.11,-0.22,-0.11
2014-04-11 05:55:00,20.0,0.2706158404927248,0,-0.11,-0.22,-0.11
2014-04-11 06:00:00,20.0,0.27057333585666143,0,-0.11,-0.22,-0.11
2014-04-11 06:05:00,20.0,0.2705319134728748,0,-0.11,-0.22,-0.11
2014-04-11 06:10:00,20.0,0.27049154558986177,0,-0.11,-0.22,-0.11
2014-04-11 06:15:00,20.0,0.27045220517977664,0,-0.11,-0.22,-0.11
2014-04-11 06:20:00,20.0,0.2704138659187925,0,-0.11,-0.22,-0.11
2014-04-11 06:25:00,20.0,0.2703765021680454,0,-0.11,-0.22,-0.11
2014-04-11 06:30:00,20.0,0.2703400889551416,0,-0.11,-0.22,-0.11
2014-04-11 06:35:00,20.0,0.2703046019562074,0,-0.11,-0.22,-0.11
2014-04-11 06:40:00,20.0,0.270270017478463,0,-0.11,-0.22,-0.11
2014-04-11 06:45:00,20.0,0.2702363124433026,0,-0.11,-0.22,-0.11
2014-04-11 06:50:00,20.0,0.2702034643698632,0,-0.11,-0.22,-0.11
2014-04-11 06:55:00,20.0,0.2701714513590661,0,-0.11,-0.22,-0.11
2014-04-11 07:00:00,20.0,0.27014025207811576,0,-0.11,-0.22,-0.11
2014-04-11 07:05:00,20.0,0.2701098457454389,0,-0.11,-0.22,-0.11
2014-04-11 07:10:00,20.0,0.27008021211605265,0,-0.11,-0.22,-0.11
2014-04-11 07:15:00,20.0,0.2700513314673451,0,-0.11,-0.22,-0.11
2014-04-11 07:20:00,20.0,0.2700231845852564,0,-0.11,-0.22,-0.11
2014-04-11 07:25:00,20.0,0.2699957527508461,0,-0.11,-0.22,-0.11
2014-04-11 07:30:00,20.0,0.2699690177272375,0,-0.11,-0.22,-0.11
2014-04-11 07:35:00,20.0,0.2699429617469236,0,-0.11,-0.22,-0.11
2014-04-11 07:40:00,20.0,0.269917567499426,0,-0.11,-0.22,-0.11
2014-04-11 07:45:00,20.0,0.2698928181192945,0,-0.11,-0.22,-0.11
2014-04-11 07:50:00,20.0,0.26986869717443696,0,-0.11,-0.22,-0.11
2014-04-11 07:55:00,20.0,0.2698451886547703,0,-0.11,-0.22,-0.11
2014-04-11 08:00:00,20.0,0.2698222769611813,0,-0.11,-0.22,-0.11
2014-04-11 08:05:00,20.0,0.2697999468947901,0,-0.11,-0.22,-0.11
2014-04-11 08:10:00,20.0,0.26977818364650463,0,-0.11,-0.22,-0.11
2014-04-11 08:15:00,20.0,0.26975697278685945,0,-0.11,-0.22,-0.11
2014-04-11 08:20:00,20.0,0.2697363002561297,0,-0.11,-0.22,-0.11
2014-04-11 08:25:00,20.0,0.2697161523547115,0,-0.11,-0.22,-0.11
2014-04-11 08:30:00,20.0,0.26969651573376313,0,-0.11,-0.22,-0.11
2014-04-11 08:35:00,20.0,0.2696773773860953,0,-0.11,-0.22,-0.11
2014-04-11 08:40:00,20.0,0.26965872463730944,0,-0.11,-0.22,-0.11
2014-04-11 08:45:00,20.0,0.2696405451371692,0,-0.11,-0.22,-0.11
2014-04-11 08:50:00,20.0,0.2696228268512061,0,-0.11,-0.22,-0.11
2014-04-11 08:55:00,20.0,0.26960555805254705,0,-0.11,-0.22,-0.11
2014-04-11 09:00:00,80.0,0.9999999999999942,0,-0.11,-0.22,-0.11
2014-04-11 09:05:00,80.0,0.6110084371825264,0,-0.11,-0.22,-0.11
2014-04-11 09:10:00,80.0,0.5034096405911028,0,-0.11,-0.22,-0.11
2014-04-11 09:15:00,80.0,0.4543753938478105,0,-0.11,-0.22,-0.11
2014-04-11 09:20:00,80.0,0.4251440301466077,0,-0.11,-0.22,-0.11
2014-04-11 09:25:00,80.0,0.405247643885565,0,-0.11,-0.22,-0.11
2014-04-11 09:30:00,80.0,0.3905894986966122,0,-0.11,-0.22,-0.11
2014-04-11 09:35:00,80.0,0.3792070226073889,0,-0.11,-0.22,-0.11
2014-04-11 09:40:00,80.0,0.3700305985403449,0,-0.11,-0.22,-0.11
2014-04-11 09:45:00,80.0,0.3624223835345665,0,-0.11,-0.22,-0.11
2014-04-11 09:50:00,80.0,0.35597583426367224,0,-0.11,-0.22,-0.11
2014-04-11 09:55:00,80.0,0.3504181879709746,0,-0.11,-0.22,-0.11
2014-04-11 10:00:00,80.0,0.3455588174378314,0,-0.11,-0.22,-0.11
2014-04-11 10:05:00,80.0,0.34125999440020544,0,-0.11,-0.22,-0.11
2014-04-11 10:10:00,80.0,0.33741942344456066,0,-0.11,-0.22,-0.11
2014-04-11 10:15:00,80.0,0.33395933395525274,0,-0.11,-0.22,-0.11
2014-04-11 10:20:00,80.0,0.33081940895289585,0,-0.11,-0.22,-0.11
2014-04-11 10:25:00,80.0,0.3279520532276638,0,-0.11,-0.22,-0.11
2014-04-11 10:30:00,80.0,0.3253191388899009,0,-0.11,-0.22,-0.11
2014-04-11 10:35:00,80.0,0.32288971292353785,0,-0.11,-0.22,-0.11
2014-04-11 10:40:00,80.0,0.3206383480785873,0,-0.11,-0.22,-0.11
2014-04-11 10:45:00,80.0,0.3185439342449938,0,-0.11,-0.22,-0.11
2014-04-11 10:50:00,80.0,0.31658877779261785,0,-0.11,-0.22,-0.11
2014-04-11 10:55:00,80.0,0.3147579202982579,0,-0.11,-0.22,-0.11
2014-04-11 11:00:00,80.0,0.3130386162153101,0,-0.11,-0.22,-0.11
2014-04-11 11:05:00,80.0,0.31141992746550823,0,-0.11,-0.22,-0.11
2014-04-11 11:10:00,80.0,0.3098924052433209,0,-0.11,-0.22,-0.11
2014-04-11 11:15:00,80.0,0.3084478377025192,0,-0.11,-0.22,-0.11
2014-04-11 11:20:00,80.0,0.30707904799342506,0,-0.11,-0.22,-0.11
2014-04-11 11:25:00,80.0,0.30577973119484964,0,-0.11,-0.22,-0.11
2014-04-11 11:30:00,80.0,0.3045443215896498,0,-0.11,-0.22,-0.11
2014-04-11 11:35:00,80.0,0.30336788383053004,0,-0.11,-0.22,-0.11
2014-04-11 11:40:00,80.0,0.3022460230758601,0,-0.11,-0.22,-0.11
2014-04-11 11:45:00,80.0,0.30117481030842125,0,-0.11,-0.22,-0.11
2014-04-11 11:50:00,80.0,0.30015071989625364,0,-0.11,-0.22,-0.11
2014-04-11 11:55:00,80.0,0.2991705770929721,0,-0.11,-0.22,-0.11
2014-04-11 12:00:00,80.0,0.2982315136605861,0,-0.11,-0.22,-0.11
2014-04-11 12:05:00,80.0,0.2973309301706269,0,-0.11,-0.22,-0.11
2014-04-11 12:10:00,80.0,0.2964664638277933,0,-0.11,-0.22,-0.11
2014-04-11 12:15:00,80.0,0.2956359608851617,0,-0.11,-0.22,-0.11
2014-04-11 12:20:00,80.0,0.2948374528965197,0,-0.11,-0.22,-0.11
2014-04-11 12:25:00,80.0,0.2940691361909057,0,-0.11,-0.22,-0.11
2014-04-11 12:30:00,80.0,0.2933293540654143,0,-0.11,-0.22,-0.11
2014-04-11 12:35:00,80.0,0.2926165812811409,0,-0.11,-0.22,-0.11
2014-04-11 12:40:00,80.0,0.2919294105186129,0,-0.11,-0.22,-0.11
2014-04-11 12:45:00,80.0,0.2912665405068966,0,-0.11,-0.22,-0.11
2014-04-11 12:50:00,80.0,0.29062676558761275,0,-0.11,-0.22,-0.11
2014-04-11 12:55:00,80.0,0.2900089665135526,0,-0.11,-0.22,-0.11
2014-04-11 13:00:00,80.0,0.2894121023131637,0,-0.11,-0.22,-0.11
2014-04-11 13:05:00,80.0,0.2888352030782308,0,-0.11,-0.22,-0.11
2014-04-11 13:10:00,80.0,0.2882773635536603,0,-0.11,-0.22,-0.11
2014-04-11 13:15:00,80.0,0.2877377374262298,0,-0.11,-0.22,-0.11
2014-04-11 13:20:00,80.0,0.2872155322241621,0,-0.11,-0.22,-0.11
2014-04-11 13:25:00,80.0,0.2867100047519517,0,-0.11,-0.22,-0.11
2014-04-11 13:30:00,80.0,0.2862204569954478,0,-0.11,-0.22,-0.11
2014-04-11 13:35:00,80.0,0.2857462324411246,0,-0.11,-0.22,-0.11
2014-04-11 13:40:00,80.0,0.2852867127610377,0,-0.11,-0.22,-0.11
2014-04-11 13:45:00,80.0,0.2848413148213833,0,-0.11,-0.22,-0.11
2014-04-11 13:50:00,80.0,0.2844094879780657,0,-0.11,-0.22,-0.11
2014-04-11 13:55:00,80.0,0.28399071162735123,0,-0.11,-0.22,-0.11
2014-04-11 14:00:00,80.0,0.28358449298371285,0,-0.11,-0.22,-0.11
2014-04-11 14:05:00,80.0,0.28319036506041273,0,-0.11,-0.22,-0.11
2014-04-11 14:10:00,80.0,0.2828078848313534,0,-0.11,-0.22,-0.11
2014-04-11 14:15:00,80.0,0.2824366315552964,0,-0.11,-0.22,-0.11
2014-04-11 14:20:00,80.0,0.28207620524577737,0,-0.11,-0.22,-0.11
2014-04-11 14:25:00,80.0,0.281726225271982,0,-0.11,-0.22,-0.11
2014-04-11 14:30:00,80.0,0.2813863290775328,0,-0.11,-0.22,-0.11
2014-04-11 14:35:00,80.0,0.2810561710056061,0,-0.11,-0.22,-0.11
2014-04-11 14:40:00,80.0,0.2807354212200843,0,-0.11,-0.22,-0.11
2014-04-11 14:45:00,80.0,0.28042376471357633,0,-0.11,-0.22,-0.11
2014-04-11 14:50:00,80.0,0.28012090039412674,0,-0.11,-0.22,-0.11
2014-04-11 14:55:00,80.0,0.2798265402433034,0,-0.11,-0.22,-0.11
2014-04-11 15:00:00,80.0,0.27954040853912393,0,-0.11,-0.22,-0.11
2014-04-11 15:05:00,80.0,0.2792622411379553,0,-0.11,-0.22,-0.11
2014-04-11 15:10:00,80.0,0.2789917848101215,0,-0.11,-0.22,-0.11
2014-04-11 15:15:00,80.0,0.2787287966244847,0,-0.11,-0.22,-0.11
2014-04-11 15:20:00,80.0,0.27847304337773904,0,-0.11,-0.22,-0.11
2014-04-11 15:25:00,80.0,0.2782243010645714,0,-0.11,-0.22,-0.11
2014-04-11 15:30:00,80.0,0.2779823543852208,0,-0.11,-0.22,-0.11
2014-04-11 15:35:00,80.0,0.2777469962872983,0,-0.11,-0.22,-0.11
2014-04-11 15:40:00,80.0,0.2775180275390299,0,-0.11,-0.22,-0.11
2014-04-11 15:45:00,80.0,0.2772952563313463,0,-0.11,-0.22,-0.11
2014-04-11 15:50:00,80.0,0.27707849790648786,0,-0.11,-0.22,-0.11
2014-04-11 15:55:00,80.0,0.2768675742110021,0,-0.11,-0.22,-0.11
2014-04-11 16:00:00,80.0,0.276662313571206,0,-0.11,-0.22,-0.11
2014-04-11 16:05:00,80.0,0.2764625503893567,0,-0.11,-0.22,-0.11
2014-04-11 16:10:00,80.0,0.2762681248589322,0,-0.11,-0.22,-0.11
2014-04-11 16:15:00,80.0,0.27607888269756004,0,-0.11,-0.22,-0.11
2014-04-11 16:20:00,80.0,0.275894674896264,0,-0.11,-0.22,-0.11
2014-04-11 16:25:00,80.0,0.2757153574838088,0,-0.11,-0.22,-0.11
2014-04-11 16:30:00,80.0,0.2755407913050282,0,-0.11,-0.22,-0.11
2014-04-11 16:35:00,80.0,0.2753708418121173,0,-0.11,-0.22,-0.11
2014-04-11 16:40:00,80.0,0.2752053788679522,0,-0.11,-0.22,-0.11
2014-04-11 16:45:00,80.0,0.2750442765605787,0,-0.11,-0.22,-0.11
2014-04-11 16:50:00,80.0,0.2748874130280844,0,-0.11,-0.22,-0.11
2014-04-11 16:55:00,80.0,0.2747346702931263,0,-0.11,-0.22,-0.11
2014-04-11 17:00:00,80.0,0.2745859341064517,0,-0.11,-0.22,-0.11
2014-04-11 17:05:00,80.0,0.27444109379879633,0,-0.11,-0.22,-0.11
2014-04-11 17:10:00,80.0,0.2743000421405986,0,-0.11,-0.22,-0.11
2014-04-11 17:15:00,80.0,0.2741626752090048,0,-0.11,-0.22,-0.11
2014-04-11 17:20:00,80.0,0.2740288922616894,0,-0.11,-0.22,-0.11
2014-04-11 17:25:00,80.0,0.27389859561704444,0,-0.11,-0.22,-0.11
2014-04-11 17:30:00,80.0,0.2737716905403291,0,-0.11,-0.22,-0.11
2014-04-11 17:35:00,80.0,0.27364808513540034,0,-0.11,-0.22,-0.11
2014-04-11 17:40:00,80.0,0.2735276902416747,0,-0.11,-0.22,-0.11
2014-04-11 17:45:00,80.0,0.2734104193359956,0,-0.11,-0.22,-0.11
2014-04-11 17:50:00,80.0,0.2732961884391057,0,-0.11,-0.22,-0.11
2014-04-11 17:55:00,80.0,0.2731849160264467,0,-0.11,-0.22,-0.11
2014-04-11 18:00:00,20.0,0.98672470545675,0,-0.11,-0.22,-0.11
2014-04-11 18:05:00,20.0,0.5984130656168682,0,-0.11,-0.22,-0.11
2014-04-11 18:10:00,20.0,0.4985601669105184,0,-0.11,-0.22,-0.11
2014-04-11 18:15:00,20.0,0.4517019586339162,0,-0.11,-0.22,-0.11
2014-04-11 18:20:00,20.0,0.4234038724750263,0,-0.11,-0.22,-0.11
2014-04-11 18:25:00,20.0,0.4040020193282346,0,-0.11,-0.22,-0.11
2014-04-11 18:30:00,20.0,0.3896414405169961,0,-0.11,-0.22,-0.11
2014-04-11 18:35:00,20.0,0.3784538936931736,0,-0.11,-0.22,-0.11
2014-04-11 18:40:00,20.0,0.3694131768345323,0,-0.11,-0.22,-0.11
2014-04-11 18:45:00,20.0,0.3619038632281193,0,-0.11,-0.22,-0.11
2014-04-11 18:50:00,20.0,0.3555320093061965,0,-0.11,-0.22,-0.11
2014-04-11 18:55:00,20.0,0.35003241311086386,0,-0.11,-0.22,-0.11
2014-04-11 19:00:00,20.0,0.3452192265964673,0,-0.11,-0.22,-0.11
2014-04-11 19:05:00,20.0,0.3409578730910682,0,-0.11,-0.22,-0.11
2014-04-11 19:10:00,20.0,0.3371482098885298,0,-0.11,-0.22,-0.11
2014-04-11 19:15:00,20.0,0.333713981107599,0,-0.11,-0.22,-0.11
2014-04-11 19:20:00,20.0,0.3305959630247675,0,-0.11,-0.22,-0.11
2014-04-11 19:25:00,20.0,0.3277473670259728,0,-0.11,-0.22,-0.11
2014-04-11 19:30:00,20.0,0.32513067186755673,0,-0.11,-0.22,-0.11
2014-04-11 19:35:00,20.0,0.32271538858999194,0,-0.11,-0.22,-0.11
2014-04-11 19:40:00,20.0,0.3204764503058516,0,-0.11,-0.22,-0.11
2014-04-11 19:45:00,20.0,0.3183930305333293,0,-0.11,-0.22,-0.11
2014-04-11 19:50:00,20.0,0.3164476615924378,0,-0.11,-0.22,-0.11
2014-04-11 19:55:00,20.0,0.3146255670408703,0,-0.11,-0.22,-0.11
2014-04-11 20:00:00,20.0,0.3129141493636714,0,-0.11,-0.22,-0.11
2014-04-11 20:05:00,20.0,0.3113025919952282,0,-0.11,-0.22,-0.11
2014-04-11 20:10:00,20.0,0.3097815467065041,0,-0.11,-0.22,-0.11
2014-04-11 20:15:00,20.0,0.3083428855372252,0,-0.11,-0.22,-0.11
2014-04-11 20:20:00,20.0,0.3069795020977956,0,-0.11,-0.22,-0.11
2014-04-11 20:25:00,20.0,0.3056851510373863,0,-0.11,-0.22,-0.11
2014-04-11 20:30:00,20.0,0.3044543173084137,0,-0.11,-0.22,-0.11
2014-04-11 20:35:00,20.0,0.30328210890585844,0,-0.11,-0.22,-0.11
2014-04-11 20:40:00,20.0,0.3021641682581643,0,-0.11,-0.22,-0.11
2014-04-11 20:45:00,20.0,0.3010965985547236,0,-0.11,-0.22,-0.11
2014-04-11 20:50:00,20.0,0.30007590212327184,0,-0.11,-0.22,-0.11
2014-04-11 20:55:00,20.0,0.2990989285955989,0,-0.11,-0.22,-0.11
2014-04-11 21:00:00,20.0,0.29816283107600233,0,-0.11,-0.22,-0.11
2014-04-11 21:05:00,20.0,0.29726502889248685,0,-0.11,-0.22,-0.11
2014-04-11 21:10:00,20.0,0.29640317579372594,0,-0.11,-0.22,-0.11
2014-04-11 21:15:00,20.0,0.295575132675549,0,-0.11,-0.22,-0.11
2014-04-11 21:20:00,20.0,0.294778944094114,0,-0.11,-0.22,-0.11
2014-04-11 21:25:00,20.0,0.2940128179600481,0,-0.11,-0.22,-0.11
2014-04-11 21:30:00,20.0,0.2932751079169629,0,-0.11,-0.22,-0.11
2014-04-11 21:35:00,20.0,0.2925642979951096,0,-0.11,-0.22,-0.11
2014-04-11 21:40:00,20.0,0.29187898920128524,0,-0.11,-0.22,-0.11
2014-04-11 21:45:00,20.0,0.2912178877630394,0,-0.11,-0.22,-0.11
2014-04-11 21:50:00,20.0,0.2905797947915665,0,-0.11,-0.22,-0.11
2014-04-11 21:55:00,20.0,0.28996359716555603,0,-0.11,-0.22,-0.11
2014-04-11 22:00:00,20.0,0.2893682594693981,0,-0.11,-0.22,-0.11
2014-04-11 22:05:00,20.0,0.28879281684482644,0,-0.11,-0.22,-0.11
2014-04-11 22:10:00,20.0,0.2882363686363658,0,-0.11,-0.22,-0.11
2014-04-11 22:15:00,20.0,0.2876980727286658,0,-0.11,-0.22,-0.11
2014-04-11 22:20:00,20.0,0.2871771404885951,0,-0.11,-0.22,-0.11
2014-04-11 22:25:00,20.0,0.28667283223738244,0,-0.11,-0.22,-0.11
2014-04-11 22:30:00,20.0,0.28618445318852803,0,-0.11,-0.22,-0.11
2014-04-11 22:35:00,20.0,0.28571134979602786,0,-0.11,-0.22,-0.11
2014-04-11 22:40:00,20.0,0.28525290646492435,0,-0.11,-0.22,-0.11
2014-04-11 22:45:00,20.0,0.2848085425825444,0,-0.11,-0.22,-0.11
2014-04-11 22:50:00,20.0,0.2843777098342027,0,-0.11,-0.22,-0.11
2014-04-11 22:55:00,20.0,0.28395988977177483,0,-0.11,-0.22,-0.11
2014-04-11 23:00:00,20.0,0.2835545916075163,0,-0.11,-0.22,-0.11
2014-04-11 23:05:00,20.0,0.28316135020891714,0,-0.11,-0.22,-0.11
2014-04-11 23:10:00,20.0,0.2827797242733259,0,-0.11,-0.22,-0.11
2014-04-11 23:15:00,20.0,0.2824092946636206,0,-0.11,-0.22,-0.11
2014-04-11 23:20:00,20.0,0.2820496628884097,0,-0.11,-0.22,-0.11
2014-04-11 23:25:00,20.0,0.28170044971216285,0,-0.11,-0.22,-0.11
2014-04-11 23:30:00,20.0,0.2813612938823368,0,-0.11,-0.22,-0.11
2014-04-11 23:35:00,20.0,0.2810318509620187,0,-0.11,-0.22,-0.11
2014-04-11 23:40:00,20.0,0.2807117922578834,0,-0.11,-0.22,-0.11
2014-04-11 23:45:00,20.0,0.28040080383437177,0,-0.11,-0.22,-0.11
2014-04-11 23:50:00,20.0,0.2800985856059837,0,-0.11,-0.22,-0.11
2014-04-11 23:55:00,20.0,0.2798048505004341,0,-0.11,-0.22,-0.11
2014-04-12 00:00:00,20.0,0.27951932368618776,0,-0.11,-0.22,-0.11
2014-04-12 00:05:00,20.0,0.2792417418585515,0,-0.11,-0.22,-0.11
2014-04-12 00:10:00,20.0,0.27897185257910423,0,-0.11,-0.22,-0.11
2014-04-12 00:15:00,20.0,0.27870941366376595,0,-0.11,-0.22,-0.11
2014-04-12 00:20:00,20.0,0.27845419261527643,0,-0.11,-0.22,-0.11
2014-04-12 00:25:00,20.0,0.2782059660962705,0,-0.11,-0.22,-0.11
2014-04-12 00:30:00,20.0,0.27796451943950523,0,-0.11,-0.22,-0.11
2014-04-12 00:35:00,20.0,0.27772964619212603,0,-0.11,-0.22,-0.11
2014-04-12 00:40:00,20.0,0.2775011476911532,0,-0.11,-0.22,-0.11
2014-04-12 00:45:00,20.0,0.2772788326676341,0,-0.11,-0.22,-0.11
2014-04-12 00:50:00,20.0,0.27706251687714384,0,-0.11,-0.22,-0.11
2014-04-12 00:55:00,20.0,0.27685202275452825,0,-0.11,-0.22,-0.11
2014-04-12 01:00:00,20.0,0.276647179090974,0,-0.11,-0.22,-0.11
2014-04-12 01:05:00,20.0,0.2764478207316629,0,-0.11,-0.22,-0.11
2014-04-12 01:10:00,20.0,0.27625378829242164,0,-0.11,-0.22,-0.11
2014-04-12 01:15:00,20.0,0.2760649278939165,0,-0.11,-0.22,-0.11
2014-04-12 01:20:00,20.0,0.2758810909120701,0,-0.11,-0.22,-0.11
2014-04-12 01:25:00,20.0,0.2757021337434894,0,-0.11,-0.22,-0.11
2014-04-12 01:30:00,20.0,0.2755279175847989,0,-0.11,-0.22,-0.11
2014-04-12 01:35:00,20.0,0.2753583082248633,0,-0.11,-0.22,-0.11
2014-04-12 01:40:00,20.0,0.2751931758489722,0,-0.11,-0.22,-0.11
2014-04-12 01:45:00,20.0,0.2750323948541317,0,-0.11,-0.22,-0.11
2014-04-12 01:50:00,20.0,0.27487584367468354,0,-0.11,-0.22,-0.11
2014-04-12 01:55:00,20.0,0.2747234046175279,0,-0.11,-0.22,-0.11
2014-04-12 02:00:00,20.0,0.2745749637062914,0,-0.11,-0.22,-0.11
2014-04-12 02:05:00,20.0,0.2744304105338297,0,-0.11,-0.22,-0.11
2014-04-12 02:10:00,20.0,0.2742896381225036,0,-0.11,-0.22,-0.11
2014-04-12 02:15:00,20.0,0.2741525427917113,0,-0.11,-0.22,-0.11
2014-04-12 02:20:00,20.0,0.2740190240321998,0,-0.11,-0.22,-0.11
2014-04-12 02:25:00,20.0,0.27388898438671394,0,-0.11,-0.22,-0.11
2014-04-12 02:30:00,20.0,0.2737623293365764,0,-0.11,-0.22,-0.11
2014-04-12 02:35:00,20.0,0.2736389671938214,0,-0.11,-0.22,-0.11
2014-04-12 02:40:00,20.0,0.2735188089985347,0,-0.11,-0.22,-0.11
2014-04-12 02:45:00,20.0,0.2734017684210752,0,-0.11,-0.22,-0.11
2014-04-12 02:50:00,20.0,0.2732877616688811,0,-0.11,-0.22,-0.11
2014-04-12 02:55:00,20.0,0.2731767073975816,0,-0.11,-0.22,-0.11
2014-04-12 03:00:00,20.0,0.2730685266261579,0,-0.11,-0.22,-0.11
2014-04-12 03:05:00,20.0,0.2729631426559133,0,-0.11,-0.22,-0.11
2014-04-12 03:10:00,20.0,0.2728604809930316,0,-0.11,-0.22,-0.11
2014-04-12 03:15:00,20.0,0.27276046927451525,0,-0.11,-0.22,-0.11
2014-04-12 03:20:00,20.0,0.2726630371973137,0,-0.11,-0.22,-0.11
2014-04-12 03:25:00,20.0,0.2725681164504597,0,-0.11,-0.22,-0.11
2014-04-12 03:30:00,20.0,0.27247564065005,0,-0.11,-0.22,-0.11
2014-04-12 03:35:00,20.0,0.27238554527691194,0,-0.11,-0.22,-0.11
2014-04-12 03:40:00,20.0,0.2722977676168131,0,-0.11,-0.22,-0.11
2014-04-12 03:45:00,20.0,0.2722122467030768,0,-0.11,-0.22,-0.11
2014-04-12 03:50:00,20.0,0.2721289232614778,0,-0.11,-0.22,-0.11
2014-04-12 03:55:00,20.0,0.2720477396572995,0,-0.11,-0.22,-0.11
2014-04-12 04:00:00,20.0,0.27196863984444164,0,-0.11,-0.22,-0.11
2014-04-12 04:05:00,20.0,0.2718915693164753,0,-0.11,-0.22,-0.11
2014-04-12 04:10:00,20.0,0.2718164750595472,0,-0.11,-0.22,-0.11
2014-04-12 04:15:00,20.0,0.27174330550704323,0,-0.11,-0.22,-0.11
2014-04-12 04:20:00,20.0,0.2716720104959243,0,-0.11,-0.22,-0.11
2014-04-12 04:25:00,20.0,0.2716025412246563,0,-0.11,-0.22,-0.11
2014-04-12 04:30:00,20.0,0.27153485021265705,0,-0.11,-0.22,-0.11
2014-04-12 04:35:00,20.0,0.2714688912611896,0,-0.11,-0.22,-0.11
2014-04-12 04:40:00,20.0,0.27140461941563593,0,-0.11,-0.22,-0.11
2014-04-12 04:45:00,20.0,0.2713419909290884,0,-0.11,-0.22,-0.11
2014-04-12 04:50:00,20.0,0.27128096322719863,0,-0.11,-0.22,-0.11
2014-04-12 04:55:00,20.0,0.27122149487422936,0,-0.11,-0.22,-0.11
2014-04-12 05:00:00,20.0,0.2711635455402554,0,-0.11,-0.22,-0.11
2014-04-12 05:05:00,20.0,0.2711070759694665,0,-0.11,-0.22,-0.11
2014-04-12 05:10:00,20.0,0.2710520479495218,0,-0.11,-0.22,-0.11
2014-04-12 05:15:00,20.0,0.27099842428191473,0,-0.11,-0.22,-0.11
2014-04-12 05:20:00,20.0,0.27094616875330435,0,-0.11,-0.22,-0.11
2014-04-12 05:25:00,20.0,0.27089524610777543,0,-0.11,-0.22,-0.11
2014-04-12 05:30:00,20.0,0.27084562201998674,0,-0.11,-0.22,-0.11
2014-04-12 05:35:00,20.0,0.2707972630691758,0,-0.11,-0.22,-0.11
2014-04-12 05:40:00,20.0,0.270750136713983,0,-0.11,-0.22,-0.11
2014-04-12 05:45:00,20.0,0.2707042112680655,0,-0.11,-0.22,-0.11
2014-04-12 05:50:00,20.0,0.27065945587646817,0,-0.11,-0.22,-0.11
2014-04-12 05:55:00,20.0,0.2706158404927248,0,-0.11,-0.22,-0.11
2014-04-12 06:00:00,20.0,0.27057333585666143,0,-0.11,-0.22,-0.11
2014-04-12 06:05:00,20.0,0.2705319134728748,0,-0.11,-0.22,-0.11
2014-04-12 06:10:00,20.0,0.27049154558986177,0,-0.11,-0.22,-0.11
2014-04-12 06:15:00,20.0,0.27045220517977664,0,-0.11,-0.22,-0.11
2014-04-12 06:20:00,20.0,0.2704138659187925,0,-0.11,-0.22,-0.11
2014-04-12 06:25:00,20.0,0.2703765021680454,0,-0.11,-0.22,-0.11
2014-04-12 06:30:00,20.0,0.2703400889551416,0,-0.11,-0.22,-0.11
2014-04-12 06:35:00,20.0,0.2703046019562074,0,-0.11,-0.22,-0.11
2014-04-12 06:40:00,20.0,0.270270017478463,0,-0.11,-0.22,-0.11
2014-04-12 06:45:00,20.0,0.2702363124433026,0,-0.11,-0.22,-0.11
2014-04-12 06:50:00,20.0,0.2702034643698632,0,-0.11,-0.22,-0.11
2014-04-12 06:55:00,20.0,0.2701714513590661,0,-0.11,-0.22,-0.11
2014-04-12 07:00:00,20.0,0.27014025207811576,0,-0.11,-0.22,-0.11
2014-04-12 07:05:00,20.0,0.2701098457454389,0,-0.11,-0.22,-0.11
2014-04-12 07:10:00,20.0,0.27008021211605265,0,-0.11,-0.22,-0.11
2014-04-12 07:15:00,20.0,0.2700513314673451,0,-0.11,-0.22,-0.11
2014-04-12 07:20:00,20.0,0.2700231845852564,0,-0.11,-0.22,-0.11
2014-04-12 07:25:00,20.0,0.2699957527508461,0,-0.11,-0.22,-0.11
2014-04-12 07:30:00,20.0,0.2699690177272375,0,-0.11,-0.22,-0.11
2014-04-12 07:35:00,20.0,0.2699429617469236,0,-0.11,-0.22,-0.11
2014-04-12 07:40:00,20.0,0.269917567499426,0,-0.11,-0.22,-0.11
2014-04-12 07:45:00,20.0,0.2698928181192945,0,-0.11,-0.22,-0.11
2014-04-12 07:50:00,20.0,0.26986869717443696,0,-0.11,-0.22,-0.11
2014-04-12 07:55:00,20.0,0.2698451886547703,0,-0.11,-0.22,-0.11
2014-04-12 08:00:00,20.0,0.2698222769611813,0,-0.11,-0.22,-0.11
2014-04-12 08:05:00,20.0,0.2697999468947901,0,-0.11,-0.22,-0.11
2014-04-12 08:10:00,20.0,0.26977818364650463,0,-0.11,-0.22,-0.11
2014-04-12 08:15:00,20.0,0.26975697278685945,0,-0.11,-0.22,-0.11
2014-04-12 08:20:00,20.0,0.2697363002561297,0,-0.11,-0.22,-0.11
2014-04-12 08:25:00,20.0,0.2697161523547115,0,-0.11,-0.22,-0.11
2014-04-12 08:30:00,20.0,0.26969651573376313,0,-0.11,-0.22,-0.11
2014-04-12 08:35:00,20.0,0.2696773773860953,0,-0.11,-0.22,-0.11
2014-04-12 08:40:00,20.0,0.26965872463730944,0,-0.11,-0.22,-0.11
2014-04-12 08:45:00,20.0,0.2696405451371692,0,-0.11,-0.22,-0.11
2014-04-12 08:50:00,20.0,0.2696228268512061,0,-0.11,-0.22,-0.11
2014-04-12 08:55:00,20.0,0.26960555805254705,0,-0.11,-0.22,-0.11
2014-04-12 09:00:00,80.0,0.9999999999999942,0,-0.11,-0.22,-0.11
2014-04-12 09:05:00,80.0,0.6110084371825264,0,-0.11,-0.22,-0.11
2014-04-12 09:10:00,80.0,0.5034096405911028,0,-0.11,-0.22,-0.11
2014-04-12 09:15:00,80.0,0.4543753938478105,0,-0.11,-0.22,-0.11
2014-04-12 09:20:00,80.0,0.4251440301466077,0,-0.11,-0.22,-0.11
2014-04-12 09:25:00,80.0,0.405247643885565,0,-0.11,-0.22,-0.11
2014-04-12 09:30:00,80.0,0.3905894986966122,0,-0.11,-0.22,-0.11
2014-04-12 09:35:00,80.0,0.3792070226073889,0,-0.11,-0.22,-0.11
2014-04-12 09:40:00,80.0,0.3700305985403449,0,-0.11,-0.22,-0.11
2014-04-12 09:45:00,80.0,0.3624223835345665,0,-0.11,-0.22,-0.11
2014-04-12 09:50:00,80.0,0.35597583426367224,0,-0.11,-0.22,-0.11
2014-04-12 09:55:00,80.0,0.3504181879709746,0,-0.11,-0.22,-0.11
2014-04-12 10:00:00,80.0,0.3455588174378314,0,-0.11,-0.22,-0.11
2014-04-12 10:05:00,80.0,0.34125999440020544,0,-0.11,-0.22,-0.11
2014-04-12 10:10:00,80.0,0.33741942344456066,0,-0.11,-0.22,-0.11
2014-04-12 10:15:00,80.0,0.33395933395525274,0,-0.11,-0.22,-0.11
2014-04-12 10:20:00,80.0,0.33081940895289585,0,-0.11,-0.22,-0.11
2014-04-12 10:25:00,80.0,0.3279520532276638,0,-0.11,-0.22,-0.11
2014-04-12 10:30:00,80.0,0.3253191388899009,0,-0.11,-0.22,-0.11
2014-04-12 10:35:00,80.0,0.32288971292353785,0,-0.11,-0.22,-0.11
2014-04-12 10:40:00,80.0,0.3206383480785873,0,-0.11,-0.22,-0.11
2014-04-12 10:45:00,80.0,0.3185439342449938,0,-0.11,-0.22,-0.11
2014-04-12 10:50:00,80.0,0.31658877779261785,0,-0.11,-0.22,-0.11
2014-04-12 10:55:00,80.0,0.3147579202982579,0,-0.11,-0.22,-0.11
2014-04-12 11:00:00,80.0,0.3130386162153101,0,-0.11,-0.22,-0.11
2014-04-12 11:05:00,80.0,0.31141992746550823,0,-0.11,-0.22,-0.11
2014-04-12 11:10:00,80.0,0.3098924052433209,0,-0.11,-0.22,-0.11
2014-04-12 11:15:00,80.0,0.3084478377025192,0,-0.11,-0.22,-0.11
2014-04-12 11:20:00,80.0,0.30707904799342506,0,-0.11,-0.22,-0.11
2014-04-12 11:25:00,80.0,0.30577973119484964,0,-0.11,-0.22,-0.11
2014-04-12 11:30:00,80.0,0.3045443215896498,0,-0.11,-0.22,-0.11
2014-04-12 11:35:00,80.0,0.30336788383053004,0,-0.11,-0.22,-0.11
2014-04-12 11:40:00,80.0,0.3022460230758601,0,-0.11,-0.22,-0.11
2014-04-12 11:45:00,80.0,0.30117481030842125,0,-0.11,-0.22,-0.11
2014-04-12 11:50:00,80.0,0.30015071989625364,0,-0.11,-0.22,-0.11
2014-04-12 11:55:00,80.0,0.2991705770929721,0,-0.11,-0.22,-0.11
2014-04-12 12:00:00,80.0,0.2982315136605861,0,-0.11,-0.22,-0.11
2014-04-12 12:05:00,80.0,0.2973309301706269,0,-0.11,-0.22,-0.11
2014-04-12 12:10:00,80.0,0.2964664638277933,0,-0.11,-0.22,-0.11
2014-04-12 12:15:00,80.0,0.2956359608851617,0,-0.11,-0.22,-0.11
2014-04-12 12:20:00,80.0,0.2948374528965197,0,-0.11,-0.22,-0.11
2014-04-12 12:25:00,80.0,0.2940691361909057,0,-0.11,-0.22,-0.11
2014-04-12 12:30:00,80.0,0.2933293540654143,0,-0.11,-0.22,-0.11
2014-04-12 12:35:00,80.0,0.2926165812811409,0,-0.11,-0.22,-0.11
2014-04-12 12:40:00,80.0,0.2919294105186129,0,-0.11,-0.22,-0.11
2014-04-12 12:45:00,80.0,0.2912665405068966,0,-0.11,-0.22,-0.11
2014-04-12 12:50:00,80.0,0.29062676558761275,0,-0.11,-0.22,-0.11
2014-04-12 12:55:00,80.0,0.2900089665135526,0,-0.11,-0.22,-0.11
2014-04-12 13:00:00,80.0,0.2894121023131637,0,-0.11,-0.22,-0.11
2014-04-12 13:05:00,80.0,0.2888352030782308,0,-0.11,-0.22,-0.11
2014-04-12 13:10:00,80.0,0.2882773635536603,0,-0.11,-0.22,-0.11
2014-04-12 13:15:00,80.0,0.2877377374262298,0,-0.11,-0.22,-0.11
2014-04-12 13:20:00,80.0,0.2872155322241621,0,-0.11,-0.22,-0.11
2014-04-12 13:25:00,80.0,0.2867100047519517,0,-0.11,-0.22,-0.11
2014-04-12 13:30:00,80.0,0.2862204569954478,0,-0.11,-0.22,-0.11
2014-04-12 13:35:00,80.0,0.2857462324411246,0,-0.11,-0.22,-0.11
2014-04-12 13:40:00,80.0,0.2852867127610377,0,-0.11,-0.22,-0.11
2014-04-12 13:45:00,80.0,0.2848413148213833,0,-0.11,-0.22,-0.11
2014-04-12 13:50:00,80.0,0.2844094879780657,0,-0.11,-0.22,-0.11
2014-04-12 13:55:00,80.0,0.28399071162735123,0,-0.11,-0.22,-0.11
2014-04-12 14:00:00,80.0,0.28358449298371285,0,-0.11,-0.22,-0.11
2014-04-12 14:05:00,80.0,0.28319036506041273,0,-0.11,-0.22,-0.11
2014-04-12 14:10:00,80.0,0.2828078848313534,0,-0.11,-0.22,-0.11
2014-04-12 14:15:00,80.0,0.2824366315552964,0,-0.11,-0.22,-0.11
2014-04-12 14:20:00,80.0,0.28207620524577737,0,-0.11,-0.22,-0.11
2014-04-12 14:25:00,80.0,0.281726225271982,0,-0.11,-0.22,-0.11
2014-04-12 14:30:00,80.0,0.2813863290775328,0,-0.11,-0.22,-0.11
2014-04-12 14:35:00,80.0,0.2810561710056061,0,-0.11,-0.22,-0.11
2014-04-12 14:40:00,80.0,0.2807354212200843,0,-0.11,-0.22,-0.11
2014-04-12 14:45:00,80.0,0.28042376471357633,0,-0.11,-0.22,-0.11
2014-04-12 14:50:00,80.0,0.28012090039412674,0,-0.11,-0.22,-0.11
2014-04-12 14:55:00,80.0,0.2798265402433034,0,-0.11,-0.22,-0.11
2014-04-12 15:00:00,80.0,0.27954040853912393,0,-0.11,-0.22,-0.11
2014-04-12 15:05:00,80.0,0.2792622411379553,0,-0.11,-0.22,-0.11
2014-04-12 15:10:00,80.0,0.2789917848101215,0,-0.11,-0.22,-0.11
2014-04-12 15:15:00,80.0,0.2787287966244847,0,-0.11,-0.22,-0.11
2014-04-12 15:20:00,80.0,0.27847304337773904,0,-0.11,-0.22,-0.11
2014-04-12 15:25:00,80.0,0.2782243010645714,0,-0.11,-0.22,-0.11
2014-04-12 15:30:00,80.0,0.2779823543852208,0,-0.11,-0.22,-0.11
2014-04-12 15:35:00,80.0,0.2777469962872983,0,-0.11,-0.22,-0.11
2014-04-12 15:40:00,80.0,0.2775180275390299,0,-0.11,-0.22,-0.11
2014-04-12 15:45:00,80.0,0.2772952563313463,0,-0.11,-0.22,-0.11
2014-04-12 15:50:00,80.0,0.27707849790648786,0,-0.11,-0.22,-0.11
2014-04-12 15:55:00,80.0,0.2768675742110021,0,-0.11,-0.22,-0.11
2014-04-12 16:00:00,80.0,0.276662313571206,0,-0.11,-0.22,-0.11
2014-04-12 16:05:00,80.0,0.2764625503893567,0,-0.11,-0.22,-0.11
2014-04-12 16:10:00,80.0,0.2762681248589322,0,-0.11,-0.22,-0.11
2014-04-12 16:15:00,80.0,0.27607888269756004,0,-0.11,-0.22,-0.11
2014-04-12 16:20:00,80.0,0.275894674896264,0,-0.11,-0.22,-0.11
2014-04-12 16:25:00,80.0,0.2757153574838088,0,-0.11,-0.22,-0.11
2014-04-12 16:30:00,80.0,0.2755407913050282,0,-0.11,-0.22,-0.11
2014-04-12 16:35:00,80.0,0.2753708418121173,0,-0.11,-0.22,-0.11
2014-04-12 16:40:00,80.0,0.2752053788679522,0,-0.11,-0.22,-0.11
2014-04-12 16:45:00,80.0,0.2750442765605787,0,-0.11,-0.22,-0.11
2014-04-12 16:50:00,80.0,0.2748874130280844,0,-0.11,-0.22,-0.11
2014-04-12 16:55:00,80.0,0.2747346702931263,0,-0.11,-0.22,-0.11
2014-04-12 17:00:00,80.0,0.2745859341064517,0,-0.11,-0.22,-0.11
2014-04-12 17:05:00,80.0,0.27444109379879633,0,-0.11,-0.22,-0.11
2014-04-12 17:10:00,80.0,0.2743000421405986,0,-0.11,-0.22,-0.11
2014-04-12 17:15:00,80.0,0.2741626752090048,0,-0.11,-0.22,-0.11
2014-04-12 17:20:00,80.0,0.2740288922616894,0,-0.11,-0.22,-0.11
2014-04-12 17:25:00,80.0,0.27389859561704444,0,-0.11,-0.22,-0.11
2014-04-12 17:30:00,80.0,0.2737716905403291,0,-0.11,-0.22,-0.11
2014-04-12 17:35:00,80.0,0.27364808513540034,0,-0.11,-0.22,-0.11
2014-04-12 17:40:00,80.0,0.2735276902416747,0,-0.11,-0.22,-0.11
2014-04-12 17:45:00,80.0,0.2734104193359956,0,-0.11,-0.22,-0.11
2014-04-12 17:50:00,80.0,0.2732961884391057,0,-0.11,-0.22,-0.11
2014-04-12 17:55:00,80.0,0.2731849160264467,0,-0.11,-0.22,-0.11
2014-04-12 18:00:00,20.0,0.98672470545675,0,-0.11,-0.22,-0.11
2014-04-12 18:05:00,20.0,0.5984130656168682,0,-0.11,-0.22,-0.11
2014-04-12 18:10:00,20.0,0.4985601669105184,0,-0.11,-0.22,-0.11
2014-04-12 18:15:00,20.0,0.4517019586339162,0,-0.11,-0.22,-0.11
2014-04-12 18:20:00,20.0,0.4234038724750263,0,-0.11,-0.22,-0.11
2014-04-12 18:25:00,20.0,0.4040020193282346,0,-0.11,-0.22,-0.11
2014-04-12 18:30:00,20.0,0.3896414405169961,0,-0.11,-0.22,-0.11
2014-04-12 18:35:00,20.0,0.3784538936931736,0,-0.11,-0.22,-0.11
2014-04-12 18:40:00,20.0,0.3694131768345323,0,-0.11,-0.22,-0.11
2014-04-12 18:45:00,20.0,0.3619038632281193,0,-0.11,-0.22,-0.11
2014-04-12 18:50:00,20.0,0.3555320093061965,0,-0.11,-0.22,-0.11
2014-04-12 18:55:00,20.0,0.35003241311086386,0,-0.11,-0.22,-0.11
2014-04-12 19:00:00,20.0,0.3452192265964673,0,-0.11,-0.22,-0.11
2014-04-12 19:05:00,20.0,0.3409578730910682,0,-0.11,-0.22,-0.11
2014-04-12 19:10:00,20.0,0.3371482098885298,0,-0.11,-0.22,-0.11
2014-04-12 19:15:00,20.0,0.333713981107599,0,-0.11,-0.22,-0.11
2014-04-12 19:20:00,20.0,0.3305959630247675,0,-0.11,-0.22,-0.11
2014-04-12 19:25:00,20.0,0.3277473670259728,0,-0.11,-0.22,-0.11
2014-04-12 19:30:00,20.0,0.32513067186755673,0,-0.11,-0.22,-0.11
2014-04-12 19:35:00,20.0,0.32271538858999194,0,-0.11,-0.22,-0.11
2014-04-12 19:40:00,20.0,0.3204764503058516,0,-0.11,-0.22,-0.11
2014-04-12 19:45:00,20.0,0.3183930305333293,0,-0.11,-0.22,-0.11
2014-04-12 19:50:00,20.0,0.3164476615924378,0,-0.11,-0.22,-0.11
2014-04-12 19:55:00,20.0,0.3146255670408703,0,-0.11,-0.22,-0.11
2014-04-12 20:00:00,20.0,0.3129141493636714,0,-0.11,-0.22,-0.11
2014-04-12 20:05:00,20.0,0.3113025919952282,0,-0.11,-0.22,-0.11
2014-04-12 20:10:00,20.0,0.3097815467065041,0,-0.11,-0.22,-0.11
2014-04-12 20:15:00,20.0,0.3083428855372252,0,-0.11,-0.22,-0.11
2014-04-12 20:20:00,20.0,0.3069795020977956,0,-0.11,-0.22,-0.11
2014-04-12 20:25:00,20.0,0.3056851510373863,0,-0.11,-0.22,-0.11
2014-04-12 20:30:00,20.0,0.3044543173084137,0,-0.11,-0.22,-0.11
2014-04-12 20:35:00,20.0,0.30328210890585844,0,-0.11,-0.22,-0.11
2014-04-12 20:40:00,20.0,0.3021641682581643,0,-0.11,-0.22,-0.11
2014-04-12 20:45:00,20.0,0.3010965985547236,0,-0.11,-0.22,-0.11
2014-04-12 20:50:00,20.0,0.30007590212327184,0,-0.11,-0.22,-0.11
2014-04-12 20:55:00,20.0,0.2990989285955989,0,-0.11,-0.22,-0.11
2014-04-12 21:00:00,20.0,0.29816283107600233,0,-0.11,-0.22,-0.11
2014-04-12 21:05:00,20.0,0.29726502889248685,0,-0.11,-0.22,-0.11
2014-04-12 21:10:00,20.0,0.29640317579372594,0,-0.11,-0.22,-0.11
2014-04-12 21:15:00,20.0,0.295575132675549,0,-0.11,-0.22,-0.11
2014-04-12 21:20:00,20.0,0.294778944094114,0,-0.11,-0.22,-0.11
2014-04-12 21:25:00,20.0,0.2940128179600481,0,-0.11,-0.22,-0.11
2014-04-12 21:30:00,20.0,0.2932751079169629,0,-0.11,-0.22,-0.11
2014-04-12 21:35:00,20.0,0.2925642979951096,0,-0.11,-0.22,-0.11
2014-04-12 21:40:00,20.0,0.29187898920128524,0,-0.11,-0.22,-0.11
2014-04-12 21:45:00,20.0,0.2912178877630394,0,-0.11,-0.22,-0.11
2014-04-12 21:50:00,20.0,0.2905797947915665,0,-0.11,-0.22,-0.11
2014-04-12 21:55:00,20.0,0.28996359716555603,0,-0.11,-0.22,-0.11
2014-04-12 22:00:00,20.0,0.2893682594693981,0,-0.11,-0.22,-0.11
2014-04-12 22:05:00,20.0,0.28879281684482644,0,-0.11,-0.22,-0.11
2014-04-12 22:10:00,20.0,0.2882363686363658,0,-0.11,-0.22,-0.11
2014-04-12 22:15:00,20.0,0.2876980727286658,0,-0.11,-0.22,-0.11
2014-04-12 22:20:00,20.0,0.2871771404885951,0,-0.11,-0.22,-0.11
2014-04-12 22:25:00,20.0,0.28667283223738244,0,-0.11,-0.22,-0.11
2014-04-12 22:30:00,20.0,0.28618445318852803,0,-0.11,-0.22,-0.11
2014-04-12 22:35:00,20.0,0.28571134979602786,0,-0.11,-0.22,-0.11
2014-04-12 22:40:00,20.0,0.28525290646492435,0,-0.11,-0.22,-0.11
2014-04-12 22:45:00,20.0,0.2848085425825444,0,-0.11,-0.22,-0.11
2014-04-12 22:50:00,20.0,0.2843777098342027,0,-0.11,-0.22,-0.11
2014-04-12 22:55:00,20.0,0.28395988977177483,0,-0.11,-0.22,-0.11
2014-04-12 23:00:00,20.0,0.2835545916075163,0,-0.11,-0.22,-0.11
2014-04-12 23:05:00,20.0,0.28316135020891714,0,-0.11,-0.22,-0.11
2014-04-12 23:10:00,20.0,0.2827797242733259,0,-0.11,-0.22,-0.11
2014-04-12 23:15:00,20.0,0.2824092946636206,0,-0.11,-0.22,-0.11
2014-04-12 23:20:00,20.0,0.2820496628884097,0,-0.11,-0.22,-0.11
2014-04-12 23:25:00,20.0,0.28170044971216285,0,-0.11,-0.22,-0.11
2014-04-12 23:30:00,20.0,0.2813612938823368,0,-0.11,-0.22,-0.11
2014-04-12 23:35:00,20.0,0.2810318509620187,0,-0.11,-0.22,-0.11
2014-04-12 23:40:00,20.0,0.2807117922578834,0,-0.11,-0.22,-0.11
2014-04-12 23:45:00,20.0,0.28040080383437177,0,-0.11,-0.22,-0.11
2014-04-12 23:50:00,20.0,0.2800985856059837,0,-0.11,-0.22,-0.11
2014-04-12 23:55:00,20.0,0.2798048505004341,0,-0.11,-0.22,-0.11
2014-04-13 00:00:00,20.0,0.27951932368618776,0,-0.11,-0.22,-0.11
2014-04-13 00:05:00,20.0,0.2792417418585515,0,-0.11,-0.22,-0.11
2014-04-13 00:10:00,20.0,0.27897185257910423,0,-0.11,-0.22,-0.11
2014-04-13 00:15:00,20.0,0.27870941366376595,0,-0.11,-0.22,-0.11
2014-04-13 00:20:00,20.0,0.27845419261527643,0,-0.11,-0.22,-0.11
2014-04-13 00:25:00,20.0,0.2782059660962705,0,-0.11,-0.22,-0.11
2014-04-13 00:30:00,20.0,0.27796451943950523,0,-0.11,-0.22,-0.11
2014-04-13 00:35:00,20.0,0.27772964619212603,0,-0.11,-0.22,-0.11
2014-04-13 00:40:00,20.0,0.2775011476911532,0,-0.11,-0.22,-0.11
2014-04-13 00:45:00,20.0,0.2772788326676341,0,-0.11,-0.22,-0.11
2014-04-13 00:50:00,20.0,0.27706251687714384,0,-0.11,-0.22,-0.11
2014-04-13 00:55:00,20.0,0.27685202275452825,0,-0.11,-0.22,-0.11
2014-04-13 01:00:00,20.0,0.276647179090974,0,-0.11,-0.22,-0.11
2014-04-13 01:05:00,20.0,0.2764478207316629,0,-0.11,-0.22,-0.11
2014-04-13 01:10:00,20.0,0.27625378829242164,0,-0.11,-0.22,-0.11
2014-04-13 01:15:00,20.0,0.2760649278939165,0,-0.11,-0.22,-0.11
2014-04-13 01:20:00,20.0,0.2758810909120701,0,-0.11,-0.22,-0.11
2014-04-13 01:25:00,20.0,0.2757021337434894,0,-0.11,-0.22,-0.11
2014-04-13 01:30:00,20.0,0.2755279175847989,0,-0.11,-0.22,-0.11
2014-04-13 01:35:00,20.0,0.2753583082248633,0,-0.11,-0.22,-0.11
2014-04-13 01:40:00,20.0,0.2751931758489722,0,-0.11,-0.22,-0.11
2014-04-13 01:45:00,20.0,0.2750323948541317,0,-0.11,-0.22,-0.11
2014-04-13 01:50:00,20.0,0.27487584367468354,0,-0.11,-0.22,-0.11
2014-04-13 01:55:00,20.0,0.2747234046175279,0,-0.11,-0.22,-0.11
2014-04-13 02:00:00,20.0,0.2745749637062914,0,-0.11,-0.22,-0.11
2014-04-13 02:05:00,20.0,0.2744304105338297,0,-0.11,-0.22,-0.11
2014-04-13 02:10:00,20.0,0.2742896381225036,0,-0.11,-0.22,-0.11
2014-04-13 02:15:00,20.0,0.2741525427917113,0,-0.11,-0.22,-0.11
2014-04-13 02:20:00,20.0,0.2740190240321998,0,-0.11,-0.22,-0.11
2014-04-13 02:25:00,20.0,0.27388898438671394,0,-0.11,-0.22,-0.11
2014-04-13 02:30:00,20.0,0.2737623293365764,0,-0.11,-0.22,-0.11
2014-04-13 02:35:00,20.0,0.2736389671938214,0,-0.11,-0.22,-0.11
2014-04-13 02:40:00,20.0,0.2735188089985347,0,-0.11,-0.22,-0.11
2014-04-13 02:45:00,20.0,0.2734017684210752,0,-0.11,-0.22,-0.11
2014-04-13 02:50:00,20.0,0.2732877616688811,0,-0.11,-0.22,-0.11
2014-04-13 02:55:00,20.0,0.2731767073975816,0,-0.11,-0.22,-0.11
2014-04-13 03:00:00,20.0,0.2730685266261579,0,-0.11,-0.22,-0.11
2014-04-13 03:05:00,20.0,0.2729631426559133,0,-0.11,-0.22,-0.11
2014-04-13 03:10:00,20.0,0.2728604809930316,0,-0.11,-0.22,-0.11
2014-04-13 03:15:00,20.0,0.27276046927451525,0,-0.11,-0.22,-0.11
2014-04-13 03:20:00,20.0,0.2726630371973137,0,-0.11,-0.22,-0.11
2014-04-13 03:25:00,20.0,0.2725681164504597,0,-0.11,-0.22,-0.11
2014-04-13 03:30:00,20.0,0.27247564065005,0,-0.11,-0.22,-0.11
2014-04-13 03:35:00,20.0,0.27238554527691194,0,-0.11,-0.22,-0.11
2014-04-13 03:40:00,20.0,0.2722977676168131,0,-0.11,-0.22,-0.11
2014-04-13 03:45:00,20.0,0.2722122467030768,0,-0.11,-0.22,-0.11
2014-04-13 03:50:00,20.0,0.2721289232614778,0,-0.11,-0.22,-0.11
2014-04-13 03:55:00,20.0,0.2720477396572995,0,-0.11,-0.22,-0.11
2014-04-13 04:00:00,20.0,0.27196863984444164,0,-0.11,-0.22,-0.11
2014-04-13 04:05:00,20.0,0.2718915693164753,0,-0.11,-0.22,-0.11
2014-04-13 04:10:00,20.0,0.2718164750595472,0,-0.11,-0.22,-0.11
2014-04-13 04:15:00,20.0,0.27174330550704323,0,-0.11,-0.22,-0.11
2014-04-13 04:20:00,20.0,0.2716720104959243,0,-0.11,-0.22,-0.11
2014-04-13 04:25:00,20.0,0.2716025412246563,0,-0.11,-0.22,-0.11
2014-04-13 04:30:00,20.0,0.27153485021265705,0,-0.11,-0.22,-0.11
2014-04-13 04:35:00,20.0,0.2714688912611896,0,-0.11,-0.22,-0.11
2014-04-13 04:40:00,20.0,0.27140461941563593,0,-0.11,-0.22,-0.11
2014-04-13 04:45:00,20.0,0.2713419909290884,0,-0.11,-0.22,-0.11
2014-04-13 04:50:00,20.0,0.27128096322719863,0,-0.11,-0.22,-0.11
2014-04-13 04:55:00,20.0,0.27122149487422936,0,-0.11,-0.22,-0.11
2014-04-13 05:00:00,20.0,0.2711635455402554,0,-0.11,-0.22,-0.11
2014-04-13 05:05:00,20.0,0.2711070759694665,0,-0.11,-0.22,-0.11
2014-04-13 05:10:00,20.0,0.2710520479495218,0,-0.11,-0.22,-0.11
2014-04-13 05:15:00,20.0,0.27099842428191473,0,-0.11,-0.22,-0.11
2014-04-13 05:20:00,20.0,0.27094616875330435,0,-0.11,-0.22,-0.11
2014-04-13 05:25:00,20.0,0.27089524610777543,0,-0.11,-0.22,-0.11
2014-04-13 05:30:00,20.0,0.27084562201998674,0,-0.11,-0.22,-0.11
2014-04-13 05:35:00,20.0,0.2707972630691758,0,-0.11,-0.22,-0.11
2014-04-13 05:40:00,20.0,0.270750136713983,0,-0.11,-0.22,-0.11
2014-04-13 05:45:00,20.0,0.2707042112680655,0,-0.11,-0.22,-0.11
2014-04-13 05:50:00,20.0,0.27065945587646817,0,-0.11,-0.22,-0.11
2014-04-13 05:55:00,20.0,0.2706158404927248,0,-0.11,-0.22,-0.11
2014-04-13 06:00:00,20.0,0.27057333585666143,0,-0.11,-0.22,-0.11
2014-04-13 06:05:00,20.0,0.2705319134728748,0,-0.11,-0.22,-0.11
2014-04-13 06:10:00,20.0,0.27049154558986177,0,-0.11,-0.22,-0.11
2014-04-13 06:15:00,20.0,0.27045220517977664,0,-0.11,-0.22,-0.11
2014-04-13 06:20:00,20.0,0.2704138659187925,0,-0.11,-0.22,-0.11
2014-04-13 06:25:00,20.0,0.2703765021680454,0,-0.11,-0.22,-0.11
2014-04-13 06:30:00,20.0,0.2703400889551416,0,-0.11,-0.22,-0.11
2014-04-13 06:35:00,20.0,0.2703046019562074,0,-0.11,-0.22,-0.11
2014-04-13 06:40:00,20.0,0.270270017478463,0,-0.11,-0.22,-0.11
2014-04-13 06:45:00,20.0,0.2702363124433026,0,-0.11,-0.22,-0.11
2014-04-13 06:50:00,20.0,0.2702034643698632,0,-0.11,-0.22,-0.11
2014-04-13 06:55:00,20.0,0.2701714513590661,0,-0.11,-0.22,-0.11
2014-04-13 07:00:00,20.0,0.27014025207811576,0,-0.11,-0.22,-0.11
2014-04-13 07:05:00,20.0,0.2701098457454389,0,-0.11,-0.22,-0.11
2014-04-13 07:10:00,20.0,0.27008021211605265,0,-0.11,-0.22,-0.11
2014-04-13 07:15:00,20.0,0.2700513314673451,0,-0.11,-0.22,-0.11
2014-04-13 07:20:00,20.0,0.2700231845852564,0,-0.11,-0.22,-0.11
2014-04-13 07:25:00,20.0,0.2699957527508461,0,-0.11,-0.22,-0.11
2014-04-13 07:30:00,20.0,0.2699690177272375,0,-0.11,-0.22,-0.11
2014-04-13 07:35:00,20.0,0.2699429617469236,0,-0.11,-0.22,-0.11
2014-04-13 07:40:00,20.0,0.269917567499426,0,-0.11,-0.22,-0.11
2014-04-13 07:45:00,20.0,0.2698928181192945,0,-0.11,-0.22,-0.11
2014-04-13 07:50:00,20.0,0.26986869717443696,0,-0.11,-0.22,-0.11
2014-04-13 07:55:00,20.0,0.2698451886547703,0,-0.11,-0.22,-0.11
2014-04-13 08:00:00,20.0,0.2698222769611813,0,-0.11,-0.22,-0.11
2014-04-13 08:05:00,20.0,0.2697999468947901,0,-0.11,-0.22,-0.11
2014-04-13 08:10:00,20.0,0.26977818364650463,0,-0.11,-0.22,-0.11
2014-04-13 08:15:00,20.0,0.26975697278685945,0,-0.11,-0.22,-0.11
2014-04-13 08:20:00,20.0,0.2697363002561297,0,-0.11,-0.22,-0.11
2014-04-13 08:25:00,20.0,0.2697161523547115,0,-0.11,-0.22,-0.11
2014-04-13 08:30:00,20.0,0.26969651573376313,0,-0.11,-0.22,-0.11
2014-04-13 08:35:00,20.0,0.2696773773860953,0,-0.11,-0.22,-0.11
2014-04-13 08:40:00,20.0,0.26965872463730944,0,-0.11,-0.22,-0.11
2014-04-13 08:45:00,20.0,0.2696405451371692,0,-0.11,-0.22,-0.11
2014-04-13 08:50:00,20.0,0.2696228268512061,0,-0.11,-0.22,-0.11
2014-04-13 08:55:00,20.0,0.26960555805254705,0,-0.11,-0.22,-0.11
2014-04-13 09:00:00,80.0,0.9999999999999942,0,-0.11,-0.22,-0.11
2014-04-13 09:05:00,80.0,0.6110084371825264,0,-0.11,-0.22,-0.11
2014-04-13 09:10:00,80.0,0.5034096405911028,0,-0.11,-0.22,-0.11
2014-04-13 09:15:00,80.0,0.4543753938478105,0,-0.11,-0.22,-0.11
2014-04-13 09:20:00,80.0,0.4251440301466077,0,-0.11,-0.22,-0.11
2014-04-13 09:25:00,80.0,0.405247643885565,0,-0.11,-0.22,-0.11
2014-04-13 09:30:00,80.0,0.3905894986966122,0,-0.11,-0.22,-0.11
2014-04-13 09:35:00,80.0,0.3792070226073889,0,-0.11,-0.22,-0.11
2014-04-13 09:40:00,80.0,0.3700305985403449,0,-0.11,-0.22,-0.11
2014-04-13 09:45:00,80.0,0.3624223835345665,0,-0.11,-0.22,-0.11
2014-04-13 09:50:00,80.0,0.35597583426367224,0,-0.11,-0.22,-0.11
2014-04-13 09:55:00,80.0,0.3504181879709746,0,-0.11,-0.22,-0.11
2014-04-13 10:00:00,80.0,0.3455588174378314,0,-0.11,-0.22,-0.11
2014-04-13 10:05:00,80.0,0.34125999440020544,0,-0.11,-0.22,-0.11
2014-04-13 10:10:00,80.0,0.33741942344456066,0,-0.11,-0.22,-0.11
2014-04-13 10:15:00,80.0,0.33395933395525274,0,-0.11,-0.22,-0.11
2014-04-13 10:20:00,80.0,0.33081940895289585,0,-0.11,-0.22,-0.11
2014-04-13 10:25:00,80.0,0.3279520532276638,0,-0.11,-0.22,-0.11
2014-04-13 10:30:00,80.0,0.3253191388899009,0,-0.11,-0.22,-0.11
2014-04-13 10:35:00,80.0,0.32288971292353785,0,-0.11,-0.22,-0.11
2014-04-13 10:40:00,80.0,0.3206383480785873,0,-0.11,-0.22,-0.11
2014-04-13 10:45:00,80.0,0.3185439342449938,0,-0.11,-0.22,-0.11
2014-04-13 10:50:00,80.0,0.31658877779261785,0,-0.11,-0.22,-0.11
2014-04-13 10:55:00,80.0,0.3147579202982579,0,-0.11,-0.22,-0.11
2014-04-13 11:00:00,80.0,0.3130386162153101,0,-0.11,-0.22,-0.11
2014-04-13 11:05:00,80.0,0.31141992746550823,0,-0.11,-0.22,-0.11
2014-04-13 11:10:00,80.0,0.3098924052433209,0,-0.11,-0.22,-0.11
2014-04-13 11:15:00,80.0,0.3084478377025192,0,-0.11,-0.22,-0.11
2014-04-13 11:20:00,80.0,0.30707904799342506,0,-0.11,-0.22,-0.11
2014-04-13 11:25:00,80.0,0.30577973119484964,0,-0.11,-0.22,-0.11
2014-04-13 11:30:00,80.0,0.3045443215896498,0,-0.11,-0.22,-0.11
2014-04-13 11:35:00,80.0,0.30336788383053004,0,-0.11,-0.22,-0.11
2014-04-13 11:40:00,80.0,0.3022460230758601,0,-0.11,-0.22,-0.11
2014-04-13 11:45:00,80.0,0.30117481030842125,0,-0.11,-0.22,-0.11
2014-04-13 11:50:00,80.0,0.30015071989625364,0,-0.11,-0.22,-0.11
2014-04-13 11:55:00,80.0,0.2991705770929721,0,-0.11,-0.22,-0.11
2014-04-13 12:00:00,80.0,0.2982315136605861,0,-0.11,-0.22,-0.11
2014-04-13 12:05:00,80.0,0.2973309301706269,0,-0.11,-0.22,-0.11
2014-04-13 12:10:00,80.0,0.2964664638277933,0,-0.11,-0.22,-0.11
2014-04-13 12:15:00,80.0,0.2956359608851617,0,-0.11,-0.22,-0.11
2014-04-13 12:20:00,80.0,0.2948374528965197,0,-0.11,-0.22,-0.11
2014-04-13 12:25:00,80.0,0.2940691361909057,0,-0.11,-0.22,-0.11
2014-04-13 12:30:00,80.0,0.2933293540654143,0,-0.11,-0.22,-0.11
2014-04-13 12:35:00,80.0,0.2926165812811409,0,-0.11,-0.22,-0.11
2014-04-13 12:40:00,80.0,0.2919294105186129,0,-0.11,-0.22,-0.11
2014-04-13 12:45:00,80.0,0.2912665405068966,0,-0.11,-0.22,-0.11
2014-04-13 12:50:00,80.0,0.29062676558761275,0,-0.11,-0.22,-0.11
2014-04-13 12:55:00,80.0,0.2900089665135526,0,-0.11,-0.22,-0.11
2014-04-13 13:00:00,80.0,0.2894121023131637,0,-0.11,-0.22,-0.11
2014-04-13 13:05:00,80.0,0.2888352030782308,0,-0.11,-0.22,-0.11
2014-04-13 13:10:00,80.0,0.2882773635536603,0,-0.11,-0.22,-0.11
2014-04-13 13:15:00,80.0,0.2877377374262298,0,-0.11,-0.22,-0.11
2014-04-13 13:20:00,80.0,0.2872155322241621,0,-0.11,-0.22,-0.11
2014-04-13 13:25:00,80.0,0.2867100047519517,0,-0.11,-0.22,-0.11
2014-04-13 13:30:00,80.0,0.2862204569954478,0,-0.11,-0.22,-0.11
2014-04-13 13:35:00,80.0,0.2857462324411246,0,-0.11,-0.22,-0.11
2014-04-13 13:40:00,80.0,0.2852867127610377,0,-0.11,-0.22,-0.11
2014-04-13 13:45:00,80.0,0.2848413148213833,0,-0.11,-0.22,-0.11
2014-04-13 13:50:00,80.0,0.2844094879780657,0,-0.11,-0.22,-0.11
2014-04-13 13:55:00,80.0,0.28399071162735123,0,-0.11,-0.22,-0.11
2014-04-13 14:00:00,80.0,0.28358449298371285,0,-0.11,-0.22,-0.11
2014-04-13 14:05:00,80.0,0.28319036506041273,0,-0.11,-0.22,-0.11
2014-04-13 14:10:00,80.0,0.2828078848313534,0,-0.11,-0.22,-0.11
2014-04-13 14:15:00,80.0,0.2824366315552964,0,-0.11,-0.22,-0.11
2014-04-13 14:20:00,80.0,0.28207620524577737,0,-0.11,-0.22,-0.11
2014-04-13 14:25:00,80.0,0.281726225271982,0,-0.11,-0.22,-0.11
2014-04-13 14:30:00,80.0,0.2813863290775328,0,-0.11,-0.22,-0.11
2014-04-13 14:35:00,80.0,0.2810561710056061,0,-0.11,-0.22,-0.11
2014-04-13 14:40:00,80.0,0.2807354212200843,0,-0.11,-0.22,-0.11
2014-04-13 14:45:00,80.0,0.28042376471357633,0,-0.11,-0.22,-0.11
2014-04-13 14:50:00,80.0,0.28012090039412674,0,-0.11,-0.22,-0.11
2014-04-13 14:55:00,80.0,0.2798265402433034,0,-0.11,-0.22,-0.11
2014-04-13 15:00:00,80.0,0.27954040853912393,0,-0.11,-0.22,-0.11
2014-04-13 15:05:00,80.0,0.2792622411379553,0,-0.11,-0.22,-0.11
2014-04-13 15:10:00,80.0,0.2789917848101215,0,-0.11,-0.22,-0.11
2014-04-13 15:15:00,80.0,0.2787287966244847,0,-0.11,-0.22,-0.11
2014-04-13 15:20:00,80.0,0.27847304337773904,0,-0.11,-0.22,-0.11
2014-04-13 15:25:00,80.0,0.2782243010645714,0,-0.11,-0.22,-0.11
2014-04-13 15:30:00,80.0,0.2779823543852208,0,-0.11,-0.22,-0.11
2014-04-13 15:35:00,80.0,0.2777469962872983,0,-0.11,-0.22,-0.11
2014-04-13 15:40:00,80.0,0.2775180275390299,0,-0.11,-0.22,-0.11
2014-04-13 15:45:00,80.0,0.2772952563313463,0,-0.11,-0.22,-0.11
2014-04-13 15:50:00,80.0,0.27707849790648786,0,-0.11,-0.22,-0.11
2014-04-13 15:55:00,80.0,0.2768675742110021,0,-0.11,-0.22,-0.11
2014-04-13 16:00:00,80.0,0.276662313571206,0,-0.11,-0.22,-0.11
2014-04-13 16:05:00,80.0,0.2764625503893567,0,-0.11,-0.22,-0.11
2014-04-13 16:10:00,80.0,0.2762681248589322,0,-0.11,-0.22,-0.11
2014-04-13 16:15:00,80.0,0.27607888269756004,0,-0.11,-0.22,-0.11
2014-04-13 16:20:00,80.0,0.275894674896264,0,-0.11,-0.22,-0.11
2014-04-13 16:25:00,80.0,0.2757153574838088,0,-0.11,-0.22,-0.11
2014-04-13 16:30:00,80.0,0.2755407913050282,0,-0.11,-0.22,-0.11
2014-04-13 16:35:00,80.0,0.2753708418121173,0,-0.11,-0.22,-0.11
2014-04-13 16:40:00,80.0,0.2752053788679522,0,-0.11,-0.22,-0.11
2014-04-13 16:45:00,80.0,0.2750442765605787,0,-0.11,-0.22,-0.11
2014-04-13 16:50:00,80.0,0.2748874130280844,0,-0.11,-0.22,-0.11
2014-04-13 16:55:00,80.0,0.2747346702931263,0,-0.11,-0.22,-0.11
2014-04-13 17:00:00,80.0,0.2745859341064517,0,-0.11,-0.22,-0.11
2014-04-13 17:05:00,80.0,0.27444109379879633,0,-0.11,-0.22,-0.11
2014-04-13 17:10:00,80.0,0.2743000421405986,0,-0.11,-0.22,-0.11
2014-04-13 17:15:00,80.0,0.2741626752090048,0,-0.11,-0.22,-0.11
2014-04-13 17:20:00,80.0,0.2740288922616894,0,-0.11,-0.22,-0.11
2014-04-13 17:25:00,80.0,0.27389859561704444,0,-0.11,-0.22,-0.11
2014-04-13 17:30:00,80.0,0.2737716905403291,0,-0.11,-0.22,-0.11
2014-04-13 17:35:00,80.0,0.27364808513540034,0,-0.11,-0.22,-0.11
2014-04-13 17:40:00,80.0,0.2735276902416747,0,-0.11,-0.22,-0.11
2014-04-13 17:45:00,80.0,0.2734104193359956,0,-0.11,-0.22,-0.11
2014-04-13 17:50:00,80.0,0.2732961884391057,0,-0.11,-0.22,-0.11
2014-04-13 17:55:00,80.0,0.2731849160264467,0,-0.11,-0.22,-0.11
2014-04-13 18:00:00,20.0,0.98672470545675,0,-0.11,-0.22,-0.11
2014-04-13 18:05:00,20.0,0.5984130656168682,0,-0.11,-0.22,-0.11
2014-04-13 18:10:00,20.0,0.4985601669105184,0,-0.11,-0.22,-0.11
2014-04-13 18:15:00,20.0,0.4517019586339162,0,-0.11,-0.22,-0.11
2014-04-13 18:20:00,20.0,0.4234038724750263,0,-0.11,-0.22,-0.11
2014-04-13 18:25:00,20.0,0.4040020193282346,0,-0.11,-0.22,-0.11
2014-04-13 18:30:00,20.0,0.3896414405169961,0,-0.11,-0.22,-0.11
2014-04-13 18:35:00,20.0,0.3784538936931736,0,-0.11,-0.22,-0.11
2014-04-13 18:40:00,20.0,0.3694131768345323,0,-0.11,-0.22,-0.11
2014-04-13 18:45:00,20.0,0.3619038632281193,0,-0.11,-0.22,-0.11
2014-04-13 18:50:00,20.0,0.3555320093061965,0,-0.11,-0.22,-0.11
2014-04-13 18:55:00,20.0,0.35003241311086386,0,-0.11,-0.22,-0.11
2014-04-13 19:00:00,20.0,0.3452192265964673,0,-0.11,-0.22,-0.11
2014-04-13 19:05:00,20.0,0.3409578730910682,0,-0.11,-0.22,-0.11
2014-04-13 19:10:00,20.0,0.3371482098885298,0,-0.11,-0.22,-0.11
2014-04-13 19:15:00,20.0,0.333713981107599,0,-0.11,-0.22,-0.11
2014-04-13 19:20:00,20.0,0.3305959630247675,0,-0.11,-0.22,-0.11
2014-04-13 19:25:00,20.0,0.3277473670259728,0,-0.11,-0.22,-0.11
2014-04-13 19:30:00,20.0,0.32513067186755673,0,-0.11,-0.22,-0.11
2014-04-13 19:35:00,20.0,0.32271538858999194,0,-0.11,-0.22,-0.11
2014-04-13 19:40:00,20.0,0.3204764503058516,0,-0.11,-0.22,-0.11
2014-04-13 19:45:00,20.0,0.3183930305333293,0,-0.11,-0.22,-0.11
2014-04-13 19:50:00,20.0,0.3164476615924378,0,-0.11,-0.22,-0.11
2014-04-13 19:55:00,20.0,0.3146255670408703,0,-0.11,-0.22,-0.11
2014-04-13 20:00:00,20.0,0.3129141493636714,0,-0.11,-0.22,-0.11
2014-04-13 20:05:00,20.0,0.3113025919952282,0,-0.11,-0.22,-0.11
2014-04-13 20:10:00,20.0,0.3097815467065041,0,-0.11,-0.22,-0.11
2014-04-13 20:15:00,20.0,0.3083428855372252,0,-0.11,-0.22,-0.11
2014-04-13 20:20:00,20.0,0.3069795020977956,0,-0.11,-0.22,-0.11
2014-04-13 20:25:00,20.0,0.3056851510373863,0,-0.11,-0.22,-0.11
2014-04-13 20:30:00,20.0,0.3044543173084137,0,-0.11,-0.22,-0.11
2014-04-13 20:35:00,20.0,0.30328210890585844,0,-0.11,-0.22,-0.11
2014-04-13 20:40:00,20.0,0.3021641682581643,0,-0.11,-0.22,-0.11
2014-04-13 20:45:00,20.0,0.3010965985547236,0,-0.11,-0.22,-0.11
2014-04-13 20:50:00,20.0,0.30007590212327184,0,-0.11,-0.22,-0.11
2014-04-13 20:55:00,20.0,0.2990989285955989,0,-0.11,-0.22,-0.11
2014-04-13 21:00:00,20.0,0.29816283107600233,0,-0.11,-0.22,-0.11
2014-04-13 21:05:00,20.0,0.29726502889248685,0,-0.11,-0.22,-0.11
2014-04-13 21:10:00,20.0,0.29640317579372594,0,-0.11,-0.22,-0.11
2014-04-13 21:15:00,20.0,0.295575132675549,0,-0.11,-0.22,-0.11
2014-04-13 21:20:00,20.0,0.294778944094114,0,-0.11,-0.22,-0.11
2014-04-13 21:25:00,20.0,0.2940128179600481,0,-0.11,-0.22,-0.11
2014-04-13 21:30:00,20.0,0.2932751079169629,0,-0.11,-0.22,-0.11
2014-04-13 21:35:00,20.0,0.2925642979951096,0,-0.11,-0.22,-0.11
2014-04-13 21:40:00,20.0,0.29187898920128524,0,-0.11,-0.22,-0.11
2014-04-13 21:45:00,20.0,0.2912178877630394,0,-0.11,-0.22,-0.11
2014-04-13 21:50:00,20.0,0.2905797947915665,0,-0.11,-0.22,-0.11
2014-04-13 21:55:00,20.0,0.28996359716555603,0,-0.11,-0.22,-0.11
2014-04-13 22:00:00,20.0,0.2893682594693981,0,-0.11,-0.22,-0.11
2014-04-13 22:05:00,20.0,0.28879281684482644,0,-0.11,-0.22,-0.11
2014-04-13 22:10:00,20.0,0.2882363686363658,0,-0.11,-0.22,-0.11
2014-04-13 22:15:00,20.0,0.2876980727286658,0,-0.11,-0.22,-0.11
2014-04-13 22:20:00,20.0,0.2871771404885951,0,-0.11,-0.22,-0.11
2014-04-13 22:25:00,20.0,0.28667283223738244,0,-0.11,-0.22,-0.11
2014-04-13 22:30:00,20.0,0.28618445318852803,0,-0.11,-0.22,-0.11
2014-04-13 22:35:00,20.0,0.28571134979602786,0,-0.11,-0.22,-0.11
2014-04-13 22:40:00,20.0,0.28525290646492435,0,-0.11,-0.22,-0.11
2014-04-13 22:45:00,20.0,0.2848085425825444,0,-0.11,-0.22,-0.11
2014-04-13 22:50:00,20.0,0.2843777098342027,0,-0.11,-0.22,-0.11
2014-04-13 22:55:00,20.0,0.28395988977177483,0,-0.11,-0.22,-0.11
2014-04-13 23:00:00,20.0,0.2835545916075163,0,-0.11,-0.22,-0.11
2014-04-13 23:05:00,20.0,0.28316135020891714,0,-0.11,-0.22,-0.11
2014-04-13 23:10:00,20.0,0.2827797242733259,0,-0.11,-0.22,-0.11
2014-04-13 23:15:00,20.0,0.2824092946636206,0,-0.11,-0.22,-0.11
2014-04-13 23:20:00,20.0,0.2820496628884097,0,-0.11,-0.22,-0.11
2014-04-13 23:25:00,20.0,0.28170044971216285,0,-0.11,-0.22,-0.11
2014-04-13 23:30:00,20.0,0.2813612938823368,0,-0.11,-0.22,-0.11
2014-04-13 23:35:00,20.0,0.2810318509620187,0,-0.11,-0.22,-0.11
2014-04-13 23:40:00,20.0,0.2807117922578834,0,-0.11,-0.22,-0.11
2014-04-13 23:45:00,20.0,0.28040080383437177,0,-0.11,-0.22,-0.11
2014-04-13 23:50:00,20.0,0.2800985856059837,0,-0.11,-0.22,-0.11
2014-04-13 23:55:00,20.0,0.2798048505004341,0,-0.11,-0.22,-0.11
2014-04-14 00:00:00,20.0,0.27951932368618776,0,-0.11,-0.22,-0.11
2014-04-14 00:05:00,20.0,0.2792417418585515,0,-0.11,-0.22,-0.11
2014-04-14 00:10:00,20.0,0.27897185257910423,0,-0.11,-0.22,-0.11
2014-04-14 00:15:00,20.0,0.27870941366376595,0,-0.11,-0.22,-0.11
2014-04-14 00:20:00,20.0,0.27845419261527643,0,-0.11,-0.22,-0.11
2014-04-14 00:25:00,20.0,0.2782059660962705,0,-0.11,-0.22,-0.11
2014-04-14 00:30:00,20.0,0.27796451943950523,0,-0.11,-0.22,-0.11
2014-04-14 00:35:00,20.0,0.27772964619212603,0,-0.11,-0.22,-0.11
2014-04-14 00:40:00,20.0,0.2775011476911532,0,-0.11,-0.22,-0.11
2014-04-14 00:45:00,20.0,0.2772788326676341,0,-0.11,-0.22,-0.11
2014-04-14 00:50:00,20.0,0.27706251687714384,0,-0.11,-0.22,-0.11
2014-04-14 00:55:00,20.0,0.27685202275452825,0,-0.11,-0.22,-0.11
2014-04-14 01:00:00,20.0,0.276647179090974,0,-0.11,-0.22,-0.11
2014-04-14 01:05:00,20.0,0.2764478207316629,0,-0.11,-0.22,-0.11
2014-04-14 01:10:00,20.0,0.27625378829242164,0,-0.11,-0.22,-0.11
2014-04-14 01:15:00,20.0,0.2760649278939165,0,-0.11,-0.22,-0.11
2014-04-14 01:20:00,20.0,0.2758810909120701,0,-0.11,-0.22,-0.11
2014-04-14 01:25:00,20.0,0.2757021337434894,0,-0.11,-0.22,-0.11
2014-04-14 01:30:00,20.0,0.2755279175847989,0,-0.11,-0.22,-0.11
2014-04-14 01:35:00,20.0,0.2753583082248633,0,-0.11,-0.22,-0.11
2014-04-14 01:40:00,20.0,0.2751931758489722,0,-0.11,-0.22,-0.11
2014-04-14 01:45:00,20.0,0.2750323948541317,0,-0.11,-0.22,-0.11
2014-04-14 01:50:00,20.0,0.27487584367468354,0,-0.11,-0.22,-0.11
2014-04-14 01:55:00,20.0,0.2747234046175279,0,-0.11,-0.22,-0.11
2014-04-14 02:00:00,20.0,0.2745749637062914,0,-0.11,-0.22,-0.11
2014-04-14 02:05:00,20.0,0.2744304105338297,0,-0.11,-0.22,-0.11
2014-04-14 02:10:00,20.0,0.2742896381225036,0,-0.11,-0.22,-0.11
2014-04-14 02:15:00,20.0,0.2741525427917113,0,-0.11,-0.22,-0.11
2014-04-14 02:20:00,20.0,0.2740190240321998,0,-0.11,-0.22,-0.11
2014-04-14 02:25:00,20.0,0.27388898438671394,0,-0.11,-0.22,-0.11
2014-04-14 02:30:00,20.0,0.2737623293365764,0,-0.11,-0.22,-0.11
2014-04-14 02:35:00,20.0,0.2736389671938214,0,-0.11,-0.22,-0.11
2014-04-14 02:40:00,20.0,0.2735188089985347,0,-0.11,-0.22,-0.11
2014-04-14 02:45:00,20.0,0.2734017684210752,0,-0.11,-0.22,-0.11
2014-04-14 02:50:00,20.0,0.2732877616688811,0,-0.11,-0.22,-0.11
2014-04-14 02:55:00,20.0,0.2731767073975816,0,-0.11,-0.22,-0.11
2014-04-14 03:00:00,20.0,0.2730685266261579,0,-0.11,-0.22,-0.11
2014-04-14 03:05:00,20.0,0.2729631426559133,0,-0.11,-0.22,-0.11
2014-04-14 03:10:00,20.0,0.2728604809930316,0,-0.11,-0.22,-0.11
2014-04-14 03:15:00,20.0,0.27276046927451525,0,-0.11,-0.22,-0.11
2014-04-14 03:20:00,20.0,0.2726630371973137,0,-0.11,-0.22,-0.11
2014-04-14 03:25:00,20.0,0.2725681164504597,0,-0.11,-0.22,-0.11
2014-04-14 03:30:00,20.0,0.27247564065005,0,-0.11,-0.22,-0.11
2014-04-14 03:35:00,20.0,0.27238554527691194,0,-0.11,-0.22,-0.11
2014-04-14 03:40:00,20.0,0.2722977676168131,0,-0.11,-0.22,-0.11
2014-04-14 03:45:00,20.0,0.2722122467030768,0,-0.11,-0.22,-0.11
2014-04-14 03:50:00,20.0,0.2721289232614778,0,-0.11,-0.22,-0.11
2014-04-14 03:55:00,20.0,0.2720477396572995,0,-0.11,-0.22,-0.11
2014-04-14 04:00:00,20.0,0.27196863984444164,0,-0.11,-0.22,-0.11
2014-04-14 04:05:00,20.0,0.2718915693164753,0,-0.11,-0.22,-0.11
2014-04-14 04:10:00,20.0,0.2718164750595472,0,-0.11,-0.22,-0.11
2014-04-14 04:15:00,20.0,0.27174330550704323,0,-0.11,-0.22,-0.11
2014-04-14 04:20:00,20.0,0.2716720104959243,0,-0.11,-0.22,-0.11
2014-04-14 04:25:00,20.0,0.2716025412246563,0,-0.11,-0.22,-0.11
2014-04-14 04:30:00,20.0,0.27153485021265705,0,-0.11,-0.22,-0.11
2014-04-14 04:35:00,20.0,0.2714688912611896,0,-0.11,-0.22,-0.11
2014-04-14 04:40:00,20.0,0.27140461941563593,0,-0.11,-0.22,-0.11
2014-04-14 04:45:00,20.0,0.2713419909290884,0,-0.11,-0.22,-0.11
2014-04-14 04:50:00,20.0,0.27128096322719863,0,-0.11,-0.22,-0.11
2014-04-14 04:55:00,20.0,0.27122149487422936,0,-0.11,-0.22,-0.11
2014-04-14 05:00:00,20.0,0.2711635455402554,0,-0.11,-0.22,-0.11
2014-04-14 05:05:00,20.0,0.2711070759694665,0,-0.11,-0.22,-0.11
2014-04-14 05:10:00,20.0,0.2710520479495218,0,-0.11,-0.22,-0.11
2014-04-14 05:15:00,20.0,0.27099842428191473,0,-0.11,-0.22,-0.11
2014-04-14 05:20:00,20.0,0.27094616875330435,0,-0.11,-0.22,-0.11
2014-04-14 05:25:00,20.0,0.27089524610777543,0,-0.11,-0.22,-0.11
2014-04-14 05:30:00,20.0,0.27084562201998674,0,-0.11,-0.22,-0.11
2014-04-14 05:35:00,20.0,0.2707972630691758,0,-0.11,-0.22,-0.11
2014-04-14 05:40:00,20.0,0.270750136713983,0,-0.11,-0.22,-0.11
2014-04-14 05:45:00,20.0,0.2707042112680655,0,-0.11,-0.22,-0.11
2014-04-14 05:50:00,20.0,0.27065945587646817,0,-0.11,-0.22,-0.11
2014-04-14 05:55:00,20.0,0.2706158404927248,0,-0.11,-0.22,-0.11
2014-04-14 06:00:00,20.0,0.27057333585666143,0,-0.11,-0.22,-0.11
2014-04-14 06:05:00,20.0,0.2705319134728748,0,-0.11,-0.22,-0.11
2014-04-14 06:10:00,20.0,0.27049154558986177,0,-0.11,-0.22,-0.11
2014-04-14 06:15:00,20.0,0.27045220517977664,0,-0.11,-0.22,-0.11
2014-04-14 06:20:00,20.0,0.2704138659187925,0,-0.11,-0.22,-0.11
2014-04-14 06:25:00,20.0,0.2703765021680454,0,-0.11,-0.22,-0.11
2014-04-14 06:30:00,20.0,0.2703400889551416,0,-0.11,-0.22,-0.11
2014-04-14 06:35:00,20.0,0.2703046019562074,0,-0.11,-0.22,-0.11
2014-04-14 06:40:00,20.0,0.270270017478463,0,-0.11,-0.22,-0.11
2014-04-14 06:45:00,20.0,0.2702363124433026,0,-0.11,-0.22,-0.11
2014-04-14 06:50:00,20.0,0.2702034643698632,0,-0.11,-0.22,-0.11
2014-04-14 06:55:00,20.0,0.2701714513590661,0,-0.11,-0.22,-0.11
2014-04-14 07:00:00,20.0,0.27014025207811576,0,-0.11,-0.22,-0.11
2014-04-14 07:05:00,20.0,0.2701098457454389,0,-0.11,-0.22,-0.11
2014-04-14 07:10:00,20.0,0.27008021211605265,0,-0.11,-0.22,-0.11
2014-04-14 07:15:00,20.0,0.2700513314673451,0,-0.11,-0.22,-0.11
2014-04-14 07:20:00,20.0,0.2700231845852564,0,-0.11,-0.22,-0.11
2014-04-14 07:25:00,20.0,0.2699957527508461,0,-0.11,-0.22,-0.11
2014-04-14 07:30:00,20.0,0.2699690177272375,0,-0.11,-0.22,-0.11
2014-04-14 07:35:00,20.0,0.2699429617469236,0,-0.11,-0.22,-0.11
2014-04-14 07:40:00,20.0,0.269917567499426,0,-0.11,-0.22,-0.11
2014-04-14 07:45:00,20.0,0.2698928181192945,0,-0.11,-0.22,-0.11
2014-04-14 07:50:00,20.0,0.26986869717443696,0,-0.11,-0.22,-0.11
2014-04-14 07:55:00,20.0,0.2698451886547703,0,-0.11,-0.22,-0.11
2014-04-14 08:00:00,20.0,0.2698222769611813,0,-0.11,-0.22,-0.11
2014-04-14 08:05:00,20.0,0.2697999468947901,0,-0.11,-0.22,-0.11
2014-04-14 08:10:00,20.0,0.26977818364650463,0,-0.11,-0.22,-0.11
2014-04-14 08:15:00,20.0,0.26975697278685945,0,-0.11,-0.22,-0.11
2014-04-14 08:20:00,20.0,0.2697363002561297,0,-0.11,-0.22,-0.11
2014-04-14 08:25:00,20.0,0.2697161523547115,0,-0.11,-0.22,-0.11
2014-04-14 08:30:00,20.0,0.26969651573376313,0,-0.11,-0.22,-0.11
2014-04-14 08:35:00,20.0,0.2696773773860953,0,-0.11,-0.22,-0.11
2014-04-14 08:40:00,20.0,0.26965872463730944,0,-0.11,-0.22,-0.11
2014-04-14 08:45:00,20.0,0.2696405451371692,0,-0.11,-0.22,-0.11
2014-04-14 08:50:00,20.0,0.2696228268512061,0,-0.11,-0.22,-0.11
2014-04-14 08:55:00,20.0,0.26960555805254705,0,-0.11,-0.22,-0.11
2014-04-14 09:00:00,80.0,0.9999999999999942,0,-0.11,-0.22,-0.11
2014-04-14 09:05:00,80.0,0.6110084371825264,0,-0.11,-0.22,-0.11
2014-04-14 09:10:00,80.0,0.5034096405911028,0,-0.11,-0.22,-0.11
2014-04-14 09:15:00,80.0,0.4543753938478105,0,-0.11,-0.22,-0.11
2014-04-14 09:20:00,80.0,0.4251440301466077,0,-0.11,-0.22,-0.11
2014-04-14 09:25:00,80.0,0.405247643885565,0,-0.11,-0.22,-0.11
2014-04-14 09:30:00,80.0,0.3905894986966122,0,-0.11,-0.22,-0.11
2014-04-14 09:35:00,80.0,0.3792070226073889,0,-0.11,-0.22,-0.11
2014-04-14 09:40:00,80.0,0.3700305985403449,0,-0.11,-0.22,-0.11
2014-04-14 09:45:00,80.0,0.3624223835345665,0,-0.11,-0.22,-0.11
2014-04-14 09:50:00,80.0,0.35597583426367224,0,-0.11,-0.22,-0.11
2014-04-14 09:55:00,80.0,0.3504181879709746,0,-0.11,-0.22,-0.11
2014-04-14 10:00:00,80.0,0.3455588174378314,0,-0.11,-0.22,-0.11
2014-04-14 10:05:00,80.0,0.34125999440020544,0,-0.11,-0.22,-0.11
2014-04-14 10:10:00,80.0,0.33741942344456066,0,-0.11,-0.22,-0.11
2014-04-14 10:15:00,80.0,0.33395933395525274,0,-0.11,-0.22,-0.11
2014-04-14 10:20:00,80.0,0.33081940895289585,0,-0.11,-0.22,-0.11
2014-04-14 10:25:00,80.0,0.3279520532276638,0,-0.11,-0.22,-0.11
2014-04-14 10:30:00,80.0,0.3253191388899009,0,-0.11,-0.22,-0.11
2014-04-14 10:35:00,80.0,0.32288971292353785,0,-0.11,-0.22,-0.11
2014-04-14 10:40:00,80.0,0.3206383480785873,0,-0.11,-0.22,-0.11
2014-04-14 10:45:00,80.0,0.3185439342449938,0,-0.11,-0.22,-0.11
2014-04-14 10:50:00,80.0,0.31658877779261785,0,-0.11,-0.22,-0.11
2014-04-14 10:55:00,80.0,0.3147579202982579,0,-0.11,-0.22,-0.11
2014-04-14 11:00:00,80.0,0.3130386162153101,0,-0.11,-0.22,-0.11
2014-04-14 11:05:00,80.0,0.31141992746550823,0,-0.11,-0.22,-0.11
2014-04-14 11:10:00,80.0,0.3098924052433209,0,-0.11,-0.22,-0.11
2014-04-14 11:15:00,80.0,0.3084478377025192,0,-0.11,-0.22,-0.11
2014-04-14 11:20:00,80.0,0.30707904799342506,0,-0.11,-0.22,-0.11
2014-04-14 11:25:00,80.0,0.30577973119484964,0,-0.11,-0.22,-0.11
2014-04-14 11:30:00,80.0,0.3045443215896498,0,-0.11,-0.22,-0.11
2014-04-14 11:35:00,80.0,0.30336788383053004,0,-0.11,-0.22,-0.11
2014-04-14 11:40:00,80.0,0.3022460230758601,0,-0.11,-0.22,-0.11
2014-04-14 11:45:00,80.0,0.30117481030842125,0,-0.11,-0.22,-0.11
2014-04-14 11:50:00,80.0,0.30015071989625364,0,-0.11,-0.22,-0.11
2014-04-14 11:55:00,80.0,0.2991705770929721,0,-0.11,-0.22,-0.11
2014-04-14 12:00:00,80.0,0.2982315136605861,0,-0.11,-0.22,-0.11
2014-04-14 12:05:00,80.0,0.2973309301706269,0,-0.11,-0.22,-0.11
2014-04-14 12:10:00,80.0,0.2964664638277933,0,-0.11,-0.22,-0.11
2014-04-14 12:15:00,80.0,0.2956359608851617,0,-0.11,-0.22,-0.11
2014-04-14 12:20:00,80.0,0.2948374528965197,0,-0.11,-0.22,-0.11
2014-04-14 12:25:00,80.0,0.2940691361909057,0,-0.11,-0.22,-0.11
2014-04-14 12:30:00,80.0,0.2933293540654143,0,-0.11,-0.22,-0.11
2014-04-14 12:35:00,80.0,0.2926165812811409,0,-0.11,-0.22,-0.11
2014-04-14 12:40:00,80.0,0.2919294105186129,0,-0.11,-0.22,-0.11
2014-04-14 12:45:00,80.0,0.2912665405068966,0,-0.11,-0.22,-0.11
2014-04-14 12:50:00,80.0,0.29062676558761275,0,-0.11,-0.22,-0.11
2014-04-14 12:55:00,80.0,0.2900089665135526,0,-0.11,-0.22,-0.11
2014-04-14 13:00:00,80.0,0.2894121023131637,0,-0.11,-0.22,-0.11
2014-04-14 13:05:00,80.0,0.2888352030782308,0,-0.11,-0.22,-0.11
2014-04-14 13:10:00,80.0,0.2882773635536603,0,-0.11,-0.22,-0.11
2014-04-14 13:15:00,80.0,0.2877377374262298,0,-0.11,-0.22,-0.11
2014-04-14 13:20:00,80.0,0.2872155322241621,0,-0.11,-0.22,-0.11
2014-04-14 13:25:00,80.0,0.2867100047519517,0,-0.11,-0.22,-0.11
2014-04-14 13:30:00,80.0,0.2862204569954478,0,-0.11,-0.22,-0.11
2014-04-14 13:35:00,80.0,0.2857462324411246,0,-0.11,-0.22,-0.11
2014-04-14 13:40:00,80.0,0.2852867127610377,0,-0.11,-0.22,-0.11
2014-04-14 13:45:00,80.0,0.2848413148213833,0,-0.11,-0.22,-0.11
2014-04-14 13:50:00,80.0,0.2844094879780657,0,-0.11,-0.22,-0.11
2014-04-14 13:55:00,80.0,0.28399071162735123,0,-0.11,-0.22,-0.11
2014-04-14 14:00:00,80.0,0.28358449298371285,0,-0.11,-0.22,-0.11
2014-04-14 14:05:00,80.0,0.28319036506041273,0,-0.11,-0.22,-0.11
2014-04-14 14:10:00,80.0,0.2828078848313534,0,-0.11,-0.22,-0.11
2014-04-14 14:15:00,80.0,0.2824366315552964,0,-0.11,-0.22,-0.11
2014-04-14 14:20:00,80.0,0.28207620524577737,0,-0.11,-0.22,-0.11
2014-04-14 14:25:00,80.0,0.281726225271982,0,-0.11,-0.22,-0.11
2014-04-14 14:30:00,80.0,0.2813863290775328,0,-0.11,-0.22,-0.11
2014-04-14 14:35:00,80.0,0.2810561710056061,0,-0.11,-0.22,-0.11
2014-04-14 14:40:00,80.0,0.2807354212200843,0,-0.11,-0.22,-0.11
2014-04-14 14:45:00,80.0,0.28042376471357633,0,-0.11,-0.22,-0.11
2014-04-14 14:50:00,80.0,0.28012090039412674,0,-0.11,-0.22,-0.11
2014-04-14 14:55:00,80.0,0.2798265402433034,0,-0.11,-0.22,-0.11
2014-04-14 15:00:00,80.0,0.27954040853912393,0,-0.11,-0.22,-0.11
2014-04-14 15:05:00,80.0,0.2792622411379553,0,-0.11,-0.22,-0.11
2014-04-14 15:10:00,80.0,0.2789917848101215,0,-0.11,-0.22,-0.11
2014-04-14 15:15:00,80.0,0.2787287966244847,0,-0.11,-0.22,-0.11
2014-04-14 15:20:00,80.0,0.27847304337773904,0,-0.11,-0.22,-0.11
2014-04-14 15:25:00,80.0,0.2782243010645714,0,-0.11,-0.22,-0.11
2014-04-14 15:30:00,80.0,0.2779823543852208,0,-0.11,-0.22,-0.11
2014-04-14 15:35:00,80.0,0.2777469962872983,0,-0.11,-0.22,-0.11
2014-04-14 15:40:00,80.0,0.2775180275390299,0,-0.11,-0.22,-0.11
2014-04-14 15:45:00,80.0,0.2772952563313463,0,-0.11,-0.22,-0.11
2014-04-14 15:50:00,80.0,0.27707849790648786,0,-0.11,-0.22,-0.11
2014-04-14 15:55:00,80.0,0.2768675742110021,0,-0.11,-0.22,-0.11
2014-04-14 16:00:00,80.0,0.276662313571206,0,-0.11,-0.22,-0.11
2014-04-14 16:05:00,80.0,0.2764625503893567,0,-0.11,-0.22,-0.11
2014-04-14 16:10:00,80.0,0.2762681248589322,0,-0.11,-0.22,-0.11
2014-04-14 16:15:00,80.0,0.27607888269756004,0,-0.11,-0.22,-0.11
2014-04-14 16:20:00,80.0,0.275894674896264,0,-0.11,-0.22,-0.11
2014-04-14 16:25:00,80.0,0.2757153574838088,0,-0.11,-0.22,-0.11
2014-04-14 16:30:00,80.0,0.2755407913050282,0,-0.11,-0.22,-0.11
2014-04-14 16:35:00,80.0,0.2753708418121173,0,-0.11,-0.22,-0.11
2014-04-14 16:40:00,80.0,0.2752053788679522,0,-0.11,-0.22,-0.11
2014-04-14 16:45:00,80.0,0.2750442765605787,0,-0.11,-0.22,-0.11
2014-04-14 16:50:00,80.0,0.2748874130280844,0,-0.11,-0.22,-0.11
2014-04-14 16:55:00,80.0,0.2747346702931263,0,-0.11,-0.22,-0.11
2014-04-14 17:00:00,80.0,0.2745859341064517,0,-0.11,-0.22,-0.11
2014-04-14 17:05:00,80.0,0.27444109379879633,0,-0.11,-0.22,-0.11
2014-04-14 17:10:00,80.0,0.2743000421405986,0,-0.11,-0.22,-0.11
2014-04-14 17:15:00,80.0,0.2741626752090048,0,-0.11,-0.22,-0.11
2014-04-14 17:20:00,80.0,0.2740288922616894,0,-0.11,-0.22,-0.11
2014-04-14 17:25:00,80.0,0.27389859561704444,0,-0.11,-0.22,-0.11
2014-04-14 17:30:00,80.0,0.2737716905403291,0,-0.11,-0.22,-0.11
2014-04-14 17:35:00,80.0,0.27364808513540034,0,-0.11,-0.22,-0.11
2014-04-14 17:40:00,80.0,0.2735276902416747,0,-0.11,-0.22,-0.11
2014-04-14 17:45:00,80.0,0.2734104193359956,0,-0.11,-0.22,-0.11
2014-04-14 17:50:00,80.0,0.2732961884391057,0,-0.11,-0.22,-0.11
2014-04-14 17:55:00,80.0,0.2731849160264467,0,-0.11,-0.22,-0.11
2014-04-14 18:00:00,20.0,0.98672470545675,0,-0.11,-0.22,-0.11
2014-04-14 18:05:00,20.0,0.5984130656168682,0,-0.11,-0.22,-0.11
2014-04-14 18:10:00,20.0,0.4985601669105184,0,-0.11,-0.22,-0.11
2014-04-14 18:15:00,20.0,0.4517019586339162,0,-0.11,-0.22,-0.11
2014-04-14 18:20:00,20.0,0.4234038724750263,0,-0.11,-0.22,-0.11
2014-04-14 18:25:00,20.0,0.4040020193282346,0,-0.11,-0.22,-0.11
2014-04-14 18:30:00,20.0,0.3896414405169961,0,-0.11,-0.22,-0.11
2014-04-14 18:35:00,20.0,0.3784538936931736,0,-0.11,-0.22,-0.11
2014-04-14 18:40:00,20.0,0.3694131768345323,0,-0.11,-0.22,-0.11
2014-04-14 18:45:00,20.0,0.3619038632281193,0,-0.11,-0.22,-0.11
2014-04-14 18:50:00,20.0,0.3555320093061965,0,-0.11,-0.22,-0.11
2014-04-14 18:55:00,20.0,0.35003241311086386,0,-0.11,-0.22,-0.11
2014-04-14 19:00:00,20.0,0.3452192265964673,0,-0.11,-0.22,-0.11
2014-04-14 19:05:00,20.0,0.3409578730910682,0,-0.11,-0.22,-0.11
2014-04-14 19:10:00,20.0,0.3371482098885298,0,-0.11,-0.22,-0.11
2014-04-14 19:15:00,20.0,0.333713981107599,0,-0.11,-0.22,-0.11
2014-04-14 19:20:00,20.0,0.3305959630247675,0,-0.11,-0.22,-0.11
2014-04-14 19:25:00,20.0,0.3277473670259728,0,-0.11,-0.22,-0.11
2014-04-14 19:30:00,20.0,0.32513067186755673,0,-0.11,-0.22,-0.11
2014-04-14 19:35:00,20.0,0.32271538858999194,0,-0.11,-0.22,-0.11
2014-04-14 19:40:00,20.0,0.3204764503058516,0,-0.11,-0.22,-0.11
2014-04-14 19:45:00,20.0,0.3183930305333293,0,-0.11,-0.22,-0.11
2014-04-14 19:50:00,20.0,0.3164476615924378,0,-0.11,-0.22,-0.11
2014-04-14 19:55:00,20.0,0.3146255670408703,0,-0.11,-0.22,-0.11
2014-04-14 20:00:00,20.0,0.3129141493636714,0,-0.11,-0.22,-0.11
2014-04-14 20:05:00,20.0,0.3113025919952282,0,-0.11,-0.22,-0.11
2014-04-14 20:10:00,20.0,0.3097815467065041,0,-0.11,-0.22,-0.11
2014-04-14 20:15:00,20.0,0.3083428855372252,0,-0.11,-0.22,-0.11
2014-04-14 20:20:00,20.0,0.3069795020977956,0,-0.11,-0.22,-0.11
2014-04-14 20:25:00,20.0,0.3056851510373863,0,-0.11,-0.22,-0.11
2014-04-14 20:30:00,20.0,0.3044543173084137,0,-0.11,-0.22,-0.11
2014-04-14 20:35:00,20.0,0.30328210890585844,0,-0.11,-0.22,-0.11
2014-04-14 20:40:00,20.0,0.3021641682581643,0,-0.11,-0.22,-0.11
2014-04-14 20:45:00,20.0,0.3010965985547236,0,-0.11,-0.22,-0.11
2014-04-14 20:50:00,20.0,0.30007590212327184,0,-0.11,-0.22,-0.11
2014-04-14 20:55:00,20.0,0.2990989285955989,0,-0.11,-0.22,-0.11
2014-04-14 21:00:00,20.0,0.29816283107600233,0,-0.11,-0.22,-0.11
2014-04-14 21:05:00,20.0,0.29726502889248685,0,-0.11,-0.22,-0.11
2014-04-14 21:10:00,20.0,0.29640317579372594,0,-0.11,-0.22,-0.11
2014-04-14 21:15:00,20.0,0.295575132675549,0,-0.11,-0.22,-0.11
2014-04-14 21:20:00,20.0,0.294778944094114,0,-0.11,-0.22,-0.11
2014-04-14 21:25:00,20.0,0.2940128179600481,0,-0.11,-0.22,-0.11
2014-04-14 21:30:00,20.0,0.2932751079169629,0,-0.11,-0.22,-0.11
2014-04-14 21:35:00,20.0,0.2925642979951096,0,-0.11,-0.22,-0.11
2014-04-14 21:40:00,20.0,0.29187898920128524,0,-0.11,-0.22,-0.11
2014-04-14 21:45:00,20.0,0.2912178877630394,0,-0.11,-0.22,-0.11
2014-04-14 21:50:00,20.0,0.2905797947915665,0,-0.11,-0.22,-0.11
2014-04-14 21:55:00,20.0,0.28996359716555603,0,-0.11,-0.22,-0.11
2014-04-14 22:00:00,20.0,0.2893682594693981,0,-0.11,-0.22,-0.11
2014-04-14 22:05:00,20.0,0.28879281684482644,0,-0.11,-0.22,-0.11
2014-04-14 22:10:00,20.0,0.2882363686363658,0,-0.11,-0.22,-0.11
2014-04-14 22:15:00,20.0,0.2876980727286658,0,-0.11,-0.22,-0.11
2014-04-14 22:20:00,20.0,0.2871771404885951,0,-0.11,-0.22,-0.11
2014-04-14 22:25:00,20.0,0.28667283223738244,0,-0.11,-0.22,-0.11
2014-04-14 22:30:00,20.0,0.28618445318852803,0,-0.11,-0.22,-0.11
2014-04-14 22:35:00,20.0,0.28571134979602786,0,-0.11,-0.22,-0.11
2014-04-14 22:40:00,20.0,0.28525290646492435,0,-0.11,-0.22,-0.11
2014-04-14 22:45:00,20.0,0.2848085425825444,0,-0.11,-0.22,-0.11
2014-04-14 22:50:00,20.0,0.2843777098342027,0,-0.11,-0.22,-0.11
2014-04-14 22:55:00,20.0,0.28395988977177483,0,-0.11,-0.22,-0.11
2014-04-14 23:00:00,20.0,0.2835545916075163,0,-0.11,-0.22,-0.11
2014-04-14 23:05:00,20.0,0.28316135020891714,0,-0.11,-0.22,-0.11
2014-04-14 23:10:00,20.0,0.2827797242733259,0,-0.11,-0.22,-0.11
2014-04-14 23:15:00,20.0,0.2824092946636206,0,-0.11,-0.22,-0.11
2014-04-14 23:20:00,20.0,0.2820496628884097,0,-0.11,-0.22,-0.11
2014-04-14 23:25:00,20.0,0.28170044971216285,0,-0.11,-0.22,-0.11
2014-04-14 23:30:00,20.0,0.2813612938823368,0,-0.11,-0.22,-0.11
2014-04-14 23:35:00,20.0,0.2810318509620187,0,-0.11,-0.22,-0.11
2014-04-14 23:40:00,20.0,0.2807117922578834,0,-0.11,-0.22,-0.11
2014-04-14 23:45:00,20.0,0.28040080383437177,0,-0.11,-0.22,-0.11
2014-04-14 23:50:00,20.0,0.2800985856059837,0,-0.11,-0.22,-0.11
2014-04-14 23:55:00,20.0,0.2798048505004341,0,-0.11,-0.22,-0.11
