timestamp,value,anomaly_score,label,S(t)_standard,S(t)_reward_low_FP_rate,S(t)_reward_low_FN_rate
2015-07-28 11:56:00,248,0.0,0,-0.11,-0.22,-0.11
2015-07-28 12:06:00,178,0.0,0,-0.11,-0.22,-0.11
2015-07-28 12:25:00,155,0.0,0,-0.11,-0.22,-0.11
2015-07-28 13:56:00,121,0.0,0,-0.11,-0.22,-0.11
2015-07-28 14:06:00,103,0.0,0,-0.11,-0.22,-0.11
2015-07-28 14:16:00,96,0.0,0,-0.11,-0.22,-0.11
2015-07-28 17:23:00,170,0.0,0,-0.11,-0.22,-0.11
2015-07-28 22:03:00,168,0.0,0,-0.11,-0.22,-0.11
2015-07-28 22:13:00,177,0.0,0,-0.11,-0.22,-0.11
2015-07-28 22:22:00,211,0.0,0,-0.11,-0.22,-0.11
2015-07-28 22:33:00,258,0.0,0,-0.11,-0.22,-0.11
2015-07-28 22:43:00,191,0.0,0,-0.11,-0.22,-0.11
2015-07-29 06:49:00,4416,0.0,0,-0.11,-0.22,-0.11
2015-07-29 07:23:00,200,0.0,0,-0.11,-0.22,-0.11
2015-07-29 07:53:00,210,0.0,0,-0.11,-0.22,-0.11
2015-07-29 08:13:00,197,0.0,0,-0.11,-0.22,-0.11
2015-07-29 08:23:00,238,0.0,0,-0.11,-0.22,-0.11
2015-07-29 08:51:00,264,0.0,0,-0.11,-0.22,-0.11
2015-07-29 09:03:00,263,0.0,0,-0.11,-0.22,-0.11
2015-07-29 09:13:00,237,0.0,0,-0.11,-0.22,-0.11
2015-07-29 09:43:00,218,0.0,0,-0.11,-0.22,-0.11
2015-07-29 10:03:00,218,0.0,0,-0.11,-0.22,-0.11
2015-07-29 10:13:00,286,0.0,0,-0.11,-0.22,-0.11
2015-07-29 10:17:00,287,0.0,0,-0.11,-0.22,-0.11
2015-07-30 08:58:00,312,0.0,0,-0.11,-0.22,-0.11
2015-07-30 09:07:00,296,0.0,0,-0.11,-0.22,-0.11
2015-07-30 09:18:00,213,0.0,0,-0.11,-0.22,-0.11
2015-07-30 09:28:00,189,0.0,0,-0.11,-0.22,-0.11
2015-07-30 09:37:00,174,0.0,0,-0.11,-0.22,-0.11
2015-07-30 09:48:00,210,0.0,0,-0.11,-0.22,-0.11
2015-07-30 09:57:00,229,0.0,0,-0.11,-0.22,-0.11
2015-07-30 10:18:00,226,0.0,0,-0.11,-0.22,-0.11
2015-07-30 11:07:00,348,0.0,0,-0.11,-0.22,-0.11
2015-07-30 12:35:00,58,0.0,0,-0.11,-0.22,-0.11
2015-07-30 13:14:00,118,0.0,0,-0.11,-0.22,-0.11
2015-07-30 13:38:00,121,0.0,0,-0.11,-0.22,-0.11
2015-07-30 14:14:00,530,0.0,0,-0.11,-0.22,-0.11
2015-07-30 14:38:00,185,0.0,0,-0.11,-0.22,-0.11
2015-07-30 14:48:00,189,0.0,0,-0.11,-0.22,-0.11
2015-07-30 14:52:00,221,0.0,0,-0.11,-0.22,-0.11
2015-07-30 15:08:00,392,0.0,0,-0.11,-0.22,-0.11
2015-07-30 15:18:00,418,0.0,0,-0.11,-0.22,-0.11
2015-07-30 15:27:00,603,0.0,0,-0.11,-0.22,-0.11
2015-07-30 15:37:00,705,0.0,0,-0.11,-0.22,-0.11
2015-07-30 15:48:00,798,0.0,0,-0.11,-0.22,-0.11
2015-07-30 15:58:00,729,0.0,0,-0.11,-0.22,-0.11
2015-07-30 16:08:00,863,0.0,0,-0.11,-0.22,-0.11
2015-07-30 16:34:00,916,0.0,0,-0.11,-0.22,-0.11
2015-07-30 16:55:00,652,0.0,0,-0.11,-0.22,-0.11
2015-07-30 17:26:00,881,0.0,0,-0.11,-0.22,-0.11
2015-07-30 18:07:00,383,0.0,0,-0.11,-0.22,-0.11
2015-07-30 19:00:00,393,0.0,0,-0.11,-0.22,-0.11
2015-07-30 20:48:00,29,0.0,0,-0.11,-0.22,-0.11
2015-07-30 21:39:00,69,0.0,0,-0.11,-0.22,-0.11
2015-07-30 21:41:00,99,0.0,0,-0.11,-0.22,-0.11
2015-07-30 21:59:00,73,0.0,0,-0.11,-0.22,-0.11
2015-07-30 22:01:00,106,0.0,0,-0.11,-0.22,-0.11
2015-07-30 22:59:00,159,0.0,0,-0.11,-0.22,-0.11
2015-07-30 23:48:00,110,0.0,0,-0.11,-0.22,-0.11
2015-07-31 06:07:00,96,0.0,0,-0.11,-0.22,-0.11
2015-07-31 08:59:00,611,0.0,0,-0.11,-0.22,-0.11
2015-07-31 09:09:00,1144,0.0,0,-0.11,-0.22,-0.11
2015-07-31 09:19:00,1321,0.0,0,-0.11,-0.22,-0.11
2015-07-31 09:28:00,1510,0.0,0,-0.11,-0.22,-0.11
2015-07-31 09:39:00,1623,0.0,0,-0.11,-0.22,-0.11
2015-07-31 09:49:00,1932,0.0,0,-0.11,-0.22,-0.11
2015-07-31 09:59:00,2051,0.0,0,-0.11,-0.22,-0.11
2015-07-31 10:09:00,1978,0.0,0,-0.11,-0.22,-0.11
2015-07-31 10:19:00,2942,0.0,0,-0.11,-0.22,-0.11
2015-07-31 10:29:00,3036,0.0,0,-0.11,-0.22,-0.11
2015-07-31 10:39:00,3182,0.0,0,-0.11,-0.22,-0.11
2015-07-31 10:49:00,2869,0.0,0,-0.11,-0.22,-0.11
2015-07-31 10:59:00,3058,0.0,0,-0.11,-0.22,-0.11
2015-07-31 11:09:00,4290,0.0,0,-0.11,-0.22,-0.11
2015-07-31 11:29:00,3922,0.0,0,-0.11,-0.22,-0.11
2015-07-31 11:39:00,4295,0.0,0,-0.11,-0.22,-0.11
2015-07-31 11:59:00,4757,0.0,0,-0.11,-0.22,-0.11
2015-07-31 12:09:00,5161,0.0,0,-0.11,-0.22,-0.11
2015-07-31 12:29:00,5241,0.0,0,-0.11,-0.22,-0.11
2015-07-31 12:33:00,5578,0.0,0,-0.11,-0.22,-0.11
2015-07-31 16:39:00,277,0.0,0,-0.11,-0.22,-0.11
2015-07-31 16:49:00,217,0.0,0,-0.11,-0.22,-0.11
2015-07-31 16:59:00,226,0.0,0,-0.11,-0.22,-0.11
2015-07-31 17:08:00,308,0.0,0,-0.11,-0.22,-0.11
2015-07-31 17:18:00,349,0.0,0,-0.11,-0.22,-0.11
2015-07-31 17:41:00,230,0.0,0,-0.11,-0.22,-0.11
2015-07-31 17:48:00,224,0.0,0,-0.11,-0.22,-0.11
2015-07-31 18:01:00,261,0.0,0,-0.11,-0.22,-0.11
2015-07-31 23:50:00,182,0.0,0,-0.11,-0.22,-0.11
2015-08-01 19:09:00,162,0.0,0,-0.11,-0.22,-0.11
2015-08-01 19:59:00,162,0.0,0,-0.11,-0.22,-0.11
2015-08-01 20:18:00,192,0.0,0,-0.11,-0.22,-0.11
2015-08-01 22:33:00,190,0.0,0,-0.11,-0.22,-0.11
2015-08-01 22:45:00,201,0.0,0,-0.11,-0.22,-0.11
2015-08-01 23:43:00,301,0.0,0,-0.11,-0.22,-0.11
2015-08-02 05:55:00,114,0.0,0,-0.11,-0.22,-0.11
2015-08-02 06:15:00,122,0.0,0,-0.11,-0.22,-0.11
2015-08-02 06:35:00,111,0.0,0,-0.11,-0.22,-0.11
2015-08-02 09:44:00,157,0.0,0,-0.11,-0.22,-0.11
2015-08-02 10:05:00,92,0.0,0,-0.11,-0.22,-0.11
2015-08-02 14:46:00,147,0.0,0,-0.11,-0.22,-0.11
2015-08-02 15:26:00,154,0.0,0,-0.11,-0.22,-0.11
2015-08-02 16:26:00,144,0.0,0,-0.11,-0.22,-0.11
2015-08-02 17:05:00,214,0.0,0,-0.11,-0.22,-0.11
2015-08-02 18:46:00,147,0.0,0,-0.11,-0.22,-0.11
2015-08-02 19:16:00,189,0.0,0,-0.11,-0.22,-0.11
2015-08-02 19:24:00,186,0.0,0,-0.11,-0.22,-0.11
2015-08-02 19:56:00,141,0.0,0,-0.11,-0.22,-0.11
2015-08-02 20:56:00,186,0.0,0,-0.11,-0.22,-0.11
2015-08-02 22:46:00,228,0.0,0,-0.11,-0.22,-0.11
2015-08-02 23:06:00,268,0.0,0,-0.11,-0.22,-0.11
2015-08-02 23:16:00,285,0.0,0,-0.11,-0.22,-0.11
2015-08-02 23:26:00,320,0.0,0,-0.11,-0.22,-0.11
2015-08-02 23:45:00,436,0.0,0,-0.11,-0.22,-0.11
2015-08-02 23:56:00,353,0.0,0,-0.11,-0.22,-0.11
2015-08-03 00:04:00,431,0.0,0,-0.11,-0.22,-0.11
2015-08-03 07:36:00,188,0.0,0,-0.11,-0.22,-0.11
2015-08-03 07:46:00,203,0.0,0,-0.11,-0.22,-0.11
2015-08-03 07:55:00,202,0.0,0,-0.11,-0.22,-0.11
2015-08-03 08:05:00,240,0.0,0,-0.11,-0.22,-0.11
2015-08-03 08:16:00,293,0.0,0,-0.11,-0.22,-0.11
2015-08-03 08:26:00,324,0.0,0,-0.11,-0.22,-0.11
2015-08-03 08:36:00,386,0.0,0,-0.11,-0.22,-0.11
2015-08-03 08:46:00,414,0.0,0,-0.11,-0.22,-0.11
2015-08-03 08:53:00,374,0.0,0,-0.11,-0.22,-0.11
2015-08-03 09:06:00,317,0.0,0,-0.11,-0.22,-0.11
2015-08-03 10:46:00,291,0.0,0,-0.11,-0.22,-0.11
2015-08-03 10:56:00,316,0.0,0,-0.11,-0.22,-0.11
2015-08-03 11:15:00,317,0.0,0,-0.11,-0.22,-0.11
2015-08-03 11:46:00,237,0.0,0,-0.11,-0.22,-0.11
2015-08-03 11:56:00,216,0.0,0,-0.11,-0.22,-0.11
2015-08-03 13:06:00,166,0.0,0,-0.11,-0.22,-0.11
2015-08-03 14:06:00,168,0.0,0,-0.11,-0.22,-0.11
2015-08-03 14:16:00,142,0.0,0,-0.11,-0.22,-0.11
2015-08-03 15:56:00,72,0.0,0,-0.11,-0.22,-0.11
2015-08-03 16:27:00,390,0.0,0,-0.11,-0.22,-0.11
2015-08-03 16:37:00,315,0.0,0,-0.11,-0.22,-0.11
2015-08-03 16:57:00,334,0.0,0,-0.11,-0.22,-0.11
2015-08-03 17:16:00,210,0.0,0,-0.11,-0.22,-0.11
2015-08-03 18:37:00,148,0.0,0,-0.11,-0.22,-0.11
2015-08-04 03:27:00,915,0.0,0,-0.11,-0.22,-0.11
2015-08-04 03:37:00,922,0.0,0,-0.11,-0.22,-0.11
2015-08-04 03:47:00,912,0.0,0,-0.11,-0.22,-0.11
2015-08-04 03:51:00,980,0.0,0,-0.11,-0.22,-0.11
2015-08-04 07:55:00,190,0.0,0,-0.11,-0.22,-0.11
2015-08-04 08:07:00,208,0.0,0,-0.11,-0.22,-0.11
2015-08-04 08:15:00,188,0.0,0,-0.11,-0.22,-0.11
2015-08-04 08:25:00,212,0.0,0,-0.11,-0.22,-0.11
2015-08-04 08:34:00,297,0.0,0,-0.11,-0.22,-0.11
2015-08-04 08:47:00,322,0.0,0,-0.11,-0.22,-0.11
2015-08-04 08:57:00,359,0.0,0,-0.11,-0.22,-0.11
2015-08-04 09:07:00,360,0.0,0,-0.11,-0.22,-0.11
2015-08-04 09:27:00,307,0.0,0,-0.11,-0.22,-0.11
2015-08-04 09:46:00,204,0.0,0,-0.11,-0.22,-0.11
2015-08-04 10:07:00,258,0.0,0,-0.11,-0.22,-0.11
2015-08-04 10:17:00,239,0.0,0,-0.11,-0.22,-0.11
2015-08-04 10:27:00,219,0.0,0,-0.11,-0.22,-0.11
2015-08-04 11:07:00,788,0.0,0,-0.11,-0.22,-0.11
2015-08-04 11:17:00,1147,0.0,0,-0.11,-0.22,-0.11
2015-08-04 11:33:00,1328,0.0,0,-0.11,-0.22,-0.11
2015-08-04 11:43:00,330,0.0,0,-0.11,-0.22,-0.11
2015-08-04 11:53:00,249,0.0,0,-0.11,-0.22,-0.11
2015-08-04 12:13:00,521,0.0,0,-0.11,-0.22,-0.11
2015-08-04 12:22:00,549,0.0,0,-0.11,-0.22,-0.11
2015-08-04 12:33:00,631,0.0,0,-0.11,-0.22,-0.11
2015-08-04 15:23:00,141,0.0,0,-0.11,-0.22,-0.11
2015-08-04 16:02:00,146,0.0,0,-0.11,-0.22,-0.11
2015-08-04 16:13:00,153,0.0,0,-0.11,-0.22,-0.11
2015-08-04 16:23:00,171,0.0,0,-0.11,-0.22,-0.11
2015-08-04 16:33:00,363,0.0,0,-0.11,-0.22,-0.11
2015-08-04 16:43:00,147,0.0,0,-0.11,-0.22,-0.11
2015-08-04 16:53:00,191,0.0,0,-0.11,-0.22,-0.11
2015-08-04 17:03:00,188,0.0,0,-0.11,-0.22,-0.11
2015-08-04 17:12:00,195,0.0,0,-0.11,-0.22,-0.11
2015-08-04 17:23:00,178,0.0,0,-0.11,-0.22,-0.11
2015-08-04 17:33:00,352,0.0,0,-0.11,-0.22,-0.11
2015-08-04 17:43:00,146,0.0,0,-0.11,-0.22,-0.11
2015-08-04 17:53:00,456,0.0,0,-0.11,-0.22,-0.11
2015-08-04 18:03:00,146,0.0,0,-0.11,-0.22,-0.11
2015-08-04 18:10:00,267,0.0,0,-0.11,-0.22,-0.11
2015-08-04 18:23:00,145,0.0,0,-0.11,-0.22,-0.11
2015-08-04 18:30:00,139,0.0,0,-0.11,-0.22,-0.11
2015-08-04 18:36:00,144,0.0,0,-0.11,-0.22,-0.11
2015-08-04 18:50:00,183,0.0,0,-0.11,-0.22,-0.11
2015-08-04 19:00:00,162,0.0,0,-0.11,-0.22,-0.11
2015-08-04 19:08:00,168,0.0,0,-0.11,-0.22,-0.11
2015-08-04 19:20:00,864,0.0,0,-0.11,-0.22,-0.11
2015-08-04 19:29:00,799,0.0,0,-0.11,-0.22,-0.11
2015-08-04 19:39:00,821,0.0,0,-0.11,-0.22,-0.11
2015-08-04 19:47:00,730,0.0,0,-0.11,-0.22,-0.11
2015-08-04 20:00:00,606,0.0,0,-0.11,-0.22,-0.11
2015-08-04 20:10:00,1012,0.0,0,-0.11,-0.22,-0.11
2015-08-04 20:20:00,760,0.0,0,-0.11,-0.22,-0.11
2015-08-04 20:30:00,987,0.0,0,-0.11,-0.22,-0.11
2015-08-04 20:39:00,719,0.0,0,-0.11,-0.22,-0.11
2015-08-04 20:48:00,2155,0.0,0,-0.11,-0.22,-0.11
2015-08-04 20:59:00,515,0.0,0,-0.11,-0.22,-0.11
2015-08-04 21:20:00,518,0.0,0,-0.11,-0.22,-0.11
2015-08-04 21:30:00,789,0.0,0,-0.11,-0.22,-0.11
2015-08-04 21:40:00,989,0.0,0,-0.11,-0.22,-0.11
2015-08-04 21:50:00,1072,0.0,0,-0.11,-0.22,-0.11
2015-08-04 21:59:00,1011,0.0,0,-0.11,-0.22,-0.11
2015-08-04 22:10:00,1070,0.0,0,-0.11,-0.22,-0.11
2015-08-04 22:13:00,2432,0.0,0,-0.11,-0.22,-0.11
2015-08-04 22:30:00,1587,0.0,0,-0.11,-0.22,-0.11
2015-08-04 22:40:00,1402,0.0,0,-0.11,-0.22,-0.11
2015-08-04 22:50:00,1208,0.0,0,-0.11,-0.22,-0.11
2015-08-04 23:00:00,1425,0.0,0,-0.11,-0.22,-0.11
2015-08-04 23:10:00,1288,0.0,0,-0.11,-0.22,-0.11
2015-08-04 23:20:00,1081,0.0,0,-0.11,-0.22,-0.11
2015-08-04 23:48:00,383,0.0,0,-0.11,-0.22,-0.11
2015-08-05 00:18:00,1022,0.0,0,-0.11,-0.22,-0.11
2015-08-05 00:30:00,2439,0.0,0,-0.11,-0.22,-0.11
2015-08-05 00:40:00,1908,0.0,0,-0.11,-0.22,-0.11
2015-08-05 00:50:00,749,0.0,0,-0.11,-0.22,-0.11
2015-08-05 07:30:00,183,0.0,0,-0.11,-0.22,-0.11
2015-08-05 07:50:00,155,0.0,0,-0.11,-0.22,-0.11
2015-08-05 07:59:00,161,0.0,0,-0.11,-0.22,-0.11
2015-08-05 08:10:00,171,0.0,0,-0.11,-0.22,-0.11
2015-08-05 08:19:00,203,0.0,0,-0.11,-0.22,-0.11
2015-08-05 08:30:00,291,0.0,0,-0.11,-0.22,-0.11
2015-08-05 08:40:00,381,0.0,0,-0.11,-0.22,-0.11
2015-08-05 09:00:00,410,0.0,0,-0.11,-0.22,-0.11
2015-08-05 09:10:00,273,0.0,0,-0.11,-0.22,-0.11
2015-08-05 09:48:00,266,0.0,0,-0.11,-0.22,-0.11
2015-08-05 10:08:00,207,0.0,0,-0.11,-0.22,-0.11
2015-08-05 10:20:00,301,0.0,0,-0.11,-0.22,-0.11
2015-08-05 10:30:00,405,0.0,0,-0.11,-0.22,-0.11
2015-08-05 12:26:00,154,0.0,0,-0.11,-0.22,-0.11
2015-08-05 12:56:00,164,0.0,0,-0.11,-0.22,-0.11
2015-08-05 13:46:00,139,0.0,0,-0.11,-0.22,-0.11
2015-08-05 13:55:00,153,0.0,0,-0.11,-0.22,-0.11
2015-08-05 14:56:00,154,0.0,0,-0.11,-0.22,-0.11
2015-08-05 16:56:00,164,0.0,0,-0.11,-0.22,-0.11
2015-08-05 17:26:00,152,0.0,0,-0.11,-0.22,-0.11
2015-08-05 17:34:00,181,0.0,0,-0.11,-0.22,-0.11
2015-08-05 18:14:00,149,0.0,0,-0.11,-0.22,-0.11
2015-08-05 21:27:00,138,0.0,0,-0.11,-0.22,-0.11
2015-08-05 22:39:00,135,0.0,0,-0.11,-0.22,-0.11
2015-08-05 23:27:00,150,0.0,0,-0.11,-0.22,-0.11
2015-08-06 04:38:00,107,0.0,0,-0.11,-0.22,-0.11
2015-08-06 04:48:00,117,0.0,0,-0.11,-0.22,-0.11
2015-08-06 05:08:00,111,0.0,0,-0.11,-0.22,-0.11
2015-08-06 06:08:00,104,0.0,0,-0.11,-0.22,-0.11
2015-08-06 06:38:00,146,0.0,0,-0.11,-0.22,-0.11
2015-08-06 06:58:00,130,0.0,0,-0.11,-0.22,-0.11
2015-08-06 07:48:00,134,0.0,0,-0.11,-0.22,-0.11
2015-08-06 07:54:00,136,0.0,0,-0.11,-0.22,-0.11
2015-08-06 08:07:00,201,0.0,0,-0.11,-0.22,-0.11
2015-08-06 08:17:00,246,0.0,0,-0.11,-0.22,-0.11
2015-08-06 08:26:00,240,0.0,0,-0.11,-0.22,-0.11
2015-08-06 08:38:00,301,0.0,0,-0.11,-0.22,-0.11
2015-08-06 08:48:00,356,0.0,0,-0.11,-0.22,-0.11
2015-08-06 08:58:00,308,0.0,0,-0.11,-0.22,-0.11
2015-08-06 09:08:00,347,0.0,0,-0.11,-0.22,-0.11
2015-08-06 09:18:00,488,0.0,0,-0.11,-0.22,-0.11
2015-08-06 09:28:00,466,0.0,0,-0.11,-0.22,-0.11
2015-08-06 09:38:00,378,0.0,0,-0.11,-0.22,-0.11
2015-08-06 09:48:00,323,0.0,0,-0.11,-0.22,-0.11
2015-08-06 09:58:00,218,0.0,0,-0.11,-0.22,-0.11
2015-08-06 10:07:00,205,0.0,0,-0.11,-0.22,-0.11
2015-08-06 10:18:00,208,0.0,0,-0.11,-0.22,-0.11
2015-08-06 10:28:00,277,0.0,0,-0.11,-0.22,-0.11
2015-08-06 10:36:00,318,0.0,0,-0.11,-0.22,-0.11
2015-08-06 10:58:00,207,0.0,0,-0.11,-0.22,-0.11
2015-08-06 11:48:00,99,0.0,0,-0.11,-0.22,-0.11
2015-08-06 11:57:00,100,0.0,0,-0.11,-0.22,-0.11
2015-08-06 12:07:00,110,0.0,0,-0.11,-0.22,-0.11
2015-08-06 12:18:00,120,0.0,0,-0.11,-0.22,-0.11
2015-08-06 12:28:00,125,0.0,0,-0.11,-0.22,-0.11
2015-08-06 12:38:00,139,0.0,0,-0.11,-0.22,-0.11
2015-08-06 12:48:00,180,0.0,0,-0.11,-0.22,-0.11
2015-08-06 13:09:00,163,0.0,0,-0.11,-0.22,-0.11
2015-08-06 13:28:00,167,0.0,0,-0.11,-0.22,-0.11
2015-08-06 13:58:00,199,0.0,0,-0.11,-0.22,-0.11
2015-08-06 14:05:00,193,0.0,0,-0.11,-0.22,-0.11
2015-08-06 15:47:00,181,0.0,0,-0.11,-0.22,-0.11
2015-08-06 16:17:00,180,0.0,0,-0.11,-0.22,-0.11
2015-08-06 16:28:00,179,0.0,0,-0.11,-0.22,-0.11
2015-08-06 17:08:00,175,0.0,0,-0.11,-0.22,-0.11
2015-08-06 17:41:00,156,0.0,0,-0.11,-0.22,-0.11
2015-08-06 17:58:00,123,0.0,0,-0.11,-0.22,-0.11
2015-08-06 18:08:00,50,0.0,0,-0.11,-0.22,-0.11
2015-08-06 18:18:00,126,0.0,0,-0.11,-0.22,-0.11
2015-08-06 19:08:00,142,0.0,0,-0.11,-0.22,-0.11
2015-08-06 21:28:00,247,0.0,0,-0.11,-0.22,-0.11
2015-08-06 21:37:00,200,0.0,0,-0.11,-0.22,-0.11
2015-08-07 06:09:00,5461,0.0,0,-0.11,-0.22,-0.11
2015-08-07 07:40:00,168,0.0,0,-0.11,-0.22,-0.11
2015-08-07 08:19:00,194,0.0,0,-0.11,-0.22,-0.11
2015-08-07 08:30:00,190,0.0,0,-0.11,-0.22,-0.11
2015-08-07 08:40:00,291,0.0,0,-0.11,-0.22,-0.11
2015-08-07 08:50:00,211,0.0,0,-0.11,-0.22,-0.11
2015-08-07 08:59:00,197,0.0,0,-0.11,-0.22,-0.11
2015-08-07 09:30:00,255,0.0,0,-0.11,-0.22,-0.11
2015-08-07 09:40:00,281,0.0,0,-0.11,-0.22,-0.11
2015-08-07 09:48:00,270,0.0,0,-0.11,-0.22,-0.11
2015-08-07 10:10:00,500,0.0,0,-0.11,-0.22,-0.11
2015-08-07 10:30:00,595,0.0,0,-0.11,-0.22,-0.11
2015-08-07 10:40:00,736,0.0,0,-0.11,-0.22,-0.11
2015-08-07 10:50:00,344,0.0,0,-0.11,-0.22,-0.11
2015-08-07 11:00:00,440,0.0,0,-0.11,-0.22,-0.11
2015-08-07 11:10:00,550,0.0,0,-0.11,-0.22,-0.11
2015-08-07 11:17:00,444,0.0,0,-0.11,-0.22,-0.11
2015-08-07 11:30:00,335,0.0,0,-0.11,-0.22,-0.11
2015-08-07 11:40:00,364,0.0,0,-0.11,-0.22,-0.11
2015-08-07 11:59:00,390,0.0,0,-0.11,-0.22,-0.11
2015-08-07 12:10:00,395,0.0,0,-0.11,-0.22,-0.11
2015-08-07 12:48:00,305,0.0,0,-0.11,-0.22,-0.11
2015-08-07 12:59:00,359,0.0,0,-0.11,-0.22,-0.11
2015-08-07 13:10:00,294,0.0,0,-0.11,-0.22,-0.11
2015-08-07 13:20:00,273,0.0,0,-0.11,-0.22,-0.11
2015-08-07 13:30:00,236,0.0,0,-0.11,-0.22,-0.11
2015-08-07 13:39:00,279,0.0,0,-0.11,-0.22,-0.11
2015-08-07 13:50:00,312,0.0,0,-0.11,-0.22,-0.11
2015-08-07 14:00:00,219,0.0,0,-0.11,-0.22,-0.11
2015-08-07 14:10:00,168,0.0,0,-0.11,-0.22,-0.11
2015-08-07 14:18:00,136,0.0,0,-0.11,-0.22,-0.11
2015-08-07 14:30:00,154,0.0,0,-0.11,-0.22,-0.11
2015-08-07 14:40:00,168,0.0,0,-0.11,-0.22,-0.11
2015-08-07 14:50:00,178,0.0,0,-0.11,-0.22,-0.11
2015-08-07 15:00:00,181,0.0,0,-0.11,-0.22,-0.11
2015-08-07 15:28:00,312,0.0,0,-0.11,-0.22,-0.11
2015-08-07 15:38:00,332,0.0,0,-0.11,-0.22,-0.11
2015-08-07 15:58:00,368,0.1908727961398915,0,-0.11,-0.22,-0.11
2015-08-07 16:06:00,302,0.18491416923893567,0,-0.11,-0.22,-0.11
2015-08-07 16:17:00,309,0.1836923602073576,0,-0.11,-0.22,-0.11
2015-08-07 16:24:00,306,0.18416877996212808,0,-0.11,-0.22,-0.11
2015-08-07 16:46:00,436,0.2041266174061299,0,-0.11,-0.22,-0.11
2015-08-07 16:57:00,651,0.2479904484491697,0,-0.11,-0.22,-0.11
2015-08-07 17:06:00,684,0.25249432369175523,0,-0.11,-0.22,-0.11
2015-08-07 17:16:00,822,0.2817763179071796,0,-0.11,-0.22,-0.11
2015-08-07 17:27:00,901,0.29492157795969914,0,-0.11,-0.22,-0.11
2015-08-07 17:38:00,643,0.2284556422906713,0,-0.11,-0.22,-0.11
2015-08-07 17:57:00,339,0.19690289829798333,0,-0.11,-0.22,-0.11
2015-08-07 18:07:00,372,0.19013039953243013,0,-0.11,-0.22,-0.11
2015-08-07 18:17:00,310,0.20236375885707505,0,-0.11,-0.22,-0.11
2015-08-07 18:27:00,259,0.21272385749495784,0,-0.11,-0.22,-0.11
2015-08-07 18:37:00,239,0.21628154728846333,0,-0.11,-0.22,-0.11
2015-08-07 18:47:00,200,0.22431115638612734,0,-0.11,-0.22,-0.11
2015-08-07 20:17:00,159,0.23288128261082644,0,-0.11,-0.22,-0.11
2015-08-07 20:46:00,146,0.2342634324408353,0,-0.11,-0.22,-0.11
2015-08-07 20:55:00,138,0.2343430396984438,0,-0.11,-0.22,-0.11
2015-08-07 22:47:00,89,0.24532349547694626,0,-0.11,-0.22,-0.11
2015-08-08 03:56:00,125,0.23302607618085225,0,-0.11,-0.22,-0.11
2015-08-08 04:47:00,59,0.2491346608293747,0,-0.11,-0.22,-0.11
2015-08-08 04:57:00,61,0.24559439519224965,0,-0.11,-0.22,-0.11
2015-08-08 05:06:00,675,0.2840327507337572,0,-0.11,-0.22,-0.11
2015-08-08 05:17:00,699,0.2848834058920071,0,-0.11,-0.22,-0.11
2015-08-08 05:26:00,552,0.23598111919057105,0,-0.11,-0.22,-0.11
2015-08-08 05:37:00,1170,0.4402941304885766,0,-0.11,-0.22,-0.11
2015-08-08 05:47:00,1687,0.5689636816923628,0,-0.11,-0.22,-0.11
2015-08-08 08:17:00,171,0.2333144812373625,0,-0.11,-0.22,-0.11
2015-08-08 08:37:00,296,0.20749947164656046,0,-0.11,-0.22,-0.11
2015-08-08 08:47:00,304,0.20527306444730264,0,-0.11,-0.22,-0.11
2015-08-08 08:57:00,340,0.19784715055217128,0,-0.11,-0.22,-0.11
2015-08-08 09:07:00,370,0.1917886593021056,0,-0.11,-0.22,-0.11
2015-08-08 09:16:00,417,0.18274807143646565,0,-0.11,-0.22,-0.11
2015-08-08 09:26:00,425,0.18362056983553146,0,-0.11,-0.22,-0.11
2015-08-08 09:37:00,424,0.1833961888418044,0,-0.11,-0.22,-0.11
2015-08-08 09:47:00,342,0.1982334903902611,0,-0.11,-0.22,-0.11
2015-08-08 09:57:00,291,0.20905658473041566,0,-0.11,-0.22,-0.11
2015-08-08 10:07:00,387,0.1870745416463911,0,-0.11,-0.22,-0.11
2015-08-08 10:17:00,334,0.1987437862682676,0,-0.11,-0.22,-0.11
2015-08-08 10:27:00,296,0.2072967292495091,0,-0.11,-0.22,-0.11
2015-08-08 10:37:00,276,0.2115307542656812,0,-0.11,-0.22,-0.11
2015-08-08 10:46:00,263,0.21398511145016208,0,-0.11,-0.22,-0.11
2015-08-08 10:57:00,248,0.21697670467319224,0,-0.11,-0.22,-0.11
2015-08-08 11:07:00,302,0.20161636539638256,0,-0.11,-0.22,-0.11
2015-08-08 11:17:00,235,0.21930032230763347,0,-0.11,-0.22,-0.11
2015-08-08 11:27:00,253,0.2130123270217679,0,-0.11,-0.22,-0.11
2015-08-08 11:37:00,264,0.20895172501799167,0,-0.11,-0.22,-0.11
2015-08-08 11:47:00,133,0.2484523900978516,0,-0.11,-0.22,-0.11
2015-08-08 12:07:00,108,0.2538007725783805,0,-0.11,-0.22,-0.11
2015-08-08 12:17:00,114,0.2484454244528121,0,-0.11,-0.22,-0.11
2015-08-08 12:26:00,116,0.2448518628497357,0,-0.11,-0.22,-0.11
2015-08-08 12:47:00,100,0.24758086056067635,0,-0.11,-0.22,-0.11
2015-08-08 12:57:00,102,0.2440389534172141,0,-0.11,-0.22,-0.11
2015-08-08 13:07:00,94,0.2441773958797115,0,-0.11,-0.22,-0.11
2015-08-08 13:17:00,92,0.24225615251290605,0,-0.11,-0.22,-0.11
2015-08-08 13:27:00,84,0.2425752543674168,0,-0.11,-0.22,-0.11
2015-08-08 13:37:00,124,0.226230916376594,0,-0.11,-0.22,-0.11
2015-08-08 14:47:00,122,0.225391190819367,0,-0.11,-0.22,-0.11
2015-08-08 14:56:00,124,0.22320851073184195,0,-0.11,-0.22,-0.11
2015-08-08 16:30:00,144,0.2148394297093744,0,-0.11,-0.22,-0.11
2015-08-08 17:02:00,127,0.21987275664697434,0,-0.11,-0.22,-0.11
2015-08-08 17:11:00,143,0.21286807426525028,0,-0.11,-0.22,-0.11
2015-08-08 17:22:00,108,0.2249798907856316,0,-0.11,-0.22,-0.11
2015-08-08 17:31:00,131,0.2147619635509227,0,-0.11,-0.22,-0.11
2015-08-08 18:22:00,133,0.21299386177176047,0,-0.11,-0.22,-0.11
2015-08-08 19:12:00,153,0.20439975609195304,0,-0.11,-0.22,-0.11
2015-08-08 20:02:00,111,0.22046561660887398,0,-0.11,-0.22,-0.11
2015-08-08 20:12:00,114,0.21797176679177072,0,-0.11,-0.22,-0.11
2015-08-08 20:22:00,172,0.19342109486233866,0,-0.11,-0.22,-0.11
2015-08-08 22:01:00,143,0.20487312288238588,0,-0.11,-0.22,-0.11
2015-08-08 22:21:00,105,0.2207690389578015,0,-0.11,-0.22,-0.11
2015-08-08 22:32:00,110,0.21724009558273827,0,-0.11,-0.22,-0.11
2015-08-08 22:42:00,113,0.2147576550680648,0,-0.11,-0.22,-0.11
2015-08-08 22:51:00,130,0.20594827901677548,0,-0.11,-0.22,-0.11
2015-08-09 00:22:00,129,0.20573467430019188,0,-0.11,-0.22,-0.11
2015-08-09 04:52:00,115,0.2117670220447776,0,-0.11,-0.22,-0.11
2015-08-09 05:12:00,715,0.5249055180567297,0,-0.11,-0.22,-0.11
2015-08-09 05:22:00,1351,0.7929114681239436,0,-0.11,-0.22,-0.11
2015-08-09 05:32:00,1518,0.6166182613787563,0,-0.11,-0.22,-0.11
2015-08-09 05:42:00,1606,0.5122827792598432,0,-0.11,-0.22,-0.11
2015-08-09 05:50:00,1614,0.4376520985969053,0,-0.11,-0.22,-0.11
2015-08-09 09:32:00,208,0.2174486381876405,0,-0.11,-0.22,-0.11
2015-08-09 09:42:00,235,0.21209887185716947,0,-0.11,-0.22,-0.11
2015-08-09 09:52:00,209,0.21535276687533725,0,-0.11,-0.22,-0.11
2015-08-09 10:02:00,217,0.2130159870066344,0,-0.11,-0.22,-0.11
2015-08-09 10:11:00,176,0.2189726452349211,0,-0.11,-0.22,-0.11
2015-08-09 10:42:00,150,0.2223178400544101,0,-0.11,-0.22,-0.11
2015-08-09 10:52:00,178,0.2160338964340701,0,-0.11,-0.22,-0.11
2015-08-09 10:59:00,183,0.214085810054048,0,-0.11,-0.22,-0.11
2015-08-09 11:13:00,279,0.19623460568286685,0,-0.11,-0.22,-0.11
2015-08-09 11:22:00,304,0.1915404189587934,0,-0.11,-0.22,-0.11
2015-08-09 11:32:00,275,0.1964496391763609,0,-0.11,-0.22,-0.11
2015-08-09 11:42:00,167,0.21665348729186004,0,-0.11,-0.22,-0.11
2015-08-09 12:32:00,166,0.21577122621038425,0,-0.11,-0.22,-0.11
2015-08-09 12:52:00,151,0.21781283605292687,0,-0.11,-0.22,-0.11
2015-08-09 13:29:00,145,0.21794561714889973,0,-0.11,-0.22,-0.11
2015-08-09 14:22:00,135,0.2189646642084236,0,-0.11,-0.22,-0.11
2015-08-09 14:32:00,144,0.21580682480218905,0,-0.11,-0.22,-0.11
2015-08-09 14:42:00,127,0.21856743293573466,0,-0.11,-0.22,-0.11
2015-08-09 14:52:00,135,0.21557334620003488,0,-0.11,-0.22,-0.11
2015-08-09 15:02:00,110,0.22039093087741551,0,-0.11,-0.22,-0.11
2015-08-09 15:12:00,116,0.2177055224238292,0,-0.11,-0.22,-0.11
2015-08-09 15:32:00,140,0.21079502999483568,0,-0.11,-0.22,-0.11
2015-08-09 16:12:00,170,0.2027406014562571,0,-0.11,-0.22,-0.11
2015-08-09 16:32:00,144,0.2085433194993736,0,-0.11,-0.22,-0.11
2015-08-09 16:42:00,128,0.2118523235327737,0,-0.11,-0.22,-0.11
2015-08-09 16:45:00,132,0.20991764186289688,0,-0.11,-0.22,-0.11
2015-08-09 16:57:00,114,0.2139246239324031,0,-0.11,-0.22,-0.11
2015-08-09 17:05:00,123,0.21048607696170601,0,-0.11,-0.22,-0.11
2015-08-09 17:17:00,122,0.20992586417494705,0,-0.11,-0.22,-0.11
2015-08-09 17:27:00,111,0.2122510099159856,0,-0.11,-0.22,-0.11
2015-08-09 17:36:00,111,0.21134527966434968,0,-0.11,-0.22,-0.11
2015-08-09 17:47:00,115,0.2092827427143591,0,-0.11,-0.22,-0.11
2015-08-09 17:57:00,103,0.21215074304346385,1,1.0,1.0,1.0
2015-08-09 18:06:00,111,0.2087554822086892,1,0.9996859253911524,0.9996859253911524,0.9996859253911525
2015-08-09 18:17:00,110,0.2082971412044196,1,0.9993646314378092,0.9993646314378092,0.9993646314378093
2015-08-09 18:26:00,118,0.2049627273673764,1,0.9990359545963952,0.9990359545963952,0.9990359545963952
2015-08-09 18:37:00,128,0.2010656969408478,1,0.9986997277308648,0.9986997277308648,0.9986997277308649
2015-08-09 18:46:00,129,0.2002188836998122,1,0.998355780039064,0.9983557800390641,0.998355780039064
2015-08-09 19:17:00,179,0.18337073844128715,1,0.9980039369778372,0.9980039369778371,0.998003936977837
2015-08-09 19:27:00,166,0.18760572994184926,1,0.9976440201868636,0.9976440201868636,0.9976440201868635
2015-08-09 19:46:00,131,0.199622978454452,1,0.9972758474112235,0.9972758474112235,0.9972758474112235
2015-08-09 19:56:00,133,0.1984253012878907,1,0.9968992324226772,0.9968992324226772,0.9968992324226772
2015-08-09 20:06:00,136,0.1968795347572505,1,0.9965139849396554,0.9965139849396554,0.9965139849396554
2015-08-09 20:17:00,133,0.19762714904944328,1,0.9961199105459572,0.9961199105459572,0.9961199105459572
2015-08-09 20:25:00,135,0.19643972338697427,1,0.9957168106081424,0.9957168106081424,0.9957168106081423
2015-08-09 20:37:00,128,0.1988547893604224,1,0.9953044821916244,0.9953044821916244,0.9953044821916243
2015-08-09 20:47:00,124,0.20005240259754112,1,0.9948827179754498,0.9948827179754498,0.9948827179754498
2015-08-09 21:07:00,146,0.190443248632815,1,0.9944513061657728,0.9944513061657728,0.9944513061657727
2015-08-09 21:17:00,125,0.19915750157212805,1,0.9940100304080156,0.9940100304080156,0.9940100304080156
2015-08-09 21:26:00,120,0.20092061277004666,1,0.9935586696977204,0.9935586696977204,0.9935586696977204
2015-08-09 21:36:00,117,0.20178037228983456,1,0.99309699829009,0.99309699829009,0.9930969982900899
2015-08-09 21:57:00,125,0.1975191110331032,1,0.9926247856082241,0.992624785608224,0.9926247856082241
2015-08-09 22:07:00,131,0.19428932662741533,1,0.992141796150054,0.992141796150054,0.9921417961500539
2015-08-09 22:17:00,137,0.19111692744242087,1,0.991647789393982,0.991647789393982,0.9916477893939821
2015-08-09 22:27:00,125,0.1967818864227865,1,0.9911425197032308,0.9911425197032308,0.9911425197032308
2015-08-09 22:36:00,90,0.214798116954749,1,0.9906257362289164,0.9906257362289164,0.9906257362289163
2015-08-09 22:47:00,91,0.2132388226950012,1,0.990097182811853,0.990097182811853,0.990097182811853
2015-08-09 23:07:00,88,0.21398700039227486,1,0.9895565978831026,0.9895565978831026,0.9895565978831026
2015-08-09 23:17:00,101,0.2056175060844045,1,0.9890037143632874,0.9890037143632874,0.9890037143632874
2015-08-09 23:23:00,102,0.2043795718779869,1,0.9884382595606768,0.9884382595606768,0.9884382595606768
2015-08-09 23:37:00,107,0.20084864113076767,1,0.9878599550680758,0.9878599550680758,0.9878599550680758
2015-08-09 23:57:00,84,0.2142890196187189,1,0.9872685166585304,0.9872685166585304,0.9872685166585304
2015-08-10 00:07:00,80,0.21584613580919115,1,0.9866636541798782,0.9866636541798782,0.9866636541798782
2015-08-10 00:17:00,84,0.21220810616558144,1,0.9860450714481678,0.9860450714481678,0.9860450714481678
2015-08-10 00:27:00,91,0.2067445212630688,1,0.9854124661399822,0.9854124661399822,0.9854124661399822
2015-08-10 00:36:00,106,0.19632156725426506,1,0.9847655296836936,0.9847655296836936,0.9847655296836937
2015-08-10 01:06:00,98,0.2012114288521011,1,0.984103947149686,0.984103947149686,0.984103947149686
2015-08-10 05:57:00,108,0.19398312774086046,1,0.9834273971395892,0.9834273971395892,0.9834273971395893
2015-08-10 07:16:00,182,0.22229126800401872,1,0.9827355516745616,0.9827355516745616,0.9827355516745616
2015-08-10 07:37:00,250,0.2770823754354396,1,0.9820280760826684,0.9820280760826684,0.9820280760826685
2015-08-10 07:57:00,249,0.2705401553331319,1,0.9813046288854059,0.981304628885406,0.9813046288854061
2015-08-10 08:17:00,206,0.23022644118799354,1,0.9805648616834268,0.9805648616834269,0.980564861683427
2015-08-10 08:27:00,192,0.21758576727890933,1,0.9798084190415176,0.9798084190415176,0.9798084190415175
2015-08-10 08:37:00,278,0.2907471943758856,1,0.9790349383728962,0.9790349383728962,0.9790349383728962
2015-08-10 08:47:00,366,0.3709459864199871,1,0.978244049822894,0.978244049822894,0.9782440498228941
2015-08-10 08:57:00,336,0.3187521134237145,1,0.9774353761520908,0.9774353761520908,0.9774353761520909
2015-08-10 09:07:00,211,0.2082868868350319,1,0.9766085326189752,0.9766085326189752,0.9766085326189751
2015-08-10 09:17:00,151,0.19710149331445345,1,0.9757631268622204,0.9757631268622204,0.9757631268622203
2015-08-10 09:27:00,149,0.19808940390223032,1,0.9748987587826504,0.9748987587826504,0.9748987587826505
2015-08-10 09:37:00,165,0.18655296668560226,1,0.974015020424991,0.974015020424991,0.974015020424991
2015-08-10 09:46:00,176,0.18599730770324988,1,0.9731114958595052,0.9731114958595052,0.9731114958595051
2015-08-10 09:57:00,203,0.20592737110900736,1,0.9721877610636062,0.9721877610636062,0.9721877610636062
2015-08-10 10:06:00,224,0.22226300893541792,1,0.9712433838035686,0.9712433838035686,0.9712433838035686
2015-08-10 10:17:00,207,0.206877699935544,1,0.9702779235164394,0.9702779235164394,0.9702779235164394
2015-08-10 10:27:00,243,0.2373984134215519,1,0.96929093119228,0.96929093119228,0.9692909311922799
2015-08-10 10:37:00,254,0.2454941502685577,1,0.9682819492568566,0.9682819492568566,0.9682819492568566
2015-08-10 10:57:00,229,0.21983414146339644,1,0.9672505114549276,0.9672505114549276,0.9672505114549275
2015-08-10 11:07:00,282,0.27005676557690783,1,0.966196142734252,0.966196142734252,0.9661961427342519
2015-08-10 11:17:00,360,0.3525750391510877,1,0.9651183591304856,0.9651183591304856,0.9651183591304856
2015-08-10 11:25:00,368,0.3425294518726821,1,0.96401666765311,0.96401666765311,0.9640166676531099
2015-08-10 11:36:00,324,0.28101510862310497,1,0.9628905661725641,0.962890566172564,0.9628905661725639
2015-08-10 11:47:00,318,0.2691724445626494,1,0.9617395433087522,0.9617395433087522,0.9617395433087522
2015-08-10 11:56:00,333,0.2786314371201162,1,0.96056307832111,0.96056307832111,0.96056307832111
2015-08-10 12:17:00,395,0.3354357123509603,1,0.9593606410004158,0.9593606410004158,0.959360641000416
2015-08-10 12:27:00,428,0.3542679772930125,1,0.9581316915625562,0.9581316915625562,0.9581316915625562
2015-08-10 12:37:00,362,0.27360990939371405,1,0.9568756805444404,0.9568756805444404,0.9568756805444405
2015-08-10 12:47:00,394,0.29678058479640906,1,0.9555920487023004,0.9555920487023004,0.9555920487023005
2015-08-10 12:57:00,334,0.2382378554089577,1,0.9542802269125892,0.9542802269125892,0.9542802269125891
2015-08-10 13:06:00,345,0.2448463726556027,1,0.9529396360757272,0.9529396360757272,0.9529396360757273
2015-08-10 13:36:00,391,0.28165036836632074,1,0.9515696870229432,0.9515696870229432,0.9515696870229433
2015-08-10 13:46:00,419,0.3008133541812545,1,0.9501697804264642,0.9501697804264642,0.9501697804264642
2015-08-10 13:57:00,567,0.4398487688494192,1,0.9487393067133366,0.9487393067133366,0.9487393067133366
2015-08-10 14:07:00,684,0.5060340258421367,1,0.947277645983152,0.9472776459831519,0.947277645983152
2015-08-10 14:17:00,470,0.273175073519864,1,0.9457841679299748,0.9457841679299748,0.9457841679299748
2015-08-10 14:27:00,359,0.2024595535595494,1,0.9442582317687784,0.9442582317687784,0.9442582317687784
2015-08-10 15:47:00,87,0.3302506974835012,1,0.9426991861667059,0.942699186166706,0.9426991861667059
2015-08-10 15:55:00,79,0.3218130168742064,1,0.9411063691794852,0.9411063691794852,0.9411063691794851
2015-08-10 16:07:00,184,0.24297143413235398,1,0.939479108193342,0.9394791081933421,0.939479108193342
2015-08-10 16:17:00,200,0.2311753769368233,1,0.9378167198727668,0.9378167198727668,0.9378167198727669
2015-08-10 16:56:00,165,0.2502316806921817,1,0.9361185101144992,0.9361185101144992,0.9361185101144991
2015-08-10 20:32:00,137,0.2647629579775227,1,0.9343837740081146,0.9343837740081146,0.9343837740081146
2015-08-10 22:52:00,138,0.259777896646711,1,0.9326117958036076,0.9326117958036076,0.9326117958036076
2015-08-11 01:52:00,136,0.25717299979137825,1,0.9308018488863748,0.9308018488863748,0.9308018488863747
2015-08-11 04:02:00,126,0.2599279215039426,1,0.9289531957600212,0.9289531957600211,0.928953195760021
2015-08-11 04:22:00,144,0.24465340478532602,1,0.9270650880374256,0.9270650880374256,0.9270650880374255
2015-08-11 05:12:00,113,0.26193044602939536,1,0.925136766440511,0.925136766440511,0.925136766440511
2015-08-11 05:32:00,120,0.2532915785210827,1,0.9231674608091764,0.9231674608091764,0.9231674608091764
2015-08-11 05:42:00,150,0.23104917672688585,1,0.9211563901198774,0.9211563901198774,0.9211563901198774
2015-08-11 06:52:00,148,0.2305092433279495,1,0.9191027625143281,0.919102762514328,0.9191027625143281
2015-08-11 07:12:00,174,0.2127700116122207,1,0.9170057753388441,0.917005775338844,0.9170057753388439
2015-08-11 07:21:00,192,0.20106879886503826,1,0.9148646151948232,0.9148646151948232,0.9148646151948231
2015-08-11 07:32:00,222,0.1831472438149272,1,0.9126784580009104,0.9126784580009104,0.9126784580009105
2015-08-11 07:42:00,241,0.1928303097828656,1,0.9104464690673746,0.9104464690673746,0.9104464690673746
2015-08-11 07:52:00,265,0.20768451435219407,1,0.9081678031832602,0.9081678031832602,0.9081678031832602
2015-08-11 08:12:00,283,0.219109823391244,1,0.905841604716878,0.9058416047168779,0.905841604716878
2015-08-11 08:22:00,342,0.262100860530934,1,0.9034670077302146,0.9034670077302146,0.9034670077302146
2015-08-11 08:31:00,485,0.3857209059013641,1,0.9010431361078508,0.9010431361078508,0.9010431361078507
2015-08-11 08:42:00,472,0.3464249255641761,1,0.8985691037009923,0.8985691037009923,0.8985691037009923
2015-08-11 08:52:00,545,0.3906166058174584,1,0.8960440144872261,0.8960440144872261,0.8960440144872261
2015-08-11 09:02:00,555,0.3691979378304053,1,0.8934669627466262,0.8934669627466262,0.8934669627466262
2015-08-11 09:12:00,421,0.2557413714878695,1,0.8908370332548355,0.8908370332548355,0.8908370332548355
2015-08-11 09:22:00,308,0.1895127596505945,1,0.8881533014937762,0.8881533014937762,0.8881533014937762
2015-08-11 10:01:00,144,0.268906643817847,1,0.8854148338806292,0.8854148338806292,0.8854148338806292
2015-08-11 10:22:00,153,0.25835491729044313,1,0.8826206880157395,0.8826206880157395,0.8826206880157395
2015-08-11 10:32:00,159,0.2508116346269299,1,0.879769912950114,0.879769912950114,0.879769912950114
2015-08-11 10:41:00,140,0.2598700563302698,1,0.8768615494731756,0.8768615494731756,0.8768615494731756
2015-08-11 10:52:00,135,0.25923891035971675,1,0.8738946304214444,0.8738946304214444,0.8738946304214444
2015-08-11 11:12:00,123,0.2632980785404675,1,0.8708681810088169,0.8708681810088169,0.8708681810088169
2015-08-11 11:22:00,136,0.2506145286777802,1,0.8677812191791221,0.8677812191791221,0.8677812191791221
2015-08-11 11:32:00,136,0.2475190804069719,1,0.8646327559816205,0.8646327559816205,0.8646327559816205
2015-08-11 12:07:00,3106,0.9998040352608693,1,0.8614217959701247,0.8614217959701247,0.8614217959701247
2015-08-11 13:42:00,280,0.1950554801107794,1,0.8581473376263985,0.8581473376263985,0.8581473376263985
2015-08-11 13:52:00,186,0.2068085717449862,1,0.8548083738085046,0.8548083738085046,0.8548083738085046
2015-08-11 14:12:00,176,0.20744835449920654,1,0.8514038922247473,0.8514038922247473,0.8514038922247473
2015-08-11 14:22:00,281,0.1926339695670199,1,0.8479328759338557,0.8479328759338557,0.8479328759338557
2015-08-11 14:32:00,282,0.192231890680384,1,0.8443943038720377,0.8443943038720377,0.8443943038720377
2015-08-11 14:41:00,508,0.2037253553038279,1,0.8407871514075198,0.8407871514075198,0.8407871514075198
2015-08-11 16:12:00,1789,0.4481104917261494,1,0.8371103909231722,0.8371103909231722,0.8371103909231722
2015-08-11 16:52:00,1217,0.2953717169058397,1,0.8333629924277961,0.8333629924277961,0.8333629924277961
2015-08-11 17:00:00,121,0.22759709242806514,1,0.8295439241966366,0.8295439241966366,0.8295439241966366
2015-08-11 17:12:00,123,0.2257166180114046,1,0.8256521534416392,0.8256521534416392,0.8256521534416392
2015-08-11 17:21:00,125,0.22392892465510567,1,0.8216866470119677,0.8216866470119677,0.8216866470119677
2015-08-11 17:30:00,128,0.2220808318318336,1,0.8176463721252424,0.8176463721252424,0.8176463721252424
2015-08-11 17:41:00,113,0.2229712004821877,1,0.8135302971299418,0.8135302971299418,0.8135302971299418
2015-08-11 17:52:00,120,0.22055300778759546,1,0.8093373922993631,0.8093373922993631,0.8093373922993631
2015-08-11 18:02:00,374,0.1830585997687664,1,0.8050666306574965,0.8050666306574965,0.8050666306574965
2015-08-11 18:12:00,141,0.2170120302372172,1,0.8007169888371286,0.8007169888371286,0.8007169888371286
2015-08-11 18:22:00,644,0.22418468040076026,1,0.7962874479704295,0.7962874479704295,0.7962874479704295
2015-08-11 18:28:00,703,0.2326153572720765,1,0.7917769946122403,0.7917769946122403,0.7917769946122403
2015-08-11 18:41:00,153,0.2201665299575765,1,0.7871846216962041,0.7871846216962041,0.7871846216962041
2015-08-11 19:02:00,156,0.21842474835543352,1,0.7825093295238403,0.7825093295238403,0.7825093295238403
2015-08-11 19:12:00,491,0.20079464443212894,1,0.7777501267865778,0.7777501267865778,0.7777501267865778
2015-08-11 19:22:00,147,0.22080822565997185,1,0.7729060316207128,0.7729060316207128,0.7729060316207128
2015-08-11 19:42:00,474,0.19975051929844514,1,0.7679760726951695,0.7679760726951695,0.7679760726951695
2015-08-11 19:52:00,824,0.2662461560403515,1,0.7629592903318666,0.7629592903318666,0.7629592903318666
2015-08-11 20:02:00,1346,0.3838902512985694,1,0.7578547376584189,0.7578547376584189,0.7578547376584189
2015-08-11 20:12:00,758,0.23459335668304435,1,0.7526614817928055,0.7526614817928055,0.7526614817928055
2015-08-11 20:21:00,270,0.2129664915378593,1,0.7473786050595539,0.7473786050595539,0.7473786050595539
2015-08-11 20:31:00,1277,0.3465314539131025,1,0.7420052062368919,0.7420052062368919,0.7420052062368919
2015-08-11 20:42:00,1057,0.2822661530203713,1,0.7365404018342149,0.7365404018342149,0.7365404018342149
2015-08-11 20:52:00,649,0.20254189102540046,1,0.7309833273991253,0.7309833273991253,0.7309833273991253
2015-08-11 21:32:00,730,0.21561178556972474,1,0.7253331388531821,0.7253331388531821,0.725333138853182
2015-08-11 21:41:00,1179,0.30361512212738423,1,0.71958901385539,0.71958901385539,0.71958901385539
2015-08-11 21:51:00,1127,0.2833773370715552,1,0.7137501531923515,0.7137501531923515,0.7137501531923515
2015-08-11 22:01:00,1052,0.2619328172351504,1,0.7078157821938696,0.7078157821938696,0.7078157821938696
2015-08-11 22:09:00,1563,0.3693356056892384,1,0.7017851521726917,0.7017851521726917,0.7017851521726917
2015-08-11 22:22:00,1334,0.2979948910240576,1,0.6956575418869285,0.6956575418869285,0.6956575418869285
2015-08-11 22:32:00,1561,0.3357788740086716,1,0.6894322590235913,0.6894322590235913,0.6894322590235913
2015-08-11 22:42:00,1795,0.3687895566386642,1,0.6831086417015267,0.6831086417015267,0.6831086417015267
2015-08-11 22:52:00,2192,0.42649546253105397,1,0.6766860599919151,0.6766860599919151,0.6766860599919151
2015-08-11 23:01:00,1139,0.21644301445865266,1,0.6701639174543647,0.6701639174543647,0.6701639174543647
2015-08-11 23:12:00,711,0.20312577190015169,1,0.6635416526864855,0.6635416526864855,0.6635416526864855
2015-08-11 23:22:00,739,0.19888623719946835,1,0.6568187408847024,0.6568187408847024,0.6568187408847024
2015-08-12 00:10:00,834,0.1861291302674193,1,0.6499946954139247,0.6499946954139247,0.6499946954139247
2015-08-12 00:22:00,817,0.18824816855440407,1,0.6430690693835529,0.6430690693835529,0.6430690693835529
2015-08-12 00:32:00,801,0.1902533021259725,1,0.6360414572271659,0.6360414572271659,0.6360414572271659
2015-08-12 00:42:00,355,0.2596169802242297,1,0.6289114962830972,0.6289114962830972,0.6289114962830972
2015-08-12 01:01:00,392,0.2494295163975947,1,0.6216788683729793,0.6216788683729793,0.6216788683729793
2015-08-12 01:21:00,161,0.2877346415950854,1,0.614343301375192,0.614343301375192,0.614343301375192
2015-08-12 01:42:00,2875,0.5994469071587448,1,0.6069045707900365,0.6069045707900365,0.6069045707900365
2015-08-12 01:52:00,2988,0.4981740794222138,1,0.5993625012933249,0.5993625012933249,0.5993625012933249
2015-08-12 02:01:00,2818,0.4030494465875352,1,0.5917169682749521,0.5917169682749521,0.5917169682749521
2015-08-12 02:12:00,1415,0.21195946797132006,1,0.5839678993589088,0.5839678993589088,0.5839678993589088
2015-08-12 02:22:00,2331,0.31052440789589364,1,0.5761152759010834,0.5761152759010834,0.5761152759010834
2015-08-12 02:32:00,909,0.2039739284049953,1,0.5681591344610931,0.5681591344610931,0.5681591344610931
2015-08-12 02:42:00,1218,0.1886989091842852,1,0.5600995682442989,0.5600995682442989,0.5600995682442989
2015-08-12 03:22:00,862,0.20877588898022745,1,0.5519367285100649,0.5519367285100649,0.5519367285100649
2015-08-12 03:43:00,132,0.2889750341176756,1,0.5436708259422509,0.5436708259422509,0.5436708259422509
2015-08-12 04:12:00,187,0.2752600196406227,1,0.5353021319778561,0.5353021319778561,0.5353021319778561
2015-08-12 04:22:00,211,0.26701166038437185,1,0.526830980089682,0.526830980089682,0.526830980089682
2015-08-12 04:32:00,383,0.24318168541637944,1,0.5182577670188254,0.5182577670188254,0.5182577670188254
2015-08-12 04:42:00,154,0.2666491957545228,1,0.5095829539527993,0.5095829539527993,0.5095829539527993
2015-08-12 05:02:00,176,0.2595607264339321,1,0.5008070676450399,0.5008070676450399,0.5008070676450399
2015-08-12 06:12:00,119,0.2623261917431132,1,0.4919307014715667,0.4919307014715667,0.4919307014715667
2015-08-12 06:31:00,126,0.2573996289401857,1,0.4829545164205714,0.4829545164205714,0.48295451642057136
2015-08-12 07:12:00,143,0.25177301807788205,1,0.4738792420107244,0.4738792420107244,0.4738792420107244
2015-08-12 07:50:00,167,0.2458273561891053,1,0.46470567713404404,0.464705677134044,0.46470567713404404
2015-08-12 08:02:00,150,0.24505449823064465,1,0.455434690819219,0.455434690819219,0.455434690819219
2015-08-12 08:10:00,145,0.2429592606041336,1,0.4460672229113517,0.4460672229113517,0.44606722291135165
2015-08-12 08:22:00,193,0.2348655549418549,1,0.4366042846641857,0.4366042846641857,0.4366042846641857
2015-08-12 08:52:00,282,0.2226849767185138,1,0.42704695924097896,0.42704695924097896,0.42704695924097896
2015-08-12 09:02:00,226,0.22779510863593685,1,0.417396402120326,0.417396402120326,0.417396402120326
2015-08-12 09:11:00,204,0.2287957891803081,1,0.4076538414033584,0.4076538414033584,0.40765384140335836
2015-08-12 09:42:00,174,0.23077173146672905,1,0.39782057801893617,0.39782057801893617,0.39782057801893617
2015-08-12 10:02:00,195,0.2264229955685215,1,0.3878979858236054,0.3878979858236054,0.3878979858236054
2015-08-12 10:12:00,253,0.2177742626936744,1,0.3778875115933124,0.3778875115933124,0.3778875115933124
2015-08-12 10:31:00,328,0.20753999278622248,1,0.36779067490406603,0.367790674904066,0.36779067490406603
2015-08-12 10:42:00,268,0.2142205234015918,1,0.3576090678989929,0.3576090678989929,0.35760906789899294
2015-08-12 10:52:00,270,0.21298242963994704,1,0.3473443549394635,0.3473443549394635,0.3473443549394635
2015-08-12 11:02:00,358,0.20085569913281312,1,0.3369982721382485,0.3369982721382485,0.3369982721382485
2015-08-12 11:12:00,388,0.19654978992857086,1,0.3265726267729457,0.3265726267729457,0.32657262677294574
2015-08-12 11:22:00,360,0.19979594156571487,1,0.3160692965782133,0.3160692965782133,0.3160692965782133
2015-08-12 11:32:00,413,0.1923449528250124,1,0.30549022891566163,0.30549022891566163,0.30549022891566163
2015-08-12 11:50:00,407,0.1928838480811802,1,0.29483743982058963,0.29483743982058963,0.29483743982058963
2015-08-12 12:01:00,400,0.19356709850481044,1,0.2841130129250731,0.2841130129250731,0.28411301292507307
2015-08-12 12:10:00,328,0.20359147458480512,1,0.2733190982572837,0.2733190982572837,0.2733190982572837
2015-08-12 12:22:00,343,0.2007636177291963,1,0.26245791091726184,0.26245791091726184,0.26245791091726184
2015-08-12 12:32:00,354,0.19859623461122924,1,0.25153172962973697,0.25153172962973697,0.25153172962973697
2015-08-12 12:41:00,360,0.1972337352215582,1,0.2405428951749678,0.2405428951749678,0.2405428951749678
2015-08-12 12:52:00,337,0.2004708405712991,1,0.2294938086989525,0.2294938086989525,0.2294938086989525
2015-08-12 13:02:00,344,0.19883586327797467,1,0.21838692990473602,0.218386929904736,0.21838692990473596
2015-08-12 13:12:00,274,0.21025495302628874,1,0.2072247751269337,0.20722477512693374,0.20722477512693377
2015-08-12 13:22:00,289,0.20678791954765802,1,0.19600991529196893,0.19600991529196893,0.19600991529196893
2015-08-12 13:32:00,204,0.22168089209290925,1,0.18474497376690693,0.18474497376690693,0.18474497376690693
2015-08-12 13:41:00,222,0.21695029146528447,1,0.1734326241001457,0.1734326241001457,0.1734326241001457
2015-08-12 13:52:00,202,0.2197288443143902,1,0.16207558765759209,0.16207558765759209,0.16207558765759209
2015-08-12 14:02:00,162,0.2265419207124984,1,0.15067663115832464,0.15067663115832464,0.15067663115832466
2015-08-12 14:11:00,130,0.2316619039096081,1,0.1392385641140909,0.1392385641140909,0.1392385641140909
2015-08-12 15:01:00,152,0.2251965497857769,1,0.12776423617733398,0.12776423617733398,0.12776423617733398
2015-08-12 15:12:00,157,0.22265963135433287,1,0.1162565344027784,0.1162565344027784,0.11625653440277839
2015-08-12 15:21:00,175,0.2174590704726524,1,0.1047183804279092,0.1047183804279092,0.1047183804279092
2015-08-12 15:31:00,178,0.21569377997817507,1,0.09315272757798876,0.09315272757798876,0.09315272757798877
2015-08-12 17:11:00,166,0.2172964706459369,1,0.0815625579015272,0.0815625579015272,0.0815625579015272
2015-08-12 17:21:00,161,0.21731453796956152,1,0.06995087914238515,0.06995087914238515,0.06995087914238515
2015-08-12 17:52:00,157,0.21712488460400128,1,0.05832072165492884,0.05832072165492884,0.05832072165492884
2015-08-12 18:42:00,130,0.22242895878668992,1,0.0466751352688661,0.0466751352688661,0.0466751352688661
2015-08-12 19:12:00,128,0.22157512542821128,1,0.03501718611058985,0.03501718611058985,0.035017186110589855
2015-08-12 19:52:00,1092,0.4144037192358636,1,0.02334995338802037,0.02334995338802037,0.02334995338802037
2015-08-12 20:01:00,1556,0.527394067984818,1,0.011676526146073538,0.011676526146073538,0.011676526146073538
2015-08-12 20:12:00,1423,0.4079899921680246,0,-0.0012730913012290335,-0.002546182602458067,-0.0012730913012290335
2015-08-12 20:27:00,911,0.2626903053131369,0,-0.002545841594033107,-0.005091683188066214,-0.002545841594033107
2015-08-12 20:46:00,681,0.2166700674128056,0,-0.003817910235257525,-0.0076358204705150486,-0.0038179102352575247
2015-08-12 20:56:00,839,0.2443316979136808,0,-0.005088957311457073,-0.010177914622914144,-0.005088957311457073
2015-08-12 21:07:00,1117,0.2986052900758081,0,-0.006358644001676216,-0.012717288003352431,-0.006358644001676216
2015-08-12 21:17:00,430,0.19780858086520006,0,-0.007626632937748851,-0.015253265875497702,-0.007626632937748852
2015-08-12 21:23:00,683,0.2089520946549373,0,-0.008892588561306146,-0.01778517712261229,-0.008892588561306146
2015-08-12 21:37:00,574,0.18949905617956536,0,-0.010156177476693055,-0.02031235495338611,-0.010156177476693055
2015-08-12 21:47:00,580,0.1903342354918414,0,-0.011417068799010863,-0.022834137598021727,-0.011417068799010863
2015-08-12 21:57:00,499,0.18859984656646914,0,-0.012674934496521005,-0.02534986899304201,-0.012674934496521004
2015-08-12 22:07:00,646,0.20276096425780024,0,-0.013929449726667856,-0.027858899453335712,-0.013929449726667856
2015-08-12 22:17:00,589,0.19147552025337827,0,-0.015180293165001925,-0.03036058633000385,-0.015180293165001926
2015-08-12 22:27:00,663,0.2055903482802016,0,-0.016427147326312102,-0.032854294652624204,-0.016427147326312102
2015-08-12 22:37:00,517,0.18817735418806567,0,-0.017669698877305174,-0.035339397754610355,-0.017669698877305177
2015-08-12 23:27:00,1087,0.3085389343892274,0,-0.018907638940201987,-0.037815277880403966,-0.018907638940201987
2015-08-12 23:37:00,1123,0.3079772062240745,0,-0.02014066338665384,-0.04028132677330768,-0.02014066338665384
2015-08-12 23:47:00,763,0.2141545420919663,0,-0.02136847312141795,-0.0427369462428359,-0.02136847312141795
2015-08-12 23:57:00,732,0.20670785105084952,0,-0.02259077435526817,-0.04518154871053633,-0.022590774355268167
2015-08-13 00:07:00,860,0.2342592999622081,0,-0.023807278866656248,-0.047614557733312496,-0.023807278866656248
2015-08-13 00:16:00,1420,0.3862436236976092,0,-0.02501770425167854,-0.05003540850335708,-0.02501770425167854
2015-08-13 00:27:00,1492,0.3785933169884483,0,-0.02622177416194438,-0.05244354832388876,-0.02622177416194438
2015-08-13 02:57:00,102,0.3079536763665039,0,-0.02741921852998466,-0.05483843705996932,-0.02741921852998466
2015-08-13 03:12:00,101,0.2981752440407979,0,-0.02860977378188092,-0.057219547563761824,-0.028609773781880916
2015-08-13 03:37:00,112,0.287217474964159,0,-0.02979318303683935,-0.0595863660736787,-0.029793183036839352
2015-08-13 04:28:00,1772,0.4392635023917207,0,-0.03096919629347673,-0.061938392586953474,-0.030969196293476733
2015-08-13 04:47:00,251,0.25324436311252346,0,-0.03213757060262838,-0.06427514120525676,-0.03213757060262838
2015-08-13 04:57:00,106,0.2776593815340438,0,-0.03329807022653193,-0.06659614045306386,-0.03329807022653193
2015-08-13 05:12:00,103,0.2725057545208616,0,-0.03445046678428304,-0.06890093356856608,-0.03445046678428304
2015-08-13 05:47:00,115,0.2650522208381783,0,-0.03559453938350083,-0.07118907876700166,-0.03559453938350083
2015-08-13 07:47:00,222,0.2408874914691037,0,-0.036730074738182884,-0.07346014947636577,-0.03673007473818289
2015-08-13 08:17:00,216,0.239589841011541,0,-0.0378568672727696,-0.07571373454553919,-0.037856867272769594
2015-08-13 08:27:00,243,0.2323795622823003,0,-0.03897471921247647,-0.07794943842495293,-0.03897471921247646
2015-08-13 08:36:00,290,0.22205596377074285,0,-0.04008344065999222,-0.08016688131998444,-0.04008344065999222
2015-08-13 08:46:00,325,0.21448148759957086,0,-0.04118284965867559,-0.08236569931735117,-0.04118284965867559
2015-08-13 08:57:00,301,0.2178392888713052,0,-0.042272772242420265,-0.08454554448484053,-0.042272772242420265
2015-08-13 09:07:00,298,0.21726317065329606,0,-0.04335304247238959,-0.08670608494477917,-0.04335304247238959
2015-08-13 09:17:00,236,0.2281240870810697,0,-0.04442350246085571,-0.08884700492171142,-0.04442350246085571
2015-08-13 09:25:00,272,0.2194037882157293,0,-0.0454840023824064,-0.0909680047648128,-0.0454840023824064
2015-08-13 09:37:00,263,0.219989049097199,0,-0.04653440047281224,-0.09306880094562447,-0.046534400472812244
2015-08-13 09:57:00,201,0.2315722722463963,0,-0.047574563015871735,-0.09514912603174347,-0.047574563015871735
2015-08-13 10:06:00,196,0.2308261773918085,0,-0.04860436431857676,-0.09720872863715352,-0.04860436431857676
2015-08-13 10:17:00,209,0.22625368038423976,0,-0.04962368667496274,-0.09924737334992548,-0.04962368667496274
2015-08-13 10:27:00,242,0.21763145530686395,0,-0.05063242031902765,-0.1012648406380553,-0.05063242031902765
2015-08-13 10:37:00,289,0.20652028726589566,0,-0.05163046336712242,-0.10326092673424483,-0.05163046336712242
2015-08-13 10:46:00,241,0.21624561223383085,0,-0.05261772175023068,-0.10523544350046136,-0.052617721750230675
2015-08-13 10:56:00,246,0.2140566606480019,0,-0.05359410913657011,-0.10718821827314022,-0.05359410913657011
2015-08-13 11:57:00,114,0.2447579846300937,0,-0.054559546844959374,-0.10911909368991876,-0.054559546844959374
2015-08-13 12:06:00,109,0.2433693775989184,0,-0.05551396374940425,-0.11102792749880848,-0.055513963749404246
2015-08-13 12:17:00,73,0.2501123161204266,0,-0.05645729617536485,-0.11291459235072968,-0.056457296175364845
2015-08-13 12:26:00,75,0.2465327282235964,0,-0.05738948778817157,-0.11477897557634315,-0.05738948778817158
2015-08-13 12:37:00,92,0.2393131733312041,0,-0.058310489474061686,-0.1166209789481234,-0.05831048947406169
2015-08-13 13:05:00,150,0.2222143502923282,0,-0.059220259214310775,-0.11844051842862155,-0.05922025921431078
2015-08-13 13:26:00,171,0.2156059429755013,0,-0.06011876195293413,-0.12023752390586827,-0.06011876195293414
2015-08-13 14:37:00,195,0.2085428670004313,0,-0.06100596945843206,-0.12201193891686413,-0.06100596945843206
2015-08-13 15:27:00,269,0.1896455387032021,0,-0.06188186018005042,-0.12376372036010085,-0.06188186018005043
2015-08-13 16:16:00,442,0.21869878319379574,0,-0.06274641909902452,-0.12549283819804904,-0.06274641909902452
2015-08-13 16:27:00,463,0.22334428403097176,0,-0.06359963757526774,-0.12719927515053547,-0.06359963757526774
2015-08-13 16:36:00,405,0.205936669391904,0,-0.06444151318996127,-0.12888302637992255,-0.06444151318996127
2015-08-13 16:46:00,402,0.204438667554096,0,-0.0652720495844922,-0.1305440991689844,-0.0652720495844922
2015-08-13 16:57:00,370,0.19501490970541274,0,-0.06609125629617885,-0.1321825125923577,-0.06609125629617885
2015-08-13 17:07:00,350,0.1892018638443912,0,-0.06689914859121224,-0.13379829718242447,-0.06689914859121224
2015-08-13 17:17:00,346,0.1879182979062196,0,-0.06769574729523166,-0.13539149459046332,-0.06769574729523166
2015-08-13 17:25:00,347,0.1880605362476896,0,-0.06848107862194032,-0.13696215724388067,-0.06848107862194033
2015-08-13 17:37:00,235,0.2103399293532954,0,-0.06925517400015517,-0.13851034800031034,-0.06925517400015518
2015-08-13 17:46:00,205,0.21935846075759,0,-0.07001806989967126,-0.1400361397993425,-0.07001806989967126
2015-08-13 17:57:00,228,0.2104525315664953,0,-0.07076980765630768,-0.14153961531261536,-0.07076980765630768
2015-08-13 18:07:00,76,0.2654350537118419,0,-0.07151043329648805,-0.1430208665929761,-0.07151043329648805
2015-08-13 18:15:00,79,0.2598415024782501,0,-0.0722399973616936,-0.1444799947233872,-0.0722399973616936
2015-08-13 18:25:00,196,0.21295574915828352,0,-0.07295855473311211,-0.14591710946622422,-0.07295855473311211
2015-08-13 18:33:00,302,0.18772759709917727,0,-0.07366616445679121,-0.14733232891358242,-0.07366616445679121
2015-08-13 18:47:00,201,0.2113355075442402,0,-0.0743628895695889,-0.1487257791391778,-0.0743628895695889
2015-08-13 18:56:00,183,0.2171227282246294,0,-0.07504879692619866,-0.15009759385239732,-0.07504879692619866
2015-08-13 19:06:00,151,0.2284466347929545,0,-0.07572395702751131,-0.1514479140550226,-0.07572395702751131
2015-08-14 07:27:00,170,0.21927305194168706,0,-0.07638844385056028,-0.15277688770112055,-0.07638844385056028
2015-08-14 08:07:00,259,0.18472112714807729,0,-0.07704233468028157,-0.15408466936056314,-0.07704233468028157
2015-08-14 08:27:00,331,0.20710223096711616,0,-0.07768570994330444,-0.15537141988660888,-0.07768570994330444
2015-08-14 08:37:00,360,0.2182722094093192,0,-0.07831865304397387,-0.15663730608794774,-0.07831865304397387
2015-08-14 08:47:00,264,0.18584466000118546,0,-0.07894125020279084,-0.1578825004055817,-0.07894125020279084
2015-08-14 09:06:00,275,0.18333067036035025,0,-0.0795535902974423,-0.1591071805948846,-0.0795535902974423
2015-08-14 09:27:00,322,0.20257114627730707,0,-0.08015576470657801,-0.16031152941315602,-0.080155764706578
2015-08-14 09:57:00,297,0.19135291316212005,0,-0.08074786715647758,-0.16149573431295516,-0.08074786715647757
2015-08-14 10:03:00,319,0.20070759636288607,0,-0.08132999357073792,-0.16265998714147584,-0.08132999357073792
2015-08-14 10:17:00,409,0.2441814391214719,0,-0.08190224192309736,-0.16380448384619473,-0.08190224192309736
2015-08-14 10:37:00,404,0.23894889613920425,0,-0.08246471209350062,-0.16492942418700127,-0.08246471209350063
2015-08-14 10:47:00,402,0.2356395082430167,0,-0.08301750572749607,-0.16603501145499214,-0.08301750572749607
2015-08-14 10:57:00,355,0.20964678617601745,0,-0.08356072609904497,-0.16712145219808994,-0.08356072609904498
2015-08-14 11:07:00,570,0.3358120638117341,0,-0.08409447797681108,-0.16818895595362215,-0.08409447797681108
2015-08-14 11:16:00,572,0.3218186740116916,0,-0.0846188674939874,-0.1692377349879748,-0.0846188674939874
2015-08-14 11:37:00,483,0.25823923383516795,0,-0.08513400202170783,-0.17026800404341566,-0.08513400202170782
2015-08-14 11:47:00,350,0.1894360728551723,0,-0.08563999004607899,-0.17127998009215795,-0.08563999004607899
2015-08-14 12:17:00,314,0.1915567127449631,0,-0.08613694104886127,-0.17227388209772254,-0.08613694104886128
2015-08-14 12:37:00,393,0.2105295657331545,0,-0.08662496539181573,-0.17324993078363146,-0.08662496539181573
2015-08-14 12:47:00,346,0.18680887043774466,0,-0.08710417420472727,-0.17420834840945454,-0.08710417420472728
2015-08-14 12:56:00,361,0.1939655124252153,0,-0.08757467927710591,-0.17514935855421182,-0.08757467927710591
2015-08-14 13:17:00,403,0.21569025506011108,0,-0.0880365929535593,-0.1760731859071186,-0.0880365929535593
2015-08-14 13:27:00,424,0.2265386281161029,0,-0.08849002803282413,-0.1769800560656483,-0.08849002803282414
2015-08-14 13:33:00,487,0.2639724979600813,0,-0.08893509767043634,-0.17787019534087267,-0.08893509767043634
2015-08-14 13:47:00,470,0.2488490844617713,0,-0.0893719152850137,-0.1787438305700274,-0.0893719152850137
2015-08-14 13:55:00,414,0.2122935089430356,0,-0.08980059446811976,-0.17960118893623953,-0.08980059446811976
2015-08-14 14:16:00,180,0.29534232760698115,0,-0.0902212488976713,-0.1804424977953426,-0.0902212488976713
2015-08-14 14:26:00,167,0.29651521835913525,0,-0.09063399225484756,-0.1812679845096951,-0.09063399225484756
2015-08-14 14:37:00,188,0.27390892531164435,0,-0.09103893814445448,-0.18207787628890892,-0.09103893814445448
2015-08-14 14:47:00,176,0.2766559620883495,0,-0.0914362000186934,-0.1828724000373868,-0.09143620001869339
2015-08-14 15:07:00,194,0.2591963916268145,0,-0.09182589110427944,-0.1836517822085589,-0.09182589110427945
2015-08-14 15:37:00,209,0.2458085761838177,0,-0.09220812433285212,-0.18441624866570425,-0.09220812433285211
2015-08-14 15:47:00,223,0.2343387272845481,0,-0.09258301227461664,-0.18516602454923328,-0.09258301227461664
2015-08-14 16:07:00,276,0.201014108592018,0,-0.09295066707515302,-0.18590133415030605,-0.09295066707515302
2015-08-14 16:24:00,327,0.1924016112531144,0,-0.09331120039532642,-0.18662240079065284,-0.09331120039532642
2015-08-14 16:37:00,291,0.19281326752794,0,-0.09366472335423076,-0.18732944670846155,-0.09366472335423077
2015-08-14 16:43:00,282,0.19785611001781628,0,-0.09401134647509607,-0.1880226929501921,-0.09401134647509606
2015-08-14 17:07:00,305,0.18376768388017653,0,-0.09435117963408747,-0.18870235926817494,-0.09435117963408748
2015-08-14 17:47:00,275,0.20219509998567706,0,-0.0946843320119243,-0.1893686640238486,-0.0946843320119243
2015-08-14 18:57:00,139,0.3046561738886964,0,-0.09501091204824408,-0.19002182409648816,-0.09501091204824408
2015-08-14 23:01:00,171,0.2694021336679923,0,-0.09533102739863873,-0.19066205479727746,-0.09533102739863872
2015-08-14 23:12:00,180,0.2576678237089555,0,-0.09564478489428653,-0.19128956978857306,-0.09564478489428653
2015-08-14 23:32:00,214,0.2290351374211192,0,-0.0959522905041056,-0.1919045810082112,-0.09595229050410559
2015-08-14 23:41:00,209,0.2309637826685845,0,-0.09625364929935246,-0.1925072985987049,-0.09625364929935246
2015-08-15 04:32:00,45,0.3699238587337006,0,-0.09654896542059116,-0.19309793084118232,-0.09654896542059116
2015-08-15 04:42:00,49,0.342945567849461,0,-0.0968383420469568,-0.1936766840939136,-0.09683834204695681
2015-08-15 04:52:00,52,0.3236645488482391,0,-0.09712188136763908,-0.19424376273527813,-0.09712188136763907
2015-08-15 05:22:00,962,0.75149922715884,0,-0.0973996845555111,-0.1947993691110222,-0.0973996845555111
2015-08-15 05:31:00,1178,0.6635383317086494,0,-0.0976718517428298,-0.1953437034856596,-0.0976718517428298
2015-08-15 06:02:00,111,0.2467825600734693,0,-0.09793848199893464,-0.1958769639978693,-0.09793848199893465
2015-08-15 10:51:00,138,0.2351008793793969,0,-0.09819967330987234,-0.19639934661974467,-0.09819967330987234
2015-08-15 11:02:00,197,0.2143025908010768,0,-0.09845552255987627,-0.19691104511975252,-0.09845552255987627
2015-08-15 11:51:00,193,0.21457648743754454,0,-0.09870612551463044,-0.19741225102926085,-0.09870612551463043
2015-08-15 22:36:00,152,0.2270604509746149,0,-0.0989515768062483,-0.1979031536124966,-0.0989515768062483
2015-08-15 23:17:00,215,0.20476318510091304,0,-0.09919196991989904,-0.19838393983979807,-0.09919196991989904
2015-08-15 23:27:00,265,0.18838901130014105,0,-0.09942739718201384,-0.1988547943640277,-0.09942739718201385
2015-08-15 23:47:00,312,0.19119965761345184,0,-0.09965794975000727,-0.19931589950001455,-0.09965794975000729
2015-08-16 05:17:00,117,0.2410886952704691,0,-0.09988371760344923,-0.1997674352068985,-0.09988371760344925
2015-08-16 09:37:00,161,0.22208834872632727,0,-0.1001047895366249,-0.2002095790732498,-0.1001047895366249
2015-08-16 10:46:00,116,0.23802367067040675,0,-0.10032125315242137,-0.20064250630484276,-0.10032125315242137
2015-08-16 11:17:00,145,0.22450909664117968,0,-0.1005331948574811,-0.2010663897149622,-0.1005331948574811
2015-08-16 15:27:00,280,0.1901334011882621,0,-0.10074069985856386,-0.20148139971712767,-0.10074069985856386
2015-08-16 15:47:00,370,0.22386818884071427,0,-0.10094385216006012,-0.20188770432012024,-0.10094385216006013
2015-08-16 15:57:00,352,0.2152384130768786,0,-0.10114273456260098,-0.202285469125202,-0.10114273456260098
2015-08-16 16:07:00,300,0.1939787139432882,0,-0.10133742866271016,-0.20267485732542034,-0.10133742866271017
2015-08-16 16:27:00,221,0.2010896633468429,0,-0.10152801485344663,-0.20305602970689327,-0.10152801485344663
2015-08-16 16:57:00,198,0.21002076786247773,0,-0.10171457232598614,-0.2034291446519723,-0.10171457232598614
2015-08-16 17:07:00,262,0.1832314701363892,0,-0.10189717907209336,-0.2037943581441867,-0.10189717907209335
2015-08-16 17:17:00,298,0.19621471673786847,0,-0.1020759118874362,-0.2041518237748724,-0.10207591188743619
2015-08-16 17:36:00,384,0.23514470226084505,0,-0.10225084637569674,-0.2045016927513935,-0.10225084637569674
2015-08-16 17:47:00,369,0.22582591751274805,0,-0.10242205695343354,-0.20484411390686708,-0.10242205695343354
2015-08-16 17:57:00,336,0.20863632367736928,0,-0.1025896168556524,-0.2051792337113048,-0.1025896168556524
2015-08-16 18:06:00,561,0.3334497741674189,0,-0.10275359814204403,-0.20550719628408806,-0.10275359814204402
2015-08-16 18:16:00,366,0.2142569978091725,0,-0.10291407170384784,-0.20582814340769567,-0.10291407170384784
2015-08-16 18:26:00,436,0.2483621470302199,0,-0.10307110727130372,-0.20614221454260745,-0.10307110727130371
2015-08-16 18:37:00,472,0.26498780986079523,0,-0.10322477342165354,-0.20644954684330707,-0.10322477342165354
2015-08-16 18:56:00,341,0.1949320580798141,0,-0.10337513758765716,-0.20675027517531436,-0.10337513758765716
2015-08-16 19:07:00,220,0.2272371584888488,0,-0.10352226606658756,-0.20704453213317514,-0.10352226606658757
2015-08-16 19:17:00,256,0.2073900356222348,0,-0.10366622402967217,-0.20733244805934434,-0.10366622402967217
2015-08-16 19:27:00,225,0.22266335097539536,0,-0.10380707553194814,-0.20761415106389627,-0.10380707553194814
2015-08-16 19:37:00,168,0.25349797029758714,0,-0.10394488352250086,-0.20788976704500173,-0.10394488352250086
2015-08-16 19:47:00,172,0.2478140204431555,0,-0.10407970985505624,-0.20815941971011245,-0.10407970985505623
2015-08-16 20:17:00,248,0.2029920331532516,0,-0.10421161529889814,-0.20842323059779627,-0.10421161529889814
2015-08-16 21:30:00,185,0.2375945565588449,0,-0.10434065955008424,-0.20868131910016846,-0.10434065955008422
2015-08-16 23:30:00,194,0.23010548104222395,0,-0.10446690124293403,-0.2089338024858681,-0.10446690124293405
2015-08-17 03:40:00,130,0.2685164825308047,0,-0.10459039796176443,-0.2091807959235289,-0.10459039796176445
2015-08-17 06:00:00,120,0.270385811008595,0,-0.10471120625284876,-0.2094224125056975,-0.10471120625284876
2015-08-17 07:30:00,196,0.21857016063386853,0,-0.10482938163657682,-0.20965876327315364,-0.10482938163657682
2015-08-17 07:50:00,187,0.2227208032744071,0,-0.10494497861979436,-0.20988995723958875,-0.10494497861979436
2015-08-17 08:10:00,177,0.2274736365832472,0,-0.10505805070830117,-0.2101161014166023,-0.10505805070830115
2015-08-17 08:20:00,197,0.2136315549283853,0,-0.10516865041948796,-0.2103373008389759,-0.10516865041948795
2015-08-17 08:30:00,252,0.18388319479085624,0,-0.1052768292950937,-0.2105536585901874,-0.1052768292950937
2015-08-17 08:40:00,311,0.21935083216459367,0,-0.10538263791406532,-0.21076527582813065,-0.10538263791406531
2015-08-17 08:49:00,332,0.2321556879501825,0,-0.10548612590550263,-0.21097225181100526,-0.10548612590550262
2015-08-17 09:00:00,293,0.2045375404677684,0,-0.10558734196167292,-0.21117468392334585,-0.10558734196167291
2015-08-17 09:10:00,254,0.1850156074397378,0,-0.10568633385107937,-0.2113726677021587,-0.10568633385107935
2015-08-17 10:19:00,274,0.19229560757969025,0,-0.10578314843156918,-0.21156629686313835,-0.10578314843156918
2015-08-17 10:30:00,379,0.26951129539750346,0,-0.10587783166346758,-0.2117556633269352,-0.10587783166346758
2015-08-17 10:40:00,410,0.2907320301496734,0,-0.10597042862272467,-0.21194085724544934,-0.10597042862272467
2015-08-17 10:50:00,331,0.22168611824569745,0,-0.106060983514063,-0.212121967028126,-0.10606098351406301
2015-08-17 10:59:00,351,0.2352681394233299,0,-0.10614953968411407,-0.21229907936822814,-0.10614953968411409
2015-08-17 11:08:00,325,0.21384933549457996,0,-0.10623613963453317,-0.2124722792690664,-0.10623613963453318
2015-08-17 11:20:00,270,0.1898885045538068,0,-0.10632082503508188,-0.21264165007016375,-0.10632082503508189
2015-08-17 11:30:00,313,0.2051773619572299,0,-0.10640363673666893,-0.21280727347333786,-0.10640363673666893
2015-08-17 11:37:00,2409,0.9997543530542644,0,-0.10648461478434,-0.21296922956868006,-0.10648461478434001
2015-08-17 12:00:00,287,0.1989079432610122,0,-0.10656379843020834,-0.21312759686041668,-0.10656379843020834
2015-08-17 12:18:00,284,0.1989731040948149,0,-0.10664122614631764,-0.2132824522926353,-0.10664122614631763
2015-08-17 12:50:00,208,0.212217025159164,0,-0.10671693563743023,-0.21343387127486046,-0.10671693563743023
2015-08-17 15:50:00,74,0.2376315347768073,0,-0.10679096385373356,-0.21358192770746715,-0.10679096385373357
2015-08-17 15:59:00,73,0.2356625494635336,0,-0.10686334700345804,-0.2137266940069161,-0.10686334700345805
2015-08-17 16:28:00,154,0.2171608003999817,0,-0.10693412056540058,-0.2138682411308012,-0.10693412056540058
2015-08-17 17:10:00,140,0.218886626806384,0,-0.10700331930134822,-0.21400663860269645,-0.10700331930134822
2015-08-18 08:23:00,197,0.2061639957303673,0,-0.10707097726839652,-0.21414195453679305,-0.10707097726839651
2015-08-18 08:34:00,266,0.1918484894524626,0,-0.10713712783115788,-0.21427425566231573,-0.10713712783115788
2015-08-18 08:44:00,287,0.1874947468681738,0,-0.10720180367385557,-0.2144036073477111,-0.10720180367385555
2015-08-18 08:54:00,327,0.1853473077458148,0,-0.10726503681229912,-0.21453007362459825,-0.10726503681229912
2015-08-18 09:12:00,250,0.1953208842565462,0,-0.10732685860573776,-0.2146537172114755,-0.10732685860573775
2015-08-18 09:52:00,177,0.21120059354254567,0,-0.10738729976858803,-0.21477459953717606,-0.10738729976858803
2015-08-18 10:04:00,172,0.21150406825583032,0,-0.107446390382033,-0.214892780764066,-0.10744639038203299
2015-08-18 10:34:00,183,0.2080118926535532,0,-0.10750415990548984,-0.21500831981097968,-0.10750415990548984
2015-08-18 10:44:00,219,0.1987038033541142,0,-0.1075606371879438,-0.2151212743758876,-0.1075606371879438
2015-08-18 10:54:00,192,0.20480460413314816,0,-0.10761585047914576,-0.2152317009582915,-0.10761585047914575
2015-08-18 11:04:00,190,0.204668651390996,0,-0.10766982744067187,-0.2153396548813437,-0.10766982744067187
2015-08-18 11:12:00,142,0.21662239159099805,0,-0.10772259515684343,-0.21544519031368686,-0.10772259515684343
2015-08-18 13:53:00,137,0.21690691095030493,0,-0.10777418014550537,-0.21554836029101074,-0.10777418014550537
2015-08-18 14:04:00,92,0.2286198895710465,0,-0.10782460836866213,-0.2156492167373243,-0.10782460836866214
2015-08-18 14:14:00,94,0.2263802455233328,0,-0.10787390524297022,-0.21574781048594044,-0.10787390524297022
2015-08-18 14:43:00,123,0.2163329276414416,0,-0.1079220956500858,-0.21584419130017166,-0.10792209565008581
2015-08-18 20:47:00,140,0.2102973646703928,0,-0.1079692039468676,-0.2159384078937352,-0.10796920394686761
2015-08-19 07:56:00,204,0.19118953017551985,0,-0.10801525397543367,-0.21603050795086734,-0.10801525397543368
2015-08-19 08:17:00,212,0.18871006497796064,0,-0.10806026907307252,-0.21612053814614507,-0.10806026907307253
2015-08-19 08:27:00,253,0.187919038425942,0,-0.10810427208200772,-0.2162085441640154,-0.10810427208200771
2015-08-19 08:57:00,281,0.19613707641299707,0,-0.10814728535901637,-0.2162945707180327,-0.10814728535901635
2015-08-19 09:07:00,256,0.1881182355457951,0,-0.1081893307849014,-0.2163786615698028,-0.10818933078490141
2015-08-19 09:27:00,363,0.2232839939896429,0,-0.10823042977381804,-0.21646085954763605,-0.10823042977381803
2015-08-19 09:36:00,267,0.18957990095761207,0,-0.10827060328245428,-0.21654120656490852,-0.10827060328245428
2015-08-19 09:47:00,369,0.22478089963404668,0,-0.10830987181906676,-0.21661974363813352,-0.10830987181906676
2015-08-19 10:27:00,358,0.2192372411813743,0,-0.10834825545237158,-0.21669651090474315,-0.10834825545237158
2015-08-19 10:37:00,362,0.21954738781369126,0,-0.10838577382029156,-0.2167715476405831,-0.10838577382029155
2015-08-19 10:47:00,292,0.19268596404224614,0,-0.1084224461385601,-0.2168448922771202,-0.1084224461385601
2015-08-19 10:57:00,317,0.2015261534696305,0,-0.10845829120918292,-0.21691658241836587,-0.10845829120918293
2015-08-19 11:05:00,373,0.2230634111409788,0,-0.1084933274287584,-0.2169866548575168,-0.1084933274287584
2015-08-19 11:25:00,341,0.20869001321324526,0,-0.10852757279665734,-0.21705514559331468,-0.10852757279665734
2015-08-19 11:47:00,310,0.1956273009497411,0,-0.10856104492306368,-0.21712208984612735,-0.10856104492306369
2015-08-19 11:57:00,298,0.19055847312748486,0,-0.10859376103687704,-0.21718752207375405,-0.10859376103687703
2015-08-19 12:26:00,285,0.18521371408464987,0,-0.10862573799347797,-0.2172514759869559,-0.10862573799347795
2015-08-19 12:57:00,525,0.30060936253480897,0,-0.10865699228235796,-0.21731398456471596,-0.10865699228235796
2015-08-19 13:17:00,731,0.41384440258383176,0,-0.10868754003461473,-0.21737508006922945,-0.10868754003461471
2015-08-19 13:44:00,688,0.3533204452479109,0,-0.1087173970303143,-0.2174347940606286,-0.1087173970303143
2015-08-19 16:57:00,168,0.24434838450169105,0,-0.10874657870572188,-0.21749315741144376,-0.10874657870572188
2015-08-19 17:07:00,164,0.2434126584034083,0,-0.10877510016040197,-0.21755020032080397,-0.108775100160402
2015-08-20 04:35:00,101,0.2686780975871512,0,-0.10880297616419006,-0.21760595232838006,-0.10880297616419006
2015-08-20 05:05:00,114,0.25808883314757963,0,-0.10883022116403664,-0.2176604423280733,-0.10883022116403665
2015-08-20 05:15:00,104,0.2588411068581717,0,-0.10885684929072588,-0.21771369858145176,-0.10885684929072588
2015-08-20 05:34:00,112,0.2514802111475074,0,-0.10888287436546952,-0.21776574873093907,-0.10888287436546953
2015-08-20 06:45:00,117,0.2460996673108206,0,-0.10890830990637868,-0.21781661981275735,-0.10890830990637869
2015-08-20 08:25:00,260,0.18559233177880485,0,-0.10893316913481398,-0.21786633826962795,-0.10893316913481398
2015-08-20 08:44:00,309,0.1979032431908473,0,-0.10895746498161656,-0.2179149299632331,-0.10895746498161656
2015-08-20 09:35:00,202,0.20968037780904766,0,-0.108981210093221,-0.217962420186442,-0.10898121009322101
2015-08-20 09:45:00,295,0.1935237983798748,0,-0.10900441683765212,-0.21800883367530427,-0.10900441683765213
2015-08-20 09:55:00,395,0.23804316362143385,0,-0.10902709731040704,-0.21805419462081407,-0.10902709731040704
2015-08-20 10:05:00,322,0.2022310769044343,0,-0.10904926334022408,-0.21809852668044816,-0.10904926334022408
2015-08-20 10:15:00,292,0.18866910650867344,0,-0.10907092649474076,-0.21814185298948152,-0.10907092649474076
2015-08-20 10:25:00,290,0.1876428663870372,0,-0.1090920980860416,-0.2181841961720832,-0.10909209808604159
2015-08-20 10:35:00,273,0.18477564977159952,0,-0.1091127891760981,-0.2182255783521962,-0.1091127891760981
2015-08-20 10:41:00,304,0.19421320755154067,0,-0.10913301058210226,-0.2182660211642045,-0.10913301058210226
2015-08-20 10:55:00,258,0.1923949849304372,0,-0.10915277288169534,-0.21830554576339067,-0.10915277288169534
2015-08-20 11:04:00,266,0.18827047549792714,0,-0.1091720864180934,-0.2183441728361868,-0.10917208641809341
2015-08-20 11:34:00,332,0.2099086696809256,0,-0.10919096130511144,-0.21838192261022288,-0.10919096130511144
2015-08-20 11:45:00,322,0.20370361329377204,0,-0.10920940743208757,-0.2184188148641752,-0.10920940743208758
2015-08-20 11:55:00,205,0.2246351476850324,0,-0.10922743446870907,-0.2184548689374181,-0.10922743446870907
2015-08-20 12:05:00,184,0.2359347603759973,0,-0.10924505186974162,-0.21849010373948324,-0.10924505186974162
2015-08-20 12:25:00,150,0.25576221872363863,0,-0.10926226887966367,-0.21852453775932734,-0.10926226887966368
2015-08-20 12:35:00,180,0.2328982220994296,0,-0.10927909453720734,-0.21855818907441468,-0.10927909453720734
2015-08-20 12:45:00,172,0.23611916017705845,0,-0.10929553767980732,-0.21859107535961467,-0.10929553767980733
2015-08-20 12:55:00,254,0.1850148477137888,0,-0.10931160694795973,-0.21862321389591946,-0.10931160694795972
2015-08-20 13:45:00,187,0.2254588127481008,0,-0.10932731078949193,-0.21865462157898385,-0.10932731078949193
2015-08-20 16:25:00,203,0.2136155752544371,0,-0.10934265746374562,-0.21868531492749124,-0.10934265746374562
2015-08-20 16:35:00,169,0.23552059349480045,0,-0.10935765504567373,-0.21871531009134745,-0.10935765504567373
2015-08-20 17:25:00,179,0.22651607659936465,0,-0.1093723114298536,-0.2187446228597072,-0.1093723114298536
2015-08-20 17:35:00,159,0.2392389275403469,0,-0.10938663433441732,-0.21877326866883465,-0.10938663433441732
2015-08-20 18:04:00,40,0.3348418983019393,0,-0.10940063130490102,-0.21880126260980204,-0.10940063130490102
2015-08-20 18:15:00,39,0.3206349175122789,0,-0.10941430971801434,-0.2188286194360287,-0.10941430971801434
2015-08-20 18:25:00,105,0.25751379302171146,0,-0.1094276767853318,-0.21885535357066366,-0.10942767678533181
2015-08-20 18:33:00,144,0.2265860796645829,0,-0.10944073955690738,-0.21888147911381475,-0.10944073955690738
2015-08-21 08:19:00,234,0.1958891115594688,0,-0.10945350492481347,-0.21890700984962694,-0.10945350492481348
2015-08-21 08:27:00,184,0.20013501373815504,0,-0.10946597962660633,-0.21893195925321265,-0.10946597962660633
2015-08-21 08:49:00,195,0.19253877984688728,0,-0.10947817024871834,-0.21895634049743667,-0.10947817024871834
2015-08-21 08:59:00,213,0.18407054991128266,0,-0.10949008322977953,-0.2189801664595591,-0.10949008322977954
2015-08-21 10:48:00,301,0.2479325361193027,0,-0.10950172486386904,-0.21900344972773805,-0.10950172486386903
2015-08-21 10:58:00,314,0.2556807819432588,0,-0.10951310130369776,-0.2190262026073955,-0.10951310130369775
2015-08-21 11:09:00,412,0.3414939715922778,0,-0.10952421856372424,-0.21904843712744845,-0.10952421856372423
2015-08-21 11:29:00,390,0.3049906899147722,0,-0.10953508252320418,-0.2190701650464084,-0.10953508252320418
2015-08-21 11:39:00,463,0.3619905741678424,0,-0.10954569892917554,-0.21909139785835108,-0.10954569892917554
2015-08-21 11:49:00,448,0.3275352536057693,0,-0.10955607339937992,-0.21911214679875984,-0.10955607339937991
2015-08-21 11:59:00,530,0.3845591809524543,0,-0.109566211425122,-0.21913242285024398,-0.109566211425122
2015-08-21 12:19:00,432,0.281878974135318,0,-0.10957611837406796,-0.21915223674813591,-0.10957611837406796
2015-08-21 12:28:00,372,0.23551144610801225,0,-0.1095857994929839,-0.2191715989859678,-0.1095857994929839
2015-08-21 12:37:00,336,0.21123002974685,0,-0.10959525991041592,-0.21919051982083185,-0.10959525991041591
2015-08-21 13:06:00,311,0.19558447221938685,0,-0.10960450463931258,-0.2192090092786252,-0.10960450463931258
2015-08-21 13:29:00,318,0.19938765510667508,0,-0.1096135385795912,-0.2192270771591824,-0.1096135385795912
2015-08-21 13:48:00,358,0.2245368236586565,0,-0.10962236652064873,-0.21924473304129746,-0.10962236652064872
2015-08-21 14:29:00,132,0.2957163951581947,0,-0.1096309931438188,-0.2192619862876376,-0.10963099314381879
2015-08-21 14:58:00,248,0.20501422138726366,0,-0.10963942302477574,-0.21927884604955147,-0.10963942302477574
2015-08-21 15:09:00,279,0.18514959405027312,0,-0.10964766063588648,-0.21929532127177292,-0.10964766063588648
2015-08-21 15:19:00,251,0.20283652498731272,0,-0.10965571034851178,-0.2193114206970236,-0.10965571034851178
2015-08-21 15:39:00,311,0.20126912896856305,0,-0.10966357643525758,-0.2193271528705152,-0.10966357643525758
2015-08-21 15:49:00,343,0.22350426283618835,0,-0.10967126307217742,-0.21934252614435484,-0.10967126307217742
2015-08-21 15:59:00,377,0.24865424174854284,0,-0.10967877434092722,-0.21935754868185445,-0.10967877434092722
2015-08-21 16:08:00,386,0.25310088823363913,0,-0.10968611423087296,-0.21937222846174592,-0.10968611423087296
2015-08-21 16:29:00,343,0.21587472500242466,0,-0.10969328664115273,-0.21938657328230546,-0.10969328664115272
2015-08-21 16:39:00,354,0.22332671551702324,0,-0.10970029538269364,-0.2194005907653873,-0.10970029538269364
2015-08-21 16:49:00,355,0.22273927082644687,0,-0.10970714418018486,-0.21941428836036966,-0.10970714418018486
2015-08-21 16:59:00,337,0.20715396996653826,0,-0.10971383667400747,-0.2194276733480149,-0.10971383667400747
2015-08-21 17:08:00,276,0.20420271457453387,0,-0.10972037642212212,-0.21944075284424425,-0.10972037642212211
2015-08-21 17:19:00,209,0.2622615443000008,0,-0.10972676690191528,-0.21945353380383056,-0.10972676690191528
2015-08-21 17:28:00,203,0.2638769027250313,0,-0.10973301151200536,-0.21946602302401072,-0.10973301151200536
2015-08-21 17:49:00,184,0.2781440120203863,0,-0.10973911357400867,-0.21947822714801735,-0.10973911357400869
2015-08-21 20:58:00,151,0.3058632903652453,0,-0.10974507633426707,-0.21949015266853414,-0.10974507633426708
2015-08-21 21:35:00,498,0.3893398317963302,0,-0.10975090296553736,-0.21950180593107474,-0.10975090296553737
2015-08-21 21:49:00,1000,0.8441435018714688,0,-0.10975659656864364,-0.2195131931372873,-0.10975659656864364
2015-08-21 21:59:00,1364,0.7774807888886657,0,-0.10976216017409317,-0.21952432034818636,-0.10976216017409317
2015-08-21 22:12:00,1635,0.6585611059347459,0,-0.10976759674365673,-0.21953519348731346,-0.10976759674365671
2015-08-22 04:50:00,57,0.2668006587312841,0,-0.10977290917191394,-0.2195458183438279,-0.10977290917191394
2015-08-22 05:00:00,58,0.26200358793953915,0,-0.10977810028776472,-0.21955620057552944,-0.10977810028776472
2015-08-22 05:10:00,155,0.23492401233232005,0,-0.10978317285590697,-0.21956634571181396,-0.109783172855907
2015-08-22 06:30:00,119,0.2413646222626251,0,-0.10978812957828203,-0.21957625915656406,-0.10978812957828202
2015-08-22 07:10:00,110,0.24110417635315665,0,-0.10979297309548754,-0.21958594619097507,-0.10979297309548754
2015-08-22 08:30:00,183,0.2214790171667136,0,-0.10979770598815963,-0.2195954119763193,-0.10979770598815965
2015-08-22 09:06:00,364,0.18400914884669392,0,-0.10980233077832416,-0.21960466155664832,-0.10980233077832416
2015-08-22 09:30:00,278,0.19934295952773,0,-0.10980684993071772,-0.21961369986143545,-0.10980684993071772
2015-08-22 09:50:00,221,0.2121744262129321,0,-0.1098112658540799,-0.2196225317081598,-0.1098112658540799
2015-08-22 12:37:00,328,0.18639953849232246,0,-0.10981558090241628,-0.21963116180483253,-0.10981558090241628
2015-08-23 15:48:00,146,0.2312076523042662,0,-0.10981979737623368,-0.21963959475246736,-0.10981979737623368
2015-08-23 18:08:00,136,0.23211967258378866,0,-0.1098239175237478,-0.2196478350474956,-0.10982391752374779
2015-08-23 18:46:00,121,0.2344200780858236,0,-0.10982794354206388,-0.21965588708412773,-0.10982794354206388
2015-08-23 18:58:00,132,0.22936686728674985,0,-0.10983187757833136,-0.21966375515666275,-0.10983187757833136
2015-08-23 19:18:00,180,0.21444060085850056,0,-0.10983572173087236,-0.21967144346174475,-0.10983572173087237
2015-08-23 19:27:00,253,0.19407728152222864,0,-0.10983947805028543,-0.21967895610057087,-0.10983947805028543
2015-08-23 19:58:00,229,0.20013808147072354,0,-0.10984314854052432,-0.2196862970810486,-0.10984314854052431
2015-08-23 20:08:00,263,0.19047303588579986,0,-0.10984673515995276,-0.2196934703199055,-0.10984673515995275
2015-08-23 20:18:00,307,0.1863196298592444,0,-0.10985023982237586,-0.21970047964475173,-0.10985023982237586
2015-08-23 20:28:00,312,0.1875948024557081,0,-0.1098536643980482,-0.2197073287960964,-0.10985366439804821
2015-08-23 20:37:00,313,0.18774481846224747,0,-0.1098570107146594,-0.2197140214293188,-0.10985701071465939
2015-08-23 20:48:00,373,0.20564412117663253,0,-0.10986028055829776,-0.2197205611165955,-0.10986028055829775
2015-08-23 21:07:00,184,0.21820970925430205,0,-0.1098634756743922,-0.2197269513487844,-0.1098634756743922
2015-08-24 03:32:00,123,0.2383950025071505,0,-0.1098665977686332,-0.2197331955372664,-0.1098665977686332
2015-08-24 03:43:00,129,0.2339932976218345,0,-0.10986964850787298,-0.219739297015746,-0.10986964850787298
2015-08-24 06:22:00,133,0.2305812941890991,0,-0.1098726295210056,-0.2197452590420112,-0.10987262952100559
2015-08-24 07:51:00,194,0.20714467079301546,0,-0.10987554239982712,-0.21975108479965424,-0.10987554239982711
2015-08-24 08:03:00,192,0.20712720170305635,0,-0.1098783886998768,-0.2197567773997536,-0.1098783886998768
2015-08-24 08:13:00,178,0.21146589013087705,0,-0.10988116994125906,-0.2197623398825181,-0.10988116994125906
2015-08-24 08:23:00,205,0.2007366910779017,0,-0.10988388760944708,-0.21976777521889415,-0.10988388760944709
2015-08-24 08:33:00,250,0.18424271020185384,0,-0.1098865431560685,-0.219773086312137,-0.1098865431560685
2015-08-24 08:43:00,283,0.1924252766043808,0,-0.10988913799967318,-0.21977827599934635,-0.10988913799967318
2015-08-24 08:53:00,296,0.19707017638663693,0,-0.10989167352648388,-0.21978334705296776,-0.10989167352648388
2015-08-24 09:03:00,256,0.1833158623202816,0,-0.10989415109113006,-0.2197883021822601,-0.10989415109113006
2015-08-24 09:13:00,218,0.1981432560740515,0,-0.10989657201736497,-0.2197931440347299,-0.10989657201736495
2015-08-24 09:43:00,197,0.20650708880828086,0,-0.1098989375987667,-0.2197978751975334,-0.1098989375987667
2015-08-24 09:53:00,226,0.19350099479437946,0,-0.10990124909942366,-0.2198024981988473,-0.10990124909942366
2015-08-24 10:03:00,257,0.1844874343148364,0,-0.10990350775460414,-0.21980701550920828,-0.10990350775460414
2015-08-24 10:13:00,211,0.20023597784459626,0,-0.1099057147714111,-0.2198114295428222,-0.1099057147714111
2015-08-24 10:23:00,225,0.19341259421542306,0,-0.10990787132942224,-0.2198157426588445,-0.10990787132942224
2015-08-24 10:43:00,262,0.18824189577325798,0,-0.10990997858131532,-0.21981995716263064,-0.10990997858131532
2015-08-24 10:51:00,280,0.19651507259762224,0,-0.10991203765347972,-0.21982407530695947,-0.10991203765347973
2015-08-24 11:03:00,483,0.3135464674121713,0,-0.10991404964661393,-0.21982809929322786,-0.10991404964661393
2015-08-24 11:13:00,628,0.4019310325057205,0,-0.10991601563630964,-0.2198320312726193,-0.10991601563630965
2015-08-24 11:23:00,1047,0.6519115375889183,0,-0.10991793667362272,-0.21983587334724544,-0.10991793667362272
2015-08-24 11:33:00,1111,0.5335464036555526,0,-0.10991981378563112,-0.21983962757126224,-0.10991981378563112
2015-08-24 11:42:00,764,0.30848356057246085,0,-0.10992164797598032,-0.21984329595196064,-0.10992164797598032
2015-08-24 12:03:00,504,0.2157386187857824,0,-0.10992344022541638,-0.21984688045083275,-0.10992344022541638
2015-08-24 12:12:00,729,0.28664545882314746,0,-0.10992519149230684,-0.2198503829846137,-0.10992519149230685
2015-08-24 12:22:00,627,0.2462470424659666,0,-0.10992690271315016,-0.2198538054263003,-0.10992690271315016
2015-08-24 12:33:00,288,0.21686506744325312,0,-0.1099285748030731,-0.2198571496061462,-0.1099285748030731
2015-08-24 12:42:00,318,0.20700106457846906,0,-0.10993020865631738,-0.21986041731263475,-0.10993020865631738
2015-08-24 12:52:00,167,0.25419672406026544,0,-0.109931805146715,-0.21986361029343,-0.10993180514671501
2015-08-24 13:32:00,156,0.25456908338876433,0,-0.10993336512815294,-0.21986673025630588,-0.10993336512815294
2015-08-24 13:43:00,161,0.24943961114605026,0,-0.10993488943502712,-0.21986977887005424,-0.10993488943502712
2015-08-24 13:53:00,169,0.2437091786266545,0,-0.10993637888268648,-0.21987275776537293,-0.10993637888268647
2015-08-24 14:03:00,181,0.2370568771519561,0,-0.1099378342678665,-0.219875668535733,-0.1099378342678665
2015-08-24 14:13:00,190,0.2318692963939576,0,-0.10993925636911336,-0.2198785127382267,-0.10993925636911335
2015-08-24 14:23:00,154,0.2425403238419158,0,-0.1099406459471981,-0.2198812918943962,-0.1099406459471981
2015-08-24 14:33:00,170,0.2343975666446349,0,-0.10994200374552164,-0.2198840074910433,-0.10994200374552165
2015-08-24 15:52:00,77,0.2668780823620465,0,-0.10994333049051057,-0.21988666098102114,-0.10994333049051057
2015-08-24 16:03:00,175,0.226450676777367,0,-0.10994462689200374,-0.21988925378400748,-0.10994462689200374
2015-08-24 16:13:00,190,0.2196699267424116,0,-0.10994589364363046,-0.2198917872872609,-0.10994589364363046
2015-08-24 16:22:00,187,0.21951404153273404,0,-0.10994713142317984,-0.21989426284635968,-0.10994713142317984
2015-08-24 16:43:00,141,0.2352825975997765,0,-0.10994834089296177,-0.21989668178592356,-0.10994834089296177
2015-08-24 17:03:00,157,0.22719020118997865,0,-0.1099495227001598,-0.21989904540031965,-0.10994952270015981
2015-08-24 17:13:00,173,0.21958585508705605,0,-0.10995067747717606,-0.21990135495435206,-0.10995067747717606
2015-08-24 17:23:00,177,0.2168621806284352,0,-0.10995180584196798,-0.219903611683936,-0.10995180584196798
2015-08-24 17:43:00,140,0.2303135484411667,0,-0.10995290839837793,-0.21990581679675586,-0.10995290839837792
2015-08-24 18:33:00,140,0.2285699048959145,0,-0.10995398573645487,-0.21990797147290975,-0.10995398573645489
2015-08-24 18:41:00,141,0.22650878502421265,0,-0.10995503843276903,-0.2199100768655381,-0.10995503843276905
2015-08-24 18:53:00,146,0.22288811594131008,0,-0.1099560670507192,-0.2199121341014384,-0.10995606705071921
2015-08-24 19:03:00,155,0.2177622363291776,0,-0.10995707214083313,-0.21991414428166625,-0.10995707214083313
2015-08-24 19:12:00,142,0.22217656965462645,0,-0.10995805424106116,-0.2199161084821224,-0.10995805424106118
2015-08-25 08:12:00,155,0.2152181417810503,0,-0.10995901387706318,-0.2199180277541264,-0.10995901387706318
2015-08-25 08:22:00,211,0.1907513549581187,0,-0.1099599515624888,-0.2199199031249776,-0.1099599515624888
2015-08-25 08:30:00,232,0.18278833209768205,0,-0.1099608677992516,-0.2199217355985032,-0.10996086779925159
2015-08-25 08:41:00,285,0.20539487254650995,0,-0.10996176307779666,-0.21992352615559327,-0.10996176307779666
2015-08-25 08:50:00,324,0.22306012017355267,0,-0.10996263787736246,-0.21992527575472487,-0.10996263787736246
2015-08-25 09:01:00,314,0.21681046604848409,0,-0.10996349266623644,-0.21992698533247287,-0.10996349266623644
2015-08-25 09:12:00,236,0.18509626368956164,0,-0.10996432790200494,-0.2199286558040099,-0.10996432790200494
2015-08-25 09:20:00,170,0.2166045650313492,0,-0.10996514403179744,-0.21993028806359488,-0.10996514403179744
2015-08-25 09:32:00,161,0.2201999813175606,0,-0.1099659414925252,-0.21993188298505045,-0.10996594149252521
2015-08-25 10:01:00,180,0.20901901928965694,0,-0.10996672071111452,-0.21993344142222904,-0.10996672071111452
2015-08-25 10:21:00,222,0.18704828724016426,0,-0.10996748210473456,-0.21993496420946912,-0.10996748210473456
2015-08-25 10:32:00,228,0.18396979231047875,0,-0.10996822608102014,-0.21993645216204027,-0.10996822608102014
2015-08-25 10:42:00,240,0.18696520004496409,0,-0.10996895303828938,-0.2199379060765788,-0.10996895303828938
2015-08-25 10:52:00,219,0.1888962128406619,0,-0.1099696633657564,-0.2199393267315128,-0.1099696633657564
2015-08-25 11:02:00,226,0.1849789858680816,0,-0.10997035744373916,-0.21994071488747832,-0.10997035744373916
2015-08-25 11:12:00,221,0.18765562371085998,0,-0.10997103564386253,-0.21994207128772505,-0.10997103564386253
2015-08-25 11:32:00,204,0.19732293757034314,0,-0.10997169832925684,-0.21994339665851367,-0.10997169832925684
2015-08-25 11:41:00,233,0.1848186525154233,0,-0.1099723458547518,-0.2199446917095036,-0.10997234585475181
2015-08-25 12:02:00,263,0.2030462497955375,0,-0.10997297856706616,-0.21994595713413234,-0.10997297856706617
2015-08-25 13:41:00,129,0.25096676343891583,0,-0.10997359680499276,-0.2199471936099855,-0.10997359680499275
2015-08-25 13:52:00,114,0.2592965433606351,0,-0.1099742008995796,-0.2199484017991592,-0.10997420089957959
2015-08-25 14:01:00,94,0.2712056046437893,0,-0.1099747911743068,-0.2199495823486136,-0.1099747911743068
2015-08-25 14:12:00,109,0.25447316567590755,0,-0.10997536794525936,-0.2199507358905187,-0.10997536794525935
2015-08-25 15:32:00,157,0.21597058823393286,0,-0.10997593152129606,-0.21995186304259207,-0.10997593152129606
2015-08-25 15:41:00,171,0.2052101035926059,0,-0.10997648220421463,-0.21995296440842926,-0.10997648220421463
2015-08-25 17:42:00,304,0.25483377511370264,0,-0.10997702028891286,-0.21995404057782567,-0.10997702028891286
2015-08-25 17:50:00,379,0.3169424556919188,0,-0.10997754606354636,-0.21995509212709274,-0.10997754606354637
2015-08-25 18:02:00,502,0.4243877529686296,0,-0.10997805980968256,-0.2199561196193651,-0.10997805980968255
2015-08-25 18:11:00,608,0.4826478869184273,0,-0.10997856180245108,-0.21995712360490213,-0.10997856180245107
2015-08-25 18:33:00,607,0.4185448805588003,0,-0.109979052310691,-0.219958104621382,-0.109979052310691
2015-08-25 18:40:00,695,0.4437802433930905,0,-0.10997953159709448,-0.21995906319418895,-0.10997953159709449
2015-08-25 18:52:00,437,0.2482316144145179,0,-0.10997999991834724,-0.21995999983669445,-0.10997999991834723
2015-08-25 19:02:00,260,0.19782912995723967,0,-0.10998045752526564,-0.2199609150505313,-0.10998045752526565
2015-08-26 04:59:00,115,0.2684349517634012,0,-0.1099809046629311,-0.2199618093258622,-0.1099809046629311
2015-08-26 05:09:00,108,0.2674883873955998,0,-0.10998134157082083,-0.21996268314164166,-0.10998134157082082
2015-08-26 05:29:00,113,0.2601944082436989,0,-0.109981768482936,-0.21996353696587198,-0.109981768482936
2015-08-26 06:09:00,111,0.2573433709915852,0,-0.10998218562792697,-0.21996437125585397,-0.109982185627927
2015-08-26 07:19:00,142,0.23759889496405845,0,-0.10998259322921557,-0.2199651864584311,-0.10998259322921555
2015-08-26 08:09:00,207,0.203803185699312,0,-0.1099829915051142,-0.2199659830102284,-0.1099829915051142
2015-08-26 08:19:00,230,0.19257389858326945,0,-0.10998338066894324,-0.21996676133788645,-0.10998338066894323
2015-08-26 08:30:00,305,0.2073423754367049,0,-0.10998376092914457,-0.2199675218582891,-0.10998376092914455
2015-08-26 08:58:00,361,0.2360693409042495,0,-0.10998413248939336,-0.21996826497878674,-0.10998413248939337
2015-08-26 09:40:00,205,0.2091227567412426,0,-0.10998449554870704,-0.2199689910974141,-0.10998449554870705
2015-08-26 10:19:00,288,0.19755722709251566,0,-0.10998485030155156,-0.2199697006031031,-0.10998485030155156
2015-08-26 10:30:00,351,0.2315977822435336,0,-0.10998519693794552,-0.21997039387589104,-0.10998519693794552
2015-08-26 10:39:00,387,0.25152775786507586,0,-0.10998553564356188,-0.21997107128712376,-0.10998553564356188
2015-08-26 10:49:00,293,0.19448719005560552,0,-0.10998586659982723,-0.21997173319965446,-0.10998586659982722
2015-08-26 11:00:00,326,0.21244887762414924,0,-0.10998618998401882,-0.21997237996803765,-0.10998618998401882
2015-08-26 11:08:00,405,0.2612822752546814,0,-0.10998650596935954,-0.21997301193871907,-0.10998650596935954
2015-08-26 11:29:00,579,0.3897142714843307,0,-0.10998681472511042,-0.21997362945022084,-0.10998681472511042
2015-08-26 11:39:00,486,0.2939841149997973,0,-0.10998711641666133,-0.21997423283332265,-0.10998711641666133
2015-08-26 11:49:00,547,0.3279394418695384,0,-0.10998741120561947,-0.21997482241123892,-0.10998741120561947
2015-08-26 12:00:00,710,0.4326664522830009,0,-0.10998769924989577,-0.2199753984997915,-0.10998769924989575
2015-08-26 12:10:00,604,0.321274094727702,0,-0.1099879807037894,-0.2199759614075788,-0.1099879807037894
2015-08-26 12:30:00,480,0.2416097798214724,0,-0.10998825571807044,-0.2199765114361409,-0.10998825571807044
2015-08-26 12:50:00,620,0.31652229168226537,0,-0.1099885244400605,-0.219977048880121,-0.1099885244400605
2015-08-26 13:00:00,494,0.2380310469121588,0,-0.1099887870137115,-0.219977574027423,-0.1099887870137115
2015-08-26 13:20:00,570,0.27536346478523105,0,-0.1099890435796828,-0.2199780871593656,-0.1099890435796828
2015-08-26 13:37:00,420,0.1970076157534048,0,-0.10998929427541644,-0.2199785885508329,-0.10998929427541645
2015-08-26 14:00:00,333,0.2060838990555164,0,-0.10998953923521076,-0.21997907847042156,-0.10998953923521076
2015-08-26 14:09:00,272,0.2354226157401519,0,-0.10998977859029216,-0.21997955718058435,-0.10998977859029217
2015-08-26 15:35:00,167,0.29244445731014823,0,-0.10999001246888546,-0.2199800249377709,-0.10999001246888546
2015-08-27 00:10:00,124,0.3106866755251997,0,-0.10999024099628243,-0.2199804819925649,-0.10999024099628245
2015-08-27 04:36:00,102,0.3134043918245392,0,-0.109990464294909,-0.219980928589818,-0.109990464294909
2015-08-27 04:46:00,114,0.2955380899060869,0,-0.1099906824843906,-0.2199813649687812,-0.10999068248439059
2015-08-27 05:26:00,665,0.355798928329205,0,-0.1099908956816163,-0.2199817913632326,-0.1099908956816163
2015-08-27 05:36:00,1777,0.8997433051992397,0,-0.10999110400080146,-0.21998220800160287,-0.10999110400080146
2015-08-27 05:46:00,1774,0.5891367774159432,0,-0.10999130755354873,-0.21998261510709746,-0.10999130755354872
2015-08-27 06:36:00,122,0.2490078012968583,0,-0.10999150644890784,-0.2199830128978157,-0.10999150644890784
2015-08-27 06:45:00,124,0.2456317117972003,0,-0.10999170079343402,-0.21998340158686805,-0.10999170079343402
2015-08-27 08:06:00,171,0.2334706795209717,0,-0.10999189069124504,-0.21998378138249008,-0.10999189069124504
2015-08-27 08:16:00,174,0.2309478638432691,0,-0.10999207624407686,-0.21998415248815373,-0.10999207624407686
2015-08-27 08:25:00,207,0.2225656907784776,0,-0.10999225755133824,-0.21998451510267647,-0.10999225755133824
2015-08-27 08:36:00,238,0.21504840415461704,0,-0.10999243471016384,-0.2199848694203277,-0.10999243471016383
2015-08-27 08:44:00,265,0.20866602403491435,0,-0.10999260781546627,-0.21998521563093254,-0.10999260781546628
2015-08-27 08:56:00,322,0.1966762441802493,0,-0.10999277695998698,-0.219985553919974,-0.10999277695998698
2015-08-27 09:06:00,270,0.2067544102379588,0,-0.10999294223434576,-0.21998588446869152,-0.10999294223434576
2015-08-27 09:16:00,213,0.21824091336894924,0,-0.10999310372708944,-0.21998620745417885,-0.10999310372708943
2015-08-27 09:25:00,205,0.21887138232792125,0,-0.10999326152473912,-0.21998652304947824,-0.10999326152473911
2015-08-27 09:35:00,173,0.22504783122376595,0,-0.10999341571183664,-0.21998683142367328,-0.10999341571183663
2015-08-27 09:56:00,195,0.2184330967112368,0,-0.10999356637098978,-0.2199871327419796,-0.10999356637098978
2015-08-27 10:06:00,221,0.21120231932196004,0,-0.10999371358291657,-0.21998742716583314,-0.10999371358291657
2015-08-27 10:14:00,272,0.19857251600593206,0,-0.1099938574264884,-0.2199877148529768,-0.10999385742648839
2015-08-27 10:26:00,336,0.18376502099100692,0,-0.10999399797877228,-0.21998799595754454,-0.10999399797877227
2015-08-27 10:36:00,394,0.19431352430196008,0,-0.1099941353150722,-0.2199882706301444,-0.1099941353150722
2015-08-27 10:56:00,472,0.2133331603961418,0,-0.10999426950896936,-0.21998853901793874,-0.10999426950896937
2015-08-27 11:06:00,519,0.2249339882518945,0,-0.10999440063236167,-0.21998880126472334,-0.10999440063236168
2015-08-27 11:16:00,565,0.2364427030575172,0,-0.10999452875550213,-0.21998905751100425,-0.10999452875550211
2015-08-27 11:26:00,523,0.22237752522710846,0,-0.10999465394703647,-0.21998930789407292,-0.10999465394703647
2015-08-27 11:35:00,636,0.25477316878043066,0,-0.10999477627404007,-0.21998955254808014,-0.10999477627404008
2015-08-27 11:46:00,345,0.19388111083457904,0,-0.10999489580205372,-0.21998979160410745,-0.10999489580205372
2015-08-27 11:56:00,326,0.19868167433362327,0,-0.10999501259511872,-0.21999002519023744,-0.10999501259511872
2015-08-27 12:07:00,281,0.2110242001305908,0,-0.1099951267158113,-0.2199902534316226,-0.1099951267158113
2015-08-27 12:27:00,199,0.23550062418565385,0,-0.10999523822527604,-0.21999047645055206,-0.10999523822527602
2015-08-27 12:37:00,238,0.2210411691529641,0,-0.10999534718325857,-0.2199906943665171,-0.10999534718325855
2015-08-27 12:47:00,383,0.18774119310195653,0,-0.10999545364813773,-0.21999090729627546,-0.10999545364813772
2015-08-27 12:57:00,413,0.1964351174126246,0,-0.1099955576769567,-0.2199911153539134,-0.1099955576769567
2015-08-27 13:07:00,389,0.18880472247932087,0,-0.10999565932545363,-0.21999131865090726,-0.10999565932545362
2015-08-27 13:17:00,364,0.1837350537789277,0,-0.1099957586480914,-0.2199915172961828,-0.10999575864809139
2015-08-27 13:27:00,394,0.19044546462033685,0,-0.10999585569808686,-0.2199917113961737,-0.10999585569808686
2015-08-27 13:36:00,376,0.1844825636679832,0,-0.10999595052743938,-0.2199919010548788,-0.10999595052743938
2015-08-27 13:46:00,368,0.1830004667465796,0,-0.10999604318695858,-0.21999208637391715,-0.10999604318695858
2015-08-27 16:17:00,193,0.2479730448447833,0,-0.10999613372629163,-0.21999226745258327,-0.10999613372629163
2015-08-27 16:26:00,187,0.2475700369550944,0,-0.10999622219394983,-0.21999244438789967,-0.10999622219394983
2015-08-27 17:27:00,177,0.2489066787519081,0,-0.1099963086373346,-0.2199926172746692,-0.1099963086373346
2015-08-27 17:37:00,134,0.2645865735638653,0,-0.10999639310276277,-0.2199927862055256,-0.10999639310276278
2015-08-27 17:46:00,110,0.2709706927189537,0,-0.10999647563549164,-0.21999295127098328,-0.10999647563549163
2015-08-27 17:57:00,114,0.2642005154721425,0,-0.10999655627974284,-0.21999311255948567,-0.10999655627974284
2015-08-27 18:17:00,90,0.2706542779152373,0,-0.1099966350787264,-0.2199932701574528,-0.10999663507872641
2015-08-27 18:27:00,99,0.2616856681636877,0,-0.1099967120746637,-0.2199934241493274,-0.1099967120746637
2015-08-27 18:35:00,187,0.2207117534636421,0,-0.10999678730881006,-0.21999357461762006,-0.10999678730881006
2015-08-27 19:15:00,131,0.2428827351638816,0,-0.10999686082147694,-0.2199937216429539,-0.10999686082147694
2015-08-28 04:47:00,117,0.2465117474289481,0,-0.10999693265205347,-0.21999386530410692,-0.10999693265205347
2015-08-28 05:08:00,400,0.23418381159199164,0,-0.10999700283902758,-0.2199940056780552,-0.10999700283902758
2015-08-28 05:18:00,114,0.24915628925723385,0,-0.10999707142000656,-0.21999414284001315,-0.10999707142000657
2015-08-28 07:18:00,152,0.2291324347667896,0,-0.10999713843173738,-0.21999427686347475,-0.10999713843173738
2015-08-28 07:37:00,160,0.2239301586333841,0,-0.10999720391012607,-0.21999440782025212,-0.10999720391012607
2015-08-28 07:47:00,574,0.3350134447198767,0,-0.10999726789025724,-0.2199945357805145,-0.10999726789025725
2015-08-28 08:19:00,218,0.20353102122035546,0,-0.1099973304064128,-0.2199946608128256,-0.1099973304064128
2015-08-28 08:26:00,250,0.19012621784322084,0,-0.10999739149209012,-0.21999478298418024,-0.10999739149209013
2015-08-28 08:38:00,280,0.18671745112326216,0,-0.10999745118002036,-0.21999490236004074,-0.10999745118002037
2015-08-28 08:47:00,257,0.18748694661583856,0,-0.10999750950218563,-0.2199950190043713,-0.10999750950218565
2015-08-28 08:58:00,246,0.1919845511896094,0,-0.10999756648983636,-0.2199951329796728,-0.10999756648983638
2015-08-28 09:08:00,225,0.20103663467735933,0,-0.10999762217350796,-0.21999524434701592,-0.10999762217350796
2015-08-28 09:28:00,167,0.2286012021018511,0,-0.10999767658303712,-0.2199953531660742,-0.10999767658303711
2015-08-28 09:48:00,195,0.21289247843793271,0,-0.1099977297475779,-0.2199954594951558,-0.1099977297475779
2015-08-28 09:57:00,247,0.1871340939051315,0,-0.10999778169561734,-0.2199955633912347,-0.10999778169561734
2015-08-28 10:08:00,279,0.1927510168148781,0,-0.10999783245499062,-0.21999566490998124,-0.10999783245499062
2015-08-28 10:18:00,334,0.220829954147932,0,-0.10999788205289608,-0.21999576410579216,-0.10999788205289608
2015-08-28 10:38:00,368,0.2388449163566497,0,-0.10999793051590973,-0.21999586103181945,-0.10999793051590971
2015-08-28 10:48:00,334,0.2171755989664297,0,-0.10999797786999947,-0.21999595573999892,-0.10999797786999947
2015-08-28 10:58:00,359,0.23048713879330776,0,-0.10999802414053916,-0.2199960482810783,-0.10999802414053915
2015-08-28 11:07:00,500,0.3233500353068061,0,-0.10999806935232194,-0.21999613870464388,-0.10999806935232194
2015-08-28 11:27:00,587,0.3748501363709417,0,-0.10999811352957377,-0.2199962270591476,-0.10999811352957378
2015-08-28 11:34:00,612,0.36779597402202097,0,-0.10999815669596627,-0.21999631339193254,-0.10999815669596628
2015-08-28 12:22:00,536,0.29682602610738285,0,-0.10999819887462944,-0.2199963977492589,-0.10999819887462944
2015-08-28 12:36:00,728,0.4129985882963036,0,-0.10999824008816404,-0.21999648017632809,-0.10999824008816404
2015-08-28 12:58:00,844,0.4500227906908232,0,-0.1099982803586537,-0.2199965607173074,-0.1099982803586537
2015-08-28 13:07:00,566,0.2591009631709262,0,-0.10999831970767678,-0.21999663941535355,-0.10999831970767678
2015-08-28 13:18:00,675,0.306622857947386,0,-0.10999835815631788,-0.21999671631263573,-0.10999835815631787
2015-08-28 13:28:00,616,0.2693986606543983,0,-0.10999839572517917,-0.21999679145035836,-0.10999839572517917
2015-08-28 13:38:00,781,0.3444077395401008,0,-0.10999843243439147,-0.21999686486878295,-0.10999843243439149
2015-08-28 13:56:00,702,0.2902310802140175,0,-0.10999846830362496,-0.21999693660724995,-0.10999846830362497
2015-08-28 14:08:00,476,0.19432475882029987,0,-0.10999850335209972,-0.21999700670419944,-0.10999850335209972
2015-08-28 14:18:00,297,0.235725110303721,0,-0.10999853759859607,-0.21999707519719214,-0.10999853759859607
2015-08-28 14:28:00,258,0.2498678975674675,0,-0.1099985710614646,-0.21999714212292926,-0.10999857106146461
2015-08-28 14:48:00,223,0.26202510339737245,0,-0.1099986037586361,-0.2199972075172722,-0.1099986037586361
2015-08-28 14:58:00,197,0.2695489305988573,0,-0.10999863570763098,-0.219997271415262,-0.10999863570763098
2015-08-28 15:38:00,234,0.2484738619530002,0,-0.1099986669255688,-0.2199973338511376,-0.10999866692556881
2015-08-28 15:47:00,248,0.2395628639594912,0,-0.10999869742917744,-0.21999739485835487,-0.10999869742917744
2015-08-28 15:58:00,260,0.2321804935819115,0,-0.10999872723480196,-0.21999745446960392,-0.10999872723480196
2015-08-28 16:07:00,231,0.2428881056083341,0,-0.10999875635841347,-0.21999751271682694,-0.10999875635841348
2015-08-28 16:27:00,215,0.24752943748940784,0,-0.10999878481561767,-0.21999756963123535,-0.10999878481561769
2015-08-28 17:08:00,206,0.24877669206871905,0,-0.10999881262166313,-0.21999762524332625,-0.10999881262166313
2015-08-28 17:38:00,177,0.2593983916653552,0,-0.1099988397914495,-0.21999767958289898,-0.1099988397914495
2015-08-28 19:48:00,276,0.2114707111259771,0,-0.10999886633953557,-0.21999773267907116,-0.10999886633953557
2015-08-28 19:58:00,277,0.21017127896247045,0,-0.10999889228014692,-0.21999778456029387,-0.10999889228014693
2015-08-28 23:08:00,183,0.2528051842039364,0,-0.10999891762718376,-0.2199978352543675,-0.10999891762718375
2015-08-28 23:48:00,299,0.196822261630942,0,-0.10999894239422807,-0.21999788478845614,-0.10999894239422808
2015-08-28 23:58:00,328,0.1843822290968241,0,-0.10999896659455123,-0.2199979331891025,-0.10999896659455125
2015-08-29 10:53:00,157,0.2661695332885121,0,-0.10999899024112084,-0.21999798048224167,-0.10999899024112084
2015-08-29 12:14:00,182,0.2485066199281823,0,-0.1099990133466078,-0.2199980266932156,-0.1099990133466078
2015-08-29 12:25:00,167,0.2534473324185299,0,-0.10999903592339312,-0.21999807184678624,-0.10999903592339312
2015-08-29 13:21:00,212,0.22703212316095056,0,-0.10999905798357447,-0.21999811596714894,-0.10999905798357447
2015-08-29 13:55:00,172,0.2462006573038437,0,-0.10999907953897273,-0.21999815907794545,-0.10999907953897271
2015-08-29 15:35:00,157,0.25157329118617555,0,-0.10999910060113828,-0.21999820120227656,-0.10999910060113828
2015-08-29 18:45:00,133,0.2617966847838271,0,-0.10999912118135728,-0.21999824236271456,-0.10999912118135728
2015-08-29 18:55:00,189,0.2273998786022776,0,-0.10999914129065756,-0.2199982825813151,-0.10999914129065755
2015-08-29 19:04:00,185,0.22792046472228586,0,-0.10999916093981464,-0.21999832187962928,-0.10999916093981463
2015-08-29 19:14:00,182,0.2279164980705092,0,-0.10999918013935747,-0.21999836027871494,-0.10999918013935749
2015-08-29 19:34:00,172,0.2318011710735524,0,-0.10999919889957416,-0.21999839779914832,-0.10999919889957416
2015-08-29 19:55:00,364,0.2344123696807565,0,-0.1099992172305173,-0.2199984344610346,-0.1099992172305173
2015-08-29 20:04:00,378,0.2405654527485649,0,-0.10999923514200953,-0.21999847028401906,-0.10999923514200952
2015-08-29 20:15:00,468,0.2954369452702683,0,-0.10999925264364868,-0.21999850528729736,-0.10999925264364868
2015-08-29 20:23:00,761,0.5087832492170999,0,-0.10999926974481304,-0.21999853948962608,-0.10999926974481304
2015-08-29 20:34:00,556,0.3047631988578801,0,-0.10999928645466624,-0.2199985729093325,-0.10999928645466625
2015-08-29 20:44:00,606,0.3238382124829277,0,-0.10999930278216227,-0.21999860556432455,-0.10999930278216229
2015-08-29 20:55:00,545,0.2781007771998523,0,-0.10999931873605023,-0.2199986374721005,-0.10999931873605025
2015-08-29 21:03:00,286,0.20640598156537107,0,-0.10999933432487903,-0.21999866864975806,-0.10999933432487903
2015-08-29 21:15:00,243,0.2249515072509716,0,-0.10999934955700193,-0.21999869911400385,-0.10999934955700191
2015-08-30 04:55:00,109,0.29240614689278244,0,-0.10999936444058106,-0.21999872888116206,-0.10999936444058106
2015-08-30 06:07:00,121,0.2782895749804424,0,-0.10999937898359184,-0.21999875796718368,-0.10999937898359184
2015-08-30 09:37:00,166,0.2493975499562142,0,-0.10999939319382718,-0.21999878638765435,-0.10999939319382718
2015-08-30 09:45:00,167,0.2458985397263325,0,-0.1099994070789016,-0.21999881415780326,-0.10999940707890161
2015-08-30 10:27:00,136,0.2590054987759643,0,-0.10999942064625552,-0.21999884129251104,-0.10999942064625552
2015-08-30 10:47:00,112,0.2678751127454355,0,-0.109999433903159,-0.219998867806318,-0.10999943390315899
2015-08-30 10:56:00,119,0.2595121555873598,0,-0.10999944685671574,-0.21999889371343148,-0.10999944685671574
2015-08-30 11:27:00,148,0.2407550944171508,0,-0.109999459513867,-0.219998919027734,-0.109999459513867
2015-08-30 12:25:00,182,0.2215695832324689,0,-0.10999947188139512,-0.21999894376279025,-0.10999947188139511
2015-08-30 14:27:00,112,0.256407310261186,0,-0.10999948396592726,-0.21999896793185453,-0.10999948396592726
2015-08-30 14:46:00,331,0.21614701150904367,0,-0.10999949577393901,-0.219998991547878,-0.10999949577393899
2015-08-30 14:57:00,358,0.2287400973115737,0,-0.10999950731175764,-0.2199990146235153,-0.10999950731175764
2015-08-30 15:07:00,377,0.2371790123476839,0,-0.10999951858556582,-0.21999903717113165,-0.10999951858556582
2015-08-30 15:16:00,261,0.187117144486925,0,-0.1099995296014046,-0.2199990592028092,-0.1099995296014046
2015-08-30 15:25:00,319,0.2058219918776389,0,-0.10999954036517692,-0.21999908073035385,-0.10999954036517691
2015-08-30 15:37:00,349,0.2211337216796348,0,-0.10999955088265052,-0.21999910176530105,-0.10999955088265051
2015-08-30 15:46:00,322,0.20520859972159627,0,-0.10999956115946127,-0.21999912231892252,-0.10999956115946127
2015-08-30 15:57:00,252,0.1962937413578363,0,-0.10999957120111603,-0.21999914240223206,-0.10999957120111603
2015-08-30 16:07:00,215,0.216514932817474,0,-0.10999958101299567,-0.21999916202599132,-0.10999958101299567
2015-08-30 16:17:00,255,0.19287224463401853,0,-0.10999959060035792,-0.21999918120071585,-0.10999959060035792
2015-08-30 16:27:00,284,0.18794230807826007,0,-0.10999959996834023,-0.21999919993668046,-0.10999959996834023
2015-08-30 16:47:00,331,0.21542110691784327,0,-0.10999960912196248,-0.21999921824392493,-0.10999960912196247
2015-08-30 17:05:00,569,0.3989493618618309,0,-0.10999961806612964,-0.2199992361322593,-0.10999961806612965
2015-08-30 17:17:00,511,0.32198481469316875,0,-0.10999962680563452,-0.21999925361126907,-0.10999962680563453
2015-08-30 17:26:00,431,0.2553410484227675,0,-0.10999963534516027,-0.21999927069032052,-0.10999963534516027
2015-08-30 17:37:00,536,0.32419295848211416,0,-0.10999964368928278,-0.2199992873785656,-0.10999964368928278
2015-08-30 17:47:00,520,0.3001583357947538,0,-0.1099996518424733,-0.2199993036849466,-0.1099996518424733
2015-08-30 17:57:00,744,0.4584901777791788,0,-0.10999965980910076,-0.21999931961820154,-0.10999965980910077
2015-08-30 18:06:00,485,0.24610381063131315,0,-0.10999966759343416,-0.21999933518686832,-0.10999966759343416
2015-08-30 18:15:00,402,0.2021513558632348,0,-0.10999967519964476,-0.2199993503992895,-0.10999967519964475
2015-08-30 18:26:00,351,0.18640210713640373,0,-0.10999968263180836,-0.2199993652636168,-0.10999968263180838
2015-08-30 18:37:00,290,0.2158486731112772,0,-0.10999968989390756,-0.2199993797878152,-0.10999968989390758
2015-08-30 18:47:00,237,0.243653883809176,0,-0.10999969698983383,-0.2199993939796677,-0.10999969698983385
2015-08-30 18:57:00,199,0.26345084356565696,0,-0.10999970392338952,-0.21999940784677904,-0.10999970392338952
2015-08-30 19:16:00,211,0.2520723093550983,0,-0.10999971069829004,-0.21999942139658007,-0.10999971069829004
2015-08-30 19:27:00,185,0.2645487961238041,0,-0.10999971731816577,-0.2199994346363315,-0.10999971731816575
2015-08-30 19:37:00,150,0.2821677894980919,0,-0.10999972378656396,-0.21999944757312792,-0.10999972378656396
2015-08-30 20:17:00,162,0.2683833305637513,0,-0.1099997301069508,-0.2199994602139016,-0.1099997301069508
2015-08-30 20:27:00,163,0.2630568409157918,0,-0.1099997362827131,-0.2199994725654262,-0.1099997362827131
2015-08-30 21:07:00,167,0.2564462932291707,0,-0.1099997423171602,-0.2199994846343204,-0.1099997423171602
2015-08-30 22:17:00,171,0.2504597270227668,0,-0.10999974821352566,-0.21999949642705133,-0.10999974821352566
2015-08-31 04:47:00,119,0.279925825402341,0,-0.10999975397496912,-0.21999950794993825,-0.10999975397496912
2015-08-31 05:26:00,114,0.27712595062362216,0,-0.10999975960457788,-0.21999951920915573,-0.10999975960457788
2015-08-31 05:57:00,118,0.2689233961047553,0,-0.1099997651053686,-0.2199995302107372,-0.10999976510536859
2015-08-31 07:50:00,176,0.22959670904534346,0,-0.10999977048028893,-0.21999954096057786,-0.10999977048028892
2015-08-31 08:03:00,172,0.23019824686065385,0,-0.10999977573221904,-0.2199995514644381,-0.10999977573221904
2015-08-31 08:11:00,168,0.2308110723224394,0,-0.10999978086397323,-0.21999956172794646,-0.10999978086397323
2015-08-31 08:22:00,228,0.1952234644001369,0,-0.1099997858783014,-0.2199995717566028,-0.1099997858783014
2015-08-31 08:32:00,280,0.1976076755684296,0,-0.1099997907778905,-0.219999581555781,-0.1099997907778905
2015-08-31 08:53:00,253,0.1824624929895274,0,-0.10999979556536604,-0.21999959113073206,-0.10999979556536602
2015-08-31 09:03:00,189,0.2197455918483832,0,-0.10999980024329337,-0.2199996004865867,-0.10999980024329335
2015-08-31 09:13:00,195,0.2147435951876009,0,-0.10999980481417923,-0.21999960962835846,-0.10999980481417922
2015-08-31 10:43:00,278,0.20064312999186693,0,-0.10999980928047294,-0.21999961856094588,-0.10999980928047294
2015-08-31 11:03:00,329,0.23379720653228106,0,-0.10999981364456783,-0.2199996272891357,-0.10999981364456785
2015-08-31 11:13:00,292,0.20683104050539905,0,-0.10999981790880246,-0.21999963581760493,-0.10999981790880246
2015-08-31 11:22:00,309,0.21760737436095826,0,-0.1099998220754618,-0.2199996441509236,-0.10999982207546179
2015-08-31 11:29:00,299,0.2095581792628826,0,-0.10999982614677856,-0.2199996522935572,-0.10999982614677858
2015-08-31 11:43:00,268,0.18793875240362645,0,-0.1099998301249345,-0.219999660249869,-0.1099998301249345
2015-08-31 11:53:00,263,0.184512982033136,0,-0.10999983401206123,-0.2199996680241225,-0.10999983401206125
2015-08-31 12:03:00,259,0.18305423372789265,0,-0.1099998378102418,-0.2199996756204836,-0.1099998378102418
2015-08-31 14:03:00,171,0.25080420098928513,0,-0.1099998415215114,-0.2199996830430228,-0.1099998415215114
2015-08-31 14:12:00,165,0.25288002687276223,0,-0.10999984514785882,-0.21999969029571764,-0.10999984514785882
2015-08-31 14:33:00,127,0.2841080724910126,0,-0.10999984869122724,-0.21999969738245445,-0.10999984869122723
2015-08-31 16:23:00,153,0.2541663257440013,0,-0.1099998521535154,-0.2199997043070308,-0.10999985215351539
2015-08-31 17:43:00,178,0.2295619678075531,0,-0.10999985553657858,-0.2199997110731572,-0.10999985553657858
2015-08-31 18:23:00,128,0.2721612946404349,0,-0.10999985884222968,-0.21999971768445933,-0.10999985884222967
2015-08-31 19:11:00,177,0.22415713607110194,0,-0.10999986207223998,-0.21999972414448,-0.10999986207223998
2015-09-01 05:11:00,308,0.24634639835632524,0,-0.1099998652283404,-0.2199997304566808,-0.10999986522834039
2015-09-01 05:23:00,686,0.6706512198644563,0,-0.10999986831222207,-0.21999973662444414,-0.10999986831222207
2015-09-01 05:32:00,748,0.5629455824909658,0,-0.1099998713255376,-0.2199997426510752,-0.1099998713255376
2015-09-01 08:05:00,164,0.2375190422177929,0,-0.10999987426990164,-0.2199997485398033,-0.10999987426990165
2015-09-01 08:15:00,154,0.2406394768647286,0,-0.10999987714689201,-0.219999754293784,-0.10999987714689201
2015-09-01 08:25:00,165,0.2324180951473548,0,-0.10999987995805033,-0.21999975991610066,-0.10999987995805031
2015-09-01 08:35:00,225,0.2001331103214595,0,-0.10999988270488298,-0.219999765409766,-0.10999988270488298
2015-09-01 08:44:00,243,0.19093775641214314,0,-0.10999988538886188,-0.21999977077772376,-0.10999988538886189
2015-09-01 08:55:00,257,0.18398550180395426,0,-0.1099998880114253,-0.2199997760228506,-0.1099998880114253
2015-09-01 09:15:00,194,0.21657662786272355,0,-0.10999989057397852,-0.21999978114795704,-0.10999989057397852
2015-09-01 09:24:00,158,0.2363153571406401,0,-0.10999989307789472,-0.21999978615578947,-0.10999989307789473
2015-09-01 10:35:00,124,0.2553244103983162,0,-0.10999989552451564,-0.2199997910490313,-0.10999989552451565
2015-09-01 10:45:00,134,0.2455191083874819,0,-0.10999989791515236,-0.21999979583030474,-0.10999989791515237
2015-09-01 10:55:00,118,0.25302300767336905,0,-0.10999990025108593,-0.21999980050217186,-0.10999990025108591
2015-09-01 11:04:00,465,0.33143837758589745,0,-0.10999990253356802,-0.219999805067136,-0.10999990253356799
2015-09-01 11:14:00,114,0.2570000570731478,0,-0.10999990476382172,-0.21999980952764345,-0.10999990476382172
2015-09-01 11:45:00,174,0.2171645834330704,0,-0.10999990694304218,-0.2199998138860844,-0.10999990694304218
2015-09-01 13:44:00,141,0.235849007396882,0,-0.10999990907239714,-0.21999981814479427,-0.10999990907239714
2015-09-01 13:54:00,114,0.2510498932271888,0,-0.10999991115302764,-0.21999982230605528,-0.10999991115302764
2015-09-01 14:11:00,91,0.2633027388284934,0,-0.10999991318604856,-0.2199998263720972,-0.10999991318604858
2015-09-01 14:25:00,116,0.2425207177354541,0,-0.1099999151725494,-0.2199998303450988,-0.10999991517254941
2015-09-01 14:35:00,140,0.2247224960895716,0,-0.10999991711359458,-0.2199998342271892,-0.10999991711359458
2015-09-01 14:45:00,126,0.2322402153209672,0,-0.10999991901022424,-0.2199998380204485,-0.10999991901022425
2015-09-01 22:01:00,147,0.2168881562854062,0,-0.10999992086345473,-0.21999984172690945,-0.10999992086345473
2015-09-01 22:11:00,132,0.22555025098047016,0,-0.10999992267427908,-0.21999984534855815,-0.10999992267427909
2015-09-01 23:21:00,176,0.1959631622033737,0,-0.10999992444366767,-0.21999984888733531,-0.10999992444366767
2015-09-01 23:41:00,318,0.26404500493685146,0,-0.10999992617256862,-0.21999985234513725,-0.10999992617256862
2015-09-01 23:59:00,460,0.3812527816718468,0,-0.10999992786190843,-0.21999985572381686,-0.10999992786190842
2015-09-02 07:21:00,170,0.2095776137468653,0,-0.10999992951259226,-0.2199998590251845,-0.10999992951259226
2015-09-02 07:41:00,170,0.20877254763482955,0,-0.10999993112550473,-0.21999986225100945,-0.10999993112550471
2015-09-02 09:00:00,210,0.18361129469860307,0,-0.10999993270151008,-0.21999986540302016,-0.10999993270151008
2015-09-02 09:11:00,175,0.20536419594667185,0,-0.11,-0.22,-0.11
2015-09-02 09:21:00,217,0.18665434902189232,0,-0.11,-0.22,-0.11
2015-09-02 09:41:00,156,0.21880639081443992,0,-0.11,-0.22,-0.11
2015-09-02 13:41:00,142,0.2279627683248156,0,-0.11,-0.22,-0.11
2015-09-02 14:11:00,66,0.2892041801693007,0,-0.11,-0.22,-0.11
2015-09-02 14:20:00,47,0.2988418815309048,0,-0.11,-0.22,-0.11
2015-09-02 17:10:00,151,0.2083682819159081,0,-0.11,-0.22,-0.11
2015-09-02 19:40:00,171,0.1937026455380305,0,-0.11,-0.22,-0.11
2015-09-02 19:49:00,174,0.1913322831833529,0,-0.11,-0.22,-0.11
2015-09-02 22:16:00,186,0.18278356410448032,0,-0.11,-0.22,-0.11
2015-09-02 22:36:00,605,0.6125307790980248,0,-0.11,-0.22,-0.11
2015-09-02 22:44:00,770,0.6298616618371949,0,-0.11,-0.22,-0.11
2015-09-02 22:56:00,991,0.6391408848244385,0,-0.11,-0.22,-0.11
2015-09-02 23:06:00,1190,0.5967430201324315,0,-0.11,-0.22,-0.11
2015-09-02 23:14:00,1150,0.4608489601475569,0,-0.11,-0.22,-0.11
2015-09-02 23:26:00,1033,0.3672230783315414,0,-0.11,-0.22,-0.11
2015-09-02 23:36:00,771,0.2699734986231658,0,-0.11,-0.22,-0.11
2015-09-02 23:46:00,723,0.25273289952042305,0,-0.11,-0.22,-0.11
2015-09-02 23:54:00,768,0.2610480586601989,0,-0.11,-0.22,-0.11
2015-09-03 00:06:00,639,0.2249835410685128,0,-0.11,-0.22,-0.11
2015-09-03 00:16:00,683,0.2342847954678844,0,-0.11,-0.22,-0.11
2015-09-03 00:26:00,682,0.2320631023373093,0,-0.11,-0.22,-0.11
2015-09-03 00:36:00,940,0.3020394411349943,0,-0.11,-0.22,-0.11
2015-09-03 00:46:00,908,0.28372771918221323,0,-0.11,-0.22,-0.11
2015-09-03 00:55:00,835,0.25724513796858983,0,-0.11,-0.22,-0.11
2015-09-03 01:06:00,653,0.2081668878494655,0,-0.11,-0.22,-0.11
2015-09-03 01:26:00,674,0.21243523980612924,0,-0.11,-0.22,-0.11
2015-09-03 01:36:00,954,0.2884345498233962,0,-0.11,-0.22,-0.11
2015-09-03 01:46:00,1028,0.3037145764515711,0,-0.11,-0.22,-0.11
2015-09-03 01:56:00,411,0.22447937978136906,0,-0.11,-0.22,-0.11
2015-09-03 02:05:00,204,0.2798741867941269,0,-0.11,-0.22,-0.11
2015-09-03 04:35:00,105,0.3034801341258966,0,-0.11,-0.22,-0.11
2015-09-03 04:46:00,116,0.2909307325321044,0,-0.11,-0.22,-0.11
2015-09-03 04:54:00,111,0.2849424418322948,0,-0.11,-0.22,-0.11
2015-09-03 05:05:00,110,0.2785926844766845,0,-0.11,-0.22,-0.11
2015-09-03 05:15:00,111,0.27246690517554506,0,-0.11,-0.22,-0.11
2015-09-03 05:25:00,110,0.2675934202048917,0,-0.11,-0.22,-0.11
2015-09-03 05:50:00,126,0.2586272885345092,0,-0.11,-0.22,-0.11
2015-09-03 06:06:00,118,0.25701008770900624,0,-0.11,-0.22,-0.11
2015-09-03 06:16:00,121,0.2525754272401529,0,-0.11,-0.22,-0.11
2015-09-03 06:46:00,127,0.2477136548013787,0,-0.11,-0.22,-0.11
2015-09-03 07:45:00,153,0.2379324127418039,0,-0.11,-0.22,-0.11
2015-09-03 08:16:00,176,0.2296910021811105,0,-0.11,-0.22,-0.11
2015-09-03 08:26:00,228,0.2145605441789763,0,-0.11,-0.22,-0.11
2015-09-03 08:35:00,296,0.1966006929771016,0,-0.11,-0.22,-0.11
2015-09-03 08:46:00,429,0.20081784123580504,0,-0.11,-0.22,-0.11
2015-09-03 08:56:00,404,0.1939481366083729,0,-0.11,-0.22,-0.11
2015-09-03 09:06:00,358,0.1827757892948068,0,-0.11,-0.22,-0.11
2015-09-03 09:15:00,351,0.18454205971744128,0,-0.11,-0.22,-0.11
2015-09-03 09:26:00,274,0.20544453092531045,0,-0.11,-0.22,-0.11
2015-09-03 09:46:00,247,0.2127075260646836,0,-0.11,-0.22,-0.11
2015-09-03 09:55:00,249,0.21117837740032397,0,-0.11,-0.22,-0.11
2015-09-03 10:06:00,298,0.19559827586291328,0,-0.11,-0.22,-0.11
2015-09-03 10:16:00,314,0.1905040822339976,0,-0.11,-0.22,-0.11
2015-09-03 10:26:00,352,0.18577678875078274,0,-0.11,-0.22,-0.11
2015-09-03 10:36:00,321,0.1885229972983743,0,-0.11,-0.22,-0.11
2015-09-03 10:55:00,211,0.225379387372499,0,-0.11,-0.22,-0.11
2015-09-03 11:36:00,194,0.23014103048680035,0,-0.11,-0.22,-0.11
2015-09-03 11:46:00,158,0.2422024580279967,0,-0.11,-0.22,-0.11
2015-09-03 11:55:00,190,0.22736862273294706,0,-0.11,-0.22,-0.11
2015-09-03 12:05:00,251,0.2032174864260544,0,-0.11,-0.22,-0.11
2015-09-03 12:16:00,197,0.2229750379766094,0,-0.11,-0.22,-0.11
2015-09-03 12:26:00,149,0.2411837273372632,0,-0.11,-0.22,-0.11
2015-09-03 12:36:00,161,0.23374319845543204,0,-0.11,-0.22,-0.11
2015-09-03 12:45:00,108,0.2548424188888588,0,-0.11,-0.22,-0.11
2015-09-03 13:36:00,147,0.2343344828819165,0,-0.11,-0.22,-0.11
2015-09-03 16:24:00,182,0.2176060986097003,0,-0.11,-0.22,-0.11
2015-09-03 16:46:00,162,0.2249760209960744,0,-0.11,-0.22,-0.11
2015-09-03 17:14:00,215,0.20122265996273728,0,-0.11,-0.22,-0.11
2015-09-03 17:24:00,218,0.19946381037233515,0,-0.11,-0.22,-0.11
2015-09-03 17:36:00,168,0.2208870217769157,0,-0.11,-0.22,-0.11
2015-09-03 17:44:00,185,0.2118676266348412,0,-0.11,-0.22,-0.11
2015-09-03 17:56:00,126,0.2393036966633321,0,-0.11,-0.22,-0.11
2015-09-03 18:06:00,42,0.2820334524072413,0,-0.11,-0.22,-0.11
2015-09-03 18:15:00,41,0.27632352385025066,0,-0.11,-0.22,-0.11
2015-09-03 18:24:00,110,0.2346666505509824,0,-0.11,-0.22,-0.11
2015-09-03 18:35:00,152,0.21222832177995324,0,-0.11,-0.22,-0.11
2015-09-03 18:45:00,164,0.20562318352438044,0,-0.11,-0.22,-0.11
2015-09-03 19:06:00,141,0.2162244362386804,0,-0.11,-0.22,-0.11
2015-09-03 19:36:00,162,0.20467656797542166,0,-0.11,-0.22,-0.11
2015-09-03 21:52:00,153,0.20858535181604088,0,-0.11,-0.22,-0.11
2015-09-03 22:12:00,306,0.2351635049594497,0,-0.11,-0.22,-0.11
2015-09-03 22:32:00,512,0.3703022706966476,0,-0.11,-0.22,-0.11
2015-09-03 22:42:00,464,0.3147379837891129,0,-0.11,-0.22,-0.11
2015-09-03 22:52:00,665,0.4406027849428695,0,-0.11,-0.22,-0.11
2015-09-03 23:02:00,203,0.2049746524102911,0,-0.11,-0.22,-0.11
2015-09-04 05:53:00,2222,0.9780529724342246,0,-0.11,-0.22,-0.11
2015-09-04 07:43:00,151,0.21714921317942515,0,-0.11,-0.22,-0.11
2015-09-04 07:52:00,151,0.21604482081862394,0,-0.11,-0.22,-0.11
2015-09-04 08:01:00,162,0.21291340553758967,0,-0.11,-0.22,-0.11
2015-09-04 08:23:00,190,0.2066724850352916,0,-0.11,-0.22,-0.11
2015-09-04 08:31:00,201,0.2038694203955401,0,-0.11,-0.22,-0.11
2015-09-04 08:43:00,236,0.19654095893530896,0,-0.11,-0.22,-0.11
2015-09-04 08:53:00,243,0.19480641712181915,0,-0.11,-0.22,-0.11
2015-09-04 09:03:00,218,0.1994680821056943,0,-0.11,-0.22,-0.11
2015-09-04 09:23:00,162,0.21079884103666927,0,-0.11,-0.22,-0.11
2015-09-04 09:43:00,173,0.20754519479152286,0,-0.11,-0.22,-0.11
2015-09-04 09:53:00,206,0.1995814904750011,0,-0.11,-0.22,-0.11
2015-09-04 10:03:00,224,0.1951596836456212,0,-0.11,-0.22,-0.11
2015-09-04 10:13:00,223,0.1950434906156908,0,-0.11,-0.22,-0.11
2015-09-04 10:23:00,230,0.19311206385512555,0,-0.11,-0.22,-0.11
2015-09-04 10:43:00,269,0.18391627213843026,0,-0.11,-0.22,-0.11
2015-09-04 10:53:00,255,0.18712327052474445,0,-0.11,-0.22,-0.11
2015-09-04 11:02:00,292,0.1866135647247673,0,-0.11,-0.22,-0.11
2015-09-04 11:13:00,245,0.18981012451148266,0,-0.11,-0.22,-0.11
2015-09-04 11:23:00,212,0.1981590980631852,0,-0.11,-0.22,-0.11
2015-09-04 11:53:00,252,0.187182389331912,0,-0.11,-0.22,-0.11
2015-09-04 12:03:00,296,0.1893622238282489,0,-0.11,-0.22,-0.11
2015-09-04 12:41:00,165,0.21237117050526694,0,-0.11,-0.22,-0.11
2015-09-04 13:39:00,335,0.20206411285669126,0,-0.11,-0.22,-0.11
2015-09-04 13:52:00,495,0.2539643564227987,0,-0.11,-0.22,-0.11
2015-09-04 14:02:00,626,0.29976618150692874,0,-0.11,-0.22,-0.11
2015-09-04 14:12:00,828,0.3740036313690556,0,-0.11,-0.22,-0.11
2015-09-04 14:22:00,627,0.27448196105611344,0,-0.11,-0.22,-0.11
2015-09-04 14:33:00,374,0.19159033837408687,0,-0.11,-0.22,-0.11
2015-09-04 14:53:00,298,0.19419017218912987,0,-0.11,-0.22,-0.11
2015-09-04 15:02:00,208,0.220941262340754,0,-0.11,-0.22,-0.11
2015-09-04 15:23:00,200,0.22224185436224864,0,-0.11,-0.22,-0.11
2015-09-04 15:33:00,265,0.2003350436672871,0,-0.11,-0.22,-0.11
2015-09-04 15:43:00,276,0.1964303694911365,0,-0.11,-0.22,-0.11
2015-09-04 15:52:00,308,0.18615796096304751,0,-0.11,-0.22,-0.11
2015-09-04 16:03:00,255,0.2031046634895229,0,-0.11,-0.22,-0.11
2015-09-04 16:12:00,284,0.19285441181656096,0,-0.11,-0.22,-0.11
2015-09-04 16:23:00,289,0.19090929734397385,0,-0.11,-0.22,-0.11
2015-09-04 16:33:00,308,0.18428818218277127,0,-0.11,-0.22,-0.11
2015-09-04 16:42:00,347,0.1940911664748207,0,-0.11,-0.22,-0.11
2015-09-04 16:53:00,346,0.19341896040173584,0,-0.11,-0.22,-0.11
2015-09-04 16:58:00,360,0.1983865607026222,0,-0.11,-0.22,-0.11
2015-09-04 17:13:00,350,0.19409953710762887,0,-0.11,-0.22,-0.11
2015-09-04 17:30:00,255,0.20812364392549573,0,-0.11,-0.22,-0.11
2015-09-04 18:02:00,187,0.23750436091894464,0,-0.11,-0.22,-0.11
2015-09-04 18:12:00,166,0.24531586630683416,0,-0.11,-0.22,-0.11
2015-09-04 19:02:00,155,0.24798404409063346,0,-0.11,-0.22,-0.11
2015-09-05 08:39:00,163,0.2411734961037855,0,-0.11,-0.22,-0.11
2015-09-05 09:39:00,195,0.22343428265151447,0,-0.11,-0.22,-0.11
2015-09-05 09:59:00,517,0.2971708811371355,0,-0.11,-0.22,-0.11
2015-09-05 10:09:00,628,0.35436706066546464,0,-0.11,-0.22,-0.11
2015-09-05 10:28:00,391,0.2145015302394888,0,-0.11,-0.22,-0.11
2015-09-05 10:37:00,175,0.24484766420759746,0,-0.11,-0.22,-0.11
2015-09-05 10:49:00,172,0.24365935114865336,0,-0.11,-0.22,-0.11
2015-09-05 10:59:00,151,0.25161846852370473,0,-0.11,-0.22,-0.11
2015-09-05 13:27:00,198,0.22528676469226785,0,-0.11,-0.22,-0.11
2015-09-05 14:47:00,155,0.24524582917297005,0,-0.11,-0.22,-0.11
2015-09-05 19:07:00,145,0.2477587510528004,0,-0.11,-0.22,-0.11
2015-09-05 19:56:00,161,0.23657360597844235,0,-0.11,-0.22,-0.11
2015-09-05 20:17:00,189,0.22027875139806105,0,-0.11,-0.22,-0.11
2015-09-05 20:27:00,182,0.22258170688226653,0,-0.11,-0.22,-0.11
2015-09-05 22:37:00,120,0.2549423901935117,0,-0.11,-0.22,-0.11
2015-09-06 04:47:00,107,0.25896577752490674,0,-0.11,-0.22,-0.11
2015-09-06 05:27:00,1572,0.9260898315797108,0,-0.11,-0.22,-0.11
2015-09-06 05:37:00,1472,0.5631727316592369,0,-0.11,-0.22,-0.11
2015-09-06 05:47:00,1900,0.5911094055095745,0,-0.11,-0.22,-0.11
2015-09-06 06:07:00,118,0.23471497764074484,0,-0.11,-0.22,-0.11
2015-09-06 06:47:00,116,0.2330682007431412,0,-0.11,-0.22,-0.11
2015-09-06 06:57:00,115,0.2313456409212917,0,-0.11,-0.22,-0.11
2015-09-06 07:37:00,116,0.229365945550228,0,-0.11,-0.22,-0.11
2015-09-06 09:37:00,160,0.2198150960746039,0,-0.11,-0.22,-0.11
2015-09-06 10:47:00,115,0.22676816384900186,0,-0.11,-0.22,-0.11
2015-09-06 10:57:00,112,0.2257731069702393,0,-0.11,-0.22,-0.11
2015-09-06 15:01:00,131,0.22069033113718028,0,-0.11,-0.22,-0.11
2015-09-06 15:51:00,137,0.2182904871944464,0,-0.11,-0.22,-0.11
2015-09-06 16:11:00,193,0.20653660833133108,0,-0.11,-0.22,-0.11
2015-09-06 19:01:00,135,0.21706227844896264,0,-0.11,-0.22,-0.11
2015-09-06 19:11:00,142,0.2145601057092026,0,-0.11,-0.22,-0.11
2015-09-06 19:21:00,167,0.2085221495134653,0,-0.11,-0.22,-0.11
2015-09-06 19:31:00,143,0.21269272581737847,0,-0.11,-0.22,-0.11
2015-09-06 19:39:00,149,0.21050400962010785,0,-0.11,-0.22,-0.11
2015-09-06 20:21:00,86,0.22350905256500805,0,-0.11,-0.22,-0.11
2015-09-06 20:30:00,339,0.19583777023810686,0,-0.11,-0.22,-0.11
2015-09-06 20:40:00,415,0.2121688835715773,0,-0.11,-0.22,-0.11
2015-09-06 20:51:00,1634,0.591450438661542,0,-0.11,-0.22,-0.11
2015-09-06 21:01:00,1067,0.3274968942787948,0,-0.11,-0.22,-0.11
2015-09-06 21:20:00,521,0.20457428771458225,0,-0.11,-0.22,-0.11
2015-09-06 21:31:00,612,0.2203723220800964,0,-0.11,-0.22,-0.11
2015-09-06 21:41:00,101,0.2375953870540547,0,-0.11,-0.22,-0.11
2015-09-06 22:01:00,95,0.23663258953917865,0,-0.11,-0.22,-0.11
2015-09-06 22:11:00,433,0.1925934825029333,0,-0.11,-0.22,-0.11
2015-09-07 05:21:00,749,0.2559745057429643,0,-0.11,-0.22,-0.11
2015-09-07 05:31:00,1248,0.377452909018594,0,-0.11,-0.22,-0.11
2015-09-07 05:41:00,1330,0.3727505595040661,0,-0.11,-0.22,-0.11
2015-09-07 06:00:00,116,0.24579520418105305,0,-0.11,-0.22,-0.11
2015-09-07 06:51:00,113,0.2436424787833029,0,-0.11,-0.22,-0.11
2015-09-07 07:01:00,118,0.2401009357571189,0,-0.11,-0.22,-0.11
2015-09-07 07:21:00,137,0.2340950211825524,0,-0.11,-0.22,-0.11
2015-09-07 07:31:00,131,0.2333024072892253,0,-0.11,-0.22,-0.11
2015-09-07 08:21:00,154,0.2268935148285189,0,-0.11,-0.22,-0.11
2015-09-07 08:41:00,165,0.22317535674606548,0,-0.11,-0.22,-0.11
2015-09-07 08:51:00,173,0.2202161766249084,0,-0.11,-0.22,-0.11
2015-09-07 09:01:00,147,0.2242349514115522,0,-0.11,-0.22,-0.11
2015-09-07 09:11:00,149,0.2223934410418129,0,-0.11,-0.22,-0.11
2015-09-07 11:00:00,113,0.2286987742245227,0,-0.11,-0.22,-0.11
2015-09-07 11:21:00,151,0.2188795181851001,0,-0.11,-0.22,-0.11
2015-09-07 11:39:00,151,0.2177002317305165,0,-0.11,-0.22,-0.11
2015-09-07 13:42:00,143,0.2183315148934908,0,-0.11,-0.22,-0.11
2015-09-07 14:03:00,164,0.21250315995150168,0,-0.11,-0.22,-0.11
2015-09-07 14:13:00,160,0.2124889781456246,0,-0.11,-0.22,-0.11
2015-09-07 15:54:00,71,0.23276600932309705,0,-0.11,-0.22,-0.11
2015-09-07 16:24:00,159,0.20971486051252008,0,-0.11,-0.22,-0.11
2015-09-07 17:24:00,136,0.2144057423844918,0,-0.11,-0.22,-0.11
2015-09-07 19:03:00,150,0.2099927428211159,0,-0.11,-0.22,-0.11
2015-09-07 19:13:00,141,0.21141167778665845,0,-0.11,-0.22,-0.11
2015-09-07 20:03:00,162,0.20524049858747515,0,-0.11,-0.22,-0.11
2015-09-07 20:13:00,158,0.20561105171624688,0,-0.11,-0.22,-0.11
2015-09-07 20:33:00,157,0.20520793984157185,0,-0.11,-0.22,-0.11
2015-09-07 21:33:00,156,0.20482435767890986,0,-0.11,-0.22,-0.11
2015-09-07 22:12:00,152,0.20528225663144067,0,-0.11,-0.22,-0.11
2015-09-08 04:23:00,120,0.21374936275468112,0,-0.11,-0.22,-0.11
2015-09-08 05:13:00,115,0.2142635764884623,0,-0.11,-0.22,-0.11
2015-09-08 05:23:00,1102,0.5203585823676807,0,-0.11,-0.22,-0.11
2015-09-08 05:32:00,1238,0.4908752253156692,0,-0.11,-0.22,-0.11
2015-09-08 05:41:00,1496,0.5068496897658715,0,-0.11,-0.22,-0.11
2015-09-08 07:53:00,172,0.21792974279790311,0,-0.11,-0.22,-0.11
2015-09-08 08:20:00,196,0.21226543601524248,0,-0.11,-0.22,-0.11
2015-09-08 08:32:00,293,0.19344956155656934,0,-0.11,-0.22,-0.11
2015-09-08 08:42:00,344,0.18400277925695085,0,-0.11,-0.22,-0.11
2015-09-08 08:53:00,344,0.18396269512103627,0,-0.11,-0.22,-0.11
2015-09-08 09:03:00,304,0.19145534714889406,0,-0.11,-0.22,-0.11
2015-09-08 09:12:00,254,0.2012071379122609,0,-0.11,-0.22,-0.11
2015-09-08 09:23:00,180,0.21653519422621934,0,-0.11,-0.22,-0.11
2015-09-08 09:43:00,120,0.2292034537935803,0,-0.11,-0.22,-0.11
2015-09-08 10:03:00,163,0.21748808016865576,0,-0.11,-0.22,-0.11
2015-09-08 10:13:00,224,0.20246449148746887,0,-0.11,-0.22,-0.11
2015-09-08 10:32:00,233,0.19986571118883567,0,-0.11,-0.22,-0.11
2015-09-08 10:36:00,256,0.1941327218680008,0,-0.11,-0.22,-0.11
2015-09-08 10:47:00,195,0.2083416249736368,0,-0.11,-0.22,-0.11
2015-09-08 10:57:00,178,0.2118540516077782,0,-0.11,-0.22,-0.11
2015-09-08 11:07:00,153,0.21748838352232688,0,-0.11,-0.22,-0.11
2015-09-08 11:45:00,169,0.2121053708894285,0,-0.11,-0.22,-0.11
2015-09-08 12:25:00,164,0.2125567168496894,0,-0.11,-0.22,-0.11
2015-09-08 13:47:00,125,0.2226066652241131,0,-0.11,-0.22,-0.11
2015-09-08 14:07:00,87,0.2325012249317845,0,-0.11,-0.22,-0.11
2015-09-08 14:17:00,126,0.21898015422758324,0,-0.11,-0.22,-0.11
2015-09-08 14:26:00,118,0.2201916471463619,0,-0.11,-0.22,-0.11
2015-09-08 14:47:00,126,0.21652002571020165,0,-0.11,-0.22,-0.11
2015-09-08 14:57:00,119,0.21760846259206787,0,-0.11,-0.22,-0.11
2015-09-08 15:45:00,173,0.19991088058239528,0,-0.11,-0.22,-0.11
2015-09-08 16:27:00,72,0.2319921268949096,0,-0.11,-0.22,-0.11
2015-09-08 16:37:00,819,0.41505734690688667,0,-0.11,-0.22,-0.11
2015-09-08 16:46:00,872,0.4001636910651532,0,-0.11,-0.22,-0.11
2015-09-08 17:06:00,42,0.24853071270474555,0,-0.11,-0.22,-0.11
2015-09-08 17:15:00,22,0.2517481143220185,0,-0.11,-0.22,-0.11
2015-09-08 17:27:00,164,0.2071517395922123,0,-0.11,-0.22,-0.11
2015-09-08 17:47:00,147,0.21120844700637306,0,-0.11,-0.22,-0.11
2015-09-08 19:57:00,165,0.20519202341823128,0,-0.11,-0.22,-0.11
2015-09-08 20:05:00,152,0.2083318008569368,0,-0.11,-0.22,-0.11
2015-09-08 20:47:00,153,0.20727250975686434,0,-0.11,-0.22,-0.11
2015-09-09 05:04:00,532,0.2793316975943308,0,-0.11,-0.22,-0.11
2015-09-09 05:37:00,123,0.22041315798905906,0,-0.11,-0.22,-0.11
2015-09-09 07:27:00,174,0.20308317402845927,0,-0.11,-0.22,-0.11
2015-09-09 07:47:00,202,0.19387224779725948,0,-0.11,-0.22,-0.11
2015-09-09 07:57:00,325,0.2094315533746724,0,-0.11,-0.22,-0.11
2015-09-09 08:07:00,386,0.2298659556077122,0,-0.11,-0.22,-0.11
2015-09-09 08:17:00,362,0.2195157795632041,0,-0.11,-0.22,-0.11
2015-09-09 08:27:00,312,0.200818268338796,0,-0.11,-0.22,-0.11
2015-09-09 08:37:00,215,0.1969164554857267,0,-0.11,-0.22,-0.11
2015-09-09 08:46:00,166,0.2142613748981484,0,-0.11,-0.22,-0.11
2015-09-09 09:17:00,149,0.21981530165306173,0,-0.11,-0.22,-0.11
2015-09-09 09:57:00,196,0.20058858090997408,0,-0.11,-0.22,-0.11
2015-09-09 10:17:00,275,0.19356990387896364,0,-0.11,-0.22,-0.11
2015-09-09 10:19:00,272,0.19214103407580768,0,-0.11,-0.22,-0.11
2015-09-09 10:27:00,303,0.2041561083525884,0,-0.11,-0.22,-0.11
2015-09-09 10:49:00,185,0.2084223871042737,0,-0.11,-0.22,-0.11
2015-09-09 10:58:00,128,0.2332207768752668,0,-0.11,-0.22,-0.11
2015-09-09 13:30:00,148,0.22200806159698253,0,-0.11,-0.22,-0.11
2015-09-09 14:50:00,150,0.21975695507310536,0,-0.11,-0.22,-0.11
2015-09-09 15:10:00,183,0.203370107818452,0,-0.11,-0.22,-0.11
2015-09-09 15:40:00,213,0.189404981858268,0,-0.11,-0.22,-0.11
2015-09-09 15:48:00,189,0.20014126563391896,0,-0.11,-0.22,-0.11
2015-09-09 16:10:00,185,0.2015611205229964,0,-0.11,-0.22,-0.11
2015-09-09 16:19:00,164,0.21150003011745067,0,-0.11,-0.22,-0.11
2015-09-09 16:30:00,214,0.18589531794901384,0,-0.11,-0.22,-0.11
2015-09-09 16:39:00,215,0.1853237348459805,0,-0.11,-0.22,-0.11
2015-09-09 16:48:00,193,0.19638322728800536,0,-0.11,-0.22,-0.11
2015-09-09 17:00:00,225,0.18527209392189653,0,-0.11,-0.22,-0.11
2015-09-09 17:10:00,285,0.21846400912656985,0,-0.11,-0.22,-0.11
2015-09-09 17:20:00,289,0.21970693642581046,0,-0.11,-0.22,-0.11
2015-09-09 17:30:00,300,0.22531195654641994,0,-0.11,-0.22,-0.11
2015-09-09 17:48:00,366,0.2685550303904738,0,-0.11,-0.22,-0.11
2015-09-09 18:00:00,398,0.287220832410542,0,-0.11,-0.22,-0.11
2015-09-09 18:10:00,428,0.3028062885563013,0,-0.11,-0.22,-0.11
2015-09-09 18:20:00,458,0.3163447644947551,0,-0.11,-0.22,-0.11
2015-09-09 18:28:00,467,0.3115763496366035,0,-0.11,-0.22,-0.11
2015-09-09 18:39:00,535,0.3518634287883401,0,-0.11,-0.22,-0.11
2015-09-09 18:50:00,506,0.31238588975106635,0,-0.11,-0.22,-0.11
2015-09-09 19:00:00,531,0.3186240867523936,0,-0.11,-0.22,-0.11
2015-09-09 19:10:00,497,0.2848311994791957,0,-0.11,-0.22,-0.11
2015-09-09 19:20:00,533,0.3009802467981191,0,-0.11,-0.22,-0.11
2015-09-09 19:30:00,448,0.2418446933874382,0,-0.11,-0.22,-0.11
2015-09-09 19:40:00,375,0.20102777380655565,0,-0.11,-0.22,-0.11
2015-09-09 19:49:00,329,0.18658129713459973,0,-0.11,-0.22,-0.11
2015-09-09 21:10:00,140,0.29652957801298857,0,-0.11,-0.22,-0.11
2015-09-09 22:20:00,133,0.292891462885707,0,-0.11,-0.22,-0.11
2015-09-09 22:30:00,158,0.26943179319531946,0,-0.11,-0.22,-0.11
2015-09-09 22:40:00,143,0.27390083306524743,0,-0.11,-0.22,-0.11
2015-09-09 23:00:00,138,0.2716940837424911,0,-0.11,-0.22,-0.11
2015-09-09 23:40:00,134,0.2690966843131597,0,-0.11,-0.22,-0.11
2015-09-10 00:10:00,130,0.2667651473951411,0,-0.11,-0.22,-0.11
2015-09-10 00:20:00,125,0.2652812694338553,0,-0.11,-0.22,-0.11
2015-09-10 00:30:00,121,0.2633307755048596,0,-0.11,-0.22,-0.11
2015-09-10 04:20:00,135,0.2506747087842513,0,-0.11,-0.22,-0.11
2015-09-10 04:40:00,117,0.2584859634692874,0,-0.11,-0.22,-0.11
2015-09-10 04:50:00,132,0.2456469118104304,0,-0.11,-0.22,-0.11
2015-09-10 05:00:00,128,0.2453379581804961,0,-0.11,-0.22,-0.11
2015-09-10 05:10:00,115,0.2506197668359665,0,-0.11,-0.22,-0.11
2015-09-10 05:20:00,134,0.23591192049700785,0,-0.11,-0.22,-0.11
2015-09-10 05:26:00,127,0.2381165592296231,0,-0.11,-0.22,-0.11
2015-09-10 05:50:00,136,0.23038319670726026,0,-0.11,-0.22,-0.11
2015-09-10 06:00:00,137,0.2280200348591825,0,-0.11,-0.22,-0.11
2015-09-10 06:40:00,135,0.227648345868141,0,-0.11,-0.22,-0.11
2015-09-10 06:50:00,146,0.2191540352547846,0,-0.11,-0.22,-0.11
2015-09-10 07:10:00,142,0.22049340819213087,0,-0.11,-0.22,-0.11
2015-09-10 07:30:00,227,0.19633601346801915,0,-0.11,-0.22,-0.11
2015-09-10 07:40:00,242,0.2052611233870623,0,-0.11,-0.22,-0.11
2015-09-10 08:10:00,287,0.23511923990196545,0,-0.11,-0.22,-0.11
2015-09-10 08:20:00,326,0.2622854611069953,0,-0.11,-0.22,-0.11
2015-09-10 08:30:00,328,0.25972652673089075,0,-0.11,-0.22,-0.11
2015-09-10 08:39:00,354,0.27646646505493755,0,-0.11,-0.22,-0.11
2015-09-10 08:50:00,431,0.3366245512199664,0,-0.11,-0.22,-0.11
2015-09-10 09:00:00,409,0.30277451891087426,0,-0.11,-0.22,-0.11
2015-09-10 09:10:00,555,0.42115215173730536,0,-0.11,-0.22,-0.11
2015-09-10 09:20:00,451,0.3008426207559784,0,-0.11,-0.22,-0.11
2015-09-10 09:29:00,502,0.3293316182367768,0,-0.11,-0.22,-0.11
2015-09-10 09:39:00,325,0.20400940284076075,0,-0.11,-0.22,-0.11
2015-09-10 09:50:00,348,0.21633501995694554,0,-0.11,-0.22,-0.11
2015-09-10 10:00:00,204,0.2301406242197044,0,-0.11,-0.22,-0.11
2015-09-10 10:20:00,214,0.2222531243061412,0,-0.11,-0.22,-0.11
2015-09-10 10:30:00,170,0.2493403499790537,0,-0.11,-0.22,-0.11
2015-09-10 10:40:00,177,0.24165569035707016,0,-0.11,-0.22,-0.11
2015-09-10 10:53:00,171,0.24325774450105805,0,-0.11,-0.22,-0.11
2015-09-10 11:03:00,177,0.2366473432320488,0,-0.11,-0.22,-0.11
2015-09-10 11:54:00,101,0.28997866570224234,0,-0.11,-0.22,-0.11
2015-09-10 12:04:00,90,0.2911068661406485,0,-0.11,-0.22,-0.11
2015-09-10 12:14:00,93,0.2813974937711017,0,-0.11,-0.22,-0.11
2015-09-10 12:21:00,72,0.2909276157371097,0,-0.11,-0.22,-0.11
2015-09-10 12:34:00,86,0.2732296065960229,0,-0.11,-0.22,-0.11
2015-09-10 12:44:00,89,0.2658557166881565,0,-0.11,-0.22,-0.11
2015-09-10 12:54:00,144,0.2244519450925174,0,-0.11,-0.22,-0.11
2015-09-10 13:03:00,180,0.20062321682468684,0,-0.11,-0.22,-0.11
2015-09-10 13:13:00,153,0.2171405978880893,0,-0.11,-0.22,-0.11
2015-09-10 13:34:00,159,0.21209928252335555,0,-0.11,-0.22,-0.11
2015-09-10 13:40:00,149,0.2179193475951363,0,-0.11,-0.22,-0.11
2015-09-10 13:53:00,156,0.2119821553450236,0,-0.11,-0.22,-0.11
2015-09-10 14:40:00,183,0.192977678803216,0,-0.11,-0.22,-0.11
2015-09-10 15:04:00,192,0.1867937066274748,0,-0.11,-0.22,-0.11
2015-09-10 15:14:00,222,0.1983074250519801,0,-0.11,-0.22,-0.11
2015-09-10 15:24:00,226,0.20074077383931613,0,-0.11,-0.22,-0.11
2015-09-10 15:43:00,232,0.20468955457526555,0,-0.11,-0.22,-0.11
2015-09-10 15:53:00,210,0.1877469686671949,0,-0.11,-0.22,-0.11
2015-09-10 16:04:00,216,0.1920670155057442,0,-0.11,-0.22,-0.11
2015-09-10 16:14:00,207,0.18499810384607807,0,-0.11,-0.22,-0.11
2015-09-10 16:23:00,284,0.2512477584593329,0,-0.11,-0.22,-0.11
2015-09-10 16:33:00,205,0.18451897583671967,0,-0.11,-0.22,-0.11
2015-09-10 16:43:00,210,0.18432614240598413,0,-0.11,-0.22,-0.11
2015-09-10 16:54:00,178,0.20757572167473406,0,-0.11,-0.22,-0.11
2015-09-10 17:14:00,199,0.188453513813995,0,-0.11,-0.22,-0.11
2015-09-10 17:23:00,244,0.2168965509618519,0,-0.11,-0.22,-0.11
2015-09-10 17:34:00,234,0.20616888529567348,0,-0.11,-0.22,-0.11
2015-09-10 17:43:00,219,0.19135491430853246,0,-0.11,-0.22,-0.11
2015-09-10 17:52:00,169,0.2221061416299991,0,-0.11,-0.22,-0.11
2015-09-10 18:04:00,68,0.34632231129644503,0,-0.11,-0.22,-0.11
2015-09-10 18:14:00,73,0.322233039980575,0,-0.11,-0.22,-0.11
2015-09-10 18:23:00,185,0.19045950302759795,0,-0.11,-0.22,-0.11
2015-09-10 18:44:00,307,0.3035468058486628,0,-0.11,-0.22,-0.11
2015-09-10 18:54:00,342,0.3381614922800934,0,-0.11,-0.22,-0.11
2015-09-10 19:04:00,391,0.3848762706587879,0,-0.11,-0.22,-0.11
2015-09-10 19:14:00,338,0.296636198618704,0,-0.11,-0.22,-0.11
2015-09-10 19:23:00,230,0.18874556684359625,0,-0.11,-0.22,-0.11
2015-09-10 19:32:00,179,0.2189290337387767,0,-0.11,-0.22,-0.11
2015-09-10 19:44:00,154,0.2415254800910069,0,-0.11,-0.22,-0.11
2015-09-10 20:04:00,166,0.22739808863525504,0,-0.11,-0.22,-0.11
2015-09-10 20:14:00,161,0.2306992576114105,0,-0.11,-0.22,-0.11
2015-09-11 04:58:00,371,0.3543334813198181,0,-0.11,-0.22,-0.11
2015-09-11 07:34:00,153,0.2418991800325593,0,-0.11,-0.22,-0.11
2015-09-11 07:43:00,162,0.2306356567661137,0,-0.11,-0.22,-0.11
2015-09-11 07:54:00,204,0.19042580097775147,0,-0.11,-0.22,-0.11
2015-09-11 08:04:00,342,0.3169936879357437,0,-0.11,-0.22,-0.11
2015-09-11 08:14:00,333,0.2949495399646653,0,-0.11,-0.22,-0.11
2015-09-11 08:24:00,351,0.3075104421506754,0,-0.11,-0.22,-0.11
2015-09-11 08:34:00,389,0.3418454049420929,0,-0.11,-0.22,-0.11
2015-09-11 08:44:00,422,0.3636007911057595,0,-0.11,-0.22,-0.11
2015-09-11 08:54:00,382,0.2994426782418371,0,-0.11,-0.22,-0.11
2015-09-11 09:04:00,426,0.33613509924074936,0,-0.11,-0.22,-0.11
2015-09-11 09:10:00,339,0.24011399738031344,0,-0.11,-0.22,-0.11
2015-09-11 09:24:00,326,0.2269191615632041,0,-0.11,-0.22,-0.11
2015-09-11 09:34:00,191,0.2457640428393177,0,-0.11,-0.22,-0.11
2015-09-11 10:14:00,168,0.2640307040127116,0,-0.11,-0.22,-0.11
2015-09-11 10:24:00,169,0.2588245206423031,0,-0.11,-0.22,-0.11
2015-09-11 10:34:00,181,0.2440889450474553,0,-0.11,-0.22,-0.11
2015-09-11 10:44:00,234,0.19687730037194764,0,-0.11,-0.22,-0.11
2015-09-11 10:53:00,248,0.1855546809268417,0,-0.11,-0.22,-0.11
2015-09-11 11:04:00,280,0.2051578744879748,0,-0.11,-0.22,-0.11
2015-09-11 11:14:00,270,0.19600615999575005,0,-0.11,-0.22,-0.11
2015-09-11 11:23:00,238,0.1959083532989588,0,-0.11,-0.22,-0.11
2015-09-11 11:30:00,199,0.2320569620679478,0,-0.11,-0.22,-0.11
2015-09-11 11:40:00,155,0.2773844245721145,0,-0.11,-0.22,-0.11
2015-09-11 11:59:00,217,0.20803357358896665,0,-0.11,-0.22,-0.11
2015-09-11 12:13:00,241,0.1853843097081531,0,-0.11,-0.22,-0.11
2015-09-11 12:27:00,348,0.292384052790605,0,-0.11,-0.22,-0.11
2015-09-11 12:40:00,399,0.34944797373783804,0,-0.11,-0.22,-0.11
2015-09-11 12:49:00,290,0.21175694291122027,0,-0.11,-0.22,-0.11
2015-09-11 12:58:00,306,0.2265434157805649,0,-0.11,-0.22,-0.11
2015-09-11 13:19:00,258,0.18499155197485986,0,-0.11,-0.22,-0.11
2015-09-11 13:30:00,251,0.19133219488796888,0,-0.11,-0.22,-0.11
2015-09-11 13:40:00,291,0.21227091540191995,0,-0.11,-0.22,-0.11
2015-09-11 13:50:00,342,0.2696721739393523,0,-0.11,-0.22,-0.11
2015-09-11 14:00:00,244,0.2038069335166908,0,-0.11,-0.22,-0.11
2015-09-11 14:20:00,131,0.3455428198453138,0,-0.11,-0.22,-0.11
2015-09-11 14:50:00,147,0.3067717189775656,0,-0.11,-0.22,-0.11
2015-09-11 15:20:00,187,0.2490311868431524,0,-0.11,-0.22,-0.11
2015-09-11 15:29:00,210,0.2209252262674078,0,-0.11,-0.22,-0.11
2015-09-11 15:40:00,305,0.2422958031488253,0,-0.11,-0.22,-0.11
2015-09-11 15:50:00,319,0.2562973185560407,0,-0.11,-0.22,-0.11
2015-09-11 16:00:00,362,0.30775164655544873,0,-0.11,-0.22,-0.11
2015-09-11 16:10:00,384,0.3272257733528984,0,-0.11,-0.22,-0.11
2015-09-11 16:30:00,423,0.36651126121978456,0,-0.11,-0.22,-0.11
2015-09-11 16:40:00,439,0.3648350540844578,0,-0.11,-0.22,-0.11
2015-09-11 16:50:00,442,0.3463792816311197,0,-0.11,-0.22,-0.11
2015-09-11 17:10:00,449,0.3367986880553692,0,-0.11,-0.22,-0.11
2015-09-11 17:20:00,450,0.3224091032861761,0,-0.11,-0.22,-0.11
2015-09-11 17:30:00,403,0.2635445696123313,0,-0.11,-0.22,-0.11
2015-09-11 17:40:00,425,0.2802955313426992,0,-0.11,-0.22,-0.11
2015-09-11 17:50:00,417,0.2666345649289684,0,-0.11,-0.22,-0.11
2015-09-11 18:00:00,393,0.2402963711982401,0,-0.11,-0.22,-0.11
2015-09-11 18:10:00,378,0.22488265161251506,0,-0.11,-0.22,-0.11
2015-09-11 18:19:00,316,0.19081889193531712,0,-0.11,-0.22,-0.11
2015-09-11 18:30:00,283,0.2180326035502473,0,-0.11,-0.22,-0.11
2015-09-11 18:39:00,273,0.2258990326232673,0,-0.11,-0.22,-0.11
2015-09-11 18:50:00,265,0.2318882065178701,0,-0.11,-0.22,-0.11
2015-09-11 19:00:00,283,0.21325232978614805,0,-0.11,-0.22,-0.11
2015-09-11 19:10:00,305,0.19266294733042846,0,-0.11,-0.22,-0.11
2015-09-11 19:13:00,295,0.2013645166097828,0,-0.11,-0.22,-0.11
2015-09-11 19:23:00,250,0.2461083441520054,0,-0.11,-0.22,-0.11
2015-09-11 19:33:00,233,0.2622285110607288,0,-0.11,-0.22,-0.11
2015-09-11 19:43:00,232,0.2592579122967453,0,-0.11,-0.22,-0.11
2015-09-11 19:53:00,200,0.2932222060333952,0,-0.11,-0.22,-0.11
2015-09-11 20:02:00,189,0.2988277842752389,0,-0.11,-0.22,-0.11
2015-09-11 20:23:00,163,0.3222045496895989,0,-0.11,-0.22,-0.11
2015-09-11 21:43:00,169,0.3024993064340182,0,-0.11,-0.22,-0.11
2015-09-11 21:51:00,180,0.2809117541232495,0,-0.11,-0.22,-0.11
2015-09-11 22:03:00,170,0.28589053064694875,0,-0.11,-0.22,-0.11
2015-09-11 22:33:00,86,0.37995993370945796,0,-0.11,-0.22,-0.11
2015-09-12 03:03:00,119,0.3162088882550386,0,-0.11,-0.22,-0.11
2015-09-12 04:53:00,49,0.3832502874348312,0,-0.11,-0.22,-0.11
2015-09-12 05:13:00,118,0.28635009964605995,0,-0.11,-0.22,-0.11
2015-09-12 05:22:00,467,0.3910089530565866,0,-0.11,-0.22,-0.11
2015-09-12 05:39:00,1960,0.9970431288802736,0,-0.11,-0.22,-0.11
2015-09-12 06:43:00,123,0.22649386403966826,0,-0.11,-0.22,-0.11
2015-09-12 08:32:00,143,0.22043051920690407,0,-0.11,-0.22,-0.11
2015-09-12 08:43:00,171,0.2128621141355792,0,-0.11,-0.22,-0.11
2015-09-12 08:53:00,196,0.2062998240931558,0,-0.11,-0.22,-0.11
2015-09-12 09:03:00,229,0.1981963958042,0,-0.11,-0.22,-0.11
2015-09-12 09:13:00,253,0.19238215821851207,0,-0.11,-0.22,-0.11
2015-09-12 09:23:00,269,0.18850697066323369,0,-0.11,-0.22,-0.11
2015-09-12 09:32:00,233,0.19676515236001035,0,-0.11,-0.22,-0.11
2015-09-12 09:42:00,281,0.1849651069278171,0,-0.11,-0.22,-0.11
2015-09-12 09:53:00,268,0.18801872984524,0,-0.11,-0.22,-0.11
2015-09-12 10:03:00,234,0.19643529794758813,0,-0.11,-0.22,-0.11
2015-09-12 10:13:00,199,0.20539559311449845,0,-0.11,-0.22,-0.11
2015-09-12 10:22:00,166,0.21403735498565746,0,-0.11,-0.22,-0.11
2015-09-12 10:33:00,188,0.20671432034966344,0,-0.11,-0.22,-0.11
2015-09-12 10:43:00,206,0.20081795420472465,0,-0.11,-0.22,-0.11
2015-09-12 10:53:00,223,0.19538745031729374,0,-0.11,-0.22,-0.11
2015-09-12 11:03:00,267,0.18244365216563704,0,-0.11,-0.22,-0.11
2015-09-12 11:13:00,252,0.1867761285673864,0,-0.11,-0.22,-0.11
2015-09-12 11:14:00,254,0.18606757609261865,0,-0.11,-0.22,-0.11
2015-09-12 13:08:00,165,0.214733939997486,0,-0.11,-0.22,-0.11
2015-09-12 13:47:00,137,0.2236010473341308,0,-0.11,-0.22,-0.11
2015-09-12 13:58:00,138,0.2218405224188909,0,-0.11,-0.22,-0.11
2015-09-12 15:07:00,138,0.22052698016267447,0,-0.11,-0.22,-0.11
2015-09-12 15:58:00,135,0.22040021986099909,0,-0.11,-0.22,-0.11
2015-09-12 17:48:00,231,0.18467231095179326,0,-0.11,-0.22,-0.11
2015-09-12 17:57:00,264,0.19170013324718885,0,-0.11,-0.22,-0.11
2015-09-12 18:08:00,280,0.1973454630823885,0,-0.11,-0.22,-0.11
2015-09-12 18:18:00,338,0.21997545491159068,0,-0.11,-0.22,-0.11
2015-09-12 18:28:00,303,0.20440202053958026,0,-0.11,-0.22,-0.11
2015-09-12 18:38:00,212,0.19652862016488126,0,-0.11,-0.22,-0.11
2015-09-12 18:48:00,174,0.21206894813122906,0,-0.11,-0.22,-0.11
2015-09-12 19:08:00,182,0.2076766694370804,0,-0.11,-0.22,-0.11
2015-09-12 19:18:00,154,0.2196183154772558,0,-0.11,-0.22,-0.11
2015-09-12 19:28:00,167,0.21235521009578448,0,-0.11,-0.22,-0.11
2015-09-12 19:38:00,161,0.2142763656088815,0,-0.11,-0.22,-0.11
2015-09-12 19:47:00,193,0.19824725203782634,0,-0.11,-0.22,-0.11
2015-09-12 19:58:00,181,0.20349360040365586,0,-0.11,-0.22,-0.11
2015-09-12 20:07:00,158,0.21436658020643365,0,-0.11,-0.22,-0.11
2015-09-12 20:18:00,211,0.18720703502863625,0,-0.11,-0.22,-0.11
2015-09-12 20:28:00,230,0.1868249166623153,0,-0.11,-0.22,-0.11
2015-09-12 20:38:00,178,0.2043087407248724,0,-0.11,-0.22,-0.11
2015-09-12 20:58:00,158,0.21468992252999847,0,-0.11,-0.22,-0.11
2015-09-12 21:28:00,152,0.21713376530368853,0,-0.11,-0.22,-0.11
2015-09-12 21:57:00,143,0.22136652328117845,0,-0.11,-0.22,-0.11
2015-09-12 22:38:00,115,0.23755759524219155,0,-0.11,-0.22,-0.11
2015-09-12 23:37:00,141,0.21899583398902112,0,-0.11,-0.22,-0.11
2015-09-13 00:58:00,157,0.20798346866385609,0,-0.11,-0.22,-0.11
2015-09-13 04:57:00,118,0.2323011348470848,0,-0.11,-0.22,-0.11
2015-09-13 05:08:00,119,0.2297704165963481,0,-0.11,-0.22,-0.11
2015-09-13 05:47:00,112,0.2328733462178566,0,-0.11,-0.22,-0.11
2015-09-13 06:48:00,116,0.2281951682950593,0,-0.11,-0.22,-0.11
2015-09-13 06:57:00,115,0.2272700061558125,0,-0.11,-0.22,-0.11
2015-09-13 07:05:00,116,0.2249755115034093,0,-0.11,-0.22,-0.11
2015-09-13 07:18:00,125,0.21707260516422927,0,-0.11,-0.22,-0.11
2015-09-13 07:28:00,118,0.2210555550563116,0,-0.11,-0.22,-0.11
2015-09-13 08:08:00,119,0.21903527343311807,0,-0.11,-0.22,-0.11
2015-09-13 08:18:00,120,0.21709549673936954,0,-0.11,-0.22,-0.11
2015-09-13 08:58:00,132,0.2069456280435208,0,-0.11,-0.22,-0.11
2015-09-13 09:28:00,128,0.20928189395960672,0,-0.11,-0.22,-0.11
2015-09-13 10:18:00,131,0.20615334906354754,0,-0.11,-0.22,-0.11
2015-09-13 10:27:00,132,0.20467982904355544,0,-0.11,-0.22,-0.11
2015-09-13 10:57:00,110,0.22235069113205952,0,-0.11,-0.22,-0.11
2015-09-13 11:28:00,139,0.19678333280026256,0,-0.11,-0.22,-0.11
2015-09-13 11:38:00,131,0.2030289821134206,0,-0.11,-0.22,-0.11
2015-09-13 11:48:00,130,0.203309160678255,0,-0.11,-0.22,-0.11
2015-09-13 11:58:00,133,0.2000956799014448,0,-0.11,-0.22,-0.11
2015-09-13 12:08:00,136,0.1969509784663685,0,-0.11,-0.22,-0.11
2015-09-13 12:16:00,141,0.1920863102131808,0,-0.11,-0.22,-0.11
2015-09-13 12:47:00,135,0.19734394545707248,0,-0.11,-0.22,-0.11
2015-09-13 13:06:00,132,0.1998069245969638,0,-0.11,-0.22,-0.11
2015-09-13 13:48:00,119,0.21240907875584966,0,-0.11,-0.22,-0.11
2015-09-13 14:29:00,135,0.19519320708872887,0,-0.11,-0.22,-0.11
2015-09-13 14:49:00,139,0.1908358257635817,0,-0.11,-0.22,-0.11
2015-09-13 14:59:00,148,0.18325719518202727,0,-0.11,-0.22,-0.11
2015-09-13 15:19:00,139,0.1908772702034538,0,-0.11,-0.22,-0.11
2015-09-13 15:40:00,134,0.19608772080173148,0,-0.11,-0.22,-0.11
2015-09-13 15:50:00,152,0.188735660250411,0,-0.11,-0.22,-0.11
2015-09-13 15:59:00,151,0.18745477057233573,0,-0.11,-0.22,-0.11
2015-09-13 16:10:00,175,0.21633028887883776,0,-0.11,-0.22,-0.11
2015-09-13 16:19:00,164,0.2013454275032744,0,-0.11,-0.22,-0.11
2015-09-13 16:29:00,183,0.2258626135151129,0,-0.11,-0.22,-0.11
2015-09-13 16:39:00,173,0.21072721069767564,0,-0.11,-0.22,-0.11
2015-09-13 16:49:00,192,0.2368445776645596,0,-0.11,-0.22,-0.11
2015-09-13 17:00:00,212,0.2658817966550646,0,-0.11,-0.22,-0.11
2015-09-13 17:07:00,178,0.21049249254243896,0,-0.11,-0.22,-0.11
2015-09-13 17:30:00,146,0.1977820851861425,0,-0.11,-0.22,-0.11
2015-09-13 17:40:00,142,0.20296089006364768,0,-0.11,-0.22,-0.11
2015-09-13 18:10:00,149,0.1924611205021932,0,-0.11,-0.22,-0.11
2015-09-13 18:30:00,146,0.19650807440048235,0,-0.11,-0.22,-0.11
2015-09-13 18:40:00,154,0.1845350860664681,0,-0.11,-0.22,-0.11
2015-09-13 18:59:00,145,0.1979091915655116,0,-0.11,-0.22,-0.11
2015-09-13 19:20:00,160,0.19006935824074567,0,-0.11,-0.22,-0.11
2015-09-13 19:28:00,157,0.18523285722202398,0,-0.11,-0.22,-0.11
2015-09-13 19:39:00,173,0.21161664776463307,0,-0.11,-0.22,-0.11
2015-09-13 20:08:00,127,0.2332795221474029,0,-0.11,-0.22,-0.11
2015-09-13 20:19:00,66,0.3680066886415545,0,-0.11,-0.22,-0.11
2015-09-13 20:29:00,69,0.3381872068038165,0,-0.11,-0.22,-0.11
2015-09-13 20:39:00,41,0.3851002293486566,0,-0.11,-0.22,-0.11
2015-09-13 20:49:00,42,0.35530181914974657,0,-0.11,-0.22,-0.11
2015-09-13 20:59:00,41,0.3375383816296911,0,-0.11,-0.22,-0.11
2015-09-13 21:08:00,38,0.32741074323287384,0,-0.11,-0.22,-0.11
2015-09-13 21:28:00,38,0.313866751099327,0,-0.11,-0.22,-0.11
2015-09-13 21:39:00,74,0.2462285657141001,0,-0.11,-0.22,-0.11
2015-09-13 21:49:00,62,0.261601146191678,0,-0.11,-0.22,-0.11
2015-09-13 21:59:00,60,0.2606464051104066,0,-0.11,-0.22,-0.11
2015-09-13 22:09:00,62,0.2536172903152564,0,-0.11,-0.22,-0.11
2015-09-13 22:29:00,129,0.2048102166165129,0,-0.11,-0.22,-0.11
2015-09-14 00:40:00,124,0.19747270375394527,0,-0.11,-0.22,-0.11
2015-09-14 01:40:00,121,0.1930350155727618,0,-0.11,-0.22,-0.11
2015-09-14 02:29:00,134,0.21113273812597969,0,-0.11,-0.22,-0.11
2015-09-14 03:09:00,126,0.1985951661216966,0,-0.11,-0.22,-0.11
2015-09-14 03:19:00,125,0.1966975431994472,0,-0.11,-0.22,-0.11
2015-09-14 03:39:00,119,0.1875412060007292,0,-0.11,-0.22,-0.11
2015-09-14 03:49:00,124,0.1948862010659705,0,-0.11,-0.22,-0.11
2015-09-14 03:59:00,126,0.19768154943457733,0,-0.11,-0.22,-0.11
2015-09-14 04:09:00,122,0.19090932050295392,0,-0.11,-0.22,-0.11
2015-09-14 04:19:00,122,0.19068821039379386,0,-0.11,-0.22,-0.11
2015-09-14 04:29:00,128,0.200562875359192,0,-0.11,-0.22,-0.11
2015-09-14 04:39:00,123,0.19143938234253008,0,-0.11,-0.22,-0.11
2015-09-14 04:49:00,117,0.18386562452703786,0,-0.11,-0.22,-0.11
2015-09-14 05:09:00,114,0.1890748942052869,0,-0.11,-0.22,-0.11
2015-09-14 05:29:00,118,0.18309112308948952,0,-0.11,-0.22,-0.11
2015-09-14 07:19:00,162,0.2765150637448089,0,-0.11,-0.22,-0.11
2015-09-14 07:30:00,161,0.2685272285450552,0,-0.11,-0.22,-0.11
2015-09-14 07:49:00,139,0.2153532669167352,0,-0.11,-0.22,-0.11
2015-09-14 07:59:00,152,0.2426708338369,0,-0.11,-0.22,-0.11
2015-09-14 08:09:00,156,0.2494353809351861,0,-0.11,-0.22,-0.11
2015-09-14 08:19:00,166,0.270701598250226,0,-0.11,-0.22,-0.11
2015-09-14 08:29:00,229,0.4457123460751175,0,-0.11,-0.22,-0.11
2015-09-14 08:39:00,227,0.3920870184071203,0,-0.11,-0.22,-0.11
2015-09-14 08:47:00,274,0.4814934614702596,0,-0.11,-0.22,-0.11
2015-09-14 08:58:00,216,0.2988768092593516,0,-0.11,-0.22,-0.11
2015-09-14 09:09:00,161,0.20035340969225326,0,-0.11,-0.22,-0.11
2015-09-14 09:19:00,139,0.1959282214021948,0,-0.11,-0.22,-0.11
2015-09-14 09:49:00,136,0.20002263352414928,0,-0.11,-0.22,-0.11
2015-09-14 09:59:00,144,0.18756438912250675,0,-0.11,-0.22,-0.11
2015-09-14 10:09:00,160,0.2016877188539669,0,-0.11,-0.22,-0.11
2015-09-14 10:27:00,262,0.41315282092504335,0,-0.11,-0.22,-0.11
2015-09-14 10:39:00,347,0.5690566275248772,0,-0.11,-0.22,-0.11
2015-09-14 10:49:00,364,0.4955036357239136,0,-0.11,-0.22,-0.11
2015-09-14 10:59:00,384,0.4576985772183942,0,-0.11,-0.22,-0.11
2015-09-14 11:09:00,578,0.6670703349207581,0,-0.11,-0.22,-0.11
2015-09-14 11:19:00,626,0.5553959150342939,0,-0.11,-0.22,-0.11
2015-09-14 11:29:00,385,0.2751138953407289,0,-0.11,-0.22,-0.11
2015-09-14 11:39:00,289,0.21182882132180966,0,-0.11,-0.22,-0.11
2015-09-14 11:50:00,297,0.21547925259880304,0,-0.11,-0.22,-0.11
2015-09-14 11:59:00,337,0.2386495310649251,0,-0.11,-0.22,-0.11
2015-09-14 12:09:00,365,0.254583977374173,0,-0.11,-0.22,-0.11
2015-09-14 12:19:00,326,0.22614582357655424,0,-0.11,-0.22,-0.11
2015-09-14 12:29:00,345,0.23675549742882165,0,-0.11,-0.22,-0.11
2015-09-14 12:39:00,271,0.1895962629449331,0,-0.11,-0.22,-0.11
2015-09-14 12:49:00,293,0.2023917287407317,0,-0.11,-0.22,-0.11
2015-09-14 12:59:00,300,0.2061959793736874,0,-0.11,-0.22,-0.11
2015-09-14 13:07:00,277,0.1911497760431061,0,-0.11,-0.22,-0.11
2015-09-14 13:29:00,159,0.2534091860145684,0,-0.11,-0.22,-0.11
2015-09-14 13:48:00,157,0.2516149746996474,0,-0.11,-0.22,-0.11
2015-09-14 13:58:00,174,0.2356540310730726,0,-0.11,-0.22,-0.11
2015-09-14 14:09:00,172,0.23509531529878305,0,-0.11,-0.22,-0.11
2015-09-14 14:16:00,175,0.23081640534937864,0,-0.11,-0.22,-0.11
2015-09-14 14:26:00,155,0.2445865835476805,0,-0.11,-0.22,-0.11
2015-09-14 14:46:00,175,0.2263385461502601,0,-0.11,-0.22,-0.11
2015-09-14 15:06:00,145,0.2488265639651039,0,-0.11,-0.22,-0.11
2015-09-14 15:56:00,67,0.3161774575842348,0,-0.11,-0.22,-0.11
2015-09-14 16:26:00,166,0.2214312479024656,0,-0.11,-0.22,-0.11
2015-09-14 16:36:00,150,0.23262222429060184,0,-0.11,-0.22,-0.11
2015-09-14 16:45:00,150,0.2307487175402281,0,-0.11,-0.22,-0.11
2015-09-14 17:06:00,144,0.2338983454394095,0,-0.11,-0.22,-0.11
2015-09-14 17:15:00,146,0.23028677465273936,0,-0.11,-0.22,-0.11
2015-09-14 17:26:00,186,0.1967014012362766,0,-0.11,-0.22,-0.11
2015-09-14 17:35:00,146,0.22895884711100115,0,-0.11,-0.22,-0.11
2015-09-14 17:46:00,144,0.2290386386036501,0,-0.11,-0.22,-0.11
2015-09-14 18:36:00,143,0.2282537149665611,0,-0.11,-0.22,-0.11
2015-09-14 18:45:00,145,0.22482224614220864,0,-0.11,-0.22,-0.11
2015-09-14 18:56:00,158,0.21176174652215096,0,-0.11,-0.22,-0.11
2015-09-14 19:16:00,160,0.2090957516053452,0,-0.11,-0.22,-0.11
2015-09-14 19:46:00,153,0.2147120360924604,0,-0.11,-0.22,-0.11
2015-09-14 22:26:00,136,0.23015702102591984,0,-0.11,-0.22,-0.11
2015-09-14 22:46:00,144,0.22048188660731668,0,-0.11,-0.22,-0.11
2015-09-15 00:16:00,134,0.2293514068860581,0,-0.11,-0.22,-0.11
2015-09-15 02:35:00,131,0.2307980213519359,0,-0.11,-0.22,-0.11
2015-09-15 03:36:00,127,0.2333079948958029,0,-0.11,-0.22,-0.11
2015-09-15 03:46:00,130,0.2281461669595476,0,-0.11,-0.22,-0.11
2015-09-15 04:16:00,121,0.23649163892578426,0,-0.11,-0.22,-0.11
2015-09-15 04:46:00,122,0.2332547224450929,0,-0.11,-0.22,-0.11
2015-09-15 04:54:00,114,0.2406118214215881,0,-0.11,-0.22,-0.11
2015-09-15 05:06:00,112,0.2406154515031224,0,-0.11,-0.22,-0.11
2015-09-15 05:36:00,116,0.2334875683851061,0,-0.11,-0.22,-0.11
2015-09-15 05:46:00,120,0.2268235211486148,0,-0.11,-0.22,-0.11
2015-09-15 06:06:00,129,0.21471669570657886,0,-0.11,-0.22,-0.11
2015-09-15 06:16:00,130,0.212542716348297,0,-0.11,-0.22,-0.11
2015-09-15 07:36:00,179,0.20830279386564576,0,-0.11,-0.22,-0.11
2015-09-15 07:46:00,172,0.1992634106563144,0,-0.11,-0.22,-0.11
2015-09-15 07:55:00,152,0.1889937943536478,0,-0.11,-0.22,-0.11
2015-09-15 08:05:00,158,0.1829810910543629,0,-0.11,-0.22,-0.11
2015-09-15 08:15:00,169,0.1962729695121286,0,-0.11,-0.22,-0.11
2015-09-15 08:26:00,199,0.23686712971849824,0,-0.11,-0.22,-0.11
2015-09-15 08:36:00,101,0.2659443038924669,0,-0.11,-0.22,-0.11
2015-09-15 08:46:00,196,0.2348313822175761,0,-0.11,-0.22,-0.11
2015-09-15 08:56:00,124,0.2302716801301289,0,-0.11,-0.22,-0.11
2015-09-15 09:04:00,151,0.19064511240675536,0,-0.11,-0.22,-0.11
2015-09-15 09:16:00,192,0.232220607391662,0,-0.11,-0.22,-0.11
2015-09-15 09:26:00,160,0.1840019226005484,0,-0.11,-0.22,-0.11
2015-09-15 09:36:00,146,0.20050667159868804,0,-0.11,-0.22,-0.11
2015-09-15 10:06:00,149,0.19557900359363609,0,-0.11,-0.22,-0.11
2015-09-15 11:46:00,261,0.3739687629386544,0,-0.11,-0.22,-0.11
2015-09-15 11:55:00,286,0.4018751016447299,0,-0.11,-0.22,-0.11
2015-09-15 12:04:00,257,0.3153256311855498,0,-0.11,-0.22,-0.11
2015-09-15 12:15:00,254,0.29896662735495777,0,-0.11,-0.22,-0.11
2015-09-15 12:26:00,182,0.1878038314873081,0,-0.11,-0.22,-0.11
2015-09-15 12:31:00,159,0.20624629708377068,0,-0.11,-0.22,-0.11
2015-09-15 12:46:00,163,0.20017526596408874,0,-0.11,-0.22,-0.11
2015-09-15 13:14:00,141,0.2313676065116937,0,-0.11,-0.22,-0.11
2015-09-15 13:46:00,129,0.2484897612861297,0,-0.11,-0.22,-0.11
2015-09-15 13:56:00,122,0.2571016773374125,0,-0.11,-0.22,-0.11
2015-09-15 14:05:00,94,0.30298003105266696,0,-0.11,-0.22,-0.11
2015-09-15 14:15:00,93,0.2955737887257711,0,-0.11,-0.22,-0.11
2015-09-15 14:26:00,117,0.2472738782572489,0,-0.11,-0.22,-0.11
2015-09-15 14:36:00,122,0.2365273225299873,0,-0.11,-0.22,-0.11
2015-09-15 14:45:00,119,0.2391868233035848,0,-0.11,-0.22,-0.11
2015-09-15 14:55:00,123,0.2305261205648661,0,-0.11,-0.22,-0.11
2015-09-15 15:34:00,157,0.1859671207533916,0,-0.11,-0.22,-0.11
2015-09-15 15:42:00,159,0.18870859462998565,0,-0.11,-0.22,-0.11
2015-09-15 16:34:00,138,0.20749074420806216,0,-0.11,-0.22,-0.11
2015-09-15 16:38:00,179,0.22182903574107704,0,-0.11,-0.22,-0.11
2015-09-15 17:15:00,149,0.1917714396173728,0,-0.11,-0.22,-0.11
2015-09-15 17:35:00,131,0.2216196002382997,0,-0.11,-0.22,-0.11
2015-09-15 17:53:00,148,0.19140021208386232,0,-0.11,-0.22,-0.11
2015-09-15 18:04:00,137,0.2100019121996834,0,-0.11,-0.22,-0.11
2015-09-15 18:55:00,145,0.19508457312823305,0,-0.11,-0.22,-0.11
2015-09-15 19:34:00,142,0.20007340322323874,0,-0.11,-0.22,-0.11
2015-09-15 20:15:00,148,0.18880974730745687,0,-0.11,-0.22,-0.11
2015-09-15 21:54:00,146,0.19227681760548884,0,-0.11,-0.22,-0.11
2015-09-15 22:35:00,151,0.1828220559792896,0,-0.11,-0.22,-0.11
2015-09-15 23:04:00,137,0.21016828835891888,0,-0.11,-0.22,-0.11
2015-09-16 00:45:00,124,0.2379198516107321,0,-0.11,-0.22,-0.11
2015-09-16 01:15:00,123,0.2380511099455916,0,-0.11,-0.22,-0.11
2015-09-16 01:53:00,120,0.2429765032209588,0,-0.11,-0.22,-0.11
2015-09-16 02:05:00,127,0.22396287644900686,0,-0.11,-0.22,-0.11
2015-09-16 02:15:00,137,0.20011867985676396,0,-0.11,-0.22,-0.11
2015-09-16 02:25:00,127,0.22259563449011668,0,-0.11,-0.22,-0.11
2015-09-16 03:05:00,121,0.23613387893081705,0,-0.11,-0.22,-0.11
2015-09-16 03:14:00,125,0.2239641924049443,0,-0.11,-0.22,-0.11
2015-09-16 03:35:00,125,0.22254942193204674,0,-0.11,-0.22,-0.11
2015-09-16 03:45:00,124,0.2237707640949656,0,-0.11,-0.22,-0.11
2015-09-16 03:54:00,128,0.21207426184400094,0,-0.11,-0.22,-0.11
2015-09-16 04:05:00,123,0.2243497463910961,0,-0.11,-0.22,-0.11
2015-09-16 04:15:00,126,0.21482940570587106,0,-0.11,-0.22,-0.11
2015-09-16 04:25:00,127,0.21112572030082968,0,-0.11,-0.22,-0.11
2015-09-16 04:35:00,125,0.21578664255657454,0,-0.11,-0.22,-0.11
2015-09-16 04:45:00,126,0.2119152349776569,0,-0.11,-0.22,-0.11
2015-09-16 05:03:00,422,0.9680748234642108,0,-0.11,-0.22,-0.11
2015-09-16 05:15:00,113,0.2273248201279741,0,-0.11,-0.22,-0.11
2015-09-16 05:25:00,117,0.2205768113134212,0,-0.11,-0.22,-0.11
2015-09-16 05:45:00,121,0.21416209393324104,0,-0.11,-0.22,-0.11
2015-09-16 05:55:00,122,0.21188162794665555,0,-0.11,-0.22,-0.11
2015-09-16 06:05:00,116,0.21902883431852493,0,-0.11,-0.22,-0.11
2015-09-16 06:15:00,123,0.2083334415230627,0,-0.11,-0.22,-0.11
2015-09-16 06:24:00,139,0.18659846380584785,0,-0.11,-0.22,-0.11
2015-09-16 06:55:00,140,0.18520464320525176,0,-0.11,-0.22,-0.11
2015-09-16 07:03:00,129,0.2000537979794412,0,-0.11,-0.22,-0.11
2015-09-16 07:25:00,152,0.1969664523107584,0,-0.11,-0.22,-0.11
2015-09-16 07:35:00,151,0.1951312090134286,0,-0.11,-0.22,-0.11
2015-09-16 07:44:00,157,0.2037883727056915,0,-0.11,-0.22,-0.11
2015-09-16 08:05:00,173,0.2292515205437793,0,-0.11,-0.22,-0.11
2015-09-16 08:15:00,180,0.2398391052449529,0,-0.11,-0.22,-0.11
2015-09-16 08:25:00,207,0.28940964525888985,0,-0.11,-0.22,-0.11
2015-09-16 08:35:00,294,0.4805373664379303,0,-0.11,-0.22,-0.11
2015-09-16 08:44:00,309,0.4495056465671544,0,-0.11,-0.22,-0.11
2015-09-16 08:54:00,344,0.4646143428103322,0,-0.11,-0.22,-0.11
2015-09-16 09:04:00,294,0.3318409124822054,0,-0.11,-0.22,-0.11
2015-09-16 09:15:00,302,0.32860218394900875,0,-0.11,-0.22,-0.11
2015-09-16 09:25:00,242,0.2405890177527264,0,-0.11,-0.22,-0.11
2015-09-16 09:35:00,175,0.19517171991781326,0,-0.11,-0.22,-0.11
2015-09-16 09:44:00,143,0.2291960566230513,0,-0.11,-0.22,-0.11
2015-09-16 09:54:00,140,0.23098670756523945,0,-0.11,-0.22,-0.11
2015-09-16 10:15:00,155,0.2120242617698555,0,-0.11,-0.22,-0.11
2015-09-16 10:25:00,202,0.2039779604610722,0,-0.11,-0.22,-0.11
2015-09-16 10:35:00,217,0.22085049697101589,0,-0.11,-0.22,-0.11
2015-09-16 10:45:00,186,0.18410862387813784,0,-0.11,-0.22,-0.11
2015-09-16 10:55:00,260,0.2791589482813679,0,-0.11,-0.22,-0.11
2015-09-16 11:03:00,394,0.4991415634837838,0,-0.11,-0.22,-0.11
2015-09-16 11:14:00,324,0.3269623692525344,0,-0.11,-0.22,-0.11
2015-09-16 11:25:00,168,0.2177838874769316,0,-0.11,-0.22,-0.11
2015-09-16 12:35:00,128,0.26118323004940563,0,-0.11,-0.22,-0.11
2015-09-16 12:45:00,138,0.2455753536946829,0,-0.11,-0.22,-0.11
2015-09-16 12:55:00,133,0.24864320775543824,0,-0.11,-0.22,-0.11
2015-09-16 13:03:00,132,0.24687105125805944,0,-0.11,-0.22,-0.11
2015-09-16 13:15:00,148,0.2257423085366263,0,-0.11,-0.22,-0.11
2015-09-16 13:42:00,139,0.2345680353266593,0,-0.11,-0.22,-0.11
2015-09-16 13:55:00,133,0.2397182910133618,0,-0.11,-0.22,-0.11
2015-09-16 14:05:00,142,0.22668534871015025,0,-0.11,-0.22,-0.11
2015-09-16 14:15:00,155,0.21006625337869714,0,-0.11,-0.22,-0.11
2015-09-16 14:25:00,128,0.2420607901154949,0,-0.11,-0.22,-0.11
2015-09-16 14:35:00,168,0.19198383995493198,0,-0.11,-0.22,-0.11
2015-09-16 14:43:00,156,0.20555338993561645,0,-0.11,-0.22,-0.11
2015-09-16 14:55:00,157,0.2036861268780276,0,-0.11,-0.22,-0.11
2015-09-16 15:30:00,146,0.2169279724204164,0,-0.11,-0.22,-0.11
2015-09-16 15:41:00,169,0.18719721557650174,0,-0.11,-0.22,-0.11
2015-09-16 15:51:00,147,0.21513267225376712,0,-0.11,-0.22,-0.11
2015-09-16 16:10:00,145,0.216858054409354,0,-0.11,-0.22,-0.11
2015-09-16 16:20:00,161,0.19415960545668207,0,-0.11,-0.22,-0.11
2015-09-16 16:31:00,150,0.2088860617541844,0,-0.11,-0.22,-0.11
2015-09-16 16:41:00,156,0.19963475582437504,0,-0.11,-0.22,-0.11
2015-09-16 16:51:00,136,0.2291290341285805,0,-0.11,-0.22,-0.11
2015-09-16 17:11:00,170,0.187128617861869,0,-0.11,-0.22,-0.11
2015-09-16 17:20:00,160,0.19195456173364084,0,-0.11,-0.22,-0.11
2015-09-16 17:50:00,159,0.19318835549214647,0,-0.11,-0.22,-0.11
2015-09-16 18:11:00,135,0.2321286407855507,0,-0.11,-0.22,-0.11
2015-09-16 18:20:00,160,0.18915829615444613,0,-0.11,-0.22,-0.11
2015-09-16 18:51:00,142,0.21876325157778825,0,-0.11,-0.22,-0.11
2015-09-16 19:00:00,144,0.21406236827958824,0,-0.11,-0.22,-0.11
2015-09-16 19:09:00,131,0.23721515320633801,0,-0.11,-0.22,-0.11
2015-09-16 19:21:00,138,0.22173859155236347,0,-0.11,-0.22,-0.11
2015-09-16 19:41:00,139,0.2185418224174444,0,-0.11,-0.22,-0.11
2015-09-16 19:51:00,154,0.19003792932137006,0,-0.11,-0.22,-0.11
2015-09-16 20:01:00,145,0.2063292852271184,0,-0.11,-0.22,-0.11
2015-09-16 20:10:00,135,0.2256049472840901,0,-0.11,-0.22,-0.11
2015-09-16 20:21:00,141,0.21180538445287805,0,-0.11,-0.22,-0.11
2015-09-16 20:29:00,153,0.187392107589261,0,-0.11,-0.22,-0.11
2015-09-16 20:40:00,129,0.2377652606880972,0,-0.11,-0.22,-0.11
2015-09-16 20:49:00,133,0.2264819546824707,0,-0.11,-0.22,-0.11
2015-09-16 21:11:00,136,0.21819319900729275,0,-0.11,-0.22,-0.11
2015-09-16 21:21:00,129,0.2333002051124575,0,-0.11,-0.22,-0.11
2015-09-16 21:31:00,137,0.2126966551386758,0,-0.11,-0.22,-0.11
2015-09-16 21:41:00,140,0.20492938554814807,0,-0.11,-0.22,-0.11
2015-09-16 21:51:00,134,0.21844803751196806,0,-0.11,-0.22,-0.11
2015-09-16 22:01:00,144,0.19370447934301385,0,-0.11,-0.22,-0.11
2015-09-16 22:11:00,167,0.2260061023311081,0,-0.11,-0.22,-0.11
2015-09-16 22:20:00,315,0.7301277502386373,0,-0.11,-0.22,-0.11
2015-09-16 22:31:00,435,0.7963883221228067,0,-0.11,-0.22,-0.11
2015-09-16 22:50:00,809,0.9345963272822252,0,-0.11,-0.22,-0.11
2015-09-16 23:01:00,939,0.6967678729864057,0,-0.11,-0.22,-0.11
2015-09-16 23:11:00,779,0.4286822160979185,0,-0.11,-0.22,-0.11
2015-09-16 23:21:00,635,0.3200797606295708,0,-0.11,-0.22,-0.11
2015-09-16 23:31:00,581,0.2856709327528101,0,-0.11,-0.22,-0.11
2015-09-16 23:41:00,1107,0.5205963317370351,0,-0.11,-0.22,-0.11
2015-09-16 23:51:00,865,0.3455415552044514,0,-0.11,-0.22,-0.11
2015-09-17 00:00:00,650,0.2582893503809017,0,-0.11,-0.22,-0.11
2015-09-17 00:11:00,419,0.1915134047271108,0,-0.11,-0.22,-0.11
2015-09-17 00:21:00,291,0.2058008418522864,0,-0.11,-0.22,-0.11
2015-09-17 00:31:00,139,0.24938621081206624,0,-0.11,-0.22,-0.11
2015-09-17 00:41:00,122,0.2517247923192341,0,-0.11,-0.22,-0.11
2015-09-17 00:51:00,130,0.2460180320014895,0,-0.11,-0.22,-0.11
2015-09-17 01:11:00,122,0.245804788967208,0,-0.11,-0.22,-0.11
2015-09-17 01:21:00,127,0.24148329962462345,0,-0.11,-0.22,-0.11
2015-09-17 01:31:00,123,0.2403368013205836,0,-0.11,-0.22,-0.11
2015-09-17 01:41:00,137,0.2334956270991988,0,-0.11,-0.22,-0.11
2015-09-17 02:01:00,126,0.2351319874218244,0,-0.11,-0.22,-0.11
2015-09-17 02:10:00,130,0.2317993415235694,0,-0.11,-0.22,-0.11
2015-09-17 06:01:00,117,0.2343020968238911,0,-0.11,-0.22,-0.11
2015-09-17 06:10:00,119,0.2316541277588055,0,-0.11,-0.22,-0.11
2015-09-17 06:21:00,132,0.225424806923072,0,-0.11,-0.22,-0.11
2015-09-17 06:31:00,114,0.23014883036970024,0,-0.11,-0.22,-0.11
2015-09-17 06:41:00,133,0.22178532113623767,0,-0.11,-0.22,-0.11
2015-09-17 07:01:00,124,0.2236461071157213,0,-0.11,-0.22,-0.11
2015-09-17 07:11:00,134,0.21867298044036887,0,-0.11,-0.22,-0.11
2015-09-17 07:30:00,147,0.21284283842360432,0,-0.11,-0.22,-0.11
2015-09-17 07:41:00,148,0.21155195524150872,0,-0.11,-0.22,-0.11
2015-09-17 07:51:00,159,0.2066433134312083,0,-0.11,-0.22,-0.11
2015-09-17 08:00:00,156,0.20705927033048352,0,-0.11,-0.22,-0.11
2015-09-17 08:11:00,167,0.20218905596112047,0,-0.11,-0.22,-0.11
2015-09-17 08:21:00,186,0.19445379346213634,0,-0.11,-0.22,-0.11
2015-09-17 08:31:00,220,0.1833759491667944,0,-0.11,-0.22,-0.11
2015-09-17 08:40:00,251,0.1952635124067877,0,-0.11,-0.22,-0.11
2015-09-17 08:51:00,287,0.20983684203811176,0,-0.11,-0.22,-0.11
2015-09-17 09:00:00,304,0.2165000731610981,0,-0.11,-0.22,-0.11
2015-09-17 09:11:00,294,0.21092403182934366,0,-0.11,-0.22,-0.11
2015-09-17 09:20:00,244,0.18821233088177228,0,-0.11,-0.22,-0.11
2015-09-17 09:31:00,210,0.19128540040350828,0,-0.11,-0.22,-0.11
2015-09-17 09:41:00,195,0.19783458743065327,0,-0.11,-0.22,-0.11
2015-09-17 09:51:00,226,0.1832893618096142,0,-0.11,-0.22,-0.11
2015-09-17 10:01:00,196,0.19729049344059715,0,-0.11,-0.22,-0.11
2015-09-17 10:11:00,263,0.20009245246787424,0,-0.11,-0.22,-0.11
2015-09-17 10:21:00,342,0.24288316744813865,0,-0.11,-0.22,-0.11
2015-09-17 10:31:00,372,0.25848437362358706,0,-0.11,-0.22,-0.11
2015-09-17 10:41:00,432,0.2934503079485647,0,-0.11,-0.22,-0.11
2015-09-17 10:51:00,427,0.2824023760970853,0,-0.11,-0.22,-0.11
2015-09-17 11:01:00,429,0.2773693490661092,0,-0.11,-0.22,-0.11
2015-09-17 11:11:00,461,0.292284594123517,0,-0.11,-0.22,-0.11
2015-09-17 11:21:00,349,0.21855187656337272,0,-0.11,-0.22,-0.11
2015-09-17 11:29:00,256,0.19464673732954801,0,-0.11,-0.22,-0.11
2015-09-17 11:41:00,201,0.2242803298554608,0,-0.11,-0.22,-0.11
2015-09-17 11:51:00,113,0.2781734825355948,0,-0.11,-0.22,-0.11
2015-09-17 11:59:00,102,0.2797347811672733,0,-0.11,-0.22,-0.11
2015-09-17 12:11:00,88,0.28312721865435897,0,-0.11,-0.22,-0.11
2015-09-17 12:21:00,70,0.2888225421426124,0,-0.11,-0.22,-0.11
2015-09-17 12:41:00,84,0.2724694461690989,0,-0.11,-0.22,-0.11
2015-09-17 12:51:00,154,0.2247739243522324,0,-0.11,-0.22,-0.11
2015-09-17 13:01:00,155,0.22273973692846105,0,-0.11,-0.22,-0.11
2015-09-17 13:10:00,149,0.22493163847235867,0,-0.11,-0.22,-0.11
2015-09-17 13:20:00,163,0.2151393760274888,0,-0.11,-0.22,-0.11
2015-09-17 13:28:00,158,0.2171215416679791,0,-0.11,-0.22,-0.11
2015-09-17 13:41:00,156,0.21724901490694207,0,-0.11,-0.22,-0.11
2015-09-17 13:50:00,140,0.2263459663193902,0,-0.11,-0.22,-0.11
2015-09-17 14:10:00,177,0.20143125540988496,0,-0.11,-0.22,-0.11
2015-09-17 14:21:00,160,0.21165474244032093,0,-0.11,-0.22,-0.11
2015-09-17 14:31:00,150,0.21741810500673805,0,-0.11,-0.22,-0.11
2015-09-17 14:41:00,153,0.2142580472802404,0,-0.11,-0.22,-0.11
2015-09-17 14:51:00,143,0.2202707482187597,0,-0.11,-0.22,-0.11
2015-09-17 15:00:00,151,0.21332878988483625,0,-0.11,-0.22,-0.11
2015-09-17 15:11:00,150,0.2131008839275979,0,-0.11,-0.22,-0.11
2015-09-17 15:21:00,149,0.21289736564298287,0,-0.11,-0.22,-0.11
2015-09-17 15:31:00,200,0.1887983804657289,0,-0.11,-0.22,-0.11
2015-09-17 15:34:00,218,0.2016545941110952,0,-0.11,-0.22,-0.11
2015-09-17 15:44:00,213,0.1973550579539798,0,-0.11,-0.22,-0.11
2015-09-17 15:54:00,211,0.1954260915222816,0,-0.11,-0.22,-0.11
2015-09-17 16:04:00,229,0.20947947714780785,0,-0.11,-0.22,-0.11
2015-09-17 16:13:00,235,0.21374934638760348,0,-0.11,-0.22,-0.11
2015-09-17 16:23:00,255,0.23067246650920226,0,-0.11,-0.22,-0.11
2015-09-17 16:34:00,189,0.1919424895393563,0,-0.11,-0.22,-0.11
2015-09-17 16:44:00,193,0.1883632235169998,0,-0.11,-0.22,-0.11
2015-09-17 17:00:00,216,0.19612331429276644,0,-0.11,-0.22,-0.11
2015-09-17 17:09:00,209,0.18956342991964867,0,-0.11,-0.22,-0.11
