timestamp,value,anomaly_score,label,S(t)_standard,S(t)_reward_low_FP_rate,S(t)_reward_low_FN_rate
2015-07-10 14:24:00,564,0.0,0,-0.11,-0.22,-0.11
2015-07-10 14:38:00,730,0.0,0,-0.11,-0.22,-0.11
2015-07-10 14:48:00,770,0.0,0,-0.11,-0.22,-0.11
2015-07-10 15:03:00,910,0.0,0,-0.11,-0.22,-0.11
2015-07-10 15:22:00,1035,0.0,0,-0.11,-0.22,-0.11
2015-07-10 15:32:00,1065,0.0,0,-0.11,-0.22,-0.11
2015-07-10 15:42:00,953,0.0,0,-0.11,-0.22,-0.11
2015-07-10 15:52:00,1005,0.0,0,-0.11,-0.22,-0.11
2015-07-10 16:02:00,996,0.0,0,-0.11,-0.22,-0.11
2015-07-10 16:12:00,901,0.0,0,-0.11,-0.22,-0.11
2015-07-10 16:22:00,939,0.0,0,-0.11,-0.22,-0.11
2015-07-10 16:32:00,988,0.0,0,-0.11,-0.22,-0.11
2015-07-10 16:42:00,1020,0.0,0,-0.11,-0.22,-0.11
2015-07-10 16:52:00,876,0.0,0,-0.11,-0.22,-0.11
2015-07-10 17:02:00,870,0.0,0,-0.11,-0.22,-0.11
2015-07-10 17:12:00,809,0.0,0,-0.11,-0.22,-0.11
2015-07-10 17:22:00,884,0.0,0,-0.11,-0.22,-0.11
2015-07-10 17:32:00,926,0.0,0,-0.11,-0.22,-0.11
2015-07-10 17:42:00,829,0.0,0,-0.11,-0.22,-0.11
2015-07-10 18:02:00,712,0.0,0,-0.11,-0.22,-0.11
2015-07-10 18:12:00,624,0.0,0,-0.11,-0.22,-0.11
2015-07-10 18:22:00,632,0.0,0,-0.11,-0.22,-0.11
2015-07-10 18:32:00,596,0.0,0,-0.11,-0.22,-0.11
2015-07-10 18:42:00,510,0.0,0,-0.11,-0.22,-0.11
2015-07-10 18:52:00,526,0.0,0,-0.11,-0.22,-0.11
2015-07-10 19:32:00,99,0.0,0,-0.11,-0.22,-0.11
2015-07-10 19:42:00,85,0.0,0,-0.11,-0.22,-0.11
2015-07-10 20:02:00,85,0.0,0,-0.11,-0.22,-0.11
2015-07-10 20:12:00,87,0.0,0,-0.11,-0.22,-0.11
2015-07-10 20:22:00,93,0.0,0,-0.11,-0.22,-0.11
2015-07-10 20:42:00,57,0.0,0,-0.11,-0.22,-0.11
2015-07-10 21:32:00,101,0.0,0,-0.11,-0.22,-0.11
2015-07-11 10:10:00,177,0.0,0,-0.11,-0.22,-0.11
2015-07-11 10:30:00,221,0.0,0,-0.11,-0.22,-0.11
2015-07-11 11:00:00,332,0.0,0,-0.11,-0.22,-0.11
2015-07-11 11:10:00,338,0.0,0,-0.11,-0.22,-0.11
2015-07-11 11:20:00,263,0.0,0,-0.11,-0.22,-0.11
2015-07-11 11:30:00,304,0.0,0,-0.11,-0.22,-0.11
2015-07-11 11:40:00,358,0.0,0,-0.11,-0.22,-0.11
2015-07-11 11:50:00,385,0.0,0,-0.11,-0.22,-0.11
2015-07-11 12:00:00,397,0.0,0,-0.11,-0.22,-0.11
2015-07-11 12:10:00,426,0.0,0,-0.11,-0.22,-0.11
2015-07-11 12:20:00,461,0.0,0,-0.11,-0.22,-0.11
2015-07-11 12:28:00,418,0.0,0,-0.11,-0.22,-0.11
2015-07-11 12:38:00,448,0.0,0,-0.11,-0.22,-0.11
2015-07-11 12:43:00,432,0.0,0,-0.11,-0.22,-0.11
2015-07-11 12:53:00,416,0.0,0,-0.11,-0.22,-0.11
2015-07-11 12:57:00,425,0.0,0,-0.11,-0.22,-0.11
2015-07-11 13:07:00,439,0.0,0,-0.11,-0.22,-0.11
2015-07-11 13:09:00,423,0.0,0,-0.11,-0.22,-0.11
2015-07-11 13:19:00,370,0.0,0,-0.11,-0.22,-0.11
2015-07-11 13:29:00,404,0.0,0,-0.11,-0.22,-0.11
2015-07-11 13:39:00,387,0.0,0,-0.11,-0.22,-0.11
2015-07-11 14:41:00,185,0.0,0,-0.11,-0.22,-0.11
2015-07-11 15:01:00,184,0.0,0,-0.11,-0.22,-0.11
2015-07-11 16:53:00,104,0.0,0,-0.11,-0.22,-0.11
2015-07-11 17:02:00,108,0.0,0,-0.11,-0.22,-0.11
2015-07-11 17:13:00,121,0.0,0,-0.11,-0.22,-0.11
2015-07-11 17:23:00,120,0.0,0,-0.11,-0.22,-0.11
2015-07-11 17:33:00,127,0.0,0,-0.11,-0.22,-0.11
2015-07-11 18:23:00,52,0.0,0,-0.11,-0.22,-0.11
2015-07-12 10:56:00,93,0.0,0,-0.11,-0.22,-0.11
2015-07-12 12:36:00,151,0.0,0,-0.11,-0.22,-0.11
2015-07-12 12:46:00,161,0.0,0,-0.11,-0.22,-0.11
2015-07-12 12:56:00,160,0.0,0,-0.11,-0.22,-0.11
2015-07-12 13:36:00,177,0.0,0,-0.11,-0.22,-0.11
2015-07-12 15:26:00,193,0.0,0,-0.11,-0.22,-0.11
2015-07-12 19:13:00,119,0.0,0,-0.11,-0.22,-0.11
2015-07-13 09:15:00,143,0.0,0,-0.11,-0.22,-0.11
2015-07-13 09:45:00,151,0.0,0,-0.11,-0.22,-0.11
2015-07-13 12:07:00,138,0.0,0,-0.11,-0.22,-0.11
2015-07-13 12:37:00,143,0.0,0,-0.11,-0.22,-0.11
2015-07-13 12:47:00,146,0.0,0,-0.11,-0.22,-0.11
2015-07-13 14:37:00,173,0.0,0,-0.11,-0.22,-0.11
2015-07-13 15:27:00,226,0.0,0,-0.11,-0.22,-0.11
2015-07-13 15:57:00,206,0.0,0,-0.11,-0.22,-0.11
2015-07-13 16:07:00,243,0.0,0,-0.11,-0.22,-0.11
2015-07-13 16:27:00,238,0.0,0,-0.11,-0.22,-0.11
2015-07-13 16:47:00,294,0.0,0,-0.11,-0.22,-0.11
2015-07-13 17:07:00,226,0.0,0,-0.11,-0.22,-0.11
2015-07-13 17:17:00,209,0.0,0,-0.11,-0.22,-0.11
2015-07-13 17:57:00,222,0.0,0,-0.11,-0.22,-0.11
2015-07-13 18:06:00,136,0.0,0,-0.11,-0.22,-0.11
2015-07-13 18:46:00,129,0.0,0,-0.11,-0.22,-0.11
2015-07-13 18:56:00,133,0.0,0,-0.11,-0.22,-0.11
2015-07-14 09:10:00,182,0.0,0,-0.11,-0.22,-0.11
2015-07-14 09:40:00,253,0.0,0,-0.11,-0.22,-0.11
2015-07-14 09:50:00,218,0.0,0,-0.11,-0.22,-0.11
2015-07-14 10:10:00,216,0.0,0,-0.11,-0.22,-0.11
2015-07-14 10:20:00,203,0.0,0,-0.11,-0.22,-0.11
2015-07-14 13:11:00,143,0.0,0,-0.11,-0.22,-0.11
2015-07-14 14:01:00,103,0.0,0,-0.11,-0.22,-0.11
2015-07-14 14:41:00,162,0.0,0,-0.11,-0.22,-0.11
2015-07-14 14:51:00,180,0.0,0,-0.11,-0.22,-0.11
2015-07-14 15:01:00,223,0.0,0,-0.11,-0.22,-0.11
2015-07-14 15:11:00,282,0.0,0,-0.11,-0.22,-0.11
2015-07-14 15:21:00,262,0.0,0,-0.11,-0.22,-0.11
2015-07-14 15:51:00,289,0.0,0,-0.11,-0.22,-0.11
2015-07-14 16:01:00,260,0.0,0,-0.11,-0.22,-0.11
2015-07-14 16:09:00,271,0.0,0,-0.11,-0.22,-0.11
2015-07-14 16:19:00,248,0.0,0,-0.11,-0.22,-0.11
2015-07-14 16:25:00,234,0.0,0,-0.11,-0.22,-0.11
2015-07-14 17:05:00,309,0.0,0,-0.11,-0.22,-0.11
2015-07-14 17:07:00,319,0.0,0,-0.11,-0.22,-0.11
2015-07-14 17:27:00,266,0.0,0,-0.11,-0.22,-0.11
2015-07-14 17:57:00,207,0.0,0,-0.11,-0.22,-0.11
2015-07-14 18:17:00,198,0.0,0,-0.11,-0.22,-0.11
2015-07-14 18:47:00,223,0.0,0,-0.11,-0.22,-0.11
2015-07-14 18:57:00,250,0.0,0,-0.11,-0.22,-0.11
2015-07-14 19:17:00,193,0.0,0,-0.11,-0.22,-0.11
2015-07-15 09:37:00,144,0.0,0,-0.11,-0.22,-0.11
2015-07-15 11:37:00,121,0.0,0,-0.11,-0.22,-0.11
2015-07-15 12:54:00,104,0.0,0,-0.11,-0.22,-0.11
2015-07-15 14:54:00,161,0.0,0,-0.11,-0.22,-0.11
2015-07-15 15:34:00,178,0.0,0,-0.11,-0.22,-0.11
2015-07-15 16:14:00,161,0.0,0,-0.11,-0.22,-0.11
2015-07-15 16:54:00,204,0.0,0,-0.11,-0.22,-0.11
2015-07-15 17:04:00,195,0.0,0,-0.11,-0.22,-0.11
2015-07-15 17:24:00,189,0.0,0,-0.11,-0.22,-0.11
2015-07-15 17:44:00,214,0.0,0,-0.11,-0.22,-0.11
2015-07-15 18:04:00,204,0.0,0,-0.11,-0.22,-0.11
2015-07-15 18:34:00,220,0.0,0,-0.11,-0.22,-0.11
2015-07-15 18:44:00,219,0.0,0,-0.11,-0.22,-0.11
2015-07-16 11:44:00,154,0.0,0,-0.11,-0.22,-0.11
2015-07-16 14:19:00,118,0.0,0,-0.11,-0.22,-0.11
2015-07-16 14:29:00,124,0.0,0,-0.11,-0.22,-0.11
2015-07-16 14:59:00,174,0.0,0,-0.11,-0.22,-0.11
2015-07-16 15:09:00,232,0.0,0,-0.11,-0.22,-0.11
2015-07-16 15:19:00,316,0.0,0,-0.11,-0.22,-0.11
2015-07-16 15:29:00,340,0.0,0,-0.11,-0.22,-0.11
2015-07-16 15:39:00,398,0.0,0,-0.11,-0.22,-0.11
2015-07-16 15:49:00,401,0.0,0,-0.11,-0.22,-0.11
2015-07-16 15:50:00,392,0.0,0,-0.11,-0.22,-0.11
2015-07-16 16:09:00,349,0.0,0,-0.11,-0.22,-0.11
2015-07-16 16:29:00,388,0.0,0,-0.11,-0.22,-0.11
2015-07-16 16:39:00,345,0.0,0,-0.11,-0.22,-0.11
2015-07-16 16:49:00,363,0.0,0,-0.11,-0.22,-0.11
2015-07-16 16:59:00,516,0.0,0,-0.11,-0.22,-0.11
2015-07-16 17:09:00,460,0.0,0,-0.11,-0.22,-0.11
2015-07-16 17:19:00,411,0.0,0,-0.11,-0.22,-0.11
2015-07-16 17:29:00,413,0.0,0,-0.11,-0.22,-0.11
2015-07-16 17:39:00,331,0.0,0,-0.11,-0.22,-0.11
2015-07-16 17:49:00,367,0.0,0,-0.11,-0.22,-0.11
2015-07-16 17:59:00,330,0.0,0,-0.11,-0.22,-0.11
2015-07-16 18:09:00,288,0.0,0,-0.11,-0.22,-0.11
2015-07-16 18:19:00,293,0.0,0,-0.11,-0.22,-0.11
2015-07-16 18:59:00,225,0.0,0,-0.11,-0.22,-0.11
2015-07-16 19:19:00,226,0.0,0,-0.11,-0.22,-0.11
2015-07-16 19:29:00,200,0.0,0,-0.11,-0.22,-0.11
2015-07-16 19:49:00,203,0.0,0,-0.11,-0.22,-0.11
2015-07-16 20:09:00,197,0.0,0,-0.11,-0.22,-0.11
2015-07-17 18:11:00,1185,0.0,0,-0.11,-0.22,-0.11
2015-07-17 18:21:00,1081,0.0,0,-0.11,-0.22,-0.11
2015-07-17 18:31:00,1174,0.0,0,-0.11,-0.22,-0.11
2015-07-17 18:45:00,1336,0.0,0,-0.11,-0.22,-0.11
2015-07-17 18:55:00,1174,0.0,0,-0.11,-0.22,-0.11
2015-07-17 19:05:00,839,0.0,0,-0.11,-0.22,-0.11
2015-07-17 19:15:00,657,0.0,0,-0.11,-0.22,-0.11
2015-07-17 19:25:00,507,0.0,0,-0.11,-0.22,-0.11
2015-07-17 19:35:00,274,0.0,0,-0.11,-0.22,-0.11
2015-07-17 19:45:00,241,0.0,0,-0.11,-0.22,-0.11
2015-07-17 19:55:00,187,0.0,0,-0.11,-0.22,-0.11
2015-07-17 20:05:00,165,0.0,0,-0.11,-0.22,-0.11
2015-07-17 20:25:00,86,0.0,0,-0.11,-0.22,-0.11
2015-07-17 20:55:00,93,0.0,0,-0.11,-0.22,-0.11
2015-07-18 03:56:00,57,0.0,0,-0.11,-0.22,-0.11
2015-07-18 04:56:00,93,0.0,0,-0.11,-0.22,-0.11
2015-07-18 10:06:00,131,0.0,0,-0.11,-0.22,-0.11
2015-07-18 10:16:00,123,0.0,0,-0.11,-0.22,-0.11
2015-07-18 11:26:00,109,0.0,0,-0.11,-0.22,-0.11
2015-07-18 11:46:00,118,0.0,0,-0.11,-0.22,-0.11
2015-07-18 11:56:00,128,0.0,0,-0.11,-0.22,-0.11
2015-07-18 12:36:00,246,0.0,0,-0.11,-0.22,-0.11
2015-07-18 12:46:00,231,0.0,0,-0.11,-0.22,-0.11
2015-07-18 13:46:00,309,0.0,0,-0.11,-0.22,-0.11
2015-07-18 14:36:00,217,0.0,0,-0.11,-0.22,-0.11
2015-07-18 16:26:00,87,0.0,0,-0.11,-0.22,-0.11
2015-07-18 16:56:00,85,0.0,0,-0.11,-0.22,-0.11
2015-07-18 17:16:00,79,0.0,0,-0.11,-0.22,-0.11
2015-07-18 18:56:00,73,0.0,0,-0.11,-0.22,-0.11
2015-07-18 19:16:00,92,0.0,0,-0.11,-0.22,-0.11
2015-07-19 10:53:00,97,0.0,0,-0.11,-0.22,-0.11
2015-07-19 11:25:00,96,0.0,0,-0.11,-0.22,-0.11
2015-07-19 12:35:00,172,0.0,0,-0.11,-0.22,-0.11
2015-07-19 12:45:00,179,0.0,0,-0.11,-0.22,-0.11
2015-07-19 13:05:00,178,0.0,0,-0.11,-0.22,-0.11
2015-07-19 13:25:00,183,0.0,0,-0.11,-0.22,-0.11
2015-07-19 13:45:00,150,0.0,0,-0.11,-0.22,-0.11
2015-07-19 14:55:00,174,0.0,0,-0.11,-0.22,-0.11
2015-07-19 15:45:00,166,0.0,0,-0.11,-0.22,-0.11
2015-07-19 16:35:00,161,0.0,0,-0.11,-0.22,-0.11
2015-07-19 16:45:00,151,0.0,0,-0.11,-0.22,-0.11
2015-07-19 16:55:00,169,0.0,0,-0.11,-0.22,-0.11
2015-07-20 06:05:00,94,0.0,0,-0.11,-0.22,-0.11
2015-07-20 06:15:00,99,0.0,0,-0.11,-0.22,-0.11
2015-07-20 07:55:00,134,0.0,0,-0.11,-0.22,-0.11
2015-07-20 09:55:00,152,0.0,0,-0.11,-0.22,-0.11
2015-07-20 10:15:00,153,0.0,0,-0.11,-0.22,-0.11
2015-07-20 10:55:00,132,0.0,0,-0.11,-0.22,-0.11
2015-07-20 11:35:00,134,0.0,0,-0.11,-0.22,-0.11
2015-07-20 11:51:00,141,0.0,0,-0.11,-0.22,-0.11
2015-07-21 00:50:00,23,0.0,0,-0.11,-0.22,-0.11
2015-07-21 01:00:00,21,0.0,0,-0.11,-0.22,-0.11
2015-07-21 01:10:00,95,0.0,0,-0.11,-0.22,-0.11
2015-07-21 01:20:00,90,0.0,0,-0.11,-0.22,-0.11
2015-07-21 01:50:00,89,0.0,0,-0.11,-0.22,-0.11
2015-07-21 03:00:00,90,0.0,0,-0.11,-0.22,-0.11
2015-07-21 03:10:00,103,0.0,0,-0.11,-0.22,-0.11
2015-07-21 03:30:00,67,0.0,0,-0.11,-0.22,-0.11
2015-07-21 04:30:00,24,0.0,0,-0.11,-0.22,-0.11
2015-07-21 04:40:00,53,0.0,0,-0.11,-0.22,-0.11
2015-07-21 09:00:00,197,0.0,0,-0.11,-0.22,-0.11
2015-07-21 09:10:00,202,0.0,0,-0.11,-0.22,-0.11
2015-07-21 11:20:00,120,0.0,0,-0.11,-0.22,-0.11
2015-07-21 13:20:00,139,0.0,0,-0.11,-0.22,-0.11
2015-07-21 13:30:00,215,0.0,0,-0.11,-0.22,-0.11
2015-07-21 13:40:00,196,0.0,0,-0.11,-0.22,-0.11
2015-07-21 14:10:00,229,0.0,0,-0.11,-0.22,-0.11
2015-07-21 14:20:00,173,0.0,0,-0.11,-0.22,-0.11
2015-07-21 14:40:00,178,0.0,0,-0.11,-0.22,-0.11
2015-07-21 14:50:00,198,0.0,0,-0.11,-0.22,-0.11
2015-07-21 15:00:00,192,0.0,0,-0.11,-0.22,-0.11
2015-07-21 15:30:00,316,0.0,0,-0.11,-0.22,-0.11
2015-07-21 15:50:00,263,0.0,0,-0.11,-0.22,-0.11
2015-07-21 16:00:00,250,0.0,0,-0.11,-0.22,-0.11
2015-07-21 16:20:00,237,0.0,0,-0.11,-0.22,-0.11
2015-07-21 16:30:00,302,0.0,0,-0.11,-0.22,-0.11
2015-07-21 16:40:00,292,0.0,0,-0.11,-0.22,-0.11
2015-07-21 17:00:00,318,0.0,0,-0.11,-0.22,-0.11
2015-07-21 17:10:00,294,0.0,0,-0.11,-0.22,-0.11
2015-07-21 17:20:00,245,0.0,0,-0.11,-0.22,-0.11
2015-07-21 17:40:00,246,0.0,0,-0.11,-0.22,-0.11
2015-07-21 18:00:00,252,0.0,0,-0.11,-0.22,-0.11
2015-07-21 18:10:00,211,0.0,0,-0.11,-0.22,-0.11
2015-07-21 18:30:00,218,0.0,0,-0.11,-0.22,-0.11
2015-07-21 19:00:00,150,0.0,0,-0.11,-0.22,-0.11
2015-07-22 00:04:00,87,0.0,0,-0.11,-0.22,-0.11
2015-07-22 00:14:00,96,0.0,0,-0.11,-0.22,-0.11
2015-07-22 01:44:00,56,0.0,0,-0.11,-0.22,-0.11
2015-07-22 02:24:00,116,0.0,0,-0.11,-0.22,-0.11
2015-07-22 03:44:00,95,0.0,0,-0.11,-0.22,-0.11
2015-07-22 03:54:00,87,0.0,0,-0.11,-0.22,-0.11
2015-07-22 04:14:00,86,0.0,0,-0.11,-0.22,-0.11
2015-07-22 04:24:00,32,0.0,0,-0.11,-0.22,-0.11
2015-07-22 04:34:00,28,0.0,0,-0.11,-0.22,-0.11
2015-07-22 04:44:00,29,0.0,0,-0.11,-0.22,-0.11
2015-07-22 04:54:00,12,0.0,0,-0.11,-0.22,-0.11
2015-07-22 05:04:00,12,0.0,0,-0.11,-0.22,-0.11
2015-07-22 05:14:00,12,0.0,0,-0.11,-0.22,-0.11
2015-07-22 09:04:00,147,0.0,0,-0.11,-0.22,-0.11
2015-07-22 09:14:00,140,0.0,0,-0.11,-0.22,-0.11
2015-07-22 14:43:00,161,0.0,0,-0.11,-0.22,-0.11
2015-07-22 14:53:00,183,0.0,0,-0.11,-0.22,-0.11
2015-07-22 15:03:00,224,0.0,0,-0.11,-0.22,-0.11
2015-07-22 15:43:00,325,0.0,0,-0.11,-0.22,-0.11
2015-07-22 16:23:00,288,0.0,0,-0.11,-0.22,-0.11
2015-07-22 16:33:00,263,0.0,0,-0.11,-0.22,-0.11
2015-07-22 16:53:00,320,0.0,0,-0.11,-0.22,-0.11
2015-07-22 17:03:00,365,0.0,0,-0.11,-0.22,-0.11
2015-07-22 17:13:00,331,0.0,0,-0.11,-0.22,-0.11
2015-07-22 17:23:00,316,0.0,0,-0.11,-0.22,-0.11
2015-07-22 17:53:00,369,0.0,0,-0.11,-0.22,-0.11
2015-07-22 18:03:00,303,0.0,0,-0.11,-0.22,-0.11
2015-07-22 18:13:00,267,0.0,0,-0.11,-0.22,-0.11
2015-07-22 18:23:00,232,0.0,0,-0.11,-0.22,-0.11
2015-07-22 18:33:00,241,0.0,0,-0.11,-0.22,-0.11
2015-07-22 19:03:00,237,0.0,0,-0.11,-0.22,-0.11
2015-07-22 19:13:00,196,0.0,0,-0.11,-0.22,-0.11
2015-07-22 19:23:00,137,0.0,0,-0.11,-0.22,-0.11
2015-07-23 03:55:00,2858,0.0,0,-0.11,-0.22,-0.11
2015-07-23 04:15:00,2781,0.0,0,-0.11,-0.22,-0.11
2015-07-23 04:24:00,2891,0.0,0,-0.11,-0.22,-0.11
2015-07-23 11:55:00,123,0.0,0,-0.11,-0.22,-0.11
2015-07-23 12:05:00,236,0.0,0,-0.11,-0.22,-0.11
2015-07-23 12:25:00,314,0.0,0,-0.11,-0.22,-0.11
2015-07-23 14:35:00,256,0.0,0,-0.11,-0.22,-0.11
2015-07-23 14:45:00,267,0.0,0,-0.11,-0.22,-0.11
2015-07-23 14:55:00,275,0.0,0,-0.11,-0.22,-0.11
2015-07-23 15:15:00,370,0.0,0,-0.11,-0.22,-0.11
2015-07-23 15:35:00,362,0.0,0,-0.11,-0.22,-0.11
2015-07-23 15:45:00,340,0.0,0,-0.11,-0.22,-0.11
2015-07-23 15:55:00,320,0.0,0,-0.11,-0.22,-0.11
2015-07-23 16:05:00,221,0.0,0,-0.11,-0.22,-0.11
2015-07-23 16:15:00,265,0.0,0,-0.11,-0.22,-0.11
2015-07-23 16:25:00,248,0.0,0,-0.11,-0.22,-0.11
2015-07-23 16:55:00,316,0.0,0,-0.11,-0.22,-0.11
2015-07-23 17:05:00,342,0.0,0,-0.11,-0.22,-0.11
2015-07-23 17:15:00,321,0.0,0,-0.11,-0.22,-0.11
2015-07-23 17:25:00,319,0.0,0,-0.11,-0.22,-0.11
2015-07-23 17:45:00,335,0.0,0,-0.11,-0.22,-0.11
2015-07-23 17:55:00,317,0.0,0,-0.11,-0.22,-0.11
2015-07-23 18:15:00,328,0.0,0,-0.11,-0.22,-0.11
2015-07-23 18:25:00,306,0.0,0,-0.11,-0.22,-0.11
2015-07-23 18:35:00,305,0.0,0,-0.11,-0.22,-0.11
2015-07-23 18:45:00,269,0.0,0,-0.11,-0.22,-0.11
2015-07-23 18:55:00,273,0.0,0,-0.11,-0.22,-0.11
2015-07-23 19:05:00,261,0.0,0,-0.11,-0.22,-0.11
2015-07-23 19:15:00,238,0.0,0,-0.11,-0.22,-0.11
2015-07-23 19:25:00,208,0.0,0,-0.11,-0.22,-0.11
2015-07-23 23:35:00,105,0.0,0,-0.11,-0.22,-0.11
2015-07-24 09:29:00,141,0.0,0,-0.11,-0.22,-0.11
2015-07-24 10:08:00,144,0.0,0,-0.11,-0.22,-0.11
2015-07-24 10:49:00,170,0.0,0,-0.11,-0.22,-0.11
2015-07-24 11:19:00,167,0.0,0,-0.11,-0.22,-0.11
2015-07-24 11:39:00,179,0.0,0,-0.11,-0.22,-0.11
2015-07-24 11:49:00,178,0.0,0,-0.11,-0.22,-0.11
2015-07-24 11:59:00,177,0.0,0,-0.11,-0.22,-0.11
2015-07-24 12:09:00,203,0.0,0,-0.11,-0.22,-0.11
2015-07-24 12:19:00,236,0.0,0,-0.11,-0.22,-0.11
2015-07-24 12:29:00,258,0.0,0,-0.11,-0.22,-0.11
2015-07-24 12:39:00,251,0.0,0,-0.11,-0.22,-0.11
2015-07-24 12:44:00,265,0.0,0,-0.11,-0.22,-0.11
2015-07-24 16:59:00,319,0.0,0,-0.11,-0.22,-0.11
2015-07-24 17:09:00,287,0.0,0,-0.11,-0.22,-0.11
2015-07-24 17:29:00,293,0.0,0,-0.11,-0.22,-0.11
2015-07-24 17:59:00,211,0.0,0,-0.11,-0.22,-0.11
2015-07-24 18:29:00,142,0.0,0,-0.11,-0.22,-0.11
2015-07-24 18:39:00,176,0.0,0,-0.11,-0.22,-0.11
2015-07-24 18:49:00,184,0.0,0,-0.11,-0.22,-0.11
2015-07-24 18:59:00,201,0.0,0,-0.11,-0.22,-0.11
2015-07-24 19:09:00,193,0.0,0,-0.11,-0.22,-0.11
2015-07-24 19:19:00,157,0.0,0,-0.11,-0.22,-0.11
2015-07-24 19:39:00,75,0.0,0,-0.11,-0.22,-0.11
2015-07-24 19:49:00,116,0.0,0,-0.11,-0.22,-0.11
2015-07-24 19:59:00,127,0.0,0,-0.11,-0.22,-0.11
2015-07-24 20:09:00,98,0.0,0,-0.11,-0.22,-0.11
2015-07-24 20:19:00,106,0.0,0,-0.11,-0.22,-0.11
2015-07-24 20:29:00,126,0.0,0,-0.11,-0.22,-0.11
2015-07-24 20:39:00,63,0.0,0,-0.11,-0.22,-0.11
2015-07-24 20:59:00,91,0.0,0,-0.11,-0.22,-0.11
2015-07-24 21:29:00,115,0.0,0,-0.11,-0.22,-0.11
2015-07-24 21:39:00,112,0.0,0,-0.11,-0.22,-0.11
2015-07-25 01:29:00,670,0.0,0,-0.11,-0.22,-0.11
2015-07-25 05:39:00,2941,0.0,0,-0.11,-0.22,-0.11
2015-07-25 05:59:00,2848,0.0,0,-0.11,-0.22,-0.11
2015-07-25 06:03:00,2924,0.0,0,-0.11,-0.22,-0.11
2015-07-25 09:34:00,213,0.0,0,-0.11,-0.22,-0.11
2015-07-25 09:54:00,241,0.0,0,-0.11,-0.22,-0.11
2015-07-25 10:04:00,260,0.0,0,-0.11,-0.22,-0.11
2015-07-25 10:14:00,242,0.0,0,-0.11,-0.22,-0.11
2015-07-25 10:54:00,250,0.0,0,-0.11,-0.22,-0.11
2015-07-25 11:04:00,316,0.0,0,-0.11,-0.22,-0.11
2015-07-25 11:14:00,325,0.0,0,-0.11,-0.22,-0.11
2015-07-25 11:24:00,275,0.0,0,-0.11,-0.22,-0.11
2015-07-25 11:34:00,283,0.0,0,-0.11,-0.22,-0.11
2015-07-25 11:44:00,301,0.0,0,-0.11,-0.22,-0.11
2015-07-25 11:54:00,373,0.0,0,-0.11,-0.22,-0.11
2015-07-25 12:04:00,428,0.0,0,-0.11,-0.22,-0.11
2015-07-25 12:14:00,407,0.0,0,-0.11,-0.22,-0.11
2015-07-25 12:24:00,414,0.0,0,-0.11,-0.22,-0.11
2015-07-25 12:34:00,438,0.0,0,-0.11,-0.22,-0.11
2015-07-25 12:44:00,526,0.0,0,-0.11,-0.22,-0.11
2015-07-25 12:54:00,478,0.0,0,-0.11,-0.22,-0.11
2015-07-25 13:14:00,384,0.0,0,-0.11,-0.22,-0.11
2015-07-25 13:24:00,374,0.0,0,-0.11,-0.22,-0.11
2015-07-25 13:34:00,462,0.0,0,-0.11,-0.22,-0.11
2015-07-25 13:54:00,398,0.0,0,-0.11,-0.22,-0.11
2015-07-25 14:34:00,366,0.0,0,-0.11,-0.22,-0.11
2015-07-25 14:44:00,311,0.0,0,-0.11,-0.22,-0.11
2015-07-25 15:04:00,227,0.0,0,-0.11,-0.22,-0.11
2015-07-25 16:14:00,148,0.0,0,-0.11,-0.22,-0.11
2015-07-25 16:24:00,137,0.0,0,-0.11,-0.22,-0.11
2015-07-25 16:34:00,144,0.0,0,-0.11,-0.22,-0.11
2015-07-25 16:54:00,149,0.0,0,-0.11,-0.22,-0.11
2015-07-25 17:04:00,126,0.0,0,-0.11,-0.22,-0.11
2015-07-25 17:14:00,78,0.0,0,-0.11,-0.22,-0.11
2015-07-25 17:34:00,95,0.0,0,-0.11,-0.22,-0.11
2015-07-25 18:24:00,55,0.0,0,-0.11,-0.22,-0.11
2015-07-25 18:34:00,57,0.0,0,-0.11,-0.22,-0.11
2015-07-25 18:54:00,69,0.0,0,-0.11,-0.22,-0.11
2015-07-25 19:04:00,88,0.0,0,-0.11,-0.22,-0.11
2015-07-26 10:55:00,105,0.0,0,-0.11,-0.22,-0.11
2015-07-26 11:25:00,107,0.0,0,-0.11,-0.22,-0.11
2015-07-26 12:25:00,228,0.0,0,-0.11,-0.22,-0.11
2015-07-26 12:35:00,249,0.0,0,-0.11,-0.22,-0.11
2015-07-26 12:45:00,222,0.276272140673125,0,-0.11,-0.22,-0.11
2015-07-26 12:55:00,133,0.2915762681645395,0,-0.11,-0.22,-0.11
2015-07-26 15:25:00,131,0.2912874368091895,0,-0.11,-0.22,-0.11
2015-07-26 19:15:00,126,0.2915721121588372,0,-0.11,-0.22,-0.11
2015-07-26 19:25:00,146,0.28715162335434125,0,-0.11,-0.22,-0.11
2015-07-27 07:46:00,117,0.2922511052607969,0,-0.11,-0.22,-0.11
2015-07-27 09:06:00,182,0.2788446892868661,0,-0.11,-0.22,-0.11
2015-07-27 09:26:00,146,0.28577067642803744,0,-0.11,-0.22,-0.11
2015-07-27 09:36:00,161,0.28223319849204714,0,-0.11,-0.22,-0.11
2015-07-27 09:46:00,193,0.2752259636930938,0,-0.11,-0.22,-0.11
2015-07-27 10:16:00,217,0.27001499245941635,0,-0.11,-0.22,-0.11
2015-07-27 10:26:00,187,0.2764735107703176,0,-0.11,-0.22,-0.11
2015-07-27 10:56:00,153,0.2839343202265315,1,1.0,1.0,1.0
2015-07-27 11:26:00,161,0.2816739516142234,1,0.9991635584532788,0.9991635584532788,0.9991635584532789
2015-07-27 11:36:00,155,0.2827605882395504,1,0.9982759408570052,0.9982759408570052,0.9982759408570052
2015-07-27 11:56:00,213,0.2694043248344651,1,0.9973340658229594,0.9973340658229594,0.9973340658229594
2015-07-27 12:06:00,142,0.28603287054915505,1,0.9963346727343141,0.996334672734314,0.9963346727343139
2015-07-27 12:16:00,196,0.27185310071830265,1,0.995274312123062,0.995274312123062,0.9952743121230619
2015-07-27 12:26:00,189,0.2735782116514349,1,0.9941493356343828,0.9941493356343828,0.9941493356343827
2015-07-27 12:56:00,187,0.2739882441691534,1,0.9929558855742964,0.9929558855742964,0.9929558855742964
2015-07-27 13:36:00,190,0.2730461084879173,1,0.9916898840392336,0.9916898840392336,0.9916898840392337
2015-07-27 13:46:00,184,0.2746103980948866,1,0.9903470216288318,0.9903470216288318,0.9903470216288318
2015-07-27 16:36:00,224,0.2747799281492043,1,0.9889227457464168,0.9889227457464168,0.9889227457464169
2015-07-27 17:06:00,322,0.3042843436523233,1,0.9874122484952662,0.9874122484952662,0.9874122484952662
2015-07-27 17:16:00,296,0.2949434165576993,1,0.9858104541829616,0.9858104541829616,0.9858104541829616
2015-07-27 17:26:00,274,0.2872142448455683,1,0.9841120064509712,0.9841120064509712,0.9841120064509713
2015-07-27 17:36:00,278,0.28799528094718674,1,0.9823112550521222,0.9823112550521222,0.9823112550521222
2015-07-27 18:06:00,172,0.2845900476784327,1,0.9804022423048998,0.9804022423048998,0.9804022423048998
2015-07-27 18:26:00,202,0.2742191011347037,1,0.9783786892606188,0.9783786892606188,0.9783786892606187
2015-07-27 18:36:00,214,0.2700669516760729,1,0.976233981627528,0.976233981627528,0.9762339816275281
2015-07-27 18:46:00,182,0.2811152226289493,1,0.9739611555049096,0.9739611555049096,0.9739611555049095
2015-07-27 18:56:00,179,0.2818710374602648,1,0.9715528829902924,0.9715528829902924,0.9715528829902925
2015-07-28 13:46:00,102,0.31075400082390137,1,0.9690014577341276,0.9690014577341276,0.9690014577341277
2015-07-28 13:56:00,95,0.3120396323761636,1,0.9662987805286816,0.9662987805286816,0.9662987805286815
2015-07-28 14:06:00,141,0.29225514788538604,1,0.9634363450316852,0.9634363450316851,0.963436345031685
2015-07-28 14:26:00,136,0.2935729930899779,1,0.9604052237403536,0.9604052237403536,0.9604052237403535
2015-07-28 14:36:00,175,0.2772093250298942,1,0.9571960543479818,0.9571960543479818,0.9571960543479818
2015-07-28 14:46:00,187,0.2721694604278638,1,0.9537990266333536,0.9537990266333536,0.9537990266333537
2015-07-28 14:56:00,175,0.2770374884661355,1,0.9502038700527944,0.9502038700527944,0.9502038700527945
2015-07-28 15:26:00,211,0.2762224783789028,1,0.9463998422258292,0.9463998422258292,0.9463998422258293
2015-07-28 15:46:00,239,0.2883903218659658,1,0.9423757185280792,0.9423757185280792,0.9423757185280791
2015-07-28 15:56:00,251,0.29336505852665506,1,0.9381197830292124,0.9381197830292124,0.9381197830292123
2015-07-28 16:22:00,245,0.2898258984830468,1,0.9336198210393579,0.933619821039358,0.9336198210393581
2015-07-28 16:23:00,241,0.28731914817362736,1,0.9288631135542996,0.9288631135542996,0.9288631135542997
2015-07-28 16:33:00,209,0.27141958248188264,1,0.9238364339177664,0.9238364339177664,0.9238364339177665
2015-07-28 16:43:00,223,0.2781993259558955,1,0.9185260470480322,0.9185260470480322,0.9185260470480322
2015-07-28 16:53:00,290,0.3130095953501007,1,0.9129177116054532,0.9129177116054532,0.9129177116054531
2015-07-28 17:03:00,272,0.3016194762570463,1,0.9069966855071252,0.9069966855071252,0.9069966855071252
2015-07-28 17:33:00,268,0.2983892498009215,1,0.9007477352240172,0.9007477352240172,0.9007477352240172
2015-07-28 17:53:00,228,0.2757276065931341,1,0.8941551493241043,0.8941551493241043,0.8941551493241043
2015-07-28 18:23:00,211,0.2715108032489234,1,0.8872027567514306,0.8872027567514306,0.8872027567514306
2015-07-29 10:13:00,157,0.30235831332097585,1,0.8798739503548155,0.8798739503548155,0.8798739503548155
2015-07-30 09:59:00,290,0.3145369025881454,1,0.8721517162000508,0.8721517162000508,0.8721517162000508
2015-07-30 12:29:00,2003,0.9848977477041816,1,0.8640186692147181,0.8640186692147181,0.8640186692147181
2015-07-30 12:59:00,188,0.28841693073445657,1,0.8554570957239416,0.8554570957239416,0.8554570957239416
2015-07-30 13:49:00,700,0.34006200767673045,1,0.8464490034369017,0.8464490034369017,0.8464490034369017
2015-07-30 13:59:00,556,0.3098095856403002,1,0.8369761794362756,0.8369761794362756,0.8369761794362756
2015-07-30 14:09:00,931,0.3807630392193848,1,0.8270202567040823,0.8270202567040823,0.8270202567040823
2015-07-30 14:19:00,117,0.3107636414797503,1,0.8165627896859616,0.8165627896859616,0.8165627896859616
2015-07-30 14:29:00,450,0.2859750301872401,1,0.8055853393497093,0.8055853393497093,0.8055853393497093
2015-07-30 14:39:00,221,0.29225939060356143,1,0.7940695681310458,0.7940695681310458,0.7940695681310458
2015-07-30 14:59:00,195,0.2963639582447516,1,0.7819973450781921,0.7819973450781921,0.7819973450781921
2015-07-30 15:09:00,243,0.2865754043010383,1,0.7693508614051173,0.7693508614051173,0.7693508614051173
2015-07-30 15:19:00,233,0.28798675317764444,1,0.756112756539687,0.756112756539687,0.756112756539687
2015-07-30 15:39:00,274,0.27955366988330393,1,0.7422662546061886,0.7422662546061886,0.7422662546061886
2015-07-30 16:09:00,410,0.2850366965176446,1,0.7277953111109334,0.7277953111109334,0.7277953111109334
2015-07-30 16:19:00,414,0.2854114458982981,1,0.7126847694046469,0.7126847694046469,0.712684769404647
2015-07-30 16:29:00,417,0.2855868501749209,1,0.6969205262765309,0.6969205262765309,0.6969205262765309
2015-07-30 16:39:00,820,0.3781096562611092,1,0.6804897057935756,0.6804897057935756,0.6804897057935756
2015-07-30 16:49:00,1010,0.4151507307486796,1,0.6633808402371368,0.6633808402371368,0.6633808402371368
2015-07-30 16:59:00,903,0.3737956703535679,1,0.6455840567104364,0.6455840567104364,0.6455840567104364
2015-07-30 17:09:00,965,0.37906462715652856,1,0.6270912677001085,0.6270912677001085,0.6270912677001085
2015-07-30 17:19:00,837,0.3433421707714175,1,0.607896363578146,0.607896363578146,0.607896363578146
2015-07-30 17:21:00,897,0.35154404448584914,1,0.5879954047349389,0.5879954047349389,0.5879954047349389
2015-07-30 18:10:00,207,0.3215759695641133,1,0.5673868107480344,0.5673868107480344,0.5673868107480344
2015-07-30 18:30:00,199,0.32099777863912793,1,0.5460715437247363,0.5460715437247363,0.5460715437247363
2015-07-30 18:37:00,241,0.3105603990626871,1,0.5240532827203574,0.5240532827203574,0.5240532827203574
2015-07-30 21:09:00,292,0.29900495718910264,1,0.5013385859395487,0.5013385859395487,0.5013385859395487
2015-07-30 22:22:00,484,0.2767803999660535,1,0.4779370372874937,0.4779370372874937,0.4779370372874937
2015-07-31 03:11:00,91,0.34202504033658016,1,0.453861373762779,0.453861373762779,0.45386137376277896
2015-07-31 06:29:00,88,0.3387617619211811,1,0.4291275901856115,0.4291275901856115,0.42912759018561153
2015-07-31 06:37:00,91,0.3345178390751075,1,0.4037550178437202,0.4037550178437202,0.4037550178437202
2015-07-31 15:59:00,402,0.2704813768656251,1,0.3777663738218191,0.3777663738218191,0.3777663738218191
2015-07-31 16:09:00,534,0.2974877092807222,1,0.3511877780643908,0.3511877780643908,0.3511877780643908
2015-07-31 16:19:00,561,0.30245104814959906,1,0.3240487356081201,0.3240487356081201,0.32404873560812014
2015-07-31 16:29:00,584,0.3064809123598666,1,0.2963820819081228,0.2963820819081228,0.29638208190812276
2015-07-31 16:39:00,642,0.3185217533531656,1,0.26822388976564565,0.26822388976564565,0.26822388976564565
2015-07-31 16:49:00,593,0.3051961928815382,1,0.2396133370342164,0.2396133370342164,0.2396133370342164
2015-07-31 16:59:00,592,0.303755373359524,1,0.21059253502198785,0.21059253502198785,0.21059253502198783
2015-07-31 17:09:00,625,0.3105080502604571,1,0.1812063183017701,0.1812063183017701,0.1812063183017701
2015-07-31 17:19:00,719,0.33244749824837583,1,0.15150199746476994,0.15150199746476994,0.15150199746476994
2015-07-31 17:29:00,810,0.3529584291745416,1,0.12152907718432868,0.12152907718432868,0.12152907718432868
2015-07-31 17:39:00,790,0.3426304846501278,1,0.09133894276484608,0.09133894276484608,0.09133894276484608
2015-07-31 17:41:00,789,0.33839238082704304,1,0.06098451911082989,0.06098451911082989,0.06098451911082989
2015-07-31 18:01:00,863,0.3539105625246013,1,0.030519906734278762,0.030519906734278762,0.03051990673427876
2015-07-31 18:11:00,722,0.3133108055840146,0,-0.0033526198405875447,-0.0067052396811750885,-0.003352619840587544
2015-07-31 18:21:00,714,0.30970752368985754,0,-0.006699016759774175,-0.01339803351954835,-0.006699016759774175
2015-07-31 18:31:00,860,0.3457959837791145,0,-0.010033013952936121,-0.020066027905872242,-0.010033013952936121
2015-07-31 18:51:00,949,0.3651577634472514,0,-0.013348526124654515,-0.026697052249309038,-0.013348526124654517
2015-07-31 19:01:00,1099,0.39868292414097056,0,-0.01663960345190519,-0.03327920690381038,-0.01663960345190519
2015-07-31 19:11:00,718,0.2926952823080375,0,-0.01990047345124836,-0.03980094690249672,-0.01990047345124836
2015-07-31 19:21:00,574,0.2781990233795197,0,-0.023125580138501217,-0.046251160277002434,-0.023125580138501217
2015-07-31 19:31:00,570,0.2788786903092787,0,-0.026309619939536125,-0.05261923987907225,-0.026309619939536125
2015-07-31 19:41:00,282,0.3513993494157132,0,-0.029447573893174737,-0.058895147786349474,-0.029447573893174737
2015-07-31 19:51:00,288,0.34483765428093033,0,-0.032534735778512645,-0.06506947155702529,-0.032534735778512645
2015-07-31 20:01:00,234,0.35487487933849393,0,-0.03556673589605878,-0.07113347179211756,-0.03556673589605878
2015-07-31 20:11:00,149,0.37205786017966136,0,-0.038539560331399714,-0.07707912066279943,-0.038539560331399714
2015-07-31 20:31:00,134,0.368041630989122,0,-0.04144956562841084,-0.08289913125682168,-0.04144956562841084
2015-07-31 20:41:00,87,0.3728087485046792,0,-0.044293488893289434,-0.08858697778657887,-0.04429348889328944
2015-07-31 20:51:00,110,0.3590143022139722,0,-0.04706845343821986,-0.09413690687643972,-0.047068453438219866
2015-07-31 21:01:00,108,0.3535353053108645,0,-0.04977197015209479,-0.09954394030418956,-0.04977197015209479
2015-07-31 21:21:00,146,0.3392357119178544,0,-0.05240193485373673,-0.10480386970747346,-0.05240193485373673
2015-07-31 21:31:00,174,0.32902736533639737,0,-0.05495662193935785,-0.10991324387871568,-0.054956621939357846
2015-07-31 21:41:00,180,0.32490408904868084,0,-0.05743467467997269,-0.11486934935994535,-0.05743467467997269
2015-07-31 22:11:00,182,0.3220357067486768,0,-0.05983509255605285,-0.11967018511210573,-0.059835092556052856
2015-08-01 16:50:00,90,0.34200296655703794,0,-0.062157216036248165,-0.12431443207249633,-0.06215721603624816
2015-08-01 17:00:00,89,0.3383290791090609,0,-0.06440070921523969,-0.12880141843047938,-0.06440070921523969
2015-08-01 18:00:00,61,0.34160896585219963,0,-0.0665655407237815,-0.133131081447563,-0.0665655407237815
2015-08-01 18:20:00,49,0.3406621139854729,0,-0.06865196331298992,-0.13730392662597984,-0.06865196331298992
2015-08-01 18:40:00,59,0.3344528549918128,0,-0.07066049249635233,-0.14132098499270465,-0.07066049249635233
2015-08-01 18:50:00,68,0.3290906261386776,0,-0.07259188460820866,-0.14518376921641732,-0.07259188460820866
2015-08-01 19:00:00,70,0.32588175696209365,0,-0.07444711460806623,-0.14889422921613246,-0.07444711460806622
2015-08-02 10:56:00,94,0.3175957159007873,0,-0.07622735392743282,-0.15245470785486565,-0.07622735392743282
2015-08-02 11:26:00,116,0.3103681601537285,0,-0.07793394862119059,-0.15586789724238118,-0.07793394862119059
2015-08-02 11:36:00,171,0.2956046012897493,0,-0.07956839805003846,-0.15913679610007692,-0.07956839805003846
2015-08-02 12:06:00,169,0.2952945892767258,0,-0.08113233428520795,-0.1622646685704159,-0.08113233428520795
2015-08-02 18:57:00,99,0.31221723957176145,0,-0.08262750239234616,-0.16525500478469232,-0.08262750239234616
2015-08-03 08:57:00,143,0.2993019163417355,0,-0.0840557417188323,-0.1681114834376646,-0.0840557417188323
2015-08-03 09:07:00,149,0.2968000735816861,0,-0.08541896827836673,-0.17083793655673346,-0.08541896827836672
2015-08-03 09:27:00,152,0.29516414844979616,0,-0.08671915829880815,-0.1734383165976163,-0.08671915829880815
2015-08-03 09:37:00,165,0.29089416984337074,0,-0.08795833297416948,-0.17591666594833893,-0.08795833297416947
2015-08-03 09:47:00,165,0.2902672227032697,0,-0.08913854443952933,-0.17827708887905866,-0.08913854443952933
2015-08-03 09:57:00,160,0.2910606047946354,0,-0.09026186296839488,-0.18052372593678975,-0.09026186296839489
2015-08-03 10:27:00,157,0.29128766376781023,0,-0.0913303653756962,-0.1826607307513924,-0.0913303653756962
2015-08-03 10:37:00,183,0.2830863002280254,0,-0.09234612459597996,-0.1846922491919599,-0.09234612459597995
2015-08-03 12:47:00,191,0.28034947490137657,0,-0.09331120039532642,-0.18662240079065284,-0.09331120039532642
2015-08-03 13:07:00,179,0.2836765940408773,0,-0.09422763116683386,-0.18845526233366766,-0.09422763116683386
2015-08-03 13:37:00,185,0.2814189705713946,0,-0.09509742675297272,-0.19019485350594545,-0.09509742675297271
2015-08-03 14:48:00,248,0.27646050539369976,0,-0.09592256223347416,-0.19184512446694832,-0.09592256223347416
2015-08-03 15:08:00,188,0.2808211008519095,0,-0.09670497261444637,-0.1934099452288927,-0.09670497261444636
2015-08-03 15:28:00,215,0.2716063270559399,0,-0.09744654835287764,-0.1948930967057553,-0.09744654835287765
2015-08-03 15:38:00,207,0.2742249545543709,0,-0.09814913165036844,-0.19629826330073688,-0.09814913165036844
2015-08-03 15:58:00,284,0.2906254227978669,0,-0.09881451345062824,-0.19762902690125647,-0.09881451345062824
2015-08-03 16:18:00,355,0.3166500302474508,0,-0.09944443107679124,-0.19888886215358248,-0.09944443107679124
2015-08-03 16:38:00,337,0.30786388794485914,0,-0.10004056644677506,-0.20008113289355006,-0.10004056644677506
2015-08-03 16:58:00,234,0.2699730483251712,0,-0.10060454480757874,-0.2012090896151575,-0.10060454480757874
2015-08-03 17:08:00,169,0.2947061276946352,0,-0.10113793393245714,-0.20227586786491428,-0.10113793393245714
2015-08-03 17:28:00,210,0.2778517012194803,0,-0.10164224372820306,-0.20328448745640607,-0.10164224372820306
2015-08-03 17:38:00,260,0.2798687923797982,0,-0.10211892620321897,-0.204237852406438,-0.10211892620321898
2015-08-03 17:58:00,237,0.2703128156485121,0,-0.10256937575058413,-0.20513875150116825,-0.10256937575058411
2015-08-03 18:08:00,193,0.28587039388730323,0,-0.10299492970385304,-0.20598985940770606,-0.10299492970385302
2015-08-03 18:28:00,162,0.2990272945452075,0,-0.10339686912680246,-0.20679373825360486,-0.10339686912680246
2015-08-04 08:28:00,132,0.3118861204227064,0,-0.10377641980173273,-0.20755283960346546,-0.10377641980173273
2015-08-04 11:44:00,111,0.32032452633736136,0,-0.10413475338419206,-0.20826950676838413,-0.10413475338419206
2015-08-04 13:44:00,159,0.2954852255195222,0,-0.1044729886951052,-0.2089459773902104,-0.10447298869510521
2015-08-04 13:54:00,119,0.3139945775166926,0,-0.10479219312423142,-0.20958438624846285,-0.10479219312423142
2015-08-04 14:14:00,215,0.27120166011318503,0,-0.10509338412164136,-0.2101867682432827,-0.10509338412164135
2015-08-04 14:34:00,148,0.29899382776760497,0,-0.10537753075648193,-0.21075506151296386,-0.10537753075648193
2015-08-04 14:44:00,185,0.279642452472149,0,-0.10564555532468912,-0.21129111064937825,-0.10564555532468912
2015-08-04 14:54:00,236,0.28381638567953593,0,-0.10589833498951404,-0.21179666997902807,-0.10589833498951404
2015-08-04 15:04:00,267,0.29972044576469137,0,-0.10613670344075084,-0.21227340688150168,-0.10613670344075084
2015-08-04 15:14:00,266,0.29821410075169025,0,-0.10636145256040216,-0.21272290512080436,-0.10636145256040216
2015-08-04 15:24:00,354,0.3483055743325759,0,-0.10657333408419624,-0.2131466681683925,-0.10657333408419625
2015-08-04 15:34:00,355,0.3442917674610997,0,-0.106773061249889,-0.213546122499778,-0.106773061249889
2015-08-04 15:44:00,374,0.3514640025326204,0,-0.10696131042465308,-0.21392262084930613,-0.10696131042465307
2015-08-04 15:54:00,402,0.36325914329607134,0,-0.10713872270508354,-0.21427744541016708,-0.10713872270508354
2015-08-04 16:04:00,460,0.39167135697818195,0,-0.1073059054844476,-0.21461181096889526,-0.10730590548444761
2015-08-04 16:14:00,493,0.3994887944542432,0,-0.10746343398278176,-0.2149268679655636,-0.10746343398278178
2015-08-04 16:24:00,548,0.4173613441385741,0,-0.10761185273630572,-0.21522370547261144,-0.10761185273630572
2015-08-04 16:34:00,535,0.3927484404739805,0,-0.10775167704338498,-0.21550335408677,-0.10775167704338498
2015-08-04 16:54:00,681,0.4561143263414468,0,-0.10788339436494662,-0.21576678872989324,-0.10788339436494662
2015-08-04 17:04:00,760,0.4634064328757047,0,-0.10800746567783674,-0.21601493135567348,-0.10800746567783674
2015-08-04 17:14:00,763,0.4321547630649907,0,-0.10812432678012064,-0.21624865356024128,-0.10812432678012064
2015-08-04 17:24:00,741,0.4018984817342183,0,-0.10823438954776678,-0.21646877909553355,-0.10823438954776678
2015-08-04 17:34:00,776,0.4004656559659249,0,-0.10833804314253584,-0.21667608628507165,-0.10833804314253583
2015-08-04 17:44:00,824,0.4031836987383561,0,-0.10843565517122056,-0.21687131034244114,-0.10843565517122057
2015-08-04 17:54:00,919,0.4198094850006307,0,-0.10852757279665734,-0.21705514559331468,-0.10852757279665734
2015-08-04 18:04:00,882,0.3902781652905753,0,-0.10861412380116058,-0.21722824760232115,-0.10861412380116058
2015-08-04 18:14:00,809,0.3584105236115873,0,-0.10869561760322527,-0.21739123520645054,-0.10869561760322528
2015-08-04 18:24:00,801,0.3503481919588573,0,-0.1087723462284987,-0.2175446924569974,-0.1087723462284987
2015-08-04 18:31:00,662,0.30917694944102897,0,-0.10884458523615154,-0.21768917047230307,-0.10884458523615154
2015-08-04 18:41:00,536,0.2763217246378423,0,-0.10891259460187938,-0.2178251892037588,-0.10891259460187938
2015-08-04 18:51:00,366,0.30457114727408746,0,-0.108976619558843,-0.217953239117686,-0.10897661955884301
2015-08-04 19:01:00,230,0.3408585745026489,0,-0.10903689139791438,-0.2180737827958288,-0.10903689139791438
2015-08-04 19:11:00,157,0.3579586961304317,0,-0.10909362822863523,-0.2181872564572705,-0.10909362822863525
2015-08-04 23:21:00,124,0.3615892661775143,0,-0.10914703570232044,-0.21829407140464085,-0.10914703570232043
2015-08-04 23:41:00,151,0.3476926647042651,0,-0.1091973076987504,-0.2183946153975008,-0.10919730769875041
2015-08-05 09:01:00,160,0.3406733337788039,0,-0.10924462697789912,-0.21848925395579827,-0.10924462697789913
2015-08-05 09:11:00,139,0.3426636615013348,0,-0.10928916579813484,-0.2185783315962697,-0.10928916579813484
2015-08-05 12:27:00,239,0.3118291415566137,0,-0.10933108650231613,-0.21866217300463225,-0.10933108650231611
2015-08-05 12:47:00,152,0.3338940725978502,0,-0.10937054207318286,-0.21874108414636573,-0.10937054207318286
2015-08-05 12:57:00,188,0.32088163644414475,0,-0.1094076766594145,-0.21881535331882898,-0.1094076766594145
2015-08-05 13:27:00,297,0.2896250701001722,0,-0.10944262607369544,-0.21888525214739085,-0.10944262607369543
2015-08-05 14:17:00,295,0.28957310325433794,0,-0.10947551826409238,-0.2189510365281848,-0.10947551826409238
2015-08-05 14:27:00,319,0.28250438928593075,0,-0.10950647376001052,-0.21901294752002107,-0.10950647376001053
2015-08-05 14:47:00,423,0.2839435808404445,0,-0.10953560609395452,-0.21907121218790904,-0.10953560609395453
2015-08-05 14:57:00,364,0.2707205696896333,0,-0.10956302220027928,-0.21912604440055852,-0.10956302220027928
2015-08-05 15:06:00,343,0.2766311107343928,0,-0.10958882279207302,-0.21917764558414604,-0.109588822792073
2015-08-05 15:27:00,344,0.27613956474079315,0,-0.10961310271727162,-0.21922620543454324,-0.10961310271727162
2015-08-05 15:37:00,374,0.2708434150428505,0,-0.10963595129506044,-0.2192719025901209,-0.10963595129506044
2015-08-05 15:47:00,308,0.2874564676339393,0,-0.10965745263357622,-0.21931490526715244,-0.10965745263357622
2015-08-05 15:56:00,347,0.27452624755583005,0,-0.10967768592987977,-0.21935537185975956,-0.10967768592987977
2015-08-05 16:07:00,282,0.2958058132485011,0,-0.109696725753127,-0.219393451506254,-0.10969672575312699
2015-08-05 16:46:00,239,0.30999688003848025,0,-0.10971464231182568,-0.21942928462365136,-0.10971464231182568
2015-08-05 16:56:00,264,0.29965355569278085,0,-0.10973150170602416,-0.2194630034120483,-0.10973150170602415
2015-08-05 17:06:00,255,0.3019393879930826,0,-0.10974736616523884,-0.21949473233047767,-0.10974736616523884
2015-08-05 17:16:00,240,0.30643286048828605,0,-0.10976229427288996,-0.21952458854577994,-0.10976229427288997
2015-08-05 17:36:00,279,0.29062973639299544,0,-0.1097763411779769,-0.2195526823559538,-0.1097763411779769
2015-08-05 17:46:00,288,0.2866437237560543,0,-0.10978955879468953,-0.21957911758937906,-0.10978955879468952
2015-08-05 17:57:00,361,0.27898230049118394,0,-0.10980199599061688,-0.21960399198123376,-0.10980199599061688
2015-08-05 18:26:00,258,0.29903512143583505,0,-0.1098136987641818,-0.2196273975283636,-0.1098136987641818
2015-08-05 18:36:00,201,0.3219354534416542,0,-0.10982471041189754,-0.21964942082379507,-0.10982471041189754
2015-08-05 18:46:00,198,0.321043328260932,0,-0.10983507168601236,-0.2196701433720247,-0.10983507168601235
2015-08-05 18:56:00,165,0.3334306535998361,0,-0.10984482094307868,-0.21968964188615736,-0.10984482094307868
2015-08-05 19:06:00,145,0.3392925009027387,0,-0.1098539942839549,-0.2197079885679098,-0.1098539942839549
2015-08-06 01:58:00,125,0.34468587422576585,0,-0.10986262568572144,-0.21972525137144286,-0.10986262568572142
2015-08-06 15:08:00,200,0.3075152849239595,0,-0.109870747125967,-0.21974149425193398,-0.109870747125967
2015-08-06 15:18:00,214,0.3001483037308811,0,-0.1098783886998768,-0.2197567773997536,-0.1098783886998768
2015-08-06 15:38:00,297,0.2737701148198465,0,-0.10988557873053036,-0.2197711574610607,-0.10988557873053036
2015-08-06 15:58:00,332,0.2887848431582631,0,-0.1098923438727956,-0.2197846877455912,-0.10989234387279559
2015-08-06 16:08:00,379,0.3098059972042196,0,-0.10989870921118396,-0.21979741842236794,-0.10989870921118397
2015-08-06 16:18:00,391,0.3140975776060341,0,-0.1099046983520117,-0.2198093967040234,-0.1099046983520117
2015-08-06 16:28:00,277,0.2782180020025599,0,-0.109910333510193,-0.21982066702038602,-0.109910333510193
2015-08-06 16:58:00,256,0.2878568514888276,0,-0.1099156355909734,-0.2198312711819468,-0.1099156355909734
2015-08-06 17:08:00,318,0.2800177384661295,0,-0.109920624266894,-0.21984124853378798,-0.109920624266894
2015-08-06 17:18:00,326,0.28366770043244594,0,-0.10992531805026096,-0.2198506361005219,-0.10992531805026096
2015-08-06 17:38:00,342,0.2914459835235477,0,-0.10992973436137997,-0.2198594687227599,-0.10992973436137995
2015-08-06 17:48:00,272,0.2829644983443331,0,-0.10993388959279966,-0.21986777918559933,-0.10993388959279966
2015-08-06 18:18:00,173,0.3379028208539865,0,-0.10993779916979553,-0.21987559833959106,-0.10993779916979551
2015-08-06 18:28:00,141,0.3533209105795746,0,-0.10994147760731136,-0.2198829552146227,-0.10994147760731135
2015-08-06 18:48:00,153,0.3410588090138719,0,-0.10994493856356446,-0.21988987712712893,-0.10994493856356446
2015-08-06 18:58:00,172,0.32628752999738914,0,-0.10994819489050764,-0.2198963897810153,-0.10994819489050765
2015-08-06 19:28:00,171,0.3243591921447604,0,-0.10995125868133117,-0.2199025173626623,-0.10995125868133115
2015-08-06 23:48:00,81,0.3761018427016485,0,-0.10995414131517664,-0.21990828263035325,-0.10995414131517663
2015-08-07 05:40:00,99,0.3567483545417751,0,-0.10995685349922564,-0.21991370699845125,-0.10995685349922563
2015-08-07 09:10:00,150,0.32203496672676546,0,-0.1099594053083155,-0.21991881061663102,-0.1099594053083155
2015-08-07 09:20:00,173,0.3070695493923816,0,-0.1099618062222272,-0.2199236124444544,-0.1099618062222272
2015-08-07 09:40:00,217,0.2817918284067153,0,-0.109964065160781,-0.21992813032156205,-0.10996406516078101
2015-08-07 10:00:00,330,0.3190054706250877,0,-0.10996619051686783,-0.2199323810337357,-0.10996619051686785
2015-08-07 10:10:00,369,0.3404902271090149,0,-0.10996819018753758,-0.21993638037507515,-0.10996819018753758
2015-08-07 10:40:00,521,0.4346078172492645,0,-0.10997007160325753,-0.21994014320651506,-0.10997007160325752
2015-08-07 10:50:00,712,0.5307902827565285,0,-0.10997184175544852,-0.21994368351089705,-0.10997184175544852
2015-08-07 11:00:00,648,0.4360465936545829,0,-0.1099735072223996,-0.2199470144447992,-0.1099735072223996
2015-08-07 11:10:00,623,0.4014969603998249,0,-0.109975074193656,-0.219950148387312,-0.10997507419365599
2015-08-07 11:20:00,615,0.3843161810808133,0,-0.10997654849297048,-0.21995309698594093,-0.10997654849297048
2015-08-07 11:30:00,631,0.3807196288000079,0,-0.10997793559990204,-0.21995587119980406,-0.10997793559990202
2015-08-07 11:40:00,612,0.36382119792537454,0,-0.10997924067014134,-0.21995848134028267,-0.10997924067014134
2015-08-07 11:50:00,706,0.39370504837710585,0,-0.10998046855463817,-0.2199609371092763,-0.10998046855463815
2015-08-07 12:00:00,685,0.3738192273852402,0,-0.10998162381760042,-0.21996324763520084,-0.10998162381760042
2015-08-07 12:10:00,546,0.3171573025746748,0,-0.10998271075343212,-0.21996542150686427,-0.10998271075343213
2015-08-07 12:30:00,628,0.3437711643326142,0,-0.1099837334026718,-0.21996746680534365,-0.10998373340267181
2015-08-07 12:40:00,635,0.3421365488627948,0,-0.1099846955669907,-0.2199693911339814,-0.1099846955669907
2015-08-07 12:50:00,736,0.3745319221238251,0,-0.10998560082330593,-0.21997120164661185,-0.10998560082330591
2015-08-07 13:00:00,725,0.3622798077603352,0,-0.10998645253706073,-0.21997290507412146,-0.10998645253706071
2015-08-07 13:10:00,773,0.3726049198746231,0,-0.1099872538747208,-0.2199745077494416,-0.10998725387472079
2015-08-07 13:20:00,587,0.3037711399581665,0,-0.109988007815533,-0.219976015631066,-0.10998800781553299
2015-08-07 13:30:00,701,0.3399048380457433,0,-0.10998871716258968,-0.21997743432517936,-0.10998871716258968
2015-08-07 13:40:00,819,0.3768278207924453,0,-0.10998938455323984,-0.2199787691064797,-0.10998938455323985
2015-08-07 13:50:00,832,0.3725071972406212,0,-0.10999001246888546,-0.2199800249377709,-0.10999001246888546
2015-08-07 14:00:00,911,0.3910045182913524,0,-0.10999060324419913,-0.21998120648839825,-0.10999060324419913
2015-08-07 14:10:00,943,0.3899324073330945,0,-0.10999115907579736,-0.21998231815159472,-0.10999115907579736
2015-08-07 14:20:00,948,0.3802398968063794,0,-0.1099916820304016,-0.2199833640608032,-0.10999168203040159
2015-08-07 14:30:00,796,0.3266795848444731,0,-0.10999217405251696,-0.21998434810503395,-0.10999217405251697
2015-08-07 14:40:00,709,0.3000120613785849,0,-0.10999263697165758,-0.2199852739433152,-0.10999263697165758
2015-08-07 14:50:00,613,0.273182085099106,0,-0.10999307250914464,-0.21998614501828925,-0.10999307250914463
2015-08-07 15:00:00,683,0.2922787586271561,0,-0.10999348228450312,-0.21998696456900627,-0.10999348228450313
2015-08-07 15:10:00,689,0.2933224553420008,0,-0.10999386782148048,-0.21998773564296095,-0.10999386782148049
2015-08-07 15:20:00,800,0.3261629560270337,0,-0.10999423055370933,-0.21998846110741865,-0.10999423055370931
2015-08-07 15:50:00,826,0.3318529011533992,0,-0.10999457183003583,-0.21998914366007166,-0.10999457183003582
2015-08-07 16:07:00,617,0.2715980158059273,0,-0.10999489291953306,-0.2199897858390661,-0.10999489291953306
2015-08-07 16:17:00,636,0.2718768868932662,0,-0.10999519501621798,-0.21999039003243595,-0.10999519501621798
2015-08-07 16:27:00,707,0.29356653564649954,0,-0.10999547924348957,-0.2199909584869792,-0.10999547924348958
2015-08-07 16:37:00,762,0.3107635696456548,0,-0.10999574665830483,-0.2199914933166097,-0.10999574665830485
2015-08-07 16:47:00,615,0.27580101453261496,0,-0.1099959982551077,-0.2199919965102154,-0.1099959982551077
2015-08-07 16:57:00,540,0.30041144887175303,0,-0.10999623496952572,-0.21999246993905144,-0.10999623496952572
2015-08-07 17:07:00,601,0.2787972883654252,0,-0.10999645768184843,-0.21999291536369686,-0.10999645768184843
2015-08-07 17:17:00,742,0.3078110844774103,0,-0.10999666722029973,-0.21999333444059946,-0.10999666722029973
2015-08-07 17:27:00,611,0.27720230799824885,0,-0.1099968643641171,-0.2199937287282342,-0.1099968643641171
2015-08-07 17:37:00,577,0.28913895515690385,0,-0.10999704984644856,-0.2199940996928971,-0.10999704984644855
2015-08-07 17:47:00,571,0.2907969614926655,0,-0.1099972243570784,-0.21999444871415685,-0.10999722435707841
2015-08-07 18:17:00,342,0.3841262140154201,0,-0.10999738854499187,-0.21999477708998375,-0.10999738854499189
2015-08-07 18:37:00,295,0.3938637707464904,0,-0.10999754302078796,-0.21999508604157594,-0.10999754302078797
2015-08-07 18:47:00,269,0.3923412512251224,0,-0.10999768835894977,-0.2199953767178995,-0.10999768835894976
2015-08-07 18:57:00,200,0.4076338759847181,0,-0.10999782509998042,-0.21999565019996084,-0.10999782509998042
2015-08-07 19:37:00,101,0.4295910698486077,0,-0.10999795375241292,-0.21999590750482587,-0.10999795375241293
2015-08-07 19:47:00,189,0.3782575748991164,0,-0.10999807479470088,-0.21999614958940172,-0.10999807479470088
2015-08-07 19:57:00,137,0.3863125355351529,0,-0.10999818867699757,-0.21999637735399516,-0.10999818867699757
2015-08-07 20:07:00,118,0.38181721005782376,0,-0.1099982958228298,-0.21999659164565966,-0.10999829582282981
2015-08-07 20:17:00,138,0.3660793522092087,0,-0.10999839663067283,-0.21999679326134566,-0.10999839663067282
2015-08-07 20:27:00,145,0.3570267091899085,0,-0.10999849147543188,-0.21999698295086376,-0.10999849147543188
2015-08-07 20:37:00,120,0.35858868276516154,0,-0.10999858070983648,-0.21999716141967293,-0.10999858070983647
2015-08-07 20:47:00,130,0.3498266768008814,0,-0.10999866466575184,-0.21999732933150368,-0.10999866466575184
2015-08-07 21:17:00,109,0.35097165131162666,0,-0.10999874365541322,-0.21999748731082644,-0.10999874365541322
2015-08-07 21:37:00,110,0.34576562355162604,0,-0.10999881797258672,-0.21999763594517344,-0.10999881797258672
2015-08-07 23:47:00,85,0.34841020457372285,0,-0.10999888789366187,-0.2199977757873237,-0.10999888789366187
2015-08-08 03:58:00,62,0.3501838528836833,0,-0.1099989536786794,-0.2199979073573588,-0.1099989536786794
2015-08-08 08:48:00,175,0.31488741988023466,0,-0.1099990155722982,-0.21999803114459646,-0.10999901557229821
2015-08-08 09:08:00,201,0.3062803471446229,0,-0.10999907380470528,-0.21999814760941053,-0.10999907380470528
2015-08-08 09:28:00,185,0.3093125801723119,0,-0.10999912859247156,-0.21999825718494312,-0.10999912859247156
2015-08-08 09:38:00,231,0.29547491740021364,0,-0.10999918013935747,-0.21999836027871494,-0.10999918013935749
2015-08-08 09:48:00,255,0.28818838776667033,0,-0.1099992286370706,-0.2199984572741412,-0.10999922863707061
2015-08-08 09:58:00,267,0.284363923015853,0,-0.1099992742659786,-0.2199985485319572,-0.1099992742659786
2015-08-08 10:08:00,280,0.2803270471695568,0,-0.10999931719577996,-0.21999863439155992,-0.10999931719577996
2015-08-08 10:18:00,279,0.28031113589879764,0,-0.1099993575861352,-0.2199987151722704,-0.1099993575861352
2015-08-08 11:08:00,345,0.2768320751248321,0,-0.10999939558726043,-0.21999879117452087,-0.10999939558726043
2015-08-08 11:18:00,240,0.29252623363402724,0,-0.10999943134048623,-0.21999886268097246,-0.10999943134048622
2015-08-08 11:28:00,241,0.29152911146926913,0,-0.10999946497878298,-0.21999892995756595,-0.10999946497878298
2015-08-08 11:38:00,247,0.28896469991601226,0,-0.1099994966272556,-0.2199989932545112,-0.10999949662725561
2015-08-08 11:58:00,279,0.27808996110339473,0,-0.1099995264036087,-0.2199990528072174,-0.1099995264036087
2015-08-08 12:38:00,251,0.28709004083693285,0,-0.10999955441858436,-0.21999910883716872,-0.10999955441858436
2015-08-08 13:18:00,275,0.2784778835202613,0,-0.10999958077637388,-0.21999916155274776,-0.10999958077637388
2015-08-08 13:28:00,296,0.2710768391277894,0,-0.10999960557500542,-0.21999921115001084,-0.10999960557500542
2015-08-08 13:58:00,355,0.28759929554417624,0,-0.10999962890670843,-0.2199992578134169,-0.10999962890670845
2015-08-08 14:28:00,289,0.2745105685684305,0,-0.1099996508582568,-0.2199993017165136,-0.1099996508582568
2015-08-08 14:38:00,278,0.2784209986956908,0,-0.10999967151129136,-0.21999934302258276,-0.10999967151129136
2015-08-08 14:48:00,167,0.32216855906396663,0,-0.10999969094262373,-0.21999938188524745,-0.10999969094262373
2015-08-08 14:58:00,122,0.33895617258696065,0,-0.10999970922452182,-0.21999941844904364,-0.10999970922452182
2015-08-08 15:38:00,152,0.322677663144586,0,-0.1099997264249787,-0.2199994528499574,-0.1099997264249787
2015-08-08 16:53:00,86,0.34884928317207264,0,-0.10999974260796544,-0.21999948521593085,-0.10999974260796543
2015-08-08 17:03:00,81,0.346350570974505,0,-0.10999975783366896,-0.2199995156673379,-0.10999975783366896
2015-08-08 17:23:00,88,0.3389497689546111,0,-0.109999772158716,-0.21999954431743202,-0.109999772158716
2015-08-08 17:33:00,102,0.32937639326183193,0,-0.10999978563638356,-0.21999957127276715,-0.10999978563638357
2015-08-08 17:43:00,93,0.3304685554127382,0,-0.10999979831679724,-0.21999959663359447,-0.10999979831679724
2015-08-08 17:53:00,65,0.33974934918853616,0,-0.1099998102471174,-0.21999962049423485,-0.10999981024711741
2015-08-08 18:13:00,58,0.3391118453317121,0,-0.10999982147171483,-0.2199996429434297,-0.10999982147171485
2015-08-08 18:23:00,54,0.3372295775135659,0,-0.10999983203233556,-0.2199996640646712,-0.10999983203233558
2015-08-08 18:33:00,60,0.3311827921431836,0,-0.10999984196825628,-0.21999968393651254,-0.10999984196825627
2015-08-08 18:43:00,56,0.3300231550985204,0,-0.10999985131643016,-0.21999970263286034,-0.10999985131643017
2015-08-08 19:13:00,95,0.3104403437286003,0,-0.10999986011162466,-0.21999972022324926,-0.10999986011162466
2015-08-09 02:33:00,92,0.3102583456413979,0,-0.10999986838655053,-0.21999973677310106,-0.10999986838655053
2015-08-09 10:53:00,113,0.2996883240955736,0,-0.10999987617198352,-0.21999975234396704,-0.10999987617198352
2015-08-09 11:23:00,156,0.2802384848324413,0,-0.10999988349687898,-0.21999976699375795,-0.10999988349687898
2015-08-09 12:13:00,159,0.27864625037393603,0,-0.10999989038847938,-0.21999978077695875,-0.10999989038847938
2015-08-09 12:23:00,149,0.2828304392378494,0,-0.10999989687241574,-0.21999979374483147,-0.10999989687241574
2015-08-09 12:53:00,195,0.2760653870755955,0,-0.10999990297280288,-0.21999980594560575,-0.10999990297280289
2015-08-09 13:23:00,182,0.2699207901243685,0,-0.1099999087123292,-0.2199998174246584,-0.10999990871232919
2015-08-09 13:33:00,211,0.2836566021730291,0,-0.10999991411234088,-0.21999982822468175,-0.10999991411234089
2015-08-09 13:53:00,162,0.2783606002776189,0,-0.10999991919292157,-0.2199998383858431,-0.10999991919292156
2015-08-09 15:03:00,134,0.29233435961992177,0,-0.1099999239729667,-0.2199998479459334,-0.1099999239729667
2015-08-09 17:28:00,98,0.3109659769624668,0,-0.10999992847025417,-0.21999985694050836,-0.10999992847025417
2015-08-10 08:28:00,130,0.2920351420873145,0,-0.10999993270151008,-0.21999986540302016,-0.10999993270151008
2015-08-10 08:48:00,158,0.2762895132926485,0,-0.11,-0.22,-0.11
2015-08-10 09:08:00,173,0.2698584708514823,0,-0.11,-0.22,-0.11
2015-08-10 09:28:00,161,0.2746652747693992,0,-0.11,-0.22,-0.11
2015-08-10 09:38:00,219,0.2968625709785554,0,-0.11,-0.22,-0.11
2015-08-10 09:58:00,164,0.2742949011435265,0,-0.11,-0.22,-0.11
2015-08-10 10:08:00,160,0.27655016391874515,0,-0.11,-0.22,-0.11
2015-08-10 11:58:00,135,0.2919854051535898,0,-0.11,-0.22,-0.11
2015-08-10 12:08:00,129,0.2952317688136054,0,-0.11,-0.22,-0.11
2015-08-10 12:18:00,174,0.2726010139359293,0,-0.11,-0.22,-0.11
2015-08-10 12:38:00,191,0.28376288887691764,0,-0.11,-0.22,-0.11
2015-08-10 12:58:00,280,0.3481747727932342,0,-0.11,-0.22,-0.11
2015-08-10 13:08:00,228,0.3052787928402837,0,-0.11,-0.22,-0.11
2015-08-10 13:28:00,411,0.4499368456711405,0,-0.11,-0.22,-0.11
2015-08-10 13:38:00,439,0.4435421261886367,0,-0.11,-0.22,-0.11
2015-08-10 13:48:00,430,0.4118289294140884,0,-0.11,-0.22,-0.11
2015-08-10 14:08:00,321,0.3287527343301485,0,-0.11,-0.22,-0.11
2015-08-10 14:18:00,204,0.2767675086288543,0,-0.11,-0.22,-0.11
2015-08-10 14:38:00,168,0.2967809663998765,0,-0.11,-0.22,-0.11
2015-08-10 14:58:00,168,0.2959381860049921,0,-0.11,-0.22,-0.11
2015-08-10 15:08:00,235,0.28145764336175266,0,-0.11,-0.22,-0.11
2015-08-10 15:28:00,229,0.2775745270754417,0,-0.11,-0.22,-0.11
2015-08-10 15:38:00,353,0.3580599234348749,0,-0.11,-0.22,-0.11
2015-08-10 15:48:00,383,0.372876194273519,0,-0.11,-0.22,-0.11
2015-08-10 15:58:00,418,0.3887068246444051,0,-0.11,-0.22,-0.11
2015-08-10 16:08:00,382,0.3543064823354136,0,-0.11,-0.22,-0.11
2015-08-10 16:18:00,291,0.2939475395330873,0,-0.11,-0.22,-0.11
2015-08-10 16:38:00,284,0.2891103756970058,0,-0.11,-0.22,-0.11
2015-08-10 16:48:00,289,0.2915358931993592,0,-0.11,-0.22,-0.11
2015-08-10 16:58:00,252,0.26915839090056376,0,-0.11,-0.22,-0.11
2015-08-10 17:07:00,188,0.3092405389049488,0,-0.11,-0.22,-0.11
2015-08-10 17:17:00,183,0.3111463939536977,0,-0.11,-0.22,-0.11
2015-08-10 17:27:00,184,0.30896011677067725,0,-0.11,-0.22,-0.11
2015-08-10 17:37:00,233,0.27512823866402714,0,-0.11,-0.22,-0.11
2015-08-10 17:47:00,227,0.2789236470999113,0,-0.11,-0.22,-0.11
2015-08-10 17:57:00,205,0.2938296605676429,0,-0.11,-0.22,-0.11
2015-08-10 18:07:00,156,0.3293142675221718,0,-0.11,-0.22,-0.11
2015-08-10 18:23:00,141,0.3381402508549318,0,-0.11,-0.22,-0.11
2015-08-10 18:33:00,159,0.3208009606783561,0,-0.11,-0.22,-0.11
2015-08-10 18:53:00,132,0.33970155277390496,0,-0.11,-0.22,-0.11
2015-08-10 20:03:00,158,0.3158736436807349,0,-0.11,-0.22,-0.11
2015-08-10 21:13:00,104,0.35712064677794353,0,-0.11,-0.22,-0.11
2015-08-11 11:42:00,124,0.3354582152473178,0,-0.11,-0.22,-0.11
2015-08-11 13:52:00,97,0.3537809204701541,0,-0.11,-0.22,-0.11
2015-08-11 14:22:00,160,0.2999845834549543,0,-0.11,-0.22,-0.11
2015-08-11 14:32:00,186,0.2798070233676025,0,-0.11,-0.22,-0.11
2015-08-11 14:42:00,193,0.2743583057453375,0,-0.11,-0.22,-0.11
2015-08-11 15:03:00,277,0.32975810296726005,0,-0.11,-0.22,-0.11
2015-08-11 15:06:00,263,0.3153658908324373,0,-0.11,-0.22,-0.11
2015-08-11 16:02:00,196,0.2772652566933164,0,-0.11,-0.22,-0.11
2015-08-11 16:42:00,193,0.27943445519354193,0,-0.11,-0.22,-0.11
2015-08-11 16:52:00,282,0.3340134036133544,0,-0.11,-0.22,-0.11
2015-08-11 17:02:00,254,0.30609697546506914,0,-0.11,-0.22,-0.11
2015-08-11 17:22:00,243,0.2952529258253284,0,-0.11,-0.22,-0.11
2015-08-11 17:32:00,282,0.32998799118035704,0,-0.11,-0.22,-0.11
2015-08-11 18:12:00,250,0.2978239740241168,0,-0.11,-0.22,-0.11
2015-08-11 18:22:00,280,0.3249828988814111,0,-0.11,-0.22,-0.11
2015-08-11 18:32:00,240,0.2853184902151124,0,-0.11,-0.22,-0.11
2015-08-12 10:13:00,191,0.297683562520878,0,-0.11,-0.22,-0.11
2015-08-12 11:23:00,166,0.32141527967518085,0,-0.11,-0.22,-0.11
2015-08-12 11:33:00,157,0.3284599609633487,0,-0.11,-0.22,-0.11
2015-08-12 11:42:00,159,0.32372488155750023,0,-0.11,-0.22,-0.11
2015-08-12 11:52:00,152,0.3287069661545789,0,-0.11,-0.22,-0.11
2015-08-12 14:42:00,134,0.3452165282552485,0,-0.11,-0.22,-0.11
2015-08-12 14:52:00,150,0.32401047898719193,0,-0.11,-0.22,-0.11
2015-08-12 15:12:00,160,0.3112496833803253,0,-0.11,-0.22,-0.11
2015-08-12 15:22:00,218,0.2860962295339139,0,-0.11,-0.22,-0.11
2015-08-12 15:32:00,293,0.3681202235552905,0,-0.11,-0.22,-0.11
2015-08-12 15:53:00,336,0.4109036824222289,0,-0.11,-0.22,-0.11
2015-08-12 16:02:00,315,0.3718235113596289,0,-0.11,-0.22,-0.11
2015-08-12 16:12:00,332,0.38194892817280185,0,-0.11,-0.22,-0.11
2015-08-12 16:22:00,353,0.3940731213722127,0,-0.11,-0.22,-0.11
2015-08-12 16:32:00,306,0.3364449896295261,0,-0.11,-0.22,-0.11
2015-08-12 16:52:00,405,0.4314014507034689,0,-0.11,-0.22,-0.11
2015-08-12 17:12:00,392,0.3974718579047418,0,-0.11,-0.22,-0.11
2015-08-12 17:22:00,413,0.4032816456161604,0,-0.11,-0.22,-0.11
2015-08-12 17:32:00,448,0.4188942838633417,0,-0.11,-0.22,-0.11
2015-08-12 17:42:00,399,0.3625104894274169,0,-0.11,-0.22,-0.11
2015-08-12 17:52:00,404,0.35979493304785176,0,-0.11,-0.22,-0.11
2015-08-12 18:02:00,430,0.3730571898479226,0,-0.11,-0.22,-0.11
2015-08-12 18:12:00,370,0.3224997074016818,0,-0.11,-0.22,-0.11
2015-08-12 18:42:00,253,0.29397976329115244,0,-0.11,-0.22,-0.11
2015-08-12 18:52:00,225,0.3124231680018088,0,-0.11,-0.22,-0.11
2015-08-12 19:02:00,172,0.3494468395312725,0,-0.11,-0.22,-0.11
2015-08-12 19:12:00,149,0.36192859831068985,0,-0.11,-0.22,-0.11
2015-08-12 19:22:00,123,0.3750205855364616,0,-0.11,-0.22,-0.11
2015-08-12 21:27:00,164,0.33715458338021626,0,-0.11,-0.22,-0.11
2015-08-13 10:07:00,126,0.3609017057279613,0,-0.11,-0.22,-0.11
2015-08-13 10:37:00,146,0.3405562906147364,0,-0.11,-0.22,-0.11
2015-08-13 10:57:00,146,0.3367874498065855,0,-0.11,-0.22,-0.11
2015-08-13 14:17:00,175,0.31357436778204284,0,-0.11,-0.22,-0.11
2015-08-13 14:27:00,153,0.3270881177016576,0,-0.11,-0.22,-0.11
2015-08-13 15:07:00,180,0.3058921520759609,0,-0.11,-0.22,-0.11
2015-08-13 15:17:00,225,0.2745218199769172,0,-0.11,-0.22,-0.11
2015-08-13 15:37:00,270,0.29376957754876243,0,-0.11,-0.22,-0.11
2015-08-13 15:47:00,390,0.3844403684904927,0,-0.11,-0.22,-0.11
2015-08-13 16:07:00,415,0.3938147854188777,0,-0.11,-0.22,-0.11
2015-08-13 16:17:00,426,0.3900064875865624,0,-0.11,-0.22,-0.11
2015-08-13 16:27:00,392,0.3547021749863288,0,-0.11,-0.22,-0.11
2015-08-13 16:37:00,491,0.4198543362877823,0,-0.11,-0.22,-0.11
2015-08-13 16:47:00,525,0.42467006173867,0,-0.11,-0.22,-0.11
2015-08-13 16:57:00,596,0.4504096919844055,0,-0.11,-0.22,-0.11
2015-08-13 17:07:00,466,0.3497500681834202,0,-0.11,-0.22,-0.11
2015-08-13 17:17:00,505,0.3660035158078688,0,-0.11,-0.22,-0.11
2015-08-13 17:27:00,531,0.3729742724909783,0,-0.11,-0.22,-0.11
2015-08-13 17:37:00,492,0.34472920109028515,0,-0.11,-0.22,-0.11
2015-08-13 17:47:00,513,0.351223281659498,0,-0.11,-0.22,-0.11
2015-08-13 17:57:00,399,0.2910000280592509,0,-0.11,-0.22,-0.11
2015-08-13 18:07:00,369,0.2764248843727818,0,-0.11,-0.22,-0.11
2015-08-13 18:37:00,339,0.2756123752872993,0,-0.11,-0.22,-0.11
2015-08-13 18:47:00,319,0.2851562025776072,0,-0.11,-0.22,-0.11
2015-08-13 18:57:00,290,0.2995073085630721,0,-0.11,-0.22,-0.11
2015-08-13 19:07:00,324,0.2809365248892021,0,-0.11,-0.22,-0.11
2015-08-13 19:17:00,324,0.280619172429241,0,-0.11,-0.22,-0.11
2015-08-13 19:27:00,323,0.2808450769921402,0,-0.11,-0.22,-0.11
2015-08-13 23:47:00,77,0.4318447925512777,0,-0.11,-0.22,-0.11
2015-08-13 23:57:00,79,0.4087688995827391,0,-0.11,-0.22,-0.11
2015-08-14 08:17:00,151,0.3534402408963992,0,-0.11,-0.22,-0.11
2015-08-14 09:17:00,134,0.3573108489170001,0,-0.11,-0.22,-0.11
2015-08-14 09:27:00,147,0.3447355569319291,0,-0.11,-0.22,-0.11
2015-08-14 09:37:00,147,0.3405271910645919,0,-0.11,-0.22,-0.11
2015-08-14 09:47:00,144,0.3383137335421547,0,-0.11,-0.22,-0.11
2015-08-14 09:57:00,171,0.3209737412599218,0,-0.11,-0.22,-0.11
2015-08-14 10:47:00,163,0.32294603321509724,0,-0.11,-0.22,-0.11
2015-08-14 10:57:00,166,0.31914305556971034,0,-0.11,-0.22,-0.11
2015-08-14 11:17:00,169,0.3155907832222969,0,-0.11,-0.22,-0.11
2015-08-14 11:27:00,172,0.3122499688926561,0,-0.11,-0.22,-0.11
2015-08-14 11:37:00,191,0.30069835541264744,0,-0.11,-0.22,-0.11
2015-08-14 11:47:00,180,0.3055562629068429,0,-0.11,-0.22,-0.11
2015-08-14 12:07:00,221,0.2824768553900676,0,-0.11,-0.22,-0.11
2015-08-14 12:17:00,177,0.3061876227459841,0,-0.11,-0.22,-0.11
2015-08-14 12:27:00,207,0.2881349133029712,0,-0.11,-0.22,-0.11
2015-08-14 12:37:00,211,0.2853524240647474,0,-0.11,-0.22,-0.11
2015-08-14 12:47:00,284,0.2943859764321317,0,-0.11,-0.22,-0.11
2015-08-14 12:57:00,223,0.27957061912768105,0,-0.11,-0.22,-0.11
2015-08-14 13:07:00,208,0.288290361382498,0,-0.11,-0.22,-0.11
2015-08-14 13:37:00,245,0.2725257411180337,0,-0.11,-0.22,-0.11
2015-08-14 13:47:00,217,0.2827458529685616,0,-0.11,-0.22,-0.11
2015-08-14 14:07:00,270,0.2892795172869921,0,-0.11,-0.22,-0.11
2015-08-14 14:17:00,254,0.2781385312179505,0,-0.11,-0.22,-0.11
2015-08-14 14:37:00,303,0.31185362720660603,0,-0.11,-0.22,-0.11
2015-08-14 14:47:00,315,0.3190724313999878,0,-0.11,-0.22,-0.11
2015-08-14 14:57:00,337,0.3336548660284525,0,-0.11,-0.22,-0.11
2015-08-14 15:07:00,377,0.3617457414574296,0,-0.11,-0.22,-0.11
2015-08-14 15:17:00,392,0.3671578178815413,0,-0.11,-0.22,-0.11
2015-08-14 15:37:00,449,0.404848254497822,0,-0.11,-0.22,-0.11
2015-08-14 15:47:00,429,0.3753435372116993,0,-0.11,-0.22,-0.11
2015-08-14 15:57:00,533,0.4439300146770638,0,-0.11,-0.22,-0.11
2015-08-14 16:07:00,521,0.4100860991655151,0,-0.11,-0.22,-0.11
2015-08-14 16:17:00,699,0.5104279789375187,0,-0.11,-0.22,-0.11
2015-08-14 16:27:00,499,0.35136820883778674,0,-0.11,-0.22,-0.11
2015-08-14 16:37:00,692,0.4481379394310449,0,-0.11,-0.22,-0.11
2015-08-14 16:47:00,575,0.3652093008872839,0,-0.11,-0.22,-0.11
2015-08-14 16:57:00,489,0.32042021126438314,0,-0.11,-0.22,-0.11
2015-08-14 17:07:00,606,0.3709170463883313,0,-0.11,-0.22,-0.11
2015-08-14 17:17:00,620,0.369499313913505,0,-0.11,-0.22,-0.11
2015-08-14 17:27:00,610,0.35757982452273124,0,-0.11,-0.22,-0.11
2015-08-14 17:37:00,575,0.33690077757295017,0,-0.11,-0.22,-0.11
2015-08-14 17:47:00,505,0.3047284779590542,0,-0.11,-0.22,-0.11
2015-08-14 17:57:00,491,0.2978679077929201,0,-0.11,-0.22,-0.11
2015-08-14 18:07:00,440,0.2764520840571414,0,-0.11,-0.22,-0.11
2015-08-14 18:27:00,331,0.30644845087739603,0,-0.11,-0.22,-0.11
2015-08-14 18:37:00,335,0.30343893348011075,0,-0.11,-0.22,-0.11
2015-08-14 18:47:00,388,0.2794047106073173,0,-0.11,-0.22,-0.11
2015-08-14 18:57:00,296,0.3205996450747881,0,-0.11,-0.22,-0.11
2015-08-14 19:07:00,234,0.3484705207294207,0,-0.11,-0.22,-0.11
2015-08-14 19:17:00,191,0.36513558285026987,0,-0.11,-0.22,-0.11
2015-08-14 19:27:00,179,0.3641793242351901,0,-0.11,-0.22,-0.11
2015-08-14 19:37:00,129,0.3818452040412215,0,-0.11,-0.22,-0.11
2015-08-14 19:47:00,115,0.3788399775067674,0,-0.11,-0.22,-0.11
2015-08-14 20:07:00,89,0.3817436273322184,0,-0.11,-0.22,-0.11
2015-08-14 20:17:00,88,0.3725470323565568,0,-0.11,-0.22,-0.11
2015-08-14 20:27:00,94,0.3619387998815429,0,-0.11,-0.22,-0.11
2015-08-14 20:37:00,61,0.3695756058796257,0,-0.11,-0.22,-0.11
2015-08-14 20:47:00,93,0.3488488192048108,0,-0.11,-0.22,-0.11
2015-08-14 21:32:00,113,0.3361395380591292,0,-0.11,-0.22,-0.11
2015-08-14 21:42:00,104,0.3363989845518081,0,-0.11,-0.22,-0.11
2015-08-14 23:52:00,84,0.34108571041455005,0,-0.11,-0.22,-0.11
2015-08-15 01:32:00,96,0.3324480824262698,0,-0.11,-0.22,-0.11
2015-08-15 03:53:00,60,0.3440031678838495,0,-0.11,-0.22,-0.11
2015-08-15 09:13:00,126,0.3136349830490401,0,-0.11,-0.22,-0.11
2015-08-15 10:03:00,139,0.3068828158418209,0,-0.11,-0.22,-0.11
2015-08-15 10:13:00,117,0.3143874138199269,0,-0.11,-0.22,-0.11
2015-08-15 10:43:00,155,0.2974117948085978,0,-0.11,-0.22,-0.11
2015-08-15 11:23:00,173,0.28932071775249624,0,-0.11,-0.22,-0.11
2015-08-15 11:33:00,200,0.2778747871751016,0,-0.11,-0.22,-0.11
2015-08-15 11:43:00,205,0.2756073778302181,0,-0.11,-0.22,-0.11
2015-08-15 11:53:00,222,0.2694691494453746,0,-0.11,-0.22,-0.11
2015-08-15 12:23:00,270,0.2901522079260181,0,-0.11,-0.22,-0.11
2015-08-15 12:33:00,255,0.282838172438289,0,-0.11,-0.22,-0.11
2015-08-15 12:53:00,251,0.28064951004548977,0,-0.11,-0.22,-0.11
2015-08-15 13:03:00,257,0.2831347558214006,0,-0.11,-0.22,-0.11
2015-08-15 13:23:00,224,0.2706511470064214,0,-0.11,-0.22,-0.11
2015-08-15 13:33:00,225,0.27013036744718993,0,-0.11,-0.22,-0.11
2015-08-15 14:03:00,195,0.2850330099820644,0,-0.11,-0.22,-0.11
2015-08-15 14:23:00,165,0.3003833604721625,0,-0.11,-0.22,-0.11
2015-08-15 15:03:00,189,0.28649138155082265,0,-0.11,-0.22,-0.11
2015-08-15 15:13:00,167,0.29810048900183944,0,-0.11,-0.22,-0.11
2015-08-15 16:23:00,111,0.32990878567711296,0,-0.11,-0.22,-0.11
2015-08-15 16:53:00,114,0.3253146565514871,0,-0.11,-0.22,-0.11
2015-08-15 17:13:00,86,0.3400059558172548,0,-0.11,-0.22,-0.11
2015-08-15 17:23:00,104,0.32528813375656496,0,-0.11,-0.22,-0.11
2015-08-15 17:33:00,117,0.31498826202257696,0,-0.11,-0.22,-0.11
2015-08-15 17:53:00,61,0.348300969940072,0,-0.11,-0.22,-0.11
2015-08-15 18:23:00,52,0.3494297810603097,0,-0.11,-0.22,-0.11
2015-08-15 18:33:00,58,0.3409035244806374,0,-0.11,-0.22,-0.11
2015-08-15 18:43:00,67,0.3314906509244712,0,-0.11,-0.22,-0.11
2015-08-15 18:53:00,72,0.3254664473239782,0,-0.11,-0.22,-0.11
2015-08-15 22:18:00,106,0.30225424759534397,0,-0.11,-0.22,-0.11
2015-08-16 10:58:00,103,0.30301706166581965,0,-0.11,-0.22,-0.11
2015-08-16 12:38:00,165,0.2731994522124486,0,-0.11,-0.22,-0.11
2015-08-16 12:48:00,154,0.2713798186004773,0,-0.11,-0.22,-0.11
2015-08-16 12:58:00,170,0.2764264607777855,0,-0.11,-0.22,-0.11
2015-08-16 14:58:00,132,0.28588048708454383,0,-0.11,-0.22,-0.11
2015-08-16 15:18:00,152,0.2722684583665936,0,-0.11,-0.22,-0.11
2015-08-16 15:28:00,179,0.2837658464993073,0,-0.11,-0.22,-0.11
2015-08-16 15:38:00,207,0.303311515115997,0,-0.11,-0.22,-0.11
2015-08-16 15:48:00,201,0.29777691652498123,0,-0.11,-0.22,-0.11
2015-08-16 16:48:00,109,0.3081919407552489,0,-0.11,-0.22,-0.11
2015-08-17 08:21:00,136,0.28632649675193234,0,-0.11,-0.22,-0.11
2015-08-17 08:31:00,120,0.29818794246256297,0,-0.11,-0.22,-0.11
2015-08-17 08:51:00,139,0.2823923618481122,0,-0.11,-0.22,-0.11
2015-08-17 09:30:00,231,0.3304021709422898,0,-0.11,-0.22,-0.11
2015-08-17 09:41:00,300,0.3898403838877592,0,-0.11,-0.22,-0.11
2015-08-17 10:01:00,402,0.4726022305219994,0,-0.11,-0.22,-0.11
2015-08-17 10:21:00,462,0.4862217916716646,0,-0.11,-0.22,-0.11
2015-08-17 10:31:00,501,0.4726366179464598,0,-0.11,-0.22,-0.11
2015-08-17 10:41:00,494,0.4322419775413735,0,-0.11,-0.22,-0.11
2015-08-17 10:51:00,619,0.4825468716888108,0,-0.11,-0.22,-0.11
2015-08-17 11:01:00,688,0.4775071420302414,0,-0.11,-0.22,-0.11
2015-08-17 11:11:00,796,0.4875118111120021,0,-0.11,-0.22,-0.11
2015-08-17 11:20:00,979,0.5159546301666613,0,-0.11,-0.22,-0.11
2015-08-17 11:30:00,908,0.4383987499404483,0,-0.11,-0.22,-0.11
2015-08-17 11:51:00,989,0.4379326331261352,1,1.0,1.0,1.0
2015-08-17 12:11:00,1022,0.4228938519986857,1,0.9991635584532788,0.9991635584532788,0.9991635584532789
2015-08-17 12:20:00,1035,0.4067982852726497,1,0.9982759408570052,0.9982759408570052,0.9982759408570052
2015-08-17 12:40:00,843,0.3490147100649123,1,0.9973340658229594,0.9973340658229594,0.9973340658229594
2015-08-17 13:00:00,943,0.3660875258146135,1,0.9963346727343141,0.996334672734314,0.9963346727343139
2015-08-17 13:40:00,1061,0.384820211618595,1,0.995274312123062,0.995274312123062,0.9952743121230619
2015-08-17 13:41:00,1056,0.373536180004827,1,0.9941493356343828,0.9941493356343828,0.9941493356343827
2015-08-17 14:20:00,1009,0.3558086844166025,1,0.9929558855742964,0.9929558855742964,0.9929558855742964
2015-08-17 14:30:00,904,0.3297394829865465,1,0.9916898840392336,0.9916898840392336,0.9916898840392337
2015-08-17 14:43:00,1098,0.3654771165663117,1,0.9903470216288318,0.9903470216288318,0.9903470216288318
2015-08-17 15:30:00,440,0.2992248091168245,1,0.9889227457464168,0.9889227457464168,0.9889227457464169
2015-08-17 15:41:00,397,0.3062677362564821,1,0.9874122484952662,0.9874122484952662,0.9874122484952662
2015-08-17 15:50:00,358,0.31247118906462185,1,0.9858104541829616,0.9858104541829616,0.9858104541829616
2015-08-17 16:01:00,317,0.3189409653577777,1,0.9841120064509712,0.9841120064509712,0.9841120064509713
2015-08-17 16:30:00,247,0.331101622736329,1,0.9823112550521222,0.9823112550521222,0.9823112550521222
2015-08-17 16:40:00,219,0.3339662078538482,1,0.9804022423048998,0.9804022423048998,0.9804022423048998
2015-08-17 16:50:00,220,0.3306192854147021,1,0.9783786892606188,0.9783786892606188,0.9783786892606187
2015-08-17 17:00:00,209,0.3300473361600029,1,0.976233981627528,0.976233981627528,0.9762339816275281
2015-08-17 17:10:00,185,0.3322564117324769,1,0.9739611555049096,0.9739611555049096,0.9739611555049095
2015-08-17 17:30:00,181,0.330106292480577,1,0.9715528829902924,0.9715528829902924,0.9715528829902925
2015-08-17 17:42:00,210,0.3212200745065237,1,0.9690014577341276,0.9690014577341276,0.9690014577341277
2015-08-18 09:04:00,129,0.336353023242623,1,0.9662987805286816,0.9662987805286816,0.9662987805286815
2015-08-18 10:54:00,204,0.3170247894001432,1,0.9634363450316852,0.9634363450316851,0.963436345031685
2015-08-18 11:24:00,208,0.3143177398597707,1,0.9604052237403536,0.9604052237403536,0.9604052237403535
2015-08-18 11:34:00,215,0.31112415077495403,1,0.9571960543479818,0.9571960543479818,0.9571960543479818
2015-08-18 11:44:00,208,0.3111339223337904,1,0.9537990266333536,0.9537990266333536,0.9537990266333537
2015-08-18 12:14:00,275,0.2950427078615471,1,0.9502038700527944,0.9502038700527944,0.9502038700527945
2015-08-18 12:24:00,250,0.2997718921166494,1,0.9463998422258292,0.9463998422258292,0.9463998422258293
2015-08-18 12:34:00,264,0.2956596098379373,1,0.9423757185280792,0.9423757185280792,0.9423757185280791
2015-08-18 12:44:00,241,0.3001485272067445,1,0.9381197830292124,0.9381197830292124,0.9381197830292123
2015-08-18 13:14:00,262,0.2942481975460593,1,0.9336198210393579,0.933619821039358,0.9336198210393581
2015-08-18 13:54:00,140,0.3233571663983769,1,0.9288631135542996,0.9288631135542996,0.9288631135542997
2015-08-18 14:14:00,263,0.2907932104510172,1,0.9238364339177664,0.9238364339177664,0.9238364339177665
2015-08-18 14:24:00,240,0.29582522310599346,1,0.9185260470480322,0.9185260470480322,0.9185260470480322
2015-08-18 14:34:00,271,0.2872588737072387,1,0.9129177116054532,0.9129177116054532,0.9129177116054531
2015-08-18 14:54:00,444,0.2944486479728245,1,0.9069966855071252,0.9069966855071252,0.9069966855071252
2015-08-18 15:14:00,273,0.2879579898409171,1,0.9007477352240172,0.9007477352240172,0.9007477352240172
2015-08-18 15:24:00,231,0.298743343141388,1,0.8941551493241043,0.8941551493241043,0.8941551493241043
2015-08-18 15:44:00,157,0.3187682845338604,1,0.8872027567514306,0.8872027567514306,0.8872027567514306
2015-08-18 15:54:00,149,0.31913168542514386,1,0.8798739503548155,0.8798739503548155,0.8798739503548155
2015-08-18 16:13:00,141,0.3195022913649642,1,0.8721517162000508,0.8721517162000508,0.8721517162000508
2015-08-18 16:26:00,5059,0.9961162499251552,1,0.8640186692147181,0.8640186692147181,0.8640186692147181
2015-08-18 16:46:00,162,0.29347081337724645,1,0.8554570957239416,0.8554570957239416,0.8554570957239416
2015-08-18 16:56:00,229,0.2883172262746657,1,0.8464490034369017,0.8464490034369017,0.8464490034369017
2015-08-18 17:06:00,203,0.289531903729722,1,0.8369761794362756,0.8369761794362756,0.8369761794362756
2015-08-18 17:16:00,221,0.2877077878998985,1,0.8270202567040823,0.8270202567040823,0.8270202567040823
2015-08-18 17:26:00,222,0.2871159925270753,1,0.8165627896859616,0.8165627896859616,0.8165627896859616
2015-08-18 17:36:00,273,0.28294713002704697,1,0.8055853393497093,0.8055853393497093,0.8055853393497093
2015-08-18 17:46:00,330,0.27841059946437163,1,0.7940695681310458,0.7940695681310458,0.7940695681310458
2015-08-18 17:56:00,406,0.27253850369787397,1,0.7819973450781921,0.7819973450781921,0.7819973450781921
2015-08-18 18:06:00,366,0.27547455128967,1,0.7693508614051173,0.7693508614051173,0.7693508614051173
2015-08-18 18:16:00,397,0.2728986843640875,1,0.756112756539687,0.756112756539687,0.756112756539687
2015-08-18 18:26:00,338,0.27750976771748603,1,0.7422662546061886,0.7422662546061886,0.7422662546061886
2015-08-18 18:36:00,315,0.2791840943072065,1,0.7277953111109334,0.7277953111109334,0.7277953111109334
2015-08-18 18:46:00,300,0.2801879506853622,1,0.7126847694046469,0.7126847694046469,0.712684769404647
2015-08-18 18:56:00,194,0.2892075912825551,1,0.6969205262765309,0.6969205262765309,0.6969205262765309
2015-08-19 06:46:00,137,0.2938371025238969,1,0.6804897057935756,0.6804897057935756,0.6804897057935756
2015-08-19 06:56:00,258,0.2819065425393506,1,0.6633808402371368,0.6633808402371368,0.6633808402371368
2015-08-19 09:16:00,118,0.2948622342786105,1,0.6455840567104364,0.6455840567104364,0.6455840567104364
2015-08-19 12:56:00,107,0.2951753569103551,1,0.6270912677001085,0.6270912677001085,0.6270912677001085
2015-08-19 15:09:00,195,0.28562612662764114,1,0.607896363578146,0.607896363578146,0.607896363578146
2015-08-19 16:06:00,182,0.2864858367757637,1,0.5879954047349389,0.5879954047349389,0.5879954047349389
2015-08-19 16:16:00,168,0.2874570931124747,1,0.5673868107480344,0.5673868107480344,0.5673868107480344
2015-08-19 16:46:00,219,0.2815491609437481,1,0.5460715437247363,0.5460715437247363,0.5460715437247363
2015-08-19 17:06:00,319,0.2705680621311176,1,0.5240532827203574,0.5240532827203574,0.5240532827203574
2015-08-19 17:16:00,272,0.27562819573347225,1,0.5013385859395487,0.5013385859395487,0.5013385859395487
2015-08-19 17:26:00,301,0.2722216520698053,1,0.4779370372874937,0.4779370372874937,0.4779370372874937
2015-08-19 17:36:00,412,0.2784166310711006,1,0.453861373762779,0.453861373762779,0.45386137376277896
2015-08-19 17:46:00,409,0.27781414540228216,1,0.4291275901856115,0.4291275901856115,0.42912759018561153
2015-08-19 18:06:00,466,0.28455256971757303,1,0.4037550178437202,0.4037550178437202,0.4037550178437202
2015-08-19 18:16:00,395,0.27526193407112665,1,0.3777663738218191,0.3777663738218191,0.3777663738218191
2015-08-19 18:26:00,308,0.2737315787636844,1,0.3511877780643908,0.3511877780643908,0.3511877780643908
2015-08-19 18:36:00,281,0.2771236424097451,1,0.3240487356081201,0.3240487356081201,0.32404873560812014
2015-08-19 18:46:00,210,0.2865231562958436,1,0.2963820819081228,0.2963820819081228,0.29638208190812276
2015-08-19 18:56:00,176,0.2908211594949732,1,0.26822388976564565,0.26822388976564565,0.26822388976564565
2015-08-19 19:06:00,202,0.2864558342587701,1,0.2396133370342164,0.2396133370342164,0.2396133370342164
2015-08-19 19:26:00,141,0.2950029747414172,1,0.21059253502198785,0.21059253502198785,0.21059253502198783
2015-08-19 22:36:00,238,0.2796611196566631,1,0.1812063183017701,0.1812063183017701,0.1812063183017701
2015-08-19 22:46:00,260,0.2760580315064677,1,0.15150199746476994,0.15150199746476994,0.15150199746476994
2015-08-19 22:56:00,268,0.27464230076484925,1,0.12152907718432868,0.12152907718432868,0.12152907718432868
2015-08-19 23:06:00,255,0.27655095983375283,1,0.09133894276484608,0.09133894276484608,0.09133894276484608
2015-08-19 23:16:00,211,0.2835579384941381,1,0.06098451911082989,0.06098451911082989,0.06098451911082989
2015-08-20 01:54:00,121,0.2986135613792276,1,0.030519906734278762,0.030519906734278762,0.03051990673427876
2015-08-20 06:34:00,144,0.2936268601002234,0,-0.0033526198405875447,-0.0067052396811750885,-0.003352619840587544
2015-08-20 06:44:00,210,0.2811667144473616,0,-0.006699016759774175,-0.01339803351954835,-0.006699016759774175
2015-08-20 07:04:00,418,0.2943363305307755,0,-0.010033013952936121,-0.020066027905872242,-0.010033013952936121
2015-08-20 10:44:00,123,0.2987426865131666,0,-0.013348526124654515,-0.026697052249309038,-0.013348526124654517
2015-08-20 11:54:00,142,0.2941394991303161,0,-0.01663960345190519,-0.03327920690381038,-0.01663960345190519
2015-08-20 12:44:00,145,0.29280613378501025,0,-0.01990047345124836,-0.03980094690249672,-0.01990047345124836
2015-08-20 14:24:00,202,0.2807838952666154,0,-0.023125580138501217,-0.046251160277002434,-0.023125580138501217
2015-08-20 14:34:00,151,0.2908447448109321,0,-0.026309619939536125,-0.05261923987907225,-0.026309619939536125
2015-08-20 14:44:00,148,0.29085029244527594,0,-0.029447573893174737,-0.058895147786349474,-0.029447573893174737
2015-08-20 15:04:00,172,0.28509157373001737,0,-0.032534735778512645,-0.06506947155702529,-0.032534735778512645
2015-08-20 15:14:00,242,0.2696582018086919,0,-0.03556673589605878,-0.07113347179211756,-0.03556673589605878
2015-08-20 15:24:00,236,0.2709384023393737,0,-0.038539560331399714,-0.07707912066279943,-0.038539560331399714
2015-08-20 15:34:00,306,0.2827051704238486,0,-0.04144956562841084,-0.08289913125682168,-0.04144956562841084
2015-08-20 15:44:00,359,0.2948890001644399,0,-0.044293488893289434,-0.08858697778657887,-0.04429348889328944
2015-08-20 15:54:00,422,0.3097752000706088,0,-0.04706845343821986,-0.09413690687643972,-0.047068453438219866
2015-08-20 16:04:00,645,0.3680784051750514,0,-0.04977197015209479,-0.09954394030418956,-0.04977197015209479
2015-08-20 16:14:00,853,0.4188712776802526,0,-0.05240193485373673,-0.10480386970747346,-0.05240193485373673
2015-08-20 16:24:00,767,0.3782427524768621,0,-0.05495662193935785,-0.10991324387871568,-0.054956621939357846
2015-08-20 16:34:00,958,0.4179233954931541,0,-0.05743467467997269,-0.11486934935994535,-0.05743467467997269
2015-08-20 16:44:00,973,0.4036414417035081,0,-0.05983509255605285,-0.11967018511210573,-0.059835092556052856
2015-08-20 16:54:00,1108,0.4202640493127561,0,-0.062157216036248165,-0.12431443207249633,-0.06215721603624816
2015-08-20 17:04:00,1034,0.3860606357060365,0,-0.06440070921523969,-0.12880141843047938,-0.06440070921523969
2015-08-20 17:14:00,1149,0.39896506391674863,0,-0.0665655407237815,-0.133131081447563,-0.0665655407237815
2015-08-20 17:24:00,1261,0.4076744022693122,0,-0.06865196331298992,-0.13730392662597984,-0.06865196331298992
2015-08-20 17:34:00,1143,0.3709035309332861,0,-0.07066049249635233,-0.14132098499270465,-0.07066049249635233
2015-08-20 17:44:00,1108,0.3570556789019832,0,-0.07259188460820866,-0.14518376921641732,-0.07259188460820866
2015-08-20 17:54:00,917,0.3195332895726534,0,-0.07444711460806623,-0.14889422921613246,-0.07444711460806622
2015-08-20 18:04:00,555,0.2767400113018825,0,-0.07622735392743282,-0.15245470785486565,-0.07622735392743282
2015-08-20 18:24:00,366,0.3068404150468218,0,-0.07793394862119059,-0.15586789724238118,-0.07793394862119059
2015-08-20 18:34:00,502,0.2832249666125813,0,-0.07956839805003846,-0.15913679610007692,-0.07956839805003846
2015-08-20 18:44:00,350,0.30847645732973256,0,-0.08113233428520795,-0.1622646685704159,-0.08113233428520795
2015-08-20 18:54:00,397,0.29892296526954043,0,-0.08262750239234616,-0.16525500478469232,-0.08262750239234616
2015-08-20 19:04:00,280,0.31899723569243743,0,-0.0840557417188323,-0.1681114834376646,-0.0840557417188323
2015-08-20 19:14:00,255,0.3216447843520712,0,-0.08541896827836673,-0.17083793655673346,-0.08541896827836672
2015-08-20 23:35:00,102,0.34881855160165925,0,-0.08671915829880815,-0.1734383165976163,-0.08671915829880815
2015-08-20 23:45:00,93,0.3458933868181149,0,-0.08795833297416948,-0.17591666594833893,-0.08795833297416947
2015-08-20 23:55:00,86,0.34290488280213066,0,-0.08913854443952933,-0.17827708887905866,-0.08913854443952933
2015-08-21 09:08:00,127,0.33109182826558264,0,-0.09026186296839488,-0.18052372593678975,-0.09026186296839489
2015-08-21 09:18:00,137,0.3263092823536861,0,-0.0913303653756962,-0.1826607307513924,-0.0913303653756962
2015-08-21 09:28:00,133,0.324564573748588,0,-0.09234612459597996,-0.1846922491919599,-0.09234612459597995
2015-08-21 09:38:00,154,0.3181884403786364,0,-0.09331120039532642,-0.18662240079065284,-0.09331120039532642
2015-08-21 09:58:00,158,0.3154893492174217,0,-0.09422763116683386,-0.18845526233366766,-0.09422763116683386
2015-08-21 10:48:00,200,0.3056447649594827,0,-0.09509742675297272,-0.19019485350594545,-0.09509742675297271
2015-08-21 10:58:00,188,0.30675054798683904,0,-0.09592256223347416,-0.19184512446694832,-0.09592256223347416
2015-08-21 11:08:00,183,0.3064587453246849,0,-0.09670497261444637,-0.1934099452288927,-0.09670497261444636
2015-08-21 11:38:00,291,0.28386493761757264,0,-0.09744654835287764,-0.1948930967057553,-0.09744654835287765
2015-08-21 11:48:00,283,0.28504794311347986,0,-0.09814913165036844,-0.19629826330073688,-0.09814913165036844
2015-08-21 11:58:00,302,0.2807650425070353,0,-0.09881451345062824,-0.19762902690125647,-0.09881451345062824
2015-08-21 12:08:00,257,0.2898361536102287,0,-0.09944443107679124,-0.19888886215358248,-0.09944443107679124
2015-08-21 12:18:00,292,0.2817693331623551,0,-0.10004056644677506,-0.20008113289355006,-0.10004056644677506
2015-08-21 12:28:00,289,0.2820798120611425,0,-0.10060454480757874,-0.2012090896151575,-0.10060454480757874
2015-08-21 12:38:00,250,0.2904925764560601,0,-0.10113793393245714,-0.20227586786491428,-0.10113793393245714
2015-08-21 12:48:00,264,0.28664567690173803,0,-0.10164224372820306,-0.20328448745640607,-0.10164224372820306
2015-08-21 12:58:00,241,0.2916059584615355,0,-0.10211892620321897,-0.204237852406438,-0.10211892620321898
2015-08-21 13:08:00,247,0.2894964082548181,0,-0.10256937575058413,-0.20513875150116825,-0.10256937575058411
2015-08-21 13:18:00,234,0.2921521792594656,0,-0.10299492970385304,-0.20598985940770606,-0.10299492970385302
2015-08-21 13:28:00,283,0.2791419386391367,0,-0.10339686912680246,-0.20679373825360486,-0.10339686912680246
2015-08-21 13:38:00,306,0.2730547385116833,0,-0.10377641980173273,-0.20755283960346546,-0.10377641980173273
2015-08-21 14:08:00,360,0.2788582695012325,0,-0.10413475338419206,-0.20826950676838413,-0.10413475338419206
2015-08-21 14:18:00,386,0.2856138298941862,0,-0.1044729886951052,-0.2089459773902104,-0.10447298869510521
2015-08-21 14:48:00,480,0.3120120027280842,0,-0.10479219312423142,-0.20958438624846285,-0.10479219312423142
2015-08-21 14:58:00,519,0.3221450240667827,0,-0.10509338412164136,-0.2101867682432827,-0.10509338412164135
2015-08-21 15:08:00,447,0.29839158324423404,0,-0.10537753075648193,-0.21075506151296386,-0.10537753075648193
2015-08-21 15:28:00,555,0.3307764195212994,0,-0.10564555532468912,-0.21129111064937825,-0.10564555532468912
2015-08-21 15:58:00,632,0.35281508967348146,0,-0.10589833498951404,-0.21179666997902807,-0.10589833498951404
2015-08-21 16:08:00,645,0.35188850787804044,0,-0.10613670344075084,-0.21227340688150168,-0.10613670344075084
2015-08-21 16:18:00,676,0.3568820208211917,0,-0.10636145256040216,-0.21272290512080436,-0.10636145256040216
2015-08-21 16:28:00,651,0.3432519103959987,0,-0.10657333408419624,-0.2131466681683925,-0.10657333408419625
2015-08-21 16:38:00,723,0.3621761065817348,0,-0.106773061249889,-0.213546122499778,-0.106773061249889
2015-08-21 16:48:00,583,0.3127947137036933,0,-0.10696131042465308,-0.21392262084930613,-0.10696131042465307
2015-08-21 16:58:00,572,0.3078932164224432,0,-0.10713872270508354,-0.21427744541016708,-0.10713872270508354
2015-08-21 17:08:00,610,0.3182009528125612,0,-0.1073059054844476,-0.21461181096889526,-0.10730590548444761
2015-08-21 17:18:00,666,0.3340325046047401,0,-0.10746343398278176,-0.2149268679655636,-0.10746343398278178
2015-08-21 17:28:00,587,0.3059921679617271,0,-0.10761185273630572,-0.21522370547261144,-0.10761185273630572
2015-08-21 17:38:00,581,0.3028691322733537,0,-0.10775167704338498,-0.21550335408677,-0.10775167704338498
2015-08-21 17:58:00,444,0.2779869778515872,0,-0.10788339436494662,-0.21576678872989324,-0.10788339436494662
2015-08-21 18:08:00,539,0.2895834868954391,0,-0.10800746567783674,-0.21601493135567348,-0.10800746567783674
2015-08-21 18:18:00,673,0.33445985223458474,0,-0.10812432678012064,-0.21624865356024128,-0.10812432678012064
2015-08-21 18:48:00,774,0.3677603922000649,0,-0.10823438954776678,-0.21646877909553355,-0.10823438954776678
2015-08-21 18:58:00,757,0.35442340098415503,0,-0.10833804314253584,-0.21667608628507165,-0.10833804314253583
2015-08-21 19:08:00,747,0.3455646314292062,0,-0.10843565517122056,-0.21687131034244114,-0.10843565517122057
2015-08-21 19:18:00,640,0.305232856811687,0,-0.10852757279665734,-0.21705514559331468,-0.10852757279665734
2015-08-21 19:28:00,709,0.3274118910748695,0,-0.10861412380116058,-0.21722824760232115,-0.10861412380116058
2015-08-21 19:38:00,591,0.2852747767958122,0,-0.10869561760322527,-0.21739123520645054,-0.10869561760322528
2015-08-21 19:48:00,536,0.2708723526216193,0,-0.1087723462284987,-0.2175446924569974,-0.1087723462284987
2015-08-21 19:58:00,340,0.33974462360537977,0,-0.10884458523615154,-0.21768917047230307,-0.10884458523615154
2015-08-21 20:08:00,199,0.3902735291047868,0,-0.10891259460187938,-0.2178251892037588,-0.10891259460187938
2015-08-21 20:18:00,139,0.4018151047276911,0,-0.108976619558843,-0.217953239117686,-0.10897661955884301
2015-08-21 20:28:00,96,0.4036305644393373,0,-0.10903689139791438,-0.2180737827958288,-0.10903689139791438
2015-08-21 20:38:00,60,0.4018083183074466,0,-0.10909362822863523,-0.2181872564572705,-0.10909362822863525
2015-08-21 20:48:00,92,0.37755987779016015,0,-0.10914703570232044,-0.21829407140464085,-0.10914703570232043
2015-08-21 20:58:00,88,0.3699257168585386,0,-0.1091973076987504,-0.2183946153975008,-0.10919730769875041
2015-08-21 21:38:00,103,0.3578052296151778,0,-0.10924462697789912,-0.21848925395579827,-0.10924462697789913
2015-08-21 22:08:00,147,0.3391174332702969,0,-0.10928916579813484,-0.2185783315962697,-0.10928916579813484
2015-08-21 22:18:00,202,0.3197813529175205,0,-0.10933108650231613,-0.21866217300463225,-0.10933108650231611
2015-08-21 22:48:00,492,0.2983666563625784,0,-0.10937054207318286,-0.21874108414636573,-0.10937054207318286
2015-08-21 22:58:00,563,0.31772921897279977,0,-0.1094076766594145,-0.21881535331882898,-0.1094076766594145
2015-08-21 23:08:00,565,0.3164139796978143,0,-0.10944262607369544,-0.21888525214739085,-0.10944262607369543
2015-08-21 23:18:00,560,0.31311052143315543,0,-0.10947551826409238,-0.2189510365281848,-0.10947551826409238
2015-08-21 23:48:00,217,0.32586885420125145,0,-0.10950647376001052,-0.21901294752002107,-0.10950647376001053
2015-08-21 23:58:00,211,0.32525435576177864,0,-0.10953560609395452,-0.21907121218790904,-0.10953560609395453
2015-08-22 00:08:00,181,0.3322480271968645,0,-0.10956302220027928,-0.21912604440055852,-0.10956302220027928
2015-08-22 00:18:00,143,0.34139743002892514,0,-0.10958882279207302,-0.21917764558414604,-0.109588822792073
2015-08-22 00:28:00,131,0.3413989413592241,0,-0.10961310271727162,-0.21922620543454324,-0.10961310271727162
2015-08-22 03:49:00,64,0.3593351376925064,0,-0.10963595129506044,-0.2192719025901209,-0.10963595129506044
2015-08-22 03:59:00,63,0.3536483198551956,0,-0.10965745263357622,-0.21931490526715244,-0.10965745263357622
2015-08-22 04:49:00,108,0.3342035230495572,0,-0.10967768592987977,-0.21935537185975956,-0.10967768592987977
2015-08-22 07:09:00,190,0.3059785518424241,0,-0.109696725753127,-0.219393451506254,-0.10969672575312699
2015-08-22 07:29:00,315,0.269767537645912,0,-0.10971464231182568,-0.21942928462365136,-0.10971464231182568
2015-08-22 07:39:00,379,0.2887009645652386,0,-0.10973150170602416,-0.2194630034120483,-0.10973150170602415
2015-08-22 07:49:00,442,0.3080055703135099,0,-0.10974736616523884,-0.21949473233047767,-0.10974736616523884
2015-08-22 07:59:00,617,0.3664680555955144,0,-0.10976229427288996,-0.21952458854577994,-0.10976229427288997
2015-08-22 08:19:00,267,0.2900474014789705,0,-0.1097763411779769,-0.2195526823559538,-0.1097763411779769
2015-08-22 08:29:00,240,0.2980803342036837,0,-0.10978955879468953,-0.21957911758937906,-0.10978955879468952
2015-08-22 08:39:00,246,0.2952175439538119,0,-0.10980199599061688,-0.21960399198123376,-0.10980199599061688
2015-08-22 08:59:00,305,0.27511184574928715,0,-0.1098136987641818,-0.2196273975283636,-0.1098136987641818
2015-08-22 09:09:00,382,0.2883678415884616,0,-0.10982471041189754,-0.21964942082379507,-0.10982471041189754
2015-08-22 09:19:00,404,0.2955024944692697,0,-0.10983507168601236,-0.2196701433720247,-0.10983507168601235
2015-08-22 09:29:00,364,0.2805615897776627,0,-0.10984482094307868,-0.21968964188615736,-0.10984482094307868
2015-08-22 09:39:00,365,0.2806119901201693,0,-0.1098539942839549,-0.2197079885679098,-0.1098539942839549
2015-08-22 09:59:00,376,0.2843478594774516,0,-0.10986262568572144,-0.21972525137144286,-0.10986262568572142
2015-08-22 10:09:00,340,0.2705222953374781,0,-0.109870747125967,-0.21974149425193398,-0.109870747125967
2015-08-22 10:20:00,282,0.289627640501024,0,-0.1098783886998768,-0.2197567773997536,-0.1098783886998768
2015-08-22 11:24:00,301,0.28148089494019,0,-0.10988557873053036,-0.2197711574610607,-0.10988557873053036
2015-08-22 12:37:00,463,0.3236554825658925,0,-0.1098923438727956,-0.2197846877455912,-0.10989234387279559
2015-08-22 13:19:00,350,0.2736727612009081,0,-0.10989870921118396,-0.21979741842236794,-0.10989870921118397
2015-08-22 13:29:00,289,0.2897101268353719,0,-0.1099046983520117,-0.2198093967040234,-0.1099046983520117
2015-08-22 13:59:00,318,0.2766349422219329,0,-0.109910333510193,-0.21982066702038602,-0.109910333510193
2015-08-22 14:09:00,274,0.29600393929080626,0,-0.1099156355909734,-0.2198312711819468,-0.1099156355909734
2015-08-22 14:19:00,233,0.31452005325698984,0,-0.109920624266894,-0.21984124853378798,-0.109920624266894
2015-08-22 14:49:00,130,0.3648469704006897,0,-0.10992531805026096,-0.2198506361005219,-0.10992531805026096
2015-08-22 14:59:00,132,0.3570237871835924,0,-0.10992973436137997,-0.2198594687227599,-0.10992973436137995
2015-08-22 16:49:00,88,0.3736447263567138,0,-0.10993388959279966,-0.21986777918559933,-0.10993388959279966
2015-08-22 16:59:00,94,0.36246502883350384,0,-0.10993779916979553,-0.21987559833959106,-0.10993779916979551
2015-08-23 17:28:00,104,0.3511893316213756,0,-0.10994147760731136,-0.2198829552146227,-0.10994147760731135
2015-08-23 19:48:00,94,0.35099579748866394,0,-0.10994493856356446,-0.21988987712712893,-0.10994493856356446
2015-08-24 07:53:00,110,0.3385680451573864,0,-0.10994819489050764,-0.2198963897810153,-0.10994819489050765
2015-08-24 08:23:00,113,0.3336047784703744,0,-0.10995125868133117,-0.2199025173626623,-0.10995125868133115
2015-08-24 09:13:00,167,0.3059590763788826,0,-0.10995414131517664,-0.21990828263035325,-0.10995414131517663
2015-08-24 09:33:00,176,0.3006613489015152,0,-0.10995685349922564,-0.21991370699845125,-0.10995685349922563
2015-08-24 09:43:00,192,0.2923991584306097,0,-0.1099594053083155,-0.21991881061663102,-0.1099594053083155
2015-08-24 10:13:00,174,0.3000720575308555,0,-0.1099618062222272,-0.2199236124444544,-0.1099618062222272
2015-08-24 10:23:00,171,0.3005268629573555,0,-0.109964065160781,-0.21992813032156205,-0.10996406516078101
2015-08-24 11:13:00,177,0.29661861314146565,0,-0.10996619051686783,-0.2199323810337357,-0.10996619051686785
2015-08-24 11:33:00,198,0.2855213781115345,0,-0.10996819018753758,-0.21993638037507515,-0.10996819018753758
2015-08-24 12:13:00,173,0.2975989145284072,0,-0.10997007160325753,-0.21994014320651506,-0.10997007160325752
2015-08-24 12:33:00,142,0.3130127778002034,0,-0.10997184175544852,-0.21994368351089705,-0.10997184175544852
2015-08-24 12:43:00,145,0.3097777674154607,0,-0.1099735072223996,-0.2199470144447992,-0.1099735072223996
2015-08-24 12:53:00,141,0.3105284963887573,0,-0.109975074193656,-0.219950148387312,-0.10997507419365599
2015-08-24 13:13:00,181,0.2872614734349927,0,-0.10997654849297048,-0.21995309698594093,-0.10997654849297048
2015-08-24 13:53:00,175,0.2900379032110553,0,-0.10997793559990204,-0.21995587119980406,-0.10997793559990202
2015-08-24 14:03:00,179,0.2872001256217381,0,-0.10997924067014134,-0.21995848134028267,-0.10997924067014134
2015-08-24 14:13:00,161,0.2970921330821196,0,-0.10998046855463817,-0.2199609371092763,-0.10998046855463815
2015-08-24 14:33:00,160,0.29683268408504343,0,-0.10998162381760042,-0.21996324763520084,-0.10998162381760042
2015-08-24 14:43:00,164,0.29356246324982355,0,-0.10998271075343212,-0.21996542150686427,-0.10998271075343213
2015-08-24 15:03:00,217,0.2768190651095908,0,-0.1099837334026718,-0.21996746680534365,-0.10998373340267181
2015-08-24 15:13:00,271,0.31085477337570344,0,-0.1099846955669907,-0.2199693911339814,-0.1099846955669907
2015-08-24 15:23:00,300,0.3289487120642056,0,-0.10998560082330593,-0.21997120164661185,-0.10998560082330591
2015-08-24 15:33:00,278,0.3112716424011061,0,-0.10998645253706073,-0.21997290507412146,-0.10998645253706071
2015-08-24 15:43:00,304,0.3277246351197293,0,-0.1099872538747208,-0.2199745077494416,-0.10998725387472079
2015-08-24 16:03:00,313,0.33148024149318744,0,-0.109988007815533,-0.219976015631066,-0.10998800781553299
2015-08-24 16:13:00,257,0.2899644916114348,0,-0.10998871716258968,-0.21997743432517936,-0.10998871716258968
2015-08-24 16:23:00,271,0.2989758268923007,0,-0.10998938455323984,-0.2199787691064797,-0.10998938455323985
2015-08-24 16:33:00,326,0.33826463081558417,0,-0.10999001246888546,-0.2199800249377709,-0.10999001246888546
2015-08-24 16:43:00,349,0.3522543664073694,0,-0.10999060324419913,-0.21998120648839825,-0.10999060324419913
2015-08-24 16:53:00,349,0.34717113613317263,0,-0.10999115907579736,-0.21998231815159472,-0.10999115907579736
2015-08-24 17:03:00,367,0.356365626156378,0,-0.1099916820304016,-0.2199833640608032,-0.10999168203040159
2015-08-24 17:13:00,487,0.4454801473029824,0,-0.10999217405251696,-0.21998434810503395,-0.10999217405251697
2015-08-24 17:23:00,644,0.5364547343167436,0,-0.10999263697165758,-0.2199852739433152,-0.10999263697165758
2015-08-24 17:33:00,948,0.6521670514200825,0,-0.10999307250914464,-0.21998614501828925,-0.10999307250914463
2015-08-24 17:53:00,1000,0.5398665409387674,0,-0.10999348228450312,-0.21998696456900627,-0.10999348228450313
2015-08-24 18:03:00,955,0.4577296729024301,0,-0.10999386782148048,-0.21998773564296095,-0.10999386782148049
2015-08-24 18:13:00,925,0.4183092343317409,0,-0.10999423055370933,-0.21998846110741865,-0.10999423055370931
2015-08-24 18:23:00,1091,0.4468805422948072,0,-0.10999457183003583,-0.21998914366007166,-0.10999457183003582
2015-08-24 18:33:00,1140,0.4327290685983161,0,-0.10999489291953306,-0.2199897858390661,-0.10999489291953306
2015-08-24 18:43:00,766,0.32714859986776,0,-0.10999519501621798,-0.21999039003243595,-0.10999519501621798
2015-08-24 18:53:00,403,0.28593678161994024,0,-0.10999547924348957,-0.2199909584869792,-0.10999547924348958
2015-08-24 19:03:00,225,0.3228552062325954,0,-0.10999574665830483,-0.2199914933166097,-0.10999574665830485
2015-08-24 19:13:00,148,0.3376733118392535,0,-0.1099959982551077,-0.2199919965102154,-0.1099959982551077
2015-08-24 21:03:00,98,0.34547542935988423,0,-0.10999623496952572,-0.21999246993905144,-0.10999623496952572
2015-08-24 21:13:00,92,0.3425403409945264,0,-0.10999645768184843,-0.21999291536369686,-0.10999645768184843
2015-08-25 10:43:00,130,0.3300892021673528,0,-0.10999666722029973,-0.21999333444059946,-0.10999666722029973
2015-08-25 11:33:00,105,0.33286239132156026,0,-0.1099968643641171,-0.2199937287282342,-0.1099968643641171
2015-08-25 11:43:00,114,0.3278044346852835,0,-0.10999704984644856,-0.2199940996928971,-0.10999704984644855
2015-08-25 13:03:00,138,0.3198199224918896,0,-0.1099972243570784,-0.21999444871415685,-0.10999722435707841
2015-08-25 13:13:00,125,0.3207060210381512,0,-0.10999738854499187,-0.21999477708998375,-0.10999738854499189
2015-08-25 13:53:00,93,0.32592971350041217,0,-0.10999754302078796,-0.21999508604157594,-0.10999754302078797
2015-08-25 14:03:00,138,0.3131306084421881,0,-0.10999768835894977,-0.2199953767178995,-0.10999768835894976
2015-08-25 14:13:00,202,0.2969622393546041,0,-0.10999782509998042,-0.21999565019996084,-0.10999782509998042
2015-08-25 14:33:00,156,0.3067366981109959,0,-0.10999795375241292,-0.21999590750482587,-0.10999795375241293
2015-08-25 14:43:00,218,0.2909641234376309,0,-0.10999807479470088,-0.21999614958940172,-0.10999807479470088
2015-08-25 14:52:00,233,0.2868153611223242,0,-0.10999818867699757,-0.21999637735399516,-0.10999818867699757
2015-08-25 15:03:00,178,0.2996559499487274,0,-0.1099982958228298,-0.21999659164565966,-0.10999829582282981
2015-08-25 15:13:00,195,0.294459481272972,0,-0.10999839663067283,-0.21999679326134566,-0.10999839663067282
2015-08-25 15:23:00,223,0.2866611375633899,0,-0.10999849147543188,-0.21999698295086376,-0.10999849147543188
2015-08-25 15:33:00,275,0.27307169980497165,0,-0.10999858070983648,-0.21999716141967293,-0.10999858070983647
2015-08-25 15:43:00,341,0.2817747504711098,0,-0.10999866466575184,-0.21999732933150368,-0.10999866466575184
2015-08-25 16:03:00,379,0.2916517747286529,0,-0.10999874365541322,-0.21999748731082644,-0.10999874365541322
2015-08-25 16:13:00,266,0.2774015959150023,0,-0.10999881797258672,-0.21999763594517344,-0.10999881797258672
2015-08-25 16:23:00,321,0.2757570491209139,0,-0.10999888789366187,-0.2199977757873237,-0.10999888789366187
2015-08-25 16:33:00,320,0.2752988516773813,0,-0.1099989536786794,-0.2199979073573588,-0.1099989536786794
2015-08-25 16:43:00,290,0.27136366809058104,0,-0.1099990155722982,-0.21999803114459646,-0.10999901557229821
2015-08-25 16:53:00,277,0.2751478125463071,0,-0.10999907380470528,-0.21999814760941053,-0.10999907380470528
2015-08-25 17:13:00,166,0.3100605202938872,0,-0.10999912859247156,-0.21999825718494312,-0.10999912859247156
2015-08-25 17:23:00,186,0.3020156708898016,0,-0.10999918013935747,-0.21999836027871494,-0.10999918013935749
2015-08-25 17:33:00,241,0.28293992742644003,0,-0.1099992286370706,-0.2199984572741412,-0.10999922863707061
2015-08-25 17:43:00,245,0.2812495657772026,0,-0.1099992742659786,-0.2199985485319572,-0.1099992742659786
2015-08-25 17:53:00,275,0.27094416048981523,0,-0.10999931719577996,-0.21999863439155992,-0.10999931719577996
2015-08-25 18:03:00,258,0.27666706851471834,0,-0.1099993575861352,-0.2199987151722704,-0.1099993575861352
2015-08-25 18:13:00,290,0.2725187150938612,0,-0.10999939558726043,-0.21999879117452087,-0.10999939558726043
2015-08-25 22:34:00,119,0.329532541742984,0,-0.10999943134048623,-0.21999886268097246,-0.10999943134048622
2015-08-26 09:41:00,265,0.2714818739573299,0,-0.10999946497878298,-0.21999892995756595,-0.10999946497878298
2015-08-26 10:01:00,432,0.33127969219994946,0,-0.1099994966272556,-0.2199989932545112,-0.10999949662725561
2015-08-26 10:11:00,409,0.3189658523498562,0,-0.1099995264036087,-0.2199990528072174,-0.1099995264036087
2015-08-26 10:21:00,431,0.3260650190551214,0,-0.10999955441858436,-0.21999910883716872,-0.10999955441858436
2015-08-26 10:31:00,438,0.32651175718448633,0,-0.10999958077637388,-0.21999916155274776,-0.10999958077637388
2015-08-26 10:51:00,446,0.3273762122035347,0,-0.10999960557500542,-0.21999921115001084,-0.10999960557500542
2015-08-26 11:01:00,397,0.3042717021144448,0,-0.10999962890670843,-0.2199992578134169,-0.10999962890670845
2015-08-26 11:11:00,389,0.2997729380158568,0,-0.1099996508582568,-0.2199993017165136,-0.1099996508582568
2015-08-26 11:41:00,390,0.29923231381040544,0,-0.10999967151129136,-0.21999934302258276,-0.10999967151129136
2015-08-26 11:51:00,344,0.27881465440402203,0,-0.10999969094262373,-0.21999938188524745,-0.10999969094262373
2015-08-26 12:01:00,359,0.28497794871582005,0,-0.10999970922452182,-0.21999941844904364,-0.10999970922452182
2015-08-26 12:11:00,326,0.27020918238663194,0,-0.1099997264249787,-0.2199994528499574,-0.1099997264249787
2015-08-26 12:21:00,269,0.2932743704036265,0,-0.10999974260796544,-0.21999948521593085,-0.10999974260796543
2015-08-26 12:41:00,296,0.2800203594188202,0,-0.10999975783366896,-0.2199995156673379,-0.10999975783366896
2015-08-26 12:51:00,284,0.2854000144914013,0,-0.109999772158716,-0.21999954431743202,-0.109999772158716
2015-08-26 13:01:00,281,0.2864132529595724,0,-0.10999978563638356,-0.21999957127276715,-0.10999978563638357
2015-08-26 13:21:00,357,0.28928193758874354,0,-0.10999979831679724,-0.21999959663359447,-0.10999979831679724
2015-08-26 13:31:00,400,0.3113122616340221,0,-0.1099998102471174,-0.21999962049423485,-0.10999981024711741
2015-08-26 13:41:00,437,0.330275208764939,0,-0.10999982147171483,-0.2199996429434297,-0.10999982147171485
2015-08-26 13:51:00,363,0.2871422738015062,0,-0.10999983203233556,-0.2199996640646712,-0.10999983203233558
2015-08-26 14:01:00,340,0.2744609667694343,0,-0.10999984196825628,-0.21999968393651254,-0.10999984196825627
2015-08-26 14:11:00,357,0.28352043819598965,0,-0.10999985131643016,-0.21999970263286034,-0.10999985131643017
2015-08-26 14:21:00,352,0.2803378175167975,0,-0.10999986011162466,-0.21999972022324926,-0.10999986011162466
2015-08-26 14:51:00,249,0.3176705255321093,0,-0.10999986838655053,-0.21999973677310106,-0.10999986838655053
2015-08-26 15:01:00,219,0.3346312524131699,0,-0.10999987617198352,-0.21999975234396704,-0.10999987617198352
2015-08-26 15:11:00,235,0.32131052417973743,0,-0.10999988349687898,-0.21999976699375795,-0.10999988349687898
2015-08-26 15:21:00,209,0.3358341731752847,0,-0.10999989038847938,-0.21999978077695875,-0.10999989038847938
2015-08-26 15:31:00,233,0.31715352707083083,0,-0.10999989687241574,-0.21999979374483147,-0.10999989687241574
2015-08-26 15:36:00,249,0.3051526995962347,0,-0.10999990297280288,-0.21999980594560575,-0.10999990297280289
2015-08-26 16:21:00,258,0.29823552021805444,0,-0.1099999087123292,-0.2199998174246584,-0.10999990871232919
2015-08-26 16:31:00,330,0.28532037544321515,0,-0.10999991411234088,-0.21999982822468175,-0.10999991411234089
2015-08-26 16:41:00,350,0.29790215771304274,0,-0.10999991919292157,-0.2199998383858431,-0.10999991919292156
2015-08-26 16:51:00,404,0.3345803389551485,0,-0.1099999239729667,-0.2199998479459334,-0.1099999239729667
2015-08-26 17:01:00,391,0.3221309661019575,0,-0.10999992847025417,-0.21999985694050836,-0.10999992847025417
2015-08-26 17:11:00,372,0.3065610208616689,0,-0.10999993270151008,-0.21999986540302016,-0.10999993270151008
2015-08-26 17:31:00,386,0.3152691098714206,0,-0.11,-0.22,-0.11
2015-08-26 17:41:00,432,0.34791300322054985,0,-0.11,-0.22,-0.11
2015-08-26 17:51:00,344,0.2799862904613799,0,-0.11,-0.22,-0.11
2015-08-26 18:01:00,336,0.2741691161894219,0,-0.11,-0.22,-0.11
2015-08-26 18:11:00,286,0.2996848490014116,0,-0.11,-0.22,-0.11
2015-08-26 18:31:00,301,0.2874978340735676,0,-0.11,-0.22,-0.11
2015-08-26 18:41:00,273,0.3086365413824409,0,-0.11,-0.22,-0.11
2015-08-26 18:51:00,255,0.3218633744958794,0,-0.11,-0.22,-0.11
2015-08-26 19:01:00,208,0.3597792407015984,0,-0.11,-0.22,-0.11
2015-08-26 22:24:00,266,0.3056240408639967,0,-0.11,-0.22,-0.11
2015-08-27 01:08:00,180,0.3781582635508867,0,-0.11,-0.22,-0.11
2015-08-27 14:18:00,126,0.4170510942748423,0,-0.11,-0.22,-0.11
2015-08-27 14:28:00,140,0.3877494105937537,0,-0.11,-0.22,-0.11
2015-08-27 14:38:00,160,0.3612977182292709,0,-0.11,-0.22,-0.11
2015-08-27 14:48:00,208,0.3195028598683282,0,-0.11,-0.22,-0.11
2015-08-27 14:58:00,252,0.28640484730919724,0,-0.11,-0.22,-0.11
2015-08-27 15:08:00,376,0.3410025767689563,0,-0.11,-0.22,-0.11
2015-08-27 15:18:00,425,0.37577383043926105,0,-0.11,-0.22,-0.11
2015-08-27 15:28:00,502,0.4288511914809472,0,-0.11,-0.22,-0.11
2015-08-27 15:38:00,554,0.4472722149864205,0,-0.11,-0.22,-0.11
2015-08-27 15:48:00,647,0.4851170400037121,0,-0.11,-0.22,-0.11
2015-08-27 15:58:00,613,0.4236964298861749,0,-0.11,-0.22,-0.11
2015-08-27 16:08:00,736,0.472781855708489,0,-0.11,-0.22,-0.11
2015-08-27 16:18:00,775,0.4559504851457704,0,-0.11,-0.22,-0.11
2015-08-27 16:28:00,734,0.4082815222730598,0,-0.11,-0.22,-0.11
2015-08-27 16:38:00,626,0.350159181161261,0,-0.11,-0.22,-0.11
2015-08-27 16:48:00,623,0.34418867874967496,0,-0.11,-0.22,-0.11
2015-08-27 16:58:00,668,0.3572256216163726,0,-0.11,-0.22,-0.11
2015-08-27 17:08:00,697,0.36257408554027054,0,-0.11,-0.22,-0.11
2015-08-27 17:18:00,635,0.3331761785268216,0,-0.11,-0.22,-0.11
2015-08-27 17:28:00,667,0.341856272718064,0,-0.11,-0.22,-0.11
2015-08-27 17:38:00,629,0.3241101070494696,0,-0.11,-0.22,-0.11
2015-08-27 17:48:00,516,0.2822244610639327,0,-0.11,-0.22,-0.11
2015-08-27 17:58:00,506,0.2784348533822038,0,-0.11,-0.22,-0.11
2015-08-27 18:08:00,461,0.2752952334539092,0,-0.11,-0.22,-0.11
2015-08-27 18:18:00,428,0.2870796350161096,0,-0.11,-0.22,-0.11
2015-08-27 18:28:00,371,0.308430727954195,0,-0.11,-0.22,-0.11
2015-08-27 18:38:00,408,0.29256239455694183,0,-0.11,-0.22,-0.11
2015-08-27 18:48:00,410,0.2910883371752502,0,-0.11,-0.22,-0.11
2015-08-27 18:58:00,370,0.30682325725479404,0,-0.11,-0.22,-0.11
2015-08-27 19:08:00,394,0.2954999534936161,0,-0.11,-0.22,-0.11
2015-08-27 19:18:00,307,0.33276052016493496,0,-0.11,-0.22,-0.11
2015-08-27 19:28:00,257,0.3526943616368521,0,-0.11,-0.22,-0.11
2015-08-27 22:48:00,176,0.3856746458686384,0,-0.11,-0.22,-0.11
2015-08-27 23:18:00,101,0.4102977835328897,0,-0.11,-0.22,-0.11
2015-08-27 23:38:00,96,0.39660529052995375,0,-0.11,-0.22,-0.11
2015-08-27 23:58:00,83,0.3893843493179756,0,-0.11,-0.22,-0.11
2015-08-28 06:49:00,256,0.3119218525201853,0,-0.11,-0.22,-0.11
2015-08-28 07:09:00,401,0.2786674634651619,0,-0.11,-0.22,-0.11
2015-08-28 08:59:00,139,0.3581285927180753,0,-0.11,-0.22,-0.11
2015-08-28 09:09:00,202,0.3275466012152257,0,-0.11,-0.22,-0.11
2015-08-28 09:19:00,148,0.3461913927564318,0,-0.11,-0.22,-0.11
2015-08-28 09:29:00,167,0.3343427130724875,0,-0.11,-0.22,-0.11
2015-08-28 09:39:00,160,0.33391329578712353,0,-0.11,-0.22,-0.11
2015-08-28 09:49:00,168,0.32764210013933304,0,-0.11,-0.22,-0.11
2015-08-28 09:59:00,170,0.3242490949488752,0,-0.11,-0.22,-0.11
2015-08-28 10:09:00,153,0.32864222921711594,0,-0.11,-0.22,-0.11
2015-08-28 10:49:00,196,0.3089886981014812,0,-0.11,-0.22,-0.11
2015-08-28 10:59:00,230,0.2943411316056132,0,-0.11,-0.22,-0.11
2015-08-28 11:09:00,256,0.28348267523049364,0,-0.11,-0.22,-0.11
2015-08-28 11:19:00,282,0.2729625965689857,0,-0.11,-0.22,-0.11
2015-08-28 11:29:00,427,0.3249504576029557,0,-0.11,-0.22,-0.11
2015-08-28 11:35:00,458,0.3363152505264828,0,-0.11,-0.22,-0.11
2015-08-28 12:19:00,347,0.2852258913579283,0,-0.11,-0.22,-0.11
2015-08-28 12:29:00,342,0.28268297206402204,0,-0.11,-0.22,-0.11
2015-08-28 12:39:00,287,0.2787773504969628,0,-0.11,-0.22,-0.11
2015-08-28 12:49:00,259,0.290899803722588,0,-0.11,-0.22,-0.11
2015-08-28 12:59:00,278,0.2816537268721977,0,-0.11,-0.22,-0.11
2015-08-28 13:09:00,286,0.2776471505382301,0,-0.11,-0.22,-0.11
2015-08-28 13:19:00,224,0.307360594918998,0,-0.11,-0.22,-0.11
2015-08-28 13:29:00,286,0.27566489386585513,0,-0.11,-0.22,-0.11
2015-08-28 13:39:00,378,0.3081649478889987,0,-0.11,-0.22,-0.11
2015-08-28 13:49:00,336,0.28510059524347153,0,-0.11,-0.22,-0.11
2015-08-28 13:59:00,356,0.29512717179062536,0,-0.11,-0.22,-0.11
2015-08-28 14:09:00,327,0.2789411538837676,0,-0.11,-0.22,-0.11
2015-08-28 14:19:00,282,0.2831132125524872,0,-0.11,-0.22,-0.11
2015-08-28 14:29:00,365,0.3010291238005968,0,-0.11,-0.22,-0.11
2015-08-28 14:39:00,458,0.35706403821733657,0,-0.11,-0.22,-0.11
2015-08-28 14:49:00,522,0.3925238069619713,0,-0.11,-0.22,-0.11
2015-08-28 14:59:00,476,0.3525012048827827,0,-0.11,-0.22,-0.11
2015-08-28 15:09:00,544,0.388857788842038,0,-0.11,-0.22,-0.11
2015-08-28 15:19:00,520,0.363683093518921,0,-0.11,-0.22,-0.11
2015-08-28 15:29:00,547,0.3726059444603291,0,-0.11,-0.22,-0.11
2015-08-28 15:39:00,515,0.3467698986580172,0,-0.11,-0.22,-0.11
2015-08-28 15:49:00,605,0.392896425045494,0,-0.11,-0.22,-0.11
2015-08-28 15:59:00,544,0.3482432589873876,0,-0.11,-0.22,-0.11
2015-08-28 16:09:00,469,0.3056828361010984,0,-0.11,-0.22,-0.11
2015-08-28 16:19:00,551,0.3467805863072828,0,-0.11,-0.22,-0.11
2015-08-28 16:29:00,543,0.3381349802123079,0,-0.11,-0.22,-0.11
2015-08-28 16:39:00,618,0.3749009978483649,0,-0.11,-0.22,-0.11
2015-08-28 16:49:00,612,0.3632991973291012,0,-0.11,-0.22,-0.11
2015-08-28 16:59:00,514,0.30778563948360976,0,-0.11,-0.22,-0.11
2015-08-28 17:19:00,601,0.35042186340452497,0,-0.11,-0.22,-0.11
2015-08-28 17:39:00,690,0.39276229064743184,0,-0.11,-0.22,-0.11
2015-08-28 17:49:00,666,0.3686250032438691,0,-0.11,-0.22,-0.11
2015-08-28 17:59:00,648,0.35238560991937057,0,-0.11,-0.22,-0.11
2015-08-28 18:09:00,523,0.2896884082890265,0,-0.11,-0.22,-0.11
2015-08-28 18:29:00,447,0.281956905909327,0,-0.11,-0.22,-0.11
2015-08-28 18:39:00,418,0.29488680298634856,0,-0.11,-0.22,-0.11
2015-08-28 18:49:00,357,0.32381070404659024,0,-0.11,-0.22,-0.11
2015-08-28 18:59:00,339,0.3306087239027311,0,-0.11,-0.22,-0.11
2015-08-28 19:09:00,268,0.3650222624494557,0,-0.11,-0.22,-0.11
2015-08-28 19:19:00,196,0.3967432745413157,0,-0.11,-0.22,-0.11
2015-08-28 19:29:00,175,0.3949290953879711,0,-0.11,-0.22,-0.11
2015-08-28 19:39:00,117,0.41160092886723976,0,-0.11,-0.22,-0.11
2015-08-28 19:49:00,120,0.39395996995090815,0,-0.11,-0.22,-0.11
2015-08-28 19:59:00,101,0.3903558216435349,0,-0.11,-0.22,-0.11
2015-08-28 20:09:00,94,0.3820123759989747,0,-0.11,-0.22,-0.11
2015-08-28 20:19:00,92,0.37314054020479337,0,-0.11,-0.22,-0.11
2015-08-28 20:29:00,91,0.3654190960700561,0,-0.11,-0.22,-0.11
2015-08-28 20:39:00,60,0.3706283177500773,0,-0.11,-0.22,-0.11
2015-08-28 20:49:00,90,0.3515688886327175,0,-0.11,-0.22,-0.11
2015-08-28 20:59:00,95,0.3447190533594671,0,-0.11,-0.22,-0.11
2015-08-28 21:39:00,105,0.3368551173616289,0,-0.11,-0.22,-0.11
2015-08-28 23:49:00,82,0.34187109334312843,0,-0.11,-0.22,-0.11
2015-08-28 23:51:00,83,0.3376013807144049,0,-0.11,-0.22,-0.11
2015-08-29 07:46:00,151,0.30978107687505313,0,-0.11,-0.22,-0.11
2015-08-29 09:16:00,118,0.3202057908032999,0,-0.11,-0.22,-0.11
2015-08-29 09:46:00,156,0.30438651799973376,0,-0.11,-0.22,-0.11
2015-08-29 10:06:00,190,0.2910002108131733,0,-0.11,-0.22,-0.11
2015-08-29 10:16:00,291,0.28321487285926844,0,-0.11,-0.22,-0.11
2015-08-29 10:26:00,292,0.2831978282471121,0,-0.11,-0.22,-0.11
2015-08-29 11:06:00,313,0.29075779867158186,0,-0.11,-0.22,-0.11
2015-08-29 11:16:00,291,0.2816369820553981,0,-0.11,-0.22,-0.11
2015-08-29 11:26:00,250,0.2724060333095975,0,-0.11,-0.22,-0.11
2015-08-29 11:46:00,256,0.2699582230091519,0,-0.11,-0.22,-0.11
2015-08-29 11:56:00,239,0.276826526938993,0,-0.11,-0.22,-0.11
2015-08-29 12:06:00,230,0.2804091438127804,0,-0.11,-0.22,-0.11
2015-08-29 12:26:00,220,0.2844557980672015,0,-0.11,-0.22,-0.11
2015-08-29 12:46:00,214,0.28672697962389304,0,-0.11,-0.22,-0.11
2015-08-29 12:56:00,188,0.2983510274943635,0,-0.11,-0.22,-0.11
2015-08-29 13:06:00,185,0.29888972158297245,0,-0.11,-0.22,-0.11
2015-08-29 13:16:00,121,0.3303267855747621,0,-0.11,-0.22,-0.11
2015-08-29 13:26:00,138,0.31871041774507697,0,-0.11,-0.22,-0.11
2015-08-29 13:36:00,135,0.31830131977849074,0,-0.11,-0.22,-0.11
2015-08-29 14:56:00,105,0.3323100524321976,0,-0.11,-0.22,-0.11
2015-08-29 16:06:00,153,0.30398684851243896,0,-0.11,-0.22,-0.11
2015-08-29 16:16:00,194,0.2817543603532352,0,-0.11,-0.22,-0.11
2015-08-29 16:26:00,209,0.2737474069898834,0,-0.11,-0.22,-0.11
2015-08-29 16:36:00,223,0.2714884088314463,0,-0.11,-0.22,-0.11
2015-08-29 16:46:00,142,0.31103019564938045,0,-0.11,-0.22,-0.11
2015-08-29 16:56:00,114,0.3260729594877872,0,-0.11,-0.22,-0.11
2015-08-29 17:06:00,81,0.3437685828790363,0,-0.11,-0.22,-0.11
2015-08-29 17:16:00,82,0.3390490406308745,0,-0.11,-0.22,-0.11
2015-08-29 17:26:00,82,0.3354307815748269,0,-0.11,-0.22,-0.11
2015-08-29 17:36:00,98,0.3224334313235335,0,-0.11,-0.22,-0.11
2015-08-29 18:16:00,59,0.3443557698364781,0,-0.11,-0.22,-0.11
2015-08-29 18:26:00,53,0.3439494075932529,0,-0.11,-0.22,-0.11
2015-08-29 18:36:00,59,0.3360942860469693,0,-0.11,-0.22,-0.11
2015-08-29 18:46:00,62,0.3309042343456376,0,-0.11,-0.22,-0.11
2015-08-29 18:56:00,71,0.3224862389434339,0,-0.11,-0.22,-0.11
2015-08-29 22:26:00,100,0.3026210959519034,0,-0.11,-0.22,-0.11
2015-08-30 10:48:00,99,0.3021428468701092,0,-0.11,-0.22,-0.11
2015-08-30 10:58:00,96,0.3029424806838246,0,-0.11,-0.22,-0.11
2015-08-30 11:28:00,94,0.30310968060157617,0,-0.11,-0.22,-0.11
2015-08-30 12:08:00,154,0.27326217600951275,0,-0.11,-0.22,-0.11
2015-08-30 12:18:00,162,0.2781790285253305,0,-0.11,-0.22,-0.11
2015-08-30 15:18:00,112,0.292366558144667,0,-0.11,-0.22,-0.11
2015-08-30 16:28:00,149,0.2707828010632602,0,-0.11,-0.22,-0.11
2015-08-30 16:58:00,124,0.2840551741119653,0,-0.11,-0.22,-0.11
2015-08-30 17:38:00,122,0.2850594918080032,0,-0.11,-0.22,-0.11
2015-08-30 19:08:00,128,0.2802974467057221,0,-0.11,-0.22,-0.11
2015-08-30 19:48:00,102,0.2994965310766323,0,-0.11,-0.22,-0.11
2015-08-30 19:58:00,106,0.29543634896071985,0,-0.11,-0.22,-0.11
2015-08-30 20:18:00,117,0.2860265272131007,0,-0.11,-0.22,-0.11
2015-08-30 20:48:00,119,0.28397152515541485,0,-0.11,-0.22,-0.11
2015-08-30 20:58:00,128,0.2763246982984332,0,-0.11,-0.22,-0.11
2015-08-31 06:14:00,97,0.3022079431422057,0,-0.11,-0.22,-0.11
2015-08-31 06:24:00,104,0.2950232575732474,0,-0.11,-0.22,-0.11
2015-08-31 08:24:00,121,0.2794086755384028,0,-0.11,-0.22,-0.11
2015-08-31 08:54:00,142,0.2770101786528929,0,-0.11,-0.22,-0.11
2015-08-31 09:14:00,163,0.29605932966219106,0,-0.11,-0.22,-0.11
2015-08-31 09:24:00,148,0.2811345403609038,0,-0.11,-0.22,-0.11
2015-08-31 09:44:00,227,0.3614621594513997,0,-0.11,-0.22,-0.11
2015-08-31 09:54:00,267,0.3986462654413605,0,-0.11,-0.22,-0.11
2015-08-31 10:04:00,329,0.4521421021994246,0,-0.11,-0.22,-0.11
2015-08-31 10:14:00,337,0.4315007929957217,0,-0.11,-0.22,-0.11
2015-08-31 10:24:00,442,0.5053540719732494,0,-0.11,-0.22,-0.11
2015-08-31 10:34:00,442,0.4554345967953722,0,-0.11,-0.22,-0.11
2015-08-31 10:44:00,408,0.4027388606714041,0,-0.11,-0.22,-0.11
2015-08-31 10:54:00,394,0.3798632928326964,0,-0.11,-0.22,-0.11
2015-08-31 11:04:00,452,0.4061326300364851,0,-0.11,-0.22,-0.11
2015-08-31 11:24:00,410,0.3670764623848738,0,-0.11,-0.22,-0.11
2015-08-31 11:34:00,402,0.35552106098567776,0,-0.11,-0.22,-0.11
2015-08-31 11:44:00,379,0.3376889098901785,0,-0.11,-0.22,-0.11
2015-08-31 11:54:00,438,0.3661712262738408,0,-0.11,-0.22,-0.11
2015-08-31 12:04:00,420,0.3495342892284561,0,-0.11,-0.22,-0.11
2015-08-31 12:14:00,371,0.3195053893311175,0,-0.11,-0.22,-0.11
2015-08-31 12:24:00,497,0.3849524975472989,0,-0.11,-0.22,-0.11
2015-08-31 12:34:00,482,0.3667343614380652,0,-0.11,-0.22,-0.11
2015-08-31 12:44:00,510,0.3741737499611077,0,-0.11,-0.22,-0.11
2015-08-31 12:54:00,503,0.36234820099326,0,-0.11,-0.22,-0.11
2015-08-31 13:04:00,461,0.3355239580758816,0,-0.11,-0.22,-0.11
2015-08-31 13:14:00,330,0.2728385622549684,0,-0.11,-0.22,-0.11
2015-08-31 13:24:00,407,0.3077629143836811,0,-0.11,-0.22,-0.11
2015-08-31 13:34:00,438,0.3214454074517863,0,-0.11,-0.22,-0.11
2015-08-31 13:44:00,481,0.3409251733237087,0,-0.11,-0.22,-0.11
2015-08-31 13:54:00,444,0.3185681900533853,0,-0.11,-0.22,-0.11
2015-08-31 14:03:00,418,0.303788239048266,0,-0.11,-0.22,-0.11
2015-08-31 14:14:00,513,0.3517168103306698,0,-0.11,-0.22,-0.11
2015-08-31 14:24:00,522,0.3514704596575234,0,-0.11,-0.22,-0.11
2015-08-31 14:34:00,524,0.3475334216386487,0,-0.11,-0.22,-0.11
2015-08-31 14:44:00,787,0.4891886879854135,0,-0.11,-0.22,-0.11
2015-08-31 14:54:00,674,0.3916780519172597,0,-0.11,-0.22,-0.11
2015-08-31 15:04:00,912,0.4915099287508444,0,-0.11,-0.22,-0.11
2015-08-31 15:14:00,954,0.4648937193744279,0,-0.11,-0.22,-0.11
2015-08-31 15:24:00,884,0.4068906172204893,0,-0.11,-0.22,-0.11
2015-08-31 15:34:00,1017,0.4365217802311678,0,-0.11,-0.22,-0.11
2015-08-31 15:44:00,1046,0.42219286572613696,1,1.0,1.0,1.0
2015-08-31 15:54:00,671,0.30217282133747997,1,0.9991635584532788,0.9991635584532788,0.9991635584532789
2015-08-31 16:04:00,594,0.2818837972561521,1,0.9982759408570052,0.9982759408570052,0.9982759408570052
2015-08-31 16:14:00,548,0.27015342856291424,1,0.9973340658229594,0.9973340658229594,0.9973340658229594
2015-08-31 16:24:00,461,0.2899998393388125,1,0.9963346727343141,0.996334672734314,0.9963346727343139
2015-08-31 16:34:00,452,0.2918176459869741,1,0.995274312123062,0.995274312123062,0.9952743121230619
2015-08-31 16:35:00,423,0.29919004672466404,1,0.9941493356343828,0.9941493356343828,0.9941493356343827
2015-08-31 17:24:00,279,0.3407527734461117,1,0.9929558855742964,0.9929558855742964,0.9929558855742964
2015-08-31 17:34:00,378,0.3075843846113129,1,0.9916898840392336,0.9916898840392336,0.9916898840392337
2015-08-31 17:44:00,366,0.3097988861788529,1,0.9903470216288318,0.9903470216288318,0.9903470216288318
2015-08-31 17:54:00,311,0.3251057822838079,1,0.9889227457464168,0.9889227457464168,0.9889227457464169
2015-08-31 18:04:00,274,0.33428668578368115,1,0.9874122484952662,0.9874122484952662,0.9874122484952662
2015-08-31 18:14:00,252,0.3381062747092077,1,0.9858104541829616,0.9858104541829616,0.9858104541829616
2015-08-31 18:24:00,308,0.3169976515823776,1,0.9841120064509712,0.9841120064509712,0.9841120064509713
2015-08-31 18:34:00,276,0.3252356201602404,1,0.9823112550521222,0.9823112550521222,0.9823112550521222
2015-08-31 18:44:00,259,0.32827363791273906,1,0.9804022423048998,0.9804022423048998,0.9804022423048998
2015-08-31 18:54:00,163,0.3574332560653612,1,0.9783786892606188,0.9783786892606188,0.9783786892606187
2015-08-31 21:04:00,183,0.3450632609293367,1,0.976233981627528,0.976233981627528,0.9762339816275281
2015-08-31 21:14:00,189,0.3388616413536797,1,0.9739611555049096,0.9739611555049096,0.9739611555049095
2015-08-31 21:24:00,215,0.3268766698850728,1,0.9715528829902924,0.9715528829902924,0.9715528829902925
2015-08-31 21:34:00,547,0.31466932342867465,1,0.9690014577341276,0.9690014577341276,0.9690014577341277
2015-08-31 21:44:00,879,0.4276513722602445,1,0.9662987805286816,0.9662987805286816,0.9662987805286815
2015-08-31 21:54:00,798,0.3803317260820938,1,0.9634363450316852,0.9634363450316851,0.963436345031685
2015-08-31 22:03:00,697,0.33994966381006697,1,0.9604052237403536,0.9604052237403536,0.9604052237403535
2015-08-31 22:14:00,411,0.28165569509218635,1,0.9571960543479818,0.9571960543479818,0.9571960543479818
2015-08-31 22:24:00,371,0.2925703200779294,1,0.9537990266333536,0.9537990266333536,0.9537990266333537
2015-08-31 22:34:00,702,0.3433887218601452,1,0.9502038700527944,0.9502038700527944,0.9502038700527945
2015-08-31 22:44:00,807,0.3731232290054401,1,0.9463998422258292,0.9463998422258292,0.9463998422258293
2015-08-31 22:54:00,871,0.3855777338867057,1,0.9423757185280792,0.9423757185280792,0.9423757185280791
2015-08-31 23:04:00,537,0.2784203443469589,1,0.9381197830292124,0.9381197830292124,0.9381197830292123
2015-08-31 23:14:00,430,0.2888162625901202,1,0.9336198210393579,0.933619821039358,0.9336198210393581
2015-08-31 23:24:00,427,0.2891155495197146,1,0.9288631135542996,0.9288631135542996,0.9288631135542997
2015-08-31 23:34:00,373,0.3045784892059256,1,0.9238364339177664,0.9238364339177664,0.9238364339177665
2015-08-31 23:44:00,328,0.3173682330963407,1,0.9185260470480322,0.9185260470480322,0.9185260470480322
2015-08-31 23:54:00,322,0.3173962633678468,1,0.9129177116054532,0.9129177116054532,0.9129177116054531
2015-09-01 00:24:00,301,0.3223104317515903,1,0.9069966855071252,0.9069966855071252,0.9069966855071252
2015-09-01 00:34:00,281,0.3266923436045097,1,0.9007477352240172,0.9007477352240172,0.9007477352240172
2015-09-01 00:44:00,262,0.3305151729087011,1,0.8941551493241043,0.8941551493241043,0.8941551493241043
2015-09-01 00:54:00,252,0.3310518066951775,1,0.8872027567514306,0.8872027567514306,0.8872027567514306
2015-09-01 01:04:00,242,0.33156710200537104,1,0.8798739503548155,0.8798739503548155,0.8798739503548155
2015-09-01 01:14:00,206,0.3410494536865835,1,0.8721517162000508,0.8721517162000508,0.8721517162000508
2015-09-01 05:34:00,168,0.3505048192914117,1,0.8640186692147181,0.8640186692147181,0.8640186692147181
2015-09-01 05:54:00,213,0.3301470508493084,1,0.8554570957239416,0.8554570957239416,0.8554570957239416
2015-09-01 06:16:00,661,0.35760827508839305,1,0.8464490034369017,0.8464490034369017,0.8464490034369017
2015-09-01 06:26:00,525,0.3059242591469317,1,0.8369761794362756,0.8369761794362756,0.8369761794362756
2015-09-01 06:36:00,603,0.3310478792497862,1,0.8270202567040823,0.8270202567040823,0.8270202567040823
2015-09-01 06:46:00,602,0.3278153396648963,1,0.8165627896859616,0.8165627896859616,0.8165627896859616
2015-09-01 06:56:00,614,0.32937325873452983,1,0.8055853393497093,0.8055853393497093,0.8055853393497093
2015-09-01 07:06:00,838,0.4093805245857349,1,0.7940695681310458,0.7940695681310458,0.7940695681310458
2015-09-01 07:16:00,990,0.4494171235864347,1,0.7819973450781921,0.7819973450781921,0.7819973450781921
2015-09-01 07:26:00,1047,0.4409375881201185,1,0.7693508614051173,0.7693508614051173,0.7693508614051173
2015-09-01 07:36:00,1051,0.4174457894786338,1,0.756112756539687,0.756112756539687,0.756112756539687
2015-09-01 07:46:00,1373,0.4920616554856153,1,0.7422662546061886,0.7422662546061886,0.7422662546061886
2015-09-01 07:56:00,1259,0.4199928355227977,1,0.7277953111109334,0.7277953111109334,0.7277953111109334
2015-09-01 08:06:00,1621,0.4849561224536991,1,0.7126847694046469,0.7126847694046469,0.712684769404647
2015-09-01 08:16:00,1680,0.4558171690254702,1,0.6969205262765309,0.6969205262765309,0.6969205262765309
2015-09-01 08:26:00,1551,0.4032320822161511,1,0.6804897057935756,0.6804897057935756,0.6804897057935756
2015-09-01 08:36:00,1787,0.42857115567977866,1,0.6633808402371368,0.6633808402371368,0.6633808402371368
2015-09-01 08:46:00,2325,0.4929271756689546,1,0.6455840567104364,0.6455840567104364,0.6455840567104364
2015-09-01 09:06:00,2014,0.4065797835477655,1,0.6270912677001085,0.6270912677001085,0.6270912677001085
2015-09-01 09:16:00,1853,0.3717575090445952,1,0.607896363578146,0.607896363578146,0.607896363578146
2015-09-01 09:26:00,1920,0.3718222589002205,1,0.5879954047349389,0.5879954047349389,0.5879954047349389
2015-09-01 09:36:00,1993,0.3723961117217957,1,0.5673868107480344,0.5673868107480344,0.5673868107480344
2015-09-01 09:46:00,1841,0.3474160042514557,1,0.5460715437247363,0.5460715437247363,0.5460715437247363
2015-09-01 09:56:00,1861,0.34509956785807616,1,0.5240532827203574,0.5240532827203574,0.5240532827203574
2015-09-01 10:06:00,1901,0.3452165192301557,1,0.5013385859395487,0.5013385859395487,0.5013385859395487
2015-09-01 10:16:00,1863,0.33684377129486703,1,0.4779370372874937,0.4779370372874937,0.4779370372874937
2015-09-01 10:26:00,2134,0.3632159791331673,1,0.453861373762779,0.453861373762779,0.45386137376277896
2015-09-01 10:36:00,1974,0.339352035802787,1,0.4291275901856115,0.4291275901856115,0.42912759018561153
2015-09-01 10:46:00,1868,0.3245180811371937,1,0.4037550178437202,0.4037550178437202,0.4037550178437202
2015-09-01 10:56:00,1775,0.3124395550663881,1,0.3777663738218191,0.3777663738218191,0.3777663738218191
2015-09-01 11:06:00,727,0.3338589282167455,1,0.3511877780643908,0.3511877780643908,0.3511877780643908
2015-09-01 11:16:00,941,0.30785890678229194,1,0.3240487356081201,0.3240487356081201,0.32404873560812014
2015-09-01 11:26:00,1038,0.2962970551798001,1,0.2963820819081228,0.2963820819081228,0.29638208190812276
2015-09-01 11:36:00,799,0.3215399982948371,1,0.26822388976564565,0.26822388976564565,0.26822388976564565
2015-09-01 11:46:00,672,0.3338325902583804,1,0.2396133370342164,0.2396133370342164,0.2396133370342164
2015-09-01 11:56:00,679,0.32989921716645176,1,0.21059253502198785,0.21059253502198785,0.21059253502198783
2015-09-01 12:06:00,592,0.3372080496263957,1,0.1812063183017701,0.1812063183017701,0.1812063183017701
2015-09-01 12:26:00,358,0.3616018515322396,1,0.15150199746476994,0.15150199746476994,0.15150199746476994
2015-09-01 12:36:00,249,0.3682854899160229,1,0.12152907718432868,0.12152907718432868,0.12152907718432868
2015-09-01 12:46:00,237,0.36235889470219856,1,0.09133894276484608,0.09133894276484608,0.09133894276484608
2015-09-01 12:56:00,203,0.3598220944371008,1,0.06098451911082989,0.06098451911082989,0.06098451911082989
2015-09-01 13:06:00,223,0.35149512681628714,1,0.030519906734278762,0.030519906734278762,0.03051990673427876
2015-09-01 13:16:00,217,0.3471702326216493,0,-0.0033526198405875447,-0.0067052396811750885,-0.003352619840587544
2015-09-01 13:26:00,209,0.3435691853193586,0,-0.006699016759774175,-0.01339803351954835,-0.006699016759774175
2015-09-01 13:36:00,206,0.33981411838716824,0,-0.010033013952936121,-0.020066027905872242,-0.010033013952936121
2015-09-01 13:56:00,157,0.3414646181975988,0,-0.013348526124654515,-0.026697052249309038,-0.013348526124654517
2015-09-01 14:06:00,244,0.328197458277693,0,-0.01663960345190519,-0.03327920690381038,-0.01663960345190519
2015-09-01 14:16:00,283,0.3213574077565727,0,-0.01990047345124836,-0.03980094690249672,-0.01990047345124836
2015-09-01 14:26:00,380,0.3088428957981862,0,-0.023125580138501217,-0.046251160277002434,-0.023125580138501217
2015-09-01 14:36:00,458,0.29913110959035355,0,-0.026309619939536125,-0.05261923987907225,-0.026309619939536125
2015-09-01 14:46:00,500,0.2936822339139382,0,-0.029447573893174737,-0.058895147786349474,-0.029447573893174737
2015-09-01 14:56:00,628,0.2791778387248389,0,-0.032534735778512645,-0.06506947155702529,-0.032534735778512645
2015-09-01 15:06:00,724,0.2692889834803879,0,-0.03556673589605878,-0.07113347179211756,-0.03556673589605878
2015-09-01 15:07:00,739,0.2709201478115231,0,-0.038539560331399714,-0.07707912066279943,-0.038539560331399714
2015-09-01 15:56:00,931,0.292976327820086,0,-0.04144956562841084,-0.08289913125682168,-0.04144956562841084
2015-09-01 16:06:00,905,0.28915665411504154,0,-0.044293488893289434,-0.08858697778657887,-0.04429348889328944
2015-09-01 16:16:00,891,0.2868791639395601,0,-0.04706845343821986,-0.09413690687643972,-0.047068453438219866
2015-09-01 16:26:00,1002,0.30042054585682143,0,-0.04977197015209479,-0.09954394030418956,-0.04977197015209479
2015-09-01 16:36:00,970,0.2952667824848275,0,-0.05240193485373673,-0.10480386970747346,-0.05240193485373673
2015-09-01 16:46:00,912,0.2868733734749442,0,-0.05495662193935785,-0.10991324387871568,-0.054956621939357846
2015-09-01 16:56:00,999,0.2981038632053637,0,-0.05743467467997269,-0.11486934935994535,-0.05743467467997269
2015-09-01 17:06:00,963,0.29222862939995664,0,-0.05983509255605285,-0.11967018511210573,-0.059835092556052856
2015-09-01 17:16:00,972,0.29282232691861937,0,-0.062157216036248165,-0.12431443207249633,-0.06215721603624816
2015-09-01 17:26:00,760,0.2754143854400636,0,-0.06440070921523969,-0.12880141843047938,-0.06440070921523969
2015-09-01 17:36:00,648,0.29148726528275004,0,-0.0665655407237815,-0.133131081447563,-0.0665655407237815
2015-09-01 17:46:00,569,0.3028873249337141,0,-0.06865196331298992,-0.13730392662597984,-0.06865196331298992
2015-09-01 17:56:00,586,0.2991253142631943,0,-0.07066049249635233,-0.14132098499270465,-0.07066049249635233
2015-09-01 18:06:00,527,0.3076635866572696,0,-0.07259188460820866,-0.14518376921641732,-0.07259188460820866
2015-09-01 18:16:00,465,0.3166280018914872,0,-0.07444711460806623,-0.14889422921613246,-0.07444711460806622
2015-09-01 18:26:00,507,0.30772743576161515,0,-0.07622735392743282,-0.15245470785486565,-0.07622735392743282
2015-09-01 18:36:00,420,0.3213621165064199,0,-0.07793394862119059,-0.15586789724238118,-0.07793394862119059
2015-09-01 18:46:00,403,0.3222111556333065,0,-0.07956839805003846,-0.15913679610007692,-0.07956839805003846
2015-09-01 18:56:00,330,0.33312551654075423,0,-0.08113233428520795,-0.1622646685704159,-0.08113233428520795
2015-09-01 19:06:00,278,0.33957045746321857,0,-0.08262750239234616,-0.16525500478469232,-0.08262750239234616
2015-09-01 19:16:00,191,0.3520384529670198,0,-0.0840557417188323,-0.1681114834376646,-0.0840557417188323
2015-09-01 19:26:00,173,0.3503175825549409,0,-0.08541896827836673,-0.17083793655673346,-0.08541896827836672
2015-09-01 21:01:00,220,0.3369028773369108,0,-0.08671915829880815,-0.1734383165976163,-0.08671915829880815
2015-09-01 21:22:00,2268,0.5885242279237369,0,-0.08795833297416948,-0.17591666594833893,-0.08795833297416947
2015-09-01 21:32:00,2190,0.4825859120773858,0,-0.08913854443952933,-0.17827708887905866,-0.08913854443952933
2015-09-01 21:52:00,108,0.3426481661125317,0,-0.09026186296839488,-0.18052372593678975,-0.09026186296839489
2015-09-01 23:02:00,122,0.3369837003676593,0,-0.0913303653756962,-0.1826607307513924,-0.0913303653756962
2015-09-02 06:42:00,245,0.3190260577672427,0,-0.09234612459597996,-0.1846922491919599,-0.09234612459597995
2015-09-02 06:52:00,300,0.3105892484935076,0,-0.09331120039532642,-0.18662240079065284,-0.09331120039532642
2015-09-02 11:22:00,176,0.3239585501462072,0,-0.09422763116683386,-0.18845526233366766,-0.09422763116683386
2015-09-02 11:32:00,172,0.3221183326206528,0,-0.09509742675297272,-0.19019485350594545,-0.09509742675297271
2015-09-02 11:42:00,233,0.3124620820408807,0,-0.09592256223347416,-0.19184512446694832,-0.09592256223347416
2015-09-02 11:52:00,272,0.3060963191910768,0,-0.09670497261444637,-0.1934099452288927,-0.09670497261444636
2015-09-02 12:12:00,299,0.3015078222853501,0,-0.09744654835287764,-0.1948930967057553,-0.09744654835287765
2015-09-02 12:22:00,307,0.2994664317119505,0,-0.09814913165036844,-0.19629826330073688,-0.09814913165036844
2015-09-02 12:32:00,283,0.3015864826862737,0,-0.09881451345062824,-0.19762902690125647,-0.09881451345062824
2015-09-02 12:42:00,317,0.29612040607144696,0,-0.09944443107679124,-0.19888886215358248,-0.09944443107679124
2015-09-02 12:52:00,239,0.305716911276228,0,-0.10004056644677506,-0.20008113289355006,-0.10004056644677506
2015-09-02 13:02:00,234,0.3051700583601165,0,-0.10060454480757874,-0.2012090896151575,-0.10060454480757874
2015-09-02 13:22:00,240,0.3031278620354487,0,-0.10113793393245714,-0.20227586786491428,-0.10113793393245714
2015-09-02 13:32:00,201,0.3075706206828393,0,-0.10164224372820306,-0.20328448745640607,-0.10164224372820306
2015-09-02 13:42:00,162,0.3119438473891813,0,-0.10211892620321897,-0.204237852406438,-0.10211892620321898
2015-09-02 13:52:00,179,0.307863751227721,0,-0.10256937575058413,-0.20513875150116825,-0.10256937575058411
2015-09-02 14:12:00,276,0.2921359735629244,0,-0.10299492970385304,-0.20598985940770606,-0.10299492970385302
2015-09-02 14:22:00,279,0.29101773385559515,0,-0.10339686912680246,-0.20679373825360486,-0.10339686912680246
2015-09-02 14:32:00,346,0.2802715279024998,0,-0.10377641980173273,-0.20755283960346546,-0.10377641980173273
2015-09-02 14:42:00,399,0.2719348776261006,0,-0.10413475338419206,-0.20826950676838413,-0.10413475338419206
2015-09-02 14:52:00,488,0.2797955041896309,0,-0.1044729886951052,-0.2089459773902104,-0.10447298869510521
2015-09-02 15:02:00,645,0.30543853466864584,0,-0.10479219312423142,-0.20958438624846285,-0.10479219312423142
2015-09-02 15:12:00,618,0.2995909772296823,0,-0.10509338412164136,-0.2101867682432827,-0.10509338412164135
2015-09-02 15:22:00,556,0.2879650353985259,0,-0.10537753075648193,-0.21075506151296386,-0.10537753075648193
2015-09-02 15:28:00,538,0.28431146329742674,0,-0.10564555532468912,-0.21129111064937825,-0.10564555532468912
2015-09-02 16:12:00,1031,0.3785346357220129,0,-0.10589833498951404,-0.21179666997902807,-0.10589833498951404
2015-09-02 16:22:00,880,0.3402260105053584,0,-0.10613670344075084,-0.21227340688150168,-0.10613670344075084
2015-09-02 16:32:00,1286,0.4170148426738808,0,-0.10636145256040216,-0.21272290512080436,-0.10636145256040216
2015-09-02 16:42:00,1060,0.35721293265159937,0,-0.10657333408419624,-0.2131466681683925,-0.10657333408419625
2015-09-02 16:52:00,1202,0.3772965322686615,0,-0.106773061249889,-0.213546122499778,-0.106773061249889
2015-09-02 17:02:00,1220,0.37166610446249976,0,-0.10696131042465308,-0.21392262084930613,-0.10696131042465307
2015-09-02 17:12:00,1379,0.3916808507827814,0,-0.10713872270508354,-0.21427744541016708,-0.10713872270508354
2015-09-02 17:22:00,1283,0.3639925435776771,0,-0.1073059054844476,-0.21461181096889526,-0.10730590548444761
2015-09-02 17:32:00,1167,0.33875565698545324,0,-0.10746343398278176,-0.2149268679655636,-0.10746343398278178
2015-09-02 17:42:00,1064,0.3191526698912881,0,-0.10761185273630572,-0.21522370547261144,-0.10761185273630572
2015-09-02 17:52:00,825,0.2813381928595922,0,-0.10775167704338498,-0.21550335408677,-0.10775167704338498
2015-09-02 18:02:00,742,0.2690050653552468,0,-0.10788339436494662,-0.21576678872989324,-0.10788339436494662
2015-09-02 18:11:00,702,0.2749620946106225,0,-0.10800746567783674,-0.21601493135567348,-0.10800746567783674
2015-09-02 18:22:00,705,0.2743462412186415,0,-0.10812432678012064,-0.21624865356024128,-0.10812432678012064
2015-09-02 18:32:00,586,0.29334930463640885,0,-0.10823438954776678,-0.21646877909553355,-0.10823438954776678
2015-09-02 18:42:00,674,0.27810966617010363,0,-0.10833804314253584,-0.21667608628507165,-0.10833804314253583
2015-09-02 18:52:00,517,0.3047652239132121,0,-0.10843565517122056,-0.21687131034244114,-0.10843565517122057
2015-09-02 19:02:00,424,0.3204631462522889,0,-0.10852757279665734,-0.21705514559331468,-0.10852757279665734
2015-09-02 19:12:00,333,0.3355210883736137,0,-0.10861412380116058,-0.21722824760232115,-0.10861412380116058
2015-09-02 19:22:00,262,0.3459084000810158,0,-0.10869561760322527,-0.21739123520645054,-0.10869561760322528
2015-09-02 19:32:00,193,0.3549833056941141,0,-0.1087723462284987,-0.2175446924569974,-0.1087723462284987
2015-09-02 19:42:00,223,0.3437910446959908,0,-0.10884458523615154,-0.21768917047230307,-0.10884458523615154
2015-09-02 19:52:00,173,0.3492457017582124,0,-0.10891259460187938,-0.2178251892037588,-0.10891259460187938
2015-09-02 20:02:00,170,0.3450966198532473,0,-0.108976619558843,-0.217953239117686,-0.10897661955884301
2015-09-02 20:12:00,192,0.3367088203692474,0,-0.10903689139791438,-0.2180737827958288,-0.10903689139791438
2015-09-02 20:27:00,187,0.3342529012777067,0,-0.10909362822863523,-0.2181872564572705,-0.10909362822863525
2015-09-02 20:37:00,254,0.3186539194669113,0,-0.10914703570232044,-0.21829407140464085,-0.10914703570232043
2015-09-02 20:47:00,321,0.30439810128286626,0,-0.1091973076987504,-0.2183946153975008,-0.10919730769875041
2015-09-02 20:57:00,351,0.2977210702885303,0,-0.10924462697789912,-0.21848925395579827,-0.10924462697789913
2015-09-02 21:07:00,487,0.27215614438696306,0,-0.10928916579813484,-0.2185783315962697,-0.10928916579813484
2015-09-02 21:17:00,708,0.3071208645165395,0,-0.10933108650231613,-0.21866217300463225,-0.10933108650231611
2015-09-02 21:27:00,634,0.29138119210772623,0,-0.10937054207318286,-0.21874108414636573,-0.10937054207318286
2015-09-02 21:37:00,630,0.2899517709695297,0,-0.1094076766594145,-0.21881535331882898,-0.1094076766594145
2015-09-02 21:47:00,454,0.282970544247672,0,-0.10944262607369544,-0.21888525214739085,-0.10944262607369543
2015-09-02 21:57:00,340,0.3062648795219116,0,-0.10947551826409238,-0.2189510365281848,-0.10947551826409238
2015-09-02 22:17:00,181,0.3403655168650412,0,-0.10950647376001052,-0.21901294752002107,-0.10950647376001053
2015-09-03 01:47:00,140,0.3460065616028661,0,-0.10953560609395452,-0.21907121218790904,-0.10953560609395453
2015-09-03 06:47:00,186,0.3312293914900897,0,-0.10956302220027928,-0.21912604440055852,-0.10956302220027928
2015-09-03 06:57:00,348,0.2929099941509229,0,-0.10958882279207302,-0.21917764558414604,-0.109588822792073
2015-09-03 07:07:00,413,0.2783639857420713,0,-0.10961310271727162,-0.21922620543454324,-0.10961310271727162
2015-09-03 07:17:00,416,0.2774732250400206,0,-0.10963595129506044,-0.2192719025901209,-0.10963595129506044
2015-09-03 07:27:00,494,0.27765172169471003,0,-0.10965745263357622,-0.21931490526715244,-0.10965745263357622
2015-09-03 07:37:00,548,0.2897896963863689,0,-0.10967768592987977,-0.21935537185975956,-0.10967768592987977
2015-09-03 07:47:00,726,0.3331590349330232,0,-0.109696725753127,-0.219393451506254,-0.10969672575312699
2015-09-03 07:57:00,779,0.34381702008596193,0,-0.10971464231182568,-0.21942928462365136,-0.10971464231182568
2015-09-03 08:07:00,907,0.37368227532774784,0,-0.10973150170602416,-0.2194630034120483,-0.10973150170602415
2015-09-03 08:17:00,1031,0.3985206756358931,0,-0.10974736616523884,-0.21949473233047767,-0.10974736616523884
2015-09-03 08:27:00,1221,0.4349285848919122,0,-0.10976229427288996,-0.21952458854577994,-0.10976229427288997
2015-09-03 08:37:00,1154,0.3961342179392767,0,-0.1097763411779769,-0.2195526823559538,-0.1097763411779769
2015-09-03 08:47:00,1356,0.4297345565529373,0,-0.10978955879468953,-0.21957911758937906,-0.10978955879468952
2015-09-03 08:57:00,1602,0.4614362234743985,0,-0.10980199599061688,-0.21960399198123376,-0.10980199599061688
2015-09-03 09:07:00,1637,0.4363858468322976,0,-0.1098136987641818,-0.2196273975283636,-0.1098136987641818
2015-09-03 09:17:00,1672,0.4192336762083776,0,-0.10982471041189754,-0.21964942082379507,-0.10982471041189754
2015-09-03 09:27:00,1442,0.36453601099331,0,-0.10983507168601236,-0.2196701433720247,-0.10983507168601235
2015-09-03 09:37:00,1030,0.2979815458206825,0,-0.10984482094307868,-0.21968964188615736,-0.10984482094307868
2015-09-03 09:47:00,1135,0.3120794096132012,0,-0.1098539942839549,-0.2197079885679098,-0.1098539942839549
2015-09-03 09:57:00,1069,0.3009224692593353,0,-0.10986262568572144,-0.21972525137144286,-0.10986262568572142
2015-09-03 10:07:00,821,0.2730928951867772,0,-0.109870747125967,-0.21974149425193398,-0.109870747125967
2015-09-03 10:17:00,658,0.29677937661263043,0,-0.1098783886998768,-0.2197567773997536,-0.1098783886998768
2015-09-03 10:27:00,633,0.2997655055356933,0,-0.10988557873053036,-0.2197711574610607,-0.10988557873053036
2015-09-03 10:37:00,430,0.33153084488797474,0,-0.1098923438727956,-0.2197846877455912,-0.10989234387279559
2015-09-03 10:47:00,307,0.3493226734842841,0,-0.10989870921118396,-0.21979741842236794,-0.10989870921118397
2015-09-03 10:57:00,415,0.3265885553467696,0,-0.1099046983520117,-0.2198093967040234,-0.1099046983520117
2015-09-03 11:07:00,493,0.3113086240817381,0,-0.109910333510193,-0.21982066702038602,-0.109910333510193
2015-09-03 11:17:00,465,0.3143961967040682,0,-0.1099156355909734,-0.2198312711819468,-0.1099156355909734
2015-09-03 11:27:00,542,0.2999671704581386,0,-0.109920624266894,-0.21984124853378798,-0.109920624266894
2015-09-03 11:37:00,455,0.3136759811343929,0,-0.10992531805026096,-0.2198506361005219,-0.10992531805026096
2015-09-03 11:57:00,408,0.32021361720312524,0,-0.10992973436137997,-0.2198594687227599,-0.10992973436137995
2015-09-03 12:07:00,445,0.3116331918560338,0,-0.10993388959279966,-0.21986777918559933,-0.10993388959279966
2015-09-03 12:17:00,463,0.3069090788960461,0,-0.10993779916979553,-0.21987559833959106,-0.10993779916979551
2015-09-03 12:27:00,434,0.310839692781876,0,-0.10994147760731136,-0.2198829552146227,-0.10994147760731135
2015-09-03 12:37:00,419,0.3121016775037577,0,-0.10994493856356446,-0.21988987712712893,-0.10994493856356446
2015-09-03 12:47:00,405,0.31315627699482,0,-0.10994819489050764,-0.2198963897810153,-0.10994819489050765
2015-09-03 12:57:00,410,0.3105818782796625,0,-0.10995125868133117,-0.2199025173626623,-0.10995125868133115
2015-09-03 13:07:00,417,0.307755910057515,0,-0.10995414131517664,-0.21990828263035325,-0.10995414131517663
2015-09-03 13:17:00,403,0.3091558620334995,0,-0.10995685349922564,-0.21991370699845125,-0.10995685349922563
2015-09-03 13:27:00,433,0.3018248020410245,0,-0.1099594053083155,-0.21991881061663102,-0.1099594053083155
2015-09-03 13:37:00,413,0.30478670722253715,0,-0.1099618062222272,-0.2199236124444544,-0.1099618062222272
2015-09-03 13:39:00,408,0.3046240114357334,0,-0.109964065160781,-0.21992813032156205,-0.10996406516078101
2015-09-03 14:27:00,533,0.2780087320241043,0,-0.10996619051686783,-0.2199323810337357,-0.10996619051686785
2015-09-03 14:37:00,640,0.2816823704112784,0,-0.10996819018753758,-0.21993638037507515,-0.10996819018753758
2015-09-03 14:47:00,573,0.2703866058601106,0,-0.10997007160325753,-0.21994014320651506,-0.10997007160325752
2015-09-03 14:57:00,600,0.273208543139954,0,-0.10997184175544852,-0.21994368351089705,-0.10997184175544852
2015-09-03 15:07:00,876,0.3368233402761863,0,-0.1099735072223996,-0.2199470144447992,-0.1099735072223996
2015-09-03 15:17:00,1003,0.3650174915094351,0,-0.109975074193656,-0.219950148387312,-0.10997507419365599
2015-09-03 15:27:00,1080,0.3774606581557316,0,-0.10997654849297048,-0.21995309698594093,-0.10997654849297048
2015-09-03 15:37:00,1133,0.3816062827139618,0,-0.10997793559990204,-0.21995587119980406,-0.10997793559990202
2015-09-03 15:47:00,1302,0.4128628284296332,0,-0.10997924067014134,-0.21995848134028267,-0.10997924067014134
2015-09-03 15:57:00,1330,0.4027235854786773,0,-0.10998046855463817,-0.2199609371092763,-0.10998046855463815
2015-09-03 15:58:00,1374,0.3981970379455904,0,-0.10998162381760042,-0.21996324763520084,-0.10998162381760042
2015-09-03 16:26:00,829,0.28090716213664185,0,-0.10998271075343212,-0.21996542150686427,-0.10998271075343213
2015-09-03 16:36:00,992,0.3107285802886113,0,-0.1099837334026718,-0.21996746680534365,-0.10998373340267181
2015-09-03 16:46:00,1307,0.3730443353772754,0,-0.1099846955669907,-0.2199693911339814,-0.1099846955669907
2015-09-03 16:56:00,1822,0.4750704603042327,0,-0.10998560082330593,-0.21997120164661185,-0.10998560082330591
2015-09-03 17:06:00,1761,0.4264954560535832,0,-0.10998645253706073,-0.21997290507412146,-0.10998645253706071
2015-09-03 17:16:00,1720,0.3991238741628865,0,-0.1099872538747208,-0.2199745077494416,-0.10998725387472079
2015-09-03 17:27:00,1893,0.4143449017690853,0,-0.109988007815533,-0.219976015631066,-0.10998800781553299
2015-09-03 17:36:00,1449,0.3313239001428027,0,-0.10998871716258968,-0.21997743432517936,-0.10998871716258968
2015-09-03 17:46:00,1319,0.31011286674852323,0,-0.10998938455323984,-0.2199787691064797,-0.10998938455323985
2015-09-03 17:48:00,1197,0.2917749489504889,0,-0.10999001246888546,-0.2199800249377709,-0.10999001246888546
2015-09-03 18:31:00,482,0.3479279779706891,0,-0.10999060324419913,-0.21998120648839825,-0.10999060324419913
2015-09-03 18:56:00,638,0.3201656230924344,0,-0.10999115907579736,-0.21998231815159472,-0.10999115907579736
2015-09-03 19:06:00,553,0.3307530993899664,0,-0.1099916820304016,-0.2199833640608032,-0.10999168203040159
2015-09-03 19:16:00,528,0.3316677516968645,0,-0.10999217405251696,-0.21998434810503395,-0.10999217405251697
2015-09-03 19:26:00,307,0.3630825901824987,0,-0.10999263697165758,-0.2199852739433152,-0.10999263697165758
2015-09-03 21:02:00,232,0.36826711406049545,0,-0.10999307250914464,-0.21998614501828925,-0.10999307250914463
2015-09-03 21:12:00,290,0.3521122898068592,0,-0.10999348228450312,-0.21998696456900627,-0.10999348228450313
2015-09-03 21:22:00,294,0.3464500306816968,0,-0.10999386782148048,-0.21998773564296095,-0.10999386782148049
2015-09-03 21:42:00,187,0.3580225387569275,0,-0.10999423055370933,-0.21998846110741865,-0.10999423055370931
2015-09-03 21:52:00,186,0.35233993449007145,0,-0.10999457183003583,-0.21998914366007166,-0.10999457183003582
2015-09-03 22:42:00,163,0.3506081967946746,0,-0.10999489291953306,-0.2199897858390661,-0.10999489291953306
2015-09-03 22:52:00,148,0.34789844769536304,0,-0.10999519501621798,-0.21999039003243595,-0.10999519501621798
2015-09-03 23:32:00,150,0.3430485310284027,0,-0.10999547924348957,-0.2199909584869792,-0.10999547924348958
2015-09-03 23:42:00,174,0.3356112086822745,0,-0.10999574665830483,-0.2199914933166097,-0.10999574665830485
2015-09-03 23:52:00,205,0.3279477935174742,0,-0.1099959982551077,-0.2199919965102154,-0.1099959982551077
2015-09-04 00:02:00,214,0.3240462386446163,0,-0.10999623496952572,-0.21999246993905144,-0.10999623496952572
2015-09-04 00:12:00,172,0.3276934595634565,0,-0.10999645768184843,-0.21999291536369686,-0.10999645768184843
2015-09-04 01:43:00,94,0.3363872707865779,0,-0.10999666722029973,-0.21999333444059946,-0.10999666722029973
2015-09-04 03:53:00,66,0.33712285951399995,0,-0.1099968643641171,-0.2199937287282342,-0.1099968643641171
2015-09-04 04:43:00,79,0.3317901089986095,0,-0.10999704984644856,-0.2199940996928971,-0.10999704984644855
2015-09-04 04:53:00,88,0.3275257964641299,0,-0.1099972243570784,-0.21999444871415685,-0.10999722435707841
2015-09-04 05:23:00,107,0.3221491458735785,0,-0.10999738854499187,-0.21999477708998375,-0.10999738854499189
2015-09-04 05:43:00,103,0.32053833824084915,0,-0.10999754302078796,-0.21999508604157594,-0.10999754302078797
2015-09-04 08:03:00,121,0.31578655674826184,0,-0.10999768835894977,-0.2199953767178995,-0.10999768835894976
2015-09-04 08:33:00,100,0.3171495579367829,0,-0.10999782509998042,-0.21999565019996084,-0.10999782509998042
2015-09-04 09:03:00,122,0.31195568116057626,0,-0.10999795375241292,-0.21999590750482587,-0.10999795375241293
2015-09-04 09:13:00,114,0.31162233795638405,0,-0.10999807479470088,-0.21999614958940172,-0.10999807479470088
2015-09-04 09:33:00,131,0.30745108094907697,0,-0.10999818867699757,-0.21999637735399516,-0.10999818867699757
2015-09-04 09:53:00,140,0.3047229980543197,0,-0.1099982958228298,-0.21999659164565966,-0.10999829582282981
2015-09-04 10:13:00,138,0.30385642160902315,0,-0.10999839663067283,-0.21999679326134566,-0.10999839663067282
2015-09-04 10:33:00,147,0.3012568326018141,0,-0.10999849147543188,-0.21999698295086376,-0.10999849147543188
2015-09-04 10:43:00,150,0.2997361574535011,0,-0.10999858070983648,-0.21999716141967293,-0.10999858070983647
2015-09-04 10:53:00,168,0.2957698065265595,0,-0.10999866466575184,-0.21999732933150368,-0.10999866466575184
2015-09-04 11:03:00,155,0.29717796994118395,0,-0.10999874365541322,-0.21999748731082644,-0.10999874365541322
2015-09-04 11:13:00,153,0.29666745235810543,0,-0.10999881797258672,-0.21999763594517344,-0.10999881797258672
2015-09-04 11:23:00,151,0.2961842094776299,0,-0.10999888789366187,-0.2199977757873237,-0.10999888789366187
2015-09-04 11:33:00,147,0.29608994687580864,0,-0.1099989536786794,-0.2199979073573588,-0.1099989536786794
2015-09-04 11:43:00,158,0.29324176163137233,0,-0.1099990155722982,-0.21999803114459646,-0.10999901557229821
2015-09-04 11:53:00,162,0.2917795731424754,0,-0.10999907380470528,-0.21999814760941053,-0.10999907380470528
2015-09-04 12:13:00,143,0.29478487373192985,0,-0.10999912859247156,-0.21999825718494312,-0.10999912859247156
2015-09-04 12:23:00,166,0.2894967766082241,0,-0.10999918013935747,-0.21999836027871494,-0.10999918013935749
2015-09-04 12:33:00,149,0.2923302026251814,0,-0.1099992286370706,-0.2199984572741412,-0.10999922863707061
2015-09-04 12:43:00,158,0.28980447702312256,0,-0.1099992742659786,-0.2199985485319572,-0.1099992742659786
2015-09-04 13:13:00,144,0.2921576119972124,0,-0.10999931719577996,-0.21999863439155992,-0.10999931719577996
2015-09-04 13:23:00,122,0.2962479834124418,0,-0.1099993575861352,-0.2199987151722704,-0.1099993575861352
2015-09-04 13:43:00,124,0.2949824952667103,0,-0.10999939558726043,-0.21999879117452087,-0.10999939558726043
2015-09-04 13:53:00,145,0.2894809401644753,0,-0.10999943134048623,-0.21999886268097246,-0.10999943134048622
2015-09-04 14:03:00,123,0.2939672657386716,0,-0.10999946497878298,-0.21999892995756595,-0.10999946497878298
2015-09-04 14:23:00,122,0.2934675623471627,0,-0.1099994966272556,-0.2199989932545112,-0.10999949662725561
2015-09-04 14:43:00,231,0.2707426697590115,0,-0.1099995264036087,-0.2199990528072174,-0.1099995264036087
2015-09-04 16:03:00,115,0.295220349646234,0,-0.10999955441858436,-0.21999910883716872,-0.10999955441858436
2015-09-04 16:13:00,242,0.2747192468991255,0,-0.10999958077637388,-0.21999916155274776,-0.10999958077637388
2015-09-04 16:33:00,138,0.2894567587407809,0,-0.10999960557500542,-0.21999921115001084,-0.10999960557500542
2015-09-04 17:03:00,113,0.2955151470467019,0,-0.10999962890670843,-0.2199992578134169,-0.10999962890670845
2015-09-04 17:23:00,135,0.288757706173187,0,-0.1099996508582568,-0.2199993017165136,-0.1099996508582568
2015-09-04 17:33:00,137,0.2876516880369165,0,-0.10999967151129136,-0.21999934302258276,-0.10999967151129136
2015-09-04 18:03:00,107,0.2956508313641614,0,-0.10999969094262373,-0.21999938188524745,-0.10999969094262373
2015-09-04 19:13:00,126,0.289330084564812,0,-0.10999970922452182,-0.21999941844904364,-0.10999970922452182
2015-09-04 19:33:00,75,0.304055288476733,0,-0.1099997264249787,-0.2199994528499574,-0.1099997264249787
2015-09-04 19:43:00,70,0.3044520666094128,0,-0.10999974260796544,-0.21999948521593085,-0.10999974260796543
2015-09-04 19:53:00,88,0.2976267066011037,0,-0.10999975783366896,-0.2199995156673379,-0.10999975783366896
2015-09-04 20:03:00,84,0.2980261216666269,0,-0.109999772158716,-0.21999954431743202,-0.109999772158716
2015-09-04 20:13:00,81,0.29811138267692705,0,-0.10999978563638356,-0.21999957127276715,-0.10999978563638357
2015-09-04 20:23:00,84,0.2962191064811717,0,-0.10999979831679724,-0.21999959663359447,-0.10999979831679724
2015-09-04 20:33:00,77,0.297773610997981,0,-0.1099998102471174,-0.21999962049423485,-0.10999981024711741
2015-09-04 20:43:00,82,0.2951604285773509,0,-0.10999982147171483,-0.2199996429434297,-0.10999982147171485
2015-09-04 21:03:00,71,0.2982748175059416,0,-0.10999983203233556,-0.2199996640646712,-0.10999983203233558
2015-09-04 21:13:00,67,0.298823799339844,0,-0.10999984196825628,-0.21999968393651254,-0.10999984196825627
2015-09-05 00:09:00,75,0.2949450297666981,0,-0.10999985131643016,-0.21999970263286034,-0.10999985131643017
2015-09-05 06:39:00,59,0.3002207846376861,0,-0.10999986011162466,-0.21999972022324926,-0.10999986011162466
2015-09-05 06:49:00,51,0.3023453231945229,0,-0.10999986838655053,-0.21999973677310106,-0.10999986838655053
2015-09-05 06:59:00,53,0.3004772283969069,0,-0.10999987617198352,-0.21999975234396704,-0.10999987617198352
2015-09-05 07:09:00,63,0.29546606744574416,0,-0.10999988349687898,-0.21999976699375795,-0.10999988349687898
2015-09-05 09:29:00,133,0.2709738414586781,0,-0.10999989038847938,-0.21999978077695875,-0.10999989038847938
2015-09-05 12:37:00,115,0.27412957680971345,0,-0.10999989687241574,-0.21999979374483147,-0.10999989687241574
2015-09-05 14:27:00,102,0.2793759018055568,0,-0.10999990297280288,-0.21999980594560575,-0.10999990297280289
2015-09-05 23:47:00,92,0.2833878140093612,0,-0.1099999087123292,-0.2199998174246584,-0.10999990871232919
2015-09-05 23:57:00,88,0.28476617346986777,0,-0.10999991411234088,-0.21999982822468175,-0.10999991411234089
2015-09-06 00:37:00,118,0.2709461998980521,0,-0.10999991919292157,-0.2199998383858431,-0.10999991919292156
2015-09-06 01:07:00,109,0.274973741039833,0,-0.1099999239729667,-0.2199998479459334,-0.1099999239729667
2015-09-06 01:47:00,109,0.2748187312520312,0,-0.10999992847025417,-0.21999985694050836,-0.10999992847025417
2015-09-06 02:07:00,101,0.2785140139370151,0,-0.10999993270151008,-0.21999986540302016,-0.10999993270151008
2015-09-06 02:27:00,93,0.2822402152443226,0,-0.11,-0.22,-0.11
2015-09-06 03:08:00,94,0.281374547537171,0,-0.11,-0.22,-0.11
2015-09-06 04:28:00,94,0.28104472605079345,0,-0.11,-0.22,-0.11
2015-09-06 04:38:00,14,0.32551055619087793,0,-0.11,-0.22,-0.11
2015-09-06 04:48:00,93,0.2786159286149005,0,-0.11,-0.22,-0.11
2015-09-06 05:18:00,86,0.2822422189115726,0,-0.11,-0.22,-0.11
2015-09-06 05:58:00,52,0.3016626333856087,0,-0.11,-0.22,-0.11
2015-09-06 06:38:00,34,0.3115967668497208,0,-0.11,-0.22,-0.11
2015-09-06 06:48:00,32,0.3113094947041655,0,-0.11,-0.22,-0.11
2015-09-06 06:58:00,33,0.30915421212652305,0,-0.11,-0.22,-0.11
2015-09-06 07:18:00,60,0.2906703037414584,0,-0.11,-0.22,-0.11
2015-09-06 15:32:00,95,0.26957108366288857,0,-0.11,-0.22,-0.11
2015-09-06 16:22:00,97,0.27080437343306424,0,-0.11,-0.22,-0.11
2015-09-07 01:52:00,93,0.26968621186956393,0,-0.11,-0.22,-0.11
2015-09-07 03:22:00,73,0.2830011515074183,0,-0.11,-0.22,-0.11
2015-09-07 04:32:00,95,0.2702528796154845,0,-0.11,-0.22,-0.11
2015-09-07 04:42:00,92,0.26973381146277386,0,-0.11,-0.22,-0.11
2015-09-07 05:02:00,100,0.27385549709422474,0,-0.11,-0.22,-0.11
2015-09-07 07:12:00,96,0.27080526712692643,0,-0.11,-0.22,-0.11
2015-09-07 08:12:00,72,0.28529173444619604,0,-0.11,-0.22,-0.11
2015-09-07 08:52:00,119,0.2896316718428045,0,-0.11,-0.22,-0.11
2015-09-07 09:02:00,134,0.3014355616349825,0,-0.11,-0.22,-0.11
2015-09-07 09:22:00,132,0.2987007500616226,0,-0.11,-0.22,-0.11
2015-09-07 09:32:00,132,0.2977810446463534,0,-0.11,-0.22,-0.11
2015-09-07 09:42:00,137,0.3013253258027499,0,-0.11,-0.22,-0.11
2015-09-07 09:52:00,140,0.30301748850781235,0,-0.11,-0.22,-0.11
2015-09-07 10:02:00,136,0.2982211810550287,0,-0.11,-0.22,-0.11
2015-09-07 10:12:00,139,0.3001403298989288,0,-0.11,-0.22,-0.11
2015-09-07 10:22:00,138,0.29820159207127234,0,-0.11,-0.22,-0.11
2015-09-07 10:32:00,138,0.2973022208078598,0,-0.11,-0.22,-0.11
2015-09-07 10:52:00,144,0.3024501445620737,0,-0.11,-0.22,-0.11
2015-09-07 11:02:00,145,0.3023962886739165,0,-0.11,-0.22,-0.11
2015-09-07 11:22:00,129,0.2848557191980753,0,-0.11,-0.22,-0.11
2015-09-07 11:42:00,143,0.29914353654708137,0,-0.11,-0.22,-0.11
2015-09-07 11:52:00,134,0.2885132910148981,0,-0.11,-0.22,-0.11
2015-09-07 12:02:00,124,0.2771839886041617,0,-0.11,-0.22,-0.11
2015-09-07 12:32:00,138,0.29252138037376324,0,-0.11,-0.22,-0.11
2015-09-07 12:45:00,137,0.2906858004630578,0,-0.11,-0.22,-0.11
2015-09-07 13:05:00,147,0.30196312562798683,0,-0.11,-0.22,-0.11
2015-09-07 13:15:00,142,0.29481482940461184,0,-0.11,-0.22,-0.11
2015-09-07 13:25:00,142,0.29404736007032656,0,-0.11,-0.22,-0.11
2015-09-07 13:35:00,148,0.3009349197879467,0,-0.11,-0.22,-0.11
2015-09-07 13:45:00,139,0.2883181418197887,0,-0.11,-0.22,-0.11
2015-09-07 13:55:00,143,0.29301812629041074,0,-0.11,-0.22,-0.11
2015-09-07 14:05:00,145,0.2950142852051313,0,-0.11,-0.22,-0.11
2015-09-07 14:15:00,148,0.2983972456960482,0,-0.11,-0.22,-0.11
2015-09-07 14:25:00,125,0.27197887993618314,0,-0.11,-0.22,-0.11
2015-09-07 14:35:00,128,0.2701004377414133,0,-0.11,-0.22,-0.11
2015-09-07 14:45:00,123,0.27487736047286554,0,-0.11,-0.22,-0.11
2015-09-07 14:55:00,133,0.2776930576966712,0,-0.11,-0.22,-0.11
2015-09-07 15:05:00,139,0.2865959597573617,0,-0.11,-0.22,-0.11
2015-09-07 15:35:00,125,0.2733120690772668,0,-0.11,-0.22,-0.11
2015-09-07 15:45:00,125,0.27320038552815545,0,-0.11,-0.22,-0.11
2015-09-07 15:55:00,139,0.2874922846809477,0,-0.11,-0.22,-0.11
2015-09-07 16:05:00,136,0.28191280857128903,0,-0.11,-0.22,-0.11
2015-09-07 16:15:00,131,0.2730478985646571,0,-0.11,-0.22,-0.11
2015-09-07 16:25:00,137,0.2834515649757043,0,-0.11,-0.22,-0.11
2015-09-07 16:45:00,126,0.27441312715809785,0,-0.11,-0.22,-0.11
2015-09-07 17:05:00,113,0.29862638753699394,0,-0.11,-0.22,-0.11
2015-09-07 17:25:00,131,0.2742348793712479,0,-0.11,-0.22,-0.11
2015-09-07 17:35:00,136,0.28375710719539177,0,-0.11,-0.22,-0.11
2015-09-07 17:45:00,138,0.2873719358887609,0,-0.11,-0.22,-0.11
2015-09-07 18:05:00,143,0.2972799487740419,0,-0.11,-0.22,-0.11
2015-09-07 18:15:00,154,0.3205664788648009,0,-0.11,-0.22,-0.11
2015-09-07 18:35:00,158,0.327589831804791,0,-0.11,-0.22,-0.11
2015-09-07 18:45:00,140,0.2849518626854969,0,-0.11,-0.22,-0.11
2015-09-07 18:55:00,130,0.2748372331500664,0,-0.11,-0.22,-0.11
2015-09-07 19:01:00,124,0.2880768044908157,0,-0.11,-0.22,-0.11
2015-09-08 00:54:00,11,0.5914265208032163,0,-0.11,-0.22,-0.11
2015-09-08 01:44:00,67,0.37870639487102303,0,-0.11,-0.22,-0.11
2015-09-08 01:54:00,70,0.3638394861334407,0,-0.11,-0.22,-0.11
2015-09-08 02:04:00,97,0.3083178454945669,0,-0.11,-0.22,-0.11
2015-09-08 02:54:00,78,0.34151024774475797,0,-0.11,-0.22,-0.11
2015-09-08 03:24:00,44,0.4033664114583944,0,-0.11,-0.22,-0.11
2015-09-08 04:24:00,12,0.4505534648054146,0,-0.11,-0.22,-0.11
2015-09-08 04:34:00,34,0.384920140458447,0,-0.11,-0.22,-0.11
2015-09-08 04:44:00,31,0.3795273878106074,0,-0.11,-0.22,-0.11
2015-09-08 11:28:00,82,0.2948133240461662,0,-0.11,-0.22,-0.11
2015-09-08 11:36:00,63,0.3217172889491602,0,-0.11,-0.22,-0.11
2015-09-08 11:46:00,66,0.3150542418595505,0,-0.11,-0.22,-0.11
2015-09-08 13:16:00,114,0.2934854856044603,0,-0.11,-0.22,-0.11
2015-09-08 13:26:00,131,0.3186473598578016,0,-0.11,-0.22,-0.11
2015-09-08 13:29:00,136,0.3246017857280908,0,-0.11,-0.22,-0.11
2015-09-08 14:08:00,138,0.3254404266938753,0,-0.11,-0.22,-0.11
2015-09-08 14:18:00,147,0.3377526843807583,0,-0.11,-0.22,-0.11
2015-09-08 14:28:00,137,0.31794439408788583,0,-0.11,-0.22,-0.11
2015-09-08 14:48:00,162,0.3580177901598653,0,-0.11,-0.22,-0.11
2015-09-08 14:58:00,167,0.3607160775477148,0,-0.11,-0.22,-0.11
2015-09-08 15:08:00,145,0.3185194942101519,0,-0.11,-0.22,-0.11
2015-09-08 15:18:00,157,0.3361587175465405,0,-0.11,-0.22,-0.11
2015-09-08 15:28:00,212,0.4290786638303739,0,-0.11,-0.22,-0.11
2015-09-08 15:38:00,230,0.4383218982897976,0,-0.11,-0.22,-0.11
2015-09-08 15:48:00,259,0.4594838506785538,0,-0.11,-0.22,-0.11
2015-09-08 15:58:00,199,0.3481400290687651,0,-0.11,-0.22,-0.11
2015-09-08 16:08:00,170,0.30776755812695183,0,-0.11,-0.22,-0.11
2015-09-08 16:18:00,216,0.3650301407720077,0,-0.11,-0.22,-0.11
2015-09-08 16:38:00,191,0.3265556133118375,0,-0.11,-0.22,-0.11
2015-09-08 16:48:00,149,0.2741593248949521,0,-0.11,-0.22,-0.11
2015-09-08 16:58:00,165,0.29293715649295005,0,-0.11,-0.22,-0.11
2015-09-08 17:18:00,195,0.33049541555037754,0,-0.11,-0.22,-0.11
2015-09-08 17:28:00,176,0.3030825446344726,0,-0.11,-0.22,-0.11
2015-09-08 17:48:00,182,0.309756122119608,0,-0.11,-0.22,-0.11
2015-09-08 17:58:00,154,0.2725025713268059,0,-0.11,-0.22,-0.11
2015-09-08 18:08:00,163,0.28392953746991656,0,-0.11,-0.22,-0.11
2015-09-08 18:18:00,225,0.3723646548832363,0,-0.11,-0.22,-0.11
2015-09-08 18:28:00,234,0.3777773471211202,0,-0.11,-0.22,-0.11
2015-09-08 18:48:00,180,0.294787562015811,0,-0.11,-0.22,-0.11
2015-09-08 18:58:00,178,0.2913943551785472,0,-0.11,-0.22,-0.11
2015-09-08 19:08:00,146,0.28893636171424275,0,-0.11,-0.22,-0.11
2015-09-08 20:18:00,109,0.3413145212104665,0,-0.11,-0.22,-0.11
2015-09-08 20:48:00,116,0.3271498621637762,0,-0.11,-0.22,-0.11
2015-09-08 20:58:00,103,0.3439595872989757,0,-0.11,-0.22,-0.11
2015-09-08 22:18:00,144,0.2812562689639904,0,-0.11,-0.22,-0.11
2015-09-08 23:18:00,180,0.30718075677762485,0,-0.11,-0.22,-0.11
2015-09-08 23:28:00,159,0.2756707016604461,0,-0.11,-0.22,-0.11
2015-09-08 23:38:00,178,0.30345755641009725,0,-0.11,-0.22,-0.11
2015-09-08 23:58:00,148,0.2799245082254091,0,-0.11,-0.22,-0.11
2015-09-09 00:28:00,113,0.3352848687799374,0,-0.11,-0.22,-0.11
2015-09-09 00:48:00,103,0.34888671361119883,0,-0.11,-0.22,-0.11
2015-09-09 01:38:00,57,0.42533688760342203,0,-0.11,-0.22,-0.11
2015-09-09 01:58:00,58,0.40371341551910817,0,-0.11,-0.22,-0.11
2015-09-09 02:18:00,120,0.2976860166926086,0,-0.11,-0.22,-0.11
2015-09-09 02:28:00,121,0.2954044509522444,0,-0.11,-0.22,-0.11
2015-09-09 02:48:00,96,0.3315715866032519,0,-0.11,-0.22,-0.11
2015-09-09 02:58:00,101,0.32105159825011925,0,-0.11,-0.22,-0.11
2015-09-09 03:38:00,99,0.32197837091600623,0,-0.11,-0.22,-0.11
2015-09-09 03:58:00,94,0.3275410672010516,0,-0.11,-0.22,-0.11
2015-09-09 04:08:00,92,0.3280804069995285,0,-0.11,-0.22,-0.11
2015-09-09 04:28:00,35,0.420985384182258,0,-0.11,-0.22,-0.11
2015-09-09 04:38:00,31,0.4087341197390322,0,-0.11,-0.22,-0.11
2015-09-09 04:48:00,13,0.4207788421896141,0,-0.11,-0.22,-0.11
2015-09-09 04:58:00,13,0.4021098262644419,0,-0.11,-0.22,-0.11
2015-09-09 05:08:00,12,0.3895328219222922,0,-0.11,-0.22,-0.11
2015-09-09 07:28:00,103,0.2709693801556436,0,-0.11,-0.22,-0.11
2015-09-09 11:30:00,109,0.27355405532989474,0,-0.11,-0.22,-0.11
2015-09-09 11:50:00,96,0.2791698911068255,0,-0.11,-0.22,-0.11
2015-09-09 12:00:00,94,0.2812608021999914,0,-0.11,-0.22,-0.11
2015-09-09 13:20:00,139,0.3120942625091953,0,-0.11,-0.22,-0.11
2015-09-09 14:29:00,101,0.27470842189083644,0,-0.11,-0.22,-0.11
2015-09-09 14:50:00,139,0.3119679467489559,0,-0.11,-0.22,-0.11
2015-09-09 15:00:00,160,0.3396459693539542,0,-0.11,-0.22,-0.11
2015-09-09 15:09:00,199,0.3933027150542329,0,-0.11,-0.22,-0.11
2015-09-09 15:29:00,220,0.41197205163066575,0,-0.11,-0.22,-0.11
2015-09-09 15:40:00,358,0.5911068229807149,0,-0.11,-0.22,-0.11
2015-09-09 15:50:00,359,0.4967365176584516,0,-0.11,-0.22,-0.11
2015-09-09 16:00:00,459,0.5432044675841314,0,-0.11,-0.22,-0.11
2015-09-09 16:10:00,443,0.4627521312763421,0,-0.11,-0.22,-0.11
2015-09-09 16:20:00,477,0.4528473652027875,0,-0.11,-0.22,-0.11
2015-09-09 16:29:00,314,0.33237195748594034,0,-0.11,-0.22,-0.11
2015-09-09 16:40:00,384,0.367750199295024,0,-0.11,-0.22,-0.11
2015-09-09 16:50:00,428,0.3848740347305709,0,-0.11,-0.22,-0.11
2015-09-09 16:59:00,338,0.3277213722178901,0,-0.11,-0.22,-0.11
2015-09-09 17:19:00,145,0.3049240381465524,0,-0.11,-0.22,-0.11
2015-09-09 17:30:00,175,0.2890135850012733,0,-0.11,-0.22,-0.11
2015-09-09 17:40:00,175,0.288449876641698,0,-0.11,-0.22,-0.11
2015-09-09 17:59:00,171,0.28993090870828503,0,-0.11,-0.22,-0.11
2015-09-09 18:09:00,182,0.2836622376907175,0,-0.11,-0.22,-0.11
2015-09-09 18:19:00,162,0.2938830412050206,0,-0.11,-0.22,-0.11
2015-09-09 18:30:00,144,0.3031085171519757,0,-0.11,-0.22,-0.11
2015-09-09 18:39:00,176,0.28412980319349185,0,-0.11,-0.22,-0.11
2015-09-09 18:49:00,207,0.2712516914858921,0,-0.11,-0.22,-0.11
2015-09-09 18:59:00,169,0.28828477150510634,0,-0.11,-0.22,-0.11
2015-09-09 19:10:00,146,0.30161373928762825,0,-0.11,-0.22,-0.11
2015-09-09 19:20:00,125,0.3137974775657274,0,-0.11,-0.22,-0.11
2015-09-09 22:59:00,99,0.3291507049605296,0,-0.11,-0.22,-0.11
2015-09-09 23:39:00,97,0.3277539505621702,0,-0.11,-0.22,-0.11
2015-09-09 23:49:00,97,0.3251367347881927,0,-0.11,-0.22,-0.11
2015-09-10 00:09:00,83,0.33221988830202565,0,-0.11,-0.22,-0.11
2015-09-10 00:19:00,87,0.3265021171578067,0,-0.11,-0.22,-0.11
2015-09-10 00:29:00,90,0.32193241415059376,0,-0.11,-0.22,-0.11
2015-09-10 00:39:00,90,0.3197487195325189,0,-0.11,-0.22,-0.11
2015-09-10 01:09:00,50,0.3460834220129724,0,-0.11,-0.22,-0.11
2015-09-10 01:19:00,93,0.3115766925206581,0,-0.11,-0.22,-0.11
2015-09-10 01:29:00,91,0.31142886484993537,0,-0.11,-0.22,-0.11
2015-09-10 01:49:00,19,0.3627559870825457,0,-0.11,-0.22,-0.11
2015-09-10 01:59:00,19,0.3562610817699738,0,-0.11,-0.22,-0.11
2015-09-10 02:09:00,91,0.30002480012970223,0,-0.11,-0.22,-0.11
2015-09-10 02:19:00,55,0.3243374510852882,0,-0.11,-0.22,-0.11
2015-09-10 02:39:00,50,0.3256027824803166,0,-0.11,-0.22,-0.11
2015-09-10 02:49:00,49,0.3238827476420736,0,-0.11,-0.22,-0.11
2015-09-10 02:59:00,53,0.31862308899998576,0,-0.11,-0.22,-0.11
2015-09-10 03:19:00,52,0.3174026552282441,0,-0.11,-0.22,-0.11
2015-09-10 03:30:00,54,0.3140267021575835,0,-0.11,-0.22,-0.11
2015-09-10 03:59:00,53,0.3131062943239599,0,-0.11,-0.22,-0.11
2015-09-10 04:09:00,85,0.2875237972488301,0,-0.11,-0.22,-0.11
2015-09-10 04:19:00,51,0.3131025451158526,0,-0.11,-0.22,-0.11
2015-09-10 04:29:00,53,0.3098899302168717,0,-0.11,-0.22,-0.11
2015-09-10 04:39:00,18,0.3373222405675619,0,-0.11,-0.22,-0.11
2015-09-10 04:49:00,56,0.30268299133316245,0,-0.11,-0.22,-0.11
2015-09-10 04:59:00,54,0.3032206085856952,0,-0.11,-0.22,-0.11
2015-09-10 05:29:00,10,0.3398067831980679,0,-0.11,-0.22,-0.11
2015-09-10 05:39:00,9,0.33699273248696765,0,-0.11,-0.22,-0.11
2015-09-10 09:19:00,113,0.2896177515929007,0,-0.11,-0.22,-0.11
2015-09-10 09:29:00,116,0.2915321424463377,0,-0.11,-0.22,-0.11
2015-09-10 09:39:00,100,0.2774264710801125,0,-0.11,-0.22,-0.11
2015-09-10 09:59:00,118,0.29275832991111306,0,-0.11,-0.22,-0.11
2015-09-10 12:23:00,117,0.29117005572939303,0,-0.11,-0.22,-0.11
2015-09-10 14:43:00,129,0.30163247543903154,0,-0.11,-0.22,-0.11
2015-09-10 14:53:00,159,0.3298907635625133,0,-0.11,-0.22,-0.11
2015-09-10 15:03:00,169,0.3372126476572301,0,-0.11,-0.22,-0.11
2015-09-10 15:13:00,213,0.3798739804079079,0,-0.11,-0.22,-0.11
2015-09-10 15:43:00,373,0.544904951732023,0,-0.11,-0.22,-0.11
2015-09-10 15:53:00,405,0.5040111767308292,0,-0.11,-0.22,-0.11
2015-09-10 16:03:00,387,0.4412367501243033,0,-0.11,-0.22,-0.11
2015-09-10 16:13:00,450,0.4592507261388116,0,-0.11,-0.22,-0.11
2015-09-10 16:23:00,434,0.4186220705478617,0,-0.11,-0.22,-0.11
2015-09-10 16:33:00,293,0.3253662015047219,0,-0.11,-0.22,-0.11
2015-09-10 16:43:00,244,0.29844938667620524,0,-0.11,-0.22,-0.11
2015-09-10 16:53:00,238,0.2945597198196985,0,-0.11,-0.22,-0.11
2015-09-10 17:03:00,219,0.2842890991270132,0,-0.11,-0.22,-0.11
2015-09-10 17:13:00,190,0.26938895492029963,0,-0.11,-0.22,-0.11
2015-09-10 17:23:00,202,0.2754696635182593,0,-0.11,-0.22,-0.11
2015-09-10 17:33:00,209,0.2789858907194643,0,-0.11,-0.22,-0.11
2015-09-10 17:43:00,222,0.2858179593125235,0,-0.11,-0.22,-0.11
2015-09-10 17:53:00,185,0.27292147565793873,0,-0.11,-0.22,-0.11
2015-09-10 18:03:00,168,0.28247139727489284,0,-0.11,-0.22,-0.11
2015-09-10 18:13:00,133,0.3031239798612991,0,-0.11,-0.22,-0.11
2015-09-10 18:43:00,141,0.29704784913659826,0,-0.11,-0.22,-0.11
2015-09-10 19:03:00,157,0.2862148880849922,0,-0.11,-0.22,-0.11
2015-09-10 19:13:00,181,0.2708229093892973,0,-0.11,-0.22,-0.11
2015-09-10 19:23:00,627,0.6003925711646159,0,-0.11,-0.22,-0.11
2015-09-10 19:33:00,142,0.2998198797762849,0,-0.11,-0.22,-0.11
2015-09-10 20:23:00,137,0.3013937207617422,0,-0.11,-0.22,-0.11
2015-09-10 20:43:00,150,0.2936632750746162,0,-0.11,-0.22,-0.11
2015-09-10 22:53:00,731,0.585878829564819,0,-0.11,-0.22,-0.11
2015-09-10 23:13:00,4630,0.999426028546044,0,-0.11,-0.22,-0.11
2015-09-10 23:18:00,4562,0.600533427631569,0,-0.11,-0.22,-0.11
2015-09-11 00:13:00,4891,0.5203534855661172,0,-0.11,-0.22,-0.11
2015-09-11 00:25:00,4813,0.4592616068864817,0,-0.11,-0.22,-0.11
2015-09-11 05:03:00,104,0.3059876311940293,0,-0.11,-0.22,-0.11
2015-09-11 05:33:00,105,0.3047012431869844,0,-0.11,-0.22,-0.11
2015-09-11 08:03:00,107,0.3034342818653222,0,-0.11,-0.22,-0.11
2015-09-11 08:13:00,111,0.3021402870103596,0,-0.11,-0.22,-0.11
2015-09-11 08:33:00,98,0.30163335756029624,0,-0.11,-0.22,-0.11
2015-09-11 08:43:00,119,0.2996692884416646,0,-0.11,-0.22,-0.11
2015-09-11 09:13:00,118,0.2987540385014072,0,-0.11,-0.22,-0.11
2015-09-11 09:23:00,133,0.29715075268315266,0,-0.11,-0.22,-0.11
2015-09-11 09:33:00,148,0.29559944035125946,0,-0.11,-0.22,-0.11
2015-09-11 09:53:00,162,0.2941422777847276,0,-0.11,-0.22,-0.11
2015-09-11 10:13:00,371,0.2834484876671314,0,-0.11,-0.22,-0.11
2015-09-11 10:33:00,148,0.29394077503519034,0,-0.11,-0.22,-0.11
2015-09-11 10:43:00,146,0.29330648049467034,0,-0.11,-0.22,-0.11
2015-09-11 10:53:00,158,0.2919774369279033,0,-0.11,-0.22,-0.11
2015-09-11 11:03:00,175,0.29042112441558576,0,-0.11,-0.22,-0.11
2015-09-11 11:13:00,223,0.28724590201794475,0,-0.11,-0.22,-0.11
2015-09-11 11:23:00,171,0.28958222745028617,0,-0.11,-0.22,-0.11
2015-09-11 11:29:00,162,0.2895044156048325,0,-0.11,-0.22,-0.11
2015-09-11 11:39:00,159,0.28909657703203656,0,-0.11,-0.22,-0.11
2015-09-11 11:49:00,207,0.28572181209620445,0,-0.11,-0.22,-0.11
2015-09-11 11:59:00,156,0.28831744074299964,0,-0.11,-0.22,-0.11
2015-09-11 12:09:00,165,0.2872238338013636,0,-0.11,-0.22,-0.11
2015-09-11 12:19:00,163,0.2868436281761889,0,-0.11,-0.22,-0.11
2015-09-11 12:29:00,195,0.2842982644545544,0,-0.11,-0.22,-0.11
2015-09-11 12:39:00,156,0.28644391970800565,0,-0.11,-0.22,-0.11
2015-09-11 12:49:00,195,0.2833424197537257,0,-0.11,-0.22,-0.11
2015-09-11 12:59:00,154,0.2857766804026935,0,-0.11,-0.22,-0.11
2015-09-11 13:29:00,149,0.2856694926227126,0,-0.11,-0.22,-0.11
2015-09-11 13:39:00,153,0.2849230931600824,0,-0.11,-0.22,-0.11
2015-09-11 13:49:00,128,0.2863422375888963,0,-0.11,-0.22,-0.11
2015-09-11 13:59:00,118,0.28662489476733416,0,-0.11,-0.22,-0.11
2015-09-11 14:09:00,133,0.28497109290142136,0,-0.11,-0.22,-0.11
2015-09-11 14:19:00,168,0.28175998383355605,0,-0.11,-0.22,-0.11
2015-09-11 14:29:00,152,0.2827165943805245,0,-0.11,-0.22,-0.11
2015-09-11 14:39:00,150,0.2825143599729709,0,-0.11,-0.22,-0.11
2015-09-11 14:49:00,146,0.2824925816275844,0,-0.11,-0.22,-0.11
2015-09-11 14:59:00,164,0.28056152052579936,0,-0.11,-0.22,-0.11
2015-09-11 15:09:00,156,0.2809685442556426,0,-0.11,-0.22,-0.11
2015-09-11 15:19:00,158,0.2804673760499132,0,-0.11,-0.22,-0.11
2015-09-11 15:29:00,184,0.27773413191378005,0,-0.11,-0.22,-0.11
2015-09-11 15:39:00,249,0.2713403705333491,0,-0.11,-0.22,-0.11
2015-09-11 15:49:00,232,0.2729249443709087,0,-0.11,-0.22,-0.11
2015-09-11 15:59:00,235,0.2725249670004721,0,-0.11,-0.22,-0.11
2015-09-11 16:09:00,235,0.27243360210152523,0,-0.11,-0.22,-0.11
2015-09-11 16:19:00,253,0.2704663478954614,0,-0.11,-0.22,-0.11
2015-09-11 16:29:00,287,0.2710821968088984,0,-0.11,-0.22,-0.11
2015-09-11 16:39:00,310,0.2735591612161844,0,-0.11,-0.22,-0.11
2015-09-11 16:49:00,327,0.2753697250144318,0,-0.11,-0.22,-0.11
2015-09-11 16:59:00,351,0.27801102522925425,0,-0.11,-0.22,-0.11
2015-09-11 17:09:00,333,0.2756157352473498,0,-0.11,-0.22,-0.11
2015-09-11 17:19:00,329,0.2749533016205107,0,-0.11,-0.22,-0.11
2015-09-11 17:29:00,308,0.2721676043937022,0,-0.11,-0.22,-0.11
2015-09-11 17:39:00,284,0.26902112977453035,0,-0.11,-0.22,-0.11
2015-09-11 17:49:00,284,0.2690191113255613,0,-0.11,-0.22,-0.11
2015-09-11 17:59:00,229,0.27629202930273017,0,-0.11,-0.22,-0.11
2015-09-11 18:09:00,145,0.2879817108703868,0,-0.11,-0.22,-0.11
2015-09-11 18:19:00,196,0.2800391181162673,0,-0.11,-0.22,-0.11
2015-09-11 18:39:00,166,0.2842007125426726,0,-0.11,-0.22,-0.11
2015-09-11 18:49:00,199,0.2787759886825441,0,-0.11,-0.22,-0.11
2015-09-11 18:59:00,197,0.2788286678197553,0,-0.11,-0.22,-0.11
2015-09-11 19:09:00,131,0.2891684830379702,0,-0.11,-0.22,-0.11
2015-09-11 19:12:00,134,0.2881018310802533,0,-0.11,-0.22,-0.11
2015-09-11 19:22:00,134,0.2875678928411337,0,-0.11,-0.22,-0.11
2015-09-11 19:32:00,79,0.29668847557740585,0,-0.11,-0.22,-0.11
2015-09-11 19:42:00,77,0.2962103564807391,0,-0.11,-0.22,-0.11
2015-09-11 19:52:00,95,0.2920845162889536,0,-0.11,-0.22,-0.11
2015-09-11 20:02:00,87,0.29291421563596065,0,-0.11,-0.22,-0.11
2015-09-11 20:12:00,103,0.2891613712660687,0,-0.11,-0.22,-0.11
2015-09-11 20:22:00,90,0.2911294360683316,0,-0.11,-0.22,-0.11
2015-09-11 20:32:00,85,0.2914949666813335,0,-0.11,-0.22,-0.11
2015-09-11 20:42:00,94,0.28900863348141786,0,-0.11,-0.22,-0.11
2015-09-11 20:52:00,115,0.28408647565501843,0,-0.11,-0.22,-0.11
2015-09-11 21:02:00,70,0.2932912308711864,0,-0.11,-0.22,-0.11
2015-09-11 21:12:00,73,0.2919193176764213,0,-0.11,-0.22,-0.11
2015-09-11 23:12:00,163,0.2714471592023949,0,-0.11,-0.22,-0.11
2015-09-11 23:22:00,215,0.278022637399478,0,-0.11,-0.22,-0.11
2015-09-11 23:32:00,298,0.2972602584055621,0,-0.11,-0.22,-0.11
2015-09-11 23:42:00,302,0.2973757842825032,0,-0.11,-0.22,-0.11
2015-09-11 23:52:00,246,0.28273813727291225,0,-0.11,-0.22,-0.11
2015-09-12 00:02:00,188,0.2696895805479914,0,-0.11,-0.22,-0.11
2015-09-12 00:12:00,124,0.28580510947748344,0,-0.11,-0.22,-0.11
2015-09-12 00:22:00,155,0.2772741951905084,0,-0.11,-0.22,-0.11
2015-09-12 00:42:00,154,0.2773225825084435,0,-0.11,-0.22,-0.11
2015-09-12 00:52:00,156,0.2765628326663546,0,-0.11,-0.22,-0.11
2015-09-12 01:12:00,116,0.2876141180157599,0,-0.11,-0.22,-0.11
2015-09-12 01:42:00,2769,0.936016644385852,0,-0.11,-0.22,-0.11
2015-09-12 01:52:00,2697,0.5762519271446286,0,-0.11,-0.22,-0.11
2015-09-12 02:12:00,2833,0.5038695483750503,0,-0.11,-0.22,-0.11
2015-09-12 02:20:00,2730,0.4454977816712457,0,-0.11,-0.22,-0.11
2015-09-12 02:42:00,3799,0.5055640776469065,0,-0.11,-0.22,-0.11
2015-09-12 02:53:00,3853,0.459238917359357,0,-0.11,-0.22,-0.11
2015-09-12 07:12:00,61,0.3149979374715285,0,-0.11,-0.22,-0.11
2015-09-12 07:22:00,102,0.3110635674239482,0,-0.11,-0.22,-0.11
2015-09-12 07:52:00,106,0.3093384765262595,0,-0.11,-0.22,-0.11
2015-09-12 08:42:00,135,0.3063283377446792,0,-0.11,-0.22,-0.11
2015-09-12 10:02:00,110,0.3064629046094682,0,-0.11,-0.22,-0.11
2015-09-12 10:12:00,112,0.3050804842963331,0,-0.11,-0.22,-0.11
2015-09-12 10:32:00,108,0.30410976452632005,0,-0.11,-0.22,-0.11
2015-09-12 13:57:00,118,0.3023662809039239,0,-0.11,-0.22,-0.11
2015-09-12 14:17:00,115,0.3014689804791471,0,-0.11,-0.22,-0.11
2015-09-12 14:27:00,106,0.30098003525334577,0,-0.11,-0.22,-0.11
2015-09-12 14:47:00,132,0.2983539768695252,0,-0.11,-0.22,-0.11
2015-09-12 15:57:00,128,0.2977006522858721,0,-0.11,-0.22,-0.11
2015-09-12 16:17:00,119,0.2974005741571194,0,-0.11,-0.22,-0.11
2015-09-12 16:27:00,132,0.29568054549001754,0,-0.11,-0.22,-0.11
2015-09-12 16:47:00,112,0.2962196990571128,0,-0.11,-0.22,-0.11
2015-09-12 19:27:00,136,0.29375960150597824,0,-0.11,-0.22,-0.11
2015-09-12 19:37:00,134,0.2931704384287029,0,-0.11,-0.22,-0.11
2015-09-12 21:27:00,111,0.2941018359952221,0,-0.11,-0.22,-0.11
2015-09-12 23:27:00,108,0.29357943113378776,0,-0.11,-0.22,-0.11
2015-09-12 23:47:00,95,0.2938258883069224,0,-0.11,-0.22,-0.11
2015-09-12 23:57:00,89,0.29355198682603184,0,-0.11,-0.22,-0.11
2015-09-13 00:37:00,119,0.2905025740309473,0,-0.11,-0.22,-0.11
2015-09-13 00:47:00,116,0.2901264975440729,0,-0.11,-0.22,-0.11
2015-09-13 00:57:00,114,0.2896875770751892,0,-0.11,-0.22,-0.11
2015-09-13 01:07:00,113,0.28918427364217303,0,-0.11,-0.22,-0.11
2015-09-13 01:27:00,78,0.2915865016825868,0,-0.11,-0.22,-0.11
2015-09-13 01:37:00,79,0.2908486189283289,0,-0.11,-0.22,-0.11
2015-09-13 01:47:00,106,0.2878286875327172,0,-0.11,-0.22,-0.11
2015-09-13 01:57:00,104,0.2874845700216921,0,-0.11,-0.22,-0.11
2015-09-13 02:07:00,108,0.2866002268089725,0,-0.11,-0.22,-0.11
2015-09-13 03:07:00,95,0.2873463946022153,0,-0.11,-0.22,-0.11
2015-09-13 03:27:00,101,0.2862545154883404,0,-0.11,-0.22,-0.11
2015-09-13 04:07:00,98,0.28607700133876224,0,-0.11,-0.22,-0.11
2015-09-13 04:27:00,92,0.28621723136077243,0,-0.11,-0.22,-0.11
2015-09-13 04:37:00,15,0.293825444389706,0,-0.11,-0.22,-0.11
2015-09-13 04:47:00,98,0.2842072612520302,0,-0.11,-0.22,-0.11
2015-09-13 04:57:00,96,0.2840118342159452,0,-0.11,-0.22,-0.11
2015-09-13 05:07:00,100,0.28316021106788386,0,-0.11,-0.22,-0.11
2015-09-13 05:17:00,83,0.2847173094708377,0,-0.11,-0.22,-0.11
2015-09-13 05:27:00,84,0.2841722806726118,0,-0.11,-0.22,-0.11
2015-09-13 05:37:00,87,0.2834015978798632,0,-0.11,-0.22,-0.11
2015-09-13 05:57:00,55,0.2869490402181269,0,-0.11,-0.22,-0.11
2015-09-13 06:17:00,38,0.2886049476570125,0,-0.11,-0.22,-0.11
2015-09-13 06:27:00,37,0.2881844683704496,0,-0.11,-0.22,-0.11
2015-09-13 06:37:00,35,0.28791349917548137,0,-0.11,-0.22,-0.11
2015-09-13 06:47:00,34,0.2875215485443524,0,-0.11,-0.22,-0.11
2015-09-13 06:57:00,34,0.2870062691162218,0,-0.11,-0.22,-0.11
2015-09-13 07:17:00,61,0.2826822005559147,0,-0.11,-0.22,-0.11
2015-09-13 07:27:00,57,0.2828929647631251,0,-0.11,-0.22,-0.11
2015-09-13 07:37:00,96,0.2767772449577087,0,-0.11,-0.22,-0.11
2015-09-13 07:47:00,97,0.2764244468904624,0,-0.11,-0.22,-0.11
2015-09-13 07:57:00,95,0.2765385687455486,0,-0.11,-0.22,-0.11
2015-09-13 08:07:00,99,0.2757117874550971,0,-0.11,-0.22,-0.11
2015-09-13 08:27:00,98,0.2756988003051847,0,-0.11,-0.22,-0.11
2015-09-13 09:07:00,110,0.27354190145884144,0,-0.11,-0.22,-0.11
2015-09-13 09:17:00,104,0.2744398943022121,0,-0.11,-0.22,-0.11
2015-09-13 09:47:00,102,0.27464657917407925,0,-0.11,-0.22,-0.11
2015-09-13 09:57:00,105,0.27396543506089616,0,-0.11,-0.22,-0.11
2015-09-13 11:57:00,119,0.27128675005390485,0,-0.11,-0.22,-0.11
2015-09-13 12:17:00,124,0.27029664460718383,0,-0.11,-0.22,-0.11
2015-09-13 12:47:00,177,0.2777885838534685,0,-0.11,-0.22,-0.11
2015-09-13 13:27:00,113,0.2729058768186865,0,-0.11,-0.22,-0.11
2015-09-13 14:09:00,100,0.27543622412502344,0,-0.11,-0.22,-0.11
2015-09-13 15:19:00,130,0.2690679131432361,0,-0.11,-0.22,-0.11
2015-09-13 15:29:00,115,0.27223474547843673,0,-0.11,-0.22,-0.11
2015-09-13 15:39:00,100,0.2754265866906475,0,-0.11,-0.22,-0.11
2015-09-13 15:49:00,127,0.269233029423534,0,-0.11,-0.22,-0.11
2015-09-13 16:19:00,136,0.2707062863352189,0,-0.11,-0.22,-0.11
2015-09-13 16:29:00,111,0.2730736653386257,0,-0.11,-0.22,-0.11
2015-09-13 16:49:00,129,0.2692391251341197,0,-0.11,-0.22,-0.11
2015-09-13 16:59:00,127,0.2691422209677861,0,-0.11,-0.22,-0.11
2015-09-13 17:29:00,107,0.2742048073738844,0,-0.11,-0.22,-0.11
2015-09-13 17:59:00,106,0.2743313652256649,0,-0.11,-0.22,-0.11
2015-09-13 18:19:00,106,0.2741931804397607,0,-0.11,-0.22,-0.11
2015-09-13 18:59:00,104,0.274608988042259,0,-0.11,-0.22,-0.11
2015-09-13 19:09:00,122,0.2694101930671249,0,-0.11,-0.22,-0.11
2015-09-13 19:49:00,99,0.27603488740670296,0,-0.11,-0.22,-0.11
2015-09-13 19:59:00,97,0.2764484080195796,0,-0.11,-0.22,-0.11
2015-09-13 20:09:00,123,0.26951404855688604,0,-0.11,-0.22,-0.11
2015-09-13 20:19:00,114,0.2711680064911474,0,-0.11,-0.22,-0.11
2015-09-13 20:29:00,116,0.2704751992109935,0,-0.11,-0.22,-0.11
2015-09-13 22:09:00,107,0.2733811846668479,0,-0.11,-0.22,-0.11
2015-09-13 22:59:00,103,0.2746166806169293,0,-0.11,-0.22,-0.11
2015-09-13 23:09:00,101,0.27516428910814456,0,-0.11,-0.22,-0.11
2015-09-13 23:29:00,99,0.2757162447496295,0,-0.11,-0.22,-0.11
2015-09-14 00:59:00,100,0.27517651587333225,0,-0.11,-0.22,-0.11
2015-09-14 01:29:00,109,0.27166073822815195,0,-0.11,-0.22,-0.11
2015-09-14 03:19:00,102,0.2742665290920209,0,-0.11,-0.22,-0.11
2015-09-14 03:59:00,109,0.2713870932265421,0,-0.11,-0.22,-0.11
2015-09-14 05:39:00,110,0.2709244058424774,0,-0.11,-0.22,-0.11
2015-09-14 05:49:00,98,0.275830076455625,0,-0.11,-0.22,-0.11
2015-09-14 06:09:00,97,0.2760785141257727,0,-0.11,-0.22,-0.11
2015-09-14 06:19:00,100,0.27458521249525564,0,-0.11,-0.22,-0.11
2015-09-14 07:49:00,102,0.2735476662845185,0,-0.11,-0.22,-0.11
2015-09-14 07:59:00,106,0.2716044392096229,0,-0.11,-0.22,-0.11
2015-09-14 09:09:00,152,0.28812149499492784,0,-0.11,-0.22,-0.11
2015-09-14 09:19:00,155,0.2890754296509833,0,-0.11,-0.22,-0.11
2015-09-14 09:39:00,164,0.2931040637228445,0,-0.11,-0.22,-0.11
2015-09-14 09:49:00,171,0.29607917538427925,0,-0.11,-0.22,-0.11
2015-09-14 10:09:00,173,0.2963413340433752,0,-0.11,-0.22,-0.11
2015-09-14 10:19:00,201,0.3111524941500308,0,-0.11,-0.22,-0.11
2015-09-14 10:29:00,163,0.2882520102367351,0,-0.11,-0.22,-0.11
2015-09-14 10:39:00,168,0.2905397876681219,0,-0.11,-0.22,-0.11
2015-09-14 10:59:00,159,0.2847377239915048,0,-0.11,-0.22,-0.11
2015-09-14 11:09:00,155,0.281967754744541,0,-0.11,-0.22,-0.11
2015-09-14 11:19:00,158,0.2834183798632308,0,-0.11,-0.22,-0.11
2015-09-14 11:39:00,167,0.28859377929742025,0,-0.11,-0.22,-0.11
2015-09-14 11:49:00,151,0.2779764752529092,0,-0.11,-0.22,-0.11
2015-09-14 11:59:00,170,0.29002350179599,0,-0.11,-0.22,-0.11
2015-09-14 12:09:00,161,0.28343914886704713,0,-0.11,-0.22,-0.11
2015-09-14 12:19:00,186,0.30027235888361303,0,-0.11,-0.22,-0.11
2015-09-14 12:29:00,172,0.2893896898031267,0,-0.11,-0.22,-0.11
2015-09-14 12:39:00,194,0.3048093169192295,0,-0.11,-0.22,-0.11
2015-09-14 12:49:00,341,0.4235468508622006,0,-0.11,-0.22,-0.11
2015-09-14 12:59:00,166,0.27555851590023883,0,-0.11,-0.22,-0.11
2015-09-14 13:09:00,173,0.28014720080501543,0,-0.11,-0.22,-0.11
2015-09-14 13:19:00,187,0.2897598134215951,0,-0.11,-0.22,-0.11
2015-09-14 13:39:00,166,0.2740650683282262,0,-0.11,-0.22,-0.11
2015-09-14 13:49:00,178,0.2827266001462241,0,-0.11,-0.22,-0.11
2015-09-14 13:59:00,158,0.2704333340588619,0,-0.11,-0.22,-0.11
2015-09-14 14:09:00,174,0.2796885710699183,0,-0.11,-0.22,-0.11
2015-09-14 14:26:00,136,0.28840677647138097,0,-0.11,-0.22,-0.11
2015-09-14 14:36:00,140,0.284572349826191,0,-0.11,-0.22,-0.11
2015-09-14 14:46:00,155,0.2717304646157108,0,-0.11,-0.22,-0.11
2015-09-14 14:56:00,190,0.2961630959137773,0,-0.11,-0.22,-0.11
2015-09-14 15:06:00,184,0.2899724176038744,0,-0.11,-0.22,-0.11
2015-09-14 15:16:00,174,0.2803595151392525,0,-0.11,-0.22,-0.11
2015-09-14 15:26:00,150,0.2795066766052709,0,-0.11,-0.22,-0.11
2015-09-14 15:36:00,140,0.2886899983669081,0,-0.11,-0.22,-0.11
2015-09-14 15:46:00,197,0.3049118752350276,0,-0.11,-0.22,-0.11
2015-09-14 15:56:00,193,0.2996279809838587,0,-0.11,-0.22,-0.11
2015-09-14 16:06:00,174,0.2793321472060872,0,-0.11,-0.22,-0.11
2015-09-14 16:16:00,179,0.28419859833115313,0,-0.11,-0.22,-0.11
2015-09-14 16:26:00,161,0.272783422644682,0,-0.11,-0.22,-0.11
2015-09-14 16:36:00,153,0.28123991445255553,0,-0.11,-0.22,-0.11
2015-09-14 16:46:00,256,0.3784270579730316,0,-0.11,-0.22,-0.11
2015-09-14 16:56:00,285,0.4059995632824072,0,-0.11,-0.22,-0.11
2015-09-14 17:06:00,217,0.3131939591369344,0,-0.11,-0.22,-0.11
2015-09-14 17:16:00,146,0.30074888172153824,0,-0.11,-0.22,-0.11
2015-09-14 17:26:00,142,0.30414706349572096,0,-0.11,-0.22,-0.11
2015-09-14 17:36:00,161,0.2820623568416836,0,-0.11,-0.22,-0.11
2015-09-14 17:46:00,157,0.2861504366755419,0,-0.11,-0.22,-0.11
2015-09-14 17:56:00,164,0.2777617761468961,0,-0.11,-0.22,-0.11
2015-09-14 18:06:00,131,0.31700224585475845,0,-0.11,-0.22,-0.11
2015-09-14 18:16:00,151,0.2906181957507208,0,-0.11,-0.22,-0.11
2015-09-14 18:26:00,178,0.2800778407141423,0,-0.11,-0.22,-0.11
2015-09-14 18:36:00,169,0.2690193063317774,0,-0.11,-0.22,-0.11
2015-09-14 18:46:00,150,0.29301695325442345,0,-0.11,-0.22,-0.11
2015-09-14 18:56:00,124,0.3278663079959601,0,-0.11,-0.22,-0.11
2015-09-14 19:26:00,120,0.3309261189082545,0,-0.11,-0.22,-0.11
2015-09-14 20:06:00,112,0.3395936959163603,0,-0.11,-0.22,-0.11
2015-09-14 21:06:00,91,0.3669997586536373,0,-0.11,-0.22,-0.11
2015-09-14 21:36:00,123,0.3143383544768928,0,-0.11,-0.22,-0.11
2015-09-14 22:46:00,126,0.30848810694441675,0,-0.11,-0.22,-0.11
2015-09-14 22:56:00,160,0.2763696248517488,0,-0.11,-0.22,-0.11
2015-09-14 23:06:00,198,0.3302788898203277,0,-0.11,-0.22,-0.11
2015-09-15 04:26:00,130,0.30617321565997024,0,-0.11,-0.22,-0.11
2015-09-15 05:16:00,138,0.29330954452028785,0,-0.11,-0.22,-0.11
2015-09-15 06:46:00,143,0.2853251784088931,0,-0.11,-0.22,-0.11
2015-09-15 07:26:00,147,0.2790058774477369,0,-0.11,-0.22,-0.11
2015-09-15 07:46:00,136,0.2954816048143955,0,-0.11,-0.22,-0.11
2015-09-15 07:56:00,140,0.28840991506487684,0,-0.11,-0.22,-0.11
2015-09-15 08:16:00,127,0.30903918875760433,0,-0.11,-0.22,-0.11
2015-09-15 08:26:00,131,0.3009369916627145,0,-0.11,-0.22,-0.11
2015-09-15 08:46:00,147,0.27350961383480776,0,-0.11,-0.22,-0.11
2015-09-15 08:56:00,130,0.3022460732887905,0,-0.11,-0.22,-0.11
2015-09-15 09:06:00,125,0.3101411627160321,0,-0.11,-0.22,-0.11
2015-09-15 10:16:00,140,0.28187815576521114,0,-0.11,-0.22,-0.11
2015-09-15 10:26:00,145,0.2727130779847149,0,-0.11,-0.22,-0.11
2015-09-15 10:56:00,135,0.2908962394832945,0,-0.11,-0.22,-0.11
2015-09-15 11:06:00,1612,0.9999964520034312,0,-0.11,-0.22,-0.11
2015-09-15 11:16:00,1738,0.6399059507643713,0,-0.11,-0.22,-0.11
2015-09-15 11:26:00,70,0.3026069584888776,0,-0.11,-0.22,-0.11
2015-09-15 11:36:00,109,0.2954274143335228,0,-0.11,-0.22,-0.11
2015-09-15 11:56:00,133,0.2908479568635102,0,-0.11,-0.22,-0.11
2015-09-15 12:36:00,141,0.2889384864757691,0,-0.11,-0.22,-0.11
2015-09-15 12:56:00,134,0.2895259964160493,0,-0.11,-0.22,-0.11
2015-09-15 13:06:00,145,0.2871011227543289,0,-0.11,-0.22,-0.11
2015-09-15 13:26:00,131,0.28900180768319833,0,-0.11,-0.22,-0.11
2015-09-15 13:46:00,137,0.2873841724743954,0,-0.11,-0.22,-0.11
2015-09-15 13:56:00,141,0.2861555945956705,0,-0.11,-0.22,-0.11
2015-09-15 14:06:00,195,0.2758805844493536,0,-0.11,-0.22,-0.11
2015-09-15 14:16:00,163,0.2816327766376103,0,-0.11,-0.22,-0.11
2015-09-15 14:26:00,131,0.2874506492565853,0,-0.11,-0.22,-0.11
2015-09-15 14:36:00,135,0.2861461410952404,0,-0.11,-0.22,-0.11
2015-09-15 14:46:00,148,0.283051477272519,0,-0.11,-0.22,-0.11
2015-09-15 14:55:00,146,0.28308529877145605,0,-0.11,-0.22,-0.11
2015-09-15 15:05:00,154,0.2810198026542529,0,-0.11,-0.22,-0.11
2015-09-15 15:15:00,147,0.2822111803012972,0,-0.11,-0.22,-0.11
2015-09-15 15:25:00,147,0.2818572957014465,0,-0.11,-0.22,-0.11
2015-09-15 15:35:00,197,0.27031269949586617,0,-0.11,-0.22,-0.11
2015-09-15 15:45:00,211,0.2707778925088584,0,-0.11,-0.22,-0.11
2015-09-15 15:55:00,202,0.26924416443057353,0,-0.11,-0.22,-0.11
2015-09-15 16:05:00,169,0.2771716979649892,0,-0.11,-0.22,-0.11
2015-09-15 16:15:00,143,0.2834714079223381,0,-0.11,-0.22,-0.11
2015-09-15 16:25:00,135,0.2851516653425713,0,-0.11,-0.22,-0.11
2015-09-15 16:35:00,127,0.2868395476612874,0,-0.11,-0.22,-0.11
2015-09-15 16:38:00,128,0.2860731005725412,0,-0.11,-0.22,-0.11
2015-09-15 17:15:00,170,0.2740273103942709,0,-0.11,-0.22,-0.11
2015-09-15 17:25:00,166,0.2750147314954504,0,-0.11,-0.22,-0.11
2015-09-15 17:35:00,160,0.27658326041761666,0,-0.11,-0.22,-0.11
2015-09-15 17:45:00,144,0.2811343898385633,0,-0.11,-0.22,-0.11
2015-09-15 17:55:00,157,0.2768554640834676,0,-0.11,-0.22,-0.11
2015-09-15 18:05:00,156,0.27696123132302003,0,-0.11,-0.22,-0.11
2015-09-15 18:15:00,149,0.2789893395249309,0,-0.11,-0.22,-0.11
2015-09-15 18:25:00,153,0.2774157505366774,0,-0.11,-0.22,-0.11
2015-09-15 18:45:00,163,0.27385437811703445,0,-0.11,-0.22,-0.11
2015-09-15 18:55:00,140,0.2816501679360429,0,-0.11,-0.22,-0.11
2015-09-15 19:15:00,120,0.288484343564911,0,-0.11,-0.22,-0.11
2015-09-15 19:45:00,115,0.28978893026539193,0,-0.11,-0.22,-0.11
2015-09-15 20:45:00,121,0.28692984425711365,0,-0.11,-0.22,-0.11
2015-09-15 21:05:00,113,0.28953199405159863,0,-0.11,-0.22,-0.11
2015-09-15 21:15:00,116,0.28776080802396153,0,-0.11,-0.22,-0.11
2015-09-15 21:25:00,101,0.29335604674689925,0,-0.11,-0.22,-0.11
2015-09-15 21:45:00,102,0.2922233847685485,0,-0.11,-0.22,-0.11
2015-09-15 21:55:00,103,0.29112258573507016,0,-0.11,-0.22,-0.11
2015-09-15 22:35:00,108,0.2883089222929154,0,-0.11,-0.22,-0.11
2015-09-15 22:45:00,112,0.28599288376627235,0,-0.11,-0.22,-0.11
2015-09-15 23:15:00,107,0.2877978802833357,0,-0.11,-0.22,-0.11
2015-09-16 02:25:00,106,0.2877398762330022,0,-0.11,-0.22,-0.11
2015-09-16 03:55:00,112,0.2843640418674249,0,-0.11,-0.22,-0.11
2015-09-16 04:25:00,125,0.27767888321617984,0,-0.11,-0.22,-0.11
2015-09-16 05:05:00,103,0.2883782472750837,0,-0.11,-0.22,-0.11
2015-09-16 05:15:00,105,0.2868087690519675,0,-0.11,-0.22,-0.11
2015-09-16 06:55:00,129,0.2738935975233539,0,-0.11,-0.22,-0.11
2015-09-16 07:25:00,111,0.28329192034945705,0,-0.11,-0.22,-0.11
2015-09-16 08:35:00,141,0.27112046105068216,0,-0.11,-0.22,-0.11
2015-09-16 09:05:00,116,0.2805867338415467,0,-0.11,-0.22,-0.11
2015-09-16 09:15:00,114,0.28142592834632124,0,-0.11,-0.22,-0.11
2015-09-16 09:45:00,167,0.2876667736145465,0,-0.11,-0.22,-0.11
2015-09-16 09:55:00,139,0.2703772977464537,0,-0.11,-0.22,-0.11
2015-09-16 10:15:00,128,0.27418740432074235,0,-0.11,-0.22,-0.11
2015-09-16 10:35:00,117,0.2809687433545688,0,-0.11,-0.22,-0.11
2015-09-16 10:55:00,126,0.27484674974904777,0,-0.11,-0.22,-0.11
2015-09-16 11:15:00,138,0.27101099412581797,0,-0.11,-0.22,-0.11
2015-09-16 11:25:00,132,0.2709247199591979,0,-0.11,-0.22,-0.11
2015-09-16 11:35:00,103,0.29120586146666433,0,-0.11,-0.22,-0.11
2015-09-16 11:45:00,113,0.2833023154119797,0,-0.11,-0.22,-0.11
2015-09-16 11:55:00,122,0.2763190048288797,0,-0.11,-0.22,-0.11
2015-09-16 12:05:00,127,0.2724134938833614,0,-0.11,-0.22,-0.11
2015-09-16 12:45:00,158,0.2893735596701586,0,-0.11,-0.22,-0.11
2015-09-16 12:55:00,116,0.2820861913276016,0,-0.11,-0.22,-0.11
2015-09-16 13:05:00,125,0.2744766632910438,0,-0.11,-0.22,-0.11
2015-09-16 13:25:00,120,0.2784560579568985,0,-0.11,-0.22,-0.11
2015-09-16 13:45:00,172,0.3043087536436339,0,-0.11,-0.22,-0.11
2015-09-16 13:55:00,170,0.3013267119712181,0,-0.11,-0.22,-0.11
2015-09-16 14:05:00,200,0.3287011512734964,0,-0.11,-0.22,-0.11
2015-09-16 14:15:00,216,0.3417614992649897,0,-0.11,-0.22,-0.11
2015-09-16 14:25:00,183,0.30600603876608834,0,-0.11,-0.22,-0.11
2015-09-16 14:35:00,177,0.2990594919644624,0,-0.11,-0.22,-0.11
2015-09-16 14:45:00,185,0.3058856486713273,0,-0.11,-0.22,-0.11
2015-09-16 14:55:00,224,0.3446893502755579,0,-0.11,-0.22,-0.11
2015-09-16 15:05:00,289,0.4116489375791365,0,-0.11,-0.22,-0.11
2015-09-16 15:15:00,297,0.4038614945380452,0,-0.11,-0.22,-0.11
2015-09-16 15:25:00,258,0.3515102760151221,0,-0.11,-0.22,-0.11
2015-09-16 15:31:00,246,0.3353199881946187,0,-0.11,-0.22,-0.11
2015-09-16 15:41:00,244,0.33020996257661794,0,-0.11,-0.22,-0.11
2015-09-16 15:51:00,214,0.3002915644049136,0,-0.11,-0.22,-0.11
2015-09-16 16:01:00,233,0.3166468092674087,0,-0.11,-0.22,-0.11
2015-09-16 16:11:00,181,0.26963870333493417,0,-0.11,-0.22,-0.11
2015-09-16 16:21:00,194,0.27978456766785137,0,-0.11,-0.22,-0.11
2015-09-16 16:31:00,181,0.2701884995380495,0,-0.11,-0.22,-0.11
2015-09-16 16:41:00,189,0.27514422342051115,0,-0.11,-0.22,-0.11
2015-09-16 16:51:00,197,0.28271869745891715,0,-0.11,-0.22,-0.11
2015-09-16 17:01:00,208,0.293460936867953,0,-0.11,-0.22,-0.11
2015-09-16 17:11:00,181,0.2725229295891373,0,-0.11,-0.22,-0.11
2015-09-16 17:21:00,166,0.2880685547396284,0,-0.11,-0.22,-0.11
2015-09-16 17:31:00,166,0.2875356924674382,0,-0.11,-0.22,-0.11
2015-09-16 17:41:00,193,0.2801401282091787,0,-0.11,-0.22,-0.11
2015-09-16 17:51:00,172,0.2812876683395565,0,-0.11,-0.22,-0.11
2015-09-16 18:01:00,147,0.3106025762930663,0,-0.11,-0.22,-0.11
2015-09-16 18:11:00,159,0.2944797109057262,0,-0.11,-0.22,-0.11
2015-09-16 18:21:00,179,0.2697759121091492,0,-0.11,-0.22,-0.11
2015-09-16 18:31:00,165,0.2868287974716528,0,-0.11,-0.22,-0.11
2015-09-16 18:41:00,167,0.2838000667405776,0,-0.11,-0.22,-0.11
2015-09-16 18:51:00,191,0.28508766817247605,0,-0.11,-0.22,-0.11
2015-09-16 19:01:00,140,0.3218139211677715,0,-0.11,-0.22,-0.11
2015-09-16 19:11:00,175,0.2715887668398338,0,-0.11,-0.22,-0.11
2015-09-16 19:21:00,143,0.3164563879174387,0,-0.11,-0.22,-0.11
2015-09-16 19:31:00,184,0.28094503607081184,0,-0.11,-0.22,-0.11
2015-09-16 19:41:00,169,0.2782808961138149,0,-0.11,-0.22,-0.11
2015-09-16 19:51:00,126,0.34441975204081515,0,-0.11,-0.22,-0.11
2015-09-16 20:01:00,125,0.3418653879511382,0,-0.11,-0.22,-0.11
2015-09-16 20:11:00,123,0.3411934177120945,0,-0.11,-0.22,-0.11
2015-09-16 20:31:00,129,0.3277664328789422,0,-0.11,-0.22,-0.11
2015-09-16 20:41:00,121,0.3380236835650299,0,-0.11,-0.22,-0.11
2015-09-16 20:51:00,122,0.3328875201568481,0,-0.11,-0.22,-0.11
2015-09-16 21:11:00,117,0.3379766175155734,0,-0.11,-0.22,-0.11
2015-09-16 21:21:00,107,0.3509715716423988,0,-0.11,-0.22,-0.11
2015-09-16 21:31:00,108,0.3443996363940477,0,-0.11,-0.22,-0.11
2015-09-16 21:51:00,97,0.35838993981941925,0,-0.11,-0.22,-0.11
2015-09-16 22:21:00,106,0.3379088460395829,0,-0.11,-0.22,-0.11
2015-09-16 22:31:00,99,0.3457003909935601,0,-0.11,-0.22,-0.11
2015-09-16 22:41:00,114,0.3176279694661454,0,-0.11,-0.22,-0.11
2015-09-16 23:09:00,120,0.3063874504990633,0,-0.11,-0.22,-0.11
2015-09-16 23:41:00,468,0.8019527059597201,0,-0.11,-0.22,-0.11
2015-09-17 00:01:00,474,0.5641680283722619,0,-0.11,-0.22,-0.11
2015-09-17 00:11:00,219,0.2964475274062626,0,-0.11,-0.22,-0.11
2015-09-17 00:21:00,226,0.3003195482408022,0,-0.11,-0.22,-0.11
2015-09-17 00:31:00,420,0.4465179769318581,0,-0.11,-0.22,-0.11
2015-09-17 00:41:00,521,0.4944003134774703,0,-0.11,-0.22,-0.11
2015-09-17 00:51:00,527,0.4531638741529504,0,-0.11,-0.22,-0.11
2015-09-17 00:57:00,609,0.4709408904969442,0,-0.11,-0.22,-0.11
2015-09-17 01:21:00,227,0.27574229567458897,0,-0.11,-0.22,-0.11
2015-09-17 01:41:00,273,0.2813665035950257,0,-0.11,-0.22,-0.11
2015-09-17 01:51:00,303,0.2941499403586395,0,-0.11,-0.22,-0.11
2015-09-17 02:10:00,153,0.31133596689185355,0,-0.11,-0.22,-0.11
2015-09-17 06:01:00,105,0.333016503462869,0,-0.11,-0.22,-0.11
2015-09-17 06:21:00,113,0.32603087530898883,0,-0.11,-0.22,-0.11
2015-09-17 06:31:00,115,0.32256401139291196,0,-0.11,-0.22,-0.11
2015-09-17 06:41:00,111,0.32231881949154834,0,-0.11,-0.22,-0.11
2015-09-17 06:51:00,109,0.3211092773806429,0,-0.11,-0.22,-0.11
2015-09-17 07:21:00,118,0.3144536749581781,0,-0.11,-0.22,-0.11
2015-09-17 07:31:00,110,0.316824895513778,0,-0.11,-0.22,-0.11
2015-09-17 07:41:00,107,0.3165301504579313,0,-0.11,-0.22,-0.11
2015-09-17 07:51:00,105,0.31575031273976056,0,-0.11,-0.22,-0.11
2015-09-17 08:11:00,102,0.3155634263458532,0,-0.11,-0.22,-0.11
2015-09-17 08:21:00,108,0.31057952599223826,0,-0.11,-0.22,-0.11
2015-09-17 08:51:00,116,0.3047791818785309,0,-0.11,-0.22,-0.11
2015-09-17 09:01:00,112,0.3057829810748829,0,-0.11,-0.22,-0.11
2015-09-17 09:11:00,114,0.3034328417767955,0,-0.11,-0.22,-0.11
2015-09-17 09:31:00,110,0.3045781922078116,0,-0.11,-0.22,-0.11
2015-09-17 09:51:00,104,0.3068811250250907,0,-0.11,-0.22,-0.11
2015-09-17 10:01:00,111,0.3014691532452724,0,-0.11,-0.22,-0.11
2015-09-17 10:11:00,101,0.3064390279796273,0,-0.11,-0.22,-0.11
2015-09-17 10:21:00,105,0.30272232832760315,0,-0.11,-0.22,-0.11
2015-09-17 10:31:00,104,0.3022517861807029,0,-0.11,-0.22,-0.11
2015-09-17 10:41:00,107,0.2992833524439111,0,-0.11,-0.22,-0.11
2015-09-17 11:11:00,115,0.2932197515234493,0,-0.11,-0.22,-0.11
2015-09-17 11:21:00,110,0.2957728460076945,0,-0.11,-0.22,-0.11
2015-09-17 11:31:00,116,0.2909782125284807,0,-0.11,-0.22,-0.11
2015-09-17 11:41:00,124,0.2849622662933667,0,-0.11,-0.22,-0.11
2015-09-17 11:51:00,120,0.2872757839448283,0,-0.11,-0.22,-0.11
2015-09-17 12:01:00,117,0.2888882059446618,0,-0.11,-0.22,-0.11
2015-09-17 12:11:00,111,0.29269279632650336,0,-0.11,-0.22,-0.11
2015-09-17 12:21:00,136,0.2737036981018476,0,-0.11,-0.22,-0.11
2015-09-17 12:31:00,127,0.28025430707654625,0,-0.11,-0.22,-0.11
2015-09-17 12:41:00,121,0.2845705140102041,0,-0.11,-0.22,-0.11
2015-09-17 12:51:00,131,0.2763023384991084,0,-0.11,-0.22,-0.11
2015-09-17 13:01:00,129,0.2777097211218538,0,-0.11,-0.22,-0.11
2015-09-17 13:11:00,119,0.2857579685699389,0,-0.11,-0.22,-0.11
2015-09-17 13:21:00,134,0.2726553709512795,0,-0.11,-0.22,-0.11
2015-09-17 13:31:00,137,0.2700109113998617,0,-0.11,-0.22,-0.11
2015-09-17 13:41:00,118,0.2868161842780138,0,-0.11,-0.22,-0.11
2015-09-17 13:51:00,114,0.2900299105230844,0,-0.11,-0.22,-0.11
2015-09-17 14:01:00,123,0.2809502299007553,0,-0.11,-0.22,-0.11
2015-09-17 14:11:00,124,0.2796766597160813,0,-0.11,-0.22,-0.11
2015-09-17 14:21:00,132,0.2716350878498657,0,-0.11,-0.22,-0.11
2015-09-17 14:31:00,184,0.3199373532350852,0,-0.11,-0.22,-0.11
2015-09-17 14:41:00,201,0.3367777156230253,0,-0.11,-0.22,-0.11
2015-09-17 14:51:00,209,0.3424365189887534,0,-0.11,-0.22,-0.11
2015-09-17 15:01:00,251,0.3875288800044145,0,-0.11,-0.22,-0.11
2015-09-17 15:11:00,245,0.3699242142476648,0,-0.11,-0.22,-0.11
2015-09-17 15:21:00,215,0.3299419444314362,0,-0.11,-0.22,-0.11
2015-09-17 15:31:00,252,0.3674232646543068,0,-0.11,-0.22,-0.11
2015-09-17 15:34:00,304,0.4184315191143113,0,-0.11,-0.22,-0.11
2015-09-17 15:44:00,239,0.33392076722987873,0,-0.11,-0.22,-0.11
2015-09-17 15:54:00,189,0.28369584808164444,0,-0.11,-0.22,-0.11
2015-09-17 16:04:00,194,0.2879308364271105,0,-0.11,-0.22,-0.11
2015-09-17 16:14:00,245,0.3382924301236923,0,-0.11,-0.22,-0.11
2015-09-17 16:24:00,396,0.5041446075567373,0,-0.11,-0.22,-0.11
2015-09-17 16:34:00,385,0.4440302320613389,0,-0.11,-0.22,-0.11
2015-09-17 16:44:00,285,0.3342401776734343,0,-0.11,-0.22,-0.11
2015-09-17 16:50:00,271,0.3199801482584453,0,-0.11,-0.22,-0.11
2015-09-17 17:00:00,308,0.3479412588258033,0,-0.11,-0.22,-0.11
2015-09-17 17:10:00,305,0.34091716320788,0,-0.11,-0.22,-0.11
