timestamp,value,anomaly_score,label,S(t)_standard,S(t)_reward_low_FP_rate,S(t)_reward_low_FN_rate
2014-03-07 03:41:00,45.868,0.0,0,-0.11,-0.22,-0.11
2014-03-07 03:46:00,47.606,0.0,0,-0.11,-0.22,-0.11
2014-03-07 03:51:00,42.58,0.0,0,-0.11,-0.22,-0.11
2014-03-07 03:56:00,46.03,0.0,0,-0.11,-0.22,-0.11
2014-03-07 04:01:00,44.992,0.0,0,-0.11,-0.22,-0.11
2014-03-07 04:06:00,45.238,0.0,0,-0.11,-0.22,-0.11
2014-03-07 04:11:00,45.751999999999995,0.0,0,-0.11,-0.22,-0.11
2014-03-07 04:16:00,46.476000000000006,0.0,0,-0.11,-0.22,-0.11
2014-03-07 04:21:00,42.751999999999995,0.0,0,-0.11,-0.22,-0.11
2014-03-07 04:26:00,46.15600000000001,0.0,0,-0.11,-0.22,-0.11
2014-03-07 04:31:00,43.35,0.0,0,-0.11,-0.22,-0.11
2014-03-07 04:36:00,46.292,0.0,0,-0.11,-0.22,-0.11
2014-03-07 04:41:00,43.428000000000004,0.0,0,-0.11,-0.22,-0.11
2014-03-07 04:46:00,46.31399999999999,0.0,0,-0.11,-0.22,-0.11
2014-03-07 04:51:00,43.688,0.0,0,-0.11,-0.22,-0.11
2014-03-07 04:56:00,45.4,0.0,0,-0.11,-0.22,-0.11
2014-03-07 05:01:00,45.858000000000004,0.0,0,-0.11,-0.22,-0.11
2014-03-07 05:06:00,43.13800000000001,0.0,0,-0.11,-0.22,-0.11
2014-03-07 05:11:00,46.023999999999994,0.0,0,-0.11,-0.22,-0.11
2014-03-07 05:16:00,46.501999999999995,0.0,0,-0.11,-0.22,-0.11
2014-03-07 05:21:00,42.606,0.0,0,-0.11,-0.22,-0.11
2014-03-07 05:26:00,45.47,0.0,0,-0.11,-0.22,-0.11
2014-03-07 05:31:00,42.652,0.0,0,-0.11,-0.22,-0.11
2014-03-07 05:36:00,46.48,0.0,0,-0.11,-0.22,-0.11
2014-03-07 05:41:00,45.47,0.0,0,-0.11,-0.22,-0.11
2014-03-07 05:46:00,44.882,0.0,0,-0.11,-0.22,-0.11
2014-03-07 05:51:00,42.501999999999995,0.0,0,-0.11,-0.22,-0.11
2014-03-07 05:56:00,46.104,0.0,0,-0.11,-0.22,-0.11
2014-03-07 06:01:00,43.88399999999999,0.0,0,-0.11,-0.22,-0.11
2014-03-07 06:06:00,43.943999999999996,0.0,0,-0.11,-0.22,-0.11
2014-03-07 06:11:00,46.056000000000004,0.0,0,-0.11,-0.22,-0.11
2014-03-07 06:16:00,45.658,0.0,0,-0.11,-0.22,-0.11
2014-03-07 06:21:00,43.662,0.0,0,-0.11,-0.22,-0.11
2014-03-07 06:26:00,44.074,0.0,0,-0.11,-0.22,-0.11
2014-03-07 06:31:00,42.91,0.0,0,-0.11,-0.22,-0.11
2014-03-07 06:36:00,44.32,0.0,0,-0.11,-0.22,-0.11
2014-03-07 06:41:00,44.718,0.0,0,-0.11,-0.22,-0.11
2014-03-07 06:46:00,45.658,0.0,0,-0.11,-0.22,-0.11
2014-03-07 06:51:00,42.63,0.0,0,-0.11,-0.22,-0.11
2014-03-07 06:56:00,46.478,0.0,0,-0.11,-0.22,-0.11
2014-03-07 07:01:00,46.431999999999995,0.0,0,-0.11,-0.22,-0.11
2014-03-07 07:06:00,41.76600000000001,0.0,0,-0.11,-0.22,-0.11
2014-03-07 07:11:00,47.008,0.0,0,-0.11,-0.22,-0.11
2014-03-07 07:16:00,44.94600000000001,0.0,0,-0.11,-0.22,-0.11
2014-03-07 07:21:00,42.111999999999995,0.0,0,-0.11,-0.22,-0.11
2014-03-07 07:26:00,43.85,0.0,0,-0.11,-0.22,-0.11
2014-03-07 07:31:00,43.78,0.0,0,-0.11,-0.22,-0.11
2014-03-07 07:36:00,46.11,0.0,0,-0.11,-0.22,-0.11
2014-03-07 07:41:00,43.662,0.0,0,-0.11,-0.22,-0.11
2014-03-07 07:46:00,46.808,0.0,0,-0.11,-0.22,-0.11
2014-03-07 07:51:00,40.586,0.0,0,-0.11,-0.22,-0.11
2014-03-07 07:56:00,45.87,0.0,0,-0.11,-0.22,-0.11
2014-03-07 08:01:00,43.618,0.0,0,-0.11,-0.22,-0.11
2014-03-07 08:06:00,43.63800000000001,0.0,0,-0.11,-0.22,-0.11
2014-03-07 08:11:00,48.412,0.0,0,-0.11,-0.22,-0.11
2014-03-07 08:16:00,40.61,0.0,0,-0.11,-0.22,-0.11
2014-03-07 08:21:00,43.402,0.0,0,-0.11,-0.22,-0.11
2014-03-07 08:26:00,42.324,0.0,0,-0.11,-0.22,-0.11
2014-03-07 08:31:00,44.56399999999999,0.0,0,-0.11,-0.22,-0.11
2014-03-07 08:36:00,42.858000000000004,0.0,0,-0.11,-0.22,-0.11
2014-03-07 08:41:00,45.63800000000001,0.0,0,-0.11,-0.22,-0.11
2014-03-07 08:46:00,44.32,0.0,0,-0.11,-0.22,-0.11
2014-03-07 08:51:00,40.916,0.0,0,-0.11,-0.22,-0.11
2014-03-07 08:56:00,45.58600000000001,0.0,0,-0.11,-0.22,-0.11
2014-03-07 09:01:00,43.69600000000001,0.0,0,-0.11,-0.22,-0.11
2014-03-07 09:06:00,43.908,0.0,0,-0.11,-0.22,-0.11
2014-03-07 09:11:00,47.042,0.0,0,-0.11,-0.22,-0.11
2014-03-07 09:16:00,43.49800000000001,0.0,0,-0.11,-0.22,-0.11
2014-03-07 09:21:00,43.772,0.0,0,-0.11,-0.22,-0.11
2014-03-07 09:26:00,42.641999999999996,0.0,0,-0.11,-0.22,-0.11
2014-03-07 09:31:00,44.193999999999996,0.0,0,-0.11,-0.22,-0.11
2014-03-07 09:36:00,45.63399999999999,0.0,0,-0.11,-0.22,-0.11
2014-03-07 09:41:00,43.17,0.0,0,-0.11,-0.22,-0.11
2014-03-07 09:46:00,43.732,0.0,0,-0.11,-0.22,-0.11
2014-03-07 09:51:00,43.49800000000001,0.0,0,-0.11,-0.22,-0.11
2014-03-07 09:56:00,45.492,0.0,0,-0.11,-0.22,-0.11
2014-03-07 10:01:00,44.742,0.0,0,-0.11,-0.22,-0.11
2014-03-07 10:06:00,43.216,0.0,0,-0.11,-0.22,-0.11
2014-03-07 10:11:00,45.848,0.0,0,-0.11,-0.22,-0.11
2014-03-07 10:16:00,42.824,0.0,0,-0.11,-0.22,-0.11
2014-03-07 10:21:00,42.23,0.0,0,-0.11,-0.22,-0.11
2014-03-07 10:26:00,42.442,0.0,0,-0.11,-0.22,-0.11
2014-03-07 10:31:00,43.474,0.0,0,-0.11,-0.22,-0.11
2014-03-07 10:36:00,46.666000000000004,0.0,0,-0.11,-0.22,-0.11
2014-03-07 10:41:00,40.97,0.0,0,-0.11,-0.22,-0.11
2014-03-07 10:46:00,43.732,0.0,0,-0.11,-0.22,-0.11
2014-03-07 10:51:00,45.163999999999994,0.0,0,-0.11,-0.22,-0.11
2014-03-07 10:56:00,44.782,0.0,0,-0.11,-0.22,-0.11
2014-03-07 11:01:00,44.083999999999996,0.0,0,-0.11,-0.22,-0.11
2014-03-07 11:06:00,44.968,0.0,0,-0.11,-0.22,-0.11
2014-03-07 11:11:00,46.104,0.0,0,-0.11,-0.22,-0.11
2014-03-07 11:16:00,43.688,0.0,0,-0.11,-0.22,-0.11
2014-03-07 11:21:00,42.332,0.0,0,-0.11,-0.22,-0.11
2014-03-07 11:26:00,43.756,0.0,0,-0.11,-0.22,-0.11
2014-03-07 11:31:00,43.708,0.0,0,-0.11,-0.22,-0.11
2014-03-07 11:36:00,45.49800000000001,0.0,0,-0.11,-0.22,-0.11
2014-03-07 11:41:00,45.773999999999994,0.0,0,-0.11,-0.22,-0.11
2014-03-07 11:46:00,42.31,0.0,0,-0.11,-0.22,-0.11
2014-03-07 11:51:00,46.681999999999995,0.0,0,-0.11,-0.22,-0.11
2014-03-07 11:56:00,43.49800000000001,0.0,0,-0.11,-0.22,-0.11
2014-03-07 12:01:00,44.096000000000004,0.0,0,-0.11,-0.22,-0.11
2014-03-07 12:06:00,44.022,0.0,0,-0.11,-0.22,-0.11
2014-03-07 12:11:00,47.571999999999996,0.0,0,-0.11,-0.22,-0.11
2014-03-07 12:16:00,42.258,0.0,0,-0.11,-0.22,-0.11
2014-03-07 12:21:00,44.202,0.0,0,-0.11,-0.22,-0.11
2014-03-07 12:26:00,44.32,0.0,0,-0.11,-0.22,-0.11
2014-03-07 12:31:00,44.013999999999996,0.0,0,-0.11,-0.22,-0.11
2014-03-07 12:36:00,44.983999999999995,0.0,0,-0.11,-0.22,-0.11
2014-03-07 12:41:00,45.59,0.0,0,-0.11,-0.22,-0.11
2014-03-07 12:46:00,40.69,0.0,0,-0.11,-0.22,-0.11
2014-03-07 12:51:00,44.176,0.0,0,-0.11,-0.22,-0.11
2014-03-07 12:56:00,46.263999999999996,0.0,0,-0.11,-0.22,-0.11
2014-03-07 13:01:00,44.108000000000004,0.0,0,-0.11,-0.22,-0.11
2014-03-07 13:06:00,45.58600000000001,0.0,0,-0.11,-0.22,-0.11
2014-03-07 13:11:00,44.9,0.0,0,-0.11,-0.22,-0.11
2014-03-07 13:16:00,43.58600000000001,0.0,0,-0.11,-0.22,-0.11
2014-03-07 13:21:00,43.556000000000004,0.0,0,-0.11,-0.22,-0.11
2014-03-07 13:26:00,45.773999999999994,0.0,0,-0.11,-0.22,-0.11
2014-03-07 13:31:00,43.122,0.0,0,-0.11,-0.22,-0.11
2014-03-07 13:36:00,44.83600000000001,0.0,0,-0.11,-0.22,-0.11
2014-03-07 13:41:00,47.37,0.0,0,-0.11,-0.22,-0.11
2014-03-07 13:46:00,42.03,0.0,0,-0.11,-0.22,-0.11
2014-03-07 13:51:00,45.61,0.0,0,-0.11,-0.22,-0.11
2014-03-07 13:56:00,44.961999999999996,0.0,0,-0.11,-0.22,-0.11
2014-03-07 14:01:00,44.812,0.0,0,-0.11,-0.22,-0.11
2014-03-07 14:06:00,45.63399999999999,0.0,0,-0.11,-0.22,-0.11
2014-03-07 14:11:00,44.51600000000001,0.0,0,-0.11,-0.22,-0.11
2014-03-07 14:16:00,45.163999999999994,0.0,0,-0.11,-0.22,-0.11
2014-03-07 14:21:00,43.56800000000001,0.0,0,-0.11,-0.22,-0.11
2014-03-07 14:26:00,45.216,0.0,0,-0.11,-0.22,-0.11
2014-03-07 14:31:00,42.88800000000001,0.0,0,-0.11,-0.22,-0.11
2014-03-07 14:36:00,44.70399999999999,0.0,0,-0.11,-0.22,-0.11
2014-03-07 14:41:00,46.288000000000004,0.0,0,-0.11,-0.22,-0.11
2014-03-07 14:46:00,42.606,0.0,0,-0.11,-0.22,-0.11
2014-03-07 14:51:00,44.622,0.0,0,-0.11,-0.22,-0.11
2014-03-07 14:56:00,45.961999999999996,0.0,0,-0.11,-0.22,-0.11
2014-03-07 15:01:00,46.236000000000004,0.0,0,-0.11,-0.22,-0.11
2014-03-07 15:06:00,43.262,0.0,0,-0.11,-0.22,-0.11
2014-03-07 15:11:00,43.942,0.0,0,-0.11,-0.22,-0.11
2014-03-07 15:16:00,42.582,0.0,0,-0.11,-0.22,-0.11
2014-03-07 15:21:00,43.67,0.0,0,-0.11,-0.22,-0.11
2014-03-07 15:26:00,44.141999999999996,0.0,0,-0.11,-0.22,-0.11
2014-03-07 15:31:00,43.79,0.0,0,-0.11,-0.22,-0.11
2014-03-07 15:36:00,44.882,0.0,0,-0.11,-0.22,-0.11
2014-03-07 15:41:00,48.68600000000001,0.0,0,-0.11,-0.22,-0.11
2014-03-07 15:46:00,40.938,0.0,0,-0.11,-0.22,-0.11
2014-03-07 15:51:00,45.58600000000001,0.0,0,-0.11,-0.22,-0.11
2014-03-07 15:56:00,45.733999999999995,0.0,0,-0.11,-0.22,-0.11
2014-03-07 16:01:00,44.553999999999995,0.0,0,-0.11,-0.22,-0.11
2014-03-07 16:06:00,44.43600000000001,0.0,0,-0.11,-0.22,-0.11
2014-03-07 16:11:00,47.676,0.0,0,-0.11,-0.22,-0.11
2014-03-07 16:16:00,42.606,0.0,0,-0.11,-0.22,-0.11
2014-03-07 16:21:00,45.492,0.0,0,-0.11,-0.22,-0.11
2014-03-07 16:26:00,43.08600000000001,0.0,0,-0.11,-0.22,-0.11
2014-03-07 16:31:00,45.306000000000004,0.0,0,-0.11,-0.22,-0.11
2014-03-07 16:36:00,43.536,0.0,0,-0.11,-0.22,-0.11
2014-03-07 16:41:00,45.693999999999996,0.0,0,-0.11,-0.22,-0.11
2014-03-07 16:46:00,43.24,0.0,0,-0.11,-0.22,-0.11
2014-03-07 16:51:00,43.122,0.0,0,-0.11,-0.22,-0.11
2014-03-07 16:56:00,46.338,0.0,0,-0.11,-0.22,-0.11
2014-03-07 17:01:00,45.821999999999996,0.0,0,-0.11,-0.22,-0.11
2014-03-07 17:06:00,43.098,0.0,0,-0.11,-0.22,-0.11
2014-03-07 17:11:00,47.746,0.0,0,-0.11,-0.22,-0.11
2014-03-07 17:16:00,44.428000000000004,0.0,0,-0.11,-0.22,-0.11
2014-03-07 17:21:00,42.833999999999996,0.0,0,-0.11,-0.22,-0.11
2014-03-07 17:26:00,44.758,0.0,0,-0.11,-0.22,-0.11
2014-03-07 17:31:00,45.891999999999996,0.0,0,-0.11,-0.22,-0.11
2014-03-07 17:36:00,49.013999999999996,0.0,0,-0.11,-0.22,-0.11
2014-03-07 17:41:00,43.522,0.0,0,-0.11,-0.22,-0.11
2014-03-07 17:46:00,45.63399999999999,0.0,0,-0.11,-0.22,-0.11
2014-03-07 17:51:00,42.544,0.0,0,-0.11,-0.22,-0.11
2014-03-07 17:56:00,44.994,0.0,0,-0.11,-0.22,-0.11
2014-03-07 18:01:00,47.08,0.0,0,-0.11,-0.22,-0.11
2014-03-07 18:06:00,45.24,0.0,0,-0.11,-0.22,-0.11
2014-03-07 18:11:00,44.083999999999996,0.0,0,-0.11,-0.22,-0.11
2014-03-07 18:16:00,45.79,0.0,0,-0.11,-0.22,-0.11
2014-03-07 18:21:00,43.24800000000001,0.0,0,-0.11,-0.22,-0.11
2014-03-07 18:26:00,46.848,0.0,0,-0.11,-0.22,-0.11
2014-03-07 18:31:00,42.864,0.0,0,-0.11,-0.22,-0.11
2014-03-07 18:36:00,44.202,0.0,0,-0.11,-0.22,-0.11
2014-03-07 18:41:00,45.916000000000004,0.0,0,-0.11,-0.22,-0.11
2014-03-07 18:46:00,43.924,0.0,0,-0.11,-0.22,-0.11
2014-03-07 18:51:00,42.992,0.0,0,-0.11,-0.22,-0.11
2014-03-07 18:56:00,46.38399999999999,0.0,0,-0.11,-0.22,-0.11
2014-03-07 19:01:00,45.773999999999994,0.0,0,-0.11,-0.22,-0.11
2014-03-07 19:06:00,43.816,0.0,0,-0.11,-0.22,-0.11
2014-03-07 19:11:00,46.69,0.0,0,-0.11,-0.22,-0.11
2014-03-07 19:16:00,42.394,0.0,0,-0.11,-0.22,-0.11
2014-03-07 19:21:00,44.6,0.0,0,-0.11,-0.22,-0.11
2014-03-07 19:26:00,44.038000000000004,0.0,0,-0.11,-0.22,-0.11
2014-03-07 19:31:00,46.12600000000001,0.0,0,-0.11,-0.22,-0.11
2014-03-07 19:36:00,46.644,0.0,0,-0.11,-0.22,-0.11
2014-03-07 19:41:00,42.63800000000001,0.0,0,-0.11,-0.22,-0.11
2014-03-07 19:46:00,45.23,0.0,0,-0.11,-0.22,-0.11
2014-03-07 19:51:00,45.986000000000004,0.0,0,-0.11,-0.22,-0.11
2014-03-07 19:56:00,45.07,0.0,0,-0.11,-0.22,-0.11
2014-03-07 20:01:00,44.394,0.0,0,-0.11,-0.22,-0.11
2014-03-07 20:06:00,44.788000000000004,0.0,0,-0.11,-0.22,-0.11
2014-03-07 20:11:00,48.873999999999995,0.0,0,-0.11,-0.22,-0.11
2014-03-07 20:16:00,41.972,0.0,0,-0.11,-0.22,-0.11
2014-03-07 20:21:00,45.56800000000001,0.0,0,-0.11,-0.22,-0.11
2014-03-07 20:26:00,43.122,0.0,0,-0.11,-0.22,-0.11
2014-03-07 20:31:00,44.202,0.0,0,-0.11,-0.22,-0.11
2014-03-07 20:36:00,44.553999999999995,0.0,0,-0.11,-0.22,-0.11
2014-03-07 20:41:00,44.882,0.0,0,-0.11,-0.22,-0.11
2014-03-07 20:46:00,45.258,0.0,0,-0.11,-0.22,-0.11
2014-03-07 20:51:00,44.36600000000001,0.0,0,-0.11,-0.22,-0.11
2014-03-07 20:56:00,45.606,0.0,0,-0.11,-0.22,-0.11
2014-03-07 21:01:00,44.43600000000001,0.0,0,-0.11,-0.22,-0.11
2014-03-07 21:06:00,44.226000000000006,0.0,0,-0.11,-0.22,-0.11
2014-03-07 21:11:00,47.476000000000006,0.0,0,-0.11,-0.22,-0.11
2014-03-07 21:16:00,45.163999999999994,0.0,0,-0.11,-0.22,-0.11
2014-03-07 21:21:00,42.91,0.0,0,-0.11,-0.22,-0.11
2014-03-07 21:26:00,46.784,0.0,0,-0.11,-0.22,-0.11
2014-03-07 21:31:00,42.54,0.0,0,-0.11,-0.22,-0.11
2014-03-07 21:36:00,45.403999999999996,0.0,0,-0.11,-0.22,-0.11
2014-03-07 21:41:00,46.198,0.0,0,-0.11,-0.22,-0.11
2014-03-07 21:46:00,46.338,0.0,0,-0.11,-0.22,-0.11
2014-03-07 21:51:00,42.536,0.0,0,-0.11,-0.22,-0.11
2014-03-07 21:56:00,46.5,0.0,0,-0.11,-0.22,-0.11
2014-03-07 22:01:00,45.88399999999999,0.0,0,-0.11,-0.22,-0.11
2014-03-07 22:06:00,43.45,0.0,0,-0.11,-0.22,-0.11
2014-03-07 22:11:00,46.251999999999995,0.0,0,-0.11,-0.22,-0.11
2014-03-07 22:16:00,46.08,0.0,0,-0.11,-0.22,-0.11
2014-03-07 22:21:00,42.77,0.0,0,-0.11,-0.22,-0.11
2014-03-07 22:26:00,44.648,0.0,0,-0.11,-0.22,-0.11
2014-03-07 22:31:00,43.36600000000001,0.0,0,-0.11,-0.22,-0.11
2014-03-07 22:36:00,45.46,0.0,0,-0.11,-0.22,-0.11
2014-03-07 22:41:00,44.508,0.0,0,-0.11,-0.22,-0.11
2014-03-07 22:46:00,43.15600000000001,0.0,0,-0.11,-0.22,-0.11
2014-03-07 22:51:00,46.431999999999995,0.0,0,-0.11,-0.22,-0.11
2014-03-07 22:56:00,44.83600000000001,0.0,0,-0.11,-0.22,-0.11
2014-03-07 23:01:00,44.43600000000001,0.0,0,-0.11,-0.22,-0.11
2014-03-07 23:06:00,45.0,0.0,0,-0.11,-0.22,-0.11
2014-03-07 23:11:00,47.663999999999994,0.0,0,-0.11,-0.22,-0.11
2014-03-07 23:16:00,43.873999999999995,0.0,0,-0.11,-0.22,-0.11
2014-03-07 23:21:00,45.623999999999995,0.0,0,-0.11,-0.22,-0.11
2014-03-07 23:26:00,48.38,0.0,0,-0.11,-0.22,-0.11
2014-03-07 23:31:00,41.738,0.0,0,-0.11,-0.22,-0.11
2014-03-07 23:36:00,45.44600000000001,0.0,0,-0.11,-0.22,-0.11
2014-03-07 23:41:00,46.644,0.0,0,-0.11,-0.22,-0.11
2014-03-07 23:46:00,46.352,0.0,0,-0.11,-0.22,-0.11
2014-03-07 23:51:00,45.141999999999996,0.0,0,-0.11,-0.22,-0.11
2014-03-07 23:56:00,45.606,0.0,0,-0.11,-0.22,-0.11
2014-03-08 00:01:00,46.39,0.0,0,-0.11,-0.22,-0.11
2014-03-08 00:06:00,43.31,0.0,0,-0.11,-0.22,-0.11
2014-03-08 00:11:00,48.12,0.0,0,-0.11,-0.22,-0.11
2014-03-08 00:16:00,44.333999999999996,0.0,0,-0.11,-0.22,-0.11
2014-03-08 00:21:00,44.794,0.0,0,-0.11,-0.22,-0.11
2014-03-08 00:26:00,46.76,0.0,0,-0.11,-0.22,-0.11
2014-03-08 00:31:00,45.088,0.0,0,-0.11,-0.22,-0.11
2014-03-08 00:36:00,43.391999999999996,0.0,0,-0.11,-0.22,-0.11
2014-03-08 00:41:00,44.882,0.0,0,-0.11,-0.22,-0.11
2014-03-08 00:46:00,44.86,0.0,0,-0.11,-0.22,-0.11
2014-03-08 00:51:00,45.111999999999995,0.0,0,-0.11,-0.22,-0.11
2014-03-08 00:56:00,46.784,0.0,0,-0.11,-0.22,-0.11
2014-03-08 01:01:00,46.996,0.0,0,-0.11,-0.22,-0.11
2014-03-08 01:06:00,44.68,0.0,0,-0.11,-0.22,-0.11
2014-03-08 01:11:00,45.492,0.0,0,-0.11,-0.22,-0.11
2014-03-08 01:16:00,44.578,0.0,0,-0.11,-0.22,-0.11
2014-03-08 01:21:00,43.36,0.0,0,-0.11,-0.22,-0.11
2014-03-08 01:26:00,45.83,0.0,0,-0.11,-0.22,-0.11
2014-03-08 01:31:00,44.88800000000001,0.0,0,-0.11,-0.22,-0.11
2014-03-08 01:36:00,44.4,0.0,0,-0.11,-0.22,-0.11
2014-03-08 01:41:00,47.558,0.0,0,-0.11,-0.22,-0.11
2014-03-08 01:46:00,45.013999999999996,0.0,0,-0.11,-0.22,-0.11
2014-03-08 01:51:00,43.732,0.0,0,-0.11,-0.22,-0.11
2014-03-08 01:56:00,46.854,0.0,0,-0.11,-0.22,-0.11
2014-03-08 02:01:00,46.244,0.0,0,-0.11,-0.22,-0.11
2014-03-08 02:06:00,42.958,0.0,0,-0.11,-0.22,-0.11
2014-03-08 02:11:00,46.644,0.0,0,-0.11,-0.22,-0.11
2014-03-08 02:16:00,47.548,0.0,0,-0.11,-0.22,-0.11
2014-03-08 02:21:00,40.658,0.0,0,-0.11,-0.22,-0.11
2014-03-08 02:26:00,44.718,0.0,0,-0.11,-0.22,-0.11
2014-03-08 02:31:00,46.58600000000001,0.0,0,-0.11,-0.22,-0.11
2014-03-08 02:36:00,44.12,0.0,0,-0.11,-0.22,-0.11
2014-03-08 02:41:00,43.802,0.0,0,-0.11,-0.22,-0.11
2014-03-08 02:46:00,45.023999999999994,0.0,0,-0.11,-0.22,-0.11
2014-03-08 02:51:00,46.361999999999995,0.0,0,-0.11,-0.22,-0.11
2014-03-08 02:56:00,47.464,0.0,0,-0.11,-0.22,-0.11
2014-03-08 03:01:00,44.06800000000001,0.0,0,-0.11,-0.22,-0.11
2014-03-08 03:06:00,44.083999999999996,0.0,0,-0.11,-0.22,-0.11
2014-03-08 03:11:00,46.644,0.0,0,-0.11,-0.22,-0.11
2014-03-08 03:16:00,46.298,0.0,0,-0.11,-0.22,-0.11
2014-03-08 03:21:00,45.29,0.0,0,-0.11,-0.22,-0.11
2014-03-08 03:26:00,44.538000000000004,0.0,0,-0.11,-0.22,-0.11
2014-03-08 03:31:00,45.78,0.0,0,-0.11,-0.22,-0.11
2014-03-08 03:36:00,45.931999999999995,0.0,0,-0.11,-0.22,-0.11
2014-03-08 03:41:00,46.096000000000004,0.0,0,-0.11,-0.22,-0.11
2014-03-08 03:46:00,44.812,0.0,0,-0.11,-0.22,-0.11
2014-03-08 03:51:00,47.058,0.0,0,-0.11,-0.22,-0.11
2014-03-08 03:56:00,44.79600000000001,0.0,0,-0.11,-0.22,-0.11
2014-03-08 04:01:00,44.578,0.0,0,-0.11,-0.22,-0.11
2014-03-08 04:06:00,47.348,0.0,0,-0.11,-0.22,-0.11
2014-03-08 04:11:00,42.794,0.0,0,-0.11,-0.22,-0.11
2014-03-08 04:16:00,44.648,0.0,0,-0.11,-0.22,-0.11
2014-03-08 04:21:00,46.596000000000004,0.0,0,-0.11,-0.22,-0.11
2014-03-08 04:26:00,43.21,0.0,0,-0.11,-0.22,-0.11
2014-03-08 04:31:00,45.14,0.0,0,-0.11,-0.22,-0.11
2014-03-08 04:36:00,45.093999999999994,0.0,0,-0.11,-0.22,-0.11
2014-03-08 04:41:00,46.312,0.0,0,-0.11,-0.22,-0.11
2014-03-08 04:46:00,42.583999999999996,0.0,0,-0.11,-0.22,-0.11
2014-03-08 04:51:00,47.394,0.0,0,-0.11,-0.22,-0.11
2014-03-08 04:56:00,43.1,0.0,0,-0.11,-0.22,-0.11
2014-03-08 05:01:00,44.448,0.0,0,-0.11,-0.22,-0.11
2014-03-08 05:06:00,44.202,0.0,0,-0.11,-0.22,-0.11
2014-03-08 05:11:00,46.784,0.0,0,-0.11,-0.22,-0.11
2014-03-08 05:16:00,45.986000000000004,0.0,0,-0.11,-0.22,-0.11
2014-03-08 05:21:00,44.508,0.0,0,-0.11,-0.22,-0.11
2014-03-08 05:26:00,43.63399999999999,0.0,0,-0.11,-0.22,-0.11
2014-03-08 05:31:00,42.974,0.0,0,-0.11,-0.22,-0.11
2014-03-08 05:36:00,44.87,0.0,0,-0.11,-0.22,-0.11
2014-03-08 05:41:00,45.714,0.0,0,-0.11,-0.22,-0.11
2014-03-08 05:46:00,44.53,0.0,0,-0.11,-0.22,-0.11
2014-03-08 05:51:00,47.391999999999996,0.0,0,-0.11,-0.22,-0.11
2014-03-08 05:56:00,42.88800000000001,0.0,0,-0.11,-0.22,-0.11
2014-03-08 06:01:00,43.78,0.0,0,-0.11,-0.22,-0.11
2014-03-08 06:06:00,44.39,0.0,0,-0.11,-0.22,-0.11
2014-03-08 06:11:00,46.174,0.0,0,-0.11,-0.22,-0.11
2014-03-08 06:16:00,45.37600000000001,0.0,0,-0.11,-0.22,-0.11
2014-03-08 06:21:00,44.32,0.0,0,-0.11,-0.22,-0.11
2014-03-08 06:26:00,42.512,0.0,0,-0.11,-0.22,-0.11
2014-03-08 06:31:00,45.396,0.0,0,-0.11,-0.22,-0.11
2014-03-08 06:36:00,44.038000000000004,0.0,0,-0.11,-0.22,-0.11
2014-03-08 06:41:00,42.40600000000001,0.0,0,-0.11,-0.22,-0.11
2014-03-08 06:46:00,43.92,0.0,0,-0.11,-0.22,-0.11
2014-03-08 06:51:00,46.056000000000004,0.0,0,-0.11,-0.22,-0.11
2014-03-08 06:56:00,44.43600000000001,0.0,0,-0.11,-0.22,-0.11
2014-03-08 07:01:00,45.078,0.0,0,-0.11,-0.22,-0.11
2014-03-08 07:06:00,42.87600000000001,0.0,0,-0.11,-0.22,-0.11
2014-03-08 07:11:00,47.23,0.0,0,-0.11,-0.22,-0.11
2014-03-08 07:16:00,46.174,0.0,0,-0.11,-0.22,-0.11
2014-03-08 07:21:00,40.798,0.0,0,-0.11,-0.22,-0.11
2014-03-08 07:26:00,44.1,0.0,0,-0.11,-0.22,-0.11
2014-03-08 07:31:00,43.788000000000004,0.0,0,-0.11,-0.22,-0.11
2014-03-08 07:36:00,44.742,0.0,0,-0.11,-0.22,-0.11
2014-03-08 07:41:00,44.938,0.0,0,-0.11,-0.22,-0.11
2014-03-08 07:46:00,48.36600000000001,0.0,0,-0.11,-0.22,-0.11
2014-03-08 07:51:00,39.718,0.0,0,-0.11,-0.22,-0.11
2014-03-08 07:56:00,45.684,0.0,0,-0.11,-0.22,-0.11
2014-03-08 08:01:00,43.978,0.0,0,-0.11,-0.22,-0.11
2014-03-08 08:06:00,45.093999999999994,0.0,0,-0.11,-0.22,-0.11
2014-03-08 08:11:00,43.122,0.0,0,-0.11,-0.22,-0.11
2014-03-08 08:16:00,45.658,0.0,0,-0.11,-0.22,-0.11
2014-03-08 08:21:00,41.83,0.0,0,-0.11,-0.22,-0.11
2014-03-08 08:26:00,44.83600000000001,0.0,0,-0.11,-0.22,-0.11
2014-03-08 08:31:00,42.558,0.0,0,-0.11,-0.22,-0.11
2014-03-08 08:36:00,44.508,0.0,0,-0.11,-0.22,-0.11
2014-03-08 08:41:00,42.354,0.0,0,-0.11,-0.22,-0.11
2014-03-08 08:46:00,45.36600000000001,0.0,0,-0.11,-0.22,-0.11
2014-03-08 08:51:00,41.972,0.0,0,-0.11,-0.22,-0.11
2014-03-08 08:56:00,45.70399999999999,0.0,0,-0.11,-0.22,-0.11
2014-03-08 09:01:00,44.63,0.0,0,-0.11,-0.22,-0.11
2014-03-08 09:06:00,42.042,0.0,0,-0.11,-0.22,-0.11
2014-03-08 09:11:00,46.012,0.0,0,-0.11,-0.22,-0.11
2014-03-08 09:16:00,45.56399999999999,0.0,0,-0.11,-0.22,-0.11
2014-03-08 09:21:00,43.56,0.0,0,-0.11,-0.22,-0.11
2014-03-08 09:26:00,42.184,0.0,0,-0.11,-0.22,-0.11
2014-03-08 09:31:00,43.662,0.0,0,-0.11,-0.22,-0.11
2014-03-08 09:36:00,45.47,0.0,0,-0.11,-0.22,-0.11
2014-03-08 09:41:00,43.333999999999996,0.0,0,-0.11,-0.22,-0.11
2014-03-08 09:46:00,46.198,0.0,0,-0.11,-0.22,-0.11
2014-03-08 09:51:00,40.774,0.0,0,-0.11,-0.22,-0.11
2014-03-08 09:56:00,45.891999999999996,0.0,0,-0.11,-0.22,-0.11
2014-03-08 10:01:00,43.63800000000001,0.0,0,-0.11,-0.22,-0.11
2014-03-08 10:06:00,44.90600000000001,0.0,0,-0.11,-0.22,-0.11
2014-03-08 10:11:00,45.438,0.0,0,-0.11,-0.22,-0.11
2014-03-08 10:16:00,44.276,0.0,0,-0.11,-0.22,-0.11
2014-03-08 10:21:00,41.924,0.0,0,-0.11,-0.22,-0.11
2014-03-08 10:26:00,43.333999999999996,0.0,0,-0.11,-0.22,-0.11
2014-03-08 10:31:00,44.896,0.0,0,-0.11,-0.22,-0.11
2014-03-08 10:36:00,42.751999999999995,0.0,0,-0.11,-0.22,-0.11
2014-03-08 10:41:00,43.38,0.0,0,-0.11,-0.22,-0.11
2014-03-08 10:46:00,46.38399999999999,0.0,0,-0.11,-0.22,-0.11
2014-03-08 10:51:00,40.306,0.0,0,-0.11,-0.22,-0.11
2014-03-08 10:56:00,45.773999999999994,0.0,0,-0.11,-0.22,-0.11
2014-03-08 11:01:00,43.544,0.0,0,-0.11,-0.22,-0.11
2014-03-08 11:06:00,43.756,0.0,0,-0.11,-0.22,-0.11
2014-03-08 11:11:00,44.882,0.0,0,-0.11,-0.22,-0.11
2014-03-08 11:16:00,47.158,0.0,0,-0.11,-0.22,-0.11
2014-03-08 11:21:00,41.784,0.0,0,-0.11,-0.22,-0.11
2014-03-08 11:26:00,42.458,0.0,0,-0.11,-0.22,-0.11
2014-03-08 11:31:00,43.544,0.0,0,-0.11,-0.22,-0.11
2014-03-08 11:36:00,44.272,0.0,0,-0.11,-0.22,-0.11
2014-03-08 11:41:00,44.976000000000006,0.0,0,-0.11,-0.22,-0.11
2014-03-08 11:46:00,44.86,0.0,0,-0.11,-0.22,-0.11
2014-03-08 11:51:00,44.36600000000001,0.0,0,-0.11,-0.22,-0.11
2014-03-08 11:56:00,44.018,0.0,0,-0.11,-0.22,-0.11
2014-03-08 12:01:00,42.674,0.0,0,-0.11,-0.22,-0.11
2014-03-08 12:06:00,45.328,0.0,0,-0.11,-0.22,-0.11
2014-03-08 12:11:00,44.013999999999996,0.0,0,-0.11,-0.22,-0.11
2014-03-08 12:16:00,45.70399999999999,0.0,0,-0.11,-0.22,-0.11
2014-03-08 12:21:00,41.76,0.0,0,-0.11,-0.22,-0.11
2014-03-08 12:26:00,43.468,0.0,0,-0.11,-0.22,-0.11
2014-03-08 12:31:00,46.38,0.0,0,-0.11,-0.22,-0.11
2014-03-08 12:36:00,41.278,0.0,0,-0.11,-0.22,-0.11
2014-03-08 12:41:00,44.083999999999996,0.0,0,-0.11,-0.22,-0.11
2014-03-08 12:46:00,45.422,0.0,0,-0.11,-0.22,-0.11
2014-03-08 12:51:00,42.136,0.0,0,-0.11,-0.22,-0.11
2014-03-08 12:56:00,46.361999999999995,0.0,0,-0.11,-0.22,-0.11
2014-03-08 13:01:00,44.178000000000004,0.0,0,-0.11,-0.22,-0.11
2014-03-08 13:06:00,44.32,0.0,0,-0.11,-0.22,-0.11
2014-03-08 13:11:00,49.238,0.0,0,-0.11,-0.22,-0.11
2014-03-08 13:16:00,41.644,0.0,0,-0.11,-0.22,-0.11
2014-03-08 13:21:00,44.693999999999996,0.0,0,-0.11,-0.22,-0.11
2014-03-08 13:26:00,42.864,0.0,0,-0.11,-0.22,-0.11
2014-03-08 13:31:00,44.108000000000004,0.0,0,-0.11,-0.22,-0.11
2014-03-08 13:36:00,44.742,0.0,0,-0.11,-0.22,-0.11
2014-03-08 13:41:00,45.188,0.0,0,-0.11,-0.22,-0.11
2014-03-08 13:46:00,47.464,0.0,0,-0.11,-0.22,-0.11
2014-03-08 13:51:00,42.343999999999994,0.0,0,-0.11,-0.22,-0.11
2014-03-08 13:56:00,44.413999999999994,0.0,0,-0.11,-0.22,-0.11
2014-03-08 14:01:00,44.32,0.0,0,-0.11,-0.22,-0.11
2014-03-08 14:06:00,44.272,0.0,0,-0.11,-0.22,-0.11
2014-03-08 14:11:00,46.528,0.0,0,-0.11,-0.22,-0.11
2014-03-08 14:16:00,45.986000000000004,0.0,0,-0.11,-0.22,-0.11
2014-03-08 14:21:00,42.512,0.0,0,-0.11,-0.22,-0.11
2014-03-08 14:26:00,45.61,0.0,0,-0.11,-0.22,-0.11
2014-03-08 14:31:00,44.44,0.0,0,-0.11,-0.22,-0.11
2014-03-08 14:36:00,42.982,0.0,0,-0.11,-0.22,-0.11
2014-03-08 14:41:00,44.24800000000001,0.0,0,-0.11,-0.22,-0.11
2014-03-08 14:46:00,45.846000000000004,0.0,0,-0.11,-0.22,-0.11
2014-03-08 14:51:00,42.356,0.0,0,-0.11,-0.22,-0.11
2014-03-08 14:56:00,46.924,0.0,0,-0.11,-0.22,-0.11
2014-03-08 15:01:00,45.023999999999994,0.0,0,-0.11,-0.22,-0.11
2014-03-08 15:06:00,43.076,0.0,0,-0.11,-0.22,-0.11
2014-03-08 15:11:00,46.408,0.0,0,-0.11,-0.22,-0.11
2014-03-08 15:16:00,47.09,0.0,0,-0.11,-0.22,-0.11
2014-03-08 15:21:00,41.578,0.0,0,-0.11,-0.22,-0.11
2014-03-08 15:26:00,44.272,0.0,0,-0.11,-0.22,-0.11
2014-03-08 15:31:00,44.46,0.0,0,-0.11,-0.22,-0.11
2014-03-08 15:36:00,45.0,0.0,0,-0.11,-0.22,-0.11
2014-03-08 15:41:00,47.066,0.0,0,-0.11,-0.22,-0.11
2014-03-08 15:46:00,46.522,0.0,0,-0.11,-0.22,-0.11
2014-03-08 15:51:00,41.976000000000006,0.0,0,-0.11,-0.22,-0.11
2014-03-08 15:56:00,46.666000000000004,0.0,0,-0.11,-0.22,-0.11
2014-03-08 16:01:00,44.46,0.0,0,-0.11,-0.22,-0.11
2014-03-08 16:06:00,45.04600000000001,0.0,0,-0.11,-0.22,-0.11
2014-03-08 16:11:00,45.738,0.0,0,-0.11,-0.22,-0.11
2014-03-08 16:16:00,47.926,0.0,0,-0.11,-0.22,-0.11
2014-03-08 16:21:00,41.526,0.0,0,-0.11,-0.22,-0.11
2014-03-08 16:26:00,44.718,0.0,0,-0.11,-0.22,-0.11
2014-03-08 16:31:00,45.798,0.0,0,-0.11,-0.22,-0.11
2014-03-08 16:36:00,43.098,0.0,0,-0.11,-0.22,-0.11
2014-03-08 16:41:00,44.894,0.0,0,-0.11,-0.22,-0.11
2014-03-08 16:46:00,45.04600000000001,0.0,0,-0.11,-0.22,-0.11
2014-03-08 16:51:00,45.44600000000001,0.0,0,-0.11,-0.22,-0.11
2014-03-08 16:56:00,44.174,0.0,0,-0.11,-0.22,-0.11
2014-03-08 17:01:00,45.163999999999994,0.0,0,-0.11,-0.22,-0.11
2014-03-08 17:06:00,44.184,0.0,0,-0.11,-0.22,-0.11
2014-03-08 17:11:00,46.244,0.0,0,-0.11,-0.22,-0.11
2014-03-08 17:16:00,48.098,0.0,0,-0.11,-0.22,-0.11
2014-03-08 17:21:00,41.88,0.0,0,-0.11,-0.22,-0.11
2014-03-08 17:26:00,45.386,0.0,0,-0.11,-0.22,-0.11
2014-03-08 17:31:00,43.152,0.0,0,-0.11,-0.22,-0.11
2014-03-08 17:36:00,46.538000000000004,0.0,0,-0.11,-0.22,-0.11
2014-03-08 17:41:00,44.226000000000006,0.0,0,-0.11,-0.22,-0.11
2014-03-08 17:46:00,44.648,0.0,0,-0.11,-0.22,-0.11
2014-03-08 17:51:00,46.338,0.0,0,-0.11,-0.22,-0.11
2014-03-08 17:56:00,44.928000000000004,0.0,0,-0.11,-0.22,-0.11
2014-03-08 18:01:00,45.018,0.0,0,-0.11,-0.22,-0.11
2014-03-08 18:06:00,47.382,0.0,0,-0.11,-0.22,-0.11
2014-03-08 18:11:00,44.394,0.0,0,-0.11,-0.22,-0.11
2014-03-08 18:16:00,44.86600000000001,0.0,0,-0.11,-0.22,-0.11
2014-03-08 18:21:00,46.136,0.0,0,-0.11,-0.22,-0.11
2014-03-08 18:26:00,43.11600000000001,0.0,0,-0.11,-0.22,-0.11
2014-03-08 18:31:00,44.418,0.0,0,-0.11,-0.22,-0.11
2014-03-08 18:36:00,44.86,0.0,0,-0.11,-0.22,-0.11
2014-03-08 18:41:00,44.22,0.0,0,-0.11,-0.22,-0.11
2014-03-08 18:46:00,45.974,0.0,0,-0.11,-0.22,-0.11
2014-03-08 18:51:00,46.244,0.0,0,-0.11,-0.22,-0.11
2014-03-08 18:56:00,43.63800000000001,0.0,0,-0.11,-0.22,-0.11
2014-03-08 19:01:00,44.578,0.0,0,-0.11,-0.22,-0.11
2014-03-08 19:06:00,44.494,0.0,0,-0.11,-0.22,-0.11
2014-03-08 19:11:00,46.501999999999995,0.0,0,-0.11,-0.22,-0.11
2014-03-08 19:16:00,46.15,0.0,0,-0.11,-0.22,-0.11
2014-03-08 19:21:00,44.53,0.0,0,-0.11,-0.22,-0.11
2014-03-08 19:26:00,44.93,0.0,0,-0.11,-0.22,-0.11
2014-03-08 19:31:00,43.098,0.0,0,-0.11,-0.22,-0.11
2014-03-08 19:36:00,45.233999999999995,0.0,0,-0.11,-0.22,-0.11
2014-03-08 19:41:00,45.961999999999996,0.0,0,-0.11,-0.22,-0.11
2014-03-08 19:46:00,43.152,0.0,0,-0.11,-0.22,-0.11
2014-03-08 19:51:00,46.478,0.0,0,-0.11,-0.22,-0.11
2014-03-08 19:56:00,45.188,0.0,0,-0.11,-0.22,-0.11
2014-03-08 20:01:00,47.19600000000001,0.0,0,-0.11,-0.22,-0.11
2014-03-08 20:06:00,41.76600000000001,0.0,0,-0.11,-0.22,-0.11
2014-03-08 20:11:00,46.198,0.0,0,-0.11,-0.22,-0.11
2014-03-08 20:16:00,44.413999999999994,0.0,0,-0.11,-0.22,-0.11
2014-03-08 20:21:00,46.83,0.0,0,-0.11,-0.22,-0.11
2014-03-08 20:26:00,43.65,0.0,0,-0.11,-0.22,-0.11
2014-03-08 20:31:00,43.198,0.0,0,-0.11,-0.22,-0.11
2014-03-08 20:36:00,46.31399999999999,0.0,0,-0.11,-0.22,-0.11
2014-03-08 20:41:00,43.87600000000001,0.0,0,-0.11,-0.22,-0.11
2014-03-08 20:46:00,47.418,0.0,0,-0.11,-0.22,-0.11
2014-03-08 20:51:00,41.22,0.0,0,-0.11,-0.22,-0.11
2014-03-08 20:56:00,46.5,0.0,0,-0.11,-0.22,-0.11
2014-03-08 21:01:00,44.598,0.0,0,-0.11,-0.22,-0.11
2014-03-08 21:06:00,44.718,0.0,0,-0.11,-0.22,-0.11
2014-03-08 21:11:00,48.592,0.0,0,-0.11,-0.22,-0.11
2014-03-08 21:16:00,43.816,0.0,0,-0.11,-0.22,-0.11
2014-03-08 21:21:00,42.724,0.0,0,-0.11,-0.22,-0.11
2014-03-08 21:26:00,44.24800000000001,0.0,0,-0.11,-0.22,-0.11
2014-03-08 21:31:00,45.328,0.0,0,-0.11,-0.22,-0.11
2014-03-08 21:36:00,44.442,0.0,0,-0.11,-0.22,-0.11
2014-03-08 21:41:00,45.358000000000004,0.0,0,-0.11,-0.22,-0.11
2014-03-08 21:46:00,47.582,0.0,0,-0.11,-0.22,-0.11
2014-03-08 21:51:00,41.556000000000004,0.0,0,-0.11,-0.22,-0.11
2014-03-08 21:56:00,46.878,0.0,0,-0.11,-0.22,-0.11
2014-03-08 22:01:00,44.226000000000006,0.0,0,-0.11,-0.22,-0.11
2014-03-08 22:06:00,44.882,0.0,0,-0.11,-0.22,-0.11
2014-03-08 22:11:00,46.878,0.0,0,-0.11,-0.22,-0.11
2014-03-08 22:16:00,45.821999999999996,0.0,0,-0.11,-0.22,-0.11
2014-03-08 22:21:00,44.843999999999994,0.0,0,-0.11,-0.22,-0.11
2014-03-08 22:26:00,43.826,0.0,0,-0.11,-0.22,-0.11
2014-03-08 22:31:00,43.004,0.0,0,-0.11,-0.22,-0.11
2014-03-08 22:36:00,44.93,0.0,0,-0.11,-0.22,-0.11
2014-03-08 22:41:00,44.53,0.0,0,-0.11,-0.22,-0.11
2014-03-08 22:46:00,47.512,0.0,0,-0.11,-0.22,-0.11
2014-03-08 22:51:00,41.413999999999994,0.0,0,-0.11,-0.22,-0.11
2014-03-08 22:56:00,46.571999999999996,0.0,0,-0.11,-0.22,-0.11
2014-03-08 23:01:00,46.056000000000004,0.0,0,-0.11,-0.22,-0.11
2014-03-08 23:06:00,43.333999999999996,0.0,0,-0.11,-0.22,-0.11
2014-03-08 23:11:00,50.14,0.0,0,-0.11,-0.22,-0.11
2014-03-08 23:16:00,41.23,0.0,0,-0.11,-0.22,-0.11
2014-03-08 23:21:00,44.788000000000004,0.0,0,-0.11,-0.22,-0.11
2014-03-08 23:26:00,44.508,0.0,0,-0.11,-0.22,-0.11
2014-03-08 23:31:00,44.90600000000001,0.0,0,-0.11,-0.22,-0.11
2014-03-08 23:36:00,45.54,0.0,0,-0.11,-0.22,-0.11
2014-03-08 23:41:00,48.208,0.0,0,-0.11,-0.22,-0.11
2014-03-08 23:46:00,42.418,0.0,0,-0.11,-0.22,-0.11
2014-03-08 23:51:00,47.29,0.0,0,-0.11,-0.22,-0.11
2014-03-08 23:56:00,44.188,0.0,0,-0.11,-0.22,-0.11
2014-03-09 00:01:00,44.508,0.0,0,-0.11,-0.22,-0.11
2014-03-09 00:06:00,44.672,0.0,0,-0.11,-0.22,-0.11
2014-03-09 00:11:00,48.078,0.0,0,-0.11,-0.22,-0.11
2014-03-09 00:16:00,43.08,0.0,0,-0.11,-0.22,-0.11
2014-03-09 00:21:00,44.636,0.0,0,-0.11,-0.22,-0.11
2014-03-09 00:26:00,45.43600000000001,0.0,0,-0.11,-0.22,-0.11
2014-03-09 00:31:00,46.08,0.0,0,-0.11,-0.22,-0.11
2014-03-09 00:36:00,43.78,0.0,0,-0.11,-0.22,-0.11
2014-03-09 00:41:00,47.611999999999995,0.0,0,-0.11,-0.22,-0.11
2014-03-09 00:46:00,41.478,0.0,0,-0.11,-0.22,-0.11
2014-03-09 00:51:00,44.43600000000001,0.0,0,-0.11,-0.22,-0.11
2014-03-09 00:56:00,46.948,0.0,0,-0.11,-0.22,-0.11
2014-03-09 01:01:00,44.90600000000001,0.0,0,-0.11,-0.22,-0.11
2014-03-09 01:06:00,46.948,0.0,0,-0.11,-0.22,-0.11
2014-03-09 01:11:00,45.44600000000001,0.0,0,-0.11,-0.22,-0.11
2014-03-09 01:16:00,43.052,0.0,0,-0.11,-0.22,-0.11
2014-03-09 01:21:00,44.46,0.0,0,-0.11,-0.22,-0.11
2014-03-09 01:26:00,44.553999999999995,0.0,0,-0.11,-0.22,-0.11
2014-03-09 01:31:00,45.492,0.0,0,-0.11,-0.22,-0.11
2014-03-09 01:36:00,44.648,0.0,0,-0.11,-0.22,-0.11
2014-03-09 01:41:00,48.732,0.0,0,-0.11,-0.22,-0.11
2014-03-09 01:46:00,41.15,0.0,0,-0.11,-0.22,-0.11
2014-03-09 01:51:00,45.916000000000004,0.0,0,-0.11,-0.22,-0.11
2014-03-09 01:56:00,44.038000000000004,0.0,0,-0.11,-0.22,-0.11
2014-03-09 03:00:00,44.611999999999995,0.0,0,-0.11,-0.22,-0.11
2014-03-09 03:00:00,43.578,0.0,0,-0.11,-0.22,-0.11
2014-03-09 03:00:00,47.018,0.0,0,-0.11,-0.22,-0.11
2014-03-09 03:00:00,46.456,0.0,0,-0.11,-0.22,-0.11
2014-03-09 03:00:00,44.368,0.0,0,-0.11,-0.22,-0.11
2014-03-09 03:00:00,43.544,0.0,0,-0.11,-0.22,-0.11
2014-03-09 03:00:00,44.938,0.0,0,-0.11,-0.22,-0.11
2014-03-09 03:00:00,43.833999999999996,0.0,0,-0.11,-0.22,-0.11
2014-03-09 03:00:00,47.026,0.0,0,-0.11,-0.22,-0.11
2014-03-09 03:00:00,42.368,0.0,0,-0.11,-0.22,-0.11
2014-03-09 03:00:00,44.468,0.0,0,-0.11,-0.22,-0.11
2014-03-09 03:00:00,47.09,0.0,0,-0.11,-0.22,-0.11
2014-03-09 03:01:00,45.961999999999996,0.0,0,-0.11,-0.22,-0.11
2014-03-09 03:06:00,44.65600000000001,0.0,0,-0.11,-0.22,-0.11
2014-03-09 03:11:00,46.422,0.0,0,-0.11,-0.22,-0.11
2014-03-09 03:16:00,43.38,0.0,0,-0.11,-0.22,-0.11
2014-03-09 03:21:00,47.042,0.0,0,-0.11,-0.22,-0.11
2014-03-09 03:26:00,46.338,0.0,0,-0.11,-0.22,-0.11
2014-03-09 03:31:00,43.17,0.0,0,-0.11,-0.22,-0.11
2014-03-09 03:36:00,46.744,0.0,0,-0.11,-0.22,-0.11
2014-03-09 03:41:00,45.56399999999999,0.0,0,-0.11,-0.22,-0.11
2014-03-09 03:46:00,42.77,0.0,0,-0.11,-0.22,-0.11
2014-03-09 03:51:00,45.141999999999996,0.0,0,-0.11,-0.22,-0.11
2014-03-09 03:56:00,46.15,0.0,0,-0.11,-0.22,-0.11
2014-03-09 04:01:00,44.6,0.0,0,-0.11,-0.22,-0.11
2014-03-09 04:06:00,46.361999999999995,0.0,0,-0.11,-0.22,-0.11
2014-03-09 04:11:00,46.714,0.0,0,-0.11,-0.22,-0.11
2014-03-09 04:16:00,43.228,0.0,0,-0.11,-0.22,-0.11
2014-03-09 04:21:00,44.792,0.0,0,-0.11,-0.22,-0.11
2014-03-09 04:26:00,44.508,0.0,0,-0.11,-0.22,-0.11
2014-03-09 04:31:00,46.426,0.0,0,-0.11,-0.22,-0.11
2014-03-09 04:36:00,44.628,0.0,0,-0.11,-0.22,-0.11
2014-03-09 04:41:00,43.373999999999995,0.0,0,-0.11,-0.22,-0.11
2014-03-09 04:46:00,45.891999999999996,0.0,0,-0.11,-0.22,-0.11
2014-03-09 04:51:00,43.062,0.0,0,-0.11,-0.22,-0.11
2014-03-09 04:56:00,46.526,0.0,0,-0.11,-0.22,-0.11
2014-03-09 05:01:00,44.76600000000001,0.0,0,-0.11,-0.22,-0.11
2014-03-09 05:06:00,46.202,0.0,0,-0.11,-0.22,-0.11
2014-03-09 05:11:00,44.29600000000001,0.0,0,-0.11,-0.22,-0.11
2014-03-09 05:16:00,44.95399999999999,0.0,0,-0.11,-0.22,-0.11
2014-03-09 05:21:00,47.082,0.0,0,-0.11,-0.22,-0.11
2014-03-09 05:26:00,41.878,0.0,0,-0.11,-0.22,-0.11
2014-03-09 05:31:00,45.328,0.0,0,-0.11,-0.22,-0.11
2014-03-09 05:36:00,47.042,0.0,0,-0.11,-0.22,-0.11
2014-03-09 05:41:00,44.16,0.0,0,-0.11,-0.22,-0.11
2014-03-09 05:46:00,45.986000000000004,0.0,0,-0.11,-0.22,-0.11
2014-03-09 05:51:00,43.136,0.0,0,-0.11,-0.22,-0.11
2014-03-09 05:56:00,46.292,0.0,0,-0.11,-0.22,-0.11
2014-03-09 06:01:00,46.036,0.3593257656924557,0,-0.11,-0.22,-0.11
2014-03-09 06:06:00,44.611999999999995,0.30800913046582923,0,-0.11,-0.22,-0.11
2014-03-09 06:11:00,47.013999999999996,0.4039438265866572,0,-0.11,-0.22,-0.11
2014-03-09 06:16:00,42.722,0.3915833680356389,0,-0.11,-0.22,-0.11
2014-03-09 06:21:00,44.47,0.31355509248728164,0,-0.11,-0.22,-0.11
2014-03-09 06:26:00,44.773999999999994,0.30493172504179433,0,-0.11,-0.22,-0.11
2014-03-09 06:31:00,45.728,0.345506558544382,0,-0.11,-0.22,-0.11
2014-03-09 06:36:00,44.756,0.30365658472890666,0,-0.11,-0.22,-0.11
2014-03-09 06:41:00,45.258,0.3247602115787905,0,-0.11,-0.22,-0.11
2014-03-09 06:46:00,42.522,0.4010023104242499,0,-0.11,-0.22,-0.11
2014-03-09 06:51:00,45.632,0.341219337139693,0,-0.11,-0.22,-0.11
2014-03-09 06:56:00,44.996,0.3142635567160736,0,-0.11,-0.22,-0.11
2014-03-09 07:01:00,44.483999999999995,0.3132474998479121,0,-0.11,-0.22,-0.11
2014-03-09 07:06:00,44.36600000000001,0.3183413719238521,0,-0.11,-0.22,-0.11
2014-03-09 07:11:00,49.238,0.5120500757645262,0,-0.11,-0.22,-0.11
2014-03-09 07:16:00,42.821999999999996,0.3867182313235102,0,-0.11,-0.22,-0.11
2014-03-09 07:21:00,42.88800000000001,0.3831457595614147,0,-0.11,-0.22,-0.11
2014-03-09 07:26:00,44.32,0.3199208278913314,0,-0.11,-0.22,-0.11
2014-03-09 07:31:00,43.85,0.3403323422310245,0,-0.11,-0.22,-0.11
2014-03-09 07:36:00,46.66,0.3869391997447212,0,-0.11,-0.22,-0.11
2014-03-09 07:41:00,44.788000000000004,0.3049016865418151,0,-0.11,-0.22,-0.11
2014-03-09 07:46:00,44.013999999999996,0.3337740201156191,0,-0.11,-0.22,-0.11
2014-03-09 07:51:00,42.53,0.4004455932257052,0,-0.11,-0.22,-0.11
2014-03-09 07:56:00,46.268,0.36884478308180974,0,-0.11,-0.22,-0.11
2014-03-09 08:01:00,43.732,0.3456647619261283,0,-0.11,-0.22,-0.11
2014-03-09 08:06:00,46.244,0.3675729951764138,0,-0.11,-0.22,-0.11
2014-03-09 08:11:00,43.428000000000004,0.3593726640714588,0,-0.11,-0.22,-0.11
2014-03-09 08:16:00,44.24800000000001,0.3232885505016508,0,-0.11,-0.22,-0.11
2014-03-09 08:21:00,46.431999999999995,0.3767322636951576,0,-0.11,-0.22,-0.11
2014-03-09 08:26:00,41.38399999999999,0.4560401023938248,0,-0.11,-0.22,-0.11
2014-03-09 08:31:00,44.001999999999995,0.3340047467680837,0,-0.11,-0.22,-0.11
2014-03-09 08:36:00,45.518,0.3357113373830452,0,-0.11,-0.22,-0.11
2014-03-09 08:41:00,42.422,0.4054163062386525,0,-0.11,-0.22,-0.11
2014-03-09 08:46:00,43.968,0.3351501364535553,0,-0.11,-0.22,-0.11
2014-03-09 08:51:00,44.976000000000006,0.3135657310734927,0,-0.11,-0.22,-0.11
2014-03-09 08:56:00,44.66,0.30619638413208705,0,-0.11,-0.22,-0.11
2014-03-09 09:01:00,44.95399999999999,0.3121920667041343,0,-0.11,-0.22,-0.11
2014-03-09 09:06:00,44.648,0.3066969529791025,0,-0.11,-0.22,-0.11
2014-03-09 09:11:00,43.856,0.3409190294095901,0,-0.11,-0.22,-0.11
2014-03-09 09:16:00,44.153999999999996,0.3279321709746872,0,-0.11,-0.22,-0.11
2014-03-09 09:21:00,43.94600000000001,0.33686395949709225,0,-0.11,-0.22,-0.11
2014-03-09 09:26:00,43.896,0.3395677748457486,0,-0.11,-0.22,-0.11
2014-03-09 09:31:00,43.662,0.34992758477492203,0,-0.11,-0.22,-0.11
2014-03-09 09:36:00,46.68,0.3901335982483072,0,-0.11,-0.22,-0.11
2014-03-09 09:41:00,45.821999999999996,0.34984106765975354,0,-0.11,-0.22,-0.11
2014-03-09 09:46:00,41.15,0.4717411915543424,0,-0.11,-0.22,-0.11
2014-03-09 09:51:00,43.943999999999996,0.3374793141322242,0,-0.11,-0.22,-0.11
2014-03-09 09:56:00,46.032,0.35918365902348914,0,-0.11,-0.22,-0.11
2014-03-09 10:01:00,45.233999999999995,0.3234759226606911,0,-0.11,-0.22,-0.11
2014-03-09 10:06:00,43.92,0.33910620104631906,0,-0.11,-0.22,-0.11
2014-03-09 10:11:00,43.63800000000001,0.35226333908159546,0,-0.11,-0.22,-0.11
2014-03-09 10:16:00,44.83600000000001,0.3064107193450631,0,-0.11,-0.22,-0.11
2014-03-09 10:21:00,42.31,0.4143716140019317,0,-0.11,-0.22,-0.11
2014-03-09 10:26:00,45.07,0.31667600204167234,0,-0.11,-0.22,-0.11
2014-03-09 10:31:00,42.536,0.40385418109073856,0,-0.11,-0.22,-0.11
2014-03-09 10:36:00,45.47,0.333947684614782,0,-0.11,-0.22,-0.11
2014-03-09 10:41:00,42.136,0.4227734213915779,0,-0.11,-0.22,-0.11
2014-03-09 10:46:00,45.346000000000004,0.3285704626839758,0,-0.11,-0.22,-0.11
2014-03-09 10:51:00,43.49800000000001,0.3578206781712356,0,-0.11,-0.22,-0.11
2014-03-09 10:56:00,44.46,0.3156103878340845,0,-0.11,-0.22,-0.11
2014-03-09 11:01:00,45.37600000000001,0.33010830255297313,0,-0.11,-0.22,-0.11
2014-03-09 11:06:00,42.582,0.4022190570712171,0,-0.11,-0.22,-0.11
2014-03-09 11:11:00,46.972,0.40427664353803583,0,-0.11,-0.22,-0.11
2014-03-09 11:16:00,42.618,0.3997865661919039,0,-0.11,-0.22,-0.11
2014-03-09 11:21:00,44.038000000000004,0.3336545550024702,0,-0.11,-0.22,-0.11
2014-03-09 11:26:00,46.478,0.3802945323911714,0,-0.11,-0.22,-0.11
2014-03-09 11:31:00,40.586,0.5008488964230966,0,-0.11,-0.22,-0.11
2014-03-09 11:36:00,45.422,0.3317048175641472,0,-0.11,-0.22,-0.11
2014-03-09 11:41:00,43.826,0.34347975748484344,0,-0.11,-0.22,-0.11
2014-03-09 11:46:00,43.251999999999995,0.3697277682831934,0,-0.11,-0.22,-0.11
2014-03-09 11:51:00,43.826,0.3431137680194502,0,-0.11,-0.22,-0.11
2014-03-09 11:56:00,47.136,0.4118196030049225,0,-0.11,-0.22,-0.11
2014-03-09 12:01:00,44.36600000000001,0.3202049820966453,0,-0.11,-0.22,-0.11
2014-03-09 12:06:00,43.333999999999996,0.3669744978300276,0,-0.11,-0.22,-0.11
2014-03-09 12:11:00,43.943999999999996,0.3389545616501608,0,-0.11,-0.22,-0.11
2014-03-09 12:16:00,43.802,0.3452021757436245,0,-0.11,-0.22,-0.11
2014-03-09 12:21:00,43.918,0.33957444987818514,0,-0.11,-0.22,-0.11
2014-03-09 12:26:00,44.058,0.33376767428273324,0,-0.11,-0.22,-0.11
2014-03-09 12:31:00,45.51600000000001,0.3358933378136045,0,-0.11,-0.22,-0.11
2014-03-09 12:36:00,43.262,0.37122910347091104,0,-0.11,-0.22,-0.11
2014-03-09 12:41:00,44.192,0.3282164888050817,0,-0.11,-0.22,-0.11
2014-03-09 12:46:00,43.146,0.3763386041928441,0,-0.11,-0.22,-0.11
2014-03-09 12:51:00,43.508,0.35894546737879995,0,-0.11,-0.22,-0.11
2014-03-09 12:56:00,47.828,0.446757794895382,0,-0.11,-0.22,-0.11
2014-03-09 13:01:00,42.3,0.41654622687871895,0,-0.11,-0.22,-0.11
2014-03-09 13:06:00,44.083999999999996,0.3327888816076384,0,-0.11,-0.22,-0.11
2014-03-09 13:11:00,48.0,0.4539427278962087,0,-0.11,-0.22,-0.11
2014-03-09 13:16:00,41.856,0.43774071027982575,0,-0.11,-0.22,-0.11
2014-03-09 13:21:00,43.802,0.34484039575946634,0,-0.11,-0.22,-0.11
2014-03-09 13:26:00,45.64,0.3406156492649237,0,-0.11,-0.22,-0.11
2014-03-09 13:31:00,43.472,0.3607530783720518,0,-0.11,-0.22,-0.11
2014-03-09 13:36:00,43.45399999999999,0.3611670783163855,0,-0.11,-0.22,-0.11
2014-03-09 13:41:00,45.208,0.32146714775352897,0,-0.11,-0.22,-0.11
2014-03-09 13:46:00,44.32,0.32291135913247104,0,-0.11,-0.22,-0.11
2014-03-09 13:51:00,45.0,0.3124190179400561,0,-0.11,-0.22,-0.11
2014-03-09 13:56:00,44.986000000000004,0.3114394350694933,0,-0.11,-0.22,-0.11
2014-03-09 14:01:00,46.056000000000004,0.3598296844993261,0,-0.11,-0.22,-0.11
2014-03-09 14:06:00,42.324,0.4169694446889763,0,-0.11,-0.22,-0.11
2014-03-09 14:11:00,46.12600000000001,0.3628432849531492,0,-0.11,-0.22,-0.11
2014-03-09 14:16:00,44.574,0.3115528183104657,0,-0.11,-0.22,-0.11
2014-03-09 14:21:00,44.72,0.3056533894280313,0,-0.11,-0.22,-0.11
2014-03-09 14:26:00,43.90600000000001,0.3421314915609785,0,-0.11,-0.22,-0.11
2014-03-09 14:31:00,47.522,0.4324041509664566,0,-0.11,-0.22,-0.11
2014-03-09 14:36:00,41.056000000000004,0.4827328345731236,0,-0.11,-0.22,-0.11
2014-03-09 14:41:00,44.482,0.31606167657462164,0,-0.11,-0.22,-0.11
2014-03-09 14:46:00,44.013999999999996,0.33679031091668593,0,-0.11,-0.22,-0.11
2014-03-09 14:51:00,45.458,0.3332071437484377,0,-0.11,-0.22,-0.11
2014-03-09 14:56:00,45.356,0.3282370531791755,0,-0.11,-0.22,-0.11
2014-03-09 15:01:00,44.24800000000001,0.3265559167504792,0,-0.11,-0.22,-0.11
2014-03-09 15:06:00,46.338,0.3736814825286288,0,-0.11,-0.22,-0.11
2014-03-09 15:11:00,46.69,0.3901769463580956,0,-0.11,-0.22,-0.11
2014-03-09 15:16:00,42.066,0.4309038066126377,0,-0.11,-0.22,-0.11
2014-03-09 15:21:00,44.623999999999995,0.3096232932862178,0,-0.11,-0.22,-0.11
2014-03-09 15:26:00,44.32,0.3233388487119765,0,-0.11,-0.22,-0.11
2014-03-09 15:31:00,44.718,0.3056887767508916,0,-0.11,-0.22,-0.11
2014-03-09 15:36:00,47.3,0.4204913436610117,0,-0.11,-0.22,-0.11
2014-03-09 15:41:00,44.93,0.3086757243026816,0,-0.11,-0.22,-0.11
2014-03-09 15:46:00,44.46,0.3177018609755816,0,-0.11,-0.22,-0.11
2014-03-09 15:51:00,43.192,0.3758166314968591,0,-0.11,-0.22,-0.11
2014-03-09 15:56:00,47.864,0.44811122308103546,0,-0.11,-0.22,-0.11
2014-03-09 16:01:00,43.262,0.3726962882314531,0,-0.11,-0.22,-0.11
2014-03-09 16:06:00,44.578,0.3123091289937162,0,-0.11,-0.22,-0.11
2014-03-09 16:11:00,48.38,0.4736425538877315,0,-0.11,-0.22,-0.11
2014-03-09 16:16:00,42.864,0.39151242741098,0,-0.11,-0.22,-0.11
2014-03-09 16:21:00,45.928000000000004,0.3534992389140401,0,-0.11,-0.22,-0.11
2014-03-09 16:26:00,43.333999999999996,0.3696148045981839,0,-0.11,-0.22,-0.11
2014-03-09 16:31:00,46.22,0.3668685915673929,0,-0.11,-0.22,-0.11
2014-03-09 16:36:00,42.958,0.3875237059411043,0,-0.11,-0.22,-0.11
2014-03-09 16:41:00,46.426,0.3764339345104866,0,-0.11,-0.22,-0.11
2014-03-09 16:46:00,43.076,0.3813843845618753,0,-0.11,-0.22,-0.11
2014-03-09 16:51:00,45.074,0.3152766030675696,0,-0.11,-0.22,-0.11
2014-03-09 16:56:00,48.24,0.4669655023867426,0,-0.11,-0.22,-0.11
2014-03-09 17:01:00,44.132,0.3324798189392291,0,-0.11,-0.22,-0.11
2014-03-09 17:06:00,44.202,0.3292838892294908,0,-0.11,-0.22,-0.11
2014-03-09 17:11:00,47.86,0.4468310684219389,0,-0.11,-0.22,-0.11
2014-03-09 17:16:00,44.63399999999999,0.3103899306764391,0,-0.11,-0.22,-0.11
2014-03-09 17:21:00,43.262,0.3723593950605203,0,-0.11,-0.22,-0.11
2014-03-09 17:26:00,44.718,0.3065957834199688,0,-0.11,-0.22,-0.11
2014-03-09 17:31:00,46.174,0.3649800278243255,0,-0.11,-0.22,-0.11
2014-03-09 17:36:00,45.352,0.3270240843958689,0,-0.11,-0.22,-0.11
2014-03-09 17:41:00,49.023999999999994,0.5065578850517359,0,-0.11,-0.22,-0.11
2014-03-09 17:46:00,41.996,0.4347927563655177,0,-0.11,-0.22,-0.11
2014-03-09 17:51:00,45.282,0.3231065177941094,0,-0.11,-0.22,-0.11
2014-03-09 17:56:00,47.042,0.4047142446667933,0,-0.11,-0.22,-0.11
2014-03-09 18:01:00,45.54,0.33405596446714003,0,-0.11,-0.22,-0.11
2014-03-09 18:06:00,47.23,0.4129704160811919,0,-0.11,-0.22,-0.11
2014-03-09 18:11:00,44.812,0.303928979938753,0,-0.11,-0.22,-0.11
2014-03-09 18:16:00,46.666000000000004,0.3854504731662976,0,-0.11,-0.22,-0.11
2014-03-09 18:21:00,43.098,0.3807334202235767,0,-0.11,-0.22,-0.11
2014-03-09 18:26:00,45.94,0.35212790541558203,0,-0.11,-0.22,-0.11
2014-03-09 18:31:00,43.85,0.34622952036288346,0,-0.11,-0.22,-0.11
2014-03-09 18:36:00,44.578,0.3139517815218548,0,-0.11,-0.22,-0.11
2014-03-09 18:41:00,46.174,0.3632111125273638,0,-0.11,-0.22,-0.11
2014-03-09 18:46:00,45.294,0.3228856039276688,0,-0.11,-0.22,-0.11
2014-03-09 18:51:00,43.61600000000001,0.35728186200447964,0,-0.11,-0.22,-0.11
2014-03-09 18:56:00,45.751999999999995,0.3437392710663902,0,-0.11,-0.22,-0.11
2014-03-09 19:01:00,44.976000000000006,0.3092003229901624,0,-0.11,-0.22,-0.11
2014-03-09 19:06:00,44.94,0.3076574092994433,0,-0.11,-0.22,-0.11
2014-03-09 19:11:00,50.07,0.5571557109935705,0,-0.11,-0.22,-0.11
2014-03-09 19:16:00,45.966,0.3522598154600861,0,-0.11,-0.22,-0.11
2014-03-09 19:21:00,42.418,0.4132964597954638,0,-0.11,-0.22,-0.11
2014-03-09 19:26:00,44.483999999999995,0.3177205289244762,0,-0.11,-0.22,-0.11
2014-03-09 19:31:00,44.90600000000001,0.30587349830656,0,-0.11,-0.22,-0.11
2014-03-09 19:36:00,49.013999999999996,0.4993494572872717,0,-0.11,-0.22,-0.11
2014-03-09 19:41:00,42.78,0.3952323076840263,0,-0.11,-0.22,-0.11
2014-03-09 19:46:00,44.658,0.3108403272162357,0,-0.11,-0.22,-0.11
2014-03-09 19:51:00,44.751999999999995,0.3067175196861488,0,-0.11,-0.22,-0.11
2014-03-09 19:56:00,47.606,0.4283847320575955,0,-0.11,-0.22,-0.11
2014-03-09 20:01:00,43.646,0.3550263543419732,0,-0.11,-0.22,-0.11
2014-03-09 20:06:00,48.042,0.4483455533508765,0,-0.11,-0.22,-0.11
2014-03-09 20:11:00,43.23,0.37383447667818026,0,-0.11,-0.22,-0.11
2014-03-09 20:16:00,44.812,0.30445378625306874,0,-0.11,-0.22,-0.11
2014-03-09 20:21:00,45.751999999999995,0.3415753743579821,0,-0.11,-0.22,-0.11
2014-03-09 20:26:00,43.254,0.3722697804907492,0,-0.11,-0.22,-0.11
2014-03-09 20:31:00,44.982,0.3086960183188852,0,-0.11,-0.22,-0.11
2014-03-09 20:36:00,45.943999999999996,0.34982967410277616,0,-0.11,-0.22,-0.11
2014-03-09 20:41:00,45.104,0.31343721762973875,0,-0.11,-0.22,-0.11
2014-03-09 20:46:00,43.45,0.3634161497365025,0,-0.11,-0.22,-0.11
2014-03-09 20:51:00,44.483999999999995,0.3182112174727079,0,-0.11,-0.22,-0.11
2014-03-09 20:56:00,47.958,0.4440926158588164,0,-0.11,-0.22,-0.11
2014-03-09 21:01:00,43.216,0.373943366240698,0,-0.11,-0.22,-0.11
2014-03-09 21:06:00,46.488,0.37465930715354223,0,-0.11,-0.22,-0.11
2014-03-09 21:11:00,46.83,0.3900102308515267,0,-0.11,-0.22,-0.11
2014-03-09 21:16:00,44.36600000000001,0.32354015900050714,0,-0.11,-0.22,-0.11
2014-03-09 21:21:00,43.122,0.3787727491387429,0,-0.11,-0.22,-0.11
2014-03-09 21:26:00,44.398,0.3216507444350659,0,-0.11,-0.22,-0.11
2014-03-09 21:31:00,45.358000000000004,0.3244490691325835,0,-0.11,-0.22,-0.11
2014-03-09 21:36:00,45.66,0.3372526301156981,0,-0.11,-0.22,-0.11
2014-03-09 21:41:00,47.652,0.4292762966968256,0,-0.11,-0.22,-0.11
2014-03-09 21:46:00,43.45,0.3641519845918578,0,-0.11,-0.22,-0.11
2014-03-09 21:51:00,46.76,0.38701134956587735,0,-0.11,-0.22,-0.11
2014-03-09 21:56:00,44.672,0.31120776913723697,0,-0.11,-0.22,-0.11
2014-03-09 22:01:00,44.558,0.3157959781159877,0,-0.11,-0.22,-0.11
2014-03-09 22:06:00,44.53,0.31698326213953554,0,-0.11,-0.22,-0.11
2014-03-09 22:11:00,48.428000000000004,0.4673117839557856,0,-0.11,-0.22,-0.11
2014-03-09 22:16:00,42.88800000000001,0.3907525985282041,0,-0.11,-0.22,-0.11
2014-03-09 22:21:00,44.83600000000001,0.3038983388724578,0,-0.11,-0.22,-0.11
2014-03-09 22:26:00,46.056000000000004,0.35468657220384625,0,-0.11,-0.22,-0.11
2014-03-09 22:31:00,45.258,0.31925018791638204,0,-0.11,-0.22,-0.11
2014-03-09 22:36:00,43.262,0.3738321508716284,0,-0.11,-0.22,-0.11
2014-03-09 22:41:00,45.472,0.3286376127000809,0,-0.11,-0.22,-0.11
2014-03-09 22:46:00,46.714,0.3846565747121643,0,-0.11,-0.22,-0.11
2014-03-09 22:51:00,42.864,0.3921574601158831,0,-0.11,-0.22,-0.11
2014-03-09 22:56:00,47.348,0.4152931640553675,0,-0.11,-0.22,-0.11
2014-03-09 23:01:00,45.40600000000001,0.3257459602757941,0,-0.11,-0.22,-0.11
2014-03-09 23:06:00,47.298,0.41248940778736215,0,-0.11,-0.22,-0.11
2014-03-09 23:11:00,46.244,0.3624215068944628,0,-0.11,-0.22,-0.11
2014-03-09 23:16:00,48.56800000000001,0.4737694521445434,0,-0.11,-0.22,-0.11
2014-03-09 23:21:00,42.324,0.4182213824984482,0,-0.11,-0.22,-0.11
2014-03-09 23:26:00,46.728,0.3839788191934152,0,-0.11,-0.22,-0.11
2014-03-09 23:31:00,44.11,0.3360755663167921,0,-0.11,-0.22,-0.11
2014-03-09 23:36:00,46.238,0.3610232652890885,0,-0.11,-0.22,-0.11
2014-03-09 23:41:00,47.16,0.4032263604438226,0,-0.11,-0.22,-0.11
2014-03-09 23:46:00,46.254,0.3609197302088882,0,-0.11,-0.22,-0.11
2014-03-09 23:51:00,46.08,0.3534786104728107,0,-0.11,-0.22,-0.11
2014-03-09 23:56:00,45.37600000000001,0.3221937649716164,0,-0.11,-0.22,-0.11
2014-03-10 00:01:00,45.68,0.3355964439566698,0,-0.11,-0.22,-0.11
2014-03-10 00:06:00,47.06,0.3986622948684597,0,-0.11,-0.22,-0.11
2014-03-10 00:11:00,46.306000000000004,0.3630333484083427,0,-0.11,-0.22,-0.11
2014-03-10 00:16:00,44.202,0.33376325181911803,0,-0.11,-0.22,-0.11
2014-03-10 00:21:00,48.61600000000001,0.4773181225369993,0,-0.11,-0.22,-0.11
2014-03-10 00:26:00,41.978,0.4395329848910552,0,-0.11,-0.22,-0.11
2014-03-10 00:31:00,45.51600000000001,0.3281172808071756,0,-0.11,-0.22,-0.11
2014-03-10 00:36:00,45.338,0.32028493818504483,0,-0.11,-0.22,-0.11
2014-03-10 00:41:00,44.99800000000001,0.30580656195703004,0,-0.11,-0.22,-0.11
2014-03-10 00:46:00,45.658,0.3349806175113047,0,-0.11,-0.22,-0.11
2014-03-10 00:51:00,46.943999999999996,0.3942119395237149,0,-0.11,-0.22,-0.11
2014-03-10 00:56:00,45.782,0.3402552160173569,0,-0.11,-0.22,-0.11
2014-03-10 01:01:00,45.70399999999999,0.3365097550564096,0,-0.11,-0.22,-0.11
2014-03-10 01:06:00,50.90600000000001,0.5898913491311979,0,-0.11,-0.22,-0.11
2014-03-10 01:11:00,46.821999999999996,0.38522764991606656,0,-0.11,-0.22,-0.11
2014-03-10 01:16:00,45.891999999999996,0.34331165531679925,0,-0.11,-0.22,-0.11
2014-03-10 01:21:00,47.184,0.4024967424836581,0,-0.11,-0.22,-0.11
2014-03-10 01:26:00,43.592,0.3631863957430413,0,-0.11,-0.22,-0.11
2014-03-10 01:31:00,45.61,0.33031800665250605,0,-0.11,-0.22,-0.11
2014-03-10 01:36:00,51.198,0.5970419027259949,0,-0.11,-0.22,-0.11
2014-03-10 01:41:00,44.693999999999996,0.3150954562234022,0,-0.11,-0.22,-0.11
2014-03-10 01:46:00,47.582,0.4182099349571485,0,-0.11,-0.22,-0.11
2014-03-10 01:51:00,47.254,0.4022475312743048,0,-0.11,-0.22,-0.11
2014-03-10 01:56:00,45.846000000000004,0.3381610664700017,0,-0.11,-0.22,-0.11
2014-03-10 02:01:00,45.891999999999996,0.3403816403578493,0,-0.11,-0.22,-0.11
2014-03-10 02:06:00,45.22,0.3116350347820761,0,-0.11,-0.22,-0.11
2014-03-10 02:11:00,48.756,0.4738137408205059,0,-0.11,-0.22,-0.11
2014-03-10 02:16:00,44.648,0.3180493118754019,0,-0.11,-0.22,-0.11
2014-03-10 02:21:00,47.348,0.40518310282374376,0,-0.11,-0.22,-0.11
2014-03-10 02:26:00,45.61,0.3270469486364435,0,-0.11,-0.22,-0.11
2014-03-10 02:31:00,42.982,0.3920750860576357,0,-0.11,-0.22,-0.11
2014-03-10 02:36:00,45.78,0.33442343231835353,0,-0.11,-0.22,-0.11
2014-03-10 02:41:00,46.193999999999996,0.3521697152059416,0,-0.11,-0.22,-0.11
2014-03-10 02:46:00,48.428000000000004,0.4565020008232039,0,-0.11,-0.22,-0.11
2014-03-10 02:51:00,42.38399999999999,0.4211546775189205,0,-0.11,-0.22,-0.11
2014-03-10 02:56:00,46.286,0.3563295847211609,0,-0.11,-0.22,-0.11
2014-03-10 03:01:00,45.728,0.331694272916087,0,-0.11,-0.22,-0.11
2014-03-10 03:06:00,44.29600000000001,0.33423267872072315,0,-0.11,-0.22,-0.11
2014-03-10 03:11:00,49.93,0.5274341924213487,0,-0.11,-0.22,-0.11
2014-03-10 03:16:00,43.903999999999996,0.3512892567612667,0,-0.11,-0.22,-0.11
2014-03-10 03:21:00,47.574,0.41325164698779576,0,-0.11,-0.22,-0.11
2014-03-10 03:26:00,44.488,0.3263342173040676,0,-0.11,-0.22,-0.11
2014-03-10 03:31:00,45.4,0.3167617631549941,0,-0.11,-0.22,-0.11
2014-03-10 03:36:00,46.456,0.3617746549256311,0,-0.11,-0.22,-0.11
2014-03-10 03:41:00,47.794,0.42204857575676,0,-0.11,-0.22,-0.11
2014-03-10 03:46:00,45.986000000000004,0.3407833657189988,0,-0.11,-0.22,-0.11
2014-03-10 03:51:00,44.93,0.3092605998940535,0,-0.11,-0.22,-0.11
2014-03-10 03:56:00,45.74800000000001,0.3302190573083802,0,-0.11,-0.22,-0.11
2014-03-10 04:01:00,46.292,0.35388343080722306,0,-0.11,-0.22,-0.11
2014-03-10 04:06:00,44.153999999999996,0.3417586060154881,0,-0.11,-0.22,-0.11
2014-03-10 04:11:00,48.61600000000001,0.4606364299093773,0,-0.11,-0.22,-0.11
2014-03-10 04:16:00,43.413999999999994,0.3740589475601852,0,-0.11,-0.22,-0.11
2014-03-10 04:21:00,44.062,0.3457048646478155,0,-0.11,-0.22,-0.11
2014-03-10 04:26:00,45.193999999999996,0.3075491664089634,0,-0.11,-0.22,-0.11
2014-03-10 04:31:00,45.03,0.3047960093586189,0,-0.11,-0.22,-0.11
2014-03-10 04:36:00,46.82,0.3771700748362723,0,-0.11,-0.22,-0.11
2014-03-10 04:41:00,45.324,0.3127631776376055,0,-0.11,-0.22,-0.11
2014-03-10 04:46:00,45.61,0.3246511835910615,0,-0.11,-0.22,-0.11
2014-03-10 04:51:00,42.09,0.4356562542666358,0,-0.11,-0.22,-0.11
2014-03-10 04:56:00,46.83,0.3775052831561775,0,-0.11,-0.22,-0.11
2014-03-10 05:01:00,45.4,0.31581848501216503,0,-0.11,-0.22,-0.11
2014-03-10 05:06:00,44.76600000000001,0.3159494033333816,0,-0.11,-0.22,-0.11
2014-03-10 05:11:00,48.83600000000001,0.4705253082098828,0,-0.11,-0.22,-0.11
2014-03-10 05:16:00,44.86,0.31211792431016,0,-0.11,-0.22,-0.11
2014-03-10 05:21:00,43.99,0.34884220116797665,0,-0.11,-0.22,-0.11
2014-03-10 05:26:00,45.12600000000001,0.3043660913132097,0,-0.11,-0.22,-0.11
2014-03-10 05:31:00,46.526,0.3631801171299623,0,-0.11,-0.22,-0.11
2014-03-10 05:36:00,44.14,0.34237327550036584,0,-0.11,-0.22,-0.11
2014-03-10 05:41:00,48.188,0.43866333481161385,0,-0.11,-0.22,-0.11
2014-03-10 05:46:00,42.644,0.4089596792505294,0,-0.11,-0.22,-0.11
2014-03-10 05:51:00,45.961999999999996,0.3384114348741181,0,-0.11,-0.22,-0.11
2014-03-10 05:56:00,45.442,0.3164834472770356,0,-0.11,-0.22,-0.11
2014-03-10 06:01:00,44.672,0.32037192095319145,0,-0.11,-0.22,-0.11
2014-03-10 06:06:00,44.611999999999995,0.3228296036768605,0,-0.11,-0.22,-0.11
2014-03-10 06:11:00,48.61,0.4576623960439433,0,-0.11,-0.22,-0.11
2014-03-10 06:16:00,44.306000000000004,0.3357760703186257,0,-0.11,-0.22,-0.11
2014-03-10 06:21:00,43.848,0.3551029226786378,0,-0.11,-0.22,-0.11
2014-03-10 06:26:00,46.413999999999994,0.3575237864691727,0,-0.11,-0.22,-0.11
2014-03-10 06:31:00,43.31,0.3792065454482592,0,-0.11,-0.22,-0.11
2014-03-10 06:36:00,44.83600000000001,0.313819255140029,0,-0.11,-0.22,-0.11
2014-03-10 06:41:00,46.74,0.3720206049022857,0,-0.11,-0.22,-0.11
2014-03-10 06:46:00,42.858000000000004,0.3991700208458726,0,-0.11,-0.22,-0.11
2014-03-10 06:51:00,44.29600000000001,0.33570680689796123,0,-0.11,-0.22,-0.11
2014-03-10 06:56:00,46.146,0.34606175231268804,0,-0.11,-0.22,-0.11
2014-03-10 07:01:00,45.938,0.3372686743732484,0,-0.11,-0.22,-0.11
2014-03-10 07:06:00,45.70399999999999,0.32749421130384515,0,-0.11,-0.22,-0.11
2014-03-10 07:11:00,45.306000000000004,0.3110355549390739,0,-0.11,-0.22,-0.11
2014-03-10 07:16:00,42.816,0.4008075039374111,0,-0.11,-0.22,-0.11
2014-03-10 07:21:00,44.062,0.3458342079070609,0,-0.11,-0.22,-0.11
2014-03-10 07:26:00,44.553999999999995,0.32504765856671075,0,-0.11,-0.22,-0.11
2014-03-10 07:31:00,43.372,0.37576629741551226,0,-0.11,-0.22,-0.11
2014-03-10 07:36:00,48.61600000000001,0.4580925436303386,0,-0.11,-0.22,-0.11
2014-03-10 07:41:00,42.488,0.4149569886159764,0,-0.11,-0.22,-0.11
2014-03-10 07:46:00,44.272,0.33623598432439616,0,-0.11,-0.22,-0.11
2014-03-10 07:51:00,44.29600000000001,0.3355836400168516,0,-0.11,-0.22,-0.11
2014-03-10 07:56:00,46.338,0.3542680627186612,0,-0.11,-0.22,-0.11
2014-03-10 08:01:00,45.846000000000004,0.33327150237688224,0,-0.11,-0.22,-0.11
2014-03-10 08:06:00,42.652,0.4073993877860329,0,-0.11,-0.22,-0.11
2014-03-10 08:11:00,47.254,0.3939093146432598,0,-0.11,-0.22,-0.11
2014-03-10 08:16:00,42.84,0.3987580757063503,0,-0.11,-0.22,-0.11
2014-03-10 08:21:00,44.43600000000001,0.3295154622256524,0,-0.11,-0.22,-0.11
2014-03-10 08:26:00,44.108000000000004,0.3435833621046887,0,-0.11,-0.22,-0.11
2014-03-10 08:31:00,44.236000000000004,0.3381321930045757,0,-0.11,-0.22,-0.11
2014-03-10 08:36:00,46.268,0.35144177933634463,0,-0.11,-0.22,-0.11
2014-03-10 08:41:00,44.39,0.33170438619310605,0,-0.11,-0.22,-0.11
2014-03-10 08:46:00,41.812,0.446423194985323,0,-0.11,-0.22,-0.11
2014-03-10 08:51:00,45.422,0.3163847992235196,0,-0.11,-0.22,-0.11
2014-03-10 08:56:00,44.788000000000004,0.31531179264986525,0,-0.11,-0.22,-0.11
2014-03-10 09:01:00,45.938,0.3376112028232561,0,-0.11,-0.22,-0.11
2014-03-10 09:06:00,42.512,0.4142824807696151,0,-0.11,-0.22,-0.11
2014-03-10 09:11:00,45.986000000000004,0.3397647723373046,0,-0.11,-0.22,-0.11
2014-03-10 09:16:00,44.232,0.3382279963944674,0,-0.11,-0.22,-0.11
2014-03-10 09:21:00,44.413999999999994,0.33061099106562264,0,-0.11,-0.22,-0.11
2014-03-10 09:26:00,50.211999999999996,0.5325857366294249,0,-0.11,-0.22,-0.11
2014-03-10 09:31:00,38.49800000000001,0.5995750735947205,0,-0.11,-0.22,-0.11
2014-03-10 09:36:00,45.07,0.3040560228811948,0,-0.11,-0.22,-0.11
2014-03-10 09:41:00,45.816,0.33138871732993364,0,-0.11,-0.22,-0.11
2014-03-10 09:46:00,43.996,0.3476996741305985,0,-0.11,-0.22,-0.11
2014-03-10 09:51:00,46.032,0.33985926944960365,0,-0.11,-0.22,-0.11
2014-03-10 09:56:00,44.718,0.3184264431217028,0,-0.11,-0.22,-0.11
2014-03-10 10:01:00,45.422,0.3150619087501395,0,-0.11,-0.22,-0.11
2014-03-10 10:06:00,43.428000000000004,0.37189855186869947,0,-0.11,-0.22,-0.11
2014-03-10 10:11:00,48.982,0.4690234257097336,0,-0.11,-0.22,-0.11
2014-03-10 10:16:00,42.004,0.4341203398289025,0,-0.11,-0.22,-0.11
2014-03-10 10:21:00,46.5,0.35817414643815176,0,-0.11,-0.22,-0.11
2014-03-10 10:26:00,42.582,0.4080307070505473,0,-0.11,-0.22,-0.11
2014-03-10 10:31:00,44.272,0.3363987472785289,0,-0.11,-0.22,-0.11
2014-03-10 10:36:00,45.542,0.3190530866169097,0,-0.11,-0.22,-0.11
2014-03-10 10:41:00,43.272,0.3779130230329133,0,-0.11,-0.22,-0.11
2014-03-10 10:46:00,46.513999999999996,0.35887770774290656,0,-0.11,-0.22,-0.11
2014-03-10 10:51:00,42.68600000000001,0.4041392439160196,0,-0.11,-0.22,-0.11
2014-03-10 10:56:00,46.62,0.3630114726776633,0,-0.11,-0.22,-0.11
2014-03-10 11:01:00,44.32,0.3348204486992443,0,-0.11,-0.22,-0.11
2014-03-10 11:06:00,44.418,0.3307403345182634,0,-0.11,-0.22,-0.11
2014-03-10 11:11:00,47.36600000000001,0.3947992406933039,0,-0.11,-0.22,-0.11
2014-03-10 11:16:00,45.14,0.3029580659193015,0,-0.11,-0.22,-0.11
2014-03-10 11:21:00,42.794,0.3994233742193693,0,-0.11,-0.22,-0.11
2014-03-10 11:26:00,44.508,0.3278145528714093,0,-0.11,-0.22,-0.11
2014-03-10 11:31:00,44.693999999999996,0.3203431578470012,0,-0.11,-0.22,-0.11
2014-03-10 11:36:00,45.118,0.3041105136475425,0,-0.11,-0.22,-0.11
2014-03-10 11:41:00,47.7,0.4088710012171691,0,-0.11,-0.22,-0.11
2014-03-10 11:46:00,44.46,0.3307739317545394,0,-0.11,-0.22,-0.11
2014-03-10 11:51:00,42.934,0.394803885691856,0,-0.11,-0.22,-0.11
2014-03-10 11:56:00,46.996,0.3777085991011717,0,-0.11,-0.22,-0.11
2014-03-10 12:01:00,44.508,0.3289128699338679,0,-0.11,-0.22,-0.11
2014-03-10 12:06:00,44.29600000000001,0.3373500606339997,0,-0.11,-0.22,-0.11
2014-03-10 12:11:00,48.004,0.4213691100755758,0,-0.11,-0.22,-0.11
2014-03-10 12:16:00,42.816,0.4002949709799145,0,-0.11,-0.22,-0.11
2014-03-10 12:21:00,45.773999999999994,0.3263823855713995,0,-0.11,-0.22,-0.11
2014-03-10 12:26:00,46.042,0.3369729053957117,0,-0.11,-0.22,-0.11
2014-03-10 12:31:00,42.136,0.4307274115481288,0,-0.11,-0.22,-0.11
2014-03-10 12:36:00,44.483999999999995,0.3307558014711943,0,-0.11,-0.22,-0.11
2014-03-10 12:41:00,46.67,0.3633316115949397,0,-0.11,-0.22,-0.11
2014-03-10 12:46:00,42.992,0.3940202508276522,0,-0.11,-0.22,-0.11
2014-03-10 12:51:00,45.181999999999995,0.3033002590287321,0,-0.11,-0.22,-0.11
2014-03-10 12:56:00,46.56399999999999,0.35831259392931863,0,-0.11,-0.22,-0.11
2014-03-10 13:01:00,46.338,0.34897511180074503,0,-0.11,-0.22,-0.11
2014-03-10 13:06:00,43.966,0.3527345518288827,0,-0.11,-0.22,-0.11
2014-03-10 13:11:00,49.062,0.4687486403589754,0,-0.11,-0.22,-0.11
2014-03-10 13:16:00,42.532,0.4149752786360126,0,-0.11,-0.22,-0.11
2014-03-10 13:21:00,44.623999999999995,0.3261149466577377,0,-0.11,-0.22,-0.11
2014-03-10 13:26:00,44.882,0.3159931752271415,0,-0.11,-0.22,-0.11
2014-03-10 13:31:00,45.144,0.30589023545993604,0,-0.11,-0.22,-0.11
2014-03-10 13:36:00,48.653999999999996,0.4481723073967069,0,-0.11,-0.22,-0.11
2014-03-10 13:41:00,42.63,0.4108287111872021,0,-0.11,-0.22,-0.11
2014-03-10 13:46:00,45.122,0.3071593015526617,0,-0.11,-0.22,-0.11
2014-03-10 13:51:00,44.802,0.3199051331558716,0,-0.11,-0.22,-0.11
2014-03-10 13:56:00,46.644,0.3591429295252573,0,-0.11,-0.22,-0.11
2014-03-10 14:01:00,43.87600000000001,0.3576881819897316,0,-0.11,-0.22,-0.11
2014-03-10 14:06:00,47.208,0.3834498508325491,0,-0.11,-0.22,-0.11
2014-03-10 14:11:00,46.628,0.3582433695781006,0,-0.11,-0.22,-0.11
2014-03-10 14:16:00,43.9,0.35743004391718497,0,-0.11,-0.22,-0.11
2014-03-10 14:21:00,44.648,0.3270673144269498,0,-0.11,-0.22,-0.11
2014-03-10 14:26:00,45.37600000000001,0.30747396846690755,0,-0.11,-0.22,-0.11
2014-03-10 14:31:00,46.62,0.3582297187252967,0,-0.11,-0.22,-0.11
2014-03-10 14:36:00,42.864,0.40353641599931867,0,-0.11,-0.22,-0.11
2014-03-10 14:41:00,47.582,0.3993965770343488,0,-0.11,-0.22,-0.11
2014-03-10 14:46:00,43.24,0.3869098242423901,0,-0.11,-0.22,-0.11
2014-03-10 14:51:00,43.224,0.3873046412346467,0,-0.11,-0.22,-0.11
2014-03-10 14:56:00,47.3,0.38653908467489134,0,-0.11,-0.22,-0.11
2014-03-10 15:01:00,46.571999999999996,0.35509852834538513,0,-0.11,-0.22,-0.11
2014-03-10 15:06:00,43.618,0.3701669239672145,0,-0.11,-0.22,-0.11
2014-03-10 15:11:00,46.77,0.3633033730095488,0,-0.11,-0.22,-0.11
2014-03-10 15:16:00,46.326,0.34463658701407723,0,-0.11,-0.22,-0.11
2014-03-10 15:21:00,44.99,0.3145260953945387,0,-0.11,-0.22,-0.11
2014-03-10 15:26:00,45.163999999999994,0.30775641811867543,0,-0.11,-0.22,-0.11
2014-03-10 15:31:00,49.622,0.4893945575597272,0,-0.11,-0.22,-0.11
2014-03-10 15:36:00,43.333999999999996,0.3830310885284264,0,-0.11,-0.22,-0.11
2014-03-10 15:41:00,46.431999999999995,0.3480076020416991,0,-0.11,-0.22,-0.11
2014-03-10 15:46:00,45.006,0.3149389338344851,0,-0.11,-0.22,-0.11
2014-03-10 15:51:00,45.09,0.31177457862001723,0,-0.11,-0.22,-0.11
2014-03-10 15:56:00,46.784,0.3624085748655223,0,-0.11,-0.22,-0.11
2014-03-10 16:01:00,46.948,0.3690872528821844,0,-0.11,-0.22,-0.11
2014-03-10 16:06:00,44.79,0.3241245471506603,0,-0.11,-0.22,-0.11
2014-03-10 16:11:00,45.61,0.314063020055926,0,-0.11,-0.22,-0.11
2014-03-10 16:16:00,45.258,0.3053678572079889,0,-0.11,-0.22,-0.11
2014-03-10 16:21:00,44.58600000000001,0.3326086071438724,0,-0.11,-0.22,-0.11
2014-03-10 16:26:00,47.361999999999995,0.3869093094149181,0,-0.11,-0.22,-0.11
2014-03-10 16:31:00,45.966,0.3276604074888066,0,-0.11,-0.22,-0.11
2014-03-10 16:36:00,42.378,0.4282290252179046,0,-0.11,-0.22,-0.11
2014-03-10 16:41:00,45.54,0.3111468426571312,0,-0.11,-0.22,-0.11
2014-03-10 16:46:00,46.31399999999999,0.3421959766234558,0,-0.11,-0.22,-0.11
2014-03-10 16:51:00,43.736000000000004,0.3681002121414001,0,-0.11,-0.22,-0.11
2014-03-10 16:56:00,47.536,0.39387834524334975,0,-0.11,-0.22,-0.11
2014-03-10 17:01:00,47.84,0.4073792254204186,0,-0.11,-0.22,-0.11
2014-03-10 17:06:00,43.262,0.3892632883467144,0,-0.11,-0.22,-0.11
2014-03-10 17:11:00,47.864,0.4076448395029735,0,-0.11,-0.22,-0.11
2014-03-10 17:16:00,45.218,0.3079593407209116,0,-0.11,-0.22,-0.11
2014-03-10 17:21:00,48.858000000000004,0.4525782453435788,0,-0.11,-0.22,-0.11
2014-03-10 17:26:00,44.132,0.35243596430587515,0,-0.11,-0.22,-0.11
2014-03-10 17:31:00,44.85,0.3232739358776318,0,-0.11,-0.22,-0.11
2014-03-10 17:36:00,48.262,0.4247067699268012,0,-0.11,-0.22,-0.11
2014-03-10 17:41:00,44.788000000000004,0.3262592737728812,0,-0.11,-0.22,-0.11
2014-03-10 17:46:00,44.43,0.34057421290111345,0,-0.11,-0.22,-0.11
2014-03-10 17:51:00,45.006,0.3175741047992882,0,-0.11,-0.22,-0.11
2014-03-10 17:56:00,47.184,0.3768134209961616,0,-0.11,-0.22,-0.11
2014-03-10 18:01:00,46.666000000000004,0.35510789157257194,0,-0.11,-0.22,-0.11
2014-03-10 18:06:00,46.402,0.3437440765078077,0,-0.11,-0.22,-0.11
2014-03-10 18:11:00,46.55,0.34959785994221204,0,-0.11,-0.22,-0.11
2014-03-10 18:16:00,43.688,0.3726719144541996,0,-0.11,-0.22,-0.11
2014-03-10 18:21:00,46.744,0.35812229274501023,0,-0.11,-0.22,-0.11
2014-03-10 18:26:00,45.108000000000004,0.3142369474275791,0,-0.11,-0.22,-0.11
2014-03-10 18:31:00,45.44600000000001,0.3048432907085173,0,-0.11,-0.22,-0.11
2014-03-10 18:36:00,45.37600000000001,0.30366775375175803,0,-0.11,-0.22,-0.11
2014-03-10 18:41:00,46.596000000000004,0.3515482012143147,0,-0.11,-0.22,-0.11
2014-03-10 18:46:00,45.894,0.32313628322167337,0,-0.11,-0.22,-0.11
2014-03-10 18:51:00,43.434,0.3852723344693009,0,-0.11,-0.22,-0.11
2014-03-10 18:56:00,47.461999999999996,0.3896348830047819,0,-0.11,-0.22,-0.11
2014-03-10 19:01:00,48.071999999999996,0.4167513447607104,0,-0.11,-0.22,-0.11
2014-03-10 19:06:00,43.49800000000001,0.3820742035896185,0,-0.11,-0.22,-0.11
2014-03-10 19:11:00,48.81399999999999,0.4501704367689941,0,-0.11,-0.22,-0.11
2014-03-10 19:16:00,44.6,0.3350603064159152,0,-0.11,-0.22,-0.11
2014-03-10 19:21:00,46.571999999999996,0.3504306563358813,0,-0.11,-0.22,-0.11
2014-03-10 19:26:00,44.43600000000001,0.34210983967786285,0,-0.11,-0.22,-0.11
2014-03-10 19:31:00,46.504,0.3473901213291898,0,-0.11,-0.22,-0.11
2014-03-10 19:36:00,46.854,0.3618204768891489,0,-0.11,-0.22,-0.11
2014-03-10 19:41:00,47.018,0.36846149107189297,0,-0.11,-0.22,-0.11
2014-03-10 19:46:00,45.526,0.3069540098644581,0,-0.11,-0.22,-0.11
2014-03-10 19:51:00,48.523999999999994,0.4347640474214542,0,-0.11,-0.22,-0.11
2014-03-10 19:56:00,45.118,0.3155787321414333,0,-0.11,-0.22,-0.11
2014-03-10 20:01:00,47.208,0.3755575773568981,0,-0.11,-0.22,-0.11
2014-03-10 20:06:00,44.114,0.3568094581209332,0,-0.11,-0.22,-0.11
2014-03-10 20:11:00,48.428000000000004,0.42884400814698775,0,-0.11,-0.22,-0.11
2014-03-10 20:16:00,47.652,0.3952912871473662,0,-0.11,-0.22,-0.11
2014-03-10 20:21:00,47.816,0.4020440495052261,0,-0.11,-0.22,-0.11
2014-03-10 20:26:00,45.282,0.30995053504668024,0,-0.11,-0.22,-0.11
2014-03-10 20:31:00,46.338,0.3380090207146835,0,-0.11,-0.22,-0.11
2014-03-10 20:36:00,45.542,0.3058100480782816,0,-0.11,-0.22,-0.11
2014-03-10 20:41:00,49.95399999999999,0.5001904851571138,0,-0.11,-0.22,-0.11
2014-03-10 20:46:00,42.06399999999999,0.44923056377144027,0,-0.11,-0.22,-0.11
2014-03-10 20:51:00,47.652,0.3931912293368284,0,-0.11,-0.22,-0.11
2014-03-10 20:56:00,46.556000000000004,0.3459418336105252,0,-0.11,-0.22,-0.11
2014-03-10 21:01:00,45.751999999999995,0.31362891732694603,0,-0.11,-0.22,-0.11
2014-03-10 21:06:00,45.916000000000004,0.3198795671776203,0,-0.11,-0.22,-0.11
2014-03-10 21:11:00,47.276,0.3769633872780717,0,-0.11,-0.22,-0.11
2014-03-10 21:16:00,45.716,0.3117353698057466,0,-0.11,-0.22,-0.11
2014-03-10 21:21:00,47.006,0.3647368450597767,0,-0.11,-0.22,-0.11
2014-03-10 21:26:00,46.528,0.3443597156204975,0,-0.11,-0.22,-0.11
2014-03-10 21:31:00,46.854,0.35768530311035424,0,-0.11,-0.22,-0.11
2014-03-10 21:36:00,44.128,0.3595034787430924,0,-0.11,-0.22,-0.11
2014-03-10 21:41:00,47.018,0.3645494930930901,0,-0.11,-0.22,-0.11
2014-03-10 21:46:00,46.088,0.32559000189508003,0,-0.11,-0.22,-0.11
2014-03-10 21:51:00,45.821999999999996,0.3146146172715649,0,-0.11,-0.22,-0.11
2014-03-10 21:56:00,49.718,0.4847527186219404,0,-0.11,-0.22,-0.11
2014-03-10 22:01:00,45.258,0.31379049394369546,0,-0.11,-0.22,-0.11
2014-03-10 22:06:00,44.578,0.3416207158912366,0,-0.11,-0.22,-0.11
2014-03-10 22:11:00,47.512,0.3845858371164306,0,-0.11,-0.22,-0.11
2014-03-10 22:16:00,45.658,0.30760357258084897,0,-0.11,-0.22,-0.11
2014-03-10 22:21:00,46.996,0.3620913836529346,0,-0.11,-0.22,-0.11
2014-03-10 22:26:00,47.903999999999996,0.4010681372139044,0,-0.11,-0.22,-0.11
2014-03-10 22:31:00,44.882,0.3301570364491327,0,-0.11,-0.22,-0.11
2014-03-10 22:36:00,46.644,0.3463155526547949,0,-0.11,-0.22,-0.11
2014-03-10 22:41:00,44.623999999999995,0.3407600318938049,0,-0.11,-0.22,-0.11
2014-03-10 22:46:00,50.992,0.5413261440265136,0,-0.11,-0.22,-0.11
2014-03-10 22:51:00,47.536,0.3825253087334291,0,-0.11,-0.22,-0.11
2014-03-10 22:56:00,50.938,0.5342723237167353,0,-0.11,-0.22,-0.11
2014-03-10 23:01:00,43.873999999999995,0.3721161886680329,0,-0.11,-0.22,-0.11
2014-03-10 23:06:00,48.098,0.4042865623178456,0,-0.11,-0.22,-0.11
2014-03-10 23:11:00,48.216,0.4085944170578294,0,-0.11,-0.22,-0.11
2014-03-10 23:16:00,48.098,0.4036073689527564,0,-0.11,-0.22,-0.11
2014-03-10 23:21:00,44.93,0.33011108840189185,0,-0.11,-0.22,-0.11
2014-03-10 23:26:00,47.672,0.3847653856797759,0,-0.11,-0.22,-0.11
2014-03-10 23:31:00,44.576,0.3443887959293497,0,-0.11,-0.22,-0.11
2014-03-10 23:36:00,47.184,0.3640735382107637,0,-0.11,-0.22,-0.11
2014-03-10 23:41:00,47.276,0.36744137039092656,0,-0.11,-0.22,-0.11
2014-03-10 23:46:00,46.032,0.31726940051219354,0,-0.11,-0.22,-0.11
2014-03-10 23:51:00,47.098,0.35989064295589457,0,-0.11,-0.22,-0.11
2014-03-10 23:56:00,49.523999999999994,0.4640893100522853,0,-0.11,-0.22,-0.11
2014-03-11 00:01:00,46.032,0.3164982077545348,0,-0.11,-0.22,-0.11
2014-03-11 00:06:00,44.508,0.34854045519396515,0,-0.11,-0.22,-0.11
2014-03-11 00:11:00,48.544,0.4202466143358652,0,-0.11,-0.22,-0.11
2014-03-11 00:16:00,46.12600000000001,0.3200517103430783,0,-0.11,-0.22,-0.11
2014-03-11 00:21:00,46.22,0.32408663190895143,0,-0.11,-0.22,-0.11
2014-03-11 00:26:00,49.558,0.4650751289020954,0,-0.11,-0.22,-0.11
2014-03-11 00:31:00,44.342,0.3557482148296472,0,-0.11,-0.22,-0.11
2014-03-11 00:36:00,46.636,0.33953716857223043,0,-0.11,-0.22,-0.11
2014-03-11 00:41:00,46.974,0.3530652382662969,0,-0.11,-0.22,-0.11
2014-03-11 00:46:00,46.45,0.3321356681959845,0,-0.11,-0.22,-0.11
2014-03-11 00:51:00,46.354,0.32833370490767383,0,-0.11,-0.22,-0.11
2014-03-11 00:56:00,51.056000000000004,0.5298183810341809,0,-0.11,-0.22,-0.11
2014-03-11 01:01:00,45.83600000000001,0.30755194720746143,0,-0.11,-0.22,-0.11
2014-03-11 01:06:00,46.526,0.3338718515864225,0,-0.11,-0.22,-0.11
2014-03-11 01:11:00,47.276,0.3638267755955894,0,-0.11,-0.22,-0.11
2014-03-11 01:16:00,48.93,0.4329546033191724,0,-0.11,-0.22,-0.11
2014-03-11 01:21:00,46.996,0.35154398794911795,0,-0.11,-0.22,-0.11
2014-03-11 01:26:00,48.211999999999996,0.4018695099234864,0,-0.11,-0.22,-0.11
2014-03-11 01:31:00,45.114,0.3268623107621166,0,-0.11,-0.22,-0.11
2014-03-11 01:36:00,46.526,0.3327312148420343,0,-0.11,-0.22,-0.11
2014-03-11 01:41:00,47.512,0.3720720349652814,0,-0.11,-0.22,-0.11
2014-03-11 01:46:00,50.233999999999995,0.4881360449488194,0,-0.11,-0.22,-0.11
2014-03-11 01:51:00,41.996,0.4559147543413691,0,-0.11,-0.22,-0.11
2014-03-11 01:56:00,47.724,0.379219157324714,0,-0.11,-0.22,-0.11
2014-03-11 02:01:00,47.86600000000001,0.3846020041252354,0,-0.11,-0.22,-0.11
2014-03-11 02:06:00,44.083999999999996,0.3674538961451061,0,-0.11,-0.22,-0.11
2014-03-11 02:11:00,48.31,0.4044693983962585,0,-0.11,-0.22,-0.11
2014-03-11 02:16:00,45.373999999999995,0.3169332992944828,0,-0.11,-0.22,-0.11
2014-03-11 02:21:00,45.54,0.3106602410458359,0,-0.11,-0.22,-0.11
2014-03-11 02:26:00,49.038000000000004,0.4352049136024361,0,-0.11,-0.22,-0.11
2014-03-11 02:31:00,45.37600000000001,0.31724214905033504,0,-0.11,-0.22,-0.11
2014-03-11 02:36:00,44.623999999999995,0.3460923474914896,0,-0.11,-0.22,-0.11
2014-03-11 02:41:00,45.51600000000001,0.31127279208907266,0,-0.11,-0.22,-0.11
2014-03-11 02:46:00,45.938,0.3102715805301741,0,-0.11,-0.22,-0.11
2014-03-11 02:51:00,47.17,0.35869244321085475,0,-0.11,-0.22,-0.11
2014-03-11 02:56:00,46.786,0.3433178090973878,0,-0.11,-0.22,-0.11
2014-03-11 03:01:00,46.924,0.348664573037789,0,-0.11,-0.22,-0.11
2014-03-11 03:06:00,44.038000000000004,0.369653557072366,0,-0.11,-0.22,-0.11
2014-03-11 03:11:00,50.0,0.4787227934713433,0,-0.11,-0.22,-0.11
2014-03-11 03:16:00,44.022,0.3699390125612385,0,-0.11,-0.22,-0.11
2014-03-11 03:21:00,46.714,0.340000475273405,0,-0.11,-0.22,-0.11
2014-03-11 03:26:00,46.55,0.3337067885746672,0,-0.11,-0.22,-0.11
2014-03-11 03:31:00,48.802,0.4259352513739646,0,-0.11,-0.22,-0.11
2014-03-11 03:36:00,43.99,0.37191309456975197,0,-0.11,-0.22,-0.11
2014-03-11 03:41:00,47.958,0.3895620907800662,0,-0.11,-0.22,-0.11
2014-03-11 03:46:00,46.53,0.3319223488608818,0,-0.11,-0.22,-0.11
2014-03-11 03:51:00,48.756,0.4232477682084247,0,-0.11,-0.22,-0.11
2014-03-11 03:56:00,45.328,0.3197191418697944,0,-0.11,-0.22,-0.11
2014-03-11 04:01:00,48.708,0.4205819420878078,0,-0.11,-0.22,-0.11
2014-03-11 04:06:00,47.206,0.35765165446410924,0,-0.11,-0.22,-0.11
2014-03-11 04:11:00,49.39,0.4484260807274826,0,-0.11,-0.22,-0.11
2014-03-11 04:16:00,45.58600000000001,0.3105269785547859,0,-0.11,-0.22,-0.11
2014-03-11 04:21:00,47.934,0.3870205516213141,0,-0.11,-0.22,-0.11
2014-03-11 04:26:00,45.751999999999995,0.3046153617771074,0,-0.11,-0.22,-0.11
2014-03-11 04:31:00,47.88800000000001,0.3849040973009643,0,-0.11,-0.22,-0.11
2014-03-11 04:36:00,44.18600000000001,0.3658303218299189,0,-0.11,-0.22,-0.11
2014-03-11 04:41:00,46.361999999999995,0.3239181045794101,0,-0.11,-0.22,-0.11
2014-03-11 04:46:00,48.826,0.4243741706756456,0,-0.11,-0.22,-0.11
2014-03-11 04:51:00,45.658,0.3084359373280811,0,-0.11,-0.22,-0.11
2014-03-11 04:56:00,47.716,0.3770980283228267,0,-0.11,-0.22,-0.11
2014-03-11 05:01:00,48.58600000000001,0.412759883675061,0,-0.11,-0.22,-0.11
2014-03-11 05:06:00,45.918,0.30639926224853803,0,-0.11,-0.22,-0.11
2014-03-11 05:11:00,49.17,0.4366502458504445,0,-0.11,-0.22,-0.11
2014-03-11 05:16:00,47.464,0.3656340230967327,0,-0.11,-0.22,-0.11
2014-03-11 05:21:00,48.104,0.3912448338856486,0,-0.11,-0.22,-0.11
2014-03-11 05:26:00,46.071999999999996,0.3108050434135509,0,-0.11,-0.22,-0.11
2014-03-11 05:31:00,50.846000000000004,0.5073440093138963,0,-0.11,-0.22,-0.11
2014-03-11 05:36:00,43.052,0.4136283215508172,0,-0.11,-0.22,-0.11
2014-03-11 05:41:00,47.966,0.3833821785815448,0,-0.11,-0.22,-0.11
2014-03-11 05:46:00,47.184,0.3519212322446348,0,-0.11,-0.22,-0.11
2014-03-11 05:51:00,46.478,0.3247843584795633,0,-0.11,-0.22,-0.11
2014-03-11 05:56:00,49.812,0.459454359327349,0,-0.11,-0.22,-0.11
2014-03-11 06:01:00,46.878,0.3389520051247167,0,-0.11,-0.22,-0.11
2014-03-11 06:06:00,45.023999999999994,0.33575702720889644,0,-0.11,-0.22,-0.11
2014-03-11 06:11:00,48.1,0.3867647313320861,0,-0.11,-0.22,-0.11
2014-03-11 06:16:00,44.896,0.3406445283027149,0,-0.11,-0.22,-0.11
2014-03-11 06:21:00,48.31,0.3955357538525589,0,-0.11,-0.22,-0.11
2014-03-11 06:26:00,46.83,0.33646951913312484,0,-0.11,-0.22,-0.11
2014-03-11 06:31:00,47.09,0.3462073361290565,0,-0.11,-0.22,-0.11
2014-03-11 06:36:00,44.93,0.3401364398467739,0,-0.11,-0.22,-0.11
2014-03-11 06:41:00,46.20399999999999,0.31271918149711303,0,-0.11,-0.22,-0.11
2014-03-11 06:46:00,46.718,0.3321665605401609,0,-0.11,-0.22,-0.11
2014-03-11 06:51:00,46.652,0.3292784538695075,0,-0.11,-0.22,-0.11
2014-03-11 06:56:00,48.64,0.4083438387429048,0,-0.11,-0.22,-0.11
2014-03-11 07:01:00,48.56800000000001,0.404590810693684,0,-0.11,-0.22,-0.11
2014-03-11 07:06:00,46.924,0.3384664497311293,0,-0.11,-0.22,-0.11
2014-03-11 07:11:00,47.91,0.3768224833192778,0,-0.11,-0.22,-0.11
2014-03-11 07:16:00,45.208,0.3312477440355398,0,-0.11,-0.22,-0.11
2014-03-11 07:21:00,47.09,0.3446342133544437,0,-0.11,-0.22,-0.11
2014-03-11 07:26:00,48.262,0.3909226411250917,0,-0.11,-0.22,-0.11
2014-03-11 07:31:00,44.623999999999995,0.354517838838914,0,-0.11,-0.22,-0.11
2014-03-11 07:36:00,46.38399999999999,0.3171138038453496,0,-0.11,-0.22,-0.11
2014-03-11 07:41:00,50.118,0.4681489612214265,0,-0.11,-0.22,-0.11
2014-03-11 07:46:00,45.751999999999995,0.31243542599804075,0,-0.11,-0.22,-0.11
2014-03-11 07:51:00,47.066,0.3418519131300761,0,-0.11,-0.22,-0.11
2014-03-11 07:56:00,46.153999999999996,0.30734320357968264,0,-0.11,-0.22,-0.11
2014-03-11 08:01:00,49.292,0.4315548408207881,0,-0.11,-0.22,-0.11
2014-03-11 08:06:00,42.558,0.4404139005219265,0,-0.11,-0.22,-0.11
2014-03-11 08:11:00,47.276,0.3491578076362822,0,-0.11,-0.22,-0.11
2014-03-11 08:16:00,45.0,0.34137772851690146,0,-0.11,-0.22,-0.11
2014-03-11 08:21:00,45.968,0.3057945389074858,0,-0.11,-0.22,-0.11
2014-03-11 08:26:00,46.794,0.33022116248950983,0,-0.11,-0.22,-0.11
2014-03-11 08:31:00,47.238,0.3469078970470728,0,-0.11,-0.22,-0.11
2014-03-11 08:36:00,45.938,0.3078707612689152,0,-0.11,-0.22,-0.11
2014-03-11 08:41:00,43.736000000000004,0.3931569563046065,0,-0.11,-0.22,-0.11
2014-03-11 08:46:00,48.17,0.3841411431155703,0,-0.11,-0.22,-0.11
2014-03-11 08:51:00,42.934,0.4274800839415588,0,-0.11,-0.22,-0.11
2014-03-11 08:56:00,47.418,0.3535207067478829,0,-0.11,-0.22,-0.11
2014-03-11 09:01:00,44.982,0.34410147444338346,0,-0.11,-0.22,-0.11
2014-03-11 09:06:00,47.41,0.35311326710318913,0,-0.11,-0.22,-0.11
2014-03-11 09:11:00,46.292,0.31016954352933196,0,-0.11,-0.22,-0.11
2014-03-11 09:16:00,42.8,0.4336084816925677,0,-0.11,-0.22,-0.11
2014-03-11 09:21:00,45.233999999999995,0.3349386700769465,0,-0.11,-0.22,-0.11
2014-03-11 09:26:00,45.222,0.33553046217643423,0,-0.11,-0.22,-0.11
2014-03-11 09:31:00,45.422,0.3280744991736872,0,-0.11,-0.22,-0.11
2014-03-11 09:36:00,49.86,0.4540368686722015,0,-0.11,-0.22,-0.11
2014-03-11 09:41:00,42.7,0.4383864692944665,0,-0.11,-0.22,-0.11
2014-03-11 09:46:00,46.55,0.3191441116247462,0,-0.11,-0.22,-0.11
2014-03-11 09:51:00,43.681999999999995,0.3982746233208152,0,-0.11,-0.22,-0.11
2014-03-11 09:56:00,47.512,0.35580191210090195,0,-0.11,-0.22,-0.11
2014-03-11 10:01:00,45.622,0.3215631749118959,0,-0.11,-0.22,-0.11
2014-03-11 10:06:00,45.51600000000001,0.3255088586121234,0,-0.11,-0.22,-0.11
2014-03-11 10:11:00,48.943999999999996,0.4138879896490981,0,-0.11,-0.22,-0.11
2014-03-11 10:16:00,43.68600000000001,0.3989794058171327,0,-0.11,-0.22,-0.11
2014-03-11 10:21:00,46.738,0.32496087121989786,0,-0.11,-0.22,-0.11
2014-03-11 10:26:00,46.948,0.3326764219703999,0,-0.11,-0.22,-0.11
2014-03-11 10:31:00,42.746,0.43919818984577785,0,-0.11,-0.22,-0.11
2014-03-11 10:36:00,44.82,0.355096034509126,0,-0.11,-0.22,-0.11
2014-03-11 10:41:00,45.861999999999995,0.3139724940212277,0,-0.11,-0.22,-0.11
2014-03-11 10:46:00,47.51600000000001,0.3561936915967105,0,-0.11,-0.22,-0.11
2014-03-11 10:51:00,43.786,0.39867635176628746,0,-0.11,-0.22,-0.11
2014-03-11 10:56:00,47.966,0.3744116798071403,0,-0.11,-0.22,-0.11
2014-03-11 11:01:00,47.16,0.3411848207737577,0,-0.11,-0.22,-0.11
2014-03-11 11:06:00,44.46,0.3705135365314345,0,-0.11,-0.22,-0.11
2014-03-11 11:11:00,47.488,0.354076781843331,0,-0.11,-0.22,-0.11
2014-03-11 11:16:00,46.268,0.3065078790748448,0,-0.11,-0.22,-0.11
2014-03-11 11:21:00,47.254,0.34476166350338144,0,-0.11,-0.22,-0.11
2014-03-11 11:26:00,44.39,0.3750037812323819,0,-0.11,-0.22,-0.11
2014-03-11 11:31:00,45.68,0.3229100804582651,0,-0.11,-0.22,-0.11
2014-03-11 11:36:00,46.666000000000004,0.3209449214730993,0,-0.11,-0.22,-0.11
2014-03-11 11:41:00,48.236000000000004,0.3853384649097308,0,-0.11,-0.22,-0.11
2014-03-11 11:46:00,46.29,0.3055795541027149,0,-0.11,-0.22,-0.11
2014-03-11 11:51:00,43.602,0.4109466418269089,0,-0.11,-0.22,-0.11
2014-03-11 11:56:00,48.174,0.38231004659340695,0,-0.11,-0.22,-0.11
2014-03-11 12:01:00,45.47,0.33267987449298353,0,-0.11,-0.22,-0.11
2014-03-11 12:06:00,48.402,0.39170021225259705,0,-0.11,-0.22,-0.11
2014-03-11 12:11:00,45.39,0.3366212388646125,0,-0.11,-0.22,-0.11
2014-03-11 12:16:00,47.592,0.35703326773796473,0,-0.11,-0.22,-0.11
2014-03-11 12:21:00,44.494,0.3738219303450736,0,-0.11,-0.22,-0.11
2014-03-11 12:26:00,44.724,0.3646440756793292,0,-0.11,-0.22,-0.11
2014-03-11 12:31:00,45.938,0.31520171950050685,0,-0.11,-0.22,-0.11
2014-03-11 12:36:00,45.56399999999999,0.3302699685276121,0,-0.11,-0.22,-0.11
2014-03-11 12:41:00,45.4,0.3369855679674686,0,-0.11,-0.22,-0.11
2014-03-11 12:46:00,47.23,0.3418823232889176,0,-0.11,-0.22,-0.11
2014-03-11 12:51:00,46.31800000000001,0.3051500595619169,0,-0.11,-0.22,-0.11
2014-03-11 12:56:00,46.596000000000004,0.31564264465447883,0,-0.11,-0.22,-0.11
2014-03-11 13:01:00,43.99,0.3978227645239613,0,-0.11,-0.22,-0.11
2014-03-11 13:06:00,45.452,0.3354870837020832,0,-0.11,-0.22,-0.11
2014-03-11 13:11:00,47.982,0.3730095920057864,0,-0.11,-0.22,-0.11
2014-03-11 13:16:00,47.91,0.3699269459281839,0,-0.11,-0.22,-0.11
2014-03-11 13:21:00,44.342,0.3837273618680578,0,-0.11,-0.22,-0.11
2014-03-11 13:26:00,45.821999999999996,0.32125484834390056,0,-0.11,-0.22,-0.11
2014-03-11 13:31:00,48.68600000000001,0.4035275008509467,0,-0.11,-0.22,-0.11
2014-03-11 13:36:00,45.258,0.3454597778645529,0,-0.11,-0.22,-0.11
2014-03-11 13:41:00,49.153999999999996,0.4242558485645941,0,-0.11,-0.22,-0.11
2014-03-11 13:46:00,45.118,0.3516610042132284,0,-0.11,-0.22,-0.11
2014-03-11 13:51:00,46.948,0.32795541788432725,0,-0.11,-0.22,-0.11
2014-03-11 13:56:00,48.398,0.38958826619594544,0,-0.11,-0.22,-0.11
2014-03-11 14:01:00,45.68,0.32922598680439874,0,-0.11,-0.22,-0.11
2014-03-11 14:06:00,46.644,0.31521678767291283,0,-0.11,-0.22,-0.11
2014-03-11 14:11:00,50.422,0.4812650415242191,0,-0.11,-0.22,-0.11
2014-03-11 14:16:00,45.51600000000001,0.3363689244879293,0,-0.11,-0.22,-0.11
2014-03-11 14:21:00,47.79600000000001,0.3623418594595584,0,-0.11,-0.22,-0.11
2014-03-11 14:26:00,43.373999999999995,0.4316499369321899,0,-0.11,-0.22,-0.11
2014-03-11 14:31:00,46.746,0.31818216018634715,0,-0.11,-0.22,-0.11
2014-03-11 14:36:00,46.08,0.3143725182472017,0,-0.11,-0.22,-0.11
2014-03-11 14:41:00,47.934,0.3682306896162845,0,-0.11,-0.22,-0.11
2014-03-11 14:46:00,45.431999999999995,0.3416296520050665,0,-0.11,-0.22,-0.11
2014-03-11 14:51:00,47.418,0.3456409549835834,0,-0.11,-0.22,-0.11
2014-03-11 14:56:00,47.934,0.3675232126150511,0,-0.11,-0.22,-0.11
2014-03-11 15:01:00,48.711999999999996,0.4017655279277368,0,-0.11,-0.22,-0.11
2014-03-11 15:06:00,45.32,0.34767212350344656,0,-0.11,-0.22,-0.11
2014-03-11 15:11:00,46.13399999999999,0.31362605325292003,0,-0.11,-0.22,-0.11
2014-03-11 15:16:00,46.333999999999996,0.305541300909283,0,-0.11,-0.22,-0.11
2014-03-11 15:21:00,49.038000000000004,0.4162296960261547,0,-0.11,-0.22,-0.11
2014-03-11 15:26:00,47.37,0.3417935393222152,0,-0.11,-0.22,-0.11
2014-03-11 15:31:00,44.342,0.3914308738754633,0,-0.11,-0.22,-0.11
2014-03-11 15:36:00,47.066,0.3290473560492499,0,-0.11,-0.22,-0.11
2014-03-11 15:41:00,51.972,0.5526029214742241,0,-0.11,-0.22,-0.11
2014-03-11 15:46:00,44.598,0.3800602621762601,0,-0.11,-0.22,-0.11
2014-03-11 15:51:00,49.518,0.4348304489281623,0,-0.11,-0.22,-0.11
2014-03-11 15:56:00,46.361999999999995,0.30742814170328875,0,-0.11,-0.22,-0.11
2014-03-11 16:01:00,47.653999999999996,0.35141901734301223,0,-0.11,-0.22,-0.11
2014-03-11 16:06:00,47.843999999999994,0.3593452328263881,0,-0.11,-0.22,-0.11
2014-03-11 16:11:00,48.81399999999999,0.4016728416640797,0,-0.11,-0.22,-0.11
2014-03-11 16:16:00,44.95399999999999,0.3669175450460381,0,-0.11,-0.22,-0.11
2014-03-11 16:21:00,45.773999999999994,0.3319271277915378,0,-0.11,-0.22,-0.11
2014-03-11 16:26:00,46.418,0.3059766572336691,0,-0.11,-0.22,-0.11
2014-03-11 16:31:00,45.886,0.3276400351268881,0,-0.11,-0.22,-0.11
2014-03-11 16:36:00,49.272,0.4229406749574648,0,-0.11,-0.22,-0.11
2014-03-11 16:41:00,48.61600000000001,0.3924490265448944,0,-0.11,-0.22,-0.11
2014-03-11 16:46:00,42.538000000000004,0.4779572394606241,0,-0.11,-0.22,-0.11
2014-03-11 16:51:00,46.526,0.30374954482822153,0,-0.11,-0.22,-0.11
2014-03-11 16:56:00,49.056000000000004,0.4111829731432813,0,-0.11,-0.22,-0.11
2014-03-11 17:01:00,48.618,0.3909362851921213,0,-0.11,-0.22,-0.11
2014-03-11 17:06:00,44.578,0.3839266746763573,0,-0.11,-0.22,-0.11
2014-03-11 17:11:00,48.403999999999996,0.3810924103225174,0,-0.11,-0.22,-0.11
2014-03-11 17:16:00,47.81,0.3550368804460177,0,-0.11,-0.22,-0.11
2014-03-11 17:21:00,44.83600000000001,0.3732959175829675,0,-0.11,-0.22,-0.11
2014-03-11 17:26:00,49.226000000000006,0.4166392559877116,0,-0.11,-0.22,-0.11
2014-03-11 17:31:00,45.4,0.34939137550852273,0,-0.11,-0.22,-0.11
2014-03-11 17:36:00,45.63,0.3397154218367079,0,-0.11,-0.22,-0.11
2014-03-11 17:41:00,48.028,0.3635982619213455,0,-0.11,-0.22,-0.11
2014-03-11 17:46:00,47.746,0.35117653636922475,0,-0.11,-0.22,-0.11
2014-03-11 17:51:00,46.773999999999994,0.31101621437498883,0,-0.11,-0.22,-0.11
2014-03-11 17:56:00,49.566,0.4312951498458267,0,-0.11,-0.22,-0.11
2014-03-11 18:01:00,48.732,0.392938888714386,0,-0.11,-0.22,-0.11
2014-03-11 18:06:00,47.206,0.32760616730997605,0,-0.11,-0.22,-0.11
2014-03-11 18:11:00,48.088,0.36437382951201697,0,-0.11,-0.22,-0.11
2014-03-11 18:16:00,44.29600000000001,0.4005039172813276,0,-0.11,-0.22,-0.11
2014-03-11 18:21:00,47.09,0.32251780491424026,0,-0.11,-0.22,-0.11
2014-03-11 18:26:00,44.178000000000004,0.4054751073645685,0,-0.11,-0.22,-0.11
2014-03-11 18:31:00,44.94600000000001,0.3714817234749488,0,-0.11,-0.22,-0.11
2014-03-11 18:36:00,45.736000000000004,0.3377973285869415,0,-0.11,-0.22,-0.11
2014-03-11 18:41:00,42.7,0.4731364834454506,0,-0.11,-0.22,-0.11
2014-03-11 18:46:00,44.32,0.3979576531424278,0,-0.11,-0.22,-0.11
2014-03-11 18:51:00,43.926,0.4155551936040186,0,-0.11,-0.22,-0.11
2014-03-11 18:56:00,46.738,0.30933199465671485,0,-0.11,-0.22,-0.11
2014-03-11 19:01:00,47.418,0.3369176805695213,0,-0.11,-0.22,-0.11
2014-03-11 19:06:00,41.916000000000004,0.5073120484651955,0,-0.11,-0.22,-0.11
2014-03-11 19:11:00,45.07,0.3634800039615376,0,-0.11,-0.22,-0.11
2014-03-11 19:16:00,45.258,0.3552880382837726,0,-0.11,-0.22,-0.11
2014-03-11 19:21:00,44.693999999999996,0.3797385582166391,0,-0.11,-0.22,-0.11
2014-03-11 19:26:00,44.37600000000001,0.39310868452166936,0,-0.11,-0.22,-0.11
2014-03-11 19:31:00,46.163999999999994,0.31815430766723873,0,-0.11,-0.22,-0.11
2014-03-11 19:36:00,44.93,0.36912559602190825,0,-0.11,-0.22,-0.11
2014-03-11 19:41:00,45.163999999999994,0.3591113678637207,0,-0.11,-0.22,-0.11
2014-03-11 19:46:00,46.93,0.3178512319323988,0,-0.11,-0.22,-0.11
2014-03-11 19:51:00,42.018,0.49880238039391,0,-0.11,-0.22,-0.11
2014-03-11 19:56:00,49.36600000000001,0.4204190911451532,0,-0.11,-0.22,-0.11
2014-03-11 20:01:00,43.51600000000001,0.4296824487520586,0,-0.11,-0.22,-0.11
2014-03-11 20:06:00,44.754,0.374911592967163,0,-0.11,-0.22,-0.11
2014-03-11 20:11:00,47.632,0.3461212449403833,0,-0.11,-0.22,-0.11
2014-03-11 20:16:00,47.83,0.3545463907729801,0,-0.11,-0.22,-0.11
2014-03-11 20:21:00,44.226000000000006,0.39857894002523536,0,-0.11,-0.22,-0.11
2014-03-11 20:26:00,45.63399999999999,0.3387371863338217,0,-0.11,-0.22,-0.11
2014-03-11 20:31:00,42.63,0.4693172447423509,0,-0.11,-0.22,-0.11
2014-03-11 20:36:00,44.083999999999996,0.4031525822242236,0,-0.11,-0.22,-0.11
2014-03-11 20:41:00,44.29600000000001,0.39333238689374506,0,-0.11,-0.22,-0.11
2014-03-11 20:46:00,44.24800000000001,0.3947815721558639,0,-0.11,-0.22,-0.11
2014-03-11 20:51:00,44.76600000000001,0.3725135597792883,0,-0.11,-0.22,-0.11
2014-03-11 20:56:00,47.91,0.3587735298857012,0,-0.11,-0.22,-0.11
2014-03-11 21:01:00,44.483999999999995,0.3842780622789945,0,-0.11,-0.22,-0.11
2014-03-11 21:06:00,43.592,0.4220472955479591,0,-0.11,-0.22,-0.11
2014-03-11 21:11:00,46.044,0.32023840989718905,0,-0.11,-0.22,-0.11
2014-03-11 21:16:00,44.956,0.3636427237009667,0,-0.11,-0.22,-0.11
2014-03-11 21:21:00,46.83,0.31632504112433024,0,-0.11,-0.22,-0.11
2014-03-11 21:26:00,45.258,0.3507690530990428,0,-0.11,-0.22,-0.11
2014-03-11 21:31:00,44.648,0.3759742304268467,0,-0.11,-0.22,-0.11
2014-03-11 21:36:00,45.11600000000001,0.3562461228302343,0,-0.11,-0.22,-0.11
2014-03-11 21:41:00,47.746,0.3530691167697343,0,-0.11,-0.22,-0.11
2014-03-11 21:46:00,44.718,0.3726606122010528,0,-0.11,-0.22,-0.11
2014-03-11 21:51:00,44.648,0.3765807070325716,0,-0.11,-0.22,-0.11
2014-03-11 21:56:00,48.428000000000004,0.3826835006007608,0,-0.11,-0.22,-0.11
2014-03-11 22:01:00,47.812,0.35641823228606023,0,-0.11,-0.22,-0.11
2014-03-11 22:06:00,46.794,0.31526407581055915,0,-0.11,-0.22,-0.11
2014-03-11 22:11:00,47.184,0.33050162288879364,0,-0.11,-0.22,-0.11
2014-03-11 22:16:00,44.65,0.3764860697205328,0,-0.11,-0.22,-0.11
2014-03-11 22:21:00,44.808,0.3695883412092392,0,-0.11,-0.22,-0.11
2014-03-11 22:26:00,47.276,0.3345457500306263,0,-0.11,-0.22,-0.11
2014-03-11 22:31:00,42.7,0.4608864486035158,0,-0.11,-0.22,-0.11
2014-03-11 22:36:00,44.798,0.3686562628248616,0,-0.11,-0.22,-0.11
2014-03-11 22:41:00,46.574,0.30740569207287033,0,-0.11,-0.22,-0.11
2014-03-11 22:46:00,43.708,0.4151447096644239,0,-0.11,-0.22,-0.11
2014-03-11 22:51:00,50.04600000000001,0.4519760042108383,0,-0.11,-0.22,-0.11
2014-03-11 22:56:00,43.45,0.4254097598018185,0,-0.11,-0.22,-0.11
2014-03-11 23:01:00,45.0,0.35931001918048977,0,-0.11,-0.22,-0.11
2014-03-11 23:06:00,46.22,0.3111895926242911,0,-0.11,-0.22,-0.11
2014-03-11 23:11:00,46.711999999999996,0.3130498611195577,0,-0.11,-0.22,-0.11
2014-03-11 23:16:00,47.464,0.3425395728176929,0,-0.11,-0.22,-0.11
2014-03-11 23:21:00,46.338,0.30707010524144496,0,-0.11,-0.22,-0.11
2014-03-11 23:26:00,42.464,0.4682842586899607,0,-0.11,-0.22,-0.11
2014-03-11 23:31:00,45.456,0.3402688129068553,0,-0.11,-0.22,-0.11
2014-03-11 23:36:00,48.65600000000001,0.3915947119503227,0,-0.11,-0.22,-0.11
2014-03-11 23:41:00,47.16,0.33049460144074266,0,-0.11,-0.22,-0.11
2014-03-11 23:46:00,45.074,0.3562146735867087,0,-0.11,-0.22,-0.11
2014-03-11 23:51:00,45.658,0.33247673461389066,0,-0.11,-0.22,-0.11
2014-03-11 23:56:00,47.88800000000001,0.3607697249073457,0,-0.11,-0.22,-0.11
2014-03-12 00:01:00,47.794,0.3578366024915576,0,-0.11,-0.22,-0.11
2014-03-12 00:06:00,43.78,0.4113437234980362,0,-0.11,-0.22,-0.11
2014-03-12 00:11:00,49.098,0.4132635149001921,0,-0.11,-0.22,-0.11
2014-03-12 00:16:00,45.47,0.33962204387456224,0,-0.11,-0.22,-0.11
2014-03-12 00:21:00,44.486000000000004,0.3798954760849633,0,-0.11,-0.22,-0.11
2014-03-12 00:26:00,46.693999999999996,0.31418370715856475,0,-0.11,-0.22,-0.11
2014-03-12 00:31:00,44.86,0.3640376165280772,0,-0.11,-0.22,-0.11
2014-03-12 00:36:00,44.968,0.3596334412859171,0,-0.11,-0.22,-0.11
2014-03-12 00:41:00,43.288000000000004,0.4311034234842756,0,-0.11,-0.22,-0.11
2014-03-12 00:46:00,44.083999999999996,0.3955296009658373,0,-0.11,-0.22,-0.11
2014-03-12 00:51:00,44.36600000000001,0.3830816744514736,0,-0.11,-0.22,-0.11
2014-03-12 00:56:00,46.361999999999995,0.302970494008264,0,-0.11,-0.22,-0.11
2014-03-12 01:01:00,48.004,0.3686408527053093,0,-0.11,-0.22,-0.11
2014-03-12 01:06:00,42.966,0.4431411139243055,0,-0.11,-0.22,-0.11
2014-03-12 01:11:00,49.544,0.43384961884955225,0,-0.11,-0.22,-0.11
2014-03-12 01:16:00,44.083999999999996,0.3939484706723136,0,-0.11,-0.22,-0.11
2014-03-12 01:21:00,44.272,0.38552729719296974,0,-0.11,-0.22,-0.11
2014-03-12 01:26:00,47.03,0.32916786913757484,0,-0.11,-0.22,-0.11
2014-03-12 01:31:00,44.15600000000001,0.3900115903239804,0,-0.11,-0.22,-0.11
2014-03-12 01:36:00,46.571999999999996,0.3119553652959625,0,-0.11,-0.22,-0.11
2014-03-12 01:41:00,46.338,0.30313260723705193,0,-0.11,-0.22,-0.11
2014-03-12 01:46:00,45.868,0.32053639495805003,0,-0.11,-0.22,-0.11
2014-03-12 01:51:00,43.56800000000001,0.4148356501003912,0,-0.11,-0.22,-0.11
2014-03-12 01:56:00,47.864,0.3634161907421555,0,-0.11,-0.22,-0.11
2014-03-12 02:01:00,42.018,0.4829297939413731,0,-0.11,-0.22,-0.11
2014-03-12 02:06:00,44.403999999999996,0.3778088490557399,0,-0.11,-0.22,-0.11
2014-03-12 02:11:00,45.846000000000004,0.3197027493877101,0,-0.11,-0.22,-0.11
2014-03-12 02:16:00,43.63800000000001,0.4094730470427924,0,-0.11,-0.22,-0.11
2014-03-12 02:21:00,43.826,0.4007285588503002,0,-0.11,-0.22,-0.11
2014-03-12 02:26:00,44.93,0.3543904836085038,0,-0.11,-0.22,-0.11
2014-03-12 02:31:00,44.39,0.3760602943413297,0,-0.11,-0.22,-0.11
2014-03-12 02:36:00,41.924,0.481810575178885,0,-0.11,-0.22,-0.11
2014-03-12 02:41:00,44.178000000000004,0.3833171139366857,0,-0.11,-0.22,-0.11
2014-03-12 02:46:00,43.332,0.4181691281304585,0,-0.11,-0.22,-0.11
2014-03-12 02:51:00,45.54,0.3276183174178785,0,-0.11,-0.22,-0.11
2014-03-12 02:56:00,44.062,0.3881283059532107,0,-0.11,-0.22,-0.11
2014-03-12 03:01:00,45.58600000000001,0.3259944120598013,0,-0.11,-0.22,-0.11
2014-03-12 03:06:00,43.49800000000001,0.4111727719333567,0,-0.11,-0.22,-0.11
2014-03-12 03:11:00,43.662,0.40396143073568574,0,-0.11,-0.22,-0.11
2014-03-12 03:16:00,44.88399999999999,0.3526845888296445,0,-0.11,-0.22,-0.11
2014-03-12 03:21:00,46.22,0.3049430153174573,0,-0.11,-0.22,-0.11
2014-03-12 03:26:00,43.544,0.40822133715137054,0,-0.11,-0.22,-0.11
2014-03-12 03:31:00,43.592,0.4054773817973274,0,-0.11,-0.22,-0.11
2014-03-12 03:36:00,46.206,0.305236911579794,0,-0.11,-0.22,-0.11
2014-03-12 03:41:00,47.3,0.34728220985370106,0,-0.11,-0.22,-0.11
2014-03-12 03:46:00,39.474000000000004,0.5844754343373181,0,-0.11,-0.22,-0.11
2014-03-12 03:51:00,44.276,0.37442779651728575,0,-0.11,-0.22,-0.11
2014-03-12 03:56:00,45.282,0.33439199358562555,0,-0.11,-0.22,-0.11
2014-03-12 04:01:00,43.77,0.3943427518407153,0,-0.11,-0.22,-0.11
2014-03-12 04:06:00,45.422,0.3284025779905068,0,-0.11,-0.22,-0.11
2014-03-12 04:11:00,43.896,0.3888943787698895,0,-0.11,-0.22,-0.11
2014-03-12 04:16:00,45.378,0.3296451085746654,0,-0.11,-0.22,-0.11
2014-03-12 04:21:00,42.09,0.4651293248219163,0,-0.11,-0.22,-0.11
2014-03-12 04:26:00,44.54,0.36163443681833096,0,-0.11,-0.22,-0.11
2014-03-12 04:31:00,42.864,0.4299921071163009,0,-0.11,-0.22,-0.11
2014-03-12 04:36:00,45.51600000000001,0.3228322828323848,0,-0.11,-0.22,-0.11
2014-03-12 04:41:00,42.288000000000004,0.4538443145045519,0,-0.11,-0.22,-0.11
2014-03-12 04:46:00,44.052,0.3791752645974588,0,-0.11,-0.22,-0.11
2014-03-12 04:51:00,45.306000000000004,0.32979430901265205,0,-0.11,-0.22,-0.11
2014-03-12 04:56:00,44.083999999999996,0.3772040758578749,0,-0.11,-0.22,-0.11
2014-03-12 05:01:00,46.056000000000004,0.3043185811371034,0,-0.11,-0.22,-0.11
2014-03-12 05:06:00,40.964,0.5080448670056448,0,-0.11,-0.22,-0.11
2014-03-12 05:11:00,46.456,0.3199677436471671,0,-0.11,-0.22,-0.11
2014-03-12 05:16:00,44.098,0.3746094184047536,0,-0.11,-0.22,-0.11
2014-03-12 05:21:00,43.262,0.4082069891427092,0,-0.11,-0.22,-0.11
2014-03-12 05:26:00,45.032,0.3371947688250293,0,-0.11,-0.22,-0.11
2014-03-12 05:31:00,43.592,0.39379003629773,0,-0.11,-0.22,-0.11
2014-03-12 05:36:00,42.864,0.4230045698929481,0,-0.11,-0.22,-0.11
2014-03-12 05:41:00,45.56800000000001,0.316297858684457,0,-0.11,-0.22,-0.11
2014-03-12 05:46:00,43.826,0.3831752661878004,0,-0.11,-0.22,-0.11
2014-03-12 05:51:00,46.873999999999995,0.338280306229208,0,-0.11,-0.22,-0.11
2014-03-12 05:56:00,42.934,0.4191205742529863,0,-0.11,-0.22,-0.11
2014-03-12 06:01:00,45.70399999999999,0.3101953650006484,0,-0.11,-0.22,-0.11
2014-03-12 06:06:00,43.47,0.3961824142278974,0,-0.11,-0.22,-0.11
2014-03-12 06:11:00,44.508,0.3544288284736074,0,-0.11,-0.22,-0.11
2014-03-12 06:16:00,43.708,0.38571877521827175,0,-0.11,-0.22,-0.11
2014-03-12 06:21:00,43.68600000000001,0.3860209543865299,0,-0.11,-0.22,-0.11
2014-03-12 06:26:00,44.062,0.3704251632780781,0,-0.11,-0.22,-0.11
2014-03-12 06:31:00,44.286,0.36124973275953376,0,-0.11,-0.22,-0.11
2014-03-12 06:36:00,48.43600000000001,0.4050578277626136,0,-0.11,-0.22,-0.11
2014-03-12 06:41:00,39.414,0.5664408566666586,0,-0.11,-0.22,-0.11
2014-03-12 06:46:00,45.15,0.326809871447463,0,-0.11,-0.22,-0.11
2014-03-12 06:51:00,42.7,0.4231055900896815,0,-0.11,-0.22,-0.11
2014-03-12 06:56:00,45.728,0.3050244457257716,0,-0.11,-0.22,-0.11
2014-03-12 07:01:00,43.85,0.3757462189413732,0,-0.11,-0.22,-0.11
2014-03-12 07:06:00,44.013999999999996,0.3687831530604797,0,-0.11,-0.22,-0.11
2014-03-12 07:11:00,47.09,0.3524103987555376,0,-0.11,-0.22,-0.11
2014-03-12 07:16:00,42.018,0.45003138389742736,0,-0.11,-0.22,-0.11
2014-03-12 07:21:00,43.864,0.37368196269064224,0,-0.11,-0.22,-0.11
2014-03-12 07:26:00,45.798,0.30530566026824746,0,-0.11,-0.22,-0.11
2014-03-12 07:31:00,41.784,0.4580515745808938,0,-0.11,-0.22,-0.11
2014-03-12 07:36:00,44.718,0.3391884066099127,0,-0.11,-0.22,-0.11
2014-03-12 07:41:00,47.12600000000001,0.3552744208087996,0,-0.11,-0.22,-0.11
2014-03-12 07:46:00,42.3,0.4349666575611937,0,-0.11,-0.22,-0.11
2014-03-12 07:51:00,43.78,0.374391026554868,0,-0.11,-0.22,-0.11
2014-03-12 07:56:00,45.63399999999999,0.30486623317810585,0,-0.11,-0.22,-0.11
2014-03-12 08:01:00,44.956,0.32904305654054544,0,-0.11,-0.22,-0.11
2014-03-12 08:06:00,45.492,0.309160281344364,0,-0.11,-0.22,-0.11
2014-03-12 08:11:00,44.553999999999995,0.3435803396701101,0,-0.11,-0.22,-0.11
2014-03-12 08:16:00,42.066,0.44259383762325694,0,-0.11,-0.22,-0.11
2014-03-12 08:21:00,43.732,0.3742059985632791,0,-0.11,-0.22,-0.11
2014-03-12 08:26:00,43.92,0.3663963903688356,0,-0.11,-0.22,-0.11
2014-03-12 08:31:00,44.01600000000001,0.362226309035666,0,-0.11,-0.22,-0.11
2014-03-12 08:36:00,46.69,0.3423028600166849,0,-0.11,-0.22,-0.11
2014-03-12 08:41:00,40.422,0.5087609980016828,0,-0.11,-0.22,-0.11
2014-03-12 08:46:00,43.85,0.3671342854848975,0,-0.11,-0.22,-0.11
2014-03-12 08:51:00,46.456,0.3348101482267186,0,-0.11,-0.22,-0.11
2014-03-12 08:56:00,42.864,0.40571204009527617,0,-0.11,-0.22,-0.11
2014-03-12 09:01:00,43.56800000000001,0.3770985173739662,0,-0.11,-0.22,-0.11
2014-03-12 09:06:00,44.272,0.3495082990060535,0,-0.11,-0.22,-0.11
2014-03-12 09:11:00,49.51600000000001,0.4578573697760177,0,-0.11,-0.22,-0.11
2014-03-12 09:16:00,42.716,0.4108818213451578,0,-0.11,-0.22,-0.11
2014-03-12 09:21:00,45.58600000000001,0.3042640713019019,0,-0.11,-0.22,-0.11
2014-03-12 09:26:00,46.268,0.3287983089603917,0,-0.11,-0.22,-0.11
2014-03-12 09:31:00,44.111999999999995,0.3554300132800481,0,-0.11,-0.22,-0.11
2014-03-12 09:36:00,46.408,0.3344233848106749,0,-0.11,-0.22,-0.11
2014-03-12 09:41:00,50.6,0.5019633317687039,0,-0.11,-0.22,-0.11
2014-03-12 09:46:00,41.501999999999995,0.4587350461955837,0,-0.11,-0.22,-0.11
2014-03-12 09:51:00,42.756,0.4067828735227612,0,-0.11,-0.22,-0.11
2014-03-12 09:56:00,45.326,0.3102755818445468,0,-0.11,-0.22,-0.11
2014-03-12 10:01:00,44.784,0.3293876586957729,0,-0.11,-0.22,-0.11
2014-03-12 10:06:00,44.882,0.3258177629114559,0,-0.11,-0.22,-0.11
2014-03-12 10:11:00,47.23,0.3653142449641348,0,-0.11,-0.22,-0.11
2014-03-12 10:16:00,46.666000000000004,0.3439471857942976,0,-0.11,-0.22,-0.11
2014-03-12 10:21:00,46.198,0.32641632766390577,0,-0.11,-0.22,-0.11
2014-03-12 10:26:00,44.56,0.3380257311871989,0,-0.11,-0.22,-0.11
2014-03-12 10:31:00,42.611999999999995,0.41288859905045744,0,-0.11,-0.22,-0.11
2014-03-12 10:36:00,45.302,0.3108245072397707,0,-0.11,-0.22,-0.11
2014-03-12 10:41:00,45.751999999999995,0.31134730264142657,0,-0.11,-0.22,-0.11
2014-03-12 10:46:00,43.111999999999995,0.3932411936486369,0,-0.11,-0.22,-0.11
2014-03-12 10:51:00,45.26,0.3118009038973826,0,-0.11,-0.22,-0.11
2014-03-12 10:56:00,48.146,0.4018372178635717,0,-0.11,-0.22,-0.11
2014-03-12 11:01:00,43.45,0.37965280137853097,0,-0.11,-0.22,-0.11
2014-03-12 11:06:00,43.802,0.3656437101719445,0,-0.11,-0.22,-0.11
2014-03-12 11:11:00,48.272,0.4068407870965178,0,-0.11,-0.22,-0.11
2014-03-12 11:16:00,41.15,0.4715594770743041,0,-0.11,-0.22,-0.11
2014-03-12 11:21:00,43.85,0.3628135968129881,0,-0.11,-0.22,-0.11
2014-03-12 11:26:00,43.86600000000001,0.3618132127136044,0,-0.11,-0.22,-0.11
2014-03-12 11:31:00,45.211999999999996,0.3121455383427701,0,-0.11,-0.22,-0.11
2014-03-12 11:36:00,45.282,0.3099942678893407,0,-0.11,-0.22,-0.11
2014-03-12 11:41:00,43.474,0.3770082400100016,0,-0.11,-0.22,-0.11
2014-03-12 11:46:00,43.79,0.3644661197544848,0,-0.11,-0.22,-0.11
2014-03-12 11:51:00,43.732,0.366239433070841,0,-0.11,-0.22,-0.11
2014-03-12 11:56:00,46.972,0.3576745716557947,0,-0.11,-0.22,-0.11
2014-03-12 12:01:00,44.413999999999994,0.34055022907973503,0,-0.11,-0.22,-0.11
2014-03-12 12:06:00,43.286,0.3831245813257693,0,-0.11,-0.22,-0.11
2014-03-12 12:11:00,44.413999999999994,0.3400377396122745,0,-0.11,-0.22,-0.11
2014-03-12 12:16:00,43.698,0.3666501981534264,0,-0.11,-0.22,-0.11
2014-03-12 12:21:00,44.12600000000001,0.3500646362279968,0,-0.11,-0.22,-0.11
2014-03-12 12:26:00,43.53,0.3723510436072779,0,-0.11,-0.22,-0.11
2014-03-12 12:31:00,45.751999999999995,0.31473818661734154,0,-0.11,-0.22,-0.11
2014-03-12 12:36:00,40.751999999999995,0.4835729218168353,0,-0.11,-0.22,-0.11
2014-03-12 12:41:00,44.062,0.3508141670675908,0,-0.11,-0.22,-0.11
2014-03-12 12:46:00,46.456,0.3412589322294806,0,-0.11,-0.22,-0.11
2014-03-12 12:51:00,41.478,0.4515792120847134,0,-0.11,-0.22,-0.11
2014-03-12 12:56:00,47.7,0.38819349369764394,0,-0.11,-0.22,-0.11
2014-03-12 13:01:00,42.058,0.4273417307264077,0,-0.11,-0.22,-0.11
2014-03-12 13:06:00,43.708,0.36246365792228136,0,-0.11,-0.22,-0.11
2014-03-12 13:11:00,45.68,0.31448193027923715,0,-0.11,-0.22,-0.11
2014-03-12 13:16:00,44.24800000000001,0.3420318079363405,0,-0.11,-0.22,-0.11
2014-03-12 13:21:00,45.071999999999996,0.3121522913604939,0,-0.11,-0.22,-0.11
2014-03-12 13:26:00,44.648,0.32725274619093764,0,-0.11,-0.22,-0.11
2014-03-12 13:31:00,42.77,0.3978166257072525,0,-0.11,-0.22,-0.11
2014-03-12 13:36:00,44.578,0.3293126273614011,0,-0.11,-0.22,-0.11
2014-03-12 13:41:00,45.233999999999995,0.30608288054674954,0,-0.11,-0.22,-0.11
2014-03-12 13:46:00,44.272,0.34024565626534514,0,-0.11,-0.22,-0.11
2014-03-12 13:51:00,43.662,0.36253781177575295,0,-0.11,-0.22,-0.11
2014-03-12 13:56:00,47.403999999999996,0.3793852102592845,0,-0.11,-0.22,-0.11
2014-03-12 14:01:00,43.798,0.35710951269516145,0,-0.11,-0.22,-0.11
2014-03-12 14:06:00,42.38,0.4114936745595441,0,-0.11,-0.22,-0.11
2014-03-12 14:11:00,45.868,0.32277652880798097,0,-0.11,-0.22,-0.11
2014-03-12 14:16:00,46.666000000000004,0.3520299921419021,0,-0.11,-0.22,-0.11
2014-03-12 14:21:00,41.032,0.4647008278397806,0,-0.11,-0.22,-0.11
2014-03-12 14:26:00,43.744,0.3575667330018385,0,-0.11,-0.22,-0.11
2014-03-12 14:31:00,46.018,0.32907073879388105,0,-0.11,-0.22,-0.11
2014-03-12 14:36:00,43.052,0.3833290660339579,0,-0.11,-0.22,-0.11
2014-03-12 14:41:00,42.442,0.4064599764951584,0,-0.11,-0.22,-0.11
2014-03-12 14:46:00,44.226000000000006,0.3384062464313016,0,-0.11,-0.22,-0.11
2014-03-12 14:51:00,44.062,0.3442642366231089,0,-0.11,-0.22,-0.11
2014-03-12 14:56:00,45.51600000000001,0.31327039791567696,0,-0.11,-0.22,-0.11
2014-03-12 15:01:00,45.982,0.33022359286422737,0,-0.11,-0.22,-0.11
2014-03-12 15:06:00,44.972,0.3111514017828323,0,-0.11,-0.22,-0.11
2014-03-12 15:11:00,42.746,0.39349907598981776,0,-0.11,-0.22,-0.11
2014-03-12 15:16:00,45.118,0.3050177914636021,0,-0.11,-0.22,-0.11
2014-03-12 15:21:00,42.608000000000004,0.3987027371857761,0,-0.11,-0.22,-0.11
2014-03-12 15:26:00,43.931999999999995,0.34717762695621657,0,-0.11,-0.22,-0.11
2014-03-12 15:31:00,45.702,0.32207319366370823,0,-0.11,-0.22,-0.11
2014-03-12 15:36:00,43.122,0.3780225963173793,0,-0.11,-0.22,-0.11
2014-03-12 15:41:00,45.328,0.30924619095486683,0,-0.11,-0.22,-0.11
2014-03-12 15:46:00,43.943999999999996,0.3461316614052169,0,-0.11,-0.22,-0.11
2014-03-12 15:51:00,43.68600000000001,0.35561520134578845,0,-0.11,-0.22,-0.11
2014-03-12 15:56:00,45.608000000000004,0.32017563545748945,0,-0.11,-0.22,-0.11
2014-03-12 16:01:00,45.188,0.3055454734361546,0,-0.11,-0.22,-0.11
2014-03-12 16:06:00,44.342,0.3303268768535137,0,-0.11,-0.22,-0.11
2014-03-12 16:11:00,43.428000000000004,0.3646990283573451,0,-0.11,-0.22,-0.11
2014-03-12 16:16:00,44.128,0.33777043674026513,0,-0.11,-0.22,-0.11
2014-03-12 16:21:00,44.256,0.33275738490123125,0,-0.11,-0.22,-0.11
2014-03-12 16:26:00,44.202,0.33436813593742154,0,-0.11,-0.22,-0.11
2014-03-12 16:31:00,44.553999999999995,0.3210218264637919,0,-0.11,-0.22,-0.11
2014-03-12 16:36:00,45.663999999999994,0.3248991381651815,0,-0.11,-0.22,-0.11
2014-03-12 16:41:00,43.111999999999995,0.3758689811254518,0,-0.11,-0.22,-0.11
2014-03-12 16:46:00,43.044,0.3789034698075866,0,-0.11,-0.22,-0.11
2014-03-12 16:51:00,47.236000000000004,0.3885025289263872,0,-0.11,-0.22,-0.11
2014-03-12 16:56:00,44.108000000000004,0.3367105236551196,0,-0.11,-0.22,-0.11
2014-03-12 17:01:00,44.24800000000001,0.33107097676658354,0,-0.11,-0.22,-0.11
2014-03-12 17:06:00,45.37600000000001,0.31718837652452425,0,-0.11,-0.22,-0.11
2014-03-12 17:11:00,43.976000000000006,0.3410319946750741,0,-0.11,-0.22,-0.11
2014-03-12 17:16:00,46.606,0.3665471827303195,0,-0.11,-0.22,-0.11
2014-03-12 17:21:00,43.028,0.378867841405714,0,-0.11,-0.22,-0.11
2014-03-12 17:26:00,43.824,0.3463680646077415,0,-0.11,-0.22,-0.11
2014-03-12 17:31:00,45.891999999999996,0.3385096651993181,0,-0.11,-0.22,-0.11
2014-03-12 17:36:00,43.026,0.3781384768362038,0,-0.11,-0.22,-0.11
2014-03-12 17:41:00,45.352,0.3186714418882525,0,-0.11,-0.22,-0.11
2014-03-12 17:46:00,44.038000000000004,0.3368787956030126,0,-0.11,-0.22,-0.11
2014-03-12 17:51:00,43.896,0.34279370849125296,0,-0.11,-0.22,-0.11
2014-03-12 17:56:00,46.982,0.3850807962046383,0,-0.11,-0.22,-0.11
2014-03-12 18:01:00,44.72,0.3101995072815313,0,-0.11,-0.22,-0.11
2014-03-12 18:06:00,42.144,0.41594936887055495,0,-0.11,-0.22,-0.11
2014-03-12 18:11:00,45.67,0.3331237657234772,0,-0.11,-0.22,-0.11
2014-03-12 18:16:00,43.708,0.3492142970288316,0,-0.11,-0.22,-0.11
2014-03-12 18:21:00,44.08600000000001,0.33350607351424394,0,-0.11,-0.22,-0.11
2014-03-12 18:26:00,43.84,0.3433229134942061,0,-0.11,-0.22,-0.11
2014-03-12 18:31:00,47.663999999999994,0.420406160130438,0,-0.11,-0.22,-0.11
2014-03-12 18:36:00,43.378,0.3622168664341621,0,-0.11,-0.22,-0.11
2014-03-12 18:41:00,39.436,0.5365152706253631,0,-0.11,-0.22,-0.11
2014-03-12 18:46:00,44.244,0.3251429429939599,0,-0.11,-0.22,-0.11
2014-03-12 18:51:00,43.912,0.3380195918141481,0,-0.11,-0.22,-0.11
2014-03-12 18:56:00,46.06,0.353057190266702,0,-0.11,-0.22,-0.11
2014-03-12 19:01:00,46.056000000000004,0.3539238363590593,0,-0.11,-0.22,-0.11
2014-03-12 19:06:00,42.176,0.4119417208890277,0,-0.11,-0.22,-0.11
2014-03-12 19:11:00,46.808,0.3875521476574708,0,-0.11,-0.22,-0.11
2014-03-12 19:16:00,42.878,0.3804627076509008,0,-0.11,-0.22,-0.11
2014-03-12 19:21:00,44.342,0.3190536953074867,0,-0.11,-0.22,-0.11
2014-03-12 19:26:00,43.968,0.3338820475092273,0,-0.11,-0.22,-0.11
2014-03-12 19:31:00,46.01,0.3544477933117158,0,-0.11,-0.22,-0.11
2014-03-12 19:36:00,43.474,0.3544973605624358,0,-0.11,-0.22,-0.11
2014-03-12 19:41:00,45.306000000000004,0.3254896909682856,0,-0.11,-0.22,-0.11
2014-03-12 19:46:00,45.328,0.32607414220813435,0,-0.11,-0.22,-0.11
2014-03-12 19:51:00,42.724,0.38702963288346137,0,-0.11,-0.22,-0.11
2014-03-12 19:56:00,45.211999999999996,0.3213822352954657,0,-0.11,-0.22,-0.11
2014-03-12 20:01:00,45.56399999999999,0.3359495805328549,0,-0.11,-0.22,-0.11
2014-03-12 20:06:00,42.16,0.4116973007146745,0,-0.11,-0.22,-0.11
2014-03-12 20:11:00,46.784,0.3884436282656321,0,-0.11,-0.22,-0.11
2014-03-12 20:16:00,46.55,0.37778684811410174,0,-0.11,-0.22,-0.11
2014-03-12 20:21:00,43.17,0.3675540044889411,0,-0.11,-0.22,-0.11
2014-03-12 20:26:00,48.873999999999995,0.4821436706550411,0,-0.11,-0.22,-0.11
2014-03-12 20:31:00,41.69,0.4320936106532757,0,-0.11,-0.22,-0.11
2014-03-12 20:36:00,44.426,0.3151437402257969,0,-0.11,-0.22,-0.11
2014-03-12 20:41:00,44.693999999999996,0.3046446427751476,0,-0.11,-0.22,-0.11
2014-03-12 20:46:00,46.571999999999996,0.3777321603366659,0,-0.11,-0.22,-0.11
2014-03-12 20:51:00,44.693999999999996,0.30453950675979025,0,-0.11,-0.22,-0.11
2014-03-12 20:56:00,46.83,0.3889003132563287,0,-0.11,-0.22,-0.11
2014-03-12 21:01:00,45.306000000000004,0.32559279757972515,0,-0.11,-0.22,-0.11
2014-03-12 21:06:00,45.986000000000004,0.3534930562332064,0,-0.11,-0.22,-0.11
2014-03-12 21:11:00,42.386,0.4017701004142575,0,-0.11,-0.22,-0.11
2014-03-12 21:16:00,45.674,0.3410275790394827,0,-0.11,-0.22,-0.11
2014-03-12 21:21:00,44.178000000000004,0.3246400463002904,0,-0.11,-0.22,-0.11
2014-03-12 21:26:00,44.114,0.3272414873973074,0,-0.11,-0.22,-0.11
2014-03-12 21:31:00,46.01,0.3558913583144994,0,-0.11,-0.22,-0.11
2014-03-12 21:36:00,43.474,0.3542466965357129,0,-0.11,-0.22,-0.11
2014-03-12 21:41:00,46.104,0.35955269397703404,0,-0.11,-0.22,-0.11
2014-03-12 21:46:00,45.47,0.33263598690600066,0,-0.11,-0.22,-0.11
2014-03-12 21:51:00,42.724,0.3869454189363952,0,-0.11,-0.22,-0.11
2014-03-12 21:56:00,46.974,0.3970799799088325,0,-0.11,-0.22,-0.11
2014-03-12 22:01:00,48.20399999999999,0.4532206159251577,0,-0.11,-0.22,-0.11
2014-03-12 22:06:00,42.558,0.39384429399679294,0,-0.11,-0.22,-0.11
2014-03-12 22:11:00,45.773999999999994,0.3448166898644807,0,-0.11,-0.22,-0.11
2014-03-12 22:16:00,45.07,0.3161845350305059,0,-0.11,-0.22,-0.11
2014-03-12 22:21:00,45.042,0.3150548638310049,0,-0.11,-0.22,-0.11
2014-03-12 22:26:00,41.598,0.4364734550377801,0,-0.11,-0.22,-0.11
2014-03-12 22:31:00,46.023999999999994,0.35595051128132543,0,-0.11,-0.22,-0.11
2014-03-12 22:36:00,42.782,0.3828419836653733,0,-0.11,-0.22,-0.11
2014-03-12 22:41:00,44.86,0.3086735785214646,0,-0.11,-0.22,-0.11
2014-03-12 22:46:00,45.868,0.350039730187044,0,-0.11,-0.22,-0.11
2014-03-12 22:51:00,41.784,0.4266264210911523,0,-0.11,-0.22,-0.11
2014-03-12 22:56:00,45.724,0.3440577991668535,0,-0.11,-0.22,-0.11
2014-03-12 23:01:00,46.902,0.3952795401540976,0,-0.11,-0.22,-0.11
2014-03-12 23:06:00,40.846,0.4691131033879299,0,-0.11,-0.22,-0.11
2014-03-12 23:11:00,45.658,0.3428054058198957,0,-0.11,-0.22,-0.11
2014-03-12 23:16:00,44.132,0.32389707194748685,0,-0.11,-0.22,-0.11
2014-03-12 23:21:00,43.98,0.32999014714878805,0,-0.11,-0.22,-0.11
2014-03-12 23:26:00,43.92,0.332320757690849,0,-0.11,-0.22,-0.11
2014-03-12 23:31:00,43.896,0.3329448045503464,0,-0.11,-0.22,-0.11
2014-03-12 23:36:00,48.6,0.4746578700943477,0,-0.11,-0.22,-0.11
2014-03-12 23:41:00,41.738,0.4264985192804109,0,-0.11,-0.22,-0.11
2014-03-12 23:46:00,44.93,0.314077494182079,0,-0.11,-0.22,-0.11
2014-03-12 23:51:00,42.724,0.3821892207598631,0,-0.11,-0.22,-0.11
2014-03-12 23:56:00,45.41,0.3345997559974385,0,-0.11,-0.22,-0.11
2014-03-13 00:01:00,43.802,0.3364467199337693,0,-0.11,-0.22,-0.11
2014-03-13 00:06:00,44.343999999999994,0.31417526193926004,0,-0.11,-0.22,-0.11
2014-03-13 00:11:00,47.442,0.4234850938869933,0,-0.11,-0.22,-0.11
2014-03-13 00:16:00,40.762,0.4709881913303579,0,-0.11,-0.22,-0.11
2014-03-13 00:21:00,44.36600000000001,0.3122124487351277,0,-0.11,-0.22,-0.11
2014-03-13 00:26:00,48.146,0.4563461578641786,0,-0.11,-0.22,-0.11
2014-03-13 00:31:00,40.686,0.4729550700979024,0,-0.11,-0.22,-0.11
2014-03-13 00:36:00,43.968,0.32784502332020937,0,-0.11,-0.22,-0.11
2014-03-13 00:41:00,43.943999999999996,0.32839547069223424,0,-0.11,-0.22,-0.11
2014-03-13 00:46:00,45.782,0.3522983957178523,0,-0.11,-0.22,-0.11
2014-03-13 00:51:00,41.924,0.4151934255278569,0,-0.11,-0.22,-0.11
2014-03-13 00:56:00,45.773999999999994,0.3522023859177553,0,-0.11,-0.22,-0.11
2014-03-13 01:01:00,44.272,0.3141141439137162,0,-0.11,-0.22,-0.11
2014-03-13 01:06:00,45.093999999999994,0.3251025196769119,0,-0.11,-0.22,-0.11
2014-03-13 01:11:00,46.986000000000004,0.4065802741049853,0,-0.11,-0.22,-0.11
2014-03-13 01:16:00,43.146,0.36096620996338896,0,-0.11,-0.22,-0.11
2014-03-13 01:21:00,42.018,0.41078194793067,0,-0.11,-0.22,-0.11
2014-03-13 01:26:00,43.91,0.3277621983929476,0,-0.11,-0.22,-0.11
2014-03-13 01:31:00,43.31800000000001,0.35237153714935804,0,-0.11,-0.22,-0.11
2014-03-13 01:36:00,44.43600000000001,0.3058585686663848,0,-0.11,-0.22,-0.11
2014-03-13 01:41:00,45.07,0.3256790342807917,0,-0.11,-0.22,-0.11
2014-03-13 01:46:00,47.153999999999996,0.4164227912937744,0,-0.11,-0.22,-0.11
2014-03-13 01:51:00,40.742,0.4686304313147184,0,-0.11,-0.22,-0.11
2014-03-13 01:56:00,46.01600000000001,0.3649538891297983,0,-0.11,-0.22,-0.11
2014-03-13 02:01:00,46.606,0.3908147910540887,0,-0.11,-0.22,-0.11
2014-03-13 02:06:00,41.431999999999995,0.4354396410752957,0,-0.11,-0.22,-0.11
2014-03-13 02:11:00,45.048,0.3248441978899273,0,-0.11,-0.22,-0.11
2014-03-13 02:16:00,45.492,0.3443959416198105,0,-0.11,-0.22,-0.11
2014-03-13 02:21:00,41.644,0.4262260935766655,0,-0.11,-0.22,-0.11
2014-03-13 02:26:00,44.882,0.3190195023645263,0,-0.11,-0.22,-0.11
2014-03-13 02:31:00,42.456,0.3885237355912097,0,-0.11,-0.22,-0.11
2014-03-13 02:36:00,43.918,0.3252193778881754,0,-0.11,-0.22,-0.11
2014-03-13 02:41:00,43.58600000000001,0.3387540075992772,0,-0.11,-0.22,-0.11
2014-03-13 02:46:00,45.702,0.35490067252981944,0,-0.11,-0.22,-0.11
2014-03-13 02:51:00,44.49800000000001,0.30483980957005485,0,-0.11,-0.22,-0.11
2014-03-13 02:56:00,42.84,0.37073306092270897,0,-0.11,-0.22,-0.11
2014-03-13 03:01:00,43.78,0.32984526311887896,0,-0.11,-0.22,-0.11
2014-03-13 03:06:00,47.128,0.4199543350186824,0,-0.11,-0.22,-0.11
2014-03-13 03:11:00,43.94,0.3237781576396773,0,-0.11,-0.22,-0.11
2014-03-13 03:16:00,45.556000000000004,0.34912899577562106,0,-0.11,-0.22,-0.11
2014-03-13 03:21:00,41.854,0.4155087830631359,0,-0.11,-0.22,-0.11
2014-03-13 03:26:00,43.943999999999996,0.3232837023606561,0,-0.11,-0.22,-0.11
2014-03-13 03:31:00,43.708,0.3329686170470313,0,-0.11,-0.22,-0.11
2014-03-13 03:36:00,45.846000000000004,0.36172287093375904,0,-0.11,-0.22,-0.11
2014-03-13 03:41:00,46.571999999999996,0.3935543095891576,0,-0.11,-0.22,-0.11
2014-03-13 03:46:00,44.68600000000001,0.3119969286002761,0,-0.11,-0.22,-0.11
2014-03-13 03:51:00,41.878,0.4146621000070457,0,-0.11,-0.22,-0.11
2014-03-13 03:56:00,45.658,0.3528777076791095,0,-0.11,-0.22,-0.11
2014-03-13 04:01:00,43.878,0.3264819387555013,0,-0.11,-0.22,-0.11
2014-03-13 04:06:00,43.85,0.32741817011053004,0,-0.11,-0.22,-0.11
2014-03-13 04:11:00,45.256,0.3357598929334673,0,-0.11,-0.22,-0.11
2014-03-13 04:16:00,45.821999999999996,0.35970238780300084,0,-0.11,-0.22,-0.11
2014-03-13 04:21:00,43.403999999999996,0.3465528401701698,0,-0.11,-0.22,-0.11
2014-03-13 04:26:00,45.352,0.3398502992491857,0,-0.11,-0.22,-0.11
2014-03-13 04:31:00,41.06,0.4518680218960893,0,-0.11,-0.22,-0.11
2014-03-13 04:36:00,43.943999999999996,0.3233339437085317,0,-0.11,-0.22,-0.11
2014-03-13 04:41:00,43.873999999999995,0.32593372710064084,0,-0.11,-0.22,-0.11
2014-03-13 04:46:00,45.728,0.35683757574686353,0,-0.11,-0.22,-0.11
2014-03-13 04:51:00,41.95,0.4118960349221503,0,-0.11,-0.22,-0.11
2014-03-13 04:56:00,45.22,0.33493625074361666,0,-0.11,-0.22,-0.11
2014-03-13 05:01:00,45.496,0.3467320776687797,0,-0.11,-0.22,-0.11
2014-03-13 05:06:00,42.89,0.3689071223268043,0,-0.11,-0.22,-0.11
2014-03-13 05:11:00,45.306000000000004,0.3386702081726925,0,-0.11,-0.22,-0.11
2014-03-13 05:16:00,45.0,0.3255811467505025,0,-0.11,-0.22,-0.11
2014-03-13 05:21:00,44.648,0.3111384107841059,0,-0.11,-0.22,-0.11
2014-03-13 05:26:00,42.37600000000001,0.3922944844445608,0,-0.11,-0.22,-0.11
2014-03-13 05:31:00,43.92,0.324465912965604,0,-0.11,-0.22,-0.11
2014-03-13 05:36:00,44.474,0.30390967696308674,0,-0.11,-0.22,-0.11
2014-03-13 05:41:00,46.738,0.40199814375663706,0,-0.11,-0.22,-0.11
2014-03-13 05:46:00,42.69,0.3784149814403621,0,-0.11,-0.22,-0.11
2014-03-13 05:51:00,45.152,0.3315370605798099,0,-0.11,-0.22,-0.11
2014-03-13 05:56:00,44.083999999999996,0.3180796663709232,0,-0.11,-0.22,-0.11
2014-03-13 06:01:00,44.153999999999996,0.3152017094565309,0,-0.11,-0.22,-0.11
2014-03-13 06:06:00,46.924,0.4103316050748432,0,-0.11,-0.22,-0.11
2014-03-13 06:11:00,42.792,0.37447882703323226,0,-0.11,-0.22,-0.11
2014-03-13 06:16:00,45.13399999999999,0.3309019303836082,0,-0.11,-0.22,-0.11
2014-03-13 06:21:00,42.382,0.39263068937687146,0,-0.11,-0.22,-0.11
2014-03-13 06:26:00,45.68,0.3542712172375966,0,-0.11,-0.22,-0.11
2014-03-13 06:31:00,41.948,0.4122714161177208,0,-0.11,-0.22,-0.11
2014-03-13 06:36:00,44.178000000000004,0.3141566570120358,0,-0.11,-0.22,-0.11
2014-03-13 06:41:00,43.526,0.3416812602280088,0,-0.11,-0.22,-0.11
2014-03-13 06:46:00,43.943999999999996,0.32374569938033154,0,-0.11,-0.22,-0.11
2014-03-13 06:51:00,47.343999999999994,0.4296917093250349,0,-0.11,-0.22,-0.11
2014-03-13 06:56:00,43.593999999999994,0.3385312169115505,0,-0.11,-0.22,-0.11
2014-03-13 07:01:00,42.418,0.3904062270926236,0,-0.11,-0.22,-0.11
2014-03-13 07:06:00,44.083999999999996,0.31763345836357104,0,-0.11,-0.22,-0.11
2014-03-13 07:11:00,45.658,0.35358594354429657,0,-0.11,-0.22,-0.11
2014-03-13 07:16:00,44.096000000000004,0.3173765364426371,0,-0.11,-0.22,-0.11
2014-03-13 07:21:00,44.128,0.3161177872345169,0,-0.11,-0.22,-0.11
2014-03-13 07:26:00,43.592,0.338597580712716,0,-0.11,-0.22,-0.11
2014-03-13 07:31:00,44.88800000000001,0.3206813536061033,0,-0.11,-0.22,-0.11
2014-03-13 07:36:00,45.37600000000001,0.34110763186163284,0,-0.11,-0.22,-0.11
2014-03-13 07:41:00,44.24800000000001,0.31093888097876937,0,-0.11,-0.22,-0.11
2014-03-13 07:46:00,41.501999999999995,0.4356479760245388,0,-0.11,-0.22,-0.11
2014-03-13 07:51:00,43.598,0.33872626945233403,0,-0.11,-0.22,-0.11
2014-03-13 07:56:00,45.416000000000004,0.3437486034778132,0,-0.11,-0.22,-0.11
2014-03-13 08:01:00,44.32,0.3082941015081329,0,-0.11,-0.22,-0.11
2014-03-13 08:06:00,43.943999999999996,0.3241017001095117,0,-0.11,-0.22,-0.11
2014-03-13 08:11:00,48.428000000000004,0.4841728804013999,0,-0.11,-0.22,-0.11
2014-03-13 08:16:00,40.492,0.4826321329984791,0,-0.11,-0.22,-0.11
2014-03-13 08:21:00,43.873999999999995,0.3267873388726486,0,-0.11,-0.22,-0.11
2014-03-13 08:26:00,43.85,0.32780161090307536,0,-0.11,-0.22,-0.11
2014-03-13 08:31:00,46.22,0.37923647510979297,0,-0.11,-0.22,-0.11
2014-03-13 08:36:00,41.55,0.4319069576500458,0,-0.11,-0.22,-0.11
2014-03-13 08:41:00,45.306000000000004,0.3386521470999456,0,-0.11,-0.22,-0.11
2014-03-13 08:46:00,42.206,0.40039235992926503,0,-0.11,-0.22,-0.11
2014-03-13 08:51:00,44.83600000000001,0.3191313029593797,0,-0.11,-0.22,-0.11
2014-03-13 08:56:00,44.31,0.3084794547492405,0,-0.11,-0.22,-0.11
2014-03-13 09:01:00,44.23,0.31159080551475354,0,-0.11,-0.22,-0.11
2014-03-13 09:06:00,44.108000000000004,0.3165426611153655,0,-0.11,-0.22,-0.11
2014-03-13 09:11:00,45.938,0.3672075271028401,0,-0.11,-0.22,-0.11
2014-03-13 09:16:00,45.023999999999994,0.32717361056585353,0,-0.11,-0.22,-0.11
2014-03-13 09:21:00,40.931999999999995,0.4611039393723034,0,-0.11,-0.22,-0.11
2014-03-13 09:26:00,43.756,0.3312545885855964,0,-0.11,-0.22,-0.11
2014-03-13 09:31:00,44.95399999999999,0.32414201608112897,0,-0.11,-0.22,-0.11
2014-03-13 09:36:00,43.641999999999996,0.3362098678655959,0,-0.11,-0.22,-0.11
2014-03-13 09:41:00,47.276,0.4285312214223758,0,-0.11,-0.22,-0.11
2014-03-13 09:46:00,42.17,0.402970673311433,0,-0.11,-0.22,-0.11
2014-03-13 09:51:00,44.08600000000001,0.3178803708175219,0,-0.11,-0.22,-0.11
2014-03-13 09:56:00,45.211999999999996,0.33516176123331193,0,-0.11,-0.22,-0.11
2014-03-13 10:01:00,46.478,0.39121105369283227,0,-0.11,-0.22,-0.11
2014-03-13 10:06:00,41.244,0.4465267437697992,0,-0.11,-0.22,-0.11
2014-03-13 10:11:00,47.09,0.4187321438674295,0,-0.11,-0.22,-0.11
2014-03-13 10:16:00,43.028,0.3634988597158131,0,-0.11,-0.22,-0.11
2014-03-13 10:21:00,42.558,0.384866536589334,0,-0.11,-0.22,-0.11
2014-03-13 10:26:00,43.92,0.3242121773222545,0,-0.11,-0.22,-0.11
2014-03-13 10:31:00,43.716,0.33262414039078103,0,-0.11,-0.22,-0.11
2014-03-13 10:36:00,43.61600000000001,0.3368692708598693,0,-0.11,-0.22,-0.11
2014-03-13 10:41:00,45.798,0.3624185201045106,0,-0.11,-0.22,-0.11
2014-03-13 10:46:00,44.64,0.3131857423482253,0,-0.11,-0.22,-0.11
2014-03-13 10:51:00,42.348,0.39566156995806734,0,-0.11,-0.22,-0.11
2014-03-13 10:56:00,43.964,0.3218202717294088,0,-0.11,-0.22,-0.11
2014-03-13 11:01:00,44.71,0.3160375807348919,0,-0.11,-0.22,-0.11
2014-03-13 11:06:00,43.826,0.3276368358145725,0,-0.11,-0.22,-0.11
2014-03-13 11:11:00,47.09,0.42603180124145024,0,-0.11,-0.22,-0.11
2014-03-13 11:16:00,42.23,0.40079618852715604,0,-0.11,-0.22,-0.11
2014-03-13 11:21:00,44.202,0.31058883447001834,0,-0.11,-0.22,-0.11
2014-03-13 11:26:00,43.68600000000001,0.3327562783184569,0,-0.11,-0.22,-0.11
2014-03-13 11:31:00,47.62,0.4535948355674567,0,-0.11,-0.22,-0.11
2014-03-13 11:36:00,40.564,0.4814933994505332,0,-0.11,-0.22,-0.11
2014-03-13 11:41:00,45.598,0.356088455033828,0,-0.11,-0.22,-0.11
2014-03-13 11:46:00,44.053999999999995,0.31639090694543004,0,-0.11,-0.22,-0.11
2014-03-13 11:51:00,45.54,0.3534142061932862,0,-0.11,-0.22,-0.11
2014-03-13 11:56:00,43.826,0.3263695555170542,0,-0.11,-0.22,-0.11
2014-03-13 12:01:00,43.756,0.3289996992752344,0,-0.11,-0.22,-0.11
2014-03-13 12:06:00,45.141999999999996,0.33652930340585,0,-0.11,-0.22,-0.11
2014-03-13 12:11:00,44.226000000000006,0.30896116750067265,0,-0.11,-0.22,-0.11
2014-03-13 12:16:00,46.49800000000001,0.4004121844452085,0,-0.11,-0.22,-0.11
2014-03-13 12:21:00,42.958,0.3661785006390935,0,-0.11,-0.22,-0.11
2014-03-13 12:26:00,41.972,0.4130472325291683,0,-0.11,-0.22,-0.11
2014-03-13 12:31:00,43.802,0.3272156735396553,0,-0.11,-0.22,-0.11
2014-03-13 12:36:00,43.85,0.32490153973064945,0,-0.11,-0.22,-0.11
2014-03-13 12:41:00,43.85,0.3246998045470951,0,-0.11,-0.22,-0.11
2014-03-13 12:46:00,45.023999999999994,0.33196430320854514,0,-0.11,-0.22,-0.11
2014-03-13 12:51:00,44.36,0.3029548277580778,0,-0.11,-0.22,-0.11
2014-03-13 12:56:00,44.37600000000001,0.3035440437192517,0,-0.11,-0.22,-0.11
2014-03-13 13:01:00,43.99,0.318598774296704,0,-0.11,-0.22,-0.11
2014-03-13 13:06:00,45.51600000000001,0.35459343277825245,0,-0.11,-0.22,-0.11
2014-03-13 13:11:00,43.61600000000001,0.3354296188627738,0,-0.11,-0.22,-0.11
2014-03-13 13:16:00,44.36600000000001,0.30334601381620346,0,-0.11,-0.22,-0.11
2014-03-13 13:21:00,45.61600000000001,0.35887915493419176,0,-0.11,-0.22,-0.11
2014-03-13 13:26:00,43.43600000000001,0.34371919665846035,0,-0.11,-0.22,-0.11
2014-03-13 13:31:00,42.442,0.3900852909073387,0,-0.11,-0.22,-0.11
2014-03-13 13:36:00,44.9,0.32666459491972016,0,-0.11,-0.22,-0.11
2014-03-13 13:41:00,45.58600000000001,0.3574683774772381,0,-0.11,-0.22,-0.11
2014-03-13 13:46:00,44.062,0.3163094942042558,0,-0.11,-0.22,-0.11
2014-03-13 13:51:00,45.68,0.3620961372811397,0,-0.11,-0.22,-0.11
2014-03-13 13:56:00,43.623999999999995,0.3362758599871692,0,-0.11,-0.22,-0.11
2014-03-13 14:01:00,44.4,0.3045161337427677,0,-0.11,-0.22,-0.11
2014-03-13 14:06:00,42.724,0.3788419227498592,0,-0.11,-0.22,-0.11
2014-03-13 14:11:00,45.61,0.35933017914460263,0,-0.11,-0.22,-0.11
2014-03-13 14:16:00,45.47,0.3527543126308392,0,-0.11,-0.22,-0.11
2014-03-13 14:21:00,41.76,0.42624604713009095,0,-0.11,-0.22,-0.11
2014-03-13 14:26:00,44.36600000000001,0.30315720144256625,0,-0.11,-0.22,-0.11
2014-03-13 14:31:00,43.943999999999996,0.32119876631290245,0,-0.11,-0.22,-0.11
2014-03-13 14:36:00,44.882,0.3257968338873359,0,-0.11,-0.22,-0.11
2014-03-13 14:41:00,42.7,0.37931545161526,0,-0.11,-0.22,-0.11
2014-03-13 14:46:00,48.438,0.5003102973650088,0,-0.11,-0.22,-0.11
2014-03-13 14:51:00,39.611999999999995,0.5323772555703631,0,-0.11,-0.22,-0.11
2014-03-13 14:56:00,45.751999999999995,0.3647640278487805,0,-0.11,-0.22,-0.11
2014-03-13 15:01:00,44.108000000000004,0.3133482702575344,0,-0.11,-0.22,-0.11
2014-03-13 15:06:00,44.146,0.31175647475657897,0,-0.11,-0.22,-0.11
2014-03-13 15:11:00,46.96,0.42306490258340596,0,-0.11,-0.22,-0.11
2014-03-13 15:16:00,44.342,0.3037868771713732,0,-0.11,-0.22,-0.11
2014-03-13 15:21:00,41.972,0.4123918816933099,0,-0.11,-0.22,-0.11
2014-03-13 15:26:00,44.013999999999996,0.3177713948200713,0,-0.11,-0.22,-0.11
2014-03-13 15:31:00,43.708,0.331353750014928,0,-0.11,-0.22,-0.11
2014-03-13 15:36:00,44.724,0.3191157902714754,0,-0.11,-0.22,-0.11
2014-03-13 15:41:00,44.623999999999995,0.3145076436583483,0,-0.11,-0.22,-0.11
2014-03-13 15:46:00,45.846000000000004,0.36989643953802,0,-0.11,-0.22,-0.11
2014-03-13 15:51:00,43.348,0.34828389855141256,0,-0.11,-0.22,-0.11
2014-03-13 15:56:00,45.14,0.33698669750628724,0,-0.11,-0.22,-0.11
2014-03-13 16:01:00,45.118,0.3360642186204971,0,-0.11,-0.22,-0.11
2014-03-13 16:06:00,45.163999999999994,0.33832225761665397,0,-0.11,-0.22,-0.11
2014-03-13 16:11:00,48.662,0.5095466768642432,0,-0.11,-0.22,-0.11
2014-03-13 16:16:00,43.356,0.3481458247104418,0,-0.11,-0.22,-0.11
2014-03-13 16:21:00,47.111999999999995,0.4293970891430777,0,-0.11,-0.22,-0.11
2014-03-13 16:26:00,44.342,0.30504966081365936,0,-0.11,-0.22,-0.11
2014-03-13 16:31:00,43.522,0.3409862444488957,0,-0.11,-0.22,-0.11
2014-03-13 16:36:00,44.43,0.3048102534173057,0,-0.11,-0.22,-0.11
2014-03-13 16:41:00,46.878,0.4171610914097366,0,-0.11,-0.22,-0.11
2014-03-13 16:46:00,43.122,0.3592144291869044,0,-0.11,-0.22,-0.11
2014-03-13 16:51:00,44.53,0.3087638626914564,0,-0.11,-0.22,-0.11
2014-03-13 16:56:00,45.56399999999999,0.35437216058908244,0,-0.11,-0.22,-0.11
2014-03-13 17:01:00,45.258,0.3405214504654168,0,-0.11,-0.22,-0.11
2014-03-13 17:06:00,45.258,0.3405082967976609,0,-0.11,-0.22,-0.11
2014-03-13 17:11:00,45.06800000000001,0.33188785607035354,0,-0.11,-0.22,-0.11
2014-03-13 17:16:00,43.873999999999995,0.32575645075924603,0,-0.11,-0.22,-0.11
2014-03-13 17:21:00,45.798,0.3647630381170284,0,-0.11,-0.22,-0.11
2014-03-13 17:26:00,45.70399999999999,0.3601188813773037,0,-0.11,-0.22,-0.11
2014-03-13 17:31:00,45.501999999999995,0.3506100978778117,0,-0.11,-0.22,-0.11
2014-03-13 17:36:00,49.623999999999995,0.5507908980273551,0,-0.11,-0.22,-0.11
2014-03-13 17:41:00,43.428000000000004,0.3459772190881937,0,-0.11,-0.22,-0.11
2014-03-13 17:46:00,45.742,0.3598668977038829,0,-0.11,-0.22,-0.11
2014-03-13 17:51:00,48.052,0.4690014692555058,0,-0.11,-0.22,-0.11
2014-03-13 17:56:00,44.506,0.3055709810276848,0,-0.11,-0.22,-0.11
2014-03-13 18:01:00,45.61,0.3531873402480132,0,-0.11,-0.22,-0.11
2014-03-13 18:06:00,46.066,0.3735718746940773,0,-0.11,-0.22,-0.11
2014-03-13 18:11:00,50.37600000000001,0.580422796085069,0,-0.11,-0.22,-0.11
2014-03-13 18:16:00,42.452,0.3902556502009752,0,-0.11,-0.22,-0.11
2014-03-13 18:21:00,46.858000000000004,0.407738797146456,0,-0.11,-0.22,-0.11
2014-03-13 18:26:00,45.422,0.3426750431232458,0,-0.11,-0.22,-0.11
2014-03-13 18:31:00,45.44600000000001,0.3434691691494545,0,-0.11,-0.22,-0.11
2014-03-13 18:36:00,48.31,0.475165308986768,0,-0.11,-0.22,-0.11
2014-03-13 18:41:00,45.03,0.3249410326533145,0,-0.11,-0.22,-0.11
2014-03-13 18:46:00,46.092,0.3707419033218314,0,-0.11,-0.22,-0.11
2014-03-13 18:51:00,44.976000000000006,0.32243372544993865,0,-0.11,-0.22,-0.11
2014-03-13 18:56:00,47.64,0.4409149070419875,0,-0.11,-0.22,-0.11
2014-03-13 19:01:00,46.282,0.3783884192718102,0,-0.11,-0.22,-0.11
2014-03-13 19:06:00,46.04,0.36732167276885785,0,-0.11,-0.22,-0.11
2014-03-13 19:11:00,49.518,0.5283396922527327,0,-0.11,-0.22,-0.11
2014-03-13 19:16:00,44.04600000000001,0.32260679962419125,0,-0.11,-0.22,-0.11
2014-03-13 19:21:00,48.416000000000004,0.4732712407643621,0,-0.11,-0.22,-0.11
2014-03-13 19:26:00,43.216,0.3576847827132307,0,-0.11,-0.22,-0.11
2014-03-13 19:31:00,45.798,0.35403036279038586,0,-0.11,-0.22,-0.11
2014-03-13 19:36:00,46.45,0.38280114148571776,0,-0.11,-0.22,-0.11
2014-03-13 19:41:00,48.943999999999996,0.4961011275789986,0,-0.11,-0.22,-0.11
2014-03-13 19:46:00,43.99,0.326891770622412,0,-0.11,-0.22,-0.11
2014-03-13 19:51:00,45.846000000000004,0.35494845426438626,0,-0.11,-0.22,-0.11
2014-03-13 19:56:00,47.69,0.4367683273964705,0,-0.11,-0.22,-0.11
2014-03-13 20:01:00,46.978,0.4037149811569067,0,-0.11,-0.22,-0.11
2014-03-13 20:06:00,47.184,0.41262196995073946,0,-0.11,-0.22,-0.11
2014-03-13 20:11:00,44.672,0.30518088482315625,0,-0.11,-0.22,-0.11
2014-03-13 20:16:00,45.868,0.35461508500067473,0,-0.11,-0.22,-0.11
2014-03-13 20:21:00,45.26,0.3287748634721189,0,-0.11,-0.22,-0.11
2014-03-13 20:26:00,45.728,0.34815136297123783,0,-0.11,-0.22,-0.11
2014-03-13 20:31:00,47.16,0.4105223674778362,0,-0.11,-0.22,-0.11
2014-03-13 20:36:00,44.93,0.3148091830386571,0,-0.11,-0.22,-0.11
2014-03-13 20:41:00,44.976000000000006,0.31646859492931995,0,-0.11,-0.22,-0.11
2014-03-13 20:46:00,45.604,0.34228750437827604,0,-0.11,-0.22,-0.11
2014-03-13 20:51:00,48.004,0.4483382985848035,0,-0.11,-0.22,-0.11
2014-03-13 20:56:00,44.062,0.3265178955850777,0,-0.11,-0.22,-0.11
2014-03-13 21:01:00,46.548,0.3818104176418344,0,-0.11,-0.22,-0.11
2014-03-13 21:06:00,43.968,0.3302923733582619,0,-0.11,-0.22,-0.11
2014-03-13 21:11:00,48.732,0.4804551291575028,0,-0.11,-0.22,-0.11
2014-03-13 21:16:00,47.794,0.43613379331669466,0,-0.11,-0.22,-0.11
2014-03-13 21:21:00,43.943999999999996,0.33176790840319115,0,-0.11,-0.22,-0.11
2014-03-13 21:26:00,46.181999999999995,0.3645405685473317,0,-0.11,-0.22,-0.11
2014-03-13 21:31:00,47.648,0.43038639172943294,0,-0.11,-0.22,-0.11
2014-03-13 21:36:00,44.824,0.3085072854184405,0,-0.11,-0.22,-0.11
2014-03-13 21:41:00,47.512,0.4232684276550354,0,-0.11,-0.22,-0.11
2014-03-13 21:46:00,45.666000000000004,0.3421252042144545,0,-0.11,-0.22,-0.11
2014-03-13 21:51:00,47.33600000000001,0.4147142079150879,0,-0.11,-0.22,-0.11
2014-03-13 21:56:00,46.482,0.37634658540924,0,-0.11,-0.22,-0.11
2014-03-13 22:01:00,49.254,0.5015042144230673,0,-0.11,-0.22,-0.11
2014-03-13 22:06:00,44.21,0.3225690054241321,0,-0.11,-0.22,-0.11
2014-03-13 22:11:00,47.898,0.4376477066001637,0,-0.11,-0.22,-0.11
2014-03-13 22:16:00,46.33,0.3679861874050269,0,-0.11,-0.22,-0.11
2014-03-13 22:21:00,47.7,0.4274362375135843,0,-0.11,-0.22,-0.11
2014-03-13 22:26:00,44.742,0.3031197464082922,0,-0.11,-0.22,-0.11
2014-03-13 22:31:00,48.592,0.4662027319681342,0,-0.11,-0.22,-0.11
2014-03-13 22:36:00,44.6,0.3085961664998268,0,-0.11,-0.22,-0.11
2014-03-13 22:41:00,44.062,0.32980194174356364,0,-0.11,-0.22,-0.11
2014-03-13 22:46:00,46.408,0.3696861946913385,0,-0.11,-0.22,-0.11
2014-03-13 22:51:00,45.63399999999999,0.3376424410751453,0,-0.11,-0.22,-0.11
2014-03-13 22:56:00,49.43600000000001,0.5025976185555594,0,-0.11,-0.22,-0.11
2014-03-13 23:01:00,44.6,0.3092475297167445,0,-0.11,-0.22,-0.11
2014-03-13 23:06:00,48.052,0.4402839207367468,0,-0.11,-0.22,-0.11
2014-03-13 23:11:00,45.728,0.3403141486230027,0,-0.11,-0.22,-0.11
2014-03-13 23:16:00,47.324,0.4072011438278467,0,-0.11,-0.22,-0.11
2014-03-13 23:21:00,44.95399999999999,0.3095649088986867,0,-0.11,-0.22,-0.11
2014-03-13 23:26:00,45.70399999999999,0.33895202726546986,0,-0.11,-0.22,-0.11
2014-03-13 23:31:00,47.91,0.4320787992221569,0,-0.11,-0.22,-0.11
2014-03-13 23:36:00,42.27,0.4059511613410112,0,-0.11,-0.22,-0.11
2014-03-13 23:41:00,45.67,0.33684080364130364,0,-0.11,-0.22,-0.11
2014-03-13 23:46:00,44.226000000000006,0.3250383089030125,0,-0.11,-0.22,-0.11
2014-03-13 23:51:00,44.93,0.30806581896961,0,-0.11,-0.22,-0.11
2014-03-13 23:56:00,46.361999999999995,0.3649678335097032,0,-0.11,-0.22,-0.11
2014-03-14 00:01:00,45.961999999999996,0.34836849533688313,0,-0.11,-0.22,-0.11
2014-03-14 00:06:00,44.983999999999995,0.3097997235941237,0,-0.11,-0.22,-0.11
2014-03-14 00:11:00,44.553999999999995,0.3131325714559197,0,-0.11,-0.22,-0.11
2014-03-14 00:16:00,44.928000000000004,0.3073004581179991,0,-0.11,-0.22,-0.11
2014-03-14 00:21:00,44.623999999999995,0.3103776205665702,0,-0.11,-0.22,-0.11
2014-03-14 00:26:00,43.708,0.34706220290877426,0,-0.11,-0.22,-0.11
2014-03-14 00:31:00,46.268,0.361063277166785,0,-0.11,-0.22,-0.11
2014-03-14 00:36:00,42.348,0.4050150912873177,0,-0.11,-0.22,-0.11
2014-03-14 00:41:00,43.806000000000004,0.3426250790454345,0,-0.11,-0.22,-0.11
2014-03-14 00:46:00,43.896,0.33938744787903885,0,-0.11,-0.22,-0.11
2014-03-14 00:51:00,48.802,0.4738433674356837,0,-0.11,-0.22,-0.11
2014-03-14 00:56:00,42.394,0.4033626636123823,0,-0.11,-0.22,-0.11
2014-03-14 01:01:00,44.178000000000004,0.3279875062124732,0,-0.11,-0.22,-0.11
2014-03-14 01:06:00,45.75,0.3395948951813527,0,-0.11,-0.22,-0.11
2014-03-14 01:11:00,43.68600000000001,0.3481448142384248,0,-0.11,-0.22,-0.11
2014-03-14 01:16:00,44.93,0.3074542656265754,0,-0.11,-0.22,-0.11
2014-03-14 01:21:00,44.178000000000004,0.3285640737221405,0,-0.11,-0.22,-0.11
2014-03-14 01:26:00,45.306000000000004,0.3217969003049364,0,-0.11,-0.22,-0.11
2014-03-14 01:31:00,42.17,0.41420605682953937,0,-0.11,-0.22,-0.11
2014-03-14 01:36:00,48.562,0.4645976742066015,0,-0.11,-0.22,-0.11
2014-03-14 01:41:00,40.774,0.4781847894392579,0,-0.11,-0.22,-0.11
2014-03-14 01:46:00,44.29600000000001,0.3237168957266572,0,-0.11,-0.22,-0.11
2014-03-14 01:51:00,43.873999999999995,0.3405806482789909,0,-0.11,-0.22,-0.11
2014-03-14 01:56:00,45.854,0.3439821208893177,0,-0.11,-0.22,-0.11
2014-03-14 02:01:00,45.44600000000001,0.32732889403371496,0,-0.11,-0.22,-0.11
2014-03-14 02:06:00,43.192,0.3697286315522619,0,-0.11,-0.22,-0.11
2014-03-14 02:11:00,47.114,0.39764022621695855,0,-0.11,-0.22,-0.11
2014-03-14 02:16:00,42.184,0.4131738285679775,0,-0.11,-0.22,-0.11
2014-03-14 02:21:00,46.571999999999996,0.37412541263684185,0,-0.11,-0.22,-0.11
2014-03-14 02:26:00,41.408,0.4484991334104261,0,-0.11,-0.22,-0.11
2014-03-14 02:31:00,44.342,0.32196990651492746,0,-0.11,-0.22,-0.11
2014-03-14 02:36:00,45.68,0.336420300009001,0,-0.11,-0.22,-0.11
2014-03-14 02:41:00,44.508,0.3157274166917877,0,-0.11,-0.22,-0.11
2014-03-14 02:46:00,42.136,0.415195422408118,0,-0.11,-0.22,-0.11
2014-03-14 02:51:00,44.202,0.3271016426900508,0,-0.11,-0.22,-0.11
2014-03-14 02:56:00,46.08,0.3533316666928626,0,-0.11,-0.22,-0.11
2014-03-14 03:01:00,45.0,0.30954176053595434,0,-0.11,-0.22,-0.11
2014-03-14 03:06:00,47.111999999999995,0.3979887222630299,0,-0.11,-0.22,-0.11
2014-03-14 03:11:00,46.153999999999996,0.3561161976441269,0,-0.11,-0.22,-0.11
2014-03-14 03:16:00,41.268,0.4563114682303482,0,-0.11,-0.22,-0.11
2014-03-14 03:21:00,43.41,0.3604913285882664,0,-0.11,-0.22,-0.11
2014-03-14 03:26:00,44.108000000000004,0.33200209556686383,0,-0.11,-0.22,-0.11
2014-03-14 03:31:00,44.46,0.3177315617340379,1,1.0,1.0,1.0
2014-03-14 03:36:00,45.104,0.3131529567064367,1,0.9994916402083598,0.9994916402083598,0.9994916402083598
2014-03-14 03:41:00,49.268,0.4950201164203127,1,0.9989643705901736,0.9989643705901736,0.9989643705901737
2014-03-14 03:46:00,42.254,0.4117030622962597,1,0.9984174982820102,0.9984174982820102,0.9984174982820102
2014-03-14 03:51:00,45.14,0.31399666261395703,1,0.9978503058372932,0.9978503058372932,0.9978503058372932
2014-03-14 03:56:00,47.16,0.39780473836416735,1,0.9972620504155558,0.9972620504155558,0.997262050415556
2014-03-14 04:01:00,41.38399999999999,0.4502576988386846,1,0.9966519629497368,0.9966519629497368,0.9966519629497367
2014-03-14 04:06:00,44.108000000000004,0.3325226825981156,1,0.9960192472912966,0.9960192472912966,0.9960192472912966
2014-03-14 04:11:00,47.63,0.4181483945523303,1,0.9953630793329976,0.9953630793329976,0.9953630793329976
2014-03-14 04:16:00,42.254,0.4105157432517209,1,0.9946826061092024,0.9946826061092024,0.9946826061092024
2014-03-14 04:21:00,43.858000000000004,0.34210001135042906,1,0.9939769448736142,0.9939769448736142,0.9939769448736142
2014-03-14 04:26:00,43.846000000000004,0.34301858841132865,1,0.9932451821544114,0.9932451821544114,0.9932451821544114
2014-03-14 04:31:00,44.976000000000006,0.30734447086834377,1,0.9924863727868002,0.9924863727868002,0.9924863727868002
2014-03-14 04:36:00,42.746,0.38931330326091707,1,0.9916995389230512,0.9916995389230512,0.9916995389230513
2014-03-14 04:41:00,45.996,0.3481009313158282,1,0.9908836690201672,0.9908836690201672,0.9908836690201672
2014-03-14 04:46:00,42.84,0.3846781701759368,1,0.990037716805386,0.990037716805386,0.990037716805386
2014-03-14 04:51:00,42.88800000000001,0.3822019601312205,1,0.9891606002198192,0.9891606002198192,0.9891606002198191
2014-03-14 04:56:00,45.58600000000001,0.3317294568229301,1,0.9882512003405886,0.9882512003405886,0.9882512003405886
2014-03-14 05:01:00,44.178000000000004,0.3291805842610752,1,0.9873083602819422,0.9873083602819422,0.9873083602819422
2014-03-14 05:06:00,45.306000000000004,0.320585037728961,1,0.9863308840759096,0.9863308840759096,0.9863308840759097
2014-03-14 05:11:00,46.12600000000001,0.35350971717879,1,0.9853175355331834,0.9853175355331834,0.9853175355331834
2014-03-14 05:16:00,42.726000000000006,0.38985092859361703,1,0.9842670370850216,0.9842670370850216,0.9842670370850216
2014-03-14 05:21:00,44.238,0.32668399524296904,1,0.983178068607105,0.983178068607105,0.983178068607105
2014-03-14 05:26:00,44.43600000000001,0.3189994367757588,1,0.9820492662264082,0.9820492662264082,0.9820492662264082
2014-03-14 05:31:00,46.38,0.3642965317247299,1,0.9808792211123092,0.9808792211123092,0.9808792211123092
2014-03-14 05:36:00,44.508,0.31683959247724885,1,0.979666478253318,0.9796664782533179,0.979666478253318
2014-03-14 05:41:00,47.09,0.3942269156192208,1,0.9784095352209649,0.9784095352209649,0.9784095352209647
2014-03-14 05:46:00,45.258,0.3176673784252255,1,0.9771068409226044,0.9771068409226044,0.9771068409226045
2014-03-14 05:51:00,42.292,0.409880431333708,1,0.9757567943450624,0.9757567943450624,0.9757567943450624
2014-03-14 05:56:00,46.032,0.3489118799573191,1,0.9743577432912788,0.9743577432912788,0.9743577432912787
2014-03-14 06:01:00,44.693999999999996,0.3101440472409967,1,0.9729079831123338,0.9729079831123338,0.9729079831123338
2014-03-14 06:06:00,44.718,0.3091105519203677,1,0.9714057554374759,0.971405755437476,0.9714057554374759
2014-03-14 06:11:00,46.08,0.35071616367329783,1,0.9698492469050356,0.9698492469050356,0.9698492469050356
2014-03-14 06:16:00,49.976000000000006,0.5228565184495552,1,0.968236587897382,0.9682365878973821,0.968236587897382
2014-03-14 06:21:00,38.216,0.5906511974987116,1,0.9665658512833846,0.9665658512833846,0.9665658512833846
2014-03-14 06:26:00,44.718,0.3090564270980876,1,0.9648350511721188,0.9648350511721188,0.9648350511721188
2014-03-14 06:31:00,46.04600000000001,0.34760653458147417,1,0.9630421416819341,0.963042141681934,0.9630421416819341
2014-03-14 06:36:00,46.184,0.3528470722834836,1,0.9611850157292924,0.9611850157292924,0.9611850157292924
2014-03-14 06:41:00,45.04600000000001,0.3083023370581956,1,0.9592615038422002,0.9592615038422002,0.9592615038422002
2014-03-14 06:46:00,44.18,0.33027931738148203,1,0.9572693730034064,0.9572693730034064,0.9572693730034064
2014-03-14 06:51:00,46.104,0.3495747632693639,1,0.9552063255289632,0.9552063255289632,0.9552063255289633
2014-03-14 06:56:00,45.34,0.319402656593818,1,0.9530699979881596,0.9530699979881596,0.9530699979881596
2014-03-14 07:01:00,43.321999999999996,0.3651701293726684,1,0.9508579601712844,0.9508579601712844,0.9508579601712845
2014-03-14 07:06:00,47.111999999999995,0.3907592021037185,1,0.9485677141121426,0.9485677141121426,0.9485677141121426
2014-03-14 07:11:00,43.01600000000001,0.3775988194582275,1,0.9461966931727138,0.9461966931727138,0.9461966931727138
2014-03-14 07:16:00,46.292,0.3568517606839017,1,0.9437422611978667,0.9437422611978667,0.9437422611978669
2014-03-14 07:21:00,42.418,0.402838973873068,1,0.9412017117485396,0.9412017117485396,0.9412017117485397
2014-03-14 07:26:00,43.972,0.339030344247162,1,0.9385722674223378,0.9385722674223378,0.9385722674223378
2014-03-14 07:31:00,43.896,0.341808738380008,1,0.935851079271065,0.935851079271065,0.935851079271065
2014-03-14 07:36:00,46.15,0.35106396444720184,1,0.9330352263252484,0.9330352263252484,0.9330352263252485
2014-03-14 07:41:00,44.413999999999994,0.3221326238765014,1,0.9301217152363074,0.9301217152363074,0.9301217152363074
2014-03-14 07:46:00,45.916000000000004,0.3413236745088256,1,0.9271074800476099,0.92710748004761,0.9271074800476101
2014-03-14 07:51:00,45.093999999999994,0.3091558434348915,1,0.9239893821062528,0.9239893821062529,0.923989382106253
2014-03-14 07:56:00,43.24,0.3693677620247176,1,0.9207642101279958,0.9207642101279958,0.9207642101279958
2014-03-14 08:01:00,44.29600000000001,0.3268136504298748,1,0.917428680428408,0.917428680428408,0.9174286804284079
2014-03-14 08:06:00,44.192,0.33121214574431723,1,0.9139794373338659,0.913979437333866,0.9139794373338659
2014-03-14 08:11:00,46.714,0.3739455824623712,1,0.9104130537866604,0.9104130537866604,0.9104130537866603
2014-03-14 08:16:00,44.508,0.3190104254236515,1,0.9067260321590368,0.9067260321590368,0.9067260321590368
2014-03-14 08:21:00,42.206,0.4136465012590288,1,0.90291480529159,0.90291480529159,0.9029148052915901
2014-03-14 08:26:00,43.968,0.3398944105447918,1,0.898975737771963,0.898975737771963,0.898975737771963
2014-03-14 08:31:00,43.756,0.34844106929000584,1,0.894905127470338,0.894905127470338,0.894905127470338
2014-03-14 08:36:00,46.38399999999999,0.36020463067988845,1,0.8906992073486849,0.8906992073486849,0.8906992073486849
2014-03-14 08:41:00,41.268,0.4536337522218402,1,0.8863541475611811,0.8863541475611811,0.8863541475611811
2014-03-14 08:46:00,45.513999999999996,0.32560226537737746,1,0.8818660578636075,0.8818660578636075,0.8818660578636075
2014-03-14 08:51:00,43.356,0.3646823319806988,1,0.8772309903498503,0.8772309903498503,0.8772309903498503
2014-03-14 08:56:00,44.508,0.3188668702872815,1,0.8724449425339085,0.8724449425339085,0.8724449425339085
2014-03-14 09:01:00,44.108000000000004,0.33429949680508364,1,0.8675038607959698,0.8675038607959698,0.8675038607959698
2014-03-14 09:06:00,30.482,0.8480768797615424,1,0.8624036442112094,0.8624036442112094,0.8624036442112094
2014-03-14 09:11:00,51.6,0.5630885921486122,1,0.8571401487799415,0.8571401487799415,0.8571401487799415
2014-03-14 09:16:00,40.61,0.4626732207531894,1,0.8517091920776085,0.8517091920776085,0.8517091920776085
2014-03-14 09:21:00,39.906,0.4908116520369139,1,0.8461065583428186,0.8461065583428186,0.8461065583428186
2014-03-14 09:26:00,44.426,0.3182555402122815,1,0.8403280040212302,0.8403280040212302,0.8403280040212302
2014-03-14 09:31:00,43.49800000000001,0.35104107698175,1,0.8343692637824861,0.8343692637824861,0.8343692637824861
2014-03-14 09:36:00,42.88800000000001,0.37302010880578296,1,0.8282260570266565,0.8282260570266565,0.8282260570266565
2014-03-14 09:41:00,46.526,0.3609823771575733,1,0.8218940948956993,0.8218940948956993,0.8218940948956993
2014-03-14 09:46:00,43.076,0.36650966364045867,1,0.8153690878042898,0.8153690878042898,0.8153690878042898
2014-03-14 09:51:00,44.202,0.3262325236624267,1,0.8086467535030061,0.8086467535030061,0.8086467535030061
2014-03-14 09:56:00,46.854,0.3729295186908204,1,0.8017228256852462,0.8017228256852462,0.8017228256852462
2014-03-14 10:01:00,42.25,0.3977863410255938,1,0.7945930631473939,0.7945930631473939,0.7945930631473939
2014-03-14 10:06:00,43.92,0.3360150462306954,1,0.7872532595096391,0.7872532595096391,0.7872532595096391
2014-03-14 10:11:00,45.68,0.3302845537785956,1,0.7796992535024583,0.7796992535024583,0.7796992535024583
2014-03-14 10:16:00,45.14,0.3116925981824093,1,0.7719269398210883,0.7719269398210883,0.7719269398210883
2014-03-14 10:21:00,42.77,0.3777200084708641,1,0.763932280547359,0.763932280547359,0.763932280547359
2014-03-14 10:26:00,45.938,0.3393410765729541,1,0.7557113171349604,0.7557113171349604,0.7557113171349604
2014-03-14 10:31:00,42.3,0.3962875073233489,1,0.7472601829506718,0.7472601829506718,0.7472601829506718
2014-03-14 10:36:00,44.42,0.31874012576794986,1,0.7385751163601697,0.7385751163601697,0.7385751163601697
2014-03-14 10:41:00,43.61600000000001,0.3471553343692048,1,0.7296524743428614,0.7296524743428614,0.7296524743428614
2014-03-14 10:46:00,43.85,0.3384136615298017,1,0.7204887466156928,0.7204887466156928,0.7204887466156928
2014-03-14 10:51:00,43.756,0.3420619432764969,1,0.7110805702411132,0.7110805702411132,0.7110805702411132
2014-03-14 10:56:00,48.99,0.4553967543479274,1,0.7014247446893246,0.7014247446893246,0.7014247446893246
2014-03-14 11:01:00,40.704,0.4574658381378158,1,0.6915182473196357,0.6915182473196357,0.6915182473196357
2014-03-14 11:06:00,44.623999999999995,0.3112925872828181,1,0.6813582492402155,0.6813582492402155,0.6813582492402155
2014-03-14 11:11:00,44.678000000000004,0.3098870382003413,1,0.6709421314997975,0.6709421314997975,0.6709421314997975
2014-03-14 11:16:00,44.623999999999995,0.3114589859002153,1,0.6602675015589978,0.6602675015589978,0.6602675015589978
2014-03-14 11:21:00,43.756,0.34192346162669657,1,0.6493322099828867,0.6493322099828867,0.6493322099828867
2014-03-14 11:26:00,45.9,0.33799494894299603,1,0.638134367290376,0.638134367290376,0.638134367290376
2014-03-14 11:31:00,43.286,0.3593667208762298,1,0.6266723608898802,0.6266723608898802,0.6266723608898802
2014-03-14 11:36:00,43.31,0.35841094517804073,1,0.6149448720246494,0.6149448720246494,0.6149448720246494
2014-03-14 11:41:00,45.24800000000001,0.31506899501796404,1,0.6029508926452573,0.6029508926452573,0.6029508926452573
2014-03-14 11:46:00,44.202,0.3264322545757031,1,0.5906897421209495,0.5906897421209495,0.5906897421209495
2014-03-14 11:51:00,46.996,0.37789343556505,1,0.5781610836961159,0.5781610836961159,0.5781610836961159
2014-03-14 11:56:00,44.788000000000004,0.3067899918988571,1,0.5653649405929949,0.5653649405929949,0.5653649405929949
2014-03-14 12:01:00,42.442,0.391292929245344,1,0.5523017116570637,0.5523017116570637,0.5523017116570637
2014-03-14 12:06:00,44.27,0.32435483890797784,1,0.5389721864374021,0.5389721864374021,0.538972186437402
2014-03-14 12:11:00,47.066,0.3799835654429657,1,0.5253775595908061,0.5253775595908061,0.525377559590806
2014-03-14 12:16:00,43.122,0.365520939633673,1,0.511519444495621,0.511519444495621,0.511519444495621
2014-03-14 12:21:00,44.108000000000004,0.3302137127993001,1,0.4973998859592732,0.4973998859592732,0.49739988595927315
2014-03-14 12:26:00,45.868,0.3363020260799549,1,0.4830213719023872,0.4830213719023872,0.48302137190238714
2014-03-14 12:31:00,42.254,0.3985466095952084,1,0.4683868439022781,0.4683868439022781,0.46838684390227814
2014-03-14 12:36:00,46.722,0.3676366166334051,1,0.4534997064795577,0.4534997064795577,0.4534997064795577
2014-03-14 12:41:00,41.198,0.4403499684224358,1,0.4383638350137045,0.4383638350137045,0.43836383501370446
2014-03-14 12:46:00,44.978,0.30567401709028225,1,0.4229835821767288,0.4229835821767288,0.4229835821767288
2014-03-14 12:51:00,45.184,0.3125687252671239,1,0.4073637827786048,0.4073637827786048,0.40736378277860474
2014-03-14 12:56:00,43.732,0.3435070344986572,1,0.39150975692396656,0.39150975692396656,0.39150975692396656
2014-03-14 13:01:00,44.226000000000006,0.3259939542258227,1,0.3754273113866632,0.3754273113866632,0.37542731138666324
2014-03-14 13:06:00,42.306000000000004,0.3963919404133518,1,0.35912273911719583,0.35912273911719583,0.35912273911719583
2014-03-14 13:11:00,45.37600000000001,0.31945755688703475,1,0.3426028168077435,0.3426028168077435,0.3426028168077435
2014-03-14 13:16:00,44.356,0.32128606865782033,1,0.32587480045042594,0.32587480045042594,0.32587480045042594
2014-03-14 13:21:00,47.162,0.3841705935039537,1,0.30894641883657364,0.30894641883657364,0.30894641883657364
2014-03-14 13:26:00,43.428000000000004,0.3544874727475003,1,0.2918258649579981,0.2918258649579981,0.29182586495799806
2014-03-14 13:31:00,41.456,0.4294506021576829,1,0.27452178528549,0.27452178528549,0.27452178528549
2014-03-14 13:36:00,44.618,0.3124053968899897,1,0.25704326691488866,0.25704326691488866,0.25704326691488866
2014-03-14 13:41:00,45.352,0.3182625846748718,1,0.23939982258691625,0.23939982258691625,0.23939982258691622
2014-03-14 13:46:00,46.056000000000004,0.3428017344403321,1,0.22160137360340984,0.22160137360340984,0.22160137360340984
2014-03-14 13:51:00,42.476000000000006,0.3899704271833455,1,0.2036582306794268,0.2036582306794268,0.20365823067942682
2014-03-14 13:56:00,47.16,0.3831636197386324,1,0.1855810727877459,0.1855810727877459,0.1855810727877459
2014-03-14 14:01:00,43.146,0.3648650001222839,1,0.16738092406935995,0.16738092406935995,0.16738092406935995
2014-03-14 14:06:00,44.172,0.3280683510054859,1,0.14906912890041146,0.14906912890041146,0.14906912890041144
2014-03-14 14:11:00,48.356,0.42833285092847456,1,0.13065732522247314,0.13065732522247314,0.13065732522247314
2014-03-14 14:16:00,43.24,0.3614536583016776,1,0.11215741625888524,0.11215741625888524,0.11215741625888523
2014-03-14 14:21:00,42.254,0.3977119231915493,1,0.09358154075482894,0.09358154075482894,0.09358154075482894
2014-03-14 14:26:00,43.99,0.33407308699456034,1,0.07494204189271432,0.07494204189271432,0.07494204189271432
2014-03-14 14:31:00,45.198,0.31263870482693423,1,0.05625143504712137,0.056251435047121365,0.05625143504712136
2014-03-14 14:36:00,42.676,0.3819629966430853,1,0.03752237455474168,0.03752237455474168,0.03752237455474168
2014-03-14 14:41:00,46.268,0.34972415793541783,1,0.01876761968438683,0.01876761968438683,0.01876761968438683
2014-03-14 14:46:00,41.762,0.4159113843408679,0,-0.002052000729431823,-0.004104001458863646,-0.002052000729431823
2014-03-14 14:51:00,43.873999999999995,0.3379580642810877,0,-0.00410257379471745,-0.0082051475894349,-0.00410257379471745
2014-03-14 14:56:00,47.184,0.3831396757962127,0,-0.006150295502094846,-0.012300591004189692,-0.006150295502094846
2014-03-14 15:01:00,42.254,0.3967555520084076,0,-0.00819375007512969,-0.01638750015025938,-0.00819375007512969
2014-03-14 15:06:00,47.16,0.38176697148205535,0,-0.0102315335550143,-0.0204630671100286,-0.010231533555014301
2014-03-14 15:11:00,42.37,0.3924731003188712,0,-0.012262257631489849,-0.024524515262979697,-0.012262257631489849
2014-03-14 15:16:00,44.72,0.3090973361483447,0,-0.014284553382355382,-0.028569106764710764,-0.014284553382355382
2014-03-14 15:21:00,44.202,0.32644881268425857,0,-0.016297074900441376,-0.03259414980088275,-0.016297074900441376
2014-03-14 15:26:00,44.052,0.33197253813367844,0,-0.018298502788038767,-0.036597005576077535,-0.01829850278803877
2014-03-14 15:31:00,44.32,0.32273885170201394,0,-0.02028754750007496,-0.04057509500014991,-0.020287547500074957
2014-03-14 15:36:00,43.56800000000001,0.348913354775976,0,-0.02226295251879283,-0.04452590503758566,-0.02226295251879283
2014-03-14 15:41:00,47.394,0.3902556638712982,0,-0.02422349734429852,-0.04844699468859704,-0.02422349734429852
2014-03-14 15:46:00,40.61,0.4596186431858965,0,-0.02616800028707451,-0.05233600057414901,-0.026168000287074507
2014-03-14 15:51:00,42.88800000000001,0.37257152587847375,0,-0.02809532105038195,-0.0561906421007639,-0.02809532105038195
2014-03-14 15:56:00,46.174,0.3463579014255413,0,-0.0300043630923749,-0.0600087261847498,-0.0300043630923749
2014-03-14 16:01:00,44.43600000000001,0.3188449332435798,0,-0.03189407575969465,-0.06378815151938931,-0.031894075759694655
2014-03-14 16:06:00,45.071999999999996,0.3082875633250051,0,-0.033763456186278955,-0.06752691237255791,-0.033763456186278955
2014-03-14 16:11:00,47.348,0.3888817344967908,0,-0.035611550953082424,-0.07122310190616485,-0.035611550953082424
2014-03-14 16:16:00,43.176,0.36332538659331903,0,-0.037437457506341296,-0.07487491501268259,-0.037437457506341296
2014-03-14 16:21:00,44.36600000000001,0.3212613254697382,0,-0.03924032533390047,-0.07848065066780094,-0.03924032533390047
2014-03-14 16:26:00,48.184,0.4203995033816795,0,-0.041019356900937935,-0.08203871380187587,-0.04101935690093794
2014-03-14 16:31:00,41.224,0.4369925265275235,0,-0.04277380834814901,-0.08554761669629803,-0.04277380834814901
2014-03-14 16:36:00,44.90600000000001,0.3035736755770472,0,-0.044502989957076695,-0.08900597991415339,-0.044502989957076695
2014-03-14 16:41:00,45.812,0.33283146087536064,0,-0.04620626638877949,-0.09241253277755897,-0.04620626638877948
2014-03-14 16:46:00,42.324,0.394640919909588,0,-0.04788305670340276,-0.09576611340680552,-0.04788305670340276
2014-03-14 16:51:00,44.178000000000004,0.3277415097090797,0,-0.049532834169457536,-0.09906566833891507,-0.049532834169457536
2014-03-14 16:56:00,45.924,0.336828796550562,0,-0.05115512587270017,-0.10231025174540033,-0.05115512587270016
2014-03-14 17:01:00,45.63399999999999,0.3267406185964927,0,-0.05274951213545048,-0.10549902427090097,-0.052749512135450476
2014-03-14 17:06:00,42.88800000000001,0.3735651639354768,0,-0.05431562575797611,-0.10863125151595222,-0.05431562575797611
2014-03-14 17:11:00,47.738,0.4022842175596157,0,-0.05585315109421235,-0.1117063021884247,-0.05585315109421235
2014-03-14 17:16:00,45.258,0.3143308862414785,0,-0.057361822974580326,-0.11472364594916068,-0.05736182297458033
2014-03-14 17:21:00,41.854,0.4118568558928741,0,-0.058841425489016275,-0.11768285097803255,-0.05884142548901628
2014-03-14 17:26:00,46.128,0.34453500281394506,0,-0.0602917906435369,-0.1205835812870738,-0.0602917906435369
2014-03-14 17:31:00,44.32,0.3225970650819058,0,-0.06171279690374915,-0.1234255938074983,-0.06171279690374915
2014-03-14 17:36:00,46.211999999999996,0.347190305520826,0,-0.06310436763867276,-0.12620873527734552,-0.06310436763867276
2014-03-14 17:41:00,46.163999999999994,0.3452710433449078,0,-0.06446646947809342,-0.12893293895618685,-0.06446646947809342
2014-03-14 17:46:00,42.418,0.3904752450404714,0,-0.06579911059641068,-0.13159822119282136,-0.06579911059641068
2014-03-14 17:51:00,44.308,0.32313132167449965,0,-0.06710233893560026,-0.13420467787120052,-0.06710233893560026
2014-03-14 17:56:00,48.413999999999994,0.42801570601538186,0,-0.06837624037948464,-0.13675248075896929,-0.06837624037948464
2014-03-14 18:01:00,41.854,0.411136372293647,0,-0.06962093689101087,-0.13924187378202174,-0.06962093689101088
2014-03-14 18:06:00,46.62,0.36122379621356826,0,-0.07083658462368038,-0.14167316924736076,-0.07083658462368038
2014-03-14 18:11:00,47.816,0.4044398888011495,0,-0.07202337201767252,-0.14404674403534504,-0.07202337201767252
2014-03-14 18:16:00,44.724,0.3094669890264369,0,-0.07318151789056362,-0.14636303578112725,-0.07318151789056362
2014-03-14 18:21:00,44.6,0.3136442834249241,0,-0.07431126953187342,-0.14862253906374687,-0.07431126953187343
2014-03-14 18:26:00,42.724,0.3785342761381788,0,-0.07541290080998223,-0.15082580161996445,-0.07541290080998223
2014-03-14 18:31:00,43.896,0.3368350204188065,0,-0.07648671029926256,-0.15297342059852512,-0.07648671029926256
2014-03-14 18:36:00,44.062,0.33098682856986744,0,-0.07753301943456667,-0.1550660388691333,-0.07753301943456666
2014-03-14 18:41:00,50.034,0.4902747643938423,0,-0.07855217069951123,-0.15710434139902246,-0.07855217069951122
2014-03-14 18:46:00,36.89,0.5974144722056064,0,-0.0795445258543133,-0.1590890517086266,-0.0795445258543133
2014-03-14 18:51:00,44.083999999999996,0.3287533644427879,0,-0.08051046420825693,-0.16102092841651386,-0.08051046420825692
2014-03-14 18:56:00,46.19,0.3464332725353709,0,-0.08145038094121798,-0.16290076188243593,-0.08145038094121797
2014-03-14 19:01:00,44.413999999999994,0.31773108064089284,0,-0.08236468547804618,-0.16472937095609233,-0.08236468547804617
2014-03-14 19:06:00,44.39,0.3183848138287361,0,-0.08325379991900267,-0.16650759983800534,-0.08325379991900267
2014-03-14 19:11:00,48.192,0.4174330337118087,0,-0.08411815752888156,-0.16823631505776313,-0.08411815752888156
2014-03-14 19:16:00,43.688,0.3415360403699513,0,-0.08495820128690605,-0.1699164025738121,-0.08495820128690605
2014-03-14 19:21:00,43.028,0.3645715385794386,0,-0.08577438249898676,-0.17154876499797353,-0.08577438249898676
2014-03-14 19:26:00,44.43600000000001,0.3163058663143932,0,-0.0865671594734609,-0.1731343189469218,-0.0865671594734609
2014-03-14 19:31:00,44.672,0.3085176442990591,0,-0.08733699626099786,-0.17467399252199572,-0.08733699626099786
2014-03-14 19:36:00,44.622,0.31005358143153633,0,-0.08808436145895962,-0.17616872291791927,-0.08808436145895963
2014-03-14 19:41:00,47.794,0.4055653978445393,0,-0.08880972708014177,-0.17761945416028355,-0.08880972708014177
2014-03-14 19:46:00,43.06399999999999,0.3626443648485949,0,-0.0895135674854931,-0.1790271349709862,-0.0895135674854931
2014-03-14 19:51:00,45.4,0.3215104732381784,0,-0.09019635838011834,-0.1803927167602367,-0.09019635838011834
2014-03-14 19:56:00,44.623999999999995,0.3096109849871589,0,-0.09085857587160596,-0.18171715174321196,-0.09085857587160596
2014-03-14 20:01:00,44.788000000000004,0.3040010771094708,0,-0.09150069558949417,-0.1830013911789884,-0.09150069558949418
2014-03-14 20:06:00,44.413999999999994,0.3160112049496661,0,-0.09212319186448607,-0.18424638372897212,-0.09212319186448607
2014-03-14 20:11:00,50.596000000000004,0.5118410493833312,0,-0.09272653696585403,-0.1854530739317081,-0.09272653696585405
2014-03-14 20:16:00,39.986,0.4747177059271322,0,-0.09331120039532642,-0.18662240079065284,-0.09331120039532642
2014-03-14 20:21:00,44.29600000000001,0.3192105947316801,0,-0.0938776482356286,-0.1877552964712572,-0.0938776482356286
2014-03-14 20:26:00,45.352,0.32127122560374205,0,-0.09442634255175307,-0.1888526851035061,-0.09442634255175307
2014-03-14 20:31:00,42.982,0.3637125747370025,0,-0.09495774084295493,-0.18991548168590985,-0.09495774084295491
2014-03-14 20:36:00,45.118,0.3136827294673465,0,-0.0954722955434128,-0.1909445910868256,-0.09547229554341279
2014-03-14 20:41:00,44.343999999999994,0.3170521133331668,0,-0.09597045356945502,-0.19194090713891004,-0.09597045356945502
2014-03-14 20:46:00,45.916000000000004,0.34114885228459785,0,-0.09645265591122726,-0.19290531182245446,-0.09645265591122726
2014-03-14 20:51:00,42.37,0.38507989913268303,0,-0.0969193372666692,-0.1938386745333384,-0.09691933726666921
2014-03-14 20:56:00,46.854,0.3739637425923128,0,-0.09737092571567138,-0.1947418514313428,-0.09737092571567138
2014-03-14 21:01:00,44.672,0.30567542028259803,0,-0.09780784243229898,-0.195615684864598,-0.09780784243229898
2014-03-14 21:06:00,43.598,0.3412058913277113,0,-0.09823050143299504,-0.19646100286599008,-0.09823050143299504
2014-03-14 21:11:00,47.958,0.4153687870185901,0,-0.09863930935871004,-0.19727861871742008,-0.09863930935871004
2014-03-14 21:16:00,42.746,0.3707816533029898,0,-0.09903466528894674,-0.19806933057789347,-0.09903466528894674
2014-03-14 21:21:00,44.262,0.3184195348299446,0,-0.09941696058575797,-0.1988339211715159,-0.09941696058575795
2014-03-14 21:26:00,44.092,0.323940388150656,0,-0.09978657876578907,-0.19957315753157812,-0.09978657876578907
2014-03-14 21:31:00,44.58,0.3077447331879499,0,-0.10014389539851552,-0.20028779079703105,-0.10014389539851551
2014-03-14 21:36:00,45.04600000000001,0.31350928266787825,0,-0.10048927802888744,-0.20097855605777487,-0.10048927802888744
2014-03-14 21:41:00,51.768,0.5596358856296607,0,-0.10082308612265954,-0.20164617224531908,-0.10082308612265954
2014-03-14 21:46:00,38.474000000000004,0.5262933934954048,0,-0.1011456710327502,-0.2022913420655004,-0.1011456710327502
2014-03-14 21:51:00,44.482,0.3104115542469142,0,-0.10145737598504308,-0.20291475197008615,-0.10145737598504309
2014-03-14 21:56:00,46.01,0.3452030442817492,0,-0.10175853608211408,-0.20351707216422812,-0.10175853608211408
2014-03-14 22:01:00,44.578,0.30723061796744816,0,-0.1020494783234352,-0.2040989566468704,-0.10204947832343521
2014-03-14 22:06:00,44.43600000000001,0.3115308405191356,0,-0.10233052164067814,-0.2046610432813563,-0.10233052164067814
2014-03-14 22:11:00,47.63,0.4013755220008096,0,-0.10260197694680764,-0.2052039538936153,-0.10260197694680763
2014-03-14 22:16:00,43.756,0.333595972374548,0,-0.10286414719772463,-0.2057282943954493,-0.10286414719772465
2014-03-14 22:21:00,43.146,0.35377009615031,0,-0.1031173274652852,-0.2062346549305704,-0.1031173274652852
2014-03-14 22:26:00,47.794,0.408487301268698,0,-0.1033618050205873,-0.2067236100411746,-0.1033618050205873
2014-03-14 22:31:00,41.338,0.4173270587172169,0,-0.1035978594264816,-0.2071957188529632,-0.10359785942648159
2014-03-14 22:36:00,45.864,0.3415517724313704,0,-0.10382576263832466,-0.20765152527664926,-0.10382576263832466
2014-03-14 22:41:00,43.076,0.35541717492168345,0,-0.10404577911205314,-0.20809155822410627,-0.10404577911205314
2014-03-14 22:46:00,45.298,0.32328084340681923,0,-0.10425816591871573,-0.20851633183743146,-0.10425816591871573
2014-03-14 22:51:00,43.512,0.3402581751427372,0,-0.10446317286465626,-0.2089263457293125,-0.10446317286465626
2014-03-14 22:56:00,45.854,0.34220634189116306,0,-0.1046610426165944,-0.2093220852331888,-0.1046610426165944
2014-03-14 23:01:00,46.852,0.3765938760715944,0,-0.10485201083090284,-0.20970402166180568,-0.10485201083090284
2014-03-14 23:06:00,45.14,0.3190689637035299,0,-0.10503630628642877,-0.21007261257285756,-0.10503630628642877
2014-03-14 23:11:00,43.053999999999995,0.3554987729986888,0,-0.1052141510202548,-0.2104283020405096,-0.10521415102025479
2014-03-14 23:16:00,44.508,0.3066914320665416,0,-0.1053857604658392,-0.2107715209316784,-0.1053857604658392
2014-03-14 23:21:00,45.513999999999996,0.33213880893445386,0,-0.10555134359301817,-0.2111026871860364,-0.10555134359301818
2014-03-14 23:26:00,42.816,0.3631239175588553,0,-0.1057111030493932,-0.2114222060987864,-0.1057111030493932
2014-03-14 23:31:00,46.343999999999994,0.3610328160035953,0,-0.10586523530266456,-0.21173047060532912,-0.10586523530266456
2014-03-14 23:36:00,43.852,0.3273594468550595,0,-0.10601393078350893,-0.21202786156701786,-0.10601393078350892
2014-03-14 23:41:00,45.51600000000001,0.3331872222847597,0,-0.10615737402863246,-0.2123147480572649,-0.10615737402863246
2014-03-14 23:46:00,44.402,0.3093374524058312,0,-0.10629574382366327,-0.21259148764732655,-0.10629574382366329
2014-03-14 23:51:00,44.456,0.30738031572377617,0,-0.10642921334557742,-0.21285842669115485,-0.10642921334557742
2014-03-14 23:56:00,47.136,0.3901238833838333,0,-0.1065579503043806,-0.2131159006087612,-0.1065579503043806
2014-03-15 00:01:00,44.53,0.30463224543722195,0,-0.10668211708379527,-0.2133642341675905,-0.10668211708379526
2014-03-15 00:06:00,44.716,0.30727534651561483,0,-0.10680187088072624,-0.2136037417614525,-0.10680187088072625
2014-03-15 00:11:00,44.153999999999996,0.3166145507658942,0,-0.10691736384330314,-0.21383472768660627,-0.10691736384330314
2014-03-15 00:16:00,43.90600000000001,0.3247341193591054,0,-0.1070287432073175,-0.21405748641463498,-0.1070287432073175
2014-03-15 00:21:00,44.812,0.3113742376093225,0,-0.10713615143089494,-0.2142723028617899,-0.10713615143089494
2014-03-15 00:26:00,44.864,0.3131080107617974,0,-0.10723972632725946,-0.21447945265451893,-0.10723972632725946
2014-03-15 00:31:00,44.578,0.30381566049555336,0,-0.1073396011954661,-0.2146792023909322,-0.1073396011954661
2014-03-15 00:36:00,44.99800000000001,0.31809081543393297,0,-0.10743590494899327,-0.21487180989798654,-0.10743590494899329
2014-03-15 00:41:00,50.032,0.5038571546865475,0,-0.10752876224210192,-0.21505752448420384,-0.10752876224210192
2014-03-15 00:46:00,41.55,0.40816260391777903,0,-0.10761829359388153,-0.21523658718776306,-0.10761829359388152
2014-03-15 00:51:00,43.78,0.3284949651518716,0,-0.10770461550991713,-0.21540923101983425,-0.10770461550991711
2014-03-15 00:56:00,47.066,0.3895464742393657,0,-0.107787840601522,-0.215575681203044,-0.107787840601522
2014-03-15 01:01:00,43.553999999999995,0.3360620130659681,0,-0.10786807770249228,-0.21573615540498453,-0.10786807770249227
2014-03-15 01:06:00,44.838,0.3124592009329831,0,-0.10794543198334933,-0.21589086396669865,-0.10794543198334933
2014-03-15 01:11:00,48.333999999999996,0.4365890775592128,0,-0.10802000506304522,-0.21604001012609045,-0.10802000506304522
2014-03-15 01:16:00,43.122,0.3508361079576213,0,-0.10809189511811444,-0.21618379023622888,-0.10809189511811443
2014-03-15 01:21:00,44.24800000000001,0.3127473504319845,0,-0.10816119698926274,-0.21632239397852548,-0.10816119698926274
2014-03-15 01:26:00,45.262,0.32622961193529776,0,-0.10822800228539156,-0.21645600457078312,-0.10822800228539156
2014-03-15 01:31:00,41.292,0.4162749115136024,0,-0.10829239948506113,-0.21658479897012226,-0.10829239948506113
2014-03-15 01:36:00,44.68600000000001,0.3076719837110916,0,-0.10835447403540306,-0.21670894807080607,-0.10835447403540306
2014-03-15 01:41:00,45.544,0.3357968938117705,0,-0.1084143084484966,-0.2168286168969932,-0.1084143084484966
2014-03-15 01:46:00,46.032,0.3522864995579335,0,-0.10847198239522808,-0.21694396479045616,-0.10847198239522808
2014-03-15 01:51:00,41.85,0.39583350430394176,0,-0.10852757279665734,-0.21705514559331468,-0.10852757279665734
2014-03-15 01:56:00,45.986000000000004,0.3514087710827197,0,-0.10858115391291796,-0.2171623078258359,-0.10858115391291795
2014-03-15 02:01:00,45.61,0.33811388938263376,0,-0.1086327974296819,-0.2172655948593638,-0.1086327974296819
2014-03-15 02:06:00,42.65600000000001,0.367092330747879,0,-0.10868257254222176,-0.21736514508444352,-0.10868257254222176
2014-03-15 02:11:00,45.51600000000001,0.33507160813446396,0,-0.10873054603710627,-0.21746109207421252,-0.10873054603710627
2014-03-15 02:16:00,48.68600000000001,0.4490932365289728,0,-0.10877678237156704,-0.2175535647431341,-0.10877678237156703
2014-03-15 02:21:00,39.508,0.4826175949110669,0,-0.10882134375057637,-0.21764268750115276,-0.10882134375057637
2014-03-15 02:26:00,42.338,0.3769503476115077,0,-0.10886429020167733,-0.21772858040335466,-0.10886429020167733
2014-03-15 02:31:00,44.178000000000004,0.3143629705783774,0,-0.10890567964760901,-0.217811359295218,-0.10890567964760899
2014-03-15 02:36:00,45.306000000000004,0.32764267342915115,0,-0.10894556797677044,-0.21789113595354087,-0.10894556797677044
2014-03-15 02:41:00,41.478,0.4077848549610257,0,-0.10898400911156836,-0.21796801822313674,-0.10898400911156837
2014-03-15 02:46:00,43.943999999999996,0.32206924301891193,0,-0.10902105507469373,-0.21804211014938746,-0.10902105507469373
2014-03-15 02:51:00,45.63,0.3390083881113134,0,-0.10905675605337303,-0.2181135121067461,-0.10905675605337305
2014-03-15 02:56:00,44.153999999999996,0.3153351010144461,0,-0.10909116046164097,-0.2181823209232819,-0.10909116046164095
2014-03-15 03:01:00,44.413999999999994,0.3067466531399075,0,-0.1091243150006804,-0.2182486300013608,-0.1091243150006804
2014-03-15 03:06:00,46.714,0.37673753574713226,0,-0.10915626471727673,-0.21831252943455345,-0.10915626471727673
2014-03-15 03:11:00,44.55,0.30321945520359783,0,-0.10918705306043264,-0.21837410612086527,-0.10918705306043264
2014-03-15 03:16:00,42.974,0.3548862038402683,0,-0.10921672193618992,-0.21843344387237987,-0.10921672193618993
2014-03-15 03:21:00,45.916000000000004,0.3487969009543824,0,-0.1092453117607043,-0.2184906235214086,-0.1092453117607043
2014-03-15 03:26:00,42.206,0.3820675915365801,0,-0.10927286151161912,-0.2185457230232382,-0.10927286151161911
2014-03-15 03:31:00,44.95399999999999,0.3165039738115882,0,-0.10929940877778288,-0.21859881755556573,-0.10929940877778287
2014-03-15 03:36:00,45.492,0.3343502122881628,0,-0.1093249898073562,-0.2186499796147124,-0.1093249898073562
2014-03-15 03:41:00,45.56399999999999,0.3368117042744986,0,-0.10934963955435156,-0.2186992791087031,-0.10934963955435155
2014-03-15 03:46:00,47.562,0.4073172891893289,0,-0.10937339172365014,-0.21874678344730028,-0.10937339172365014
2014-03-15 03:51:00,45.07,0.3195401647094612,0,-0.10939627881453873,-0.21879255762907746,-0.10939627881453873
2014-03-15 03:56:00,47.066,0.3884280004007336,0,-0.10941833216280873,-0.21883666432561746,-0.10941833216280873
2014-03-15 04:01:00,42.982,0.3557573825938709,0,-0.10943958198145927,-0.21887916396291854,-0.10943958198145927
2014-03-15 04:06:00,44.553999999999995,0.3030775811800162,0,-0.10946005740004497,-0.21892011480009,-0.10946005740004498
2014-03-15 04:11:00,45.736000000000004,0.34217973835850457,0,-0.10947978650270868,-0.21895957300541735,-0.10947978650270869
2014-03-15 04:16:00,44.083999999999996,0.3180072760426365,0,-0.1094987963649383,-0.2189975927298766,-0.1094987963649383
2014-03-15 04:21:00,47.558,0.4068770979962996,0,-0.10951711308908614,-0.21903422617817228,-0.10951711308908614
2014-03-15 04:26:00,41.104,0.4238022475060981,0,-0.10953476183868872,-0.21906952367737745,-0.10953476183868871
2014-03-15 04:31:00,44.272,0.3122601669314169,0,-0.1095517668716234,-0.2191035337432468,-0.1095517668716234
2014-03-15 04:36:00,44.413999999999994,0.3076501218484109,0,-0.10956815157213816,-0.21913630314427635,-0.10956815157213817
2014-03-15 04:41:00,46.924,0.3832314891744499,0,-0.10958393848178932,-0.21916787696357865,-0.10958393848178932
2014-03-15 04:46:00,42.09,0.3871535456785624,0,-0.10959914932932156,-0.21919829865864315,-0.10959914932932156
2014-03-15 04:51:00,46.538000000000004,0.3702170263069549,0,-0.10961380505952384,-0.2192276101190477,-0.10961380505952385
2014-03-15 04:56:00,45.751999999999995,0.3426159665352284,0,-0.10962792586109338,-0.2192558517221868,-0.10962792586109338
2014-03-15 05:01:00,43.06800000000001,0.3525250827443258,0,-0.1096415311935397,-0.2192830623870794,-0.1096415311935397
2014-03-15 05:06:00,44.39,0.308307131832188,0,-0.10965463981315944,-0.21930927962631885,-0.10965463981315943
2014-03-15 05:11:00,45.938,0.3491593282153395,0,-0.10966726979811207,-0.21933453959622412,-0.10966726979811207
2014-03-15 05:16:00,44.896,0.3141872786368569,0,-0.10967943857262584,-0.21935887714525165,-0.10967943857262583
2014-03-15 05:21:00,47.724,0.41368665741611615,0,-0.10969116293036188,-0.21938232586072373,-0.10969116293036187
2014-03-15 05:26:00,39.978,0.4670625251724531,0,-0.10970245905696474,-0.21940491811392948,-0.10970245905696474
2014-03-15 05:31:00,45.846000000000004,0.3456045445008954,0,-0.10971334255182592,-0.21942668510365185,-0.10971334255182592
2014-03-15 05:36:00,44.262,0.31265045370674105,0,-0.10972382844908604,-0.21944765689817208,-0.10972382844908604
2014-03-15 05:41:00,45.97,0.3496221031361356,0,-0.10973393123790172,-0.21946786247580347,-0.10973393123790173
2014-03-15 05:46:00,44.461999999999996,0.3063405281432382,0,-0.10974366488200116,-0.21948732976400234,-0.10974366488200117
2014-03-15 05:51:00,46.652,0.3733793863551495,0,-0.1097530428385524,-0.2195060856771048,-0.1097530428385524
2014-03-15 05:56:00,44.321999999999996,0.3114589217203398,0,-0.10976207807636744,-0.21952415615273485,-0.10976207807636743
2014-03-15 06:01:00,44.792,0.3097278389945411,0,-0.10977078309346457,-0.21954156618692916,-0.10977078309346457
2014-03-15 06:06:00,48.40600000000001,0.4370569065226351,0,-0.10977916993401066,-0.2195583398680213,-0.10977916993401066
2014-03-15 06:11:00,41.808,0.3983173755262837,0,-0.10978725020466436,-0.21957450040932872,-0.10978725020466436
2014-03-15 06:16:00,42.81800000000001,0.3617643157182666,0,-0.10979503509034093,-0.21959007018068186,-0.10979503509034091
2014-03-15 06:21:00,46.15,0.3551333055516821,0,-0.10980253536941784,-0.21960507073883567,-0.10980253536941784
2014-03-15 06:26:00,42.558,0.3710507576721129,0,-0.10980976142840117,-0.21961952285680236,-0.10980976142840117
2014-03-15 06:31:00,44.55,0.3038939762361651,0,-0.10981672327607052,-0.21963344655214104,-0.10981672327607052
2014-03-15 06:36:00,44.464,0.30644720220549265,0,-0.10982343055712077,-0.21964686111424156,-0.10982343055712077
2014-03-15 06:41:00,45.238,0.32447828155769604,0,-0.10982989256531807,-0.21965978513063614,-0.10982989256531807
2014-03-15 06:46:00,44.812,0.31078851451113626,0,-0.10983611825618682,-0.21967223651237364,-0.10983611825618682
2014-03-15 06:51:00,44.821999999999996,0.3111612066353361,0,-0.10984211625924373,-0.21968423251848745,-0.10984211625924373
2014-03-15 06:56:00,43.45,0.3400045560471267,0,-0.10984789488979503,-0.21969578977959006,-0.10984789488979502
2014-03-15 07:01:00,44.122,0.3173054828076612,0,-0.10985346216031168,-0.21970692432062336,-0.10985346216031168
2014-03-15 07:06:00,44.63,0.3050535081386139,0,-0.10985882579139764,-0.2197176515827953,-0.10985882579139765
2014-03-15 07:11:00,46.284,0.3605206856639937,0,-0.10986399322236524,-0.21972798644473046,-0.10986399322236522
2014-03-15 07:16:00,44.36600000000001,0.3093131224456508,0,-0.10986897162143114,-0.21973794324286228,-0.10986897162143114
2014-03-15 07:21:00,47.512,0.4060940802806949,0,-0.10987376789554702,-0.21974753579109405,-0.10987376789554702
2014-03-15 07:26:00,40.986000000000004,0.4308002198578428,0,-0.1098783886998768,-0.2197567773997536,-0.1098783886998768
2014-03-15 07:31:00,44.132,0.31715848381877176,0,-0.10988284044693357,-0.2197656808938671,-0.10988284044693356
2014-03-15 07:36:00,47.63,0.4108338370942624,0,-0.10988712931538784,-0.21977425863077565,-0.10988712931538783
2014-03-15 07:41:00,42.91,0.3590256774537757,0,-0.109891261258559,-0.219782522517118,-0.109891261258559
2014-03-15 07:46:00,45.582,0.3371823572175729,0,-0.10989524201260092,-0.21979048402520185,-0.10989524201260092
2014-03-15 07:51:00,42.394,0.3772714236150817,0,-0.10989907710439267,-0.21979815420878532,-0.10989907710439267
2014-03-15 07:56:00,47.394,0.4019791192830267,0,-0.10990277185914464,-0.21980554371828928,-0.10990277185914464
2014-03-15 08:01:00,42.913999999999994,0.35833628499287395,0,-0.10990633140773057,-0.21981266281546116,-0.10990633140773057
2014-03-15 08:06:00,44.272,0.3120922603125122,0,-0.1099097606937546,-0.2198195213875092,-0.10990976069375459
2014-03-15 08:11:00,45.9,0.3484877494427677,0,-0.1099130644803634,-0.2198261289607268,-0.10991306448036339
2014-03-15 08:16:00,45.986000000000004,0.35115706795937496,0,-0.10991624735681196,-0.21983249471362395,-0.10991624735681196
2014-03-15 08:21:00,42.536,0.37181765342766304,0,-0.10991931374479223,-0.21983862748958446,-0.10991931374479223
2014-03-15 08:26:00,46.856,0.38214637820139796,0,-0.10992226790453256,-0.21984453580906516,-0.10992226790453256
2014-03-15 08:31:00,42.91,0.3587983349048737,0,-0.10992511394067682,-0.21985022788135364,-0.10992511394067682
2014-03-15 08:36:00,42.934,0.3577930092954931,0,-0.10992785580795036,-0.21985571161590076,-0.10992785580795036
2014-03-15 08:41:00,44.3,0.31101849575886,0,-0.10993049731662098,-0.219860994633242,-0.10993049731662098
2014-03-15 08:46:00,46.062,0.3538931939956484,0,-0.10993304213776192,-0.21986608427552384,-0.10993304213776191
2014-03-15 08:51:00,42.508,0.3724942474335053,0,-0.10993549380832414,-0.21987098761664828,-0.10993549380832414
2014-03-15 08:56:00,46.042,0.35340043926915765,0,-0.10993785573602474,-0.21987571147204948,-0.10993785573602474
2014-03-15 09:01:00,44.38399999999999,0.3082921231365777,0,-0.1099401312040579,-0.2198802624081158,-0.1099401312040579
2014-03-15 09:06:00,45.9,0.3481229382838095,0,-0.10994232337563503,-0.21988464675127006,-0.10994232337563502
2014-03-15 09:11:00,44.206,0.31430346655147784,0,-0.10994443529836,-0.21988887059672002,-0.10994443529836
2014-03-15 09:16:00,46.361999999999995,0.3644438207214744,0,-0.10994646990844564,-0.21989293981689126,-0.10994646990844562
2014-03-15 09:21:00,44.276,0.311940394289851,0,-0.1099484300347769,-0.2198968600695538,-0.1099484300347769
2014-03-15 09:26:00,42.19,0.3843543392838397,0,-0.10995031840282664,-0.21990063680565328,-0.10995031840282664
2014-03-15 09:31:00,44.108000000000004,0.3175005211733379,0,-0.1099521376384288,-0.2199042752768576,-0.10995213763842879
2014-03-15 09:36:00,44.711999999999996,0.3080152370618824,0,-0.10995389027141454,-0.21990778054282908,-0.10995389027141454
2014-03-15 09:41:00,45.326,0.3285520103269293,0,-0.10995557873911636,-0.2199111574782327,-0.10995557873911635
2014-03-15 09:46:00,45.12600000000001,0.32146437123132715,0,-0.10995720538974424,-0.21991441077948848,-0.10995720538974424
2014-03-15 09:51:00,45.0,0.3173114552221118,0,-0.10995877248563958,-0.2199175449712792,-0.10995877248563958
2014-03-15 09:56:00,44.16,0.3162979593021052,0,-0.10996028220641016,-0.21992056441282035,-0.10996028220641017
2014-03-15 10:01:00,44.483999999999995,0.3056106844113653,0,-0.1099617366519514,-0.2199234733039028,-0.1099617366519514
2014-03-15 10:06:00,44.623999999999995,0.3047750496590419,0,-0.10996313784535726,-0.21992627569071446,-0.10996313784535726
2014-03-15 10:11:00,43.943999999999996,0.3268735419879169,0,-0.10996448773572552,-0.21992897547145104,-0.10996448773572552
2014-03-15 10:16:00,43.943999999999996,0.3264273184963528,0,-0.10996578820086056,-0.2199315764017211,-0.10996578820086055
2014-03-15 10:21:00,47.558,0.4181240400885548,0,-0.10996704104987773,-0.21993408209975546,-0.10996704104987771
2014-03-15 10:26:00,41.292,0.4345706446530753,0,-0.10996824802571302,-0.21993649605142604,-0.10996824802571302
2014-03-15 10:31:00,44.13800000000001,0.320362313349584,0,-0.10996941080754102,-0.21993882161508205,-0.10996941080754102
2014-03-15 10:36:00,44.368,0.3119820962465131,0,-0.10997053101310487,-0.21994106202620972,-0.10997053101310487
2014-03-15 10:41:00,44.236000000000004,0.3170266801002547,0,-0.1099716102009612,-0.2199432204019224,-0.10997161020096119
2014-03-15 10:46:00,44.46,0.30854736564483104,0,-0.1099726498726432,-0.2199452997452864,-0.1099726498726432
2014-03-15 10:51:00,46.361999999999995,0.3692409961749312,0,-0.109973651474745,-0.21994730294949,-0.10997365147474499
2014-03-15 10:56:00,46.596000000000004,0.3782155988729217,0,-0.1099746164009296,-0.2199492328018592,-0.10997461640092959
2014-03-15 11:01:00,42.864,0.3699421358515167,0,-0.109975545993864,-0.219951091987728,-0.10997554599386399
2014-03-15 11:06:00,42.84,0.3710589618274637,0,-0.1099764415470834,-0.21995288309416686,-0.10997644154708341
2014-03-15 11:11:00,45.70399999999999,0.3432347486733149,0,-0.10997730430678763,-0.2199546086135753,-0.10997730430678765
2014-03-15 11:16:00,44.756,0.30771533667726697,0,-0.10997813547357173,-0.21995627094714346,-0.10997813547357171
2014-03-15 11:21:00,44.426,0.3100887169491429,0,-0.10997893620409344,-0.2199578724081869,-0.10997893620409345
2014-03-15 11:26:00,46.032,0.3558879831534213,0,-0.1099797076126802,-0.2199594152253604,-0.10997970761268021
2014-03-15 11:31:00,42.418,0.3881159653678266,0,-0.10998045077287684,-0.21996090154575368,-0.10998045077287684
2014-03-15 11:36:00,46.198,0.3624027155489114,0,-0.10998116671893717,-0.2199623334378743,-0.10998116671893715
2014-03-15 11:41:00,44.132,0.3213950122875263,0,-0.109981856447261,-0.219963712894522,-0.10998185644726101
2014-03-15 11:46:00,46.878,0.3893118400535957,0,-0.10998252091777876,-0.2199650418355576,-0.10998252091777878
2014-03-15 11:51:00,41.854,0.411730040683496,0,-0.10998316105528536,-0.21996632211057074,-0.10998316105528537
2014-03-15 11:56:00,47.746,0.4243130756922137,0,-0.10998377775072538,-0.21996755550145075,-0.10998377775072538
2014-03-15 12:01:00,42.558,0.3826374442522005,0,-0.10998437186243144,-0.2199687437248629,-0.10998437186243144
2014-03-15 12:06:00,44.43,0.3106993325870153,0,-0.10998494421731722,-0.21996988843463444,-0.10998494421731722
2014-03-15 12:11:00,47.034,0.3958492753877269,0,-0.10998549561202688,-0.21997099122405372,-0.10998549561202688
2014-03-15 12:16:00,41.478,0.4279197735640745,0,-0.10998602681404243,-0.2199720536280849,-0.10998602681404245
2014-03-15 12:21:00,43.896,0.33034062202676706,0,-0.10998653856275087,-0.21997307712550174,-0.10998653856275087
2014-03-15 12:26:00,45.961999999999996,0.35252940859062765,0,-0.10998703157047188,-0.21997406314094373,-0.10998703157047188
2014-03-15 12:31:00,45.106,0.3199730603355814,0,-0.10998750652344844,-0.2199750130468969,-0.10998750652344845
2014-03-15 12:36:00,41.66,0.4197001311979761,0,-0.10998796408280097,-0.2199759281656019,-0.10998796408280095
2014-03-15 12:41:00,44.226000000000006,0.3180284845465404,0,-0.10998840488544646,-0.21997680977089293,-0.10998840488544646
2014-03-15 12:46:00,45.306000000000004,0.32748467032220285,0,-0.1099888295449844,-0.2199776590899688,-0.1099888295449844
2014-03-15 12:51:00,44.12600000000001,0.3217375528886777,0,-0.10998923865254996,-0.2199784773050999,-0.10998923865254995
2014-03-15 12:56:00,44.236000000000004,0.31735067351930313,0,-0.10998963277763604,-0.21997926555527209,-0.10998963277763603
2014-03-15 13:01:00,44.29600000000001,0.3150711062639036,0,-0.10999001246888546,-0.2199800249377709,-0.10999001246888546
2014-03-15 13:06:00,44.29600000000001,0.3153240133092594,0,-0.10999037825485396,-0.21998075650970791,-0.10999037825485396
2014-03-15 13:11:00,45.70399999999999,0.3427893212020727,0,-0.10999073064474536,-0.2199814612894907,-0.10999073064474535
2014-03-15 13:16:00,46.878,0.38964078443410216,0,-0.10999107012911978,-0.2199821402582396,-0.10999107012911978
2014-03-15 13:21:00,44.824,0.3094901528463743,0,-0.10999139718057624,-0.2199827943611525,-0.10999139718057625
2014-03-15 13:26:00,40.961999999999996,0.44928316973970106,0,-0.10999171225440986,-0.21998342450881966,-0.10999171225440986
2014-03-15 13:31:00,44.24800000000001,0.31681889863737583,0,-0.10999201578924528,-0.21998403157849056,-0.10999201578924529
2014-03-15 13:36:00,44.74800000000001,0.30697599592416197,0,-0.10999230820764694,-0.21998461641529388,-0.10999230820764694
2014-03-15 13:41:00,45.211999999999996,0.32434152887883977,0,-0.10999258991670686,-0.21998517983341373,-0.10999258991670686
2014-03-15 13:46:00,42.538000000000004,0.3841455072028769,0,-0.10999286130861108,-0.21998572261722216,-0.10999286130861109
2014-03-15 13:51:00,46.12600000000001,0.3594196840720664,0,-0.10999312276118534,-0.21998624552237067,-0.10999312276118534
2014-03-15 13:56:00,45.104,0.320040952004135,0,-0.1099933746384206,-0.2199867492768412,-0.10999337463842059
2014-03-15 14:01:00,42.864,0.37080301102184815,0,-0.10999361729097967,-0.21998723458195935,-0.10999361729097969
2014-03-15 14:06:00,46.361999999999995,0.3685246675172601,0,-0.10999385105668512,-0.21998770211337024,-0.10999385105668513
2014-03-15 14:11:00,44.108000000000004,0.3229471147020781,0,-0.10999407626098924,-0.21998815252197845,-0.10999407626098923
2014-03-15 14:16:00,44.693999999999996,0.3046264410134522,0,-0.10999429321742694,-0.2199885864348539,-0.10999429321742694
2014-03-15 14:21:00,44.35,0.3138431665521255,0,-0.10999450222805213,-0.21998900445610425,-0.10999450222805213
2014-03-15 14:26:00,42.666000000000004,0.3788206194374867,0,-0.10999470358385796,-0.21998940716771592,-0.10999470358385796
2014-03-15 14:31:00,45.751999999999995,0.3447839664384589,0,-0.1099948975651818,-0.2199897951303636,-0.10999489756518181
2014-03-15 14:36:00,43.004,0.3659228761866346,0,-0.1099950844420954,-0.2199901688841908,-0.1099950844420954
2014-03-15 14:41:00,44.238,0.31794434398966115,0,-0.1099952644747806,-0.21999052894956125,-0.10999526447478061
2014-03-15 14:46:00,44.38399999999999,0.3123886382371404,0,-0.10999543791389167,-0.21999087582778332,-0.10999543791389167
2014-03-15 14:51:00,44.29600000000001,0.3154530243554387,0,-0.10999560500090387,-0.2199912100018077,-0.10999560500090387
2014-03-15 14:56:00,50.891999999999996,0.5608823949402351,0,-0.10999576596844976,-0.2199915319368995,-0.10999576596844975
2014-03-15 15:01:00,39.654,0.5042524657570764,0,-0.10999592104064278,-0.21999184208128555,-0.10999592104064278
2014-03-15 15:06:00,44.46,0.30949370469301296,0,-0.10999607043338937,-0.2199921408667787,-0.10999607043338935
2014-03-15 15:11:00,47.49,0.41239444863959374,0,-0.10999621435468923,-0.21999242870937846,-0.10999621435468923
2014-03-15 15:16:00,43.12600000000001,0.3594993551431196,0,-0.10999635300492508,-0.21999270600985016,-0.10999635300492508
2014-03-15 15:21:00,44.013999999999996,0.32573840588507696,0,-0.10999648657714138,-0.2199929731542828,-0.10999648657714138
2014-03-15 15:26:00,45.916000000000004,0.3500983313831732,0,-0.10999661525731312,-0.21999323051462624,-0.10999661525731312
2014-03-15 15:31:00,40.961999999999996,0.4478908521934972,0,-0.1099967392246046,-0.2199934784492092,-0.10999673922460461
2014-03-15 15:36:00,44.95399999999999,0.31423857043787634,0,-0.10999685865161894,-0.21999371730323788,-0.10999685865161894
2014-03-15 15:41:00,48.06800000000001,0.4360626343090481,0,-0.10999697370463818,-0.2199939474092764,-0.10999697370463818
2014-03-15 15:46:00,41.611999999999995,0.4198867463742234,0,-0.10999708454385487,-0.21999416908770972,-0.10999708454385487
2014-03-15 15:51:00,45.798,0.3449808619195636,0,-0.10999719132359502,-0.21999438264719004,-0.10999719132359502
2014-03-15 15:56:00,44.772,0.306972144720149,0,-0.10999729419253282,-0.21999458838506564,-0.10999729419253282
2014-03-15 16:01:00,46.032,0.35409121496233353,0,-0.10999739329389777,-0.21999478658779556,-0.10999739329389777
2014-03-15 16:06:00,42.816,0.3723092312613641,0,-0.10999748876567393,-0.21999497753134786,-0.10999748876567393
2014-03-15 16:11:00,45.658,0.3400284831331393,0,-0.10999758074079206,-0.21999516148158413,-0.10999758074079206
2014-03-15 16:16:00,44.508,0.308373729846123,0,-0.10999766934731467,-0.21999533869462934,-0.10999766934731468
2014-03-15 16:21:00,44.096000000000004,0.32338222815964623,0,-0.10999775470861424,-0.2199955094172285,-0.10999775470861425
2014-03-15 16:26:00,49.86,0.5112697657238336,0,-0.10999783694354504,-0.21999567388709007,-0.10999783694354504
2014-03-15 16:31:00,38.314,0.5570942884355555,0,-0.10999791616660846,-0.21999583233321693,-0.10999791616660846
2014-03-15 16:36:00,44.178000000000004,0.3198378637563987,0,-0.10999799248811264,-0.21999598497622527,-0.10999799248811264
2014-03-15 16:41:00,43.91,0.3295730742306057,0,-0.10999806601432577,-0.21999613202865154,-0.10999806601432577
2014-03-15 16:46:00,44.776,0.3074031480431569,0,-0.10999813684762423,-0.21999627369524846,-0.10999813684762423
2014-03-15 16:51:00,45.56399999999999,0.3354287632446585,0,-0.10999820508663499,-0.21999641017327,-0.10999820508663499
2014-03-15 16:56:00,48.518,0.451511613019763,0,-0.109998270826373,-0.219996541652746,-0.10999827082637299
2014-03-15 17:01:00,42.65,0.3779703900122925,0,-0.10999833415837336,-0.21999666831674675,-0.10999833415837337
2014-03-15 17:06:00,45.751999999999995,0.3417793030532893,0,-0.10999839517081894,-0.21999679034163788,-0.10999839517081894
2014-03-15 17:11:00,49.76600000000001,0.5014748455818941,0,-0.10999845394866292,-0.21999690789732584,-0.10999845394866291
2014-03-15 17:16:00,48.122,0.4327272542121982,0,-0.1099985105737472,-0.2199970211474944,-0.1099985105737472
2014-03-15 17:21:00,40.51,0.4624582715046332,0,-0.10999856512491636,-0.21999713024983272,-0.10999856512491636
2014-03-15 17:26:00,46.87600000000001,0.3824921921140225,0,-0.10999861767812737,-0.2199972353562547,-0.10999861767812735
2014-03-15 17:31:00,42.558,0.3802655664513624,0,-0.10999866830655526,-0.21999733661311047,-0.10999866830655526
2014-03-15 17:36:00,44.742,0.30483538247760833,0,-0.10999871708069528,-0.21999743416139053,-0.10999871708069527
2014-03-15 17:41:00,48.262,0.4375460914904897,0,-0.10999876406846062,-0.21999752813692125,-0.10999876406846062
2014-03-15 17:46:00,41.55,0.4197931976257323,0,-0.10999880933527743,-0.21999761867055487,-0.10999880933527743
2014-03-15 17:51:00,44.36600000000001,0.3141959365929962,0,-0.10999885294417552,-0.21999770588835105,-0.10999885294417552
2014-03-15 17:56:00,48.19600000000001,0.4337926752888958,0,-0.10999889495587636,-0.2199977899117527,-0.10999889495587635
2014-03-15 18:01:00,45.986000000000004,0.3483880734935369,0,-0.10999893542887744,-0.2199978708577549,-0.10999893542887745
2014-03-15 18:06:00,42.934,0.36618869416920496,0,-0.10999897441953398,-0.21999794883906795,-0.10999897441953398
2014-03-15 18:11:00,47.23,0.3950882917417433,0,-0.10999901198213703,-0.2199980239642741,-0.10999901198213705
2014-03-15 18:16:00,44.483999999999995,0.3103429575781246,0,-0.1099990481689894,-0.2199980963379788,-0.10999904816898941
2014-03-15 18:21:00,45.328,0.3248446666232728,0,-0.10999908303047826,-0.2199981660609565,-0.10999908303047826
2014-03-15 18:26:00,44.86,0.3081290394485312,0,-0.10999911661514536,-0.21999823323029075,-0.10999911661514537
2014-03-15 18:31:00,42.3,0.3907952242029864,0,-0.10999914896975473,-0.21999829793950945,-0.10999914896975471
2014-03-15 18:36:00,44.676,0.3036886314001086,0,-0.10999918013935747,-0.21999836027871494,-0.10999918013935749
2014-03-15 18:41:00,45.821999999999996,0.3428255231590223,0,-0.10999921016735494,-0.21999842033470987,-0.10999921016735494
2014-03-15 18:46:00,45.233999999999995,0.3217811014123812,0,-0.10999923909555877,-0.21999847819111756,-0.10999923909555877
2014-03-15 18:51:00,46.036,0.35047239703225896,0,-0.10999926696424928,-0.21999853392849855,-0.10999926696424929
2014-03-15 18:56:00,45.51600000000001,0.3313110107827615,0,-0.1099992938122316,-0.21999858762446325,-0.10999929381223161
2014-03-15 19:01:00,42.982,0.3649187577255684,0,-0.10999931967688954,-0.21999863935377909,-0.10999931967688954
2014-03-15 19:06:00,43.968,0.3287685656910324,0,-0.10999934459423777,-0.2199986891884755,-0.10999934459423776
2014-03-15 19:11:00,45.821999999999996,0.3432721915208217,0,-0.10999936859897187,-0.21999873719794372,-0.10999936859897187
2014-03-15 19:16:00,44.693999999999996,0.30323824931615323,0,-0.1099993917245168,-0.2199987834490336,-0.1099993917245168
2014-03-15 19:21:00,44.108000000000004,0.3232879455527217,0,-0.1099994140030732,-0.2199988280061464,-0.10999941400307321
2014-03-15 19:26:00,45.916000000000004,0.3472025982311339,0,-0.10999943546566253,-0.21999887093132506,-0.10999943546566252
2014-03-15 19:31:00,43.596000000000004,0.3422792004081843,0,-0.10999945614216984,-0.2199989122843397,-0.10999945614216985
2014-03-15 19:36:00,43.544,0.3441554486948563,0,-0.10999947606138592,-0.21999895212277185,-0.10999947606138592
2014-03-15 19:41:00,47.136,0.39351472663817216,0,-0.10999949525104688,-0.21999899050209376,-0.10999949525104688
2014-03-15 19:46:00,43.052,0.3627070848578999,0,-0.10999951373787306,-0.21999902747574607,-0.10999951373787306
2014-03-15 19:51:00,44.648,0.3048943395072471,0,-0.10999953154760618,-0.2199990630952124,-0.10999953154760618
2014-03-15 19:56:00,47.934,0.4290835139728105,0,-0.10999954870504516,-0.21999909741009036,-0.10999954870504516
2014-03-15 20:01:00,42.51600000000001,0.3863876298266022,0,-0.1099995652340806,-0.2199991304681612,-0.10999956523408061
2014-03-15 20:06:00,45.773999999999994,0.342350133968094,0,-0.1099995811577282,-0.2199991623154564,-0.1099995811577282
2014-03-15 20:11:00,44.24800000000001,0.3195783284733475,0,-0.1099995964981606,-0.2199991929963212,-0.10999959649816059
2014-03-15 20:16:00,44.29600000000001,0.31741599914049623,0,-0.1099996112767384,-0.2199992225534768,-0.10999961127673841
2014-03-15 20:21:00,44.976000000000006,0.3130081728849402,0,-0.10999962551403987,-0.21999925102807974,-0.10999962551403988
2014-03-15 20:26:00,49.272,0.485491460527103,0,-0.10999963922988963,-0.2199992784597793,-0.10999963922988965
2014-03-15 20:31:00,39.542,0.5094163280895873,0,-0.10999965244338616,-0.2199993048867723,-0.10999965244338615
2014-03-15 20:36:00,44.083999999999996,0.3251074968813986,0,-0.10999966517292843,-0.21999933034585686,-0.10999966517292842
2014-03-15 20:41:00,45.63399999999999,0.33666978159090355,0,-0.1099996774362416,-0.2199993548724832,-0.10999967743624159
2014-03-15 20:46:00,42.982,0.366421826049331,0,-0.10999968925040156,-0.21999937850080314,-0.10999968925040157
2014-03-15 20:51:00,44.06800000000001,0.32543010293604924,0,-0.10999970063185896,-0.21999940126371792,-0.10999970063185896
2014-03-15 20:56:00,48.262,0.4410257564740907,0,-0.10999971159646173,-0.21999942319292345,-0.10999971159646173
2014-03-15 21:01:00,42.324,0.3920632136508739,0,-0.10999972215947744,-0.2199994443189549,-0.10999972215947745
2014-03-15 21:06:00,44.214,0.3199536983076192,0,-0.10999973233561457,-0.21999946467122916,-0.10999973233561457
2014-03-15 21:11:00,48.756,0.4600176799276575,0,-0.10999974213904272,-0.21999948427808547,-0.10999974213904273
2014-03-15 21:16:00,41.83,0.4117735411513983,0,-0.1099997515834127,-0.2199995031668254,-0.1099997515834127
2014-03-15 21:21:00,45.412,0.3290407432492472,0,-0.1099997606818752,-0.2199995213637504,-0.10999976068187521
2014-03-15 21:26:00,44.646,0.30471967669253464,0,-0.10999976944709937,-0.21999953889419874,-0.10999976944709937
2014-03-15 21:31:00,42.488,0.3862680362214546,0,-0.10999977789129027,-0.2199995557825805,-0.10999977789129027
2014-03-15 21:36:00,44.644,0.3046474703832488,0,-0.109999786026206,-0.219999572052412,-0.109999786026206
2014-03-15 21:41:00,45.422,0.3294611890585061,0,-0.10999979386317396,-0.21999958772634792,-0.10999979386317396
2014-03-15 21:46:00,44.24800000000001,0.3189706659633852,0,-0.10999980141310672,-0.21999960282621345,-0.10999980141310671
2014-03-15 21:51:00,45.8,0.34370866167745473,0,-0.10999980868651717,-0.2199996173730343,-0.10999980868651715
2014-03-15 21:56:00,49.672,0.5006376954652939,0,-0.10999981569353308,-0.21999963138706616,-0.10999981569353308
2014-03-15 22:01:00,43.606,0.3431266885129741,0,-0.10999982244391143,-0.21999964488782286,-0.10999982244391143
2014-03-15 22:06:00,41.934,0.4081825747073571,0,-0.10999982894705172,-0.21999965789410345,-0.10999982894705171
2014-03-15 22:11:00,45.718,0.33979389036657226,0,-0.10999983521200922,-0.21999967042401844,-0.10999983521200922
2014-03-15 22:16:00,44.792,0.3064463251608243,0,-0.10999984124750756,-0.21999968249501514,-0.10999984124750757
2014-03-15 22:21:00,44.53,0.3089600975327628,0,-0.1099998470619509,-0.2199996941239018,-0.1099998470619509
2014-03-15 22:26:00,45.87600000000001,0.3459494158240177,0,-0.10999985266343552,-0.21999970532687105,-0.10999985266343551
2014-03-15 22:31:00,42.536,0.3844364166114181,0,-0.10999985805976116,-0.2199997161195223,-0.10999985805976115
2014-03-15 22:36:00,44.202,0.3207424892487398,0,-0.10999986325844197,-0.21999972651688396,-0.10999986325844197
2014-03-15 22:41:00,45.56399999999999,0.3343069485341473,0,-0.10999986826671684,-0.21999973653343366,-0.10999986826671682
2014-03-15 22:46:00,45.023999999999994,0.3155897488868786,0,-0.10999987309155948,-0.21999974618311896,-0.10999987309155948
2014-03-15 22:51:00,42.136,0.40380082889281227,0,-0.10999987773968832,-0.21999975547937664,-0.10999987773968832
2014-03-15 22:56:00,45.868,0.34752028422908,0,-0.1099998822175756,-0.2199997644351512,-0.10999988221757559
2014-03-15 23:01:00,46.15,0.3586699666549027,0,-0.10999988653145656,-0.21999977306291316,-0.10999988653145656
2014-03-15 23:06:00,40.838,0.4581319824782702,0,-0.10999989068733804,-0.2199997813746761,-0.10999989068733805
2014-03-15 23:11:00,45.891999999999996,0.3483974519759177,0,-0.10999989469100696,-0.2199997893820139,-0.10999989469100695
2014-03-15 23:16:00,44.29600000000001,0.3169578059229272,0,-0.10999989854803813,-0.21999979709607625,-0.10999989854803813
2014-03-15 23:21:00,45.422,0.3305891767426508,0,-0.10999990226380237,-0.2199998045276047,-0.10999990226380235
2014-03-15 23:26:00,42.864,0.3729512578087082,0,-0.1099999058434736,-0.2199998116869472,-0.1099999058434736
2014-03-15 23:31:00,48.532,0.4584466981911211,0,-0.10999990929203644,-0.21999981858407286,-0.10999990929203642
2014-03-15 23:36:00,40.54,0.4707058630452152,0,-0.10999991261429272,-0.21999982522858544,-0.10999991261429272
2014-03-15 23:41:00,45.58600000000001,0.336789597187732,0,-0.10999991581486863,-0.21999983162973727,-0.10999991581486863
2014-03-15 23:46:00,44.413999999999994,0.3128218229649743,0,-0.10999991889822076,-0.2199998377964415,-0.10999991889822075
2014-03-15 23:51:00,44.32,0.3161862046235887,0,-0.10999992186864252,-0.21999984373728504,-0.10999992186864252
2014-03-15 23:56:00,46.056000000000004,0.35474782769955343,0,-0.1099999247302701,-0.2199998494605402,-0.1099999247302701
2014-03-16 00:01:00,47.652,0.41948485286888826,0,-0.10999992748708816,-0.21999985497417632,-0.10999992748708816
2014-03-16 00:06:00,41.244,0.439247589761552,0,-0.10999993014293544,-0.21999986028587087,-0.10999993014293544
2014-03-16 00:11:00,46.01,0.3529528876915977,0,-0.10999993270151008,-0.21999986540302016,-0.10999993270151008
2014-03-16 00:16:00,47.324,0.4051752783533637,0,-0.11,-0.22,-0.11
2014-03-16 00:21:00,41.598,0.4236621710950593,0,-0.11,-0.22,-0.11
2014-03-16 00:26:00,44.178000000000004,0.32119837291100617,0,-0.11,-0.22,-0.11
2014-03-16 00:31:00,44.29600000000001,0.3170492343006645,0,-0.11,-0.22,-0.11
2014-03-16 00:36:00,45.916000000000004,0.3489697820903473,0,-0.11,-0.22,-0.11
2014-03-16 00:41:00,43.61600000000001,0.34252468224271004,0,-0.11,-0.22,-0.11
2014-03-16 00:46:00,42.891999999999996,0.3704014238125751,0,-0.11,-0.22,-0.11
2014-03-16 00:51:00,44.132,0.3226589622977641,0,-0.11,-0.22,-0.11
2014-03-16 00:56:00,46.104,0.35635101451063794,0,-0.11,-0.22,-0.11
2014-03-16 01:01:00,47.23,0.4014592749774425,0,-0.11,-0.22,-0.11
2014-03-16 01:06:00,43.356,0.3521111960100991,0,-0.11,-0.22,-0.11
2014-03-16 01:11:00,45.961999999999996,0.35073000709707264,0,-0.11,-0.22,-0.11
2014-03-16 01:16:00,46.501999999999995,0.3714900749586797,0,-0.11,-0.22,-0.11
2014-03-16 01:21:00,42.23,0.396809767068558,0,-0.11,-0.22,-0.11
2014-03-16 01:26:00,44.76600000000001,0.3059943310382351,0,-0.11,-0.22,-0.11
2014-03-16 01:31:00,46.032,0.35298216117131626,0,-0.11,-0.22,-0.11
2014-03-16 01:36:00,45.37600000000001,0.3280143707488373,0,-0.11,-0.22,-0.11
2014-03-16 01:41:00,47.348,0.4046593848444832,0,-0.11,-0.22,-0.11
2014-03-16 01:46:00,45.118,0.31895685677121743,0,-0.11,-0.22,-0.11
2014-03-16 01:51:00,43.592,0.3437681622776008,0,-0.11,-0.22,-0.11
2014-03-16 01:56:00,44.93,0.31169776029703056,0,-0.11,-0.22,-0.11
2014-03-16 02:01:00,44.86,0.30942163681337365,0,-0.11,-0.22,-0.11
2014-03-16 02:06:00,44.85,0.30890171576667635,0,-0.11,-0.22,-0.11
2014-03-16 02:11:00,48.608000000000004,0.45919877271511295,0,-0.11,-0.22,-0.11
2014-03-16 02:16:00,42.442,0.3892622922335432,0,-0.11,-0.22,-0.11
2014-03-16 02:21:00,44.321999999999996,0.3161332837894721,0,-0.11,-0.22,-0.11
2014-03-16 02:26:00,45.976000000000006,0.35131832331088425,0,-0.11,-0.22,-0.11
2014-03-16 02:31:00,46.803999999999995,0.3839624988816247,0,-0.11,-0.22,-0.11
2014-03-16 02:36:00,41.666000000000004,0.4221172441380241,0,-0.11,-0.22,-0.11
2014-03-16 02:41:00,44.882,0.3096943903411713,0,-0.11,-0.22,-0.11
2014-03-16 02:46:00,46.924,0.3885072282388394,0,-0.11,-0.22,-0.11
2014-03-16 02:51:00,44.416000000000004,0.3130831598792431,0,-0.11,-0.22,-0.11
2014-03-16 02:56:00,47.84,0.4259221426670571,0,-0.11,-0.22,-0.11
2014-03-16 03:01:00,47.15,0.3968196122918773,0,-0.11,-0.22,-0.11
2014-03-16 03:06:00,43.754,0.3384487132789741,0,-0.11,-0.22,-0.11
2014-03-16 03:11:00,46.644,0.3760170022352316,0,-0.11,-0.22,-0.11
2014-03-16 03:16:00,46.478,0.3691851526161407,0,-0.11,-0.22,-0.11
2014-03-16 03:21:00,44.89,0.30924698653534805,0,-0.11,-0.22,-0.11
2014-03-16 03:26:00,41.666000000000004,0.4246237078834099,0,-0.11,-0.22,-0.11
2014-03-16 03:31:00,44.062,0.3278448448890773,0,-0.11,-0.22,-0.11
2014-03-16 03:36:00,46.478,0.3699693384174672,0,-0.11,-0.22,-0.11
2014-03-16 03:41:00,46.361999999999995,0.3650880652614323,0,-0.11,-0.22,-0.11
2014-03-16 03:46:00,46.198,0.35813233184626897,0,-0.11,-0.22,-0.11
2014-03-16 03:51:00,42.9,0.374614664005457,0,-0.11,-0.22,-0.11
2014-03-16 03:56:00,46.702,0.3782995634555327,0,-0.11,-0.22,-0.11
2014-03-16 04:01:00,44.578,0.3095346929461861,0,-0.11,-0.22,-0.11
2014-03-16 04:06:00,47.29,0.4018871917007379,0,-0.11,-0.22,-0.11
2014-03-16 04:11:00,44.396,0.3163468981479536,0,-0.11,-0.22,-0.11
2014-03-16 04:16:00,43.028,0.3692382427609053,0,-0.11,-0.22,-0.11
2014-03-16 04:21:00,46.501999999999995,0.3696166223539225,0,-0.11,-0.22,-0.11
2014-03-16 04:26:00,42.724,0.38152436559806907,0,-0.11,-0.22,-0.11
2014-03-16 04:31:00,44.413999999999994,0.31580676591224555,0,-0.11,-0.22,-0.11
2014-03-16 04:36:00,44.483999999999995,0.3131439264300486,0,-0.11,-0.22,-0.11
2014-03-16 04:41:00,44.83600000000001,0.30574675557137165,0,-0.11,-0.22,-0.11
2014-03-16 04:46:00,44.43600000000001,0.31471354071988783,0,-0.11,-0.22,-0.11
2014-03-16 04:51:00,48.226000000000006,0.442157983601061,0,-0.11,-0.22,-0.11
2014-03-16 04:56:00,45.023999999999994,0.3127254184933678,0,-0.11,-0.22,-0.11
2014-03-16 05:01:00,42.88800000000001,0.3745415517288829,0,-0.11,-0.22,-0.11
2014-03-16 05:06:00,44.83600000000001,0.3060938090065109,0,-0.11,-0.22,-0.11
2014-03-16 05:11:00,45.916000000000004,0.34690117281147353,0,-0.11,-0.22,-0.11
2014-03-16 05:16:00,44.688,0.3052373112681966,0,-0.11,-0.22,-0.11
2014-03-16 05:21:00,44.29600000000001,0.31980915892925843,0,-0.11,-0.22,-0.11
2014-03-16 05:26:00,46.174,0.3575533196020841,0,-0.11,-0.22,-0.11
2014-03-16 05:31:00,43.758,0.3408468372103702,0,-0.11,-0.22,-0.11
2014-03-16 05:36:00,43.968,0.3326268889505245,0,-0.11,-0.22,-0.11
2014-03-16 05:41:00,48.17,0.4400613396640665,0,-0.11,-0.22,-0.11
2014-03-16 05:46:00,41.576,0.4298263614201289,0,-0.11,-0.22,-0.11
2014-03-16 05:51:00,44.672,0.3060992404313936,0,-0.11,-0.22,-0.11
2014-03-16 05:56:00,48.028,0.4337341942154813,0,-0.11,-0.22,-0.11
2014-03-16 06:01:00,42.772,0.37966574861720176,0,-0.11,-0.22,-0.11
2014-03-16 06:06:00,45.773999999999994,0.3410670651043074,0,-0.11,-0.22,-0.11
2014-03-16 06:11:00,44.43600000000001,0.3149660898870557,0,-0.11,-0.22,-0.11
2014-03-16 06:16:00,44.092,0.3277012616913079,0,-0.11,-0.22,-0.11
2014-03-16 06:21:00,44.29600000000001,0.3199061175349953,0,-0.11,-0.22,-0.11
2014-03-16 06:26:00,46.571999999999996,0.37344816480751664,0,-0.11,-0.22,-0.11
2014-03-16 06:31:00,43.72,0.3427808448695227,0,-0.11,-0.22,-0.11
2014-03-16 06:36:00,42.394,0.3962886672027763,0,-0.11,-0.22,-0.11
2014-03-16 06:41:00,44.178000000000004,0.32446216937059674,0,-0.11,-0.22,-0.11
2014-03-16 06:46:00,45.74,0.3406259211216638,0,-0.11,-0.22,-0.11
2014-03-16 06:51:00,43.076,0.3677399889542804,0,-0.11,-0.22,-0.11
2014-03-16 06:56:00,46.268,0.3618619756934355,0,-0.11,-0.22,-0.11
2014-03-16 07:01:00,46.08600000000001,0.3542703310585135,0,-0.11,-0.22,-0.11
2014-03-16 07:06:00,42.582,0.3877661402400659,0,-0.11,-0.22,-0.11
2014-03-16 07:11:00,45.891999999999996,0.3473335898202386,0,-0.11,-0.22,-0.11
2014-03-16 07:16:00,45.163999999999994,0.3186720565791911,0,-0.11,-0.22,-0.11
2014-03-16 07:21:00,43.592,0.3475099400474922,0,-0.11,-0.22,-0.11
2014-03-16 07:26:00,45.51600000000001,0.3322777545218606,0,-0.11,-0.22,-0.11
2014-03-16 07:31:00,44.912,0.30885611332348945,0,-0.11,-0.22,-0.11
2014-03-16 07:36:00,43.228,0.3623551745390702,0,-0.11,-0.22,-0.11
2014-03-16 07:41:00,45.188,0.31939454879094525,0,-0.11,-0.22,-0.11
2014-03-16 07:46:00,44.098,0.3276446268686537,0,-0.11,-0.22,-0.11
2014-03-16 07:51:00,44.623999999999995,0.30755235968675704,0,-0.11,-0.22,-0.11
2014-03-16 07:56:00,46.15,0.3572733468683953,0,-0.11,-0.22,-0.11
2014-03-16 08:01:00,47.23,0.4014666778891979,0,-0.11,-0.22,-0.11
2014-03-16 08:06:00,42.16,0.4067941108099596,0,-0.11,-0.22,-0.11
2014-03-16 08:11:00,44.141999999999996,0.3261148355775941,0,-0.11,-0.22,-0.11
2014-03-16 08:16:00,43.8,0.3391129239888957,0,-0.11,-0.22,-0.11
2014-03-16 08:21:00,44.31800000000001,0.3190711167790263,0,-0.11,-0.22,-0.11
2014-03-16 08:26:00,44.29600000000001,0.3195595027248024,0,-0.11,-0.22,-0.11
2014-03-16 08:31:00,44.132,0.3264152873599186,0,-0.11,-0.22,-0.11
2014-03-16 08:36:00,45.758,0.3417246320692787,0,-0.11,-0.22,-0.11
2014-03-16 08:41:00,44.672,0.30561876101896024,0,-0.11,-0.22,-0.11
2014-03-16 08:46:00,42.418,0.3964365973750325,0,-0.11,-0.22,-0.11
2014-03-16 08:51:00,44.95,0.3108792019821009,0,-0.11,-0.22,-0.11
2014-03-16 08:56:00,44.976000000000006,0.31156382656232123,0,-0.11,-0.22,-0.11
2014-03-16 09:01:00,44.226000000000006,0.32255191100837305,0,-0.11,-0.22,-0.11
2014-03-16 09:06:00,44.202,0.3236860077599728,0,-0.11,-0.22,-0.11
2014-03-16 09:11:00,48.83,0.4735922562428122,0,-0.11,-0.22,-0.11
2014-03-16 09:16:00,39.93,0.5048099291898742,0,-0.11,-0.22,-0.11
2014-03-16 09:21:00,44.448,0.31357626574754743,0,-0.11,-0.22,-0.11
2014-03-16 09:26:00,44.494,0.31210575750175823,0,-0.11,-0.22,-0.11
2014-03-16 09:31:00,44.726000000000006,0.303146105290602,0,-0.11,-0.22,-0.11
2014-03-16 09:36:00,46.571999999999996,0.3750885165915676,0,-0.11,-0.22,-0.11
2014-03-16 09:41:00,47.008,0.3927297451954412,0,-0.11,-0.22,-0.11
2014-03-16 09:46:00,43.058,0.3694302985924166,0,-0.11,-0.22,-0.11
2014-03-16 09:51:00,43.192,0.3635244887305567,0,-0.11,-0.22,-0.11
2014-03-16 09:56:00,45.916000000000004,0.3478258657284282,0,-0.11,-0.22,-0.11
2014-03-16 10:01:00,44.26600000000001,0.3212212808056231,0,-0.11,-0.22,-0.11
2014-03-16 10:06:00,44.226000000000006,0.3227400055321921,0,-0.11,-0.22,-0.11
2014-03-16 10:11:00,47.84,0.4282331841115411,0,-0.11,-0.22,-0.11
2014-03-16 10:16:00,42.442,0.39458892624567216,0,-0.11,-0.22,-0.11
2014-03-16 10:21:00,45.33,0.3250184167643025,0,-0.11,-0.22,-0.11
2014-03-16 10:26:00,45.023999999999994,0.31325854679238074,0,-0.11,-0.22,-0.11
2014-03-16 10:31:00,42.09,0.4095878339777995,0,-0.11,-0.22,-0.11
2014-03-16 10:36:00,44.178000000000004,0.3244613572069494,0,-0.11,-0.22,-0.11
2014-03-16 10:41:00,46.303999999999995,0.3632366048922531,0,-0.11,-0.22,-0.11
2014-03-16 10:46:00,42.536,0.39021083138265,0,-0.11,-0.22,-0.11
2014-03-16 10:51:00,44.132,0.3258752521356266,0,-0.11,-0.22,-0.11
2014-03-16 10:56:00,46.848,0.3855635823468762,0,-0.11,-0.22,-0.11
2014-03-16 11:01:00,43.176,0.363596324426561,0,-0.11,-0.22,-0.11
2014-03-16 11:06:00,44.6,0.3082660354596829,0,-0.11,-0.22,-0.11
2014-03-16 11:11:00,48.592,0.4588738961380848,0,-0.11,-0.22,-0.11
2014-03-16 11:16:00,43.85,0.33709640607390506,0,-0.11,-0.22,-0.11
2014-03-16 11:21:00,42.724,0.3817907396691483,0,-0.11,-0.22,-0.11
2014-03-16 11:26:00,44.251999999999995,0.3211791336259117,0,-0.11,-0.22,-0.11
2014-03-16 11:31:00,45.47,0.3298748064734781,0,-0.11,-0.22,-0.11
2014-03-16 11:36:00,42.178000000000004,0.4049382805141366,0,-0.11,-0.22,-0.11
2014-03-16 11:41:00,45.891999999999996,0.3462664033499533,0,-0.11,-0.22,-0.11
2014-03-16 11:46:00,46.104,0.3543860049700389,0,-0.11,-0.22,-0.11
2014-03-16 11:51:00,41.38399999999999,0.4381388791641785,0,-0.11,-0.22,-0.11
2014-03-16 11:56:00,45.798,0.34259472131731505,0,-0.11,-0.22,-0.11
2014-03-16 12:01:00,45.938,0.34820425345744466,0,-0.11,-0.22,-0.11
2014-03-16 12:06:00,40.564,0.4725919539254077,0,-0.11,-0.22,-0.11
2014-03-16 12:11:00,46.861999999999995,0.3846576235557748,0,-0.11,-0.22,-0.11
2014-03-16 12:16:00,44.788000000000004,0.3043650148174328,0,-0.11,-0.22,-0.11
2014-03-16 12:21:00,42.596000000000004,0.3859702990240793,0,-0.11,-0.22,-0.11
2014-03-16 12:26:00,44.5,0.3117805154291718,0,-0.11,-0.22,-0.11
2014-03-16 12:31:00,44.132,0.3252718022066627,0,-0.11,-0.22,-0.11
2014-03-16 12:36:00,44.32,0.318494945469774,0,-0.11,-0.22,-0.11
2014-03-16 12:41:00,44.262,0.3204403430602193,0,-0.11,-0.22,-0.11
2014-03-16 12:46:00,50.71,0.5479568390562656,0,-0.11,-0.22,-0.11
2014-03-16 12:51:00,38.334,0.5631124477142497,0,-0.11,-0.22,-0.11
2014-03-16 12:56:00,45.826,0.3426239073958747,0,-0.11,-0.22,-0.11
2014-03-16 13:06:00,41.54600000000001,0.425757613208341,0,-0.11,-0.22,-0.11
2014-03-16 13:11:00,47.403999999999996,0.4047158396833023,0,-0.11,-0.22,-0.11
2014-03-16 13:16:00,44.961999999999996,0.3108629593558051,0,-0.11,-0.22,-0.11
2014-03-16 13:21:00,47.076,0.3913795731375676,0,-0.11,-0.22,-0.11
2014-03-16 13:26:00,43.174,0.3614045997881859,0,-0.11,-0.22,-0.11
2014-03-16 13:31:00,46.38800000000001,0.36381823694980986,0,-0.11,-0.22,-0.11
2014-03-16 13:36:00,45.01600000000001,0.3124395570726133,0,-0.11,-0.22,-0.11
2014-03-16 13:41:00,48.968,0.4681643490158591,0,-0.11,-0.22,-0.11
2014-03-16 13:46:00,43.646,0.34404080853116104,0,-0.11,-0.22,-0.11
2014-03-16 13:51:00,46.066,0.35032936624481725,0,-0.11,-0.22,-0.11
2014-03-16 13:56:00,49.676,0.4957971162487124,0,-0.11,-0.22,-0.11
2014-03-16 14:01:00,43.56800000000001,0.3472123093390316,0,-0.11,-0.22,-0.11
2014-03-16 14:06:00,46.972,0.3837615113844861,0,-0.11,-0.22,-0.11
2014-03-16 14:11:00,45.63399999999999,0.3327101224909687,0,-0.11,-0.22,-0.11
2014-03-16 14:16:00,45.58,0.33057240506822305,0,-0.11,-0.22,-0.11
2014-03-16 14:21:00,45.258,0.3189698510041339,0,-0.11,-0.22,-0.11
2014-03-16 14:26:00,49.94,0.5035774571801648,0,-0.11,-0.22,-0.11
2014-03-16 14:31:00,40.961999999999996,0.4489532755341124,0,-0.11,-0.22,-0.11
2014-03-16 14:36:00,44.95399999999999,0.30774965652814185,0,-0.11,-0.22,-0.11
2014-03-16 14:41:00,43.816,0.338498752586434,0,-0.11,-0.22,-0.11
2014-03-16 14:46:00,45.86600000000001,0.3403272953499276,0,-0.11,-0.22,-0.11
2014-03-16 14:51:00,45.324,0.3206906093817249,0,-0.11,-0.22,-0.11
2014-03-16 14:56:00,49.578,0.4857055619008535,0,-0.11,-0.22,-0.11
2014-03-16 15:01:00,43.512,0.35008074961722435,0,-0.11,-0.22,-0.11
2014-03-16 15:06:00,43.96,0.3335436504816773,0,-0.11,-0.22,-0.11
2014-03-16 15:11:00,48.356,0.4346772490742147,0,-0.11,-0.22,-0.11
2014-03-16 15:16:00,46.593999999999994,0.365737663062154,0,-0.11,-0.22,-0.11
2014-03-16 15:21:00,43.04,0.3678720152699155,0,-0.11,-0.22,-0.11
2014-03-16 15:26:00,45.38399999999999,0.3215809424844601,0,-0.11,-0.22,-0.11
2014-03-16 15:31:00,47.042,0.38224492555309003,0,-0.11,-0.22,-0.11
2014-03-16 15:36:00,44.29600000000001,0.32256518374313425,0,-0.11,-0.22,-0.11
2014-03-16 15:41:00,46.924,0.3774137780111437,0,-0.11,-0.22,-0.11
2014-03-16 15:46:00,46.808,0.37251877735256017,0,-0.11,-0.22,-0.11
2014-03-16 15:51:00,44.11600000000001,0.32949114407672025,0,-0.11,-0.22,-0.11
2014-03-16 15:56:00,49.272,0.4683287932201964,0,-0.11,-0.22,-0.11
2014-03-16 16:01:00,43.75,0.34288687224644226,0,-0.11,-0.22,-0.11
2014-03-16 16:06:00,48.013999999999996,0.4194952765618645,0,-0.11,-0.22,-0.11
2014-03-16 16:11:00,44.378,0.3211813469931297,0,-0.11,-0.22,-0.11
2014-03-16 16:16:00,45.54,0.32542931577828155,0,-0.11,-0.22,-0.11
2014-03-16 16:21:00,48.78,0.4505777026999468,0,-0.11,-0.22,-0.11
2014-03-16 16:26:00,42.464,0.3928396376227389,0,-0.11,-0.22,-0.11
2014-03-16 16:31:00,45.233999999999995,0.3142792117717195,0,-0.11,-0.22,-0.11
2014-03-16 16:36:00,43.908,0.3381287476281072,0,-0.11,-0.22,-0.11
2014-03-16 16:41:00,45.623999999999995,0.3279604215856024,0,-0.11,-0.22,-0.11
2014-03-16 16:46:00,45.352,0.3181671366074542,0,-0.11,-0.22,-0.11
2014-03-16 16:51:00,48.122,0.42395663208103146,0,-0.11,-0.22,-0.11
2014-03-16 16:56:00,46.292,0.3520792242188669,0,-0.11,-0.22,-0.11
2014-03-16 17:01:00,44.684,0.31153677768362403,0,-0.11,-0.22,-0.11
2014-03-16 17:06:00,44.693999999999996,0.3111750779047224,0,-0.11,-0.22,-0.11
2014-03-16 17:11:00,46.798,0.3713419344097376,0,-0.11,-0.22,-0.11
2014-03-16 17:16:00,45.51,0.32306690956524703,0,-0.11,-0.22,-0.11
2014-03-16 17:21:00,45.56399999999999,0.3250258439979932,0,-0.11,-0.22,-0.11
2014-03-16 17:26:00,47.176,0.3853185927475285,0,-0.11,-0.22,-0.11
2014-03-16 17:31:00,43.286,0.36341608324905134,0,-0.11,-0.22,-0.11
2014-03-16 17:36:00,49.282,0.4713324919414595,0,-0.11,-0.22,-0.11
2014-03-16 17:41:00,46.202,0.34813027631857235,0,-0.11,-0.22,-0.11
2014-03-16 17:46:00,44.604,0.3161189995616516,0,-0.11,-0.22,-0.11
2014-03-16 17:51:00,45.70399999999999,0.3291864603888061,0,-0.11,-0.22,-0.11
2014-03-16 17:56:00,49.623999999999995,0.4853920248243032,0,-0.11,-0.22,-0.11
2014-03-16 18:01:00,43.968,0.33986802003932937,0,-0.11,-0.22,-0.11
2014-03-16 18:06:00,45.916000000000004,0.3368418151932294,0,-0.11,-0.22,-0.11
2014-03-16 18:11:00,47.3,0.3897116674637847,0,-0.11,-0.22,-0.11
2014-03-16 18:16:00,45.273999999999994,0.3128691174053329,0,-0.11,-0.22,-0.11
2014-03-16 18:21:00,46.76,0.3694591018480536,0,-0.11,-0.22,-0.11
2014-03-16 18:26:00,49.062,0.4636358296920486,0,-0.11,-0.22,-0.11
2014-03-16 18:31:00,40.846,0.4667620052422391,0,-0.11,-0.22,-0.11
2014-03-16 18:36:00,45.658,0.32735130665253565,0,-0.11,-0.22,-0.11
2014-03-16 18:41:00,45.68,0.3278401003937871,0,-0.11,-0.22,-0.11
2014-03-16 18:46:00,46.431999999999995,0.3561075507760741,0,-0.11,-0.22,-0.11
2014-03-16 18:51:00,46.478,0.3583253477593007,0,-0.11,-0.22,-0.11
2014-03-16 18:56:00,51.026,0.5461030633203888,0,-0.11,-0.22,-0.11
2014-03-16 19:01:00,42.5,0.3984230054782584,0,-0.11,-0.22,-0.11
2014-03-16 19:06:00,46.574,0.36072100987581796,0,-0.11,-0.22,-0.11
2014-03-16 19:11:00,50.14,0.50550175295956,0,-0.11,-0.22,-0.11
2014-03-16 19:16:00,43.052,0.37624673211830456,0,-0.11,-0.22,-0.11
2014-03-16 19:21:00,45.56399999999999,0.3222100888151967,0,-0.11,-0.22,-0.11
2014-03-16 19:26:00,47.488,0.3950567977006551,0,-0.11,-0.22,-0.11
2014-03-16 19:31:00,46.88399999999999,0.3710046383590114,0,-0.11,-0.22,-0.11
2014-03-16 19:36:00,45.282,0.3114572636828997,0,-0.11,-0.22,-0.11
2014-03-16 19:41:00,47.042,0.3765891388431032,0,-0.11,-0.22,-0.11
2014-03-16 19:46:00,45.68,0.32507584322233185,0,-0.11,-0.22,-0.11
2014-03-16 19:51:00,45.773999999999994,0.3285064648367457,0,-0.11,-0.22,-0.11
2014-03-16 19:56:00,51.821999999999996,0.5701098214015945,0,-0.11,-0.22,-0.11
2014-03-16 20:01:00,43.98,0.34174554482913283,0,-0.11,-0.22,-0.11
2014-03-16 20:06:00,47.16,0.3786596617111903,0,-0.11,-0.22,-0.11
2014-03-16 20:11:00,46.174,0.3413746190917193,0,-0.11,-0.22,-0.11
2014-03-16 20:16:00,45.678000000000004,0.32329031710668465,0,-0.11,-0.22,-0.11
2014-03-16 20:21:00,45.258,0.3086080236775243,0,-0.11,-0.22,-0.11
2014-03-16 20:26:00,47.488,0.3903783630406729,0,-0.11,-0.22,-0.11
2014-03-16 20:31:00,43.56399999999999,0.35801934028808297,0,-0.11,-0.22,-0.11
2014-03-16 20:36:00,45.756,0.3258325312220601,0,-0.11,-0.22,-0.11
2014-03-16 20:41:00,49.32,0.4620923576088658,0,-0.11,-0.22,-0.11
2014-03-16 20:46:00,41.808,0.4255103831387405,0,-0.11,-0.22,-0.11
2014-03-16 20:51:00,45.668,0.3222550944208462,0,-0.11,-0.22,-0.11
2014-03-16 20:56:00,49.526,0.4687196764708847,0,-0.11,-0.22,-0.11
2014-03-16 21:01:00,44.208,0.33491297072313964,0,-0.11,-0.22,-0.11
2014-03-16 21:06:00,46.056000000000004,0.3354332181954545,0,-0.11,-0.22,-0.11
2014-03-16 21:11:00,47.324,0.3817409524754951,0,-0.11,-0.22,-0.11
2014-03-16 21:16:00,47.324,0.38140648652456394,0,-0.11,-0.22,-0.11
2014-03-16 21:21:00,44.53,0.3241350416182492,0,-0.11,-0.22,-0.11
2014-03-16 21:26:00,45.54,0.3163286411887143,0,-0.11,-0.22,-0.11
2014-03-16 21:31:00,48.592,0.4295511878420448,0,-0.11,-0.22,-0.11
2014-03-16 21:36:00,43.48,0.3620259175473212,0,-0.11,-0.22,-0.11
2014-03-16 21:41:00,45.821999999999996,0.3260046393431898,0,-0.11,-0.22,-0.11
2014-03-16 21:46:00,45.821999999999996,0.325805430389533,0,-0.11,-0.22,-0.11
2014-03-16 21:51:00,47.536,0.3893645721139741,0,-0.11,-0.22,-0.11
2014-03-16 21:56:00,46.596000000000004,0.3532892359785472,0,-0.11,-0.22,-0.11
2014-03-16 22:01:00,47.982,0.4056679969969421,0,-0.11,-0.22,-0.11
2014-03-16 22:06:00,42.798,0.3902333852706867,0,-0.11,-0.22,-0.11
2014-03-16 22:11:00,47.63,0.3921484422003365,0,-0.11,-0.22,-0.11
2014-03-16 22:16:00,48.286,0.4170615699857445,0,-0.11,-0.22,-0.11
2014-03-16 22:21:00,43.008,0.3826354625502815,0,-0.11,-0.22,-0.11
2014-03-16 22:26:00,47.066,0.37021123340837625,0,-0.11,-0.22,-0.11
2014-03-16 22:31:00,46.648,0.3542630489774475,0,-0.11,-0.22,-0.11
2014-03-16 22:36:00,43.718,0.3565073229691179,0,-0.11,-0.22,-0.11
2014-03-16 22:41:00,45.37600000000001,0.30827262354329515,0,-0.11,-0.22,-0.11
2014-03-16 22:46:00,45.61,0.3163447650019348,0,-0.11,-0.22,-0.11
2014-03-16 22:51:00,45.63399999999999,0.3171651543628254,0,-0.11,-0.22,-0.11
2014-03-16 22:56:00,47.778,0.3966399068409853,0,-0.11,-0.22,-0.11
2014-03-16 23:01:00,47.276,0.3768692139613011,0,-0.11,-0.22,-0.11
2014-03-16 23:06:00,45.294,0.3052350404599106,0,-0.11,-0.22,-0.11
2014-03-16 23:11:00,47.681999999999995,0.3932058952125885,0,-0.11,-0.22,-0.11
2014-03-16 23:16:00,43.66,0.3605269263791271,0,-0.11,-0.22,-0.11
2014-03-16 23:21:00,45.916000000000004,0.3265516770739096,0,-0.11,-0.22,-0.11
2014-03-16 23:26:00,46.01,0.3297984944037218,0,-0.11,-0.22,-0.11
2014-03-16 23:31:00,47.254,0.3759479386447211,0,-0.11,-0.22,-0.11
2014-03-16 23:36:00,44.574,0.3270184980506761,0,-0.11,-0.22,-0.11
2014-03-16 23:41:00,48.592,0.42814028314114977,0,-0.11,-0.22,-0.11
2014-03-16 23:46:00,44.578,0.3276148840528862,0,-0.11,-0.22,-0.11
2014-03-16 23:51:00,45.982,0.3277219882225049,0,-0.11,-0.22,-0.11
2014-03-16 23:56:00,50.44600000000001,0.5019263383973916,0,-0.11,-0.22,-0.11
2014-03-17 00:01:00,45.56,0.3116265021786819,0,-0.11,-0.22,-0.11
2014-03-17 00:06:00,44.24800000000001,0.34027114721519786,0,-0.11,-0.22,-0.11
2014-03-17 00:11:00,46.972,0.3628599126575204,0,-0.11,-0.22,-0.11
2014-03-17 00:16:00,46.784,0.3554729697409399,0,-0.11,-0.22,-0.11
2014-03-17 00:21:00,44.108000000000004,0.3462629588303641,0,-0.11,-0.22,-0.11
2014-03-17 00:26:00,45.67,0.3149884406824104,0,-0.11,-0.22,-0.11
2014-03-17 00:31:00,47.35,0.3766654640010413,0,-0.11,-0.22,-0.11
2014-03-17 00:36:00,43.386,0.3739354188257312,0,-0.11,-0.22,-0.11
2014-03-17 00:41:00,45.763999999999996,0.31839818615959026,0,-0.11,-0.22,-0.11
2014-03-17 00:46:00,47.276,0.37419613039213695,0,-0.11,-0.22,-0.11
2014-03-17 00:51:00,44.228,0.3430739682054452,0,-0.11,-0.22,-0.11
2014-03-17 00:56:00,47.442,0.3802927559274004,0,-0.11,-0.22,-0.11
2014-03-17 01:01:00,45.902,0.3222564042314672,0,-0.11,-0.22,-0.11
2014-03-17 01:06:00,44.13800000000001,0.346699322387346,0,-0.11,-0.22,-0.11
2014-03-17 01:11:00,47.394,0.3785274911757676,0,-0.11,-0.22,-0.11
2014-03-17 01:16:00,45.846000000000004,0.3200733015489906,0,-0.11,-0.22,-0.11
2014-03-17 01:21:00,45.868,0.3208866764789812,0,-0.11,-0.22,-0.11
2014-03-17 01:26:00,45.63399999999999,0.3126992994553534,0,-0.11,-0.22,-0.11
2014-03-17 01:31:00,51.878,0.5623616424806566,0,-0.11,-0.22,-0.11
2014-03-17 01:36:00,40.586,0.4887172604569063,0,-0.11,-0.22,-0.11
2014-03-17 01:41:00,46.784,0.35297708231299785,0,-0.11,-0.22,-0.11
2014-03-17 01:46:00,45.38800000000001,0.3029713362317022,0,-0.11,-0.22,-0.11
2014-03-17 01:51:00,46.034,0.3253784515227861,0,-0.11,-0.22,-0.11
2014-03-17 01:56:00,47.11600000000001,0.3648505187373206,0,-0.11,-0.22,-0.11
2014-03-17 02:01:00,49.672,0.4650603017420255,0,-0.11,-0.22,-0.11
2014-03-17 02:06:00,43.472,0.37343408254013216,0,-0.11,-0.22,-0.11
2014-03-17 02:11:00,48.708,0.42539604218874616,0,-0.11,-0.22,-0.11
2014-03-17 02:16:00,44.013999999999996,0.3532198086704072,0,-0.11,-0.22,-0.11
2014-03-17 02:21:00,46.83,0.3527880552939185,0,-0.11,-0.22,-0.11
2014-03-17 02:26:00,44.108000000000004,0.3495194890648704,0,-0.11,-0.22,-0.11
2014-03-17 02:31:00,45.846000000000004,0.31727051197020506,0,-0.11,-0.22,-0.11
2014-03-17 02:36:00,47.192,0.366012554115134,0,-0.11,-0.22,-0.11
2014-03-17 02:41:00,43.662,0.366694368983523,0,-0.11,-0.22,-0.11
2014-03-17 02:46:00,47.111999999999995,0.3629424722777868,0,-0.11,-0.22,-0.11
2014-03-17 02:51:00,44.268,0.34400721193867645,0,-0.11,-0.22,-0.11
2014-03-17 02:56:00,47.994,0.3965491774836157,0,-0.11,-0.22,-0.11
2014-03-17 03:01:00,45.61,0.30860478568167976,0,-0.11,-0.22,-0.11
2014-03-17 03:06:00,45.504,0.30489731990283697,0,-0.11,-0.22,-0.11
2014-03-17 03:11:00,50.75,0.5051436171835844,0,-0.11,-0.22,-0.11
2014-03-17 03:16:00,40.846,0.4758544673573536,0,-0.11,-0.22,-0.11
2014-03-17 03:21:00,47.418,0.3728884593580056,0,-0.11,-0.22,-0.11
2014-03-17 03:26:00,44.24800000000001,0.3450730531436686,0,-0.11,-0.22,-0.11
2014-03-17 03:31:00,46.55,0.3407729366274283,0,-0.11,-0.22,-0.11
2014-03-17 03:36:00,44.658,0.3305395302640688,0,-0.11,-0.22,-0.11
2014-03-17 03:41:00,48.108000000000004,0.39860734497545697,0,-0.11,-0.22,-0.11
2014-03-17 03:46:00,43.45,0.3750948003837429,0,-0.11,-0.22,-0.11
2014-03-17 03:51:00,45.68,0.3100372491714807,0,-0.11,-0.22,-0.11
2014-03-17 03:56:00,50.163999999999994,0.4788346987086057,0,-0.11,-0.22,-0.11
2014-03-17 04:01:00,44.294,0.3441215874224954,0,-0.11,-0.22,-0.11
2014-03-17 04:06:00,44.24800000000001,0.34541090894007,0,-0.11,-0.22,-0.11
2014-03-17 04:11:00,47.16,0.3624818729733511,0,-0.11,-0.22,-0.11
2014-03-17 04:16:00,47.3,0.3672070611942985,0,-0.11,-0.22,-0.11
2014-03-17 04:21:00,43.718,0.3647535409577421,0,-0.11,-0.22,-0.11
2014-03-17 04:26:00,45.66,0.3093869064696036,0,-0.11,-0.22,-0.11
2014-03-17 04:31:00,44.974,0.3197888722581234,0,-0.11,-0.22,-0.11
2014-03-17 04:36:00,44.718,0.3291918595562427,0,-0.11,-0.22,-0.11
2014-03-17 04:41:00,46.254,0.32942722644197264,0,-0.11,-0.22,-0.11
2014-03-17 04:46:00,44.251999999999995,0.3458454749520342,0,-0.11,-0.22,-0.11
2014-03-17 04:51:00,43.333999999999996,0.37931905260724064,0,-0.11,-0.22,-0.11
2014-03-17 04:56:00,46.558,0.3407566717041517,0,-0.11,-0.22,-0.11
2014-03-17 05:01:00,43.588,0.3699856682355058,0,-0.11,-0.22,-0.11
2014-03-17 05:06:00,44.943999999999996,0.32084368434898725,0,-0.11,-0.22,-0.11
2014-03-17 05:11:00,48.166000000000004,0.4002860766861833,0,-0.11,-0.22,-0.11
2014-03-17 05:16:00,45.508,0.3041304472728817,0,-0.11,-0.22,-0.11
2014-03-17 05:21:00,41.948,0.4322976985874545,0,-0.11,-0.22,-0.11
2014-03-17 05:26:00,46.81800000000001,0.3497802041062172,0,-0.11,-0.22,-0.11
2014-03-17 05:31:00,41.738,0.44001027659153796,0,-0.11,-0.22,-0.11
2014-03-17 05:36:00,45.70399999999999,0.31079634971495124,0,-0.11,-0.22,-0.11
2014-03-17 05:41:00,45.118,0.3149901776730973,0,-0.11,-0.22,-0.11
2014-03-17 05:46:00,48.45,0.4102806049278263,0,-0.11,-0.22,-0.11
2014-03-17 05:51:00,42.428000000000004,0.4132775866261614,0,-0.11,-0.22,-0.11
2014-03-17 05:56:00,47.09,0.3588264301063788,0,-0.11,-0.22,-0.11
2014-03-17 06:01:00,45.282,0.3095163474616366,0,-0.11,-0.22,-0.11
2014-03-17 06:06:00,43.428000000000004,0.3751721052140347,0,-0.11,-0.22,-0.11
2014-03-17 06:11:00,49.038000000000004,0.4323393135676223,0,-0.11,-0.22,-0.11
2014-03-17 06:16:00,42.042,0.4277237408160437,0,-0.11,-0.22,-0.11
2014-03-17 06:21:00,46.532,0.3386748443644653,0,-0.11,-0.22,-0.11
2014-03-17 06:26:00,44.40600000000001,0.33980810247558835,0,-0.11,-0.22,-0.11
2014-03-17 06:31:00,43.522,0.3714777613140011,0,-0.11,-0.22,-0.11
2014-03-17 06:36:00,44.90600000000001,0.3221882619124044,0,-0.11,-0.22,-0.11
2014-03-17 06:41:00,45.04600000000001,0.3175770988751305,0,-0.11,-0.22,-0.11
2014-03-17 06:46:00,44.773999999999994,0.32700306511628024,0,-0.11,-0.22,-0.11
2014-03-17 06:51:00,44.776,0.3266043957459924,0,-0.11,-0.22,-0.11
2014-03-17 06:56:00,48.428000000000004,0.4086348313315938,0,-0.11,-0.22,-0.11
2014-03-17 07:01:00,43.428000000000004,0.3757165237386758,0,-0.11,-0.22,-0.11
2014-03-17 07:06:00,45.472,0.3033333017084334,0,-0.11,-0.22,-0.11
2014-03-17 07:11:00,45.468,0.3037679255102305,0,-0.11,-0.22,-0.11
2014-03-17 07:16:00,45.07,0.3171731189381999,0,-0.11,-0.22,-0.11
2014-03-17 07:21:00,45.47,0.3037379801946853,0,-0.11,-0.22,-0.11
2014-03-17 07:26:00,47.394,0.3695879840334381,0,-0.11,-0.22,-0.11
2014-03-17 07:31:00,42.746,0.4019476991755304,0,-0.11,-0.22,-0.11
2014-03-17 07:36:00,45.553999999999995,0.30486979320206803,0,-0.11,-0.22,-0.11
2014-03-17 07:41:00,45.976000000000006,0.3189379546168647,0,-0.11,-0.22,-0.11
2014-03-17 07:46:00,47.63,0.37785283724381397,0,-0.11,-0.22,-0.11
2014-03-17 07:51:00,42.268,0.4210181894530341,0,-0.11,-0.22,-0.11
2014-03-17 07:56:00,48.78,0.420845170958341,0,-0.11,-0.22,-0.11
2014-03-17 08:01:00,43.56800000000001,0.37178237018823895,0,-0.11,-0.22,-0.11
2014-03-17 08:06:00,45.001999999999995,0.320515379417199,0,-0.11,-0.22,-0.11
2014-03-17 08:11:00,46.426,0.33376074978950376,0,-0.11,-0.22,-0.11
2014-03-17 08:16:00,45.211999999999996,0.3137236454865712,0,-0.11,-0.22,-0.11
2014-03-17 08:21:00,46.104,0.3223160108737235,0,-0.11,-0.22,-0.11
2014-03-17 08:26:00,43.943999999999996,0.3582252634286985,0,-0.11,-0.22,-0.11
2014-03-17 08:31:00,49.724,0.4566569655823571,0,-0.11,-0.22,-0.11
2014-03-17 08:36:00,40.52,0.4883661438941298,0,-0.11,-0.22,-0.11
2014-03-17 08:41:00,44.93,0.323094991656086,0,-0.11,-0.22,-0.11
2014-03-17 08:46:00,44.88,0.3250258678029277,0,-0.11,-0.22,-0.11
2014-03-17 08:51:00,44.483999999999995,0.3386213334239724,0,-0.11,-0.22,-0.11
2014-03-17 08:56:00,48.071999999999996,0.3917196487906665,0,-0.11,-0.22,-0.11
2014-03-17 09:01:00,45.211999999999996,0.31419045620708885,0,-0.11,-0.22,-0.11
2014-03-17 09:06:00,43.286,0.38167370077740576,0,-0.11,-0.22,-0.11
2014-03-17 09:11:00,46.49,0.33503255813938515,0,-0.11,-0.22,-0.11
2014-03-17 09:16:00,47.724,0.3786504343195357,0,-0.11,-0.22,-0.11
2014-03-17 09:21:00,42.111999999999995,0.42622171364552747,0,-0.11,-0.22,-0.11
2014-03-17 09:26:00,44.788000000000004,0.32865010187671484,0,-0.11,-0.22,-0.11
2014-03-17 09:31:00,48.122,0.3926644559620808,0,-0.11,-0.22,-0.11
2014-03-17 09:36:00,42.26,0.4203613234948856,0,-0.11,-0.22,-0.11
2014-03-17 09:41:00,45.646,0.3055945382966352,0,-0.11,-0.22,-0.11
2014-03-17 09:46:00,44.86,0.32634686879266017,0,-0.11,-0.22,-0.11
2014-03-17 09:51:00,44.942,0.3235972330029131,0,-0.11,-0.22,-0.11
2014-03-17 09:56:00,47.15600000000001,0.35698258295982205,0,-0.11,-0.22,-0.11
2014-03-17 10:01:00,49.93,0.4598441076793067,0,-0.11,-0.22,-0.11
2014-03-17 10:06:00,41.808,0.4374802156850393,0,-0.11,-0.22,-0.11
2014-03-17 10:11:00,45.352,0.31065233159188105,0,-0.11,-0.22,-0.11
2014-03-17 10:16:00,44.93,0.32477954545910914,0,-0.11,-0.22,-0.11
2014-03-17 10:21:00,44.93,0.32442113308890863,0,-0.11,-0.22,-0.11
2014-03-17 10:26:00,45.07,0.3204843883983954,0,-0.11,-0.22,-0.11
2014-03-17 10:31:00,46.986000000000004,0.3502785119338188,0,-0.11,-0.22,-0.11
2014-03-17 10:36:00,43.18,0.3878454543613731,0,-0.11,-0.22,-0.11
2014-03-17 10:41:00,45.553999999999995,0.3045104592655948,0,-0.11,-0.22,-0.11
2014-03-17 10:46:00,46.55,0.3349745202452139,0,-0.11,-0.22,-0.11
2014-03-17 10:51:00,45.44600000000001,0.3079090280968176,0,-0.11,-0.22,-0.11
2014-03-17 10:56:00,45.728,0.30699753591447154,0,-0.11,-0.22,-0.11
2014-03-17 11:01:00,45.04600000000001,0.3219298512469265,0,-0.11,-0.22,-0.11
2014-03-17 11:06:00,47.136,0.3553455820750349,0,-0.11,-0.22,-0.11
2014-03-17 11:11:00,45.211999999999996,0.3165302996397426,0,-0.11,-0.22,-0.11
2014-03-17 11:16:00,45.306000000000004,0.3134877400194415,0,-0.11,-0.22,-0.11
2014-03-17 11:21:00,46.501999999999995,0.33296796820207114,0,-0.11,-0.22,-0.11
2014-03-17 11:26:00,43.908,0.3626839172025372,0,-0.11,-0.22,-0.11
2014-03-17 11:31:00,45.504,0.30691122803907817,0,-0.11,-0.22,-0.11
2014-03-17 11:36:00,48.356,0.3999176851541283,0,-0.11,-0.22,-0.11
2014-03-17 11:41:00,45.68,0.3040627918123502,0,-0.11,-0.22,-0.11
2014-03-17 11:46:00,41.443999999999996,0.456889342864041,0,-0.11,-0.22,-0.11
2014-03-17 11:51:00,46.106,0.3186780025576665,0,-0.11,-0.22,-0.11
2014-03-17 11:56:00,47.794,0.3781918378295971,0,-0.11,-0.22,-0.11
2014-03-17 12:01:00,46.924,0.346266278873658,0,-0.11,-0.22,-0.11
2014-03-17 12:06:00,45.934,0.3120879630776455,0,-0.11,-0.22,-0.11
2014-03-17 12:11:00,45.728,0.3049131047933008,0,-0.11,-0.22,-0.11
2014-03-17 12:16:00,43.96,0.3624315924429795,0,-0.11,-0.22,-0.11
2014-03-17 12:21:00,45.188,0.3187202823114149,0,-0.11,-0.22,-0.11
2014-03-17 12:26:00,44.86,0.3302016191755654,0,-0.11,-0.22,-0.11
2014-03-17 12:31:00,47.13,0.3537233753630111,0,-0.11,-0.22,-0.11
2014-03-17 12:36:00,45.961999999999996,0.3124854375092029,0,-0.11,-0.22,-0.11
2014-03-17 12:41:00,41.44600000000001,0.4587576442582589,0,-0.11,-0.22,-0.11
2014-03-17 12:46:00,44.95399999999999,0.32751085852095896,0,-0.11,-0.22,-0.11
2014-03-17 12:51:00,45.111999999999995,0.3219446165593333,0,-0.11,-0.22,-0.11
2014-03-17 12:56:00,46.908,0.3455678404460557,0,-0.11,-0.22,-0.11
2014-03-17 13:01:00,45.146,0.3214134028945857,0,-0.11,-0.22,-0.11
2014-03-17 13:06:00,47.512,0.3671967469705417,0,-0.11,-0.22,-0.11
2014-03-17 13:11:00,46.22,0.3208552410902263,0,-0.11,-0.22,-0.11
2014-03-17 13:16:00,43.192,0.3939274523354912,0,-0.11,-0.22,-0.11
2014-03-17 13:21:00,45.846000000000004,0.3079176658548485,0,-0.11,-0.22,-0.11
2014-03-17 13:26:00,42.903999999999996,0.4044591260767824,0,-0.11,-0.22,-0.11
2014-03-17 13:31:00,44.36600000000001,0.3498198194820405,0,-0.11,-0.22,-0.11
2014-03-17 13:36:00,47.042,0.3498703791255792,0,-0.11,-0.22,-0.11
2014-03-17 13:41:00,43.896,0.3674236143686337,0,-0.11,-0.22,-0.11
2014-03-17 13:46:00,45.868,0.30824756588215985,0,-0.11,-0.22,-0.11
2014-03-17 13:51:00,43.333999999999996,0.3886895761574647,0,-0.11,-0.22,-0.11
2014-03-17 13:56:00,46.198,0.3204021482441915,0,-0.11,-0.22,-0.11
2014-03-17 14:01:00,44.578,0.3439178600206555,0,-0.11,-0.22,-0.11
2014-03-17 14:06:00,47.324,0.3615102024315052,0,-0.11,-0.22,-0.11
2014-03-17 14:11:00,45.163999999999994,0.32317601258527073,0,-0.11,-0.22,-0.11
2014-03-17 14:16:00,42.75,0.41559189409909103,0,-0.11,-0.22,-0.11
2014-03-17 14:21:00,44.226000000000006,0.3572796150493557,0,-0.11,-0.22,-0.11
2014-03-17 14:26:00,45.961999999999996,0.3118212176120649,0,-0.11,-0.22,-0.11
2014-03-17 14:31:00,43.24,0.3956538325956551,0,-0.11,-0.22,-0.11
2014-03-17 14:36:00,44.53,0.3454587889807001,0,-0.11,-0.22,-0.11
2014-03-17 14:41:00,44.262,0.35543984951300633,0,-0.11,-0.22,-0.11
2014-03-17 14:46:00,46.452,0.3301880763892689,0,-0.11,-0.22,-0.11
2014-03-17 14:51:00,45.012,0.3275369856115541,0,-0.11,-0.22,-0.11
2014-03-17 14:56:00,43.472,0.3858515383739938,0,-0.11,-0.22,-0.11
2014-03-17 15:01:00,45.99800000000001,0.31438808051830314,0,-0.11,-0.22,-0.11
2014-03-17 15:06:00,43.38,0.3895545655927524,0,-0.11,-0.22,-0.11
2014-03-17 15:11:00,46.776,0.3431051545398284,0,-0.11,-0.22,-0.11
2014-03-17 15:16:00,44.76600000000001,0.3358234088819108,0,-0.11,-0.22,-0.11
2014-03-17 15:21:00,47.193999999999996,0.358866651467774,0,-0.11,-0.22,-0.11
2014-03-17 15:26:00,43.534,0.3830186958288945,0,-0.11,-0.22,-0.11
2014-03-17 15:31:00,45.372,0.3131300430251501,0,-0.11,-0.22,-0.11
2014-03-17 15:36:00,49.108000000000004,0.4369116065461592,0,-0.11,-0.22,-0.11
2014-03-17 15:41:00,42.77,0.4149406173588202,0,-0.11,-0.22,-0.11
2014-03-17 15:46:00,44.928000000000004,0.3303041669966174,0,-0.11,-0.22,-0.11
2014-03-17 15:51:00,46.924,0.3486651523531181,0,-0.11,-0.22,-0.11
2014-03-17 15:56:00,44.718,0.3381872134738361,0,-0.11,-0.22,-0.11
2014-03-17 16:01:00,45.328,0.3152079656764545,0,-0.11,-0.22,-0.11
2014-03-17 16:06:00,45.416000000000004,0.3122542278521647,0,-0.11,-0.22,-0.11
2014-03-17 16:11:00,47.794,0.3831739637349951,0,-0.11,-0.22,-0.11
2014-03-17 16:16:00,43.286,0.3944503041420059,0,-0.11,-0.22,-0.11
2014-03-17 16:21:00,49.132,0.4382276019990452,0,-0.11,-0.22,-0.11
2014-03-17 16:26:00,39.711999999999996,0.5432245517420873,0,-0.11,-0.22,-0.11
2014-03-17 16:31:00,44.53,0.3442588672391208,0,-0.11,-0.22,-0.11
2014-03-17 16:36:00,44.90600000000001,0.33001033438188593,0,-0.11,-0.22,-0.11
2014-03-17 16:41:00,44.508,0.3448799737665031,0,-0.11,-0.22,-0.11
2014-03-17 16:46:00,44.51600000000001,0.34428267789035155,0,-0.11,-0.22,-0.11
2014-03-17 16:51:00,47.488,0.3711259520775515,0,-0.11,-0.22,-0.11
2014-03-17 16:56:00,42.91,0.4068393620060624,0,-0.11,-0.22,-0.11
2014-03-17 17:01:00,44.32,0.3511006910227492,0,-0.11,-0.22,-0.11
2014-03-17 17:06:00,47.096000000000004,0.3565149574391892,0,-0.11,-0.22,-0.11
2014-03-17 17:11:00,43.63800000000001,0.3775087792606695,0,-0.11,-0.22,-0.11
2014-03-17 17:16:00,44.623999999999995,0.3395715836238363,0,-0.11,-0.22,-0.11
2014-03-17 17:21:00,46.644,0.3397565527866406,0,-0.11,-0.22,-0.11
2014-03-17 17:26:00,44.36600000000001,0.34905195296835884,0,-0.11,-0.22,-0.11
2014-03-17 17:31:00,46.422,0.33175266918494883,0,-0.11,-0.22,-0.11
2014-03-17 17:36:00,44.263999999999996,0.3535055516956744,0,-0.11,-0.22,-0.11
2014-03-17 17:41:00,45.798,0.3087792929615896,0,-0.11,-0.22,-0.11
2014-03-17 17:46:00,46.478,0.33363356255457105,0,-0.11,-0.22,-0.11
2014-03-17 17:51:00,45.54,0.30644178911684583,0,-0.11,-0.22,-0.11
2014-03-17 17:56:00,43.808,0.3712583256088692,0,-0.11,-0.22,-0.11
2014-03-17 18:01:00,44.90600000000001,0.3289169621802448,0,-0.11,-0.22,-0.11
2014-03-17 18:06:00,46.08,0.31942434927856,0,-0.11,-0.22,-0.11
2014-03-17 18:11:00,45.47,0.30854142991273664,0,-0.11,-0.22,-0.11
2014-03-17 18:16:00,46.418,0.3319159283548011,0,-0.11,-0.22,-0.11
2014-03-17 18:21:00,42.77,0.41262087870620384,0,-0.11,-0.22,-0.11
2014-03-17 18:26:00,44.882,0.3295357708125349,0,-0.11,-0.22,-0.11
2014-03-17 18:31:00,44.508,0.3432731135181076,0,-0.11,-0.22,-0.11
2014-03-17 18:36:00,47.37,0.36863570595529305,0,-0.11,-0.22,-0.11
2014-03-17 18:41:00,43.286,0.3913218432525669,0,-0.11,-0.22,-0.11
2014-03-17 18:46:00,43.38,0.3869716728234959,0,-0.11,-0.22,-0.11
2014-03-17 18:51:00,46.361999999999995,0.3309337935071202,0,-0.11,-0.22,-0.11
2014-03-17 18:56:00,44.6,0.3393603362410528,0,-0.11,-0.22,-0.11
2014-03-17 19:01:00,44.623999999999995,0.3380619342096505,0,-0.11,-0.22,-0.11
2014-03-17 19:06:00,44.46,0.344412886042349,0,-0.11,-0.22,-0.11
2014-03-17 19:11:00,46.522,0.3377968356004179,0,-0.11,-0.22,-0.11
2014-03-17 19:16:00,45.118,0.3194454115004713,0,-0.11,-0.22,-0.11
2014-03-17 19:21:00,48.052,0.3981121340719607,0,-0.11,-0.22,-0.11
2014-03-17 19:26:00,43.15,0.3957490962680672,0,-0.11,-0.22,-0.11
2014-03-17 19:31:00,45.29,0.3125723747722107,0,-0.11,-0.22,-0.11
2014-03-17 19:36:00,47.7,0.3848291841112925,0,-0.11,-0.22,-0.11
2014-03-17 19:41:00,47.018,0.35721757730524856,0,-0.11,-0.22,-0.11
2014-03-17 19:46:00,47.184,0.363520284943951,0,-0.11,-0.22,-0.11
2014-03-17 19:51:00,49.174,0.4448578522834232,0,-0.11,-0.22,-0.11
2014-03-17 19:56:00,47.04600000000001,0.3572967200815098,0,-0.11,-0.22,-0.11
2014-03-17 20:01:00,43.31,0.3909096075309118,0,-0.11,-0.22,-0.11
2014-03-17 20:06:00,47.242,0.3662956370078876,0,-0.11,-0.22,-0.11
2014-03-17 20:11:00,43.873999999999995,0.3683913424402188,0,-0.11,-0.22,-0.11
2014-03-17 20:16:00,44.43600000000001,0.3457591076730143,0,-0.11,-0.22,-0.11
2014-03-17 20:21:00,44.39,0.3478508532356719,0,-0.11,-0.22,-0.11
2014-03-17 20:26:00,46.31399999999999,0.3310348261066817,0,-0.11,-0.22,-0.11
2014-03-17 20:31:00,44.083999999999996,0.3597326791268077,0,-0.11,-0.22,-0.11
2014-03-17 20:36:00,43.262,0.3928412590727364,0,-0.11,-0.22,-0.11
2014-03-17 20:41:00,44.24,0.3527451671844921,0,-0.11,-0.22,-0.11
2014-03-17 20:46:00,44.576,0.33921156229262794,0,-0.11,-0.22,-0.11
2014-03-17 20:51:00,44.413999999999994,0.3453731839306214,0,-0.11,-0.22,-0.11
2014-03-17 20:56:00,48.826,0.4348390598444327,0,-0.11,-0.22,-0.11
2014-03-17 21:01:00,43.25,0.3928722631905175,0,-0.11,-0.22,-0.11
2014-03-17 21:06:00,43.772,0.3710574451062566,0,-0.11,-0.22,-0.11
2014-03-17 21:11:00,45.093999999999994,0.31834622598303697,0,-0.11,-0.22,-0.11
2014-03-17 21:16:00,44.812,0.32902956162396296,0,-0.11,-0.22,-0.11
2014-03-17 21:21:00,44.976000000000006,0.32260050804060203,0,-0.11,-0.22,-0.11
2014-03-17 21:26:00,44.25,0.3509623223322651,0,-0.11,-0.22,-0.11
2014-03-17 21:31:00,44.32,0.3477967417060952,0,-0.11,-0.22,-0.11
2014-03-17 21:36:00,47.042,0.3634097311132786,0,-0.11,-0.22,-0.11
2014-03-17 21:41:00,43.78,0.36985954194657744,0,-0.11,-0.22,-0.11
2014-03-17 21:46:00,46.596000000000004,0.3462517595508376,0,-0.11,-0.22,-0.11
2014-03-17 21:51:00,44.611999999999995,0.33682774140633065,0,-0.11,-0.22,-0.11
2014-03-17 21:56:00,46.032,0.32372454875668466,0,-0.11,-0.22,-0.11
2014-03-17 22:01:00,44.812,0.3285450908146808,0,-0.11,-0.22,-0.11
2014-03-17 22:06:00,46.361999999999995,0.3373361470516357,0,-0.11,-0.22,-0.11
2014-03-17 22:11:00,44.202,0.35316678445715216,0,-0.11,-0.22,-0.11
2014-03-17 22:16:00,44.342,0.3470890210393693,0,-0.11,-0.22,-0.11
2014-03-17 22:21:00,44.32,0.34762713799142714,0,-0.11,-0.22,-0.11
2014-03-17 22:26:00,45.56399999999999,0.3069840933567705,0,-0.11,-0.22,-0.11
2014-03-17 22:31:00,43.333999999999996,0.3886280491744034,0,-0.11,-0.22,-0.11
2014-03-17 22:36:00,49.43600000000001,0.4710500693164358,0,-0.11,-0.22,-0.11
2014-03-17 22:41:00,40.234,0.5248483394579349,0,-0.11,-0.22,-0.11
2014-03-17 22:46:00,44.108000000000004,0.35471620476930404,0,-0.11,-0.22,-0.11
2014-03-17 22:51:00,44.926,0.3222163558372725,0,-0.11,-0.22,-0.11
2014-03-17 22:56:00,45.926,0.3218551639865936,0,-0.11,-0.22,-0.11
2014-03-17 23:01:00,46.608000000000004,0.3487763251846297,0,-0.11,-0.22,-0.11
2014-03-17 23:06:00,48.63800000000001,0.4344108618728816,0,-0.11,-0.22,-0.11
2014-03-17 23:11:00,44.90600000000001,0.32320621479653106,0,-0.11,-0.22,-0.11
2014-03-17 23:16:00,44.578,0.3357241395017584,0,-0.11,-0.22,-0.11
2014-03-17 23:21:00,47.536,0.38769600817759015,0,-0.11,-0.22,-0.11
2014-03-17 23:26:00,42.16,0.4374873348271291,0,-0.11,-0.22,-0.11
2014-03-17 23:31:00,44.428000000000004,0.34114709341730426,0,-0.11,-0.22,-0.11
2014-03-17 23:36:00,48.544,0.4309577075634063,0,-0.11,-0.22,-0.11
2014-03-17 23:41:00,42.442,0.4239864329600189,0,-0.11,-0.22,-0.11
2014-03-17 23:46:00,44.578,0.3349233482204788,0,-0.11,-0.22,-0.11
2014-03-17 23:51:00,44.812,0.3256790781134242,0,-0.11,-0.22,-0.11
2014-03-17 23:56:00,46.292,0.33666491401189896,0,-0.11,-0.22,-0.11
2014-03-18 00:01:00,44.742,0.32814363945873315,0,-0.11,-0.22,-0.11
2014-03-18 00:06:00,46.08,0.32901090265558963,0,-0.11,-0.22,-0.11
2014-03-18 00:11:00,45.352,0.304684471025368,0,-0.11,-0.22,-0.11
2014-03-18 00:16:00,43.42,0.3811241210687856,0,-0.11,-0.22,-0.11
2014-03-18 00:21:00,43.49800000000001,0.37780995233517056,0,-0.11,-0.22,-0.11
2014-03-18 00:26:00,44.39,0.3411378685477893,0,-0.11,-0.22,-0.11
2014-03-18 00:31:00,44.6,0.3326369192145877,0,-0.11,-0.22,-0.11
2014-03-18 00:36:00,47.31399999999999,0.3800203523911779,0,-0.11,-0.22,-0.11
2014-03-18 00:41:00,42.864,0.4037288337649612,0,-0.11,-0.22,-0.11
2014-03-18 00:46:00,44.556000000000004,0.33368256891923964,0,-0.11,-0.22,-0.11
2014-03-18 00:51:00,44.812,0.32369434717682705,0,-0.11,-0.22,-0.11
2014-03-18 00:56:00,47.91,0.4057733879865624,0,-0.11,-0.22,-0.11
2014-03-18 01:01:00,44.788000000000004,0.3243454720110797,0,-0.11,-0.22,-0.11
2014-03-18 01:06:00,42.512,0.4186478766728236,0,-0.11,-0.22,-0.11
2014-03-18 01:11:00,43.496,0.376141738992178,0,-0.11,-0.22,-0.11
2014-03-18 01:16:00,45.51600000000001,0.310137763312452,0,-0.11,-0.22,-0.11
2014-03-18 01:21:00,45.07,0.3124653817550789,0,-0.11,-0.22,-0.11
2014-03-18 01:26:00,44.43600000000001,0.337348746387431,0,-0.11,-0.22,-0.11
2014-03-18 01:31:00,46.62,0.3538846749840661,0,-0.11,-0.22,-0.11
2014-03-18 01:36:00,46.878,0.3646289275833983,0,-0.11,-0.22,-0.11
2014-03-18 01:41:00,45.328,0.30300096711847496,0,-0.11,-0.22,-0.11
2014-03-18 01:46:00,44.802,0.32311263929624634,0,-0.11,-0.22,-0.11
2014-03-18 01:51:00,47.69,0.3989239714498796,0,-0.11,-0.22,-0.11
2014-03-18 01:56:00,41.996,0.4405934788546653,0,-0.11,-0.22,-0.11
2014-03-18 02:01:00,45.233999999999995,0.30592423257265405,0,-0.11,-0.22,-0.11
2014-03-18 02:06:00,44.648,0.32838801096971376,0,-0.11,-0.22,-0.11
2014-03-18 02:11:00,46.808,0.36182313024302615,0,-0.11,-0.22,-0.11
2014-03-18 02:16:00,42.79,0.4050048361601524,0,-0.11,-0.22,-0.11
2014-03-18 02:21:00,44.90600000000001,0.31793121666126645,0,-0.11,-0.22,-0.11
2014-03-18 02:26:00,44.742,0.3241533125296209,0,-0.11,-0.22,-0.11
2014-03-18 02:31:00,44.83,0.3206242310232911,0,-0.11,-0.22,-0.11
2014-03-18 02:36:00,46.76,0.3627429447002892,0,-0.11,-0.22,-0.11
2014-03-18 02:41:00,45.63399999999999,0.3163380535570642,0,-0.11,-0.22,-0.11
2014-03-18 02:46:00,41.88399999999999,0.4477639925820368,0,-0.11,-0.22,-0.11
2014-03-18 02:51:00,44.43600000000001,0.3361915815608135,0,-0.11,-0.22,-0.11
2014-03-18 02:56:00,45.118,0.3088457892326123,0,-0.11,-0.22,-0.11
2014-03-18 03:01:00,44.938,0.3156477832115444,0,-0.11,-0.22,-0.11
2014-03-18 03:06:00,45.093999999999994,0.3089756798219245,0,-0.11,-0.22,-0.11
2014-03-18 03:11:00,47.958,0.4172087503584399,0,-0.11,-0.22,-0.11
2014-03-18 03:16:00,43.356,0.38160260744377095,0,-0.11,-0.22,-0.11
2014-03-18 03:21:00,46.29600000000001,0.34528106165254463,0,-0.11,-0.22,-0.11
2014-03-18 03:26:00,46.12600000000001,0.3383140867590112,0,-0.11,-0.22,-0.11
2014-03-18 03:31:00,41.57,0.4620995530751008,0,-0.11,-0.22,-0.11
2014-03-18 03:36:00,45.51600000000001,0.31376901406484725,0,-0.11,-0.22,-0.11
2014-03-18 03:41:00,47.614,0.4024634849237837,0,-0.11,-0.22,-0.11
2014-03-18 03:46:00,43.013999999999996,0.3958300443221341,0,-0.11,-0.22,-0.11
2014-03-18 03:51:00,45.466,0.3120298308995028,0,-0.11,-0.22,-0.11
2014-03-18 03:56:00,46.338,0.3472528295544242,0,-0.11,-0.22,-0.11
2014-03-18 04:01:00,46.338,0.3476327575416563,0,-0.11,-0.22,-0.11
2014-03-18 04:06:00,43.45,0.3764697448576684,0,-0.11,-0.22,-0.11
2014-03-18 04:11:00,48.873999999999995,0.4594439145334165,0,-0.11,-0.22,-0.11
2014-03-18 04:16:00,44.202,0.3443073049397868,0,-0.11,-0.22,-0.11
2014-03-18 04:21:00,42.72,0.4103252930928778,0,-0.11,-0.22,-0.11
2014-03-18 04:26:00,43.24,0.38621319778224905,0,-0.11,-0.22,-0.11
2014-03-18 04:31:00,44.59,0.32810079048923124,0,-0.11,-0.22,-0.11
2014-03-18 04:36:00,46.872,0.3724071564794895,0,-0.11,-0.22,-0.11
2014-03-18 04:41:00,43.262,0.3849441063305225,0,-0.11,-0.22,-0.11
2014-03-18 04:46:00,48.802,0.4604603932248427,0,-0.11,-0.22,-0.11
2014-03-18 04:51:00,43.56800000000001,0.3713811027537203,0,-0.11,-0.22,-0.11
2014-03-18 04:56:00,46.784,0.3681183357352111,0,-0.11,-0.22,-0.11
2014-03-18 05:01:00,47.464,0.3996903705028499,0,-0.11,-0.22,-0.11
2014-03-18 05:06:00,42.184,0.43405003047792395,0,-0.11,-0.22,-0.11
2014-03-18 05:11:00,47.464,0.3988522196399293,0,-0.11,-0.22,-0.11
2014-03-18 05:16:00,45.44600000000001,0.3126357259444091,0,-0.11,-0.22,-0.11
2014-03-18 05:21:00,43.88800000000001,0.3570263007694497,0,-0.11,-0.22,-0.11
2014-03-18 05:26:00,45.328,0.3081537027052247,0,-0.11,-0.22,-0.11
2014-03-18 05:31:00,44.726000000000006,0.32184212125568723,0,-0.11,-0.22,-0.11
2014-03-18 05:36:00,45.32,0.3079115181754064,0,-0.11,-0.22,-0.11
2014-03-18 05:41:00,45.868,0.3301299010250145,0,-0.11,-0.22,-0.11
2014-03-18 05:46:00,51.104,0.5680958293534771,0,-0.11,-0.22,-0.11
2014-03-18 05:51:00,40.436,0.5118683910071445,0,-0.11,-0.22,-0.11
2014-03-18 05:56:00,46.99,0.3755548816705136,0,-0.11,-0.22,-0.11
2014-03-18 06:01:00,45.38,0.3095132394850309,0,-0.11,-0.22,-0.11
2014-03-18 06:06:00,45.68,0.3211061150297345,0,-0.11,-0.22,-0.11
2014-03-18 06:11:00,47.066,0.37843231135582817,0,-0.11,-0.22,-0.11
2014-03-18 06:16:00,44.90600000000001,0.3150125658847582,0,-0.11,-0.22,-0.11
2014-03-18 06:21:00,46.722,0.3641902569076951,0,-0.11,-0.22,-0.11
2014-03-18 06:26:00,44.042,0.3508689426028716,0,-0.11,-0.22,-0.11
2014-03-18 06:31:00,43.146,0.38887294073291184,0,-0.11,-0.22,-0.11
2014-03-18 06:36:00,43.623999999999995,0.368675651627699,0,-0.11,-0.22,-0.11
2014-03-18 06:41:00,47.77,0.4103098291066901,0,-0.11,-0.22,-0.11
2014-03-18 06:46:00,44.718,0.3230208891362352,0,-0.11,-0.22,-0.11
2014-03-18 06:51:00,47.464,0.3970774380257411,0,-0.11,-0.22,-0.11
2014-03-18 06:56:00,45.674,0.32053563676413593,0,-0.11,-0.22,-0.11
2014-03-18 07:01:00,46.15,0.34026962878231715,0,-0.11,-0.22,-0.11
2014-03-18 07:06:00,44.108000000000004,0.34847879289220884,0,-0.11,-0.22,-0.11
2014-03-18 07:11:00,47.606,0.4029991032044976,0,-0.11,-0.22,-0.11
2014-03-18 07:16:00,45.19,0.3043701706753529,0,-0.11,-0.22,-0.11
2014-03-18 07:21:00,47.666000000000004,0.4065047703711096,0,-0.11,-0.22,-0.11
2014-03-18 07:26:00,45.352,0.307355410991335,0,-0.11,-0.22,-0.11
2014-03-18 07:31:00,44.272,0.34260563516397785,0,-0.11,-0.22,-0.11
2014-03-18 07:36:00,48.032,0.4226081009205611,0,-0.11,-0.22,-0.11
2014-03-18 07:41:00,46.408,0.3500648139912521,0,-0.11,-0.22,-0.11
2014-03-18 07:46:00,45.37600000000001,0.3074754318979985,0,-0.11,-0.22,-0.11
2014-03-18 07:51:00,46.76,0.3648153027857977,0,-0.11,-0.22,-0.11
2014-03-18 07:56:00,44.913999999999994,0.3171007827025487,0,-0.11,-0.22,-0.11
2014-03-18 08:01:00,45.938,0.3304471757813879,0,-0.11,-0.22,-0.11
2014-03-18 08:06:00,45.821999999999996,0.3253558849921361,0,-0.11,-0.22,-0.11
2014-03-18 08:11:00,49.693999999999996,0.4989302697573609,0,-0.11,-0.22,-0.11
2014-03-18 08:16:00,43.79,0.3642971339324486,0,-0.11,-0.22,-0.11
2014-03-18 08:21:00,44.61600000000001,0.3294142631329481,0,-0.11,-0.22,-0.11
2014-03-18 08:26:00,46.292,0.3441285744204733,0,-0.11,-0.22,-0.11
2014-03-18 08:31:00,43.56800000000001,0.3734471867291671,0,-0.11,-0.22,-0.11
2014-03-18 08:36:00,44.326,0.34136116138079703,0,-0.11,-0.22,-0.11
2014-03-18 08:41:00,45.04600000000001,0.311780900904195,0,-0.11,-0.22,-0.11
2014-03-18 08:46:00,46.83600000000001,0.3677853815643238,0,-0.11,-0.22,-0.11
2014-03-18 08:51:00,44.648,0.32767173430607993,0,-0.11,-0.22,-0.11
2014-03-18 08:56:00,50.574,0.539372157586938,0,-0.11,-0.22,-0.11
2014-03-18 09:01:00,43.99,0.3555833338582581,0,-0.11,-0.22,-0.11
2014-03-18 09:06:00,43.522,0.37581624625949867,0,-0.11,-0.22,-0.11
2014-03-18 09:11:00,46.738,0.3630415854735565,0,-0.11,-0.22,-0.11
2014-03-18 09:16:00,44.556000000000004,0.33177691293791883,0,-0.11,-0.22,-0.11
2014-03-18 09:21:00,46.104,0.33636868948341275,0,-0.11,-0.22,-0.11
2014-03-18 09:26:00,43.028,0.3970546569969387,0,-0.11,-0.22,-0.11
2014-03-18 09:31:00,46.001999999999995,0.3322420375408903,0,-0.11,-0.22,-0.11
2014-03-18 09:36:00,43.99800000000001,0.3547512317463334,0,-0.11,-0.22,-0.11
2014-03-18 09:41:00,48.17,0.4290170682034385,0,-0.11,-0.22,-0.11
2014-03-18 09:46:00,42.442,0.4255411114653773,0,-0.11,-0.22,-0.11
2014-03-18 09:51:00,44.76600000000001,0.3232942565493615,0,-0.11,-0.22,-0.11
2014-03-18 09:56:00,46.85,0.3686189236114912,0,-0.11,-0.22,-0.11
2014-03-18 10:01:00,48.63800000000001,0.4499281239519434,0,-0.11,-0.22,-0.11
2014-03-18 10:06:00,42.206,0.4354207582461842,0,-0.11,-0.22,-0.11
2014-03-18 10:11:00,48.17,0.4267756016154243,0,-0.11,-0.22,-0.11
2014-03-18 10:16:00,46.01,0.3321665875051193,0,-0.11,-0.22,-0.11
2014-03-18 10:21:00,45.282,0.30315903173644115,0,-0.11,-0.22,-0.11
2014-03-18 10:26:00,44.6,0.33071701419111565,0,-0.11,-0.22,-0.11
2014-03-18 10:31:00,49.226000000000006,0.4757256579746091,0,-0.11,-0.22,-0.11
2014-03-18 10:36:00,45.306000000000004,0.303567608627687,0,-0.11,-0.22,-0.11
2014-03-18 10:41:00,45.821999999999996,0.3239356872825721,0,-0.11,-0.22,-0.11
2014-03-18 10:46:00,45.07,0.3121321459885247,0,-0.11,-0.22,-0.11
2014-03-18 10:51:00,46.174,0.3384632483667544,0,-0.11,-0.22,-0.11
2014-03-18 10:56:00,47.84,0.4110848028164117,0,-0.11,-0.22,-0.11
2014-03-18 11:01:00,46.244,0.34105766075293115,0,-0.11,-0.22,-0.11
2014-03-18 11:06:00,49.53,0.4914372684885856,0,-0.11,-0.22,-0.11
2014-03-18 11:11:00,46.31399999999999,0.3437647262069748,0,-0.11,-0.22,-0.11
2014-03-18 11:16:00,50.994,0.5579466958372028,0,-0.11,-0.22,-0.11
2014-03-18 11:21:00,42.343999999999994,0.4308632097640631,0,-0.11,-0.22,-0.11
2014-03-18 11:26:00,46.361999999999995,0.3442417141023797,0,-0.11,-0.22,-0.11
2014-03-18 11:31:00,48.333999999999996,0.42985995548409694,0,-0.11,-0.22,-0.11
2014-03-18 11:36:00,45.328,0.3035973550941381,0,-0.11,-0.22,-0.11
2014-03-18 11:41:00,47.934,0.411309961458568,0,-0.11,-0.22,-0.11
2014-03-18 11:46:00,46.501999999999995,0.3488633004646134,0,-0.11,-0.22,-0.11
2014-03-18 11:51:00,48.52,0.4368075714033425,0,-0.11,-0.22,-0.11
2014-03-18 11:56:00,47.106,0.3736113412076006,0,-0.11,-0.22,-0.11
2014-03-18 12:01:00,50.56399999999999,0.5278955597564604,0,-0.11,-0.22,-0.11
2014-03-18 12:06:00,42.794,0.4094659619452576,0,-0.11,-0.22,-0.11
2014-03-18 12:11:00,48.273999999999994,0.4221768897004449,0,-0.11,-0.22,-0.11
2014-03-18 12:16:00,46.714,0.3551398981595392,0,-0.11,-0.22,-0.11
2014-03-18 12:21:00,46.536,0.3476602302061483,0,-0.11,-0.22,-0.11
2014-03-18 12:26:00,46.512,0.34668274687464296,0,-0.11,-0.22,-0.11
2014-03-18 12:31:00,50.028,0.4982404358051775,0,-0.11,-0.22,-0.11
2014-03-18 12:36:00,43.12,0.3948270043905545,0,-0.11,-0.22,-0.11
2014-03-18 12:41:00,46.153999999999996,0.33186240404099104,0,-0.11,-0.22,-0.11
2014-03-18 12:46:00,46.292,0.3372335884317069,0,-0.11,-0.22,-0.11
2014-03-18 12:51:00,48.92,0.4480068641803657,0,-0.11,-0.22,-0.11
2014-03-18 12:56:00,45.52,0.3064321069498689,0,-0.11,-0.22,-0.11
2014-03-18 13:01:00,46.684,0.3524062919334101,0,-0.11,-0.22,-0.11
2014-03-18 13:06:00,48.592,0.43318257879592403,0,-0.11,-0.22,-0.11
2014-03-18 13:11:00,46.268,0.3352516466368473,0,-0.11,-0.22,-0.11
2014-03-18 13:16:00,47.898,0.4021846204291392,0,-0.11,-0.22,-0.11
2014-03-18 13:21:00,45.57,0.3077194609821836,0,-0.11,-0.22,-0.11
2014-03-18 13:26:00,47.04,0.3655634032425695,0,-0.11,-0.22,-0.11
2014-03-18 13:31:00,48.61600000000001,0.4317545704493353,0,-0.11,-0.22,-0.11
2014-03-18 13:36:00,45.513999999999996,0.3051005983389836,0,-0.11,-0.22,-0.11
2014-03-18 13:41:00,50.916000000000004,0.5318434290812851,0,-0.11,-0.22,-0.11
2014-03-18 13:46:00,42.018,0.4435032553486978,0,-0.11,-0.22,-0.11
2014-03-18 13:51:00,46.174,0.3291601873697635,0,-0.11,-0.22,-0.11
2014-03-18 13:56:00,45.396,0.30602660752159033,0,-0.11,-0.22,-0.11
2014-03-18 14:01:00,47.522,0.38295742403594335,0,-0.11,-0.22,-0.11
2014-03-18 14:06:00,43.052,0.39865889749214395,0,-0.11,-0.22,-0.11
2014-03-18 14:11:00,46.592,0.345657419070793,0,-0.11,-0.22,-0.11
2014-03-18 14:16:00,45.082,0.3173092938030979,0,-0.11,-0.22,-0.11
2014-03-18 14:21:00,49.943999999999996,0.4859837195475898,0,-0.11,-0.22,-0.11
2014-03-18 14:26:00,42.053999999999995,0.44000165641983024,0,-0.11,-0.22,-0.11
2014-03-18 14:31:00,48.004,0.40124965762933257,0,-0.11,-0.22,-0.11
2014-03-18 14:36:00,43.604,0.37560774640724737,0,-0.11,-0.22,-0.11
2014-03-18 14:41:00,45.794,0.3141804654505341,0,-0.11,-0.22,-0.11
2014-03-18 14:46:00,45.422,0.30552773280946105,0,-0.11,-0.22,-0.11
2014-03-18 14:51:00,45.44600000000001,0.3046000182512894,0,-0.11,-0.22,-0.11
2014-03-18 14:56:00,47.276,0.3711013190232609,0,-0.11,-0.22,-0.11
2014-03-18 15:01:00,48.732,0.4308907893834276,0,-0.11,-0.22,-0.11
2014-03-18 15:06:00,41.666000000000004,0.4565243931542366,0,-0.11,-0.22,-0.11
2014-03-18 15:11:00,50.06399999999999,0.4861021721183807,0,-0.11,-0.22,-0.11
2014-03-18 15:16:00,42.3,0.4277857032445593,0,-0.11,-0.22,-0.11
2014-03-18 15:21:00,44.792,0.3291752364398676,0,-0.11,-0.22,-0.11
2014-03-18 15:26:00,45.0,0.3215568382370545,0,-0.11,-0.22,-0.11
2014-03-18 15:31:00,45.891999999999996,0.31668748931697954,0,-0.11,-0.22,-0.11
2014-03-18 15:36:00,48.076,0.40102240840521497,0,-0.11,-0.22,-0.11
2014-03-18 15:41:00,44.153999999999996,0.35410785846026577,0,-0.11,-0.22,-0.11
2014-03-18 15:46:00,46.292,0.3306975383339151,0,-0.11,-0.22,-0.11
2014-03-18 15:51:00,43.943999999999996,0.3622137932381732,0,-0.11,-0.22,-0.11
2014-03-18 15:56:00,46.996,0.3575899446834802,0,-0.11,-0.22,-0.11
2014-03-18 16:01:00,48.104,0.4011311168453859,0,-0.11,-0.22,-0.11
2014-03-18 16:06:00,45.782,0.31139429641985805,0,-0.11,-0.22,-0.11
2014-03-18 16:11:00,46.292,0.3298332185768869,0,-0.11,-0.22,-0.11
2014-03-18 16:16:00,46.044,0.3207288157722907,0,-0.11,-0.22,-0.11
2014-03-18 16:21:00,45.413999999999994,0.30803625674421986,0,-0.11,-0.22,-0.11
2014-03-18 16:26:00,45.644,0.3062833379288216,0,-0.11,-0.22,-0.11
2014-03-18 16:31:00,45.352,0.3103300004774383,0,-0.11,-0.22,-0.11
2014-03-18 16:36:00,42.604,0.4172860994408182,0,-0.11,-0.22,-0.11
2014-03-18 16:41:00,44.81399999999999,0.32936207205224016,0,-0.11,-0.22,-0.11
2014-03-18 16:46:00,47.63,0.3825660336766573,0,-0.11,-0.22,-0.11
2014-03-18 16:51:00,41.956,0.4443676824354302,0,-0.11,-0.22,-0.11
2014-03-18 16:56:00,46.338,0.3323044564245525,0,-0.11,-0.22,-0.11
2014-03-18 17:01:00,46.668,0.34457343256500444,0,-0.11,-0.22,-0.11
2014-03-18 17:06:00,45.56399999999999,0.303620754329802,1,1.0,1.0,1.0
2014-03-18 17:11:00,44.718,0.3332065102624856,1,0.9994916402083598,0.9994916402083598,0.9994916402083598
2014-03-18 17:16:00,44.882,0.32675186864841765,1,0.9989643705901736,0.9989643705901736,0.9989643705901737
2014-03-18 17:21:00,45.352,0.3097249865155925,1,0.9984174982820102,0.9984174982820102,0.9984174982820102
2014-03-18 17:26:00,44.9,0.3259898836836469,1,0.9978503058372932,0.9978503058372932,0.9978503058372932
2014-03-18 17:31:00,47.273999999999994,0.3694790216616983,1,0.9972620504155558,0.9972620504155558,0.997262050415556
2014-03-18 17:36:00,46.816,0.35082786179024417,1,0.9966519629497368,0.9966519629497368,0.9966519629497367
2014-03-18 17:41:00,45.868,0.3142597104491318,1,0.9960192472912966,0.9960192472912966,0.9960192472912966
2014-03-18 17:46:00,44.86,0.3292617668031923,1,0.9953630793329976,0.9953630793329976,0.9953630793329976
2014-03-18 17:51:00,44.976000000000006,0.3249016453756912,1,0.9946826061092024,0.9946826061092024,0.9946826061092024
2014-03-18 17:56:00,46.303999999999995,0.3308697384610833,1,0.9939769448736142,0.9939769448736142,0.9939769448736142
2014-03-18 18:01:00,46.501999999999995,0.3381657108303366,1,0.9932451821544114,0.9932451821544114,0.9932451821544114
2014-03-18 18:06:00,43.602,0.3797609101009135,1,0.9924863727868002,0.9924863727868002,0.9924863727868002
2014-03-18 18:11:00,46.88,0.353152476638213,1,0.9916995389230512,0.9916995389230512,0.9916995389230513
2014-03-18 18:16:00,45.58600000000001,0.30331678165372605,1,0.9908836690201672,0.9908836690201672,0.9908836690201672
2014-03-18 18:21:00,47.88800000000001,0.3935882032164221,1,0.990037716805386,0.990037716805386,0.990037716805386
2014-03-18 18:26:00,42.464,0.4273739271860189,1,0.9891606002198192,0.9891606002198192,0.9891606002198191
2014-03-18 18:31:00,46.556000000000004,0.3397992542453965,1,0.9882512003405886,0.9882512003405886,0.9882512003405886
2014-03-18 18:36:00,42.724,0.4156753839195539,1,0.9873083602819422,0.9873083602819422,0.9873083602819422
2014-03-18 18:41:00,44.6,0.33941000601169513,1,0.9863308840759096,0.9863308840759096,0.9863308840759097
2014-03-18 18:46:00,44.578,0.34009051925857764,1,0.9853175355331834,0.9853175355331834,0.9853175355331834
2014-03-18 18:51:00,44.6,0.3389943892106564,1,0.9842670370850216,0.9842670370850216,0.9842670370850216
2014-03-18 18:56:00,46.15,0.3248494149478065,1,0.983178068607105,0.983178068607105,0.983178068607105
2014-03-18 19:01:00,48.31,0.41079637888213616,1,0.9820492662264082,0.9820492662264082,0.9820492662264082
2014-03-18 19:06:00,44.132,0.35777428107257137,1,0.9808792211123092,0.9808792211123092,0.9808792211123092
2014-03-18 19:11:00,43.403999999999996,0.3866475218905787,1,0.979666478253318,0.9796664782533179,0.979666478253318
2014-03-18 19:16:00,44.648,0.3370644326891733,1,0.9784095352209649,0.9784095352209649,0.9784095352209647
2014-03-18 19:21:00,45.128,0.3187295345838396,1,0.9771068409226044,0.9771068409226044,0.9771068409226045
2014-03-18 19:26:00,45.846000000000004,0.3131821340134005,1,0.9757567943450624,0.9757567943450624,0.9757567943450624
2014-03-18 19:31:00,47.488,0.3766819016627596,1,0.9743577432912788,0.9743577432912788,0.9743577432912787
2014-03-18 19:36:00,43.732,0.3737407112925663,1,0.9729079831123338,0.9729079831123338,0.9729079831123338
2014-03-18 19:41:00,48.312,0.4104179671026021,1,0.9714057554374759,0.971405755437476,0.9714057554374759
2014-03-18 19:46:00,44.36600000000001,0.34876793370004644,1,0.9698492469050356,0.9698492469050356,0.9698492469050356
2014-03-18 19:51:00,48.63800000000001,0.4232466449094161,1,0.968236587897382,0.9682365878973821,0.968236587897382
2014-03-18 19:56:00,44.89,0.3289962045255721,1,0.9665658512833846,0.9665658512833846,0.9665658512833846
2014-03-18 20:01:00,47.724,0.3848041874326649,1,0.9648350511721188,0.9648350511721188,0.9648350511721188
2014-03-18 20:06:00,43.78,0.3725426971638725,1,0.9630421416819341,0.963042141681934,0.9630421416819341
2014-03-18 20:11:00,47.606,0.3795138179291436,1,0.9611850157292924,0.9611850157292924,0.9611850157292924
2014-03-18 20:16:00,46.361999999999995,0.3307604692428618,1,0.9592615038422002,0.9592615038422002,0.9592615038422002
2014-03-18 20:21:00,43.56800000000001,0.38107089076970985,1,0.9572693730034064,0.9572693730034064,0.9572693730034064
2014-03-18 20:26:00,44.391999999999996,0.3480041024658058,1,0.9552063255289632,0.9552063255289632,0.9552063255289633
2014-03-18 20:31:00,46.55,0.3382421924997807,1,0.9530699979881596,0.9530699979881596,0.9530699979881596
2014-03-18 20:36:00,42.746,0.4146330059725695,1,0.9508579601712844,0.9508579601712844,0.9508579601712845
2014-03-18 20:41:00,49.013999999999996,0.43805354383554795,1,0.9485677141121426,0.9485677141121426,0.9485677141121426
2014-03-18 20:46:00,43.943999999999996,0.3652044879190213,1,0.9461966931727138,0.9461966931727138,0.9461966931727138
2014-03-18 20:51:00,45.188,0.3173479177293997,1,0.9437422611978667,0.9437422611978667,0.9437422611978669
2014-03-18 20:56:00,46.74,0.3466679934194553,1,0.9412017117485396,0.9412017117485396,0.9412017117485397
2014-03-18 21:01:00,47.57,0.37950124086213066,1,0.9385722674223378,0.9385722674223378,0.9385722674223378
2014-03-18 21:06:00,41.891999999999996,0.4496329974541064,1,0.935851079271065,0.935851079271065,0.935851079271065
2014-03-18 21:11:00,49.98,0.4793996282271509,1,0.9330352263252484,0.9330352263252484,0.9330352263252485
2014-03-18 21:16:00,45.786,0.31008869472624145,1,0.9301217152363074,0.9301217152363074,0.9301217152363074
2014-03-18 21:21:00,45.412,0.30938317251078845,1,0.9271074800476099,0.92710748004761,0.9271074800476101
2014-03-18 21:26:00,45.8,0.3103175582916146,1,0.9239893821062528,0.9239893821062529,0.923989382106253
2014-03-18 21:31:00,44.972,0.3255761940753132,1,0.9207642101279958,0.9207642101279958,0.9207642101279958
2014-03-18 21:36:00,47.994,0.394755280054276,1,0.917428680428408,0.917428680428408,0.9174286804284079
2014-03-18 21:41:00,44.32,0.3510008089976537,1,0.9139794373338659,0.913979437333866,0.9139794373338659
2014-03-18 21:46:00,43.04,0.4018229492659908,1,0.9104130537866604,0.9104130537866604,0.9104130537866603
2014-03-18 21:51:00,44.882,0.3294040796450474,1,0.9067260321590368,0.9067260321590368,0.9067260321590368
2014-03-18 21:56:00,46.526,0.33663601288487355,1,0.90291480529159,0.90291480529159,0.9029148052915901
2014-03-18 22:01:00,44.976000000000006,0.3257841492715754,1,0.898975737771963,0.898975737771963,0.898975737771963
2014-03-18 22:06:00,46.854,0.3494991057014518,1,0.894905127470338,0.894905127470338,0.894905127470338
2014-03-18 22:11:00,44.742,0.3352695328054613,1,0.8906992073486849,0.8906992073486849,0.8906992073486849
2014-03-18 22:16:00,45.891999999999996,0.31295628400076336,1,0.8863541475611811,0.8863541475611811,0.8863541475611811
2014-03-18 22:21:00,54.508,0.6635832414392612,1,0.8818660578636075,0.8818660578636075,0.8818660578636075
2014-03-18 22:26:00,43.708,0.3744056425402372,1,0.8772309903498503,0.8772309903498503,0.8772309903498503
2014-03-18 22:31:00,44.788000000000004,0.3336759510692037,1,0.8724449425339085,0.8724449425339085,0.8724449425339085
2014-03-18 22:36:00,65.68,0.9215626393936684,1,0.8675038607959698,0.8675038607959698,0.8675038607959698
2014-03-18 22:41:00,99.24799999999999,0.9989166951903324,1,0.8624036442112094,0.8624036442112094,0.8624036442112094
2014-03-18 22:46:00,53.56800000000001,0.4571710437786986,1,0.8571401487799415,0.8571401487799415,0.8571401487799415
2014-03-18 22:51:00,47.114,0.3249527374248269,1,0.8517091920776085,0.8517091920776085,0.8517091920776085
2014-03-18 22:56:00,47.794,0.3377057638481658,1,0.8461065583428186,0.8461065583428186,0.8461065583428186
2014-03-18 23:01:00,43.45,0.34968876555076306,1,0.8403280040212302,0.8403280040212302,0.8403280040212302
2014-03-18 23:06:00,45.576,0.3093943912600792,1,0.8343692637824861,0.8343692637824861,0.8343692637824861
2014-03-18 23:11:00,50.422,0.3897069665284416,1,0.8282260570266565,0.8282260570266565,0.8282260570266565
2014-03-18 23:16:00,41.644,0.3857036870009293,1,0.8218940948956993,0.8218940948956993,0.8218940948956993
2014-03-18 23:21:00,45.328,0.3140775183582369,1,0.8153690878042898,0.8153690878042898,0.8153690878042898
2014-03-18 23:26:00,45.08600000000001,0.31860863731934996,1,0.8086467535030061,0.8086467535030061,0.8086467535030061
2014-03-18 23:31:00,46.38399999999999,0.3109695197368624,1,0.8017228256852462,0.8017228256852462,0.8017228256852462
2014-03-18 23:36:00,45.148,0.3176294645955353,1,0.7945930631473939,0.7945930631473939,0.7945930631473939
2014-03-18 23:41:00,46.478,0.3127862601205273,1,0.7872532595096391,0.7872532595096391,0.7872532595096391
2014-03-18 23:46:00,46.714,0.3168046193884857,1,0.7796992535024583,0.7796992535024583,0.7796992535024583
2014-03-18 23:51:00,43.43600000000001,0.3506739966958254,1,0.7719269398210883,0.7719269398210883,0.7719269398210883
2014-03-18 23:56:00,47.206,0.3259355559741214,1,0.763932280547359,0.763932280547359,0.763932280547359
2014-03-19 00:01:00,47.808,0.33729402436402456,1,0.7557113171349604,0.7557113171349604,0.7557113171349604
2014-03-19 00:06:00,42.482,0.3695302553911141,1,0.7472601829506718,0.7472601829506718,0.7472601829506718
2014-03-19 00:11:00,50.211999999999996,0.3850693880376016,1,0.7385751163601697,0.7385751163601697,0.7385751163601697
2014-03-19 00:16:00,41.596000000000004,0.3871257484252222,1,0.7296524743428614,0.7296524743428614,0.7296524743428614
2014-03-19 00:21:00,44.718,0.3257430984215374,1,0.7204887466156928,0.7204887466156928,0.7204887466156928
2014-03-19 00:26:00,44.97,0.3208627610854854,1,0.7110805702411132,0.7110805702411132,0.7110805702411132
2014-03-19 00:31:00,45.102,0.31860865099347313,1,0.7014247446893246,0.7014247446893246,0.7014247446893246
2014-03-19 00:36:00,44.44,0.33106977897992124,1,0.6915182473196357,0.6915182473196357,0.6915182473196357
2014-03-19 00:41:00,46.338,0.3100676200418577,1,0.6813582492402155,0.6813582492402155,0.6813582492402155
2014-03-19 00:46:00,47.782,0.33689831718666274,1,0.6709421314997975,0.6709421314997975,0.6709421314997975
2014-03-19 00:51:00,40.178000000000004,0.416499678815048,1,0.6602675015589978,0.6602675015589978,0.6602675015589978
2014-03-19 00:56:00,46.268,0.308624261114009,1,0.6493322099828867,0.6493322099828867,0.6493322099828867
2014-03-19 01:01:00,45.093999999999994,0.3186693154025885,1,0.638134367290376,0.638134367290376,0.638134367290376
2014-03-19 01:06:00,44.848,0.3232697005746385,1,0.6266723608898802,0.6266723608898802,0.6266723608898802
2014-03-19 01:11:00,46.983999999999995,0.32187171051336105,1,0.6149448720246494,0.6149448720246494,0.6149448720246494
2014-03-19 01:16:00,46.56,0.3139222859422747,1,0.6029508926452573,0.6029508926452573,0.6029508926452573
2014-03-19 01:21:00,44.38,0.3323087747774427,1,0.5906897421209495,0.5906897421209495,0.5906897421209495
2014-03-19 01:26:00,44.08,0.3380887750218425,1,0.5781610836961159,0.5781610836961159,0.5781610836961159
2014-03-19 01:31:00,47.29600000000001,0.3273989601897873,1,0.5653649405929949,0.5653649405929949,0.5653649405929949
2014-03-19 01:36:00,42.746,0.3641987988992595,1,0.5523017116570637,0.5523017116570637,0.5523017116570637
2014-03-19 01:41:00,44.352,0.33273757348959426,1,0.5389721864374021,0.5389721864374021,0.538972186437402
2014-03-19 01:46:00,46.644,0.3152738934460444,1,0.5253775595908061,0.5253775595908061,0.525377559590806
2014-03-19 01:51:00,43.262,0.3539879882144992,1,0.511519444495621,0.511519444495621,0.511519444495621
2014-03-19 01:56:00,48.464,0.34969862536200635,1,0.4973998859592732,0.4973998859592732,0.49739988595927315
2014-03-19 02:01:00,43.302,0.3530939003863759,1,0.4830213719023872,0.4830213719023872,0.48302137190238714
2014-03-19 02:06:00,44.93600000000001,0.3218199385586604,1,0.4683868439022781,0.4683868439022781,0.46838684390227814
2014-03-19 02:11:00,46.41,0.3108494160222908,1,0.4534997064795577,0.4534997064795577,0.4534997064795577
2014-03-19 02:16:00,45.38800000000001,0.3138100186190065,1,0.4383638350137045,0.4383638350137045,0.43836383501370446
2014-03-19 02:21:00,46.31399999999999,0.3089302263109731,1,0.4229835821767288,0.4229835821767288,0.4229835821767288
2014-03-19 02:26:00,42.652,0.36628116163689817,1,0.4073637827786048,0.4073637827786048,0.40736378277860474
2014-03-19 02:31:00,45.773999999999994,0.3067066464624061,1,0.39150975692396656,0.39150975692396656,0.39150975692396656
2014-03-19 02:36:00,43.53,0.3488300698510329,1,0.3754273113866632,0.3754273113866632,0.37542731138666324
2014-03-19 02:41:00,44.736000000000004,0.3255945361880352,1,0.35912273911719583,0.35912273911719583,0.35912273911719583
2014-03-19 02:46:00,45.864,0.3047850886575848,1,0.3426028168077435,0.3426028168077435,0.3426028168077435
2014-03-19 02:51:00,45.118,0.3185065160581529,1,0.32587480045042594,0.32587480045042594,0.32587480045042594
2014-03-19 02:56:00,44.788000000000004,0.3244957332137935,1,0.30894641883657364,0.30894641883657364,0.30894641883657364
2014-03-19 03:01:00,44.86,0.32335638105229864,1,0.2918258649579981,0.2918258649579981,0.29182586495799806
2014-03-19 03:06:00,46.251999999999995,0.3080703003836522,1,0.27452178528549,0.27452178528549,0.27452178528549
2014-03-19 03:11:00,48.076,0.3421696466060753,1,0.25704326691488866,0.25704326691488866,0.25704326691488866
2014-03-19 03:16:00,45.44600000000001,0.3126424664707696,1,0.23939982258691625,0.23939982258691625,0.23939982258691622
2014-03-19 03:21:00,46.854,0.3188198287592748,1,0.22160137360340984,0.22160137360340984,0.22160137360340984
2014-03-19 03:26:00,42.88800000000001,0.3618051304860161,1,0.2036582306794268,0.2036582306794268,0.20365823067942682
2014-03-19 03:31:00,44.976000000000006,0.32151539858529715,1,0.1855810727877459,0.1855810727877459,0.1855810727877459
2014-03-19 03:36:00,45.492,0.31197781732362584,1,0.16738092406935995,0.16738092406935995,0.16738092406935995
2014-03-19 03:41:00,44.672,0.3271426172021736,1,0.14906912890041146,0.14906912890041146,0.14906912890041144
2014-03-19 03:46:00,46.15,0.3060001733876929,1,0.13065732522247314,0.13065732522247314,0.13065732522247314
2014-03-19 03:51:00,46.391999999999996,0.31016433691600503,1,0.11215741625888524,0.11215741625888524,0.11215741625888523
2014-03-19 03:56:00,44.038000000000004,0.33959342810346915,1,0.09358154075482894,0.09358154075482894,0.09358154075482894
2014-03-19 04:01:00,45.188,0.3177882286023714,1,0.07494204189271432,0.07494204189271432,0.07494204189271432
2014-03-19 04:06:00,45.0,0.32130537675834125,1,0.05625143504712137,0.056251435047121365,0.05625143504712136
2014-03-19 04:11:00,46.592,0.3137771254817228,1,0.03752237455474168,0.03752237455474168,0.03752237455474168
2014-03-19 04:16:00,44.92,0.3227174970386492,1,0.01876761968438683,0.01876761968438683,0.01876761968438683
2014-03-19 04:21:00,48.028,0.3408702678186361,0,-0.002052000729431823,-0.004104001458863646,-0.002052000729431823
2014-03-19 04:26:00,41.492,0.3901681212874584,0,-0.00410257379471745,-0.0082051475894349,-0.00410257379471745
2014-03-19 04:31:00,44.751999999999995,0.32574021489728505,0,-0.006150295502094846,-0.012300591004189692,-0.006150295502094846
2014-03-19 04:36:00,47.35,0.3278992372742474,0,-0.00819375007512969,-0.01638750015025938,-0.00819375007512969
2014-03-19 04:41:00,41.786,0.3841804657433766,0,-0.0102315335550143,-0.0204630671100286,-0.010231533555014301
2014-03-19 04:46:00,44.672,0.3271969903105362,0,-0.012262257631489849,-0.024524515262979697,-0.012262257631489849
2014-03-19 04:51:00,46.78,0.3173586400668728,0,-0.014284553382355382,-0.028569106764710764,-0.014284553382355382
2014-03-19 04:56:00,44.83600000000001,0.3243190837000581,0,-0.016297074900441376,-0.03259414980088275,-0.016297074900441376
2014-03-19 05:01:00,46.228,0.30722465869265464,0,-0.018298502788038767,-0.036597005576077535,-0.01829850278803877
2014-03-19 05:06:00,43.29,0.35384456404787823,0,-0.02028754750007496,-0.04057509500014991,-0.020287547500074957
2014-03-19 05:11:00,46.146,0.30574946327072483,0,-0.02226295251879283,-0.04452590503758566,-0.02226295251879283
2014-03-19 05:16:00,46.76,0.31719424028055465,0,-0.02422349734429852,-0.04844699468859704,-0.02422349734429852
2014-03-19 05:21:00,41.808,0.3834161141571951,0,-0.02616800028707451,-0.05233600057414901,-0.026168000287074507
2014-03-19 05:26:00,45.751999999999995,0.3072111714407068,0,-0.02809532105038195,-0.0561906421007639,-0.02809532105038195
2014-03-19 05:31:00,43.92,0.3417477428168237,0,-0.0300043630923749,-0.0600087261847498,-0.0300043630923749
2014-03-19 05:36:00,45.976000000000006,0.3032568196090053,0,-0.03189407575969465,-0.06378815151938931,-0.031894075759694655
2014-03-19 05:41:00,49.273999999999994,0.3653784199689421,0,-0.033763456186278955,-0.06752691237255791,-0.033763456186278955
2014-03-19 05:46:00,41.762,0.3847182294827074,0,-0.035611550953082424,-0.07122310190616485,-0.035611550953082424
2014-03-19 05:51:00,45.272,0.31600840228309224,0,-0.037437457506341296,-0.07487491501268259,-0.037437457506341296
2014-03-19 05:56:00,46.861999999999995,0.318875366357014,0,-0.03924032533390047,-0.07848065066780094,-0.03924032533390047
2014-03-19 06:01:00,45.242,0.31668114319632384,0,-0.041019356900937935,-0.08203871380187587,-0.04101935690093794
2014-03-19 06:06:00,45.282,0.31580622936237984,0,-0.04277380834814901,-0.08554761669629803,-0.04277380834814901
2014-03-19 06:11:00,49.272,0.3652846845860672,0,-0.044502989957076695,-0.08900597991415339,-0.044502989957076695
2014-03-19 06:16:00,44.32,0.3341913437640305,0,-0.04620626638877949,-0.09241253277755897,-0.04620626638877948
2014-03-19 06:21:00,44.553999999999995,0.32966857530454685,0,-0.04788305670340276,-0.09576611340680552,-0.04788305670340276
2014-03-19 06:26:00,43.472,0.3505097517301789,0,-0.049532834169457536,-0.09906566833891507,-0.049532834169457536
2014-03-19 06:31:00,44.826,0.3244597466341326,0,-0.05115512587270017,-0.10231025174540033,-0.05115512587270016
2014-03-19 06:36:00,45.093999999999994,0.3194593950075647,0,-0.05274951213545048,-0.10549902427090097,-0.052749512135450476
2014-03-19 06:41:00,45.14,0.31858946479467304,0,-0.05431562575797611,-0.10863125151595222,-0.05431562575797611
2014-03-19 06:46:00,44.623999999999995,0.3282044273961402,0,-0.05585315109421235,-0.1117063021884247,-0.05585315109421235
2014-03-19 06:51:00,44.482,0.3305560487949687,0,-0.057361822974580326,-0.11472364594916068,-0.05736182297458033
2014-03-19 06:56:00,51.074,0.4024823834745325,0,-0.058841425489016275,-0.11768285097803255,-0.05884142548901628
2014-03-19 07:01:00,41.456,0.3908983238068465,0,-0.0602917906435369,-0.1205835812870738,-0.0602917906435369
2014-03-19 07:06:00,43.522,0.3492178777421768,0,-0.06171279690374915,-0.1234255938074983,-0.06171279690374915
2014-03-19 07:11:00,46.152,0.30612025895074324,0,-0.06310436763867276,-0.12620873527734552,-0.06310436763867276
2014-03-19 07:16:00,44.648,0.3274241924226011,0,-0.06446646947809342,-0.12893293895618685,-0.06446646947809342
2014-03-19 07:21:00,44.698,0.3264644830797053,0,-0.06579911059641068,-0.13159822119282136,-0.06579911059641068
2014-03-19 07:26:00,46.478,0.3122744462315584,0,-0.06710233893560026,-0.13420467787120052,-0.06710233893560026
2014-03-19 07:31:00,42.854,0.3621174296699261,0,-0.06837624037948464,-0.13675248075896929,-0.06837624037948464
2014-03-19 07:36:00,47.083999999999996,0.3233904962350453,0,-0.06962093689101087,-0.13924187378202174,-0.06962093689101088
2014-03-19 07:41:00,47.348,0.3281497109271081,0,-0.07083658462368038,-0.14167316924736076,-0.07083658462368038
2014-03-19 07:46:00,41.873999999999995,0.3819356394100135,0,-0.07202337201767252,-0.14404674403534504,-0.07202337201767252
2014-03-19 07:51:00,44.623999999999995,0.3278536325215725,0,-0.07318151789056362,-0.14636303578112725,-0.07318151789056362
2014-03-19 07:56:00,46.408,0.3110132439270741,0,-0.07431126953187342,-0.14862253906374687,-0.07431126953187343
2014-03-19 08:01:00,46.714,0.3166029509030339,0,-0.07541290080998223,-0.15082580161996445,-0.07541290080998223
2014-03-19 08:06:00,42.816,0.3626820133841522,0,-0.07648671029926256,-0.15297342059852512,-0.07648671029926256
2014-03-19 08:11:00,47.324,0.32802246707734944,0,-0.07753301943456667,-0.1550660388691333,-0.07753301943456666
2014-03-19 08:16:00,43.172,0.3555386363714204,0,-0.07855217069951123,-0.15710434139902246,-0.07855217069951122
2014-03-19 08:21:00,46.104,0.3056046641400009,0,-0.0795445258543133,-0.1590890517086266,-0.0795445258543133
2014-03-19 08:26:00,43.428000000000004,0.3502866045304833,0,-0.08051046420825693,-0.16102092841651386,-0.08051046420825692
2014-03-19 08:31:00,46.268,0.3087944139796402,0,-0.08145038094121798,-0.16290076188243593,-0.08145038094121797
2014-03-19 08:36:00,42.746,0.3636399007845669,0,-0.08236468547804618,-0.16472937095609233,-0.08236468547804617
2014-03-19 08:41:00,44.672,0.3261531634404323,0,-0.08325379991900267,-0.16650759983800534,-0.08325379991900267
2014-03-19 08:46:00,45.732,0.3064884464699765,0,-0.08411815752888156,-0.16823631505776313,-0.08411815752888156
2014-03-19 08:51:00,43.356,0.3512036272193281,0,-0.08495820128690605,-0.1699164025738121,-0.08495820128690605
2014-03-19 08:56:00,46.408,0.31183396545735226,0,-0.08577438249898676,-0.17154876499797353,-0.08577438249898676
2014-03-19 09:01:00,44.69,0.325594474889172,0,-0.0865671594734609,-0.1731343189469218,-0.0865671594734609
2014-03-19 09:06:00,47.122,0.3250292405317173,0,-0.08733699626099786,-0.17467399252199572,-0.08733699626099786
2014-03-19 09:11:00,47.06399999999999,0.3238610176557545,0,-0.08808436145895962,-0.17616872291791927,-0.08808436145895963
2014-03-19 09:16:00,43.004,0.35781454310011657,0,-0.08880972708014177,-0.17761945416028355,-0.08880972708014177
2014-03-19 09:21:00,44.802,0.3233051308584331,0,-0.0895135674854931,-0.1790271349709862,-0.0895135674854931
2014-03-19 09:26:00,45.903999999999996,0.30309367329972176,0,-0.09019635838011834,-0.1803927167602367,-0.09019635838011834
2014-03-19 09:31:00,43.333999999999996,0.3512847448166959,0,-0.09085857587160596,-0.18171715174321196,-0.09085857587160596
2014-03-19 09:36:00,47.394,0.3303194495489561,0,-0.09150069558949417,-0.1830013911789884,-0.09150069558949418
2014-03-19 09:41:00,44.058,0.33751443378015844,0,-0.09212319186448607,-0.18424638372897212,-0.09212319186448607
2014-03-19 09:46:00,44.6,0.32718280196444754,0,-0.09272653696585403,-0.1854530739317081,-0.09272653696585405
2014-03-19 09:51:00,44.788000000000004,0.32352102240340525,0,-0.09331120039532642,-0.18662240079065284,-0.09331120039532642
2014-03-19 09:56:00,47.464,0.33163377032337393,0,-0.0938776482356286,-0.1877552964712572,-0.0938776482356286
2014-03-19 10:01:00,44.928000000000004,0.3207679838002812,0,-0.09442634255175307,-0.1888526851035061,-0.09442634255175307
2014-03-19 10:06:00,45.44600000000001,0.311257725049732,0,-0.09495774084295493,-0.18991548168590985,-0.09495774084295491
2014-03-19 10:11:00,44.43600000000001,0.3302048678612915,0,-0.0954722955434128,-0.1909445910868256,-0.09547229554341279
2014-03-19 10:16:00,44.662,0.3257943848235214,0,-0.09597045356945502,-0.19194090713891004,-0.09597045356945502
2014-03-19 10:21:00,44.732,0.32448772318254904,0,-0.09645265591122726,-0.19290531182245446,-0.09645265591122726
2014-03-19 10:26:00,44.832,0.3225269824049952,0,-0.0969193372666692,-0.1938386745333384,-0.09691933726666921
2014-03-19 10:31:00,44.62,0.3266338987645454,0,-0.09737092571567138,-0.1947418514313428,-0.09737092571567138
2014-03-19 10:36:00,46.55,0.3148330592122789,0,-0.09780784243229898,-0.195615684864598,-0.09780784243229898
2014-03-19 10:41:00,46.784,0.31901674243507105,0,-0.09823050143299504,-0.19646100286599008,-0.09823050143299504
2014-03-19 10:46:00,40.586,0.40663532499526095,0,-0.09863930935871004,-0.19727861871742008,-0.09863930935871004
2014-03-19 10:51:00,45.202,0.3156298692439844,0,-0.09903466528894674,-0.19806933057789347,-0.09903466528894674
2014-03-19 10:56:00,47.398,0.3306866739931113,0,-0.09941696058575797,-0.1988339211715159,-0.09941696058575795
2014-03-19 11:01:00,45.07,0.3181328599741421,0,-0.09978657876578907,-0.19957315753157812,-0.09978657876578907
2014-03-19 11:06:00,45.79600000000001,0.3046080078195715,0,-0.10014389539851552,-0.20028779079703105,-0.10014389539851551
2014-03-19 11:11:00,50.166000000000004,0.3851425591228981,0,-0.10048927802888744,-0.20097855605777487,-0.10048927802888744
2014-03-19 11:16:00,44.022,0.33803682331384743,0,-0.10082308612265954,-0.20164617224531908,-0.10082308612265954
2014-03-19 11:21:00,47.066,0.3244034201231613,0,-0.1011456710327502,-0.2022913420655004,-0.1011456710327502
2014-03-19 11:26:00,44.158,0.3354082288631457,0,-0.10145737598504308,-0.20291475197008615,-0.10145737598504309
2014-03-19 11:31:00,46.198,0.30826498288725496,0,-0.10175853608211408,-0.20351707216422812,-0.10175853608211408
2014-03-19 11:36:00,46.071999999999996,0.3061593360740768,0,-0.1020494783234352,-0.2040989566468704,-0.10204947832343521
2014-03-19 11:41:00,47.512,0.3329083459209274,0,-0.10233052164067814,-0.2046610432813563,-0.10233052164067814
2014-03-19 11:46:00,46.902,0.3213017562604069,0,-0.10260197694680764,-0.2052039538936153,-0.10260197694680763
2014-03-19 11:51:00,43.456,0.3490112293663087,0,-0.10286414719772463,-0.2057282943954493,-0.10286414719772465
2014-03-19 11:56:00,47.08,0.3246735919276226,0,-0.1031173274652852,-0.2062346549305704,-0.1031173274652852
2014-03-19 12:01:00,46.316,0.31056031323116856,0,-0.1033618050205873,-0.2067236100411746,-0.1033618050205873
2014-03-19 12:06:00,43.592,0.34613343614352954,0,-0.1035978594264816,-0.2071957188529632,-0.10359785942648159
2014-03-19 12:11:00,45.983999999999995,0.3048672722017698,0,-0.10382576263832466,-0.20765152527664926,-0.10382576263832466
2014-03-19 12:16:00,46.784,0.3195974791017302,0,-0.10404577911205314,-0.20809155822410627,-0.10404577911205314
2014-03-19 12:21:00,42.488,0.3673650252642884,0,-0.10425816591871573,-0.20851633183743146,-0.10425816591871573
2014-03-19 12:26:00,44.506,0.32810142445642315,0,-0.10446317286465626,-0.2089263457293125,-0.10446317286465626
2014-03-19 12:31:00,44.93,0.32000561472970057,0,-0.1046610426165944,-0.2093220852331888,-0.1046610426165944
2014-03-19 12:36:00,46.032,0.3063358390793695,0,-0.10485201083090284,-0.20970402166180568,-0.10485201083090284
2014-03-19 12:41:00,42.982,0.3573030698476216,0,-0.10503630628642877,-0.21007261257285756,-0.10503630628642877
2014-03-19 12:46:00,46.38399999999999,0.31305762379425595,0,-0.1052141510202548,-0.2104283020405096,-0.10521415102025479
2014-03-19 12:51:00,43.17,0.3532492954156007,0,-0.1053857604658392,-0.2107715209316784,-0.1053857604658392
2014-03-19 12:56:00,46.02,0.3067068663101762,0,-0.10555134359301817,-0.2111026871860364,-0.10555134359301818
2014-03-19 13:01:00,48.216,0.3482836747532298,0,-0.1057111030493932,-0.2114222060987864,-0.1057111030493932
2014-03-19 13:06:00,42.51,0.36585814727923466,0,-0.10586523530266456,-0.21173047060532912,-0.10586523530266456
2014-03-19 13:11:00,47.476000000000006,0.3342177197069981,0,-0.10601393078350893,-0.21202786156701786,-0.10601393078350892
2014-03-19 13:16:00,43.434,0.3475490060007275,0,-0.10615737402863246,-0.2123147480572649,-0.10615737402863246
2014-03-19 13:21:00,45.038000000000004,0.3167208411042705,0,-0.10629574382366327,-0.21259148764732655,-0.10629574382366329
2014-03-19 13:26:00,46.81,0.3219347435197498,0,-0.10642921334557742,-0.21285842669115485,-0.10642921334557742
2014-03-19 13:31:00,43.16,0.35259311778735336,0,-0.1065579503043806,-0.2131159006087612,-0.1065579503043806
2014-03-19 13:36:00,45.111999999999995,0.31485968905280337,0,-0.10668211708379527,-0.2133642341675905,-0.10668211708379526
2014-03-19 13:41:00,45.938,0.3060654658525948,0,-0.10680187088072624,-0.2136037417614525,-0.10680187088072625
2014-03-19 13:46:00,48.61600000000001,0.3571723724221393,0,-0.10691736384330314,-0.21383472768660627,-0.10691736384330314
2014-03-19 13:51:00,40.81,0.3999211200949736,0,-0.1070287432073175,-0.21405748641463498,-0.1070287432073175
2014-03-19 13:56:00,46.56800000000001,0.3180560193806771,0,-0.10713615143089494,-0.2142723028617899,-0.10713615143089494
2014-03-19 14:01:00,46.738,0.32116836236578805,0,-0.10723972632725946,-0.21447945265451893,-0.10723972632725946
2014-03-19 14:06:00,43.004,0.35499003193954337,0,-0.1073396011954661,-0.2146792023909322,-0.1073396011954661
2014-03-19 14:11:00,46.55,0.31799904892062164,0,-0.10743590494899327,-0.21487180989798654,-0.10743590494899329
2014-03-19 14:16:00,45.188,0.3129237148314134,0,-0.10752876224210192,-0.21505752448420384,-0.10752876224210192
2014-03-19 14:21:00,44.52,0.32524463413536936,0,-0.10761829359388153,-0.21523658718776306,-0.10761829359388152
2014-03-19 14:26:00,46.56399999999999,0.3184811018027105,0,-0.10770461550991713,-0.21540923101983425,-0.10770461550991711
2014-03-19 14:31:00,45.504,0.3068550453242515,0,-0.107787840601522,-0.215575681203044,-0.107787840601522
2014-03-19 14:36:00,45.926,0.30691316233037663,0,-0.10786807770249228,-0.21573615540498453,-0.10786807770249227
2014-03-19 14:41:00,43.346000000000004,0.3475545663847036,0,-0.10794543198334933,-0.21589086396669865,-0.10794543198334933
2014-03-19 14:46:00,45.928000000000004,0.3073978352214656,0,-0.10802000506304522,-0.21604001012609045,-0.10802000506304522
2014-03-19 14:51:00,46.15,0.31126382467719754,0,-0.10809189511811444,-0.21618379023622888,-0.10809189511811443
2014-03-19 14:56:00,49.623999999999995,0.3789745018739668,0,-0.10816119698926274,-0.21632239397852548,-0.10816119698926274
2014-03-19 15:01:00,44.623999999999995,0.32311686481727897,0,-0.10822800228539156,-0.21645600457078312,-0.10822800228539156
2014-03-19 15:06:00,44.718,0.3211678665504956,0,-0.10829239948506113,-0.21658479897012226,-0.10829239948506113
2014-03-19 15:11:00,47.88800000000001,0.3441209726492344,0,-0.10835447403540306,-0.21670894807080607,-0.10835447403540306
2014-03-19 15:16:00,45.37600000000001,0.30909629841771563,0,-0.1084143084484966,-0.2168286168969932,-0.1084143084484966
2014-03-19 15:21:00,45.70399999999999,0.3030994815438338,0,-0.10847198239522808,-0.21694396479045616,-0.10847198239522808
2014-03-19 15:26:00,49.36600000000001,0.3737764853451028,0,-0.10852757279665734,-0.21705514559331468,-0.10852757279665734
2014-03-19 15:31:00,40.062,0.4149398094656956,0,-0.10858115391291796,-0.2171623078258359,-0.10858115391291795
2014-03-19 15:36:00,45.332,0.3096202867278661,0,-0.1086327974296819,-0.2172655948593638,-0.1086327974296819
2014-03-19 15:41:00,47.276,0.3323620830989745,0,-0.10868257254222176,-0.21736514508444352,-0.10868257254222176
2014-03-19 15:46:00,43.58,0.3430315069967413,0,-0.10873054603710627,-0.21746109207421252,-0.10873054603710627
2014-03-19 15:51:00,44.742,0.320683021647757,0,-0.10877678237156704,-0.2175535647431341,-0.10877678237156703
2014-03-19 15:56:00,48.428000000000004,0.3548005688341237,0,-0.10882134375057637,-0.21764268750115276,-0.10882134375057637
2014-03-19 16:01:00,43.004,0.3541637437151281,0,-0.10886429020167733,-0.21772858040335466,-0.10886429020167733
2014-03-19 16:06:00,45.0,0.31552266514253385,0,-0.10890567964760901,-0.217811359295218,-0.10890567964760899
2014-03-19 16:11:00,46.38399999999999,0.3156572735639837,0,-0.10894556797677044,-0.21789113595354087,-0.10894556797677044
2014-03-19 16:16:00,47.093999999999994,0.3293377631250131,0,-0.10898400911156836,-0.21796801822313674,-0.10898400911156837
2014-03-19 16:21:00,42.19600000000001,0.37052400135199065,0,-0.10902105507469373,-0.21804211014938746,-0.10902105507469373
2014-03-19 16:26:00,48.692,0.3604062495983734,0,-0.10905675605337303,-0.2181135121067461,-0.10905675605337305
2014-03-19 16:31:00,41.62,0.3821222404186266,0,-0.10909116046164097,-0.2181823209232819,-0.10909116046164095
2014-03-19 16:36:00,44.90600000000001,0.3173663589942538,0,-0.1091243150006804,-0.2182486300013608,-0.1091243150006804
2014-03-19 16:41:00,45.4,0.3080152209491921,0,-0.10915626471727673,-0.21831252943455345,-0.10915626471727673
2014-03-19 16:46:00,46.69,0.3216407778757672,0,-0.10918705306043264,-0.21837410612086527,-0.10918705306043264
2014-03-19 16:51:00,46.006,0.3088688660811817,0,-0.10921672193618992,-0.21843344387237987,-0.10921672193618993
2014-03-19 16:56:00,48.756,0.3615808440507682,0,-0.1092453117607043,-0.2184906235214086,-0.1092453117607043
2014-03-19 17:01:00,44.226000000000006,0.3303610745683194,0,-0.10927286151161912,-0.2185457230232382,-0.10927286151161911
2014-03-19 17:06:00,45.07,0.3142184760577821,0,-0.10929940877778288,-0.21859881755556573,-0.10929940877778287
2014-03-19 17:11:00,44.718,0.3207572549984261,0,-0.1093249898073562,-0.2186499796147124,-0.1093249898073562
2014-03-19 17:16:00,44.623999999999995,0.32242744338236423,0,-0.10934963955435156,-0.2186992791087031,-0.10934963955435155
2014-03-19 17:21:00,45.47,0.3065987856008622,0,-0.10937339172365014,-0.21874678344730028,-0.10937339172365014
2014-03-19 17:26:00,46.666000000000004,0.3213890071832366,0,-0.10939627881453873,-0.21879255762907746,-0.10939627881453873
2014-03-19 17:31:00,42.982,0.3541006094853725,0,-0.10941833216280873,-0.21883666432561746,-0.10941833216280873
2014-03-19 17:36:00,46.948,0.3267831400845485,0,-0.10943958198145927,-0.21887916396291854,-0.10943958198145927
2014-03-19 17:41:00,44.693999999999996,0.32120868398608143,0,-0.10946005740004497,-0.21892011480009,-0.10946005740004498
2014-03-19 17:46:00,44.672,0.32161477960782153,0,-0.10947978650270868,-0.21895957300541735,-0.10947978650270869
2014-03-19 17:51:00,45.023999999999994,0.3148436410032437,0,-0.1094987963649383,-0.2189975927298766,-0.1094987963649383
2014-03-19 17:56:00,48.31,0.3529781054520959,0,-0.10951711308908614,-0.21903422617817228,-0.10951711308908614
2014-03-19 18:01:00,43.111999999999995,0.35185506015850304,0,-0.10953476183868872,-0.21906952367737745,-0.10953476183868871
2014-03-19 18:06:00,45.163999999999994,0.31233554798022084,0,-0.1095517668716234,-0.2191035337432468,-0.1095517668716234
2014-03-19 18:11:00,47.846000000000004,0.3439418984583877,0,-0.10956815157213816,-0.21913630314427635,-0.10956815157213817
2014-03-19 18:16:00,44.413999999999994,0.32657126988153257,0,-0.10958393848178932,-0.21916787696357865,-0.10958393848178932
2014-03-19 18:21:00,46.76,0.3229273178758121,0,-0.10959914932932156,-0.21919829865864315,-0.10959914932932156
2014-03-19 18:26:00,48.826,0.36296594631951024,0,-0.10961380505952384,-0.2192276101190477,-0.10961380505952385
2014-03-19 18:31:00,43.206,0.3501558890997024,0,-0.10962792586109338,-0.2192558517221868,-0.10962792586109338
2014-03-19 18:36:00,45.431999999999995,0.3075937449719836,0,-0.1096415311935397,-0.2192830623870794,-0.1096415311935397
2014-03-19 18:41:00,44.913999999999994,0.3170953206585561,0,-0.10965463981315944,-0.21930927962631885,-0.10965463981315943
2014-03-19 18:46:00,44.99,0.31561894668256035,0,-0.10966726979811207,-0.21933453959622412,-0.10966726979811207
2014-03-19 18:51:00,45.868,0.30638507488745864,0,-0.10967943857262584,-0.21935887714525165,-0.10967943857262583
2014-03-19 18:56:00,45.4,0.3081014283615683,0,-0.10969116293036188,-0.21938232586072373,-0.10969116293036187
2014-03-19 19:01:00,46.716,0.32213091069817473,0,-0.10970245905696474,-0.21940491811392948,-0.10970245905696474
2014-03-19 19:06:00,42.958,0.35462104692415297,0,-0.10971334255182592,-0.21942668510365185,-0.10971334255182592
2014-03-19 19:11:00,46.632,0.3205723065392937,0,-0.10972382844908604,-0.21944765689817208,-0.10972382844908604
2014-03-19 19:16:00,45.246,0.31083773251399605,0,-0.10973393123790172,-0.21946786247580347,-0.10973393123790173
2014-03-19 19:21:00,45.04600000000001,0.3145190945315105,0,-0.10974366488200116,-0.21948732976400234,-0.10974366488200117
2014-03-19 19:26:00,50.552,0.3983681366456688,0,-0.1097530428385524,-0.2195060856771048,-0.1097530428385524
2014-03-19 19:31:00,43.56800000000001,0.34289189027502626,0,-0.10976207807636744,-0.21952415615273485,-0.10976207807636743
2014-03-19 19:36:00,45.798,0.3050265525826769,0,-0.10977078309346457,-0.21954156618692916,-0.10977078309346457
2014-03-19 19:41:00,46.478,0.31738911620048843,0,-0.10977916993401066,-0.2195583398680213,-0.10977916993401066
2014-03-19 19:46:00,44.6,0.3233058036861106,0,-0.10978725020466436,-0.21957450040932872,-0.10978725020466436
2014-03-19 19:51:00,44.966,0.31645088361397555,0,-0.10979503509034093,-0.21959007018068186,-0.10979503509034091
2014-03-19 19:56:00,46.854,0.3243050622617599,0,-0.10980253536941784,-0.21960507073883567,-0.10980253536941784
2014-03-19 20:01:00,48.56800000000001,0.3573957139172552,0,-0.10980976142840117,-0.21961952285680236,-0.10980976142840117
2014-03-19 20:06:00,42.206,0.3700163676672611,0,-0.10981672327607052,-0.21963344655214104,-0.10981672327607052
2014-03-19 20:11:00,46.292,0.31383561211011257,0,-0.10982343055712077,-0.21964686111424156,-0.10982343055712077
2014-03-19 20:16:00,47.536,0.3371532537692259,0,-0.10982989256531807,-0.21965978513063614,-0.10982989256531807
2014-03-19 20:21:00,42.306000000000004,0.3682155900222596,0,-0.10983611825618682,-0.21967223651237364,-0.10983611825618682
2014-03-19 20:26:00,44.90600000000001,0.3176827003203897,0,-0.10984211625924373,-0.21968423251848745,-0.10984211625924373
2014-03-19 20:31:00,47.146,0.32970774900015043,0,-0.10984789488979503,-0.21969578977959006,-0.10984789488979502
2014-03-19 20:36:00,44.272,0.3295259113631505,0,-0.10985346216031168,-0.21970692432062336,-0.10985346216031168
2014-03-19 20:41:00,43.476000000000006,0.34485292407519563,0,-0.10985882579139764,-0.2197176515827953,-0.10985882579139765
2014-03-19 20:46:00,45.233999999999995,0.3112671028710284,0,-0.10986399322236524,-0.21972798644473046,-0.10986399322236522
2014-03-19 20:51:00,44.523999999999994,0.32455742901859497,0,-0.10986897162143114,-0.21973794324286228,-0.10986897162143114
2014-03-19 20:56:00,46.58,0.3195680569141858,0,-0.10987376789554702,-0.21974753579109405,-0.10987376789554702
2014-03-19 21:01:00,46.902,0.3255155640253082,0,-0.1098783886998768,-0.2197567773997536,-0.1098783886998768
2014-03-19 21:06:00,44.508,0.3246793035636392,0,-0.10988284044693357,-0.2197656808938671,-0.10988284044693356
2014-03-19 21:11:00,47.118,0.3296300339996886,0,-0.10988712931538784,-0.21977425863077565,-0.10988712931538783
2014-03-19 21:16:00,43.802,0.3381728102101684,0,-0.109891261258559,-0.219782522517118,-0.109891261258559
2014-03-19 21:21:00,45.58600000000001,0.3045348396372389,0,-0.10989524201260092,-0.21979048402520185,-0.10989524201260092
2014-03-19 21:26:00,47.348,0.3340965964042985,0,-0.10989907710439267,-0.21979815420878532,-0.10989907710439267
2014-03-19 21:31:00,46.312,0.3143656453111816,0,-0.10990277185914464,-0.21980554371828928,-0.10990277185914464
2014-03-19 21:36:00,49.896,0.3843568686792467,0,-0.10990633140773057,-0.21981266281546116,-0.10990633140773057
2014-03-19 21:41:00,45.751999999999995,0.3036461385299733,0,-0.1099097606937546,-0.2198195213875092,-0.10990976069375459
2014-03-19 21:46:00,48.06,0.3474504947741444,0,-0.1099130644803634,-0.2198261289607268,-0.10991306448036339
2014-03-19 21:51:00,47.762,0.34137770695527164,0,-0.10991624735681196,-0.21983249471362395,-0.10991624735681196
2014-03-19 21:56:00,45.37,0.3094245281504239,0,-0.10991931374479223,-0.21983862748958446,-0.10991931374479223
2014-03-19 22:01:00,45.693999999999996,0.3034144997788393,0,-0.10992226790453256,-0.21984453580906516,-0.10992226790453256
2014-03-19 22:06:00,47.23,0.3311982868623327,0,-0.10992511394067682,-0.21985022788135364,-0.10992511394067682
2014-03-19 22:11:00,44.508,0.3256729321579053,0,-0.10992785580795036,-0.21985571161590076,-0.10992785580795036
2014-03-19 22:16:00,44.578,0.3240440737986997,0,-0.10993049731662098,-0.219860994633242,-0.10993049731662098
2014-03-19 22:21:00,44.891999999999996,0.31805313590536605,0,-0.10993304213776192,-0.21986608427552384,-0.10993304213776191
2014-03-19 22:26:00,44.718,0.3212880903307699,0,-0.10993549380832414,-0.21987098761664828,-0.10993549380832414
2014-03-19 22:31:00,45.328,0.30984126396636724,0,-0.10993785573602474,-0.21987571147204948,-0.10993785573602474
2014-03-19 22:36:00,45.852,0.3056252353691914,0,-0.1099401312040579,-0.2198802624081158,-0.1099401312040579
2014-03-19 22:41:00,42.018,0.3739496707717421,0,-0.10994232337563503,-0.21988464675127006,-0.10994232337563502
2014-03-19 22:46:00,44.483999999999995,0.32536662925316584,0,-0.10994443529836,-0.21988887059672002,-0.10994443529836
2014-03-19 22:51:00,45.04,0.3150202348452552,0,-0.10994646990844564,-0.21989293981689126,-0.10994646990844562
2014-03-19 22:56:00,46.69,0.3213743205050281,0,-0.1099484300347769,-0.2198968600695538,-0.1099484300347769
2014-03-19 23:01:00,45.118,0.31358838884113105,0,-0.10995031840282664,-0.21990063680565328,-0.10995031840282664
2014-03-19 23:06:00,48.333999999999996,0.3530694254239677,0,-0.1099521376384288,-0.2199042752768576,-0.10995213763842879
2014-03-19 23:11:00,42.974,0.35482035445415233,0,-0.10995389027141454,-0.21990778054282908,-0.10995389027141454
2014-03-19 23:16:00,44.732,0.3207746030427752,0,-0.10995557873911636,-0.2199111574782327,-0.10995557873911635
2014-03-19 23:21:00,47.878,0.3441595330679407,0,-0.10995720538974424,-0.21991441077948848,-0.10995720538974424
2014-03-19 23:26:00,42.111999999999995,0.3719194850597909,0,-0.10995877248563958,-0.2199175449712792,-0.10995877248563958
2014-03-19 23:31:00,44.718,0.3205769697111631,0,-0.10996028220641016,-0.21992056441282035,-0.10996028220641017
2014-03-19 23:36:00,47.512,0.33786186875906976,0,-0.1099617366519514,-0.2199234733039028,-0.1099617366519514
2014-03-19 23:41:00,45.07,0.3133001678671362,0,-0.10996313784535726,-0.21992627569071446,-0.10996313784535726
2014-03-19 23:46:00,48.2,0.4116991227692007,0,-0.10996448773572552,-0.21992897547145104,-0.10996448773572552
2014-03-19 23:51:00,45.18,0.3113836527941841,0,-0.10996578820086056,-0.2199315764017211,-0.10996578820086055
2014-03-19 23:56:00,48.74,0.439331326317873,0,-0.10996704104987773,-0.21993408209975546,-0.10996704104987771
2014-03-20 00:01:00,48.8,0.4414301937775447,0,-0.10996824802571302,-0.21993649605142604,-0.10996824802571302
2014-03-20 00:06:00,46.88399999999999,0.3597218002596113,0,-0.10996941080754102,-0.21993882161508205,-0.10996941080754102
2014-03-20 00:11:00,43.576,0.3752913570774121,0,-0.10997053101310487,-0.21994106202620972,-0.10997053101310487
2014-03-20 00:16:00,45.242,0.3089252902090026,0,-0.1099716102009612,-0.2199432204019224,-0.10997161020096119
2014-03-20 00:21:00,46.141999999999996,0.33103391622665906,0,-0.1099726498726432,-0.2199452997452864,-0.1099726498726432
2014-03-20 00:26:00,43.614,0.37463159876455854,0,-0.109973651474745,-0.21994730294949,-0.10997365147474499
2014-03-20 00:31:00,46.76,0.3558449355260321,0,-0.1099746164009296,-0.2199492328018592,-0.10997461640092959
2014-03-20 00:36:00,42.452,0.4238237683937591,0,-0.109975545993864,-0.219951091987728,-0.10997554599386399
2014-03-20 00:41:00,44.788000000000004,0.3264258661904542,0,-0.1099764415470834,-0.21995288309416686,-0.10997644154708341
2014-03-20 00:46:00,44.788000000000004,0.3262153928784034,0,-0.10997730430678763,-0.2199546086135753,-0.10997730430678765
2014-03-20 00:51:00,47.464,0.38556041439909183,0,-0.10997813547357173,-0.21995627094714346,-0.10997813547357171
2014-03-20 00:56:00,44.174,0.3508573659917688,0,-0.10997893620409344,-0.2199578724081869,-0.10997893620409345
2014-03-20 01:01:00,48.122,0.4134584924241012,0,-0.1099797076126802,-0.2199594152253604,-0.10997970761268021
2014-03-20 01:06:00,41.878,0.4476860852870286,0,-0.10998045077287684,-0.21996090154575368,-0.10998045077287684
2014-03-20 01:11:00,46.478,0.3448982577139056,0,-0.10998116671893717,-0.2199623334378743,-0.10998116671893715
2014-03-20 01:16:00,44.56800000000001,0.3344807141394053,0,-0.109981856447261,-0.219963712894522,-0.10998185644726101
2014-03-20 01:21:00,45.053999999999995,0.31589902789533103,0,-0.10998252091777876,-0.2199650418355576,-0.10998252091777878
2014-03-20 01:26:00,44.64,0.3322618144997066,0,-0.10998316105528536,-0.21996632211057074,-0.10998316105528537
2014-03-20 01:31:00,46.456,0.3448518672903136,0,-0.10998377775072538,-0.21996755550145075,-0.10998377775072538
2014-03-20 01:36:00,44.83600000000001,0.3246028570874027,0,-0.10998437186243144,-0.2199687437248629,-0.10998437186243144
2014-03-20 01:41:00,46.902,0.3629431839941524,0,-0.10998494421731722,-0.21996988843463444,-0.10998494421731722
2014-03-20 01:46:00,42.042,0.4427705659153121,0,-0.10998549561202688,-0.21997099122405372,-0.10998549561202688
2014-03-20 01:51:00,44.76600000000001,0.32666464673350104,0,-0.10998602681404243,-0.2199720536280849,-0.10998602681404245
2014-03-20 01:56:00,46.632,0.3523680303647609,0,-0.10998653856275087,-0.21997307712550174,-0.10998653856275087
2014-03-20 02:01:00,44.976000000000006,0.31928991482939073,0,-0.10998703157047188,-0.21997406314094373,-0.10998703157047188
2014-03-20 02:06:00,46.714,0.3557171232048608,0,-0.10998750652344844,-0.2199750130468969,-0.10998750652344845
2014-03-20 02:11:00,46.188,0.3338700431215339,0,-0.10998796408280097,-0.2199759281656019,-0.10998796408280095
2014-03-20 02:16:00,43.544,0.3783889634101106,0,-0.10998840488544646,-0.21997680977089293,-0.10998840488544646
2014-03-20 02:21:00,44.722,0.3290977064244673,0,-0.1099888295449844,-0.2199776590899688,-0.1099888295449844
2014-03-20 02:26:00,44.742,0.32835005393656463,0,-0.10998923865254996,-0.2199784773050999,-0.10998923865254995
2014-03-20 02:31:00,47.394,0.3846346310030671,0,-0.10998963277763604,-0.21997926555527209,-0.10998963277763603
2014-03-20 02:36:00,43.92,0.3621813028012594,0,-0.10999001246888546,-0.2199800249377709,-0.10999001246888546
2014-03-20 02:41:00,42.724,0.41413478338195375,0,-0.10999037825485396,-0.21998075650970791,-0.10999037825485396
2014-03-20 02:46:00,45.948,0.32467750464223594,0,-0.10999073064474536,-0.2199814612894907,-0.10999073064474535
2014-03-20 02:51:00,43.292,0.38874746207834665,0,-0.10999107012911978,-0.2199821402582396,-0.10999107012911978
2014-03-20 02:56:00,46.596000000000004,0.3510948842118782,0,-0.10999139718057624,-0.2199827943611525,-0.10999139718057625
2014-03-20 03:01:00,44.693999999999996,0.3301011262491433,0,-0.10999171225440986,-0.21998342450881966,-0.10999171225440986
2014-03-20 03:06:00,49.122,0.4622502251849529,0,-0.10999201578924528,-0.21998403157849056,-0.10999201578924529
2014-03-20 03:11:00,44.32,0.3458979263767709,0,-0.10999230820764694,-0.21998461641529388,-0.10999230820764694
2014-03-20 03:16:00,47.523999999999994,0.390053307744064,0,-0.10999258991670686,-0.21998517983341373,-0.10999258991670686
2014-03-20 03:21:00,43.23,0.3916782796723785,0,-0.10999286130861108,-0.21998572261722216,-0.10999286130861109
2014-03-20 03:26:00,43.38,0.3846258701144961,0,-0.10999312276118534,-0.21998624552237067,-0.10999312276118534
2014-03-20 03:31:00,45.118,0.3135871480871294,0,-0.1099933746384206,-0.2199867492768412,-0.10999337463842059
2014-03-20 03:36:00,47.632,0.394619395910373,0,-0.10999361729097967,-0.21998723458195935,-0.10999361729097969
2014-03-20 03:41:00,43.92,0.3624541688643478,0,-0.10999385105668512,-0.21998770211337024,-0.10999385105668513
2014-03-20 03:46:00,45.254,0.3086437874830694,0,-0.10999407626098924,-0.21998815252197845,-0.10999407626098923
2014-03-20 03:51:00,44.90600000000001,0.32214046683968833,0,-0.10999429321742694,-0.2199885864348539,-0.10999429321742694
2014-03-20 03:56:00,46.478,0.34557238718516997,0,-0.10999450222805213,-0.21998900445610425,-0.10999450222805213
2014-03-20 04:01:00,46.97,0.3656805958129374,0,-0.10999470358385796,-0.21998940716771592,-0.10999470358385796
2014-03-20 04:06:00,44.272,0.3480675595161681,0,-0.1099948975651818,-0.2199897951303636,-0.10999489756518181
2014-03-20 04:11:00,44.508,0.33819243595603465,0,-0.1099950844420954,-0.2199901688841908,-0.1099950844420954
2014-03-20 04:16:00,44.648,0.3321812104193615,0,-0.1099952644747806,-0.21999052894956125,-0.10999526447478061
2014-03-20 04:21:00,44.648,0.33206637325661154,0,-0.10999543791389167,-0.21999087582778332,-0.10999543791389167
2014-03-20 04:26:00,44.86,0.3233418863433962,0,-0.10999560500090387,-0.2199912100018077,-0.10999560500090387
2014-03-20 04:31:00,46.456,0.3452644556177381,0,-0.10999576596844976,-0.2199915319368995,-0.10999576596844975
2014-03-20 04:36:00,44.202,0.3505264771006448,0,-0.10999592104064278,-0.21999184208128555,-0.10999592104064278
2014-03-20 04:41:00,43.538000000000004,0.3781885541535592,0,-0.10999607043338937,-0.2199921408667787,-0.10999607043338935
2014-03-20 04:46:00,46.01,0.32725710132788643,0,-0.10999621435468923,-0.21999242870937846,-0.10999621435468923
2014-03-20 04:51:00,44.54600000000001,0.3360352816688413,0,-0.10999635300492508,-0.21999270600985016,-0.10999635300492508
2014-03-20 04:56:00,45.163999999999994,0.3113015152190901,0,-0.10999648657714138,-0.2199929731542828,-0.10999648657714138
2014-03-20 05:01:00,46.738,0.35709499434677144,0,-0.10999661525731312,-0.21999323051462624,-0.10999661525731312
2014-03-20 05:06:00,42.982,0.40198342873141996,0,-0.1099967392246046,-0.2199934784492092,-0.10999673922460461
2014-03-20 05:11:00,47.84,0.4038245194287918,0,-0.10999685865161894,-0.21999371730323788,-0.10999685865161894
2014-03-20 05:16:00,43.582,0.3756676631824025,0,-0.10999697370463818,-0.2199939474092764,-0.10999697370463818
2014-03-20 05:21:00,45.343999999999994,0.3044179581191346,0,-0.10999708454385487,-0.21999416908770972,-0.10999708454385487
2014-03-20 05:26:00,44.578,0.33411798861178243,0,-0.10999719132359502,-0.21999438264719004,-0.10999719132359502
2014-03-20 05:31:00,47.97,0.4102202324000506,0,-0.10999729419253282,-0.21999458838506564,-0.10999729419253282
2014-03-20 05:36:00,41.854,0.4523073957410771,0,-0.10999739329389777,-0.21999478658779556,-0.10999739329389777
2014-03-20 05:41:00,46.62,0.3523229543372125,0,-0.10999748876567393,-0.21999497753134786,-0.10999748876567393
2014-03-20 05:46:00,45.192,0.3106893498082987,0,-0.10999758074079206,-0.21999516148158413,-0.10999758074079206
2014-03-20 05:51:00,43.474,0.3811697144929061,0,-0.10999766934731467,-0.21999533869462934,-0.10999766934731468
2014-03-20 05:56:00,46.408,0.3435702705259867,0,-0.10999775470861424,-0.2199955094172285,-0.10999775470861425
2014-03-20 06:01:00,46.808,0.3598785696854444,0,-0.10999783694354504,-0.21999567388709007,-0.10999783694354504
2014-03-20 06:06:00,43.052,0.3990458935163321,0,-0.10999791616660846,-0.21999583233321693,-0.10999791616660846
2014-03-20 06:11:00,46.12600000000001,0.3318225403736155,0,-0.10999799248811264,-0.21999598497622527,-0.10999799248811264
2014-03-20 06:16:00,45.891999999999996,0.32249416795260377,0,-0.10999806601432577,-0.21999613202865154,-0.10999806601432577
2014-03-20 06:21:00,44.553999999999995,0.3357410462177941,0,-0.10999813684762423,-0.21999627369524846,-0.10999813684762423
2014-03-20 06:26:00,46.442,0.3446756946090198,0,-0.10999820508663499,-0.21999641017327,-0.10999820508663499
2014-03-20 06:31:00,41.501999999999995,0.4692993560781121,0,-0.109998270826373,-0.219996541652746,-0.10999827082637299
2014-03-20 06:36:00,44.693999999999996,0.3302150082546581,0,-0.10999833415837336,-0.21999666831674675,-0.10999833415837337
2014-03-20 06:41:00,43.544,0.3776153446142923,0,-0.10999839517081894,-0.21999679034163788,-0.10999839517081894
2014-03-20 06:46:00,44.83600000000001,0.32374539653980283,0,-0.10999845394866292,-0.21999690789732584,-0.10999845394866291
2014-03-20 06:51:00,46.46,0.34643328877797114,0,-0.1099985105737472,-0.2199970211474944,-0.1099985105737472
2014-03-20 06:56:00,44.788000000000004,0.3263701016777234,0,-0.10999856512491636,-0.21999713024983272,-0.10999856512491636
2014-03-20 07:01:00,47.512,0.3914633075248983,0,-0.10999861767812737,-0.2199972353562547,-0.10999861767812735
2014-03-20 07:06:00,42.16,0.4393748226728475,0,-0.10999866830655526,-0.21999733661311047,-0.10999866830655526
2014-03-20 07:11:00,46.83,0.3617594428042881,0,-0.10999871708069528,-0.21999743416139053,-0.10999871708069527
2014-03-20 07:16:00,44.39,0.3418682368880332,0,-0.10999876406846062,-0.21999752813692125,-0.10999876406846062
2014-03-20 07:21:00,46.924,0.3664933354921502,0,-0.10999880933527743,-0.21999761867055487,-0.10999880933527743
2014-03-20 07:26:00,42.794,0.4106286309948239,0,-0.10999885294417552,-0.21999770588835105,-0.10999885294417552
2014-03-20 07:31:00,44.54600000000001,0.3356262397366879,0,-0.10999889495587636,-0.2199977899117527,-0.10999889495587635
2014-03-20 07:36:00,47.066,0.3721662514623421,0,-0.10999893542887744,-0.2199978708577549,-0.10999893542887745
2014-03-20 07:41:00,44.751999999999995,0.3274672229679297,0,-0.10999897441953398,-0.21999794883906795,-0.10999897441953398
2014-03-20 07:46:00,45.233999999999995,0.30833917453237125,0,-0.10999901198213703,-0.2199980239642741,-0.10999901198213705
2014-03-20 07:51:00,46.361999999999995,0.3422678076086957,0,-0.1099990481689894,-0.2199980963379788,-0.10999904816898941
2014-03-20 07:56:00,45.023999999999994,0.31690378700262983,0,-0.10999908303047826,-0.2199981660609565,-0.10999908303047826
2014-03-20 08:01:00,44.93,0.320113390626518,0,-0.10999911661514536,-0.21999823323029075,-0.10999911661514537
2014-03-20 08:06:00,44.93,0.3207227849642361,0,-0.10999914896975473,-0.21999829793950945,-0.10999914896975471
2014-03-20 08:11:00,47.63,0.3985953517169789,0,-0.10999918013935747,-0.21999836027871494,-0.10999918013935749
2014-03-20 08:16:00,41.738,0.4620714017310061,0,-0.10999921016735494,-0.21999842033470987,-0.10999921016735494
2014-03-20 08:21:00,44.742,0.32824025167155474,0,-0.10999923909555877,-0.21999847819111756,-0.10999923909555877
2014-03-20 08:26:00,46.68,0.3564880320808146,0,-0.10999926696424928,-0.21999853392849855,-0.10999926696424929
2014-03-20 08:31:00,42.794,0.4123254674810933,0,-0.1099992938122316,-0.21999858762446325,-0.10999929381223161
2014-03-20 08:36:00,45.70399999999999,0.31604571435948514,0,-0.10999931967688954,-0.21999863935377909,-0.10999931967688954
2014-03-20 08:41:00,43.746,0.37014186625672857,0,-0.10999934459423777,-0.2199986891884755,-0.10999934459423776
2014-03-20 08:46:00,46.79,0.3619864168662095,0,-0.10999936859897187,-0.21999873719794372,-0.10999936859897187
2014-03-20 08:51:00,42.641999999999996,0.4200650533902055,0,-0.1099993917245168,-0.2199987834490336,-0.1099993917245168
2014-03-20 08:56:00,48.596000000000004,0.4423632301560648,0,-0.1099994140030732,-0.2199988280061464,-0.10999941400307321
2014-03-20 09:01:00,42.816,0.41121671173867497,0,-0.10999943546566253,-0.21999887093132506,-0.10999943546566252
2014-03-20 09:06:00,44.46,0.339251923570245,0,-0.10999945614216984,-0.2199989122843397,-0.10999945614216985
2014-03-20 09:11:00,46.123999999999995,0.3334108842357061,0,-0.10999947606138592,-0.21999895212277185,-0.10999947606138592
2014-03-20 09:16:00,44.728,0.3284080806979479,0,-0.10999949525104688,-0.21999899050209376,-0.10999949525104688
2014-03-20 09:21:00,47.606,0.3973809313850416,0,-0.10999951373787306,-0.21999902747574607,-0.10999951373787306
2014-03-20 09:26:00,43.756,0.3698510469608223,0,-0.10999953154760618,-0.2199990630952124,-0.10999953154760618
2014-03-20 09:31:00,44.013999999999996,0.3588292743229067,0,-0.10999954870504516,-0.21999909741009036,-0.10999954870504516
2014-03-20 09:36:00,43.943999999999996,0.36147443250106615,0,-0.1099995652340806,-0.2199991304681612,-0.10999956523408061
2014-03-20 09:41:00,45.773999999999994,0.3190549392968333,0,-0.1099995811577282,-0.2199991623154564,-0.1099995811577282
2014-03-20 09:46:00,44.623999999999995,0.33324216530333217,0,-0.1099995964981606,-0.2199991929963212,-0.10999959649816059
2014-03-20 09:51:00,44.43600000000001,0.3409084993353981,0,-0.1099996112767384,-0.2199992225534768,-0.10999961127673841
2014-03-20 09:56:00,48.192,0.423752685048924,0,-0.10999962551403987,-0.21999925102807974,-0.10999962551403988
2014-03-20 10:01:00,44.288000000000004,0.3474466521474836,0,-0.10999963922988963,-0.2199992784597793,-0.10999963922988965
2014-03-20 10:06:00,45.38800000000001,0.3033127275426243,0,-0.10999965244338616,-0.2199993048867723,-0.10999965244338615
2014-03-20 10:11:00,45.07,0.3149745730322034,0,-0.10999966517292843,-0.21999933034585686,-0.10999966517292842
2014-03-20 10:16:00,44.788000000000004,0.32617439421981703,0,-0.1099996774362416,-0.2199993548724832,-0.10999967743624159
2014-03-20 10:21:00,47.534,0.3943413306586467,0,-0.10999968925040156,-0.21999937850080314,-0.10999968925040157
2014-03-20 10:26:00,41.902,0.4540587128511421,0,-0.10999970063185896,-0.21999940126371792,-0.10999970063185896
2014-03-20 10:31:00,44.648,0.3318415632881579,0,-0.10999971159646173,-0.21999942319292345,-0.10999971159646173
2014-03-20 10:36:00,46.056000000000004,0.3304155218512321,0,-0.10999972215947744,-0.2199994443189549,-0.10999972215947745
2014-03-20 10:41:00,43.181999999999995,0.3949534751729227,0,-0.10999973233561457,-0.21999946467122916,-0.10999973233561457
2014-03-20 10:46:00,44.98,0.3182495853234768,0,-0.10999974213904272,-0.21999948427808547,-0.10999974213904273
2014-03-20 10:51:00,44.882,0.32226947504244485,0,-0.1099997515834127,-0.2199995031668254,-0.1099997515834127
2014-03-20 10:56:00,47.903999999999996,0.41055621648801865,0,-0.1099997606818752,-0.2199995213637504,-0.10999976068187521
2014-03-20 11:01:00,43.292,0.38986048299842063,0,-0.10999976944709937,-0.21999953889419874,-0.10999976944709937
2014-03-20 11:06:00,46.198,0.33659320762669337,0,-0.10999977789129027,-0.2199995557825805,-0.10999977789129027
2014-03-20 11:11:00,45.023999999999994,0.3164378392536932,0,-0.109999786026206,-0.219999572052412,-0.109999786026206
2014-03-20 11:16:00,46.244,0.3383148187408923,0,-0.10999979386317396,-0.21999958772634792,-0.10999979386317396
2014-03-20 11:21:00,43.49800000000001,0.3808067921984438,0,-0.10999980141310672,-0.21999960282621345,-0.10999980141310671
2014-03-20 11:26:00,46.746,0.3592882588752749,0,-0.10999980868651717,-0.2199996173730343,-0.10999980868651715
2014-03-20 11:31:00,44.202,0.3505430489657466,0,-0.10999981569353308,-0.21999963138706616,-0.10999981569353308
2014-03-20 11:36:00,44.044,0.3571372937462809,0,-0.10999982244391143,-0.21999964488782286,-0.10999982244391143
2014-03-20 11:41:00,45.846000000000004,0.3220365214664789,0,-0.10999982894705172,-0.21999965789410345,-0.10999982894705171
2014-03-20 11:46:00,43.08600000000001,0.3982782728938642,0,-0.10999983521200922,-0.21999967042401844,-0.10999983521200922
2014-03-20 11:51:00,46.338,0.342379170157304,0,-0.10999984124750756,-0.21999968249501514,-0.10999984124750757
2014-03-20 11:56:00,46.571999999999996,0.35209015361584023,0,-0.1099998470619509,-0.2199996941239018,-0.1099998470619509
2014-03-20 12:01:00,45.46,0.30646548304213306,0,-0.10999985266343552,-0.21999970532687105,-0.10999985266343551
2014-03-20 12:06:00,42.754,0.4147451206856421,0,-0.10999985805976116,-0.2199997161195223,-0.10999985805976115
2014-03-20 12:11:00,46.15,0.3347685508095093,0,-0.10999986325844197,-0.21999972651688396,-0.10999986325844197
2014-03-20 12:16:00,45.873999999999995,0.3242287640378139,0,-0.10999986826671684,-0.21999973653343366,-0.10999986826671682
2014-03-20 12:21:00,43.522,0.3803892948202891,0,-0.10999987309155948,-0.21999974618311896,-0.10999987309155948
2014-03-20 12:26:00,46.62,0.35601212303239216,0,-0.10999987773968832,-0.21999975547937664,-0.10999987773968832
2014-03-20 12:31:00,44.226000000000006,0.34947997722909985,0,-0.1099998822175756,-0.2199997644351512,-0.10999988221757559
2014-03-20 12:36:00,44.693999999999996,0.3294275997369657,0,-0.10999988653145656,-0.21999977306291316,-0.10999988653145656
2014-03-20 12:41:00,43.474,0.3818212869634809,0,-0.10999989068733804,-0.2199997813746761,-0.10999989068733805
2014-03-20 12:46:00,44.578,0.3335391926285994,0,-0.10999989469100696,-0.2199997893820139,-0.10999989469100695
2014-03-20 12:51:00,44.648,0.3303184677716565,0,-0.10999989854803813,-0.21999979709607625,-0.10999989854803813
2014-03-20 12:56:00,48.522,0.44307248622981815,0,-0.10999990226380237,-0.2199998045276047,-0.10999990226380235
2014-03-20 13:01:00,44.553999999999995,0.33455135646152945,0,-0.1099999058434736,-0.2199998116869472,-0.1099999058434736
2014-03-20 13:06:00,42.316,0.4335718583954121,0,-0.10999990929203644,-0.21999981858407286,-0.10999990929203642
2014-03-20 13:11:00,47.7,0.4046550222746561,0,-0.10999991261429272,-0.21999982522858544,-0.10999991261429272
2014-03-20 13:16:00,43.286,0.3888944447987014,0,-0.10999991581486863,-0.21999983162973727,-0.10999991581486863
2014-03-20 13:21:00,44.90600000000001,0.31919223621528525,0,-0.10999991889822076,-0.2199998377964415,-0.10999991889822075
2014-03-20 13:26:00,45.846000000000004,0.3242089432084443,0,-0.10999992186864252,-0.21999984373728504,-0.10999992186864252
2014-03-20 13:31:00,45.188,0.30836612168284466,0,-0.1099999247302701,-0.2199998494605402,-0.1099999247302701
2014-03-20 13:36:00,43.45,0.3819791444963547,0,-0.10999992748708816,-0.21999985497417632,-0.10999992748708816
2014-03-20 13:41:00,45.99800000000001,0.3305930175818558,0,-0.10999993014293544,-0.21999986028587087,-0.10999993014293544
2014-03-20 13:46:00,47.184,0.3812963938491164,0,-0.10999993270151008,-0.21999986540302016,-0.10999993270151008
2014-03-20 13:51:00,42.16,0.4407350568752157,0,-0.11,-0.22,-0.11
2014-03-20 13:56:00,46.501999999999995,0.351362855970005,0,-0.11,-0.22,-0.11
2014-03-20 14:01:00,46.65,0.3576090942707627,0,-0.11,-0.22,-0.11
2014-03-20 14:06:00,42.91,0.40606361329887897,0,-0.11,-0.22,-0.11
2014-03-20 14:11:00,46.408,0.3476483026649087,0,-0.11,-0.22,-0.11
2014-03-20 14:16:00,46.104,0.3350090553440077,0,-0.11,-0.22,-0.11
2014-03-20 14:21:00,44.93600000000001,0.3188152301636299,0,-0.11,-0.22,-0.11
2014-03-20 14:26:00,43.742,0.3695825764005093,0,-0.11,-0.22,-0.11
2014-03-20 14:31:00,47.478,0.39510732576001945,0,-0.11,-0.22,-0.11
2014-03-20 14:36:00,41.31399999999999,0.4812067887532073,0,-0.11,-0.22,-0.11
2014-03-20 14:41:00,44.483999999999995,0.3369394132080833,0,-0.11,-0.22,-0.11
2014-03-20 14:46:00,44.826,0.3225979009718775,0,-0.11,-0.22,-0.11
2014-03-20 14:51:00,44.886,0.3197324588791781,0,-0.11,-0.22,-0.11
2014-03-20 14:56:00,46.62,0.3576852808655893,0,-0.11,-0.22,-0.11
2014-03-20 15:01:00,50.0,0.5142683744096065,0,-0.11,-0.22,-0.11
2014-03-20 15:06:00,40.47,0.520050736880618,0,-0.11,-0.22,-0.11
2014-03-20 15:11:00,46.102,0.3346132177630555,0,-0.11,-0.22,-0.11
2014-03-20 15:16:00,43.286,0.3882335981787936,0,-0.11,-0.22,-0.11
2014-03-20 15:21:00,45.118,0.3105669921803967,0,-0.11,-0.22,-0.11
2014-03-20 15:26:00,44.29600000000001,0.34430814821686456,0,-0.11,-0.22,-0.11
2014-03-20 15:31:00,46.431999999999995,0.3489538355028712,0,-0.11,-0.22,-0.11
2014-03-20 15:36:00,43.544,0.37632178968344815,0,-0.11,-0.22,-0.11
2014-03-20 15:41:00,47.136,0.37932398472137296,0,-0.11,-0.22,-0.11
2014-03-20 15:46:00,43.324,0.3860789447859976,0,-0.11,-0.22,-0.11
2014-03-20 15:51:00,45.986000000000004,0.3302762643032726,0,-0.11,-0.22,-0.11
2014-03-20 15:56:00,45.51600000000001,0.3113142623793518,0,-0.11,-0.22,-0.11
2014-03-20 16:01:00,46.972,0.373233412272873,0,-0.11,-0.22,-0.11
2014-03-20 16:06:00,44.32,0.3428943764612781,0,-0.11,-0.22,-0.11
2014-03-20 16:11:00,45.163999999999994,0.3082024021143528,0,-0.11,-0.22,-0.11
2014-03-20 16:16:00,45.07,0.31162898236993497,0,-0.11,-0.22,-0.11
2014-03-20 16:21:00,46.08,0.33526890026921197,0,-0.11,-0.22,-0.11
2014-03-20 16:26:00,43.733999999999995,0.3677543050912535,0,-0.11,-0.22,-0.11
2014-03-20 16:31:00,46.784,0.3665692816275039,0,-0.11,-0.22,-0.11
2014-03-20 16:36:00,44.168,0.350217476117346,0,-0.11,-0.22,-0.11
2014-03-20 16:41:00,43.606,0.3748729785529504,0,-0.11,-0.22,-0.11
2014-03-20 16:46:00,44.623999999999995,0.3299196885893105,0,-0.11,-0.22,-0.11
2014-03-20 16:51:00,45.751999999999995,0.322448443506151,0,-0.11,-0.22,-0.11
2014-03-20 16:56:00,45.04600000000001,0.31259247149692826,0,-0.11,-0.22,-0.11
2014-03-20 17:01:00,48.192,0.4329572402657884,0,-0.11,-0.22,-0.11
2014-03-20 17:06:00,41.738,0.4626433584560799,0,-0.11,-0.22,-0.11
2014-03-20 17:11:00,46.233999999999995,0.3429056349992849,0,-0.11,-0.22,-0.11
2014-03-20 17:16:00,44.97,0.3154732646376285,0,-0.11,-0.22,-0.11
2014-03-20 17:21:00,45.093999999999994,0.31009696097452943,0,-0.11,-0.22,-0.11
2014-03-20 17:26:00,44.943999999999996,0.3167524718730577,0,-0.11,-0.22,-0.11
2014-03-20 17:31:00,46.361999999999995,0.3495489382718473,0,-0.11,-0.22,-0.11
2014-03-20 17:36:00,45.961999999999996,0.33165239442079825,0,-0.11,-0.22,-0.11
2014-03-20 17:41:00,45.328,0.3046662803643255,0,-0.11,-0.22,-0.11
2014-03-20 17:46:00,45.693999999999996,0.3200172913165534,0,-0.11,-0.22,-0.11
2014-03-20 17:51:00,43.65,0.3741752943747424,0,-0.11,-0.22,-0.11
2014-03-20 17:56:00,46.65,0.3623986383571653,0,-0.11,-0.22,-0.11
2014-03-20 18:01:00,45.258,0.303345710615188,0,-0.11,-0.22,-0.11
2014-03-20 18:06:00,47.06,0.3817848886397904,0,-0.11,-0.22,-0.11
2014-03-20 18:11:00,44.553999999999995,0.33371835689798457,0,-0.11,-0.22,-0.11
2014-03-20 18:16:00,46.478,0.3548133648659442,0,-0.11,-0.22,-0.11
2014-03-20 18:21:00,43.364,0.3876363318590511,0,-0.11,-0.22,-0.11
2014-03-20 18:26:00,47.91,0.4210584719717947,0,-0.11,-0.22,-0.11
2014-03-20 18:31:00,43.443999999999996,0.3833693031790337,0,-0.11,-0.22,-0.11
2014-03-20 18:36:00,47.09,0.3821364300185116,0,-0.11,-0.22,-0.11
2014-03-20 18:41:00,43.004,0.4040212680718216,0,-0.11,-0.22,-0.11
2014-03-20 18:46:00,45.118,0.3095125901522328,0,-0.11,-0.22,-0.11
2014-03-20 18:51:00,44.90600000000001,0.3184629161035697,0,-0.11,-0.22,-0.11
2014-03-20 18:56:00,46.898,0.3733013625189364,0,-0.11,-0.22,-0.11
2014-03-20 19:01:00,48.332,0.4413074713420056,0,-0.11,-0.22,-0.11
2014-03-20 19:06:00,44.53,0.3351209359858163,0,-0.11,-0.22,-0.11
2014-03-20 19:11:00,46.032,0.3343548448405652,0,-0.11,-0.22,-0.11
2014-03-20 19:16:00,43.61,0.3760267956818462,0,-0.11,-0.22,-0.11
2014-03-20 19:21:00,45.306000000000004,0.3040165728134465,0,-0.11,-0.22,-0.11
2014-03-20 19:26:00,45.282,0.3032264033073802,0,-0.11,-0.22,-0.11
2014-03-20 19:31:00,44.708,0.3265106672556214,0,-0.11,-0.22,-0.11
2014-03-20 19:36:00,49.082,0.4798248251173384,0,-0.11,-0.22,-0.11
2014-03-20 19:41:00,42.77,0.4153074897989252,0,-0.11,-0.22,-0.11
2014-03-20 19:46:00,46.62,0.36106986750322,0,-0.11,-0.22,-0.11
2014-03-20 19:51:00,43.544,0.3786243095852559,0,-0.11,-0.22,-0.11
2014-03-20 19:56:00,48.373999999999995,0.442815757843399,0,-0.11,-0.22,-0.11
2014-03-20 20:01:00,43.802,0.36651082744570107,0,-0.11,-0.22,-0.11
2014-03-20 20:06:00,46.924,0.37435386235390267,0,-0.11,-0.22,-0.11
2014-03-20 20:11:00,44.474,0.3370831387262838,0,-0.11,-0.22,-0.11
2014-03-20 20:16:00,46.576,0.3585810437706907,0,-0.11,-0.22,-0.11
2014-03-20 20:21:00,43.45,0.38259275749922106,0,-0.11,-0.22,-0.11
2014-03-20 20:26:00,45.188,0.30655856535706705,0,-0.11,-0.22,-0.11
2014-03-20 20:31:00,45.07,0.31081386164842273,0,-0.11,-0.22,-0.11
2014-03-20 20:36:00,46.76,0.3684491742018245,0,-0.11,-0.22,-0.11
2014-03-20 20:41:00,43.018,0.4033815511171309,0,-0.11,-0.22,-0.11
2014-03-20 20:46:00,46.504,0.35700475187350306,0,-0.11,-0.22,-0.11
2014-03-20 20:51:00,44.986000000000004,0.3144620642104579,0,-0.11,-0.22,-0.11
2014-03-20 20:56:00,45.36,0.3070317091650076,0,-0.11,-0.22,-0.11
2014-03-20 21:01:00,44.95399999999999,0.3156265384028382,0,-0.11,-0.22,-0.11
2014-03-20 21:06:00,47.288000000000004,0.3942090480584559,0,-0.11,-0.22,-0.11
2014-03-20 21:11:00,44.356,0.34210515526647634,0,-0.11,-0.22,-0.11
2014-03-20 21:16:00,45.4,0.30904299042109146,0,-0.11,-0.22,-0.11
2014-03-20 21:21:00,46.22,0.34522541110543564,0,-0.11,-0.22,-0.11
2014-03-20 21:26:00,45.456,0.31122991323355553,1,1.0,1.0,1.0
2014-03-20 21:31:00,44.342,0.34311394825005165,1,0.9990839895588821,0.999083989558882,0.9990839895588819
2014-03-20 21:36:00,46.69,0.36680229639933337,1,0.9981066086250526,0.9981066086250526,0.9981066086250526
2014-03-20 21:41:00,44.062,0.3558208123204366,1,0.9970638117268086,0.9970638117268086,0.9970638117268086
2014-03-20 21:46:00,45.54,0.3147544315832645,1,0.995951295940012,0.9959512959400121,0.995951295940012
2014-03-20 21:51:00,45.523999999999994,0.31401976511229074,1,0.9947644857916204,0.9947644857916204,0.9947644857916204
2014-03-20 21:56:00,46.816,0.3720509644772969,1,0.993498517460504,0.993498517460504,0.993498517460504
2014-03-20 22:01:00,46.676,0.3654646769096931,1,0.9921482222701165,0.9921482222701165,0.9921482222701163
2014-03-20 22:06:00,46.244,0.34571475974305976,1,0.9907081094724772,0.9907081094724772,0.9907081094724771
2014-03-20 22:11:00,44.062,0.3564369184946419,1,0.9891723483287956,0.9891723483287956,0.9891723483287955
2014-03-20 22:16:00,46.31399999999999,0.3491371043458327,1,0.9875347494989594,0.9875347494989594,0.9875347494989594
2014-03-20 22:21:00,43.61600000000001,0.3772193953483258,1,0.9857887457602408,0.9857887457602408,0.9857887457602409
2014-03-20 22:26:00,45.128,0.3087718985734241,1,0.9839273720849866,0.9839273720849866,0.9839273720849866
2014-03-20 22:31:00,44.718,0.3262939738785144,1,0.9819432451180116,0.9819432451180116,0.9819432451180117
2014-03-20 22:36:00,46.948,0.37921456321520797,1,0.979828542106992,0.979828542106992,0.979828542106992
2014-03-20 22:41:00,43.942,0.3614316914566823,1,0.9775749793535736,0.9775749793535736,0.9775749793535737
2014-03-20 22:46:00,43.544,0.3799298862695701,1,0.9751737902693408,0.9751737902693408,0.9751737902693408
2014-03-20 22:51:00,44.93,0.3156205957713741,1,0.9726157031394248,0.9726157031394248,0.9726157031394248
2014-03-20 22:56:00,47.91,0.4299873542906456,1,0.9698909187175648,0.9698909187175648,0.9698909187175648
2014-03-20 23:01:00,44.062,0.354896778698826,1,0.9669890878000604,0.9669890878000604,0.9669890878000605
2014-03-20 23:06:00,47.848,0.4260501215810655,1,0.9638992889524588,0.9638992889524588,0.9638992889524588
2014-03-20 23:11:00,43.688,0.3721656210856165,1,0.9606100065922041,0.960610006592204,0.9606100065922039
2014-03-20 23:16:00,46.61,0.3657710777957464,1,0.957109109662966,0.957109109662966,0.957109109662966
2014-03-20 23:21:00,44.838,0.3195806552523563,1,0.9533838311721564,0.9533838311721564,0.9533838311721564
2014-03-20 23:26:00,53.732,0.7090032520456329,1,0.9494207489022544,0.9494207489022544,0.9494207489022545
2014-03-20 23:31:00,45.07,0.31041780344769565,1,0.9452057676491395,0.9452057676491395,0.9452057676491397
2014-03-20 23:36:00,45.646,0.31940461612276183,1,0.9407241033865869,0.9407241033865869,0.9407241033865869
2014-03-20 23:41:00,48.214,0.4359133727871787,1,0.9359602698053268,0.9359602698053268,0.9359602698053268
2014-03-20 23:46:00,43.48,0.3809806229458414,1,0.9308980677274636,0.9308980677274636,0.9308980677274636
2014-03-20 23:51:00,44.64,0.3292300494086903,1,0.925520577952149,0.925520577952149,0.925520577952149
2014-03-20 23:56:00,49.902,0.5165679494637179,1,0.9198101581458408,0.9198101581458408,0.9198101581458409
2014-03-21 00:01:00,42.26600000000001,0.4364598419093743,1,0.9137484444494921,0.913748444449492,0.9137484444494919
2014-03-21 00:06:00,45.153999999999996,0.3075079338971527,1,0.9073163585347592,0.9073163585347592,0.9073163585347592
2014-03-21 00:11:00,48.556000000000004,0.4502112164588423,1,0.9004941209006625,0.9004941209006625,0.9004941209006625
2014-03-21 00:16:00,43.192,0.3930043714125577,1,0.8932612712596367,0.8932612712596367,0.8932612712596367
2014-03-21 00:21:00,44.54600000000001,0.3328910042123188,1,0.8855966969158644,0.8855966969158644,0.8855966969158644
2014-03-21 00:26:00,45.184,0.3059653331518426,1,0.877478670087101,0.877478670087101,0.877478670087101
2014-03-21 00:31:00,46.268,0.3450679007755345,1,0.8688848951614406,0.8688848951614406,0.8688848951614406
2014-03-21 00:36:00,45.226000000000006,0.3048942044270937,1,0.8597925669097837,0.8597925669097837,0.8597925669097837
2014-03-21 00:41:00,44.36600000000001,0.3408680465580239,1,0.8501784406899174,0.8501784406899174,0.8501784406899174
2014-03-21 00:46:00,43.592,0.3750726713864605,1,0.8400189156755056,0.8400189156755056,0.8400189156755056
2014-03-21 00:51:00,44.812,0.3210927423892613,1,0.8292901321188523,0.8292901321188523,0.8292901321188523
2014-03-21 00:56:00,46.878,0.3734390816704156,1,0.817968083605838,0.817968083605838,0.817968083605838
2014-03-21 01:01:00,45.07,0.310026182853107,1,0.8060287451803075,0.8060287451803075,0.8060287451803075
2014-03-21 01:06:00,46.644,0.36454074175866136,1,0.7934482180988285,0.7934482180988285,0.7934482180988285
2014-03-21 01:11:00,47.84,0.4205000903239564,1,0.7802028918205022,0.7802028918205022,0.780202891820502
2014-03-21 01:16:00,47.254,0.3918770945389957,1,0.7662696236360748,0.7662696236360748,0.7662696236360748
2014-03-21 01:21:00,44.226000000000006,0.3467114701899139,1,0.7516259360920795,0.7516259360920795,0.7516259360920795
2014-03-21 01:26:00,43.592,0.3749658839891548,1,0.7362502320661007,0.7362502320661007,0.7362502320661007
2014-03-21 01:31:00,45.526,0.3147627775261143,1,0.7201220269966079,0.7201220269966079,0.720122026996608
2014-03-21 01:36:00,44.99800000000001,0.3129545142815826,1,0.7032221973647195,0.7032221973647195,0.7032221973647195
2014-03-21 01:41:00,47.276,0.3929956604124364,1,0.6855332440673232,0.6855332440673232,0.6855332440673232
2014-03-21 01:46:00,43.756,0.3682961676303986,1,0.6670395688150931,0.6670395688150931,0.6670395688150931
2014-03-21 01:51:00,46.83600000000001,0.3721092844567349,1,0.6477277611417106,0.6477277611417106,0.6477277611417106
2014-03-21 01:56:00,45.13800000000001,0.3075776946709832,1,0.6275868930318361,0.6275868930318361,0.6275868930318361
2014-03-21 02:01:00,44.90600000000001,0.3174934791121585,1,0.6066088175781346,0.6066088175781346,0.6066088175781346
2014-03-21 02:06:00,46.658,0.3648755888274464,1,0.5847884674785856,0.5847884674785856,0.5847884674785856
2014-03-21 02:11:00,43.732,0.3703008942952061,1,0.5621241486044827,0.5621241486044827,0.5621241486044827
2014-03-21 02:16:00,47.3,0.3948342863462695,1,0.538617823330215,0.538617823330215,0.538617823330215
2014-03-21 02:21:00,44.198,0.3489078405224796,1,0.5142753778441995,0.5142753778441995,0.5142753778441995
2014-03-21 02:26:00,43.31,0.38956531475401823,1,0.4891068672840306,0.4891068672840306,0.4891068672840306
2014-03-21 02:31:00,44.75,0.3241766090961655,1,0.4631267322868973,0.4631267322868973,0.46312673228689727
2014-03-21 02:36:00,45.14,0.3073302284532246,1,0.4363539804467288,0.4363539804467288,0.43635398044672874
2014-03-21 02:41:00,44.558,0.33234294432834344,1,0.4088123262485066,0.4088123262485066,0.4088123262485066
2014-03-21 02:46:00,43.773999999999994,0.3672369886117464,1,0.3805302833297902,0.3805302833297902,0.3805302833297902
2014-03-21 02:51:00,46.292,0.3485777550468257,1,0.3515412034160248,0.3515412034160248,0.3515412034160248
2014-03-21 02:56:00,46.948,0.378418415202512,1,0.32188325699820164,0.32188325699820164,0.32188325699820164
2014-03-21 03:01:00,25.421999999999997,0.9568157813214662,1,0.2915993517681423,0.2915993517681423,0.2915993517681423
2014-03-21 03:06:00,57.958,0.7792289359186688,1,0.260736985986658,0.260736985986658,0.260736985986658
2014-03-21 03:11:00,28.052,0.8600913148264392,1,0.2293480353102301,0.2293480353102301,0.2293480353102301
2014-03-21 03:16:00,56.571999999999996,0.6830374500711339,1,0.19748847310834508,0.19748847310834508,0.19748847310834508
2014-03-21 03:21:00,25.351999999999997,0.8645465771491005,1,0.16521802592084225,0.16521802592084225,0.16521802592084223
2014-03-21 03:26:00,38.216,0.5041570134007147,1,0.13259976737797732,0.13259976737797732,0.13259976737797732
2014-03-21 03:31:00,22.864,0.8663829691381182,1,0.09969965557343198,0.09969965557343198,0.09969965557343198
2014-03-21 03:36:00,66.26,0.8181615526578988,1,0.06658602047622325,0.06658602047622325,0.06658602047622325
2014-03-21 03:41:00,30.962,0.6483439688337307,1,0.03332900942459889,0.03332900942459889,0.03332900942459889
