timestamp,value,anomaly_score,label,S(t)_standard,S(t)_reward_low_FP_rate,S(t)_reward_low_FN_rate
2015-09-01 13:45:00,3.06,0.0,0,-0.11,-0.22,-0.11
2015-09-01 13:50:00,6.44,0.0,0,-0.11,-0.22,-0.11
2015-09-01 13:55:00,5.17,0.0,0,-0.11,-0.22,-0.11
2015-09-01 14:00:00,3.83,0.0,0,-0.11,-0.22,-0.11
2015-09-01 14:05:00,4.5,0.0,0,-0.11,-0.22,-0.11
2015-09-01 14:20:00,2.94,0.0,0,-0.11,-0.22,-0.11
2015-09-01 14:25:00,2.28,0.0,0,-0.11,-0.22,-0.11
2015-09-01 14:35:00,1.67,0.0,0,-0.11,-0.22,-0.11
2015-09-01 14:40:00,18.83,0.0,0,-0.11,-0.22,-0.11
2015-09-01 14:45:00,12.0,0.0,0,-0.11,-0.22,-0.11
2015-09-01 14:50:00,13.11,0.0,0,-0.11,-0.22,-0.11
2015-09-01 14:55:00,12.72,0.0,0,-0.11,-0.22,-0.11
2015-09-01 15:20:00,1.67,0.0,0,-0.11,-0.22,-0.11
2015-09-01 17:15:00,12.78,0.0,0,-0.11,-0.22,-0.11
2015-09-01 17:25:00,7.5,0.0,0,-0.11,-0.22,-0.11
2015-09-01 17:30:00,1.94,0.0,0,-0.11,-0.22,-0.11
2015-09-01 17:35:00,3.72,0.0,0,-0.11,-0.22,-0.11
2015-09-01 17:45:00,2.72,0.0,0,-0.11,-0.22,-0.11
2015-09-01 17:55:00,3.83,0.0,0,-0.11,-0.22,-0.11
2015-09-01 18:10:00,3.83,0.0,0,-0.11,-0.22,-0.11
2015-09-01 18:45:00,1.83,0.0,0,-0.11,-0.22,-0.11
2015-09-01 18:50:00,2.56,0.0,0,-0.11,-0.22,-0.11
2015-09-01 19:00:00,2.28,0.0,0,-0.11,-0.22,-0.11
2015-09-01 19:05:00,2.28,0.0,0,-0.11,-0.22,-0.11
2015-09-01 19:10:00,7.89,0.0,0,-0.11,-0.22,-0.11
2015-09-01 19:20:00,2.28,0.0,0,-0.11,-0.22,-0.11
2015-09-01 19:25:00,2.06,0.0,0,-0.11,-0.22,-0.11
2015-09-01 19:30:00,1.17,0.0,0,-0.11,-0.22,-0.11
2015-09-01 19:40:00,1.17,0.0,0,-0.11,-0.22,-0.11
2015-09-01 19:55:00,1.56,0.0,0,-0.11,-0.22,-0.11
2015-09-01 20:00:00,3.61,0.0,0,-0.11,-0.22,-0.11
2015-09-01 20:05:00,2.72,0.0,0,-0.11,-0.22,-0.11
2015-09-01 20:10:00,1.17,0.0,0,-0.11,-0.22,-0.11
2015-09-01 20:20:00,3.44,0.0,0,-0.11,-0.22,-0.11
2015-09-01 20:25:00,3.5,0.0,0,-0.11,-0.22,-0.11
2015-09-01 20:30:00,4.5,0.0,0,-0.11,-0.22,-0.11
2015-09-01 20:45:00,1.44,0.0,0,-0.11,-0.22,-0.11
2015-09-01 20:55:00,5.44,0.0,0,-0.11,-0.22,-0.11
2015-09-01 21:05:00,1.67,0.0,0,-0.11,-0.22,-0.11
2015-09-01 21:25:00,5.17,0.0,0,-0.11,-0.22,-0.11
2015-09-01 21:40:00,2.06,0.0,0,-0.11,-0.22,-0.11
2015-09-01 22:30:00,2.56,0.0,0,-0.11,-0.22,-0.11
2015-09-01 22:35:00,2.94,0.0,0,-0.11,-0.22,-0.11
2015-09-01 22:40:00,1.44,0.0,0,-0.11,-0.22,-0.11
2015-09-01 22:45:00,2.94,0.0,0,-0.11,-0.22,-0.11
2015-09-01 23:01:00,1.83,0.0,0,-0.11,-0.22,-0.11
2015-09-01 23:05:00,1.94,0.0,0,-0.11,-0.22,-0.11
2015-09-01 23:10:00,2.17,0.0,0,-0.11,-0.22,-0.11
2015-09-01 23:20:00,1.0,0.0,0,-0.11,-0.22,-0.11
2015-09-01 23:40:00,0.89,0.0,0,-0.11,-0.22,-0.11
2015-09-02 00:00:00,1.39,0.0,0,-0.11,-0.22,-0.11
2015-09-02 00:05:00,0.28,0.0,0,-0.11,-0.22,-0.11
2015-09-02 00:15:00,0.39,0.0,0,-0.11,-0.22,-0.11
2015-09-02 00:20:00,1.0,0.0,0,-0.11,-0.22,-0.11
2015-09-02 00:35:00,1.0,0.0,0,-0.11,-0.22,-0.11
2015-09-02 01:00:00,0.5,0.0,0,-0.11,-0.22,-0.11
2015-09-02 01:35:00,0.22,0.0,0,-0.11,-0.22,-0.11
2015-09-02 02:10:00,5.0,0.0,0,-0.11,-0.22,-0.11
2015-09-02 02:25:00,0.5,0.0,0,-0.11,-0.22,-0.11
2015-09-02 02:40:00,0.0,0.0,0,-0.11,-0.22,-0.11
2015-09-02 03:05:00,0.5,0.0,0,-0.11,-0.22,-0.11
2015-09-02 03:10:00,0.0,0.0,0,-0.11,-0.22,-0.11
2015-09-02 03:35:00,1.67,0.0,0,-0.11,-0.22,-0.11
2015-09-02 04:15:00,2.17,0.0,0,-0.11,-0.22,-0.11
2015-09-02 04:20:00,0.5,0.0,0,-0.11,-0.22,-0.11
2015-09-02 04:25:00,1.44,0.0,0,-0.11,-0.22,-0.11
2015-09-02 04:30:00,1.39,0.0,0,-0.11,-0.22,-0.11
2015-09-02 04:35:00,3.5,0.0,0,-0.11,-0.22,-0.11
2015-09-02 04:45:00,2.56,0.0,0,-0.11,-0.22,-0.11
2015-09-02 04:50:00,2.56,0.0,0,-0.11,-0.22,-0.11
2015-09-02 05:00:00,6.06,0.0,0,-0.11,-0.22,-0.11
2015-09-02 05:05:00,2.06,0.0,0,-0.11,-0.22,-0.11
2015-09-02 05:15:00,4.39,0.0,0,-0.11,-0.22,-0.11
2015-09-02 05:20:00,5.44,0.0,0,-0.11,-0.22,-0.11
2015-09-02 05:25:00,12.39,0.0,0,-0.11,-0.22,-0.11
2015-09-02 05:30:00,5.83,0.0,0,-0.11,-0.22,-0.11
2015-09-02 05:35:00,4.5,0.0,0,-0.11,-0.22,-0.11
2015-09-02 05:45:00,9.28,0.0,0,-0.11,-0.22,-0.11
2015-09-02 05:50:00,5.39,0.0,0,-0.11,-0.22,-0.11
2015-09-02 05:55:00,9.17,0.0,0,-0.11,-0.22,-0.11
2015-09-02 06:00:00,7.5,0.0,0,-0.11,-0.22,-0.11
2015-09-02 06:05:00,10.33,0.0,0,-0.11,-0.22,-0.11
2015-09-02 06:10:00,10.44,0.0,0,-0.11,-0.22,-0.11
2015-09-02 06:15:00,10.94,0.0,0,-0.11,-0.22,-0.11
2015-09-02 06:20:00,8.89,0.0,0,-0.11,-0.22,-0.11
2015-09-02 06:25:00,15.61,0.0,0,-0.11,-0.22,-0.11
2015-09-02 06:30:00,11.89,0.0,0,-0.11,-0.22,-0.11
2015-09-02 06:35:00,17.0,0.0,0,-0.11,-0.22,-0.11
2015-09-02 06:40:00,7.83,0.0,0,-0.11,-0.22,-0.11
2015-09-02 06:45:00,11.11,0.0,0,-0.11,-0.22,-0.11
2015-09-02 06:50:00,14.33,0.0,0,-0.11,-0.22,-0.11
2015-09-02 06:55:00,10.83,0.0,0,-0.11,-0.22,-0.11
2015-09-02 07:00:00,8.11,0.0,0,-0.11,-0.22,-0.11
2015-09-02 07:05:00,14.83,0.0,0,-0.11,-0.22,-0.11
2015-09-02 07:10:00,13.67,0.0,0,-0.11,-0.22,-0.11
2015-09-02 07:15:00,16.5,0.0,0,-0.11,-0.22,-0.11
2015-09-02 07:20:00,12.28,0.0,0,-0.11,-0.22,-0.11
2015-09-02 07:25:00,11.06,0.0,0,-0.11,-0.22,-0.11
2015-09-02 07:30:00,7.61,0.0,0,-0.11,-0.22,-0.11
2015-09-02 07:35:00,11.44,0.0,0,-0.11,-0.22,-0.11
2015-09-02 07:40:00,6.33,0.0,0,-0.11,-0.22,-0.11
2015-09-02 07:45:00,13.89,0.0,0,-0.11,-0.22,-0.11
2015-09-02 07:50:00,9.44,0.0,0,-0.11,-0.22,-0.11
2015-09-02 07:55:00,2.72,0.0,0,-0.11,-0.22,-0.11
2015-09-02 08:00:00,6.17,0.0,0,-0.11,-0.22,-0.11
2015-09-02 08:05:00,11.83,0.0,0,-0.11,-0.22,-0.11
2015-09-02 08:10:00,8.5,0.0,0,-0.11,-0.22,-0.11
2015-09-02 08:15:00,6.06,0.0,0,-0.11,-0.22,-0.11
2015-09-02 08:20:00,7.5,0.0,0,-0.11,-0.22,-0.11
2015-09-02 08:30:00,9.78,0.0,0,-0.11,-0.22,-0.11
2015-09-02 08:35:00,11.89,0.0,0,-0.11,-0.22,-0.11
2015-09-02 08:45:00,9.28,0.0,0,-0.11,-0.22,-0.11
2015-09-02 08:50:00,6.44,0.0,0,-0.11,-0.22,-0.11
2015-09-02 08:55:00,4.28,0.0,0,-0.11,-0.22,-0.11
2015-09-02 09:00:00,6.83,0.0,0,-0.11,-0.22,-0.11
2015-09-02 09:05:00,8.0,0.0,0,-0.11,-0.22,-0.11
2015-09-02 09:10:00,9.0,0.0,0,-0.11,-0.22,-0.11
2015-09-02 09:20:00,1.06,0.0,0,-0.11,-0.22,-0.11
2015-09-02 09:30:00,4.11,0.0,0,-0.11,-0.22,-0.11
2015-09-02 09:35:00,8.11,0.0,0,-0.11,-0.22,-0.11
2015-09-02 09:40:00,5.06,0.0,0,-0.11,-0.22,-0.11
2015-09-02 09:50:00,4.61,0.0,0,-0.11,-0.22,-0.11
2015-09-02 09:55:00,1.0,0.0,0,-0.11,-0.22,-0.11
2015-09-02 10:00:00,1.39,0.0,0,-0.11,-0.22,-0.11
2015-09-02 10:10:00,4.22,0.0,0,-0.11,-0.22,-0.11
2015-09-02 10:15:00,3.33,0.0,0,-0.11,-0.22,-0.11
2015-09-02 10:20:00,4.67,0.0,0,-0.11,-0.22,-0.11
2015-09-02 10:25:00,3.33,0.0,0,-0.11,-0.22,-0.11
2015-09-02 10:30:00,2.94,0.0,0,-0.11,-0.22,-0.11
2015-09-02 10:35:00,3.83,0.0,0,-0.11,-0.22,-0.11
2015-09-02 10:40:00,1.78,0.0,0,-0.11,-0.22,-0.11
2015-09-02 10:45:00,3.89,0.0,0,-0.11,-0.22,-0.11
2015-09-02 10:50:00,3.5,0.0,0,-0.11,-0.22,-0.11
2015-09-02 11:00:00,6.67,0.0,0,-0.11,-0.22,-0.11
2015-09-02 11:15:00,2.28,0.0,0,-0.11,-0.22,-0.11
2015-09-02 11:20:00,5.39,0.0,0,-0.11,-0.22,-0.11
2015-09-02 11:25:00,4.11,0.0,0,-0.11,-0.22,-0.11
2015-09-02 11:30:00,2.17,0.0,0,-0.11,-0.22,-0.11
2015-09-02 11:35:00,3.33,0.0,0,-0.11,-0.22,-0.11
2015-09-02 12:00:00,1.28,0.0,0,-0.11,-0.22,-0.11
2015-09-02 12:05:00,2.28,0.0,0,-0.11,-0.22,-0.11
2015-09-02 12:10:00,4.28,0.0,0,-0.11,-0.22,-0.11
2015-09-02 12:15:00,7.06,0.0,0,-0.11,-0.22,-0.11
2015-09-02 12:25:00,4.67,0.0,0,-0.11,-0.22,-0.11
2015-09-02 12:35:00,4.5,0.0,0,-0.11,-0.22,-0.11
2015-09-02 12:40:00,4.89,0.0,0,-0.11,-0.22,-0.11
2015-09-02 12:45:00,7.11,0.0,0,-0.11,-0.22,-0.11
2015-09-02 12:50:00,2.33,0.0,0,-0.11,-0.22,-0.11
2015-09-02 12:55:00,3.06,0.0,0,-0.11,-0.22,-0.11
2015-09-02 13:05:00,1.56,0.0,0,-0.11,-0.22,-0.11
2015-09-02 13:10:00,3.33,0.0,0,-0.11,-0.22,-0.11
2015-09-02 13:15:00,4.22,0.0,0,-0.11,-0.22,-0.11
2015-09-02 13:20:00,7.89,0.0,0,-0.11,-0.22,-0.11
2015-09-02 13:25:00,4.28,0.0,0,-0.11,-0.22,-0.11
2015-09-02 13:30:00,3.22,0.0,0,-0.11,-0.22,-0.11
2015-09-02 13:35:00,5.06,0.0,0,-0.11,-0.22,-0.11
2015-09-02 13:40:00,1.0,0.0,0,-0.11,-0.22,-0.11
2015-09-02 13:45:00,4.89,0.0,0,-0.11,-0.22,-0.11
2015-09-02 13:50:00,2.17,0.0,0,-0.11,-0.22,-0.11
2015-09-02 13:55:00,6.28,0.0,0,-0.11,-0.22,-0.11
2015-09-02 14:05:00,1.0,0.0,0,-0.11,-0.22,-0.11
2015-09-02 14:15:00,6.28,0.0,0,-0.11,-0.22,-0.11
2015-09-02 14:20:00,6.72,0.0,0,-0.11,-0.22,-0.11
2015-09-02 14:25:00,5.94,0.0,0,-0.11,-0.22,-0.11
2015-09-02 14:30:00,4.39,0.0,0,-0.11,-0.22,-0.11
2015-09-02 14:35:00,5.06,0.0,0,-0.11,-0.22,-0.11
2015-09-02 14:50:00,5.83,0.0,0,-0.11,-0.22,-0.11
2015-09-02 14:55:00,3.72,0.0,0,-0.11,-0.22,-0.11
2015-09-02 15:05:00,3.33,0.0,0,-0.11,-0.22,-0.11
2015-09-02 15:10:00,4.67,0.0,0,-0.11,-0.22,-0.11
2015-09-02 15:15:00,4.61,0.0,0,-0.11,-0.22,-0.11
2015-09-02 15:20:00,4.28,0.0,0,-0.11,-0.22,-0.11
2015-09-02 15:25:00,2.44,0.0,0,-0.11,-0.22,-0.11
2015-09-02 15:30:00,3.11,0.0,0,-0.11,-0.22,-0.11
2015-09-02 15:35:00,3.11,0.0,0,-0.11,-0.22,-0.11
2015-09-02 15:40:00,2.83,0.0,0,-0.11,-0.22,-0.11
2015-09-02 15:45:00,6.17,0.0,0,-0.11,-0.22,-0.11
2015-09-02 15:50:00,5.0,0.0,0,-0.11,-0.22,-0.11
2015-09-02 16:05:00,1.44,0.0,0,-0.11,-0.22,-0.11
2015-09-02 16:15:00,2.17,0.0,0,-0.11,-0.22,-0.11
2015-09-02 16:20:00,3.44,0.0,0,-0.11,-0.22,-0.11
2015-09-02 16:25:00,6.83,0.0,0,-0.11,-0.22,-0.11
2015-09-02 16:30:00,7.89,0.0,0,-0.11,-0.22,-0.11
2015-09-02 16:50:00,9.39,0.0,0,-0.11,-0.22,-0.11
2015-09-02 16:55:00,7.33,0.0,0,-0.11,-0.22,-0.11
2015-09-02 17:00:00,5.44,0.0,0,-0.11,-0.22,-0.11
2015-09-02 17:10:00,8.5,0.0,0,-0.11,-0.22,-0.11
2015-09-02 17:20:00,7.83,0.0,0,-0.11,-0.22,-0.11
2015-09-02 17:35:00,4.0,0.0,0,-0.11,-0.22,-0.11
2015-09-02 17:45:00,4.78,0.0,0,-0.11,-0.22,-0.11
2015-09-02 18:05:00,2.72,0.0,0,-0.11,-0.22,-0.11
2015-09-02 18:10:00,5.39,0.0,0,-0.11,-0.22,-0.11
2015-09-02 18:15:00,2.56,0.0,0,-0.11,-0.22,-0.11
2015-09-02 18:20:00,3.83,0.0,0,-0.11,-0.22,-0.11
2015-09-02 18:30:00,4.67,0.0,0,-0.11,-0.22,-0.11
2015-09-02 18:35:00,4.61,0.0,0,-0.11,-0.22,-0.11
2015-09-02 18:45:00,0.78,0.0,0,-0.11,-0.22,-0.11
2015-09-02 18:50:00,1.56,0.0,0,-0.11,-0.22,-0.11
2015-09-02 19:00:00,4.0,0.0,0,-0.11,-0.22,-0.11
2015-09-02 19:05:00,4.11,0.0,0,-0.11,-0.22,-0.11
2015-09-02 19:10:00,4.39,0.0,0,-0.11,-0.22,-0.11
2015-09-02 19:15:00,2.67,0.0,0,-0.11,-0.22,-0.11
2015-09-02 19:21:00,4.67,0.0,0,-0.11,-0.22,-0.11
2015-09-02 19:26:00,4.22,0.0,0,-0.11,-0.22,-0.11
2015-09-02 19:46:00,4.89,0.0,0,-0.11,-0.22,-0.11
2015-09-02 19:56:00,1.17,0.0,0,-0.11,-0.22,-0.11
2015-09-02 20:11:00,2.33,0.0,0,-0.11,-0.22,-0.11
2015-09-02 20:46:00,4.89,0.0,0,-0.11,-0.22,-0.11
2015-09-02 20:56:00,3.89,0.0,0,-0.11,-0.22,-0.11
2015-09-02 21:00:00,4.61,0.0,0,-0.11,-0.22,-0.11
2015-09-02 21:16:00,3.72,0.0,0,-0.11,-0.22,-0.11
2015-09-02 21:21:00,3.5,0.0,0,-0.11,-0.22,-0.11
2015-09-02 21:31:00,1.17,0.0,0,-0.11,-0.22,-0.11
2015-09-02 21:36:00,2.67,0.0,0,-0.11,-0.22,-0.11
2015-09-02 21:46:00,4.67,0.0,0,-0.11,-0.22,-0.11
2015-09-02 21:51:00,2.28,0.0,0,-0.11,-0.22,-0.11
2015-09-02 22:11:00,1.28,0.0,0,-0.11,-0.22,-0.11
2015-09-02 22:21:00,3.44,0.0,0,-0.11,-0.22,-0.11
2015-09-02 22:31:00,2.67,0.0,0,-0.11,-0.22,-0.11
2015-09-02 22:36:00,2.56,0.0,0,-0.11,-0.22,-0.11
2015-09-02 22:41:00,0.78,0.0,0,-0.11,-0.22,-0.11
2015-09-02 22:51:00,1.56,0.0,0,-0.11,-0.22,-0.11
2015-09-02 23:51:00,2.94,0.0,0,-0.11,-0.22,-0.11
2015-09-03 00:01:00,1.83,0.0,0,-0.11,-0.22,-0.11
2015-09-03 00:11:00,0.0,0.0,0,-0.11,-0.22,-0.11
2015-09-03 00:21:00,2.33,0.0,0,-0.11,-0.22,-0.11
2015-09-03 00:36:00,1.06,0.0,0,-0.11,-0.22,-0.11
2015-09-03 00:41:00,0.22,0.0,0,-0.11,-0.22,-0.11
2015-09-03 00:51:00,0.28,0.0,0,-0.11,-0.22,-0.11
2015-09-03 01:21:00,1.0,0.0,0,-0.11,-0.22,-0.11
2015-09-03 01:26:00,1.28,0.0,0,-0.11,-0.22,-0.11
2015-09-03 01:51:00,1.44,0.0,0,-0.11,-0.22,-0.11
2015-09-03 01:56:00,0.5,0.0,0,-0.11,-0.22,-0.11
2015-09-03 02:01:00,0.61,0.0,0,-0.11,-0.22,-0.11
2015-09-03 02:11:00,0.28,0.0,0,-0.11,-0.22,-0.11
2015-09-03 02:16:00,1.78,0.0,0,-0.11,-0.22,-0.11
2015-09-03 02:21:00,0.28,0.0,0,-0.11,-0.22,-0.11
2015-09-03 03:11:00,1.94,0.0,0,-0.11,-0.22,-0.11
2015-09-03 03:21:00,1.0,0.0,0,-0.11,-0.22,-0.11
2015-09-03 03:26:00,1.17,0.0,0,-0.11,-0.22,-0.11
2015-09-03 03:46:00,1.94,0.0,0,-0.11,-0.22,-0.11
2015-09-03 03:51:00,2.44,0.0,0,-0.11,-0.22,-0.11
2015-09-03 04:06:00,0.22,0.0,0,-0.11,-0.22,-0.11
2015-09-03 04:11:00,1.67,0.0,0,-0.11,-0.22,-0.11
2015-09-03 04:16:00,1.83,0.0,0,-0.11,-0.22,-0.11
2015-09-03 04:36:00,0.39,0.0,0,-0.11,-0.22,-0.11
2015-09-03 04:56:00,1.56,0.0,0,-0.11,-0.22,-0.11
2015-09-03 05:01:00,4.78,0.0,0,-0.11,-0.22,-0.11
2015-09-03 05:06:00,1.17,0.0,0,-0.11,-0.22,-0.11
2015-09-03 05:11:00,10.94,0.0,0,-0.11,-0.22,-0.11
2015-09-03 05:21:00,1.56,0.0,0,-0.11,-0.22,-0.11
2015-09-03 05:26:00,3.89,0.0,0,-0.11,-0.22,-0.11
2015-09-03 05:31:00,5.39,0.0,0,-0.11,-0.22,-0.11
2015-09-03 05:36:00,4.11,0.0,0,-0.11,-0.22,-0.11
2015-09-03 05:41:00,3.61,0.0,0,-0.11,-0.22,-0.11
2015-09-03 05:46:00,2.56,0.0,0,-0.11,-0.22,-0.11
2015-09-03 05:51:00,7.44,0.0,0,-0.11,-0.22,-0.11
2015-09-03 05:56:00,9.94,0.0,0,-0.11,-0.22,-0.11
2015-09-03 06:01:00,4.61,0.0,0,-0.11,-0.22,-0.11
2015-09-03 06:06:00,12.28,0.0,0,-0.11,-0.22,-0.11
2015-09-03 06:11:00,10.56,0.0,0,-0.11,-0.22,-0.11
2015-09-03 06:16:00,21.17,0.0,0,-0.11,-0.22,-0.11
2015-09-03 06:21:00,15.33,0.0,0,-0.11,-0.22,-0.11
2015-09-03 06:26:00,12.11,0.0,0,-0.11,-0.22,-0.11
2015-09-03 06:36:00,11.33,0.0,0,-0.11,-0.22,-0.11
2015-09-03 06:41:00,13.94,0.0,0,-0.11,-0.22,-0.11
2015-09-03 06:46:00,14.78,0.0,0,-0.11,-0.22,-0.11
2015-09-03 06:51:00,11.44,0.0,0,-0.11,-0.22,-0.11
2015-09-03 06:56:00,13.89,0.0,0,-0.11,-0.22,-0.11
2015-09-03 07:01:00,9.39,0.0,0,-0.11,-0.22,-0.11
2015-09-03 07:06:00,12.0,0.0,0,-0.11,-0.22,-0.11
2015-09-03 07:11:00,17.89,0.0,0,-0.11,-0.22,-0.11
2015-09-03 07:16:00,11.89,0.0,0,-0.11,-0.22,-0.11
2015-09-03 07:21:00,10.17,0.0,0,-0.11,-0.22,-0.11
2015-09-03 07:26:00,11.11,0.0,0,-0.11,-0.22,-0.11
2015-09-03 07:31:00,21.11,0.0,0,-0.11,-0.22,-0.11
2015-09-03 07:36:00,9.28,0.0,0,-0.11,-0.22,-0.11
2015-09-03 07:41:00,5.28,0.0,0,-0.11,-0.22,-0.11
2015-09-03 07:46:00,10.06,0.0,0,-0.11,-0.22,-0.11
2015-09-03 07:51:00,10.72,0.0,0,-0.11,-0.22,-0.11
2015-09-03 07:56:00,5.83,0.0,0,-0.11,-0.22,-0.11
2015-09-03 08:01:00,6.44,0.0,0,-0.11,-0.22,-0.11
2015-09-03 08:11:00,4.11,0.0,0,-0.11,-0.22,-0.11
2015-09-03 08:16:00,10.28,0.0,0,-0.11,-0.22,-0.11
2015-09-03 08:21:00,10.44,0.0,0,-0.11,-0.22,-0.11
2015-09-03 08:26:00,9.28,0.0,0,-0.11,-0.22,-0.11
2015-09-03 08:31:00,11.22,0.0,0,-0.11,-0.22,-0.11
2015-09-03 08:36:00,7.44,0.0,0,-0.11,-0.22,-0.11
2015-09-03 08:41:00,5.06,0.0,0,-0.11,-0.22,-0.11
2015-09-03 08:46:00,15.33,0.0,0,-0.11,-0.22,-0.11
2015-09-03 08:56:00,8.0,0.0,0,-0.11,-0.22,-0.11
2015-09-03 09:01:00,3.83,0.0,0,-0.11,-0.22,-0.11
2015-09-03 09:06:00,14.28,0.0,0,-0.11,-0.22,-0.11
2015-09-03 09:16:00,6.83,0.0,0,-0.11,-0.22,-0.11
2015-09-03 09:21:00,5.39,0.0,0,-0.11,-0.22,-0.11
2015-09-03 09:26:00,8.39,0.0,0,-0.11,-0.22,-0.11
2015-09-03 09:31:00,6.72,0.0,0,-0.11,-0.22,-0.11
2015-09-03 09:36:00,7.5,0.0,0,-0.11,-0.22,-0.11
2015-09-03 09:41:00,7.11,0.0,0,-0.11,-0.22,-0.11
2015-09-03 09:56:00,5.78,0.0,0,-0.11,-0.22,-0.11
2015-09-03 10:01:00,5.28,0.0,0,-0.11,-0.22,-0.11
2015-09-03 10:06:00,6.94,0.0,0,-0.11,-0.22,-0.11
2015-09-03 10:11:00,5.06,0.0,0,-0.11,-0.22,-0.11
2015-09-03 10:16:00,3.06,0.0,0,-0.11,-0.22,-0.11
2015-09-03 10:26:00,2.94,0.0,0,-0.11,-0.22,-0.11
2015-09-03 10:31:00,4.5,0.0,0,-0.11,-0.22,-0.11
2015-09-03 10:36:00,4.89,0.0,0,-0.11,-0.22,-0.11
2015-09-03 10:41:00,3.5,0.0,0,-0.11,-0.22,-0.11
2015-09-03 10:46:00,4.61,0.0,0,-0.11,-0.22,-0.11
2015-09-03 10:51:00,1.67,0.0,0,-0.11,-0.22,-0.11
2015-09-03 11:01:00,5.17,0.0,0,-0.11,-0.22,-0.11
2015-09-03 11:06:00,3.72,0.0,0,-0.11,-0.22,-0.11
2015-09-03 11:16:00,5.56,0.0,0,-0.11,-0.22,-0.11
2015-09-03 11:21:00,6.28,0.0,0,-0.11,-0.22,-0.11
2015-09-03 11:26:00,4.61,0.0,0,-0.11,-0.22,-0.11
2015-09-03 11:36:00,7.06,0.0,0,-0.11,-0.22,-0.11
2015-09-03 11:46:00,3.5,0.0,0,-0.11,-0.22,-0.11
2015-09-03 12:01:00,3.83,0.0,0,-0.11,-0.22,-0.11
2015-09-03 12:06:00,1.67,0.0,0,-0.11,-0.22,-0.11
2015-09-03 12:11:00,3.72,0.0,0,-0.11,-0.22,-0.11
2015-09-03 12:16:00,2.83,0.0,0,-0.11,-0.22,-0.11
2015-09-03 12:21:00,2.83,0.0,0,-0.11,-0.22,-0.11
2015-09-03 12:31:00,3.89,0.0,0,-0.11,-0.22,-0.11
2015-09-03 12:41:00,7.33,0.0,0,-0.11,-0.22,-0.11
2015-09-03 12:46:00,3.61,0.0,0,-0.11,-0.22,-0.11
2015-09-03 12:51:00,2.67,0.0,0,-0.11,-0.22,-0.11
2015-09-03 12:56:00,4.11,0.0,0,-0.11,-0.22,-0.11
2015-09-03 13:01:00,4.61,0.0,0,-0.11,-0.22,-0.11
2015-09-03 13:06:00,0.78,0.0,0,-0.11,-0.22,-0.11
2015-09-03 13:11:00,5.44,0.0,0,-0.11,-0.22,-0.11
2015-09-03 13:21:00,1.0,0.0,0,-0.11,-0.22,-0.11
2015-09-03 13:26:00,1.78,0.0,0,-0.11,-0.22,-0.11
2015-09-03 13:31:00,8.5,0.0,0,-0.11,-0.22,-0.11
2015-09-03 13:41:00,5.56,0.0,0,-0.11,-0.22,-0.11
2015-09-03 13:46:00,9.83,0.0,0,-0.11,-0.22,-0.11
2015-09-03 14:01:00,6.17,0.0,0,-0.11,-0.22,-0.11
2015-09-03 14:06:00,2.28,0.0,0,-0.11,-0.22,-0.11
2015-09-03 14:11:00,8.28,0.0,0,-0.11,-0.22,-0.11
2015-09-03 14:16:00,7.72,0.0,0,-0.11,-0.22,-0.11
2015-09-03 14:21:00,4.89,0.0,0,-0.11,-0.22,-0.11
2015-09-03 14:26:00,6.94,0.0,0,-0.11,-0.22,-0.11
2015-09-03 14:31:00,5.39,0.0,0,-0.11,-0.22,-0.11
2015-09-03 14:41:00,8.78,0.0,0,-0.11,-0.22,-0.11
2015-09-03 14:46:00,7.5,0.0,0,-0.11,-0.22,-0.11
2015-09-03 14:56:00,7.61,0.0,0,-0.11,-0.22,-0.11
2015-09-03 15:01:00,6.72,0.0,0,-0.11,-0.22,-0.11
2015-09-03 15:06:00,2.17,0.0,0,-0.11,-0.22,-0.11
2015-09-03 15:11:00,5.67,0.0,0,-0.11,-0.22,-0.11
2015-09-03 15:16:00,7.22,0.0,0,-0.11,-0.22,-0.11
2015-09-03 15:21:00,5.0,0.0,0,-0.11,-0.22,-0.11
2015-09-03 15:26:00,5.17,0.0,0,-0.11,-0.22,-0.11
2015-09-03 15:31:00,9.94,0.0,0,-0.11,-0.22,-0.11
2015-09-03 15:36:00,10.72,0.0,0,-0.11,-0.22,-0.11
2015-09-03 15:41:00,7.44,0.0,0,-0.11,-0.22,-0.11
2015-09-03 15:46:00,9.83,0.0,0,-0.11,-0.22,-0.11
2015-09-03 15:51:00,3.89,0.0,0,-0.11,-0.22,-0.11
2015-09-03 15:56:00,4.11,0.0,0,-0.11,-0.22,-0.11
2015-09-03 16:06:00,4.0,0.2600828338015195,0,-0.11,-0.22,-0.11
2015-09-03 16:21:00,7.22,0.2601337162109052,0,-0.11,-0.22,-0.11
2015-09-03 16:31:00,3.44,0.2746060422406785,0,-0.11,-0.22,-0.11
2015-09-03 16:36:00,7.33,0.26222499750892425,0,-0.11,-0.22,-0.11
2015-09-03 16:41:00,9.0,0.3051049098327761,0,-0.11,-0.22,-0.11
2015-09-03 16:46:00,11.44,0.37448515636353424,0,-0.11,-0.22,-0.11
2015-09-03 16:56:00,10.17,0.3360135332303387,0,-0.11,-0.22,-0.11
2015-09-03 17:01:00,8.67,0.29383359187184704,0,-0.11,-0.22,-0.11
2015-09-03 17:06:00,9.83,0.3250119661645871,0,-0.11,-0.22,-0.11
2015-09-03 17:11:00,4.5,0.2530805501253719,0,-0.11,-0.22,-0.11
2015-09-03 17:16:00,9.83,0.3241888360756921,0,-0.11,-0.22,-0.11
2015-09-03 17:21:00,3.83,0.27049889378953657,0,-0.11,-0.22,-0.11
2015-09-03 17:26:00,7.22,0.2547830753013593,0,-0.11,-0.22,-0.11
2015-09-03 17:36:00,5.78,0.2244720933806436,0,-0.11,-0.22,-0.11
2015-09-03 17:41:00,10.28,0.33590903127427624,0,-0.11,-0.22,-0.11
2015-09-03 17:46:00,3.89,0.2702105308175685,0,-0.11,-0.22,-0.11
2015-09-03 17:51:00,5.28,0.23642463534774336,0,-0.11,-0.22,-0.11
2015-09-03 17:56:00,3.5,0.2801351284453121,0,-0.11,-0.22,-0.11
2015-09-03 18:01:00,7.5,0.2615953248990483,0,-0.11,-0.22,-0.11
2015-09-03 18:11:00,7.72,0.2669590733247218,0,-0.11,-0.22,-0.11
2015-09-03 18:16:00,2.94,0.294795262273085,0,-0.11,-0.22,-0.11
2015-09-03 18:21:00,3.33,0.2839202515755149,0,-0.11,-0.22,-0.11
2015-09-03 18:31:00,3.61,0.2764198049523032,0,-0.11,-0.22,-0.11
2015-09-03 18:36:00,2.83,0.2965281316337591,0,-0.11,-0.22,-0.11
2015-09-03 18:41:00,7.06,0.25186941148301045,0,-0.11,-0.22,-0.11
2015-09-03 18:51:00,3.06,0.28977869721603144,0,-0.11,-0.22,-0.11
2015-09-03 19:06:00,3.33,0.28211242297830075,0,-0.11,-0.22,-0.11
2015-09-03 19:11:00,6.67,0.24409314403500146,0,-0.11,-0.22,-0.11
2015-09-03 19:21:00,3.5,0.27702565020345465,0,-0.11,-0.22,-0.11
2015-09-03 19:26:00,3.44,0.27816002123142985,0,-0.11,-0.22,-0.11
2015-09-03 20:02:00,1.67,0.3267098572053771,0,-0.11,-0.22,-0.11
2015-09-03 20:12:00,3.11,0.2859698535853155,0,-0.11,-0.22,-0.11
2015-09-03 20:17:00,7.22,0.2622151711592972,0,-0.11,-0.22,-0.11
2015-09-03 20:22:00,3.06,0.28676806459654863,0,-0.11,-0.22,-0.11
2015-09-03 20:27:00,5.56,0.22283881901886896,0,-0.11,-0.22,-0.11
2015-09-03 20:57:00,1.67,0.3260135881520944,0,-0.11,-0.22,-0.11
2015-09-03 21:02:00,4.0,0.2601884348409207,0,-0.11,-0.22,-0.11
2015-09-03 21:32:00,0.67,0.3560800188644865,0,-0.11,-0.22,-0.11
2015-09-03 21:42:00,4.89,0.2359566931016348,0,-0.11,-0.22,-0.11
2015-09-03 22:02:00,0.39,0.3657192867486877,0,-0.11,-0.22,-0.11
2015-09-03 22:22:00,1.56,0.32783110335783433,0,-0.11,-0.22,-0.11
2015-09-03 22:27:00,2.67,0.29378800829398544,0,-0.11,-0.22,-0.11
2015-09-03 23:22:00,3.22,0.2775439779399144,0,-0.11,-0.22,-0.11
2015-09-03 23:27:00,4.11,0.2526070689094524,0,-0.11,-0.22,-0.11
2015-09-03 23:32:00,3.11,0.27993490921734543,0,-0.11,-0.22,-0.11
2015-09-03 23:42:00,0.89,0.3472791961942238,0,-0.11,-0.22,-0.11
2015-09-03 23:57:00,5.06,0.2264151371487433,0,-0.11,-0.22,-0.11
2015-09-04 00:02:00,2.56,0.2949588168552762,0,-0.11,-0.22,-0.11
2015-09-04 00:07:00,0.22,0.36809528327736696,0,-0.11,-0.22,-0.11
2015-09-04 00:22:00,0.61,0.35441220624714803,0,-0.11,-0.22,-0.11
2015-09-04 00:27:00,1.0,0.3407699380815661,0,-0.11,-0.22,-0.11
2015-09-04 00:42:00,0.28,0.3632781633860588,0,-0.11,-0.22,-0.11
2015-09-04 01:07:00,1.28,0.33002237279707203,0,-0.11,-0.22,-0.11
2015-09-04 01:27:00,1.78,0.31376715122260623,0,-0.11,-0.22,-0.11
2015-09-04 02:27:00,1.44,0.32375360230521216,0,-0.11,-0.22,-0.11
2015-09-04 02:52:00,1.17,0.3315061387275829,0,-0.11,-0.22,-0.11
2015-09-04 02:57:00,1.44,0.3222790920338537,0,-0.11,-0.22,-0.11
2015-09-04 03:12:00,1.39,0.3233592169956704,0,-0.11,-0.22,-0.11
2015-09-04 03:27:00,2.56,0.2874250645153913,0,-0.11,-0.22,-0.11
2015-09-04 04:02:00,1.78,0.3101521516899698,0,-0.11,-0.22,-0.11
2015-09-04 04:22:00,1.39,0.3214927389413904,0,-0.11,-0.22,-0.11
2015-09-04 04:37:00,4.39,0.2361729601315445,0,-0.11,-0.22,-0.11
2015-09-04 04:52:00,0.67,0.3443630767112343,0,-0.11,-0.22,-0.11
2015-09-04 05:12:00,5.06,0.22662913425969705,0,-0.11,-0.22,-0.11
2015-09-04 05:17:00,3.44,0.26074302872762084,0,-0.11,-0.22,-0.11
2015-09-04 05:22:00,3.61,0.2559934180415773,0,-0.11,-0.22,-0.11
2015-09-04 05:32:00,4.67,0.22858058977090764,0,-0.11,-0.22,-0.11
2015-09-04 05:37:00,3.61,0.2566500382770151,0,-0.11,-0.22,-0.11
2015-09-04 05:42:00,8.78,0.3321373073372343,0,-0.11,-0.22,-0.11
2015-09-04 05:47:00,6.17,0.254674727529023,0,-0.11,-0.22,-0.11
2015-09-04 05:52:00,2.56,0.2867378605807375,0,-0.11,-0.22,-0.11
2015-09-04 05:57:00,5.67,0.2413177529605243,0,-0.11,-0.22,-0.11
2015-09-04 06:07:00,5.0,0.2240632392879756,0,-0.11,-0.22,-0.11
2015-09-04 06:12:00,6.56,0.26493566083982234,0,-0.11,-0.22,-0.11
2015-09-04 06:17:00,8.39,0.3183086551369697,0,-0.11,-0.22,-0.11
2015-09-04 06:22:00,6.83,0.2715996103632697,0,-0.11,-0.22,-0.11
2015-09-04 06:27:00,10.67,0.3913986506768363,0,-0.11,-0.22,-0.11
2015-09-04 06:32:00,8.28,0.3131476181280273,0,-0.11,-0.22,-0.11
2015-09-04 06:37:00,9.06,0.3367270831083494,0,-0.11,-0.22,-0.11
2015-09-04 06:42:00,8.78,0.3272874876840466,0,-0.11,-0.22,-0.11
2015-09-04 06:47:00,5.83,0.2422958262383698,0,-0.11,-0.22,-0.11
2015-09-04 06:52:00,14.28,0.5131496081082929,0,-0.11,-0.22,-0.11
2015-09-04 06:57:00,15.56,0.5529447583673361,0,-0.11,-0.22,-0.11
2015-09-04 07:02:00,5.67,0.23542748905827984,0,-0.11,-0.22,-0.11
2015-09-04 07:07:00,4.61,0.2361309474936813,0,-0.11,-0.22,-0.11
2015-09-04 07:12:00,9.06,0.3294395278186628,0,-0.11,-0.22,-0.11
2015-09-04 07:22:00,9.39,0.3391990716407002,0,-0.11,-0.22,-0.11
2015-09-04 07:27:00,12.22,0.430358679336919,0,-0.11,-0.22,-0.11
2015-09-04 07:32:00,8.5,0.3101790535604783,0,-0.11,-0.22,-0.11
2015-09-04 07:37:00,8.67,0.31469076581035843,0,-0.11,-0.22,-0.11
2015-09-04 07:47:00,6.56,0.25583209020009057,0,-0.11,-0.22,-0.11
2015-09-04 07:52:00,6.17,0.2454834500927544,0,-0.11,-0.22,-0.11
2015-09-04 07:57:00,8.89,0.32036197763547514,0,-0.11,-0.22,-0.11
2015-09-04 08:02:00,7.72,0.2858790054096632,0,-0.11,-0.22,-0.11
2015-09-04 08:07:00,12.11,0.4213723451029178,0,-0.11,-0.22,-0.11
2015-09-04 08:12:00,7.22,0.2707121659118093,0,-0.11,-0.22,-0.11
2015-09-04 08:17:00,9.28,0.32952571195519564,0,-0.11,-0.22,-0.11
2015-09-04 08:22:00,10.94,0.3803388020336299,0,-0.11,-0.22,-0.11
2015-09-04 08:27:00,5.17,0.2270883058452713,0,-0.11,-0.22,-0.11
2015-09-04 08:32:00,6.83,0.2591272366952807,0,-0.11,-0.22,-0.11
2015-09-04 08:37:00,5.78,0.2323363701030283,0,-0.11,-0.22,-0.11
2015-09-04 08:52:00,7.89,0.2871345527164269,0,-0.11,-0.22,-0.11
2015-09-04 08:57:00,2.33,0.3028764848624367,0,-0.11,-0.22,-0.11
2015-09-04 09:12:00,7.06,0.26447105093476897,0,-0.11,-0.22,-0.11
2015-09-04 09:17:00,8.0,0.28957713948594704,0,-0.11,-0.22,-0.11
2015-09-04 09:32:00,2.94,0.28605705542577425,0,-0.11,-0.22,-0.11
2015-09-04 09:42:00,2.17,0.3074590285659575,0,-0.11,-0.22,-0.11
2015-09-04 09:47:00,6.17,0.241646090802112,0,-0.11,-0.22,-0.11
2015-09-04 09:52:00,8.22,0.2959500073057061,0,-0.11,-0.22,-0.11
2015-09-04 09:57:00,4.0,0.2572709646809347,0,-0.11,-0.22,-0.11
2015-09-04 10:12:00,3.89,0.2599596062906913,0,-0.11,-0.22,-0.11
2015-09-04 10:17:00,8.22,0.2957202981810953,0,-0.11,-0.22,-0.11
2015-09-04 10:22:00,4.78,0.2378689562667876,0,-0.11,-0.22,-0.11
2015-09-04 10:27:00,3.83,0.2619610358588751,0,-0.11,-0.22,-0.11
2015-09-04 10:32:00,6.17,0.2409935334067793,0,-0.11,-0.22,-0.11
2015-09-04 10:37:00,4.11,0.2547926677072145,0,-0.11,-0.22,-0.11
2015-09-04 10:42:00,2.83,0.2892607863393753,0,-0.11,-0.22,-0.11
2015-09-04 10:47:00,5.56,0.22596690686080656,0,-0.11,-0.22,-0.11
2015-09-04 10:57:00,3.33,0.2757653358888524,0,-0.11,-0.22,-0.11
2015-09-04 11:02:00,8.61,0.3059301056042494,0,-0.11,-0.22,-0.11
2015-09-04 11:07:00,4.5,0.2454815638452178,0,-0.11,-0.22,-0.11
2015-09-04 11:17:00,5.94,0.2346916724416436,0,-0.11,-0.22,-0.11
2015-09-04 11:22:00,9.39,0.3282615907046808,0,-0.11,-0.22,-0.11
2015-09-04 11:27:00,3.11,0.2830802443727614,0,-0.11,-0.22,-0.11
2015-09-04 11:32:00,6.72,0.2532463812304257,0,-0.11,-0.22,-0.11
2015-09-04 11:37:00,4.61,0.24365416032060666,0,-0.11,-0.22,-0.11
2015-09-04 11:42:00,5.67,0.2275658150001343,0,-0.11,-0.22,-0.11
2015-09-04 11:47:00,4.89,0.2361935868146409,0,-0.11,-0.22,-0.11
2015-09-04 11:52:00,5.78,0.2307106969093434,0,-0.11,-0.22,-0.11
2015-09-04 11:57:00,7.5,0.2747418922385019,0,-0.11,-0.22,-0.11
2015-09-04 12:12:00,3.72,0.265831114770642,0,-0.11,-0.22,-0.11
2015-09-04 12:27:00,2.33,0.3039486879975148,0,-0.11,-0.22,-0.11
2015-09-04 12:32:00,5.06,0.23134033854392555,0,-0.11,-0.22,-0.11
2015-09-04 12:37:00,6.44,0.247535027777478,0,-0.11,-0.22,-0.11
2015-09-04 12:42:00,2.44,0.30100431078384793,0,-0.11,-0.22,-0.11
2015-09-04 12:52:00,6.33,0.24468892938700199,0,-0.11,-0.22,-0.11
2015-09-04 12:57:00,9.78,0.3408429418760701,0,-0.11,-0.22,-0.11
2015-09-04 13:02:00,2.17,0.3092358796270123,0,-0.11,-0.22,-0.11
2015-09-04 13:12:00,6.67,0.252636816582204,0,-0.11,-0.22,-0.11
2015-09-04 13:17:00,6.83,0.2565730596215265,0,-0.11,-0.22,-0.11
2015-09-04 13:27:00,2.06,0.31309216146210633,0,-0.11,-0.22,-0.11
2015-09-04 13:37:00,8.22,0.29373376947923746,0,-0.11,-0.22,-0.11
2015-09-04 13:47:00,7.61,0.2764092701359071,0,-0.11,-0.22,-0.11
2015-09-04 13:52:00,5.56,0.22401239127615866,0,-0.11,-0.22,-0.11
2015-09-04 13:57:00,4.61,0.2445315673223725,0,-0.11,-0.22,-0.11
2015-09-04 14:02:00,3.11,0.2843324616287222,0,-0.11,-0.22,-0.11
2015-09-04 14:07:00,6.44,0.24535016981138644,0,-0.11,-0.22,-0.11
2015-09-04 14:12:00,4.11,0.2575334311816592,0,-0.11,-0.22,-0.11
2015-09-04 14:17:00,11.44,0.3905644226385374,0,-0.11,-0.22,-0.11
2015-09-04 14:22:00,7.22,0.2643742712758372,0,-0.11,-0.22,-0.11
2015-09-04 14:27:00,8.28,0.2928688157248789,0,-0.11,-0.22,-0.11
2015-09-04 14:32:00,3.11,0.28585899069682746,0,-0.11,-0.22,-0.11
2015-09-04 14:37:00,3.22,0.28272642387728264,0,-0.11,-0.22,-0.11
2015-09-04 14:42:00,4.39,0.25156331053743697,0,-0.11,-0.22,-0.11
2015-09-04 14:47:00,8.67,0.303630421494132,0,-0.11,-0.22,-0.11
2015-09-04 14:52:00,2.33,0.30815763818716746,0,-0.11,-0.22,-0.11
2015-09-04 15:02:00,3.61,0.2726395412959622,0,-0.11,-0.22,-0.11
2015-09-04 15:17:00,3.5,0.27572376729983644,0,-0.11,-0.22,-0.11
2015-09-04 15:22:00,6.17,0.2365744133808357,0,-0.11,-0.22,-0.11
2015-09-04 15:32:00,6.44,0.2429537217142244,0,-0.11,-0.22,-0.11
2015-09-04 15:42:00,3.89,0.2661231380741785,0,-0.11,-0.22,-0.11
2015-09-04 15:47:00,5.83,0.2276126125280929,0,-0.11,-0.22,-0.11
2015-09-04 15:52:00,6.67,0.2480947664689049,0,-0.11,-0.22,-0.11
2015-09-04 16:02:00,6.83,0.25186345692087025,0,-0.11,-0.22,-0.11
2015-09-04 16:12:00,3.61,0.2751599764216189,0,-0.11,-0.22,-0.11
2015-09-04 16:17:00,4.39,0.2546307005294519,0,-0.11,-0.22,-0.11
2015-09-04 16:27:00,3.72,0.2726086531458913,0,-0.11,-0.22,-0.11
2015-09-04 16:32:00,5.28,0.23248365370578025,0,-0.11,-0.22,-0.11
2015-09-04 16:42:00,5.28,0.2329573393543804,0,-0.11,-0.22,-0.11
2015-09-04 16:47:00,4.28,0.2587997247552022,0,-0.11,-0.22,-0.11
2015-09-04 16:52:00,5.0,0.2405134356076281,0,-0.11,-0.22,-0.11
2015-09-04 16:57:00,7.06,0.2560532622833636,0,-0.11,-0.22,-0.11
2015-09-04 17:02:00,4.61,0.2517363391378959,0,-0.11,-0.22,-0.11
2015-09-04 17:07:00,5.39,0.2321361343073847,0,-0.11,-0.22,-0.11
2015-09-04 17:12:00,14.44,0.4906893650600218,0,-0.11,-0.22,-0.11
2015-09-04 17:17:00,7.61,0.2684576067163981,0,-0.11,-0.22,-0.11
2015-09-04 17:22:00,11.5,0.3865527255122804,0,-0.11,-0.22,-0.11
2015-09-04 17:27:00,6.33,0.2334789636693059,0,-0.11,-0.22,-0.11
2015-09-04 17:32:00,6.44,0.2357845632772881,0,-0.11,-0.22,-0.11
2015-09-04 17:37:00,6.06,0.22595169065934936,0,-0.11,-0.22,-0.11
2015-09-04 17:42:00,6.33,0.23221005746734355,0,-0.11,-0.22,-0.11
2015-09-04 17:47:00,3.61,0.2854135688403734,0,-0.11,-0.22,-0.11
2015-09-04 18:02:00,5.0,0.2473810456782281,0,-0.11,-0.22,-0.11
2015-09-04 18:07:00,5.56,0.2332612192429656,0,-0.11,-0.22,-0.11
2015-09-04 18:12:00,2.72,0.31353087804645635,0,-0.11,-0.22,-0.11
2015-09-04 18:17:00,6.33,0.2310628364503272,0,-0.11,-0.22,-0.11
2015-09-04 18:22:00,4.22,0.27031369127875804,0,-0.11,-0.22,-0.11
2015-09-04 18:27:00,4.11,0.27378850819335143,0,-0.11,-0.22,-0.11
2015-09-04 18:32:00,4.78,0.2553769748532921,0,-0.11,-0.22,-0.11
2015-09-04 18:37:00,7.5,0.2610999991359678,0,-0.11,-0.22,-0.11
2015-09-04 18:42:00,13.28,0.4485609906051565,0,-0.11,-0.22,-0.11
2015-09-04 18:47:00,7.22,0.2519343022953566,0,-0.11,-0.22,-0.11
2015-09-04 18:52:00,10.06,0.3359416711754632,0,-0.11,-0.22,-0.11
2015-09-04 18:57:00,2.44,0.3273301184899943,0,-0.11,-0.22,-0.11
2015-09-04 19:02:00,3.83,0.2849453098368561,0,-0.11,-0.22,-0.11
2015-09-04 19:07:00,2.33,0.3310382159470661,0,-0.11,-0.22,-0.11
2015-09-04 19:12:00,4.28,0.27149283320668616,0,-0.11,-0.22,-0.11
2015-09-04 19:22:00,2.06,0.3391786249167254,0,-0.11,-0.22,-0.11
2015-09-04 19:27:00,1.39,0.36075807883042027,0,-0.11,-0.22,-0.11
2015-09-04 19:32:00,4.22,0.2728218871535113,0,-0.11,-0.22,-0.11
2015-09-04 19:42:00,2.33,0.3295257225737924,0,-0.11,-0.22,-0.11
2015-09-04 19:47:00,1.56,0.3536052645572069,0,-0.11,-0.22,-0.11
2015-09-04 19:57:00,5.67,0.2322619378918091,0,-0.11,-0.22,-0.11
2015-09-04 20:02:00,4.0,0.2773309756111699,0,-0.11,-0.22,-0.11
2015-09-04 20:12:00,3.33,0.2966245124824885,0,-0.11,-0.22,-0.11
2015-09-04 20:17:00,4.28,0.2686657292098239,0,-0.11,-0.22,-0.11
2015-09-04 20:23:00,2.17,0.3351805030505474,0,-0.11,-0.22,-0.11
2015-09-04 20:28:00,4.61,0.257710409239478,0,-0.11,-0.22,-0.11
2015-09-04 20:33:00,3.33,0.2962045391637285,0,-0.11,-0.22,-0.11
2015-09-04 20:38:00,6.28,0.2352296265891073,0,-0.11,-0.22,-0.11
2015-09-04 20:48:00,1.78,0.3485763191353013,0,-0.11,-0.22,-0.11
2015-09-04 20:53:00,3.5,0.2895975186129384,0,-0.11,-0.22,-0.11
2015-09-04 21:03:00,3.22,0.2983740326786686,0,-0.11,-0.22,-0.11
2015-09-04 21:13:00,3.44,0.2905789498944296,0,-0.11,-0.22,-0.11
2015-09-04 21:18:00,5.17,0.23687400306548764,0,-0.11,-0.22,-0.11
2015-09-04 21:33:00,2.72,0.31534236314374425,0,-0.11,-0.22,-0.11
2015-09-04 21:38:00,4.22,0.2643344603739252,0,-0.11,-0.22,-0.11
2015-09-04 21:53:00,2.83,0.3105864141894075,0,-0.11,-0.22,-0.11
2015-09-04 22:08:00,0.89,0.3823608218296089,0,-0.11,-0.22,-0.11
2015-09-04 22:13:00,1.83,0.34977482086662576,0,-0.11,-0.22,-0.11
2015-09-04 22:23:00,3.72,0.27891053770447,0,-0.11,-0.22,-0.11
2015-09-04 22:34:00,3.61,0.28251919417252713,0,-0.11,-0.22,-0.11
2015-09-04 22:41:00,0.78,0.3904490153783355,0,-0.11,-0.22,-0.11
2015-09-08 10:44:00,3.61,0.2809201137866428,0,-0.11,-0.22,-0.11
2015-09-08 10:49:00,1.44,0.362155254802401,0,-0.11,-0.22,-0.11
2015-09-08 10:59:00,4.28,0.25717822925637235,0,-0.11,-0.22,-0.11
2015-09-08 11:04:00,6.28,0.2507811386261572,0,-0.11,-0.22,-0.11
2015-09-08 11:09:00,4.61,0.2461616270083685,0,-0.11,-0.22,-0.11
2015-09-08 11:14:00,5.28,0.22467920762819046,0,-0.11,-0.22,-0.11
2015-09-08 11:19:00,2.06,0.33664362824689803,0,-0.11,-0.22,-0.11
2015-09-08 11:29:00,7.5,0.2965099357889114,0,-0.11,-0.22,-0.11
2015-09-08 11:34:00,8.39,0.3300938991558897,0,-0.11,-0.22,-0.11
2015-09-08 11:39:00,0.67,0.3926059282237165,0,-0.11,-0.22,-0.11
2015-09-08 11:49:00,2.94,0.3023904435409396,0,-0.11,-0.22,-0.11
2015-09-08 11:59:00,1.67,0.35151625500816674,0,-0.11,-0.22,-0.11
2015-09-08 12:14:00,5.44,0.2289200077291987,0,-0.11,-0.22,-0.11
2015-09-08 12:19:00,3.72,0.27284646794662143,0,-0.11,-0.22,-0.11
2015-09-08 12:24:00,3.5,0.2804448635401589,0,-0.11,-0.22,-0.11
2015-09-08 12:27:00,3.11,0.29462328728668363,0,-0.11,-0.22,-0.11
2015-09-08 12:32:00,5.78,0.2422050150952081,0,-0.11,-0.22,-0.11
2015-09-08 12:36:00,4.67,0.23887908311133035,0,-0.11,-0.22,-0.11
2015-09-08 12:46:00,9.0,0.3649400587536353,0,-0.11,-0.22,-0.11
2015-09-08 12:51:00,6.72,0.2749901246568688,0,-0.11,-0.22,-0.11
2015-09-08 12:56:00,1.0,0.3787065509669881,0,-0.11,-0.22,-0.11
2015-09-08 13:01:00,5.17,0.22304976223671136,0,-0.11,-0.22,-0.11
2015-09-08 13:06:00,8.89,0.3598552182179099,0,-0.11,-0.22,-0.11
2015-09-08 13:16:00,6.06,0.2517715611288706,0,-0.11,-0.22,-0.11
2015-09-08 13:26:00,1.39,0.36152644231596587,0,-0.11,-0.22,-0.11
2015-09-08 13:36:00,2.44,0.3187297872189582,0,-0.11,-0.22,-0.11
2015-09-08 13:41:00,3.44,0.2807169460783735,0,-0.11,-0.22,-0.11
2015-09-08 13:46:00,6.06,0.25190242502016114,0,-0.11,-0.22,-0.11
2015-09-08 13:51:00,1.78,0.3446399389054289,0,-0.11,-0.22,-0.11
2015-09-08 13:56:00,3.89,0.26440092288718386,0,-0.11,-0.22,-0.11
2015-09-08 14:00:00,5.0,0.22787188707201786,0,-0.11,-0.22,-0.11
2015-09-08 14:06:00,5.0,0.2278539836910153,0,-0.11,-0.22,-0.11
2015-09-08 14:11:00,10.28,0.41742374968856394,0,-0.11,-0.22,-0.11
2015-09-08 14:21:00,1.17,0.3695994900179445,0,-0.11,-0.22,-0.11
2015-09-08 14:31:00,4.67,0.2383932842020224,0,-0.11,-0.22,-0.11
2015-09-08 14:36:00,5.0,0.2279106095186333,0,-0.11,-0.22,-0.11
2015-09-08 14:41:00,5.39,0.2298323008220519,0,-0.11,-0.22,-0.11
2015-09-08 14:51:00,1.67,0.34811444570299377,0,-0.11,-0.22,-0.11
2015-09-08 14:56:00,4.39,0.2472771649382337,0,-0.11,-0.22,-0.11
2015-09-08 15:01:00,4.22,0.25332384211617753,0,-0.11,-0.22,-0.11
2015-09-08 15:06:00,4.5,0.2440689845028021,0,-0.11,-0.22,-0.11
2015-09-08 15:11:00,7.89,0.31731921268253965,0,-0.11,-0.22,-0.11
2015-09-08 15:16:00,4.28,0.2521454722151967,0,-0.11,-0.22,-0.11
2015-09-08 15:26:00,5.06,0.22688178439810144,0,-0.11,-0.22,-0.11
2015-09-08 15:29:00,2.72,0.3079459426790737,0,-0.11,-0.22,-0.11
2015-09-08 15:41:00,5.56,0.2345198394463425,0,-0.11,-0.22,-0.11
2015-09-08 16:15:00,6.83,0.2773132179686755,0,-0.11,-0.22,-0.11
2015-09-08 16:31:00,2.83,0.3043939814347864,0,-0.11,-0.22,-0.11
2015-09-08 16:36:00,3.44,0.2815562506427218,0,-0.11,-0.22,-0.11
2015-09-08 16:41:00,2.06,0.33466651012663395,0,-0.11,-0.22,-0.11
2015-09-08 16:46:00,7.06,0.285590247373942,0,-0.11,-0.22,-0.11
2015-09-08 16:56:00,1.83,0.3443815466871926,0,-0.11,-0.22,-0.11
2015-09-08 17:06:00,7.72,0.30974787375682605,0,-0.11,-0.22,-0.11
2015-09-08 17:11:00,6.94,0.28085237904342925,0,-0.11,-0.22,-0.11
2015-09-08 17:21:00,5.28,0.22466647141147544,0,-0.11,-0.22,-0.11
2015-09-08 17:26:00,3.5,0.28015098073217665,0,-0.11,-0.22,-0.11
2015-09-08 17:31:00,5.83,0.2431765204364735,0,-0.11,-0.22,-0.11
2015-09-08 17:36:00,8.22,0.3303710254901623,0,-0.11,-0.22,-0.11
2015-09-08 17:46:00,6.33,0.25978175293622385,0,-0.11,-0.22,-0.11
2015-09-08 17:51:00,4.11,0.2585807460895208,0,-0.11,-0.22,-0.11
2015-09-08 17:56:00,5.0,0.2289171258415009,0,-0.11,-0.22,-0.11
2015-09-08 18:26:00,1.78,0.34653836999360754,0,-0.11,-0.22,-0.11
2015-09-08 18:31:00,7.89,0.3182653970888696,0,-0.11,-0.22,-0.11
2015-09-08 18:36:00,4.78,0.2352924617172421,0,-0.11,-0.22,-0.11
2015-09-08 18:41:00,2.72,0.30823341180930025,0,-0.11,-0.22,-0.11
2015-09-08 18:46:00,1.0,0.37733746155352055,0,-0.11,-0.22,-0.11
2015-09-08 18:56:00,1.17,0.36882606813991775,0,-0.11,-0.22,-0.11
2015-09-08 19:01:00,5.56,0.2364271871589944,0,-0.11,-0.22,-0.11
2015-09-08 19:06:00,1.28,0.36384139010752137,0,-0.11,-0.22,-0.11
2015-09-08 19:16:00,7.44,0.3032439275454542,0,-0.11,-0.22,-0.11
2015-09-08 19:26:00,2.44,0.31629396191596,0,-0.11,-0.22,-0.11
2015-09-08 19:36:00,2.67,0.3069678728550666,0,-0.11,-0.22,-0.11
2015-09-08 19:41:00,4.39,0.2449526057800832,0,-0.11,-0.22,-0.11
2015-09-08 19:46:00,1.44,0.35533848444676336,0,-0.11,-0.22,-0.11
2015-09-08 19:51:00,1.56,0.3493374235937193,0,-0.11,-0.22,-0.11
2015-09-08 20:06:00,2.72,0.3025479086779028,0,-0.11,-0.22,-0.11
2015-09-08 20:11:00,2.67,0.3042319857687177,0,-0.11,-0.22,-0.11
2015-09-08 20:26:00,1.56,0.3479248049442499,0,-0.11,-0.22,-0.11
2015-09-08 20:36:00,2.94,0.2932623349201053,0,-0.11,-0.22,-0.11
2015-09-08 20:41:00,0.67,0.3838414441022787,0,-0.11,-0.22,-0.11
2015-09-08 20:46:00,1.44,0.3507302585006601,0,-0.11,-0.22,-0.11
2015-09-08 20:56:00,0.89,0.3724523744911595,0,-0.11,-0.22,-0.11
2015-09-08 21:06:00,1.78,0.33491402508523604,0,-0.11,-0.22,-0.11
2015-09-08 21:11:00,1.56,0.3434086221817549,0,-0.11,-0.22,-0.11
2015-09-08 21:16:00,0.89,0.3705779321219001,0,-0.11,-0.22,-0.11
2015-09-08 21:21:00,2.33,0.31100806527545594,0,-0.11,-0.22,-0.11
2015-09-08 21:46:00,0.22,0.3978674417780964,0,-0.11,-0.22,-0.11
2015-09-08 21:51:00,1.39,0.3469274744847841,0,-0.11,-0.22,-0.11
2015-09-08 21:56:00,0.5,0.3836236593237935,0,-0.11,-0.22,-0.11
2015-09-08 22:06:00,1.06,0.35883161801546026,0,-0.11,-0.22,-0.11
2015-09-08 22:12:00,0.67,0.3740657658406246,0,-0.11,-0.22,-0.11
2015-09-08 22:26:00,2.56,0.2972329281135864,0,-0.11,-0.22,-0.11
2015-09-08 22:36:00,1.17,0.35176131967551005,0,-0.11,-0.22,-0.11
2015-09-08 22:51:00,0.28,0.3884384675564731,0,-0.11,-0.22,-0.11
2015-09-08 22:56:00,3.33,0.26725520060394875,0,-0.11,-0.22,-0.11
2015-09-08 23:56:00,2.94,0.28118427535416696,0,-0.11,-0.22,-0.11
2015-09-09 00:26:00,1.67,0.3290705897431581,0,-0.11,-0.22,-0.11
2015-09-09 01:11:00,1.67,0.3282845324043432,0,-0.11,-0.22,-0.11
2015-09-09 01:51:00,0.61,0.37125951243239935,0,-0.11,-0.22,-0.11
2015-09-09 03:11:00,0.78,0.3632802624266155,0,-0.11,-0.22,-0.11
2015-09-09 06:04:00,12.28,0.5299692125607484,0,-0.11,-0.22,-0.11
2015-09-09 07:34:00,8.89,0.37749111638305055,0,-0.11,-0.22,-0.11
2015-09-09 09:20:00,5.06,0.2354098684410049,0,-0.11,-0.22,-0.11
2015-09-09 09:48:00,2.06,0.31174000882801817,0,-0.11,-0.22,-0.11
2015-09-09 09:53:00,6.44,0.2818187005165672,0,-0.11,-0.22,-0.11
2015-09-09 09:58:00,2.44,0.2972980128522329,0,-0.11,-0.22,-0.11
2015-09-09 10:03:00,4.67,0.22332330580202306,0,-0.11,-0.22,-0.11
2015-09-09 10:08:00,4.61,0.22403377928283524,0,-0.11,-0.22,-0.11
2015-09-09 10:18:00,5.0,0.2331442954490827,0,-0.11,-0.22,-0.11
2015-09-09 10:23:00,9.67,0.4091165977569441,0,-0.11,-0.22,-0.11
2015-09-09 10:33:00,4.67,0.22294165103789865,0,-0.11,-0.22,-0.11
2015-09-09 10:43:00,4.5,0.2283310061998665,0,-0.11,-0.22,-0.11
2015-09-09 10:53:00,3.83,0.2496440414231776,0,-0.11,-0.22,-0.11
2015-09-09 10:58:00,4.67,0.2232181305762688,0,-0.11,-0.22,-0.11
2015-09-09 11:08:00,5.39,0.244809012357918,0,-0.11,-0.22,-0.11
2015-09-09 11:18:00,2.94,0.28131808159770666,0,-0.11,-0.22,-0.11
2015-09-09 11:23:00,3.06,0.2767810850816065,0,-0.11,-0.22,-0.11
2015-09-09 11:38:00,3.22,0.2716414381538844,0,-0.11,-0.22,-0.11
2015-09-09 11:43:00,2.94,0.28187504583314565,0,-0.11,-0.22,-0.11
2015-09-09 11:48:00,5.56,0.2497968806177565,0,-0.11,-0.22,-0.11
2015-09-09 11:58:00,4.89,0.2279234309238419,0,-0.11,-0.22,-0.11
2015-09-09 12:13:00,6.06,0.26646323587486465,0,-0.11,-0.22,-0.11
2015-09-09 12:23:00,2.56,0.2965789863207489,0,-0.11,-0.22,-0.11
2015-09-09 12:28:00,2.17,0.3116594626377748,0,-0.11,-0.22,-0.11
2015-09-09 12:43:00,3.06,0.2782820782807254,0,-0.11,-0.22,-0.11
2015-09-09 12:53:00,1.06,0.35509122773629537,0,-0.11,-0.22,-0.11
2015-09-09 12:58:00,5.17,0.2364244124463359,0,-0.11,-0.22,-0.11
2015-09-09 13:03:00,6.56,0.2836844179941659,0,-0.11,-0.22,-0.11
2015-09-09 13:13:00,1.44,0.3422087848778874,0,-0.11,-0.22,-0.11
2015-09-09 13:18:00,0.22,0.3935268224755456,0,-0.11,-0.22,-0.11
2015-09-09 13:23:00,1.67,0.3330179661234034,0,-0.11,-0.22,-0.11
2015-09-09 13:38:00,6.28,0.273087352447596,0,-0.11,-0.22,-0.11
2015-09-09 13:48:00,2.67,0.29518489602796905,0,-0.11,-0.22,-0.11
2015-09-09 13:53:00,4.89,0.225854101221972,0,-0.11,-0.22,-0.11
2015-09-09 14:08:00,2.06,0.3195772168584247,0,-0.11,-0.22,-0.11
2015-09-09 14:13:00,7.11,0.3028929185968413,0,-0.11,-0.22,-0.11
2015-09-09 14:18:00,2.06,0.3203516709665929,0,-0.11,-0.22,-0.11
2015-09-09 14:23:00,7.83,0.3304094082532711,0,-0.11,-0.22,-0.11
2015-09-09 14:33:00,3.5,0.2674108284470165,0,-0.11,-0.22,-0.11
2015-09-09 14:43:00,4.5,0.23343225033781176,0,-0.11,-0.22,-0.11
2015-09-09 15:03:00,3.06,0.2838549289415236,0,-0.11,-0.22,-0.11
2015-09-09 15:08:00,3.11,0.2817273450452811,0,-0.11,-0.22,-0.11
2015-09-09 15:13:00,11.06,0.4690807424036283,0,-0.11,-0.22,-0.11
2015-09-09 15:18:00,5.78,0.2523683687972859,0,-0.11,-0.22,-0.11
2015-09-09 15:23:00,6.56,0.27957239824006364,0,-0.11,-0.22,-0.11
2015-09-09 15:28:00,2.28,0.3137042889113417,0,-0.11,-0.22,-0.11
2015-09-09 15:33:00,7.22,0.3046578521977241,0,-0.11,-0.22,-0.11
2015-09-09 15:43:00,4.78,0.22528664842712884,0,-0.11,-0.22,-0.11
2015-09-09 15:48:00,5.56,0.2449307965264408,0,-0.11,-0.22,-0.11
2015-09-09 15:53:00,6.44,0.2754065416754536,0,-0.11,-0.22,-0.11
2015-09-09 15:58:00,3.44,0.2705356466195265,0,-0.11,-0.22,-0.11
2015-09-09 16:03:00,1.56,0.3417625510508868,0,-0.11,-0.22,-0.11
2015-09-09 16:08:00,5.39,0.2402596452632673,0,-0.11,-0.22,-0.11
2015-09-09 16:13:00,10.56,0.44547685196985537,0,-0.11,-0.22,-0.11
2015-09-09 16:23:00,8.5,0.35667739138689736,0,-0.11,-0.22,-0.11
2015-09-09 16:28:00,3.5,0.2671440447903056,0,-0.11,-0.22,-0.11
2015-09-09 16:38:00,6.17,0.2678245165351474,0,-0.11,-0.22,-0.11
2015-09-09 16:43:00,3.44,0.2686191712973837,0,-0.11,-0.22,-0.11
2015-09-09 16:48:00,5.0,0.2289817685010739,0,-0.11,-0.22,-0.11
2015-09-09 16:53:00,7.61,0.3263273866003841,0,-0.11,-0.22,-0.11
2015-09-09 16:58:00,3.83,0.2541653787438582,0,-0.11,-0.22,-0.11
2015-09-09 17:08:00,7.11,0.310024405583712,0,-0.11,-0.22,-0.11
2015-09-09 17:13:00,5.0,0.2311230841938681,0,-0.11,-0.22,-0.11
2015-09-09 17:18:00,3.44,0.26817462170592443,0,-0.11,-0.22,-0.11
2015-09-09 17:23:00,7.22,0.3163586633403273,0,-0.11,-0.22,-0.11
2015-09-09 17:33:00,4.5,0.2293573868988549,0,-0.11,-0.22,-0.11
2015-09-09 17:48:00,3.61,0.26087431233004804,0,-0.11,-0.22,-0.11
2015-09-09 17:58:00,1.94,0.3277978337812385,0,-0.11,-0.22,-0.11
2015-09-09 18:03:00,2.56,0.30100798561921965,0,-0.11,-0.22,-0.11
2015-09-09 18:08:00,2.17,0.3166765415762304,0,-0.11,-0.22,-0.11
2015-09-09 18:18:00,3.22,0.2734596353834621,0,-0.11,-0.22,-0.11
2015-09-09 18:23:00,4.39,0.22994999214361386,0,-0.11,-0.22,-0.11
2015-09-09 18:28:00,1.17,0.3604547263889804,0,-0.11,-0.22,-0.11
2015-09-09 18:43:00,4.5,0.2246158104964813,0,-0.11,-0.22,-0.11
2015-09-09 18:48:00,1.56,0.34181117694238256,0,-0.11,-0.22,-0.11
2015-09-09 18:53:00,1.28,0.3543507478616938,0,-0.11,-0.22,-0.11
2015-09-09 19:03:00,2.56,0.2970579675558148,0,-0.11,-0.22,-0.11
2015-09-09 19:18:00,4.89,0.23724016971512096,0,-0.11,-0.22,-0.11
2015-09-09 19:33:00,4.0,0.23978085267279944,0,-0.11,-0.22,-0.11
2015-09-09 19:38:00,3.22,0.26914958115460896,0,-0.11,-0.22,-0.11
2015-09-09 19:43:00,2.06,0.3177613495185441,0,-0.11,-0.22,-0.11
2015-09-09 19:48:00,0.39,0.3940654569000207,0,-0.11,-0.22,-0.11
2015-09-09 19:58:00,1.67,0.3330823771299469,0,-0.11,-0.22,-0.11
2015-09-09 20:03:00,2.94,0.27855693366250195,0,-0.11,-0.22,-0.11
2015-09-09 20:08:00,4.11,0.2338631447244825,0,-0.11,-0.22,-0.11
2015-09-09 20:13:00,7.22,0.3351674227698617,0,-0.11,-0.22,-0.11
2015-09-09 20:18:00,0.61,0.3819045356004571,0,-0.11,-0.22,-0.11
2015-09-09 20:33:00,2.44,0.2983912965970509,0,-0.11,-0.22,-0.11
2015-09-09 20:38:00,1.44,0.34179992391689795,0,-0.11,-0.22,-0.11
2015-09-09 20:48:00,0.61,0.3794849086230194,0,-0.11,-0.22,-0.11
2015-09-09 20:58:00,1.56,0.3344895226856171,0,-0.11,-0.22,-0.11
2015-09-09 21:03:00,4.0,0.2352139659779441,0,-0.11,-0.22,-0.11
2015-09-09 21:08:00,1.06,0.3563176344650548,0,-0.11,-0.22,-0.11
2015-09-09 21:13:00,0.78,0.3683387584441589,0,-0.11,-0.22,-0.11
2015-09-09 21:18:00,1.67,0.32739268963660995,0,-0.11,-0.22,-0.11
2015-09-09 21:23:00,7.06,0.3308760368415605,0,-0.11,-0.22,-0.11
2015-09-09 21:33:00,1.94,0.3153092400798084,0,-0.11,-0.22,-0.11
2015-09-09 21:38:00,3.11,0.2667024663099791,0,-0.11,-0.22,-0.11
2015-09-09 21:43:00,2.94,0.2731774004744095,0,-0.11,-0.22,-0.11
2015-09-09 21:48:00,0.78,0.3658465561142349,0,-0.11,-0.22,-0.11
2015-09-09 22:03:00,0.61,0.37303278694412667,0,-0.11,-0.22,-0.11
2015-09-09 22:08:00,1.0,0.3541219756264444,0,-0.11,-0.22,-0.11
2015-09-09 22:13:00,0.78,0.363150815636792,0,-0.11,-0.22,-0.11
2015-09-09 22:23:00,3.83,0.23651950393120155,0,-0.11,-0.22,-0.11
2015-09-09 22:28:00,1.28,0.3392683947329821,0,-0.11,-0.22,-0.11
2015-09-09 22:33:00,0.67,0.3660301272428486,0,-0.11,-0.22,-0.11
2015-09-09 22:38:00,1.06,0.3471558336726582,0,-0.11,-0.22,-0.11
2015-09-09 22:41:00,8.28,0.3925400597486834,0,-0.11,-0.22,-0.11
2015-09-09 22:46:00,2.83,0.2721459499126062,0,-0.11,-0.22,-0.11
2015-09-10 00:08:00,0.39,0.3769075874192602,0,-0.11,-0.22,-0.11
2015-09-10 00:23:00,3.61,0.2422438565380139,0,-0.11,-0.22,-0.11
2015-09-10 00:38:00,1.39,0.33052351237720073,0,-0.11,-0.22,-0.11
2015-09-10 00:53:00,0.5,0.3699441223091769,0,-0.11,-0.22,-0.11
2015-09-10 00:58:00,1.67,0.3171287105378001,0,-0.11,-0.22,-0.11
2015-09-10 01:03:00,1.06,0.3432597477238501,0,-0.11,-0.22,-0.11
2015-09-10 01:08:00,0.61,0.3631351138096689,0,-0.11,-0.22,-0.11
2015-09-10 01:13:00,2.17,0.2945329918409781,0,-0.11,-0.22,-0.11
2015-09-10 01:38:00,1.06,0.3412638427306869,0,-0.11,-0.22,-0.11
2015-09-10 01:58:00,2.17,0.2937413508055385,0,-0.11,-0.22,-0.11
2015-09-10 02:08:00,2.72,0.271222330953222,0,-0.11,-0.22,-0.11
2015-09-10 02:18:00,0.39,0.3705313528861542,0,-0.11,-0.22,-0.11
2015-09-10 02:23:00,0.67,0.3564970298911025,0,-0.11,-0.22,-0.11
2015-09-10 02:28:00,0.89,0.3456309531103323,0,-0.11,-0.22,-0.11
2015-09-10 05:28:00,11.33,0.547450509571476,0,-0.11,-0.22,-0.11
2015-09-10 05:33:00,6.72,0.3264867194516319,0,-0.11,-0.22,-0.11
2015-09-10 05:38:00,5.67,0.2829228031102623,0,-0.11,-0.22,-0.11
2015-09-10 05:45:00,6.44,0.3162804267224469,0,-0.11,-0.22,-0.11
2015-09-10 08:00:00,8.67,0.4177681025230312,0,-0.11,-0.22,-0.11
2015-09-10 08:13:00,9.06,0.4362236788612968,0,-0.11,-0.22,-0.11
2015-09-10 08:18:00,5.28,0.2682354431939436,0,-0.11,-0.22,-0.11
2015-09-10 08:23:00,12.28,0.5889078176762719,0,-0.11,-0.22,-0.11
2015-09-10 08:28:00,9.06,0.42808236603707306,0,-0.11,-0.22,-0.11
2015-09-10 08:33:00,8.89,0.4198566850979845,0,-0.11,-0.22,-0.11
2015-09-10 08:43:00,3.89,0.2287774507343053,0,-0.11,-0.22,-0.11
2015-09-10 08:48:00,2.94,0.2623032944410293,0,-0.11,-0.22,-0.11
2015-09-10 08:53:00,6.33,0.3058126996394945,0,-0.11,-0.22,-0.11
2015-09-10 08:58:00,6.56,0.3151533618716105,0,-0.11,-0.22,-0.11
2015-09-10 09:03:00,4.78,0.24689098183379105,0,-0.11,-0.22,-0.11
2015-09-10 09:08:00,3.61,0.2384191451462345,0,-0.11,-0.22,-0.11
2015-09-10 09:13:00,7.22,0.3431264118312598,0,-0.11,-0.22,-0.11
2015-09-10 09:18:00,10.72,0.5040551177486436,0,-0.11,-0.22,-0.11
2015-09-10 09:28:00,4.11,0.2235879204253006,0,-0.11,-0.22,-0.11
2015-09-10 09:33:00,6.06,0.2937751826082843,0,-0.11,-0.22,-0.11
2015-09-10 09:38:00,7.5,0.35275729139768625,0,-0.11,-0.22,-0.11
2015-09-10 09:43:00,1.94,0.3008512801696706,0,-0.11,-0.22,-0.11
2015-09-10 09:48:00,3.72,0.2350215077346239,0,-0.11,-0.22,-0.11
2015-09-10 09:52:00,6.06,0.293389432251113,0,-0.11,-0.22,-0.11
2015-09-10 09:57:00,2.28,0.2870784014659537,0,-0.11,-0.22,-0.11
2015-09-10 10:02:00,1.67,0.3106656905696513,0,-0.11,-0.22,-0.11
2015-09-10 10:07:00,4.0,0.22482967165773604,0,-0.11,-0.22,-0.11
2015-09-10 10:17:00,10.56,0.4926253668002851,0,-0.11,-0.22,-0.11
2015-09-10 10:22:00,4.78,0.2460457397967345,0,-0.11,-0.22,-0.11
2015-09-10 10:27:00,4.28,0.2304511760788175,0,-0.11,-0.22,-0.11
2015-09-10 10:37:00,1.67,0.3107223914534164,0,-0.11,-0.22,-0.11
2015-09-10 10:42:00,4.39,0.23590915456552525,0,-0.11,-0.22,-0.11
2015-09-10 10:47:00,7.44,0.3585256760515819,0,-0.11,-0.22,-0.11
2015-09-10 10:52:00,1.39,0.32217266153765395,0,-0.11,-0.22,-0.11
2015-09-10 10:57:00,2.33,0.28307824307672586,0,-0.11,-0.22,-0.11
2015-09-10 11:02:00,7.06,0.3426704903678313,0,-0.11,-0.22,-0.11
2015-09-10 11:07:00,4.22,0.2307060007390976,0,-0.11,-0.22,-0.11
2015-09-10 11:12:00,1.56,0.3139785600580807,0,-0.11,-0.22,-0.11
2015-09-10 11:22:00,4.0,0.223774965520294,0,-0.11,-0.22,-0.11
2015-09-10 11:32:00,1.44,0.31857299576521403,0,-0.11,-0.22,-0.11
2015-09-10 11:42:00,1.78,0.30378932720395113,0,-0.11,-0.22,-0.11
2015-09-10 11:47:00,6.56,0.3217934505413924,0,-0.11,-0.22,-0.11
2015-09-10 11:57:00,2.28,0.2835544029325659,0,-0.11,-0.22,-0.11
2015-09-10 12:02:00,5.78,0.2896843236575707,0,-0.11,-0.22,-0.11
2015-09-10 12:12:00,1.17,0.328569236843082,0,-0.11,-0.22,-0.11
2015-09-10 12:17:00,3.22,0.2468132882965013,0,-0.11,-0.22,-0.11
2015-09-10 12:22:00,1.28,0.32420119971018313,0,-0.11,-0.22,-0.11
2015-09-10 12:57:00,2.44,0.2754307289185538,0,-0.11,-0.22,-0.11
2015-09-10 13:02:00,1.94,0.2957537145009738,0,-0.11,-0.22,-0.11
2015-09-10 13:07:00,6.44,0.3241242364546394,0,-0.11,-0.22,-0.11
2015-09-10 13:12:00,3.89,0.22351704506023834,0,-0.11,-0.22,-0.11
2015-09-10 13:17:00,2.06,0.2908949778337748,0,-0.11,-0.22,-0.11
2015-09-10 13:22:00,2.28,0.2819534252976084,0,-0.11,-0.22,-0.11
2015-09-10 13:27:00,6.44,0.3234386281169211,0,-0.11,-0.22,-0.11
2015-09-10 13:42:00,0.61,0.35409011919996985,0,-0.11,-0.22,-0.11
2015-09-10 13:47:00,2.17,0.2863899170998667,0,-0.11,-0.22,-0.11
2015-09-10 13:57:00,4.67,0.25131745428773666,0,-0.11,-0.22,-0.11
2015-09-10 14:02:00,7.61,0.3758765133197417,0,-0.11,-0.22,-0.11
2015-09-10 14:12:00,7.06,0.3495585595284848,0,-0.11,-0.22,-0.11
2015-09-10 14:37:00,1.94,0.2963662479986717,0,-0.11,-0.22,-0.11
2015-09-10 14:42:00,4.39,0.2404078887352849,0,-0.11,-0.22,-0.11
2015-09-10 14:47:00,5.06,0.2650939013924775,0,-0.11,-0.22,-0.11
2015-09-10 14:57:00,4.61,0.2481020342894371,0,-0.11,-0.22,-0.11
2015-09-10 15:02:00,1.78,0.3031704883781943,0,-0.11,-0.22,-0.11
2015-09-10 15:07:00,6.33,0.31707053734345203,0,-0.11,-0.22,-0.11
2015-09-10 15:12:00,4.39,0.23993474551548816,0,-0.11,-0.22,-0.11
2015-09-10 15:17:00,3.72,0.2289506042868617,0,-0.11,-0.22,-0.11
2015-09-10 15:22:00,5.83,0.2952687197660267,0,-0.11,-0.22,-0.11
2015-09-10 15:27:00,4.39,0.2394679413447353,0,-0.11,-0.22,-0.11
2015-09-10 15:32:00,3.5,0.23694381887400176,0,-0.11,-0.22,-0.11
2015-09-10 15:37:00,5.56,0.28397519496361223,0,-0.11,-0.22,-0.11
2015-09-10 15:42:00,2.28,0.2833831606366657,0,-0.11,-0.22,-0.11
2015-09-10 15:47:00,6.17,0.3088422096330459,0,-0.11,-0.22,-0.11
2015-09-10 15:52:00,3.72,0.22999124093387685,0,-0.11,-0.22,-0.11
2015-09-10 15:57:00,1.67,0.30951746980393624,0,-0.11,-0.22,-0.11
2015-09-10 16:02:00,5.06,0.2635993921021215,0,-0.11,-0.22,-0.11
2015-09-10 16:12:00,8.61,0.41856002341096255,0,-0.11,-0.22,-0.11
2015-09-10 16:17:00,8.11,0.39297082109562975,0,-0.11,-0.22,-0.11
2015-09-10 16:27:00,6.17,0.3055788638207218,0,-0.11,-0.22,-0.11
2015-09-10 16:32:00,5.17,0.2651251557759688,0,-0.11,-0.22,-0.11
2015-09-10 16:37:00,5.67,0.2844846010030972,0,-0.11,-0.22,-0.11
2015-09-10 16:42:00,8.0,0.38567038314798,0,-0.11,-0.22,-0.11
2015-09-10 16:47:00,4.28,0.2321360535755593,0,-0.11,-0.22,-0.11
2015-09-10 16:57:00,4.5,0.2399963892480833,0,-0.11,-0.22,-0.11
2015-09-10 17:02:00,6.94,0.3367591185627939,0,-0.11,-0.22,-0.11
2015-09-10 17:17:00,5.44,0.27487316294229125,0,-0.11,-0.22,-0.11
2015-09-10 17:22:00,6.33,0.31170320603752555,0,-0.11,-0.22,-0.11
2015-09-10 17:27:00,7.33,0.3546610068039535,0,-0.11,-0.22,-0.11
2015-09-10 17:37:00,4.28,0.23126093524060776,0,-0.11,-0.22,-0.11
2015-09-10 17:42:00,5.83,0.2893662742483893,0,-0.11,-0.22,-0.11
2015-09-10 17:47:00,5.28,0.2676060227886716,0,-0.11,-0.22,-0.11
2015-09-10 17:52:00,9.28,0.44449147933265903,0,-0.11,-0.22,-0.11
2015-09-10 18:02:00,4.39,0.2338348303650457,0,-0.11,-0.22,-0.11
2015-09-10 18:07:00,6.06,0.2969089709798495,0,-0.11,-0.22,-0.11
2015-09-10 18:12:00,9.56,0.4550584952254047,0,-0.11,-0.22,-0.11
2015-09-10 18:17:00,5.67,0.28012960351570243,0,-0.11,-0.22,-0.11
2015-09-10 18:22:00,3.83,0.2310930871487409,0,-0.11,-0.22,-0.11
2015-09-10 18:27:00,2.83,0.26715382641562546,0,-0.11,-0.22,-0.11
2015-09-10 18:32:00,5.44,0.2722898628332287,0,-0.11,-0.22,-0.11
2015-09-10 18:42:00,8.61,0.4098679604399112,0,-0.11,-0.22,-0.11
2015-09-10 18:47:00,1.06,0.34037762288003304,0,-0.11,-0.22,-0.11
2015-09-10 18:52:00,5.28,0.26674546142557404,0,-0.11,-0.22,-0.11
2015-09-10 19:02:00,2.33,0.2869313421623476,0,-0.11,-0.22,-0.11
2015-09-10 19:07:00,2.33,0.28691014121135744,0,-0.11,-0.22,-0.11
2015-09-10 19:17:00,2.17,0.29314566583175905,0,-0.11,-0.22,-0.11
2015-09-10 19:27:00,5.06,0.25861789768683524,0,-0.11,-0.22,-0.11
2015-09-10 19:37:00,0.39,0.3699915382893895,0,-0.11,-0.22,-0.11
2015-09-10 19:47:00,1.83,0.3063101660502624,0,-0.11,-0.22,-0.11
2015-09-10 19:52:00,3.06,0.25745498217350754,0,-0.11,-0.22,-0.11
2015-09-10 20:02:00,5.06,0.2591544971456811,0,-0.11,-0.22,-0.11
2015-09-10 20:12:00,2.56,0.27611027610290434,0,-0.11,-0.22,-0.11
2015-09-10 20:28:00,3.11,0.25526873765773433,0,-0.11,-0.22,-0.11
2015-09-10 20:32:00,1.83,0.3057820308961385,0,-0.11,-0.22,-0.11
2015-09-10 20:43:00,1.83,0.30525254512857314,0,-0.11,-0.22,-0.11
2015-09-10 20:47:00,1.83,0.3046938342990149,0,-0.11,-0.22,-0.11
2015-09-10 20:57:00,3.11,0.2542034055679496,0,-0.11,-0.22,-0.11
2015-09-10 21:07:00,1.78,0.30662480596891684,0,-0.11,-0.22,-0.11
2015-09-10 21:12:00,2.33,0.2837419854946437,0,-0.11,-0.22,-0.11
2015-09-10 21:17:00,1.44,0.32014436582129085,0,-0.11,-0.22,-0.11
2015-09-10 21:32:00,3.44,0.2406357776184028,0,-0.11,-0.22,-0.11
2015-09-10 21:37:00,1.94,0.29838541102271543,0,-0.11,-0.22,-0.11
2015-09-10 21:42:00,0.22,0.3729503682950856,0,-0.11,-0.22,-0.11
2015-09-10 21:47:00,2.06,0.2924155237729688,0,-0.11,-0.22,-0.11
2015-09-10 22:12:00,3.5,0.23724367172908425,0,-0.11,-0.22,-0.11
2015-09-10 22:27:00,0.61,0.3536422945577045,0,-0.11,-0.22,-0.11
2015-09-10 22:32:00,1.44,0.3168049935633534,0,-0.11,-0.22,-0.11
2015-09-10 22:37:00,1.56,0.3113206802737496,0,-0.11,-0.22,-0.11
2015-09-10 22:47:00,0.28,0.3671152327583795,0,-0.11,-0.22,-0.11
2015-09-10 22:57:00,0.78,0.34364688700814816,0,-0.11,-0.22,-0.11
2015-09-10 23:02:00,0.89,0.3384924533274829,0,-0.11,-0.22,-0.11
2015-09-10 23:07:00,4.0,0.2280117831846491,0,-0.11,-0.22,-0.11
2015-09-10 23:37:00,2.33,0.2777303129209573,0,-0.11,-0.22,-0.11
2015-09-10 23:42:00,2.28,0.2793069306634405,0,-0.11,-0.22,-0.11
2015-09-10 23:57:00,1.44,0.3133164647171278,0,-0.11,-0.22,-0.11
2015-09-11 00:02:00,1.83,0.2965218936959399,0,-0.11,-0.22,-0.11
2015-09-11 00:22:00,1.0,0.3309935880595337,0,-0.11,-0.22,-0.11
2015-09-11 01:07:00,0.28,0.3621318175432587,0,-0.11,-0.22,-0.11
2015-09-11 01:17:00,0.78,0.3388365613499333,0,-0.11,-0.22,-0.11
2015-09-11 01:32:00,1.06,0.3258647421533304,0,-0.11,-0.22,-0.11
2015-09-11 01:42:00,0.39,0.3549847594804061,0,-0.11,-0.22,-0.11
2015-09-11 01:57:00,1.78,0.2947240751660297,0,-0.11,-0.22,-0.11
2015-09-11 02:12:00,0.67,0.3411712281768642,0,-0.11,-0.22,-0.11
2015-09-11 02:22:00,0.89,0.3310376425913559,0,-0.11,-0.22,-0.11
2015-09-11 02:32:00,1.67,0.298266964480837,0,-0.11,-0.22,-0.11
2015-09-11 02:57:00,1.17,0.31917285327780925,0,-0.11,-0.22,-0.11
2015-09-11 03:12:00,0.5,0.34744039346415745,0,-0.11,-0.22,-0.11
2015-09-11 03:27:00,1.56,0.30202243369589776,0,-0.11,-0.22,-0.11
2015-09-11 03:32:00,0.78,0.3343915198161922,0,-0.11,-0.22,-0.11
2015-09-11 03:47:00,3.33,0.2338272634152796,0,-0.11,-0.22,-0.11
2015-09-11 04:07:00,0.61,0.3414631855800461,0,-0.11,-0.22,-0.11
2015-09-11 04:12:00,0.22,0.35783830192115096,0,-0.11,-0.22,-0.11
2015-09-11 04:17:00,3.5,0.2274379821754372,0,-0.11,-0.22,-0.11
2015-09-11 04:27:00,0.67,0.33802940634665674,0,-0.11,-0.22,-0.11
2015-09-11 04:47:00,2.72,0.2550624262287903,0,-0.11,-0.22,-0.11
2015-09-11 04:52:00,2.94,0.2470542132254929,0,-0.11,-0.22,-0.11
2015-09-11 05:17:00,3.61,0.2238595079512432,0,-0.11,-0.22,-0.11
2015-09-11 05:22:00,4.11,0.23864407070139765,0,-0.11,-0.22,-0.11
2015-09-11 05:32:00,2.67,0.2577121926594271,0,-0.11,-0.22,-0.11
2015-09-11 05:37:00,4.5,0.2521880298217687,0,-0.11,-0.22,-0.11
2015-09-11 05:42:00,6.44,0.3294141821306925,0,-0.11,-0.22,-0.11
2015-09-11 05:47:00,8.39,0.41711149915516416,0,-0.11,-0.22,-0.11
2015-09-11 05:52:00,7.06,0.3541279734260097,0,-0.11,-0.22,-0.11
2015-09-11 05:57:00,4.5,0.2494724788431705,0,-0.11,-0.22,-0.11
2015-09-11 06:02:00,8.39,0.41366492164196383,0,-0.11,-0.22,-0.11
2015-09-11 06:07:00,6.44,0.3244890461799605,0,-0.11,-0.22,-0.11
2015-09-11 06:12:00,11.5,0.5600853599228743,0,-0.11,-0.22,-0.11
2015-09-11 06:17:00,9.06,0.4380100803721405,0,-0.11,-0.22,-0.11
2015-09-11 06:22:00,5.44,0.2794302532680269,0,-0.11,-0.22,-0.11
2015-09-11 06:27:00,9.94,0.4768575812658605,0,-0.11,-0.22,-0.11
2015-09-11 06:32:00,12.5,0.5930430009542341,0,-0.11,-0.22,-0.11
2015-09-11 06:37:00,14.17,0.6581422798667482,0,-0.11,-0.22,-0.11
2015-09-11 06:42:00,12.11,0.5578744955329135,0,-0.11,-0.22,-0.11
2015-09-11 06:47:00,6.94,0.3268914150994391,0,-0.11,-0.22,-0.11
2015-09-11 06:52:00,14.33,0.6455614408586712,0,-0.11,-0.22,-0.11
2015-09-11 06:57:00,8.11,0.36855180644833335,0,-0.11,-0.22,-0.11
2015-09-11 07:02:00,13.0,0.5776046276619039,0,-0.11,-0.22,-0.11
2015-09-11 07:07:00,10.94,0.4821965531346703,0,-0.11,-0.22,-0.11
2015-09-11 07:12:00,11.83,0.5168864436022118,0,-0.11,-0.22,-0.11
2015-09-11 07:17:00,6.33,0.29407207090834336,0,-0.11,-0.22,-0.11
2015-09-11 07:22:00,10.44,0.4590965481652544,0,-0.11,-0.22,-0.11
2015-09-11 07:27:00,13.11,0.5699758007142667,0,-0.11,-0.22,-0.11
2015-09-11 07:32:00,12.78,0.5492969632327245,0,-0.11,-0.22,-0.11
2015-09-11 07:37:00,8.39,0.3646199837964215,0,-0.11,-0.22,-0.11
2015-09-11 07:42:00,11.33,0.4819980570935729,0,-0.11,-0.22,-0.11
2015-09-11 07:47:00,9.44,0.4019094908225304,0,-0.11,-0.22,-0.11
2015-09-11 07:57:00,7.44,0.3247770580680633,0,-0.11,-0.22,-0.11
2015-09-11 08:02:00,4.39,0.2256605500526012,0,-0.11,-0.22,-0.11
2015-09-11 08:07:00,9.06,0.3864731760932691,0,-0.11,-0.22,-0.11
2015-09-11 08:12:00,5.56,0.2609788473485362,0,-0.11,-0.22,-0.11
2015-09-11 08:17:00,4.39,0.2256468668909427,0,-0.11,-0.22,-0.11
2015-09-11 08:22:00,6.67,0.297317117147198,0,-0.11,-0.22,-0.11
2015-09-11 08:27:00,9.56,0.40397538609456457,0,-0.11,-0.22,-0.11
2015-09-11 08:32:00,9.17,0.3872918837163572,0,-0.11,-0.22,-0.11
2015-09-11 08:37:00,5.28,0.2505095192401983,0,-0.11,-0.22,-0.11
2015-09-11 08:47:00,5.28,0.2502879302991448,0,-0.11,-0.22,-0.11
2015-09-11 08:52:00,3.5,0.24729086516404025,0,-0.11,-0.22,-0.11
2015-09-11 08:57:00,4.22,0.2262538808414257,0,-0.11,-0.22,-0.11
2015-09-11 09:02:00,5.17,0.2468401815029508,0,-0.11,-0.22,-0.11
2015-09-11 09:12:00,4.78,0.23523590833559474,0,-0.11,-0.22,-0.11
2015-09-11 09:17:00,5.28,0.2502870944979786,0,-0.11,-0.22,-0.11
2015-09-11 09:22:00,8.22,0.3495491208477815,0,-0.11,-0.22,-0.11
2015-09-11 09:27:00,0.89,0.3348614538157542,0,-0.11,-0.22,-0.11
2015-09-11 09:32:00,5.39,0.2528767205674433,0,-0.11,-0.22,-0.11
2015-09-11 09:37:00,0.28,0.3574898742299397,0,-0.11,-0.22,-0.11
2015-09-11 09:42:00,2.67,0.2734656430865813,0,-0.11,-0.22,-0.11
2015-09-11 10:02:00,2.33,0.28411735056446075,0,-0.11,-0.22,-0.11
2015-09-11 10:07:00,4.28,0.22461557179497,0,-0.11,-0.22,-0.11
2015-09-11 10:17:00,7.11,0.3091900237411903,0,-0.11,-0.22,-0.11
2015-09-11 10:34:00,3.22,0.2569755187260157,0,-0.11,-0.22,-0.11
2015-09-11 10:44:00,3.72,0.2414922086758501,0,-0.11,-0.22,-0.11
2015-09-11 10:49:00,8.0,0.34055272894651745,0,-0.11,-0.22,-0.11
2015-09-11 10:54:00,1.39,0.31760167076859663,0,-0.11,-0.22,-0.11
2015-09-11 10:59:00,5.83,0.2659367723065103,0,-0.11,-0.22,-0.11
2015-09-11 11:04:00,3.61,0.24496548592663306,0,-0.11,-0.22,-0.11
2015-09-11 11:09:00,8.5,0.3585153115214861,0,-0.11,-0.22,-0.11
2015-09-11 11:14:00,6.28,0.2803591051282603,0,-0.11,-0.22,-0.11
2015-09-11 11:24:00,5.28,0.24854718520235505,0,-0.11,-0.22,-0.11
2015-09-11 11:29:00,1.67,0.3082557015481793,0,-0.11,-0.22,-0.11
2015-09-11 11:34:00,6.67,0.29292504384787016,0,-0.11,-0.22,-0.11
2015-09-11 11:39:00,2.06,0.2950651059616864,0,-0.11,-0.22,-0.11
2015-09-11 11:44:00,4.39,0.22316569944672288,0,-0.11,-0.22,-0.11
2015-09-11 11:49:00,3.89,0.2364979525588589,0,-0.11,-0.22,-0.11
2015-09-11 11:54:00,3.5,0.2479141540940872,0,-0.11,-0.22,-0.11
2015-09-11 11:59:00,5.28,0.24963853999588906,0,-0.11,-0.22,-0.11
2015-09-11 12:04:00,6.67,0.2947995266868572,0,-0.11,-0.22,-0.11
2015-09-11 12:09:00,3.83,0.23814891479984365,0,-0.11,-0.22,-0.11
2015-09-11 12:14:00,6.33,0.2833198325745107,0,-0.11,-0.22,-0.11
2015-09-11 12:19:00,5.0,0.2413796296996289,0,-0.11,-0.22,-0.11
2015-09-11 12:24:00,2.67,0.274172290263776,0,-0.11,-0.22,-0.11
2015-09-11 12:29:00,1.78,0.3042277938461015,0,-0.11,-0.22,-0.11
2015-09-11 12:34:00,5.94,0.2706863221401513,0,-0.11,-0.22,-0.11
2015-09-11 12:44:00,3.89,0.2357393696370113,0,-0.11,-0.22,-0.11
2015-09-11 12:49:00,7.5,0.32597819078465723,0,-0.11,-0.22,-0.11
2015-09-11 12:54:00,1.94,0.2982777597164791,0,-0.11,-0.22,-0.11
2015-09-11 12:59:00,4.39,0.2246118738022384,0,-0.11,-0.22,-0.11
2015-09-11 13:04:00,4.28,0.22401958818049453,0,-0.11,-0.22,-0.11
2015-09-11 13:09:00,8.11,0.3481783223600504,0,-0.11,-0.22,-0.11
2015-09-11 13:19:00,7.44,0.3234650095912264,0,-0.11,-0.22,-0.11
2015-09-11 13:24:00,5.56,0.259353010270216,0,-0.11,-0.22,-0.11
2015-09-11 13:29:00,3.89,0.2355370753391313,0,-0.11,-0.22,-0.11
2015-09-11 13:34:00,4.89,0.2390761811912217,0,-0.11,-0.22,-0.11
2015-09-11 13:39:00,5.83,0.2681468239159286,0,-0.11,-0.22,-0.11
2015-09-11 13:44:00,9.94,0.4190250317054223,0,-0.11,-0.22,-0.11
2015-09-11 13:49:00,9.0,0.3801954409561937,0,-0.11,-0.22,-0.11
2015-09-11 13:54:00,4.61,0.22969054697019106,0,-0.11,-0.22,-0.11
2015-09-11 13:59:00,5.78,0.2649180445704558,0,-0.11,-0.22,-0.11
2015-09-11 14:04:00,3.33,0.2539074274393563,0,-0.11,-0.22,-0.11
2015-09-11 14:09:00,2.56,0.2786080524750272,0,-0.11,-0.22,-0.11
2015-09-11 14:14:00,6.06,0.2735384102461118,0,-0.11,-0.22,-0.11
2015-09-11 14:19:00,4.39,0.22275192994693768,0,-0.11,-0.22,-0.11
2015-09-11 14:24:00,5.56,0.2571606026448753,0,-0.11,-0.22,-0.11
2015-09-11 14:29:00,1.94,0.3000774107066354,0,-0.11,-0.22,-0.11
2015-09-11 14:34:00,10.33,0.4300543852825339,0,-0.11,-0.22,-0.11
2015-09-11 14:39:00,4.11,0.23206556193228825,0,-0.11,-0.22,-0.11
2015-09-11 14:44:00,5.56,0.2557804155401919,0,-0.11,-0.22,-0.11
2015-09-11 14:49:00,10.17,0.4212394953786146,0,-0.11,-0.22,-0.11
2015-09-11 14:54:00,10.83,0.4453559353502121,0,-0.11,-0.22,-0.11
2015-09-11 14:59:00,6.72,0.2908051068537445,0,-0.11,-0.22,-0.11
2015-09-11 15:04:00,3.22,0.2605589246060706,0,-0.11,-0.22,-0.11
2015-09-11 15:19:00,10.06,0.4119811037599807,0,-0.11,-0.22,-0.11
2015-09-11 15:24:00,8.28,0.34305344808391897,0,-0.11,-0.22,-0.11
2015-09-11 15:29:00,7.22,0.3049765380656467,0,-0.11,-0.22,-0.11
2015-09-11 15:34:00,6.28,0.27360121922835856,0,-0.11,-0.22,-0.11
2015-09-11 15:39:00,4.61,0.2238444106541576,0,-0.11,-0.22,-0.11
2015-09-11 15:44:00,7.61,0.3179117576576818,0,-0.11,-0.22,-0.11
2015-09-11 15:49:00,3.5,0.2547479967000411,0,-0.11,-0.22,-0.11
2015-09-11 15:54:00,8.89,0.36330810372086586,0,-0.11,-0.22,-0.11
2015-09-11 15:59:00,2.67,0.2820607052073224,0,-0.11,-0.22,-0.11
2015-09-11 16:04:00,1.56,0.3197911676233428,0,-0.11,-0.22,-0.11
2015-09-11 16:09:00,5.94,0.26126172568965483,0,-0.11,-0.22,-0.11
2015-09-11 16:14:00,4.89,0.22958231445572,0,-0.11,-0.22,-0.11
2015-09-11 16:19:00,7.11,0.2984968490468285,0,-0.11,-0.22,-0.11
2015-09-11 16:24:00,6.33,0.27226787342641984,0,-0.11,-0.22,-0.11
2015-09-11 16:29:00,8.28,0.3390448219173813,0,-0.11,-0.22,-0.11
2015-09-11 16:34:00,9.28,0.37517241697250175,0,-0.11,-0.22,-0.11
2015-09-11 16:39:00,6.83,0.28700572801600616,0,-0.11,-0.22,-0.11
2015-09-11 16:44:00,1.67,0.31913087031776066,0,-0.11,-0.22,-0.11
2015-09-11 16:49:00,4.67,0.2244539025395873,0,-0.11,-0.22,-0.11
2015-09-11 16:54:00,4.78,0.22364475814964346,0,-0.11,-0.22,-0.11
2015-09-11 16:59:00,10.33,0.4138857130223186,0,-0.11,-0.22,-0.11
2015-09-11 17:04:00,4.67,0.22609269691583275,0,-0.11,-0.22,-0.11
2015-09-11 17:09:00,3.72,0.2541494147584479,0,-0.11,-0.22,-0.11
2015-09-11 17:14:00,9.78,0.39071762996396003,0,-0.11,-0.22,-0.11
2015-09-11 17:19:00,7.61,0.3098140602059049,0,-0.11,-0.22,-0.11
2015-09-11 17:24:00,6.56,0.27410179708290106,0,-0.11,-0.22,-0.11
2015-09-11 17:29:00,5.56,0.2433089352129813,0,-0.11,-0.22,-0.11
2015-09-11 17:34:00,4.78,0.2248748630574176,0,-0.11,-0.22,-0.11
2015-09-11 17:39:00,7.11,0.2919868514226111,0,-0.11,-0.22,-0.11
2015-09-11 17:44:00,6.83,0.2822335532888243,0,-0.11,-0.22,-0.11
2015-09-11 17:49:00,3.06,0.27888187154409605,0,-0.11,-0.22,-0.11
2015-09-11 17:54:00,5.44,0.2380410418496373,0,-0.11,-0.22,-0.11
2015-09-11 17:59:00,7.5,0.30402111593950915,0,-0.11,-0.22,-0.11
2015-09-11 18:04:00,5.83,0.24883829367451896,0,-0.11,-0.22,-0.11
2015-09-11 18:11:00,5.06,0.2255135767186189,0,-0.11,-0.22,-0.11
2015-09-11 18:16:00,3.5,0.2674225771907761,0,-0.11,-0.22,-0.11
2015-09-11 18:21:00,6.33,0.2636531430004706,0,-0.11,-0.22,-0.11
2015-09-11 18:26:00,3.44,0.2702527972411867,0,-0.11,-0.22,-0.11
2015-09-11 18:31:00,2.83,0.2907042074774901,0,-0.11,-0.22,-0.11
2015-09-11 18:36:00,4.5,0.23749499440887484,0,-0.11,-0.22,-0.11
2015-09-11 18:41:00,1.78,0.3292757867701384,0,-0.11,-0.22,-0.11
2015-09-11 18:46:00,2.83,0.2920930751354565,0,-0.11,-0.22,-0.11
2015-09-11 18:51:00,3.72,0.26176128313706026,0,-0.11,-0.22,-0.11
2015-09-11 18:56:00,3.44,0.2706180380742377,0,-0.11,-0.22,-0.11
2015-09-11 19:01:00,1.28,0.3473648137758882,0,-0.11,-0.22,-0.11
2015-09-11 19:06:00,1.67,0.3317910647504909,0,-0.11,-0.22,-0.11
2015-09-11 19:11:00,3.22,0.27624242456557024,0,-0.11,-0.22,-0.11
2015-09-11 19:21:00,4.39,0.23828894177754345,0,-0.11,-0.22,-0.11
2015-09-11 19:31:00,1.94,0.3205328605506747,0,-0.11,-0.22,-0.11
2015-09-11 19:41:00,3.11,0.2786996952910788,0,-0.11,-0.22,-0.11
2015-09-11 19:46:00,6.06,0.2600624244268523,0,-0.11,-0.22,-0.11
2015-09-11 19:51:00,8.39,0.3437353479583424,0,-0.11,-0.22,-0.11
2015-09-11 20:11:00,1.39,0.3407196864886502,0,-0.11,-0.22,-0.11
2015-09-11 20:26:00,5.17,0.23203021218890504,0,-0.11,-0.22,-0.11
2015-09-11 20:31:00,2.44,0.301425977156781,0,-0.11,-0.22,-0.11
2015-09-11 20:36:00,7.83,0.3224022857474554,0,-0.11,-0.22,-0.11
2015-09-11 20:41:00,2.33,0.3050387518936813,0,-0.11,-0.22,-0.11
2015-09-11 20:46:00,1.39,0.3395010792521502,0,-0.11,-0.22,-0.11
2015-09-11 20:51:00,2.28,0.3057919312573953,0,-0.11,-0.22,-0.11
2015-09-11 20:56:00,2.44,0.2995428087651341,0,-0.11,-0.22,-0.11
2015-09-11 21:01:00,1.39,0.337913872774683,0,-0.11,-0.22,-0.11
2015-09-11 21:06:00,0.78,0.3605444270591585,0,-0.11,-0.22,-0.11
2015-09-11 21:21:00,3.06,0.27618062252138714,0,-0.11,-0.22,-0.11
2015-09-11 21:26:00,0.78,0.3597163336092227,0,-0.11,-0.22,-0.11
2015-09-11 21:36:00,1.39,0.3355667146782759,0,-0.11,-0.22,-0.11
2015-09-11 21:46:00,2.28,0.3022234519190489,0,-0.11,-0.22,-0.11
2015-09-11 21:51:00,5.06,0.23240144355025105,0,-0.11,-0.22,-0.11
2015-09-11 22:06:00,2.72,0.2873332310104826,0,-0.11,-0.22,-0.11
2015-09-11 22:11:00,4.67,0.22473532227611231,0,-0.11,-0.22,-0.11
2015-09-11 22:21:00,2.06,0.31037427729391576,0,-0.11,-0.22,-0.11
2015-09-11 22:41:00,3.06,0.27486360910997465,0,-0.11,-0.22,-0.11
2015-09-11 22:46:00,5.06,0.23323727276951306,0,-0.11,-0.22,-0.11
2015-09-11 22:56:00,0.78,0.3586106516310943,0,-0.11,-0.22,-0.11
2015-09-11 23:01:00,2.28,0.3016769061077871,0,-0.11,-0.22,-0.11
2015-09-11 23:11:00,1.0,0.34856463720626896,0,-0.11,-0.22,-0.11
2015-09-11 23:16:00,0.78,0.35694126614967103,0,-0.11,-0.22,-0.11
2015-09-11 23:36:00,1.06,0.3456847977967809,0,-0.11,-0.22,-0.11
2015-09-11 23:41:00,0.0,0.3861637253944536,0,-0.11,-0.22,-0.11
2015-09-12 00:11:00,0.78,0.3543276720654819,0,-0.11,-0.22,-0.11
2015-09-12 00:26:00,3.61,0.2542309096615629,0,-0.11,-0.22,-0.11
2015-09-12 00:31:00,0.67,0.3582411908475988,0,-0.11,-0.22,-0.11
2015-09-12 00:41:00,1.67,0.3204338245995904,0,-0.11,-0.22,-0.11
2015-09-12 00:46:00,0.0,0.3841534289213259,0,-0.11,-0.22,-0.11
2015-09-12 00:51:00,0.0,0.3826822240322281,0,-0.11,-0.22,-0.11
2015-09-12 01:01:00,0.89,0.3475164236129317,0,-0.11,-0.22,-0.11
2015-09-12 01:26:00,0.89,0.3465810683102501,0,-0.11,-0.22,-0.11
2015-09-12 01:31:00,0.61,0.3571024757284178,0,-0.11,-0.22,-0.11
2015-09-12 02:21:00,1.67,0.3171799876087787,0,-0.11,-0.22,-0.11
2015-09-12 02:56:00,2.44,0.2902866529744529,0,-0.11,-0.22,-0.11
2015-09-12 03:46:00,3.33,0.2608513766478396,0,-0.11,-0.22,-0.11
2015-09-12 03:56:00,0.5,0.3610271658340651,0,-0.11,-0.22,-0.11
2015-09-12 04:06:00,0.0,0.3791754754034635,0,-0.11,-0.22,-0.11
2015-09-12 04:36:00,0.0,0.3780125366147864,0,-0.11,-0.22,-0.11
2015-09-12 04:41:00,0.22,0.3688186440704033,0,-0.11,-0.22,-0.11
2015-09-12 04:51:00,1.67,0.3147263302359951,0,-0.11,-0.22,-0.11
2015-09-12 05:06:00,0.39,0.3609542013925128,0,-0.11,-0.22,-0.11
2015-09-12 05:21:00,1.39,0.3239927740626069,0,-0.11,-0.22,-0.11
2015-09-12 05:41:00,1.39,0.3238131021291162,0,-0.11,-0.22,-0.11
2015-09-12 05:46:00,1.94,0.30387400318589425,0,-0.11,-0.22,-0.11
2015-09-12 05:56:00,4.11,0.2338334091710889,0,-0.11,-0.22,-0.11
2015-09-12 06:06:00,1.56,0.316334379459155,0,-0.11,-0.22,-0.11
2015-09-12 06:16:00,2.06,0.2988210585150677,0,-0.11,-0.22,-0.11
2015-09-12 06:26:00,3.61,0.2482224511059819,0,-0.11,-0.22,-0.11
2015-09-12 06:51:00,0.28,0.36254992859105306,0,-0.11,-0.22,-0.11
2015-09-12 06:56:00,2.83,0.27199210706948984,0,-0.11,-0.22,-0.11
2015-09-12 07:01:00,3.61,0.24767983795773435,0,-0.11,-0.22,-0.11
2015-09-12 07:16:00,5.06,0.24033312935202544,0,-0.11,-0.22,-0.11
2015-09-12 07:21:00,2.28,0.2900842899682502,0,-0.11,-0.22,-0.11
2015-09-12 07:31:00,3.06,0.26439444321225675,0,-0.11,-0.22,-0.11
2015-09-12 07:36:00,2.44,0.2842196322792875,0,-0.11,-0.22,-0.11
2015-09-12 07:46:00,2.17,0.29299007819189704,0,-0.11,-0.22,-0.11
2015-09-12 07:51:00,1.67,0.3099257937682444,0,-0.11,-0.22,-0.11
2015-09-12 07:56:00,5.44,0.2528338677636177,0,-0.11,-0.22,-0.11
2015-09-12 08:06:00,3.44,0.2517623067585573,0,-0.11,-0.22,-0.11
2015-09-12 08:11:00,2.72,0.2742035279353389,0,-0.11,-0.22,-0.11
2015-09-12 08:16:00,3.11,0.26162356683424576,0,-0.11,-0.22,-0.11
2015-09-12 08:21:00,2.06,0.2962043756010828,0,-0.11,-0.22,-0.11
2015-09-12 08:26:00,2.06,0.2957924343320868,0,-0.11,-0.22,-0.11
2015-09-12 08:31:00,2.17,0.2915033051227673,0,-0.11,-0.22,-0.11
2015-09-12 08:36:00,0.89,0.3359133674724861,0,-0.11,-0.22,-0.11
2015-09-12 08:46:00,8.61,0.3647090064944173,0,-0.11,-0.22,-0.11
2015-09-12 08:56:00,2.44,0.281440030580151,0,-0.11,-0.22,-0.11
2015-09-12 09:01:00,2.72,0.2719561726974416,0,-0.11,-0.22,-0.11
2015-09-12 09:06:00,7.11,0.3105221945439675,0,-0.11,-0.22,-0.11
2015-09-12 09:11:00,2.72,0.27172156673249914,0,-0.11,-0.22,-0.11
2015-09-12 09:16:00,1.39,0.3163286813665945,0,-0.11,-0.22,-0.11
2015-09-12 09:21:00,2.67,0.27250419199294074,0,-0.11,-0.22,-0.11
2015-09-12 09:26:00,1.28,0.3191679557280365,0,-0.11,-0.22,-0.11
2015-09-12 09:36:00,5.94,0.2723988796662846,0,-0.11,-0.22,-0.11
2015-09-12 09:41:00,1.94,0.2956166053239397,0,-0.11,-0.22,-0.11
2015-09-12 09:51:00,2.33,0.2822678775752415,0,-0.11,-0.22,-0.11
2015-09-12 10:01:00,2.56,0.27437089999968434,0,-0.11,-0.22,-0.11
2015-09-12 10:06:00,3.22,0.2532679148333619,0,-0.11,-0.22,-0.11
2015-09-12 10:11:00,3.89,0.2327129502191876,0,-0.11,-0.22,-0.11
2015-09-12 10:16:00,1.94,0.2941248262724441,0,-0.11,-0.22,-0.11
2015-09-12 10:21:00,5.28,0.2539055311867031,0,-0.11,-0.22,-0.11
2015-09-12 10:31:00,3.83,0.23364734976018176,0,-0.11,-0.22,-0.11
2015-09-12 10:36:00,3.61,0.23998331878588464,0,-0.11,-0.22,-0.11
2015-09-12 10:41:00,8.61,0.3709786571947467,0,-0.11,-0.22,-0.11
2015-09-12 10:46:00,12.5,0.525443608855425,0,-0.11,-0.22,-0.11
2015-09-12 10:51:00,5.17,0.2495908114692119,0,-0.11,-0.22,-0.11
2015-09-12 10:56:00,3.33,0.2490634715276585,0,-0.11,-0.22,-0.11
2015-09-12 11:01:00,4.78,0.2381780165615129,0,-0.11,-0.22,-0.11
2015-09-12 11:06:00,2.33,0.2808602551521509,0,-0.11,-0.22,-0.11
2015-09-12 11:11:00,5.39,0.25664683831239005,0,-0.11,-0.22,-0.11
2015-09-12 11:16:00,6.72,0.2995937056193391,0,-0.11,-0.22,-0.11
2015-09-12 11:21:00,4.22,0.22397666911084527,0,-0.11,-0.22,-0.11
2015-09-12 11:26:00,3.11,0.2567343120509023,0,-0.11,-0.22,-0.11
2015-09-12 11:31:00,8.89,0.3777930056424804,0,-0.11,-0.22,-0.11
2015-09-12 11:36:00,7.22,0.3152665086890439,0,-0.11,-0.22,-0.11
2015-09-12 11:46:00,8.78,0.3715148136232431,0,-0.11,-0.22,-0.11
2015-09-12 11:51:00,11.89,0.4929848342358832,0,-0.11,-0.22,-0.11
2015-09-12 11:56:00,6.06,0.2735118843435573,0,-0.11,-0.22,-0.11
2015-09-12 12:01:00,5.78,0.2643870201511877,0,-0.11,-0.22,-0.11
2015-09-12 12:16:00,3.83,0.2381786219688834,0,-0.11,-0.22,-0.11
2015-09-12 12:21:00,7.72,0.3284414853448009,0,-0.11,-0.22,-0.11
2015-09-12 12:26:00,4.78,0.2333555884374357,0,-0.11,-0.22,-0.11
2015-09-12 12:31:00,6.17,0.2753285975802784,0,-0.11,-0.22,-0.11
2015-09-12 12:36:00,6.17,0.2748981688219825,0,-0.11,-0.22,-0.11
2015-09-12 12:41:00,11.11,0.4550860204393522,0,-0.11,-0.22,-0.11
2015-09-12 12:46:00,5.78,0.2609898330282202,0,-0.11,-0.22,-0.11
2015-09-12 12:51:00,3.72,0.24420691368542435,0,-0.11,-0.22,-0.11
2015-09-12 12:56:00,4.67,0.22796619382409464,0,-0.11,-0.22,-0.11
2015-09-12 13:01:00,5.0,0.2369766826324145,0,-0.11,-0.22,-0.11
2015-09-12 13:11:00,2.33,0.288700962764989,0,-0.11,-0.22,-0.11
2015-09-12 13:16:00,6.28,0.27579060113655063,0,-0.11,-0.22,-0.11
2015-09-12 13:21:00,6.56,0.2843497987940294,0,-0.11,-0.22,-0.11
2015-09-12 13:31:00,8.28,0.34312725555213663,0,-0.11,-0.22,-0.11
2015-09-12 13:41:00,6.83,0.2919365540196241,0,-0.11,-0.22,-0.11
2015-09-12 13:46:00,4.5,0.2249822638465356,0,-0.11,-0.22,-0.11
2015-09-12 13:56:00,5.94,0.26247209931206633,0,-0.11,-0.22,-0.11
2015-09-12 14:01:00,7.22,0.3039057780090949,0,-0.11,-0.22,-0.11
2015-09-12 14:06:00,4.0,0.2405371323882315,0,-0.11,-0.22,-0.11
2015-09-12 14:11:00,5.67,0.2531856548510737,0,-0.11,-0.22,-0.11
2015-09-12 14:16:00,3.89,0.2443307429371289,0,-0.11,-0.22,-0.11
2015-09-12 14:21:00,5.0,0.2327515747996313,0,-0.11,-0.22,-0.11
2015-09-12 14:26:00,5.17,0.2374107613225212,0,-0.11,-0.22,-0.11
2015-09-12 14:31:00,4.22,0.23564184975686386,0,-0.11,-0.22,-0.11
2015-09-12 14:36:00,8.0,0.3296645744968283,0,-0.11,-0.22,-0.11
2015-09-12 14:41:00,7.06,0.2959831999377699,0,-0.11,-0.22,-0.11
2015-09-12 14:46:00,4.67,0.22435545287081296,0,-0.11,-0.22,-0.11
2015-09-12 14:51:00,6.06,0.2622820668936571,0,-0.11,-0.22,-0.11
2015-09-12 14:56:00,7.5,0.31003685895683664,0,-0.11,-0.22,-0.11
2015-09-12 15:01:00,2.17,0.3055282301954339,0,-0.11,-0.22,-0.11
2015-09-12 15:06:00,6.28,0.2682017620203221,0,-0.11,-0.22,-0.11
2015-09-12 15:11:00,0.67,0.3613707100447686,0,-0.11,-0.22,-0.11
2015-09-12 15:21:00,5.39,0.2400432350507695,0,-0.11,-0.22,-0.11
2015-09-12 15:26:00,5.44,0.24111960862886075,0,-0.11,-0.22,-0.11
2015-09-12 15:36:00,4.89,0.22451370966879472,0,-0.11,-0.22,-0.11
2015-09-12 15:41:00,6.83,0.28502854295418395,0,-0.11,-0.22,-0.11
2015-09-12 15:46:00,8.28,0.33604169813651674,0,-0.11,-0.22,-0.11
2015-09-12 15:51:00,1.83,0.3222504370756458,0,-0.11,-0.22,-0.11
2015-09-12 15:56:00,2.33,0.3047703579349158,0,-0.11,-0.22,-0.11
2015-09-12 16:01:00,6.17,0.2620818996012011,0,-0.11,-0.22,-0.11
2015-09-12 16:06:00,2.94,0.2843073427682348,0,-0.11,-0.22,-0.11
2015-09-12 16:11:00,2.72,0.2918771664057113,0,-0.11,-0.22,-0.11
2015-09-12 16:16:00,3.22,0.27489288979251186,0,-0.11,-0.22,-0.11
2015-09-12 16:21:00,4.28,0.2410133021761585,0,-0.11,-0.22,-0.11
2015-09-12 16:26:00,4.22,0.2428682141151443,0,-0.11,-0.22,-0.11
2015-09-12 16:36:00,3.11,0.2787572042588751,0,-0.11,-0.22,-0.11
2015-09-12 16:41:00,2.28,0.30725068087623675,0,-0.11,-0.22,-0.11
2015-09-12 16:46:00,2.06,0.31454078496191684,0,-0.11,-0.22,-0.11
2015-09-12 16:56:00,2.56,0.2961734399930644,0,-0.11,-0.22,-0.11
2015-09-12 17:01:00,2.94,0.2826085840468889,0,-0.11,-0.22,-0.11
2015-09-12 17:06:00,7.89,0.32266991413753265,0,-0.11,-0.22,-0.11
2015-09-12 17:11:00,1.83,0.3213845334183221,0,-0.11,-0.22,-0.11
2015-09-12 17:16:00,2.72,0.2892610037349627,0,-0.11,-0.22,-0.11
2015-09-12 17:21:00,1.78,0.3222796626572097,0,-0.11,-0.22,-0.11
2015-09-12 17:26:00,2.44,0.29784354909345784,0,-0.11,-0.22,-0.11
2015-09-12 17:31:00,3.61,0.2580063297652908,0,-0.11,-0.22,-0.11
2015-09-12 17:36:00,5.67,0.2510587909825513,0,-0.11,-0.22,-0.11
2015-09-12 17:41:00,3.22,0.2701190482835116,0,-0.11,-0.22,-0.11
2015-09-12 17:46:00,1.94,0.31576326051076203,0,-0.11,-0.22,-0.11
2015-09-12 17:51:00,3.72,0.25215623639279544,0,-0.11,-0.22,-0.11
2015-09-12 17:56:00,3.11,0.272560324795602,0,-0.11,-0.22,-0.11
2015-09-12 18:01:00,2.83,0.28232367930640434,0,-0.11,-0.22,-0.11
2015-09-12 18:06:00,0.0,0.39475167547783024,0,-0.11,-0.22,-0.11
2015-09-12 18:11:00,3.61,0.25322597730927965,0,-0.11,-0.22,-0.11
2015-09-12 18:16:00,1.39,0.3367418643652796,0,-0.11,-0.22,-0.11
2015-09-12 18:21:00,3.33,0.2616468569224025,0,-0.11,-0.22,-0.11
2015-09-12 18:26:00,2.72,0.2836805957459357,0,-0.11,-0.22,-0.11
2015-09-12 18:36:00,3.83,0.2431264375115069,0,-0.11,-0.22,-0.11
2015-09-12 18:41:00,2.17,0.3048385373724586,0,-0.11,-0.22,-0.11
2015-09-12 18:46:00,1.39,0.3376222162613528,0,-0.11,-0.22,-0.11
2015-09-12 18:51:00,6.94,0.3207540250586098,0,-0.11,-0.22,-0.11
2015-09-12 19:01:00,2.67,0.28412828612780416,0,-0.11,-0.22,-0.11
2015-09-12 19:06:00,1.56,0.32992860864740897,0,-0.11,-0.22,-0.11
2015-09-12 19:21:00,7.22,0.3372727032472354,0,-0.11,-0.22,-0.11
2015-09-12 19:31:00,5.39,0.26163625141534363,0,-0.11,-0.22,-0.11
2015-09-12 19:36:00,5.39,0.2623307928879223,0,-0.11,-0.22,-0.11
2015-09-12 19:41:00,5.44,0.2642697163701548,0,-0.11,-0.22,-0.11
2015-09-12 19:51:00,3.44,0.25331501420167096,0,-0.11,-0.22,-0.11
2015-09-12 19:56:00,3.5,0.2507222861278865,0,-0.11,-0.22,-0.11
2015-09-12 20:01:00,5.83,0.2810922618672496,0,-0.11,-0.22,-0.11
2015-09-12 20:11:00,3.72,0.2417678123848148,0,-0.11,-0.22,-0.11
2015-09-12 20:21:00,0.67,0.36959101725995697,0,-0.11,-0.22,-0.11
2015-09-12 20:31:00,4.89,0.2461447013357845,0,-0.11,-0.22,-0.11
2015-09-12 20:36:00,2.17,0.3020788402508518,0,-0.11,-0.22,-0.11
2015-09-12 20:46:00,1.94,0.31143186756073354,0,-0.11,-0.22,-0.11
2015-09-12 21:01:00,7.22,0.3422153303877308,0,-0.11,-0.22,-0.11
2015-09-12 21:06:00,3.5,0.2487714036654571,0,-0.11,-0.22,-0.11
2015-09-12 21:11:00,2.94,0.2698950122216368,0,-0.11,-0.22,-0.11
2015-09-12 21:16:00,6.17,0.2976282679587521,0,-0.11,-0.22,-0.11
2015-09-12 21:21:00,3.5,0.2487094464149541,0,-0.11,-0.22,-0.11
2015-09-12 21:26:00,0.28,0.3861184882324776,0,-0.11,-0.22,-0.11
2015-09-12 21:31:00,1.39,0.33507077991163803,0,-0.11,-0.22,-0.11
2015-09-12 21:46:00,0.61,0.3701710761649951,0,-0.11,-0.22,-0.11
2015-09-12 21:56:00,4.22,0.22313545788424885,0,-0.11,-0.22,-0.11
2015-09-12 22:11:00,0.61,0.3694793234075753,0,-0.11,-0.22,-0.11
2015-09-12 22:16:00,5.28,0.2625933998303919,0,-0.11,-0.22,-0.11
2015-09-12 22:21:00,2.33,0.2931800897650235,0,-0.11,-0.22,-0.11
2015-09-12 22:26:00,1.94,0.30921215324583146,0,-0.11,-0.22,-0.11
2015-09-12 22:36:00,0.61,0.3677201621282467,0,-0.11,-0.22,-0.11
2015-09-12 22:41:00,2.33,0.2920801911841701,0,-0.11,-0.22,-0.11
2015-09-12 22:46:00,2.72,0.2758430291897355,0,-0.11,-0.22,-0.11
2015-09-12 22:56:00,2.28,0.2934888853387996,0,-0.11,-0.22,-0.11
2015-09-12 23:01:00,3.11,0.25986924377722165,0,-0.11,-0.22,-0.11
2015-09-12 23:11:00,0.89,0.35311842942650523,0,-0.11,-0.22,-0.11
2015-09-12 23:26:00,1.94,0.30598971857061097,0,-0.11,-0.22,-0.11
2015-09-12 23:31:00,0.67,0.3622544603881999,0,-0.11,-0.22,-0.11
2015-09-12 23:41:00,2.44,0.2844171112818207,0,-0.11,-0.22,-0.11
2015-09-12 23:51:00,1.56,0.3214464572944007,0,-0.11,-0.22,-0.11
2015-09-13 00:16:00,0.67,0.36054757257372494,0,-0.11,-0.22,-0.11
2015-09-13 00:21:00,1.06,0.341993582923458,0,-0.11,-0.22,-0.11
2015-09-13 00:26:00,2.06,0.2983772845362205,0,-0.11,-0.22,-0.11
2015-09-13 02:21:00,1.83,0.307468966040423,0,-0.11,-0.22,-0.11
2015-09-13 02:26:00,1.17,0.3352584733045613,0,-0.11,-0.22,-0.11
2015-09-13 02:36:00,0.78,0.35193995109130993,0,-0.11,-0.22,-0.11
2015-09-13 02:56:00,1.06,0.3384618119384919,0,-0.11,-0.22,-0.11
2015-09-13 04:41:00,0.89,0.3451423649526005,0,-0.11,-0.22,-0.11
2015-09-13 04:46:00,0.61,0.3571107237011961,0,-0.11,-0.22,-0.11
2015-09-13 04:51:00,0.89,0.3442000500157486,0,-0.11,-0.22,-0.11
2015-09-13 05:21:00,0.39,0.3656295834131938,0,-0.11,-0.22,-0.11
2015-09-13 06:11:00,1.17,0.3301311586259588,0,-0.11,-0.22,-0.11
2015-09-13 06:21:00,1.17,0.3293723436346601,0,-0.11,-0.22,-0.11
2015-09-13 06:41:00,1.28,0.3244325149930979,0,-0.11,-0.22,-0.11
2015-09-13 06:46:00,1.78,0.3028611569883461,0,-0.11,-0.22,-0.11
2015-09-13 06:51:00,0.89,0.3401251381362348,0,-0.11,-0.22,-0.11
2015-09-13 07:11:00,1.83,0.2995759249306321,0,-0.11,-0.22,-0.11
2015-09-13 07:16:00,1.28,0.3219790764774065,0,-0.11,-0.22,-0.11
2015-09-13 07:21:00,4.28,0.2374493683383599,0,-0.11,-0.22,-0.11
2015-09-13 07:36:00,0.39,0.3602938477081019,0,-0.11,-0.22,-0.11
2015-09-13 07:46:00,3.33,0.24032794896307785,0,-0.11,-0.22,-0.11
2015-09-13 07:56:00,0.0,0.3766239659545101,0,-0.11,-0.22,-0.11
2015-09-13 08:01:00,2.28,0.27835267049155066,0,-0.11,-0.22,-0.11
2015-09-13 08:16:00,0.22,0.3660908049926852,0,-0.11,-0.22,-0.11
2015-09-13 08:31:00,2.33,0.2751281775818965,0,-0.11,-0.22,-0.11
2015-09-13 08:41:00,1.56,0.3058805885482488,0,-0.11,-0.22,-0.11
2015-09-13 08:56:00,3.61,0.22727335050327185,0,-0.11,-0.22,-0.11
2015-09-13 09:06:00,3.22,0.2411389897985359,0,-0.11,-0.22,-0.11
2015-09-13 09:11:00,1.28,0.3172395794856088,0,-0.11,-0.22,-0.11
2015-09-13 09:16:00,2.67,0.26070636452961576,0,-0.11,-0.22,-0.11
2015-09-13 09:31:00,2.94,0.2502745659359346,0,-0.11,-0.22,-0.11
2015-09-13 09:36:00,4.22,0.2401561134515651,0,-0.11,-0.22,-0.11
2015-09-13 09:46:00,4.0,0.2331838694825905,0,-0.11,-0.22,-0.11
2015-09-13 09:51:00,1.78,0.2956776331349349,0,-0.11,-0.22,-0.11
2015-09-13 10:01:00,0.5,0.3507289721491686,0,-0.11,-0.22,-0.11
2015-09-13 10:06:00,3.5,0.2281422686821764,0,-0.11,-0.22,-0.11
2015-09-13 10:11:00,3.33,0.2334795606419882,0,-0.11,-0.22,-0.11
2015-09-13 10:16:00,8.22,0.4227838751875809,0,-0.11,-0.22,-0.11
2015-09-13 10:21:00,4.39,0.25028423095793123,0,-0.11,-0.22,-0.11
2015-09-13 10:26:00,2.44,0.2672854772260643,0,-0.11,-0.22,-0.11
2015-09-13 10:31:00,4.0,0.2373935347283865,0,-0.11,-0.22,-0.11
2015-09-13 10:36:00,7.11,0.3727741829673399,0,-0.11,-0.22,-0.11
2015-09-13 10:41:00,5.39,0.2936525081718235,0,-0.11,-0.22,-0.11
2015-09-13 10:46:00,2.06,0.2822678738668306,0,-0.11,-0.22,-0.11
2015-09-13 10:51:00,7.72,0.4037999331682143,0,-0.11,-0.22,-0.11
2015-09-13 10:56:00,1.78,0.2938773997979896,0,-0.11,-0.22,-0.11
2015-09-13 11:06:00,6.94,0.3663454908445442,0,-0.11,-0.22,-0.11
2015-09-13 11:11:00,4.67,0.264307524699408,0,-0.11,-0.22,-0.11
2015-09-13 11:16:00,6.56,0.34673305553842965,0,-0.11,-0.22,-0.11
2015-09-13 11:26:00,7.89,0.41127687005638586,0,-0.11,-0.22,-0.11
2015-09-13 11:31:00,9.28,0.4804634693924783,0,-0.11,-0.22,-0.11
2015-09-13 11:36:00,5.0,0.27598986247978496,0,-0.11,-0.22,-0.11
2015-09-13 11:41:00,3.89,0.2330446173092989,0,-0.11,-0.22,-0.11
2015-09-13 11:46:00,1.78,0.29403051279121645,0,-0.11,-0.22,-0.11
2015-09-13 11:51:00,4.67,0.2651410239180784,0,-0.11,-0.22,-0.11
2015-09-13 11:56:00,4.39,0.25429691546356364,0,-0.11,-0.22,-0.11
2015-09-13 12:01:00,6.83,0.3619441649134652,0,-0.11,-0.22,-0.11
2015-09-13 12:06:00,5.94,0.3195029273292944,0,-0.11,-0.22,-0.11
2015-09-13 12:11:00,4.61,0.262173753850365,0,-0.11,-0.22,-0.11
2015-09-13 12:16:00,8.11,0.4283418010502549,0,-0.11,-0.22,-0.11
2015-09-13 12:21:00,4.0,0.23873782349449665,0,-0.11,-0.22,-0.11
2015-09-13 12:26:00,10.72,0.5624905940299137,0,-0.11,-0.22,-0.11
2015-09-13 12:31:00,2.44,0.26642648002012026,0,-0.11,-0.22,-0.11
2015-09-13 12:41:00,3.72,0.22870798720092864,0,-0.11,-0.22,-0.11
2015-09-13 12:46:00,8.22,0.4340413765663001,0,-0.11,-0.22,-0.11
2015-09-13 12:53:00,2.67,0.2564819629501348,0,-0.11,-0.22,-0.11
2015-09-13 12:58:00,7.06,0.3742839721764092,0,-0.11,-0.22,-0.11
2015-09-13 13:03:00,13.28,0.6879100028848802,0,-0.11,-0.22,-0.11
2015-09-13 13:08:00,5.0,0.2774196698473177,0,-0.11,-0.22,-0.11
2015-09-13 13:13:00,8.39,0.4340932727799958,0,-0.11,-0.22,-0.11
2015-09-13 13:18:00,8.89,0.4574062434391596,0,-0.11,-0.22,-0.11
2015-09-13 13:23:00,7.33,0.3794587933462205,0,-0.11,-0.22,-0.11
2015-09-13 13:33:00,12.28,0.6239969130676382,0,-0.11,-0.22,-0.11
2015-09-13 13:38:00,11.33,0.5693808822472319,0,-0.11,-0.22,-0.11
2015-09-13 13:43:00,6.28,0.32399015070982523,0,-0.11,-0.22,-0.11
2015-09-13 13:48:00,6.17,0.3193160341760221,0,-0.11,-0.22,-0.11
2015-09-13 13:53:00,9.06,0.4512076933516397,0,-0.11,-0.22,-0.11
2015-09-13 13:58:00,4.22,0.2414711601130419,0,-0.11,-0.22,-0.11
2015-09-13 14:03:00,6.83,0.34548517173543936,0,-0.11,-0.22,-0.11
2015-09-13 14:13:00,7.72,0.3843666292413043,0,-0.11,-0.22,-0.11
2015-09-13 14:18:00,7.11,0.3555627007089817,0,-0.11,-0.22,-0.11
2015-09-13 14:28:00,3.5,0.2300806220573623,0,-0.11,-0.22,-0.11
2015-09-13 14:38:00,4.28,0.2418885295146695,0,-0.11,-0.22,-0.11
2015-09-13 14:43:00,7.44,0.3690538446345769,0,-0.11,-0.22,-0.11
2015-09-13 14:48:00,5.94,0.30375317470322183,0,-0.11,-0.22,-0.11
2015-09-13 14:53:00,5.17,0.2730307472239414,0,-0.11,-0.22,-0.11
2015-09-13 15:03:00,10.83,0.5261506287061755,0,-0.11,-0.22,-0.11
2015-09-13 15:13:00,2.56,0.2656301976293956,0,-0.11,-0.22,-0.11
2015-09-13 15:18:00,8.11,0.3938144347925624,0,-0.11,-0.22,-0.11
2015-09-13 15:23:00,10.67,0.5120409916421617,0,-0.11,-0.22,-0.11
2015-09-13 15:28:00,6.56,0.3246347339932107,0,-0.11,-0.22,-0.11
2015-09-13 15:33:00,8.22,0.3954193110880837,0,-0.11,-0.22,-0.11
2015-09-13 15:43:00,9.83,0.467778043017248,0,-0.11,-0.22,-0.11
2015-09-13 15:48:00,5.67,0.2862822717533514,0,-0.11,-0.22,-0.11
2015-09-13 15:53:00,6.83,0.3327991628935295,0,-0.11,-0.22,-0.11
2015-09-13 15:58:00,7.33,0.352891117383397,0,-0.11,-0.22,-0.11
2015-09-13 16:03:00,7.06,0.34053015258360875,0,-0.11,-0.22,-0.11
2015-09-13 16:08:00,7.11,0.34172163252969423,0,-0.11,-0.22,-0.11
2015-09-13 16:13:00,3.83,0.22539339124135496,0,-0.11,-0.22,-0.11
2015-09-13 16:18:00,5.83,0.2896594879409754,0,-0.11,-0.22,-0.11
2015-09-13 16:23:00,11.06,0.5173055181386251,0,-0.11,-0.22,-0.11
2015-09-13 16:28:00,11.83,0.5475209472522787,0,-0.11,-0.22,-0.11
2015-09-13 16:33:00,6.06,0.2937337457905385,0,-0.11,-0.22,-0.11
2015-09-13 16:38:00,6.56,0.31231676538004605,0,-0.11,-0.22,-0.11
2015-09-13 16:43:00,8.61,0.3962774863935369,0,-0.11,-0.22,-0.11
2015-09-13 16:48:00,8.67,0.397500436394974,0,-0.11,-0.22,-0.11
2015-09-13 16:58:00,8.78,0.4005414109264749,0,-0.11,-0.22,-0.11
2015-09-13 17:03:00,9.28,0.4206162776917613,0,-0.11,-0.22,-0.11
2015-09-13 17:08:00,9.0,0.4064143626879807,0,-0.11,-0.22,-0.11
2015-09-13 17:13:00,9.44,0.4234592944262641,0,-0.11,-0.22,-0.11
2015-09-13 17:18:00,5.17,0.25578083056872913,0,-0.11,-0.22,-0.11
2015-09-13 17:23:00,4.28,0.2266748628049509,0,-0.11,-0.22,-0.11
2015-09-13 17:28:00,2.94,0.2620883462613297,0,-0.11,-0.22,-0.11
2015-09-13 17:33:00,10.17,0.453137116617759,0,-0.11,-0.22,-0.11
2015-09-13 17:38:00,10.67,0.4723054054282106,0,-0.11,-0.22,-0.11
2015-09-13 17:43:00,6.72,0.30697856654191696,0,-0.11,-0.22,-0.11
2015-09-13 17:48:00,10.06,0.44226568162039703,0,-0.11,-0.22,-0.11
2015-09-13 17:53:00,5.28,0.25433307277968625,0,-0.11,-0.22,-0.11
2015-09-13 17:58:00,5.56,0.2635135287079349,0,-0.11,-0.22,-0.11
2015-09-13 18:03:00,5.17,0.25005881229843563,0,-0.11,-0.22,-0.11
2015-09-13 18:08:00,10.67,0.4657153166328161,0,-0.11,-0.22,-0.11
2015-09-13 18:13:00,5.06,0.2448684658354596,0,-0.11,-0.22,-0.11
2015-09-13 18:18:00,3.11,0.2630465993342238,0,-0.11,-0.22,-0.11
2015-09-13 18:23:00,10.72,0.465717916917991,0,-0.11,-0.22,-0.11
2015-09-13 18:28:00,7.22,0.3187507366156853,0,-0.11,-0.22,-0.11
2015-09-13 18:33:00,5.0,0.24044335819892576,0,-0.11,-0.22,-0.11
2015-09-13 18:38:00,10.67,0.4598984362411539,0,-0.11,-0.22,-0.11
2015-09-13 18:43:00,1.67,0.3176947888104616,0,-0.11,-0.22,-0.11
2015-09-13 18:48:00,5.56,0.25739455815794104,0,-0.11,-0.22,-0.11
2015-09-13 18:53:00,10.28,0.4400018473341288,0,-0.11,-0.22,-0.11
2015-09-13 18:58:00,11.06,0.4714048528253273,0,-0.11,-0.22,-0.11
2015-09-13 19:03:00,5.44,0.2504418230477484,0,-0.11,-0.22,-0.11
2015-09-13 19:13:00,4.89,0.23253940230515,0,-0.11,-0.22,-0.11
2015-09-13 19:18:00,10.28,0.4353130986944629,0,-0.11,-0.22,-0.11
2015-09-13 19:23:00,6.67,0.29036828424614153,0,-0.11,-0.22,-0.11
2015-09-13 19:33:00,0.67,0.3626034614229784,0,-0.11,-0.22,-0.11
2015-09-13 19:38:00,5.17,0.2394289687622625,0,-0.11,-0.22,-0.11
2015-09-13 19:43:00,4.0,0.2423873049484605,0,-0.11,-0.22,-0.11
2015-09-13 19:48:00,2.56,0.2910917116232881,0,-0.11,-0.22,-0.11
2015-09-13 19:53:00,2.67,0.2873632895150982,0,-0.11,-0.22,-0.11
2015-09-13 19:58:00,4.11,0.2390868268101009,0,-0.11,-0.22,-0.11
2015-09-13 20:03:00,4.11,0.2391421233600931,0,-0.11,-0.22,-0.11
2015-09-13 20:08:00,7.61,0.3240731002267537,0,-0.11,-0.22,-0.11
2015-09-13 20:13:00,3.11,0.27328484354112426,0,-0.11,-0.22,-0.11
2015-09-13 20:18:00,9.0,0.3784041568872866,0,-0.11,-0.22,-0.11
2015-09-13 20:28:00,2.44,0.2971468240884945,0,-0.11,-0.22,-0.11
2015-09-13 20:33:00,2.67,0.2889139111240221,0,-0.11,-0.22,-0.11
2015-09-13 20:38:00,2.94,0.2793258963514442,0,-0.11,-0.22,-0.11
2015-09-13 20:48:00,1.39,0.3365920460537639,0,-0.11,-0.22,-0.11
2015-09-13 20:53:00,2.67,0.2887775681439887,0,-0.11,-0.22,-0.11
2015-09-13 20:58:00,1.17,0.3452088392816957,0,-0.11,-0.22,-0.11
2015-09-13 21:03:00,3.22,0.2691623719498093,0,-0.11,-0.22,-0.11
2015-09-13 21:08:00,1.44,0.3338140451111663,0,-0.11,-0.22,-0.11
2015-09-13 21:13:00,2.06,0.31010761222709193,0,-0.11,-0.22,-0.11
2015-09-13 21:18:00,1.44,0.3332441031008235,0,-0.11,-0.22,-0.11
2015-09-13 21:43:00,3.06,0.2741139868782797,0,-0.11,-0.22,-0.11
2015-09-13 22:03:00,1.44,0.33330731224591464,0,-0.11,-0.22,-0.11
2015-09-13 22:13:00,3.44,0.2612919285012871,0,-0.11,-0.22,-0.11
2015-09-13 22:28:00,1.67,0.3249639198823112,0,-0.11,-0.22,-0.11
2015-09-13 22:33:00,1.44,0.3330277232230272,0,-0.11,-0.22,-0.11
2015-09-13 22:38:00,1.67,0.3239890717378716,0,-0.11,-0.22,-0.11
2015-09-13 22:43:00,0.22,0.38084171039410775,0,-0.11,-0.22,-0.11
2015-09-13 22:48:00,0.28,0.3770017734222019,0,-0.11,-0.22,-0.11
2015-09-13 22:58:00,2.44,0.2937539111684431,0,-0.11,-0.22,-0.11
2015-09-13 23:03:00,0.67,0.3608648785162156,0,-0.11,-0.22,-0.11
2015-09-13 23:13:00,0.78,0.35589835817137355,0,-0.11,-0.22,-0.11
2015-09-13 23:18:00,1.0,0.3471245280882838,0,-0.11,-0.22,-0.11
2015-09-13 23:28:00,0.39,0.3701813780135985,0,-0.11,-0.22,-0.11
2015-09-13 23:33:00,0.67,0.3585552351914066,0,-0.11,-0.22,-0.11
2015-09-13 23:38:00,0.78,0.35373433360258205,0,-0.11,-0.22,-0.11
2015-09-13 23:48:00,1.06,0.34240116412007704,0,-0.11,-0.22,-0.11
2015-09-13 23:59:00,0.67,0.35690760232872343,0,-0.11,-0.22,-0.11
2015-09-14 00:03:00,2.94,0.27350965953051204,0,-0.11,-0.22,-0.11
2015-09-14 00:18:00,0.78,0.35205200948148724,0,-0.11,-0.22,-0.11
2015-09-14 00:33:00,0.39,0.36625622319592216,0,-0.11,-0.22,-0.11
2015-09-14 01:08:00,2.28,0.2950608803271721,0,-0.11,-0.22,-0.11
2015-09-14 01:33:00,3.5,0.2540011986062189,0,-0.11,-0.22,-0.11
2015-09-14 01:53:00,0.89,0.3454730415139581,0,-0.11,-0.22,-0.11
2015-09-14 01:58:00,0.28,0.36922779556151947,0,-0.11,-0.22,-0.11
2015-09-14 02:08:00,0.0,0.3791757262918439,0,-0.11,-0.22,-0.11
2015-09-14 02:23:00,0.67,0.3518088072767657,0,-0.11,-0.22,-0.11
2015-09-14 02:28:00,1.28,0.3277970798857062,0,-0.11,-0.22,-0.11
2015-09-14 02:33:00,1.06,0.3357730895508493,0,-0.11,-0.22,-0.11
2015-09-14 02:48:00,0.5,0.3563099485021265,0,-0.11,-0.22,-0.11
2015-09-14 02:53:00,0.78,0.34452550663956033,0,-0.11,-0.22,-0.11
2015-09-14 03:18:00,0.78,0.3437582636622419,0,-0.11,-0.22,-0.11
2015-09-14 03:33:00,0.78,0.3431773168144483,0,-0.11,-0.22,-0.11
2015-09-14 03:38:00,0.0,0.3723586810167615,0,-0.11,-0.22,-0.11
2015-09-14 03:43:00,1.0,0.33296421751771804,0,-0.11,-0.22,-0.11
2015-09-14 03:48:00,0.0,0.3703605277715104,0,-0.11,-0.22,-0.11
2015-09-14 04:03:00,0.61,0.3463961128404446,0,-0.11,-0.22,-0.11
2015-09-14 04:08:00,0.22,0.3604466533615005,0,-0.11,-0.22,-0.11
2015-09-14 04:23:00,0.39,0.3527784148608336,0,-0.11,-0.22,-0.11
2015-09-14 04:28:00,1.06,0.3267761694206835,0,-0.11,-0.22,-0.11
2015-09-14 04:43:00,1.44,0.31217193634149737,0,-0.11,-0.22,-0.11
2015-09-14 04:48:00,0.78,0.33582754865229514,0,-0.11,-0.22,-0.11
2015-09-14 04:53:00,4.5,0.2328651939040301,0,-0.11,-0.22,-0.11
2015-09-14 04:58:00,2.33,0.2797637137279764,0,-0.11,-0.22,-0.11
2015-09-14 05:03:00,1.67,0.3022588388873973,0,-0.11,-0.22,-0.11
2015-09-14 05:08:00,3.33,0.2461721412555032,0,-0.11,-0.22,-0.11
2015-09-14 05:13:00,5.44,0.2641024591580841,0,-0.11,-0.22,-0.11
2015-09-14 05:18:00,2.94,0.2586099654132298,0,-0.11,-0.22,-0.11
2015-09-14 05:23:00,10.33,0.4502505590063233,0,-0.11,-0.22,-0.11
2015-09-14 05:28:00,6.56,0.3010069185518584,0,-0.11,-0.22,-0.11
2015-09-14 05:33:00,5.28,0.2578673025744217,0,-0.11,-0.22,-0.11
2015-09-14 05:38:00,6.17,0.28760311548184186,0,-0.11,-0.22,-0.11
2015-09-14 05:43:00,8.39,0.3700321990432119,0,-0.11,-0.22,-0.11
2015-09-14 05:48:00,3.72,0.2345762945821007,0,-0.11,-0.22,-0.11
2015-09-14 05:53:00,5.83,0.2762437786242838,0,-0.11,-0.22,-0.11
2015-09-14 05:58:00,8.22,0.3629986567074765,0,-0.11,-0.22,-0.11
2015-09-14 06:03:00,9.0,0.393349307683434,0,-0.11,-0.22,-0.11
2015-09-14 06:08:00,16.72,0.7000017264906261,0,-0.11,-0.22,-0.11
2015-09-14 06:13:00,10.33,0.4372334675312421,0,-0.11,-0.22,-0.11
2015-09-14 06:18:00,8.5,0.36422606852593786,0,-0.11,-0.22,-0.11
2015-09-14 06:23:00,13.56,0.5624914809032611,0,-0.11,-0.22,-0.11
2015-09-14 06:28:00,18.33,0.7270609263640743,0,-0.11,-0.22,-0.11
2015-09-14 06:33:00,9.83,0.4012816821113493,0,-0.11,-0.22,-0.11
2015-09-14 06:38:00,9.06,0.3726225368150512,0,-0.11,-0.22,-0.11
2015-09-14 06:43:00,17.11,0.669005411629474,0,-0.11,-0.22,-0.11
2015-09-14 08:23:00,9.83,0.39339310050146814,0,-0.11,-0.22,-0.11
2015-09-14 08:28:00,8.0,0.3297512081542349,0,-0.11,-0.22,-0.11
2015-09-14 08:33:00,8.78,0.3556438093828554,0,-0.11,-0.22,-0.11
2015-09-14 08:38:00,9.28,0.3716605664537295,0,-0.11,-0.22,-0.11
2015-09-14 08:43:00,4.28,0.22536973666585675,0,-0.11,-0.22,-0.11
2015-09-14 08:48:00,6.44,0.27922754108820896,0,-0.11,-0.22,-0.11
2015-09-14 08:53:00,3.83,0.2375918369662121,0,-0.11,-0.22,-0.11
2015-09-14 08:58:00,7.5,0.3118035786572413,0,-0.11,-0.22,-0.11
2015-09-14 09:03:00,1.06,0.3192278040033405,0,-0.11,-0.22,-0.11
2015-09-14 09:08:00,1.17,0.31502667409475194,0,-0.11,-0.22,-0.11
2015-09-14 09:13:00,6.72,0.288591218663079,0,-0.11,-0.22,-0.11
2015-09-14 09:23:00,3.33,0.2505344575521102,0,-0.11,-0.22,-0.11
2015-09-14 09:28:00,2.44,0.2760841574374525,0,-0.11,-0.22,-0.11
2015-09-14 09:33:00,5.83,0.2622425316247985,0,-0.11,-0.22,-0.11
2015-09-14 09:38:00,5.28,0.2465940637467343,0,-0.11,-0.22,-0.11
2015-09-14 09:43:00,4.61,0.2284833321061485,0,-0.11,-0.22,-0.11
2015-09-14 09:48:00,3.06,0.2584987850826237,0,-0.11,-0.22,-0.11
2015-09-14 09:53:00,1.17,0.3152451142150484,0,-0.11,-0.22,-0.11
2015-09-14 09:58:00,2.28,0.28062465001618697,0,-0.11,-0.22,-0.11
2015-09-14 10:03:00,4.11,0.2294776110777509,0,-0.11,-0.22,-0.11
2015-09-14 10:08:00,2.72,0.267839474249661,0,-0.11,-0.22,-0.11
2015-09-14 10:13:00,3.5,0.2459886065323096,0,-0.11,-0.22,-0.11
2015-09-14 10:18:00,2.17,0.2842301252495704,0,-0.11,-0.22,-0.11
2015-09-14 10:23:00,6.83,0.2912493495516072,0,-0.11,-0.22,-0.11
2015-09-14 10:28:00,8.61,0.34842424255457904,0,-0.11,-0.22,-0.11
2015-09-14 10:33:00,1.83,0.29495216304494026,0,-0.11,-0.22,-0.11
2015-09-14 10:38:00,4.5,0.2253057296357443,0,-0.11,-0.22,-0.11
2015-09-14 10:43:00,5.06,0.2397876227016015,0,-0.11,-0.22,-0.11
2015-09-14 10:48:00,4.89,0.2350277188790183,0,-0.11,-0.22,-0.11
2015-09-14 10:53:00,1.78,0.29715430308005225,0,-0.11,-0.22,-0.11
2015-09-14 10:58:00,2.44,0.2768195875518483,0,-0.11,-0.22,-0.11
2015-09-14 11:03:00,2.44,0.2767223699750623,0,-0.11,-0.22,-0.11
2015-09-14 11:23:00,4.0,0.2332289286674281,0,-0.11,-0.22,-0.11
2015-09-14 11:33:00,4.22,0.2275096995956878,0,-0.11,-0.22,-0.11
2015-09-14 11:38:00,3.33,0.25147229137818505,0,-0.11,-0.22,-0.11
2015-09-14 11:48:00,4.11,0.23051286494041925,0,-0.11,-0.22,-0.11
2015-09-14 11:53:00,5.0,0.2377169396921377,0,-0.11,-0.22,-0.11
2015-09-14 11:58:00,1.67,0.3011013346292279,0,-0.11,-0.22,-0.11
2015-09-14 12:03:00,1.0,0.3223910002304582,0,-0.11,-0.22,-0.11
2015-09-14 12:08:00,3.72,0.24120203267558624,0,-0.11,-0.22,-0.11
2015-09-14 12:13:00,4.61,0.22740007873772644,0,-0.11,-0.22,-0.11
2015-09-14 12:18:00,2.06,0.2890235838199068,0,-0.11,-0.22,-0.11
2015-09-14 12:23:00,5.39,0.24819837393732666,0,-0.11,-0.22,-0.11
2015-09-14 12:28:00,5.0,0.2372745041395092,0,-0.11,-0.22,-0.11
2015-09-14 12:33:00,4.5,0.22432946132576687,0,-0.11,-0.22,-0.11
2015-09-14 12:38:00,2.17,0.2862471229309951,0,-0.11,-0.22,-0.11
2015-09-14 12:43:00,1.06,0.32106423364613906,0,-0.11,-0.22,-0.11
2015-09-14 12:48:00,7.44,0.3092294314931749,0,-0.11,-0.22,-0.11
2015-09-14 13:03:00,1.83,0.2961755785960773,0,-0.11,-0.22,-0.11
2015-09-14 13:08:00,3.72,0.2410813693206552,0,-0.11,-0.22,-0.11
2015-09-14 13:13:00,2.94,0.2626186883294782,0,-0.11,-0.22,-0.11
2015-09-14 13:15:00,3.61,0.24386227888678724,0,-0.11,-0.22,-0.11
2015-09-14 13:20:00,2.17,0.2851771190421611,0,-0.11,-0.22,-0.11
2015-09-14 13:25:00,7.11,0.2994370843941345,0,-0.11,-0.22,-0.11
2015-09-14 13:35:00,3.06,0.2590785091254589,0,-0.11,-0.22,-0.11
2015-09-14 13:40:00,3.22,0.25485798272834365,0,-0.11,-0.22,-0.11
2015-09-14 13:45:00,6.17,0.2707952473289029,0,-0.11,-0.22,-0.11
2015-09-14 13:55:00,4.5,0.2245751489133093,0,-0.11,-0.22,-0.11
2015-09-14 14:00:00,4.28,0.226704026030194,0,-0.11,-0.22,-0.11
2015-09-14 14:05:00,4.39,0.2236145952911084,0,-0.11,-0.22,-0.11
2015-09-14 14:10:00,7.33,0.30567048147706644,0,-0.11,-0.22,-0.11
2015-09-14 14:15:00,5.0,0.2372813134484188,0,-0.11,-0.22,-0.11
2015-09-14 14:20:00,2.28,0.2828302241102737,0,-0.11,-0.22,-0.11
2015-09-14 14:25:00,4.22,0.2282599298319113,0,-0.11,-0.22,-0.11
2015-09-14 14:30:00,1.28,0.31427258834233096,0,-0.11,-0.22,-0.11
2015-09-14 14:35:00,6.56,0.28152920119250896,0,-0.11,-0.22,-0.11
2015-09-14 14:40:00,5.0,0.2366764752462745,0,-0.11,-0.22,-0.11
2015-09-14 14:45:00,5.17,0.241195690954889,0,-0.11,-0.22,-0.11
2015-09-14 14:50:00,5.06,0.2378428597297368,0,-0.11,-0.22,-0.11
2015-09-14 14:55:00,4.78,0.2303929287857276,0,-0.11,-0.22,-0.11
2015-09-14 15:00:00,1.83,0.29870740826049114,0,-0.11,-0.22,-0.11
2015-09-14 15:05:00,4.39,0.22535914850699554,0,-0.11,-0.22,-0.11
2015-09-14 15:10:00,5.94,0.2619388598103972,0,-0.11,-0.22,-0.11
2015-09-14 15:15:00,6.44,0.2762811104722713,0,-0.11,-0.22,-0.11
2015-09-14 15:20:00,1.28,0.3175841408206939,0,-0.11,-0.22,-0.11
2015-09-14 15:25:00,2.06,0.2927371099965135,0,-0.11,-0.22,-0.11
2015-09-14 15:30:00,1.94,0.2962991352070357,0,-0.11,-0.22,-0.11
2015-09-14 15:35:00,5.56,0.2505303693534405,0,-0.11,-0.22,-0.11
2015-09-14 15:40:00,4.78,0.2290052887266437,0,-0.11,-0.22,-0.11
2015-09-14 15:45:00,3.33,0.2559588719066786,0,-0.11,-0.22,-0.11
2015-09-14 15:50:00,3.22,0.2592090287049357,0,-0.11,-0.22,-0.11
2015-09-14 15:55:00,3.11,0.2625898993091921,0,-0.11,-0.22,-0.11
2015-09-14 16:00:00,3.72,0.24554477765723,0,-0.11,-0.22,-0.11
2015-09-14 16:05:00,3.11,0.2632421175575309,0,-0.11,-0.22,-0.11
2015-09-14 16:10:00,3.22,0.2601712948212605,0,-0.11,-0.22,-0.11
2015-09-14 16:15:00,3.11,0.26354410134096795,0,-0.11,-0.22,-0.11
2015-09-14 16:20:00,2.17,0.2922474613683497,0,-0.11,-0.22,-0.11
2015-09-14 16:25:00,6.06,0.2632890142409428,0,-0.11,-0.22,-0.11
2015-09-14 16:30:00,1.83,0.3039091148030413,0,-0.11,-0.22,-0.11
2015-09-14 16:35:00,2.72,0.27633903417108285,0,-0.11,-0.22,-0.11
2015-09-14 16:40:00,3.72,0.2473416009530598,0,-0.11,-0.22,-0.11
2015-09-14 16:45:00,2.33,0.2891018680265609,0,-0.11,-0.22,-0.11
2015-09-14 16:50:00,6.72,0.282312477630785,0,-0.11,-0.22,-0.11
2015-09-14 16:55:00,5.06,0.23349178894577186,0,-0.11,-0.22,-0.11
2015-09-14 17:00:00,4.28,0.2332197872823689,0,-0.11,-0.22,-0.11
2015-09-14 17:10:00,4.11,0.2382037916834617,0,-0.11,-0.22,-0.11
2015-09-14 17:15:00,6.44,0.2725853781428795,0,-0.11,-0.22,-0.11
2015-09-14 17:20:00,5.67,0.24933517934344904,0,-0.11,-0.22,-0.11
2015-09-14 17:25:00,7.5,0.3052178435363256,0,-0.11,-0.22,-0.11
2015-09-14 17:30:00,5.17,0.2343370167162879,0,-0.11,-0.22,-0.11
2015-09-14 17:35:00,3.22,0.26590010536654274,0,-0.11,-0.22,-0.11
2015-09-14 17:40:00,2.94,0.27482986970851137,0,-0.11,-0.22,-0.11
2015-09-14 17:45:00,3.11,0.26958453730184995,1,1.0,1.0,1.0
2015-09-14 17:50:00,4.67,0.2251848411938472,1,0.9997151352505116,0.9997151352505116,0.9997151352505116
2015-09-14 17:55:00,1.56,0.32021831954865393,1,0.9994243313755512,0.9994243313755512,0.9994243313755512
2015-09-14 18:00:00,3.11,0.2705733869418145,1,0.9991274663327132,0.9991274663327131,0.999127466332713
2015-09-14 18:05:00,1.17,0.3340220801307255,1,0.9988244156473272,0.9988244156473272,0.9988244156473273
2015-09-14 18:10:00,3.83,0.2491402924140673,1,0.9985150523672016,0.9985150523672016,0.9985150523672015
2015-09-14 18:15:00,5.78,0.2508005533476385,1,0.9981992470166579,0.998199247016658,0.9981992470166581
2015-09-14 18:20:00,3.5,0.2591285683428512,1,0.9978768675498668,0.9978768675498668,0.9978768675498668
2015-09-14 18:25:00,2.06,0.304674656411745,1,0.9975477793034608,0.9975477793034608,0.9975477793034607
2015-09-14 18:30:00,1.56,0.32126670773508165,1,0.9972118449484392,0.9972118449484392,0.9972118449484391
2015-09-14 18:35:00,2.94,0.2761902049826873,1,0.9968689244413492,0.9968689244413492,0.9968689244413491
2015-09-14 18:45:00,2.94,0.27602956502367465,1,0.9965188749747432,0.9965188749747432,0.9965188749747433
2015-09-14 18:50:00,5.44,0.2409646505924873,1,0.9961615509269132,0.9961615509269132,0.9961615509269132
2015-09-14 18:55:00,3.61,0.2560364223864561,1,0.9957968038108908,0.9957968038108908,0.9957968038108908
2015-09-14 19:01:00,1.78,0.3144072063733554,1,0.9954244822227204,0.9954244822227204,0.9954244822227203
2015-09-14 19:05:00,1.39,0.327306250847261,1,0.9950444317889996,0.9950444317889996,0.9950444317889997
2015-09-14 19:10:00,2.33,0.2956337455778085,1,0.9946564951136856,0.9946564951136856,0.9946564951136857
2015-09-14 19:15:00,1.83,0.3114926275504596,1,0.9942605117241632,0.9942605117241632,0.9942605117241631
2015-09-14 19:20:00,2.72,0.28226600268886004,1,0.9938563180165852,0.9938563180165852,0.9938563180165851
2015-09-14 19:30:00,0.89,0.34323271869980243,1,0.9934437472004732,0.9934437472004732,0.9934437472004733
2015-09-14 19:35:00,1.39,0.3253350398377604,1,0.9930226292425904,0.9930226292425904,0.9930226292425904
2015-09-14 19:40:00,2.44,0.2900218377681755,1,0.9925927908100792,0.9925927908100792,0.9925927908100793
2015-09-14 19:45:00,1.78,0.3110948654527328,1,0.9921540552128716,0.9921540552128716,0.9921540552128715
2015-09-14 19:50:00,4.67,0.22407608239277416,1,0.9917062423453772,0.9917062423453772,0.9917062423453771
2015-09-14 19:55:00,3.11,0.2685283323731215,1,0.9912491686274456,0.9912491686274456,0.9912491686274456
2015-09-14 20:05:00,1.94,0.30579473037711363,1,0.9907826469446148,0.9907826469446149,0.990782646944615
2015-09-14 20:10:00,2.44,0.28903523091488503,1,0.9903064865876496,0.9903064865876496,0.9903064865876496
2015-09-14 20:15:00,1.78,0.31016419257268474,1,0.9898204931913714,0.9898204931913714,0.9898204931913714
2015-09-14 20:20:00,1.28,0.3263285854094697,1,0.989324468672796,0.9893244686727959,0.989324468672796
2015-09-14 20:25:00,1.39,0.3218369063262076,1,0.9888182111685792,0.9888182111685792,0.988818211168579
2015-09-14 20:30:00,1.78,0.3081149747101725,1,0.9883015149717852,0.9883015149717852,0.9883015149717853
2015-09-14 20:50:00,1.78,0.307642077733641,1,0.987774170467986,0.987774170467986,0.987774170467986
2015-09-14 20:55:00,1.56,0.31458256664487444,1,0.9872359640707022,0.9872359640707022,0.9872359640707022
2015-09-14 20:59:00,2.56,0.282217908935272,1,0.9866866781562024,0.9866866781562024,0.9866866781562023
2015-09-14 21:05:00,2.33,0.2892000285141877,1,0.986126090997668,0.9861260909976679,0.986126090997668
2015-09-14 21:10:00,2.33,0.2889239755394837,1,0.9855539766987488,0.9855539766987488,0.9855539766987488
2015-09-14 21:25:00,4.61,0.22350764451126875,1,0.9849701051265144,0.9849701051265144,0.9849701051265145
2015-09-14 21:35:00,0.5,0.34952535094166004,1,0.9843742418438306,0.9843742418438306,0.9843742418438306
2015-09-14 21:45:00,2.17,0.2927830729081081,1,0.9837661480411692,0.9837661480411692,0.9837661480411692
2015-09-14 21:50:00,0.89,0.3346271907609457,1,0.9831455804678848,0.9831455804678848,0.9831455804678848
2015-09-14 21:55:00,1.94,0.2991123258598539,1,0.9825122913629688,0.9825122913629688,0.9825122913629688
2015-09-14 22:01:00,1.17,0.32408930052635004,1,0.9818660283853144,0.9818660283853144,0.9818660283853143
2015-09-14 22:06:00,1.06,0.3275526562154833,1,0.9812065345435108,0.9812065345435108,0.9812065345435108
2015-09-14 22:11:00,1.0,0.32908274844048885,1,0.9805335481252044,0.9805335481252044,0.9805335481252044
2015-09-14 22:16:00,2.33,0.2847758552023743,1,0.9798468026260446,0.9798468026260446,0.9798468026260446
2015-09-14 22:21:00,0.67,0.3395469163304556,1,0.979146026678256,0.9791460266782559,0.979146026678256
2015-09-14 22:25:00,2.06,0.2925054076425132,1,0.9784309439788638,0.9784309439788638,0.9784309439788638
2015-09-14 22:30:00,1.17,0.32165479252589785,1,0.9777012732176146,0.9777012732176146,0.9777012732176146
2015-09-14 22:40:00,0.61,0.34031002515962155,1,0.9769567280046249,0.9769567280046249,0.9769567280046247
2015-09-14 23:01:00,1.0,0.3259802008762063,1,0.9761970167977974,0.9761970167977974,0.9761970167977974
2015-09-14 23:06:00,0.78,0.3328190417594386,1,0.9754218428300564,0.9754218428300564,0.9754218428300563
2015-09-14 23:11:00,0.67,0.33580176432361314,1,0.9746309040364328,0.9746309040364329,0.974630904036433
2015-09-14 23:15:00,0.39,0.3453611226379938,1,0.9738238929810632,0.9738238929810632,0.9738238929810631
2015-09-14 23:26:00,0.28,0.3487933241346387,1,0.9730004967841356,0.9730004967841356,0.9730004967841357
2015-09-14 23:31:00,0.89,0.32633706435923565,1,0.9721603970488528,0.9721603970488528,0.9721603970488527
2015-09-14 23:36:00,0.61,0.3353400271412175,1,0.9713032697884518,0.9713032697884518,0.9713032697884518
2015-09-14 23:41:00,0.39,0.34234368668266096,1,0.9704287853533532,0.9704287853533532,0.9704287853533533
2015-09-14 23:51:00,0.39,0.3415746761563677,1,0.9695366083584896,0.9695366083584896,0.9695366083584895
2015-09-14 23:56:00,1.67,0.2970388505531331,1,0.9686263976108876,0.9686263976108876,0.9686263976108876
2015-09-15 00:06:00,1.0,0.3189077753680773,1,0.9676978060375672,0.9676978060375672,0.9676978060375673
2015-09-15 00:11:00,0.0,0.35324819707055233,1,0.9667504806138276,0.9667504806138276,0.9667504806138277
2015-09-15 00:16:00,0.0,0.35243292072150456,1,0.9657840622919984,0.9657840622919984,0.9657840622919985
2015-09-15 00:20:00,1.67,0.2945164850957765,1,0.964798185930736,0.964798185930736,0.964798185930736
2015-09-15 00:40:00,0.5,0.3333569377744608,1,0.9637924802249372,0.9637924802249372,0.9637924802249372
2015-09-15 00:56:00,2.17,0.2773266537275973,1,0.9627665676363716,0.9627665676363716,0.9627665676363715
2015-09-15 01:10:00,0.89,0.3187765534991102,1,0.9617200643251056,0.9617200643251056,0.9617200643251055
2015-09-15 01:15:00,0.61,0.327915243203418,1,0.9606525800818276,0.9606525800818276,0.9606525800818276
2015-09-15 01:25:00,0.0,0.34893617665327065,1,0.9595637182611584,0.9595637182611584,0.9595637182611583
2015-09-15 01:35:00,0.39,0.3342414434045789,1,0.9584530757160552,0.9584530757160552,0.9584530757160552
2015-09-15 01:40:00,0.78,0.3201662964562557,1,0.9573202427334198,0.9573202427334198,0.9573202427334198
2015-09-15 01:45:00,1.0,0.31195490964190303,1,0.9561648029710124,0.9561648029710124,0.9561648029710125
2015-09-15 01:50:00,0.89,0.3150470616412422,1,0.9549863333957932,0.9549863333957932,0.9549863333957932
2015-09-15 01:55:00,0.28,0.3357245406827659,1,0.9537844042238078,0.9537844042238078,0.9537844042238078
2015-09-15 02:06:00,0.0,0.3448473180940552,1,0.952558578861744,0.952558578861744,0.952558578861744
2015-09-15 02:11:00,0.78,0.31659615513768463,1,0.9513084138502904,0.9513084138502904,0.9513084138502904
2015-09-15 02:31:00,0.0,0.3431992737782971,1,0.9500334588094254,0.9500334588094254,0.9500334588094254
2015-09-15 02:41:00,1.0,0.30757109644264125,1,0.9487332563857837,0.9487332563857837,0.9487332563857837
2015-09-15 02:56:00,2.44,0.2606449621480468,1,0.9474073422022424,0.9474073422022424,0.9474073422022423
2015-09-15 03:01:00,0.89,0.3104759952980626,1,0.9460552448098748,0.9460552448098748,0.9460552448098749
2015-09-15 03:10:00,0.67,0.3173544854668975,1,0.9446764856424326,0.9446764856424326,0.9446764856424326
2015-09-15 03:20:00,0.28,0.33056853209427506,1,0.9432705789735132,0.9432705789735132,0.9432705789735133
2015-09-15 03:25:00,0.28,0.3303365895134821,1,0.9418370318765804,0.9418370318765804,0.9418370318765805
2015-09-15 03:30:00,0.61,0.31791748092223204,1,0.9403753441880152,0.9403753441880152,0.9403753441880152
2015-09-15 03:40:00,0.78,0.3113250088808245,1,0.9388850084733664,0.9388850084733664,0.9388850084733665
2015-09-15 03:45:00,1.06,0.30112225578916635,1,0.9373655099969972,0.9373655099969972,0.9373655099969972
2015-09-15 03:50:00,1.17,0.2968223050798237,1,0.9358163266953052,0.9358163266953052,0.9358163266953051
2015-09-15 04:01:00,1.39,0.2888719070689064,1,0.9342369291537248,0.9342369291537248,0.9342369291537247
2015-09-15 04:06:00,1.28,0.29205330787326544,1,0.932626780587704,0.932626780587704,0.9326267805877041
2015-09-15 04:10:00,1.0,0.3010995037411425,1,0.9309853368278708,0.9309853368278708,0.9309853368278707
2015-09-15 04:16:00,1.0,0.3005812812210473,1,0.9293120463096016,0.9293120463096016,0.9293120463096016
2015-09-15 04:21:00,1.67,0.2773821578741736,1,0.9276063500672146,0.9276063500672146,0.9276063500672146
2015-09-15 04:26:00,2.28,0.2573955727727869,1,0.9258676817330104,0.9258676817330104,0.9258676817330103
2015-09-15 04:31:00,0.78,0.3072815353442657,1,0.9240954675414016,0.9240954675414016,0.9240954675414017
2015-09-15 04:35:00,0.61,0.31286408926985954,1,0.9222891263383644,0.9222891263383644,0.9222891263383645
2015-09-15 04:46:00,2.06,0.2628831373697731,1,0.9204480695964604,0.9204480695964604,0.9204480695964604
2015-09-15 04:51:00,2.28,0.2553809043744131,1,0.9185717014356842,0.9185717014356842,0.9185717014356842
2015-09-15 04:55:00,3.44,0.2260103494673845,1,0.9166594186503914,0.9166594186503914,0.9166594186503914
2015-09-15 05:01:00,3.11,0.2289469013918581,1,0.914710610742572,0.914710610742572,0.9147106107425721
2015-09-15 05:05:00,2.67,0.2421117769994689,1,0.9127246599617436,0.9127246599617436,0.9127246599617436
2015-09-15 05:10:00,3.33,0.2234398437765984,1,0.9107009413517392,0.9107009413517392,0.9107009413517392
2015-09-15 05:15:00,3.61,0.2326203148539825,1,0.9086388228046718,0.9086388228046718,0.9086388228046718
2015-09-15 05:20:00,3.72,0.2361555225981141,1,0.9065376651223652,0.9065376651223651,0.906537665122365
2015-09-15 05:26:00,8.22,0.40045573162961695,1,0.9043968220855442,0.9043968220855442,0.9043968220855442
2015-09-15 05:31:00,8.28,0.4045317959768869,1,0.9022156405310882,0.9022156405310882,0.9022156405310882
2015-09-15 05:36:00,5.06,0.2803707272981814,1,0.8999934604376469,0.8999934604376469,0.899993460437647
2015-09-15 05:46:00,3.89,0.2416086200488125,1,0.8977296150199318,0.8977296150199318,0.8977296150199318
2015-09-15 05:51:00,2.56,0.244164040221393,1,0.8954234308319979,0.8954234308319979,0.8954234308319979
2015-09-15 05:55:00,7.33,0.3679624703246749,1,0.8930742278798368,0.8930742278798368,0.8930742278798368
2015-09-15 06:00:00,9.83,0.4725827942507759,1,0.8906813197435972,0.8906813197435972,0.8906813197435972
2015-09-15 06:05:00,8.78,0.42787052528943215,1,0.8882440137097727,0.8882440137097727,0.8882440137097727
2015-09-15 06:10:00,11.72,0.5574113268434776,1,0.8857616109136768,0.8857616109136768,0.8857616109136768
2015-09-15 06:16:00,14.28,0.6567524256520724,1,0.8832334064925423,0.8832334064925423,0.8832334064925423
2015-09-15 06:20:00,9.94,0.4672801282632592,1,0.880658689749588,0.880658689749588,0.880658689749588
2015-09-15 06:25:00,13.94,0.6329730027048086,1,0.8780367443293815,0.8780367443293815,0.8780367443293815
2015-09-15 06:30:00,14.17,0.6330675093377588,1,0.8753668484048484,0.8753668484048484,0.8753668484048484
2015-09-15 06:35:00,11.11,0.5015878375806611,1,0.8726482748762621,0.8726482748762621,0.8726482748762621
2015-09-15 06:41:00,17.94,0.7481412369917182,1,0.8698802915825645,0.8698802915825645,0.8698802915825645
2015-09-15 06:45:00,7.61,0.3538225288937329,1,0.8670621615253519,0.8670621615253519,0.8670621615253519
2015-09-15 06:50:00,6.67,0.3203622401486317,1,0.8641931431058759,0.8641931431058759,0.8641931431058759
2015-09-15 06:55:00,22.28,0.8399268323275569,1,0.8612724903753929,0.8612724903753929,0.8612724903753929
2015-09-15 07:00:00,13.78,0.5627949052222192,1,0.8582994532992085,0.8582994532992085,0.8582994532992085
2015-09-15 07:06:00,14.17,0.5700843356650701,1,0.8552732780347404,0.8552732780347404,0.8552732780347404
2015-09-15 07:11:00,15.94,0.6251059166857731,1,0.8521932072239476,0.8521932072239476,0.8521932072239476
2015-09-15 07:16:00,8.61,0.3650197055762597,1,0.8490584803004367,0.8490584803004367,0.8490584803004367
2015-09-15 07:21:00,17.39,0.6623672061689874,1,0.8458683338115774,0.8458683338115774,0.8458683338115774
2015-09-15 07:26:00,13.39,0.5189801661088123,1,0.8426220017559383,0.8426220017559383,0.8426220017559383
2015-09-15 07:31:00,9.83,0.3955165292097975,1,0.8393187159363497,0.8393187159363497,0.8393187159363497
2015-09-15 07:36:00,12.28,0.4745558357214319,1,0.8359577063288931,0.8359577063288931,0.8359577063288931
2015-09-15 07:41:00,14.44,0.5428750520914054,1,0.8325382014681072,0.8325382014681072,0.8325382014681072
2015-09-15 07:46:00,9.83,0.3874661200121985,1,0.8290594288486809,0.8290594288486809,0.8290594288486809
2015-09-15 07:51:00,10.17,0.3965552746573647,1,0.8255206153439104,0.8255206153439104,0.8255206153439104
2015-09-15 07:56:00,9.56,0.3760877063183636,1,0.8219209876411608,0.8219209876411608,0.8219209876411608
2015-09-15 08:01:00,8.89,0.35455304530377624,1,0.8182597726945763,0.8182597726945763,0.8182597726945763
2015-09-15 08:06:00,8.67,0.347019796942589,1,0.8145361981952537,0.8145361981952537,0.8145361981952537
2015-09-15 08:11:00,4.0,0.2242052935533497,1,0.8107494930590907,0.8107494930590907,0.8107494930590907
2015-09-15 08:16:00,8.39,0.3378151125413902,1,0.8068988879324783,0.8068988879324783,0.8068988879324783
2015-09-15 08:21:00,12.78,0.4727577643240976,1,0.8029836157160196,0.8029836157160196,0.8029836157160196
2015-09-15 08:26:00,6.33,0.2788922019281437,1,0.7990029121063937,0.7990029121063937,0.7990029121063937
2015-09-15 08:31:00,3.44,0.2355177227886241,1,0.7949560161565007,0.7949560161565007,0.7949560161565007
2015-09-15 08:36:00,4.5,0.233713822797074,1,0.7908421708539671,0.7908421708539671,0.7908421708539671
2015-09-15 08:41:00,3.89,0.2256502905675817,1,0.7866606237180797,0.7866606237180797,0.7866606237180797
2015-09-15 08:46:00,5.83,0.2652120312629315,1,0.782410627415182,0.782410627415182,0.782410627415182
2015-09-15 08:51:00,4.78,0.2393287932031677,1,0.7780914403925411,0.7780914403925411,0.7780914403925411
2015-09-15 08:56:00,5.78,0.2633660263194821,1,0.7737023275306506,0.7737023275306506,0.7737023275306506
2015-09-15 09:01:00,5.39,0.2533526611212298,1,0.7692425608139126,0.7692425608139126,0.7692425608139126
2015-09-15 09:06:00,4.11,0.22307940373952545,1,0.764711420019602,0.764711420019602,0.764711420019602
2015-09-15 09:11:00,1.94,0.27477980568851945,1,0.7601081934249706,0.7601081934249706,0.7601081934249706
2015-09-15 09:16:00,5.67,0.25959592590015546,1,0.7554321785323235,0.7554321785323235,0.7554321785323235
2015-09-15 09:21:00,3.72,0.2319134210981613,1,0.7506826828118452,0.7506826828118452,0.7506826828118452
2015-09-15 09:26:00,7.89,0.3179347748090756,1,0.7458590244619219,0.7458590244619219,0.7458590244619219
2015-09-15 09:31:00,5.56,0.2557194066156214,1,0.7409605331866478,0.7409605331866478,0.7409605331866478
2015-09-15 09:36:00,4.22,0.22373241008888847,1,0.7359865509901701,0.7359865509901701,0.7359865509901701
2015-09-15 09:41:00,4.11,0.224239179828344,1,0.730936432987473,0.730936432987473,0.730936432987473
2015-09-15 09:46:00,13.28,0.4827124689716671,1,0.7258095482311486,0.7258095482311486,0.7258095482311486
2015-09-15 09:51:00,4.61,0.2312396503098197,1,0.7206052805536522,0.7206052805536522,0.7206052805536522
2015-09-15 10:01:00,0.22,0.3248634872588105,1,0.7153230294244952,0.7153230294244952,0.7153230294244952
2015-09-15 10:06:00,7.89,0.31460353993061113,1,0.7099622108217569,0.7099622108217569,0.7099622108217569
2015-09-15 10:11:00,5.0,0.2397965620148424,1,0.7045222581172584,0.7045222581172584,0.7045222581172584
2015-09-15 10:21:00,0.89,0.30695228092111343,1,0.6990026229746711,0.6990026229746711,0.6990026229746711
2015-09-15 10:31:00,2.17,0.2731181987621297,1,0.6934027762597798,0.6934027762597798,0.6934027762597798
2015-09-15 10:36:00,3.11,0.24985917139608785,1,0.6877222089620612,0.6877222089620612,0.6877222089620612
2015-09-15 10:41:00,2.72,0.2596030405151502,1,0.6819604331266766,0.6819604331266766,0.6819604331266766
2015-09-15 10:46:00,6.44,0.2745693919675455,1,0.6761169827959118,0.6761169827959118,0.6761169827959118
2015-09-15 10:51:00,3.89,0.2322065585011143,1,0.6701914149590417,0.6701914149590417,0.6701914149590417
2015-09-15 11:01:00,5.28,0.2450408164282362,1,0.6641833105095357,0.6641833105095357,0.6641833105095357
2015-09-15 11:06:00,2.17,0.2750654536502797,1,0.6580922752084426,0.6580922752084426,0.6580922752084426
2015-09-15 11:11:00,7.83,0.31087244896479865,1,0.6519179406527503,0.6519179406527503,0.6519179406527503
2015-09-15 11:16:00,4.39,0.223289943190244,1,0.6456599652474361,0.6456599652474361,0.6456599652474361
2015-09-15 11:21:00,3.72,0.2378206737342389,1,0.6393180351798694,0.6393180351798694,0.6393180351798694
2015-09-15 11:26:00,1.67,0.2900231772773661,1,0.6328918653951625,0.6328918653951625,0.6328918653951625
2015-09-15 11:31:00,4.22,0.2265925370618081,1,0.6263812005710017,0.6263812005710017,0.6263812005710017
2015-09-15 11:36:00,6.28,0.26805898256802835,1,0.6197858160904369,0.6197858160904369,0.6197858160904369
2015-09-15 11:41:00,1.39,0.2989544754344191,1,0.6131055190110339,0.6131055190110339,0.6131055190110339
2015-09-15 11:46:00,3.5,0.2444012992673125,1,0.6063401490287548,0.6063401490287548,0.6063401490287548
2015-09-15 11:51:00,3.89,0.2352556995426565,1,0.5994895794348545,0.5994895794348545,0.5994895794348545
2015-09-15 11:56:00,4.39,0.2238938727783936,1,0.5925537180640409,0.5925537180640409,0.5925537180640409
2015-09-15 12:01:00,1.78,0.2890265869039695,1,0.5855325082320911,0.5855325082320911,0.5855325082320911
2015-09-15 12:06:00,2.83,0.26145314304178674,1,0.5784259296610542,0.5784259296610542,0.5784259296610542
2015-09-15 12:11:00,1.39,0.2997528395665249,1,0.5712339993901469,0.5712339993901469,0.5712339993901469
2015-09-15 12:16:00,2.67,0.2654508005865828,1,0.5639567726703762,0.5639567726703762,0.5639567726703762
2015-09-15 12:21:00,2.44,0.2711309236124957,1,0.5565943438409106,0.5565943438409106,0.5565943438409106
2015-09-15 12:26:00,6.83,0.2820212439878458,1,0.5491468471851592,0.5491468471851592,0.5491468471851592
2015-09-15 12:31:00,4.61,0.2271785714193973,1,0.5416144577645066,0.5416144577645066,0.5416144577645066
2015-09-15 12:36:00,3.72,0.2388031740982231,1,0.5339973922276064,0.5339973922276064,0.5339973922276064
2015-09-15 12:46:00,1.06,0.3080350928859125,1,0.5262959095931246,0.5262959095931246,0.5262959095931246
2015-09-15 12:51:00,3.72,0.2382567432579976,1,0.5185103120037956,0.5185103120037956,0.5185103120037956
2015-09-15 12:56:00,2.28,0.2740480714335354,1,0.5106409454496512,0.5106409454496512,0.5106409454496512
2015-09-15 13:01:00,1.67,0.2901819416757592,1,0.5026882004582632,0.5026882004582632,0.5026882004582632
2015-09-15 13:06:00,2.28,0.2735017312265625,1,0.4946525127498455,0.4946525127498455,0.4946525127498455
2015-09-15 13:11:00,4.67,0.2305106110548293,1,0.4865343638550667,0.4865343638550667,0.4865343638550667
2015-09-15 13:16:00,3.06,0.2528239128095768,1,0.4783342816934285,0.4783342816934285,0.4783342816934285
2015-09-15 13:21:00,2.72,0.26097827753500463,1,0.4700528411100897,0.4700528411100897,0.4700528411100897
2015-09-15 13:26:00,3.72,0.2352820652607417,1,0.4616906643690308,0.4616906643690308,0.46169066436903083
2015-09-15 13:31:00,6.44,0.2787818792270152,1,0.4532484216004974,0.4532484216004974,0.45324842160049744
2015-09-15 13:36:00,1.56,0.2916410207779984,1,0.44472683120068396,0.444726831200684,0.44472683120068396
2015-09-15 13:46:00,2.28,0.27145282229647644,1,0.4361266601816762,0.4361266601816762,0.43612666018167623
2015-09-15 13:51:00,1.94,0.2805192447230593,1,0.42744872446972215,0.42744872446972215,0.42744872446972215
2015-09-15 13:54:00,0.61,0.3194078415956837,1,0.4186938891499532,0.4186938891499532,0.41869388914995315
2015-09-15 13:59:00,4.61,0.2370756218997279,1,0.4098630686557577,0.4098630686557577,0.4098630686557577
2015-09-15 14:04:00,8.11,0.3411396828433294,1,0.4009572269010737,0.4009572269010737,0.4009572269010737
2015-09-15 14:09:00,2.83,0.25428096204071565,1,0.3919773773539608,0.3919773773539608,0.3919773773539608
2015-09-15 14:14:00,4.89,0.2456263023908699,1,0.3829245830498922,0.3829245830498922,0.3829245830498922
2015-09-15 14:19:00,5.06,0.250748280387183,1,0.3737999565433136,0.3737999565433136,0.37379995654331355
2015-09-15 14:24:00,4.0,0.2227372079730469,1,0.3646046597961214,0.3646046597961214,0.3646046597961214
2015-09-15 14:29:00,5.28,0.2570112545394509,1,0.3553399040018184,0.3553399040018184,0.3553399040018184
2015-09-15 14:34:00,5.06,0.2507811996198145,1,0.34600694934423554,0.34600694934423554,0.34600694934423554
2015-09-15 14:39:00,2.67,0.2578294394034645,1,0.3366071046898277,0.3366071046898277,0.3366071046898277
2015-09-15 14:44:00,2.83,0.2535551205258881,1,0.32714172721268703,0.32714172721268703,0.32714172721268703
2015-09-15 14:49:00,4.5,0.2356991402853279,1,0.3176122219515611,0.3176122219515611,0.3176122219515611
2015-09-15 14:54:00,2.33,0.2677044519382404,1,0.3080200412982996,0.3080200412982996,0.3080200412982996
2015-09-15 15:04:00,5.17,0.2541713759425096,1,0.2983666844173177,0.2983666844173177,0.29836668441731773
2015-09-15 15:09:00,5.78,0.2712492243656759,1,0.2886536965958074,0.2886536965958074,0.2886536965958074
2015-09-15 15:14:00,4.39,0.23286255234466696,1,0.2788826685245981,0.2788826685245981,0.2788826685245981
2015-09-15 15:19:00,3.06,0.2473051324166172,1,0.26905523550972704,0.26905523550972704,0.26905523550972704
2015-09-15 15:24:00,4.67,0.2405027514370061,1,0.2591730766149561,0.2591730766149561,0.25917307661495614
2015-09-15 15:29:00,5.39,0.2601787622403887,1,0.2492379137356317,0.2492379137356317,0.2492379137356317
2015-09-15 15:34:00,5.94,0.2756509452943449,1,0.2392515106044716,0.2392515106044716,0.23925151060447158
2015-09-15 15:39:00,1.78,0.2847445539849119,1,0.2292156717300293,0.2292156717300293,0.22921567173002935
2015-09-15 15:44:00,7.11,0.31103134542394284,1,0.2191322412687645,0.21913224126876446,0.21913224126876443
2015-09-15 15:49:00,3.33,0.24087627093755304,1,0.20900310183183268,0.20900310183183268,0.20900310183183268
2015-09-15 15:54:00,5.44,0.2606274717964088,1,0.1988301732278756,0.1988301732278756,0.1988301732278756
2015-09-15 15:59:00,4.5,0.23467556510359155,1,0.1886154111432745,0.18861541114327446,0.18861541114327443
2015-09-15 16:04:00,6.28,0.2850402038747934,1,0.17836080576150426,0.17836080576150426,0.17836080576150423
2015-09-15 16:09:00,5.17,0.25331583626427645,1,0.1680683803233955,0.1680683803233955,0.1680683803233955
2015-09-15 16:14:00,8.78,0.3655952551422411,1,0.15774018963028774,0.15774018963028774,0.15774018963028777
2015-09-15 16:19:00,5.44,0.2600766755305422,1,0.14737831849220942,0.14737831849220942,0.14737831849220942
2015-09-15 16:24:00,6.44,0.2892413645726987,1,0.13698488012339893,0.13698488012339893,0.13698488012339893
2015-09-15 16:29:00,9.0,0.37173775571780215,1,0.12656201448762236,0.12656201448762236,0.12656201448762236
2015-09-15 16:34:00,4.22,0.2263334612212379,1,0.11611188659589992,0.11611188659589992,0.11611188659589991
2015-09-15 16:39:00,6.06,0.27670400774575343,1,0.10563668475939836,0.10563668475939836,0.10563668475939837
2015-09-15 16:44:00,7.06,0.3065187101642488,1,0.09513861880037594,0.09513861880037594,0.09513861880037594
2015-09-15 16:49:00,4.89,0.24316319946952555,1,0.08461991822420364,0.08461991822420364,0.08461991822420364
2015-09-15 16:54:00,1.39,0.2987830330716376,1,0.07408283035559822,0.07408283035559822,0.07408283035559822
2015-09-15 16:59:00,5.39,0.256933951358939,1,0.06352961844232043,0.06352961844232043,0.06352961844232043
2015-09-15 17:04:00,1.94,0.2820890762733846,1,0.05296255972968717,0.05296255972968717,0.05296255972968717
2015-09-15 17:09:00,3.83,0.22946715977484616,1,0.04238394350934303,0.04238394350934303,0.042383943509343026
2015-09-15 17:14:00,5.0,0.2461881377952353,1,0.03179606914581306,0.031796069145813066,0.03179606914581307
2015-09-15 17:19:00,5.78,0.2675914838114301,1,0.021201244084432504,0.021201244084432504,0.021201244084432504
2015-09-15 17:24:00,10.72,0.4288518828002158,1,0.01060178184430646,0.01060178184430646,0.010601781844306461
2015-09-15 17:29:00,10.44,0.4167828308628232,0,-0.0011554196895232206,-0.0023108393790464412,-0.0011554196895232204
2015-09-15 17:34:00,4.28,0.2254374064728069,0,-0.0023105844519470697,-0.004621168903894139,-0.0023105844519470697
2015-09-15 17:39:00,5.39,0.2547654533671114,0,-0.0034652395851068685,-0.006930479170213737,-0.0034652395851068685
2015-09-15 17:44:00,3.22,0.24731753643491025,0,-0.004619130836285674,-0.009238261672571349,-0.004619130836285674
2015-09-15 17:49:00,0.61,0.3237445291823742,0,-0.0057720046258854475,-0.011544009251770895,-0.005772004625885448
2015-09-15 17:54:00,5.67,0.2626899275863469,0,-0.0069236082698389,-0.0138472165396778,-0.0069236082698389
2015-09-15 18:04:00,5.06,0.24561793751709984,0,-0.008073690200348087,-0.016147380400696174,-0.008073690200348088
2015-09-15 18:09:00,6.28,0.2800183665115418,0,-0.009222000184542268,-0.018444000369084536,-0.009222000184542268
2015-09-15 18:14:00,5.39,0.25441636237592585,0,-0.010368289540652734,-0.020736579081305467,-0.010368289540652734
2015-09-15 18:19:00,2.44,0.2694583132162788,0,-0.011512311351311809,-0.023024622702623614,-0.011512311351311807
2015-09-15 18:24:00,4.67,0.2350661222091236,0,-0.012653820673590657,-0.02530764134718131,-0.012653820673590655
2015-09-15 18:29:00,3.33,0.24493166648777906,0,-0.013792574745402618,-0.02758514949080524,-0.013792574745402618
2015-09-15 18:39:00,2.28,0.2742170690796953,0,-0.014928333187908522,-0.029856666375817045,-0.014928333187908522
2015-09-15 18:44:00,2.06,0.2801684109120897,0,-0.016060858203574332,-0.032121716407148664,-0.016060858203574332
2015-09-15 18:49:00,3.89,0.2298751687666016,0,-0.017189914769543724,-0.03437982953908745,-0.017189914769543724
2015-09-15 18:54:00,1.94,0.28363039644487525,0,-0.018315270826004017,-0.036630541652008033,-0.018315270826004017
2015-09-15 18:59:00,3.33,0.24421407871223624,0,-0.019436697459237925,-0.03887339491847585,-0.019436697459237925
2015-09-15 19:04:00,4.61,0.2342373276607507,0,-0.02055396907907048,-0.04110793815814096,-0.020553969079070478
2015-09-15 19:14:00,5.06,0.2460856359091761,0,-0.02166686359043732,-0.04333372718087464,-0.021666863590437322
2015-09-15 19:24:00,6.94,0.2998536125264268,0,-0.02277516255881764,-0.04555032511763528,-0.02277516255881764
2015-09-15 19:29:00,3.72,0.2339032045962532,0,-0.023878651369293964,-0.04775730273858793,-0.023878651369293964
2015-09-15 19:34:00,1.83,0.2862804540882127,0,-0.02497711937901853,-0.04995423875803706,-0.02497711937901853
2015-09-15 19:44:00,1.67,0.29097015875153875,0,-0.026070360062886284,-0.05214072012577257,-0.026070360062886284
2015-09-15 19:49:00,3.72,0.2335219611299267,0,-0.027158171152232558,-0.05431634230446513,-0.027158171152232565
2015-09-15 19:54:00,3.22,0.2469528546709493,0,-0.028240354766394707,-0.056480709532789414,-0.028240354766394707
2015-09-15 19:59:00,5.83,0.267841076417806,0,-0.02931671753699496,-0.05863343507398992,-0.029316717536994958
2015-09-15 20:04:00,1.67,0.2907585850094341,0,-0.030387070724823294,-0.06077414144964659,-0.030387070724823294
2015-09-15 20:09:00,2.17,0.2756837752582015,0,-0.031451230329218295,-0.06290246065843659,-0.031451230329218295
2015-09-15 20:14:00,5.28,0.2529764533724236,0,-0.03250901718986345,-0.0650180343797269,-0.03250901718986345
2015-09-15 20:19:00,4.22,0.22507679554023166,0,-0.033560257080937184,-0.06712051416187435,-0.03356025708093718
2015-09-15 20:29:00,1.06,0.3088906879577175,0,-0.034604780797573106,-0.06920956159514621,-0.034604780797573106
2015-09-15 20:34:00,1.17,0.3050448286243863,0,-0.03564242423460736,-0.07128484846921472,-0.03564242423460736
2015-09-15 20:39:00,0.78,0.3165468908819835,0,-0.03667302845760808,-0.07334605691521616,-0.03667302845760808
2015-09-15 20:44:00,1.67,0.28880594491251776,0,-0.03769643976620059,-0.07539287953240117,-0.03769643976620059
2015-09-15 20:49:00,2.28,0.2711209204940391,0,-0.03871250974972035,-0.07742501949944071,-0.038712509749720354
2015-09-15 20:54:00,0.67,0.3194252972213206,0,-0.039721095335242464,-0.07944219067048491,-0.03972109533524246
2015-09-15 20:59:00,4.5,0.23322323672115386,0,-0.0407220588280542,-0.0814441176561084,-0.0407220588280542
2015-09-15 21:04:00,1.28,0.30030025984396136,0,-0.04171526794465258,-0.08343053588930519,-0.04171526794465259
2015-09-15 21:09:00,0.39,0.32745587072245635,0,-0.04270059583836512,-0.08540119167673021,-0.04270059583836511
2015-09-15 21:14:00,0.67,0.3181367562231765,0,-0.04367792111770629,-0.08735584223541258,-0.04367792111770629
2015-09-15 21:19:00,2.33,0.2684094137646069,0,-0.04464712785759717,-0.08929425571519434,-0.04464712785759717
2015-09-15 21:24:00,0.78,0.3141911911612371,0,-0.04560810560358785,-0.0912162112071757,-0.04560810560358785
2015-09-15 21:29:00,2.17,0.2725003549249003,0,-0.04656074936923613,-0.09312149873847228,-0.04656074936923613
2015-09-15 21:34:00,1.94,0.27897439905426835,0,-0.0475049596268068,-0.0950099192536136,-0.0475049596268068
2015-09-15 21:39:00,1.67,0.28666413412631897,0,-0.0484406422914668,-0.0968812845829336,-0.0484406422914668
2015-09-15 21:44:00,1.83,0.281819931313655,0,-0.04936770869916243,-0.09873541739832488,-0.04936770869916243
2015-09-15 21:59:00,1.67,0.2864328595716297,0,-0.05028607557837282,-0.10057215115674563,-0.05028607557837281
2015-09-15 22:09:00,2.72,0.25631905457931264,0,-0.0511956650159429,-0.1023913300318858,-0.0511956650159429
2015-09-15 22:19:00,0.89,0.3094497446073751,0,-0.05209640441720671,-0.1041928088344134,-0.052096404417206706
2015-09-15 22:24:00,1.56,0.2890764914951178,0,-0.052988226460617856,-0.10597645292123573,-0.052988226460617856
2015-09-15 22:34:00,0.28,0.3277718168730979,0,-0.05387106904711034,-0.10774213809422067,-0.05387106904711034
2015-09-15 22:44:00,0.89,0.3085116819792954,0,-0.05474487524441767,-0.10948975048883533,-0.05474487524441766
2015-09-15 22:59:00,0.67,0.3146208712512409,0,-0.05560959322658197,-0.11121918645316396,-0.055609593226581974
2015-09-15 23:04:00,1.44,0.2909047967470623,0,-0.05646517620888904,-0.11293035241777807,-0.056465176208889044
2015-09-15 23:09:00,0.0,0.33454819512854433,0,-0.057311582378466376,-0.11462316475693275,-0.05731158237846637
2015-09-15 23:19:00,1.44,0.2900099244636147,0,-0.058148774820784364,-0.11629754964156873,-0.058148774820784364
2015-09-15 23:24:00,0.0,0.3333292931896385,0,-0.058976721442301275,-0.11795344288460255,-0.05897672144230128
2015-09-15 23:29:00,1.0,0.30183797844228416,0,-0.05979539488949244,-0.11959078977898488,-0.05979539488949244
2015-09-15 23:34:00,1.0,0.3012447993204496,0,-0.06060477246450484,-0.12120954492900968,-0.06060477246450484
2015-09-15 23:39:00,2.44,0.2596375344917877,0,-0.061404836037675985,-0.12280967207535197,-0.06140483603767599
2015-09-15 23:44:00,0.61,0.3124077897985261,0,-0.06219557195715561,-0.12439114391431125,-0.062195571957155624
2015-09-15 23:49:00,0.89,0.3035986486205054,0,-0.06297697095586517,-0.12595394191173034,-0.06297697095586517
2015-09-15 23:54:00,1.0,0.3000037580868508,0,-0.0637490280560285,-0.127498056112057,-0.0637490280560285
2015-09-16 00:09:00,0.89,0.302828300527509,0,-0.06451174247150278,-0.12902348494300556,-0.06451174247150278
2015-09-16 00:14:00,1.06,0.2976784736921291,0,-0.06526511750813588,-0.13053023501627176,-0.06526511750813588
2015-09-16 00:19:00,1.83,0.27521376954810617,0,-0.0660091604623712,-0.1320183209247424,-0.0660091604623712
2015-09-16 00:29:00,3.44,0.2323478763348772,0,-0.06674388251831696,-0.13348776503663393,-0.06674388251831696
2015-09-16 00:34:00,0.0,0.3296310522338498,0,-0.06746929864349208,-0.13493859728698415,-0.06746929864349208
2015-09-16 00:44:00,0.0,0.3288619406087417,0,-0.0681854274834541,-0.1363708549669082,-0.0681854274834541
2015-09-16 00:49:00,0.0,0.3282753959638393,0,-0.06889229125551084,-0.13778458251102169,-0.06889229125551084
2015-09-16 00:54:00,1.17,0.29274920217573946,0,-0.0695899156417098,-0.1391798312834196,-0.0695899156417098
2015-09-16 01:04:00,0.28,0.3192139037457791,0,-0.07027832968129398,-0.14055665936258793,-0.07027832968129397
2015-09-16 01:09:00,0.22,0.3206109436082039,0,-0.07095756566280605,-0.1419151313256121,-0.07095756566280605
2015-09-16 01:14:00,0.61,0.3084018726843899,0,-0.07162765901601649,-0.14325531803203298,-0.07162765901601649
2015-09-16 01:19:00,0.78,0.3027922653998187,0,-0.0722886482038439,-0.1445772964076878,-0.0722886482038439
2015-09-16 01:24:00,0.0,0.3258794597295849,0,-0.07294057461442957,-0.14588114922885914,-0.07294057461442958
2015-09-16 01:29:00,0.0,0.3255462525825698,0,-0.07358348245352103,-0.14716696490704206,-0.07358348245352102
2015-09-16 01:34:00,0.0,0.3252791237464901,0,-0.07421741863731167,-0.1484348372746233,-0.07421741863731166
2015-09-16 01:39:00,1.78,0.2730616093891734,0,-0.07484243268587819,-0.14968486537175638,-0.07484243268587819
2015-09-16 02:04:00,1.67,0.2761038910478237,0,-0.07545857661734799,-0.15091715323469598,-0.075458576617348
2015-09-16 02:09:00,1.67,0.2759829310569124,0,-0.07606590484292385,-0.1521318096858477,-0.07606590484292385
2015-09-16 02:24:00,0.89,0.2982909540093843,0,-0.07666447406288462,-0.15332894812576925,-0.07666447406288462
2015-09-16 02:44:00,0.0,0.3247504660265705,0,-0.07725434316367477,-0.15450868632734954,-0.07725434316367477
2015-09-16 02:49:00,0.61,0.3060443992876861,0,-0.07783557311618723,-0.15567114623237446,-0.07783557311618723
2015-09-16 02:54:00,1.0,0.294492608031418,0,-0.0784082268753388,-0.1568164537506776,-0.0784082268753388
2015-09-16 02:59:00,0.78,0.3004481039378817,0,-0.07897236928102916,-0.15794473856205832,-0.07897236928102916
2015-09-16 03:04:00,1.28,0.2857907699515579,0,-0.07952806696056884,-0.15905613392113768,-0.07952806696056884
2015-09-16 03:14:00,1.17,0.2888229254469954,0,-0.08007538823265438,-0.16015077646530873,-0.08007538823265437
2015-09-16 03:19:00,0.78,0.2998648849168967,0,-0.08061440301296266,-0.16122880602592532,-0.08061440301296266
2015-09-16 03:29:00,0.89,0.2965334231402036,0,-0.0811451827214307,-0.1622903654428614,-0.0811451827214307
2015-09-16 03:34:00,0.0,0.3227645445214087,0,-0.08166780019127988,-0.16333560038255976,-0.08166780019127988
2015-09-16 03:39:00,1.94,0.26694112812499204,0,-0.08218232957983927,-0.16436465915967854,-0.08218232957983927
2015-09-16 03:44:00,1.17,0.2882789960183235,0,-0.08268884628121538,-0.16537769256243076,-0.08268884628121538
2015-09-16 03:49:00,0.28,0.31404517067081383,0,-0.08318742684085173,-0.16637485368170346,-0.08318742684085173
2015-09-16 03:54:00,1.06,0.2911345814423132,0,-0.08367814887201466,-0.16735629774402933,-0.08367814887201466
2015-09-16 03:59:00,3.44,0.2281298189637501,0,-0.08416109097423798,-0.16832218194847595,-0.08416109097423798
2015-09-16 04:09:00,0.22,0.3155244396510161,0,-0.08463633265375334,-0.16927266530750668,-0.08463633265375334
2015-09-16 04:14:00,1.78,0.2707525703112686,0,-0.08510395424592877,-0.17020790849185755,-0.08510395424592877
2015-09-16 04:29:00,1.94,0.266155374604645,0,-0.08556403683973303,-0.17112807367946606,-0.08556403683973303
2015-09-16 04:34:00,3.33,0.23061194228861195,0,-0.08601666220423937,-0.17203332440847874,-0.08601666220423937
2015-09-16 04:44:00,0.78,0.2988281519464757,0,-0.08646191271717787,-0.17292382543435575,-0.08646191271717787
2015-09-16 04:49:00,0.67,0.3019967283736635,0,-0.08689987129554172,-0.17379974259108347,-0.08689987129554173
2015-09-16 05:09:00,3.89,0.22830587034740346,0,-0.08733062132824908,-0.17466124265649816,-0.08733062132824908
2015-09-16 05:14:00,6.44,0.2957296708549187,0,-0.08775424661085826,-0.17550849322171652,-0.08775424661085826
2015-09-16 05:19:00,6.33,0.29206332376894706,0,-0.0881708312823315,-0.176341662564663,-0.0881708312823315
2015-09-16 05:24:00,6.56,0.2981496173409908,0,-0.08858045976383823,-0.17716091952767646,-0.08858045976383823
2015-09-16 05:29:00,13.5,0.5242795603318958,0,-0.08898321669958657,-0.17796643339917315,-0.08898321669958657
2015-09-16 05:39:00,4.0,0.2284458625102905,0,-0.08937918689966917,-0.17875837379933834,-0.08937918689966917
2015-09-16 05:44:00,5.83,0.27515797740962705,0,-0.0897684552849059,-0.1795369105698118,-0.0897684552849059
2015-09-16 05:49:00,8.78,0.36157783623149703,0,-0.0901511068336648,-0.1803022136673296,-0.09015110683366481
2015-09-16 05:54:00,9.06,0.36926538143708254,0,-0.09052722653063937,-0.18105445306127874,-0.09052722653063937
2015-09-16 05:59:00,8.5,0.3505229978406013,0,-0.09089689931755864,-0.1817937986351173,-0.09089689931755865
2015-09-16 06:04:00,9.17,0.3704302242061038,0,-0.0912602100458048,-0.18252042009160965,-0.09126021004580481
2015-09-16 06:09:00,11.5,0.4450580877618616,0,-0.09161724343091084,-0.1832344868618217,-0.09161724343091085
2015-09-16 06:14:00,10.83,0.42033714531196137,0,-0.09196808400890948,-0.18393616801781895,-0.09196808400890949
2015-09-16 06:19:00,12.22,0.4641379589029129,0,-0.09231281609450302,-0.18462563218900604,-0.09231281609450302
2015-09-16 06:24:00,17.56,0.6350607685389766,0,-0.09265152374102263,-0.18530304748204526,-0.09265152374102263
2015-09-16 06:29:00,13.28,0.4882609136935901,0,-0.09298429070214413,-0.18596858140428826,-0.09298429070214412
2015-09-16 06:34:00,16.11,0.5754249333540624,0,-0.09331120039532642,-0.18662240079065284,-0.09331120039532642
2015-09-16 06:39:00,11.06,0.4088406115438915,0,-0.09363233586693796,-0.18726467173387595,-0.09363233586693796
2015-09-16 06:44:00,14.78,0.5239035662281665,0,-0.0939477797590356,-0.1878955595180712,-0.0939477797590356
2015-09-16 06:49:00,10.44,0.38469135668337184,0,-0.09425761427775936,-0.18851522855551875,-0.09425761427775937
2015-09-16 06:54:00,11.83,0.4251945346953061,0,-0.09456192116330696,-0.18912384232661394,-0.09456192116330697
2015-09-16 06:59:00,14.67,0.5110773696094422,0,-0.09486078166144983,-0.1897215633228997,-0.09486078166144984
2015-09-16 07:04:00,17.17,0.5828834278010393,0,-0.09515427649655404,-0.19030855299310806,-0.09515427649655402
2015-09-16 07:09:00,14.67,0.5000171350305892,0,-0.09544248584606697,-0.190884971692134,-0.09544248584606699
2015-09-16 07:14:00,10.44,0.3712098092846833,0,-0.09572548931643313,-0.19145097863286625,-0.09572548931643313
2015-09-16 07:19:00,17.56,0.5802778010597932,0,-0.09600336592039893,-0.19200673184079786,-0.09600336592039893
2015-09-16 07:24:00,11.22,0.38764174837126975,0,-0.09627619405566999,-0.19255238811134,-0.09627619405566999
2015-09-16 07:29:00,10.17,0.35718930867543425,0,-0.09654405148488153,-0.19308810296976306,-0.09654405148488153
2015-09-16 07:34:00,12.22,0.4133431755415417,0,-0.0968070153168439,-0.1936140306336878,-0.0968070153168439
2015-09-16 07:39:00,8.0,0.29846079501999384,0,-0.09706516198902576,-0.19413032397805152,-0.09706516198902576
2015-09-16 07:44:00,18.67,0.5982276569712227,0,-0.0973185672512365,-0.19463713450247302,-0.0973185672512365
2015-09-16 07:49:00,8.89,0.31700825319343234,0,-0.09756730615047073,-0.19513461230094145,-0.09756730615047073
2015-09-16 07:54:00,10.28,0.3520934117040379,0,-0.09781145301687774,-0.19562290603375548,-0.09781145301687774
2015-09-16 07:59:00,15.83,0.5069527546990792,0,-0.09805108145081906,-0.19610216290163807,-0.09805108145081906
2015-09-16 08:04:00,12.61,0.4112426585929084,0,-0.0982862643109776,-0.1965725286219552,-0.09828626431097759
2015-09-16 08:09:00,5.28,0.2307761397770888,0,-0.09851707370348277,-0.1970341474069656,-0.09851707370348278
2015-09-16 08:14:00,13.0,0.4201060404131433,0,-0.09874358097201613,-0.19748716194403226,-0.09874358097201613
2015-09-16 08:19:00,8.11,0.2915943585154649,0,-0.09896585668886228,-0.19793171337772456,-0.09896585668886229
2015-09-16 08:24:00,7.72,0.28199108804280393,0,-0.09918397064687133,-0.19836794129374266,-0.09918397064687133
2015-09-16 08:29:00,7.61,0.2789798281723842,0,-0.0993979918522985,-0.19879598370459697,-0.0993979918522985
2015-09-16 08:34:00,5.94,0.2418582941900835,0,-0.09960798851848847,-0.19921597703697694,-0.09960798851848848
2015-09-16 08:39:00,8.11,0.2898021100335703,0,-0.0998140280603712,-0.1996280561207424,-0.09981402806037121
2015-09-16 08:44:00,8.22,0.2918724324544745,0,-0.10001617708973776,-0.2000323541794756,-0.10001617708973778
2015-09-16 08:49:00,4.39,0.23640842416048635,0,-0.1002145014112652,-0.2004290028225304,-0.1002145014112652
2015-09-16 08:54:00,6.72,0.2569864108356841,0,-0.10040906601925904,-0.2008181320385181,-0.10040906601925903
2015-09-16 08:59:00,5.56,0.2320470788604179,0,-0.1005999350950846,-0.2011998701901692,-0.10059993509508461
2015-09-16 09:04:00,6.17,0.2444929087109197,0,-0.10078717200525726,-0.20157434401051447,-0.10078717200525726
2015-09-16 09:09:00,4.0,0.24595076739376875,0,-0.1009708393001632,-0.2019416786003264,-0.10097083930016319
2015-09-16 09:14:00,6.17,0.2439919054209715,0,-0.10115099871338326,-0.20230199742676647,-0.10115099871338326
2015-09-16 09:19:00,2.72,0.27506269512626624,0,-0.1013277111615925,-0.20265542232318498,-0.1013277111615925
2015-09-16 09:24:00,8.67,0.3006130263120432,0,-0.10150103674500907,-0.20300207349001811,-0.10150103674500907
2015-09-16 09:29:00,3.61,0.2556113002947484,0,-0.10167103474836688,-0.20334206949673372,-0.10167103474836688
2015-09-16 09:34:00,9.28,0.3149794981520806,0,-0.10183776364238717,-0.20367552728477434,-0.10183776364238717
2015-09-16 09:39:00,5.67,0.2318991014026194,0,-0.10200128108572436,-0.20400256217144874,-0.10200128108572437
2015-09-16 09:49:00,3.33,0.26305333249178625,0,-0.102161643927363,-0.204323287854726,-0.102161643927363
2015-09-16 09:54:00,6.44,0.2478386163603586,0,-0.10231890820944274,-0.20463781641888548,-0.10231890820944274
2015-09-16 09:59:00,3.72,0.2547127151686137,0,-0.10247312917048912,-0.20494625834097827,-0.10247312917048913
2015-09-16 10:04:00,1.67,0.30240661000438035,0,-0.1026243612490289,-0.2052487224980578,-0.1026243612490289
2015-09-16 10:09:00,3.33,0.26333857243747033,0,-0.10277265808756872,-0.20554531617513744,-0.10277265808756872
2015-09-16 10:14:00,2.17,0.29020839861288616,0,-0.10291807253691726,-0.20583614507383446,-0.10291807253691726
2015-09-16 10:19:00,6.56,0.25033073381393983,0,-0.10306065666083128,-0.20612131332166256,-0.10306065666083129
2015-09-16 10:24:00,4.39,0.2403176025483428,0,-0.10320046174096656,-0.20640092348193315,-0.10320046174096657
2015-09-16 10:29:00,3.33,0.26316419996322205,0,-0.1033375382821156,-0.2066750765642312,-0.1033375382821156
2015-09-16 10:34:00,2.67,0.2778981048397283,0,-0.10347193601771452,-0.20694387203542905,-0.10347193601771451
2015-09-16 10:39:00,1.67,0.3014922970716202,0,-0.1036037039156021,-0.2072074078312042,-0.1036037039156021
2015-09-16 10:44:00,8.67,0.2997036475785256,0,-0.1037328901840146,-0.2074657803680292,-0.1037328901840146
2015-09-16 10:49:00,3.5,0.2590526818744459,0,-0.10385954227780043,-0.2077190845556009,-0.10385954227780045
2015-09-16 10:54:00,3.61,0.2563418303131837,0,-0.10398370690483977,-0.20796741380967956,-0.10398370690483977
2015-09-16 10:59:00,4.78,0.2309942887744263,0,-0.10410543003265392,-0.20821086006530787,-0.10410543003265393
2015-09-16 11:04:00,2.06,0.291374161280162,0,-0.10422475689519116,-0.2084495137903823,-0.10422475689519115
2015-09-16 11:09:00,3.5,0.2575201170980355,0,-0.10434173199977433,-0.20868346399954865,-0.10434173199977433
2015-09-16 11:14:00,6.06,0.2426353428706164,0,-0.10445639913419852,-0.20891279826839707,-0.10445639913419853
2015-09-16 11:24:00,3.06,0.2667546754965027,0,-0.10456880137396513,-0.20913760274793025,-0.10456880137396513
2015-09-16 11:29:00,1.44,0.30529266634133273,0,-0.10467898108964076,-0.20935796217928154,-0.10467898108964077
2015-09-16 11:34:00,1.39,0.3060864011363021,0,-0.10478697995432992,-0.20957395990865985,-0.10478697995432991
2015-09-16 11:39:00,2.17,0.2860977123570529,0,-0.10489283895124933,-0.20978567790249866,-0.10489283895124932
2015-09-16 11:44:00,5.39,0.2324942696833556,0,-0.1049965983813944,-0.20999319676278885,-0.10499659838139441
2015-09-16 11:49:00,1.94,0.29145660625514097,0,-0.10509829787128716,-0.2101965957425743,-0.10509829787128715
2015-09-16 11:54:00,2.17,0.28530267306554785,0,-0.10519797638079577,-0.2103959527615915,-0.10519797638079575
2015-09-16 11:59:00,2.17,0.2856435338539423,0,-0.10529567221101696,-0.21059134442203392,-0.10529567221101696
2015-09-16 12:04:00,4.11,0.2381178252387382,0,-0.10539142301221203,-0.21078284602442407,-0.10539142301221203
2015-09-16 12:09:00,4.28,0.2336062775403833,0,-0.10548526579178806,-0.21097053158357607,-0.10548526579178806
2015-09-16 12:14:00,1.67,0.2981338605789485,0,-0.1055772369223164,-0.2111544738446328,-0.10557723692231641
2015-09-16 12:19:00,6.44,0.2637467393741444,0,-0.1056673721495807,-0.2113347442991614,-0.1056673721495807
2015-09-16 12:24:00,3.5,0.2503651875849304,0,-0.1057557066006469,-0.2115114132012938,-0.1057557066006469
2015-09-16 12:29:00,4.67,0.2234735516433574,0,-0.1058422747919487,-0.2116845495838974,-0.1058422747919487
2015-09-16 12:34:00,2.94,0.2636307115312034,0,-0.10592711063738136,-0.21185422127476275,-0.10592711063738137
2015-09-16 12:39:00,2.72,0.2688493183192844,0,-0.106010247456398,-0.212020494912796,-0.10601024745639799
2015-09-16 12:44:00,2.17,0.2832091068861738,0,-0.10609171798210176,-0.21218343596420355,-0.10609171798210176
2015-09-16 12:49:00,1.67,0.2966214535161751,0,-0.10617155436932917,-0.2123431087386583,-0.10617155436932915
2015-09-16 12:54:00,4.22,0.2292353344600393,0,-0.10624978820271803,-0.21249957640543607,-0.10624978820271803
2015-09-16 12:59:00,2.33,0.2774151756802085,0,-0.10632645050475613,-0.21265290100951226,-0.10632645050475613
2015-09-16 13:04:00,2.33,0.2769262028773317,0,-0.1064015717438047,-0.2128031434876094,-0.1064015717438047
2015-09-16 13:09:00,1.67,0.2948620604508526,0,-0.10647518184209293,-0.21295036368418585,-0.10647518184209291
2015-09-16 13:14:00,4.89,0.2338590535669112,0,-0.1065473101836788,-0.21309462036735766,-0.10654731018367881
2015-09-16 13:19:00,2.56,0.26972265799784,0,-0.10661798562237268,-0.21323597124474533,-0.10661798562237267
2015-09-16 13:24:00,4.22,0.2265650733050034,0,-0.10668723648961888,-0.21337447297923776,-0.10668723648961889
2015-09-16 13:29:00,2.56,0.26905260960997424,0,-0.10675509060233312,-0.21351018120466625,-0.10675509060233312
2015-09-16 13:34:00,1.67,0.2938004021416242,0,-0.10682157527069082,-0.21364315054138164,-0.10682157527069082
2015-09-16 13:39:00,6.17,0.2688573827965362,0,-0.10688671730586458,-0.21377343461172915,-0.10688671730586458
2015-09-16 13:44:00,1.83,0.2890903749916487,0,-0.10695054302770696,-0.21390108605541394,-0.10695054302770697
2015-09-16 13:54:00,4.28,0.2245086472370881,0,-0.10701307827237624,-0.2140261565447525,-0.10701307827237624
2015-09-16 13:59:00,3.5,0.2437403382739005,0,-0.10707434839990228,-0.21414869679980456,-0.10707434839990229
2015-09-16 14:04:00,2.94,0.25805642208581264,0,-0.10713437830169062,-0.21426875660338124,-0.10713437830169062
2015-09-16 14:09:00,8.0,0.3218799016648048,0,-0.10719319240796203,-0.21438638481592406,-0.10719319240796203
2015-09-16 14:14:00,3.44,0.2451590701733468,0,-0.10725081469512587,-0.21450162939025175,-0.10725081469512589
2015-09-16 14:19:00,3.83,0.2354940828505768,0,-0.10730726869308532,-0.21461453738617065,-0.10730726869308532
2015-09-16 14:24:00,6.83,0.28733155904540336,0,-0.10736257749247237,-0.2147251549849447,-0.10736257749247236
2015-09-16 14:29:00,5.94,0.2625879354371529,0,-0.10741676375181168,-0.21483352750362333,-0.10741676375181167
2015-09-16 14:30:00,2.94,0.2582389403784676,0,-0.10746984970461122,-0.21493969940922245,-0.10746984970461122
2015-09-16 14:35:00,1.44,0.2995087715591862,0,-0.10752185716637888,-0.21504371433275776,-0.10752185716637888
2015-09-16 14:40:00,4.5,0.226636872827618,0,-0.1075728075415632,-0.2151456150831264,-0.10757280754156319
2015-09-16 14:50:00,1.39,0.300635116877925,0,-0.10762272183041802,-0.215245443660836,-0.10762272183041799
2015-09-16 14:55:00,4.11,0.2272420607311293,0,-0.1076716206357894,-0.2153432412715788,-0.10767162063578939
2015-09-16 15:00:00,1.17,0.3066740033837467,0,-0.10771952416982432,-0.21543904833964864,-0.10771952416982433
2015-09-16 15:05:00,5.28,0.24720306528119634,0,-0.10776645226060033,-0.21553290452120066,-0.10776645226060033
2015-09-16 15:10:00,4.11,0.2270771607957821,0,-0.1078124243586753,-0.2156248487173506,-0.1078124243586753
2015-09-16 15:15:00,2.83,0.25979725993599273,0,-0.10785745954355733,-0.21571491908711465,-0.10785745954355733
2015-09-16 15:20:00,1.83,0.2877324491150575,0,-0.1079015765300936,-0.2158031530601872,-0.1079015765300936
2015-09-16 15:25:00,4.89,0.23744862960268864,0,-0.1079447936747784,-0.2158895873495568,-0.10794479367477841
2015-09-16 15:30:00,3.61,0.239762708084617,0,-0.1079871289819798,-0.2159742579639596,-0.10798712898197979
2015-09-16 15:35:00,2.17,0.27834331339832297,0,-0.10802860011008462,-0.21605720022016925,-0.10802860011008462
2015-09-16 15:40:00,5.78,0.26080205584349153,0,-0.10806922437756196,-0.21613844875512395,-0.10806922437756197
2015-09-16 15:45:00,7.5,0.3094059853298987,0,-0.10810901876894492,-0.21621803753788985,-0.10810901876894491
2015-09-16 15:50:00,6.06,0.2679553672033361,0,-0.1081479999407304,-0.2162959998814608,-0.10814799994073039
2015-09-16 15:55:00,1.06,0.3107289804912709,0,-0.10818618422719756,-0.21637236845439514,-0.10818618422719757
2015-09-16 16:00:00,8.67,0.3452673923753,0,-0.10822358764614458,-0.2164471752922892,-0.10822358764614458
2015-09-16 16:05:00,4.11,0.2274442366772713,0,-0.10826022590454393,-0.21652045180908785,-0.10826022590454393
2015-09-16 16:10:00,4.28,0.22335046930326904,0,-0.10829611440411673,-0.21659222880823345,-0.10829611440411673
2015-09-16 16:15:00,3.06,0.25439595363522155,0,-0.10833126824682614,-0.21666253649365227,-0.10833126824682614
2015-09-16 16:20:00,6.06,0.2675990806459711,0,-0.10836570224029027,-0.21673140448058054,-0.10836570224029028
2015-09-16 16:25:00,5.83,0.2613997857548909,0,-0.10839943090311498,-0.21679886180622995,-0.10839943090311498
2015-09-16 16:30:00,2.44,0.27141817235622,0,-0.10843246847014673,-0.21686493694029346,-0.10843246847014673
2015-09-16 16:35:00,2.28,0.2757262516934382,0,-0.10846482889764653,-0.21692965779529305,-0.10846482889764651
2015-09-16 16:40:00,4.61,0.22983489936816096,0,-0.1084965258683846,-0.2169930517367692,-0.10849652586838461
2015-09-16 16:45:00,5.56,0.2540357942383593,0,-0.10852757279665734,-0.21705514559331468,-0.10852757279665734
2015-09-16 16:55:00,5.83,0.2609059298959701,0,-0.10855798283322587,-0.21711596566645172,-0.10855798283322587
2015-09-16 17:00:00,3.11,0.2537421885322564,0,-0.10858776887017817,-0.2171755377403563,-0.10858776887017815
2015-09-16 17:05:00,3.89,0.2338923222150817,0,-0.10861694354571393,-0.21723388709142785,-0.10861694354571393
2015-09-16 17:10:00,2.83,0.2615076497018143,0,-0.10864551924885424,-0.21729103849770848,-0.10864551924885424
2015-09-16 17:15:00,3.44,0.24546330808238925,0,-0.10867350812407536,-0.21734701624815075,-0.10867350812407536
2015-09-16 17:20:00,2.44,0.2719089200944838,0,-0.10870092207586836,-0.21740184415173675,-0.10870092207586837
2015-09-16 17:25:00,1.44,0.3001325664564388,0,-0.10872777277322476,-0.2174555455464495,-0.10872777277322475
2015-09-16 17:30:00,5.56,0.2538783287355401,0,-0.10875407165404878,-0.2175081433080976,-0.10875407165404878
2015-09-16 17:35:00,4.78,0.2334939426485275,0,-0.10877982992949764,-0.2175596598589953,-0.10877982992949765
2015-09-16 17:45:00,3.61,0.2409151542508688,0,-0.10880505858824978,-0.2176101171764996,-0.10880505858824978
2015-09-16 17:50:00,1.39,0.3021084778881702,0,-0.10882976840070216,-0.21765953680140435,-0.10882976840070217
2015-09-16 17:55:00,0.67,0.3236469405785933,0,-0.10885396992309772,-0.21770793984619544,-0.10885396992309772
2015-09-16 18:00:00,5.94,0.26359570858206216,0,-0.10887767350158314,-0.2177553470031663,-0.10887767350158314
2015-09-16 18:05:00,3.83,0.2353929198946276,0,-0.1089008892761983,-0.2178017785523966,-0.1089008892761983
2015-09-16 18:10:00,4.61,0.22906291860520514,0,-0.10892362718479773,-0.21784725436959546,-0.10892362718479771
2015-09-16 18:15:00,5.83,0.2602880642611558,0,-0.1089458969669052,-0.2178917939338104,-0.1089458969669052
2015-09-16 18:20:00,4.0,0.2315546058298105,0,-0.10896770816750227,-0.21793541633500454,-0.10896770816750229
2015-09-16 18:30:00,5.94,0.2632934842108043,0,-0.10898907014075143,-0.21797814028150286,-0.10898907014075142
2015-09-16 18:35:00,1.83,0.2898938918475473,0,-0.1090099920536545,-0.218019984107309,-0.1090099920536545
2015-09-16 18:40:00,1.94,0.2866840385398005,0,-0.1090304828896479,-0.2180609657792958,-0.1090304828896479
2015-09-16 18:45:00,1.83,0.2898311623298699,0,-0.1090505514521345,-0.21810110290426898,-0.1090505514521345
2015-09-16 18:50:00,2.72,0.26512119521754485,0,-0.10907020636795398,-0.21814041273590795,-0.10907020636795398
2015-09-16 18:55:00,3.11,0.2544726557806279,0,-0.10908945609079156,-0.2181789121815831,-0.10908945609079156
2015-09-16 19:00:00,4.89,0.2360843311734813,0,-0.10910830890452672,-0.21821661780905344,-0.10910830890452673
2015-09-16 19:05:00,0.89,0.3174388630743499,0,-0.10912677292652234,-0.21825354585304468,-0.10912677292652234
2015-09-16 19:10:00,2.33,0.2750442815310225,0,-0.10914485611085503,-0.2182897122217101,-0.10914485611085505
2015-09-16 19:15:00,1.56,0.29668425868267617,0,-0.1091625662514879,-0.2183251325029758,-0.1091625662514879
2015-09-16 19:20:00,2.72,0.26379291622609585,0,-0.109179910985386,-0.218359821970772,-0.10917991098538599
2015-09-16 19:25:00,2.83,0.2605881542932657,0,-0.10919689779557584,-0.21839379559115168,-0.10919689779557583
2015-09-16 19:30:00,2.33,0.2740190634621937,0,-0.10921353401414947,-0.21842706802829892,-0.10921353401414947
2015-09-16 19:35:00,2.83,0.2603434680966328,0,-0.10922982682521408,-0.21845965365042816,-0.10922982682521408
2015-09-16 19:40:00,3.06,0.25422086573848496,0,-0.10924578326778772,-0.21849156653557544,-0.10924578326778772
2015-09-16 19:45:00,6.44,0.2784251723296832,0,-0.10926141023864233,-0.21852282047728466,-0.10926141023864233
2015-09-16 19:50:00,1.56,0.29606163603373103,0,-0.10927671449509453,-0.21855342899018906,-0.10927671449509452
2015-09-16 19:55:00,4.39,0.22477290281774207,0,-0.10929170265774517,-0.2185834053154903,-0.10929170265774515
2015-09-16 20:00:00,1.39,0.3004804403500005,0,-0.10930638121316844,-0.21861276242633687,-0.10930638121316844
2015-09-16 20:05:00,4.11,0.2270527319564079,0,-0.10932075651655118,-0.2186415130331024,-0.10932075651655118
2015-09-16 20:10:00,1.44,0.2987555056592157,0,-0.10933483479428333,-0.21866966958856665,-0.10933483479428333
2015-09-16 20:15:00,1.56,0.2948789921294309,0,-0.10934862214650012,-0.21869724429300025,-0.10934862214650012
2015-09-16 20:20:00,4.67,0.2324703671321756,0,-0.10936212454957717,-0.2187242490991543,-0.10936212454957715
2015-09-16 20:25:00,0.67,0.32065810949823365,0,-0.1093753478585786,-0.2187506957171572,-0.1093753478585786
2015-09-16 20:30:00,5.67,0.2583422932619578,0,-0.10938829780965967,-0.21877659561931934,-0.10938829780965967
2015-09-16 20:35:00,2.67,0.2631484245773271,0,-0.10940098002242406,-0.2188019600448481,-0.10940098002242406
2015-09-16 20:40:00,1.28,0.3021542905270162,0,-0.10941340000223684,-0.21882680000447366,-0.10941340000223682
2015-09-16 20:45:00,2.06,0.27937740624811314,0,-0.10942556314249388,-0.21885112628498773,-0.10942556314249387
2015-09-16 20:50:00,2.72,0.26108437703118303,0,-0.10943747472684842,-0.21887494945369684,-0.10943747472684842
2015-09-16 20:55:00,3.89,0.23073913371257784,0,-0.10944913993139528,-0.21889827986279056,-0.10944913993139528
2015-09-16 21:00:00,1.06,0.3073927831861341,0,-0.10946056382681377,-0.21892112765362756,-0.10946056382681377
2015-09-16 21:15:00,2.44,0.2675863263254432,0,-0.1094717513804697,-0.2189435027609394,-0.1094717513804697
2015-09-16 21:20:00,1.44,0.29535579649219185,0,-0.10948270745847752,-0.21896541491695504,-0.10948270745847753
2015-09-16 21:30:00,2.44,0.2668384275893965,0,-0.10949343682772288,-0.21898687365544575,-0.10949343682772289
2015-09-16 21:35:00,4.39,0.22872530336395555,0,-0.10950394415784656,-0.21900788831569315,-0.10950394415784657
2015-09-16 21:40:00,1.56,0.29098567311011625,0,-0.10951423402319044,-0.21902846804638088,-0.10951423402319044
2015-09-16 21:45:00,1.94,0.2797541972803877,0,-0.10952431090470592,-0.2190486218094118,-0.10952431090470591
2015-09-16 21:50:00,3.61,0.2349957616189097,0,-0.10953417919182584,-0.21906835838365168,-0.10953417919182583
2015-09-16 21:55:00,1.28,0.29804441117787583,0,-0.10954384318430012,-0.21908768636860027,-0.10954384318430013
2015-09-16 21:59:00,1.44,0.2933900616442237,0,-0.10955330709399624,-0.2191066141879925,-0.10955330709399623
2015-09-16 22:05:00,0.0,0.3360806001924208,0,-0.10956257504666432,-0.21912515009332864,-0.10956257504666432
2015-09-16 22:10:00,1.83,0.2815695392350769,0,-0.1095716510836689,-0.2191433021673378,-0.1095716510836689
2015-09-16 22:14:00,0.67,0.3149983609239653,0,-0.1095805391636862,-0.2191610783273724,-0.10958053916368621
2015-09-16 22:20:00,0.39,0.3228502709649671,0,-0.10958924316436912,-0.21917848632873824,-0.10958924316436913
2015-09-16 22:25:00,1.67,0.28475337603475703,0,-0.1095977668839794,-0.2191955337679588,-0.1095977668839794
2015-09-16 22:30:00,1.0,0.3035693164392088,0,-0.1096061140429881,-0.2192122280859762,-0.1096061140429881
2015-09-16 22:35:00,2.06,0.2726867615348055,0,-0.109614288285645,-0.21922857657129,-0.109614288285645
2015-09-16 22:40:00,0.39,0.3210266787492406,0,-0.10962229318151703,-0.2192445863630341,-0.10962229318151705
2015-09-16 22:45:00,0.0,0.33231924845377403,0,-0.10963013222699698,-0.219260264453994,-0.10963013222699698
2015-09-16 23:00:00,0.61,0.3132094305904939,0,-0.10963780884678208,-0.21927561769356416,-0.10963780884678208
2015-09-16 23:05:00,0.0,0.3317489384113223,0,-0.10964532639532422,-0.21929065279064844,-0.10964532639532422
2015-09-16 23:10:00,0.28,0.3224154230996125,0,-0.10965268815825124,-0.2193053763165025,-0.10965268815825124
2015-09-16 23:15:00,0.5,0.3151400829390882,0,-0.1096598973537604,-0.2193197947075208,-0.10965989735376039
2015-09-16 23:20:00,0.0,0.3296132456843959,0,-0.10966695713398432,-0.21933391426796864,-0.10966695713398432
2015-09-16 23:40:00,0.0,0.32886835233594336,0,-0.1096738705863302,-0.2193477411726604,-0.1096738705863302
2015-09-16 23:45:00,0.0,0.3284251559678512,0,-0.10968064073479236,-0.2193612814695847,-0.10968064073479235
2015-09-16 23:50:00,0.39,0.3160021967955921,0,-0.1096872705412389,-0.2193745410824778,-0.1096872705412389
2015-09-17 00:00:00,1.94,0.2713734696553032,0,-0.10969376290667307,-0.21938752581334614,-0.10969376290667308
2015-09-17 00:10:00,1.56,0.28180010282087264,0,-0.10970012067246944,-0.21940024134493885,-0.10970012067246943
2015-09-17 00:15:00,2.28,0.26212572921015503,0,-0.1097063466215856,-0.2194126932431712,-0.1097063466215856
2015-09-17 00:25:00,0.39,0.3152420906187269,0,-0.10971244347974994,-0.21942488695949988,-0.10971244347974994
2015-09-17 00:50:00,0.39,0.3149821115966029,0,-0.10971841391662572,-0.21943682783325144,-0.10971841391662572
2015-09-17 00:59:00,2.28,0.2614700386666691,0,-0.10972426054695204,-0.2194485210939041,-0.10972426054695203
2015-09-17 01:05:00,1.94,0.2703587839906572,0,-0.1097299859316619,-0.2194599718633238,-0.1097299859316619
2015-09-17 01:15:00,1.06,0.29451037241231576,0,-0.10973559257897847,-0.21947118515795694,-0.10973559257897847
2015-09-17 01:25:00,0.0,0.32504041710408804,0,-0.10974108294548884,-0.2194821658909777,-0.10974108294548883
2015-09-17 01:40:00,0.0,0.32446450792578946,0,-0.10974645943719688,-0.21949291887439373,-0.10974645943719687
2015-09-17 01:45:00,1.06,0.2932113013452433,0,-0.10975172441055477,-0.2195034488211095,-0.10975172441055475
2015-09-17 01:50:00,0.67,0.3042963680048309,0,-0.10975688017347396,-0.21951376034694794,-0.10975688017347397
2015-09-17 01:55:00,0.0,0.3235941060346701,0,-0.10976192898631612,-0.21952385797263224,-0.10976192898631612
2015-09-17 02:00:00,0.0,0.3230822928965465,0,-0.10976687306286376,-0.2195337461257275,-0.10976687306286376
2015-09-17 02:05:00,1.28,0.2855266540666204,0,-0.10977171457127184,-0.21954342914254368,-0.10977171457127184
2015-09-17 02:15:00,0.67,0.3027147321161594,0,-0.1097764556350001,-0.2195529112700002,-0.1097764556350001
2015-09-17 02:20:00,1.0,0.29310911418079905,0,-0.1097810983337267,-0.2195621966674534,-0.1097810983337267
2015-09-17 02:25:00,0.67,0.3020348060437891,0,-0.10978564470424347,-0.21957128940848694,-0.10978564470424348
2015-09-17 02:35:00,0.89,0.2953451590302688,0,-0.10979009674133323,-0.21958019348266647,-0.10979009674133323
2015-09-17 02:40:00,0.0,0.3210771626254272,0,-0.10979445639862936,-0.21958891279725876,-0.10979445639862936
2015-09-17 02:45:00,2.06,0.2632217314050416,0,-0.10979872558945816,-0.2195974511789163,-0.10979872558945815
2015-09-17 02:50:00,0.0,0.32106848760678713,0,-0.10980290618766414,-0.21960581237532828,-0.10980290618766414
2015-09-17 02:55:00,0.5,0.3061857004432524,0,-0.1098070000284188,-0.2196140000568376,-0.10980700002841881
2015-09-17 03:00:00,0.0,0.32049242314475984,0,-0.10981100890901296,-0.21962201781802596,-0.10981100890901296
2015-09-17 03:05:00,1.83,0.2689667131853537,0,-0.10981493458963314,-0.21962986917926627,-0.10981493458963314
2015-09-17 03:10:00,2.56,0.2497455468763215,0,-0.10981877879412223,-0.2196375575882445,-0.10981877879412225
2015-09-17 03:15:00,0.0,0.3202539558590627,0,-0.10982254321072496,-0.21964508642144995,-0.10982254321072497
2015-09-17 03:20:00,0.39,0.30879759908035903,0,-0.10982622949281798,-0.219652458985636,-0.10982622949281798
2015-09-17 03:30:00,0.89,0.29449595587935784,0,-0.10982983925962536,-0.21965967851925072,-0.10982983925962536
2015-09-17 03:35:00,2.28,0.2568167903834215,0,-0.10983337409691968,-0.21966674819383936,-0.10983337409691968
2015-09-17 03:40:00,0.0,0.32014134195851596,0,-0.10983683555770868,-0.21967367111541736,-0.10983683555770869
2015-09-17 03:45:00,0.89,0.2941963314842317,0,-0.1098402251629082,-0.21968045032581646,-0.10984022516290821
2015-09-17 03:50:00,0.0,0.31961619430072263,0,-0.10984354440200132,-0.21968708880400264,-0.10984354440200132
2015-09-17 03:55:00,0.28,0.31117343078850257,0,-0.10984679473368428,-0.21969358946736856,-0.10984679473368428
2015-09-17 04:00:00,0.0,0.31907382959511865,0,-0.10984997758649906,-0.21969995517299806,-0.10984997758649906
2015-09-17 04:05:00,0.0,0.3187896196149166,0,-0.10985309435945337,-0.21970618871890674,-0.10985309435945337
2015-09-17 04:10:00,0.28,0.3102518541279914,0,-0.10985614642262784,-0.2197122928452557,-0.10985614642262785
2015-09-17 04:15:00,3.33,0.2298172473588348,0,-0.10985913511777104,-0.21971827023554205,-0.10985913511777103
2015-09-17 04:20:00,0.78,0.29616434554442644,0,-0.10986206175888204,-0.2197241235177641,-0.10986206175888205
2015-09-17 04:25:00,1.39,0.2794241912010165,0,-0.10986492763278173,-0.21972985526556346,-0.10986492763278172
2015-09-17 04:30:00,0.89,0.2932351107027862,0,-0.10986773399967176,-0.2197354679993436,-0.10986773399967178
2015-09-17 04:35:00,5.28,0.2631581733411346,0,-0.10987048209368283,-0.21974096418736566,-0.10987048209368283
2015-09-17 04:40:00,1.83,0.2680994443928633,0,-0.10987317312341112,-0.21974634624682227,-0.10987317312341113
2015-09-17 04:45:00,2.83,0.24269744383200745,0,-0.10987580827244438,-0.2197516165448888,-0.10987580827244438
2015-09-17 04:50:00,2.28,0.25671809365885523,0,-0.1098783886998768,-0.2197567773997536,-0.1098783886998768
2015-09-17 04:55:00,2.28,0.2569639845171631,0,-0.1098809155408138,-0.2197618310816276,-0.1098809155408138
2015-09-17 05:00:00,1.83,0.26888121000225945,0,-0.10988338990686616,-0.2197667798137323,-0.10988338990686615
2015-09-17 05:05:00,3.33,0.2310132206412777,0,-0.10988581288663424,-0.21977162577326848,-0.10988581288663424
2015-09-17 05:10:00,4.67,0.2466372501577386,0,-0.10988818554618232,-0.21977637109236467,-0.10988818554618233
2015-09-17 05:15:00,1.28,0.28438007251698183,0,-0.10989050892950324,-0.21978101785900647,-0.10989050892950324
2015-09-17 05:20:00,3.89,0.22722192589336834,0,-0.10989278405897328,-0.21978556811794656,-0.10989278405897329
2015-09-17 05:25:00,6.56,0.2965987937318405,0,-0.10989501193579833,-0.21979002387159666,-0.10989501193579831
2015-09-17 05:30:00,7.44,0.3215040368884333,0,-0.10989719354045012,-0.21979438708090024,-0.10989719354045012
2015-09-17 05:35:00,7.06,0.3096832665526798,0,-0.10989932983309443,-0.21979865966618886,-0.10989932983309442
2015-09-17 05:40:00,7.61,0.3252056196090292,0,-0.10990142175400963,-0.21980284350801926,-0.10990142175400963
2015-09-17 05:45:00,5.56,0.2670626941775955,0,-0.10990347022399743,-0.2198069404479949,-0.10990347022399745
2015-09-17 05:50:00,7.5,0.3209464510630751,0,-0.10990547614478474,-0.21981095228956948,-0.10990547614478474
2015-09-17 05:55:00,7.72,0.3267328758340545,0,-0.10990744039941733,-0.21981488079883466,-0.10990744039941733
2015-09-17 06:00:00,14.06,0.5326668604434636,0,-0.10990936385264566,-0.21981872770529126,-0.10990936385264566
2015-09-17 06:05:00,11.06,0.42754930751424697,0,-0.10991124735130264,-0.2198224947026053,-0.10991124735130263
2015-09-17 06:10:00,8.61,0.348202158405658,0,-0.10991309172467356,-0.2198261834493471,-0.10991309172467355
2015-09-17 06:15:00,16.33,0.597498414041992,0,-0.10991489778485863,-0.2198297955697173,-0.10991489778485865
2015-09-17 06:20:00,13.28,0.4906562856488917,0,-0.10991666632712804,-0.2198333326542561,-0.10991666632712804
2015-09-17 06:25:00,16.61,0.5935855571832963,0,-0.10991839813026943,-0.21983679626053887,-0.10991839813026943
2015-09-17 06:30:00,14.44,0.5173946829417967,0,-0.10992009395692873,-0.21984018791385745,-0.10992009395692871
2015-09-17 06:35:00,16.78,0.5858476537338828,0,-0.10992175455394353,-0.21984350910788705,-0.10992175455394353
2015-09-17 06:40:00,18.17,0.6199967641905537,0,-0.10992338065267,-0.21984676130534,-0.10992338065266999
2015-09-17 06:45:00,14.67,0.5055226780586399,0,-0.10992497296930273,-0.2198499459386055,-0.10992497296930274
2015-09-17 06:50:00,16.78,0.5645417867256071,0,-0.10992653220518832,-0.21985306441037664,-0.10992653220518833
2015-09-17 06:55:00,8.89,0.3297803312153447,0,-0.10992805904713224,-0.21985611809426447,-0.10992805904713224
2015-09-17 07:00:00,10.83,0.3819021422931013,0,-0.10992955416769952,-0.21985910833539904,-0.10992955416769952
2015-09-17 07:05:00,8.5,0.3176494792309722,0,-0.10993101822550938,-0.2198620364510188,-0.10993101822550938
2015-09-17 07:10:00,1.28,0.2945672078947498,0,-0.10993245186552353,-0.21986490373104706,-0.10993245186552351
2015-09-17 07:15:00,2.83,0.2577786647156733,0,-0.10993385571932864,-0.2198677114386573,-0.10993385571932865
2015-09-17 07:20:00,16.78,0.5542865260893578,0,-0.10993523040541328,-0.21987046081082656,-0.10993523040541328
2015-09-17 07:25:00,8.11,0.3044122643608284,0,-0.10993657652943853,-0.21987315305887706,-0.10993657652943853
2015-09-17 07:30:00,1.28,0.295641745700388,0,-0.10993789468450373,-0.21987578936900745,-0.10993789468450371
2015-09-17 07:35:00,5.39,0.24067304713423296,0,-0.1099391854514062,-0.2198783709028124,-0.1099391854514062
2015-09-17 07:40:00,19.17,0.6156842892691138,0,-0.10994044939889597,-0.21988089879779196,-0.10994044939889597
2015-09-17 07:45:00,6.67,0.2666484179734639,0,-0.10994168708392506,-0.2198833741678501,-0.10994168708392506
2015-09-17 07:50:00,8.11,0.3000939638203526,0,-0.10994289905189167,-0.21988579810378334,-0.10994289905189167
2015-09-17 07:55:00,9.39,0.3314940279533635,0,-0.10994408583687942,-0.21988817167375885,-0.10994408583687942
2015-09-17 08:00:00,12.89,0.4254910416894516,0,-0.10994524796189156,-0.2198904959237831,-0.10994524796189155
2015-09-17 08:05:00,8.67,0.3110702714820013,0,-0.10994638593908032,-0.2198927718781606,-0.10994638593908031
2015-09-17 08:10:00,6.94,0.26961343040344743,0,-0.10994750026997167,-0.21989500053994335,-0.10994750026997169
2015-09-17 08:15:00,12.72,0.41742580055615797,0,-0.10994859144568547,-0.21989718289137095,-0.10994859144568549
2015-09-17 08:20:00,8.67,0.3087538879204515,0,-0.10994965994715072,-0.21989931989430145,-0.10994965994715072
2015-09-17 08:25:00,6.06,0.2483049225363069,0,-0.10995070624531683,-0.21990141249063366,-0.10995070624531683
2015-09-17 08:30:00,4.0,0.23950925377577226,0,-0.10995173080136024,-0.21990346160272045,-0.10995173080136023
2015-09-17 08:35:00,8.78,0.3104950001127626,0,-0.10995273406688688,-0.21990546813377376,-0.10995273406688688
2015-09-17 08:40:00,6.83,0.2641522887508489,0,-0.10995371648413052,-0.21990743296826104,-0.10995371648413052
2015-09-17 08:45:00,5.78,0.2412046938441076,0,-0.10995467848614676,-0.21990935697229352,-0.10995467848614676
2015-09-17 08:50:00,6.06,0.2471807009722553,0,-0.1099556204970034,-0.2199112409940068,-0.1099556204970034
2015-09-17 08:55:00,4.61,0.22791982505687802,0,-0.10995654293196648,-0.21991308586393293,-0.10995654293196647
2015-09-17 09:00:00,3.22,0.2570489076562102,0,-0.10995744619768276,-0.21991489239536555,-0.10995744619768277
2015-09-17 09:05:00,4.22,0.23512893228130186,0,-0.10995833069235847,-0.21991666138471694,-0.10995833069235847
2015-09-17 09:10:00,13.39,0.4349420056826833,0,-0.10995919680593393,-0.21991839361186785,-0.10995919680593393
2015-09-17 09:15:00,6.28,0.2522567767675881,0,-0.10996004492025516,-0.21992008984051034,-0.10996004492025517
2015-09-17 09:20:00,9.56,0.3298854752919079,0,-0.10996087540924154,-0.21992175081848309,-0.10996087540924154
2015-09-17 09:25:00,12.39,0.4051229028268454,0,-0.1099616886390501,-0.2199233772781002,-0.1099616886390501
2015-09-17 09:30:00,2.33,0.2768069095335559,0,-0.10996248496823643,-0.2199249699364729,-0.10996248496823645
2015-09-17 09:35:00,5.0,0.22589973803133725,0,-0.10996326474791238,-0.21992652949582475,-0.10996326474791238
2015-09-17 09:40:00,6.56,0.25927932294788203,0,-0.1099640283219002,-0.2199280566438004,-0.10996402832190019
2015-09-17 09:45:00,4.67,0.22537585637361865,0,-0.10996477602688386,-0.2199295520537677,-0.10996477602688386
2015-09-17 09:50:00,2.94,0.26172732416756583,0,-0.10996550819255692,-0.21993101638511384,-0.10996550819255693
2015-09-17 09:55:00,6.17,0.2533808336000515,0,-0.10996622514176764,-0.21993245028353528,-0.10996622514176764
2015-09-17 10:00:00,1.0,0.30758483089470195,0,-0.10996692719066074,-0.2199338543813215,-0.10996692719066074
2015-09-17 10:05:00,7.11,0.27761876190031226,0,-0.10996761464881652,-0.21993522929763307,-0.10996761464881653
2015-09-17 10:10:00,3.61,0.2448900394838165,0,-0.10996828781938713,-0.21993657563877425,-0.10996828781938711
2015-09-17 10:15:00,3.22,0.2531193016738856,0,-0.10996894699922953,-0.21993789399845906,-0.10996894699922953
2015-09-17 10:20:00,7.61,0.29285547218758945,0,-0.10996959247903652,-0.21993918495807305,-0.10996959247903651
2015-09-17 10:25:00,3.06,0.2561843873354259,0,-0.1099702245434642,-0.2199404490869284,-0.1099702245434642
2015-09-17 10:30:00,2.06,0.2798100557209425,0,-0.10997084347125743,-0.21994168694251487,-0.10997084347125743
2015-09-17 10:35:00,5.83,0.25341694208991905,0,-0.1099714495353724,-0.2199428990707448,-0.10997144953537241
2015-09-17 10:40:00,4.22,0.2277532294649681,0,-0.10997204300309664,-0.2199440860061933,-0.10997204300309665
2015-09-17 10:45:00,4.5,0.22429597005692795,0,-0.10997262413616676,-0.2199452482723335,-0.10997262413616675
2015-09-17 10:50:00,4.5,0.22531062833603466,0,-0.1099731931908834,-0.2199463863817668,-0.1099731931908834
2015-09-17 10:55:00,1.44,0.29544779255057896,0,-0.10997375041822427,-0.21994750083644854,-0.10997375041822428
2015-09-17 11:05:00,0.67,0.31624289328788363,0,-0.10997429606395448,-0.21994859212790896,-0.10997429606395448
2015-09-17 11:10:00,5.56,0.252833563048845,0,-0.10997483036873462,-0.21994966073746924,-0.10997483036873462
2015-09-17 11:15:00,2.56,0.2644986374123309,0,-0.10997535356822677,-0.2199507071364535,-0.10997535356822676
2015-09-17 11:20:00,3.33,0.24448194979940044,0,-0.1099758658931982,-0.2199517317863964,-0.1099758658931982
2015-09-17 11:25:00,3.61,0.23715716342542764,0,-0.10997636756962303,-0.21995273513924607,-0.10997636756962303
2015-09-17 11:30:00,5.78,0.2622712026476781,0,-0.10997685881878154,-0.21995371763756308,-0.10997685881878154
2015-09-17 11:35:00,5.17,0.2478317535064449,0,-0.1099773398573577,-0.2199546797147154,-0.1099773398573577
2015-09-17 11:40:00,6.56,0.2866503404812151,0,-0.10997781089753456,-0.2199556217950691,-0.10997781089753456
2015-09-17 11:45:00,3.72,0.2329328732756337,0,-0.10997827214708757,-0.21995654429417516,-0.10997827214708757
2015-09-17 11:50:00,2.28,0.2703435425555852,0,-0.1099787238094762,-0.2199574476189524,-0.10997872380947621
2015-09-17 11:55:00,5.39,0.2561064188010939,0,-0.10997916608393342,-0.21995833216786684,-0.10997916608393342
2015-09-17 12:00:00,2.06,0.27591342997063323,0,-0.10997959916555347,-0.21995919833110694,-0.10997959916555348
2015-09-17 12:05:00,4.78,0.24079214239497296,0,-0.1099800232453778,-0.2199600464907556,-0.1099800232453778
2015-09-17 12:10:00,5.94,0.2721598175617223,0,-0.1099804385104791,-0.2199608770209582,-0.1099804385104791
2015-09-17 12:15:00,3.83,0.22813804504137056,0,-0.1099808451440438,-0.2199616902880876,-0.1099808451440438
2015-09-17 12:20:00,3.22,0.2433803063206716,0,-0.10998124332545267,-0.21996248665090534,-0.10998124332545269
2015-09-17 12:25:00,6.94,0.3021728143515493,0,-0.10998163323035992,-0.21996326646071987,-0.10998163323035993
2015-09-17 12:30:00,1.0,0.3058633014119461,0,-0.10998201503077046,-0.2199640300615409,-0.10998201503077046
2015-09-17 12:35:00,1.83,0.2809387685565504,0,-0.10998238889511566,-0.21996477779023133,-0.10998238889511566
2015-09-17 12:40:00,3.5,0.23527830849090506,0,-0.10998275498832767,-0.21996550997665534,-0.10998275498832769
2015-09-17 12:45:00,2.56,0.2600605549359108,0,-0.109983113471912,-0.219966226943824,-0.10998311347191199
2015-09-17 12:50:00,3.83,0.226621571530767,0,-0.10998346450401858,-0.2199669290080372,-0.10998346450401858
2015-09-17 12:55:00,5.0,0.24843108411661305,0,-0.10998380823951158,-0.2199676164790232,-0.10998380823951158
2015-09-17 13:00:00,3.06,0.24618806497487794,0,-0.10998414483003756,-0.21996828966007514,-0.10998414483003757
2015-09-17 13:05:00,1.28,0.2960839004821337,0,-0.10998447442409234,-0.2199689488481847,-0.10998447442409234
2015-09-17 13:10:00,2.33,0.2653052853734821,0,-0.1099847971670863,-0.2199695943341726,-0.1099847971670863
2015-09-17 13:15:00,2.44,0.2619514264059226,0,-0.1099851132014086,-0.2199702264028172,-0.1099851132014086
2015-09-17 13:20:00,5.06,0.2516476963389249,0,-0.1099854226664898,-0.2199708453329796,-0.10998542266648981
2015-09-17 13:25:00,2.83,0.2511433365492878,0,-0.10998572569886343,-0.21997145139772686,-0.10998572569886343
2015-09-17 13:30:00,4.89,0.2473215673562517,0,-0.109986022432226,-0.219972044864452,-0.10998602243222601
2015-09-17 13:35:00,1.56,0.2870113320064165,0,-0.10998631299749606,-0.21997262599499207,-0.10998631299749606
2015-09-17 13:40:00,2.67,0.2555044049760271,0,-0.10998659752287178,-0.2199731950457436,-0.10998659752287178
2015-09-17 13:45:00,2.17,0.2693723407993017,0,-0.10998687613388752,-0.21997375226777505,-0.10998687613388752
2015-09-17 13:50:00,5.67,0.2688839918325171,0,-0.10998714895346913,-0.21997429790693826,-0.10998714895346912
2015-09-17 13:55:00,2.06,0.2721881255967424,0,-0.1099874161019881,-0.2199748322039762,-0.1099874161019881
2015-09-17 14:00:00,3.83,0.22497807071752496,0,-0.10998767769731473,-0.21997535539462945,-0.10998767769731473
2015-09-17 14:05:00,5.94,0.2763871173478266,0,-0.1099879338548699,-0.2199758677097398,-0.1099879338548699
2015-09-17 14:10:00,3.89,0.22393751655247585,0,-0.10998818468767604,-0.2199763693753521,-0.10998818468767604
2015-09-17 14:15:00,5.06,0.2521243344702811,0,-0.10998843030640704,-0.21997686061281407,-0.10998843030640704
2015-09-17 14:20:00,6.94,0.30600083130826045,0,-0.10998867081943683,-0.2199773416388737,-0.10998867081943685
2015-09-17 14:25:00,0.0,0.3348201835623693,0,-0.10998890633288737,-0.21997781266577476,-0.10998890633288737
2015-09-17 14:30:00,5.39,0.2609929864425791,0,-0.10998913695067522,-0.21997827390135044,-0.10998913695067522
2015-09-17 14:34:00,4.67,0.2413770119385522,0,-0.10998936277455752,-0.21997872554911505,-0.10998936277455751
2015-09-17 14:39:00,5.67,0.2683606289152665,0,-0.10998958390417674,-0.21997916780835347,-0.10998958390417674
2015-09-17 14:44:00,6.06,0.2794813135613288,0,-0.10998980043710467,-0.21997960087420934,-0.10998980043710468
2015-09-17 14:49:00,7.22,0.313657709343692,0,-0.10999001246888546,-0.2199800249377709,-0.10999001246888546
2015-09-17 14:54:00,2.94,0.2490898562417853,0,-0.1099902200930776,-0.21998044018615526,-0.10999022009307761
2015-09-17 14:58:00,3.06,0.2460573846268641,0,-0.10999042340129538,-0.21998084680259075,-0.10999042340129538
2015-09-17 15:04:00,3.44,0.23621545407200426,0,-0.10999062248324903,-0.21998124496649807,-0.10999062248324903
2015-09-17 15:08:00,3.89,0.2246592592743214,0,-0.10999081742678453,-0.21998163485356906,-0.10999081742678453
2015-09-17 15:13:00,2.56,0.25966041417890623,0,-0.1099910083179222,-0.2199820166358444,-0.10999100831792219
2015-09-17 15:18:00,2.72,0.25533067976881485,0,-0.10999119524089457,-0.2199823904817892,-0.10999119524089458
2015-09-17 15:23:00,6.28,0.2847505273683861,0,-0.10999137827818377,-0.2199827565563675,-0.10999137827818375
2015-09-17 15:28:00,2.83,0.2525824327948339,0,-0.10999155751055753,-0.21998311502111506,-0.10999155751055753
2015-09-17 15:34:00,4.11,0.2259049317905741,0,-0.10999173301710513,-0.2199834660342103,-0.10999173301710514
2015-09-17 15:38:00,5.78,0.2701149269985316,0,-0.10999190487527216,-0.2199838097505443,-0.10999190487527215
2015-09-17 15:43:00,7.89,0.33360301160999944,0,-0.10999207316089453,-0.21998414632178906,-0.10999207316089453
2015-09-17 15:48:00,4.22,0.2281413675315569,0,-0.10999223794823214,-0.21998447589646428,-0.10999223794823214
2015-09-17 15:49:00,2.83,0.25293373064978064,0,-0.10999239931000147,-0.21998479862000295,-0.10999239931000149
2015-09-17 15:54:00,4.5,0.235301463306382,0,-0.1099925573174078,-0.2199851146348156,-0.10999255731740779
2015-09-17 15:59:00,11.11,0.4412597991378552,0,-0.10999271204017633,-0.21998542408035265,-0.10999271204017631
2015-09-17 16:04:00,9.28,0.3760842638364406,0,-0.10999286354658323,-0.2199857270931665,-0.10999286354658325
2015-09-17 16:09:00,5.06,0.24811228779757746,0,-0.10999301190348568,-0.21998602380697135,-0.10999301190348569
2015-09-17 16:14:00,3.44,0.2383363747326676,0,-0.1099931571763512,-0.2199863143527024,-0.1099931571763512
2015-09-17 16:19:00,8.5,0.3490929515170001,0,-0.10999329942928666,-0.21998659885857333,-0.10999329942928666
2015-09-17 16:24:00,5.56,0.2607184007047127,0,-0.10999343872506656,-0.2199868774501331,-0.10999343872506655
