timestamp,value,anomaly_score,label,S(t)_standard,S(t)_reward_low_FP_rate,S(t)_reward_low_FN_rate
2014-04-01 00:00:00,-21.0483826823,0.0,0,-0.11,-0.22,-0.11
2014-04-01 00:05:00,-20.2954768676,0.0,0,-0.11,-0.22,-0.11
2014-04-01 00:10:00,-18.127229468299998,0.0,0,-0.11,-0.22,-0.11
2014-04-01 00:15:00,-20.1716653997,0.0,0,-0.11,-0.22,-0.11
2014-04-01 00:20:00,-21.223761612,0.0,0,-0.11,-0.22,-0.11
2014-04-01 00:25:00,-19.1044911334,0.0,0,-0.11,-0.22,-0.11
2014-04-01 00:30:00,-21.589446495900003,0.0,0,-0.11,-0.22,-0.11
2014-04-01 00:35:00,-18.9450416275,0.0,0,-0.11,-0.22,-0.11
2014-04-01 00:40:00,-18.305892530599998,0.0,0,-0.11,-0.22,-0.11
2014-04-01 00:45:00,-18.6397572378,0.0,0,-0.11,-0.22,-0.11
2014-04-01 00:50:00,-21.3480114749,0.0,0,-0.11,-0.22,-0.11
2014-04-01 00:55:00,-19.669223676199998,0.0,0,-0.11,-0.22,-0.11
2014-04-01 01:00:00,-21.1877822545,0.0,0,-0.11,-0.22,-0.11
2014-04-01 01:05:00,-20.124932244,0.0,0,-0.11,-0.22,-0.11
2014-04-01 01:10:00,-19.9222364992,0.0,0,-0.11,-0.22,-0.11
2014-04-01 01:15:00,-21.227652606,0.0,0,-0.11,-0.22,-0.11
2014-04-01 01:20:00,-19.693950446800002,0.0,0,-0.11,-0.22,-0.11
2014-04-01 01:25:00,-21.2081309243,0.0,0,-0.11,-0.22,-0.11
2014-04-01 01:30:00,-18.4026486599,0.0,0,-0.11,-0.22,-0.11
2014-04-01 01:35:00,-20.5452432622,0.0,0,-0.11,-0.22,-0.11
2014-04-01 01:40:00,-20.8103482262,0.0,0,-0.11,-0.22,-0.11
2014-04-01 01:45:00,-21.5963895846,0.0,0,-0.11,-0.22,-0.11
2014-04-01 01:50:00,-18.8972956749,0.0,0,-0.11,-0.22,-0.11
2014-04-01 01:55:00,-20.4168795204,0.0,0,-0.11,-0.22,-0.11
2014-04-01 02:00:00,-19.7330262548,0.0,0,-0.11,-0.22,-0.11
2014-04-01 02:05:00,-19.5310866222,0.0,0,-0.11,-0.22,-0.11
2014-04-01 02:10:00,-18.4268542208,0.0,0,-0.11,-0.22,-0.11
2014-04-01 02:15:00,-18.5369333224,0.0,0,-0.11,-0.22,-0.11
2014-04-01 02:20:00,-21.3479538458,0.0,0,-0.11,-0.22,-0.11
2014-04-01 02:25:00,-20.9990137293,0.0,0,-0.11,-0.22,-0.11
2014-04-01 02:30:00,-19.529364521199998,0.0,0,-0.11,-0.22,-0.11
2014-04-01 02:35:00,-21.3139463256,0.0,0,-0.11,-0.22,-0.11
2014-04-01 02:40:00,-18.3230647393,0.0,0,-0.11,-0.22,-0.11
2014-04-01 02:45:00,-20.4990956681,0.0,0,-0.11,-0.22,-0.11
2014-04-01 02:50:00,-21.472704210899998,0.0,0,-0.11,-0.22,-0.11
2014-04-01 02:55:00,-21.3554569241,0.0,0,-0.11,-0.22,-0.11
2014-04-01 03:00:00,-19.4911310398,0.0,0,-0.11,-0.22,-0.11
2014-04-01 03:05:00,-20.9809354122,0.0,0,-0.11,-0.22,-0.11
2014-04-01 03:10:00,-19.7098725821,0.0,0,-0.11,-0.22,-0.11
2014-04-01 03:15:00,-21.3605526576,0.0,0,-0.11,-0.22,-0.11
2014-04-01 03:20:00,-20.1230478006,0.0,0,-0.11,-0.22,-0.11
2014-04-01 03:25:00,-21.059428196400003,0.0,0,-0.11,-0.22,-0.11
2014-04-01 03:30:00,-18.3142863292,0.0,0,-0.11,-0.22,-0.11
2014-04-01 03:35:00,-20.3601038864,0.0,0,-0.11,-0.22,-0.11
2014-04-01 03:40:00,-20.2011367099,0.0,0,-0.11,-0.22,-0.11
2014-04-01 03:45:00,-20.4399068869,0.0,0,-0.11,-0.22,-0.11
2014-04-01 03:50:00,-20.7825664317,0.0,0,-0.11,-0.22,-0.11
2014-04-01 03:55:00,-21.672435880100004,0.0,0,-0.11,-0.22,-0.11
2014-04-01 04:00:00,-21.1427283271,0.0,0,-0.11,-0.22,-0.11
2014-04-01 04:05:00,-18.878551965699998,0.0,0,-0.11,-0.22,-0.11
2014-04-01 04:10:00,-21.3035850772,0.0,0,-0.11,-0.22,-0.11
2014-04-01 04:15:00,-18.4883187105,0.0,0,-0.11,-0.22,-0.11
2014-04-01 04:20:00,-20.4887943427,0.0,0,-0.11,-0.22,-0.11
2014-04-01 04:25:00,-21.531015233,0.0,0,-0.11,-0.22,-0.11
2014-04-01 04:30:00,-18.4044882169,0.0,0,-0.11,-0.22,-0.11
2014-04-01 04:35:00,-21.3987706132,0.0,0,-0.11,-0.22,-0.11
2014-04-01 04:40:00,-21.194482936900002,0.0,0,-0.11,-0.22,-0.11
2014-04-01 04:45:00,-20.0151017354,0.0,0,-0.11,-0.22,-0.11
2014-04-01 04:50:00,-19.2355904092,0.0,0,-0.11,-0.22,-0.11
2014-04-01 04:55:00,-19.6217529123,0.0,0,-0.11,-0.22,-0.11
2014-04-01 05:00:00,-21.8746325428,0.0,0,-0.11,-0.22,-0.11
2014-04-01 05:05:00,-18.8067902246,0.0,0,-0.11,-0.22,-0.11
2014-04-01 05:10:00,-20.3184171513,0.0,0,-0.11,-0.22,-0.11
2014-04-01 05:15:00,-18.3329629915,0.0,0,-0.11,-0.22,-0.11
2014-04-01 05:20:00,-18.8715722568,0.0,0,-0.11,-0.22,-0.11
2014-04-01 05:25:00,-21.0532655523,0.0,0,-0.11,-0.22,-0.11
2014-04-01 05:30:00,-19.210396161400002,0.0,0,-0.11,-0.22,-0.11
2014-04-01 05:35:00,-21.9430642823,0.0,0,-0.11,-0.22,-0.11
2014-04-01 05:40:00,-20.0032681724,0.0,0,-0.11,-0.22,-0.11
2014-04-01 05:45:00,-20.0661573012,0.0,0,-0.11,-0.22,-0.11
2014-04-01 05:50:00,-18.1452589573,0.0,0,-0.11,-0.22,-0.11
2014-04-01 05:55:00,-21.8261069983,0.0,0,-0.11,-0.22,-0.11
2014-04-01 06:00:00,-18.6969337635,0.0,0,-0.11,-0.22,-0.11
2014-04-01 06:05:00,-20.1533623952,0.0,0,-0.11,-0.22,-0.11
2014-04-01 06:10:00,-19.5826984398,0.0,0,-0.11,-0.22,-0.11
2014-04-01 06:15:00,-19.662338803,0.0,0,-0.11,-0.22,-0.11
2014-04-01 06:20:00,-20.5732006641,0.0,0,-0.11,-0.22,-0.11
2014-04-01 06:25:00,-20.6483547084,0.0,0,-0.11,-0.22,-0.11
2014-04-01 06:30:00,-18.617154459400002,0.0,0,-0.11,-0.22,-0.11
2014-04-01 06:35:00,-19.9983466125,0.0,0,-0.11,-0.22,-0.11
2014-04-01 06:40:00,-21.1619097966,0.0,0,-0.11,-0.22,-0.11
2014-04-01 06:45:00,-19.773145934200002,0.0,0,-0.11,-0.22,-0.11
2014-04-01 06:50:00,-18.6632178833,0.0,0,-0.11,-0.22,-0.11
2014-04-01 06:55:00,-19.2528677726,0.0,0,-0.11,-0.22,-0.11
2014-04-01 07:00:00,-18.8495182564,0.0,0,-0.11,-0.22,-0.11
2014-04-01 07:05:00,-18.503269871700002,0.0,0,-0.11,-0.22,-0.11
2014-04-01 07:10:00,-19.510324509700002,0.0,0,-0.11,-0.22,-0.11
2014-04-01 07:15:00,-20.1637449728,0.0,0,-0.11,-0.22,-0.11
2014-04-01 07:20:00,-18.2910061011,0.0,0,-0.11,-0.22,-0.11
2014-04-01 07:25:00,-20.4152934889,0.0,0,-0.11,-0.22,-0.11
2014-04-01 07:30:00,-21.972097760700002,0.0,0,-0.11,-0.22,-0.11
2014-04-01 07:35:00,-21.8564997281,0.0,0,-0.11,-0.22,-0.11
2014-04-01 07:40:00,-21.316693928,0.0,0,-0.11,-0.22,-0.11
2014-04-01 07:45:00,-19.065364451199997,0.0,0,-0.11,-0.22,-0.11
2014-04-01 07:50:00,-18.089630385899998,0.0,0,-0.11,-0.22,-0.11
2014-04-01 07:55:00,-21.3341668115,0.0,0,-0.11,-0.22,-0.11
2014-04-01 08:00:00,-18.2228809279,0.0,0,-0.11,-0.22,-0.11
2014-04-01 08:05:00,-18.8225123259,0.0,0,-0.11,-0.22,-0.11
2014-04-01 08:10:00,-20.1778128618,0.0,0,-0.11,-0.22,-0.11
2014-04-01 08:15:00,-18.7135121566,0.0,0,-0.11,-0.22,-0.11
2014-04-01 08:20:00,-21.3351533252,0.0,0,-0.11,-0.22,-0.11
2014-04-01 08:25:00,-21.108638785,0.0,0,-0.11,-0.22,-0.11
2014-04-01 08:30:00,-21.0230780229,0.0,0,-0.11,-0.22,-0.11
2014-04-01 08:35:00,-21.2645104636,0.0,0,-0.11,-0.22,-0.11
2014-04-01 08:40:00,-18.8788071211,0.0,0,-0.11,-0.22,-0.11
2014-04-01 08:45:00,-20.9155695046,0.0,0,-0.11,-0.22,-0.11
2014-04-01 08:50:00,-19.4211260104,0.0,0,-0.11,-0.22,-0.11
2014-04-01 08:55:00,-20.6673790383,0.0,0,-0.11,-0.22,-0.11
2014-04-01 09:00:00,55.46426074359999,0.0,0,-0.11,-0.22,-0.11
2014-04-01 09:05:00,62.4670389608,0.0,0,-0.11,-0.22,-0.11
2014-04-01 09:10:00,65.66529273479999,0.0,0,-0.11,-0.22,-0.11
2014-04-01 09:15:00,54.5232043838,0.0,0,-0.11,-0.22,-0.11
2014-04-01 09:20:00,55.125946813999995,0.0,0,-0.11,-0.22,-0.11
2014-04-01 09:25:00,55.4836412081,0.0,0,-0.11,-0.22,-0.11
2014-04-01 09:30:00,59.166766859300004,0.0,0,-0.11,-0.22,-0.11
2014-04-01 09:35:00,57.489362219200004,0.0,0,-0.11,-0.22,-0.11
2014-04-01 09:40:00,63.6830418425,0.0,0,-0.11,-0.22,-0.11
2014-04-01 09:45:00,59.6854468704,0.0,0,-0.11,-0.22,-0.11
2014-04-01 09:50:00,59.81444811229999,0.0,0,-0.11,-0.22,-0.11
2014-04-01 09:55:00,62.6044572159,0.0,0,-0.11,-0.22,-0.11
2014-04-01 10:00:00,73.9019285345,0.0,0,-0.11,-0.22,-0.11
2014-04-01 10:05:00,73.7687501608,0.0,0,-0.11,-0.22,-0.11
2014-04-01 10:10:00,79.9052810919,0.0,0,-0.11,-0.22,-0.11
2014-04-01 10:15:00,80.2566345367,0.0,0,-0.11,-0.22,-0.11
2014-04-01 10:20:00,68.6188613425,0.0,0,-0.11,-0.22,-0.11
2014-04-01 10:25:00,70.5856152328,0.0,0,-0.11,-0.22,-0.11
2014-04-01 10:30:00,71.6390923535,0.0,0,-0.11,-0.22,-0.11
2014-04-01 10:35:00,73.7443271251,0.0,0,-0.11,-0.22,-0.11
2014-04-01 10:40:00,72.83001086819999,0.0,0,-0.11,-0.22,-0.11
2014-04-01 10:45:00,78.56150473550001,0.0,0,-0.11,-0.22,-0.11
2014-04-01 10:50:00,80.9876555538,0.0,0,-0.11,-0.22,-0.11
2014-04-01 10:55:00,71.3197221318,0.0,0,-0.11,-0.22,-0.11
2014-04-01 11:00:00,80.1976041599,0.0,0,-0.11,-0.22,-0.11
2014-04-01 11:05:00,77.1062094171,0.0,0,-0.11,-0.22,-0.11
2014-04-01 11:10:00,79.2915215407,0.0,0,-0.11,-0.22,-0.11
2014-04-01 11:15:00,81.1128042138,0.0,0,-0.11,-0.22,-0.11
2014-04-01 11:20:00,85.4346211279,0.0,0,-0.11,-0.22,-0.11
2014-04-01 11:25:00,74.3259158584,0.0,0,-0.11,-0.22,-0.11
2014-04-01 11:30:00,72.658184339,0.0,0,-0.11,-0.22,-0.11
2014-04-01 11:35:00,81.21503679770001,0.0,0,-0.11,-0.22,-0.11
2014-04-01 11:40:00,77.5230326446,0.0,0,-0.11,-0.22,-0.11
2014-04-01 11:45:00,73.8603786618,0.0,0,-0.11,-0.22,-0.11
2014-04-01 11:50:00,73.1346607309,0.0,0,-0.11,-0.22,-0.11
2014-04-01 11:55:00,80.1331310241,0.0,0,-0.11,-0.22,-0.11
2014-04-01 12:00:00,76.6539144534,0.0,0,-0.11,-0.22,-0.11
2014-04-01 12:05:00,87.7829044292,0.0,0,-0.11,-0.22,-0.11
2014-04-01 12:10:00,78.3374242831,0.0,0,-0.11,-0.22,-0.11
2014-04-01 12:15:00,75.2457925688,0.0,0,-0.11,-0.22,-0.11
2014-04-01 12:20:00,81.8974615524,0.0,0,-0.11,-0.22,-0.11
2014-04-01 12:25:00,75.7562620786,0.0,0,-0.11,-0.22,-0.11
2014-04-01 12:30:00,79.7455659383,0.0,0,-0.11,-0.22,-0.11
2014-04-01 12:35:00,79.5617765017,0.0,0,-0.11,-0.22,-0.11
2014-04-01 12:40:00,79.0984082313,0.0,0,-0.11,-0.22,-0.11
2014-04-01 12:45:00,84.567896398,0.0,0,-0.11,-0.22,-0.11
2014-04-01 12:50:00,75.31487640739999,0.0,0,-0.11,-0.22,-0.11
2014-04-01 12:55:00,86.2959790474,0.0,0,-0.11,-0.22,-0.11
2014-04-01 13:00:00,84.6275834722,0.0,0,-0.11,-0.22,-0.11
2014-04-01 13:05:00,77.2990258448,0.0,0,-0.11,-0.22,-0.11
2014-04-01 13:10:00,74.8596842444,0.0,0,-0.11,-0.22,-0.11
2014-04-01 13:15:00,76.441971368,0.0,0,-0.11,-0.22,-0.11
2014-04-01 13:20:00,77.2912510786,0.0,0,-0.11,-0.22,-0.11
2014-04-01 13:25:00,80.8785663286,0.0,0,-0.11,-0.22,-0.11
2014-04-01 13:30:00,72.7127939447,0.0,0,-0.11,-0.22,-0.11
2014-04-01 13:35:00,86.5950941792,0.0,0,-0.11,-0.22,-0.11
2014-04-01 13:40:00,73.5493661875,0.0,0,-0.11,-0.22,-0.11
2014-04-01 13:45:00,76.4377869559,0.0,0,-0.11,-0.22,-0.11
2014-04-01 13:50:00,73.7190995676,0.0,0,-0.11,-0.22,-0.11
2014-04-01 13:55:00,76.0763225183,0.0,0,-0.11,-0.22,-0.11
2014-04-01 14:00:00,85.3959488753,0.0,0,-0.11,-0.22,-0.11
2014-04-01 14:05:00,81.8362655571,0.0,0,-0.11,-0.22,-0.11
2014-04-01 14:10:00,75.6311206277,0.0,0,-0.11,-0.22,-0.11
2014-04-01 14:15:00,85.9412606259,0.0,0,-0.11,-0.22,-0.11
2014-04-01 14:20:00,84.80460803609999,0.0,0,-0.11,-0.22,-0.11
2014-04-01 14:25:00,84.0516638461,0.0,0,-0.11,-0.22,-0.11
2014-04-01 14:30:00,85.55527820430001,0.0,0,-0.11,-0.22,-0.11
2014-04-01 14:35:00,81.90784175270001,0.0,0,-0.11,-0.22,-0.11
2014-04-01 14:40:00,80.0165959236,0.0,0,-0.11,-0.22,-0.11
2014-04-01 14:45:00,77.9767217819,0.0,0,-0.11,-0.22,-0.11
2014-04-01 14:50:00,75.57417790859999,0.0,0,-0.11,-0.22,-0.11
2014-04-01 14:55:00,80.9121130354,0.0,0,-0.11,-0.22,-0.11
2014-04-01 15:00:00,86.2304978214,0.0,0,-0.11,-0.22,-0.11
2014-04-01 15:05:00,81.5024045645,0.0,0,-0.11,-0.22,-0.11
2014-04-01 15:10:00,86.71232236819998,0.0,0,-0.11,-0.22,-0.11
2014-04-01 15:15:00,77.70943454260001,0.0,0,-0.11,-0.22,-0.11
2014-04-01 15:20:00,83.1208776051,0.0,0,-0.11,-0.22,-0.11
2014-04-01 15:25:00,82.377329501,0.0,0,-0.11,-0.22,-0.11
2014-04-01 15:30:00,82.7256178739,0.0,0,-0.11,-0.22,-0.11
2014-04-01 15:35:00,82.3193550651,0.0,0,-0.11,-0.22,-0.11
2014-04-01 15:40:00,75.5452660554,0.0,0,-0.11,-0.22,-0.11
2014-04-01 15:45:00,74.2962656133,0.0,0,-0.11,-0.22,-0.11
2014-04-01 15:50:00,87.6566495709,0.0,0,-0.11,-0.22,-0.11
2014-04-01 15:55:00,72.7235584659,0.0,0,-0.11,-0.22,-0.11
2014-04-01 16:00:00,79.4835294443,0.0,0,-0.11,-0.22,-0.11
2014-04-01 16:05:00,78.80103291020001,0.0,0,-0.11,-0.22,-0.11
2014-04-01 16:10:00,77.7600544985,0.0,0,-0.11,-0.22,-0.11
2014-04-01 16:15:00,84.5114712197,0.0,0,-0.11,-0.22,-0.11
2014-04-01 16:20:00,83.92533605109999,0.0,0,-0.11,-0.22,-0.11
2014-04-01 16:25:00,86.48332202899998,0.0,0,-0.11,-0.22,-0.11
2014-04-01 16:30:00,78.32754977,0.0,0,-0.11,-0.22,-0.11
2014-04-01 16:35:00,81.0266131609,0.0,0,-0.11,-0.22,-0.11
2014-04-01 16:40:00,86.2766366714,0.0,0,-0.11,-0.22,-0.11
2014-04-01 16:45:00,87.9012877207,0.0,0,-0.11,-0.22,-0.11
2014-04-01 16:50:00,87.50842977,0.0,0,-0.11,-0.22,-0.11
2014-04-01 16:55:00,83.4852347867,0.0,0,-0.11,-0.22,-0.11
2014-04-01 17:00:00,74.29159337829998,0.0,0,-0.11,-0.22,-0.11
2014-04-01 17:05:00,72.3709298713,0.0,0,-0.11,-0.22,-0.11
2014-04-01 17:10:00,85.2034391722,0.0,0,-0.11,-0.22,-0.11
2014-04-01 17:15:00,85.45501770060001,0.0,0,-0.11,-0.22,-0.11
2014-04-01 17:20:00,83.9417208095,0.0,0,-0.11,-0.22,-0.11
2014-04-01 17:25:00,76.4787268296,0.0,0,-0.11,-0.22,-0.11
2014-04-01 17:30:00,82.2370331218,0.0,0,-0.11,-0.22,-0.11
2014-04-01 17:35:00,77.0599257507,0.0,0,-0.11,-0.22,-0.11
2014-04-01 17:40:00,79.210321243,0.0,0,-0.11,-0.22,-0.11
2014-04-01 17:45:00,78.11891136359999,0.0,0,-0.11,-0.22,-0.11
2014-04-01 17:50:00,86.618185953,0.0,0,-0.11,-0.22,-0.11
2014-04-01 17:55:00,75.7464688141,0.0,0,-0.11,-0.22,-0.11
2014-04-01 18:00:00,-1.03989471325e-05,0.0,0,-0.11,-0.22,-0.11
2014-04-01 18:05:00,-9.9552901714e-06,0.0,0,-0.11,-0.22,-0.11
2014-04-01 18:10:00,-1.0574e-05,0.0,0,-0.11,-0.22,-0.11
2014-04-01 18:15:00,-1.03722253131e-05,0.0,0,-0.11,-0.22,-0.11
2014-04-01 18:20:00,-1.11083062914e-05,0.0,0,-0.11,-0.22,-0.11
2014-04-01 18:25:00,-9.42410168663e-06,0.0,0,-0.11,-0.22,-0.11
2014-04-01 18:30:00,-9.66787243976e-06,0.0,0,-0.11,-0.22,-0.11
2014-04-01 18:35:00,-1.07854806299e-05,0.0,0,-0.11,-0.22,-0.11
2014-04-01 18:40:00,-9.97127544805e-06,0.0,0,-0.11,-0.22,-0.11
2014-04-01 18:45:00,-9.55552519414e-06,0.0,0,-0.11,-0.22,-0.11
2014-04-01 18:50:00,-1.02468019389e-05,0.0,0,-0.11,-0.22,-0.11
2014-04-01 18:55:00,-1.05515869421e-05,0.0,0,-0.11,-0.22,-0.11
2014-04-01 19:00:00,-14.5434473469,0.0,0,-0.11,-0.22,-0.11
2014-04-01 19:05:00,-15.3331920086,0.0,0,-0.11,-0.22,-0.11
2014-04-01 19:10:00,-16.9901542954,0.0,0,-0.11,-0.22,-0.11
2014-04-01 19:15:00,-16.0647846694,0.0,0,-0.11,-0.22,-0.11
2014-04-01 19:20:00,-14.513215346199999,0.0,0,-0.11,-0.22,-0.11
2014-04-01 19:25:00,-15.3022451756,0.0,0,-0.11,-0.22,-0.11
2014-04-01 19:30:00,-16.4452522041,0.0,0,-0.11,-0.22,-0.11
2014-04-01 19:35:00,-15.0379522275,0.0,0,-0.11,-0.22,-0.11
2014-04-01 19:40:00,-17.047654682,0.0,0,-0.11,-0.22,-0.11
2014-04-01 19:45:00,-16.565045023,0.0,0,-0.11,-0.22,-0.11
2014-04-01 19:50:00,-15.9084150313,0.0,0,-0.11,-0.22,-0.11
2014-04-01 19:55:00,-17.3299983177,0.0,0,-0.11,-0.22,-0.11
2014-04-01 20:00:00,-18.7845153611,0.0,0,-0.11,-0.22,-0.11
2014-04-01 20:05:00,-18.1826822845,0.0,0,-0.11,-0.22,-0.11
2014-04-01 20:10:00,-19.8197879141,0.0,0,-0.11,-0.22,-0.11
2014-04-01 20:15:00,-19.4814539355,0.0,0,-0.11,-0.22,-0.11
2014-04-01 20:20:00,-18.5673523357,0.0,0,-0.11,-0.22,-0.11
2014-04-01 20:25:00,-18.5996723123,0.0,0,-0.11,-0.22,-0.11
2014-04-01 20:30:00,-18.8091279864,0.0,0,-0.11,-0.22,-0.11
2014-04-01 20:35:00,-18.3979724916,0.0,0,-0.11,-0.22,-0.11
2014-04-01 20:40:00,-20.0073274272,0.0,0,-0.11,-0.22,-0.11
2014-04-01 20:45:00,-19.7812166974,0.0,0,-0.11,-0.22,-0.11
2014-04-01 20:50:00,-18.9725865905,0.0,0,-0.11,-0.22,-0.11
2014-04-01 20:55:00,-18.807762356199998,0.0,0,-0.11,-0.22,-0.11
2014-04-01 21:00:00,-19.3045235165,0.0,0,-0.11,-0.22,-0.11
2014-04-01 21:05:00,-18.980802377699998,0.0,0,-0.11,-0.22,-0.11
2014-04-01 21:10:00,-18.1960444345,0.0,0,-0.11,-0.22,-0.11
2014-04-01 21:15:00,-18.9202362703,0.0,0,-0.11,-0.22,-0.11
2014-04-01 21:20:00,-19.1305270306,0.0,0,-0.11,-0.22,-0.11
2014-04-01 21:25:00,-20.0292102196,0.0,0,-0.11,-0.22,-0.11
2014-04-01 21:30:00,-20.9263928904,0.0,0,-0.11,-0.22,-0.11
2014-04-01 21:35:00,-19.4261461909,0.0,0,-0.11,-0.22,-0.11
2014-04-01 21:40:00,-21.604795491599997,0.0,0,-0.11,-0.22,-0.11
2014-04-01 21:45:00,-21.1389247422,0.0,0,-0.11,-0.22,-0.11
2014-04-01 21:50:00,-21.7636938223,0.0,0,-0.11,-0.22,-0.11
2014-04-01 21:55:00,-21.3327737549,0.0,0,-0.11,-0.22,-0.11
2014-04-01 22:00:00,-20.4341567679,0.0,0,-0.11,-0.22,-0.11
2014-04-01 22:05:00,-20.361286900499998,0.0,0,-0.11,-0.22,-0.11
2014-04-01 22:10:00,-18.488475555,0.0,0,-0.11,-0.22,-0.11
2014-04-01 22:15:00,-20.8561736575,0.0,0,-0.11,-0.22,-0.11
2014-04-01 22:20:00,-20.3681861232,0.0,0,-0.11,-0.22,-0.11
2014-04-01 22:25:00,-19.9956840645,0.0,0,-0.11,-0.22,-0.11
2014-04-01 22:30:00,-20.7399104713,0.0,0,-0.11,-0.22,-0.11
2014-04-01 22:35:00,-19.7445494814,0.0,0,-0.11,-0.22,-0.11
2014-04-01 22:40:00,-20.0632859643,0.0,0,-0.11,-0.22,-0.11
2014-04-01 22:45:00,-19.5620597805,0.0,0,-0.11,-0.22,-0.11
2014-04-01 22:50:00,-20.8360924169,0.0,0,-0.11,-0.22,-0.11
2014-04-01 22:55:00,-21.4720335896,0.0,0,-0.11,-0.22,-0.11
2014-04-01 23:00:00,-21.3565434785,0.0,0,-0.11,-0.22,-0.11
2014-04-01 23:05:00,-21.1373349793,0.0,0,-0.11,-0.22,-0.11
2014-04-01 23:10:00,-18.0493731729,0.0,0,-0.11,-0.22,-0.11
2014-04-01 23:15:00,-21.6405946521,0.0,0,-0.11,-0.22,-0.11
2014-04-01 23:20:00,-19.0933910451,0.0,0,-0.11,-0.22,-0.11
2014-04-01 23:25:00,-21.5449991687,0.0,0,-0.11,-0.22,-0.11
2014-04-01 23:30:00,-18.7818602963,0.0,0,-0.11,-0.22,-0.11
2014-04-01 23:35:00,-19.7522602624,0.0,0,-0.11,-0.22,-0.11
2014-04-01 23:40:00,-20.9908759503,0.0,0,-0.11,-0.22,-0.11
2014-04-01 23:45:00,-20.5545362274,0.0,0,-0.11,-0.22,-0.11
2014-04-01 23:50:00,-19.6573953753,0.0,0,-0.11,-0.22,-0.11
2014-04-01 23:55:00,-20.7078667918,0.0,0,-0.11,-0.22,-0.11
2014-04-02 00:00:00,-20.1957980402,0.0,0,-0.11,-0.22,-0.11
2014-04-02 00:05:00,-19.1029452265,0.0,0,-0.11,-0.22,-0.11
2014-04-02 00:10:00,-20.585317782,0.0,0,-0.11,-0.22,-0.11
2014-04-02 00:15:00,-18.8169883454,0.0,0,-0.11,-0.22,-0.11
2014-04-02 00:20:00,-20.775953137000002,0.0,0,-0.11,-0.22,-0.11
2014-04-02 00:25:00,-18.0124435105,0.0,0,-0.11,-0.22,-0.11
2014-04-02 00:30:00,-20.195090055,0.0,0,-0.11,-0.22,-0.11
2014-04-02 00:35:00,-19.6042705102,0.0,0,-0.11,-0.22,-0.11
2014-04-02 00:40:00,-19.2124150952,0.0,0,-0.11,-0.22,-0.11
2014-04-02 00:45:00,-20.062831868900002,0.0,0,-0.11,-0.22,-0.11
2014-04-02 00:50:00,-20.5812465301,0.0,0,-0.11,-0.22,-0.11
2014-04-02 00:55:00,-21.861249064899997,0.0,0,-0.11,-0.22,-0.11
2014-04-02 01:00:00,-21.3322579596,0.0,0,-0.11,-0.22,-0.11
2014-04-02 01:05:00,-20.8685995323,0.0,0,-0.11,-0.22,-0.11
2014-04-02 01:10:00,-19.9158676467,0.0,0,-0.11,-0.22,-0.11
2014-04-02 01:15:00,-19.5685764787,0.0,0,-0.11,-0.22,-0.11
2014-04-02 01:20:00,-18.1301186183,0.0,0,-0.11,-0.22,-0.11
2014-04-02 01:25:00,-19.4363876122,0.0,0,-0.11,-0.22,-0.11
2014-04-02 01:30:00,-21.3935085547,0.0,0,-0.11,-0.22,-0.11
2014-04-02 01:35:00,-19.5360983279,0.0,0,-0.11,-0.22,-0.11
2014-04-02 01:40:00,-19.846339996199998,0.0,0,-0.11,-0.22,-0.11
2014-04-02 01:45:00,-19.0873376961,0.0,0,-0.11,-0.22,-0.11
2014-04-02 01:50:00,-19.0965310353,0.0,0,-0.11,-0.22,-0.11
2014-04-02 01:55:00,-18.2474870436,0.0,0,-0.11,-0.22,-0.11
2014-04-02 02:00:00,-20.4552157025,0.0,0,-0.11,-0.22,-0.11
2014-04-02 02:05:00,-19.7922776122,0.0,0,-0.11,-0.22,-0.11
2014-04-02 02:10:00,-20.42384323,0.0,0,-0.11,-0.22,-0.11
2014-04-02 02:15:00,-20.1875476001,0.0,0,-0.11,-0.22,-0.11
2014-04-02 02:20:00,-21.195378349200002,0.0,0,-0.11,-0.22,-0.11
2014-04-02 02:25:00,-21.0040476492,0.0,0,-0.11,-0.22,-0.11
2014-04-02 02:30:00,-21.0858154126,0.0,0,-0.11,-0.22,-0.11
2014-04-02 02:35:00,-19.9969560278,0.0,0,-0.11,-0.22,-0.11
2014-04-02 02:40:00,-19.4155254054,0.0,0,-0.11,-0.22,-0.11
2014-04-02 02:45:00,-21.7337463621,0.0,0,-0.11,-0.22,-0.11
2014-04-02 02:50:00,-18.2170790949,0.0,0,-0.11,-0.22,-0.11
2014-04-02 02:55:00,-18.610485231400002,0.0,0,-0.11,-0.22,-0.11
2014-04-02 03:00:00,-19.6783963687,0.0,0,-0.11,-0.22,-0.11
2014-04-02 03:05:00,-20.4558306103,0.0,0,-0.11,-0.22,-0.11
2014-04-02 03:10:00,-18.0328014992,0.0,0,-0.11,-0.22,-0.11
2014-04-02 03:15:00,-20.8772912772,0.0,0,-0.11,-0.22,-0.11
2014-04-02 03:20:00,-20.2349061712,0.0,0,-0.11,-0.22,-0.11
2014-04-02 03:25:00,-19.9388110347,0.0,0,-0.11,-0.22,-0.11
2014-04-02 03:30:00,-19.6939801553,0.0,0,-0.11,-0.22,-0.11
2014-04-02 03:35:00,-20.077948127,0.0,0,-0.11,-0.22,-0.11
2014-04-02 03:40:00,-18.6471429379,0.0,0,-0.11,-0.22,-0.11
2014-04-02 03:45:00,-18.4348469571,0.0,0,-0.11,-0.22,-0.11
2014-04-02 03:50:00,-19.158549915,0.0,0,-0.11,-0.22,-0.11
2014-04-02 03:55:00,-20.8380191679,0.0,0,-0.11,-0.22,-0.11
2014-04-02 04:00:00,-20.3531515353,0.0,0,-0.11,-0.22,-0.11
2014-04-02 04:05:00,-19.9204920705,0.0,0,-0.11,-0.22,-0.11
2014-04-02 04:10:00,-20.2860838636,0.0,0,-0.11,-0.22,-0.11
2014-04-02 04:15:00,-20.2370320522,0.0,0,-0.11,-0.22,-0.11
2014-04-02 04:20:00,-19.228167702,0.0,0,-0.11,-0.22,-0.11
2014-04-02 04:25:00,-18.389823789,0.0,0,-0.11,-0.22,-0.11
2014-04-02 04:30:00,-21.5871294747,0.0,0,-0.11,-0.22,-0.11
2014-04-02 04:35:00,-20.3996450505,0.0,0,-0.11,-0.22,-0.11
2014-04-02 04:40:00,-20.790991998699997,0.0,0,-0.11,-0.22,-0.11
2014-04-02 04:45:00,-19.8559888975,0.0,0,-0.11,-0.22,-0.11
2014-04-02 04:50:00,-21.0259223199,0.0,0,-0.11,-0.22,-0.11
2014-04-02 04:55:00,-20.3379890559,0.0,0,-0.11,-0.22,-0.11
2014-04-02 05:00:00,-18.215204488399998,0.0,0,-0.11,-0.22,-0.11
2014-04-02 05:05:00,-21.560388141599997,0.0,0,-0.11,-0.22,-0.11
2014-04-02 05:10:00,-19.2221445872,0.0,0,-0.11,-0.22,-0.11
2014-04-02 05:15:00,-18.5515631097,0.0,0,-0.11,-0.22,-0.11
2014-04-02 05:20:00,-18.3521640308,0.0,0,-0.11,-0.22,-0.11
2014-04-02 05:25:00,-20.8817612554,0.0,0,-0.11,-0.22,-0.11
2014-04-02 05:30:00,-20.8158734672,0.0,0,-0.11,-0.22,-0.11
2014-04-02 05:35:00,-20.8006484993,0.0,0,-0.11,-0.22,-0.11
2014-04-02 05:40:00,-21.663011090700003,0.0,0,-0.11,-0.22,-0.11
2014-04-02 05:45:00,-19.395772088,0.0,0,-0.11,-0.22,-0.11
2014-04-02 05:50:00,-20.2445322254,0.0,0,-0.11,-0.22,-0.11
2014-04-02 05:55:00,-20.477982332,0.0,0,-0.11,-0.22,-0.11
2014-04-02 06:00:00,-21.917927314299998,0.0,0,-0.11,-0.22,-0.11
2014-04-02 06:05:00,-19.2493845749,0.0,0,-0.11,-0.22,-0.11
2014-04-02 06:10:00,-21.8253247996,0.0,0,-0.11,-0.22,-0.11
2014-04-02 06:15:00,-18.5949373323,0.0,0,-0.11,-0.22,-0.11
2014-04-02 06:20:00,-21.0560058241,0.0,0,-0.11,-0.22,-0.11
2014-04-02 06:25:00,-20.5315436001,0.0,0,-0.11,-0.22,-0.11
2014-04-02 06:30:00,-21.2675841491,0.0,0,-0.11,-0.22,-0.11
2014-04-02 06:35:00,-18.1147422946,0.0,0,-0.11,-0.22,-0.11
2014-04-02 06:40:00,-18.3125241718,0.0,0,-0.11,-0.22,-0.11
2014-04-02 06:45:00,-18.278783118299998,0.0,0,-0.11,-0.22,-0.11
2014-04-02 06:50:00,-20.371837822,0.0,0,-0.11,-0.22,-0.11
2014-04-02 06:55:00,-20.411744270299998,0.0,0,-0.11,-0.22,-0.11
2014-04-02 07:00:00,-21.624419557399996,0.0,0,-0.11,-0.22,-0.11
2014-04-02 07:05:00,-19.8704140581,0.0,0,-0.11,-0.22,-0.11
2014-04-02 07:10:00,-18.27219622,0.0,0,-0.11,-0.22,-0.11
2014-04-02 07:15:00,-18.838117606500003,0.0,0,-0.11,-0.22,-0.11
2014-04-02 07:20:00,-18.0322923793,0.0,0,-0.11,-0.22,-0.11
2014-04-02 07:25:00,-21.1068581005,0.0,0,-0.11,-0.22,-0.11
2014-04-02 07:30:00,-21.2623977475,0.0,0,-0.11,-0.22,-0.11
2014-04-02 07:35:00,-21.991761665100004,0.0,0,-0.11,-0.22,-0.11
2014-04-02 07:40:00,-19.648777796199997,0.0,0,-0.11,-0.22,-0.11
2014-04-02 07:45:00,-18.0771935016,0.0,0,-0.11,-0.22,-0.11
2014-04-02 07:50:00,-18.938919526,0.0,0,-0.11,-0.22,-0.11
2014-04-02 07:55:00,-20.3510754707,0.0,0,-0.11,-0.22,-0.11
2014-04-02 08:00:00,-21.847771868200002,0.0,0,-0.11,-0.22,-0.11
2014-04-02 08:05:00,-18.4143142059,0.0,0,-0.11,-0.22,-0.11
2014-04-02 08:10:00,-18.4862920806,0.0,0,-0.11,-0.22,-0.11
2014-04-02 08:15:00,-20.8070359411,0.0,0,-0.11,-0.22,-0.11
2014-04-02 08:20:00,-20.6688282201,0.0,0,-0.11,-0.22,-0.11
2014-04-02 08:25:00,-19.0020254212,0.0,0,-0.11,-0.22,-0.11
2014-04-02 08:30:00,-21.252579164100002,0.0,0,-0.11,-0.22,-0.11
2014-04-02 08:35:00,-18.5151150219,0.0,0,-0.11,-0.22,-0.11
2014-04-02 08:40:00,-21.7029673791,0.0,0,-0.11,-0.22,-0.11
2014-04-02 08:45:00,-18.804127721300002,0.0,0,-0.11,-0.22,-0.11
2014-04-02 08:50:00,-18.3254094909,0.0,0,-0.11,-0.22,-0.11
2014-04-02 08:55:00,-19.3580883459,0.0,0,-0.11,-0.22,-0.11
2014-04-02 09:00:00,56.254095462399995,0.0,0,-0.11,-0.22,-0.11
2014-04-02 09:05:00,60.3232947004,0.0,0,-0.11,-0.22,-0.11
2014-04-02 09:10:00,62.24215844850001,0.0,0,-0.11,-0.22,-0.11
2014-04-02 09:15:00,59.8910589417,0.0,0,-0.11,-0.22,-0.11
2014-04-02 09:20:00,61.9272879817,0.0,0,-0.11,-0.22,-0.11
2014-04-02 09:25:00,58.379046172799995,0.0,0,-0.11,-0.22,-0.11
2014-04-02 09:30:00,54.33507116689999,0.0,0,-0.11,-0.22,-0.11
2014-04-02 09:35:00,65.6887694907,0.0,0,-0.11,-0.22,-0.11
2014-04-02 09:40:00,63.8329620545,0.0,0,-0.11,-0.22,-0.11
2014-04-02 09:45:00,54.88102588899999,0.0,0,-0.11,-0.22,-0.11
2014-04-02 09:50:00,59.3901167539,0.0,0,-0.11,-0.22,-0.11
2014-04-02 09:55:00,61.62022884090001,0.0,0,-0.11,-0.22,-0.11
2014-04-02 10:00:00,71.2970329127,0.0,0,-0.11,-0.22,-0.11
2014-04-02 10:05:00,77.18542689270001,0.0,0,-0.11,-0.22,-0.11
2014-04-02 10:10:00,76.5114589954,0.0,0,-0.11,-0.22,-0.11
2014-04-02 10:15:00,71.5656308657,0.0,0,-0.11,-0.22,-0.11
2014-04-02 10:20:00,70.546396701,0.0,0,-0.11,-0.22,-0.11
2014-04-02 10:25:00,79.9362268022,0.0,0,-0.11,-0.22,-0.11
2014-04-02 10:30:00,73.3033139815,0.0,0,-0.11,-0.22,-0.11
2014-04-02 10:35:00,72.10941611439999,0.0,0,-0.11,-0.22,-0.11
2014-04-02 10:40:00,79.6157509627,0.0,0,-0.11,-0.22,-0.11
2014-04-02 10:45:00,79.5882441187,0.0,0,-0.11,-0.22,-0.11
2014-04-02 10:50:00,72.6013051763,0.0,0,-0.11,-0.22,-0.11
2014-04-02 10:55:00,81.663040611,0.0,0,-0.11,-0.22,-0.11
2014-04-02 11:00:00,82.1818826147,0.0,0,-0.11,-0.22,-0.11
2014-04-02 11:05:00,76.75690521029999,0.0,0,-0.11,-0.22,-0.11
2014-04-02 11:10:00,78.05143605890001,0.0,0,-0.11,-0.22,-0.11
2014-04-02 11:15:00,82.7910814251,0.0,0,-0.11,-0.22,-0.11
2014-04-02 11:20:00,74.6314879131,0.0,0,-0.11,-0.22,-0.11
2014-04-02 11:25:00,78.7051709528,0.0,0,-0.11,-0.22,-0.11
2014-04-02 11:30:00,81.6323641414,0.0,0,-0.11,-0.22,-0.11
2014-04-02 11:35:00,79.8256570005,0.0,0,-0.11,-0.22,-0.11
2014-04-02 11:40:00,80.9159209991,0.0,0,-0.11,-0.22,-0.11
2014-04-02 11:45:00,79.9320059917,0.0,0,-0.11,-0.22,-0.11
2014-04-02 11:50:00,74.4357627096,0.0,0,-0.11,-0.22,-0.11
2014-04-02 11:55:00,77.7776526644,0.0,0,-0.11,-0.22,-0.11
2014-04-02 12:00:00,80.3507443918,0.0,0,-0.11,-0.22,-0.11
2014-04-02 12:05:00,84.3120418698,0.0,0,-0.11,-0.22,-0.11
2014-04-02 12:10:00,82.2975428591,0.0,0,-0.11,-0.22,-0.11
2014-04-02 12:15:00,78.6678042127,0.0,0,-0.11,-0.22,-0.11
2014-04-02 12:20:00,87.4152165199,0.0,0,-0.11,-0.22,-0.11
2014-04-02 12:25:00,73.5772788902,0.0,0,-0.11,-0.22,-0.11
2014-04-02 12:30:00,75.1582601411,0.0,0,-0.11,-0.22,-0.11
2014-04-02 12:35:00,77.30607975699999,0.0,0,-0.11,-0.22,-0.11
2014-04-02 12:40:00,75.5058389253,0.0,0,-0.11,-0.22,-0.11
2014-04-02 12:45:00,81.843057805,0.0,0,-0.11,-0.22,-0.11
2014-04-02 12:50:00,72.487546046,0.0,0,-0.11,-0.22,-0.11
2014-04-02 12:55:00,74.6893105713,0.0,0,-0.11,-0.22,-0.11
2014-04-02 13:00:00,76.6628783802,0.0,0,-0.11,-0.22,-0.11
2014-04-02 13:05:00,82.9003589883,0.0,0,-0.11,-0.22,-0.11
2014-04-02 13:10:00,85.979432586,0.0,0,-0.11,-0.22,-0.11
2014-04-02 13:15:00,84.7419579815,0.0,0,-0.11,-0.22,-0.11
2014-04-02 13:20:00,74.88332961399999,0.0,0,-0.11,-0.22,-0.11
2014-04-02 13:25:00,81.0140735382,0.0,0,-0.11,-0.22,-0.11
2014-04-02 13:30:00,72.45137018060001,0.0,0,-0.11,-0.22,-0.11
2014-04-02 13:35:00,76.9378009703,0.0,0,-0.11,-0.22,-0.11
2014-04-02 13:40:00,84.861782421,0.0,0,-0.11,-0.22,-0.11
2014-04-02 13:45:00,79.2749287593,0.0,0,-0.11,-0.22,-0.11
2014-04-02 13:50:00,74.369301532,0.0,0,-0.11,-0.22,-0.11
2014-04-02 13:55:00,78.9852473622,0.0,0,-0.11,-0.22,-0.11
2014-04-02 14:00:00,75.1625133253,0.0,0,-0.11,-0.22,-0.11
2014-04-02 14:05:00,78.2848000408,0.0,0,-0.11,-0.22,-0.11
2014-04-02 14:10:00,79.7989511371,0.0,0,-0.11,-0.22,-0.11
2014-04-02 14:15:00,77.5867223658,0.0,0,-0.11,-0.22,-0.11
2014-04-02 14:20:00,86.9845438867,0.0,0,-0.11,-0.22,-0.11
2014-04-02 14:25:00,80.9940047221,0.0,0,-0.11,-0.22,-0.11
2014-04-02 14:30:00,85.4794438805,0.0,0,-0.11,-0.22,-0.11
2014-04-02 14:35:00,84.1649230203,0.0,0,-0.11,-0.22,-0.11
2014-04-02 14:40:00,82.5720546554,0.0,0,-0.11,-0.22,-0.11
2014-04-02 14:45:00,79.9438239552,0.0,0,-0.11,-0.22,-0.11
2014-04-02 14:50:00,72.02901775810001,0.0,0,-0.11,-0.22,-0.11
2014-04-02 14:55:00,81.8089363703,0.0,0,-0.11,-0.22,-0.11
2014-04-02 15:00:00,77.6940761229,0.0,0,-0.11,-0.22,-0.11
2014-04-02 15:05:00,73.8830125217,0.0,0,-0.11,-0.22,-0.11
2014-04-02 15:10:00,79.1127543935,0.0,0,-0.11,-0.22,-0.11
2014-04-02 15:15:00,83.76751285489999,0.0,0,-0.11,-0.22,-0.11
2014-04-02 15:20:00,87.38544652569998,0.0,0,-0.11,-0.22,-0.11
2014-04-02 15:25:00,77.9844304871,0.0,0,-0.11,-0.22,-0.11
2014-04-02 15:30:00,80.6822818421,0.0,0,-0.11,-0.22,-0.11
2014-04-02 15:35:00,85.6185402153,0.0,0,-0.11,-0.22,-0.11
2014-04-02 15:40:00,77.3427532153,0.0,0,-0.11,-0.22,-0.11
2014-04-02 15:45:00,74.2749275017,0.0,0,-0.11,-0.22,-0.11
2014-04-02 15:50:00,76.508885138,0.0,0,-0.11,-0.22,-0.11
2014-04-02 15:55:00,86.3845831015,0.0,0,-0.11,-0.22,-0.11
2014-04-02 16:00:00,74.5500511745,0.0,0,-0.11,-0.22,-0.11
2014-04-02 16:05:00,77.26728972,0.0,0,-0.11,-0.22,-0.11
2014-04-02 16:10:00,79.4339907784,0.0,0,-0.11,-0.22,-0.11
2014-04-02 16:15:00,85.5535378037,0.0,0,-0.11,-0.22,-0.11
2014-04-02 16:20:00,87.0031341275,0.0,0,-0.11,-0.22,-0.11
2014-04-02 16:25:00,78.8127127526,0.0,0,-0.11,-0.22,-0.11
2014-04-02 16:30:00,86.9109866576,0.0,0,-0.11,-0.22,-0.11
2014-04-02 16:35:00,74.58310685100001,0.0,0,-0.11,-0.22,-0.11
2014-04-02 16:40:00,74.5093982395,0.0,0,-0.11,-0.22,-0.11
2014-04-02 16:45:00,87.1877341125,0.0,0,-0.11,-0.22,-0.11
2014-04-02 16:50:00,80.1546256408,0.0,0,-0.11,-0.22,-0.11
2014-04-02 16:55:00,74.9742854472,0.0,0,-0.11,-0.22,-0.11
2014-04-02 17:00:00,79.8077948522,0.0,0,-0.11,-0.22,-0.11
2014-04-02 17:05:00,84.53132438600001,0.0,0,-0.11,-0.22,-0.11
2014-04-02 17:10:00,85.23067130390001,0.0,0,-0.11,-0.22,-0.11
2014-04-02 17:15:00,85.8234531793,0.0,0,-0.11,-0.22,-0.11
2014-04-02 17:20:00,81.113082537,0.0,0,-0.11,-0.22,-0.11
2014-04-02 17:25:00,85.87108127239999,0.0,0,-0.11,-0.22,-0.11
2014-04-02 17:30:00,80.1604320381,0.0,0,-0.11,-0.22,-0.11
2014-04-02 17:35:00,81.712906142,0.0,0,-0.11,-0.22,-0.11
2014-04-02 17:40:00,84.1394629871,0.0,0,-0.11,-0.22,-0.11
2014-04-02 17:45:00,78.80691424689999,0.0,0,-0.11,-0.22,-0.11
2014-04-02 17:50:00,73.17725696069999,0.0,0,-0.11,-0.22,-0.11
2014-04-02 17:55:00,77.602612044,0.0,0,-0.11,-0.22,-0.11
2014-04-02 18:00:00,-1.04938377559e-05,0.0,0,-0.11,-0.22,-0.11
2014-04-02 18:05:00,-9.60989669296e-06,0.0,0,-0.11,-0.22,-0.11
2014-04-02 18:10:00,-9.51989322439e-06,0.0,0,-0.11,-0.22,-0.11
2014-04-02 18:15:00,-9.816228955260001e-06,0.0,0,-0.11,-0.22,-0.11
2014-04-02 18:20:00,-9.28176427469e-06,0.0,0,-0.11,-0.22,-0.11
2014-04-02 18:25:00,-1.07385300952e-05,0.0,0,-0.11,-0.22,-0.11
2014-04-02 18:30:00,-9.74584955322e-06,0.0,0,-0.11,-0.22,-0.11
2014-04-02 18:35:00,-9.47044023626e-06,0.0,0,-0.11,-0.22,-0.11
2014-04-02 18:40:00,-1.06478170438e-05,0.0,0,-0.11,-0.22,-0.11
2014-04-02 18:45:00,-1.09423165696e-05,0.0,0,-0.11,-0.22,-0.11
2014-04-02 18:50:00,-9.256705220269999e-06,0.0,0,-0.11,-0.22,-0.11
2014-04-02 18:55:00,-9.69441233042e-06,0.0,0,-0.11,-0.22,-0.11
2014-04-02 19:00:00,-17.424745669900002,0.0,0,-0.11,-0.22,-0.11
2014-04-02 19:05:00,-15.632815235999999,0.0,0,-0.11,-0.22,-0.11
2014-04-02 19:10:00,-17.4034968305,0.0,0,-0.11,-0.22,-0.11
2014-04-02 19:15:00,-15.277482078299998,0.0,0,-0.11,-0.22,-0.11
2014-04-02 19:20:00,-15.0978183664,0.0,0,-0.11,-0.22,-0.11
2014-04-02 19:25:00,-15.0851488484,0.0,0,-0.11,-0.22,-0.11
2014-04-02 19:30:00,-14.6727335915,0.0,0,-0.11,-0.22,-0.11
2014-04-02 19:35:00,-17.2685855336,0.0,0,-0.11,-0.22,-0.11
2014-04-02 19:40:00,-17.535474317000002,0.0,0,-0.11,-0.22,-0.11
2014-04-02 19:45:00,-17.4544304174,0.0,0,-0.11,-0.22,-0.11
2014-04-02 19:50:00,-17.1264922396,0.0,0,-0.11,-0.22,-0.11
2014-04-02 19:55:00,-17.1100434946,0.0,0,-0.11,-0.22,-0.11
2014-04-02 20:00:00,-19.818568616700002,0.0,0,-0.11,-0.22,-0.11
2014-04-02 20:05:00,-20.4526610902,0.0,0,-0.11,-0.22,-0.11
2014-04-02 20:10:00,-18.0800350648,0.0,0,-0.11,-0.22,-0.11
2014-04-02 20:15:00,-18.7695849011,0.0,0,-0.11,-0.22,-0.11
2014-04-02 20:20:00,-19.7408117874,0.0,0,-0.11,-0.22,-0.11
2014-04-02 20:25:00,-20.6391223573,0.0,0,-0.11,-0.22,-0.11
2014-04-02 20:30:00,-19.8162031582,0.0,0,-0.11,-0.22,-0.11
2014-04-02 20:35:00,-20.5018447574,0.0,0,-0.11,-0.22,-0.11
2014-04-02 20:40:00,-19.0999665483,0.0,0,-0.11,-0.22,-0.11
2014-04-02 20:45:00,-20.0344467802,0.0,0,-0.11,-0.22,-0.11
2014-04-02 20:50:00,-21.0431267454,0.0,0,-0.11,-0.22,-0.11
2014-04-02 20:55:00,-17.8693964406,0.0,0,-0.11,-0.22,-0.11
2014-04-02 21:00:00,-21.534021396,0.0,0,-0.11,-0.22,-0.11
2014-04-02 21:05:00,-19.9287402273,0.0,0,-0.11,-0.22,-0.11
2014-04-02 21:10:00,-20.4082892302,0.0,0,-0.11,-0.22,-0.11
2014-04-02 21:15:00,-21.3393843075,0.0,0,-0.11,-0.22,-0.11
2014-04-02 21:20:00,-19.4815078371,0.0,0,-0.11,-0.22,-0.11
2014-04-02 21:25:00,-19.5173722178,0.0,0,-0.11,-0.22,-0.11
2014-04-02 21:30:00,-19.947857609,0.0,0,-0.11,-0.22,-0.11
2014-04-02 21:35:00,-17.9317971453,0.0,0,-0.11,-0.22,-0.11
2014-04-02 21:40:00,-19.8267714878,0.0,0,-0.11,-0.22,-0.11
2014-04-02 21:45:00,-19.011034346,0.0,0,-0.11,-0.22,-0.11
2014-04-02 21:50:00,-21.5381222847,0.0,0,-0.11,-0.22,-0.11
2014-04-02 21:55:00,-18.2041337406,0.0,0,-0.11,-0.22,-0.11
2014-04-02 22:00:00,-19.8055422134,0.0,0,-0.11,-0.22,-0.11
2014-04-02 22:05:00,-21.7550089031,0.0,0,-0.11,-0.22,-0.11
2014-04-02 22:10:00,-21.5695743934,0.0,0,-0.11,-0.22,-0.11
2014-04-02 22:15:00,-20.7721051565,0.0,0,-0.11,-0.22,-0.11
2014-04-02 22:20:00,-20.324872313900002,0.0,0,-0.11,-0.22,-0.11
2014-04-02 22:25:00,-19.092327086199997,0.0,0,-0.11,-0.22,-0.11
2014-04-02 22:30:00,-19.4366799414,0.0,0,-0.11,-0.22,-0.11
2014-04-02 22:35:00,-18.331162610899998,0.0,0,-0.11,-0.22,-0.11
2014-04-02 22:40:00,-21.1106021152,0.0,0,-0.11,-0.22,-0.11
2014-04-02 22:45:00,-19.2646063209,0.0,0,-0.11,-0.22,-0.11
2014-04-02 22:50:00,-20.6380538089,0.0,0,-0.11,-0.22,-0.11
2014-04-02 22:55:00,-19.3992905181,0.0,0,-0.11,-0.22,-0.11
2014-04-02 23:00:00,-19.8509674259,0.0,0,-0.11,-0.22,-0.11
2014-04-02 23:05:00,-20.2135394897,0.0,0,-0.11,-0.22,-0.11
2014-04-02 23:10:00,-21.200623265999997,0.0,0,-0.11,-0.22,-0.11
2014-04-02 23:15:00,-18.838595233099998,0.0,0,-0.11,-0.22,-0.11
2014-04-02 23:20:00,-19.5887911308,0.0,0,-0.11,-0.22,-0.11
2014-04-02 23:25:00,-18.5143997862,0.0,0,-0.11,-0.22,-0.11
2014-04-02 23:30:00,-18.2971850492,0.0,0,-0.11,-0.22,-0.11
2014-04-02 23:35:00,-20.4121634448,0.0,0,-0.11,-0.22,-0.11
2014-04-02 23:40:00,-18.750362144,0.0,0,-0.11,-0.22,-0.11
2014-04-02 23:45:00,-18.2333608275,0.0,0,-0.11,-0.22,-0.11
2014-04-02 23:50:00,-21.581483443000003,0.0,0,-0.11,-0.22,-0.11
2014-04-02 23:55:00,-20.13081376,0.0,0,-0.11,-0.22,-0.11
2014-04-03 00:00:00,-18.538512829600002,0.0,0,-0.11,-0.22,-0.11
2014-04-03 00:05:00,-18.2137045098,0.0,0,-0.11,-0.22,-0.11
2014-04-03 00:10:00,-18.4794402137,0.0,0,-0.11,-0.22,-0.11
2014-04-03 00:15:00,-19.8853489613,0.0,0,-0.11,-0.22,-0.11
2014-04-03 00:20:00,-20.6738610207,0.0,0,-0.11,-0.22,-0.11
2014-04-03 00:25:00,-20.5651202999,0.0,0,-0.11,-0.22,-0.11
2014-04-03 00:30:00,-18.5776923451,0.0,0,-0.11,-0.22,-0.11
2014-04-03 00:35:00,-20.5339558074,0.0,0,-0.11,-0.22,-0.11
2014-04-03 00:40:00,-19.6194624969,0.0,0,-0.11,-0.22,-0.11
2014-04-03 00:45:00,-19.8589751372,0.0,0,-0.11,-0.22,-0.11
2014-04-03 00:50:00,-21.205721625,0.0,0,-0.11,-0.22,-0.11
2014-04-03 00:55:00,-19.3299974907,0.0,0,-0.11,-0.22,-0.11
2014-04-03 01:00:00,-18.5879961887,0.0,0,-0.11,-0.22,-0.11
2014-04-03 01:05:00,-21.493812534299998,0.0,0,-0.11,-0.22,-0.11
2014-04-03 01:10:00,-18.848522303499998,0.0,0,-0.11,-0.22,-0.11
2014-04-03 01:15:00,-19.1761194822,0.0,0,-0.11,-0.22,-0.11
2014-04-03 01:20:00,-20.8263602356,0.0,0,-0.11,-0.22,-0.11
2014-04-03 01:25:00,-20.7342012682,0.0,0,-0.11,-0.22,-0.11
2014-04-03 01:30:00,-21.2016000851,0.0,0,-0.11,-0.22,-0.11
2014-04-03 01:35:00,-18.7354665658,0.0,0,-0.11,-0.22,-0.11
2014-04-03 01:40:00,-19.4091195733,0.0,0,-0.11,-0.22,-0.11
2014-04-03 01:45:00,-18.5035329558,0.0,0,-0.11,-0.22,-0.11
2014-04-03 01:50:00,-20.1641565887,0.0,0,-0.11,-0.22,-0.11
2014-04-03 01:55:00,-19.1702823702,0.0,0,-0.11,-0.22,-0.11
2014-04-03 02:00:00,-20.755742564000002,0.0,0,-0.11,-0.22,-0.11
2014-04-03 02:05:00,-18.0013774719,0.0,0,-0.11,-0.22,-0.11
2014-04-03 02:10:00,-18.238731993800002,0.0,0,-0.11,-0.22,-0.11
2014-04-03 02:15:00,-19.7302412021,0.0,0,-0.11,-0.22,-0.11
2014-04-03 02:20:00,-21.832736623899997,0.3634249282478475,0,-0.11,-0.22,-0.11
2014-04-03 02:25:00,-21.563405549400002,0.3629423759002691,0,-0.11,-0.22,-0.11
2014-04-03 02:30:00,-21.9760361122,0.3636106925186818,0,-0.11,-0.22,-0.11
2014-04-03 02:35:00,-19.6673208995,0.3597649391271661,0,-0.11,-0.22,-0.11
2014-04-03 02:40:00,-18.186273945099998,0.3573095941688189,0,-0.11,-0.22,-0.11
2014-04-03 02:45:00,-19.2238245681,0.3590425674092288,0,-0.11,-0.22,-0.11
2014-04-03 02:50:00,-20.7030834087,0.3614979997706587,0,-0.11,-0.22,-0.11
2014-04-03 02:55:00,-18.5406552391,0.3578953064799804,0,-0.11,-0.22,-0.11
2014-04-03 03:00:00,-19.199888715,0.3589850289125971,0,-0.11,-0.22,-0.11
2014-04-03 03:05:00,-18.2246646582,0.3573806594332013,0,-0.11,-0.22,-0.11
2014-04-03 03:10:00,-19.8998681536,0.3601712730709813,0,-0.11,-0.22,-0.11
2014-04-03 03:15:00,-18.8356827108,0.35841058460957376,0,-0.11,-0.22,-0.11
2014-04-03 03:20:00,-18.3649921076,0.3576427048279313,0,-0.11,-0.22,-0.11
2014-04-03 03:25:00,-19.6448632379,0.3597894810139778,0,-0.11,-0.22,-0.11
2014-04-03 03:30:00,-19.4049016175,0.3594032229544831,0,-0.11,-0.22,-0.11
2014-04-03 03:35:00,-20.1500709478,0.3606558760118464,0,-0.11,-0.22,-0.11
2014-04-03 03:40:00,-20.9961546213,0.362062130508271,0,-0.11,-0.22,-0.11
2014-04-03 03:45:00,-18.4502749457,0.3578199955958782,0,-0.11,-0.22,-0.11
2014-04-03 03:50:00,-21.1645023608,0.3623578725712771,0,-0.11,-0.22,-0.11
2014-04-03 03:55:00,-18.1051599195,0.3572515831028545,0,-0.11,-0.22,-0.11
2014-04-03 04:00:00,-19.77240761,0.3600204085111439,0,-0.11,-0.22,-0.11
2014-04-03 04:05:00,-20.3497211475,0.3609790087239501,0,-0.11,-0.22,-0.11
2014-04-03 04:10:00,-21.8279946926,0.3634417573579258,0,-0.11,-0.22,-0.11
2014-04-03 04:15:00,-20.2956921075,0.3608562531663558,0,-0.11,-0.22,-0.11
2014-04-03 04:20:00,-18.6349967731,0.3581054754665578,0,-0.11,-0.22,-0.11
2014-04-03 04:25:00,-20.070167221400002,0.3605008286872529,0,-0.11,-0.22,-0.11
2014-04-03 04:30:00,-19.5831357888,0.3596907366007175,0,-0.11,-0.22,-0.11
2014-04-03 04:35:00,-19.9174222704,0.36024685710017623,0,-0.11,-0.22,-0.11
2014-04-03 04:40:00,-18.7883880586,0.3583748078068562,0,-0.11,-0.22,-0.11
2014-04-03 04:45:00,-20.0033081692,0.3603897350015315,0,-0.11,-0.22,-0.11
2014-04-03 04:50:00,-18.6001590572,0.35804806549261314,0,-0.11,-0.22,-0.11
2014-04-03 04:55:00,-20.9761723228,0.3619987161848369,0,-0.11,-0.22,-0.11
2014-04-03 05:00:00,-20.375625040899997,0.3609983625161071,0,-0.11,-0.22,-0.11
2014-04-03 05:05:00,-18.314110766400002,0.357577723629343,0,-0.11,-0.22,-0.11
2014-04-03 05:10:00,-21.5584578717,0.3629815461508811,0,-0.11,-0.22,-0.11
2014-04-03 05:15:00,-20.4655184185,0.3611503789220813,0,-0.11,-0.22,-0.11
2014-04-03 05:20:00,-19.2644282205,0.3591533868138511,0,-0.11,-0.22,-0.11
2014-04-03 05:25:00,-18.1825695981,0.3573603284567439,0,-0.11,-0.22,-0.11
2014-04-03 05:30:00,-20.5289067831,0.3612552452123897,0,-0.11,-0.22,-0.11
2014-04-03 05:35:00,-19.4937610454,0.35954486240352523,0,-0.11,-0.22,-0.11
2014-04-03 05:40:00,-21.6304724195,0.36310729377225454,0,-0.11,-0.22,-0.11
2014-04-03 05:45:00,-18.1395113309,0.3573006083237792,0,-0.11,-0.22,-0.11
2014-04-03 05:50:00,-18.1564097414,0.3573433539274514,0,-0.11,-0.22,-0.11
2014-04-03 05:55:00,-21.797197147600002,0.3634189983346437,0,-0.11,-0.22,-0.11
2014-04-03 06:00:00,-21.859495782699998,0.3635094685390315,0,-0.11,-0.22,-0.11
2014-04-03 06:05:00,-18.110968907100002,0.3572484641907187,0,-0.11,-0.22,-0.11
2014-04-03 06:10:00,-20.8641329398,0.3618489784768468,0,-0.11,-0.22,-0.11
2014-04-03 06:15:00,-18.8859794093,0.3585480019869075,0,-0.11,-0.22,-0.11
2014-04-03 06:20:00,-20.8055710651,0.3617337579058124,0,-0.11,-0.22,-0.11
2014-04-03 06:25:00,-21.4749311866,0.3628263916631049,0,-0.11,-0.22,-0.11
2014-04-03 06:30:00,-18.4033259154,0.3577187779246599,0,-0.11,-0.22,-0.11
2014-04-03 06:35:00,-18.955065667,0.3586540266777513,0,-0.11,-0.22,-0.11
2014-04-03 06:40:00,-18.0963106733,0.35724743740556114,0,-0.11,-0.22,-0.11
2014-04-03 06:45:00,-18.1753193818,0.3574092344179293,0,-0.11,-0.22,-0.11
2014-04-03 06:50:00,-18.118471432899998,0.35732558637959816,0,-0.11,-0.22,-0.11
2014-04-03 06:55:00,-21.2027294257,0.3624680354729229,0,-0.11,-0.22,-0.11
2014-04-03 07:00:00,-19.1931707137,0.3591193294374688,0,-0.11,-0.22,-0.11
2014-04-03 07:05:00,-19.9728457583,0.360438824338952,0,-0.11,-0.22,-0.11
2014-04-03 07:10:00,-21.1513770544,0.3623941180065903,0,-0.11,-0.22,-0.11
2014-04-03 07:15:00,-19.9797746508,0.3604500235367076,0,-0.11,-0.22,-0.11
2014-04-03 07:20:00,-19.716784250499998,0.3600006599406672,0,-0.11,-0.22,-0.11
2014-04-03 07:25:00,-18.046292826,0.3572412956976703,0,-0.11,-0.22,-0.11
2014-04-03 07:30:00,-20.2721580101,0.36095811266888056,0,-0.11,-0.22,-0.11
2014-04-03 07:35:00,-18.4989723125,0.3580217202475525,0,-0.11,-0.22,-0.11
2014-04-03 07:40:00,-21.0585929632,0.36227337445548063,0,-0.11,-0.22,-0.11
2014-04-03 07:45:00,-19.0309508953,0.3588768134355677,0,-0.11,-0.22,-0.11
2014-04-03 07:50:00,-20.6967496432,0.36163924646733003,0,-0.11,-0.22,-0.11
2014-04-03 07:55:00,-20.584894111300002,0.3614500901598919,0,-0.11,-0.22,-0.11
2014-04-03 08:00:00,-20.466702411700002,0.36125180831521264,0,-0.11,-0.22,-0.11
2014-04-03 08:05:00,-19.0678080301,0.3589373444119085,0,-0.11,-0.22,-0.11
2014-04-03 08:10:00,-19.068359108699998,0.358945294049464,0,-0.11,-0.22,-0.11
2014-04-03 08:15:00,-21.4521921738,0.3629042273717125,0,-0.11,-0.22,-0.11
2014-04-03 08:20:00,-18.0512293305,0.35722927456488524,0,-0.11,-0.22,-0.11
2014-04-03 08:25:00,-18.7260905338,0.3583473950137636,0,-0.11,-0.22,-0.11
2014-04-03 08:30:00,-20.4406836706,0.3612168073701697,0,-0.11,-0.22,-0.11
2014-04-03 08:35:00,-21.2681850176,0.3626026054789168,0,-0.11,-0.22,-0.11
2014-04-03 08:40:00,-19.4333820347,0.35955598163227204,0,-0.11,-0.22,-0.11
2014-04-03 08:45:00,-20.6137738344,0.3615209100268203,0,-0.11,-0.22,-0.11
2014-04-03 08:50:00,-20.2286256785,0.3608573565820493,0,-0.11,-0.22,-0.11
2014-04-03 08:55:00,-18.2581604179,0.3575749276697699,0,-0.11,-0.22,-0.11
2014-04-03 09:00:00,61.461002363199995,0.3761654508677911,0,-0.11,-0.22,-0.11
2014-04-03 09:05:00,63.76684166729999,0.37956656405283795,0,-0.11,-0.22,-0.11
2014-04-03 09:10:00,65.9093798436,0.3826774115247181,0,-0.11,-0.22,-0.11
2014-04-03 09:15:00,54.355680871800004,0.3626918813330188,0,-0.11,-0.22,-0.11
2014-04-03 09:20:00,61.920698071000004,0.3749477214793472,0,-0.11,-0.22,-0.11
2014-04-03 09:25:00,58.974594637799996,0.3695001052518713,0,-0.11,-0.22,-0.11
2014-04-03 09:30:00,54.117454664499995,0.3609480374562562,0,-0.11,-0.22,-0.11
2014-04-03 09:35:00,61.372331324499996,0.3726576975772747,0,-0.11,-0.22,-0.11
2014-04-03 09:40:00,55.469127582700004,0.3623170433129005,0,-0.11,-0.22,-0.11
2014-04-03 09:45:00,58.542802202299995,0.3670202191819689,0,-0.11,-0.22,-0.11
2014-04-03 09:50:00,57.1364051099,0.3642344257718164,0,-0.11,-0.22,-0.11
2014-04-03 09:55:00,58.3339608273,0.3658066232472137,0,-0.11,-0.22,-0.11
2014-04-03 10:00:00,75.8889728388,0.39510223194239547,0,-0.11,-0.22,-0.11
2014-04-03 10:05:00,73.8599848938,0.3913762891693352,0,-0.11,-0.22,-0.11
2014-04-03 10:10:00,76.801524433,0.3962418496799154,0,-0.11,-0.22,-0.11
2014-04-03 10:15:00,72.0274752915,0.3878968705101861,0,-0.11,-0.22,-0.11
2014-04-03 10:20:00,78.0574988649,0.3980450207475479,0,-0.11,-0.22,-0.11
2014-04-03 10:25:00,81.3771976627,0.40352587706230986,0,-0.11,-0.22,-0.11
2014-04-03 10:30:00,71.8058191131,0.38688425861680187,0,-0.11,-0.22,-0.11
2014-04-03 10:35:00,76.119733681,0.3940005828431724,0,-0.11,-0.22,-0.11
2014-04-03 10:40:00,78.2600847252,0.3975081544577795,0,-0.11,-0.22,-0.11
2014-04-03 10:45:00,76.9823171944,0.3951390394517729,0,-0.11,-0.22,-0.11
2014-04-03 10:50:00,73.9578715821,0.3897419150172368,0,-0.11,-0.22,-0.11
2014-04-03 10:55:00,78.1614355617,0.3966813723138313,0,-0.11,-0.22,-0.11
2014-04-03 11:00:00,71.7274199064,0.3856069949784974,0,-0.11,-0.22,-0.11
2014-04-03 11:05:00,77.1393147148,0.3947265940054086,0,-0.11,-0.22,-0.11
2014-04-03 11:10:00,79.7165774799,0.3990991096446846,0,-0.11,-0.22,-0.11
2014-04-03 11:15:00,71.606512436,0.3853569629397331,0,-0.11,-0.22,-0.11
2014-04-03 11:20:00,79.3211574622,0.398380205485454,0,-0.11,-0.22,-0.11
2014-04-03 11:25:00,81.64339065850001,0.4022036123618956,0,-0.11,-0.22,-0.11
2014-04-03 11:30:00,83.3058499318,0.4050099853686953,0,-0.11,-0.22,-0.11
2014-04-03 11:35:00,73.0758454495,0.3875530348949823,0,-0.11,-0.22,-0.11
2014-04-03 11:40:00,86.9705476183,0.4111038990465259,0,-0.11,-0.22,-0.11
2014-04-03 11:45:00,80.8816963891,0.40060725547439774,0,-0.11,-0.22,-0.11
2014-04-03 11:50:00,77.032989675,0.3940760817493303,0,-0.11,-0.22,-0.11
2014-04-03 11:55:00,75.2256308146,0.3909722583909733,0,-0.11,-0.22,-0.11
2014-04-03 12:00:00,81.0040170874,0.40082746053641,0,-0.11,-0.22,-0.11
2014-04-03 12:05:00,85.93517158200001,0.4092442352072133,0,-0.11,-0.22,-0.11
2014-04-03 12:10:00,80.1683882456,0.3992898801217167,0,-0.11,-0.22,-0.11
2014-04-03 12:15:00,82.4183857839,0.4030752967948067,0,-0.11,-0.22,-0.11
2014-04-03 12:20:00,77.56769674659999,0.3948682754704725,0,-0.11,-0.22,-0.11
2014-04-03 12:25:00,78.0540157362,0.3956484329220048,0,-0.11,-0.22,-0.11
2014-04-03 12:30:00,76.425644089,0.3929122245329403,0,-0.11,-0.22,-0.11
2014-04-03 12:35:00,83.12361631649999,0.4043253864371185,0,-0.11,-0.22,-0.11
2014-04-03 12:40:00,77.591506853,0.39490312117761706,0,-0.11,-0.22,-0.11
2014-04-03 12:45:00,74.9013595397,0.3904193183146729,0,-0.11,-0.22,-0.11
2014-04-03 12:50:00,77.7545883204,0.3952962406936976,0,-0.11,-0.22,-0.11
2014-04-03 12:55:00,85.48991285470001,0.4083830653633471,0,-0.11,-0.22,-0.11
2014-04-03 13:00:00,83.7785078842,0.4053445703159004,0,-0.11,-0.22,-0.11
2014-04-03 13:05:00,77.32331181,0.39436033385432256,0,-0.11,-0.22,-0.11
2014-04-03 13:10:00,86.47433986,0.4099958856397667,0,-0.11,-0.22,-0.11
2014-04-03 13:15:00,73.168043233,0.3874155999447148,0,-0.11,-0.22,-0.11
2014-04-03 13:20:00,72.7669422384,0.38681524359955816,0,-0.11,-0.22,-0.11
2014-04-03 13:25:00,74.0099098663,0.3891008738764799,0,-0.11,-0.22,-0.11
2014-04-03 13:30:00,73.8337307833,0.3887992162453988,0,-0.11,-0.22,-0.11
2014-04-03 13:35:00,73.3759869006,0.3880475204242453,0,-0.11,-0.22,-0.11
2014-04-03 13:40:00,82.54844919930001,0.4036143252576975,0,-0.11,-0.22,-0.11
2014-04-03 13:45:00,81.5808326833,0.4018625582413807,0,-0.11,-0.22,-0.11
2014-04-03 13:50:00,82.328743494,0.4031381492819528,0,-0.11,-0.22,-0.11
2014-04-03 13:55:00,82.9806513238,0.4041009487390125,0,-0.11,-0.22,-0.11
2014-04-03 14:00:00,84.10334723359999,0.4058852962969363,0,-0.11,-0.22,-0.11
2014-04-03 14:05:00,75.3088056533,0.3909042578763586,0,-0.11,-0.22,-0.11
2014-04-03 14:10:00,81.9502996633,0.4022267630696821,0,-0.11,-0.22,-0.11
2014-04-03 14:15:00,81.2742760871,0.40114282731948414,0,-0.11,-0.22,-0.11
2014-04-03 14:20:00,87.09159252799999,0.4111065176037893,0,-0.11,-0.22,-0.11
2014-04-03 14:25:00,75.7118261571,0.3916226323252023,0,-0.11,-0.22,-0.11
2014-04-03 14:30:00,72.9337317846,0.3870332508612945,0,-0.11,-0.22,-0.11
2014-04-03 14:35:00,82.4493246417,0.4030770490420063,0,-0.11,-0.22,-0.11
2014-04-03 14:40:00,83.8360580226,0.4053497866517865,0,-0.11,-0.22,-0.11
2014-04-03 14:45:00,76.525013602,0.3929953014094684,0,-0.11,-0.22,-0.11
2014-04-03 14:50:00,81.127084209,0.4008076617501693,0,-0.11,-0.22,-0.11
2014-04-03 14:55:00,72.9467408424,0.3869362684809411,0,-0.11,-0.22,-0.11
2014-04-03 15:00:00,87.3593196872,0.4114021609209183,0,-0.11,-0.22,-0.11
2014-04-03 15:05:00,73.757619432,0.3882046336551391,0,-0.11,-0.22,-0.11
2014-04-03 15:10:00,73.0799592804,0.38712949421289694,0,-0.11,-0.22,-0.11
2014-04-03 15:15:00,72.7045992597,0.3865889646355371,0,-0.11,-0.22,-0.11
2014-04-03 15:20:00,78.83508912239999,0.3969625814796792,0,-0.11,-0.22,-0.11
2014-04-03 15:25:00,73.5533790224,0.3881878277971913,0,-0.11,-0.22,-0.11
2014-04-03 15:30:00,83.9130292253,0.4058150272811497,0,-0.11,-0.22,-0.11
2014-04-03 15:35:00,86.3806044582,0.4100537423910592,0,-0.11,-0.22,-0.11
2014-04-03 15:40:00,76.1622843012,0.3926660349494514,0,-0.11,-0.22,-0.11
2014-04-03 15:45:00,82.0590569421,0.4027451954135642,0,-0.11,-0.22,-0.11
2014-04-03 15:50:00,72.6762523135,0.38686331037748267,0,-0.11,-0.22,-0.11
2014-04-03 15:55:00,78.1837805866,0.3961312444808354,0,-0.11,-0.22,-0.11
2014-04-03 16:00:00,76.6868284162,0.393653963701224,0,-0.11,-0.22,-0.11
2014-04-03 16:05:00,75.65766343770001,0.3919317250806185,0,-0.11,-0.22,-0.11
2014-04-03 16:10:00,82.3153124242,0.40318411513751823,0,-0.11,-0.22,-0.11
2014-04-03 16:15:00,74.0834100741,0.3892135057561055,0,-0.11,-0.22,-0.11
2014-04-03 16:20:00,85.77109390439999,0.4091792117931353,0,-0.11,-0.22,-0.11
2014-04-03 16:25:00,82.6371100623,0.40385547640085256,0,-0.11,-0.22,-0.11
2014-04-03 16:30:00,83.3714960694,0.4050353079806731,0,-0.11,-0.22,-0.11
2014-04-03 16:35:00,86.96523064889999,0.4111321603144015,0,-0.11,-0.22,-0.11
2014-04-03 16:40:00,87.07768729450001,0.41130162986359947,0,-0.11,-0.22,-0.11
2014-04-03 16:45:00,80.8261785365,0.4004921197774997,0,-0.11,-0.22,-0.11
2014-04-03 16:50:00,79.9258213131,0.39887151592031256,0,-0.11,-0.22,-0.11
2014-04-03 16:55:00,77.3658581601,0.3944973652897215,0,-0.11,-0.22,-0.11
2014-04-03 17:00:00,83.4490923558,0.4049412262879916,0,-0.11,-0.22,-0.11
2014-04-03 17:05:00,80.6112906004,0.3999885228787825,0,-0.11,-0.22,-0.11
2014-04-03 17:10:00,86.9259456432,0.4106804465848883,0,-0.11,-0.22,-0.11
2014-04-03 17:15:00,75.81796665590001,0.3917410443740088,0,-0.11,-0.22,-0.11
2014-04-03 17:20:00,76.963993723,0.3938077543558376,0,-0.11,-0.22,-0.11
2014-04-03 17:25:00,77.057397842,0.3941111605419803,0,-0.11,-0.22,-0.11
2014-04-03 17:30:00,84.8959209395,0.4074366688442044,0,-0.11,-0.22,-0.11
2014-04-03 17:35:00,73.58459821529999,0.3883205275699736,0,-0.11,-0.22,-0.11
2014-04-03 17:40:00,79.29033519,0.3979548273533631,0,-0.11,-0.22,-0.11
2014-04-03 17:45:00,78.8412413331,0.3971269815697297,0,-0.11,-0.22,-0.11
2014-04-03 17:50:00,73.1701871073,0.3876918398971083,0,-0.11,-0.22,-0.11
2014-04-03 17:55:00,78.5727016901,0.3968965193030852,0,-0.11,-0.22,-0.11
2014-04-03 18:00:00,-1.02673981097e-05,0.3335205750330823,0,-0.11,-0.22,-0.11
2014-04-03 18:05:00,-9.34933441019e-06,0.33317714112210234,0,-0.11,-0.22,-0.11
2014-04-03 18:10:00,-1.0260197639000001e-05,0.3328223014080482,0,-0.11,-0.22,-0.11
2014-04-03 18:15:00,-1.11805192287e-05,0.33246537125157066,0,-0.11,-0.22,-0.11
2014-04-03 18:20:00,-1.12208165338e-05,0.33210652613814545,0,-0.11,-0.22,-0.11
2014-04-03 18:25:00,-1.03048801865e-05,0.331758062960241,0,-0.11,-0.22,-0.11
2014-04-03 18:30:00,-1.02709185179e-05,0.3313978435236739,0,-0.11,-0.22,-0.11
2014-04-03 18:35:00,-9.800720724760001e-06,0.3310506096641333,0,-0.11,-0.22,-0.11
2014-04-03 18:40:00,-1.1258092486e-05,0.33069891331829265,0,-0.11,-0.22,-0.11
2014-04-03 18:45:00,-9.7776213422e-06,0.3303406056714148,0,-0.11,-0.22,-0.11
2014-04-03 18:50:00,-1.01435418632e-05,0.3299950253213811,0,-0.11,-0.22,-0.11
2014-04-03 18:55:00,-9.222e-06,0.3296645789340353,0,-0.11,-0.22,-0.11
2014-04-03 19:00:00,-15.5175453172,0.3548736298804804,0,-0.11,-0.22,-0.11
2014-04-03 19:05:00,-14.6286108344,0.3532672534690817,0,-0.11,-0.22,-0.11
2014-04-03 19:10:00,-16.7802414131,0.35675791897715325,0,-0.11,-0.22,-0.11
2014-04-03 19:15:00,-16.1952483227,0.35564667341423234,0,-0.11,-0.22,-0.11
2014-04-03 19:20:00,-16.2309520849,0.35558119331079024,0,-0.11,-0.22,-0.11
2014-04-03 19:25:00,-15.3168380754,0.3539293432690518,0,-0.11,-0.22,-0.11
2014-04-03 19:30:00,-17.007670305799998,0.3566370344683297,0,-0.11,-0.22,-0.11
2014-04-03 19:35:00,-14.410468805599999,0.3521747856331898,0,-0.11,-0.22,-0.11
2014-04-03 19:40:00,-15.467525753199999,0.3538256434006471,0,-0.11,-0.22,-0.11
2014-04-03 19:45:00,-16.5103940828,0.3554458911344725,0,-0.11,-0.22,-0.11
2014-04-03 19:50:00,-17.3053543348,0.3566449563862843,0,-0.11,-0.22,-0.11
2014-04-03 19:55:00,-15.150773001500001,0.35292586232534817,0,-0.11,-0.22,-0.11
2014-04-03 20:00:00,-19.3578246116,0.3598226262642067,0,-0.11,-0.22,-0.11
2014-04-03 20:05:00,-19.3458874676,0.35978562671177183,0,-0.11,-0.22,-0.11
2014-04-03 20:10:00,-20.6368300174,0.3619156603780743,0,-0.11,-0.22,-0.11
2014-04-03 20:15:00,-17.4739852287,0.3565998619733615,0,-0.11,-0.22,-0.11
2014-04-03 20:20:00,-18.909986557899998,0.3589771038840249,0,-0.11,-0.22,-0.11
2014-04-03 20:25:00,-17.9806685748,0.3573934270903648,0,-0.11,-0.22,-0.11
2014-04-03 20:30:00,-17.3626855556,0.3563394513674919,0,-0.11,-0.22,-0.11
2014-04-03 20:35:00,-17.8445991923,0.35711951808878106,0,-0.11,-0.22,-0.11
2014-04-03 20:40:00,-21.0296478324,0.3624385434936319,0,-0.11,-0.22,-0.11
2014-04-03 20:45:00,-18.1050186628,0.357518136704528,0,-0.11,-0.22,-0.11
2014-04-03 20:50:00,-20.8705186148,0.3621344249741177,0,-0.11,-0.22,-0.11
2014-04-03 20:55:00,-18.0681770612,0.3574186515305852,0,-0.11,-0.22,-0.11
2014-04-03 21:00:00,-21.5513795512,0.36323378788265664,0,-0.11,-0.22,-0.11
2014-04-03 21:05:00,-20.4535359553,0.3613781798921949,0,-0.11,-0.22,-0.11
2014-04-03 21:10:00,-18.3052513911,0.3577901440393637,0,-0.11,-0.22,-0.11
2014-04-03 21:15:00,-20.165039418800003,0.3608934312797096,0,-0.11,-0.22,-0.11
2014-04-03 21:20:00,-19.1198637799,0.35913455719807785,0,-0.11,-0.22,-0.11
2014-04-03 21:25:00,-19.3763518029,0.35956827997093416,0,-0.11,-0.22,-0.11
2014-04-03 21:30:00,-19.6025984416,0.35995750112249764,0,-0.11,-0.22,-0.11
2014-04-03 21:35:00,-19.5333015461,0.35984361741731113,0,-0.11,-0.22,-0.11
2014-04-03 21:40:00,-20.491184162,0.361454328079498,0,-0.11,-0.22,-0.11
2014-04-03 21:45:00,-20.9048845825,0.36213458467218057,0,-0.11,-0.22,-0.11
2014-04-03 21:50:00,-19.1621771499,0.3592122856099519,0,-0.11,-0.22,-0.11
2014-04-03 21:55:00,-21.5238762888,0.36318148324117305,0,-0.11,-0.22,-0.11
2014-04-03 22:00:00,-21.719059089499996,0.3634755479530953,0,-0.11,-0.22,-0.11
2014-04-03 22:05:00,-18.1337013447,0.3574801129538138,0,-0.11,-0.22,-0.11
2014-04-03 22:10:00,-18.0307397541,0.3573242019788421,0,-0.11,-0.22,-0.11
2014-04-03 22:15:00,-19.6687449122,0.36007792863777577,0,-0.11,-0.22,-0.11
2014-04-03 22:20:00,-20.330000890999997,0.3611989982320666,0,-0.11,-0.22,-0.11
2014-04-03 22:25:00,-19.0810404151,0.3591036580913909,0,-0.11,-0.22,-0.11
2014-04-03 22:30:00,-19.0071947719,0.3589842321072592,0,-0.11,-0.22,-0.11
2014-04-03 22:35:00,-20.680193999300002,0.3617900625271896,0,-0.11,-0.22,-0.11
2014-04-03 22:40:00,-20.3741662479,0.36125299554257184,0,-0.11,-0.22,-0.11
2014-04-03 22:45:00,-18.638717775299998,0.3583487207041436,0,-0.11,-0.22,-0.11
2014-04-03 22:50:00,-21.503543064499997,0.3631436688886676,0,-0.11,-0.22,-0.11
2014-04-03 22:55:00,-20.6867524508,0.3617750049726833,0,-0.11,-0.22,-0.11
2014-04-03 23:00:00,-19.4440809023,0.3596745079281979,0,-0.11,-0.22,-0.11
2014-04-03 23:05:00,-20.727863723800002,0.36182474913644935,0,-0.11,-0.22,-0.11
2014-04-03 23:10:00,-18.444708154100002,0.3580193776118626,0,-0.11,-0.22,-0.11
2014-04-03 23:15:00,-19.8666651337,0.3604212056296878,0,-0.11,-0.22,-0.11
2014-04-03 23:20:00,-18.669961341300002,0.3584305898765122,0,-0.11,-0.22,-0.11
2014-04-03 23:25:00,-18.1599119555,0.35759463878417524,0,-0.11,-0.22,-0.11
2014-04-03 23:30:00,-19.3471120267,0.3595838612903612,0,-0.11,-0.22,-0.11
2014-04-03 23:35:00,-18.5969889956,0.3583323139554369,0,-0.11,-0.22,-0.11
2014-04-03 23:40:00,-20.5275009282,0.3615568374819364,0,-0.11,-0.22,-0.11
2014-04-03 23:45:00,-20.6896487726,0.3618337762676102,0,-0.11,-0.22,-0.11
2014-04-03 23:50:00,-18.5888189018,0.35830898338392064,0,-0.11,-0.22,-0.11
2014-04-03 23:55:00,-18.0926605207,0.3574996901890337,0,-0.11,-0.22,-0.11
2014-04-04 00:00:00,-21.1712422465,0.36265840242064296,0,-0.11,-0.22,-0.11
2014-04-04 00:05:00,-18.0082280829,0.3573586605582341,0,-0.11,-0.22,-0.11
2014-04-04 00:10:00,-19.3756523567,0.3596599178570305,0,-0.11,-0.22,-0.11
2014-04-04 00:15:00,-19.9783331922,0.3606842252049149,0,-0.11,-0.22,-0.11
2014-04-04 00:20:00,-21.2745687542,0.36284593399684384,0,-0.11,-0.22,-0.11
2014-04-04 00:25:00,-21.354234571,0.3629641019591867,0,-0.11,-0.22,-0.11
2014-04-04 00:30:00,-20.8997577624,0.3621761167049221,0,-0.11,-0.22,-0.11
2014-04-04 00:35:00,-18.9887904902,0.35895658882068393,0,-0.11,-0.22,-0.11
2014-04-04 00:40:00,-20.880747737300002,0.3621335980159329,0,-0.11,-0.22,-0.11
2014-04-04 00:45:00,-18.9861567915,0.35894591657155617,0,-0.11,-0.22,-0.11
2014-04-04 00:50:00,-18.858432766900002,0.3587261883216962,0,-0.11,-0.22,-0.11
2014-04-04 00:55:00,-20.1885118169,0.3609731378636353,0,-0.11,-0.22,-0.11
2014-04-04 01:00:00,-20.7154177753,0.3618548124836487,0,-0.11,-0.22,-0.11
2014-04-04 01:05:00,-18.212207063599998,0.3576530383064983,0,-0.11,-0.22,-0.11
2014-04-04 01:10:00,-18.240090404500002,0.3576995180973284,0,-0.11,-0.22,-0.11
2014-04-04 01:15:00,-21.1366827473,0.3625431948492815,0,-0.11,-0.22,-0.11
2014-04-04 01:20:00,-21.4379890039,0.3630369372933378,0,-0.11,-0.22,-0.11
2014-04-04 01:25:00,-20.4177636654,0.361320541212076,0,-0.11,-0.22,-0.11
2014-04-04 01:30:00,-19.7153120388,0.3601469859835728,0,-0.11,-0.22,-0.11
2014-04-04 01:35:00,-21.3812659184,0.3629257939914784,0,-0.11,-0.22,-0.11
2014-04-04 01:40:00,-20.9152681311,0.3621369726344166,0,-0.11,-0.22,-0.11
2014-04-04 01:45:00,-20.3183767937,0.36112594748578025,0,-0.11,-0.22,-0.11
2014-04-04 01:50:00,-19.279028487799998,0.3593848119656996,0,-0.11,-0.22,-0.11
2014-04-04 01:55:00,-18.7919802466,0.3585891851317021,0,-0.11,-0.22,-0.11
2014-04-04 02:00:00,-19.6746921571,0.36006766325668,0,-0.11,-0.22,-0.11
2014-04-04 02:05:00,-19.147290303800002,0.3591772325609641,0,-0.11,-0.22,-0.11
2014-04-04 02:10:00,-19.357034350899998,0.3595483824543035,0,-0.11,-0.22,-0.11
2014-04-04 02:15:00,-20.0625242212,0.3607229784189788,0,-0.11,-0.22,-0.11
2014-04-04 02:20:00,-18.6763758278,0.3584001163180155,0,-0.11,-0.22,-0.11
2014-04-04 02:25:00,-21.2247067203,0.3626805018648913,0,-0.11,-0.22,-0.11
2014-04-04 02:30:00,-18.5821178469,0.3582574881995159,0,-0.11,-0.22,-0.11
2014-04-04 02:35:00,-19.9239745577,0.3605216509315157,0,-0.11,-0.22,-0.11
2014-04-04 02:40:00,-20.9838853523,0.3622854105474329,0,-0.11,-0.22,-0.11
2014-04-04 02:45:00,-19.940082830799998,0.360523825160676,0,-0.11,-0.22,-0.11
2014-04-04 02:50:00,-19.4440882544,0.3596821554134594,0,-0.11,-0.22,-0.11
2014-04-04 02:55:00,-19.899565223299998,0.3604497406874532,0,-0.11,-0.22,-0.11
2014-04-04 03:00:00,-21.3946827955,0.3629466109621352,0,-0.11,-0.22,-0.11
2014-04-04 03:05:00,-21.9617267931,0.363892058659535,0,-0.11,-0.22,-0.11
2014-04-04 03:10:00,-20.5245731572,0.3614471891212312,0,-0.11,-0.22,-0.11
2014-04-04 03:15:00,-21.1737761706,0.3625136251336714,0,-0.11,-0.22,-0.11
2014-04-04 03:20:00,-18.0579547446,0.3572971911505732,0,-0.11,-0.22,-0.11
2014-04-04 03:25:00,-21.5214576381,0.36311755066727003,0,-0.11,-0.22,-0.11
2014-04-04 03:30:00,-21.8161990397,0.3636123035384288,0,-0.11,-0.22,-0.11
2014-04-04 03:35:00,-20.300677367000002,0.3610749121483778,0,-0.11,-0.22,-0.11
2014-04-04 03:40:00,-21.0152194482,0.3622652416668923,0,-0.11,-0.22,-0.11
2014-04-04 03:45:00,-20.0509789718,0.3606263685193384,0,-0.11,-0.22,-0.11
2014-04-04 03:50:00,-19.1448149618,0.3591058074128935,0,-0.11,-0.22,-0.11
2014-04-04 03:55:00,-21.4089918879,0.36290606158368394,0,-0.11,-0.22,-0.11
2014-04-04 04:00:00,-20.387346848,0.3611695603007271,0,-0.11,-0.22,-0.11
2014-04-04 04:05:00,-20.3175323352,0.3610421481725512,0,-0.11,-0.22,-0.11
2014-04-04 04:10:00,-20.6365288154,0.36155692659907096,0,-0.11,-0.22,-0.11
2014-04-04 04:15:00,-21.4240126633,0.3628685720264669,0,-0.11,-0.22,-0.11
2014-04-04 04:20:00,-20.9276245031,0.3620138468505269,0,-0.11,-0.22,-0.11
2014-04-04 04:25:00,-18.8444967769,0.3585126149241615,0,-0.11,-0.22,-0.11
2014-04-04 04:30:00,-19.8672941776,0.3602255984948161,0,-0.11,-0.22,-0.11
2014-04-04 04:35:00,-21.9211933279,0.3636578319782709,0,-0.11,-0.22,-0.11
2014-04-04 04:40:00,-20.2182428551,0.3607915785840945,0,-0.11,-0.22,-0.11
2014-04-04 04:45:00,-21.7529814139,0.3633666489927277,0,-0.11,-0.22,-0.11
2014-04-04 04:50:00,-21.2534779453,0.36249992981776186,0,-0.11,-0.22,-0.11
2014-04-04 04:55:00,-20.6640937672,0.3615131839784005,0,-0.11,-0.22,-0.11
2014-04-04 05:00:00,-19.3974608106,0.3593757374345081,0,-0.11,-0.22,-0.11
2014-04-04 05:05:00,-19.2172773901,0.359078683995073,0,-0.11,-0.22,-0.11
2014-04-04 05:10:00,-20.5736842612,0.3613526897003101,0,-0.11,-0.22,-0.11
2014-04-04 05:15:00,-19.7302449634,0.3599554796184129,0,-0.11,-0.22,-0.11
2014-04-04 05:20:00,-21.1950144913,0.3624084978382656,0,-0.11,-0.22,-0.11
2014-04-04 05:25:00,-21.041826958199998,0.3621289748369007,0,-0.11,-0.22,-0.11
2014-04-04 05:30:00,-19.248521947,0.3591257161340089,0,-0.11,-0.22,-0.11
2014-04-04 05:35:00,-20.8109151322,0.36173694852442106,0,-0.11,-0.22,-0.11
2014-04-04 05:40:00,-19.9782007604,0.3603377590953951,0,-0.11,-0.22,-0.11
2014-04-04 05:45:00,-19.293168403299997,0.3591846616004513,0,-0.11,-0.22,-0.11
2014-04-04 05:50:00,-19.6518663711,0.3597890156117269,0,-0.11,-0.22,-0.11
2014-04-04 05:55:00,-21.581407468800002,0.3630042410633396,0,-0.11,-0.22,-0.11
2014-04-04 06:00:00,-19.438070768499998,0.3594177945627733,0,-0.11,-0.22,-0.11
2014-04-04 06:05:00,-19.1495970933,0.358945307793291,0,-0.11,-0.22,-0.11
2014-04-04 06:10:00,-19.4072288828,0.3593673753581765,0,-0.11,-0.22,-0.11
2014-04-04 06:15:00,-18.8584737448,0.35847216345201505,0,-0.11,-0.22,-0.11
2014-04-04 06:20:00,-20.1785399496,0.3606878654728393,0,-0.11,-0.22,-0.11
2014-04-04 06:25:00,-18.5897457453,0.3580308154233781,0,-0.11,-0.22,-0.11
2014-04-04 06:30:00,-21.2697751457,0.3625003384815133,0,-0.11,-0.22,-0.11
2014-04-04 06:35:00,-18.902320989,0.3585411492714388,0,-0.11,-0.22,-0.11
2014-04-04 06:40:00,-20.3922201102,0.3610315575944688,0,-0.11,-0.22,-0.11
2014-04-04 06:45:00,-18.5001019957,0.3578876639234183,0,-0.11,-0.22,-0.11
2014-04-04 06:50:00,-21.9138125929,0.3635855843802589,0,-0.11,-0.22,-0.11
2014-04-04 06:55:00,-19.8183018356,0.3600478235181978,0,-0.11,-0.22,-0.11
2014-04-04 07:00:00,-21.288685363,0.3625226595053691,0,-0.11,-0.22,-0.11
2014-04-04 07:05:00,-21.0745913426,0.3621697112785284,0,-0.11,-0.22,-0.11
2014-04-04 07:10:00,-20.8547721886,0.3617754188068951,0,-0.11,-0.22,-0.11
2014-04-04 07:15:00,-21.3094594848,0.3625359834128287,0,-0.11,-0.22,-0.11
2014-04-04 07:20:00,-18.4018544346,0.35766369771644524,0,-0.11,-0.22,-0.11
2014-04-04 07:25:00,-20.7139887899,0.3615398869882753,0,-0.11,-0.22,-0.11
2014-04-04 07:30:00,-19.063308941099997,0.3587924978251758,0,-0.11,-0.22,-0.11
2014-04-04 07:35:00,-21.143486656300002,0.3622590909525466,0,-0.11,-0.22,-0.11
2014-04-04 07:40:00,-21.8274750394,0.3633840024525591,0,-0.11,-0.22,-0.11
2014-04-04 07:45:00,-21.6059581194,0.3629791241305284,0,-0.11,-0.22,-0.11
2014-04-04 07:50:00,-18.4598088899,0.3577002788948195,0,-0.11,-0.22,-0.11
2014-04-04 07:55:00,-19.4782096827,0.3593923020667483,0,-0.11,-0.22,-0.11
2014-04-04 08:00:00,-19.4572910288,0.35937278320331234,0,-0.11,-0.22,-0.11
2014-04-04 08:05:00,-18.4891850654,0.35775903615603544,0,-0.11,-0.22,-0.11
2014-04-04 08:10:00,-18.3925042134,0.3576111544116545,0,-0.11,-0.22,-0.11
2014-04-04 08:15:00,-19.539560539900002,0.3595450240828748,0,-0.11,-0.22,-0.11
2014-04-04 08:20:00,-21.968286201999998,0.36360741700309657,0,-0.11,-0.22,-0.11
2014-04-04 08:25:00,-20.2757706043,0.36075672029187184,0,-0.11,-0.22,-0.11
2014-04-04 08:30:00,-20.4871265144,0.3610897503711405,0,-0.11,-0.22,-0.11
2014-04-04 08:35:00,-19.8840756401,0.3600815553622841,0,-0.11,-0.22,-0.11
2014-04-04 08:40:00,-20.6493222092,0.3613463150637807,0,-0.11,-0.22,-0.11
2014-04-04 08:45:00,-21.826648323,0.36331855304353583,0,-0.11,-0.22,-0.11
2014-04-04 08:50:00,-20.3547918145,0.3608331350960092,0,-0.11,-0.22,-0.11
2014-04-04 08:55:00,-18.260153838900003,0.357348108605012,0,-0.11,-0.22,-0.11
2014-04-04 09:00:00,59.91468683,0.3742240636533261,0,-0.11,-0.22,-0.11
2014-04-04 09:05:00,65.91301527899999,0.3839440306454363,0,-0.11,-0.22,-0.11
2014-04-04 09:10:00,58.6488326471,0.3710472216670989,0,-0.11,-0.22,-0.11
2014-04-04 09:15:00,61.1265748466,0.37476619138719997,0,-0.11,-0.22,-0.11
2014-04-04 09:20:00,55.279641161099995,0.3644372332524966,0,-0.11,-0.22,-0.11
2014-04-04 09:25:00,55.694165984799994,0.3647099069879021,0,-0.11,-0.22,-0.11
2014-04-04 09:30:00,64.4961774378,0.3791221996954721,0,-0.11,-0.22,-0.11
2014-04-04 09:35:00,57.604135539,0.36696969545809777,0,-0.11,-0.22,-0.11
2014-04-04 09:40:00,57.665415280299996,0.366628851724134,0,-0.11,-0.22,-0.11
2014-04-04 09:45:00,58.646555952,0.36783404743639947,0,-0.11,-0.22,-0.11
2014-04-04 09:50:00,65.59774407489999,0.3791119979483525,0,-0.11,-0.22,-0.11
2014-04-04 09:55:00,55.0126859524,0.3608067599530837,0,-0.11,-0.22,-0.11
2014-04-04 10:00:00,80.8452143588,0.4043434971512812,0,-0.11,-0.22,-0.11
2014-04-04 10:05:00,73.5916797223,0.39155763249510495,0,-0.11,-0.22,-0.11
2014-04-04 10:10:00,81.311913995,0.4047333367696515,0,-0.11,-0.22,-0.11
2014-04-04 10:15:00,83.4746858725,0.4082515650343223,0,-0.11,-0.22,-0.11
2014-04-04 10:20:00,73.6997446352,0.3910322344086411,0,-0.11,-0.22,-0.11
2014-04-04 10:25:00,70.3662167664,0.3852157538099728,0,-0.11,-0.22,-0.11
2014-04-04 10:30:00,70.5945075693,0.3854694303474036,0,-0.11,-0.22,-0.11
2014-04-04 10:35:00,79.93286154239999,0.4012037686797241,0,-0.11,-0.22,-0.11
2014-04-04 10:40:00,70.6028075955,0.385065357496837,0,-0.11,-0.22,-0.11
2014-04-04 10:45:00,72.3584078417,0.38786047227899056,0,-0.11,-0.22,-0.11
2014-04-04 10:50:00,71.5068548237,0.38625737748918415,0,-0.11,-0.22,-0.11
2014-04-04 10:55:00,73.8063141733,0.38997581864382097,0,-0.11,-0.22,-0.11
2014-04-04 11:00:00,72.4579665504,0.3875115863310338,0,-0.11,-0.22,-0.11
2014-04-04 11:05:00,84.8508009213,0.4086637341450744,0,-0.11,-0.22,-0.11
2014-04-04 11:10:00,84.9047175789,0.4085819858617069,0,-0.11,-0.22,-0.11
2014-04-04 11:15:00,77.820857112,0.39636289323951424,0,-0.11,-0.22,-0.11
2014-04-04 11:20:00,80.9754670933,0.4016481979187083,0,-0.11,-0.22,-0.11
2014-04-04 11:25:00,81.44851288310001,0.4024105519487203,0,-0.11,-0.22,-0.11
2014-04-04 11:30:00,83.1482485471,0.40531146771961735,0,-0.11,-0.22,-0.11
2014-04-04 11:35:00,79.5277309867,0.3989735940357148,0,-0.11,-0.22,-0.11
2014-04-04 11:40:00,79.3637229598,0.3986455476514091,0,-0.11,-0.22,-0.11
2014-04-04 11:45:00,81.2798518329,0.401886750770241,0,-0.11,-0.22,-0.11
2014-04-04 11:50:00,82.4162865874,0.4037573817072608,0,-0.11,-0.22,-0.11
2014-04-04 11:55:00,76.7715755721,0.3940567476883528,0,-0.11,-0.22,-0.11
2014-04-04 12:00:00,77.13135571720001,0.3946840896615055,0,-0.11,-0.22,-0.11
2014-04-04 12:05:00,76.1628634766,0.3929758091693837,0,-0.11,-0.22,-0.11
2014-04-04 12:10:00,80.6199817952,0.4005333616040305,0,-0.11,-0.22,-0.11
2014-04-04 12:15:00,77.6069660508,0.3954150295844577,0,-0.11,-0.22,-0.11
2014-04-04 12:20:00,80.4837222588,0.40020377125486617,0,-0.11,-0.22,-0.11
2014-04-04 12:25:00,78.3387647407,0.3965532652564436,0,-0.11,-0.22,-0.11
2014-04-04 12:30:00,85.216971427,0.4082941945717445,0,-0.11,-0.22,-0.11
2014-04-04 12:35:00,73.0237436683,0.38761829899053935,0,-0.11,-0.22,-0.11
2014-04-04 12:40:00,80.9930587587,0.4010711695792144,0,-0.11,-0.22,-0.11
2014-04-04 12:45:00,81.04756004939999,0.4012573703858996,0,-0.11,-0.22,-0.11
2014-04-04 12:50:00,77.98319801470001,0.3960596303442956,0,-0.11,-0.22,-0.11
2014-04-04 12:55:00,78.57886164439999,0.3970541565842172,0,-0.11,-0.22,-0.11
2014-04-04 13:00:00,84.7681809334,0.40752706202115263,0,-0.11,-0.22,-0.11
2014-04-04 13:05:00,76.4601830524,0.3933715271310204,0,-0.11,-0.22,-0.11
2014-04-04 13:10:00,85.90808367860001,0.40956512323658506,0,-0.11,-0.22,-0.11
2014-04-04 13:15:00,86.306956269,0.4101528843683758,0,-0.11,-0.22,-0.11
2014-04-04 13:20:00,82.3769449069,0.40338668908023617,0,-0.11,-0.22,-0.11
2014-04-04 13:25:00,84.33197713,0.40664104983582,0,-0.11,-0.22,-0.11
2014-04-04 13:30:00,81.7744375895,0.4021935580615719,0,-0.11,-0.22,-0.11
2014-04-04 13:35:00,80.3719841616,0.3997367562729936,0,-0.11,-0.22,-0.11
2014-04-04 13:40:00,87.4318573304,0.4117923795224704,0,-0.11,-0.22,-0.11
2014-04-04 13:45:00,76.4918704359,0.3930825689098413,0,-0.11,-0.22,-0.11
2014-04-04 13:50:00,74.43662858020001,0.3896095542656577,0,-0.11,-0.22,-0.11
2014-04-04 13:55:00,76.56912590399999,0.3932361228014858,0,-0.11,-0.22,-0.11
2014-04-04 14:00:00,81.8274630133,0.4022546414173527,0,-0.11,-0.22,-0.11
2014-04-04 14:05:00,74.9569379748,0.3906797327475688,0,-0.11,-0.22,-0.11
2014-04-04 14:10:00,86.53410140959998,0.4103358011389956,0,-0.11,-0.22,-0.11
2014-04-04 14:15:00,78.5701042994,0.3968004975446123,0,-0.11,-0.22,-0.11
2014-04-04 14:20:00,85.59255810020001,0.40864574549332494,0,-0.11,-0.22,-0.11
2014-04-04 14:25:00,75.98170568970001,0.3921824958049919,0,-0.11,-0.22,-0.11
2014-04-04 14:30:00,77.0045328258,0.3938760464847873,0,-0.11,-0.22,-0.11
2014-04-04 14:35:00,72.9417385488,0.3870196483612721,0,-0.11,-0.22,-0.11
2014-04-04 14:40:00,76.1181931323,0.3923487260596354,0,-0.11,-0.22,-0.11
2014-04-04 14:45:00,79.8386335017,0.3987105126920468,0,-0.11,-0.22,-0.11
2014-04-04 14:50:00,87.1312196283,0.4111277164250916,0,-0.11,-0.22,-0.11
2014-04-04 14:55:00,78.2161897865,0.3959238519067427,0,-0.11,-0.22,-0.11
2014-04-04 15:00:00,82.2345862973,0.4027903124527517,0,-0.11,-0.22,-0.11
2014-04-04 15:05:00,78.8421003857,0.3970772683602653,0,-0.11,-0.22,-0.11
2014-04-04 15:10:00,72.7475056336,0.386786787192648,0,-0.11,-0.22,-0.11
2014-04-04 15:15:00,80.05524111,0.39920913898014176,0,-0.11,-0.22,-0.11
2014-04-04 15:20:00,73.05344947340001,0.38743677966020795,0,-0.11,-0.22,-0.11
2014-04-04 15:25:00,86.1378205664,0.4097891889938168,0,-0.11,-0.22,-0.11
2014-04-04 15:30:00,84.0472466138,0.4060577121510405,0,-0.11,-0.22,-0.11
2014-04-04 15:35:00,78.05717460529999,0.39574305556453815,0,-0.11,-0.22,-0.11
2014-04-04 15:40:00,82.2421827631,0.4028890404664565,0,-0.11,-0.22,-0.11
2014-04-04 15:45:00,73.7912698058,0.3886544147195893,0,-0.11,-0.22,-0.11
2014-04-04 15:50:00,83.23954793729999,0.4046480662066413,0,-0.11,-0.22,-0.11
2014-04-04 15:55:00,85.16235592439999,0.4078878097307552,0,-0.11,-0.22,-0.11
2014-04-04 16:00:00,85.1476579032,0.4076735965273555,0,-0.11,-0.22,-0.11
2014-04-04 16:05:00,76.548195808,0.39315486842431097,0,-0.11,-0.22,-0.11
2014-04-04 16:10:00,76.2196952206,0.3925650281435213,0,-0.11,-0.22,-0.11
2014-04-04 16:15:00,80.3421059109,0.3994717100182219,0,-0.11,-0.22,-0.11
2014-04-04 16:20:00,87.4840746409,0.4114870623163741,0,-0.11,-0.22,-0.11
2014-04-04 16:25:00,86.7280901109,0.4100568920530481,0,-0.11,-0.22,-0.11
2014-04-04 16:30:00,77.7539668946,0.3946836267133215,0,-0.11,-0.22,-0.11
2014-04-04 16:35:00,84.4770017717,0.4061228698408271,0,-0.11,-0.22,-0.11
2014-04-04 16:40:00,86.740806654,0.4100001052018444,0,-0.11,-0.22,-0.11
2014-04-04 16:45:00,76.174579692,0.3919995787485524,0,-0.11,-0.22,-0.11
2014-04-04 16:50:00,85.2844574825,0.4074482015498078,0,-0.11,-0.22,-0.11
2014-04-04 16:55:00,76.2860859143,0.3920936996066042,0,-0.11,-0.22,-0.11
2014-04-04 17:00:00,77.492464419,0.3941410568072104,0,-0.11,-0.22,-0.11
2014-04-04 17:05:00,75.1810829377,0.3902601173842598,0,-0.11,-0.22,-0.11
2014-04-04 17:10:00,80.1132255127,0.3985405928920543,0,-0.11,-0.22,-0.11
2014-04-04 17:15:00,85.4929195927,0.4076666093600852,0,-0.11,-0.22,-0.11
2014-04-04 17:20:00,80.4487827117,0.3989718536622588,0,-0.11,-0.22,-0.11
2014-04-04 17:25:00,73.9749928111,0.3882026947996448,0,-0.11,-0.22,-0.11
2014-04-04 17:30:00,76.0283662574,0.3917507930971781,0,-0.11,-0.22,-0.11
2014-04-04 17:35:00,81.0057380328,0.4002238438676339,0,-0.11,-0.22,-0.11
2014-04-04 17:40:00,81.3309472373,0.4008650450189763,0,-0.11,-0.22,-0.11
2014-04-04 17:45:00,81.2304424692,0.4007843433978702,0,-0.11,-0.22,-0.11
2014-04-04 17:50:00,73.2320090116,0.3873357186398091,0,-0.11,-0.22,-0.11
2014-04-04 17:55:00,84.0590804843,0.4056685145394949,0,-0.11,-0.22,-0.11
2014-04-04 18:00:00,-1.10785089515e-05,0.3334420209520597,0,-0.11,-0.22,-0.11
2014-04-04 18:05:00,-1.02615428049e-05,0.3330909484453061,0,-0.11,-0.22,-0.11
2014-04-04 18:10:00,-1.06881623792e-05,0.3327461525697939,0,-0.11,-0.22,-0.11
2014-04-04 18:15:00,-1.10879037276e-05,0.3323864298191552,0,-0.11,-0.22,-0.11
2014-04-04 18:20:00,-1.05320914021e-05,0.33205306863892803,0,-0.11,-0.22,-0.11
2014-04-04 18:25:00,-1.0597e-05,0.3317163631253701,0,-0.11,-0.22,-0.11
2014-04-04 18:30:00,-1.06934362385e-05,0.3313790589468898,0,-0.11,-0.22,-0.11
2014-04-04 18:35:00,-9.74950902052e-06,0.3310217271354849,0,-0.11,-0.22,-0.11
2014-04-04 18:40:00,-1.04093242874e-05,0.33069310263084384,0,-0.11,-0.22,-0.11
2014-04-04 18:45:00,-1.09407746345e-05,0.3303484968746161,0,-0.11,-0.22,-0.11
2014-04-04 18:50:00,-9.82254127152e-06,0.3300045050257515,0,-0.11,-0.22,-0.11
2014-04-04 18:55:00,-1.10534051831e-05,0.3296758099090321,0,-0.11,-0.22,-0.11
2014-04-04 19:00:00,-16.3852243366,0.3561173934423883,0,-0.11,-0.22,-0.11
2014-04-04 19:05:00,-15.754161541099998,0.3549418200809259,0,-0.11,-0.22,-0.11
2014-04-04 19:10:00,-16.3941875749,0.3558846638304988,0,-0.11,-0.22,-0.11
2014-04-04 19:15:00,-15.685953706,0.3545831973918452,0,-0.11,-0.22,-0.11
2014-04-04 19:20:00,-17.0817161124,0.35678036262624396,0,-0.11,-0.22,-0.11
2014-04-04 19:25:00,-15.943421497000001,0.3547601706153105,0,-0.11,-0.22,-0.11
2014-04-04 19:30:00,-17.2838849636,0.3568611473121808,0,-0.11,-0.22,-0.11
2014-04-04 19:35:00,-16.031387910699998,0.3546528737229541,0,-0.11,-0.22,-0.11
2014-04-04 19:40:00,-16.513180960499998,0.3553283693429162,0,-0.11,-0.22,-0.11
2014-04-04 19:45:00,-17.5927843991,0.3569896401905279,0,-0.11,-0.22,-0.11
2014-04-04 19:50:00,-14.8702925946,0.3523593411187529,0,-0.11,-0.22,-0.11
2014-04-04 19:55:00,-16.7575354209,0.35536033576399834,0,-0.11,-0.22,-0.11
2014-04-04 20:00:00,-17.8132697352,0.3569773167333628,0,-0.11,-0.22,-0.11
2014-04-04 20:05:00,-20.5012472819,0.361415121869027,0,-0.11,-0.22,-0.11
2014-04-04 20:10:00,-19.5703814012,0.35981811957684645,0,-0.11,-0.22,-0.11
2014-04-04 20:15:00,-20.882533158199998,0.3619731175494899,0,-0.11,-0.22,-0.11
2014-04-04 20:20:00,-20.605273791,0.3614707768839475,0,-0.11,-0.22,-0.11
2014-04-04 20:25:00,-17.5675089987,0.3564016135978024,0,-0.11,-0.22,-0.11
2014-04-04 20:30:00,-17.8072421399,0.3567787229126941,0,-0.11,-0.22,-0.11
2014-04-04 20:35:00,-19.5884967837,0.35971892896243834,0,-0.11,-0.22,-0.11
2014-04-04 20:40:00,-19.2703286285,0.3591476024241255,0,-0.11,-0.22,-0.11
2014-04-04 20:45:00,-17.927290484,0.35689480794953155,0,-0.11,-0.22,-0.11
2014-04-04 20:50:00,-17.7767398158,0.3566344236365601,0,-0.11,-0.22,-0.11
2014-04-04 20:55:00,-19.4457250233,0.35938930535576497,0,-0.11,-0.22,-0.11
2014-04-04 21:00:00,-18.050120776900002,0.3570455722538605,0,-0.11,-0.22,-0.11
2014-04-04 21:05:00,-21.3229817702,0.3624775956607377,0,-0.11,-0.22,-0.11
2014-04-04 21:10:00,-21.0585051127,0.3620204001206001,0,-0.11,-0.22,-0.11
2014-04-04 21:15:00,-20.972348134300002,0.36187351952199226,0,-0.11,-0.22,-0.11
2014-04-04 21:20:00,-17.919476753399998,0.35679034448770075,0,-0.11,-0.22,-0.11
2014-04-04 21:25:00,-18.045039338,0.3570059369402109,0,-0.11,-0.22,-0.11
2014-04-04 21:30:00,-20.0377617155,0.3603005707196541,0,-0.11,-0.22,-0.11
2014-04-04 21:35:00,-21.801881223600002,0.363204885769074,0,-0.11,-0.22,-0.11
2014-04-04 21:40:00,-19.2143107648,0.3588795325844647,0,-0.11,-0.22,-0.11
2014-04-04 21:45:00,-19.2224793509,0.3589089660741808,0,-0.11,-0.22,-0.11
2014-04-04 21:50:00,-18.388815048399998,0.35752194413233435,0,-0.11,-0.22,-0.11
2014-04-04 21:55:00,-20.531764554000002,0.3610892038245396,0,-0.11,-0.22,-0.11
2014-04-04 22:00:00,-20.553768042,0.3611039006079189,0,-0.11,-0.22,-0.11
2014-04-04 22:05:00,-18.3758412171,0.3575094970067186,0,-0.11,-0.22,-0.11
2014-04-04 22:10:00,-19.837857725899998,0.35994490240332755,0,-0.11,-0.22,-0.11
2014-04-04 22:15:00,-20.6352303728,0.3612528558730529,0,-0.11,-0.22,-0.11
2014-04-04 22:20:00,-19.9421060584,0.3600999537101737,0,-0.11,-0.22,-0.11
2014-04-04 22:25:00,-20.6643384175,0.361289618785605,0,-0.11,-0.22,-0.11
2014-04-04 22:30:00,-21.2310574766,0.3622184344791198,0,-0.11,-0.22,-0.11
2014-04-04 22:35:00,-20.7100725307,0.3613393750693539,0,-0.11,-0.22,-0.11
2014-04-04 22:40:00,-20.431713829,0.3608674403221893,0,-0.11,-0.22,-0.11
2014-04-04 22:45:00,-21.3800980677,0.3624411222889525,0,-0.11,-0.22,-0.11
2014-04-04 22:50:00,-21.5677905223,0.3627484754159145,0,-0.11,-0.22,-0.11
2014-04-04 22:55:00,-19.524256891500002,0.3593400554457681,0,-0.11,-0.22,-0.11
2014-04-04 23:00:00,-18.6870177941,0.3579740307900524,0,-0.11,-0.22,-0.11
2014-04-04 23:05:00,-21.2646347582,0.3622687810881867,0,-0.11,-0.22,-0.11
2014-04-04 23:10:00,-18.848978828299998,0.3582407942253132,0,-0.11,-0.22,-0.11
2014-04-04 23:15:00,-21.7088536257,0.3629711441582928,0,-0.11,-0.22,-0.11
2014-04-04 23:20:00,-18.0857225001,0.35695634671691434,0,-0.11,-0.22,-0.11
2014-04-04 23:25:00,-21.6781455069,0.3629216669325279,0,-0.11,-0.22,-0.11
2014-04-04 23:30:00,-20.3502178196,0.3606955614294991,0,-0.11,-0.22,-0.11
2014-04-04 23:35:00,-21.0922167996,0.3619135836595904,0,-0.11,-0.22,-0.11
2014-04-04 23:40:00,-19.587700281,0.3594180242386551,0,-0.11,-0.22,-0.11
2014-04-04 23:45:00,-21.959835774400002,0.3633573511123061,0,-0.11,-0.22,-0.11
2014-04-04 23:50:00,-18.9041544475,0.3582662339327164,0,-0.11,-0.22,-0.11
2014-04-04 23:55:00,-19.0512762938,0.3585319236003405,0,-0.11,-0.22,-0.11
2014-04-05 00:00:00,-18.2057297761,0.3571504362401606,0,-0.11,-0.22,-0.11
2014-04-05 00:05:00,-21.7618934522,0.3630477286492935,0,-0.11,-0.22,-0.11
2014-04-05 00:10:00,-19.8241172144,0.35982556162726625,0,-0.11,-0.22,-0.11
2014-04-05 00:15:00,-20.699409658900002,0.3612630232297409,0,-0.11,-0.22,-0.11
2014-04-05 00:20:00,-20.7497629099,0.3613390407822339,0,-0.11,-0.22,-0.11
2014-04-05 00:25:00,-21.4980083691,0.3625615708299473,0,-0.11,-0.22,-0.11
2014-04-05 00:30:00,-20.6597010026,0.36114166132907183,0,-0.11,-0.22,-0.11
2014-04-05 00:35:00,-20.248084729200002,0.3604484147737407,0,-0.11,-0.22,-0.11
2014-04-05 00:40:00,-20.8412740968,0.3614161940880429,0,-0.11,-0.22,-0.11
2014-04-05 00:45:00,-21.003883196,0.3616828494598491,0,-0.11,-0.22,-0.11
2014-04-05 00:50:00,-18.743711785,0.3579424654077796,0,-0.11,-0.22,-0.11
2014-04-05 00:55:00,-18.4386681559,0.35743801436546796,0,-0.11,-0.22,-0.11
2014-04-05 01:00:00,-18.2993954019,0.3572054746094764,0,-0.11,-0.22,-0.11
2014-04-05 01:05:00,-19.4962139781,0.3592057414996241,0,-0.11,-0.22,-0.11
2014-04-05 01:10:00,-19.992000959400002,0.3600125695498683,0,-0.11,-0.22,-0.11
2014-04-05 01:15:00,-20.4625995932,0.3607859346652808,0,-0.11,-0.22,-0.11
2014-04-05 01:20:00,-21.8321380788,0.3630521300211268,0,-0.11,-0.22,-0.11
2014-04-05 01:25:00,-19.323151280799998,0.3588923605920632,0,-0.11,-0.22,-0.11
2014-04-05 01:30:00,-21.0434962083,0.3617570671902885,0,-0.11,-0.22,-0.11
2014-04-05 01:35:00,-20.1254304784,0.3602353161256637,0,-0.11,-0.22,-0.11
2014-04-05 01:40:00,-18.8803597283,0.35816793028574856,0,-0.11,-0.22,-0.11
2014-04-05 01:45:00,-20.461221716500003,0.3607988000815233,0,-0.11,-0.22,-0.11
2014-04-05 01:50:00,-21.868704713200003,0.3631193539296233,0,-0.11,-0.22,-0.11
2014-04-05 01:55:00,-18.497233197,0.3575143059916614,0,-0.11,-0.22,-0.11
2014-04-05 02:00:00,-20.0291190582,0.36005880279418384,0,-0.11,-0.22,-0.11
2014-04-05 02:05:00,-18.2064334166,0.35705540238203337,0,-0.11,-0.22,-0.11
2014-04-05 02:10:00,-19.2848651956,0.3588347299825015,0,-0.11,-0.22,-0.11
2014-04-05 02:15:00,-20.4824107104,0.3608059456442818,0,-0.11,-0.22,-0.11
2014-04-05 02:20:00,-21.364227744100003,0.3622730481865869,0,-0.11,-0.22,-0.11
2014-04-05 02:25:00,-20.9213136869,0.3615394471808819,0,-0.11,-0.22,-0.11
2014-04-05 02:30:00,-19.851427112899998,0.35976397565513496,0,-0.11,-0.22,-0.11
2014-04-05 02:35:00,-21.6368910284,0.36272028220675795,0,-0.11,-0.22,-0.11
2014-04-05 02:40:00,-19.2108586601,0.35870203268330303,0,-0.11,-0.22,-0.11
2014-04-05 02:45:00,-21.0159336409,0.3617034253934865,0,-0.11,-0.22,-0.11
2014-04-05 02:50:00,-19.896036087,0.3598430905663044,0,-0.11,-0.22,-0.11
2014-04-05 02:55:00,-21.594543018699998,0.3626511738301912,0,-0.11,-0.22,-0.11
2014-04-05 03:00:00,-21.1897312866,0.36195464054583015,0,-0.11,-0.22,-0.11
2014-04-05 03:05:00,-21.6058786452,0.3626310554531995,0,-0.11,-0.22,-0.11
2014-04-05 03:10:00,-18.856991395799998,0.3580622303408743,0,-0.11,-0.22,-0.11
2014-04-05 03:15:00,-20.6726017285,0.3610668363251565,0,-0.11,-0.22,-0.11
2014-04-05 03:20:00,-20.9538536323,0.3615271274424282,0,-0.11,-0.22,-0.11
2014-04-05 03:25:00,-20.969657061099998,0.3615330516837764,0,-0.11,-0.22,-0.11
2014-04-05 03:30:00,-20.0160018019,0.3599573967222505,0,-0.11,-0.22,-0.11
2014-04-05 03:35:00,-18.0450020894,0.35669348649416754,0,-0.11,-0.22,-0.11
2014-04-05 03:40:00,-19.0457231355,0.35835882960505616,0,-0.11,-0.22,-0.11
2014-04-05 03:45:00,-19.2932035,0.3587841592239193,0,-0.11,-0.22,-0.11
2014-04-05 03:50:00,-21.4081464691,0.3622889371648356,0,-0.11,-0.22,-0.11
2014-04-05 03:55:00,-21.3635432684,0.3621973210815467,0,-0.11,-0.22,-0.11
2014-04-05 04:00:00,-18.4187204162,0.35731757198926883,0,-0.11,-0.22,-0.11
2014-04-05 04:05:00,-21.7993435271,0.36293351699689097,0,-0.11,-0.22,-0.11
2014-04-05 04:10:00,-18.729829946600002,0.3578575351618767,0,-0.11,-0.22,-0.11
2014-04-05 04:15:00,-19.6574378052,0.35940433006492395,0,-0.11,-0.22,-0.11
2014-04-05 04:20:00,-18.8606278644,0.3581020083291879,0,-0.11,-0.22,-0.11
2014-04-05 04:25:00,-21.4413298753,0.3623638001508487,0,-0.11,-0.22,-0.11
2014-04-05 04:30:00,-20.9976081274,0.3616290114926369,0,-0.11,-0.22,-0.11
2014-04-05 04:35:00,-19.4141152276,0.3590167604507062,0,-0.11,-0.22,-0.11
2014-04-05 04:40:00,-20.7275145041,0.3611968761829321,0,-0.11,-0.22,-0.11
2014-04-05 04:45:00,-18.737467536700002,0.3579100897887591,0,-0.11,-0.22,-0.11
2014-04-05 04:50:00,-19.5291883695,0.3592285898046162,0,-0.11,-0.22,-0.11
2014-04-05 04:55:00,-19.508430353399998,0.3591909456948083,0,-0.11,-0.22,-0.11
2014-04-05 05:00:00,-18.9517467269,0.35828828994172784,0,-0.11,-0.22,-0.11
2014-04-05 05:05:00,-21.5052481983,0.3625268476664481,0,-0.11,-0.22,-0.11
2014-04-05 05:10:00,-20.7153829419,0.3612066254849556,0,-0.11,-0.22,-0.11
2014-04-05 05:15:00,-19.1197572423,0.3585669879617466,0,-0.11,-0.22,-0.11
2014-04-05 05:20:00,-18.9684830425,0.3583373633629561,0,-0.11,-0.22,-0.11
2014-04-05 05:25:00,-18.071813884,0.35687523611367994,0,-0.11,-0.22,-0.11
2014-04-05 05:30:00,-19.3863290152,0.3590512998221089,0,-0.11,-0.22,-0.11
2014-04-05 05:35:00,-20.1070851333,0.36024754791517666,0,-0.11,-0.22,-0.11
2014-04-05 05:40:00,-19.1108437676,0.3586163367543867,0,-0.11,-0.22,-0.11
2014-04-05 05:45:00,-20.8018331057,0.3614244097344988,0,-0.11,-0.22,-0.11
2014-04-05 05:50:00,-19.646998116,0.3595207056095817,0,-0.11,-0.22,-0.11
2014-04-05 05:55:00,-19.265271348,0.3589037047326315,0,-0.11,-0.22,-0.11
2014-04-05 06:00:00,-21.7562306352,0.3630439310351079,0,-0.11,-0.22,-0.11
2014-04-05 06:05:00,-19.0512035092,0.3585414429270176,0,-0.11,-0.22,-0.11
2014-04-05 06:10:00,-19.5930304804,0.35943851505919017,0,-0.11,-0.22,-0.11
2014-04-05 06:15:00,-19.5291631541,0.3593415129690028,0,-0.11,-0.22,-0.11
2014-04-05 06:20:00,-18.964793382699998,0.3584104432338853,0,-0.11,-0.22,-0.11
2014-04-05 06:25:00,-18.8699069592,0.3582731633783675,0,-0.11,-0.22,-0.11
2014-04-05 06:30:00,-19.2095200753,0.3588533526097744,0,-0.11,-0.22,-0.11
2014-04-05 06:35:00,-21.4569446797,0.3625776132992815,0,-0.11,-0.22,-0.11
2014-04-05 06:40:00,-21.0683315489,0.36192663818058574,0,-0.11,-0.22,-0.11
2014-04-05 06:45:00,-20.7239980566,0.3613456895259321,0,-0.11,-0.22,-0.11
2014-04-05 06:50:00,-19.828411970599998,0.3598494442709245,0,-0.11,-0.22,-0.11
2014-04-05 06:55:00,-20.031015938499998,0.36018325519372474,0,-0.11,-0.22,-0.11
2014-04-05 07:00:00,-19.068555382,0.3586050043296977,0,-0.11,-0.22,-0.11
2014-04-05 07:05:00,-18.2972636553,0.35733457164984506,0,-0.11,-0.22,-0.11
2014-04-05 07:10:00,-19.3241622269,0.3590381089216685,0,-0.11,-0.22,-0.11
2014-04-05 07:15:00,-19.982335024,0.3601278838651782,0,-0.11,-0.22,-0.11
2014-04-05 07:20:00,-18.2292521861,0.3572206880750823,0,-0.11,-0.22,-0.11
2014-04-05 07:25:00,-18.3529332082,0.3574415039516177,0,-0.11,-0.22,-0.11
2014-04-05 07:30:00,-19.0521009315,0.3585982570387913,0,-0.11,-0.22,-0.11
2014-04-05 07:35:00,-19.4683214944,0.3593059803022051,0,-0.11,-0.22,-0.11
2014-04-05 07:40:00,-19.573267244500002,0.35947468200886906,0,-0.11,-0.22,-0.11
2014-04-05 07:45:00,-18.4715442652,0.3576608147341476,0,-0.11,-0.22,-0.11
2014-04-05 07:50:00,-18.9032854181,0.3583742127300046,0,-0.11,-0.22,-0.11
2014-04-05 07:55:00,-19.0465890083,0.3586375009868365,0,-0.11,-0.22,-0.11
2014-04-05 08:00:00,-18.2705395048,0.35736207886524723,0,-0.11,-0.22,-0.11
2014-04-05 08:05:00,-19.3043988024,0.35909703532183657,0,-0.11,-0.22,-0.11
2014-04-05 08:10:00,-18.288886291,0.3574338498683047,0,-0.11,-0.22,-0.11
2014-04-05 08:15:00,-20.8138313724,0.36163713703836414,0,-0.11,-0.22,-0.11
2014-04-05 08:20:00,-19.5441910662,0.3595364571734795,0,-0.11,-0.22,-0.11
2014-04-05 08:25:00,-19.3070095575,0.3591338526985217,0,-0.11,-0.22,-0.11
2014-04-05 08:30:00,-18.506088686,0.3578216098993928,0,-0.11,-0.22,-0.11
2014-04-05 08:35:00,-18.9060146218,0.3584875743812513,0,-0.11,-0.22,-0.11
2014-04-05 08:40:00,-18.9308208358,0.35854818923727777,0,-0.11,-0.22,-0.11
2014-04-05 08:45:00,-21.940816859499996,0.36356900647298585,0,-0.11,-0.22,-0.11
2014-04-05 08:50:00,-21.341397518,0.3625687479224773,0,-0.11,-0.22,-0.11
2014-04-05 08:55:00,-18.061049166500002,0.3571079479446671,0,-0.11,-0.22,-0.11
2014-04-05 09:00:00,61.4020390892,0.3758511136031235,0,-0.11,-0.22,-0.11
2014-04-05 09:05:00,57.0709211571,0.3680795992811566,0,-0.11,-0.22,-0.11
2014-04-05 09:10:00,55.2525231458,0.3646034116345249,0,-0.11,-0.22,-0.11
2014-04-05 09:15:00,62.4671971574,0.3762677278214628,0,-0.11,-0.22,-0.11
2014-04-05 09:20:00,55.579266593599996,0.3642345186020509,0,-0.11,-0.22,-0.11
2014-04-05 09:25:00,59.32488935439999,0.3700561907681745,0,-0.11,-0.22,-0.11
2014-04-05 09:30:00,61.5859819781,0.3733848982663065,0,-0.11,-0.22,-0.11
2014-04-05 09:35:00,60.6539370739,0.3713366334758783,0,-0.11,-0.22,-0.11
2014-04-05 09:40:00,65.7315491796,0.3794056025890708,0,-0.11,-0.22,-0.11
2014-04-05 09:45:00,63.4289113575,0.3749964704224536,0,-0.11,-0.22,-0.11
2014-04-05 09:50:00,63.290320513500006,0.3742645344922938,0,-0.11,-0.22,-0.11
2014-04-05 09:55:00,58.267144728999995,0.36538496847977536,0,-0.11,-0.22,-0.11
2014-04-05 10:00:00,68.5276114797,0.3821573869592284,0,-0.11,-0.22,-0.11
2014-04-05 10:05:00,79.56304613100001,0.4008826141239956,0,-0.11,-0.22,-0.11
2014-04-05 10:10:00,83.5959276813,0.4076353766628693,0,-0.11,-0.22,-0.11
2014-04-05 10:15:00,74.56936243770001,0.3918141659817659,0,-0.11,-0.22,-0.11
2014-04-05 10:20:00,83.3798811841,0.4067140388058984,0,-0.11,-0.22,-0.11
2014-04-05 10:25:00,70.55396326489999,0.3845017759531293,0,-0.11,-0.22,-0.11
2014-04-05 10:30:00,72.9069877449,0.38830036974662185,0,-0.11,-0.22,-0.11
2014-04-05 10:35:00,70.9950493625,0.3849752482443691,0,-0.11,-0.22,-0.11
2014-04-05 10:40:00,75.6226747885,0.3926280815082035,0,-0.11,-0.22,-0.11
2014-04-05 10:45:00,80.5141173029,0.4007052542415889,0,-0.11,-0.22,-0.11
2014-04-05 10:50:00,73.5780577114,0.3886845199680679,0,-0.11,-0.22,-0.11
2014-04-05 10:55:00,82.17467984470001,0.4031285597943156,0,-0.11,-0.22,-0.11
2014-04-05 11:00:00,79.9101137471,0.3989249300548506,0,-0.11,-0.22,-0.11
2014-04-05 11:05:00,78.6523227137,0.396811176271872,0,-0.11,-0.22,-0.11
2014-04-05 11:10:00,83.7466477404,0.4053769175633401,0,-0.11,-0.22,-0.11
2014-04-05 11:15:00,72.8868649931,0.3870099144619146,0,-0.11,-0.22,-0.11
2014-04-05 11:20:00,83.53623914399999,0.4051403669784303,0,-0.11,-0.22,-0.11
2014-04-05 11:25:00,75.12835968270001,0.3907783796349225,0,-0.11,-0.22,-0.11
2014-04-05 11:30:00,75.7280707474,0.3917244672699888,0,-0.11,-0.22,-0.11
2014-04-05 11:35:00,80.7753477694,0.4001688848952284,0,-0.11,-0.22,-0.11
2014-04-05 11:40:00,85.5666412927,0.4082915103261319,0,-0.11,-0.22,-0.11
2014-04-05 11:45:00,80.4419660844,0.3993757995235029,0,-0.11,-0.22,-0.11
2014-04-05 11:50:00,81.5593576849,0.4011486505523048,0,-0.11,-0.22,-0.11
2014-04-05 11:55:00,83.5812582993,0.40442386673575603,0,-0.11,-0.22,-0.11
2014-04-05 12:00:00,75.9968977516,0.3915143351079137,0,-0.11,-0.22,-0.11
2014-04-05 12:05:00,85.06526728729999,0.4067396009599285,0,-0.11,-0.22,-0.11
2014-04-05 12:10:00,78.5299876603,0.3957107703902168,0,-0.11,-0.22,-0.11
2014-04-05 12:15:00,74.6608701137,0.38932061551098135,0,-0.11,-0.22,-0.11
2014-04-05 12:20:00,77.4466854928,0.3940274899517735,0,-0.11,-0.22,-0.11
2014-04-05 12:25:00,75.7862215919,0.3912928779082738,0,-0.11,-0.22,-0.11
2014-04-05 12:30:00,75.50809884680001,0.3909044443920471,0,-0.11,-0.22,-0.11
2014-04-05 12:35:00,76.3679691571,0.3924517478576957,0,-0.11,-0.22,-0.11
2014-04-05 12:40:00,74.7451032498,0.38977398618449705,0,-0.11,-0.22,-0.11
2014-04-05 12:45:00,82.5178616571,0.40293396435172,0,-0.11,-0.22,-0.11
2014-04-05 12:50:00,81.1173083763,0.4005442230729421,0,-0.11,-0.22,-0.11
2014-04-05 12:55:00,82.21032014720001,0.4024138440902886,0,-0.11,-0.22,-0.11
2014-04-05 13:00:00,77.46859574300001,0.39433207798722303,0,-0.11,-0.22,-0.11
2014-04-05 13:05:00,84.28200814739999,0.4058395810803785,0,-0.11,-0.22,-0.11
2014-04-05 13:10:00,74.0441103593,0.3884736949518843,0,-0.11,-0.22,-0.11
2014-04-05 13:15:00,81.1057320764,0.400433275939336,0,-0.11,-0.22,-0.11
2014-04-05 13:20:00,76.3766846569,0.39241993909107903,0,-0.11,-0.22,-0.11
2014-04-05 13:25:00,80.4095817078,0.3992657135775009,0,-0.11,-0.22,-0.11
2014-04-05 13:30:00,77.1473235259,0.3937416671889738,0,-0.11,-0.22,-0.11
2014-04-05 13:35:00,84.6143289662,0.40647997844982975,0,-0.11,-0.22,-0.11
2014-04-05 13:40:00,86.2258452816,0.4090413467719376,0,-0.11,-0.22,-0.11
2014-04-05 13:45:00,83.8477470541,0.4049200891184868,0,-0.11,-0.22,-0.11
2014-04-05 13:50:00,74.7794156698,0.3896118804020804,0,-0.11,-0.22,-0.11
2014-04-05 13:55:00,76.3673112261,0.39231320387034135,0,-0.11,-0.22,-0.11
2014-04-05 14:00:00,86.70279227,0.4098043068721586,0,-0.11,-0.22,-0.11
2014-04-05 14:05:00,78.9892024008,0.3967191767107113,0,-0.11,-0.22,-0.11
2014-04-05 14:10:00,87.05192183870001,0.4103269720271172,0,-0.11,-0.22,-0.11
2014-04-05 14:15:00,78.2729646836,0.3954615628854656,0,-0.11,-0.22,-0.11
2014-04-05 14:20:00,87.2214162979,0.41072630207466,0,-0.11,-0.22,-0.11
2014-04-05 14:25:00,86.8048788578,0.4099369200347602,0,-0.11,-0.22,-0.11
2014-04-05 14:30:00,82.5618247654,0.4027000527799984,0,-0.11,-0.22,-0.11
2014-04-05 14:35:00,72.1354614768,0.38519045507422783,0,-0.11,-0.22,-0.11
2014-04-05 14:40:00,78.39908248319999,0.3957830444114289,0,-0.11,-0.22,-0.11
2014-04-05 14:45:00,86.5728356942,0.4097594837560213,0,-0.11,-0.22,-0.11
2014-04-05 14:50:00,86.1548716846,0.4088872839000519,0,-0.11,-0.22,-0.11
2014-04-05 14:55:00,74.9922049452,0.389891951560618,0,-0.11,-0.22,-0.11
2014-04-05 15:00:00,78.3856657448,0.3956004513216504,0,-0.11,-0.22,-0.11
2014-04-05 15:05:00,85.3667929555,0.4074425953258921,0,-0.11,-0.22,-0.11
2014-04-05 15:10:00,81.2447457153,0.4003115967821783,0,-0.11,-0.22,-0.11
2014-04-05 15:15:00,85.5554188265,0.4076864461069265,0,-0.11,-0.22,-0.11
2014-04-05 15:20:00,85.2237145499,0.4070135578031129,0,-0.11,-0.22,-0.11
2014-04-05 15:25:00,86.5183277958,0.4092157349382097,0,-0.11,-0.22,-0.11
2014-04-05 15:30:00,73.87434740260001,0.38779063497705196,0,-0.11,-0.22,-0.11
2014-04-05 15:35:00,74.3222530882,0.3885774212414498,0,-0.11,-0.22,-0.11
2014-04-05 15:40:00,73.3237712644,0.3868966204622753,0,-0.11,-0.22,-0.11
2014-04-05 15:45:00,86.96291002870001,0.4098710683484743,0,-0.11,-0.22,-0.11
2014-04-05 15:50:00,79.6013245085,0.3973280580977021,0,-0.11,-0.22,-0.11
2014-04-05 15:55:00,73.0280360684,0.3864453451912396,0,-0.11,-0.22,-0.11
2014-04-05 16:00:00,77.1442315779,0.3933872644841306,0,-0.11,-0.22,-0.11
2014-04-05 16:05:00,77.6223538658,0.3942604358712541,0,-0.11,-0.22,-0.11
2014-04-05 16:10:00,84.9526853262,0.4066416537596188,0,-0.11,-0.22,-0.11
2014-04-05 16:15:00,83.7673622183,0.4044509696898444,0,-0.11,-0.22,-0.11
2014-04-05 16:20:00,83.0299270964,0.4031481209481039,0,-0.11,-0.22,-0.11
2014-04-05 16:25:00,72.349585322,0.38512702464800014,0,-0.11,-0.22,-0.11
2014-04-05 16:30:00,86.57085571520003,0.4092009685482426,0,-0.11,-0.22,-0.11
2014-04-05 16:35:00,75.4486428342,0.3904352249822605,0,-0.11,-0.22,-0.11
2014-04-05 16:40:00,82.0647198671,0.40157563078416103,0,-0.11,-0.22,-0.11
2014-04-05 16:45:00,72.988871123,0.3863714316142864,0,-0.11,-0.22,-0.11
2014-04-05 16:50:00,73.3041828958,0.3869062708362106,0,-0.11,-0.22,-0.11
2014-04-05 16:55:00,72.1530058477,0.3851203351890533,0,-0.11,-0.22,-0.11
2014-04-05 17:00:00,81.0547904376,0.4002198796874439,0,-0.11,-0.22,-0.11
2014-04-05 17:05:00,82.070022189,0.4019981779260623,0,-0.11,-0.22,-0.11
2014-04-05 17:10:00,72.807350255,0.3863638492996884,0,-0.11,-0.22,-0.11
2014-04-05 17:15:00,76.6477091017,0.3928310378519511,0,-0.11,-0.22,-0.11
2014-04-05 17:20:00,85.623215828,0.4080433998865369,0,-0.11,-0.22,-0.11
2014-04-05 17:25:00,73.6208867518,0.38784071968708,0,-0.11,-0.22,-0.11
2014-04-05 17:30:00,75.4647063354,0.3911081349845157,0,-0.11,-0.22,-0.11
2014-04-05 17:35:00,78.7902089098,0.3967339964781869,0,-0.11,-0.22,-0.11
2014-04-05 17:40:00,85.4763309372,0.4081545724221781,0,-0.11,-0.22,-0.11
2014-04-05 17:45:00,76.0775361819,0.3922678018193872,0,-0.11,-0.22,-0.11
2014-04-05 17:50:00,87.9541359551,0.4124046839428783,0,-0.11,-0.22,-0.11
2014-04-05 17:55:00,77.68413929229999,0.3949324496708995,0,-0.11,-0.22,-0.11
2014-04-05 18:00:00,-1.00074468525e-05,0.3335078151947581,0,-0.11,-0.22,-0.11
2014-04-05 18:05:00,-9.46607350621e-06,0.3331708330474876,0,-0.11,-0.22,-0.11
2014-04-05 18:10:00,-1.0609000000000001e-05,0.3328396763960278,0,-0.11,-0.22,-0.11
2014-04-05 18:15:00,-9.71461669428e-06,0.3324956097548343,0,-0.11,-0.22,-0.11
2014-04-05 18:20:00,-1.05039208351e-05,0.3321384619771832,0,-0.11,-0.22,-0.11
2014-04-05 18:25:00,-9.673e-06,0.33179265007637343,0,-0.11,-0.22,-0.11
2014-04-05 18:30:00,-1.00103624032e-05,0.3314635187292362,0,-0.11,-0.22,-0.11
2014-04-05 18:35:00,-1.09704644443e-05,0.3311284353055757,0,-0.11,-0.22,-0.11
2014-04-05 18:40:00,-1.07292793066e-05,0.3307798971554997,0,-0.11,-0.22,-0.11
2014-04-05 18:45:00,-9.53260216303e-06,0.3304299353743457,0,-0.11,-0.22,-0.11
2014-04-05 18:50:00,-1.04605863267e-05,0.3300795810260768,0,-0.11,-0.22,-0.11
2014-04-05 18:55:00,-1.05034560546e-05,0.32975047807342184,0,-0.11,-0.22,-0.11
2014-04-05 19:00:00,-14.6898209955,0.3533999356937065,0,-0.11,-0.22,-0.11
2014-04-05 19:05:00,-15.8905801279,0.3552853704323564,0,-0.11,-0.22,-0.11
2014-04-05 19:10:00,-15.234140816099998,0.3540724015292875,0,-0.11,-0.22,-0.11
2014-04-05 19:15:00,-15.8948184914,0.3550543306691987,0,-0.11,-0.22,-0.11
2014-04-05 19:20:00,-16.8866293337,0.3565817898205991,0,-0.11,-0.22,-0.11
2014-04-05 19:25:00,-14.906432499400001,0.3531650692430462,0,-0.11,-0.22,-0.11
2014-04-05 19:30:00,-14.7945753516,0.3528683992859754,0,-0.11,-0.22,-0.11
2014-04-05 19:35:00,-15.2618147379,0.3535308792467328,0,-0.11,-0.22,-0.11
2014-04-05 19:40:00,-17.4472836744,0.3570387420855857,0,-0.11,-0.22,-0.11
2014-04-05 19:45:00,-16.7930396253,0.3558183241949421,0,-0.11,-0.22,-0.11
2014-04-05 19:50:00,-14.4622606122,0.3518390163528298,0,-0.11,-0.22,-0.11
2014-04-05 19:55:00,-15.6832175034,0.35374611666779243,0,-0.11,-0.22,-0.11
2014-04-05 20:00:00,-18.2684086294,0.35790591412569833,0,-0.11,-0.22,-0.11
2014-04-05 20:05:00,-19.7304755635,0.3603186662179463,0,-0.11,-0.22,-0.11
2014-04-05 20:10:00,-19.0436834278,0.3591424955893791,0,-0.11,-0.22,-0.11
2014-04-05 20:15:00,-20.9836747831,0.3623476153459037,0,-0.11,-0.22,-0.11
2014-04-05 20:20:00,-18.1208776384,0.3575430998024341,0,-0.11,-0.22,-0.11
2014-04-05 20:25:00,-19.5373690542,0.3598845843445334,0,-0.11,-0.22,-0.11
2014-04-05 20:30:00,-19.9688068836,0.3605704584834995,0,-0.11,-0.22,-0.11
2014-04-05 20:35:00,-20.4501680754,0.3613474531754542,0,-0.11,-0.22,-0.11
2014-04-05 20:40:00,-18.8427691588,0.3586388396758512,0,-0.11,-0.22,-0.11
2014-04-05 20:45:00,-19.917780550299998,0.3604030911170272,0,-0.11,-0.22,-0.11
2014-04-05 20:50:00,-18.4442940436,0.35793840578285113,0,-0.11,-0.22,-0.11
2014-04-05 20:55:00,-18.952228599,0.3587498002066021,0,-0.11,-0.22,-0.11
2014-04-05 21:00:00,-21.409848545,0.3628144379792573,0,-0.11,-0.22,-0.11
2014-04-05 21:05:00,-21.6252334831,0.3631407376345434,0,-0.11,-0.22,-0.11
2014-04-05 21:10:00,-20.7082673181,0.36160429030456304,0,-0.11,-0.22,-0.11
2014-04-05 21:15:00,-19.3414283825,0.3593245599521632,0,-0.11,-0.22,-0.11
2014-04-05 21:20:00,-21.1099893978,0.3622761818700997,0,-0.11,-0.22,-0.11
2014-04-05 21:25:00,-17.9586406544,0.3570439274125975,0,-0.11,-0.22,-0.11
2014-04-05 21:30:00,-18.263695848399998,0.35754518318757145,0,-0.11,-0.22,-0.11
2014-04-05 21:35:00,-20.4803310705,0.3612169963089392,0,-0.11,-0.22,-0.11
2014-04-05 21:40:00,-19.0116744252,0.35877192991905826,0,-0.11,-0.22,-0.11
2014-04-05 21:45:00,-21.6311006039,0.3631259332568014,0,-0.11,-0.22,-0.11
2014-04-05 21:50:00,-19.5862885897,0.35969416071164706,0,-0.11,-0.22,-0.11
2014-04-05 21:55:00,-19.5597196881,0.3596343222810304,0,-0.11,-0.22,-0.11
2014-04-05 22:00:00,-20.679178348900003,0.3614916851425378,0,-0.11,-0.22,-0.11
2014-04-05 22:05:00,-21.036561827699998,0.3620623396659728,0,-0.11,-0.22,-0.11
2014-04-05 22:10:00,-19.8703913929,0.3601280403472716,0,-0.11,-0.22,-0.11
2014-04-05 22:15:00,-18.8258340165,0.358407426256748,0,-0.11,-0.22,-0.11
2014-04-05 22:20:00,-21.0594854129,0.3621331217656757,0,-0.11,-0.22,-0.11
2014-04-05 22:25:00,-19.2505548671,0.3591022800679458,0,-0.11,-0.22,-0.11
2014-04-05 22:30:00,-18.670522383599998,0.3581313930568434,0,-0.11,-0.22,-0.11
2014-04-05 22:35:00,-20.4937182793,0.3611662090050972,0,-0.11,-0.22,-0.11
2014-04-05 22:40:00,-18.3324357795,0.3575954346293432,0,-0.11,-0.22,-0.11
2014-04-05 22:45:00,-21.8503940612,0.3634427702251452,0,-0.11,-0.22,-0.11
2014-04-05 22:50:00,-20.496741732,0.3611672241157461,0,-0.11,-0.22,-0.11
2014-04-05 22:55:00,-21.908472370300004,0.36349642843642094,0,-0.11,-0.22,-0.11
2014-04-05 23:00:00,-19.349379913499998,0.3592328490451029,0,-0.11,-0.22,-0.11
2014-04-05 23:05:00,-21.8778175057,0.3634436384375388,0,-0.11,-0.22,-0.11
2014-04-05 23:10:00,-18.5763026743,0.3579329176907982,0,-0.11,-0.22,-0.11
2014-04-05 23:15:00,-18.1569670031,0.3572504948894629,0,-0.11,-0.22,-0.11
2014-04-05 23:20:00,-18.1261340252,0.3572208944862473,0,-0.11,-0.22,-0.11
2014-04-05 23:25:00,-19.8531264516,0.3600963384543419,0,-0.11,-0.22,-0.11
2014-04-05 23:30:00,-18.3261505475,0.3575742706257616,0,-0.11,-0.22,-0.11
2014-04-05 23:35:00,-20.0422559651,0.3604431344652692,0,-0.11,-0.22,-0.11
2014-04-05 23:40:00,-19.3038228166,0.359224217969755,0,-0.11,-0.22,-0.11
2014-04-05 23:45:00,-19.336326367999998,0.3592880251025126,0,-0.11,-0.22,-0.11
2014-04-05 23:50:00,-20.53586241,0.3612973286258148,0,-0.11,-0.22,-0.11
2014-04-05 23:55:00,-18.6464232622,0.3581721933578697,0,-0.11,-0.22,-0.11
2014-04-06 00:00:00,-21.066213481400002,0.3621964725987751,0,-0.11,-0.22,-0.11
2014-04-06 00:05:00,-20.328123679100003,0.3609480036407721,0,-0.11,-0.22,-0.11
2014-04-06 00:10:00,-21.6597785154,0.3631717201472847,0,-0.11,-0.22,-0.11
2014-04-06 00:15:00,-19.4593626151,0.3594894877915493,0,-0.11,-0.22,-0.11
2014-04-06 00:20:00,-21.9308599683,0.3636183411374262,0,-0.11,-0.22,-0.11
2014-04-06 00:25:00,-20.3033105869,0.3608759408085256,0,-0.11,-0.22,-0.11
2014-04-06 00:30:00,-21.8936078248,0.3635339044873896,0,-0.11,-0.22,-0.11
2014-04-06 00:35:00,-18.1082426162,0.3572369946282322,0,-0.11,-0.22,-0.11
2014-04-06 00:40:00,-20.9119052896,0.3619124627928884,0,-0.11,-0.22,-0.11
2014-04-06 00:45:00,-21.2664860972,0.3624903844307564,0,-0.11,-0.22,-0.11
2014-04-06 00:50:00,-18.2126931467,0.3574301255125965,0,-0.11,-0.22,-0.11
2014-04-06 00:55:00,-20.3158786561,0.3609223164048752,0,-0.11,-0.22,-0.11
2014-04-06 01:00:00,-21.2077691744,0.36239381265801146,0,-0.11,-0.22,-0.11
2014-04-06 01:05:00,-20.2441549009,0.3607652603222921,0,-0.11,-0.22,-0.11
2014-04-06 01:10:00,-18.255254361600002,0.3574827916494817,0,-0.11,-0.22,-0.11
2014-04-06 01:15:00,-20.773788963599998,0.3616728460393398,0,-0.11,-0.22,-0.11
2014-04-06 01:20:00,-18.2423876587,0.3574743675441873,0,-0.11,-0.22,-0.11
2014-04-06 01:25:00,-21.2698755801,0.3625198626388159,0,-0.11,-0.22,-0.11
2014-04-06 01:30:00,-18.1721367332,0.3573818667152677,0,-0.11,-0.22,-0.11
2014-04-06 01:35:00,-18.549589524,0.3580280513815627,0,-0.11,-0.22,-0.11
2014-04-06 01:40:00,-19.1004303621,0.3589554148410141,0,-0.11,-0.22,-0.11
2014-04-06 01:45:00,-20.533459169,0.3613499722320301,0,-0.11,-0.22,-0.11
2014-04-06 01:50:00,-21.905436398499997,0.36363856436196745,0,-0.11,-0.22,-0.11
2014-04-06 01:55:00,-18.4712914105,0.3579048034229197,0,-0.11,-0.22,-0.11
2014-04-06 02:00:00,-18.570830676900002,0.3580693225161316,0,-0.11,-0.22,-0.11
2014-04-06 02:05:00,-19.4754815868,0.3595662556448017,0,-0.11,-0.22,-0.11
2014-04-06 02:10:00,-21.344876551,0.3626732440753867,0,-0.11,-0.22,-0.11
2014-04-06 02:15:00,-19.868923811,0.36020724213715066,0,-0.11,-0.22,-0.11
2014-04-06 02:20:00,-19.286442401,0.3592461478749157,0,-0.11,-0.22,-0.11
2014-04-06 02:25:00,-20.2448153288,0.3608596178866629,0,-0.11,-0.22,-0.11
2014-04-06 02:30:00,-19.0420927898,0.3588555214627089,0,-0.11,-0.22,-0.11
2014-04-06 02:35:00,-19.604639629,0.3598061866187256,0,-0.11,-0.22,-0.11
2014-04-06 02:40:00,-19.3304205969,0.3593558198450154,0,-0.11,-0.22,-0.11
2014-04-06 02:45:00,-21.2165640897,0.3624862883153375,0,-0.11,-0.22,-0.11
2014-04-06 02:50:00,-21.6970229058,0.3632796723255553,0,-0.11,-0.22,-0.11
2014-04-06 02:55:00,-21.038288768599998,0.3621842278195607,0,-0.11,-0.22,-0.11
2014-04-06 03:00:00,-19.7563343041,0.36003092538668563,0,-0.11,-0.22,-0.11
2014-04-06 03:05:00,-20.01733991,0.3604666656532153,0,-0.11,-0.22,-0.11
2014-04-06 03:10:00,-18.5002947757,0.35793559016690496,0,-0.11,-0.22,-0.11
2014-04-06 03:15:00,-20.9874588445,0.36207007579131695,0,-0.11,-0.22,-0.11
2014-04-06 03:20:00,-20.3859027176,0.3610652848309129,0,-0.11,-0.22,-0.11
2014-04-06 03:25:00,-21.6097599845,0.3631104126609152,0,-0.11,-0.22,-0.11
2014-04-06 03:30:00,-18.8024445743,0.35844078352574743,0,-0.11,-0.22,-0.11
2014-04-06 03:35:00,-21.038904487699998,0.3621630840467874,0,-0.11,-0.22,-0.11
2014-04-06 03:40:00,-20.7386866469,0.3616691144799721,0,-0.11,-0.22,-0.11
2014-04-06 03:45:00,-19.0633821352,0.3588741814041878,0,-0.11,-0.22,-0.11
2014-04-06 03:50:00,-20.6695145582,0.3615579061668238,0,-0.11,-0.22,-0.11
2014-04-06 03:55:00,-21.6974935223,0.3632620322243801,0,-0.11,-0.22,-0.11
2014-04-06 04:00:00,-21.6737439507,0.3632215093843468,0,-0.11,-0.22,-0.11
2014-04-06 04:05:00,-20.8785062981,0.3618931678868622,0,-0.11,-0.22,-0.11
2014-04-06 04:10:00,-18.1922924501,0.3574432590718054,0,-0.11,-0.22,-0.11
2014-04-06 04:15:00,-21.489057349299998,0.3629220127113538,0,-0.11,-0.22,-0.11
2014-04-06 04:20:00,-20.631114428,0.3614868187058625,0,-0.11,-0.22,-0.11
2014-04-06 04:25:00,-19.2417370127,0.35918280811549835,0,-0.11,-0.22,-0.11
2014-04-06 04:30:00,-18.7490014468,0.35838137993954583,0,-0.11,-0.22,-0.11
2014-04-06 04:35:00,-18.464815452,0.3579217267129419,0,-0.11,-0.22,-0.11
2014-04-06 04:40:00,-18.200947597,0.3574813464228898,0,-0.11,-0.22,-0.11
2014-04-06 04:45:00,-21.0164129918,0.3621613625380297,0,-0.11,-0.22,-0.11
2014-04-06 04:50:00,-18.9433719958,0.3587030316844597,0,-0.11,-0.22,-0.11
2014-04-06 04:55:00,-18.0970117442,0.3573230709978391,0,-0.11,-0.22,-0.11
2014-04-06 05:00:00,-19.5890826074,0.3598245906185082,0,-0.11,-0.22,-0.11
2014-04-06 05:05:00,-19.9304283224,0.3603811311142484,0,-0.11,-0.22,-0.11
2014-04-06 05:10:00,-18.676920923599997,0.35831811376328515,0,-0.11,-0.22,-0.11
2014-04-06 05:15:00,-18.1761933447,0.3574892483511249,0,-0.11,-0.22,-0.11
2014-04-06 05:20:00,-18.7565019324,0.3584633094734855,0,-0.11,-0.22,-0.11
2014-04-06 05:25:00,-20.7164110473,0.3617192651319368,0,-0.11,-0.22,-0.11
2014-04-06 05:30:00,-18.328974709,0.3577622828415213,0,-0.11,-0.22,-0.11
2014-04-06 05:35:00,-20.2201481222,0.3609241854708145,0,-0.11,-0.22,-0.11
2014-04-06 05:40:00,-18.585647951600002,0.3582037370552449,0,-0.11,-0.22,-0.11
2014-04-06 05:45:00,-18.7827566943,0.35854921020432096,0,-0.11,-0.22,-0.11
2014-04-06 05:50:00,-19.5723115331,0.3598590560083372,0,-0.11,-0.22,-0.11
2014-04-06 05:55:00,-18.4033013442,0.3579194980702152,0,-0.11,-0.22,-0.11
2014-04-06 06:00:00,-18.692814011099998,0.3584089145156129,0,-0.11,-0.22,-0.11
2014-04-06 06:05:00,-19.3958096458,0.3595775420970538,0,-0.11,-0.22,-0.11
2014-04-06 06:10:00,-19.318676022000002,0.3594682415635791,0,-0.11,-0.22,-0.11
2014-04-06 06:15:00,-20.9970859427,0.3622722868342285,0,-0.11,-0.22,-0.11
2014-04-06 06:20:00,-18.2991292205,0.3577730124456435,0,-0.11,-0.22,-0.11
2014-04-06 06:25:00,-21.4418029427,0.3630024655915994,0,-0.11,-0.22,-0.11
2014-04-06 06:30:00,-21.264928683,0.3626771170922877,0,-0.11,-0.22,-0.11
2014-04-06 06:35:00,-21.0639665588,0.36232524675833616,0,-0.11,-0.22,-0.11
2014-04-06 06:40:00,-19.2374894499,0.35928015216709597,0,-0.11,-0.22,-0.11
2014-04-06 06:45:00,-21.2915271422,0.3626944867180885,0,-0.11,-0.22,-0.11
2014-04-06 06:50:00,-18.7312083212,0.3584350277446285,0,-0.11,-0.22,-0.11
2014-04-06 06:55:00,-18.4976368234,0.3580559009016642,0,-0.11,-0.22,-0.11
2014-04-06 07:00:00,-18.179825334,0.3575361045701476,0,-0.11,-0.22,-0.11
2014-04-06 07:05:00,-21.757241452,0.3635140987820521,0,-0.11,-0.22,-0.11
2014-04-06 07:10:00,-19.2320435908,0.35928793846819623,0,-0.11,-0.22,-0.11
2014-04-06 07:15:00,-21.6704715207,0.3633478612716897,0,-0.11,-0.22,-0.11
2014-04-06 07:20:00,-19.0904542461,0.35903715844379064,0,-0.11,-0.22,-0.11
2014-04-06 07:25:00,-21.6302638373,0.363260059072568,0,-0.11,-0.22,-0.11
2014-04-06 07:30:00,-21.6157162114,0.36321062503112667,0,-0.11,-0.22,-0.11
2014-04-06 07:35:00,-21.69470418,0.3633203079741689,0,-0.11,-0.22,-0.11
2014-04-06 07:40:00,-19.9846137571,0.3604723396522921,0,-0.11,-0.22,-0.11
2014-04-06 07:45:00,-21.4637851472,0.3629431596014381,0,-0.11,-0.22,-0.11
2014-04-06 07:50:00,-21.8030635847,0.36350186456994266,0,-0.11,-0.22,-0.11
2014-04-06 07:55:00,-19.2984677676,0.3593186886546874,0,-0.11,-0.22,-0.11
2014-04-06 08:00:00,-19.6754976227,0.3599508124010167,0,-0.11,-0.22,-0.11
2014-04-06 08:05:00,-20.8769607493,0.3619423689901845,0,-0.11,-0.22,-0.11
2014-04-06 08:10:00,-19.2014392869,0.3591362279601624,0,-0.11,-0.22,-0.11
2014-04-06 08:15:00,-21.0152372357,0.3621504354263319,0,-0.11,-0.22,-0.11
2014-04-06 08:20:00,-18.2955685809,0.3576275302787745,0,-0.11,-0.22,-0.11
2014-04-06 08:25:00,-20.0939935372,0.36060883184587067,0,-0.11,-0.22,-0.11
2014-04-06 08:30:00,-18.489253936300003,0.35793249319275905,0,-0.11,-0.22,-0.11
2014-04-06 08:35:00,-19.1732939057,0.35907059137309866,0,-0.11,-0.22,-0.11
2014-04-06 08:40:00,-19.0345015699,0.3588431033155952,0,-0.11,-0.22,-0.11
2014-04-06 08:45:00,-21.3557282943,0.3627041866210043,0,-0.11,-0.22,-0.11
2014-04-06 08:50:00,-18.774069021600003,0.3583910099259449,0,-0.11,-0.22,-0.11
2014-04-06 08:55:00,-21.2337916806,0.3624762753244174,0,-0.11,-0.22,-0.11
2014-04-06 09:00:00,63.5275241509,0.3795411171675663,0,-0.11,-0.22,-0.11
2014-04-06 09:05:00,59.9865966667,0.37303491358646457,0,-0.11,-0.22,-0.11
2014-04-06 09:10:00,56.8061190672,0.3672236802274629,0,-0.11,-0.22,-0.11
2014-04-06 09:15:00,56.722756079499995,0.3666465030139156,0,-0.11,-0.22,-0.11
2014-04-06 09:20:00,59.5790957654,0.3709867346396543,0,-0.11,-0.22,-0.11
2014-04-06 09:25:00,54.1057080887,0.3613927290240476,0,-0.11,-0.22,-0.11
2014-04-06 09:30:00,60.376209055299995,0.3714475111658169,0,-0.11,-0.22,-0.11
2014-04-06 09:35:00,65.4333543092,0.37949615749480703,0,-0.11,-0.22,-0.11
2014-04-06 09:40:00,55.8564825824,0.3629234186590076,0,-0.11,-0.22,-0.11
2014-04-06 09:45:00,60.880147457700005,0.370884093885441,0,-0.11,-0.22,-0.11
2014-04-06 09:50:00,65.5413442637,0.3782500471633135,0,-0.11,-0.22,-0.11
2014-04-06 09:55:00,64.3262656739,0.3756796152111485,0,-0.11,-0.22,-0.11
2014-04-06 10:00:00,81.325777769,0.4041639303969219,0,-0.11,-0.22,-0.11
2014-04-06 10:05:00,80.892118942,0.4031308277760968,0,-0.11,-0.22,-0.11
2014-04-06 10:10:00,73.0971588121,0.3894754836898667,0,-0.11,-0.22,-0.11
2014-04-06 10:15:00,81.9373758353,0.4043665761359502,0,-0.11,-0.22,-0.11
2014-04-06 10:20:00,82.7083733387,0.40541098758769,0,-0.11,-0.22,-0.11
2014-04-06 10:25:00,75.9360448341,0.3934808836113385,0,-0.11,-0.22,-0.11
2014-04-06 10:30:00,73.7894799183,0.3896387575411867,0,-0.11,-0.22,-0.11
2014-04-06 10:35:00,74.69628103720001,0.3910207106966395,0,-0.11,-0.22,-0.11
2014-04-06 10:40:00,73.4799379158,0.3887957388387389,0,-0.11,-0.22,-0.11
2014-04-06 10:45:00,71.6287603188,0.3855869744046688,0,-0.11,-0.22,-0.11
2014-04-06 10:50:00,77.8004167478,0.39589482994315617,0,-0.11,-0.22,-0.11
2014-04-06 10:55:00,76.9514726709,0.3942691379267998,0,-0.11,-0.22,-0.11
2014-04-06 11:00:00,78.6073475253,0.3968320404971335,0,-0.11,-0.22,-0.11
2014-04-06 11:05:00,72.7981909251,0.3869229566397442,0,-0.11,-0.22,-0.11
2014-04-06 11:10:00,83.9027845609,0.4057759179190928,0,-0.11,-0.22,-0.11
2014-04-06 11:15:00,74.050947634,0.3891080920382618,0,-0.11,-0.22,-0.11
2014-04-06 11:20:00,73.0946627674,0.3875103752564745,0,-0.11,-0.22,-0.11
2014-04-06 11:25:00,81.1494509044,0.4012494012541422,0,-0.11,-0.22,-0.11
2014-04-06 11:30:00,77.594526682,0.39508026160158666,0,-0.11,-0.22,-0.11
2014-04-06 11:35:00,72.2273662496,0.3859964326389242,0,-0.11,-0.22,-0.11
2014-04-06 11:40:00,76.9122027426,0.3938492841071045,0,-0.11,-0.22,-0.11
2014-04-06 11:45:00,83.5050007802,0.4049956939450283,0,-0.11,-0.22,-0.11
2014-04-06 11:50:00,81.0255474106,0.4007392220019859,0,-0.11,-0.22,-0.11
2014-04-06 11:55:00,77.0265306041,0.3938777440571901,0,-0.11,-0.22,-0.11
2014-04-06 12:00:00,74.9187389128,0.3904052935251851,0,-0.11,-0.22,-0.11
2014-04-06 12:05:00,81.944512473,0.4023391908516972,0,-0.11,-0.22,-0.11
2014-04-06 12:10:00,86.0284830455,0.4092386531387184,0,-0.11,-0.22,-0.11
2014-04-06 12:15:00,82.1756827613,0.402645403491492,0,-0.11,-0.22,-0.11
2014-04-06 12:20:00,84.8364487511,0.4070282274529723,0,-0.11,-0.22,-0.11
2014-04-06 12:25:00,80.18375652600001,0.3991161035736223,0,-0.11,-0.22,-0.11
2014-04-06 12:30:00,83.3205626324,0.4043554185886123,0,-0.11,-0.22,-0.11
2014-04-06 12:35:00,86.16694912370001,0.409076279012824,0,-0.11,-0.22,-0.11
2014-04-06 12:40:00,84.2021219248,0.4056502920973113,0,-0.11,-0.22,-0.11
2014-04-06 12:45:00,86.38454792790002,0.40938131632260777,0,-0.11,-0.22,-0.11
2014-04-06 12:50:00,78.7404371666,0.3963495743292451,0,-0.11,-0.22,-0.11
2014-04-06 12:55:00,86.2945890339,0.4091758440048783,0,-0.11,-0.22,-0.11
2014-04-06 13:00:00,81.91229772140001,0.4016999234305645,0,-0.11,-0.22,-0.11
2014-04-06 13:05:00,85.88641194520001,0.4083458005364792,0,-0.11,-0.22,-0.11
2014-04-06 13:10:00,72.6009724772,0.3859738543915451,0,-0.11,-0.22,-0.11
2014-04-06 13:15:00,82.4926278554,0.40266548985081296,0,-0.11,-0.22,-0.11
2014-04-06 13:20:00,85.5333742215,0.4077007130511107,0,-0.11,-0.22,-0.11
2014-04-06 13:25:00,74.75731764529999,0.3894327433550316,0,-0.11,-0.22,-0.11
2014-04-06 13:30:00,82.5555554991,0.4025475914300004,0,-0.11,-0.22,-0.11
2014-04-06 13:35:00,85.1651957173,0.4068567334205763,0,-0.11,-0.22,-0.11
2014-04-06 13:40:00,76.57654703819999,0.39226833534646094,0,-0.11,-0.22,-0.11
2014-04-06 13:45:00,78.45254767,0.3953850603685519,0,-0.11,-0.22,-0.11
2014-04-06 13:50:00,81.0798385826,0.39985845548242666,0,-0.11,-0.22,-0.11
2014-04-06 13:55:00,80.27456034890001,0.3985039245784243,0,-0.11,-0.22,-0.11
2014-04-06 14:00:00,72.6212201262,0.3857313516220841,0,-0.11,-0.22,-0.11
2014-04-06 14:05:00,73.5728672691,0.3873767920018041,0,-0.11,-0.22,-0.11
2014-04-06 14:10:00,73.6015766716,0.38756715988387,0,-0.11,-0.22,-0.11
2014-04-06 14:15:00,76.1901907851,0.3918991578819429,0,-0.11,-0.22,-0.11
2014-04-06 14:20:00,75.9277510988,0.3915270369497504,0,-0.11,-0.22,-0.11
2014-04-06 14:25:00,83.8688480959,0.4049108718141636,0,-0.11,-0.22,-0.11
2014-04-06 14:30:00,81.1574170634,0.4002738945460881,0,-0.11,-0.22,-0.11
2014-04-06 14:35:00,84.2168794649,0.4053857777445314,0,-0.11,-0.22,-0.11
2014-04-06 14:40:00,73.1124874516,0.38673305676045255,0,-0.11,-0.22,-0.11
2014-04-06 14:45:00,79.7570467253,0.3980519207630219,0,-0.11,-0.22,-0.11
2014-04-06 14:50:00,77.1742348355,0.3937658644781792,0,-0.11,-0.22,-0.11
2014-04-06 14:55:00,85.59218104979999,0.4079556042091417,0,-0.11,-0.22,-0.11
2014-04-06 15:00:00,83.3232933165,0.40396472492965385,0,-0.11,-0.22,-0.11
2014-04-06 15:05:00,85.9067610031,0.4084003159812623,0,-0.11,-0.22,-0.11
2014-04-06 15:10:00,72.7416700732,0.3861430703366221,0,-0.11,-0.22,-0.11
2014-04-06 15:15:00,83.5318393023,0.4044812376989957,0,-0.11,-0.22,-0.11
2014-04-06 15:20:00,80.63884339239999,0.3995096551533761,0,-0.11,-0.22,-0.11
2014-04-06 15:25:00,85.1986372642,0.40733332823357504,0,-0.11,-0.22,-0.11
2014-04-06 15:30:00,80.1132876217,0.3987484444492303,0,-0.11,-0.22,-0.11
2014-04-06 15:35:00,80.6420549529,0.3996776356650345,0,-0.11,-0.22,-0.11
2014-04-06 15:40:00,72.8271128426,0.386443090804734,0,-0.11,-0.22,-0.11
2014-04-06 15:45:00,82.6950426987,0.4031070217168789,0,-0.11,-0.22,-0.11
2014-04-06 15:50:00,76.3690160859,0.39249888450313625,0,-0.11,-0.22,-0.11
2014-04-06 15:55:00,72.3139457132,0.3858447386796904,0,-0.11,-0.22,-0.11
2014-04-06 16:00:00,73.06276079850001,0.387129863349618,0,-0.11,-0.22,-0.11
2014-04-06 16:05:00,87.31629033040001,0.4113004681242338,0,-0.11,-0.22,-0.11
2014-04-06 16:10:00,77.5369885141,0.3946814471556741,0,-0.11,-0.22,-0.11
2014-04-06 16:15:00,85.8889352125,0.40889078274482976,0,-0.11,-0.22,-0.11
2014-04-06 16:20:00,87.35455620959999,0.4113857517362429,0,-0.11,-0.22,-0.11
2014-04-06 16:25:00,87.0919963261,0.41090118845557344,0,-0.11,-0.22,-0.11
2014-04-06 16:30:00,86.1073283069,0.4092119611261156,0,-0.11,-0.22,-0.11
2014-04-06 16:35:00,86.3172263834,0.4093768393548369,0,-0.11,-0.22,-0.11
2014-04-06 16:40:00,76.62388351220001,0.3928091845102413,0,-0.11,-0.22,-0.11
2014-04-06 16:45:00,74.4232800889,0.3890800178492827,0,-0.11,-0.22,-0.11
2014-04-06 16:50:00,82.2279378632,0.4023939269056482,0,-0.11,-0.22,-0.11
2014-04-06 16:55:00,79.8094340789,0.39826699649470254,0,-0.11,-0.22,-0.11
2014-04-06 17:00:00,73.579900408,0.3877173632445691,0,-0.11,-0.22,-0.11
2014-04-06 17:05:00,82.8406080383,0.40334421001102455,0,-0.11,-0.22,-0.11
2014-04-06 17:10:00,81.0057082761,0.40016307531407785,0,-0.11,-0.22,-0.11
2014-04-06 17:15:00,85.80902349520001,0.4083635825678934,0,-0.11,-0.22,-0.11
2014-04-06 17:20:00,81.74688841300001,0.4014438998231389,0,-0.11,-0.22,-0.11
2014-04-06 17:25:00,81.1830869183,0.4005106195191994,0,-0.11,-0.22,-0.11
2014-04-06 17:30:00,79.05197698,0.3967922937995154,0,-0.11,-0.22,-0.11
2014-04-06 17:35:00,79.4045422993,0.3974979243198092,0,-0.11,-0.22,-0.11
2014-04-06 17:40:00,87.27004377879999,0.4107632864494914,0,-0.11,-0.22,-0.11
2014-04-06 17:45:00,74.2150886527,0.3886601581494441,0,-0.11,-0.22,-0.11
2014-04-06 17:50:00,79.139450448,0.396900302799002,0,-0.11,-0.22,-0.11
2014-04-06 17:55:00,82.4931829472,0.4024729876090894,0,-0.11,-0.22,-0.11
2014-04-06 18:00:00,-1.01028058021e-05,0.3336397137289054,0,-0.11,-0.22,-0.11
2014-04-06 18:05:00,-9.796e-06,0.33329467387773143,0,-0.11,-0.22,-0.11
2014-04-06 18:10:00,-9.804507895260001e-06,0.3329468870346521,0,-0.11,-0.22,-0.11
2014-04-06 18:15:00,-9.694527582680001e-06,0.33262263536815617,0,-0.11,-0.22,-0.11
2014-04-06 18:20:00,-9.92031375474e-06,0.3322877917142097,0,-0.11,-0.22,-0.11
2014-04-06 18:25:00,-1.10011899403e-05,0.331930669816528,0,-0.11,-0.22,-0.11
2014-04-06 18:30:00,-1.0250699879000003e-05,0.3316033534780808,0,-0.11,-0.22,-0.11
2014-04-06 18:35:00,-9.708e-06,0.3312706673585707,0,-0.11,-0.22,-0.11
2014-04-06 18:40:00,-1.00035107164e-05,0.3309287253758938,0,-0.11,-0.22,-0.11
2014-04-06 18:45:00,-9.43274068388e-06,0.33056968980920154,0,-0.11,-0.22,-0.11
2014-04-06 18:50:00,-1.10674651949e-05,0.3302339518562883,0,-0.11,-0.22,-0.11
2014-04-06 18:55:00,-1.0052e-05,0.3298676978670744,0,-0.11,-0.22,-0.11
2014-04-06 19:00:00,-17.5372540995,0.35816236978878474,0,-0.11,-0.22,-0.11
2014-04-06 19:05:00,-15.51212606,0.35466365602356753,0,-0.11,-0.22,-0.11
2014-04-06 19:10:00,-17.0763415369,0.3571385140951408,0,-0.11,-0.22,-0.11
2014-04-06 19:15:00,-15.2204349507,0.3539331807766987,0,-0.11,-0.22,-0.11
2014-04-06 19:20:00,-14.643691133199999,0.3528669046496876,0,-0.11,-0.22,-0.11
2014-04-06 19:25:00,-14.501548613599999,0.35252369509985304,0,-0.11,-0.22,-0.11
2014-04-06 19:30:00,-16.3397410567,0.3554484758935117,0,-0.11,-0.22,-0.11
2014-04-06 19:35:00,-15.3970377202,0.3537686983423316,0,-0.11,-0.22,-0.11
2014-04-06 19:40:00,-15.8192656424,0.3543491374992501,0,-0.11,-0.22,-0.11
2014-04-06 19:45:00,-17.0196726924,0.3562099682531041,0,-0.11,-0.22,-0.11
2014-04-06 19:50:00,-15.193947819000002,0.3530730315620872,0,-0.11,-0.22,-0.11
2014-04-06 19:55:00,-15.3876898952,0.35327864696084305,0,-0.11,-0.22,-0.11
2014-04-06 20:00:00,-20.5260913885,0.3616468137132691,0,-0.11,-0.22,-0.11
2014-04-06 20:05:00,-19.1722075386,0.3593529688454958,0,-0.11,-0.22,-0.11
2014-04-06 20:10:00,-20.4582346779,0.3614545574250901,0,-0.11,-0.22,-0.11
2014-04-06 20:15:00,-18.7179882526,0.35852908899010577,0,-0.11,-0.22,-0.11
2014-04-06 20:20:00,-18.8097411277,0.35865660439762104,0,-0.11,-0.22,-0.11
2014-04-06 20:25:00,-17.921811691600002,0.3571748526775489,0,-0.11,-0.22,-0.11
2014-04-06 20:30:00,-20.7987685215,0.3619059577119591,0,-0.11,-0.22,-0.11
2014-04-06 20:35:00,-20.7236498271,0.3617288563497296,0,-0.11,-0.22,-0.11
2014-04-06 20:40:00,-21.0593937852,0.3622373507449288,0,-0.11,-0.22,-0.11
2014-04-06 20:45:00,-18.8253973699,0.35851106351805945,0,-0.11,-0.22,-0.11
2014-04-06 20:50:00,-20.4234818121,0.36113425265683663,0,-0.11,-0.22,-0.11
2014-04-06 20:55:00,-18.8734227323,0.3585222422556396,0,-0.11,-0.22,-0.11
2014-04-06 21:00:00,-19.6586576756,0.35979096164747404,0,-0.11,-0.22,-0.11
2014-04-06 21:05:00,-21.1494376811,0.3622443078127339,0,-0.11,-0.22,-0.11
2014-04-06 21:10:00,-18.5597914235,0.3579538718420111,0,-0.11,-0.22,-0.11
2014-04-06 21:15:00,-18.7301938653,0.3582388221513505,0,-0.11,-0.22,-0.11
2014-04-06 21:20:00,-19.1048417368,0.35887621274419035,0,-0.11,-0.22,-0.11
2014-04-06 21:25:00,-20.9834944876,0.3619724875945583,0,-0.11,-0.22,-0.11
2014-04-06 21:30:00,-19.3346814277,0.3592342250470699,0,-0.11,-0.22,-0.11
2014-04-06 21:35:00,-19.2772115301,0.3591449350833509,0,-0.11,-0.22,-0.11
2014-04-06 21:40:00,-21.8193033481,0.3633607113118869,0,-0.11,-0.22,-0.11
2014-04-06 21:45:00,-19.3789428558,0.3592968809538024,0,-0.11,-0.22,-0.11
2014-04-06 21:50:00,-18.8391535659,0.35841130814336264,0,-0.11,-0.22,-0.11
2014-04-06 21:55:00,-20.328911959000003,0.360867287965392,0,-0.11,-0.22,-0.11
2014-04-06 22:00:00,-21.173587793499998,0.3622526808710038,0,-0.11,-0.22,-0.11
2014-04-06 22:05:00,-18.2491858597,0.3574262173437668,0,-0.11,-0.22,-0.11
2014-04-06 22:10:00,-20.442808031,0.3610755515139365,0,-0.11,-0.22,-0.11
2014-04-06 22:15:00,-18.113913131500002,0.35723499643382306,0,-0.11,-0.22,-0.11
2014-04-06 22:20:00,-20.0731608933,0.3604774905132179,0,-0.11,-0.22,-0.11
2014-04-06 22:25:00,-18.9975215246,0.3587106169569597,0,-0.11,-0.22,-0.11
2014-04-06 22:30:00,-19.1958042996,0.3590287766161339,0,-0.11,-0.22,-0.11
2014-04-06 22:35:00,-19.836594458,0.3600786280711157,0,-0.11,-0.22,-0.11
2014-04-06 22:40:00,-21.673696373000002,0.3631249196398508,0,-0.11,-0.22,-0.11
2014-04-06 22:45:00,-20.8093209727,0.3616690361427753,0,-0.11,-0.22,-0.11
2014-04-06 22:50:00,-21.712586591100006,0.36317278933128944,0,-0.11,-0.22,-0.11
2014-04-06 22:55:00,-20.6068602207,0.3613223748709893,0,-0.11,-0.22,-0.11
2014-04-06 23:00:00,-18.0226618934,0.3570496739338289,0,-0.11,-0.22,-0.11
2014-04-06 23:05:00,-19.0562408435,0.3587752419802243,0,-0.11,-0.22,-0.11
2014-04-06 23:10:00,-21.6161709255,0.363025849227873,0,-0.11,-0.22,-0.11
2014-04-06 23:15:00,-20.567198477,0.3612729070350185,0,-0.11,-0.22,-0.11
2014-04-06 23:20:00,-21.9195724414,0.36349734873742,0,-0.11,-0.22,-0.11
2014-04-06 23:25:00,-18.617896446,0.3580318964823533,0,-0.11,-0.22,-0.11
2014-04-06 23:30:00,-19.1808514983,0.3589653621613467,0,-0.11,-0.22,-0.11
2014-04-06 23:35:00,-19.4432468107,0.3593938500829895,0,-0.11,-0.22,-0.11
2014-04-06 23:40:00,-19.3000532818,0.35916678199381225,0,-0.11,-0.22,-0.11
2014-04-06 23:45:00,-19.0018835746,0.358666635843541,0,-0.11,-0.22,-0.11
2014-04-06 23:50:00,-19.7675352302,0.3599552417933061,0,-0.11,-0.22,-0.11
2014-04-06 23:55:00,-20.5626103552,0.3612759849760345,0,-0.11,-0.22,-0.11
2014-04-07 00:00:00,-19.245027691500002,0.3591110343578613,0,-0.11,-0.22,-0.11
2014-04-07 00:05:00,-18.3187996933,0.3575849467484307,0,-0.11,-0.22,-0.11
2014-04-07 00:10:00,-20.8341301076,0.3617702742948343,0,-0.11,-0.22,-0.11
2014-04-07 00:15:00,-19.836066223099998,0.3600994198131913,0,-0.11,-0.22,-0.11
2014-04-07 00:20:00,-20.2259292244,0.360729089238834,0,-0.11,-0.22,-0.11
2014-04-07 00:25:00,-19.8216026287,0.3600424761573604,0,-0.11,-0.22,-0.11
2014-04-07 00:30:00,-21.561430013800006,0.3629216344426665,0,-0.11,-0.22,-0.11
2014-04-07 00:35:00,-20.234979988699997,0.3606971911310084,0,-0.11,-0.22,-0.11
2014-04-07 00:40:00,-21.6931073594,0.36310899008716097,0,-0.11,-0.22,-0.11
2014-04-07 00:45:00,-20.0423013662,0.36035584318321817,0,-0.11,-0.22,-0.11
2014-04-07 00:50:00,-19.170352649,0.35891056517658243,0,-0.11,-0.22,-0.11
2014-04-07 00:55:00,-19.421770348699997,0.35933720395149193,0,-0.11,-0.22,-0.11
2014-04-07 01:00:00,-20.0885171743,0.3604312377928001,0,-0.11,-0.22,-0.11
2014-04-07 01:05:00,-20.119957751199998,0.3604918850200463,0,-0.11,-0.22,-0.11
2014-04-07 01:10:00,-20.7493508062,0.3615343264561262,0,-0.11,-0.22,-0.11
2014-04-07 01:15:00,-18.8979794887,0.3584851761164646,0,-0.11,-0.22,-0.11
2014-04-07 01:20:00,-20.6353715999,0.3613589551021204,0,-0.11,-0.22,-0.11
2014-04-07 01:25:00,-21.114352033499998,0.3621634092820127,0,-0.11,-0.22,-0.11
2014-04-07 01:30:00,-20.7063679579,0.3614808246910847,0,-0.11,-0.22,-0.11
2014-04-07 01:35:00,-19.9273124393,0.36020354897123275,0,-0.11,-0.22,-0.11
2014-04-07 01:40:00,-21.9667226045,0.3635632130749629,0,-0.11,-0.22,-0.11
2014-04-07 01:45:00,-19.6192526365,0.35966952813814873,0,-0.11,-0.22,-0.11
2014-04-07 01:50:00,-18.426362458299998,0.3577171668271189,0,-0.11,-0.22,-0.11
2014-04-07 01:55:00,-21.2860168616,0.3624383770191676,0,-0.11,-0.22,-0.11
2014-04-07 02:00:00,-18.8488048755,0.358402823136933,0,-0.11,-0.22,-0.11
2014-04-07 02:05:00,-20.8531422916,0.3617340448124037,0,-0.11,-0.22,-0.11
2014-04-07 02:10:00,-18.715905130899998,0.3581990121009699,0,-0.11,-0.22,-0.11
2014-04-07 02:15:00,-18.067509563399998,0.3571273100208713,0,-0.11,-0.22,-0.11
2014-04-07 02:20:00,-18.6391944152,0.35809205552575585,0,-0.11,-0.22,-0.11
2014-04-07 02:25:00,-19.5079547863,0.3595215073658415,0,-0.11,-0.22,-0.11
2014-04-07 02:30:00,-18.4264729885,0.3577535441026129,0,-0.11,-0.22,-0.11
2014-04-07 02:35:00,-18.7907163369,0.35835161782599195,0,-0.11,-0.22,-0.11
2014-04-07 02:40:00,-21.0585051107,0.3620965399494849,0,-0.11,-0.22,-0.11
2014-04-07 02:45:00,-21.0795344319,0.3621137998733479,0,-0.11,-0.22,-0.11
2014-04-07 02:50:00,-21.2699529088,0.3624242187679435,0,-0.11,-0.22,-0.11
2014-04-07 02:55:00,-21.3646209462,0.36258685521430617,0,-0.11,-0.22,-0.11
2014-04-07 03:00:00,-19.6817435785,0.3597778470435267,0,-0.11,-0.22,-0.11
2014-04-07 03:05:00,-21.4701986428,0.3627258664137533,0,-0.11,-0.22,-0.11
2014-04-07 03:10:00,-20.1037475001,0.36044737432750623,0,-0.11,-0.22,-0.11
2014-04-07 03:15:00,-19.8823884677,0.3600928004647269,0,-0.11,-0.22,-0.11
2014-04-07 03:20:00,-20.874145316,0.3617321025054428,0,-0.11,-0.22,-0.11
2014-04-07 03:25:00,-18.8552736454,0.3583844082092298,0,-0.11,-0.22,-0.11
2014-04-07 03:30:00,-21.1579895073,0.3622000576395792,0,-0.11,-0.22,-0.11
2014-04-07 03:35:00,-19.7178633063,0.3598005698246392,0,-0.11,-0.22,-0.11
2014-04-07 03:40:00,-18.509181656,0.35780696366962783,0,-0.11,-0.22,-0.11
2014-04-07 03:45:00,-18.4772476541,0.357761422607732,0,-0.11,-0.22,-0.11
2014-04-07 03:50:00,-18.6596269754,0.3580855369165662,0,-0.11,-0.22,-0.11
2014-04-07 03:55:00,-21.562290936999997,0.3629089545525245,0,-0.11,-0.22,-0.11
2014-04-07 04:00:00,-21.963751289,0.36356977708278265,0,-0.11,-0.22,-0.11
2014-04-07 04:05:00,-19.4278951968,0.3593547109142233,0,-0.11,-0.22,-0.11
2014-04-07 04:10:00,-19.168575408800002,0.35893207400796795,0,-0.11,-0.22,-0.11
2014-04-07 04:15:00,-18.8750838904,0.3584424228172072,0,-0.11,-0.22,-0.11
2014-04-07 04:20:00,-21.2952659087,0.3624600366587135,0,-0.11,-0.22,-0.11
2014-04-07 04:25:00,-18.8368299297,0.3583897737796472,0,-0.11,-0.22,-0.11
2014-04-07 04:30:00,-21.696360519699997,0.36314149583812,0,-0.11,-0.22,-0.11
2014-04-07 04:35:00,-20.6694015159,0.3614147124274161,0,-0.11,-0.22,-0.11
2014-04-07 04:40:00,-21.588511166700002,0.3629399058644314,0,-0.11,-0.22,-0.11
2014-04-07 04:45:00,-20.2160394176,0.3606607515928119,0,-0.11,-0.22,-0.11
2014-04-07 04:50:00,-20.7627194487,0.3615545055342696,0,-0.11,-0.22,-0.11
2014-04-07 04:55:00,-20.4778324026,0.3610824903179038,0,-0.11,-0.22,-0.11
2014-04-07 05:00:00,-21.3247818253,0.3624951325076479,0,-0.11,-0.22,-0.11
2014-04-07 05:05:00,-21.3434432447,0.3625292291121707,0,-0.11,-0.22,-0.11
2014-04-07 05:10:00,-20.3591719994,0.3608962369554563,0,-0.11,-0.22,-0.11
2014-04-07 05:15:00,-20.5300305973,0.3611596167985748,0,-0.11,-0.22,-0.11
2014-04-07 05:20:00,-21.687503682,0.3630844445275925,0,-0.11,-0.22,-0.11
2014-04-07 05:25:00,-21.7194659359,0.3631277682802127,0,-0.11,-0.22,-0.11
2014-04-07 05:30:00,-20.6569991356,0.3613465190823853,0,-0.11,-0.22,-0.11
2014-04-07 05:35:00,-18.0310171127,0.35699914418389056,0,-0.11,-0.22,-0.11
2014-04-07 05:40:00,-18.417644859,0.3576389656524888,0,-0.11,-0.22,-0.11
2014-04-07 05:45:00,-21.431770127100002,0.3626135120194693,0,-0.11,-0.22,-0.11
2014-04-07 05:50:00,-18.3388564655,0.3575038103584847,0,-0.11,-0.22,-0.11
2014-04-07 05:55:00,-18.8540767234,0.35835734133144465,0,-0.11,-0.22,-0.11
2014-04-07 06:00:00,-18.922186720899997,0.3584630683819776,0,-0.11,-0.22,-0.11
2014-04-07 06:05:00,-20.400939079100002,0.3609090244925465,0,-0.11,-0.22,-0.11
2014-04-07 06:10:00,-20.3065311915,0.3607488423897872,0,-0.11,-0.22,-0.11
2014-04-07 06:15:00,-19.1576700937,0.3588386573514023,0,-0.11,-0.22,-0.11
2014-04-07 06:20:00,-18.830445462300002,0.3582910626956887,0,-0.11,-0.22,-0.11
2014-04-07 06:25:00,-21.0581281194,0.3619678023427225,0,-0.11,-0.22,-0.11
2014-04-07 06:30:00,-21.7418246224,0.3630965861630442,0,-0.11,-0.22,-0.11
2014-04-07 06:35:00,-18.2112227197,0.3572387500643616,0,-0.11,-0.22,-0.11
2014-04-07 06:40:00,-18.532721850799998,0.3577849101770281,0,-0.11,-0.22,-0.11
2014-04-07 06:45:00,-20.5686559548,0.3611431628787095,0,-0.11,-0.22,-0.11
2014-04-07 06:50:00,-21.2177658067,0.3622006630831809,0,-0.11,-0.22,-0.11
2014-04-07 06:55:00,-21.1647546751,0.3620981778422785,0,-0.11,-0.22,-0.11
2014-04-07 07:00:00,-20.8787326123,0.36160062278215177,0,-0.11,-0.22,-0.11
2014-04-07 07:05:00,-21.549711818000002,0.3626908897290011,0,-0.11,-0.22,-0.11
2014-04-07 07:10:00,-18.8693955183,0.3582481537408839,0,-0.11,-0.22,-0.11
2014-04-07 07:15:00,-18.429163786,0.3575277638001469,0,-0.11,-0.22,-0.11
2014-04-07 07:20:00,-20.4614518804,0.3608992761406649,0,-0.11,-0.22,-0.11
2014-04-07 07:25:00,-21.2891035661,0.3622480103329912,0,-0.11,-0.22,-0.11
2014-04-07 07:30:00,-20.3281743139,0.3606615743992993,0,-0.11,-0.22,-0.11
2014-04-07 07:35:00,-21.8519899498,0.3631894120680688,0,-0.11,-0.22,-0.11
2014-04-07 07:40:00,-21.1822578456,0.3620739878156531,0,-0.11,-0.22,-0.11
2014-04-07 07:45:00,-20.803167203599997,0.3614300187074973,0,-0.11,-0.22,-0.11
2014-04-07 07:50:00,-18.2410291635,0.3572120395184657,0,-0.11,-0.22,-0.11
2014-04-07 07:55:00,-18.4309689549,0.3575284743597561,0,-0.11,-0.22,-0.11
2014-04-07 08:00:00,-21.139350530399998,0.3619949351180888,0,-0.11,-0.22,-0.11
2014-04-07 08:05:00,-18.7929517023,0.3580989369521158,0,-0.11,-0.22,-0.11
2014-04-07 08:10:00,-18.1153407043,0.3570103836746418,0,-0.11,-0.22,-0.11
2014-04-07 08:15:00,-21.643042743000002,0.3628382530613847,0,-0.11,-0.22,-0.11
2014-04-07 08:20:00,-21.5632214948,0.3627063982706423,0,-0.11,-0.22,-0.11
2014-04-07 08:25:00,-18.873935308900002,0.3582462595829744,0,-0.11,-0.22,-0.11
2014-04-07 08:30:00,-21.1208250323,0.3619771215039261,0,-0.11,-0.22,-0.11
2014-04-07 08:35:00,-18.1919186448,0.35715271469995125,0,-0.11,-0.22,-0.11
2014-04-07 08:40:00,-19.1402320153,0.3587435956431803,0,-0.11,-0.22,-0.11
2014-04-07 08:45:00,-20.494667633,0.3609853610625556,0,-0.11,-0.22,-0.11
2014-04-07 08:50:00,-21.0527159846,0.3619164872929656,0,-0.11,-0.22,-0.11
2014-04-07 08:55:00,-18.0415967552,0.3569579413777924,0,-0.11,-0.22,-0.11
2014-04-07 09:00:00,57.91450335930001,0.3695660296185548,0,-0.11,-0.22,-0.11
2014-04-07 09:05:00,56.5721467208,0.3668755484171811,0,-0.11,-0.22,-0.11
2014-04-07 09:10:00,65.985364869,0.38221703865816337,0,-0.11,-0.22,-0.11
2014-04-07 09:15:00,62.0517867886,0.3750480129989216,0,-0.11,-0.22,-0.11
2014-04-07 09:20:00,58.8680574346,0.36923390182168414,0,-0.11,-0.22,-0.11
2014-04-07 09:25:00,54.9078312238,0.3622177361600077,0,-0.11,-0.22,-0.11
2014-04-07 09:30:00,61.18404309010001,0.3722271210386421,0,-0.11,-0.22,-0.11
2014-04-07 09:35:00,61.7004176512,0.37261493026872267,0,-0.11,-0.22,-0.11
2014-04-07 09:40:00,63.79687113,0.3756414216682489,0,-0.11,-0.22,-0.11
2014-04-07 09:45:00,57.462922235,0.36460410156767625,0,-0.11,-0.22,-0.11
2014-04-07 09:50:00,65.7771369658,0.3780247302415246,0,-0.11,-0.22,-0.11
2014-04-07 09:55:00,59.2735888718,0.366665886666282,0,-0.11,-0.22,-0.11
2014-04-07 10:00:00,72.8983450708,0.3890634844518417,0,-0.11,-0.22,-0.11
2014-04-07 10:05:00,73.6964298768,0.3903002861459964,0,-0.11,-0.22,-0.11
2014-04-07 10:10:00,76.2977080051,0.3945485998323528,0,-0.11,-0.22,-0.11
2014-04-07 10:15:00,82.6378637805,0.4051227497845633,0,-0.11,-0.22,-0.11
2014-04-07 10:20:00,79.5744137284,0.3995339866700455,0,-0.11,-0.22,-0.11
2014-04-07 10:25:00,77.1720666718,0.3951897590991264,0,-0.11,-0.22,-0.11
2014-04-07 10:30:00,70.8747178973,0.3843072665506096,0,-0.11,-0.22,-0.11
2014-04-07 10:35:00,70.6701703255,0.3838446375585301,0,-0.11,-0.22,-0.11
2014-04-07 10:40:00,76.03339309,0.39278740537894574,0,-0.11,-0.22,-0.11
2014-04-07 10:45:00,79.4763723099,0.3983521725721931,0,-0.11,-0.22,-0.11
2014-04-07 10:50:00,79.8153850259,0.3986794067813673,0,-0.11,-0.22,-0.11
2014-04-07 10:55:00,71.8338986349,0.3850951695738927,0,-0.11,-0.22,-0.11
2014-04-07 11:00:00,72.8655762835,0.3867274928510375,0,-0.11,-0.22,-0.11
2014-04-07 11:05:00,77.36986206979999,0.3943885094787805,0,-0.11,-0.22,-0.11
2014-04-07 11:10:00,85.823853085,0.4087489197282566,0,-0.11,-0.22,-0.11
2014-04-07 11:15:00,79.91861728229999,0.3985492907860974,0,-0.11,-0.22,-0.11
2014-04-07 11:20:00,76.3503803066,0.3925748557221468,0,-0.11,-0.22,-0.11
2014-04-07 11:25:00,76.4064206665,0.3927578670616927,0,-0.11,-0.22,-0.11
2014-04-07 11:30:00,73.3722587963,0.3876677850147827,0,-0.11,-0.22,-0.11
2014-04-07 11:35:00,78.7758639799,0.39674342270287577,0,-0.11,-0.22,-0.11
2014-04-07 11:40:00,83.81518482770001,0.405206467773211,0,-0.11,-0.22,-0.11
2014-04-07 11:45:00,86.6219696738,0.4098164137018784,0,-0.11,-0.22,-0.11
2014-04-07 11:50:00,79.2252647993,0.3970807961529929,0,-0.11,-0.22,-0.11
2014-04-07 11:55:00,73.92868426689999,0.3881903093318876,0,-0.11,-0.22,-0.11
2014-04-07 12:00:00,82.7613519841,0.4030640458806607,0,-0.11,-0.22,-0.11
2014-04-07 12:05:00,83.940444161,0.4049947431041141,0,-0.11,-0.22,-0.11
2014-04-07 12:10:00,73.0009015988,0.3864802731841832,0,-0.11,-0.22,-0.11
2014-04-07 12:15:00,85.431021622,0.4075159772297927,0,-0.11,-0.22,-0.11
2014-04-07 12:20:00,85.09861992350001,0.40677776865027776,0,-0.11,-0.22,-0.11
2014-04-07 12:25:00,79.40153555090001,0.3969999647231772,0,-0.11,-0.22,-0.11
2014-04-07 12:30:00,80.8048267773,0.3993820139931503,0,-0.11,-0.22,-0.11
2014-04-07 12:35:00,83.2476999613,0.40344818267182864,0,-0.11,-0.22,-0.11
2014-04-07 12:40:00,82.662314061,0.4023012403869821,0,-0.11,-0.22,-0.11
2014-04-07 12:45:00,72.1200464998,0.3846161664192833,0,-0.11,-0.22,-0.11
2014-04-07 12:50:00,73.8110469319,0.3875692880515627,0,-0.11,-0.22,-0.11
2014-04-07 12:55:00,74.45224599470001,0.3887307340499341,0,-0.11,-0.22,-0.11
2014-04-07 13:00:00,84.0571778995,0.40487619820287785,0,-0.11,-0.22,-0.11
2014-04-07 13:05:00,79.0097204715,0.3962513503730117,0,-0.11,-0.22,-0.11
2014-04-07 13:10:00,80.6957508054,0.39912265870816377,0,-0.11,-0.22,-0.11
2014-04-07 13:15:00,84.3292537907,0.4053263753455911,0,-0.11,-0.22,-0.11
2014-04-07 13:20:00,77.4247340185,0.3936862240874664,0,-0.11,-0.22,-0.11
2014-04-07 13:25:00,83.9486507396,0.4047634301775746,0,-0.11,-0.22,-0.11
2014-04-07 13:30:00,79.0451576787,0.3964521436666539,0,-0.11,-0.22,-0.11
2014-04-07 13:35:00,78.00366905119998,0.3947678336144953,0,-0.11,-0.22,-0.11
2014-04-07 13:40:00,77.2976647864,0.39370271271569496,0,-0.11,-0.22,-0.11
2014-04-07 13:45:00,87.4041414011,0.4108635769565141,0,-0.11,-0.22,-0.11
2014-04-07 13:50:00,84.3178339415,0.4056113762674608,0,-0.11,-0.22,-0.11
2014-04-07 13:55:00,72.2942057984,0.3853561100582829,0,-0.11,-0.22,-0.11
2014-04-07 14:00:00,87.3116622925,0.4108191927241024,0,-0.11,-0.22,-0.11
2014-04-07 14:05:00,84.4002815129,0.40579024611035497,0,-0.11,-0.22,-0.11
2014-04-07 14:10:00,74.3808444876,0.3889637759021541,0,-0.11,-0.22,-0.11
2014-04-07 14:15:00,73.2155522938,0.3869979402732471,0,-0.11,-0.22,-0.11
2014-04-07 14:20:00,76.9249510101,0.3933232908341648,0,-0.11,-0.22,-0.11
2014-04-07 14:25:00,81.9803455172,0.4019633879619687,0,-0.11,-0.22,-0.11
2014-04-07 14:30:00,81.85819784659999,0.4016508101712639,0,-0.11,-0.22,-0.11
2014-04-07 14:35:00,76.4074889142,0.3924882843778392,0,-0.11,-0.22,-0.11
2014-04-07 14:40:00,79.1244691945,0.3971795262301149,0,-0.11,-0.22,-0.11
2014-04-07 14:45:00,75.384211272,0.3908619965306296,0,-0.11,-0.22,-0.11
2014-04-07 14:50:00,72.80343422199999,0.3865885892266583,0,-0.11,-0.22,-0.11
2014-04-07 14:55:00,80.2651057566,0.3992274128224021,0,-0.11,-0.22,-0.11
2014-04-07 15:00:00,77.5506173183,0.3946526614980368,0,-0.11,-0.22,-0.11
2014-04-07 15:05:00,80.6848279389,0.3998673355009708,0,-0.11,-0.22,-0.11
2014-04-07 15:10:00,87.14272285370001,0.4107125116008509,0,-0.11,-0.22,-0.11
2014-04-07 15:15:00,74.2927362843,0.38884233841427696,0,-0.11,-0.22,-0.11
2014-04-07 15:20:00,72.0302397907,0.3850958883452789,0,-0.11,-0.22,-0.11
2014-04-07 15:25:00,73.2288797317,0.3871413546977556,0,-0.11,-0.22,-0.11
2014-04-07 15:30:00,79.4020622843,0.3976366621444474,0,-0.11,-0.22,-0.11
2014-04-07 15:35:00,83.30957950220001,0.4042657143425673,0,-0.11,-0.22,-0.11
2014-04-07 15:40:00,81.2909169776,0.4008638304476271,0,-0.11,-0.22,-0.11
2014-04-07 15:45:00,79.917035025,0.3984281042652473,0,-0.11,-0.22,-0.11
2014-04-07 15:50:00,77.6621674829,0.3946317586616546,0,-0.11,-0.22,-0.11
2014-04-07 15:55:00,76.9583553911,0.3934434045189087,0,-0.11,-0.22,-0.11
2014-04-07 16:00:00,78.0203291358,0.3953518027014595,0,-0.11,-0.22,-0.11
2014-04-07 16:05:00,81.7858975484,0.4017831435360408,0,-0.11,-0.22,-0.11
2014-04-07 16:10:00,74.6838243048,0.3898857292511815,0,-0.11,-0.22,-0.11
2014-04-07 16:15:00,84.3415234351,0.4061532706979763,0,-0.11,-0.22,-0.11
2014-04-07 16:20:00,81.2037919885,0.4008227593709214,0,-0.11,-0.22,-0.11
2014-04-07 16:25:00,76.306257861,0.3925618132455152,0,-0.11,-0.22,-0.11
2014-04-07 16:30:00,80.01819134590001,0.3989428793214915,0,-0.11,-0.22,-0.11
2014-04-07 16:35:00,87.40417930870001,0.4114874511467622,0,-0.11,-0.22,-0.11
2014-04-07 16:40:00,72.3276330172,0.3859294777170301,0,-0.11,-0.22,-0.11
2014-04-07 16:45:00,75.1921216389,0.39072725266538383,0,-0.11,-0.22,-0.11
2014-04-07 16:50:00,79.1738304814,0.3975307255433505,0,-0.11,-0.22,-0.11
2014-04-07 16:55:00,82.2147724604,0.402632823291169,0,-0.11,-0.22,-0.11
2014-04-07 17:00:00,75.3956040074,0.39099969049385225,0,-0.11,-0.22,-0.11
2014-04-07 17:05:00,86.9024075564,0.4104137639440297,0,-0.11,-0.22,-0.11
2014-04-07 17:10:00,82.28109953890001,0.40257384261896817,0,-0.11,-0.22,-0.11
2014-04-07 17:15:00,86.0388561184,0.4088765591318233,0,-0.11,-0.22,-0.11
2014-04-07 17:20:00,77.2690374318,0.3940500300953407,0,-0.11,-0.22,-0.11
2014-04-07 17:25:00,85.2632083804,0.407716662669646,0,-0.11,-0.22,-0.11
2014-04-07 17:30:00,78.0514575174,0.3955409280304951,0,-0.11,-0.22,-0.11
2014-04-07 17:35:00,76.0439796912,0.3922809191346341,0,-0.11,-0.22,-0.11
2014-04-07 17:40:00,86.5864300113,0.4102952865087876,0,-0.11,-0.22,-0.11
2014-04-07 17:45:00,73.4754485865,0.3879772542731521,0,-0.11,-0.22,-0.11
2014-04-07 17:50:00,87.0861650017,0.41100084855530783,0,-0.11,-0.22,-0.11
2014-04-07 17:55:00,79.3361925187,0.3977690400242919,0,-0.11,-0.22,-0.11
2014-04-07 18:00:00,-1.12488969696e-05,0.3333833542046394,0,-0.11,-0.22,-0.11
2014-04-07 18:05:00,-1.03210898508e-05,0.3330568996232663,0,-0.11,-0.22,-0.11
2014-04-07 18:10:00,-1.07673357764e-05,0.33270677504850465,0,-0.11,-0.22,-0.11
2014-04-07 18:15:00,-9.230481441410001e-06,0.3323605755016196,0,-0.11,-0.22,-0.11
2014-04-07 18:20:00,-1.02331736472e-05,0.3320027037951967,0,-0.11,-0.22,-0.11
2014-04-07 18:25:00,-1.07263047098e-05,0.33165370430787994,0,-0.11,-0.22,-0.11
2014-04-07 18:30:00,-1.08192297368e-05,0.3313055635586614,0,-0.11,-0.22,-0.11
2014-04-07 18:35:00,-9.539683497110001e-06,0.33096230023112017,0,-0.11,-0.22,-0.11
2014-04-07 18:40:00,-1.00740525063e-05,0.33061761886654245,0,-0.11,-0.22,-0.11
2014-04-07 18:45:00,-1.00742593702e-05,0.3302531432900769,0,-0.11,-0.22,-0.11
2014-04-07 18:50:00,-9.42825637575e-06,0.3299214244377102,0,-0.11,-0.22,-0.11
2014-04-07 18:55:00,-1.01233571997e-05,0.32957561078096603,0,-0.11,-0.22,-0.11
2014-04-07 19:00:00,-16.9826996416,0.35708256351783435,0,-0.11,-0.22,-0.11
2014-04-07 19:05:00,-15.360580326500001,0.3542449366922646,0,-0.11,-0.22,-0.11
2014-04-07 19:10:00,-15.7842404904,0.3548332259358397,0,-0.11,-0.22,-0.11
2014-04-07 19:15:00,-17.475070029,0.35753056005559136,0,-0.11,-0.22,-0.11
2014-04-07 19:20:00,-14.501467699,0.35244904506798475,0,-0.11,-0.22,-0.11
2014-04-07 19:25:00,-16.2928717428,0.3553141564442687,0,-0.11,-0.22,-0.11
2014-04-07 19:30:00,-16.7789976414,0.3559976379620988,0,-0.11,-0.22,-0.11
2014-04-07 19:35:00,-16.834825943800002,0.35596135739969736,0,-0.11,-0.22,-0.11
2014-04-07 19:40:00,-16.6910038161,0.3555932414301901,0,-0.11,-0.22,-0.11
2014-04-07 19:45:00,-16.7246467599,0.3555214306164901,0,-0.11,-0.22,-0.11
2014-04-07 19:50:00,-14.5888423975,0.3518614308127625,0,-0.11,-0.22,-0.11
2014-04-07 19:55:00,-16.109239243199998,0.3542652280799506,0,-0.11,-0.22,-0.11
2014-04-07 20:00:00,-20.2866016679,0.3610794839225197,0,-0.11,-0.22,-0.11
2014-04-07 20:05:00,-17.6412101646,0.35665689691059177,0,-0.11,-0.22,-0.11
2014-04-07 20:10:00,-17.326272071600002,0.3561171022393857,0,-0.11,-0.22,-0.11
2014-04-07 20:15:00,-20.4079178687,0.36123672202495183,0,-0.11,-0.22,-0.11
2014-04-07 20:20:00,-20.0152108752,0.3605369502564414,0,-0.11,-0.22,-0.11
2014-04-07 20:25:00,-18.8628730434,0.3585741647067145,0,-0.11,-0.22,-0.11
2014-04-07 20:30:00,-20.8911227468,0.3619118625154769,0,-0.11,-0.22,-0.11
2014-04-07 20:35:00,-20.2237371149,0.3607598023285929,0,-0.11,-0.22,-0.11
2014-04-07 20:40:00,-20.996586463699998,0.362004731326969,0,-0.11,-0.22,-0.11
2014-04-07 20:45:00,-20.8485710414,0.3617123064787777,0,-0.11,-0.22,-0.11
2014-04-07 20:50:00,-19.128167843499998,0.3588184955871278,0,-0.11,-0.22,-0.11
2014-04-07 20:55:00,-20.1780829085,0.3605285751079501,0,-0.11,-0.22,-0.11
2014-04-07 21:00:00,-20.5113515155,0.3610410167169169,0,-0.11,-0.22,-0.11
2014-04-07 21:05:00,-21.0758146807,0.3619804514432252,0,-0.11,-0.22,-0.11
2014-04-07 21:10:00,-20.9815476668,0.3618063874844321,0,-0.11,-0.22,-0.11
2014-04-07 21:15:00,-18.464024533299998,0.3576220413070631,0,-0.11,-0.22,-0.11
2014-04-07 21:20:00,-18.7834626678,0.3581533794075385,0,-0.11,-0.22,-0.11
2014-04-07 21:25:00,-18.9104229763,0.3583640165287744,0,-0.11,-0.22,-0.11
2014-04-07 21:30:00,-21.1038023701,0.3619989002585332,0,-0.11,-0.22,-0.11
2014-04-07 21:35:00,-21.0730231682,0.3619448921466377,0,-0.11,-0.22,-0.11
2014-04-07 21:40:00,-19.8214907385,0.35986106351316394,0,-0.11,-0.22,-0.11
2014-04-07 21:45:00,-20.160742488,0.3604356039552644,0,-0.11,-0.22,-0.11
2014-04-07 21:50:00,-21.1372271903,0.3620478410050954,0,-0.11,-0.22,-0.11
2014-04-07 21:55:00,-19.0963714863,0.3586509073392923,0,-0.11,-0.22,-0.11
2014-04-07 22:00:00,-18.1715939784,0.35711728381098445,0,-0.11,-0.22,-0.11
2014-04-07 22:05:00,-19.8984971522,0.35999288056248835,0,-0.11,-0.22,-0.11
2014-04-07 22:10:00,-21.620220803400002,0.3628684811174076,0,-0.11,-0.22,-0.11
2014-04-07 22:15:00,-21.1280140643,0.3620210283538769,0,-0.11,-0.22,-0.11
2014-04-07 22:20:00,-19.4353228776,0.3591870491763938,0,-0.11,-0.22,-0.11
2014-04-07 22:25:00,-18.2298709202,0.35718719681576755,0,-0.11,-0.22,-0.11
2014-04-07 22:30:00,-20.5148017535,0.3610010612466101,0,-0.11,-0.22,-0.11
2014-04-07 22:35:00,-21.3038224599,0.3623032671851613,0,-0.11,-0.22,-0.11
2014-04-07 22:40:00,-20.626738611900002,0.36115848474834106,0,-0.11,-0.22,-0.11
2014-04-07 22:45:00,-19.6687781973,0.3595779906836906,0,-0.11,-0.22,-0.11
2014-04-07 22:50:00,-18.4638250047,0.35757829301755384,0,-0.11,-0.22,-0.11
2014-04-07 22:55:00,-21.6084680391,0.36280395003414506,0,-0.11,-0.22,-0.11
2014-04-07 23:00:00,-19.0977200795,0.3586202496921282,0,-0.11,-0.22,-0.11
2014-04-07 23:05:00,-18.891101061700002,0.3582960329073252,0,-0.11,-0.22,-0.11
2014-04-07 23:10:00,-21.2571022158,0.36222017311504906,0,-0.11,-0.22,-0.11
2014-04-07 23:15:00,-21.917863797,0.3633134914498018,0,-0.11,-0.22,-0.11
2014-04-07 23:20:00,-20.6340360332,0.3611421939715415,0,-0.11,-0.22,-0.11
2014-04-07 23:25:00,-20.492682202,0.3609022441013932,0,-0.11,-0.22,-0.11
2014-04-07 23:30:00,-19.2715546085,0.3588624785944245,0,-0.11,-0.22,-0.11
2014-04-07 23:35:00,-18.0758676765,0.356882438776215,0,-0.11,-0.22,-0.11
2014-04-07 23:40:00,-18.7611859651,0.35803153342905203,0,-0.11,-0.22,-0.11
2014-04-07 23:45:00,-20.331213678599998,0.3606614995274813,0,-0.11,-0.22,-0.11
2014-04-07 23:50:00,-18.5993121652,0.3577931248961126,0,-0.11,-0.22,-0.11
2014-04-07 23:55:00,-21.5284519214,0.36268563957324745,0,-0.11,-0.22,-0.11
2014-04-08 00:00:00,-18.7525787514,0.35806601725734144,0,-0.11,-0.22,-0.11
2014-04-08 00:05:00,-20.088417812,0.3602754887834351,0,-0.11,-0.22,-0.11
2014-04-08 00:10:00,-20.0480529831,0.3601993343237493,0,-0.11,-0.22,-0.11
2014-04-08 00:15:00,-20.4157825205,0.3608243377288908,0,-0.11,-0.22,-0.11
2014-04-08 00:20:00,-19.3097362789,0.3589893773466915,0,-0.11,-0.22,-0.11
2014-04-08 00:25:00,-21.4941368043,0.3626436956964321,0,-0.11,-0.22,-0.11
2014-04-08 00:30:00,-19.777206143900003,0.35976277284275904,0,-0.11,-0.22,-0.11
2014-04-08 00:35:00,-20.8006143149,0.36145801240798187,0,-0.11,-0.22,-0.11
2014-04-08 00:40:00,-20.543643443900002,0.3610185752339301,0,-0.11,-0.22,-0.11
2014-04-08 00:45:00,-18.4686243325,0.357565710759533,0,-0.11,-0.22,-0.11
2014-04-08 00:50:00,-20.490557410799997,0.3609239475856726,0,-0.11,-0.22,-0.11
2014-04-08 00:55:00,-20.2028107119,0.3604394098925942,0,-0.11,-0.22,-0.11
2014-04-08 01:00:00,-21.594416253000002,0.3627573390540073,0,-0.11,-0.22,-0.11
2014-04-08 01:05:00,-21.523506545900002,0.3626179309501533,0,-0.11,-0.22,-0.11
2014-04-08 01:10:00,-18.6038191496,0.3577425367139206,0,-0.11,-0.22,-0.11
2014-04-08 01:15:00,-18.3267405823,0.3573033732642189,0,-0.11,-0.22,-0.11
2014-04-08 01:20:00,-19.1783688768,0.3587265886529873,0,-0.11,-0.22,-0.11
2014-04-08 01:25:00,-21.9464514267,0.3633366489124336,0,-0.11,-0.22,-0.11
2014-04-08 01:30:00,-18.086295105599998,0.35690911639657674,0,-0.11,-0.22,-0.11
2014-04-08 01:35:00,-20.6915689583,0.3612595490217058,0,-0.11,-0.22,-0.11
2014-04-08 01:40:00,-20.4340549354,0.3608274004971549,0,-0.11,-0.22,-0.11
2014-04-08 01:45:00,-20.5863131218,0.3610918279921304,0,-0.11,-0.22,-0.11
2014-04-08 01:50:00,-18.8731435591,0.3582439098094471,0,-0.11,-0.22,-0.11
2014-04-08 01:55:00,-18.9068693832,0.35830235533496624,0,-0.11,-0.22,-0.11
2014-04-08 02:00:00,-19.7225683287,0.3596594254187086,0,-0.11,-0.22,-0.11
2014-04-08 02:05:00,-18.3834312283,0.3574432032307253,0,-0.11,-0.22,-0.11
2014-04-08 02:10:00,-18.298452836099997,0.3573175213369693,0,-0.11,-0.22,-0.11
2014-04-08 02:15:00,-18.3534378139,0.3574297142012043,0,-0.11,-0.22,-0.11
2014-04-08 02:20:00,-20.2919166852,0.3606499208225833,0,-0.11,-0.22,-0.11
2014-04-08 02:25:00,-19.5909674276,0.3594887743339077,0,-0.11,-0.22,-0.11
2014-04-08 02:30:00,-19.1744671226,0.3588112098733461,0,-0.11,-0.22,-0.11
2014-04-08 02:35:00,-19.2632775186,0.35897197956098403,0,-0.11,-0.22,-0.11
2014-04-08 02:40:00,-18.8291332234,0.3582578464260596,0,-0.11,-0.22,-0.11
2014-04-08 02:45:00,-19.646021341300003,0.3596408897342025,0,-0.11,-0.22,-0.11
2014-04-08 02:50:00,-18.8122322768,0.35825716129865953,0,-0.11,-0.22,-0.11
2014-04-08 02:55:00,-20.792184169200002,0.3615428629278995,0,-0.11,-0.22,-0.11
2014-04-08 03:00:00,-18.4957300506,0.3577336442652636,0,-0.11,-0.22,-0.11
2014-04-08 03:05:00,-21.7929683383,0.3632180021876391,0,-0.11,-0.22,-0.11
2014-04-08 03:10:00,-18.3592757605,0.3575023395282932,0,-0.11,-0.22,-0.11
2014-04-08 03:15:00,-21.7738428571,0.3631806349584072,0,-0.11,-0.22,-0.11
2014-04-08 03:20:00,-21.333179886099998,0.3624126071890151,0,-0.11,-0.22,-0.11
2014-04-08 03:25:00,-20.7228484825,0.3613723609275307,0,-0.11,-0.22,-0.11
2014-04-08 03:30:00,-21.6492066223,0.3629038240285898,0,-0.11,-0.22,-0.11
2014-04-08 03:35:00,-18.5568751741,0.3577383099945256,0,-0.11,-0.22,-0.11
2014-04-08 03:40:00,-18.7052590967,0.3579860524959473,0,-0.11,-0.22,-0.11
2014-04-08 03:45:00,-19.0086103682,0.35850924065660217,0,-0.11,-0.22,-0.11
2014-04-08 03:50:00,-18.9792461071,0.3584787137526693,0,-0.11,-0.22,-0.11
2014-04-08 03:55:00,-19.2433930837,0.3589368816029701,0,-0.11,-0.22,-0.11
2014-04-08 04:00:00,-20.3025235931,0.36071470753929,0,-0.11,-0.22,-0.11
2014-04-08 04:05:00,-18.1126904452,0.3570764052757089,0,-0.11,-0.22,-0.11
2014-04-08 04:10:00,-19.5290903802,0.3594538405867804,0,-0.11,-0.22,-0.11
2014-04-08 04:15:00,-18.9855405116,0.3585568677072017,0,-0.11,-0.22,-0.11
2014-04-08 04:20:00,-20.4265193922,0.3609583571941365,0,-0.11,-0.22,-0.11
2014-04-08 04:25:00,-21.9406773242,0.3634851504042111,0,-0.11,-0.22,-0.11
2014-04-08 04:30:00,-20.0706184487,0.3603429644977933,0,-0.11,-0.22,-0.11
2014-04-08 04:35:00,-19.7027409565,0.3597414384647783,0,-0.11,-0.22,-0.11
2014-04-08 04:40:00,-19.472974180599998,0.35936002720809074,0,-0.11,-0.22,-0.11
2014-04-08 04:45:00,-21.1397968755,0.3621233272686786,0,-0.11,-0.22,-0.11
2014-04-08 04:50:00,-18.287923726600003,0.3573636072786651,0,-0.11,-0.22,-0.11
2014-04-08 04:55:00,-21.839082057800002,0.3632680807997703,0,-0.11,-0.22,-0.11
2014-04-08 05:00:00,-19.671671544000002,0.3596587740129327,0,-0.11,-0.22,-0.11
2014-04-08 05:05:00,-19.2548029033,0.3589872062966469,0,-0.11,-0.22,-0.11
2014-04-08 05:10:00,-21.8962724656,0.3633834854283451,0,-0.11,-0.22,-0.11
2014-04-08 05:15:00,-21.743515453,0.3631038103655341,0,-0.11,-0.22,-0.11
2014-04-08 05:20:00,-20.567736559100002,0.361119961253548,0,-0.11,-0.22,-0.11
2014-04-08 05:25:00,-18.0740294994,0.3569894421595076,0,-0.11,-0.22,-0.11
2014-04-08 05:30:00,-20.9941399048,0.361842763742276,0,-0.11,-0.22,-0.11
2014-04-08 05:35:00,-19.3422296002,0.3591036547081293,0,-0.11,-0.22,-0.11
2014-04-08 05:40:00,-19.553120923399998,0.3594653693017122,0,-0.11,-0.22,-0.11
2014-04-08 05:45:00,-18.6349685159,0.3579604298729069,0,-0.11,-0.22,-0.11
2014-04-08 05:50:00,-20.0938323355,0.3603956834231111,0,-0.11,-0.22,-0.11
2014-04-08 05:55:00,-20.9782103848,0.3618731566270165,0,-0.11,-0.22,-0.11
2014-04-08 06:00:00,-19.0920444724,0.3587335438100642,0,-0.11,-0.22,-0.11
2014-04-08 06:05:00,-21.754931632199998,0.36318341051417136,0,-0.11,-0.22,-0.11
2014-04-08 06:10:00,-18.778947424000002,0.3582302122466987,0,-0.11,-0.22,-0.11
2014-04-08 06:15:00,-18.2650493624,0.35739224091614713,0,-0.11,-0.22,-0.11
2014-04-08 06:20:00,-20.5774554934,0.3612520408525806,0,-0.11,-0.22,-0.11
2014-04-08 06:25:00,-21.3972749275,0.3626279842799723,0,-0.11,-0.22,-0.11
2014-04-08 06:30:00,-21.812531437199997,0.3633236612623734,0,-0.11,-0.22,-0.11
2014-04-08 06:35:00,-21.0686840421,0.3620726591803712,0,-0.11,-0.22,-0.11
2014-04-08 06:40:00,-18.798600046,0.35827226142263763,0,-0.11,-0.22,-0.11
2014-04-08 06:45:00,-21.910644739200002,0.363445808012108,0,-0.11,-0.22,-0.11
2014-04-08 06:50:00,-21.677743504099997,0.3630528417573542,0,-0.11,-0.22,-0.11
2014-04-08 06:55:00,-18.652669691,0.35799358998391145,0,-0.11,-0.22,-0.11
2014-04-08 07:00:00,-20.2351433077,0.3606222874218414,0,-0.11,-0.22,-0.11
2014-04-08 07:05:00,-20.222069703699997,0.3605889075400955,0,-0.11,-0.22,-0.11
2014-04-08 07:10:00,-19.7701391125,0.3598395018083353,0,-0.11,-0.22,-0.11
2014-04-08 07:15:00,-21.937125321,0.3634515980302015,0,-0.11,-0.22,-0.11
2014-04-08 07:20:00,-18.2384889487,0.35727975921332755,0,-0.11,-0.22,-0.11
2014-04-08 07:25:00,-20.5088356338,0.36105241918402464,0,-0.11,-0.22,-0.11
2014-04-08 07:30:00,-18.8212144907,0.35825502890681143,0,-0.11,-0.22,-0.11
2014-04-08 07:35:00,-20.1093248189,0.3604191603027079,0,-0.11,-0.22,-0.11
2014-04-08 07:40:00,-21.1189630872,0.3620822854739719,0,-0.11,-0.22,-0.11
2014-04-08 07:45:00,-18.9869072127,0.35851629167600696,0,-0.11,-0.22,-0.11
2014-04-08 07:50:00,-19.5734381859,0.35950332367395976,0,-0.11,-0.22,-0.11
2014-04-08 07:55:00,-21.8030722971,0.3632283288279286,0,-0.11,-0.22,-0.11
2014-04-08 08:00:00,-21.0459229509,0.3619606405004315,0,-0.11,-0.22,-0.11
2014-04-08 08:05:00,-20.290892738,0.3607027612396882,0,-0.11,-0.22,-0.11
2014-04-08 08:10:00,-18.8879895512,0.3583845473083679,0,-0.11,-0.22,-0.11
2014-04-08 08:15:00,-19.7012217499,0.35973396437730537,0,-0.11,-0.22,-0.11
2014-04-08 08:20:00,-21.096245276199998,0.3620428647826585,0,-0.11,-0.22,-0.11
2014-04-08 08:25:00,-21.2821723124,0.3623467911312835,0,-0.11,-0.22,-0.11
2014-04-08 08:30:00,-18.9784247926,0.3585177593694407,0,-0.11,-0.22,-0.11
2014-04-08 08:35:00,-20.6482408417,0.36130345983714,0,-0.11,-0.22,-0.11
2014-04-08 08:40:00,-18.3800119685,0.3575483639698533,0,-0.11,-0.22,-0.11
2014-04-08 08:45:00,-18.0928492298,0.35709707451332073,0,-0.11,-0.22,-0.11
2014-04-08 08:50:00,-20.194695693699998,0.3606088851615247,0,-0.11,-0.22,-0.11
2014-04-08 08:55:00,-18.8975194171,0.3584372123609303,0,-0.11,-0.22,-0.11
2014-04-08 09:00:00,54.9469443749,0.3654273023748572,0,-0.11,-0.22,-0.11
2014-04-08 09:05:00,62.757939754700004,0.3781494971043715,0,-0.11,-0.22,-0.11
2014-04-08 09:10:00,59.9756950604,0.372931295924211,0,-0.11,-0.22,-0.11
2014-04-08 09:15:00,63.555324131499994,0.3785001754692995,0,-0.11,-0.22,-0.11
2014-04-08 09:20:00,61.9673308762,0.3752922487485293,0,-0.11,-0.22,-0.11
2014-04-08 09:25:00,62.757659278999995,0.3761260127004759,0,-0.11,-0.22,-0.11
2014-04-08 09:30:00,57.688326975600006,0.3671117588130397,0,-0.11,-0.22,-0.11
2014-04-08 09:35:00,57.159309908199994,0.3657849480431712,0,-0.11,-0.22,-0.11
2014-04-08 09:40:00,61.2104987051,0.3721343674874829,0,-0.11,-0.22,-0.11
2014-04-08 09:45:00,56.4009856848,0.3636227003184959,0,-0.11,-0.22,-0.11
2014-04-08 09:50:00,63.784945387600004,0.3755628283878706,0,-0.11,-0.22,-0.11
2014-04-08 09:55:00,60.2750420277,0.3691674359232071,0,-0.11,-0.22,-0.11
2014-04-08 10:00:00,71.8502469717,0.38827009271635854,0,-0.11,-0.22,-0.11
2014-04-08 10:05:00,77.9025571314,0.398465916495198,0,-0.11,-0.22,-0.11
2014-04-08 10:10:00,82.7645431733,0.4065613732308934,0,-0.11,-0.22,-0.11
2014-04-08 10:15:00,69.6478398442,0.3838835424847665,0,-0.11,-0.22,-0.11
2014-04-08 10:20:00,70.0620471512,0.3844952611354892,0,-0.11,-0.22,-0.11
2014-04-08 10:25:00,81.22635503229999,0.4034086393572079,0,-0.11,-0.22,-0.11
2014-04-08 10:30:00,70.0658253734,0.38405641317408507,0,-0.11,-0.22,-0.11
2014-04-08 10:35:00,68.9985056142,0.38215542064532654,0,-0.11,-0.22,-0.11
2014-04-08 10:40:00,73.68854483189999,0.38999034716856107,0,-0.11,-0.22,-0.11
2014-04-08 10:45:00,75.4939294508,0.3929277687781688,0,-0.11,-0.22,-0.11
2014-04-08 10:50:00,77.05555543770001,0.3953547308129047,0,-0.11,-0.22,-0.11
2014-04-08 10:55:00,76.110963535,0.3936020100778455,0,-0.11,-0.22,-0.11
2014-04-08 11:00:00,85.7448434725,0.4098127061605738,0,-0.11,-0.22,-0.11
2014-04-08 11:05:00,83.4557027102,0.40569165821759057,0,-0.11,-0.22,-0.11
2014-04-08 11:10:00,86.8635544528,0.4113716612381212,0,-0.11,-0.22,-0.11
2014-04-08 11:15:00,78.82705390390001,0.3975091347942679,0,-0.11,-0.22,-0.11
2014-04-08 11:20:00,72.6157810199,0.3870886522047066,0,-0.11,-0.22,-0.11
2014-04-08 11:25:00,86.4156053842,0.4106001443778169,0,-0.11,-0.22,-0.11
2014-04-08 11:30:00,71.3451524796,0.38492162092109616,0,-0.11,-0.22,-0.11
2014-04-08 11:35:00,83.5733608592,0.40558647639424455,0,-0.11,-0.22,-0.11
2014-04-08 11:40:00,71.7755073674,0.38546832092101774,0,-0.11,-0.22,-0.11
2014-04-08 11:45:00,83.33763277989999,0.4050528004814169,0,-0.11,-0.22,-0.11
2014-04-08 11:50:00,86.13695280719999,0.4097671873471373,0,-0.11,-0.22,-0.11
2014-04-08 11:55:00,77.4458831097,0.3949086473189117,0,-0.11,-0.22,-0.11
2014-04-08 12:00:00,75.7037267443,0.39189831096510586,0,-0.11,-0.22,-0.11
2014-04-08 12:05:00,75.4692255073,0.3914664928975185,0,-0.11,-0.22,-0.11
2014-04-08 12:10:00,79.7077473418,0.3986408282105723,0,-0.11,-0.22,-0.11
2014-04-08 12:15:00,74.58472418699999,0.3900931695704429,0,-0.11,-0.22,-0.11
2014-04-08 12:20:00,82.6012445344,0.4037211913613497,0,-0.11,-0.22,-0.11
2014-04-08 12:25:00,77.7378504444,0.3953885049502462,0,-0.11,-0.22,-0.11
2014-04-08 12:30:00,77.0154123747,0.3941512887271692,0,-0.11,-0.22,-0.11
2014-04-08 12:35:00,79.2218080817,0.3978263121864883,0,-0.11,-0.22,-0.11
2014-04-08 12:40:00,80.52003723899999,0.4000167970319856,0,-0.11,-0.22,-0.11
2014-04-08 12:45:00,74.1223424277,0.3892770789864663,0,-0.11,-0.22,-0.11
2014-04-08 12:50:00,83.1575653931,0.4047370875341764,0,-0.11,-0.22,-0.11
2014-04-08 12:55:00,85.9548992913,0.40944594290054187,0,-0.11,-0.22,-0.11
2014-04-08 13:00:00,76.41721154300001,0.39308664774681296,0,-0.11,-0.22,-0.11
2014-04-08 13:05:00,74.8562999275,0.39054951004790894,0,-0.11,-0.22,-0.11
2014-04-08 13:10:00,84.1344195448,0.4063913105838025,0,-0.11,-0.22,-0.11
2014-04-08 13:15:00,74.90669291319999,0.3906071304885919,0,-0.11,-0.22,-0.11
2014-04-08 13:20:00,72.6310185328,0.3869322546019719,0,-0.11,-0.22,-0.11
2014-04-08 13:25:00,81.8751283695,0.4027261134425226,0,-0.11,-0.22,-0.11
2014-04-08 13:30:00,75.8056882518,0.3924066489376699,0,-0.11,-0.22,-0.11
2014-04-08 13:35:00,74.7190669562,0.3906443550845854,0,-0.11,-0.22,-0.11
2014-04-08 13:40:00,87.67056160989998,0.4128031672921164,0,-0.11,-0.22,-0.11
2014-04-08 13:45:00,76.6391717985,0.39392890489420346,0,-0.11,-0.22,-0.11
2014-04-08 13:50:00,86.4205106064,0.4105060544842079,0,-0.11,-0.22,-0.11
2014-04-08 13:55:00,74.8215596541,0.3906253517879297,0,-0.11,-0.22,-0.11
2014-04-08 14:00:00,85.09682582229999,0.4080370082526413,0,-0.11,-0.22,-0.11
2014-04-08 14:05:00,80.0258993846,0.3993938222518219,0,-0.11,-0.22,-0.11
2014-04-08 14:10:00,73.2516557046,0.3879540090547297,0,-0.11,-0.22,-0.11
2014-04-08 14:15:00,83.73098568350001,0.40578670677554735,0,-0.11,-0.22,-0.11
2014-04-08 14:20:00,86.2662720938,0.4101261706386775,0,-0.11,-0.22,-0.11
2014-04-08 14:25:00,74.6023031836,0.3902063793951231,0,-0.11,-0.22,-0.11
2014-04-08 14:30:00,83.60275512189999,0.405581833863088,0,-0.11,-0.22,-0.11
2014-04-08 14:35:00,79.1145106379,0.39788626563244106,0,-0.11,-0.22,-0.11
2014-04-08 14:40:00,84.0552022979,0.4062643885490805,0,-0.11,-0.22,-0.11
2014-04-08 14:45:00,83.4161733432,0.4050704882494758,0,-0.11,-0.22,-0.11
2014-04-08 14:50:00,72.4198096391,0.3865567083649632,0,-0.11,-0.22,-0.11
2014-04-08 14:55:00,74.8535478125,0.3908057793842311,0,-0.11,-0.22,-0.11
2014-04-08 15:00:00,79.5351633039,0.39868183568581816,0,-0.11,-0.22,-0.11
2014-04-08 15:05:00,86.9361157505,0.4114226218855688,0,-0.11,-0.22,-0.11
2014-04-08 15:10:00,77.4719357373,0.3952667415006596,0,-0.11,-0.22,-0.11
2014-04-08 15:15:00,82.0606625329,0.4030077104191753,0,-0.11,-0.22,-0.11
2014-04-08 15:20:00,72.19218483479999,0.3862166694897631,0,-0.11,-0.22,-0.11
2014-04-08 15:25:00,83.3766966963,0.4051849177273676,0,-0.11,-0.22,-0.11
2014-04-08 15:30:00,81.6477858186,0.4022204073304399,0,-0.11,-0.22,-0.11
2014-04-08 15:35:00,83.4449808048,0.4052823939432659,0,-0.11,-0.22,-0.11
2014-04-08 15:40:00,86.4731862153,0.4103404674551223,0,-0.11,-0.22,-0.11
2014-04-08 15:45:00,74.3427934262,0.389669274851522,0,-0.11,-0.22,-0.11
2014-04-08 15:50:00,76.1842145692,0.3927796880730243,0,-0.11,-0.22,-0.11
2014-04-08 15:55:00,87.9310873548,0.4126769363547593,0,-0.11,-0.22,-0.11
2014-04-08 16:00:00,74.50030493439999,0.3897929238754112,0,-0.11,-0.22,-0.11
2014-04-08 16:05:00,83.5297648083,0.4050894023435684,0,-0.11,-0.22,-0.11
2014-04-08 16:10:00,83.6009470443,0.4051656947394285,0,-0.11,-0.22,-0.11
2014-04-08 16:15:00,82.9276345705,0.4040787064292634,0,-0.11,-0.22,-0.11
2014-04-08 16:20:00,75.6388073841,0.39163817066885226,0,-0.11,-0.22,-0.11
2014-04-08 16:25:00,75.4419035966,0.3912601923979733,0,-0.11,-0.22,-0.11
2014-04-08 16:30:00,82.6611925719,0.4034136722805712,0,-0.11,-0.22,-0.11
2014-04-08 16:35:00,74.9797630153,0.3904100511070701,0,-0.11,-0.22,-0.11
2014-04-08 16:40:00,82.5847490358,0.40335929768056056,0,-0.11,-0.22,-0.11
2014-04-08 16:45:00,79.880196895,0.39875929201078697,0,-0.11,-0.22,-0.11
2014-04-08 16:50:00,78.185811687,0.3958994473072114,0,-0.11,-0.22,-0.11
2014-04-08 16:55:00,76.8034718182,0.3935638261865513,0,-0.11,-0.22,-0.11
2014-04-08 17:00:00,87.16117515,0.4111220409476417,0,-0.11,-0.22,-0.11
2014-04-08 17:05:00,80.12944724100001,0.3990375764962669,0,-0.11,-0.22,-0.11
2014-04-08 17:10:00,80.97997957300001,0.4004999562322037,0,-0.11,-0.22,-0.11
2014-04-08 17:15:00,87.18804155459999,0.4109467757962499,0,-0.11,-0.22,-0.11
2014-04-08 17:20:00,82.4619843139,0.4028707376651449,0,-0.11,-0.22,-0.11
2014-04-08 17:25:00,87.3255909557,0.4111126780235714,0,-0.11,-0.22,-0.11
2014-04-08 17:30:00,73.7018206792,0.3879603785357464,0,-0.11,-0.22,-0.11
2014-04-08 17:35:00,85.5461793588,0.4080041608642265,0,-0.11,-0.22,-0.11
2014-04-08 17:40:00,77.36658453369998,0.3942108275195621,0,-0.11,-0.22,-0.11
2014-04-08 17:45:00,84.9677460217,0.40697866090712015,0,-0.11,-0.22,-0.11
2014-04-08 17:50:00,85.6901311454,0.4080530407833961,0,-0.11,-0.22,-0.11
2014-04-08 17:55:00,76.34375731819999,0.3921966851086868,0,-0.11,-0.22,-0.11
2014-04-08 18:00:00,-1.00532851026e-05,0.33347828438581745,0,-0.11,-0.22,-0.11
2014-04-08 18:05:00,-1.07028773976e-05,0.3331474219188173,0,-0.11,-0.22,-0.11
2014-04-08 18:10:00,-9.41886593202e-06,0.3327887038887896,0,-0.11,-0.22,-0.11
2014-04-08 18:15:00,-1.07633326783e-05,0.3324398735931282,0,-0.11,-0.22,-0.11
2014-04-08 18:20:00,-9.4422485525e-06,0.3320819138529974,0,-0.11,-0.22,-0.11
2014-04-08 18:25:00,-1.10888053396e-05,0.33174468963141457,0,-0.11,-0.22,-0.11
2014-04-08 18:30:00,-9.78194287261e-06,0.3313873327097431,0,-0.11,-0.22,-0.11
2014-04-08 18:35:00,-1.03948274623e-05,0.3310471375757127,0,-0.11,-0.22,-0.11
2014-04-08 18:40:00,-9.4559303681e-06,0.3307119047017581,0,-0.11,-0.22,-0.11
2014-04-08 18:45:00,-9.767921980689999e-06,0.3303495834354029,0,-0.11,-0.22,-0.11
2014-04-08 18:50:00,-1.0043299929e-05,0.3300205669914925,0,-0.11,-0.22,-0.11
2014-04-08 18:55:00,-1.02134760994e-05,0.3296555444161994,0,-0.11,-0.22,-0.11
2014-04-08 19:00:00,-14.4002178357,0.35281004176576897,0,-0.11,-0.22,-0.11
2014-04-08 19:05:00,-17.2437006468,0.3574294192134425,0,-0.11,-0.22,-0.11
2014-04-08 19:10:00,-14.4245612369,0.352611704518126,0,-0.11,-0.22,-0.11
2014-04-08 19:15:00,-16.8757927617,0.35657146830738906,0,-0.11,-0.22,-0.11
2014-04-08 19:20:00,-15.9058545555,0.3548302055353631,0,-0.11,-0.22,-0.11
2014-04-08 19:25:00,-16.0764181375,0.3549920109025268,0,-0.11,-0.22,-0.11
2014-04-08 19:30:00,-15.0664514624,0.3531980736528361,0,-0.11,-0.22,-0.11
2014-04-08 19:35:00,-16.3435808131,0.35519837266739623,0,-0.11,-0.22,-0.11
2014-04-08 19:40:00,-16.1191441726,0.35470256577509146,0,-0.11,-0.22,-0.11
2014-04-08 19:45:00,-14.9255584117,0.35260977499376056,0,-0.11,-0.22,-0.11
2014-04-08 19:50:00,-15.1619827451,0.35288890476616297,0,-0.11,-0.22,-0.11
2014-04-08 19:55:00,-14.6140934834,0.3518741939474247,0,-0.11,-0.22,-0.11
2014-04-08 20:00:00,-17.5345292909,0.3565845792640165,0,-0.11,-0.22,-0.11
2014-04-08 20:05:00,-17.3328993878,0.3562463742543925,0,-0.11,-0.22,-0.11
2014-04-08 20:10:00,-18.126621796600002,0.3575436543809357,0,-0.11,-0.22,-0.11
2014-04-08 20:15:00,-19.8898995375,0.36044948921744185,0,-0.11,-0.22,-0.11
2014-04-08 20:20:00,-18.494267485,0.3581121079199721,0,-0.11,-0.22,-0.11
2014-04-08 20:25:00,-18.596099993,0.3582471269990873,0,-0.11,-0.22,-0.11
2014-04-08 20:30:00,-17.786517089500002,0.3568871756125226,0,-0.11,-0.22,-0.11
2014-04-08 20:35:00,-19.4898077796,0.3597009359962836,0,-0.11,-0.22,-0.11
2014-04-08 20:40:00,-18.5938319802,0.3581923132724795,0,-0.11,-0.22,-0.11
2014-04-08 20:45:00,-19.8770569492,0.3603042593164086,0,-0.11,-0.22,-0.11
2014-04-08 20:50:00,-20.1272047897,0.3606921452226541,0,-0.11,-0.22,-0.11
2014-04-08 20:55:00,-19.5252210575,0.35964511674685323,0,-0.11,-0.22,-0.11
2014-04-08 21:00:00,-18.9514440003,0.3586647227784077,0,-0.11,-0.22,-0.11
2014-04-08 21:05:00,-19.8741558298,0.36020621003130576,0,-0.11,-0.22,-0.11
2014-04-08 21:10:00,-18.8556615108,0.3584984333889625,0,-0.11,-0.22,-0.11
2014-04-08 21:15:00,-21.4387582192,0.3627732415481857,0,-0.11,-0.22,-0.11
2014-04-08 21:20:00,-20.8970187426,0.3618627609924446,0,-0.11,-0.22,-0.11
2014-04-08 21:25:00,-19.8122475168,0.3600535544706128,0,-0.11,-0.22,-0.11
2014-04-08 21:30:00,-21.6869340337,0.363160341362996,0,-0.11,-0.22,-0.11
2014-04-08 21:35:00,-20.0255256953,0.360391845609594,0,-0.11,-0.22,-0.11
2014-04-08 21:40:00,-19.1596288517,0.35895815160507755,0,-0.11,-0.22,-0.11
2014-04-08 21:45:00,-18.2348143248,0.3574437799982709,0,-0.11,-0.22,-0.11
2014-04-08 21:50:00,-20.0135828013,0.3604132491253317,0,-0.11,-0.22,-0.11
2014-04-08 21:55:00,-21.2701332026,0.36249337028744655,0,-0.11,-0.22,-0.11
2014-04-08 22:00:00,-21.4325279304,0.3627536404005879,0,-0.11,-0.22,-0.11
2014-04-08 22:05:00,-20.3855990542,0.3610048966460588,0,-0.11,-0.22,-0.11
2014-04-08 22:10:00,-19.5424354634,0.35961208313407794,0,-0.11,-0.22,-0.11
2014-04-08 22:15:00,-20.5682233529,0.3613273537747612,0,-0.11,-0.22,-0.11
2014-04-08 22:20:00,-21.0148837372,0.3620509398659597,0,-0.11,-0.22,-0.11
2014-04-08 22:25:00,-19.6150647551,0.3597070420822798,0,-0.11,-0.22,-0.11
2014-04-08 22:30:00,-19.8731686665,0.3601288315832585,0,-0.11,-0.22,-0.11
2014-04-08 22:35:00,-20.6893093021,0.3614946384713604,0,-0.11,-0.22,-0.11
2014-04-08 22:40:00,-21.4721998654,0.3627998583489225,0,-0.11,-0.22,-0.11
2014-04-08 22:45:00,-21.130179063499998,0.3622159452075609,0,-0.11,-0.22,-0.11
2014-04-08 22:50:00,-18.0606221873,0.3571193531459607,0,-0.11,-0.22,-0.11
2014-04-08 22:55:00,-18.4678934073,0.35781927637800937,0,-0.11,-0.22,-0.11
2014-04-08 23:00:00,-21.404261168599998,0.3626962624752361,0,-0.11,-0.22,-0.11
2014-04-08 23:05:00,-21.3284640225,0.3625410297520528,0,-0.11,-0.22,-0.11
2014-04-08 23:10:00,-19.5489694631,0.359573700549115,0,-0.11,-0.22,-0.11
2014-04-08 23:15:00,-20.330603817,0.360888663026428,0,-0.11,-0.22,-0.11
2014-04-08 23:20:00,-21.6164604517,0.3630333190670313,0,-0.11,-0.22,-0.11
2014-04-08 23:25:00,-21.6393079325,0.36305147185527736,0,-0.11,-0.22,-0.11
2014-04-08 23:30:00,-21.1256090277,0.3621663152578489,0,-0.11,-0.22,-0.11
2014-04-08 23:35:00,-18.8323274827,0.35835779661048195,0,-0.11,-0.22,-0.11
2014-04-08 23:40:00,-20.9144364709,0.3618320481768635,0,-0.11,-0.22,-0.11
2014-04-08 23:45:00,-18.3985043264,0.35765935153483264,0,-0.11,-0.22,-0.11
2014-04-08 23:50:00,-21.568849600100002,0.3629289429835186,0,-0.11,-0.22,-0.11
2014-04-08 23:55:00,-18.5906443069,0.3579609606556829,0,-0.11,-0.22,-0.11
2014-04-09 00:00:00,-20.6493945604,0.3613996428670505,0,-0.11,-0.22,-0.11
2014-04-09 00:05:00,-20.440973097,0.3610397147895461,0,-0.11,-0.22,-0.11
2014-04-09 00:10:00,-21.1075986235,0.3621331930427704,0,-0.11,-0.22,-0.11
2014-04-09 00:15:00,-20.2063100094,0.3606378598260522,0,-0.11,-0.22,-0.11
2014-04-09 00:20:00,-18.2382663015,0.35739413572823314,0,-0.11,-0.22,-0.11
2014-04-09 00:25:00,-20.8233850162,0.3616991676270391,0,-0.11,-0.22,-0.11
2014-04-09 00:30:00,-19.5326182353,0.3595542253881728,0,-0.11,-0.22,-0.11
2014-04-09 00:35:00,-19.2811400049,0.3591352760985341,0,-0.11,-0.22,-0.11
2014-04-09 00:40:00,-21.9666941981,0.3635848786005937,0,-0.11,-0.22,-0.11
2014-04-09 00:45:00,-20.3615990638,0.3608876436485277,0,-0.11,-0.22,-0.11
2014-04-09 00:50:00,-20.842876293099998,0.3616864537801178,0,-0.11,-0.22,-0.11
2014-04-09 00:55:00,-20.1053045477,0.3604422848712013,0,-0.11,-0.22,-0.11
2014-04-09 01:00:00,-21.0798905838,0.3620730548374373,0,-0.11,-0.22,-0.11
2014-04-09 01:05:00,-21.008290942000002,0.36193319825437104,0,-0.11,-0.22,-0.11
2014-04-09 01:10:00,-20.6285844627,0.3612943501552328,0,-0.11,-0.22,-0.11
2014-04-09 01:15:00,-21.9909722458,0.36355365043519017,0,-0.11,-0.22,-0.11
2014-04-09 01:20:00,-19.839174136300002,0.3599657219681199,0,-0.11,-0.22,-0.11
2014-04-09 01:25:00,-20.8247693932,0.36159585822229057,0,-0.11,-0.22,-0.11
2014-04-09 01:30:00,-21.1911118512,0.3622104206127528,0,-0.11,-0.22,-0.11
2014-04-09 01:35:00,-19.5041388384,0.3593995312388041,0,-0.11,-0.22,-0.11
2014-04-09 01:40:00,-19.8287001102,0.3599486118991596,0,-0.11,-0.22,-0.11
2014-04-09 01:45:00,-21.876669065599998,0.36335570541204665,0,-0.11,-0.22,-0.11
2014-04-09 01:50:00,-18.1291640685,0.3571138557275002,0,-0.11,-0.22,-0.11
2014-04-09 01:55:00,-19.341182615799998,0.3591380507906605,0,-0.11,-0.22,-0.11
2014-04-09 02:00:00,-19.9448518494,0.360145588324536,0,-0.11,-0.22,-0.11
2014-04-09 02:05:00,-18.0058599723,0.35695235269437997,0,-0.11,-0.22,-0.11
2014-04-09 02:10:00,-21.596508404,0.3629345279999448,0,-0.11,-0.22,-0.11
2014-04-09 02:15:00,-19.1449776008,0.35883993380359586,0,-0.11,-0.22,-0.11
2014-04-09 02:20:00,-19.0308193284,0.3586439421765645,0,-0.11,-0.22,-0.11
2014-04-09 02:25:00,-21.2813047814,0.3623773886077604,0,-0.11,-0.22,-0.11
2014-04-09 02:30:00,-19.111932914,0.3587853737931065,0,-0.11,-0.22,-0.11
2014-04-09 02:35:00,-20.6304903756,0.3612933761049947,0,-0.11,-0.22,-0.11
2014-04-09 02:40:00,-21.2860125756,0.36238276246326095,0,-0.11,-0.22,-0.11
2014-04-09 02:45:00,-21.1699073908,0.3621820745181691,0,-0.11,-0.22,-0.11
2014-04-09 02:50:00,-21.1278029497,0.3621068221316991,0,-0.11,-0.22,-0.11
2014-04-09 02:55:00,-18.3545502795,0.35749250980693925,0,-0.11,-0.22,-0.11
2014-04-09 03:00:00,-18.319387870299998,0.3574391506219584,0,-0.11,-0.22,-0.11
2014-04-09 03:05:00,-19.2270801429,0.3589520965812844,0,-0.11,-0.22,-0.11
2014-04-09 03:10:00,-18.1437915248,0.357153955369659,0,-0.11,-0.22,-0.11
2014-04-09 03:15:00,-20.0017189461,0.36022913619316005,0,-0.11,-0.22,-0.11
2014-04-09 03:20:00,-19.5791282651,0.3595145579497853,0,-0.11,-0.22,-0.11
2014-04-09 03:25:00,-20.2281036502,0.3605962820657579,0,-0.11,-0.22,-0.11
2014-04-09 03:30:00,-19.1951541547,0.3588796139033845,0,-0.11,-0.22,-0.11
2014-04-09 03:35:00,-19.943016012,0.3601178610704681,0,-0.11,-0.22,-0.11
2014-04-09 03:40:00,-19.3389790634,0.35911151022125104,0,-0.11,-0.22,-0.11
2014-04-09 03:45:00,-18.7808323689,0.35818383305442514,0,-0.11,-0.22,-0.11
2014-04-09 03:50:00,-20.5974667246,0.3612002444709281,0,-0.11,-0.22,-0.11
2014-04-09 03:55:00,-20.693743605999998,0.3613441206959549,0,-0.11,-0.22,-0.11
2014-04-09 04:00:00,-21.316926771,0.362379808127205,0,-0.11,-0.22,-0.11
2014-04-09 04:05:00,-21.499007132600003,0.3626569813964444,0,-0.11,-0.22,-0.11
2014-04-09 04:10:00,-20.8178476175,0.3615284518085262,0,-0.11,-0.22,-0.11
2014-04-09 04:15:00,-20.7499923468,0.3613939842171332,0,-0.11,-0.22,-0.11
2014-04-09 04:20:00,-18.226702661300003,0.3572271270944367,0,-0.11,-0.22,-0.11
2014-04-09 04:25:00,-18.4391169658,0.3576047540340329,0,-0.11,-0.22,-0.11
2014-04-09 04:30:00,-21.2502508416,0.3622820111887648,0,-0.11,-0.22,-0.11
2014-04-09 04:35:00,-18.9318050465,0.3584424150377198,0,-0.11,-0.22,-0.11
2014-04-09 04:40:00,-19.4222602409,0.359250682927386,0,-0.11,-0.22,-0.11
2014-04-09 04:45:00,-18.5811894147,0.35785337390644506,0,-0.11,-0.22,-0.11
2014-04-09 04:50:00,-18.7806078743,0.358186662881729,0,-0.11,-0.22,-0.11
2014-04-09 04:55:00,-21.1016689415,0.3620346750842998,0,-0.11,-0.22,-0.11
2014-04-09 05:00:00,-19.0474384781,0.35861334363722425,0,-0.11,-0.22,-0.11
2014-04-09 05:05:00,-19.7961398651,0.35986363739170313,0,-0.11,-0.22,-0.11
2014-04-09 05:10:00,-18.6066854922,0.3578810856511257,0,-0.11,-0.22,-0.11
2014-04-09 05:15:00,-20.7117196253,0.3613750546699779,0,-0.11,-0.22,-0.11
2014-04-09 05:20:00,-20.9130789365,0.3616938561997066,0,-0.11,-0.22,-0.11
2014-04-09 05:25:00,-19.4467692716,0.3592590099626849,0,-0.11,-0.22,-0.11
2014-04-09 05:30:00,-21.1389865845,0.3620871099258357,0,-0.11,-0.22,-0.11
2014-04-09 05:35:00,-18.9596266077,0.3584656949239067,0,-0.11,-0.22,-0.11
2014-04-09 05:40:00,-20.7676154484,0.3614674769257949,0,-0.11,-0.22,-0.11
2014-04-09 05:45:00,-20.919858325699998,0.3617085891849041,0,-0.11,-0.22,-0.11
2014-04-09 05:50:00,-21.8746295112,0.36329710753012,0,-0.11,-0.22,-0.11
2014-04-09 05:55:00,-18.9292866607,0.3583812475406429,0,-0.11,-0.22,-0.11
2014-04-09 06:00:00,-18.3748419202,0.3574905510241038,0,-0.11,-0.22,-0.11
2014-04-09 06:05:00,-19.0521416892,0.3586211382771636,0,-0.11,-0.22,-0.11
2014-04-09 06:10:00,-18.4914487863,0.3576960519562696,0,-0.11,-0.22,-0.11
2014-04-09 06:15:00,-18.678777234000002,0.3580353112816809,0,-0.11,-0.22,-0.11
2014-04-09 06:20:00,-19.3364580474,0.3591502420971299,0,-0.11,-0.22,-0.11
2014-04-09 06:25:00,-19.6559629869,0.3596902643153459,0,-0.11,-0.22,-0.11
2014-04-09 06:30:00,-21.614896903,0.3629281800039685,0,-0.11,-0.22,-0.11
2014-04-09 06:35:00,-18.782463086,0.3582251398686162,0,-0.11,-0.22,-0.11
2014-04-09 06:40:00,-21.8870359037,0.36338023196954977,0,-0.11,-0.22,-0.11
2014-04-09 06:45:00,-21.2406128396,0.3622840697428147,0,-0.11,-0.22,-0.11
2014-04-09 06:50:00,-21.5258855596,0.3627347296941943,0,-0.11,-0.22,-0.11
2014-04-09 06:55:00,-21.717775959,0.36304070901346497,0,-0.11,-0.22,-0.11
2014-04-09 07:00:00,-21.012964788599998,0.3618628480013384,0,-0.11,-0.22,-0.11
2014-04-09 07:05:00,-21.1551193265,0.3620816573281573,0,-0.11,-0.22,-0.11
2014-04-09 07:10:00,-19.751273186400002,0.3597590019462664,0,-0.11,-0.22,-0.11
2014-04-09 07:15:00,-20.0418009387,0.3602317303510758,0,-0.11,-0.22,-0.11
2014-04-09 07:20:00,-21.7299417071,0.3630176501731617,0,-0.11,-0.22,-0.11
2014-04-09 07:25:00,-19.5130236462,0.35933031606288124,0,-0.11,-0.22,-0.11
2014-04-09 07:30:00,-18.1677882923,0.3571235806488939,0,-0.11,-0.22,-0.11
2014-04-09 07:35:00,-21.051017541900002,0.3619290167164959,0,-0.11,-0.22,-0.11
2014-04-09 07:40:00,-20.2926300469,0.3606707831742382,0,-0.11,-0.22,-0.11
2014-04-09 07:45:00,-21.2595038494,0.36226208480007466,0,-0.11,-0.22,-0.11
2014-04-09 07:50:00,-18.302205066400003,0.35737003920976645,0,-0.11,-0.22,-0.11
2014-04-09 07:55:00,-20.484927961900002,0.3610124016661762,0,-0.11,-0.22,-0.11
2014-04-09 08:00:00,-18.990823552000002,0.3585215003892813,0,-0.11,-0.22,-0.11
2014-04-09 08:05:00,-21.613074378,0.3628807810221492,0,-0.11,-0.22,-0.11
2014-04-09 08:10:00,-18.439639759000002,0.3576090490722378,0,-0.11,-0.22,-0.11
2014-04-09 08:15:00,-21.3722770909,0.3624797381452138,0,-0.11,-0.22,-0.11
2014-04-09 08:20:00,-18.3542170079,0.35748436882133466,0,-0.11,-0.22,-0.11
2014-04-09 08:25:00,-18.100389422,0.3570642183805368,0,-0.11,-0.22,-0.11
2014-04-09 08:30:00,-18.9402377202,0.3584728555680924,0,-0.11,-0.22,-0.11
2014-04-09 08:35:00,-19.3321781637,0.3591203661136632,0,-0.11,-0.22,-0.11
2014-04-09 08:40:00,-20.5061150872,0.3610728499768192,0,-0.11,-0.22,-0.11
2014-04-09 08:45:00,-18.5268983894,0.3578005553005642,0,-0.11,-0.22,-0.11
2014-04-09 08:50:00,-19.7493197344,0.3598274867829631,0,-0.11,-0.22,-0.11
2014-04-09 08:55:00,-18.8170544084,0.35828269909516625,0,-0.11,-0.22,-0.11
2014-04-09 09:00:00,64.2636398586,0.3807771305800886,0,-0.11,-0.22,-0.11
2014-04-09 09:05:00,54.5395980954,0.36390563304312185,0,-0.11,-0.22,-0.11
2014-04-09 09:10:00,58.2712527203,0.3697143075336133,0,-0.11,-0.22,-0.11
2014-04-09 09:15:00,61.5764889596,0.3748073628116952,0,-0.11,-0.22,-0.11
2014-04-09 09:20:00,64.9570581366,0.3800172970324752,0,-0.11,-0.22,-0.11
2014-04-09 09:25:00,64.4159210723,0.37856743500882895,0,-0.11,-0.22,-0.11
2014-04-09 09:30:00,64.7423039942,0.3785935156995121,0,-0.11,-0.22,-0.11
2014-04-09 09:35:00,54.7542395242,0.3613864150573228,0,-0.11,-0.22,-0.11
2014-04-09 09:40:00,64.0910791376,0.3765595044554599,0,-0.11,-0.22,-0.11
2014-04-09 09:45:00,63.3589509425,0.3748224526831664,0,-0.11,-0.22,-0.11
2014-04-09 09:50:00,64.8291797913,0.3767982234431568,0,-0.11,-0.22,-0.11
2014-04-09 09:55:00,57.7389152071,0.3644507809825169,0,-0.11,-0.22,-0.11
2014-04-09 10:00:00,82.2588296154,0.4055478036277805,0,-0.11,-0.22,-0.11
2014-04-09 10:05:00,74.5201444933,0.39191537940437216,0,-0.11,-0.22,-0.11
2014-04-09 10:10:00,78.03831522,0.3977652625051515,0,-0.11,-0.22,-0.11
2014-04-09 10:15:00,74.8475206663,0.3920912724800189,0,-0.11,-0.22,-0.11
2014-04-09 10:20:00,74.90025614380002,0.3920364640902879,0,-0.11,-0.22,-0.11
2014-04-09 10:25:00,76.70888268569999,0.39494387330548425,0,-0.11,-0.22,-0.11
2014-04-09 10:30:00,73.8100859862,0.3898499457182971,0,-0.11,-0.22,-0.11
2014-04-09 10:35:00,80.4496023129,0.4009229673754221,0,-0.11,-0.22,-0.11
2014-04-09 10:40:00,78.0313087783,0.3965035604933204,0,-0.11,-0.22,-0.11
2014-04-09 10:45:00,78.8842875754,0.3977292008274849,0,-0.11,-0.22,-0.11
2014-04-09 10:50:00,71.9117289634,0.3857021434121547,0,-0.11,-0.22,-0.11
2014-04-09 10:55:00,83.1375443849,0.4045516741788465,0,-0.11,-0.22,-0.11
2014-04-09 11:00:00,81.7371893887,0.4018566618152761,0,-0.11,-0.22,-0.11
2014-04-09 11:05:00,74.4035824942,0.3893625617025273,0,-0.11,-0.22,-0.11
2014-04-09 11:10:00,83.1677654566,0.4041888400451198,0,-0.11,-0.22,-0.11
2014-04-09 11:15:00,74.0316313948,0.3887801096697857,0,-0.11,-0.22,-0.11
2014-04-09 11:20:00,72.2840167574,0.3858040147338652,0,-0.11,-0.22,-0.11
2014-04-09 11:25:00,79.636445795,0.3981166233663382,0,-0.11,-0.22,-0.11
2014-04-09 11:30:00,80.0478194339,0.3988344923941193,0,-0.11,-0.22,-0.11
2014-04-09 11:35:00,74.27321470369998,0.3889936364227243,0,-0.11,-0.22,-0.11
2014-04-09 11:40:00,76.7983224776,0.3931576875485909,0,-0.11,-0.22,-0.11
2014-04-09 11:45:00,86.26098564360001,0.4091018065422519,0,-0.11,-0.22,-0.11
2014-04-09 11:50:00,75.7944511963,0.39128218348490346,0,-0.11,-0.22,-0.11
2014-04-09 11:55:00,73.7441980825,0.3878728338247783,0,-0.11,-0.22,-0.11
2014-04-09 12:00:00,87.705229356,0.4114415210271993,0,-0.11,-0.22,-0.11
2014-04-09 12:05:00,76.6832148049,0.3927897620244392,0,-0.11,-0.22,-0.11
2014-04-09 12:10:00,82.7182906528,0.4030513004414022,0,-0.11,-0.22,-0.11
2014-04-09 12:15:00,75.5535529772,0.3910519134510001,0,-0.11,-0.22,-0.11
2014-04-09 12:20:00,80.6403352735,0.39965178989437977,0,-0.11,-0.22,-0.11
2014-04-09 12:25:00,78.02415076220001,0.3951328202809251,0,-0.11,-0.22,-0.11
2014-04-09 12:30:00,87.2104976422,0.4108066938016665,0,-0.11,-0.22,-0.11
2014-04-09 12:35:00,78.7670442048,0.3962789275674309,0,-0.11,-0.22,-0.11
2014-04-09 12:40:00,81.184093373,0.4004213524313451,0,-0.11,-0.22,-0.11
2014-04-09 12:45:00,86.94202773389999,0.4100350145526481,0,-0.11,-0.22,-0.11
2014-04-09 12:50:00,87.6520933014,0.4111818903316292,0,-0.11,-0.22,-0.11
2014-04-09 12:55:00,73.4792807564,0.3872950732162673,0,-0.11,-0.22,-0.11
2014-04-09 13:00:00,85.3149917401,0.4072475777188391,0,-0.11,-0.22,-0.11
2014-04-09 13:05:00,78.08261836140001,0.39490859410296025,0,-0.11,-0.22,-0.11
2014-04-09 13:10:00,81.48465239560001,0.40059004879026894,0,-0.11,-0.22,-0.11
2014-04-09 13:15:00,77.96956895560001,0.3946579586100662,0,-0.11,-0.22,-0.11
2014-04-09 13:20:00,78.38649214680001,0.3953105843015128,0,-0.11,-0.22,-0.11
2014-04-09 13:25:00,74.5119038875,0.38889176408783294,0,-0.11,-0.22,-0.11
2014-04-09 13:30:00,81.1317976295,0.40002942320542334,0,-0.11,-0.22,-0.11
2014-04-09 13:35:00,80.71515615310001,0.3992683300768739,0,-0.11,-0.22,-0.11
2014-04-09 13:40:00,74.9996807396,0.3896716209340096,0,-0.11,-0.22,-0.11
2014-04-09 13:45:00,80.6354197946,0.399191141572814,0,-0.11,-0.22,-0.11
2014-04-09 13:50:00,87.53460227,0.41075703096648536,0,-0.11,-0.22,-0.11
2014-04-09 13:55:00,83.3971653186,0.4036830282270021,0,-0.11,-0.22,-0.11
2014-04-09 14:00:00,79.6893452957,0.3974805551360503,0,-0.11,-0.22,-0.11
2014-04-09 14:05:00,86.65041118180002,0.4091767538899525,0,-0.11,-0.22,-0.11
2014-04-09 14:10:00,81.1985333017,0.3997966610447085,0,-0.11,-0.22,-0.11
2014-04-09 14:15:00,74.1548351182,0.3880618311547194,0,-0.11,-0.22,-0.11
2014-04-09 14:20:00,80.7536935527,0.3991036030047518,0,-0.11,-0.22,-0.11
2014-04-09 14:25:00,74.8895782003,0.3891878416344411,0,-0.11,-0.22,-0.11
2014-04-09 14:30:00,84.27333501380002,0.4050160582763823,0,-0.11,-0.22,-0.11
2014-04-09 14:35:00,87.46778944569998,0.41028659411674856,0,-0.11,-0.22,-0.11
2014-04-09 14:40:00,77.7668755049,0.39378377861110697,0,-0.11,-0.22,-0.11
2014-04-09 14:45:00,78.9523693871,0.39590836161171994,0,-0.11,-0.22,-0.11
2014-04-09 14:50:00,78.7376439539,0.3955170312496053,0,-0.11,-0.22,-0.11
2014-04-09 14:55:00,76.5586744287,0.3919869950512776,0,-0.11,-0.22,-0.11
2014-04-09 15:00:00,84.70552412800001,0.4056362403945221,0,-0.11,-0.22,-0.11
2014-04-09 15:05:00,81.8823431855,0.40088660882509575,0,-0.11,-0.22,-0.11
2014-04-09 15:10:00,73.0236565125,0.3860630933633141,0,-0.11,-0.22,-0.11
2014-04-09 15:15:00,85.4195346259,0.4068226863503028,0,-0.11,-0.22,-0.11
2014-04-09 15:20:00,74.9922118039,0.3893128905312505,0,-0.11,-0.22,-0.11
2014-04-09 15:25:00,87.66501592459998,0.4107713407891673,0,-0.11,-0.22,-0.11
2014-04-09 15:30:00,78.0253617983,0.3943450031748639,0,-0.11,-0.22,-0.11
2014-04-09 15:35:00,81.8618845433,0.4008569817432303,0,-0.11,-0.22,-0.11
2014-04-09 15:40:00,73.2440059795,0.386421365880894,0,-0.11,-0.22,-0.11
2014-04-09 15:45:00,77.5133721612,0.3936788586071273,0,-0.11,-0.22,-0.11
2014-04-09 15:50:00,84.8363059152,0.4060788539586236,0,-0.11,-0.22,-0.11
2014-04-09 15:55:00,79.6340617059,0.3971399214338085,0,-0.11,-0.22,-0.11
2014-04-09 16:00:00,86.473379021,0.4085874445280681,0,-0.11,-0.22,-0.11
2014-04-09 16:05:00,81.2019552097,0.3995991178554483,0,-0.11,-0.22,-0.11
2014-04-09 16:10:00,86.8568771834,0.4092178847264845,0,-0.11,-0.22,-0.11
2014-04-09 16:15:00,87.7214778026,0.4105311044647785,0,-0.11,-0.22,-0.11
2014-04-09 16:20:00,79.26205931289998,0.3962124006258607,0,-0.11,-0.22,-0.11
2014-04-09 16:25:00,81.0422458252,0.3990944707850312,0,-0.11,-0.22,-0.11
2014-04-09 16:30:00,85.3584571441,0.4063817768767263,0,-0.11,-0.22,-0.11
2014-04-09 16:35:00,75.5442863461,0.3899025423947439,0,-0.11,-0.22,-0.11
2014-04-09 16:40:00,85.7857986651,0.4071634014291269,0,-0.11,-0.22,-0.11
2014-04-09 16:45:00,81.4704615397,0.3999157312480534,0,-0.11,-0.22,-0.11
2014-04-09 16:50:00,83.6077346205,0.4034016367289066,0,-0.11,-0.22,-0.11
2014-04-09 16:55:00,73.2774298741,0.3860670321371503,0,-0.11,-0.22,-0.11
2014-04-09 17:00:00,84.2589490095,0.4046068682752732,0,-0.11,-0.22,-0.11
2014-04-09 17:05:00,76.9725412107,0.3922672821941348,0,-0.11,-0.22,-0.11
2014-04-09 17:10:00,84.883662104,0.4056118829396465,0,-0.11,-0.22,-0.11
2014-04-09 17:15:00,80.1463893191,0.3976382395598838,0,-0.11,-0.22,-0.11
2014-04-09 17:20:00,76.393780465,0.3914146516831308,0,-0.11,-0.22,-0.11
2014-04-09 17:25:00,87.2440993161,0.40960604656819866,0,-0.11,-0.22,-0.11
2014-04-09 17:30:00,84.2409444491,0.4043616510412013,0,-0.11,-0.22,-0.11
2014-04-09 17:35:00,87.77092100860001,0.4102844948098974,0,-0.11,-0.22,-0.11
2014-04-09 17:40:00,77.83146856239999,0.3934310593059374,0,-0.11,-0.22,-0.11
2014-04-09 17:45:00,82.3874614087,0.4011052879767201,0,-0.11,-0.22,-0.11
2014-04-09 17:50:00,81.7853665032,0.4000601782851451,0,-0.11,-0.22,-0.11
2014-04-09 17:55:00,83.0008547365,0.4020430828101392,0,-0.11,-0.22,-0.11
2014-04-09 18:00:00,-9.2944723272e-06,0.3337905018025333,0,-0.11,-0.22,-0.11
2014-04-09 18:05:00,-9.813441175239999e-06,0.33343314173583743,0,-0.11,-0.22,-0.11
2014-04-09 18:10:00,-1.10783233511e-05,0.3330913450048077,0,-0.11,-0.22,-0.11
2014-04-09 18:15:00,-1.0084e-05,0.3327471619171755,0,-0.11,-0.22,-0.11
2014-04-09 18:20:00,-1.11833982547e-05,0.3323883270819488,0,-0.11,-0.22,-0.11
2014-04-09 18:25:00,-9.65325449752e-06,0.3320396653516631,0,-0.11,-0.22,-0.11
2014-04-09 18:30:00,-1.12587242976e-05,0.33167931172588383,0,-0.11,-0.22,-0.11
2014-04-09 18:35:00,-1.06446457015e-05,0.33135250769576435,0,-0.11,-0.22,-0.11
2014-04-09 18:40:00,-1.08060537324e-05,0.3309949685101756,0,-0.11,-0.22,-0.11
2014-04-09 18:45:00,-1.00287716806e-05,0.33065725223522074,0,-0.11,-0.22,-0.11
2014-04-09 18:50:00,-1.10735526323e-05,0.3302997392003221,0,-0.11,-0.22,-0.11
2014-04-09 18:55:00,-1.03331080211e-05,0.32993970149808605,0,-0.11,-0.22,-0.11
2014-04-09 19:00:00,-16.5790049388,0.356511717818072,0,-0.11,-0.22,-0.11
2014-04-09 19:05:00,-14.7033883503,0.3532925228105223,0,-0.11,-0.22,-0.11
2014-04-09 19:10:00,-16.4213803448,0.35601204414640497,0,-0.11,-0.22,-0.11
2014-04-09 19:15:00,-17.2130549657,0.3571924818421708,0,-0.11,-0.22,-0.11
2014-04-09 19:20:00,-14.970508246500001,0.35336832447314565,0,-0.11,-0.22,-0.11
2014-04-09 19:25:00,-16.760725136199998,0.35619996634784074,0,-0.11,-0.22,-0.11
2014-04-09 19:30:00,-14.4812842824,0.3523294650304599,0,-0.11,-0.22,-0.11
2014-04-09 19:35:00,-17.363851875599998,0.3569553172043121,0,-0.11,-0.22,-0.11
2014-04-09 19:40:00,-17.5453370171,0.3571205128180319,0,-0.11,-0.22,-0.11
2014-04-09 19:45:00,-15.533378202,0.3536838981728557,0,-0.11,-0.22,-0.11
2014-04-09 19:50:00,-14.742638206099999,0.35227558229768513,0,-0.11,-0.22,-0.11
2014-04-09 19:55:00,-16.507446491099998,0.3550541375128353,0,-0.11,-0.22,-0.11
2014-04-09 20:00:00,-17.3945649054,0.3563839202809625,0,-0.11,-0.22,-0.11
2014-04-09 20:05:00,-19.1327477283,0.35921504406479465,0,-0.11,-0.22,-0.11
2014-04-09 20:10:00,-18.3236324234,0.35786836425513835,0,-0.11,-0.22,-0.11
2014-04-09 20:15:00,-19.0976223746,0.3591081321741116,0,-0.11,-0.22,-0.11
2014-04-09 20:20:00,-17.3501783467,0.35621978234631146,0,-0.11,-0.22,-0.11
2014-04-09 20:25:00,-17.4781911559,0.35641767013136183,0,-0.11,-0.22,-0.11
2014-04-09 20:30:00,-17.3413475527,0.3561817591556459,0,-0.11,-0.22,-0.11
2014-04-09 20:35:00,-19.6574668003,0.3599670561487539,0,-0.11,-0.22,-0.11
2014-04-09 20:40:00,-19.4307572184,0.3595654407932904,0,-0.11,-0.22,-0.11
2014-04-09 20:45:00,-18.1753271021,0.35747472144245923,0,-0.11,-0.22,-0.11
2014-04-09 20:50:00,-19.7631100366,0.36005632767574697,0,-0.11,-0.22,-0.11
2014-04-09 20:55:00,-20.6753563076,0.36151904066766827,0,-0.11,-0.22,-0.11
2014-04-09 21:00:00,-18.9564141751,0.3586394243405545,0,-0.11,-0.22,-0.11
2014-04-09 21:05:00,-21.157351517000002,0.36224849924507424,0,-0.11,-0.22,-0.11
2014-04-09 21:10:00,-20.484836336199997,0.3611067221324389,0,-0.11,-0.22,-0.11
2014-04-09 21:15:00,-17.9901995928,0.35698993801219603,0,-0.11,-0.22,-0.11
2014-04-09 21:20:00,-19.3445948665,0.3592276325589886,0,-0.11,-0.22,-0.11
2014-04-09 21:25:00,-19.8707807146,0.3600849679411988,0,-0.11,-0.22,-0.11
2014-04-09 21:30:00,-20.7593824715,0.3615360290272681,0,-0.11,-0.22,-0.11
2014-04-09 21:35:00,-18.9953341336,0.35861024684080195,0,-0.11,-0.22,-0.11
2014-04-09 21:40:00,-21.7554731459,0.3631560220735701,0,-0.11,-0.22,-0.11
2014-04-09 21:45:00,-20.5722537753,0.361178077241911,0,-0.11,-0.22,-0.11
2014-04-09 21:50:00,-19.335324750799998,0.3591388932053153,0,-0.11,-0.22,-0.11
2014-04-09 21:55:00,-18.240995430399998,0.3573512468148867,0,-0.11,-0.22,-0.11
2014-04-09 22:00:00,-18.6955103028,0.3581070766941869,0,-0.11,-0.22,-0.11
2014-04-09 22:05:00,-19.9185103669,0.3601170891486041,0,-0.11,-0.22,-0.11
2014-04-09 22:10:00,-19.9468153859,0.3601632272250331,0,-0.11,-0.22,-0.11
2014-04-09 22:15:00,-21.037161676500002,0.3619478544754029,0,-0.11,-0.22,-0.11
2014-04-09 22:20:00,-20.871258989,0.3616782277394782,0,-0.11,-0.22,-0.11
2014-04-09 22:25:00,-18.775004022,0.3582335933562613,0,-0.11,-0.22,-0.11
2014-04-09 22:30:00,-20.347218776600002,0.3608250195359765,0,-0.11,-0.22,-0.11
2014-04-09 22:35:00,-18.0535552383,0.3570718093287167,0,-0.11,-0.22,-0.11
2014-04-09 22:40:00,-19.5628389102,0.35956449894932896,0,-0.11,-0.22,-0.11
2014-04-09 22:45:00,-21.022730706,0.36196297037141983,0,-0.11,-0.22,-0.11
2014-04-09 22:50:00,-19.5666775342,0.3595430122918226,0,-0.11,-0.22,-0.11
2014-04-09 22:55:00,-21.3082371608,0.3624126997977721,0,-0.11,-0.22,-0.11
2014-04-09 23:00:00,-21.897611685300003,0.3633844166626217,0,-0.11,-0.22,-0.11
2014-04-09 23:05:00,-20.422313182,0.3609491257955208,0,-0.11,-0.22,-0.11
2014-04-09 23:10:00,-18.5740707032,0.3579132674888314,0,-0.11,-0.22,-0.11
2014-04-09 23:15:00,-19.512462848,0.3594614459839539,0,-0.11,-0.22,-0.11
2014-04-09 23:20:00,-18.0321612845,0.35704267415643065,0,-0.11,-0.22,-0.11
2014-04-09 23:25:00,-20.4043722095,0.36096332096759576,0,-0.11,-0.22,-0.11
2014-04-09 23:30:00,-21.2794623997,0.36239782705793344,0,-0.11,-0.22,-0.11
2014-04-09 23:35:00,-20.5131939958,0.361122938383891,0,-0.11,-0.22,-0.11
2014-04-09 23:40:00,-21.1375787298,0.3621529017877443,0,-0.11,-0.22,-0.11
2014-04-09 23:45:00,-21.1928318356,0.3622469953751057,0,-0.11,-0.22,-0.11
2014-04-09 23:50:00,-21.397201012300002,0.3625833539180285,0,-0.11,-0.22,-0.11
2014-04-09 23:55:00,-19.0605538055,0.35871034438888033,0,-0.11,-0.22,-0.11
2014-04-10 00:00:00,-21.4850740913,0.3626932365915973,0,-0.11,-0.22,-0.11
2014-04-10 00:05:00,-20.6163759939,0.3612614240179878,0,-0.11,-0.22,-0.11
2014-04-10 00:10:00,-19.158902226400002,0.35887219599237663,0,-0.11,-0.22,-0.11
2014-04-10 00:15:00,-21.94917886,0.3634680249324908,0,-0.11,-0.22,-0.11
2014-04-10 00:20:00,-21.800729574899997,0.36320833754580656,0,-0.11,-0.22,-0.11
2014-04-10 00:25:00,-20.2977639328,0.3607308242382974,0,-0.11,-0.22,-0.11
2014-04-10 00:30:00,-21.3728335136,0.3625131502663792,0,-0.11,-0.22,-0.11
2014-04-10 00:35:00,-19.0459779549,0.35868398580951993,0,-0.11,-0.22,-0.11
2014-04-10 00:40:00,-19.6641479864,0.359697095413896,0,-0.11,-0.22,-0.11
2014-04-10 00:45:00,-18.735887042999998,0.35818435241981245,0,-0.11,-0.22,-0.11
2014-04-10 00:50:00,-20.0804105705,0.36038935641522624,0,-0.11,-0.22,-0.11
2014-04-10 00:55:00,-19.9840057203,0.3602440451446889,0,-0.11,-0.22,-0.11
2014-04-10 01:00:00,-18.851252903800003,0.3583717061437886,0,-0.11,-0.22,-0.11
2014-04-10 01:05:00,-20.6912067749,0.3614112764849794,0,-0.11,-0.22,-0.11
2014-04-10 01:10:00,-18.4711611821,0.3577617802842118,0,-0.11,-0.22,-0.11
2014-04-10 01:15:00,-18.2467658043,0.3574166719327552,0,-0.11,-0.22,-0.11
2014-04-10 01:20:00,-19.5396198746,0.3595551172675073,0,-0.11,-0.22,-0.11
2014-04-10 01:25:00,-19.639299111099998,0.3597076607948939,0,-0.11,-0.22,-0.11
2014-04-10 01:30:00,-19.278962426099998,0.3591260369588934,0,-0.11,-0.22,-0.11
2014-04-10 01:35:00,-19.0317865503,0.3587223750106094,0,-0.11,-0.22,-0.11
2014-04-10 01:40:00,-19.35510538,0.3592554610606221,0,-0.11,-0.22,-0.11
2014-04-10 01:45:00,-18.6535022958,0.35812652631396025,0,-0.11,-0.22,-0.11
2014-04-10 01:50:00,-19.6138098765,0.35971847182233485,0,-0.11,-0.22,-0.11
2014-04-10 01:55:00,-21.618413494099997,0.3630316911325849,0,-0.11,-0.22,-0.11
2014-04-10 02:00:00,-18.8977075248,0.3585394845035613,0,-0.11,-0.22,-0.11
2014-04-10 02:05:00,-20.7378044174,0.36158517222893705,0,-0.11,-0.22,-0.11
2014-04-10 02:10:00,-18.5671380416,0.3580182443682913,0,-0.11,-0.22,-0.11
2014-04-10 02:15:00,-19.415626495999998,0.35942957826062905,0,-0.11,-0.22,-0.11
2014-04-10 02:20:00,-19.2846991222,0.35923705476432705,0,-0.11,-0.22,-0.11
2014-04-10 02:25:00,-21.748117577600002,0.3633009968924643,0,-0.11,-0.22,-0.11
2014-04-10 02:30:00,-19.7119282232,0.3599362043223918,0,-0.11,-0.22,-0.11
2014-04-10 02:35:00,-20.7618637751,0.3616784133348952,0,-0.11,-0.22,-0.11
2014-04-10 02:40:00,-20.4098512359,0.3610871140723908,0,-0.11,-0.22,-0.11
2014-04-10 02:45:00,-18.564120301099997,0.3580471292828025,0,-0.11,-0.22,-0.11
2014-04-10 02:50:00,-21.7581618041,0.3633358782472044,0,-0.11,-0.22,-0.11
2014-04-10 02:55:00,-19.3834771674,0.3593902780163727,0,-0.11,-0.22,-0.11
2014-04-10 03:00:00,-18.179033423099998,0.3574123671051708,0,-0.11,-0.22,-0.11
2014-04-10 03:05:00,-19.2017748274,0.3591065400459043,0,-0.11,-0.22,-0.11
2014-04-10 03:10:00,-19.3425349035,0.35932759490723376,0,-0.11,-0.22,-0.11
2014-04-10 03:15:00,-18.3709813095,0.3577516946145949,0,-0.11,-0.22,-0.11
2014-04-10 03:20:00,-20.4799096255,0.3612262095688279,0,-0.11,-0.22,-0.11
2014-04-10 03:25:00,-19.3870568222,0.3594146425725892,0,-0.11,-0.22,-0.11
2014-04-10 03:30:00,-20.5165384253,0.361290615640183,0,-0.11,-0.22,-0.11
2014-04-10 03:35:00,-18.0269622544,0.3571858474547713,0,-0.11,-0.22,-0.11
2014-04-10 03:40:00,-21.928193596,0.3636309960923593,0,-0.11,-0.22,-0.11
2014-04-10 03:45:00,-18.682065434200002,0.35827748236576057,0,-0.11,-0.22,-0.11
2014-04-10 03:50:00,-20.637323946800002,0.3615165284469135,0,-0.11,-0.22,-0.11
2014-04-10 03:55:00,-20.8631372131,0.3618933389946959,0,-0.11,-0.22,-0.11
2014-04-10 04:00:00,-18.686433399000002,0.3582888410806752,0,-0.11,-0.22,-0.11
2014-04-10 04:05:00,-18.4468491284,0.3578923836881212,0,-0.11,-0.22,-0.11
2014-04-10 04:10:00,-18.6103087674,0.3581673979286039,0,-0.11,-0.22,-0.11
2014-04-10 04:15:00,-18.9872730234,0.3587825743120405,0,-0.11,-0.22,-0.11
2014-04-10 04:20:00,-18.672928472,0.35827499810986146,0,-0.11,-0.22,-0.11
2014-04-10 04:25:00,-20.6959977078,0.3616119774815293,0,-0.11,-0.22,-0.11
2014-04-10 04:30:00,-19.6833328149,0.359939708592743,0,-0.11,-0.22,-0.11
2014-04-10 04:35:00,-20.1511663781,0.3607056242728425,0,-0.11,-0.22,-0.11
2014-04-10 04:40:00,-18.1893471552,0.3574789731662415,0,-0.11,-0.22,-0.11
2014-04-10 04:45:00,-21.4449958524,0.3628476716708216,0,-0.11,-0.22,-0.11
2014-04-10 04:50:00,-18.6822862128,0.3582747599116147,0,-0.11,-0.22,-0.11
2014-04-10 04:55:00,-19.4406093258,0.3595376041960621,0,-0.11,-0.22,-0.11
2014-04-10 05:00:00,-18.287606559300002,0.35765427344509465,0,-0.11,-0.22,-0.11
2014-04-10 05:05:00,-18.547172538599998,0.3581065602405232,0,-0.11,-0.22,-0.11
2014-04-10 05:10:00,-20.6631976399,0.3616152566993854,0,-0.11,-0.22,-0.11
2014-04-10 05:15:00,-20.770348009,0.3617934130544421,0,-0.11,-0.22,-0.11
2014-04-10 05:20:00,-20.7078619385,0.3616901413601442,0,-0.11,-0.22,-0.11
2014-04-10 05:25:00,-20.2085471514,0.3608449783079996,0,-0.11,-0.22,-0.11
2014-04-10 05:30:00,-21.810086656,0.3634722834424681,0,-0.11,-0.22,-0.11
2014-04-10 05:35:00,-20.0287086431,0.3605281469943156,0,-0.11,-0.22,-0.11
2014-04-10 05:40:00,-19.7976481172,0.3601380827060565,0,-0.11,-0.22,-0.11
2014-04-10 05:45:00,-18.9901822629,0.35880675909195797,0,-0.11,-0.22,-0.11
2014-04-10 05:50:00,-18.3953981171,0.35782640932365817,0,-0.11,-0.22,-0.11
2014-04-10 05:55:00,-20.1926197199,0.3607849632734704,0,-0.11,-0.22,-0.11
2014-04-10 06:00:00,-19.259560746800002,0.3592573568556609,0,-0.11,-0.22,-0.11
2014-04-10 06:05:00,-20.0961015328,0.3606322137639793,0,-0.11,-0.22,-0.11
2014-04-10 06:10:00,-18.824476312999998,0.3585378029445865,0,-0.11,-0.22,-0.11
2014-04-10 06:15:00,-21.352690688800003,0.36269987181935054,0,-0.11,-0.22,-0.11
2014-04-10 06:20:00,-21.998788838600007,0.3637614665119698,0,-0.11,-0.22,-0.11
2014-04-10 06:25:00,-19.2896140405,0.35928512214717234,0,-0.11,-0.22,-0.11
2014-04-10 06:30:00,-21.369310429000002,0.3627129997911935,0,-0.11,-0.22,-0.11
2014-04-10 06:35:00,-21.4919445456,0.36291339398460026,0,-0.11,-0.22,-0.11
2014-04-10 06:40:00,-21.984295155,0.3637038846607761,0,-0.11,-0.22,-0.11
2014-04-10 06:45:00,-19.3708805191,0.35938505209733496,0,-0.11,-0.22,-0.11
2014-04-10 06:50:00,-21.0241655749,0.362121425148796,0,-0.11,-0.22,-0.11
2014-04-10 06:55:00,-18.9152360146,0.3586573211823689,0,-0.11,-0.22,-0.11
2014-04-10 07:00:00,-20.4991840052,0.361263651827116,0,-0.11,-0.22,-0.11
2014-04-10 07:05:00,-20.8193702779,0.3617726632372025,0,-0.11,-0.22,-0.11
2014-04-10 07:10:00,-20.9644827701,0.3619961986754103,0,-0.11,-0.22,-0.11
2014-04-10 07:15:00,-18.8286886743,0.3584601373832291,1,1.0,1.0,1.0
2014-04-10 07:20:00,-21.394902282,0.36268285586157617,1,0.9998317702127428,0.9998317702127428,0.9998317702127427
2014-04-10 07:25:00,-19.6838874416,0.3598459774250213,1,0.999661468842308,0.9996614688423079,0.999661468842308
2014-04-10 07:30:00,-18.8654780709,0.35850106150468797,1,0.9994890707385984,0.9994890707385984,0.9994890707385985
2014-04-10 07:35:00,-20.1701243535,0.36067002088017575,1,0.9993145504551452,0.9993145504551452,0.9993145504551451
2014-04-10 07:40:00,-21.4534285184,0.3627730014347129,1,0.9991378822458415,0.9991378822458415,0.9991378822458417
2014-04-10 07:45:00,-21.8683516391,0.3634620089024769,1,0.9989590400616454,0.9989590400616454,0.9989590400616454
2014-04-10 07:50:00,-20.9928312869,0.3620114634553114,1,0.9987779975472472,0.9987779975472472,0.998777997547247
2014-04-10 07:55:00,-18.0224915451,0.3571331066817026,1,0.9985947280377141,0.998594728037714,0.9985947280377139
2014-04-10 08:00:00,-18.5388030419,0.3580117635880192,1,0.9984092045550972,0.9984092045550972,0.9984092045550972
2014-04-10 08:05:00,-18.305095945799998,0.3576496167095133,1,0.9982213998050132,0.9982213998050132,0.9982213998050131
2014-04-10 08:10:00,-18.404854972,0.3578378927710765,1,0.9980312861731886,0.9980312861731886,0.9980312861731886
2014-04-10 08:15:00,-19.5321398241,0.3597019355758324,1,0.9978388357219816,0.9978388357219816,0.9978388357219815
2014-04-10 08:20:00,-19.353973259300002,0.3594133236694949,1,0.9976440201868636,0.9976440201868636,0.9976440201868635
2014-04-10 08:25:00,-18.4547399251,0.3579564245409857,1,0.9974468109728764,0.9974468109728764,0.9974468109728765
2014-04-10 08:30:00,-21.5289414065,0.3630290971613893,1,0.997247179151056,0.997247179151056,0.9972471791510559
2014-04-10 08:35:00,-20.4617103053,0.3612379118822083,1,0.9970450954548202,0.9970450954548202,0.9970450954548202
2014-04-10 08:40:00,-21.1858532358,0.3624377020821898,1,0.9968405302763352,0.9968405302763352,0.9968405302763353
2014-04-10 08:45:00,-19.4861975554,0.3596288375057424,1,0.9966334536628396,0.9966334536628396,0.9966334536628395
2014-04-10 08:50:00,-19.6409440652,0.3598990969121005,1,0.9964238353129424,0.9964238353129424,0.9964238353129425
2014-04-10 08:55:00,-19.2704848421,0.3592780364793647,1,0.9962116445728904,0.9962116445728904,0.9962116445728904
2014-04-10 09:00:00,59.26111934520001,0.3711735985381342,1,0.9959968504327992,0.9959968504327992,0.9959968504327991
2014-04-10 09:05:00,61.3245271483,0.3741520322269299,1,0.995779421522856,0.9957794215228559,0.995779421522856
2014-04-10 09:10:00,59.9158080941,0.371310790426241,1,0.9955593261094912,0.9955593261094912,0.9955593261094912
2014-04-10 09:15:00,64.0550040743,0.3777610255667621,1,0.995336532091512,0.9953365320915121,0.995336532091512
2014-04-10 09:20:00,64.8016700233,0.3784946809988311,1,0.9951110069962132,0.9951110069962132,0.9951110069962132
2014-04-10 09:25:00,59.6362062404,0.3693590866789831,1,0.9948827179754498,0.9948827179754498,0.9948827179754498
2014-04-10 09:30:00,56.8769757642,0.3643412548710204,1,0.9946516318016758,0.994651631801676,0.9946516318016759
2014-04-10 09:35:00,65.3423090335,0.3779879146273705,1,0.9944177148639596,0.9944177148639596,0.9944177148639596
2014-04-10 09:40:00,62.820463716599996,0.3732598010980797,1,0.9941809331639596,0.9941809331639596,0.9941809331639597
2014-04-10 09:45:00,61.6815250326,0.3708813555055013,1,0.9939412523118706,0.9939412523118706,0.9939412523118706
2014-04-10 09:50:00,62.94496480350001,0.3725137529287864,1,0.9936986375223368,0.9936986375223368,0.9936986375223369
2014-04-10 09:55:00,54.9117813888,0.3587863980886358,1,0.9934530536103384,0.9934530536103384,0.9934530536103384
2014-04-10 10:00:00,69.4279201801,0.3824690642487678,1,0.9932044649870388,0.9932044649870388,0.9932044649870388
2014-04-10 10:05:00,70.7274339192,0.3845939654279652,1,0.9929528356556034,0.9929528356556034,0.9929528356556034
2014-04-10 10:10:00,70.6412547051,0.38426785628467786,1,0.9926981292069896,0.9926981292069896,0.9926981292069895
2014-04-10 10:15:00,74.7941912177,0.3911234617908327,1,0.9924403088157,0.9924403088157,0.9924403088157
2014-04-10 10:20:00,70.79254205069999,0.3842243194789177,1,0.9921793372355084,0.9921793372355084,0.9921793372355083
2014-04-10 10:25:00,81.3887897929,0.4020706225806943,1,0.991915176795149,0.991915176795149,0.991915176795149
2014-04-10 10:30:00,77.18707335010001,0.39470519888781697,1,0.991647789393982,0.991647789393982,0.9916477893939821
2014-04-10 10:35:00,73.99758082449999,0.3891680434857252,1,0.9913771364976216,0.9913771364976216,0.9913771364976217
2014-04-10 10:40:00,69.458262581,0.3813526076837993,1,0.9911031791335352,0.9911031791335352,0.9911031791335352
2014-04-10 10:45:00,77.38362249859999,0.3945755560310995,1,0.9908258778866108,0.9908258778866108,0.9908258778866108
2014-04-10 10:50:00,70.171298873,0.38231395779796107,1,0.990545192894696,0.990545192894696,0.9905451928946961
2014-04-10 10:55:00,79.6969478061,0.3982296997284694,1,0.9902610838441048,0.9902610838441048,0.9902610838441049
2014-04-10 11:00:00,83.9956882524,0.4052169234660709,1,0.989973509965093,0.989973509965093,0.989973509965093
2014-04-10 11:05:00,79.89658392609999,0.39825677045005947,1,0.9896824300273044,0.9896824300273044,0.9896824300273043
2014-04-10 11:10:00,73.6497092888,0.3876997869302998,1,0.9893878023351892,0.9893878023351891,0.989387802335189
2014-04-10 11:15:00,83.743905544,0.40474695727759497,1,0.9890895847233878,0.9890895847233878,0.9890895847233878
2014-04-10 11:20:00,76.15599218189999,0.3918284755475547,1,0.9887877345520926,0.9887877345520926,0.9887877345520926
2014-04-10 11:25:00,74.8068257812,0.3895539051491817,1,0.988482208702371,0.988482208702371,0.988482208702371
2014-04-10 11:30:00,78.7336171937,0.3961644889990649,1,0.988172963571468,0.988172963571468,0.9881729635714679
2014-04-10 11:35:00,85.8947164635,0.40819677497690415,1,0.9878599550680758,0.9878599550680758,0.9878599550680758
2014-04-10 11:40:00,75.9903929465,0.3914160749875571,1,0.9875431386075764,0.9875431386075764,0.9875431386075765
2014-04-10 11:45:00,85.6243634554,0.40768122312027216,1,0.9872224691072572,0.9872224691072572,0.9872224691072573
2014-04-10 11:50:00,72.1298684104,0.3849105786973782,1,0.9868979009814955,0.9868979009814955,0.9868979009814957
2014-04-10 11:55:00,72.6030154875,0.38569478547059344,1,0.9865693881369224,0.9865693881369224,0.9865693881369223
2014-04-10 12:00:00,83.01062244939999,0.403302452351387,1,0.9862368839675504,0.9862368839675504,0.9862368839675504
2014-04-10 12:05:00,74.899383618,0.3896451883313327,1,0.9859003413498868,0.9859003413498868,0.9859003413498869
2014-04-10 12:10:00,76.9117990693,0.3930069682613344,1,0.9855597126380096,0.9855597126380096,0.9855597126380095
2014-04-10 12:15:00,74.0336037603,0.3882776444625656,1,0.9852149496586248,0.9852149496586248,0.9852149496586247
2014-04-10 12:20:00,77.1613403615,0.39351336793681696,1,0.984866003706097,0.984866003706097,0.984866003706097
2014-04-10 12:25:00,76.3343851825,0.3920622735608469,1,0.9845128255374564,0.9845128255374564,0.9845128255374563
2014-04-10 12:30:00,83.6138394194,0.4043702253291847,1,0.9841553653673794,0.9841553653673794,0.9841553653673794
2014-04-10 12:35:00,83.0659094626,0.40338803144046,1,0.9837935728631486,0.9837935728631486,0.9837935728631486
2014-04-10 12:40:00,87.1042771532,0.4101001433365367,1,0.9834273971395892,0.9834273971395892,0.9834273971395893
2014-04-10 12:45:00,83.4235654688,0.4037036349670369,1,0.9830567867539836,0.9830567867539836,0.9830567867539836
2014-04-10 12:50:00,82.95084988020001,0.4029501640171097,1,0.9826816897009616,0.9826816897009616,0.9826816897009616
2014-04-10 12:55:00,82.94104770060001,0.4028272439978263,1,0.9823020534073744,0.9823020534073744,0.9823020534073745
2014-04-10 13:00:00,86.0930282987,0.4080164508206274,1,0.9819178247271474,0.9819178247271474,0.9819178247271474
2014-04-10 13:05:00,76.7090918109,0.3922579025794708,1,0.9815289499361082,0.9815289499361082,0.9815289499361082
2014-04-10 13:10:00,76.7707531576,0.3923605867267131,1,0.9811353747268036,0.9811353747268036,0.9811353747268037
2014-04-10 13:15:00,83.8258771869,0.4042997722100258,1,0.9807370442032946,0.9807370442032946,0.9807370442032946
2014-04-10 13:20:00,75.6290184815,0.390422739328529,1,0.9803339028759328,0.9803339028759328,0.9803339028759328
2014-04-10 13:25:00,86.55768313829998,0.4088700130637407,1,0.979925894656126,0.9799258946561259,0.979925894656126
2014-04-10 13:30:00,80.5242849983,0.3985612605808585,1,0.9795129628510812,0.9795129628510812,0.9795129628510811
2014-04-10 13:35:00,76.7712780499,0.3923728344012137,1,0.9790950501585396,0.9790950501585396,0.9790950501585395
2014-04-10 13:40:00,84.3838318355,0.40519441822955177,1,0.978672098661494,0.978672098661494,0.9786720986614939
2014-04-10 13:45:00,76.96633122600001,0.3926802280924421,1,0.978244049822894,0.978244049822894,0.9782440498228941
2014-04-10 13:50:00,87.3774880919,0.4103705488251426,1,0.9778108444803432,0.9778108444803432,0.9778108444803433
2014-04-10 13:55:00,87.6927362247,0.4109104167726128,1,0.9773724228407786,0.9773724228407786,0.9773724228407786
2014-04-10 14:00:00,82.6621263723,0.40218294646536107,1,0.9769287244751482,0.9769287244751482,0.9769287244751482
2014-04-10 14:05:00,73.8122367846,0.3874068013030713,1,0.9764796883130747,0.9764796883130747,0.9764796883130749
2014-04-10 14:10:00,76.2052446916,0.39145059309263935,1,0.9760252526375164,0.9760252526375164,0.9760252526375164
2014-04-10 14:15:00,80.2402516617,0.3982848152257329,1,0.9755653550794146,0.9755653550794146,0.9755653550794146
2014-04-10 14:20:00,85.6163093488,0.4073200711537973,1,0.975099932612347,0.975099932612347,0.975099932612347
2014-04-10 14:25:00,74.9521872964,0.3893002386636783,1,0.9746289215471664,0.9746289215471664,0.9746289215471664
2014-04-10 14:30:00,73.6645617078,0.3871516253207991,1,0.974152257526645,0.974152257526645,0.974152257526645
2014-04-10 14:35:00,73.1857843998,0.3864525742903294,1,0.9736698755201127,0.9736698755201127,0.9736698755201127
2014-04-10 14:40:00,80.1050720793,0.39812302541421857,1,0.9731817098181004,0.9731817098181004,0.9731817098181004
2014-04-10 14:45:00,86.14832309629999,0.408248447115039,1,0.9726876940269782,0.9726876940269782,0.9726876940269782
2014-04-10 14:50:00,72.6719336625,0.3855541158255965,1,0.9721877610636062,0.9721877610636062,0.9721877610636062
2014-04-10 14:55:00,75.39111277229999,0.39028272805288,1,0.9716818431499804,0.9716818431499804,0.9716818431499803
2014-04-10 15:00:00,83.0907827796,0.4033356518948457,1,0.9711698718078928,0.9711698718078928,0.9711698718078927
2014-04-10 15:05:00,85.2124515413,0.4068738161649635,1,0.9706517778535932,0.9706517778535932,0.9706517778535932
2014-04-10 15:10:00,84.9170337745,0.4063967818515732,1,0.9701274913924663,0.9701274913924663,0.9701274913924663
2014-04-10 15:15:00,84.5597359397,0.4057329955914177,1,0.969596941813716,0.969596941813716,0.9695969418137161
2014-04-10 15:20:00,74.0756115843,0.3879782298374447,1,0.9690600577850632,0.9690600577850632,0.9690600577850631
2014-04-10 15:25:00,78.3545476221,0.3952201040648817,1,0.9685167672474599,0.96851676724746,0.9685167672474599
2014-04-10 15:30:00,87.7545105107,0.4110383524847921,1,0.9679669974098206,0.9679669974098206,0.9679669974098206
2014-04-10 15:35:00,87.82079599020003,0.41109244716312376,1,0.967410674743768,0.967410674743768,0.9674106747437681
2014-04-10 15:40:00,81.6375320499,0.4006304760709584,1,0.9668477249784062,0.9668477249784062,0.9668477249784062
2014-04-10 15:45:00,83.3469417031,0.4034545908148931,1,0.9662780730951086,0.9662780730951086,0.9662780730951086
2014-04-10 15:50:00,87.2191452119,0.4099353072312463,1,0.9657016433223377,0.9657016433223377,0.9657016433223375
2014-04-10 15:55:00,79.1975785983,0.3962853093207847,1,0.9651183591304856,0.9651183591304856,0.9651183591304856
2014-04-10 16:00:00,74.18963231859999,0.38789234249876536,1,0.9645281432267488,0.9645281432267488,0.9645281432267487
2014-04-10 16:05:00,82.70291735810001,0.4022892931893489,1,0.9639309175500292,0.9639309175500292,0.9639309175500291
2014-04-10 16:10:00,87.3613573212,0.4101495027964685,1,0.9633266032658732,0.9633266032658732,0.9633266032658733
2014-04-10 16:15:00,83.1550314049,0.4028245164356152,1,0.9627151207614422,0.9627151207614422,0.9627151207614422
2014-04-10 16:20:00,84.85286650229999,0.4057217737476829,1,0.9620963896405248,0.9620963896405248,0.9620963896405249
2014-04-10 16:25:00,78.7637288188,0.39534909319360784,1,0.9614703287185898,0.9614703287185898,0.9614703287185898
2014-04-10 16:30:00,73.54317512739999,0.3867777298394052,1,0.960836856017878,0.9608368560178779,0.960836856017878
2014-04-10 16:35:00,74.7018743381,0.3887608698915024,1,0.9601958887625474,0.9601958887625474,0.9601958887625474
2014-04-10 16:40:00,87.722196559,0.4107403204448587,1,0.9595473433738578,0.9595473433738578,0.959547343373858
2014-04-10 16:45:00,79.8906934209,0.3973200402104293,1,0.9588911354654178,0.9588911354654178,0.9588911354654178
2014-04-10 16:50:00,72.1920984274,0.3844648860207172,1,0.9582271798384736,0.9582271798384736,0.9582271798384737
2014-04-10 16:55:00,87.28559717690003,0.4099306278070391,1,0.957555390477266,0.957555390477266,0.957555390477266
2014-04-10 17:00:00,79.9644274143,0.3974749093062777,1,0.9568756805444404,0.9568756805444404,0.9568756805444405
2014-04-10 17:05:00,85.3802397293,0.406688629511904,1,0.9561879623765218,0.9561879623765218,0.9561879623765218
2014-04-10 17:10:00,80.7752785764,0.3988694845795881,1,0.955492147479458,0.955492147479458,0.955492147479458
2014-04-10 17:15:00,73.6271894174,0.3870197134551059,1,0.9547881465242266,0.9547881465242266,0.9547881465242266
2014-04-10 17:20:00,81.84906093069999,0.4009748748502953,1,0.9540758693425222,0.9540758693425222,0.9540758693425222
2014-04-10 17:25:00,87.9583481277,0.4112659933144131,1,0.9533552249225128,0.9533552249225128,0.9533552249225128
2014-04-10 17:30:00,72.5557580866,0.38529850039967145,1,0.9526261214046784,0.9526261214046784,0.9526261214046785
2014-04-10 17:35:00,85.46865246029999,0.40712968660117904,1,0.9518884660777324,0.9518884660777324,0.9518884660777324
2014-04-10 17:40:00,75.7676442391,0.3906786380836653,1,0.9511421653746288,0.9511421653746288,0.9511421653746287
2014-04-10 17:45:00,78.30180945020001,0.3950570539338057,1,0.9503871248686574,0.9503871248686574,0.9503871248686574
2014-04-10 17:50:00,77.9633022918,0.3945344647927501,1,0.9496232492696376,0.9496232492696376,0.9496232492696376
2014-04-10 17:55:00,86.38069982459999,0.4088143572167364,1,0.948850442420204,0.9488504424202041,0.948850442420204
2014-04-10 18:00:00,-1.02491877147e-05,0.3337417960262073,1,0.948068607292196,0.9480686072921959,0.948068607292196
2014-04-10 18:05:00,-1.01318129394e-05,0.3333895538615633,1,0.947277645983152,0.9472776459831519,0.947277645983152
2014-04-10 18:10:00,-1.08913154228e-05,0.3330545020899223,1,0.9464774597129142,0.9464774597129142,0.9464774597129142
2014-04-10 18:15:00,-9.316161811e-06,0.3327000736194694,1,0.9456679488203448,0.9456679488203448,0.9456679488203447
2014-04-10 18:20:00,-9.393062533260001e-06,0.3323563298379857,1,0.94484901276016,0.94484901276016,0.9448490127601601
2014-04-10 18:25:00,-9.26041877883e-06,0.33202185812981216,1,0.9440205500998884,0.9440205500998884,0.9440205500998883
2014-04-10 18:30:00,-1.0625e-05,0.3316606768845673,1,0.9431824585169496,0.9431824585169496,0.9431824585169496
2014-04-10 18:35:00,-1.02924618487e-05,0.3313055964017081,1,0.9423346347958728,0.9423346347958728,0.9423346347958729
2014-04-10 18:40:00,-1.10100933137e-05,0.3309417743110569,1,0.9414769748256412,0.9414769748256412,0.9414769748256412
2014-04-10 18:45:00,-1.0237e-05,0.3306014539777101,1,0.9406093735971816,0.9406093735971816,0.9406093735971817
2014-04-10 18:50:00,-9.670286484960001e-06,0.33024884865884985,1,0.9397317252009983,0.9397317252009983,0.9397317252009985
2014-04-10 18:55:00,-1.08649418201e-05,0.3298970541142412,1,0.9388439228249559,0.938843922824956,0.9388439228249561
2014-04-10 19:00:00,-15.3418382973,0.3545790753328337,1,0.9379458587522146,0.9379458587522146,0.9379458587522146
2014-04-10 19:05:00,-17.3942095293,0.3578741897420818,1,0.9370374243593266,0.9370374243593266,0.9370374243593266
2014-04-10 19:10:00,-15.2013583869,0.35409589429082794,1,0.9361185101144992,0.9361185101144992,0.9361185101144991
2014-04-10 19:15:00,-14.9367080011,0.3535429004441778,1,0.9351890055760226,0.9351890055760226,0.9351890055760226
2014-04-10 19:20:00,-15.9786388181,0.3551554941343865,1,0.9342487993908768,0.9342487993908768,0.9342487993908769
2014-04-10 19:25:00,-14.5616502414,0.35269070749842113,1,0.9332977792935178,0.9332977792935178,0.9332977792935178
2014-04-10 19:30:00,-14.5165193893,0.3525079330732627,1,0.9323358321048484,0.9323358321048484,0.9323358321048483
2014-04-10 19:35:00,-15.987248591199998,0.3548286247234724,1,0.93136284373138,0.93136284373138,0.9313628437313799
2014-04-10 19:40:00,-15.0883439499,0.3532234584464493,1,0.9303786991645968,0.9303786991645968,0.9303786991645967
2014-04-10 19:45:00,-14.4299302899,0.3520265527460139,1,0.9293832824805146,0.9293832824805146,0.9293832824805146
2014-04-10 19:50:00,-15.347384081,0.3534307081254698,1,0.9283764768394552,0.9283764768394552,0.9283764768394552
2014-04-10 19:55:00,-15.927577570999999,0.3542722544338931,1,0.9273581644860318,0.9273581644860318,0.9273581644860318
2014-04-10 20:00:00,-18.7940690145,0.3588892745643896,1,0.9263282267493566,0.9263282267493566,0.9263282267493566
2014-04-10 20:05:00,-17.8002031298,0.3572249722506862,1,0.9252865440434748,0.9252865440434748,0.9252865440434747
2014-04-10 20:10:00,-19.505951755,0.3600242281942997,1,0.9242329958680306,0.9242329958680306,0.9242329958680306
2014-04-10 20:15:00,-20.007679112799998,0.3608300844543233,1,0.9231674608091764,0.9231674608091764,0.9231674608091764
2014-04-10 20:20:00,-19.8740708067,0.3605836785007911,1,0.9220898165407244,0.9220898165407244,0.9220898165407243
2014-04-10 20:25:00,-18.7920461786,0.358747747654333,1,0.9209999398255494,0.9209999398255494,0.9209999398255494
2014-04-10 20:30:00,-17.8083696004,0.3571035522570069,1,0.9198977065172566,0.9198977065172566,0.9198977065172566
2014-04-10 20:35:00,-19.1980296198,0.35937440989974073,1,0.918782991562108,0.918782991562108,0.9187829915621081
2014-04-10 20:40:00,-20.699258380499998,0.3618486375054604,1,0.9176556690012292,0.9176556690012292,0.9176556690012292
2014-04-10 20:45:00,-19.079896147,0.3591353206413828,1,0.9165156119730874,0.9165156119730874,0.9165156119730874
2014-04-10 20:50:00,-18.0314156157,0.35737143265940663,1,0.9153626927162618,0.9153626927162618,0.9153626927162618
2014-04-10 20:55:00,-17.6373250601,0.3566934233295647,1,0.914196782572506,0.9141967825725059,0.914196782572506
2014-04-10 21:00:00,-21.6015009892,0.3632504382601657,1,0.9130177519901118,0.9130177519901118,0.9130177519901118
2014-04-10 21:05:00,-20.8042614203,0.36188804112419537,1,0.9118254705275785,0.9118254705275785,0.9118254705275783
2014-04-10 21:10:00,-19.0978530265,0.3590456252373142,1,0.9106198068576012,0.9106198068576012,0.9106198068576012
2014-04-10 21:15:00,-19.0279584264,0.3589233108497179,1,0.9094006287713798,0.9094006287713798,0.9094006287713798
2014-04-10 21:20:00,-21.4082270437,0.3628697857384889,1,0.9081678031832602,0.9081678031832602,0.9081678031832602
2014-04-10 21:25:00,-18.5605908324,0.3581161628307963,1,0.9069211961357104,0.9069211961357104,0.9069211961357103
2014-04-10 21:30:00,-19.979028047899998,0.3604530505492832,1,0.9056606728046468,0.9056606728046468,0.9056606728046467
2014-04-10 21:35:00,-20.687185049300002,0.3616035807460081,1,0.90438609750511,0.90438609750511,0.9043860975051101
2014-04-10 21:40:00,-19.4288769968,0.3595102550874936,1,0.9030973336973062,0.9030973336973062,0.9030973336973062
2014-04-10 21:45:00,-18.0143325696,0.3571737294860489,1,0.9017942439930136,0.9017942439930136,0.9017942439930137
2014-04-10 21:50:00,-18.7597470503,0.35840554529029683,1,0.9004766901623691,0.9004766901623691,0.9004766901623691
2014-04-10 21:55:00,-21.4343747779,0.3628447989336183,1,0.8991445331410407,0.8991445331410407,0.8991445331410407
2014-04-10 22:00:00,-20.0603279224,0.3605588928308013,1,0.897797633037792,0.897797633037792,0.897797633037792
2014-04-10 22:05:00,-21.2277461794,0.3624848572412765,1,0.8964358491424502,0.8964358491424502,0.8964358491424502
2014-04-10 22:10:00,-20.1903858003,0.3607639310563617,1,0.8950590399342826,0.8950590399342826,0.8950590399342826
2014-04-10 22:15:00,-21.7395693473,0.363336968043425,1,0.8936670630907944,0.8936670630907944,0.8936670630907944
2014-04-10 22:20:00,-21.601917861900002,0.36307437180614976,1,0.8922597754969506,0.8922597754969506,0.8922597754969506
2014-04-10 22:25:00,-19.899661700899998,0.3602317973911023,1,0.8908370332548355,0.8908370332548355,0.8908370332548355
2014-04-10 22:30:00,-19.2422591638,0.3591442504625429,1,0.8893986916937562,0.8893986916937562,0.8893986916937562
2014-04-10 22:35:00,-20.374024485899998,0.3610305094934273,1,0.8879446053807972,0.8879446053807972,0.8879446053807972
2014-04-10 22:40:00,-20.6664314625,0.3615028102821955,1,0.8864746281318382,0.8864746281318382,0.8864746281318382
2014-04-10 22:45:00,-19.961430913,0.3603448195773251,1,0.8849886130230413,0.8849886130230413,0.8849886130230413
2014-04-10 22:50:00,-21.255070289200003,0.3624945435361761,1,0.8834864124028151,0.8834864124028151,0.8834864124028151
2014-04-10 22:55:00,-18.7033407999,0.3582534096177871,1,0.8819678779042704,0.8819678779042704,0.8819678779042704
2014-04-10 23:00:00,-19.3314592785,0.35928710109386464,1,0.8804328604581673,0.8804328604581673,0.8804328604581673
2014-04-10 23:05:00,-20.738866871099997,0.3616113036516588,1,0.8788812103063707,0.8788812103063707,0.8788812103063707
2014-04-10 23:10:00,-18.9806597093,0.3586946971206664,1,0.8773127770158184,0.8773127770158184,0.8773127770158184
2014-04-10 23:15:00,-19.7530559807,0.35997997842922513,1,0.8757274094930131,0.8757274094930131,0.8757274094930131
2014-04-10 23:20:00,-21.8479406112,0.3634647415532207,1,0.8741249559990424,0.8741249559990424,0.8741249559990424
2014-04-10 23:25:00,-20.4969427729,0.3612142620427158,1,0.8725052641651438,0.8725052641651438,0.8725052641651438
2014-04-10 23:30:00,-21.7892541489,0.3633427158281144,1,0.8708681810088169,0.8708681810088169,0.8708681810088169
2014-04-10 23:35:00,-20.883080891400002,0.3618258676775737,1,0.8692135529504921,0.8692135529504921,0.8692135529504921
2014-04-10 23:40:00,-20.8919795086,0.3618154189270866,1,0.8675412258307679,0.8675412258307679,0.867541225830768
2014-04-10 23:45:00,-20.3609111209,0.3609237558863798,1,0.8658510449282252,0.8658510449282252,0.8658510449282252
2014-04-10 23:50:00,-18.5628923553,0.3579580206064477,1,0.8641428549778215,0.8641428549778215,0.8641428549778215
2014-04-10 23:55:00,-20.0724319325,0.3604609890160259,1,0.8624165001898849,0.8624165001898849,0.8624165001898849
2014-04-11 00:00:00,40.0,0.3402722511861941,1,0.8606718242697022,0.8606718242697022,0.8606718242697022
2014-04-11 00:05:00,40.0,0.33996607980858595,1,0.8589086704377245,0.8589086704377245,0.8589086704377245
2014-04-11 00:10:00,40.0,0.3396650545111856,1,0.8571268814503882,0.8571268814503882,0.8571268814503882
2014-04-11 00:15:00,40.0,0.3393705421728169,1,0.8553262996215624,0.8553262996215624,0.8553262996215624
2014-04-11 00:20:00,40.0,0.3390734140103004,1,0.8535067668446377,0.8535067668446377,0.8535067668446377
2014-04-11 00:25:00,40.0,0.3387816507864393,1,0.8516681246152519,0.8516681246152519,0.8516681246152519
2014-04-11 00:30:00,40.0,0.3384825218863966,1,0.8498102140546762,0.8498102140546762,0.8498102140546762
2014-04-11 00:35:00,40.0,0.33818099988691586,1,0.8479328759338557,0.8479328759338557,0.8479328759338557
2014-04-11 00:40:00,40.0,0.3378823291144269,1,0.8460359506981221,0.8460359506981221,0.846035950698122
2014-04-11 00:45:00,40.0,0.3375820292251275,1,0.8441192784925836,0.8441192784925836,0.8441192784925836
2014-04-11 00:50:00,40.0,0.3372819114770149,1,0.8421826991881963,0.8421826991881963,0.8421826991881963
2014-04-11 00:55:00,40.0,0.3369814805236928,1,0.8402260524085341,0.8402260524085341,0.8402260524085341
2014-04-11 01:00:00,40.0,0.3366890262302185,1,0.8382491775572488,0.8382491775572488,0.8382491775572488
2014-04-11 01:05:00,40.0,0.3363889603620268,1,0.8362519138462476,0.8362519138462476,0.8362519138462476
2014-04-11 01:10:00,40.0,0.33609200398073924,1,0.8342341003245777,0.8342341003245777,0.8342341003245777
2014-04-11 01:15:00,40.0,0.33580016571892024,1,0.8321955759080353,0.8321955759080353,0.8321955759080353
2014-04-11 01:20:00,40.0,0.3354994511831074,1,0.8301361794095041,0.8301361794095041,0.8301361794095041
2014-04-11 01:25:00,40.0,0.3351994502343571,1,0.8280557495700246,0.8280557495700246,0.8280557495700246
2014-04-11 01:30:00,40.0,0.334904594464334,1,0.8259541250906071,0.8259541250906071,0.8259541250906071
2014-04-11 01:35:00,40.0,0.3346064249540308,1,0.8238311446647932,0.8238311446647932,0.8238311446647932
2014-04-11 01:40:00,40.0,0.33431621500555525,1,0.8216866470119677,0.8216866470119677,0.8216866470119677
2014-04-11 01:45:00,40.0,0.3340241291070631,1,0.8195204709114312,0.8195204709114312,0.8195204709114312
2014-04-11 01:50:00,40.0,0.33373539737270524,1,0.8173324552372371,0.8173324552372371,0.8173324552372371
2014-04-11 01:55:00,40.0,0.33344228445806084,1,0.8151224389937965,0.8151224389937965,0.8151224389937965
2014-04-11 02:00:00,40.0,0.33314965297300164,1,0.8128902613522588,0.8128902613522588,0.8128902613522588
2014-04-11 02:05:00,40.0,0.3328610375636118,1,0.8106357616876709,0.8106357616876709,0.810635761687671
2014-04-11 02:10:00,40.0,0.3325662904387573,1,0.8083587796169186,0.8083587796169186,0.8083587796169186
2014-04-11 02:15:00,40.0,0.3322792574153051,1,0.806059155037455,0.806059155037455,0.806059155037455
2014-04-11 02:20:00,40.0,0.331993133337669,1,0.8037367281668191,0.8037367281668191,0.803736728166819
2014-04-11 02:25:00,40.0,0.33170261790736305,1,0.8013913395829477,0.8013913395829477,0.8013913395829477
2014-04-11 02:30:00,40.0,0.3314118297602608,1,0.7990228302652862,0.7990228302652862,0.7990228302652862
2014-04-11 02:35:00,40.0,0.3311223491931502,1,0.796631041636691,0.796631041636691,0.796631041636691
2014-04-11 02:40:00,40.0,0.3308337806430047,1,0.7942158156061396,0.7942158156061396,0.7942158156061396
2014-04-11 02:45:00,40.0,0.3305441123906023,1,0.7917769946122403,0.7917769946122403,0.7917769946122403
2014-04-11 02:50:00,40.0,0.330256935007864,1,0.789314421667541,0.789314421667541,0.789314421667541
2014-04-11 02:55:00,40.0,0.3299663734278459,1,0.7868279404036486,0.7868279404036486,0.7868279404036486
2014-04-11 03:00:00,40.0,0.3296688055626907,1,0.7843173951171457,0.7843173951171457,0.7843173951171457
2014-04-11 03:05:00,40.0,0.32938069803334785,1,0.7817826308163155,0.7817826308163155,0.7817826308163155
2014-04-11 03:10:00,40.0,0.3290860285183291,1,0.779223493268667,0.779223493268667,0.779223493268667
2014-04-11 03:15:00,40.0,0.328798990171691,1,0.7766398290492604,0.7766398290492604,0.7766398290492604
2014-04-11 03:20:00,40.0,0.3285088264651995,1,0.7740314855898331,0.7740314855898331,0.7740314855898331
2014-04-11 03:25:00,40.0,0.3282190303126715,1,0.7713983112287256,0.7713983112287256,0.7713983112287256
2014-04-11 03:30:00,40.0,0.3279203287236258,1,0.7687401552615942,0.7687401552615942,0.7687401552615942
2014-04-11 03:35:00,40.0,0.3276286959802109,1,0.7660568679929197,0.7660568679929197,0.7660568679929197
2014-04-11 03:40:00,40.0,0.3273331093676361,1,0.7633483007882997,0.7633483007882997,0.7633483007882997
2014-04-11 03:45:00,40.0,0.3270385788280131,1,0.7606143061275237,0.7606143061275237,0.7606143061275237
2014-04-11 03:50:00,40.0,0.3267506001225406,1,0.7578547376584189,0.7578547376584189,0.7578547376584189
2014-04-11 03:55:00,40.0,0.3264507530344915,1,0.7550694502514743,0.7550694502514743,0.7550694502514743
2014-04-11 04:00:00,40.0,0.3261592874552973,1,0.7522583000552175,0.7522583000552175,0.7522583000552175
2014-04-11 04:05:00,40.0,0.3258720871313579,1,0.7494211445523552,0.7494211445523552,0.7494211445523552
2014-04-11 04:10:00,40.0,0.3255808096983756,1,0.7465578426166541,0.7465578426166541,0.7465578426166541
2014-04-11 04:15:00,40.0,0.3252887262744426,1,0.7436682545705654,0.7436682545705654,0.7436682545705654
2014-04-11 04:20:00,40.0,0.3250000261048584,1,0.7407522422435732,0.7407522422435732,0.7407522422435732
2014-04-11 04:25:00,40.0,0.3247030538741789,1,0.7378096690312643,0.7378096690312643,0.7378096690312643
2014-04-11 04:30:00,40.0,0.32440983892172953,1,0.7348403999551039,0.7348403999551039,0.7348403999551039
2014-04-11 04:35:00,40.0,0.3241119685129819,1,0.731844301722905,0.731844301722905,0.731844301722905
2014-04-11 04:40:00,40.0,0.32382325364195264,1,0.7288212427899837,0.7288212427899837,0.7288212427899837
2014-04-11 04:45:00,40.0,0.3235192082578267,1,0.7257710934209787,0.7257710934209787,0.7257710934209787
2014-04-11 04:50:00,40.0,0.32322713182757123,1,0.722693725752329,0.722693725752329,0.722693725752329
2014-04-11 04:55:00,40.0,0.3229270320766402,1,0.71958901385539,0.71958901385539,0.71958901385539
2014-04-11 05:00:00,40.0,0.32262554315800035,1,0.7164568338001717,0.7164568338001717,0.7164568338001717
2014-04-11 05:05:00,40.0,0.3223320598599904,1,0.7132970637196852,0.7132970637196852,0.7132970637196852
2014-04-11 05:10:00,40.0,0.3220390549177022,1,0.7101095838748764,0.7101095838748764,0.7101095838748764
2014-04-11 05:15:00,40.0,0.3217449046583141,1,0.7068942767201318,0.7068942767201318,0.7068942767201318
2014-04-11 05:20:00,40.0,0.3214487194737656,1,0.7036510269693328,0.7036510269693328,0.7036510269693328
2014-04-11 05:25:00,40.0,0.3211532510725331,1,0.7003797216624416,0.7003797216624416,0.7003797216624416
2014-04-11 05:30:00,40.0,0.3208490431005751,1,0.6970802502325939,0.6970802502325939,0.6970802502325939
2014-04-11 05:35:00,40.0,0.3205482536116493,1,0.6937525045736829,0.6937525045736829,0.6937525045736829
2014-04-11 05:40:00,40.0,0.3202448965658687,1,0.6903963791084017,0.6903963791084017,0.6903963791084017
2014-04-11 05:45:00,40.0,0.3199489368777792,1,0.6870117708567264,0.6870117708567264,0.6870117708567264
2014-04-11 05:50:00,40.0,0.31963888145288,1,0.6835985795048163,0.6835985795048163,0.6835985795048163
2014-04-11 05:55:00,40.0,0.3193394750540188,1,0.6801567074742983,0.6801567074742983,0.6801567074742983
2014-04-11 06:00:00,40.0,0.3190361678465564,1,0.6766860599919151,0.6766860599919151,0.6766860599919151
2014-04-11 06:05:00,40.0,0.31873697862706346,1,0.6731865451595055,0.6731865451595055,0.6731865451595055
2014-04-11 06:10:00,40.0,0.3184359395364413,1,0.6696580740242903,0.6696580740242903,0.6696580740242903
2014-04-11 06:15:00,40.0,0.3181250788116685,1,0.6661005606494312,0.6661005606494312,0.6661005606494312
2014-04-11 06:20:00,40.0,0.31781283589733905,1,0.6625139221848353,0.6625139221848353,0.6625139221848353
2014-04-11 06:25:00,40.0,0.31749990014181034,1,0.6588980789381682,0.6588980789381682,0.6588980789381682
2014-04-11 06:30:00,40.0,0.31718814220112684,1,0.6552529544460506,0.6552529544460506,0.6552529544460506
2014-04-11 06:35:00,40.0,0.31686841697168,1,0.6515784755453962,0.6515784755453962,0.6515784755453962
2014-04-11 06:40:00,40.0,0.31655538937195593,1,0.6478745724448628,0.6478745724448628,0.6478745724448628
2014-04-11 06:45:00,40.0,0.3162423465688701,1,0.6441411787963764,0.6441411787963764,0.6441411787963764
2014-04-11 06:50:00,40.0,0.3159318736808004,1,0.6403782317666965,0.6403782317666965,0.6403782317666965
2014-04-11 06:55:00,40.0,0.3156230644779212,1,0.6365856721089767,0.6365856721089767,0.6365856721089767
2014-04-11 07:00:00,40.0,0.3153050167808124,1,0.6327634442342944,0.6327634442342944,0.6327634442342944
2014-04-11 07:05:00,40.0,0.3149900631175865,1,0.6289114962830972,0.6289114962830972,0.6289114962830972
2014-04-11 07:10:00,40.0,0.31467008071720903,1,0.6250297801965348,0.6250297801965348,0.6250297801965348
2014-04-11 07:15:00,40.0,0.3143547804040925,1,0.6211182517876314,0.6211182517876314,0.6211182517876314
2014-04-11 07:20:00,40.0,0.3140264221439565,1,0.6171768708122561,0.6171768708122561,0.6171768708122561
2014-04-11 07:25:00,40.0,0.3136935999688141,1,0.6132056010398497,0.6132056010398497,0.6132056010398497
2014-04-11 07:30:00,40.0,0.31337214804583696,1,0.6092044103238629,0.6092044103238629,0.6092044103238629
2014-04-11 07:35:00,40.0,0.3130393501489664,1,0.6051732706718623,0.6051732706718623,0.6051732706718623
2014-04-11 07:40:00,40.0,0.31270439756984403,1,0.6011121583152573,0.6011121583152573,0.6011121583152573
2014-04-11 07:45:00,40.0,0.3123654282851366,1,0.5970210537786002,0.5970210537786002,0.5970210537786002
2014-04-11 07:50:00,40.0,0.3120376370588964,1,0.5928999419484191,0.5928999419484191,0.5928999419484191
2014-04-11 07:55:00,40.0,0.3117000749693573,1,0.5887488121415243,0.5887488121415243,0.5887488121415243
2014-04-11 08:00:00,40.0,0.3113714118082627,1,0.5845676581727497,0.5845676581727497,0.5845676581727497
2014-04-11 08:05:00,40.0,0.3110331135195659,1,0.5803564784220763,0.5803564784220763,0.5803564784220763
2014-04-11 08:10:00,40.0,0.3106914026281747,1,0.5761152759010834,0.5761152759010834,0.5761152759010834
2014-04-11 08:15:00,40.0,0.3103470843887524,1,0.5718440583186863,0.5718440583186863,0.5718440583186863
2014-04-11 08:20:00,40.0,0.31001201658848315,1,0.5675428381460991,0.5675428381460991,0.5675428381460991
2014-04-11 08:25:00,40.0,0.3096616320855701,1,0.5632116326809754,0.5632116326809754,0.5632116326809754
2014-04-11 08:30:00,40.0,0.3093182791299893,1,0.5588504641106776,0.5588504641106776,0.5588504641106776
2014-04-11 08:35:00,40.0,0.30897738460198243,1,0.5544593595746149,0.5544593595746149,0.5544593595746149
2014-04-11 08:40:00,40.0,0.3086274491414402,1,0.5500383512256005,0.5500383512256005,0.5500383512256005
2014-04-11 08:45:00,40.0,0.30826833221095795,1,0.5455874762901751,0.5455874762901751,0.5455874762901751
2014-04-11 08:50:00,40.0,0.3079045652135093,1,0.5411067771278405,0.5411067771278405,0.5411067771278405
2014-04-11 08:55:00,40.0,0.3075432393785435,1,0.5365963012891471,0.5365963012891471,0.5365963012891471
2014-04-11 09:00:00,40.0,0.3071963905254189,1,0.5320561015725854,0.5320561015725854,0.5320561015725854
2014-04-11 09:05:00,40.0,0.30684442927804245,1,0.5274862360802219,0.5274862360802219,0.5274862360802219
2014-04-11 09:10:00,40.0,0.30649156803559424,1,0.5228867682720243,0.5228867682720243,0.5228867682720243
2014-04-11 09:15:00,40.0,0.3061358223093951,1,0.5182577670188254,0.5182577670188254,0.5182577670188254
2014-04-11 09:20:00,40.0,0.3057709935176895,1,0.5135993066538619,0.5135993066538619,0.5135993066538619
2014-04-11 09:25:00,40.0,0.3054046375355702,1,0.50891146702284,0.50891146702284,0.50891146702284
2014-04-11 09:30:00,40.0,0.3050411052975974,1,0.5041943335324683,0.5041943335324683,0.5041943335324683
2014-04-11 09:35:00,40.0,0.3046560436601534,1,0.4994479971974034,0.4994479971974034,0.4994479971974034
2014-04-11 09:40:00,40.0,0.30427448627515064,1,0.4946725546855511,0.4946725546855511,0.4946725546855511
2014-04-11 09:45:00,40.0,0.3038852809236201,1,0.4898681083616727,0.4898681083616727,0.48986810836167266
2014-04-11 09:50:00,40.0,0.3035036598959616,1,0.4850347663292345,0.4850347663292345,0.4850347663292345
2014-04-11 09:55:00,40.0,0.3031179266832923,1,0.4801726424704514,0.4801726424704514,0.4801726424704514
2014-04-11 10:00:00,40.0,0.3031501199260295,1,0.4752818564844686,0.4752818564844686,0.47528185648446863
2014-04-11 10:05:00,40.0,0.3030242490327844,1,0.4703625339236247,0.4703625339236247,0.4703625339236247
2014-04-11 10:10:00,40.0,0.3029966529179122,1,0.4654148062277484,0.4654148062277484,0.4654148062277484
2014-04-11 10:15:00,40.0,0.3031270722493887,1,0.4604388107564298,0.4604388107564298,0.4604388107564298
2014-04-11 10:20:00,40.0,0.3032848659277099,1,0.455434690819219,0.455434690819219,0.455434690819219
2014-04-11 10:25:00,40.0,0.3034478726579822,1,0.4504025957036969,0.4504025957036969,0.4504025957036969
2014-04-11 10:30:00,40.0,0.3035770719099598,1,0.4453426807013693,0.4453426807013693,0.44534268070136934
2014-04-11 10:35:00,40.0,0.3036882047787757,1,0.4402551071313345,0.44025510713133453,0.44025510713133464
2014-04-11 10:40:00,40.0,0.30385554641908,1,0.4351400423616745,0.4351400423616745,0.43514004236167453
2014-04-11 10:45:00,40.0,0.3040064539983056,1,0.4299976598285201,0.42999765982852006,0.42999765982852
2014-04-11 10:50:00,40.0,0.3041500345227504,1,0.4248281390527473,0.4248281390527473,0.4248281390527473
2014-04-11 10:55:00,40.0,0.3043022848643586,1,0.4196316656542544,0.4196316656542544,0.4196316656542544
2014-04-11 11:00:00,40.0,0.3044011476021815,1,0.4144084313637784,0.4144084313637784,0.41440843136377836
2014-04-11 11:05:00,40.0,0.3045974300964029,1,0.4091586340322027,0.4091586340322027,0.4091586340322027
2014-04-11 11:10:00,40.0,0.30480307575654275,1,0.4038824776373215,0.4038824776373215,0.4038824776373215
2014-04-11 11:15:00,40.0,0.3050087758705736,1,0.3985801722880095,0.3985801722880095,0.3985801722880095
2014-04-11 11:20:00,40.0,0.3052435804195976,1,0.3932519342257687,0.3932519342257687,0.39325193422576865
2014-04-11 11:25:00,40.0,0.305451750543992,1,0.3878979858236054,0.3878979858236054,0.3878979858236054
2014-04-11 11:30:00,40.0,0.305734260795376,1,0.3825185555822051,0.3825185555822051,0.3825185555822051
2014-04-11 11:35:00,40.0,0.3059888064408349,1,0.3771138781233721,0.3771138781233721,0.3771138781233721
2014-04-11 11:40:00,40.0,0.3062220832872027,1,0.3716841941806945,0.3716841941806945,0.3716841941806945
2014-04-11 11:45:00,40.0,0.3064243425802735,1,0.3662297505874148,0.3662297505874148,0.36622975058741475
2014-04-11 11:50:00,40.0,0.3066834454935724,1,0.360750800261461,0.360750800261461,0.360750800261461
2014-04-11 11:55:00,40.0,0.3068923104953406,1,0.3552476021876271,0.3552476021876271,0.3552476021876271
2014-04-11 12:00:00,40.0,0.30717038557781073,1,0.34972042139686466,0.34972042139686466,0.34972042139686466
2014-04-11 12:05:00,40.0,0.3074815732119615,1,0.34416952894267044,0.34416952894267044,0.34416952894267044
2014-04-11 12:10:00,40.0,0.30776450992318816,1,0.3385952018745433,0.3385952018745433,0.3385952018745433
2014-04-11 12:15:00,40.0,0.3080029378102104,1,0.33299772320849513,0.33299772320849513,0.33299772320849513
2014-04-11 12:20:00,40.0,0.3083177588534656,1,0.32737738189459553,0.32737738189459553,0.32737738189459553
2014-04-11 12:25:00,40.0,0.3085774606162928,1,0.3217344727815377,0.3217344727815377,0.3217344727815377
2014-04-11 12:30:00,40.0,0.3088283217560231,1,0.3160692965782133,0.3160692965782133,0.3160692965782133
2014-04-11 12:35:00,40.0,0.30911022930421034,1,0.3103821598122818,0.3103821598122818,0.3103821598122818
2014-04-11 12:40:00,40.0,0.3094494532230421,1,0.3046733747857349,0.3046733747857349,0.3046733747857349
2014-04-11 12:45:00,40.0,0.3097139080590828,1,0.29894325952744194,0.29894325952744194,0.29894325952744194
2014-04-11 12:50:00,40.0,0.31005569070080136,1,0.2931921377426781,0.2931921377426781,0.2931921377426781
2014-04-11 12:55:00,40.0,0.3102934232169983,1,0.28742033875963485,0.28742033875963485,0.28742033875963485
2014-04-11 13:00:00,40.0,0.31053591550296944,1,0.28162819747291545,0.28162819747291545,0.28162819747291545
2014-04-11 13:05:00,40.0,0.3108627425012826,1,0.2758160542840167,0.2758160542840167,0.2758160542840167
2014-04-11 13:10:00,40.0,0.31112634488078394,1,0.2699842550388072,0.2699842550388072,0.2699842550388072
2014-04-11 13:15:00,40.0,0.31140761808108425,1,0.2641331509620158,0.2641331509620158,0.2641331509620158
2014-04-11 13:20:00,40.0,0.3116671755872408,1,0.2582630985887322,0.2582630985887322,0.2582630985887322
2014-04-11 13:25:00,40.0,0.3119537152456007,1,0.252374459692948,0.252374459692948,0.25237445969294797
2014-04-11 13:30:00,40.0,0.31223517458185485,1,0.2464676012131465,0.24646760121314654,0.24646760121314656
2014-04-11 13:35:00,40.0,0.3125799029634643,1,0.2405428951749678,0.2405428951749678,0.2405428951749678
2014-04-11 13:40:00,40.0,0.3129227850929777,1,0.23460071861096804,0.234600718610968,0.23460071861096796
2014-04-11 13:45:00,40.0,0.3133041323585304,1,0.2286414534775041,0.22864145347750414,0.22864145347750417
2014-04-11 13:50:00,40.0,0.3136563790874357,1,0.22266548656877025,0.22266548656877025,0.22266548656877022
2014-04-11 13:55:00,40.0,0.3140074700224213,1,0.2166732094280142,0.2166732094280142,0.2166732094280142
2014-04-11 14:00:00,40.0,0.3143615296732891,1,0.21066501825597675,0.21066501825597675,0.21066501825597675
2014-04-11 14:05:00,40.0,0.3147477827709072,1,0.20464131381658104,0.20464131381658104,0.204641313816581
2014-04-11 14:10:00,40.0,0.3150515387040105,1,0.19860250133992088,0.19860250133992088,0.19860250133992086
2014-04-11 14:15:00,40.0,0.3153579700556325,1,0.1925489904225829,0.1925489904225829,0.19254899042258292
2014-04-11 14:20:00,40.0,0.3157324250064756,1,0.186481194925352,0.186481194925352,0.186481194925352
2014-04-11 14:25:00,40.0,0.3160332861385541,1,0.18039953286834767,0.18039953286834767,0.18039953286834767
2014-04-11 14:30:00,40.0,0.31644083470734996,1,0.1743044263236369,0.1743044263236369,0.1743044263236369
2014-04-11 14:35:00,40.0,0.3167936291262595,1,0.16819630130538565,0.16819630130538565,0.16819630130538563
2014-04-11 14:40:00,40.0,0.31711319259054704,1,0.16207558765759209,0.16207558765759209,0.16207558765759209
2014-04-11 14:45:00,40.0,0.317510416582742,1,0.15594271893947198,0.15594271893947198,0.155942718939472
2014-04-11 14:50:00,40.0,0.3178375660586075,1,0.14979813230854594,0.14979813230854594,0.14979813230854594
2014-04-11 14:55:00,40.0,0.31827353787825746,1,0.14364226840149824,0.14364226840149824,0.14364226840149824
2014-04-11 15:00:00,40.0,0.3187182178091093,1,0.13747557121286946,0.13747557121286946,0.13747557121286946
2014-04-11 15:05:00,40.0,0.3191147029608146,1,0.13129848797164873,0.13129848797164873,0.13129848797164873
2014-04-11 15:10:00,40.0,0.3194232834374383,1,0.12511146901584005,0.12511146901584005,0.12511146901584005
2014-04-11 15:15:00,40.0,0.3197587654420101,1,0.11891496766506784,0.11891496766506784,0.11891496766506783
2014-04-11 15:20:00,40.0,0.3201398468484701,1,0.11270944009130154,0.11270944009130154,0.11270944009130157
2014-04-11 15:25:00,40.0,0.3205842019742089,1,0.1064953451877711,0.1064953451877711,0.1064953451877711
2014-04-11 15:30:00,40.0,0.32091633500926664,1,0.10027314443615136,0.10027314443615136,0.10027314443615135
2014-04-11 15:35:00,40.0,0.3212373547325962,1,0.09404330177209816,0.09404330177209816,0.09404330177209817
2014-04-11 15:40:00,40.0,0.32155571191121696,1,0.08780628344921383,0.08780628344921383,0.08780628344921383
2014-04-11 15:45:00,40.0,0.3219534343730615,1,0.0815625579015272,0.0815625579015272,0.0815625579015272
2014-04-11 15:50:00,40.0,0.3224264415791809,1,0.07531259560457138,0.07531259560457138,0.07531259560457138
2014-04-11 15:55:00,40.0,0.32274885563931793,1,0.0690568689351484,0.0690568689351484,0.0690568689351484
2014-04-11 16:00:00,40.0,0.32310462548909114,1,0.06279585202986493,0.06279585202986493,0.06279585202986492
2014-04-11 16:05:00,40.0,0.32355517819861257,1,0.0565300206425305,0.0565300206425305,0.056530020642530494
2014-04-11 16:10:00,40.0,0.3240379733886573,1,0.050259852000507615,0.050259852000507615,0.05025985200050762
2014-04-11 16:15:00,40.0,0.324523758837243,1,0.043985824660106636,0.043985824660106636,0.04398582466010664
2014-04-11 16:20:00,40.0,0.3250117644869144,1,0.03770841836111443,0.03770841836111443,0.03770841836111443
2014-04-11 16:25:00,40.0,0.3253736826419095,1,0.03142811388055588,0.03142811388055588,0.03142811388055588
2014-04-11 16:30:00,40.0,0.3257925767147395,1,0.025145392885776344,0.025145392885776344,0.025145392885776344
2014-04-11 16:35:00,40.0,0.32634210092190835,1,0.018860737786947083,0.018860737786947083,0.018860737786947083
2014-04-11 16:40:00,40.0,0.32690173976206793,1,0.012574631589081594,0.012574631589081594,0.012574631589081594
2014-04-11 16:45:00,40.0,0.3273837022964149,1,0.0062875577436667185,0.0062875577436667185,0.0062875577436667185
2014-04-11 16:50:00,40.0,0.3278964077765256,0,-0.0006840707832492387,-0.0013681415664984775,-0.0006840707832492387
2014-04-11 16:55:00,40.0,0.3284736247682619,0,-0.001368088657327563,-0.002736177314655126,-0.001368088657327563
2014-04-11 17:00:00,40.0,0.32894289939381915,0,-0.002052000729431823,-0.004104001458863646,-0.002052000729431823
2014-04-11 17:05:00,40.0,0.32934746001675025,0,-0.002735754139483409,-0.0054715082789668175,-0.0027357541394834083
2014-04-11 17:10:00,40.0,0.32988037767942263,0,-0.0034192960764637217,-0.006838592152927443,-0.0034192960764637217
2014-04-11 17:15:00,40.0,0.3304947551173639,0,-0.00410257379471745,-0.0082051475894349,-0.00410257379471745
2014-04-11 17:20:00,40.0,0.3310532056436737,0,-0.004785534630212789,-0.009571069260425578,-0.004785534630212789
2014-04-11 17:25:00,40.0,0.3316484653981534,0,-0.005468126016748171,-0.010936252033496342,-0.005468126016748171
2014-04-11 17:30:00,40.0,0.3321556016303933,0,-0.006150295502094846,-0.012300591004189692,-0.006150295502094846
2014-04-11 17:35:00,40.0,0.3325882433343129,0,-0.006831990764064906,-0.013663981528129813,-0.0068319907640649056
2014-04-11 17:40:00,40.0,0.33304400898024633,0,-0.007513159626494172,-0.015026319252988344,-0.007513159626494172
2014-04-11 17:45:00,40.0,0.33372580298390897,0,-0.00819375007512969,-0.01638750015025938,-0.00819375007512969
2014-04-11 17:50:00,40.0,0.3342831382353276,0,-0.008873710273411748,-0.017747420546823496,-0.008873710273411748
2014-04-11 17:55:00,40.0,0.3347202455489681,0,-0.009552988578140027,-0.019105977156280058,-0.00955298857814003
2014-04-11 18:00:00,40.0,0.3354291184764407,0,-0.0102315335550143,-0.0204630671100286,-0.010231533555014301
2014-04-11 18:05:00,40.0,0.3360161332393133,0,-0.01090929399403924,-0.02181858798807848,-0.010909293994039239
2014-04-11 18:10:00,40.0,0.33671619637528577,0,-0.011586218924784527,-0.02317243784956905,-0.011586218924784526
2014-04-11 18:15:00,40.0,0.3373413822461772,0,-0.012262257631489849,-0.024524515262979697,-0.012262257631489849
2014-04-11 18:20:00,40.0,0.3378436983743225,0,-0.012937359668006056,-0.025874719336012115,-0.012937359668006057
2014-04-11 18:25:00,40.0,0.3385111144246797,0,-0.01361147487256308,-0.02722294974512616,-0.013611474872563081
2014-04-11 18:30:00,40.0,0.3393213003548454,0,-0.014284553382355382,-0.028569106764710764,-0.014284553382355382
2014-04-11 18:35:00,40.0,0.3398323663018408,0,-0.014956545647936796,-0.029913091295873592,-0.014956545647936796
2014-04-11 18:40:00,40.0,0.3406197295875153,0,-0.01562740244741557,-0.03125480489483114,-0.01562740244741557
2014-04-11 18:45:00,40.0,0.3412151007774919,0,-0.016297074900441376,-0.03259414980088275,-0.016297074900441376
2014-04-11 18:50:00,40.0,0.3418746981240997,0,-0.01696551448197658,-0.03393102896395316,-0.01696551448197658
2014-04-11 18:55:00,40.0,0.3425395543927923,0,-0.017632673035843274,-0.03526534607168655,-0.017632673035843274
2014-04-11 19:00:00,40.0,0.3434160593536721,0,-0.018298502788038767,-0.036597005576077535,-0.01829850278803877
2014-04-11 19:05:00,40.0,0.3430638992656292,0,-0.018962956359812055,-0.037925912719624116,-0.01896295635981206
2014-04-11 19:10:00,40.0,0.34271219007759385,0,-0.019625986780494115,-0.03925197356098823,-0.019625986780494115
2014-04-11 19:15:00,40.0,0.3423609043616257,0,-0.02028754750007496,-0.04057509500014991,-0.020287547500074957
2014-04-11 19:20:00,40.0,0.3420100145861549,0,-0.020947592401521064,-0.04189518480304213,-0.020947592401521064
2014-04-11 19:25:00,40.0,0.3416594930730149,0,-0.02160607581282669,-0.04321215162565339,-0.021606075812826694
2014-04-11 19:30:00,40.0,0.3413093120072065,0,-0.02226295251879283,-0.04452590503758566,-0.02226295251879283
2014-04-11 19:35:00,40.0,0.3409594434079497,0,-0.0229181777725284,-0.0458363555450568,-0.0229181777725284
2014-04-11 19:40:00,40.0,0.3406098591342533,0,-0.023571707306667567,-0.047143414613335134,-0.023571707306667567
2014-04-11 19:45:00,40.0,0.34026053084529784,0,-0.02422349734429852,-0.04844699468859704,-0.02422349734429852
2014-04-11 19:50:00,40.0,0.33991143000695945,0,-0.024873504609598404,-0.049747009219196815,-0.024873504609598404
2014-04-11 19:55:00,40.0,0.33956252785827257,0,-0.0255216863381698,-0.0510433726763396,-0.0255216863381698
2014-04-11 20:00:00,40.0,0.33921379539552404,0,-0.02616800028707451,-0.05233600057414901,-0.026168000287074507
2014-04-11 20:05:00,40.0,0.3388258496091465,0,-0.026812404744560432,-0.053624809489120864,-0.026812404744560432
2014-04-11 20:10:00,40.0,0.3384360104651491,0,-0.027454858539477912,-0.05490971707895583,-0.027454858539477912
2014-04-11 20:15:00,40.0,0.33804687421513563,0,-0.02809532105038195,-0.0561906421007639,-0.02809532105038195
2014-04-11 20:20:00,40.0,0.3376572490292412,0,-0.028733752214317194,-0.05746750442863439,-0.028733752214317194
2014-04-11 20:25:00,40.0,0.33726592030604896,0,-0.029370112535282832,-0.05874022507056568,-0.029370112535282832
2014-04-11 20:30:00,40.0,0.3368750035236951,0,-0.0300043630923749,-0.0600087261847498,-0.0300043630923749
2014-04-11 20:35:00,40.0,0.3364832097517917,0,-0.03063646554760342,-0.06127293109520684,-0.03063646554760342
2014-04-11 20:40:00,40.0,0.33608899347281923,0,-0.03126638215338303,-0.06253276430676606,-0.03126638215338303
2014-04-11 20:45:00,40.0,0.33569447397046626,0,-0.03189407575969465,-0.06378815151938931,-0.031894075759694655
2014-04-11 20:50:00,40.0,0.33529950817969745,0,-0.032519509820917517,-0.06503901964183505,-0.03251950982091752
2014-04-11 20:55:00,40.0,0.3349022904647673,0,-0.033142648402330034,-0.06628529680466007,-0.033142648402330034
2014-04-11 21:00:00,40.0,0.3345031553992421,0,-0.033763456186278955,-0.06752691237255791,-0.033763456186278955
2014-04-11 21:05:00,40.0,0.3341008703960667,0,-0.03438189847801616,-0.06876379695603232,-0.03438189847801616
2014-04-11 21:10:00,40.0,0.33369730812777315,0,-0.03499794121120306,-0.06999588242240612,-0.03499794121120306
2014-04-11 21:15:00,40.0,0.3332914828497552,0,-0.035611550953082424,-0.07122310190616485,-0.035611550953082424
2014-04-11 21:20:00,40.0,0.3328837508613319,0,-0.03622269490931828,-0.07244538981863656,-0.03622269490931828
2014-04-11 21:25:00,40.0,0.3324740197293937,0,-0.036831340928504264,-0.07366268185700853,-0.036831340928504264
2014-04-11 21:30:00,40.0,0.332062329380437,0,-0.037437457506341296,-0.07487491501268259,-0.037437457506341296
2014-04-11 21:35:00,40.0,0.3316487879411236,0,-0.038041013789486114,-0.07608202757897223,-0.038041013789486114
2014-04-11 21:40:00,40.0,0.3312323635488456,0,-0.03864197957907154,-0.07728395915814305,-0.03864197957907153
2014-04-11 21:45:00,40.0,0.3308133441412723,0,-0.03924032533390047,-0.07848065066780094,-0.03924032533390047
2014-04-11 21:50:00,40.0,0.3303916946402028,0,-0.03983602217331563,-0.07967204434663126,-0.03983602217331563
2014-04-11 21:55:00,40.0,0.32996757171801644,0,-0.04042904187974671,-0.08085808375949341,-0.040429041879746705
2014-04-11 22:00:00,40.0,0.32954065387758463,0,-0.041019356900937935,-0.08203871380187587,-0.04101935690093794
2014-04-11 22:05:00,40.0,0.32910995981077545,0,-0.041606940351858274,-0.08321388070371655,-0.041606940351858274
2014-04-11 22:10:00,40.0,0.3286756375088383,0,-0.042191766016297136,-0.08438353203259429,-0.04219176601629714
2014-04-11 22:15:00,40.0,0.3282377482364159,0,-0.04277380834814901,-0.08554761669629803,-0.04277380834814901
2014-04-11 22:20:00,40.0,0.32779599392843456,0,-0.04335304247238959,-0.08670608494477917,-0.04335304247238959
2014-04-11 22:25:00,40.0,0.3273500966760735,0,-0.04392944418574785,-0.0878588883714957,-0.04392944418574785
2014-04-11 22:30:00,40.0,0.32689995034194297,0,-0.044502989957076695,-0.08900597991415339,-0.044502989957076695
2014-04-11 22:35:00,40.0,0.3264447596893709,0,-0.045073656927426896,-0.0901473138548538,-0.045073656927426896
2014-04-11 22:40:00,40.0,0.3259845524386428,0,-0.04564142290982782,-0.09128284581965564,-0.04564142290982782
2014-04-11 22:45:00,40.0,0.3255190308108092,0,-0.04620626638877949,-0.09241253277755897,-0.04620626638877948
2014-04-11 22:50:00,40.0,0.32504835319873177,0,-0.04676816651946007,-0.09353633303892013,-0.04676816651946006
2014-04-11 22:55:00,40.0,0.3245711711551458,0,-0.047327103126653634,-0.09465420625330727,-0.04732710312665364
2014-04-11 23:00:00,-8.0,0.5113345071439354,0,-0.04788305670340276,-0.09576611340680552,-0.04788305670340276
2014-04-11 23:05:00,-8.0,0.5131782420386303,0,-0.04843600840939048,-0.09687201681878096,-0.04843600840939048
2014-04-11 23:10:00,-8.0,0.515270167614356,0,-0.04898594006905727,-0.09797188013811453,-0.04898594006905727
2014-04-11 23:15:00,-8.0,0.5172263288805894,0,-0.049532834169457536,-0.09906566833891507,-0.049532834169457536
2014-04-11 23:20:00,-8.0,0.5195182272002484,0,-0.050076673857861034,-0.10015334771572207,-0.050076673857861034
2014-04-11 23:25:00,-8.0,0.5218459573464932,0,-0.050617442939104716,-0.10123488587820943,-0.05061744293910472
2014-04-11 23:30:00,-8.0,0.5239025542957464,0,-0.05115512587270017,-0.10231025174540033,-0.05115512587270016
2014-04-11 23:35:00,-8.0,0.5258787856570886,0,-0.051689707769702366,-0.10337941553940473,-0.05168970776970236
2014-04-11 23:40:00,-8.0,0.5281296071995512,0,-0.052221174389345364,-0.10444234877869073,-0.052221174389345364
2014-04-11 23:45:00,-8.0,0.5305003212991114,0,-0.05274951213545048,-0.10549902427090097,-0.052749512135450476
2014-04-11 23:50:00,-8.0,0.5327830000653986,0,-0.05327470805261297,-0.10654941610522596,-0.053274708052612973
2014-04-11 23:55:00,-8.0,0.5354124956239213,0,-0.0537967498221729,-0.1075934996443458,-0.0537967498221729
2014-04-12 00:00:00,-20.700042770699998,0.6074404758454355,0,-0.05431562575797611,-0.10863125151595222,-0.05431562575797611
2014-04-12 00:05:00,-18.381303392,0.5945517174443842,0,-0.05483132480193144,-0.10966264960386288,-0.05483132480193144
2014-04-12 00:10:00,-18.74812892,0.5971670990863753,0,-0.055343836519369936,-0.11068767303873987,-0.05534383651936994
2014-04-12 00:15:00,-20.6538403925,0.6075218211280183,0,-0.05585315109421235,-0.1117063021884247,-0.05585315109421235
2014-04-12 00:20:00,-19.9066819846,0.6032507232245775,0,-0.056359259323950785,-0.11271851864790156,-0.056359259323950785
2014-04-12 00:25:00,-20.945190664800002,0.609382077388828,0,-0.056862152614450885,-0.11372430522890177,-0.05686215261445089
2014-04-12 00:30:00,-19.1231551957,0.5994266548950932,0,-0.057361822974580326,-0.11472364594916068,-0.05736182297458033
2014-04-12 00:35:00,-20.6316701474,0.608313629174581,0,-0.05785826301067014,-0.11571652602134028,-0.05785826301067014
2014-04-12 00:40:00,-18.7078406721,0.5979685986639319,0,-0.0583514659208146,-0.1167029318416292,-0.058351465920814596
2014-04-12 00:45:00,-20.174841053399998,0.6065215652199161,0,-0.058841425489016275,-0.11768285097803255,-0.05884142548901628
2014-04-12 00:50:00,-21.8311983662,0.6154960120720361,0,-0.059328136079182026,-0.11865627215836408,-0.05932813607918203
2014-04-12 00:55:00,-20.512888929200003,0.6074905978001401,0,-0.05981159262897615,-0.1196231852579523,-0.05981159262897615
2014-04-12 01:00:00,-18.19997447,0.5948388111381893,0,-0.0602917906435369,-0.1205835812870738,-0.0602917906435369
2014-04-12 01:05:00,-21.955048550900003,0.6075016497417716,0,-0.060768726189062434,-0.12153745237812487,-0.060768726189062434
2014-04-12 01:10:00,-18.6274653186,0.5820281905933217,0,-0.06124239588627209,-0.12248479177254418,-0.06124239588627209
2014-04-12 01:15:00,-20.872276410799998,0.5870504259469826,0,-0.06171279690374915,-0.1234255938074983,-0.06171279690374915
2014-04-12 01:20:00,-20.130120156300002,0.5764560491285861,0,-0.062179926951171215,-0.12435985390234244,-0.062179926951171215
2014-04-12 01:25:00,-19.177442751199997,0.5654586569657979,0,-0.06264378427243368,-0.12528756854486736,-0.06264378427243368
2014-04-12 01:30:00,-18.7092419417,0.5575005005726374,0,-0.06310436763867276,-0.12620873527734552,-0.06310436763867276
2014-04-12 01:35:00,-18.7108094571,0.5522633777823435,0,-0.06356167634119342,-0.12712335268238684,-0.06356167634119343
2014-04-12 01:40:00,-21.4335987248,0.5603085329536933,0,-0.06401571018430835,-0.1280314203686167,-0.06401571018430835
2014-04-12 01:45:00,-21.4916500567,0.5551970172035959,0,-0.06446646947809342,-0.12893293895618685,-0.06446646947809342
2014-04-12 01:50:00,-19.860582086500003,0.5424875317372294,0,-0.06491395503106552,-0.12982791006213107,-0.06491395503106553
2014-04-12 01:55:00,-18.4144858517,0.5313066924262976,0,-0.06535816814278825,-0.1307163362855765,-0.06535816814278825
2014-04-12 02:00:00,-21.5366604154,0.5414196166514024,0,-0.06579911059641068,-0.13159822119282136,-0.06579911059641068
2014-04-12 02:05:00,-19.9480659447,0.5298299716668264,0,-0.06623678465114545,-0.1324735693022909,-0.06623678465114545
2014-04-12 02:10:00,-19.755049691500002,0.5249905788914071,0,-0.06667119303469042,-0.13334238606938084,-0.06667119303469042
2014-04-12 02:15:00,-19.629428097799998,0.5206532578181704,0,-0.06710233893560026,-0.13420467787120052,-0.06710233893560026
2014-04-12 02:20:00,-19.4600566954,0.5163047242884239,0,-0.0675302259956123,-0.1350604519912246,-0.0675302259956123
2014-04-12 02:25:00,-20.1040216144,0.5156049928294626,0,-0.06795485830193228,-0.13590971660386456,-0.06795485830193228
2014-04-12 02:30:00,-20.4181649064,0.5135077230027998,0,-0.06837624037948464,-0.13675248075896929,-0.06837624037948464
2014-04-12 02:35:00,-19.865728814300002,0.5078550732610206,0,-0.0687943771831328,-0.1375887543662656,-0.0687943771831328
2014-04-12 02:40:00,-21.5865926538,0.5118240379384104,0,-0.06920927408987357,-0.13841854817974714,-0.06920927408987357
2014-04-12 02:45:00,-19.2706449141,0.4990763220864449,0,-0.06962093689101087,-0.13924187378202174,-0.06962093689101088
2014-04-12 02:50:00,-20.313247427100002,0.5004551198235018,0,-0.07002937178431337,-0.14005874356862674,-0.07002937178431337
2014-04-12 02:55:00,-19.1998156808,0.4931087433968624,0,-0.0704345853661603,-0.1408691707323206,-0.0704345853661603
2014-04-12 03:00:00,-21.0134000952,0.4976588561215983,0,-0.07083658462368038,-0.14167316924736076,-0.07083658462368038
2014-04-12 03:05:00,-18.4084843973,0.4846306574214447,0,-0.07123537692688746,-0.14247075385377492,-0.07123537692688746
2014-04-12 03:10:00,-18.7547959872,0.4835896291550506,0,-0.07163097002081774,-0.14326194004163548,-0.07163097002081774
2014-04-12 03:15:00,-21.2048056397,0.4906923643208003,0,-0.07202337201767252,-0.14404674403534504,-0.07202337201767252
2014-04-12 03:20:00,-18.7327903809,0.4786631488185265,0,-0.07241259138897019,-0.14482518277794038,-0.07241259138897019
2014-04-12 03:25:00,-20.5029853848,0.4831602195797996,0,-0.07279863695771176,-0.14559727391542351,-0.07279863695771176
2014-04-12 03:30:00,-21.880973807600004,0.48600109663189,0,-0.07318151789056362,-0.14636303578112725,-0.07318151789056362
2014-04-12 03:35:00,-20.0915624551,0.4768968251547373,0,-0.07356124369006098,-0.14712248738012196,-0.07356124369006098
2014-04-12 03:40:00,-18.7495857854,0.4697676582429376,0,-0.07393782418683592,-0.14787564837367184,-0.07393782418683592
2014-04-12 03:45:00,-19.2827641828,0.4697423764228073,0,-0.07431126953187342,-0.14862253906374687,-0.07431126953187343
2014-04-12 03:50:00,-21.2938323058,0.4750886572440505,0,-0.07468159018879865,-0.1493631803775973,-0.07468159018879865
2014-04-12 03:55:00,-19.4066436525,0.4661489652512468,0,-0.07504879692619866,-0.15009759385239732,-0.07504879692619866
2014-04-12 04:00:00,-20.894045436099997,0.4695951232570155,0,-0.07541290080998223,-0.15082580161996445,-0.07541290080998223
2014-04-12 04:05:00,-21.109400251500002,0.4683867666557159,0,-0.07577391319578003,-0.15154782639156006,-0.07577391319578003
2014-04-12 04:10:00,-20.004731389,0.4625379417367402,0,-0.07613184572138892,-0.15226369144277785,-0.07613184572138892
2014-04-12 04:15:00,-21.1328535375,0.4646965658777261,0,-0.07648671029926256,-0.15297342059852512,-0.07648671029926256
2014-04-12 04:20:00,-19.2676120177,0.4563475980269374,0,-0.0768385191090514,-0.1536770382181028,-0.0768385191090514
2014-04-12 04:25:00,-20.0646385869,0.4574469927324769,0,-0.07718728459019465,-0.1543745691803893,-0.07718728459019465
2014-04-12 04:30:00,-20.7462330559,0.4581088661733444,0,-0.07753301943456667,-0.1550660388691333,-0.07753301943456666
2014-04-12 04:35:00,-18.6722925892,0.44933587102101225,0,-0.07787573657918018,-0.15575147315836035,-0.07787573657918018
2014-04-12 04:40:00,-19.0944878695,0.4492619600514053,0,-0.07821544919894888,-0.15643089839789776,-0.07821544919894888
2014-04-12 04:45:00,-20.6081464136,0.4528633563382736,0,-0.07855217069951123,-0.15710434139902246,-0.07855217069951122
2014-04-12 04:50:00,-20.621440479300002,0.4513285781074984,0,-0.07888591471011784,-0.15777182942023568,-0.07888591471011784
2014-04-12 04:55:00,-19.9732105858,0.4476222299166433,0,-0.07921669507658467,-0.15843339015316935,-0.07921669507658467
2014-04-12 05:00:00,-21.1823414271,0.4501607872721274,0,-0.0795445258543133,-0.1590890517086266,-0.0795445258543133
2014-04-12 05:05:00,-19.928219608,0.4445085124930793,0,-0.07986942130138089,-0.15973884260276178,-0.07986942130138089
2014-04-12 05:10:00,-21.5252890617,0.4483352654223684,0,-0.08019139587170095,-0.1603827917434019,-0.08019139587170095
2014-04-12 05:15:00,-20.9436137235,0.4449563700972026,0,-0.08051046420825693,-0.16102092841651386,-0.08051046420825692
2014-04-12 05:20:00,-19.2587794532,0.4380908803269659,0,-0.08082664113640993,-0.16165328227281986,-0.08082664113640993
2014-04-12 05:25:00,-19.581016033900003,0.4378444305520439,0,-0.08113994165728226,-0.16227988331456453,-0.08113994165728226
2014-04-12 05:30:00,-20.6707467431,0.4400563272698455,0,-0.08145038094121798,-0.16290076188243593,-0.08145038094121797
2014-04-12 05:35:00,-21.5778104753,0.4416313082047533,0,-0.08175797432132167,-0.16351594864264335,-0.08175797432132167
2014-04-12 05:40:00,-18.7148349308,0.4312112081914997,0,-0.08206273728707711,-0.16412547457415422,-0.08206273728707711
2014-04-12 05:45:00,-20.058654155,0.4342836345209873,0,-0.08236468547804618,-0.16472937095609233,-0.08236468547804617
2014-04-12 05:50:00,-18.4751376853,0.4281076237886317,0,-0.08266383467764968,-0.16532766935529936,-0.08266383467764968
2014-04-12 05:55:00,-19.1178206213,0.4290027461704704,0,-0.08296020080703094,-0.16592040161406188,-0.08296020080703094
2014-04-12 06:00:00,-20.7439254372,0.4329364620966685,0,-0.08325379991900267,-0.16650759983800534,-0.08325379991900267
2014-04-12 06:05:00,-18.310938541,0.4242219491005767,0,-0.08354464819207824,-0.16708929638415648,-0.08354464819207824
2014-04-12 06:10:00,-20.6494343276,0.4303779765608465,0,-0.08383276192458806,-0.16766552384917613,-0.08383276192458806
2014-04-12 06:15:00,-21.6032444838,0.4321649196073864,0,-0.08411815752888156,-0.16823631505776313,-0.08411815752888156
2014-04-12 06:20:00,-21.877481164099997,0.4318289062055074,0,-0.08440085152561554,-0.16880170305123107,-0.08440085152561554
2014-04-12 06:25:00,-18.8665288041,0.4214982644827962,0,-0.08468086053812911,-0.1693617210762582,-0.08468086053812911
2014-04-12 06:30:00,-20.995591826400002,0.4269408528131251,0,-0.08495820128690605,-0.1699164025738121,-0.08495820128690605
2014-04-12 06:35:00,-21.7054817948,0.4279978122969724,0,-0.08523289058412464,-0.1704657811682493,-0.08523289058412464
2014-04-12 06:40:00,-18.3654772434,0.4168632386238804,0,-0.08550494532829532,-0.17100989065659067,-0.08550494532829533
2014-04-12 06:45:00,-19.656094434,0.4197804099031476,0,-0.08577438249898676,-0.17154876499797353,-0.08577438249898676
2014-04-12 06:50:00,-21.6776390675,0.4248347537218406,0,-0.08604121915163987,-0.17208243830327974,-0.08604121915163987
2014-04-12 06:55:00,-18.811149993,0.41526701234715796,0,-0.08630547241247055,-0.1726109448249411,-0.08630547241247055
2014-04-12 07:00:00,-21.7350427352,0.4230065867082052,0,-0.0865671594734609,-0.1731343189469218,-0.0865671594734609
2014-04-12 07:05:00,-20.1087682844,0.4171794313829728,0,-0.08682629758743897,-0.17365259517487794,-0.08682629758743898
2014-04-12 07:10:00,-18.399572330199998,0.41122825878935937,0,-0.08708290406324698,-0.17416580812649396,-0.08708290406324698
2014-04-12 07:15:00,-19.799509267,0.4144581802608773,0,-0.08733699626099786,-0.17467399252199572,-0.08733699626099786
2014-04-12 07:20:00,-19.3050447819,0.4121143898272576,0,-0.08758859158742036,-0.1751771831748407,-0.08758859158742036
2014-04-12 07:25:00,-19.1288166422,0.4107315861440055,0,-0.08783770749129192,-0.17567541498258385,-0.08783770749129192
2014-04-12 07:30:00,-20.1659023025,0.4128823403341955,0,-0.08808436145895962,-0.17616872291791927,-0.08808436145895963
2014-04-12 07:35:00,-19.934370763,0.411331905762214,0,-0.08832857100994856,-0.17665714201989713,-0.08832857100994856
2014-04-12 07:40:00,-19.927868638499998,0.4104523111912993,0,-0.08857035369265756,-0.17714070738531512,-0.08857035369265756
2014-04-12 07:45:00,-18.3525669244,0.4050879432364716,0,-0.08880972708014177,-0.17761945416028355,-0.08880972708014177
2014-04-12 07:50:00,-21.2092727241,0.4124821062506721,0,-0.0890467087659816,-0.1780934175319632,-0.0890467087659816
2014-04-12 07:55:00,-19.9257572614,0.4079378107476487,0,-0.08928131636023802,-0.17856263272047607,-0.08928131636023803
2014-04-12 08:00:00,-21.2836233148,0.4109906247770248,0,-0.0895135674854931,-0.1790271349709862,-0.0895135674854931
2014-04-12 08:05:00,-21.2983785662,0.410176503888571,0,-0.08974347977297567,-0.17948695954595134,-0.08974347977297568
2014-04-12 08:10:00,-19.2685412994,0.4035842855706776,0,-0.08997107085877172,-0.17994214171754344,-0.08997107085877172
2014-04-12 08:15:00,-18.0173852152,0.39929940144878734,0,-0.09019635838011834,-0.1803927167602367,-0.09019635838011834
2014-04-12 08:20:00,-21.6449827098,0.4087929809791549,0,-0.09041935997178134,-0.18083871994356268,-0.09041935997178134
2014-04-12 08:25:00,-21.0427787723,0.4062694657292453,0,-0.09064009326251536,-0.18128018652503072,-0.09064009326251536
2014-04-12 08:30:00,-18.4290078273,0.3981587016312214,0,-0.09085857587160596,-0.18171715174321196,-0.09085857587160596
2014-04-12 08:35:00,-20.806908136,0.404092399544883,0,-0.0910748254054932,-0.1821496508109864,-0.0910748254054932
2014-04-12 08:40:00,-18.0800930747,0.3957325286678958,0,-0.09128885945447557,-0.1825777189089512,-0.09128885945447558
2014-04-12 08:45:00,-18.111036276900002,0.3951396364628552,0,-0.09150069558949417,-0.1830013911789884,-0.09150069558949418
2014-04-12 08:50:00,-20.1032929584,0.3999854290652961,0,-0.09171035135899552,-0.18342070271799105,-0.09171035135899552
2014-04-12 08:55:00,-18.3841497169,0.3945089563120185,0,-0.09191784428587307,-0.18383568857174615,-0.09191784428587309
2014-04-12 09:00:00,65.57203826979999,0.43360875848961866,0,-0.09212319186448607,-0.18424638372897212,-0.09212319186448607
2014-04-12 09:05:00,64.72597471979999,0.430471405641628,0,-0.0923264115577551,-0.1846528231155102,-0.0923264115577551
2014-04-12 09:10:00,61.797744375,0.4215698932731377,0,-0.09252752079433356,-0.1850550415886671,-0.09252752079433355
2014-04-12 09:15:00,54.7645076501,0.401558223418766,0,-0.09272653696585403,-0.1854530739317081,-0.09272653696585405
2014-04-12 09:20:00,57.8980230937,0.4098491695692869,0,-0.09292347742424904,-0.18584695484849809,-0.09292347742424904
2014-04-12 09:25:00,58.4606759749,0.4109798187535922,0,-0.09311835947914454,-0.18623671895828908,-0.09311835947914454
2014-04-12 09:30:00,59.770558029899995,0.4141473870932336,0,-0.09331120039532642,-0.18662240079065284,-0.09331120039532642
2014-04-12 09:35:00,56.02683448810001,0.403432869152727,0,-0.09350201739027797,-0.1870040347805559,-0.09350201739027796
2014-04-12 09:40:00,60.9301397136,0.4164801047829743,0,-0.09369082763178796,-0.18738165526357592,-0.09369082763178796
2014-04-12 09:45:00,59.229247774899996,0.4113200989642935,0,-0.0938776482356286,-0.1877552964712572,-0.0938776482356286
2014-04-12 09:50:00,65.36756356069999,0.4276691022684787,0,-0.09406249626330172,-0.18812499252660345,-0.09406249626330172
2014-04-12 09:55:00,65.2343427555,0.4266220053109603,0,-0.09424538871985308,-0.18849077743970613,-0.09424538871985307
2014-04-12 10:00:00,76.9952041212,0.4583248563806207,0,-0.09442634255175307,-0.1888526851035061,-0.09442634255175307
2014-04-12 10:05:00,78.1941099071,0.4603569108544425,0,-0.09460537464484367,-0.1892107492896873,-0.09460537464484367
2014-04-12 10:10:00,70.49450631020001,0.4380179101942744,0,-0.09478250182234982,-0.18956500364469964,-0.09478250182234982
2014-04-12 10:15:00,71.7945132304,0.4406624360799823,0,-0.09495774084295493,-0.18991548168590985,-0.09495774084295491
2014-04-12 10:20:00,82.09087414390001,0.4676527574890617,0,-0.09513110839893917,-0.19026221679787836,-0.09513110839893917
2014-04-12 10:25:00,79.027322028,0.4578622295461877,0,-0.09530262111437993,-0.19060524222875985,-0.09530262111437991
2014-04-12 10:30:00,71.2793389987,0.4358814788293153,0,-0.0954722955434128,-0.1909445910868256,-0.09547229554341279
2014-04-12 10:35:00,77.0671966523,0.450397711318853,0,-0.09564014816855314,-0.19128029633710628,-0.09564014816855314
2014-04-12 10:40:00,82.6083710074,0.4639839648803499,0,-0.0958061953990761,-0.1916123907981522,-0.0958061953990761
2014-04-12 10:45:00,73.6466008137,0.4389307551256319,0,-0.09597045356945502,-0.19194090713891004,-0.09597045356945502
2014-04-12 10:50:00,71.2244697079,0.43170019528813774,0,-0.09613293893785672,-0.19226587787571345,-0.09613293893785672
2014-04-12 10:55:00,82.71878420899999,0.4608670611716051,0,-0.09629366768469302,-0.19258733536938605,-0.09629366768469302
2014-04-12 11:00:00,78.586443307,0.4487346180346792,0,-0.09645265591122726,-0.19290531182245446,-0.09645265591122726
2014-04-12 11:05:00,77.8891132588,0.4458096503122922,0,-0.09660991963823494,-0.19321983927646988,-0.09660991963823494
2014-04-12 11:10:00,75.51826444470001,0.43866563678547615,0,-0.09676547480471767,-0.19353094960943532,-0.09676547480471767
2014-04-12 11:15:00,85.402711072,0.4630221855089542,0,-0.0969193372666692,-0.1938386745333384,-0.09691933726666921
2014-04-12 11:20:00,84.6745695875,0.4597081789946291,0,-0.09707152279589276,-0.19414304559178552,-0.09707152279589276
2014-04-12 11:25:00,77.6633679271,0.4406069683132331,0,-0.0972220470788687,-0.1944440941577374,-0.0972220470788687
2014-04-12 11:30:00,71.76491435359999,0.4249019217249469,0,-0.09737092571567138,-0.1947418514313428,-0.09737092571567138
2014-04-12 11:35:00,78.3549586592,0.4405630479891809,0,-0.09751817421893468,-0.19503634843786932,-0.09751817421893468
2014-04-12 11:40:00,74.1447909826,0.429137447689129,0,-0.09766380801286463,-0.19532761602572926,-0.09766380801286463
2014-04-12 11:45:00,73.5409076712,0.4268555294960981,0,-0.09780784243229898,-0.195615684864598,-0.09780784243229898
2014-04-12 11:50:00,77.5066028124,0.4358248598283131,0,-0.09795029272181197,-0.1959005854436239,-0.09795029272181195
2014-04-12 11:55:00,72.8493786875,0.4235378450301373,0,-0.09809117403486398,-0.19618234806972795,-0.09809117403486398
2014-04-12 12:00:00,87.1447932467,0.4577856825797014,0,-0.09823050143299504,-0.19646100286599008,-0.09823050143299504
2014-04-12 12:05:00,72.6151056547,0.4211175562162216,0,-0.09836828988506097,-0.19673657977012196,-0.09836828988506097
2014-04-12 12:10:00,78.2650702103,0.4340290644743621,0,-0.09850455426651156,-0.1970091085330232,-0.09850455426651158
2014-04-12 12:15:00,74.454036746,0.42398788160353856,0,-0.09863930935871004,-0.19727861871742008,-0.09863930935871004
2014-04-12 12:20:00,82.8549391822,0.4433803658473201,0,-0.09877256984829226,-0.19754513969658447,-0.09877256984829226
2014-04-12 12:25:00,73.1144612211,0.4191113404276538,0,-0.09890435032656572,-0.19780870065313147,-0.09890435032656573
2014-04-12 12:30:00,80.58739140899999,0.4361402776871189,0,-0.09903466528894674,-0.19806933057789347,-0.09903466528894674
2014-04-12 12:35:00,84.2008846754,0.44376739390021097,0,-0.0991635291344352,-0.19832705826887045,-0.09916352913443521
2014-04-12 12:40:00,87.0265554461,0.4493642243613888,0,-0.09929095616512633,-0.19858191233025266,-0.09929095616512633
2014-04-12 12:45:00,83.0100881255,0.4386974390299875,0,-0.09941696058575797,-0.1988339211715159,-0.09941696058575795
2014-04-12 12:50:00,73.4446843859,0.41548529650824,0,-0.0995415565032933,-0.1990831130065866,-0.0995415565032933
2014-04-12 12:55:00,73.26949613779999,0.4144501090957273,0,-0.09966475792653773,-0.19932951585307546,-0.09966475792653771
2014-04-12 13:00:00,83.6720865491,0.4378145501980773,0,-0.09978657876578907,-0.19957315753157812,-0.09978657876578907
2014-04-12 13:05:00,75.4150923719,0.4178460530138072,0,-0.09990703283252073,-0.19981406566504145,-0.09990703283252071
2014-04-12 13:10:00,79.1241666066,0.4256341123455779,0,-0.1000261338390962,-0.2000522676781924,-0.10002613383909621
2014-04-12 13:15:00,87.5908872466,0.44422874713957067,0,-0.10014389539851552,-0.20028779079703105,-0.10014389539851551
2014-04-12 13:20:00,85.084461371,0.4373692698230829,0,-0.10026033102419107,-0.20052066204838212,-0.10026033102419107
2014-04-12 13:25:00,85.5112755193,0.4373348583866949,0,-0.10037545412975372,-0.20075090825950745,-0.10037545412975372
2014-04-12 13:30:00,85.7380095483,0.4368410387984631,0,-0.10048927802888744,-0.20097855605777487,-0.10048927802888744
2014-04-12 13:35:00,81.87996035180001,0.4271849990276276,0,-0.10060181593519198,-0.201203631870384,-0.10060181593519199
2014-04-12 13:40:00,83.8693816047,0.4307872593995673,0,-0.10071308096207317,-0.20142616192414636,-0.10071308096207317
2014-04-12 13:45:00,77.7122772843,0.41625666270359,0,-0.10082308612265954,-0.20164617224531908,-0.10082308612265954
2014-04-12 13:50:00,87.9399495693,0.4382022436984941,0,-0.10093184432974517,-0.2018636886594903,-0.10093184432974515
2014-04-12 13:55:00,76.44336513260001,0.4118981835074809,0,-0.10103936839575753,-0.20207873679151506,-0.10103936839575751
2014-04-12 14:00:00,81.4336032434,0.4221609761156872,0,-0.1011456710327502,-0.2022913420655004,-0.1011456710327502
2014-04-12 14:05:00,76.5068658142,0.4106946860270631,0,-0.10125076485241916,-0.2025015297048384,-0.10125076485241918
2014-04-12 14:10:00,73.78723335800001,0.4042391663269072,0,-0.10135466236614264,-0.20270932473228528,-0.10135466236614264
2014-04-12 14:15:00,81.0748865277,0.4193975493234807,0,-0.10145737598504308,-0.20291475197008615,-0.10145737598504309
2014-04-12 14:20:00,77.6473664476,0.4112958042761638,0,-0.10155891802007162,-0.20311783604014325,-0.10155891802007162
2014-04-12 14:25:00,81.3250017597,0.4185560269002347,0,-0.10165930068211347,-0.20331860136422691,-0.10165930068211347
2014-04-12 14:30:00,80.93238051819999,0.4169912685257219,0,-0.10175853608211408,-0.20351707216422812,-0.10175853608211408
2014-04-12 14:35:00,80.6696535777,0.4157276246503256,0,-0.10185663623122547,-0.20371327246245094,-0.10185663623122548
2014-04-12 14:40:00,73.9669001273,0.4008941403546053,0,-0.10195361304097207,-0.20390722608194414,-0.10195361304097209
2014-04-12 14:45:00,79.0365689582,0.4110514016578111,0,-0.1020494783234352,-0.2040989566468704,-0.10204947832343521
2014-04-12 14:50:00,84.9852636653,0.4229883040517353,0,-0.10214424379145616,-0.20428848758291232,-0.10214424379145616
2014-04-12 14:55:00,77.036132545,0.4054952794776999,0,-0.10223792105885693,-0.20447584211771386,-0.10223792105885693
2014-04-12 15:00:00,79.1000384638,0.4092371330560986,0,-0.10233052164067814,-0.2046610432813563,-0.10233052164067814
2014-04-12 15:05:00,79.9000270242,0.41029361993454144,0,-0.10242205695343354,-0.20484411390686708,-0.10242205695343354
2014-04-12 15:10:00,85.8023281423,0.42197064949486535,0,-0.10251253831538078,-0.20502507663076155,-0.10251253831538078
2014-04-12 15:15:00,82.4882764741,0.41428550695891136,0,-0.10260197694680764,-0.2052039538936153,-0.10260197694680763
2014-04-12 15:20:00,73.6020629055,0.3953683583388174,0,-0.1026903839703333,-0.2053807679406666,-0.1026903839703333
2014-04-12 15:25:00,85.8413622891,0.4200322399169515,0,-0.10277777041122434,-0.20555554082244867,-0.10277777041122434
2014-04-12 15:30:00,85.3116905988,0.4181694373559299,0,-0.10286414719772463,-0.2057282943954493,-0.10286414719772465
2014-04-12 15:35:00,84.0569907562,0.4148516181632307,0,-0.10294952516139896,-0.2058990503227979,-0.10294952516139895
2014-04-12 15:40:00,79.4556569822,0.4047949322142597,0,-0.10303391503748946,-0.20606783007497886,-0.10303391503748946
2014-04-12 15:45:00,84.1193802042,0.41368281691598063,0,-0.1031173274652852,-0.2062346549305704,-0.1031173274652852
2014-04-12 15:50:00,79.6585984443,0.4039866342080849,0,-0.1031997729885034,-0.2063995459770068,-0.10319977298850339
2014-04-12 15:55:00,83.78463597359999,0.4117318213076005,0,-0.10328126205568257,-0.20656252411136514,-0.10328126205568257
2014-04-12 16:00:00,86.08148717790002,0.4156976040598729,0,-0.1033618050205873,-0.2067236100411746,-0.1033618050205873
2014-04-12 16:05:00,86.24838936639999,0.4153128909136515,0,-0.10344141214262316,-0.20688282428524635,-0.10344141214262317
2014-04-12 16:10:00,79.2730035126,0.4006961956894877,0,-0.10352009358726284,-0.20704018717452569,-0.10352009358726283
2014-04-12 16:15:00,85.74920847130002,0.4130303482718774,0,-0.1035978594264816,-0.2071957188529632,-0.10359785942648159
2014-04-12 16:20:00,73.62308249350001,0.38846265260210383,0,-0.10367471963920294,-0.20734943927840588,-0.10367471963920294
2014-04-12 16:25:00,73.6288750666,0.3880765602272852,0,-0.10375068411175313,-0.20750136822350626,-0.10375068411175313
2014-04-12 16:30:00,80.77201267859999,0.40162633359924976,0,-0.10382576263832466,-0.20765152527664926,-0.10382576263832466
2014-04-12 16:35:00,82.42925012090001,0.4043309377491455,0,-0.10389996492144823,-0.20779992984289647,-0.10389996492144823
2014-04-12 16:40:00,74.4476621824,0.38823806344913225,0,-0.10397330057247274,-0.20794660114494548,-0.10397330057247274
2014-04-12 16:45:00,79.5546261413,0.3977167296393313,0,-0.10404577911205314,-0.20809155822410627,-0.10404577911205314
2014-04-12 16:50:00,73.5095674537,0.3855638406592613,0,-0.10411740997064543,-0.2082348199412909,-0.10411740997064545
2014-04-12 16:55:00,81.6333305414,0.4008360236105271,0,-0.10418820248900908,-0.20837640497801815,-0.10418820248900909
2014-04-12 17:00:00,85.68144975189999,0.4081464522692446,0,-0.10425816591871573,-0.20851633183743146,-0.10425816591871573
2014-04-12 17:05:00,83.8021699829,0.4038731918788634,0,-0.1043273094226645,-0.208654618845329,-0.1043273094226645
2014-04-12 17:10:00,78.0526148852,0.3922631363712783,0,-0.10439564207560338,-0.2087912841512068,-0.10439564207560338
2014-04-12 17:15:00,87.9006444897,0.4107142593199107,0,-0.10446317286465626,-0.2089263457293125,-0.10446317286465626
2014-04-12 17:20:00,82.606906755,0.3998816471772247,0,-0.10452991068985544,-0.20905982137971085,-0.10452991068985543
2014-04-12 17:25:00,85.0439205229,0.4039959606411576,0,-0.1045958643646792,-0.2091917287293584,-0.10459586436467919
2014-04-12 17:30:00,82.715105259,0.3989751404479569,0,-0.1046610426165944,-0.2093220852331888,-0.1046610426165944
2014-04-12 17:35:00,87.8306044458,0.4081704158423638,0,-0.10472545408760348,-0.20945090817520692,-0.10472545408760348
2014-04-12 17:40:00,85.14170178479999,0.4024211703774488,0,-0.10478910733479577,-0.2095782146695915,-0.10478910733479575
2014-04-12 17:45:00,80.3107200874,0.3927608300328415,0,-0.10485201083090284,-0.20970402166180568,-0.10485201083090284
2014-04-12 17:50:00,77.8700231686,0.3877449859234695,0,-0.10491417296485774,-0.20982834592971547,-0.10491417296485774
2014-04-12 17:55:00,82.91442420109999,0.3967328898454702,0,-0.1049756020423574,-0.2099512040847148,-0.10497560204235741
2014-04-12 18:00:00,-1.04247742644e-05,0.35467392112980084,0,-0.10503630628642877,-0.21007261257285756,-0.10503630628642877
2014-04-12 18:05:00,-1.05049100104e-05,0.35439674768320306,0,-0.10509629383799736,-0.21019258767599472,-0.10509629383799736
2014-04-12 18:10:00,-9.91848809729e-06,0.3541206202440917,0,-0.1051555727564592,-0.2103111455129184,-0.1051555727564592
2014-04-12 18:15:00,-1.0094e-05,0.3538455288164295,0,-0.1052141510202548,-0.2104283020405096,-0.10521415102025479
2014-04-12 18:20:00,-1.0359e-05,0.3535714597966885,0,-0.10527203652744577,-0.21054407305489156,-0.10527203652744577
2014-04-12 18:25:00,-1.09348524071e-05,0.35329840132858903,0,-0.1053292370962934,-0.2106584741925868,-0.10532923709629341
2014-04-12 18:30:00,-1.07784374635e-05,0.35302633945449746,0,-0.1053857604658392,-0.2107715209316784,-0.1053857604658392
2014-04-12 18:35:00,-9.459e-06,0.35275526146197234,0,-0.10544161429648688,-0.21088322859297376,-0.10544161429648688
2014-04-12 18:40:00,-9.71889510398e-06,0.3524851604045132,0,-0.1054968061705863,-0.2109936123411726,-0.1054968061705863
2014-04-12 18:45:00,-9.270595020610001e-06,0.3522160205322957,0,-0.10555134359301817,-0.2111026871860364,-0.10555134359301818
2014-04-12 18:50:00,-9.232303243139999e-06,0.3519478322855389,0,-0.10560523399178023,-0.21121046798356047,-0.10560523399178023
2014-04-12 18:55:00,-9.675520961030001e-06,0.3516805843718049,0,-0.10565848471857417,-0.2113169694371483,-0.10565848471857416
2014-04-12 19:00:00,-16.9578292042,0.3818760617430488,0,-0.1057111030493932,-0.2114222060987864,-0.1057111030493932
2014-04-12 19:05:00,-17.2951947199,0.3820020325805456,0,-0.10576309618511058,-0.2115261923702212,-0.10576309618511058
2014-04-12 19:10:00,-15.6536607745,0.3785282603143888,0,-0.10581447125206796,-0.211628942504136,-0.10581447125206798
2014-04-12 19:15:00,-16.202237583,0.3790614140159293,0,-0.10586523530266456,-0.21173047060532912,-0.10586523530266456
2014-04-12 19:20:00,-16.6593704587,0.37942258061975737,0,-0.10591539531594578,-0.2118307906318916,-0.10591539531594578
2014-04-12 19:25:00,-17.4493996711,0.3803808670670925,0,-0.10596495819819236,-0.21192991639638475,-0.10596495819819236
2014-04-12 19:30:00,-17.3213853765,0.3796706363880921,0,-0.10601393078350893,-0.21202786156701786,-0.10601393078350892
2014-04-12 19:35:00,-14.5830172374,0.3742778188820291,0,-0.1060623198344122,-0.2121246396688244,-0.10606231983441221
2014-04-12 19:40:00,-15.1941326431,0.374943161474095,0,-0.10611013204241884,-0.21222026408483768,-0.10611013204241883
2014-04-12 19:45:00,-14.557264404000001,0.37337118832958505,0,-0.10615737402863246,-0.2123147480572649,-0.10615737402863246
2014-04-12 19:50:00,-16.3729378429,0.3761898110269857,0,-0.10620405234433007,-0.21240810468866012,-0.10620405234433007
2014-04-12 19:55:00,-16.6735807469,0.37628029273925984,0,-0.1062501734715474,-0.2125003469430948,-0.1062501734715474
2014-04-12 20:00:00,-18.4638086973,0.3790285773829004,0,-0.10629574382366327,-0.21259148764732655,-0.10629574382366329
2014-04-12 20:05:00,-20.5587917658,0.3823023164012043,0,-0.106340769745983,-0.21268153949196605,-0.10634076974598301
2014-04-12 20:10:00,-19.0188013673,0.3790514131667495,0,-0.1063852575163202,-0.2127705150326404,-0.10638525751632019
2014-04-12 20:15:00,-21.1137854684,0.3823114864118988,0,-0.10642921334557742,-0.21285842669115485,-0.10642921334557742
2014-04-12 20:20:00,-17.2815351882,0.3750038863964239,0,-0.1064726433783254,-0.2129452867566508,-0.1064726433783254
2014-04-12 20:25:00,-17.7004408579,0.3753033495926938,0,-0.1065155536933805,-0.213031107386761,-0.1065155536933805
2014-04-12 20:30:00,-18.438886446199998,0.37616316882745626,0,-0.1065579503043806,-0.2131159006087612,-0.1065579503043806
2014-04-12 20:35:00,-17.377949546900002,0.37384285477278695,0,-0.1065998391603592,-0.21319967832071846,-0.10659983916035921
2014-04-12 20:40:00,-20.2841839504,0.3785284996615304,0,-0.10664122614631764,-0.2132824522926353,-0.10664122614631763
2014-04-12 20:45:00,-17.4826440384,0.3731303584291183,0,-0.10668211708379527,-0.2133642341675905,-0.10668211708379526
2014-04-12 20:50:00,-20.156082221800002,0.3773927327445897,0,-0.1067225177314378,-0.2134450354628756,-0.1067225177314378
2014-04-12 20:55:00,-17.4818632547,0.3722446122581227,0,-0.10676243378556337,-0.2135248675711267,-0.10676243378556335
2014-04-12 21:00:00,-18.858821864,0.3742260238360211,0,-0.10680187088072624,-0.2136037417614525,-0.10680187088072625
2014-04-12 21:05:00,-21.194186492,0.3778715215570674,0,-0.10684083459027867,-0.21368166918055734,-0.10684083459027867
2014-04-12 21:10:00,-21.629946216799997,0.3781635393711594,0,-0.1068793304269299,-0.2137586608538598,-0.1068793304269299
2014-04-12 21:15:00,-19.5008406082,0.3739761138895081,0,-0.10691736384330314,-0.21383472768660627,-0.10691736384330314
2014-04-12 21:20:00,-21.7047179,0.3773740311998981,0,-0.10695494023248972,-0.21390988046497947,-0.10695494023248973
2014-04-12 21:25:00,-20.3434635895,0.3745379731028524,0,-0.10699206492860104,-0.21398412985720208,-0.10699206492860104
2014-04-12 21:30:00,-19.5060338464,0.3726414659604066,0,-0.1070287432073175,-0.21405748641463498,-0.1070287432073175
2014-04-12 21:35:00,-21.0415158197,0.3748683215412253,0,-0.10706498028643513,-0.21412996057287026,-0.10706498028643512
2014-04-12 21:40:00,-19.027863646500002,0.37094110544376746,0,-0.10710078132640913,-0.21420156265281826,-0.10710078132640913
2014-04-12 21:45:00,-18.910679643199998,0.3703204147021861,0,-0.10713615143089494,-0.2142723028617899,-0.10713615143089494
2014-04-12 21:50:00,-20.461181266500002,0.3725731444006201,0,-0.10717109564728623,-0.2143421912945725,-0.10717109564728625
2014-04-12 21:55:00,-19.4054539324,0.3703259058250457,0,-0.10720561896725016,-0.21441123793450031,-0.10720561896725016
2014-04-12 22:00:00,-18.5140022476,0.3683829075274697,0,-0.10723972632725946,-0.21447945265451893,-0.10723972632725946
2014-04-12 22:05:00,-18.238628385,0.36751011258036215,0,-0.1072734226091219,-0.2145468452182438,-0.1072734226091219
2014-04-12 22:10:00,-21.1175281298,0.3720364695021188,0,-0.10730671264050637,-0.21461342528101274,-0.10730671264050637
2014-04-12 22:15:00,-20.6705171155,0.37084022243720816,0,-0.1073396011954661,-0.2146792023909322,-0.1073396011954661
2014-04-12 22:20:00,-19.6157574059,0.36861793222041417,0,-0.1073720929949587,-0.2147441859899174,-0.1073720929949587
2014-04-12 22:25:00,-21.5503747015,0.3715099278919256,0,-0.10740419270736312,-0.21480838541472624,-0.10740419270736312
2014-04-12 22:30:00,-19.6119975426,0.3677809441158435,0,-0.10743590494899327,-0.21487180989798654,-0.10743590494899329
2014-04-12 22:35:00,-20.8078360119,0.3694105644398361,0,-0.10746723428460876,-0.2149344685692175,-0.10746723428460875
2014-04-12 22:40:00,-21.6018427808,0.3703455324511306,0,-0.10749818522792187,-0.21499637045584372,-0.10749818522792187
2014-04-12 22:45:00,-21.3286812734,0.3694596707811948,0,-0.10752876224210192,-0.21505752448420384,-0.10752876224210192
2014-04-12 22:50:00,-20.0123480512,0.36681539901808696,0,-0.10755896974027578,-0.21511793948055155,-0.10755896974027578
2014-04-12 22:55:00,-20.6893895139,0.36756173755215865,0,-0.10758881208602533,-0.21517762417205066,-0.10758881208602532
2014-04-12 23:00:00,-19.6483736179,0.3654026538818895,0,-0.10761829359388153,-0.21523658718776306,-0.10761829359388152
2014-04-12 23:05:00,-20.5822002802,0.36658658590168414,0,-0.10764741852981513,-0.21529483705963026,-0.10764741852981513
2014-04-12 23:10:00,-19.0241200894,0.3635699299261528,0,-0.10767619111172404,-0.21535238222344807,-0.10767619111172404
2014-04-12 23:15:00,-19.7326519884,0.36438099463818396,0,-0.10770461550991713,-0.21540923101983425,-0.10770461550991711
2014-04-12 23:20:00,-18.8321547349,0.36248896765259375,0,-0.10773269584759478,-0.21546539169518955,-0.10773269584759478
2014-04-12 23:25:00,-18.146930937,0.3609727546529664,0,-0.10776043620132597,-0.21552087240265197,-0.107760436201326
2014-04-12 23:30:00,-20.3476460746,0.36428848646436135,0,-0.107787840601522,-0.215575681203044,-0.107787840601522
2014-04-12 23:35:00,-21.4508509154,0.3657512157459815,0,-0.10781491303290627,-0.21562982606581255,-0.10781491303290629
2014-04-12 23:40:00,-18.0965203613,0.35975780109575417,0,-0.10784165743498143,-0.2156833148699629,-0.10784165743498145
2014-04-12 23:45:00,-18.778108047899998,0.36053469451463416,0,-0.10786807770249228,-0.21573615540498453,-0.10786807770249227
2014-04-12 23:50:00,-19.834391203499997,0.3619303031852381,0,-0.10789417768588548,-0.21578835537177093,-0.10789417768588547
2014-04-12 23:55:00,-20.6569749228,0.3629285173931508,0,-0.10791996119176593,-0.21583992238353186,-0.10791996119176592
2014-04-13 00:00:00,-18.6849167747,0.35927334254885523,0,-0.10794543198334933,-0.21589086396669865,-0.10794543198334933
2014-04-13 00:05:00,-18.2267793159,0.3584262187329078,0,-0.1079705937809114,-0.2159411875618228,-0.1079705937809114
2014-04-13 00:10:00,-20.0761948709,0.3614083530438405,0,-0.1079954502622336,-0.2159909005244672,-0.1079954502622336
2014-04-13 00:15:00,-21.274838852200002,0.3632982536515028,0,-0.10802000506304522,-0.21604001012609045,-0.10802000506304522
2014-04-13 00:20:00,-18.1409396373,0.3579909608527943,0,-0.10804426177746207,-0.21608852355492414,-0.10804426177746208
2014-04-13 00:25:00,-19.3974778014,0.3599856901099584,0,-0.1080682239584216,-0.2161364479168432,-0.1080682239584216
2014-04-13 00:30:00,-20.654058971199998,0.361972363036021,0,-0.10809189511811444,-0.21618379023622888,-0.10809189511811443
2014-04-13 00:35:00,-18.5229680244,0.3583416043045468,0,-0.10811527872841252,-0.21623055745682507,-0.10811527872841253
2014-04-13 00:40:00,-18.9437871076,0.3589502073250318,0,-0.10813837822129373,-0.21627675644258745,-0.10813837822129373
2014-04-13 00:45:00,-20.1419705751,0.3608393501374035,0,-0.10816119698926274,-0.21632239397852548,-0.10816119698926274
2014-04-13 00:50:00,-21.8129267855,0.3635035696718621,0,-0.10818373838576878,-0.2163674767715376,-0.10818373838576878
2014-04-13 00:55:00,-19.149370473,0.3589851557874497,0,-0.10820600572561948,-0.21641201145123895,-0.10820600572561949
2014-04-13 01:00:00,-19.9501096849,0.3602137090976567,0,-0.10822800228539156,-0.21645600457078312,-0.10822800228539156
2014-04-13 01:05:00,-19.5997234523,0.3596426422641496,0,-0.10824973130383768,-0.21649946260767536,-0.10824973130383769
2014-04-13 01:10:00,-21.5895866881,0.3629179638995595,0,-0.1082711959822902,-0.2165423919645804,-0.10827119598229021
2014-04-13 01:15:00,-18.2875594561,0.3574478303471137,0,-0.10829239948506113,-0.21658479897012226,-0.10829239948506113
2014-04-13 01:20:00,-20.2645903654,0.3607241539654451,0,-0.10831334493983864,-0.2166266898796773,-0.10831334493983863
2014-04-13 01:25:00,-21.3844787968,0.3625710210938897,0,-0.10833403543808036,-0.21666807087616075,-0.10833403543808037
2014-04-13 01:30:00,-21.9524703083,0.3635068772602535,0,-0.10835447403540306,-0.21670894807080607,-0.10835447403540306
2014-04-13 01:35:00,-20.7949019901,0.36156723615906455,0,-0.10837466375196868,-0.21674932750393736,-0.10837466375196868
2014-04-13 01:40:00,-19.519741902699998,0.3594625068167319,0,-0.10839460757286733,-0.21678921514573465,-0.10839460757286731
2014-04-13 01:45:00,-19.6472974101,0.35966559611336546,0,-0.1084143084484966,-0.2168286168969932,-0.1084143084484966
2014-04-13 01:50:00,-19.406728879,0.3592739326350002,0,-0.10843376929493756,-0.2168675385898751,-0.10843376929493755
2014-04-13 01:55:00,-20.4144523992,0.3609568643410033,0,-0.10845299299432727,-0.21690598598865451,-0.10845299299432727
2014-04-13 02:00:00,-20.9576230829,0.361854734137452,0,-0.10847198239522808,-0.21694396479045616,-0.10847198239522808
2014-04-13 02:05:00,-21.2778702544,0.3623594510069226,0,-0.10849074031299333,-0.21698148062598666,-0.10849074031299333
2014-04-13 02:10:00,-19.666372438699998,0.3597058824682936,0,-0.10850926953012993,-0.21701853906025986,-0.10850926953012992
2014-04-13 02:15:00,-20.866834009,0.3616772319935445,0,-0.10852757279665734,-0.21705514559331468,-0.10852757279665734
2014-04-13 02:20:00,-21.6648903681,0.3629964378197999,0,-0.10854565283046357,-0.2170913056609271,-0.10854565283046355
2014-04-13 02:25:00,-21.683299177800002,0.3630129485961985,0,-0.10856351231765744,-0.21712702463531489,-0.10856351231765743
2014-04-13 02:30:00,-20.8161160109,0.3615573191790126,0,-0.10858115391291796,-0.2171623078258359,-0.10858115391291795
2014-04-13 02:35:00,-20.547608771300002,0.3610954840670558,0,-0.10859858023984008,-0.21719716047968016,-0.10859858023984009
2014-04-13 02:40:00,-20.1261043021,0.3603841850283189,0,-0.10861579389127753,-0.21723158778255505,-0.10861579389127751
2014-04-13 02:45:00,-18.7327906727,0.3581021383759529,0,-0.1086327974296819,-0.2172655948593638,-0.1086327974296819
2014-04-13 02:50:00,-18.4945186104,0.35773441310852433,0,-0.10864959338743918,-0.2172991867748784,-0.10864959338743918
2014-04-13 02:55:00,-19.9428440272,0.3601299901717093,0,-0.10866618426720248,-0.21733236853440493,-0.10866618426720247
2014-04-13 03:00:00,-18.6377766248,0.35796848204136816,0,-0.10868257254222176,-0.21736514508444352,-0.10868257254222176
2014-04-13 03:05:00,-20.3079997027,0.36074437541408,0,-0.10869876065667064,-0.21739752131334125,-0.10869876065667063
2014-04-13 03:10:00,-20.5828109212,0.3611946564866535,0,-0.10871475102596956,-0.21742950205193912,-0.10871475102596956
2014-04-13 03:15:00,-20.1024623901,0.3603948728438016,0,-0.10873054603710627,-0.21746109207421252,-0.10873054603710627
2014-04-13 03:20:00,-18.1457068501,0.35717066697920474,0,-0.1087461480489528,-0.21749229609790566,-0.10874614804895281
2014-04-13 03:25:00,-18.2309118352,0.35732180608597425,0,-0.10876155939257977,-0.2175231187851595,-0.10876155939257975
2014-04-13 03:30:00,-18.4533647387,0.35770338378124034,0,-0.10877678237156704,-0.2175535647431341,-0.10877678237156703
2014-04-13 03:35:00,-18.61458322,0.35798535260177405,0,-0.1087918192623119,-0.2175836385246238,-0.1087918192623119
2014-04-13 03:40:00,-21.9595304551,0.3635156842612347,0,-0.10880667231433384,-0.2176133446286677,-0.10880667231433384
2014-04-13 03:45:00,-19.3779800675,0.35924923849256163,0,-0.10882134375057637,-0.21764268750115276,-0.10882134375057637
2014-04-13 03:50:00,-19.1678934946,0.3589023495089668,0,-0.1088358357677058,-0.2176716715354116,-0.1088358357677058
2014-04-13 03:55:00,-18.2090665427,0.3573351397315908,0,-0.10885015053640723,-0.21770030107281446,-0.10885015053640722
2014-04-13 04:00:00,-20.5412815627,0.3611854154903024,0,-0.10886429020167733,-0.21772858040335466,-0.10886429020167733
2014-04-13 04:05:00,-20.6087631405,0.3613010765180609,0,-0.10887825688311437,-0.2177565137662287,-0.10887825688311435
2014-04-13 04:10:00,-18.7017947583,0.35813886305362763,0,-0.10889205267520508,-0.21778410535041012,-0.10889205267520508
2014-04-13 04:15:00,-21.676966163699998,0.3630477525835954,0,-0.10890567964760901,-0.217811359295218,-0.10890567964760899
2014-04-13 04:20:00,-21.2019741864,0.3622578719083772,0,-0.10891913984543944,-0.2178382796908789,-0.10891913984543945
2014-04-13 04:25:00,-18.9212772672,0.3584747753512452,0,-0.1089324352895421,-0.2178648705790842,-0.1089324352895421
2014-04-13 04:30:00,-19.9433989237,0.36017208995051553,0,-0.10894556797677044,-0.21789113595354087,-0.10894556797677044
2014-04-13 04:35:00,-19.8335634248,0.3600082231929413,0,-0.1089585398802584,-0.2179170797605168,-0.1089585398802584
2014-04-13 04:40:00,-19.3940817774,0.35928622593136234,0,-0.1089713529496904,-0.2179427058993808,-0.10897135294969039
2014-04-13 04:45:00,-21.2705388513,0.3623773562170463,0,-0.10898400911156836,-0.21796801822313674,-0.10898400911156837
2014-04-13 04:50:00,-18.4370579425,0.3576885042461818,0,-0.1089965102694762,-0.2179930205389524,-0.10899651026947621
2014-04-13 04:55:00,-19.6612569593,0.3597283973569717,0,-0.10900885830434136,-0.21801771660868272,-0.10900885830434136
2014-04-13 05:00:00,-19.7121245222,0.3598100134003377,0,-0.10902105507469373,-0.21804211014938746,-0.10902105507469373
2014-04-13 05:05:00,-19.8749024185,0.3600888126845311,0,-0.109033102416922,-0.218066204833844,-0.10903310241692199
2014-04-13 05:10:00,-21.4453999644,0.3626937531995396,0,-0.10904500214552704,-0.2180900042910541,-0.10904500214552705
2014-04-13 05:15:00,-18.8726674808,0.3584359644051642,0,-0.10905675605337303,-0.2181135121067461,-0.10905675605337305
2014-04-13 05:20:00,-18.411692694,0.3576972730980611,0,-0.10906836591193553,-0.21813673182387106,-0.10906836591193551
2014-04-13 05:25:00,-20.471233851300003,0.3610984464614279,0,-0.10907983347154718,-0.21815966694309435,-0.10907983347154718
2014-04-13 05:30:00,-18.6953378999,0.3581676248933746,0,-0.10909116046164097,-0.2181823209232819,-0.10909116046164095
2014-04-13 05:35:00,-18.299728343399998,0.3575346484822055,0,-0.10910234859099048,-0.21820469718198096,-0.10910234859099048
2014-04-13 05:40:00,-19.7065968823,0.3598544149563636,0,-0.10911339954794813,-0.21822679909589626,-0.10911339954794813
2014-04-13 05:45:00,-18.8785857234,0.3584848888538445,0,-0.1091243150006804,-0.2182486300013608,-0.1091243150006804
2014-04-13 05:50:00,-19.4448664755,0.3594327375309278,0,-0.10913509659740088,-0.21827019319480173,-0.10913509659740087
2014-04-13 05:55:00,-19.0388443204,0.3587740689826437,0,-0.10914574596660072,-0.21829149193320144,-0.10914574596660073
2014-04-13 06:00:00,-18.370545850899997,0.3576821724226624,0,-0.10915626471727673,-0.21831252943455345,-0.10915626471727673
2014-04-13 06:05:00,-20.241388811700002,0.3607901704786863,0,-0.10916665443915677,-0.2183333088783135,-0.10916665443915675
2014-04-13 06:10:00,-18.1080736722,0.3572720639986463,0,-0.10917691670292297,-0.218353833405846,-0.10917691670292298
2014-04-13 06:15:00,-21.865501392,0.3635045630516697,0,-0.10918705306043264,-0.21837410612086527,-0.10918705306043264
2014-04-13 06:20:00,-19.3653220869,0.35936367381876466,0,-0.1091970650449364,-0.2183941300898728,-0.10919706504493641
2014-04-13 06:25:00,-20.780630042000002,0.3616995031939573,0,-0.10920695417129442,-0.21841390834258884,-0.10920695417129442
2014-04-13 06:30:00,-21.2414514902,0.36245097429624296,0,-0.10921672193618992,-0.21843344387237987,-0.10921672193618993
2014-04-13 06:35:00,-19.1164191822,0.35893692610523764,0,-0.10922636981834072,-0.21845273963668144,-0.10922636981834073
2014-04-13 06:40:00,-20.9949548364,0.3620601369855481,0,-0.10923589927870823,-0.21847179855741647,-0.10923589927870823
2014-04-13 06:45:00,-21.3296834217,0.3625935507389821,0,-0.1092453117607043,-0.2184906235214086,-0.1092453117607043
2014-04-13 06:50:00,-18.9652689352,0.3586784311617477,0,-0.1092546086903958,-0.2185092173807916,-0.10925460869039579
2014-04-13 06:55:00,-21.969978707600003,0.3636379352142932,0,-0.10926379147670684,-0.21852758295341368,-0.10926379147670684
2014-04-13 07:00:00,-18.0827547314,0.3571972521738505,0,-0.10927286151161912,-0.2185457230232382,-0.10927286151161911
2014-04-13 07:05:00,-18.8680019209,0.35851208391533834,0,-0.1092818201703696,-0.2185636403407392,-0.1092818201703696
2014-04-13 07:10:00,-21.1200830251,0.3622239974015897,0,-0.10929066881164654,-0.21858133762329307,-0.10929066881164654
2014-04-13 07:15:00,-18.7765241002,0.35835255219421386,0,-0.10929940877778288,-0.21859881755556573,-0.10929940877778287
2014-04-13 07:20:00,-20.7930394532,0.3617042714036288,0,-0.10930804139494783,-0.2186160827898957,-0.10930804139494785
2014-04-13 07:25:00,-21.4221216199,0.3627548337567189,0,-0.10931656797333636,-0.2186331359466727,-0.10931656797333635
2014-04-13 07:30:00,-21.8368570905,0.3634185238093284,0,-0.1093249898073562,-0.2186499796147124,-0.1093249898073562
2014-04-13 07:35:00,-19.8969900616,0.3602037879431951,0,-0.1093333081758134,-0.2186666163516268,-0.1093333081758134
2014-04-13 07:40:00,-21.8844364919,0.36350611689331774,0,-0.10934152434209524,-0.21868304868419047,-0.10934152434209524
2014-04-13 07:45:00,-19.646489186700002,0.3597756014993761,0,-0.10934963955435156,-0.2186992791087031,-0.10934963955435155
2014-04-13 07:50:00,-18.872512158699998,0.35850037751164265,0,-0.10935765504567373,-0.21871531009134745,-0.10935765504567373
2014-04-13 07:55:00,-20.0556874123,0.3604756157083204,0,-0.1093655720342719,-0.2187311440685438,-0.1093655720342719
2014-04-13 08:00:00,-20.5992929772,0.3613624054964499,0,-0.10937339172365014,-0.21874678344730028,-0.10937339172365014
2014-04-13 08:05:00,-19.8318532642,0.3601054461706044,0,-0.10938111530277966,-0.21876223060555933,-0.10938111530277966
2014-04-13 08:10:00,-20.2678897759,0.3608276469469929,0,-0.10938874394627006,-0.21877748789254006,-0.10938874394627006
2014-04-13 08:15:00,-19.6656367509,0.3598173515169286,0,-0.10939627881453873,-0.21879255762907746,-0.10939627881453873
2014-04-13 08:20:00,-20.0990478161,0.3605336307078281,0,-0.1094037210539783,-0.2188074421079566,-0.1094037210539783
2014-04-13 08:25:00,-21.8103826878,0.3633561118770185,0,-0.10941107179712227,-0.21882214359424454,-0.10941107179712228
2014-04-13 08:30:00,-19.9993246101,0.3603382398893984,0,-0.10941833216280873,-0.21883666432561746,-0.10941833216280873
2014-04-13 08:35:00,-19.012718531199997,0.3587134568751882,0,-0.10942550325634218,-0.21885100651268435,-0.10942550325634218
2014-04-13 08:40:00,-21.0349864861,0.3620584814237153,0,-0.10943258616965372,-0.21886517233930744,-0.10943258616965372
2014-04-13 08:45:00,-19.3503378311,0.35926788599461,0,-0.10943958198145927,-0.21887916396291854,-0.10943958198145927
2014-04-13 08:50:00,-21.2648286833,0.36241978041517214,0,-0.109446491757416,-0.218892983514832,-0.10944649175741601
2014-04-13 08:55:00,-18.2273679559,0.3574105594225525,0,-0.1094533165502772,-0.2189066331005544,-0.1094533165502772
2014-04-13 09:00:00,57.986135725299995,0.36946029993827056,0,-0.10946005740004497,-0.21892011480009,-0.10946005740004498
2014-04-13 09:05:00,55.1323188991,0.3642604274362288,0,-0.1094667153341218,-0.2189334306682436,-0.1094667153341218
2014-04-13 09:10:00,55.023813891,0.3636564918527608,0,-0.1094732913674598,-0.21894658273491965,-0.10947329136745981
2014-04-13 09:15:00,61.9006747101,0.3746960683696621,0,-0.10947978650270868,-0.21895957300541735,-0.10947978650270869
2014-04-13 09:20:00,58.6240176162,0.3687344490213853,0,-0.10948620173036186,-0.21897240346072366,-0.10948620173036186
2014-04-13 09:25:00,64.4577473038,0.37803720636354987,0,-0.10949253802890087,-0.21898507605780174,-0.10949253802890087
2014-04-13 09:30:00,60.1968616545,0.3703879114991866,0,-0.1094987963649383,-0.2189975927298766,-0.1094987963649383
2014-04-13 09:35:00,57.5441186541,0.3655201704725903,0,-0.10950497769335896,-0.2190099553867179,-0.10950497769335896
2014-04-13 09:40:00,62.650666655500004,0.3735838178747262,0,-0.10951108295745944,-0.21902216591491885,-0.10951108295745943
2014-04-13 09:45:00,61.488201499,0.37116000488915424,0,-0.10951711308908614,-0.21903422617817228,-0.10951711308908614
2014-04-13 09:50:00,63.59513545,0.3742078456259433,0,-0.1095230690087717,-0.2190461380175434,-0.1095230690087717
2014-04-13 09:55:00,61.7230593161,0.3705944492219165,0,-0.10952895162586987,-0.2190579032517397,-0.10952895162586986
2014-04-13 10:00:00,70.93860393989999,0.3855826392780387,0,-0.10953476183868872,-0.21906952367737745,-0.10953476183868871
2014-04-13 10:05:00,78.5887125725,0.3985186711418491,0,-0.10954050053462257,-0.2190810010692451,-0.10954050053462255
2014-04-13 10:10:00,74.3515478038,0.3911177154356002,0,-0.10954616859028213,-0.21909233718056426,-0.10954616859028213
2014-04-13 10:15:00,75.4397740599,0.3928061465958208,0,-0.1095517668716234,-0.2191035337432468,-0.1095517668716234
2014-04-13 10:20:00,82.4077815512,0.4044222050215816,0,-0.10955729623407484,-0.21911459246814968,-0.10955729623407484
2014-04-13 10:25:00,73.8714535037,0.3895902753794073,0,-0.10956275752266327,-0.2191255150453265,-0.10956275752266327
2014-04-13 10:30:00,77.7017789735,0.3958770405196984,0,-0.10956815157213816,-0.21913630314427635,-0.10956815157213817
2014-04-13 10:35:00,73.9249223479,0.3892742246075103,0,-0.10957347920709473,-0.21914695841418946,-0.10957347920709473
2014-04-13 10:40:00,69.8398577774,0.3822236719717771,0,-0.10957874124209524,-0.21915748248419048,-0.10957874124209524
2014-04-13 10:45:00,75.2935851991,0.3912587384286071,0,-0.10958393848178932,-0.21916787696357865,-0.10958393848178932
2014-04-13 10:50:00,77.4753348678,0.3947344125446196,0,-0.10958907172103256,-0.2191781434420651,-0.10958907172103255
2014-04-13 10:55:00,74.594050039,0.3897353903279803,0,-0.10959414174500387,-0.2191882834900077,-0.10959414174500387
2014-04-13 11:00:00,77.4681523653,0.3944444626455912,0,-0.10959914932932156,-0.21919829865864315,-0.10959914932932156
2014-04-13 11:05:00,84.2747956601,0.4059451472329656,0,-0.10960409524015788,-0.21920819048031576,-0.10960409524015788
2014-04-13 11:10:00,71.7502131291,0.38477880522383145,0,-0.10960898023435237,-0.2192179604687047,-0.10960898023435235
2014-04-13 11:15:00,75.9620726844,0.3918050789000039,0,-0.10961380505952384,-0.2192276101190477,-0.10961380505952385
2014-04-13 11:20:00,84.1382350836,0.40554126456199197,0,-0.10961857045418114,-0.21923714090836227,-0.10961857045418114
2014-04-13 11:25:00,85.861197554,0.4084342485580557,0,-0.1096232771478324,-0.2192465542956648,-0.1096232771478324
2014-04-13 11:30:00,77.8108254397,0.3947248673041612,0,-0.10962792586109338,-0.2192558517221868,-0.10962792586109338
2014-04-13 11:35:00,85.3585008122,0.4073759366644583,0,-0.10963251730579414,-0.21926503461158828,-0.10963251730579414
2014-04-13 11:40:00,74.4310531345,0.388863812106459,0,-0.10963705218508477,-0.2192741043701695,-0.10963705218508475
2014-04-13 11:45:00,74.7874047549,0.3895686863602271,0,-0.1096415311935397,-0.2192830623870794,-0.1096415311935397
2014-04-13 11:50:00,84.6836714051,0.4062098320967104,0,-0.10964595501726104,-0.2192919100345221,-0.10964595501726103
2014-04-13 11:55:00,85.58760262279999,0.4075388040871396,0,-0.10965032433398032,-0.21930064866796065,-0.10965032433398031
2014-04-13 12:00:00,75.4137625028,0.3903786812845362,0,-0.10965463981315944,-0.21930927962631885,-0.10965463981315943
2014-04-13 12:05:00,72.8032886654,0.3860697484515875,0,-0.1096589021160901,-0.2193178042321802,-0.1096589021160901
2014-04-13 12:10:00,73.2982958205,0.3869584103072093,0,-0.10966311189599244,-0.21932622379198488,-0.10966311189599244
2014-04-13 12:15:00,76.0297291793,0.3915463587082851,0,-0.10966726979811207,-0.21933453959622412,-0.10966726979811207
2014-04-13 12:20:00,84.0148188639,0.4051268229424481,0,-0.10967137645981637,-0.21934275291963276,-0.10967137645981637
2014-04-13 12:25:00,79.9995495063,0.3983546774935925,0,-0.1096754325106894,-0.2193508650213788,-0.10967543251068941
2014-04-13 12:30:00,79.1308426329,0.3968589801261809,0,-0.10967943857262584,-0.21935887714525165,-0.10967943857262583
2014-04-13 12:35:00,81.1835464209,0.4002131570152056,0,-0.10968339525992372,-0.21936679051984745,-0.10968339525992371
2014-04-13 12:40:00,86.0710826758,0.4084359467854776,0,-0.10968730317937612,-0.21937460635875225,-0.10968730317937612
2014-04-13 12:45:00,73.2999923009,0.3868023818303884,0,-0.10969116293036188,-0.21938232586072373,-0.10969116293036187
2014-04-13 12:50:00,82.9493548701,0.4029753906463663,0,-0.1096949751049349,-0.2193899502098698,-0.1096949751049349
2014-04-13 12:55:00,86.6549962234,0.4091586842727052,0,-0.10969874028791292,-0.21939748057582584,-0.10969874028791292
2014-04-13 13:00:00,75.3834352279,0.3900143470886402,0,-0.10970245905696474,-0.21940491811392948,-0.10970245905696474
2014-04-13 13:05:00,85.3701953126,0.406954662432855,0,-0.10970613198269676,-0.21941226396539354,-0.10970613198269677
2014-04-13 13:10:00,83.135128014,0.40299064793597655,0,-0.10970975962873827,-0.21941951925747652,-0.10970975962873827
2014-04-13 13:15:00,72.20260397850001,0.3846553601602948,0,-0.10971334255182592,-0.21942668510365185,-0.10971334255182592
2014-04-13 13:20:00,75.675504571,0.3904528636725425,0,-0.10971688130188706,-0.21943376260377406,-0.10971688130188706
2014-04-13 13:25:00,81.6608387679,0.4005730997411335,0,-0.10972037642212212,-0.21944075284424425,-0.10972037642212211
2014-04-13 13:30:00,80.0063900697,0.39767414814672697,0,-0.10972382844908604,-0.21944765689817208,-0.10972382844908604
2014-04-13 13:35:00,80.4148012484,0.3983674634256408,0,-0.10972723791276884,-0.21945447582553768,-0.10972723791276884
2014-04-13 13:40:00,75.680602439,0.3905058876754424,0,-0.1097306053366749,-0.2194612106733498,-0.1097306053366749
2014-04-13 13:45:00,82.7669355091,0.4025487218503895,0,-0.10973393123790172,-0.21946786247580347,-0.10973393123790173
2014-04-13 13:50:00,76.2321888574,0.3915875120728923,0,-0.10973721612721747,-0.21947443225443494,-0.10973721612721749
2014-04-13 13:55:00,78.1996670799,0.3948405346782223,0,-0.10974046050913773,-0.21948092101827546,-0.10974046050913772
2014-04-13 14:00:00,77.8964224417,0.3942665065399805,0,-0.10974366488200116,-0.21948732976400234,-0.10974366488200117
2014-04-13 14:05:00,82.7457801619,0.4024940525917897,0,-0.10974682973804464,-0.2194936594760893,-0.10974682973804463
2014-04-13 14:10:00,73.4381686634,0.38681430596607824,0,-0.109749955563477,-0.219499911126954,-0.109749955563477
2014-04-13 14:15:00,75.282647323,0.38995752930274896,0,-0.1097530428385524,-0.2195060856771048,-0.1097530428385524
2014-04-13 14:20:00,75.2019364947,0.389993386397436,0,-0.1097560920376424,-0.2195121840752848,-0.1097560920376424
2014-04-13 14:25:00,73.72889600229999,0.3876709435142855,0,-0.10975910362930746,-0.21951820725861493,-0.10975910362930746
2014-04-13 14:30:00,75.31549393979999,0.390480011832208,0,-0.10976207807636744,-0.21952415615273485,-0.10976207807636743
2014-04-13 14:35:00,81.7064272496,0.4013777856175797,0,-0.10976501583597127,-0.21953003167194254,-0.10976501583597129
2014-04-13 14:40:00,83.7079935587,0.40476842634148297,0,-0.109767917359666,-0.219535834719332,-0.109767917359666
2014-04-13 14:45:00,82.55824996310001,0.4028236751457993,0,-0.10977078309346457,-0.21954156618692916,-0.10977078309346457
2014-04-13 14:50:00,79.5966419669,0.3977513151214207,0,-0.1097736134779133,-0.2195472269558266,-0.1097736134779133
2014-04-13 14:55:00,72.8331260213,0.3865311069960998,0,-0.1097764089481582,-0.2195528178963164,-0.1097764089481582
2014-04-13 15:00:00,87.3427146652,0.4110614255684634,0,-0.10977916993401066,-0.2195583398680213,-0.10977916993401066
2014-04-13 15:05:00,74.68802834579998,0.3895934686448976,0,-0.10978189686001227,-0.21956379372002455,-0.10978189686001229
2014-04-13 15:10:00,82.69341881060001,0.4030944103492419,0,-0.10978459014549903,-0.21956918029099803,-0.109784590145499
2014-04-13 15:15:00,86.6048641477,0.4095967805138444,0,-0.10978725020466436,-0.21957450040932872,-0.10978725020466436
2014-04-13 15:20:00,83.1631029048,0.4036705136876463,0,-0.10978987744662214,-0.21957975489324427,-0.10978987744662214
2014-04-13 15:25:00,75.4875864223,0.3906794629579956,0,-0.10979247227546804,-0.21958494455093608,-0.10979247227546804
2014-04-13 15:30:00,77.0515079364,0.3933783935068059,0,-0.10979503509034093,-0.21959007018068186,-0.10979503509034091
2014-04-13 15:35:00,72.4821341395,0.3857931237394466,0,-0.109797566285483,-0.219595132570966,-0.109797566285483
2014-04-13 15:40:00,81.80282298739999,0.4015492811463339,0,-0.10980006625029956,-0.21960013250059915,-0.10980006625029957
2014-04-13 15:45:00,81.8065787679,0.4014413811142951,0,-0.10980253536941784,-0.21960507073883567,-0.10980253536941784
2014-04-13 15:50:00,83.6066715739,0.4044437560985265,0,-0.10980497402274514,-0.21960994804549028,-0.10980497402274514
2014-04-13 15:55:00,72.1747858134,0.385266608864438,0,-0.10980738258552644,-0.21961476517105288,-0.10980738258552644
2014-04-13 16:00:00,85.08518834770001,0.4070424154982243,0,-0.10980976142840117,-0.21961952285680236,-0.10980976142840117
2014-04-13 16:05:00,83.8191070964,0.4048020844602178,0,-0.10981211091745932,-0.2196242218349186,-0.10981211091745931
2014-04-13 16:10:00,74.253948139,0.3886591470169355,0,-0.10981443141429682,-0.21962886282859365,-0.10981443141429682
2014-04-13 16:15:00,77.5617775498,0.3943588522326442,0,-0.10981672327607052,-0.21963344655214104,-0.10981672327607052
2014-04-13 16:20:00,82.216135194,0.40227749517754297,0,-0.10981898685555212,-0.21963797371110425,-0.10981898685555212
2014-04-13 16:25:00,79.9324942142,0.398297026903916,0,-0.10982122250118176,-0.2196424450023635,-0.10982122250118175
2014-04-13 16:30:00,73.8412719296,0.3881615770412451,0,-0.10982343055712077,-0.21964686111424156,-0.10982343055712077
2014-04-13 16:35:00,73.3972911301,0.3875743742860139,0,-0.10982561136330396,-0.21965122272660795,-0.10982561136330397
2014-04-13 16:40:00,84.5030303752,0.4064551632896336,0,-0.10982776525549116,-0.2196555305109823,-0.10982776525549115
2014-04-13 16:45:00,74.4952355028,0.389485017046749,0,-0.10982989256531807,-0.21965978513063614,-0.10982989256531807
2014-04-13 16:50:00,74.7532435717,0.3900492415485414,0,-0.10983199362034678,-0.21966398724069355,-0.10983199362034678
2014-04-13 16:55:00,85.2944970624,0.4079449464761419,0,-0.10983406874411528,-0.21966813748823055,-0.10983406874411529
2014-04-13 17:00:00,81.7941818047,0.4019711999788328,0,-0.10983611825618682,-0.21967223651237364,-0.10983611825618682
2014-04-13 17:05:00,81.6753974582,0.4018369023576333,0,-0.10983814247219824,-0.2196762849443965,-0.10983814247219825
2014-04-13 17:10:00,79.6694813533,0.398509557386056,0,-0.10984014170390803,-0.2196802834078161,-0.10984014170390805
2014-04-13 17:15:00,81.1038683239,0.4009332428546781,0,-0.10984211625924373,-0.21968423251848745,-0.10984211625924373
2014-04-13 17:20:00,81.6282628038,0.4018951239074297,0,-0.1098440664423486,-0.2196881328846972,-0.1098440664423486
2014-04-13 17:25:00,87.485163767,0.4117511865289927,0,-0.10984599255362802,-0.21969198510725604,-0.10984599255362802
2014-04-13 17:30:00,75.5675245562,0.39134722507016223,0,-0.10984789488979503,-0.21969578977959006,-0.10984789488979502
2014-04-13 17:35:00,75.43295043810001,0.3911924714840253,0,-0.10984977374391552,-0.21969954748783105,-0.10984977374391551
2014-04-13 17:40:00,72.9154491374,0.3870664195956054,0,-0.1098516294054528,-0.2197032588109056,-0.10985162940545279
2014-04-13 17:45:00,82.53112796100001,0.4033026343903521,0,-0.10985346216031168,-0.21970692432062336,-0.10985346216031168
2014-04-13 17:50:00,80.78462319100001,0.4002954946140121,0,-0.10985527229088188,-0.21971054458176376,-0.10985527229088189
2014-04-13 17:55:00,73.7797800425,0.3883962312750908,0,-0.10985706007608118,-0.21971412015216235,-0.10985706007608118
2014-04-13 18:00:00,-9.96257573906e-06,0.33347359026724066,0,-0.10985882579139764,-0.2197176515827953,-0.10985882579139765
2014-04-13 18:05:00,-9.581902244460001e-06,0.3331170996873289,0,-0.10986056970893182,-0.21972113941786364,-0.10986056970893182
2014-04-13 18:10:00,-9.89487460428e-06,0.33276428656635226,0,-0.109862292097438,-0.219724584194876,-0.10986229209743799
2014-04-13 18:15:00,-1.11641890189e-05,0.33242494542235745,0,-0.10986399322236524,-0.21972798644473046,-0.10986399322236522
2014-04-13 18:20:00,-1.0615436982e-05,0.3320620945661586,0,-0.10986567334589778,-0.2197313466917956,-0.10986567334589778
2014-04-13 18:25:00,-9.23150151837e-06,0.33171052173992266,0,-0.10986733272699507,-0.21973466545399012,-0.10986733272699507
2014-04-13 18:30:00,-9.73313653505e-06,0.3313526452321218,0,-0.10986897162143114,-0.21973794324286228,-0.10986897162143114
2014-04-13 18:35:00,-9.23722044836e-06,0.3309995844176861,0,-0.1098705902818336,-0.2197411805636672,-0.1098705902818336
2014-04-13 18:40:00,-1.06800506854e-05,0.33063394037039506,0,-0.10987218895772224,-0.2197443779154445,-0.10987218895772224
2014-04-13 18:45:00,-1.01773758505e-05,0.3302735557803431,0,-0.10987376789554702,-0.21974753579109405,-0.10987376789554702
2014-04-13 18:50:00,-1.12517502808e-05,0.3299243459333908,0,-0.10987532733872568,-0.21975065467745136,-0.10987532733872568
2014-04-13 18:55:00,-1.07183785185e-05,0.3295809661115401,0,-0.10987686752768086,-0.21975373505536167,-0.10987686752768086
2014-04-13 19:00:00,-16.057323472,0.3556657018749018,0,-0.1098783886998768,-0.2197567773997536,-0.1098783886998768
2014-04-13 19:05:00,-16.9750595431,0.3570801639689972,0,-0.1098798910898556,-0.2197597821797112,-0.1098798910898556
2014-04-13 19:10:00,-16.6553738158,0.35641099540132604,0,-0.10988137492927297,-0.2197627498585459,-0.10988137492927295
2014-04-13 19:15:00,-15.1800857115,0.353814700038911,0,-0.10988284044693357,-0.2197656808938671,-0.10988284044693356
2014-04-13 19:20:00,-16.0968285398,0.35523020783290554,0,-0.10988428786882608,-0.21976857573765216,-0.10988428786882609
2014-04-13 19:25:00,-16.1791979904,0.355244068276024,0,-0.10988571741815764,-0.21977143483631525,-0.10988571741815763
2014-04-13 19:30:00,-15.843943463599999,0.3545604887027543,0,-0.10988712931538784,-0.21977425863077565,-0.10988712931538783
2014-04-13 19:35:00,-14.9734183097,0.3529903184597388,0,-0.1098885237782625,-0.219777047556525,-0.1098885237782625
2014-04-13 19:40:00,-15.1147829,0.3531130485279079,0,-0.10988990102184698,-0.21977980204369396,-0.109889901021847
2014-04-13 19:45:00,-15.299353641400002,0.35330640523664897,0,-0.109891261258559,-0.219782522517118,-0.109891261258559
2014-04-13 19:50:00,-14.4328183254,0.3517535103469692,0,-0.10989260469820096,-0.21978520939640195,-0.10989260469820097
2014-04-13 19:55:00,-17.334222673699998,0.3564689087137164,0,-0.1098939315479923,-0.2197878630959846,-0.1098939315479923
2014-04-13 20:00:00,-19.9146090325,0.3606444945586879,0,-0.10989524201260092,-0.21979048402520185,-0.10989524201260092
2014-04-13 20:05:00,-19.9281309177,0.3606409516517455,0,-0.10989653629417462,-0.21979307258834924,-0.10989653629417462
2014-04-13 20:10:00,-19.4777499726,0.3598640276372956,0,-0.10989781459237193,-0.21979562918474385,-0.10989781459237191
2014-04-13 20:15:00,-19.9269539284,0.3605821164391167,0,-0.10989907710439267,-0.21979815420878532,-0.10989907710439267
2014-04-13 20:20:00,-21.0503526406,0.3624310534720444,0,-0.1099003240250082,-0.2198006480500164,-0.10990032402500821
2014-04-13 20:25:00,-18.7590160967,0.3585591048929788,0,-0.1099015555465911,-0.2198031110931822,-0.1099015555465911
2014-04-13 20:30:00,-20.0160986806,0.3606479371485199,0,-0.10990277185914464,-0.21980554371828928,-0.10990277185914464
2014-04-13 20:35:00,-18.6605917749,0.3583600641675149,0,-0.10990397315033187,-0.21980794630066375,-0.10990397315033189
2014-04-13 20:40:00,-20.5604694258,0.3614994997755823,0,-0.1099051596055044,-0.2198103192110088,-0.10990515960550439
2014-04-13 20:45:00,-20.5748302894,0.36147614752582174,0,-0.10990633140773057,-0.21981266281546116,-0.10990633140773057
2014-04-13 20:50:00,-20.744703516199998,0.3617074454372344,0,-0.10990748873782373,-0.21981497747564746,-0.10990748873782373
2014-04-13 20:55:00,-17.3009795342,0.3559277411610263,0,-0.1099086317743698,-0.2198172635487396,-0.1099086317743698
2014-04-13 21:00:00,-19.0392237324,0.3588150211079555,0,-0.1099097606937546,-0.2198195213875092,-0.10990976069375459
2014-04-13 21:05:00,-18.387411901500002,0.3577241699045044,0,-0.10991087567019084,-0.2198217513403817,-0.10991087567019085
2014-04-13 21:10:00,-19.6574173144,0.35986040893324195,0,-0.109911976875745,-0.21982395375149,-0.109911976875745
2014-04-13 21:15:00,-19.821944264000003,0.3601294389269074,0,-0.1099130644803634,-0.2198261289607268,-0.10991306448036339
2014-04-13 21:20:00,-18.8714273199,0.3585552484779393,0,-0.1099141386518984,-0.2198282773037968,-0.10991413865189839
2014-04-13 21:25:00,-20.726635765999998,0.36163914141617787,0,-0.10991519955613416,-0.21983039911226834,-0.10991519955613417
2014-04-13 21:30:00,-18.926446316,0.3586066968406901,0,-0.10991624735681196,-0.21983249471362395,-0.10991624735681196
2014-04-13 21:35:00,-21.2442410648,0.3624738203787962,0,-0.10991728221565528,-0.21983456443131055,-0.10991728221565529
2014-04-13 21:40:00,-18.560952449400002,0.35795993096320583,0,-0.1099183042923947,-0.2198366085847894,-0.1099183042923947
2014-04-13 21:45:00,-19.3131897294,0.3592283124282363,0,-0.10991931374479223,-0.21983862748958446,-0.10991931374479223
2014-04-13 21:50:00,-20.3250395094,0.36090108919522745,0,-0.1099203107286656,-0.2198406214573312,-0.10992031072866561
2014-04-13 21:55:00,-20.2579696432,0.3607875266575811,0,-0.10992129539791222,-0.21984259079582444,-0.10992129539791222
2014-04-13 22:00:00,-18.282817076700002,0.35747081686580184,0,-0.10992226790453256,-0.21984453580906516,-0.10992226790453256
2014-04-13 22:05:00,-21.3508184112,0.3625952761047113,0,-0.10992322839865368,-0.21984645679730735,-0.10992322839865369
2014-04-13 22:10:00,-20.3596321349,0.3609364078356501,0,-0.10992417702855216,-0.21984835405710434,-0.10992417702855217
2014-04-13 22:15:00,-21.445071111300003,0.3627632916663373,0,-0.10992511394067682,-0.21985022788135364,-0.10992511394067682
2014-04-13 22:20:00,-21.436189462799998,0.3627306454699386,0,-0.10992603927967123,-0.2198520785593425,-0.10992603927967125
2014-04-13 22:25:00,-20.1513808984,0.3605850404665323,0,-0.10992695318839596,-0.21985390637679195,-0.10992695318839597
2014-04-13 22:30:00,-21.608496845599998,0.3630233870789561,0,-0.10992785580795036,-0.21985571161590076,-0.10992785580795036
2014-04-13 22:35:00,-21.359401402899998,0.3625871249951062,0,-0.1099287472776943,-0.2198574945553886,-0.1099287472776943
2014-04-13 22:40:00,-21.797559809299997,0.3633177996674813,0,-0.10992962773526957,-0.21985925547053914,-0.10992962773526957
2014-04-13 22:45:00,-21.367750422,0.3625729075764951,0,-0.10993049731662098,-0.219860994633242,-0.10993049731662098
2014-04-13 22:50:00,-21.2507597168,0.3623548693086733,0,-0.10993135615601722,-0.21986271231203444,-0.10993135615601722
2014-04-13 22:55:00,-19.845638031900002,0.3600008786476114,0,-0.10993220438607153,-0.21986440877214306,-0.10993220438607151
2014-04-13 23:00:00,-18.8420928448,0.3583250286088917,0,-0.10993304213776192,-0.21986608427552384,-0.10993304213776191
2014-04-13 23:05:00,-21.635909228699997,0.3629851258426705,0,-0.10993386954045148,-0.21986773908090296,-0.10993386954045148
2014-04-13 23:10:00,-20.883511886199997,0.3616961693167369,0,-0.1099346867219081,-0.2198693734438162,-0.1099346867219081
2014-04-13 23:15:00,-19.1208708227,0.35875843063698104,0,-0.10993549380832414,-0.21987098761664828,-0.10993549380832414
2014-04-13 23:20:00,-19.357786419700002,0.3591666559456224,0,-0.10993629092433582,-0.21987258184867164,-0.10993629092433582
2014-04-13 23:25:00,-20.7376758703,0.3614709051298758,0,-0.10993707819304233,-0.21987415638608465,-0.10993707819304233
2014-04-13 23:30:00,-19.9048976305,0.3600881927508081,0,-0.10993785573602474,-0.21987571147204948,-0.10993785573602474
2014-04-13 23:35:00,-18.3200659527,0.3574466466711157,0,-0.1099386236733648,-0.2198772473467296,-0.10993862367336481
2014-04-13 23:40:00,-18.5598507327,0.35786706201068025,0,-0.1099393821236632,-0.2198787642473264,-0.1099393821236632
2014-04-13 23:45:00,-20.9758803072,0.3619235866044702,0,-0.1099401312040579,-0.2198802624081158,-0.1099401312040579
2014-04-13 23:50:00,-19.3080975481,0.3591428347247371,0,-0.10994087103024217,-0.21988174206048436,-0.10994087103024217
2014-04-13 23:55:00,-20.0241879256,0.3603433006619085,0,-0.10994160171648223,-0.2198832034329645,-0.10994160171648225
2014-04-14 00:00:00,-21.066485913,0.3620907181377295,0,-0.10994232337563503,-0.21988464675127006,-0.10994232337563502
2014-04-14 00:05:00,-21.0047023748,0.3619745189448344,0,-0.1099430361191653,-0.2198860722383306,-0.1099430361191653
2014-04-14 00:10:00,-18.6680601075,0.358072729374017,0,-0.109943740057163,-0.21988748011432602,-0.109943740057163
2014-04-14 00:15:00,-18.3935754576,0.3576191351550658,0,-0.10994443529836,-0.21988887059672002,-0.10994443529836
2014-04-14 00:20:00,-20.3646091719,0.3609160898111801,0,-0.10994512195014693,-0.21989024390029385,-0.10994512195014693
2014-04-14 00:25:00,-20.9665314957,0.361908211863124,0,-0.10994580011858966,-0.21989160023717927,-0.10994580011858966
2014-04-14 00:30:00,-18.596159688,0.3579298034311436,0,-0.10994646990844564,-0.21989293981689126,-0.10994646990844562
2014-04-14 00:35:00,-19.4878211493,0.3594300357067126,0,-0.10994713142317984,-0.21989426284635968,-0.10994713142317984
2014-04-14 00:40:00,-21.4811119839,0.3627772940467228,0,-0.10994778476498096,-0.21989556952996192,-0.10994778476498096
2014-04-14 00:45:00,-21.776892566199997,0.3632417091551249,0,-0.1099484300347769,-0.2198968600695538,-0.1099484300347769
2014-04-14 00:50:00,-19.8162790438,0.3599384541248359,0,-0.10994906733225036,-0.21989813466450076,-0.10994906733225036
2014-04-14 00:55:00,-18.318063736099997,0.3574441168017099,0,-0.10994969675585424,-0.21989939351170845,-0.10994969675585423
2014-04-14 01:00:00,-19.0307858248,0.35865033206834923,0,-0.10995031840282664,-0.21990063680565328,-0.10995031840282664
2014-04-14 01:05:00,-18.9318796813,0.35848264989495066,0,-0.10995093236920599,-0.219901864738412,-0.10995093236920599
2014-04-14 01:10:00,-18.9558548822,0.3585164466316207,0,-0.10995153874984567,-0.21990307749969135,-0.10995153874984569
2014-04-14 01:15:00,-19.9755268215,0.3602256511536617,0,-0.1099521376384288,-0.2199042752768576,-0.10995213763842879
2014-04-14 01:20:00,-20.3329026068,0.3608338073363617,0,-0.10995272912748234,-0.2199054582549647,-0.10995272912748234
2014-04-14 01:25:00,-18.4900383547,0.35774351686813183,0,-0.1099533133083917,-0.2199066266167834,-0.1099533133083917
2014-04-14 01:30:00,-21.5574240261,0.3628692666387829,0,-0.10995389027141454,-0.21990778054282908,-0.10995389027141454
2014-04-14 01:35:00,-20.4798952931,0.36105960870591297,0,-0.1099544601056948,-0.2199089202113896,-0.10995446010569479
2014-04-14 01:40:00,-20.3890069211,0.3608903983074045,0,-0.10995502289927626,-0.21991004579855253,-0.10995502289927626
2014-04-14 01:45:00,-21.949115993499998,0.3634857759904709,0,-0.10995557873911636,-0.2199111574782327,-0.10995557873911635
2014-04-14 01:50:00,-20.51257591,0.3610673957594741,0,-0.10995612771109928,-0.21991225542219853,-0.10995612771109928
2014-04-14 01:55:00,-21.7158365972,0.36309059806127336,0,-0.1099566699000494,-0.2199133398000988,-0.1099566699000494
2014-04-14 02:00:00,-19.1450278894,0.3587763606052123,0,-0.10995720538974424,-0.21991441077948848,-0.10995720538974424
2014-04-14 02:05:00,-18.9605179614,0.3584763134071019,0,-0.1099577342629274,-0.2199154685258548,-0.1099577342629274
2014-04-14 02:10:00,-20.0660747473,0.3603238658172966,0,-0.10995825660132123,-0.2199165132026425,-0.10995825660132125
2014-04-14 02:15:00,-20.034435790499998,0.36028479930039925,0,-0.10995877248563958,-0.2199175449712792,-0.10995877248563958
2014-04-14 02:20:00,-18.9059345979,0.3583893439791844,0,-0.10995928199560001,-0.2199185639912,-0.10995928199560001
2014-04-14 02:25:00,-20.7986226276,0.3615570677840315,0,-0.10995978520993624,-0.21991957041987248,-0.10995978520993624
2014-04-14 02:30:00,-18.1185352769,0.3570970857011181,0,-0.10996028220641016,-0.21992056441282035,-0.10996028220641017
2014-04-14 02:35:00,-20.7625218902,0.3615366292308009,0,-0.10996077306182396,-0.21992154612364792,-0.10996077306182396
2014-04-14 02:40:00,-19.8287115445,0.3599780395430423,0,-0.10996125785203174,-0.2199225157040635,-0.10996125785203174
2014-04-14 02:45:00,-20.7560300434,0.36152330286438905,0,-0.1099617366519514,-0.2199234733039028,-0.1099617366519514
2014-04-14 02:50:00,-19.9083225226,0.3600981821735568,0,-0.10996220953557603,-0.21992441907115207,-0.10996220953557603
2014-04-14 02:55:00,-21.9093351315,0.3634378566916693,0,-0.10996267657598542,-0.21992535315197084,-0.10996267657598542
2014-04-14 03:00:00,-19.3387398044,0.3591309145691045,0,-0.10996313784535726,-0.21992627569071446,-0.10996313784535726
2014-04-14 03:05:00,-21.930291748000002,0.3634739344991261,0,-0.10996359341497826,-0.21992718682995646,-0.10996359341497826
2014-04-14 03:10:00,-18.2598957699,0.3573441626415622,0,-0.10996404335525516,-0.2199280867105103,-0.10996404335525516
2014-04-14 03:15:00,-20.735043099000002,0.3614812552233204,0,-0.10996448773572552,-0.21992897547145104,-0.10996448773572552
2014-04-14 03:20:00,-19.8168768271,0.35994984806598124,0,-0.10996492662506856,-0.21992985325013711,-0.10996492662506856
2014-04-14 03:25:00,-21.2885505021,0.3624246206632933,0,-0.1099653600911156,-0.2199307201822312,-0.10996536009111559
2014-04-14 03:30:00,-21.158464278900002,0.3622106709185369,0,-0.10996578820086056,-0.2199315764017211,-0.10996578820086055
2014-04-14 03:35:00,-21.2008407315,0.3622784110516813,0,-0.10996621102047034,-0.21993242204094068,-0.10996621102047034
2014-04-14 03:40:00,-18.3789543972,0.3575663982021951,0,-0.10996662861529498,-0.21993325723059,-0.10996662861529498
2014-04-14 03:45:00,-21.2894627994,0.3624363834319477,0,-0.10996704104987773,-0.21993408209975546,-0.10996704104987771
2014-04-14 03:50:00,-18.8561606298,0.3583530941479224,0,-0.10996744838796492,-0.21993489677592987,-0.10996744838796493
2014-04-14 03:55:00,-18.1027210554,0.3570969052823195,0,-0.10996785069251598,-0.219935701385032,-0.10996785069251601
2014-04-14 04:00:00,-18.870954878699997,0.358390603367481,0,-0.10996824802571302,-0.21993649605142604,-0.10996824802571302
2014-04-14 04:05:00,-19.917140418800003,0.36013194563456985,0,-0.10996864044897027,-0.2199372808979405,-0.10996864044897027
2014-04-14 04:10:00,-20.9684454396,0.36189110274976416,0,-0.1099690280229439,-0.2199380560458878,-0.1099690280229439
2014-04-14 04:15:00,-18.8745299233,0.3583945524492873,0,-0.10996941080754102,-0.21993882161508205,-0.10996941080754102
2014-04-14 04:20:00,-18.4520301924,0.35770223819210617,0,-0.10996978886192918,-0.2199395777238584,-0.10996978886192918
2014-04-14 04:25:00,-20.5838690201,0.36125321255058734,0,-0.10997016224454532,-0.21994032448909065,-0.10997016224454532
2014-04-14 04:30:00,-21.9355921454,0.3634929845896945,0,-0.10997053101310487,-0.21994106202620972,-0.10997053101310487
2014-04-14 04:35:00,-20.4034812083,0.3608996816984437,0,-0.1099708952246106,-0.2199417904492212,-0.1099708952246106
2014-04-14 04:40:00,-20.7642294565,0.361486071096808,0,-0.10997125493536143,-0.2199425098707229,-0.10997125493536145
2014-04-14 04:45:00,-20.244669775,0.36062955424468107,0,-0.1099716102009612,-0.2199432204019224,-0.10997161020096119
2014-04-14 04:50:00,-21.1293937769,0.36209936439687496,0,-0.10997196107632697,-0.21994392215265396,-0.10997196107632697
2014-04-14 04:55:00,-21.9032176808,0.3633759136800152,0,-0.10997230761569787,-0.21994461523139575,-0.10997230761569789
2014-04-14 05:00:00,-20.1765169176,0.3604575701529265,0,-0.1099726498726432,-0.2199452997452864,-0.1099726498726432
2014-04-14 05:05:00,-19.667162047,0.3596117957274999,0,-0.10997298790007072,-0.21994597580014147,-0.10997298790007073
2014-04-14 05:10:00,-21.4413722446,0.36258153831290535,0,-0.10997332175023493,-0.21994664350046986,-0.10997332175023493
2014-04-14 05:15:00,-21.878913375,0.3632884787796997,0,-0.109973651474745,-0.21994730294949,-0.10997365147474499
2014-04-14 05:20:00,-18.5167265635,0.3576798646646286,0,-0.10997397712457277,-0.2199479542491456,-0.10997397712457278
2014-04-14 05:25:00,-20.312683861900002,0.3606940125992448,0,-0.10997429875006072,-0.21994859750012147,-0.10997429875006073
2014-04-14 05:30:00,-21.169839970199998,0.3621127078723589,0,-0.1099746164009296,-0.2199492328018592,-0.10997461640092959
2014-04-14 05:35:00,-20.1333576206,0.3603715385348619,0,-0.10997493012628604,-0.2199498602525721,-0.10997493012628605
2014-04-14 05:40:00,-19.6367878728,0.3595413224064629,0,-0.1099752399746304,-0.2199504799492608,-0.1099752399746304
2014-04-14 05:45:00,-20.6209192845,0.3611800398995756,0,-0.109975545993864,-0.219951091987728,-0.10997554599386399
2014-04-14 05:50:00,-19.0805123781,0.35861891604897245,0,-0.10997584823129654,-0.21995169646259308,-0.10997584823129654
2014-04-14 05:55:00,-19.3965349718,0.3591392865152057,0,-0.10997614673365354,-0.21995229346730708,-0.10997614673365354
2014-04-14 06:00:00,-21.9691066355,0.3634357543000192,0,-0.1099764415470834,-0.21995288309416686,-0.10997644154708341
2014-04-14 06:05:00,-20.5458613375,0.3610369274000756,0,-0.10997673271716467,-0.21995346543432934,-0.10997673271716467
2014-04-14 06:10:00,-21.491709193200002,0.3626104701440994,0,-0.10997702028891286,-0.21995404057782567,-0.10997702028891286
2014-04-14 06:15:00,-21.231074052100002,0.3621744866037188,0,-0.10997730430678763,-0.2199546086135753,-0.10997730430678765
2014-04-14 06:20:00,-20.6090902176,0.3611148336235506,0,-0.1099775848146995,-0.21995516962939898,-0.1099775848146995
2014-04-14 06:25:00,-21.3629163298,0.3623536733124254,0,-0.10997786185601667,-0.21995572371203334,-0.10997786185601668
2014-04-14 06:30:00,-19.1486339817,0.3586547094981456,0,-0.10997813547357173,-0.21995627094714346,-0.10997813547357171
2014-04-14 06:35:00,-20.5484657952,0.3609820610978761,0,-0.10997840570966813,-0.2199568114193363,-0.10997840570966814
2014-04-14 06:40:00,-20.3624139581,0.36065187992425135,0,-0.10997867260608707,-0.21995734521217414,-0.10997867260608707
2014-04-14 06:45:00,-20.4896784032,0.3608581804366937,0,-0.10997893620409344,-0.2199578724081869,-0.10997893620409345
2014-04-14 06:50:00,-18.6745277086,0.35782340484271,0,-0.10997919654444266,-0.21995839308888526,-0.10997919654444266
2014-04-14 06:55:00,-19.10897216,0.3585520068527118,0,-0.10997945366738666,-0.21995890733477333,-0.10997945366738666
2014-04-14 07:00:00,-19.1466332752,0.3586140103736129,0,-0.1099797076126802,-0.2199594152253604,-0.10997970761268021
2014-04-14 07:05:00,-20.407784650299998,0.3607066731232417,0,-0.10997995841958708,-0.21995991683917412,-0.10997995841958708
2014-04-14 07:10:00,-21.890187521799998,0.3631796781194086,0,-0.10998020612688604,-0.21996041225377205,-0.10998020612688603
2014-04-14 07:15:00,-21.816270204699997,0.3630217843409488,0,-0.10998045077287684,-0.21996090154575368,-0.10998045077287684
2014-04-14 07:20:00,-18.908758212000002,0.3581777665484623,0,-0.10998069239538624,-0.21996138479077249,-0.10998069239538623
2014-04-14 07:25:00,-19.2193809723,0.35869794058759674,0,-0.10998093103177367,-0.21996186206354731,-0.10998093103177367
2014-04-14 07:30:00,-18.1442475691,0.35692614921706395,0,-0.10998116671893717,-0.2199623334378743,-0.10998116671893715
2014-04-14 07:35:00,-19.5952623594,0.3593641018206836,0,-0.10998139949331892,-0.21996279898663784,-0.10998139949331892
2014-04-14 07:40:00,-21.3386964867,0.3622663134855889,0,-0.10998162939091104,-0.2199632587818221,-0.10998162939091105
2014-04-14 07:45:00,-21.663006955900002,0.3628049242695061,0,-0.109981856447261,-0.219963712894522,-0.10998185644726101
2014-04-14 07:50:00,-18.9459859183,0.3582741190941592,0,-0.1099820806974772,-0.2199641613949544,-0.10998208069747721
2014-04-14 07:55:00,-19.063177894000003,0.35846906519782185,0,-0.10998230217623436,-0.2199646043524687,-0.10998230217623435
2014-04-14 08:00:00,-18.883399265999998,0.3581958754506966,0,-0.10998252091777876,-0.2199650418355576,-0.10998252091777878
2014-04-14 08:05:00,-19.4004142703,0.3590486428145305,0,-0.10998273695593387,-0.21996547391186771,-0.10998273695593387
2014-04-14 08:10:00,-21.2190375944,0.3620749868712463,0,-0.10998295032410513,-0.21996590064821026,-0.10998295032410511
2014-04-14 08:15:00,-20.5874298795,0.3610201677001749,0,-0.10998316105528536,-0.21996632211057074,-0.10998316105528537
2014-04-14 08:20:00,-21.1437636715,0.3619321529999516,0,-0.10998336918205992,-0.21996673836411984,-0.10998336918205992
2014-04-14 08:25:00,-20.332124425299998,0.36057528464962935,0,-0.10998357473661154,-0.21996714947322307,-0.10998357473661154
2014-04-14 08:30:00,-19.0309323122,0.35841938828424635,0,-0.10998377775072538,-0.21996755550145075,-0.10998377775072538
2014-04-14 08:35:00,-18.9119767209,0.3582463787985977,0,-0.109983978255794,-0.21996795651158801,-0.109983978255794
2014-04-14 08:40:00,-18.0360028235,0.3568002134680464,0,-0.10998417628282213,-0.21996835256564426,-0.10998417628282212
2014-04-14 08:45:00,-21.1239285475,0.3619746486737632,0,-0.10998437186243144,-0.2199687437248629,-0.10998437186243144
2014-04-14 08:50:00,-21.3884849047,0.3624031799642309,0,-0.10998456502486537,-0.21996913004973076,-0.10998456502486537
2014-04-14 08:55:00,-21.0731303985,0.3618537529594685,0,-0.1099847557999937,-0.2199695115999874,-0.1099847557999937
2014-04-14 09:00:00,54.8928246927,0.3658388146044021,0,-0.10998494421731722,-0.21996988843463444,-0.10998494421731722
2014-04-14 09:05:00,63.146659526,0.3793491117189422,0,-0.10998513030597226,-0.21997026061194447,-0.10998513030597226
2014-04-14 09:10:00,54.549209437799995,0.3643216120058302,0,-0.10998531409473518,-0.2199706281894704,-0.10998531409473518
2014-04-14 09:15:00,55.267116788500005,0.365099844513103,0,-0.10998549561202688,-0.21997099122405372,-0.10998549561202688
2014-04-14 09:20:00,59.285704475200006,0.3714224097730328,0,-0.10998567488591708,-0.21997134977183416,-0.10998567488591708
2014-04-14 09:25:00,59.7137641071,0.3716737200792003,0,-0.10998585194412876,-0.2199717038882576,-0.10998585194412878
2014-04-14 09:30:00,63.7934236394,0.37809749489710937,0,-0.10998602681404243,-0.2199720536280849,-0.10998602681404245
2014-04-14 09:35:00,62.1543227045,0.3748031563924161,0,-0.10998619952270028,-0.21997239904540056,-0.10998619952270028
2014-04-14 09:40:00,55.839842143599995,0.3637097512138045,0,-0.10998637009681037,-0.21997274019362076,-0.10998637009681037
2014-04-14 09:45:00,56.7137613987,0.3647452391081295,0,-0.10998653856275087,-0.21997307712550174,-0.10998653856275087
2014-04-14 09:50:00,57.4281022591,0.3655117579535711,0,-0.10998670494657402,-0.21997340989314804,-0.10998670494657402
2014-04-14 09:55:00,55.484071649499995,0.3618336224587005,0,-0.1099868692740102,-0.2199737385480204,-0.10998686927401019
2014-04-14 10:00:00,72.7722022727,0.3906610076825185,0,-0.10998703157047188,-0.21997406314094373,-0.10998703157047188
2014-04-14 10:05:00,79.4746919642,0.4020256009726718,0,-0.10998719186105756,-0.2199743837221152,-0.10998719186105758
2014-04-14 10:10:00,72.06930234560001,0.388968193871378,0,-0.10998735017055572,-0.21997470034111144,-0.10998735017055572
2014-04-14 10:15:00,81.0974666353,0.4042761444953241,0,-0.10998750652344844,-0.2199750130468969,-0.10998750652344845
2014-04-14 10:20:00,75.5366583259,0.39443709303937385,0,-0.10998766094391546,-0.21997532188783087,-0.10998766094391546
2014-04-14 10:25:00,73.3086235709,0.3904165234857708,0,-0.10998781345583766,-0.21997562691167533,-0.10998781345583766
2014-04-14 10:30:00,74.6687551891,0.3926224311151782,0,-0.10998796408280097,-0.2199759281656019,-0.10998796408280095
2014-04-14 10:35:00,79.184350457,0.4001610972790794,0,-0.1099881128480998,-0.2199762256961996,-0.1099881128480998
2014-04-14 10:40:00,76.25524908930001,0.3948647944246088,0,-0.10998825977474083,-0.21997651954948166,-0.10998825977474083
2014-04-14 10:45:00,68.5106356924,0.3815754261784681,0,-0.10998840488544646,-0.21997680977089293,-0.10998840488544646
2014-04-14 10:50:00,82.4193224681,0.40513921274319015,0,-0.10998854820265833,-0.21997709640531665,-0.10998854820265833
2014-04-14 10:55:00,69.4031392456,0.3827627661376957,0,-0.1099886897485408,-0.21997737949708165,-0.10998868974854081
2014-04-14 11:00:00,86.1477621652,0.4111671908893329,0,-0.1099888295449844,-0.2199776590899688,-0.1099888295449844
2014-04-14 11:05:00,71.72594072609999,0.38637885465919103,0,-0.10998896761360916,-0.2199779352272183,-0.10998896761360916
2014-04-14 11:10:00,83.4923126657,0.4064697387134909,0,-0.10998910397576796,-0.21997820795153594,-0.10998910397576797
2014-04-14 11:15:00,79.7492473776,0.3999334496208814,0,-0.10998923865254996,-0.2199784773050999,-0.10998923865254995
2014-04-14 11:20:00,79.2907027008,0.3990895141066104,0,-0.10998937166478354,-0.21997874332956707,-0.10998937166478354
2014-04-14 11:25:00,72.4328114803,0.3875204387401102,0,-0.10998950303303992,-0.21997900606607984,-0.10998950303303992
2014-04-14 11:30:00,75.0617209638,0.3919781422997467,0,-0.10998963277763604,-0.21997926555527209,-0.10998963277763603
2014-04-14 11:35:00,83.5963495023,0.4065500136626571,0,-0.10998976091863782,-0.21997952183727565,-0.10998976091863782
2014-04-14 11:40:00,85.397555706,0.4094864351549929,0,-0.10998988747586323,-0.2199797749517265,-0.10998988747586325
2014-04-14 11:45:00,79.6612399079,0.3994549324261661,0,-0.10999001246888546,-0.2199800249377709,-0.10999001246888546
2014-04-14 11:50:00,76.8769593984,0.3946703751446468,0,-0.1099901359170357,-0.2199802718340714,-0.1099901359170357
2014-04-14 11:55:00,72.2295004157,0.3868421527619039,0,-0.10999025783940636,-0.21998051567881274,-0.10999025783940637
2014-04-14 12:00:00,82.7490267042,0.4046919410847104,0,-0.10999037825485396,-0.21998075650970791,-0.10999037825485396
2014-04-14 12:05:00,76.3022354794,0.3936624791152661,0,-0.10999049718200196,-0.21998099436400392,-0.10999049718200196
2014-04-14 12:10:00,72.734459001,0.3877584490924736,0,-0.10999061463924373,-0.21998122927848746,-0.10999061463924373
2014-04-14 12:15:00,82.4883204102,0.4042749456164833,0,-0.10999073064474536,-0.2199814612894907,-0.10999073064474535
2014-04-14 12:20:00,79.6119736631,0.3992795162891069,0,-0.10999084521644843,-0.2199816904328969,-0.10999084521644845
2014-04-14 12:25:00,72.0470116064,0.3865647697262952,0,-0.10999095837207294,-0.21998191674414588,-0.10999095837207294
2014-04-14 12:30:00,73.6272350565,0.38941311029575065,0,-0.10999107012911978,-0.2199821402582396,-0.10999107012911978
2014-04-14 12:35:00,83.0208564062,0.4054302536096661,0,-0.1099911805048737,-0.2199823610097474,-0.1099911805048737
2014-04-14 12:40:00,72.8727038464,0.3882303269669852,0,-0.1099912895164058,-0.2199825790328116,-0.1099912895164058
2014-04-14 12:45:00,85.6836982194,0.4100557612395448,0,-0.10999139718057624,-0.2199827943611525,-0.10999139718057625
2014-04-14 12:50:00,76.8272579978,0.3947797064104883,0,-0.10999150351403693,-0.21998300702807386,-0.10999150351403691
2014-04-14 12:55:00,73.27182619989999,0.3888818495615354,0,-0.10999160853323382,-0.21998321706646765,-0.10999160853323382
2014-04-14 13:00:00,84.1224556035,0.4075239771940273,0,-0.10999171225440986,-0.21998342450881966,-0.10999171225440986
2014-04-14 13:05:00,80.35867941689999,0.4009522344736369,0,-0.10999181469360717,-0.2199836293872143,-0.10999181469360715
2014-04-14 13:10:00,76.8754780219,0.3949220417897529,0,-0.1099919158666696,-0.2199838317333392,-0.10999191586666959
2014-04-14 13:15:00,78.4661744373,0.3975714913957728,0,-0.10999201578924528,-0.21998403157849056,-0.10999201578924529
2014-04-14 13:20:00,72.3136612903,0.3871365865842885,0,-0.109992114476789,-0.21998422895357805,-0.10999211447678901
2014-04-14 13:25:00,82.57013533,0.4047042535168499,0,-0.1099922119445645,-0.219984423889129,-0.1099922119445645
2014-04-14 13:30:00,77.8212380718,0.396572135296718,0,-0.10999230820764694,-0.21998461641529388,-0.10999230820764694
2014-04-14 13:35:00,83.3912312752,0.4060884345503077,0,-0.10999240328092516,-0.21998480656185035,-0.10999240328092517
2014-04-14 13:40:00,82.0179180399,0.4037050750613329,0,-0.1099924971791041,-0.2199849943582082,-0.1099924971791041
2014-04-14 13:45:00,82.3870989478,0.4044013544154297,0,-0.10999258991670686,-0.21998517983341373,-0.10999258991670686
2014-04-14 13:50:00,84.6524088627,0.408139001667048,0,-0.10999268150807716,-0.21998536301615434,-0.10999268150807717
2014-04-14 13:55:00,82.06568984229999,0.4036874679186297,0,-0.10999277196738146,-0.2199855439347629,-0.10999277196738146
2014-04-14 14:00:00,78.6933188987,0.3980152021158122,0,-0.10999286130861108,-0.21998572261722216,-0.10999286130861109
2014-04-14 14:05:00,78.2325818805,0.39718491556793706,0,-0.1099929495455846,-0.2199858990911692,-0.1099929495455846
2014-04-14 14:10:00,73.9074006431,0.3899654334054449,0,-0.10999303669194964,-0.2199860733838993,-0.10999303669194965
2014-04-14 14:15:00,84.4643369229,0.4080738773358204,0,-0.10999312276118534,-0.21998624552237067,-0.10999312276118534
2014-04-14 14:20:00,84.1710008493,0.40737982095516106,0,-0.10999320776660416,-0.2199864155332083,-0.10999320776660415
2014-04-14 14:25:00,75.9346986115,0.3932293151943492,0,-0.10999329172135408,-0.21998658344270813,-0.10999329172135407
2014-04-14 14:30:00,85.79604637029999,0.4101207944284619,0,-0.1099933746384206,-0.2199867492768412,-0.10999337463842059
2014-04-14 14:35:00,81.4175382005,0.4025371411011273,0,-0.10999345653062877,-0.21998691306125756,-0.10999345653062877
2014-04-14 14:40:00,79.6526167592,0.3995163822605495,0,-0.10999353741064513,-0.21998707482129026,-0.10999353741064512
2014-04-14 14:45:00,72.2741584307,0.38698345620484303,0,-0.10999361729097967,-0.21998723458195935,-0.10999361729097969
2014-04-14 14:50:00,78.1176090651,0.3970021824895729,0,-0.10999369618398784,-0.2199873923679757,-0.10999369618398785
2014-04-14 14:55:00,82.2441522332,0.4040014832545474,0,-0.10999377410187236,-0.21998754820374472,-0.10999377410187236
2014-04-14 15:00:00,73.4347904276,0.38899677336364297,0,-0.10999385105668512,-0.21998770211337024,-0.10999385105668513
2014-04-14 15:05:00,79.35180729300001,0.3990755049457896,0,-0.10999392706032916,-0.21998785412065835,-0.10999392706032916
2014-04-14 15:10:00,87.89356890219999,0.4137441788531068,0,-0.10999400212456033,-0.21998800424912066,-0.10999400212456031
2014-04-14 15:15:00,83.4632827615,0.40591415879511056,0,-0.10999407626098924,-0.21998815252197845,-0.10999407626098923
2014-04-14 15:20:00,80.7486422011,0.401161915321791,0,-0.10999414948108303,-0.21998829896216607,-0.10999414948108303
2014-04-14 15:25:00,80.5272377026,0.4007036717127769,0,-0.10999422179616712,-0.21998844359233424,-0.10999422179616711
2014-04-14 15:30:00,72.6990781123,0.3873875744960148,0,-0.10999429321742694,-0.2199885864348539,-0.10999429321742694
2014-04-14 15:35:00,87.315633926,0.4122246738432572,0,-0.10999436375590972,-0.21998872751181944,-0.10999436375590972
2014-04-14 15:40:00,86.8494529511,0.4113311568591912,0,-0.10999443342252617,-0.21998886684505234,-0.10999443342252617
2014-04-14 15:45:00,82.91714867520001,0.4045657150451372,0,-0.10999450222805213,-0.21998900445610425,-0.10999450222805213
2014-04-14 15:50:00,73.5830090479,0.3887746174803489,0,-0.10999457018313027,-0.21998914036626055,-0.10999457018313029
2014-04-14 15:55:00,75.3241371425,0.3917844064458975,0,-0.10999463729827184,-0.21998927459654366,-0.10999463729827182
2014-04-14 16:00:00,74.9423127578,0.3911083732599271,0,-0.10999470358385796,-0.21998940716771592,-0.10999470358385796
2014-04-14 16:05:00,80.3129987592,0.400374441657858,0,-0.10999476905014167,-0.21998953810028335,-0.10999476905014169
2014-04-14 16:10:00,75.3246209525,0.3918517282779636,0,-0.10999483370724927,-0.21998966741449855,-0.10999483370724929
2014-04-14 16:15:00,83.1325429597,0.4052026864676117,0,-0.1099948975651818,-0.2199897951303636,-0.10999489756518181
2014-04-14 16:20:00,80.7234198597,0.4011544468474025,0,-0.1099949606338168,-0.2199899212676336,-0.10999496063381681
2014-04-14 16:25:00,72.28229952859999,0.3869179849730103,0,-0.1099950229229097,-0.2199900458458194,-0.1099950229229097
2014-04-14 16:30:00,83.90464729680001,0.4066638479529481,0,-0.1099950844420954,-0.2199901688841908,-0.1099950844420954
2014-04-14 16:35:00,75.0210197184,0.3914745486539845,0,-0.10999514520088964,-0.2199902904017793,-0.10999514520088965
2014-04-14 16:40:00,85.1978892808,0.408729177692483,0,-0.10999520520869073,-0.21999041041738146,-0.10999520520869072
2014-04-14 16:45:00,77.6804784156,0.3958833030349589,0,-0.1099952644747806,-0.21999052894956125,-0.10999526447478061
2014-04-14 16:50:00,77.41766714239999,0.39549832841640187,0,-0.10999532300832668,-0.21999064601665336,-0.10999532300832669
2014-04-14 16:55:00,72.1888463674,0.3867687486245192,0,-0.109995380818383,-0.219990761636766,-0.10999538081838299
2014-04-14 17:00:00,87.8036075324,0.41330535375820987,0,-0.10999543791389167,-0.21999087582778332,-0.10999543791389167
2014-04-14 17:05:00,81.79201707979999,0.4029756024901849,0,-0.10999549430368434,-0.21999098860736868,-0.10999549430368434
2014-04-14 17:10:00,78.7636322502,0.3978581954236404,0,-0.10999554999648352,-0.21999109999296704,-0.10999554999648352
2014-04-14 17:15:00,73.545895402,0.3889792418112141,0,-0.10999560500090387,-0.2199912100018077,-0.10999560500090387
2014-04-14 17:20:00,83.1863157871,0.4053775925687509,0,-0.10999565932545363,-0.21999131865090726,-0.10999565932545362
2014-04-14 17:25:00,76.5236385447,0.3940420959266159,0,-0.10999571297853583,-0.2199914259570717,-0.10999571297853585
2014-04-14 17:30:00,87.812436894,0.4133370584177089,0,-0.10999576596844976,-0.2199915319368995,-0.10999576596844975
2014-04-14 17:35:00,87.20870193280001,0.4120715625925667,0,-0.10999581830339196,-0.21999163660678395,-0.10999581830339197
2014-04-14 17:40:00,83.7646932514,0.4059660622698256,0,-0.10999586999145787,-0.21999173998291574,-0.10999586999145788
2014-04-14 17:45:00,87.5370948608,0.4124221211157098,0,-0.10999592104064278,-0.21999184208128555,-0.10999592104064278
2014-04-14 17:50:00,73.6900946376,0.3887505340762539,0,-0.10999597145884313,-0.21999194291768626,-0.10999597145884313
2014-04-14 17:55:00,76.47859682229999,0.3934513257084703,0,-0.1099960212538578,-0.2199920425077156,-0.10999602125385781
2014-04-14 18:00:00,-9.73464225539e-06,0.3331139060135527,0,-0.10999607043338937,-0.2199921408667787,-0.10999607043338935
2014-04-14 18:05:00,-9.36348192447e-06,0.3327660974074747,0,-0.10999611900504504,-0.21999223801009007,-0.10999611900504504
2014-04-14 18:10:00,-1.12071200726e-05,0.3324181591075871,0,-0.10999616697633817,-0.2199923339526764,-0.10999616697633818
2014-04-14 18:15:00,-9.3388269294e-06,0.3320747018320235,0,-0.10999621435468923,-0.21999242870937846,-0.10999621435468923
2014-04-14 18:20:00,-1.09704988753e-05,0.3317272625298597,0,-0.10999626114742686,-0.21999252229485367,-0.10999626114742686
2014-04-14 18:25:00,-1.07891945975e-05,0.33137802532800864,0,-0.10999630736178924,-0.21999261472357848,-0.10999630736178924
2014-04-14 18:30:00,-9.98577579508e-06,0.3310144927612062,0,-0.10999635300492508,-0.21999270600985016,-0.10999635300492508
2014-04-14 18:35:00,-9.254517478610001e-06,0.33067990836102784,0,-0.10999639808389468,-0.21999279616778936,-0.10999639808389469
2014-04-14 18:40:00,-9.22848441335e-06,0.3303452959448987,0,-0.10999644260567117,-0.21999288521134236,-0.10999644260567117
2014-04-14 18:45:00,-9.63377938568e-06,0.33001745427285706,0,-0.10999648657714138,-0.2199929731542828,-0.10999648657714138
2014-04-14 18:50:00,-1.02274592358e-05,0.32966303355613624,0,-0.10999653000510716,-0.2199930600102143,-0.10999653000510715
2014-04-14 18:55:00,-1.01537996353e-05,0.3293123214980878,0,-0.10999657289628616,-0.21999314579257231,-0.10999657289628616
2014-04-14 19:00:00,-16.2729383279,0.3556941971624307,0,-0.10999661525731312,-0.21999323051462624,-0.10999661525731312
2014-04-14 19:05:00,-16.8702719503,0.3565669096223931,0,-0.1099966570947407,-0.2199933141894814,-0.1099966570947407
2014-04-14 19:10:00,-15.607536765299999,0.35432840209891314,0,-0.10999669841504063,-0.21999339683008126,-0.10999669841504063
2014-04-14 19:15:00,-14.9131657345,0.3530542035853003,0,-0.1099967392246046,-0.2199934784492092,-0.10999673922460461
2014-04-14 19:20:00,-16.9601587048,0.3563511582336243,0,-0.10999677952974536,-0.21999355905949072,-0.10999677952974536
2014-04-14 19:25:00,-15.4646121597,0.3537299430029268,0,-0.1099968193366976,-0.2199936386733952,-0.1099968193366976
2014-04-14 19:30:00,-15.318024033599999,0.3533698979656575,0,-0.10999685865161894,-0.21999371730323788,-0.10999685865161894
2014-04-14 19:35:00,-16.8458006792,0.3557940929442298,0,-0.10999689748059094,-0.21999379496118188,-0.10999689748059094
2014-04-14 19:40:00,-17.3892484277,0.35656921986451795,0,-0.10999693582961996,-0.21999387165923995,-0.10999693582961997
2014-04-14 19:45:00,-17.3278783204,0.3563327638428997,0,-0.10999697370463818,-0.2199939474092764,-0.10999697370463818
2014-04-14 19:50:00,-14.8398176622,0.35207450831630266,0,-0.10999701111150438,-0.2199940222230088,-0.10999701111150438
2014-04-14 19:55:00,-16.0101081404,0.35390105483729706,0,-0.10999704805600498,-0.21999409611201,-0.10999704805600498
2014-04-14 20:00:00,-17.6366222658,0.3564776839222753,0,-0.10999708454385487,-0.21999416908770972,-0.10999708454385487
2014-04-14 20:05:00,-20.970148129600002,0.3620193756897512,0,-0.10999712058069833,-0.21999424116139665,-0.10999712058069833
2014-04-14 20:10:00,-18.106475468,0.3572105954682753,0,-0.10999715617210984,-0.2199943123442197,-0.10999715617210985
2014-04-14 20:15:00,-18.0381299519,0.3570847154724285,0,-0.10999719132359502,-0.21999438264719004,-0.10999719132359502
2014-04-14 20:20:00,-20.6933214258,0.3614835089808931,0,-0.1099972260405914,-0.2199944520811828,-0.1099972260405914
2014-04-14 20:25:00,-20.9965465796,0.3619493009942025,0,-0.10999726032846932,-0.21999452065693864,-0.10999726032846932
2014-04-14 20:30:00,-19.9589083015,0.36017520033454203,0,-0.10999729419253282,-0.21999458838506564,-0.10999729419253282
2014-04-14 20:35:00,-17.744659708,0.35645809768416664,0,-0.10999732763802024,-0.2199946552760405,-0.10999732763802025
2014-04-14 20:40:00,-19.1456859529,0.3587619292653137,0,-0.10999736067010532,-0.21999472134021064,-0.10999736067010532
2014-04-14 20:45:00,-20.4157639967,0.3608421745205597,0,-0.10999739329389777,-0.21999478658779556,-0.10999739329389777
2014-04-14 20:50:00,-19.478312800999998,0.35923661102627696,0,-0.10999742551444414,-0.21999485102888827,-0.10999742551444414
2014-04-14 20:55:00,-17.7891646217,0.35638942937780665,0,-0.10999745733672864,-0.2199949146734573,-0.10999745733672865
2014-04-14 21:00:00,-18.5380506666,0.35762754693243504,0,-0.10999748876567393,-0.21999497753134786,-0.10999748876567393
2014-04-14 21:05:00,-21.2849142576,0.3622115353459846,0,-0.1099975198061417,-0.2199950396122834,-0.1099975198061417
2014-04-14 21:10:00,-19.947251803900002,0.3599697394545306,0,-0.10999755046293364,-0.2199951009258673,-0.10999755046293365
2014-04-14 21:15:00,-20.6567604036,0.3611473383292801,0,-0.10999758074079206,-0.21999516148158413,-0.10999758074079206
2014-04-14 21:20:00,-19.336312183900002,0.35894292383245463,0,-0.10999761064440072,-0.21999522128880145,-0.10999761064440071
2014-04-14 21:25:00,-19.9689028755,0.36001036949921783,0,-0.10999764017838536,-0.21999528035677074,-0.10999764017838537
2014-04-14 21:30:00,-21.7331453508,0.3629414068597897,0,-0.10999766934731467,-0.21999533869462934,-0.10999766934731468
2014-04-14 21:35:00,-19.1642617298,0.3586462931282657,0,-0.10999769815570083,-0.2199953963114017,-0.10999769815570085
2014-04-14 21:40:00,-20.5335609619,0.3609201522902856,0,-0.10999772660800024,-0.2199954532160005,-0.10999772660800025
2014-04-14 21:45:00,-18.5405021275,0.35760645174015204,0,-0.10999775470861424,-0.2199955094172285,-0.10999775470861425
2014-04-14 21:50:00,-18.3390639404,0.3572898636625365,0,-0.10999778246188976,-0.2199955649237795,-0.10999778246188975
2014-04-14 21:55:00,-20.965484048,0.3616800332147045,0,-0.10999780987211996,-0.21999561974423992,-0.10999780987211996
2014-04-14 22:00:00,-21.3422305649,0.3622759213085232,0,-0.10999783694354504,-0.21999567388709007,-0.10999783694354504
2014-04-14 22:05:00,-20.6401696035,0.3610844412971405,0,-0.10999786368035266,-0.21999572736070533,-0.10999786368035266
2014-04-14 22:10:00,-18.6029709121,0.3576773302308769,0,-0.10999789008667886,-0.21999578017335766,-0.10999789008667886
2014-04-14 22:15:00,-18.9320121151,0.35823259160843396,0,-0.10999791616660846,-0.21999583233321693,-0.10999791616660846
2014-04-14 22:20:00,-21.6100713256,0.36269931766500135,0,-0.10999794192417583,-0.21999588384835167,-0.10999794192417583
2014-04-14 22:25:00,-19.124168505,0.35853538496387016,0,-0.10999796736336546,-0.21999593472673093,-0.10999796736336546
2014-04-14 22:30:00,-21.2414013749,0.3620737456923347,0,-0.10999799248811264,-0.21999598497622527,-0.10999799248811264
2014-04-14 22:35:00,-19.1131191727,0.3585107585828476,0,-0.10999801730230394,-0.21999603460460787,-0.10999801730230394
2014-04-14 22:40:00,-21.723037734699997,0.3628759148085603,0,-0.10999804180977793,-0.21999608361955586,-0.10999804180977793
2014-04-14 22:45:00,-21.6231591704,0.3626805132203384,0,-0.10999806601432577,-0.21999613202865154,-0.10999806601432577
2014-04-14 22:50:00,-18.1439758251,0.3568738525570188,0,-0.10999808991969172,-0.21999617983938347,-0.10999808991969173
2014-04-14 22:55:00,-21.0479253152,0.361719562311493,0,-0.10999811352957377,-0.2199962270591476,-0.10999811352957378
2014-04-14 23:00:00,-18.6718701329,0.3577610025087561,0,-0.10999813684762423,-0.21999627369524846,-0.10999813684762423
2014-04-14 23:05:00,-18.855050959,0.35806161096195793,0,-0.10999815987745022,-0.21999631975490044,-0.10999815987745022
2014-04-14 23:10:00,-19.8330322507,0.3597083708732446,0,-0.1099981826226143,-0.2199963652452286,-0.1099981826226143
2014-04-14 23:15:00,-20.2987749151,0.3604880356238642,0,-0.10999820508663499,-0.21999641017327,-0.10999820508663499
2014-04-14 23:20:00,-19.2970218554,0.3588321789988201,0,-0.10999822727298736,-0.21999645454597472,-0.10999822727298736
2014-04-14 23:25:00,-20.2950369748,0.3605112271948757,0,-0.10999824918510348,-0.21999649837020693,-0.10999824918510347
2014-04-14 23:30:00,-18.6766550457,0.3578195389700368,0,-0.109998270826373,-0.219996541652746,-0.10999827082637299
2014-04-14 23:35:00,-18.083562028299998,0.3568612372169137,0,-0.10999829220014368,-0.21999658440028735,-0.10999829220014369
2014-04-14 23:40:00,-20.2784063896,0.36053750155083214,0,-0.10999831330972196,-0.219996626619444,-0.10999831330972198
2014-04-14 23:45:00,-20.0632387516,0.36019281225586497,0,-0.10999833415837336,-0.21999666831674675,-0.10999833415837337
2014-04-14 23:50:00,-20.7519731026,0.36135228949826703,0,-0.10999835474932304,-0.21999670949864605,-0.10999835474932303
2014-04-14 23:55:00,-20.592696479,0.3610912230832962,0,-0.10999837508575623,-0.21999675017151246,-0.10999837508575623
