timestamp,value,anomaly_score,label,S(t)_standard,S(t)_reward_low_FP_rate,S(t)_reward_low_FN_rate
2011-07-01 00:00:01,0.08196473551639999,0.0,0,-0.11,-0.22,-0.11
2011-07-01 01:00:01,0.0989722357526,0.0,0,-0.11,-0.22,-0.11
2011-07-01 02:00:01,0.0653139485883,0.0,0,-0.11,-0.22,-0.11
2011-07-01 03:00:01,0.0706628339533,0.0,0,-0.11,-0.22,-0.11
2011-07-01 04:00:01,0.102490196078,0.0,0,-0.11,-0.22,-0.11
2011-07-01 05:00:01,0.123394648829,0.0,0,-0.11,-0.22,-0.11
2011-07-01 06:00:01,0.153045112782,0.0,0,-0.11,-0.22,-0.11
2011-07-01 07:00:01,0.148321513002,0.0,0,-0.11,-0.22,-0.11
2011-07-01 08:00:01,0.218257756563,0.0,0,-0.11,-0.22,-0.11
2011-07-01 09:00:01,0.226597938144,0.0,0,-0.11,-0.22,-0.11
2011-07-01 10:00:01,0.174045801527,0.0,0,-0.11,-0.22,-0.11
2011-07-01 11:00:01,0.159901960784,0.0,0,-0.11,-0.22,-0.11
2011-07-01 12:00:01,0.145626477541,0.0,0,-0.11,-0.22,-0.11
2011-07-01 13:00:01,0.143828571429,0.0,0,-0.11,-0.22,-0.11
2011-07-01 14:00:01,0.136604651163,0.0,0,-0.11,-0.22,-0.11
2011-07-01 15:00:01,0.134952494062,0.0,0,-0.11,-0.22,-0.11
2011-07-01 16:00:01,0.112707774799,0.0,0,-0.11,-0.22,-0.11
2011-07-01 17:00:01,0.103763277693,0.0,0,-0.11,-0.22,-0.11
2011-07-01 18:00:01,0.0987147766323,0.0,0,-0.11,-0.22,-0.11
2011-07-01 19:00:01,0.0916247582205,0.0,0,-0.11,-0.22,-0.11
2011-07-01 20:00:01,0.08049516908210001,0.0,0,-0.11,-0.22,-0.11
2011-07-01 21:00:01,0.08457839262189999,0.0,0,-0.11,-0.22,-0.11
2011-07-01 22:00:01,0.0866643159379,0.0,0,-0.11,-0.22,-0.11
2011-07-01 23:00:01,0.0988316679477,0.0,0,-0.11,-0.22,-0.11
2011-07-02 00:00:01,0.11795614722000004,0.0,0,-0.11,-0.22,-0.11
2011-07-02 01:00:01,0.0909769230769,0.0,0,-0.11,-0.22,-0.11
2011-07-02 02:00:01,0.08432432432430001,0.0,0,-0.11,-0.22,-0.11
2011-07-02 03:00:01,0.06947448206160001,0.0,0,-0.11,-0.22,-0.11
2011-07-02 04:00:01,0.0712875751503,0.0,0,-0.11,-0.22,-0.11
2011-07-02 05:00:01,0.07381991814460001,0.0,0,-0.11,-0.22,-0.11
2011-07-02 06:00:01,0.113498134328,0.0,0,-0.11,-0.22,-0.11
2011-07-02 07:00:01,0.141458064516,0.0,0,-0.11,-0.22,-0.11
2011-07-02 08:00:01,0.189128787879,0.0,0,-0.11,-0.22,-0.11
2011-07-02 09:00:01,0.151339712919,0.0,0,-0.11,-0.22,-0.11
2011-07-02 10:00:01,0.155231143552,0.0,0,-0.11,-0.22,-0.11
2011-07-02 11:00:01,0.14298245614,0.0,0,-0.11,-0.22,-0.11
2011-07-02 12:00:01,0.144218181818,0.0,0,-0.11,-0.22,-0.11
2011-07-02 13:00:01,0.14336650082900002,0.0,0,-0.11,-0.22,-0.11
2011-07-02 14:00:01,0.152361516035,0.0,0,-0.11,-0.22,-0.11
2011-07-02 15:00:01,0.143050228311,0.0,0,-0.11,-0.22,-0.11
2011-07-02 16:00:01,0.102183828611,0.0,0,-0.11,-0.22,-0.11
2011-07-02 17:00:01,0.09247311827960003,0.0,0,-0.11,-0.22,-0.11
2011-07-02 18:00:01,0.07645569620249999,0.0,0,-0.11,-0.22,-0.11
2011-07-02 19:00:01,0.0743530192435,0.0,0,-0.11,-0.22,-0.11
2011-07-02 20:00:01,0.0709893842887,0.0,0,-0.11,-0.22,-0.11
2011-07-02 21:00:01,0.0571908831909,0.0,0,-0.11,-0.22,-0.11
2011-07-02 22:00:01,0.06290963629549999,0.0,0,-0.11,-0.22,-0.11
2011-07-02 23:00:01,0.065544768069,0.0,0,-0.11,-0.22,-0.11
2011-07-03 00:00:01,0.0567160161507,0.0,0,-0.11,-0.22,-0.11
2011-07-03 01:00:01,0.0587607170694,0.0,0,-0.11,-0.22,-0.11
2011-07-03 02:00:01,0.0598788546256,0.0,0,-0.11,-0.22,-0.11
2011-07-03 03:00:01,0.0512832369942,0.0,0,-0.11,-0.22,-0.11
2011-07-03 04:00:01,0.0591086065574,0.0,0,-0.11,-0.22,-0.11
2011-07-03 05:00:01,0.06913990825689999,0.0,0,-0.11,-0.22,-0.11
2011-07-03 06:00:01,0.091963099631,0.0,0,-0.11,-0.22,-0.11
2011-07-03 07:00:01,0.124621212121,0.0,0,-0.11,-0.22,-0.11
2011-07-03 08:00:01,0.218095238095,0.0,0,-0.11,-0.22,-0.11
2011-07-03 09:00:01,0.172130325815,0.0,0,-0.11,-0.22,-0.11
2011-07-03 10:00:01,0.142936288089,0.0,0,-0.11,-0.22,-0.11
2011-07-03 11:00:01,0.14734138972799998,0.0,0,-0.11,-0.22,-0.11
2011-07-03 12:00:01,0.123138297872,0.0,0,-0.11,-0.22,-0.11
2011-07-03 13:00:01,0.123795986622,0.0,0,-0.11,-0.22,-0.11
2011-07-03 14:00:01,0.121458797327,0.0,0,-0.11,-0.22,-0.11
2011-07-03 15:00:01,0.114387596899,0.0,0,-0.11,-0.22,-0.11
2011-07-03 16:00:01,0.0894912891986,0.0,0,-0.11,-0.22,-0.11
2011-07-03 17:00:01,0.07978516978519999,0.0,0,-0.11,-0.22,-0.11
2011-07-03 18:00:01,0.0724256756757,0.0,0,-0.11,-0.22,-0.11
2011-07-03 19:00:01,0.0671052631579,0.0,0,-0.11,-0.22,-0.11
2011-07-03 20:00:01,0.0625718496684,0.0,0,-0.11,-0.22,-0.11
2011-07-03 21:00:01,0.05120573355819999,0.0,0,-0.11,-0.22,-0.11
2011-07-03 22:00:01,0.050217721519,0.0,0,-0.11,-0.22,-0.11
2011-07-03 23:00:01,0.053083333333300016,0.0,0,-0.11,-0.22,-0.11
2011-07-04 00:00:01,0.0454658136745,0.0,0,-0.11,-0.22,-0.11
2011-07-04 01:00:01,0.0482011892963,0.0,0,-0.11,-0.22,-0.11
2011-07-04 02:00:01,0.0424707080998,0.0,0,-0.11,-0.22,-0.11
2011-07-04 03:00:01,0.0361947700631,0.0,0,-0.11,-0.22,-0.11
2011-07-04 04:00:01,0.0423479561316,0.0,0,-0.11,-0.22,-0.11
2011-07-04 05:00:01,0.0616081330869,0.0,0,-0.11,-0.22,-0.11
2011-07-04 06:00:01,0.0973949579832,0.0,0,-0.11,-0.22,-0.11
2011-07-04 07:00:01,0.122106918239,0.0,0,-0.11,-0.22,-0.11
2011-07-04 08:00:01,0.182614213198,0.0,0,-0.11,-0.22,-0.11
2011-07-04 09:00:01,0.17612456747400002,0.0,0,-0.11,-0.22,-0.11
2011-07-04 10:00:01,0.146950672646,0.0,0,-0.11,-0.22,-0.11
2011-07-04 11:00:01,0.121809045226,0.0,0,-0.11,-0.22,-0.11
2011-07-04 12:00:01,0.127351694915,0.0,0,-0.11,-0.22,-0.11
2011-07-04 13:00:01,0.111390532544,0.0,0,-0.11,-0.22,-0.11
2011-07-04 14:00:01,0.123798816568,0.0,0,-0.11,-0.22,-0.11
2011-07-04 15:00:01,0.110897571278,0.0,0,-0.11,-0.22,-0.11
2011-07-04 16:00:01,0.08640699523050001,0.0,0,-0.11,-0.22,-0.11
2011-07-04 17:00:01,0.0857901085645,0.0,0,-0.11,-0.22,-0.11
2011-07-04 18:00:01,0.07123339658439999,0.0,0,-0.11,-0.22,-0.11
2011-07-04 19:00:01,0.06648401826480001,0.0,0,-0.11,-0.22,-0.11
2011-07-04 20:00:01,0.0633661075766,0.0,0,-0.11,-0.22,-0.11
2011-07-04 21:00:01,0.0602728613569,0.0,0,-0.11,-0.22,-0.11
2011-07-04 22:00:01,0.06049354243540001,0.0,0,-0.11,-0.22,-0.11
2011-07-04 23:00:01,0.059634551495,0.0,0,-0.11,-0.22,-0.11
2011-07-05 00:00:01,0.055502309468800005,0.0,0,-0.11,-0.22,-0.11
2011-07-05 01:00:01,0.042670157068099984,0.0,0,-0.11,-0.22,-0.11
2011-07-05 02:00:01,0.045455079271900005,0.0,0,-0.11,-0.22,-0.11
2011-07-05 03:00:01,0.0372700871249,0.0,0,-0.11,-0.22,-0.11
2011-07-05 04:00:01,0.0448206751055,0.0,0,-0.11,-0.22,-0.11
2011-07-05 05:00:01,0.0649965493444,0.0,0,-0.11,-0.22,-0.11
2011-07-05 06:00:01,0.0948186528497,0.0,0,-0.11,-0.22,-0.11
2011-07-05 07:00:01,0.11772173913,0.0,0,-0.11,-0.22,-0.11
2011-07-05 08:00:01,0.17683333333299994,0.0,0,-0.11,-0.22,-0.11
2011-07-05 09:00:01,0.146557377049,0.0,0,-0.11,-0.22,-0.11
2011-07-05 10:00:01,0.13357429718900002,0.0,0,-0.11,-0.22,-0.11
2011-07-05 11:00:01,0.139591836735,0.0,0,-0.11,-0.22,-0.11
2011-07-05 12:00:01,0.113243243243,0.0,0,-0.11,-0.22,-0.11
2011-07-05 13:00:01,0.121060070671,0.0,0,-0.11,-0.22,-0.11
2011-07-05 14:00:01,0.119309210526,0.0,0,-0.11,-0.22,-0.11
2011-07-05 15:00:01,0.105715846995,0.0,0,-0.11,-0.22,-0.11
2011-07-05 16:00:01,0.0908553546592,0.0,0,-0.11,-0.22,-0.11
2011-07-05 17:00:01,0.0824758220503,0.0,0,-0.11,-0.22,-0.11
2011-07-05 18:00:01,0.0744980370163,0.0,0,-0.11,-0.22,-0.11
2011-07-05 19:00:01,0.0757240204429,0.0,0,-0.11,-0.22,-0.11
2011-07-05 20:00:01,0.0704836829837,0.0,0,-0.11,-0.22,-0.11
2011-07-05 21:00:01,0.0659228486647,0.0,0,-0.11,-0.22,-0.11
2011-07-05 22:00:01,0.0508973252804,0.0,0,-0.11,-0.22,-0.11
2011-07-05 23:00:01,0.0550694444444,0.0,0,-0.11,-0.22,-0.11
2011-07-06 00:00:01,0.0592647765497,0.0,0,-0.11,-0.22,-0.11
2011-07-06 01:00:01,0.0506581469649,0.0,0,-0.11,-0.22,-0.11
2011-07-06 02:00:01,0.0409549982824,0.0,0,-0.11,-0.22,-0.11
2011-07-06 03:00:01,0.0354873115116,0.0,0,-0.11,-0.22,-0.11
2011-07-06 04:00:01,0.0584235976789,0.0,0,-0.11,-0.22,-0.11
2011-07-06 05:00:01,0.0979736408567,0.0,0,-0.11,-0.22,-0.11
2011-07-06 06:00:01,0.109025423729,0.0,0,-0.11,-0.22,-0.11
2011-07-06 07:00:01,0.11874025974,0.0,0,-0.11,-0.22,-0.11
2011-07-06 08:00:01,0.171501416431,0.0,0,-0.11,-0.22,-0.11
2011-07-06 09:00:01,0.177857142857,0.0,0,-0.11,-0.22,-0.11
2011-07-06 10:00:01,0.13867841409700002,0.0,0,-0.11,-0.22,-0.11
2011-07-06 11:00:01,0.140806451613,0.0,0,-0.11,-0.22,-0.11
2011-07-06 12:00:01,0.15341772151900002,0.0,0,-0.11,-0.22,-0.11
2011-07-06 13:00:01,0.11140070922,0.0,0,-0.11,-0.22,-0.11
2011-07-06 14:00:01,0.114154929577,0.0,0,-0.11,-0.22,-0.11
2011-07-06 15:00:01,0.117304261645,0.0,0,-0.11,-0.22,-0.11
2011-07-06 16:00:01,0.08717532467530001,0.0,0,-0.11,-0.22,-0.11
2011-07-06 17:00:01,0.0905656934307,0.0,0,-0.11,-0.22,-0.11
2011-07-06 18:00:01,0.08282339707539997,0.0,0,-0.11,-0.22,-0.11
2011-07-06 19:00:01,0.0885174625802,0.0,0,-0.11,-0.22,-0.11
2011-07-06 20:00:01,0.08493361285810001,0.0,0,-0.11,-0.22,-0.11
2011-07-06 21:00:01,0.0927850877193,0.0,0,-0.11,-0.22,-0.11
2011-07-06 22:00:01,0.080655983976,0.0,0,-0.11,-0.22,-0.11
2011-07-06 23:00:01,0.0737714285714,0.0,0,-0.11,-0.22,-0.11
2011-07-07 00:00:01,0.05897852278680001,0.0,0,-0.11,-0.22,-0.11
2011-07-07 01:00:01,0.0518829376035,0.0,0,-0.11,-0.22,-0.11
2011-07-07 02:00:01,0.0399152920196,0.0,0,-0.11,-0.22,-0.11
2011-07-07 03:00:01,0.0365565345081,0.0,0,-0.11,-0.22,-0.11
2011-07-07 04:00:01,0.0422852912142,0.0,0,-0.11,-0.22,-0.11
2011-07-07 05:00:01,0.0599111111111,0.0,0,-0.11,-0.22,-0.11
2011-07-07 06:00:01,0.06836,0.0,0,-0.11,-0.22,-0.11
2011-07-07 07:00:01,0.07854124748489999,0.0,0,-0.11,-0.22,-0.11
2011-07-07 08:00:01,0.1369,0.0,0,-0.11,-0.22,-0.11
2011-07-07 09:00:01,0.134372469636,0.0,0,-0.11,-0.22,-0.11
2011-07-07 10:00:01,0.130298102981,0.0,0,-0.11,-0.22,-0.11
2011-07-07 11:00:01,0.0940255591054,0.0,0,-0.11,-0.22,-0.11
2011-07-07 12:00:01,0.0949642004773,0.0,0,-0.11,-0.22,-0.11
2011-07-07 13:00:01,0.0797727272727,0.0,0,-0.11,-0.22,-0.11
2011-07-07 14:00:01,0.0865840938722,0.0,0,-0.11,-0.22,-0.11
2011-07-07 15:00:01,0.0828489795918,0.0,0,-0.11,-0.22,-0.11
2011-07-07 16:00:01,0.06434408602149999,0.0,0,-0.11,-0.22,-0.11
2011-07-07 17:00:01,0.06318667763159999,0.0,0,-0.11,-0.22,-0.11
2011-07-07 18:00:01,0.058831236897300014,0.0,0,-0.11,-0.22,-0.11
2011-07-07 19:00:01,0.0553018372703,0.0,0,-0.11,-0.22,-0.11
2011-07-07 20:00:01,0.06361774744030001,0.0,0,-0.11,-0.22,-0.11
2011-07-07 21:00:01,0.06966165413530001,0.0,0,-0.11,-0.22,-0.11
2011-07-07 22:00:01,0.06720930232559999,0.0,0,-0.11,-0.22,-0.11
2011-07-07 23:00:01,0.06476683937819999,0.0,0,-0.11,-0.22,-0.11
2011-07-08 00:00:01,0.0529286858974,0.0,0,-0.11,-0.22,-0.11
2011-07-08 01:00:01,0.043,0.0,0,-0.11,-0.22,-0.11
2011-07-08 02:00:01,0.0370847315436,0.0,0,-0.11,-0.22,-0.11
2011-07-08 03:00:01,0.029056261343,0.0,0,-0.11,-0.22,-0.11
2011-07-08 04:00:01,0.0390342793955,0.0,0,-0.11,-0.22,-0.11
2011-07-08 05:00:01,0.0547750865052,0.0,0,-0.11,-0.22,-0.11
2011-07-08 06:00:01,0.077652733119,0.0,0,-0.11,-0.22,-0.11
2011-07-08 07:00:01,0.105649202733,0.0,0,-0.11,-0.22,-0.11
2011-07-08 08:00:01,0.106728624535,0.0,0,-0.11,-0.22,-0.11
2011-07-08 09:00:01,0.13031358885,0.0,0,-0.11,-0.22,-0.11
2011-07-08 10:00:01,0.114,0.0,0,-0.11,-0.22,-0.11
2011-07-08 11:00:01,0.0982986111111,0.0,0,-0.11,-0.22,-0.11
2011-07-08 12:00:01,0.0896160558464,0.0,0,-0.11,-0.22,-0.11
2011-07-08 13:00:01,0.08206148282100001,0.0,0,-0.11,-0.22,-0.11
2011-07-08 14:00:01,0.0775255102041,0.0,0,-0.11,-0.22,-0.11
2011-07-08 15:00:01,0.080700525394,0.0,0,-0.11,-0.22,-0.11
2011-07-08 16:00:01,0.0630213706706,0.0,0,-0.11,-0.22,-0.11
2011-07-08 17:00:01,0.0710957642726,0.0,0,-0.11,-0.22,-0.11
2011-07-08 18:00:01,0.0692333019755,0.0,0,-0.11,-0.22,-0.11
2011-07-08 19:00:01,0.0578288770053,0.0,0,-0.11,-0.22,-0.11
2011-07-08 20:00:01,0.0509116607774,0.0,0,-0.11,-0.22,-0.11
2011-07-08 21:00:01,0.0566599025974,0.0,0,-0.11,-0.22,-0.11
2011-07-08 22:00:01,0.051887966805,0.0,0,-0.11,-0.22,-0.11
2011-07-08 23:00:01,0.04989457037430002,0.0,0,-0.11,-0.22,-0.11
2011-07-09 00:00:01,0.05091367713,0.0,0,-0.11,-0.22,-0.11
2011-07-09 01:00:01,0.0543451568895,0.0,0,-0.11,-0.22,-0.11
2011-07-09 02:00:01,0.0465873959572,0.0,0,-0.11,-0.22,-0.11
2011-07-09 03:00:01,0.0408384458078,0.0,0,-0.11,-0.22,-0.11
2011-07-09 04:00:01,0.0569039323046,0.0,0,-0.11,-0.22,-0.11
2011-07-09 05:00:01,0.065549898167,0.0,0,-0.11,-0.22,-0.11
2011-07-09 06:00:01,0.08301526717560001,0.0,0,-0.11,-0.22,-0.11
2011-07-09 07:00:01,0.103198924731,0.0,0,-0.11,-0.22,-0.11
2011-07-09 08:00:01,0.137385398981,0.0,0,-0.11,-0.22,-0.11
2011-07-09 09:00:01,0.124793187348,0.0,0,-0.11,-0.22,-0.11
2011-07-09 10:00:01,0.108936170213,0.0,0,-0.11,-0.22,-0.11
2011-07-09 11:00:01,0.110889423077,0.0,0,-0.11,-0.22,-0.11
2011-07-09 12:00:01,0.102679180887,0.0,0,-0.11,-0.22,-0.11
2011-07-09 13:00:01,0.0846708860759,0.0,0,-0.11,-0.22,-0.11
2011-07-09 14:00:01,0.074122983871,0.0,0,-0.11,-0.22,-0.11
2011-07-09 15:00:01,0.0688360175695,0.0,0,-0.11,-0.22,-0.11
2011-07-09 16:00:01,0.0609321533923,0.0,0,-0.11,-0.22,-0.11
2011-07-09 17:00:01,0.0511821086262,0.0,0,-0.11,-0.22,-0.11
2011-07-09 18:00:01,0.0732703213611,0.0,0,-0.11,-0.22,-0.11
2011-07-09 19:00:01,0.07470214455919999,0.0,0,-0.11,-0.22,-0.11
2011-07-09 20:00:01,0.0693601190476,0.0,0,-0.11,-0.22,-0.11
2011-07-09 21:00:01,0.06977087952700001,0.0,0,-0.11,-0.22,-0.11
2011-07-09 22:00:01,0.052871822606800005,0.0,0,-0.11,-0.22,-0.11
2011-07-09 23:00:01,0.0605546403075,0.0,0,-0.11,-0.22,-0.11
2011-07-10 00:00:01,0.0679034582133,0.0,0,-0.11,-0.22,-0.11
2011-07-10 01:00:01,0.0553818443804,0.0,0,-0.11,-0.22,-0.11
2011-07-10 02:00:01,0.0410645339217,0.0,0,-0.11,-0.22,-0.11
2011-07-10 03:00:01,0.03905,0.0,0,-0.11,-0.22,-0.11
2011-07-10 04:00:01,0.0452134831461,0.0,0,-0.11,-0.22,-0.11
2011-07-10 05:00:01,0.0568603465851,0.0,0,-0.11,-0.22,-0.11
2011-07-10 06:00:01,0.07129811996419999,0.0,0,-0.11,-0.22,-0.11
2011-07-10 07:00:01,0.088981042654,0.0,0,-0.11,-0.22,-0.11
2011-07-10 08:00:01,0.14926335175,0.0,0,-0.11,-0.22,-0.11
2011-07-10 09:00:01,0.12248,0.0,0,-0.11,-0.22,-0.11
2011-07-10 10:00:01,0.116993318486,0.0,0,-0.11,-0.22,-0.11
2011-07-10 11:00:01,0.111520342612,0.0,0,-0.11,-0.22,-0.11
2011-07-10 12:00:01,0.100423728814,0.0,0,-0.11,-0.22,-0.11
2011-07-10 13:00:01,0.08073381294960001,0.0,0,-0.11,-0.22,-0.11
2011-07-10 14:00:01,0.0885483870968,0.0,0,-0.11,-0.22,-0.11
2011-07-10 15:00:01,0.0845520833333,0.0,0,-0.11,-0.22,-0.11
2011-07-10 16:00:01,0.0803118503119,0.0,0,-0.11,-0.22,-0.11
2011-07-10 17:00:01,0.0752053063803,0.0,0,-0.11,-0.22,-0.11
2011-07-10 18:00:01,0.0604114134041,0.0,0,-0.11,-0.22,-0.11
2011-07-10 19:00:01,0.0611792138574,0.0,0,-0.11,-0.22,-0.11
2011-07-10 20:00:01,0.0581619758759,0.0,0,-0.11,-0.22,-0.11
2011-07-10 21:00:01,0.0557387444515,0.0,0,-0.11,-0.22,-0.11
2011-07-10 22:00:01,0.0557292271935,0.0,0,-0.11,-0.22,-0.11
2011-07-10 23:00:01,0.0554871794872,0.0,0,-0.11,-0.22,-0.11
2011-07-11 00:00:01,0.0435956467141,0.0,0,-0.11,-0.22,-0.11
2011-07-11 01:00:01,0.0410140708394,0.0,0,-0.11,-0.22,-0.11
2011-07-11 02:00:01,0.0390708661417,0.0,0,-0.11,-0.22,-0.11
2011-07-11 03:00:01,0.0484085051546,0.0,0,-0.11,-0.22,-0.11
2011-07-11 04:00:01,0.054830623306200005,0.0,1,1.0,1.0,1.0
2011-07-11 05:00:01,0.07988467874789999,0.0,1,0.9995802920893468,0.9995802920893468,0.9995802920893468
2011-07-11 06:00:01,0.0904545454545,0.0,1,0.9991476933957508,0.9991476933957508,0.9991476933957507
2011-07-11 07:00:01,0.109911504425,0.0,1,0.9987018138340604,0.9987018138340604,0.9987018138340604
2011-07-11 08:00:01,0.14953125,0.0,1,0.9982422518813144,0.9982422518813144,0.9982422518813143
2011-07-11 09:00:01,0.128966789668,0.0,1,0.9977685942644487,0.9977685942644487,0.9977685942644489
2011-07-11 10:00:01,0.120981132075,0.0,1,0.9972804156409542,0.9972804156409542,0.9972804156409542
2011-07-11 11:00:01,0.10642599278,0.0,1,0.9967772782724186,0.9967772782724186,0.9967772782724186
2011-07-11 12:00:01,0.0980687830688,0.0,1,0.9962587316909062,0.9962587316909062,0.9962587316909062
2011-07-11 13:00:01,0.08959558823529999,0.0,1,0.9957243123581244,0.9957243123581244,0.9957243123581243
2011-07-11 14:00:01,0.0831072555205,0.0,1,0.9951735433173438,0.9951735433173438,0.9951735433173438
2011-07-11 15:00:01,0.07615299334810001,0.0,1,0.9946059338380412,0.9946059338380412,0.9946059338380412
2011-07-11 16:00:01,0.0695591836735,0.0,1,0.9940209790532544,0.9940209790532544,0.9940209790532544
2011-07-11 17:00:01,0.0800690184049,0.0,1,0.9934181595896384,0.9934181595896384,0.9934181595896384
2011-07-11 18:00:01,0.07130668716369999,0.0,1,0.9927969411902322,0.9927969411902322,0.9927969411902322
2011-07-11 19:00:01,0.0689016172507,0.0,1,0.9921567743299564,0.9921567743299564,0.9921567743299564
2011-07-11 20:00:01,0.0657076101469,0.0,1,0.9914970938238749,0.9914970938238749,0.9914970938238747
2011-07-11 21:00:01,0.048883277216600005,0.0,1,0.9908173184282708,0.9908173184282708,0.9908173184282707
2011-07-11 22:00:01,0.0446334716459,0.0,1,0.9901168504346084,0.9901168504346084,0.9901168504346083
2011-07-11 23:00:01,0.043705780845599985,0.0,1,0.9893950752564564,0.9893950752564564,0.9893950752564563
2011-07-12 00:00:01,0.0405548387097,0.0,1,0.988651361009486,0.988651361009486,0.988651361009486
2011-07-12 01:00:01,0.0395984286338,0.0,1,0.9878850580846604,0.9878850580846604,0.9878850580846605
2011-07-12 02:00:01,0.0376497277677,0.0,1,0.9870954987147744,0.9870954987147744,0.9870954987147744
2011-07-12 03:00:01,0.0273855730502,0.0,1,0.9862819965344979,0.986281996534498,0.9862819965344979
2011-07-12 04:00:01,0.039974863845800006,0.0,1,0.9854438461341408,0.9854438461341409,0.985443846134141
2011-07-12 05:00:01,0.0512578222778,0.0,1,0.9845803226073436,0.9845803226073436,0.9845803226073436
2011-07-12 06:00:01,0.0768638392857,0.0,1,0.9836906810929584,0.9836906810929584,0.9836906810929583
2011-07-12 07:00:01,0.0844540229885,0.0,1,0.9827741563114006,0.9827741563114006,0.9827741563114006
2011-07-12 08:00:01,0.134916317992,0.0,1,0.9818299620957878,0.9818299620957878,0.9818299620957878
2011-07-12 09:00:01,0.130771812081,0.0,1,0.9808572909182154,0.9808572909182154,0.9808572909182154
2011-07-12 10:00:01,0.122636363636,0.0,1,0.979855313411562,0.979855313411562,0.9798553134115621
2011-07-12 11:00:01,0.116319218241,0.0,1,0.9788231778872496,0.9788231778872496,0.9788231778872495
2011-07-12 12:00:01,0.113074935401,0.0,1,0.9777600098494286,0.9777600098494286,0.9777600098494286
2011-07-12 13:00:01,0.0957581227437,0.0,1,0.976664911506104,0.976664911506104,0.976664911506104
2011-07-12 14:00:01,0.0948387096774,0.0,1,0.9755369612777628,0.9755369612777629,0.975536961277763
2011-07-12 15:00:01,0.08838909541510001,0.0,1,0.9743752133041094,0.9743752133041094,0.9743752133041094
2011-07-12 16:00:01,0.0805347091932,0.0,1,0.9731786969495788,0.9731786969495788,0.9731786969495789
2011-07-12 17:00:01,0.0838054474708,0.0,1,0.9719464163083396,0.9719464163083396,0.9719464163083396
2011-07-12 18:00:01,0.0699471598415,0.0,1,0.9706773497095642,0.9706773497095642,0.9706773497095642
2011-07-12 19:00:01,0.07197244379989999,0.0,1,0.969370449223803,0.969370449223803,0.969370449223803
2011-07-12 20:00:01,0.0716866359447,0.0,1,0.968024640171362,0.968024640171362,0.9680246401713619
2011-07-12 21:00:01,0.07516821345710001,0.0,1,0.9666388206336552,0.9666388206336552,0.9666388206336551
2011-07-12 22:00:01,0.0701829697396,0.0,1,0.9652118609685624,0.9652118609685624,0.9652118609685624
2011-07-12 23:00:01,0.062485345838199986,0.0,1,0.9637426033309164,0.9637426033309164,0.9637426033309164
2011-07-13 00:00:01,0.0591021967526,0.0,1,0.9622298611992968,0.9622298611992968,0.9622298611992968
2011-07-13 01:00:01,0.0564490339773,0.0,1,0.9606724189104076,0.9606724189104076,0.9606724189104076
2011-07-13 02:00:01,0.0495853829937,0.0,1,0.9590690312023928,0.9590690312023928,0.9590690312023927
2011-07-13 03:00:01,0.04280138339919999,0.0,1,0.9574184227685294,0.9574184227685294,0.9574184227685294
2011-07-13 04:00:01,0.06172,0.0,1,0.9557192878228346,0.9557192878228346,0.9557192878228346
2011-07-13 05:00:01,0.0787394957983,0.0,1,0.9539702896792084,0.9539702896792084,0.9539702896792085
2011-07-13 06:00:01,0.104476190476,0.0,1,0.9521700603458512,0.9521700603458512,0.9521700603458513
2011-07-13 07:00:01,0.13739884393100002,0.0,1,0.9503172001367728,0.9503172001367728,0.9503172001367728
2011-07-13 08:00:01,0.173003095975,0.0,1,0.9484102773023306,0.9484102773023306,0.9484102773023306
2011-07-13 09:00:01,0.160666666667,0.0,1,0.9464478276808512,0.9464478276808512,0.9464478276808512
2011-07-13 10:00:01,0.140447761194,0.0,1,0.9444283543734708,0.9444283543734708,0.9444283543734708
2011-07-13 11:00:01,0.14541322314000002,0.0,1,0.9423503274444864,0.9423503274444864,0.9423503274444865
2011-07-13 12:00:01,0.105280665281,0.3351886237025894,1,0.940212183649597,0.940212183649597,0.940212183649597
2011-07-13 13:00:01,0.109710144928,0.34373585247263083,1,0.9380123261945452,0.9380123261945452,0.9380123261945451
2011-07-13 14:00:01,0.119234234234,0.3627171195363637,1,0.9357491245268088,0.9357491245268088,0.9357491245268087
2011-07-13 15:00:01,0.109706521739,0.3432668262414507,1,0.9334209141630864,0.9334209141630864,0.9334209141630865
2011-07-13 16:00:01,0.1125,0.3485402734767683,1,0.93102599655549,0.93102599655549,0.93102599655549
2011-07-13 17:00:01,0.0806234203875,0.31828064440173315,1,0.9285626389994504,0.9285626389994504,0.9285626389994505
2011-07-13 18:00:01,0.0751756954612,0.32847874981846104,1,0.926029074586503,0.926029074586503,0.926029074586503
2011-07-13 19:00:01,0.0643361473523,0.3494793147781095,1,0.9234235022052406,0.9234235022052406,0.9234235022052406
2011-07-13 20:00:01,0.06327481431469999,0.3512228401988809,1,0.9207440865938532,0.9207440865938531,0.920744086593853
2011-07-13 21:00:01,0.0527571669477,0.37304877388276936,1,0.9179889584478164,0.9179889584478164,0.9179889584478165
2011-07-13 22:00:01,0.058752556237199986,0.3606416757031121,1,0.9151562145864208,0.9151562145864208,0.9151562145864207
2011-07-13 23:00:01,0.0675053153792,0.34179883621337304,1,0.9122439181819604,0.9122439181819604,0.9122439181819604
2011-07-14 00:00:01,0.0630647709321,0.35082520030346365,1,0.9092500990555396,0.9092500990555396,0.9092500990555396
2011-07-14 01:00:01,0.0542712671029,0.3694768521753653,1,0.9061727540435768,0.9061727540435768,0.9061727540435769
2011-07-14 02:00:01,0.0454437869822,0.38862749051193496,1,0.9030098474392121,0.903009847439212,0.9030098474392119
2011-07-14 03:00:01,0.042784391534400015,0.3940455805711174,1,0.8997593115129415,0.8997593115129415,0.8997593115129415
2011-07-14 04:00:01,0.07548880393230001,0.3225640711296711,1,0.8964190471169182,0.8964190471169182,0.8964190471169182
2011-07-14 05:00:01,0.12162962963,0.3805908481095635,1,0.8929869243774627,0.8929869243774627,0.8929869243774627
2011-07-14 06:00:01,0.104147465438,0.3422608360379857,1,0.8894607834804262,0.8894607834804262,0.8894607834804262
2011-07-14 07:00:01,0.11685300207,0.3697162014204041,1,0.8858384355541431,0.8858384355541431,0.8858384355541431
2011-07-14 08:00:01,0.163841463415,0.4771811862841701,1,0.8821176636547786,0.8821176636547786,0.8821176636547786
2011-07-14 09:00:01,0.134169491525,0.4067065987113368,1,0.8782962238589515,0.8782962238589515,0.8782962238589515
2011-07-14 10:00:01,0.119638554217,0.3737652871347583,1,0.8743718464685659,0.8743718464685659,0.8743718464685659
2011-07-14 11:00:01,0.105258215962,0.3426423381697998,1,0.8703422373328092,0.8703422373328092,0.8703422373328092
2011-07-14 12:00:01,0.139400428266,0.417301111800375,1,0.8662050792923174,0.8662050792923174,0.8662050792923174
2011-07-14 13:00:01,0.172899728997,0.4938703983166549,1,0.8619580337504804,0.8619580337504804,0.8619580337504804
2011-07-14 14:00:01,0.143414285714,0.4240713609813706,1,0.8575987423768676,0.8575987423768676,0.8575987423768676
2011-07-14 15:00:01,0.113112980769,0.3571636901953651,1,0.8531248289476887,0.8531248289476887,0.8531248289476887
2011-07-14 16:00:01,0.102432082794,0.3347072411320789,1,0.8485339013281511,0.8485339013281511,0.8485339013281511
2011-07-14 17:00:01,0.0945905420992,0.3187043260291445,1,0.8438235536014712,0.8438235536014712,0.8438235536014712
2011-07-14 18:00:01,0.08768921095010003,0.30500795591295043,1,0.8389913683491754,0.8389913683491754,0.8389913683491754
2011-07-14 19:00:01,0.07699177438310001,0.3217281674772053,1,0.8340349190871652,0.8340349190871652,0.8340349190871652
2011-07-14 20:00:01,0.0660641579272,0.3436774670899663,1,0.8289517728618445,0.8289517728618445,0.8289517728618445
2011-07-14 21:00:01,0.0686515748031,0.3379529733023463,1,0.8237394930103541,0.8237394930103541,0.8237394930103541
2011-07-14 22:00:01,0.0630867518494,0.3493233757450507,1,0.8183956420887202,0.8183956420887202,0.8183956420887202
2011-07-14 23:00:01,0.0668716289105,0.3408832615002086,1,0.812917784971401,0.812917784971401,0.812917784971401
2011-07-15 00:00:01,0.06656799999999999,0.34114683749714003,1,0.8073034921253712,0.8073034921253712,0.8073034921253712
2011-07-15 01:00:01,0.064297188755,0.3456280383817115,1,0.8015503430614875,0.8015503430614875,0.8015503430614875
2011-07-15 02:00:01,0.0545993031359,0.36645188750863134,1,0.7956559299654409,0.7956559299654409,0.795655929965441
2011-07-15 03:00:01,0.048802083333300016,0.3790661102711755,1,0.7896178615101079,0.7896178615101079,0.789617861510108
2011-07-15 04:00:01,0.0657415254237,0.341080173795742,1,0.7834337668505705,0.7834337668505705,0.7834337668505705
2011-07-15 05:00:01,0.0831349628055,0.3042750755917466,1,0.7771012998024788,0.7771012998024788,0.7771012998024788
2011-07-15 06:00:01,0.09726190476189996,0.3310604474619292,1,0.7706181432037936,0.7706181432037936,0.7706181432037936
2011-07-15 07:00:01,0.128293650794,0.3999923253969614,1,0.763982013459225,0.763982013459225,0.763982013459225
2011-07-15 08:00:01,0.142421052632,0.4322311776008921,1,0.7571906652659396,0.7571906652659396,0.7571906652659396
2011-07-15 09:00:01,0.143630573248,0.4339007006481628,1,0.7502418965182873,0.7502418965182873,0.7502418965182873
2011-07-15 10:00:01,0.107873754153,0.3517888374916486,1,0.7431335533884296,0.7431335533884296,0.7431335533884296
2011-07-15 11:00:01,0.128459119497,0.3973040350667149,1,0.7358635355788239,0.7358635355788239,0.7358635355788239
2011-07-15 12:00:01,0.153944954128,0.4557380695528392,1,0.7284298017415342,0.7284298017415342,0.7284298017415342
2011-07-15 13:00:01,0.121011904762,0.37867430506907984,1,0.7208303750583075,0.7208303750583075,0.7208303750583075
2011-07-15 14:00:01,0.122206349206,0.3808082870757356,1,0.7130633489742665,0.7130633489742665,0.7130633489742665
2011-07-15 15:00:01,0.119244114002,0.3737094950589269,1,0.7051268930769279,0.7051268930769279,0.7051268930769279
2011-07-15 16:00:01,0.125719257541,0.387610380452354,1,0.6970192591110833,0.6970192591110833,0.6970192591110833
2011-07-15 17:00:01,0.105527472527,0.3429601819751557,1,0.6887387871188435,0.6887387871188435,0.6887387871188435
2011-07-15 18:00:01,0.107925531915,0.3478047057734412,1,0.6802839116928983,0.6802839116928983,0.6802839116928983
2011-07-15 19:00:01,0.101285140562,0.3336232182856164,1,0.671653168329736,0.671653168329736,0.671653168329736
2011-07-15 20:00:01,0.0782247557003,0.31901206536394083,1,0.6628451998682631,0.6628451998682631,0.6628451998682631
2011-07-15 21:00:01,0.0794422535211,0.315879836894451,1,0.653858762997908,0.653858762997908,0.653858762997908
2011-07-15 22:00:01,0.0666718386346,0.3428755832946244,1,0.6446927348189635,0.6446927348189635,0.6446927348189635
2011-07-15 23:00:01,0.06796847635730001,0.3396344110147727,1,0.6353461194365521,0.6353461194365521,0.6353461194365521
2011-07-16 00:00:01,0.0628316953317,0.35068283925296123,1,0.6258180545682609,0.6258180545682609,0.6258180545682609
2011-07-16 01:00:01,0.0576279974076,0.36207646985700576,1,0.6161078181441718,0.6161078181441718,0.6161078181441718
2011-07-16 02:00:01,0.051585722644800006,0.3755373955999845,1,0.6062148348766938,0.6062148348766938,0.6062148348766938
2011-07-16 03:00:01,0.0459335873707,0.3882132954716704,1,0.5961386827763611,0.5961386827763611,0.5961386827763611
2011-07-16 04:00:01,0.0593970893971,0.35655662201941657,1,0.5858790995885435,0.5858790995885435,0.5858790995885435
2011-07-16 05:00:01,0.06908473221419999,0.33467309748182106,1,0.5754359891248648,0.5754359891248648,0.5754359891248648
2011-07-16 06:00:01,0.0845133819951,0.3042894872454969,1,0.5648094274620761,0.5648094274620761,0.564809427462076
2011-07-16 07:00:01,0.128930987821,0.4039299148958805,1,0.5539996689801318,0.5539996689801318,0.5539996689801318
2011-07-16 08:00:01,0.133377777778,0.4137457707572432,1,0.5430071522103697,0.5430071522103697,0.5430071522103697
2011-07-16 09:00:01,0.133666666667,0.41354052055013896,1,0.5318325054639289,0.5318325054639289,0.5318325054639289
2011-07-16 10:00:01,0.110243902439,0.3583844253883093,1,0.5204765522099397,0.5204765522099397,0.5204765522099397
2011-07-16 11:00:01,0.124468085106,0.3906183578026564,1,0.5089403161725362,0.5089403161725362,0.5089403161725362
2011-07-16 12:00:01,0.129587426326,0.40198366098078814,1,0.4972250261154504,0.4972250261154504,0.49722502611545044
2011-07-16 13:00:01,0.116791277259,0.3715752886292376,1,0.4853321202828116,0.4853321202828116,0.4853321202828116
2011-07-16 14:00:01,0.131853658537,0.4061304900641682,1,0.4732632504648279,0.473263250464828,0.47326325046482803
2011-07-16 15:00:01,0.12354799514,0.3859434580043304,1,0.4610202856572909,0.4610202856572909,0.4610202856572909
2011-07-16 16:00:01,0.106280991736,0.3461482031769075,1,0.4486053152843011,0.4486053152843011,0.44860531528430114
2011-07-16 17:00:01,0.08754081632649999,0.3053693755400618,1,0.43602065195430745,0.43602065195430745,0.43602065195430745
2011-07-16 18:00:01,0.0848959032908,0.306199003871515,1,0.4232688337204567,0.4232688337204567,0.42326883372045665
2011-07-16 19:00:01,0.0850235849057,0.3058457144635497,1,0.41035262581739657,0.41035262581739657,0.41035262581739657
2011-07-16 20:00:01,0.088818263205,0.3082197087632671,1,0.3972750218480546,0.3972750218480546,0.39727502184805463
2011-07-16 21:00:01,0.0806446140797,0.3143207064081415,1,0.3840392443955393,0.3840392443955393,0.38403924439553927
2011-07-16 22:00:01,0.0916818181818,0.31595083243000194,1,0.3706487450371597,0.3706487450371597,0.3706487450371597
2011-07-16 23:00:01,0.0951011433597,0.3240060606965405,1,0.3571072037396614,0.3571072037396614,0.3571072037396614
2011-07-17 00:00:01,0.0823130608175,0.30960640414765456,1,0.3434185276170943,0.3434185276170943,0.3434185276170943
2011-07-17 01:00:01,0.0839484126984,0.30573659088684496,1,0.3295868490352773,0.3295868490352773,0.3295868490352773
2011-07-17 02:00:01,0.0714049586777,0.3334385427663128,1,0.315616523049589,0.315616523049589,0.315616523049589
2011-07-17 03:00:01,0.0668453865337,0.3435729573474965,1,0.3015121241657616,0.3015121241657616,0.30151212416576156
2011-07-17 04:00:01,0.08983214977399999,0.31389428334786906,1,0.2872784424165148,0.2872784424165148,0.2872784424165148
2011-07-17 05:00:01,0.08643382352939999,0.3064083714302173,1,0.2729204787501585,0.2729204787501585,0.27292047875015846
2011-07-17 06:00:01,0.0963191763192,0.3283728750472041,1,0.25844343973075673,0.25844343973075673,0.25844343973075673
2011-07-17 07:00:01,0.13395121951199998,0.4181854161345208,1,0.2438527315530204,0.2438527315530204,0.24385273155302042
2011-07-17 08:00:01,0.129698113208,0.4066934559298047,1,0.2291539533787575,0.2291539533787575,0.22915395337875752
2011-07-17 09:00:01,0.113882352941,0.3676360654091785,1,0.2143528900054652,0.2143528900054652,0.21435289000546517
2011-07-17 10:00:01,0.103264033264,0.3424032270513367,1,0.19945550388140176,0.19945550388140176,0.19945550388140176
2011-07-17 11:00:01,0.123671232877,0.3903914919123809,1,0.1844679264852954,0.1844679264852954,0.1844679264852954
2011-07-17 12:00:01,0.118403361345,0.3770698247274272,1,0.16939644909257562,0.16939644909257562,0.16939644909257562
2011-07-17 13:00:01,0.120855263158,0.3824388411068113,1,0.15424751295374708,0.15424751295374708,0.15424751295374708
2011-07-17 14:00:01,0.12810393258400002,0.399508861380817,1,0.13902769891412792,0.13902769891412792,0.13902769891412792
2011-07-17 15:00:01,0.123614864865,0.38789762059526295,1,0.12374371650767615,0.12374371650767615,0.12374371650767614
2011-07-17 16:00:01,0.103994169096,0.3409636917381233,1,0.10840239256096884,0.10840239256096884,0.10840239256096884
2011-07-17 17:00:01,0.0921825023518,0.31396891158549994,1,0.09301065934654794,0.09301065934654794,0.09301065934654794
2011-07-17 18:00:01,0.0784539007092,0.3222637207931146,1,0.07757554232779007,0.07757554232779007,0.07757554232779008
2011-07-17 19:00:01,0.0691608391608,0.3432889935820923,1,0.062104147540144275,0.062104147540144275,0.06210414754014428
2011-07-17 20:00:01,0.08606850335069999,0.30498518719840045,1,0.04660364865599659,0.04660364865599659,0.04660364865599659
2011-07-17 21:00:01,0.0812937347437,0.3149562954824871,1,0.03108127378255235,0.03108127378255235,0.031081273782552352
2011-07-17 22:00:01,0.0766594360087,0.3250775573245531,1,0.015544292043913078,0.015544292043913078,0.015544292043913078
2011-07-17 23:00:01,0.0688845553822,0.3428599218513585,0,-0.001697396121560073,-0.003394792243120146,-0.001697396121560073
2011-07-18 00:00:01,0.0831017369727,0.3095744701304972,0,-0.003393984095229884,-0.006787968190459768,-0.003393984095229884
2011-07-18 01:00:01,0.056220891550199985,0.3729681852991219,0,-0.005088957311457073,-0.010177914622914144,-0.005088957311457073
2011-07-18 02:00:01,0.0542358688067,0.37739041369383775,0,-0.006781512231146822,-0.013563024462293644,-0.006781512231146822
2011-07-18 03:00:01,0.0529631794272,0.38003301580659465,0,-0.008470849905387467,-0.016941699810774934,-0.008470849905387467
2011-07-18 04:00:01,0.057367657723,0.3686307814737144,0,-0.010156177476693055,-0.02031235495338611,-0.010156177476693055
2011-07-18 05:00:01,0.080813810111,0.31288585038383515,0,-0.011836709655800607,-0.02367341931160121,-0.011836709655800607
2011-07-18 06:00:01,0.0828771384137,0.30821885993425496,0,-0.01351167016822746,-0.027023340336454926,-0.013511670168227461
2011-07-18 07:00:01,0.098482428115,0.3331291370132045,0,-0.015180293165001925,-0.03036058633000385,-0.015180293165001926
2011-07-18 08:00:01,0.133706720978,0.4197593897057436,0,-0.01684182459222176,-0.03368364918444352,-0.01684182459222176
2011-07-18 09:00:01,0.125448504983,0.3978441729249544,0,-0.018495523514373672,-0.036991047028747344,-0.018495523514373672
2011-07-18 10:00:01,0.112797202797,0.3658811765980188,0,-0.02014066338665384,-0.04028132677330768,-0.02014066338665384
2011-07-18 11:00:01,0.133260869565,0.4164766723791878,0,-0.021776533271866943,-0.043553066543733886,-0.021776533271866943
2011-07-18 12:00:01,0.114242424242,0.3681765643660621,0,-0.023402438997840985,-0.04680487799568197,-0.023402438997840985
2011-07-18 13:00:01,0.109731958763,0.3568210653557537,0,-0.02501770425167854,-0.05003540850335708,-0.02501770425167854
2011-07-18 14:00:01,0.110627118644,0.35857061918779976,0,-0.02662167160756357,-0.05324334321512714,-0.026621671607563572
2011-07-18 15:00:01,0.13235915493,0.4121432731613456,0,-0.028213703485257362,-0.056427406970514724,-0.02821370348525736
2011-07-18 16:00:01,0.108308004053,0.3518512808101479,0,-0.02979318303683935,-0.0595863660736787,-0.029793183036839352
2011-07-18 17:00:01,0.112766934558,0.3622511328443936,0,-0.031359514959679334,-0.06271902991935865,-0.03135951495967933
2011-07-18 18:00:01,0.0867071057192,0.3044117580774664,0,-0.03291212623405785,-0.0658242524681157,-0.03291212623405785
2011-07-18 19:00:01,0.0666476624857,0.35066115379832913,0,-0.03445046678428304,-0.06890093356856608,-0.03445046678428304
2011-07-18 20:00:01,0.0610063291139,0.36392822344795217,0,-0.03597401006257744,-0.07194802012515487,-0.03597401006257744
2011-07-18 21:00:01,0.0633564814815,0.35794806861395145,0,-0.03748225355542514,-0.07496450711085027,-0.03748225355542514
2011-07-18 22:00:01,0.0577608297743,0.3717631450140915,0,-0.03897471921247647,-0.07794943842495293,-0.03897471921247646
2011-07-18 23:00:01,0.05928262213980001,0.3674890176673031,0,-0.04045095379849838,-0.08090190759699678,-0.04045095379849838
2011-07-19 00:00:01,0.058606557377,0.3687854937609415,0,-0.04191052916923397,-0.08382105833846794,-0.04191052916923397
2011-07-19 01:00:01,0.060243902439,0.3642960425982356,0,-0.04335304247238959,-0.08670608494477917,-0.04335304247238959
2011-07-19 02:00:01,0.0581115202525,0.3692879890259959,0,-0.04477811627530262,-0.08955623255060524,-0.04477811627530262
2011-07-19 03:00:01,0.0536248012719,0.3803303107443792,0,-0.04618539862115337,-0.09237079724230672,-0.04618539862115337
2011-07-19 04:00:01,0.0759214285714,0.32419660538259104,0,-0.047574563015871735,-0.09514912603174347,-0.047574563015871735
2011-07-19 05:00:01,0.0956813819578,0.3284115070359986,0,-0.04894530834814882,-0.09789061669629763,-0.04894530834814881
2011-07-19 06:00:01,0.145669456067,0.4579877189890873,0,-0.050297358745198736,-0.10059471749039747,-0.05029735874519874
2011-07-19 07:00:01,0.0781401273885,0.3192336024131117,0,-0.05163046336712242,-0.10326092673424483,-0.05163046336712242
2011-07-19 08:00:01,0.126855670103,0.4062956108255621,0,-0.05294439614290426,-0.10588879228580853,-0.05294439614290426
2011-07-19 09:00:01,0.13587628865999998,0.4293688091318045,0,-0.054238955451225736,-0.10847791090245147,-0.05423895545122574
2011-07-19 10:00:01,0.123628691983,0.3963826929568425,0,-0.05551396374940425,-0.11102792749880848,-0.055513963749404246
2011-07-19 11:00:01,0.11277992278,0.3682053953059451,0,-0.056769267153864524,-0.11353853430772905,-0.05676926715386452
2011-07-19 12:00:01,0.108265306122,0.3565940372610444,0,-0.058004734975622675,-0.11600946995124535,-0.05800473497562268
2011-07-19 13:00:01,0.101017964072,0.3385361667984639,0,-0.059220259214310775,-0.11844051842862155,-0.05922025921431078
2011-07-19 14:00:01,0.119724310777,0.3846738863950293,0,-0.0604157540142937,-0.1208315080285874,-0.0604157540142937
2011-07-19 15:00:01,0.105197740113,0.347783948184537,0,-0.061591155086432,-0.12318231017286399,-0.061591155086432
2011-07-19 16:00:01,0.104038997214,0.3445543054281635,0,-0.06274641909902452,-0.12549283819804904,-0.06274641909902452
2011-07-19 17:00:01,0.0876279650437,0.30511199059818633,0,-0.06388152304142497,-0.12776304608284994,-0.06388152304142498
2011-07-19 18:00:01,0.0786526122823,0.3219229821702271,0,-0.06499646356376973,-0.12999292712753946,-0.06499646356376972
2011-07-19 19:00:01,0.0785493682733,0.3222593030731757,0,-0.06609125629617885,-0.1321825125923577,-0.06609125629617885
2011-07-19 20:00:01,0.0720879940343,0.3378092400953114,0,-0.06716593515070489,-0.13433187030140978,-0.06716593515070489
2011-07-19 21:00:01,0.069072079536,0.3448380825644509,0,-0.06822055160919946,-0.13644110321839892,-0.06822055160919946
2011-07-19 22:00:01,0.0646453546454,0.3555001556917192,0,-0.06925517400015517,-0.13851034800031034,-0.06925517400015518
2011-07-19 23:00:01,0.0581058328322,0.3717321799227344,0,-0.0702698867674556,-0.1405397735349112,-0.0702698867674556
2011-07-20 00:00:01,0.0471131270011,0.3999289588941449,0,-0.07126478973383289,-0.14252957946766578,-0.07126478973383289
2011-07-20 01:00:01,0.04708636836630002,0.3993159340077296,0,-0.0722399973616936,-0.1444799947233872,-0.0722399973616936
2011-07-20 02:00:01,0.0441111667501,0.4065825132586812,0,-0.07319563801382763,-0.14639127602765525,-0.07319563801382763
2011-07-20 03:00:01,0.0398035363458,0.4172360316457327,0,-0.0741318532163656,-0.1482637064327312,-0.0741318532163656
2011-07-20 04:00:01,0.0531552962298,0.381674876682956,0,-0.07504879692619866,-0.15009759385239732,-0.07504879692619866
2011-07-20 05:00:01,0.0831355181577,0.30825944925758825,0,-0.0759466348049201,-0.1518932696098402,-0.0759466348049201
2011-07-20 06:00:01,0.0858263971463,0.3036576164169033,0,-0.07682554350119415,-0.1536510870023883,-0.07682554350119415
2011-07-20 07:00:01,0.11486013986,0.373915606311979,0,-0.07768570994330444,-0.15537141988660888,-0.07768570994330444
2011-07-20 08:00:01,0.140924092409,0.4416811373591672,0,-0.07852733064348183,-0.15705466128696366,-0.07852733064348182
2011-07-20 09:00:01,0.14590579710100002,0.4536587904610638,0,-0.07935061101546209,-0.15870122203092418,-0.07935061101546209
2011-07-20 10:00:01,0.1198046875,0.3838836749855046,0,-0.08015576470657801,-0.16031152941315602,-0.080155764706578
2011-07-20 11:00:01,0.105261324042,0.3471303395962101,0,-0.08094301294554727,-0.16188602589109455,-0.08094301294554727
2011-07-20 12:00:01,0.114985163205,0.3708426588651952,0,-0.0817125839069806,-0.1634251678139612,-0.0817125839069806
2011-07-20 13:00:01,0.12178807947,0.3875775286391698,0,-0.08246471209350062,-0.16492942418700127,-0.08246471209350063
2011-07-20 14:00:01,0.123,0.3901176521575807,0,-0.08319963773623533,-0.16639927547247066,-0.08319963773623533
2011-07-20 15:00:01,0.101586666667,0.33624407663975936,0,-0.08391760621432763,-0.16783521242865526,-0.08391760621432763
2011-07-20 16:00:01,0.105029069767,0.344233259418206,0,-0.0846188674939874,-0.1692377349879748,-0.0846188674939874
2011-07-20 17:00:01,0.08868126272910001,0.3048739232544806,0,-0.08530367558750195,-0.1706073511750039,-0.08530367558750195
2011-07-20 18:00:01,0.076380952381,0.3302491327546568,0,-0.08597228803251851,-0.17194457606503702,-0.08597228803251851
2011-07-20 19:00:01,0.0720992028344,0.3406500211081849,0,-0.08662496539181573,-0.17324993078363146,-0.08662496539181573
2011-07-20 20:00:01,0.08467854869510001,0.3102714754492044,0,-0.08726197077368973,-0.17452394154737946,-0.08726197077368972
2011-07-20 21:00:01,0.086369168357,0.3061694540588972,0,-0.08788356937299775,-0.1757671387459955,-0.08788356937299775
2011-07-20 22:00:01,0.0858272208639,0.3071009733595655,0,-0.08849002803282413,-0.1769800560656483,-0.08849002803282414
2011-07-20 23:00:01,0.08816608996539999,0.30442728521479123,0,-0.08908161482666255,-0.1781632296533251,-0.08908161482666255
2011-07-21 00:00:01,0.0725509670674,0.33862036955893704,0,-0.08965859866094268,-0.17931719732188536,-0.08965859866094267
2011-07-21 01:00:01,0.0504150702427,0.3947434012716332,0,-0.0902212488976713,-0.1804424977953426,-0.0902212488976713
2011-07-21 02:00:01,0.0539956092206,0.3849209646181333,0,-0.09076983499690347,-0.1815396699938069,-0.09076983499690347
2011-07-21 03:00:01,0.0498293891029,0.3953829957452981,0,-0.0913046261787118,-0.1826092523574236,-0.0913046261787118
2011-07-21 04:00:01,0.0638204456094,0.3591066010349248,0,-0.09182589110427944,-0.1836517822085589,-0.09182589110427945
2011-07-21 06:00:01,0.08965882352939998,0.30874202340678714,0,-0.09233389757570508,-0.18466779515141016,-0.09233389757570508
2011-07-21 07:00:01,0.0983348017621,0.32913109122470346,0,-0.09282891225407444,-0.18565782450814888,-0.09282891225407443
2011-07-21 08:00:01,0.156194690265,0.4794259628367653,0,-0.09331120039532642,-0.18662240079065284,-0.09331120039532642
2011-07-21 09:00:01,0.113283018868,0.3645575562217568,0,-0.0937810256034162,-0.1875620512068324,-0.0937810256034162
2011-07-21 10:00:01,0.121479289941,0.3849270961021341,0,-0.09423864960025938,-0.1884772992005188,-0.09423864960025938
2011-07-21 11:00:01,0.117583333333,0.3744087882248465,0,-0.0946843320119243,-0.1893686640238486,-0.0946843320119243
2011-07-21 12:00:01,0.1255754858,0.3944186798949322,0,-0.0951183301705274,-0.19023666034105485,-0.09511833017052741
2011-07-21 13:00:01,0.125865237366,0.3945331438242921,0,-0.09554089893127717,-0.1910817978625543,-0.09554089893127715
2011-07-21 14:00:01,0.12934823091199998,0.4029500831013363,0,-0.0959522905041056,-0.1919045810082112,-0.09595229050410559
2011-07-21 15:00:01,0.122638190955,0.3848556525139133,0,-0.0963527542993236,-0.1927055085986472,-0.09635275429932359
2011-07-21 16:00:01,0.102814070352,0.3348157821185725,0,-0.09674253678673407,-0.1934850735734681,-0.09674253678673407
2011-07-21 17:00:01,0.08875,0.3046512415735528,0,-0.09712188136763908,-0.19424376273527813,-0.09712188136763907
2011-07-21 18:00:01,0.08845647403069999,0.30557966041581835,0,-0.09749102825918016,-0.1949820565183604,-0.09749102825918018
2011-07-21 19:00:01,0.08613761467889999,0.3111653231293676,0,-0.09785021439045664,-0.1957004287809133,-0.09785021439045664
2011-07-21 20:00:01,0.0786027190332,0.32911112632216843,0,-0.09819967330987234,-0.19639934661974467,-0.09819967330987234
2011-07-21 21:00:01,0.07969653179189999,0.3262825680630046,0,-0.09853963510317147,-0.19707927020634292,-0.09853963510317147
2011-07-21 22:00:01,0.07319627618310001,0.3417749199609296,0,-0.09887032632163234,-0.19774065264326468,-0.09887032632163234
2011-07-21 23:00:01,0.06281084656080001,0.3675393149660283,0,-0.09919196991989904,-0.19838393983979807,-0.09919196991989904
2011-07-22 00:00:01,0.057536,0.38067651652181134,0,-0.09950478520294354,-0.19900957040588707,-0.09950478520294354
2011-07-22 01:00:01,0.0501960784314,0.3993018852094236,0,-0.0998089877816622,-0.1996179755633244,-0.0998089877816622
2011-07-22 02:00:01,0.0441025641026,0.4147047487090664,0,-0.1001047895366249,-0.2002095790732498,-0.1001047895366249
2011-07-22 03:00:01,0.0395596330275,0.4260049380706016,0,-0.10039239858950874,-0.20078479717901748,-0.10039239858950874
2011-07-22 04:00:01,0.061200215285300015,0.3689421784247338,0,-0.10067201928176203,-0.20134403856352406,-0.10067201928176203
2011-07-22 05:00:01,0.0658501208703,0.3571538561846028,0,-0.10094385216006012,-0.20188770432012024,-0.10094385216006013
2011-07-22 06:00:01,0.07047619047619999,0.3457592074883783,0,-0.1012080939681286,-0.2024161879362572,-0.10120809396812859
2011-07-22 07:00:01,0.0902773497689,0.3069572695953771,0,-0.10146493764452504,-0.2029298752890501,-0.10146493764452505
2011-07-22 08:00:01,0.123726708075,0.38921798717809697,0,-0.10171457232598614,-0.2034291446519723,-0.10171457232598614
2011-07-22 09:00:01,0.125622119816,0.3935368756396794,0,-0.10195718335596116,-0.20391436671192234,-0.10195718335596117
2011-07-22 10:00:01,0.122831460674,0.3856848602193559,0,-0.10219295229796944,-0.2043859045959389,-0.10219295229796944
2011-07-22 11:00:01,0.10141955836,0.3318080735694004,0,-0.10242205695343354,-0.20484411390686708,-0.10242205695343354
2011-07-22 12:00:01,0.114628820961,0.3640078900101707,0,-0.10264467138365538,-0.2052893427673108,-0.10264467138365538
2011-07-22 13:00:01,0.12545454545499998,0.39120803773823337,0,-0.10286096593561718,-0.2057219318712344,-0.10286096593561718
2011-07-22 14:00:01,0.125721311475,0.3912667750830164,0,-0.10307110727130372,-0.20614221454260745,-0.10307110727130371
2011-07-22 15:00:01,0.117919191919,0.3706911896856284,0,-0.10327525840025648,-0.20655051680051292,-0.10327525840025648
2011-07-22 16:00:01,0.108773784355,0.34735906142680784,0,-0.10347357871508488,-0.20694715743016973,-0.10347357871508488
2011-07-22 17:00:01,0.0938828202582,0.31108481838125085,0,-0.10366622402967217,-0.20733244805934434,-0.10366622402967217
2011-07-22 18:00:01,0.0868648648649,0.3115185242670435,0,-0.10385334661982856,-0.2077066932396571,-0.10385334661982855
2011-07-22 19:00:01,0.061921568627500014,0.37336434539206986,0,-0.10403509526615536,-0.20807019053231074,-0.10403509526615537
2011-07-22 20:00:01,0.06580132450330001,0.36331596188255255,0,-0.10421161529889814,-0.20842323059779627,-0.10421161529889814
2011-07-22 21:00:01,0.07155772755039999,0.3485839505328677,0,-0.10438304864457716,-0.20876609728915432,-0.10438304864457716
2011-07-22 22:00:01,0.071060197664,0.3494488991760157,0,-0.10454953387419727,-0.2090990677483945,-0.10454953387419727
2011-07-22 23:00:01,0.0672566371681,0.3586800980908517,0,-0.10471120625284876,-0.2094224125056975,-0.10471120625284876
2011-07-23 00:00:01,0.0576546530393,0.3830138832200016,0,-0.10486819779052303,-0.20973639558104606,-0.10486819779052303
2011-07-23 01:00:01,0.0647784200385,0.36407327996684336,0,-0.10502063729397663,-0.21004127458795327,-0.10502063729397663
2011-07-23 02:00:01,0.042963930998400006,0.4209642506906552,0,-0.10516865041948796,-0.2103373008389759,-0.10516865041948795
2011-07-23 03:00:01,0.0369493177388,0.4363225215044731,0,-0.10531235972635992,-0.21062471945271985,-0.10531235972635992
2011-07-23 04:00:01,0.06675476336819999,0.35743053306274497,0,-0.10545188473103198,-0.210903769462064,-0.10545188473103198
2011-07-23 05:00:01,0.07811336717430001,0.32928736618467097,0,-0.10558734196167292,-0.21117468392334585,-0.10558734196167291
2011-07-23 06:00:01,0.0569483101392,0.3821489736601551,0,-0.10571884501313523,-0.21143769002627047,-0.10571884501313523
2011-07-23 07:00:01,0.087599469496,0.30666612498105394,0,-0.1058465046021595,-0.21169300920431897,-0.1058465046021595
2011-07-23 08:00:01,0.12820652173900002,0.3992410041994465,0,-0.10597042862272467,-0.21194085724544934,-0.10597042862272467
2011-07-23 09:00:01,0.123089770355,0.3852343889410406,0,-0.10609072220144866,-0.21218144440289727,-0.10609072220144866
2011-07-23 10:00:01,0.110472222222,0.35265919291508674,0,-0.106207487752949,-0.212414975505898,-0.10620748775294901
2011-07-23 11:00:01,0.118646616541,0.3728891515958438,0,-0.10632082503508188,-0.21264165007016375,-0.10632082503508189
2011-07-23 12:00:01,0.124588477366,0.3876892542244769,0,-0.10643083120398232,-0.21286166240796467,-0.10643083120398233
2011-07-23 13:00:01,0.117697478992,0.3693983901663875,0,-0.106537600868836,-0.21307520173767197,-0.106537600868836
2011-07-23 14:00:01,0.125595984944,0.3893075103743857,0,-0.10664122614631764,-0.2132824522926353,-0.10664122614631763
2011-07-23 15:00:01,0.112482690406,0.35517261642009224,0,-0.1067417967146368,-0.2134835934292736,-0.1067417967146368
2011-07-23 16:00:01,0.0839690301548,0.3198815898562801,0,-0.10683939986713732,-0.21367879973427464,-0.10683939986713732
2011-07-23 17:00:01,0.06949215832710001,0.3560192408500029,0,-0.10693412056540058,-0.2138682411308012,-0.10693412056540058
2011-07-23 18:00:01,0.06202779532530001,0.3754032068486472,0,-0.10702604149180817,-0.21405208298361636,-0.10702604149180817
2011-07-23 19:00:01,0.060548926014300015,0.3789891783317541,0,-0.10711524310152347,-0.21423048620304694,-0.10711524310152347
2011-07-23 20:00:01,0.0551867219917,0.3926169742485754,0,-0.10720180367385557,-0.2144036073477111,-0.10720180367385555
2011-07-23 21:00:01,0.050596432553,0.4040981287708518,0,-0.1072857993629728,-0.2145715987259456,-0.10728579936297279
2011-07-23 22:00:01,0.0578482513337,0.3844351734106941,0,-0.10736730424793707,-0.21473460849587414,-0.10736730424793708
2011-07-23 23:00:01,0.0493202416918,0.4064314286053072,0,-0.107446390382033,-0.214892780764066,-0.10744639038203299
2011-07-24 00:00:01,0.0517379958246,0.3992213378428982,0,-0.10752312784136893,-0.21504625568273786,-0.10752312784136892
2011-07-24 01:00:01,0.0433963202387,0.4207576159345249,0,-0.10759758477273093,-0.21519516954546186,-0.10759758477273092
2011-07-24 02:00:01,0.0352476572959,0.44174116870415386,0,-0.10766982744067187,-0.2153396548813437,-0.10766982744067187
2011-07-24 03:00:01,0.029256302521,0.4566588637106521,0,-0.10773992027382184,-0.2154798405476437,-0.10773992027382184
2011-07-24 04:00:01,0.0570788614092,0.3817713070386233,0,-0.1078079259104074,-0.2156158518208148,-0.1078079259104074
2011-07-24 05:00:01,0.0647458628842,0.3620720543881492,0,-0.10787390524297022,-0.21574781048594044,-0.10787390524297022
2011-07-24 06:00:01,0.04985294117650002,0.4000482032755528,0,-0.10793791746227717,-0.2158758349245543,-0.10793791746227716
2011-07-24 07:00:01,0.0787314017228,0.3274807480527982,0,-0.10800002010041594,-0.21600004020083188,-0.10800002010041594
2011-07-24 08:00:01,0.106375464684,0.3433359636001589,0,-0.10806026907307252,-0.21612053814614507,-0.10806026907307253
2011-07-24 09:00:01,0.10786,0.3466682036149441,0,-0.10811871872098763,-0.2162374374419753,-0.10811871872098765
2011-07-24 10:00:01,0.111375358166,0.35500218931719235,0,-0.10817542185059158,-0.21635084370118315,-0.10817542185059158
2011-07-24 11:00:01,0.108213166144,0.3467916767462331,0,-0.10823042977381804,-0.21646085954763605,-0.10823042977381803
2011-07-24 12:00:01,0.104781144781,0.3380056349656566,0,-0.10828379234709838,-0.2165675846941968,-0.10828379234709838
2011-07-24 13:00:01,0.102242424242,0.331465400426601,0,-0.1083355580095399,-0.2166711160190798,-0.1083355580095399
2011-07-24 14:00:01,0.136987087518,0.4200601889229782,0,-0.10838577382029156,-0.2167715476405831,-0.10838577382029155
2011-07-24 15:00:01,0.107728571429,0.3437655133768085,0,-0.10843448549510287,-0.21686897099020574,-0.10843448549510289
2011-07-24 16:00:01,0.08174983797799999,0.3247173108867429,0,-0.10848173744208167,-0.21696347488416332,-0.10848173744208167
2011-07-24 17:00:01,0.07399837133550001,0.3444777869463961,0,-0.10852757279665734,-0.21705514559331468,-0.10852757279665734
2011-07-24 18:00:01,0.0703389830508,0.3542224455914325,0,-0.1085720334557578,-0.2171440669115156,-0.1085720334557578
2011-07-24 19:00:01,0.05768320180380001,0.3874728444886856,0,-0.10861516011120784,-0.2172303202224157,-0.10861516011120785
2011-07-24 20:00:01,0.0548765432099,0.3946020041811544,0,-0.10865699228235796,-0.21731398456471596,-0.10865699228235796
2011-07-24 21:00:01,0.0514774417452,0.4031756865444012,0,-0.10869756834795308,-0.21739513669590615,-0.10869756834795309
2011-07-24 22:00:01,0.0539698492462,0.39584925682168937,0,-0.1087369255772512,-0.2174738511545024,-0.10873692557725119
2011-07-24 23:00:01,0.049720528455300006,0.4065800230021144,0,-0.10877510016040197,-0.21755020032080397,-0.108775100160402
2011-07-25 00:00:01,0.0473873873874,0.4120735857149013,0,-0.10881212723809652,-0.21762425447619305,-0.10881212723809651
2011-07-25 01:00:01,0.0363285910968,0.44121994540285375,0,-0.10884804093049856,-0.21769608186099715,-0.10884804093049857
2011-07-25 02:00:01,0.0298359310911,0.4576389359138536,0,-0.10888287436546952,-0.21776574873093907,-0.10888287436546953
2011-07-25 03:00:01,0.0268430335097,0.4641423185941558,0,-0.1089166597060978,-0.2178333194121956,-0.1089166597060978
2011-07-25 04:00:01,0.0470331753555,0.4082666680185798,0,-0.10894942817754508,-0.21789885635509015,-0.10894942817754509
2011-07-25 05:00:01,0.0762164750958,0.3337371983818473,0,-0.108981210093221,-0.217962420186442,-0.10898121009322101
2011-07-25 06:00:01,0.06735,0.3554549250089495,0,-0.10901203488029852,-0.21802406976059704,-0.10901203488029851
2011-07-25 07:00:01,0.0817728055077,0.3202639223084988,0,-0.10904193110458203,-0.21808386220916406,-0.10904193110458203
2011-07-25 08:00:01,0.13534246575300002,0.417631599516789,0,-0.10907092649474076,-0.21814185298948152,-0.10907092649474076
2011-07-25 09:00:01,0.10347107438,0.3359057654364969,0,-0.10909904796591928,-0.21819809593183856,-0.10909904796591928
2011-07-25 10:00:01,0.104528301887,0.3382159028313321,0,-0.10912632164273796,-0.21825264328547594,-0.10912632164273797
2011-07-25 11:00:01,0.110830188679,0.3534177695950041,0,-0.10915277288169534,-0.21830554576339067,-0.10915277288169534
2011-07-25 12:00:01,0.114666666667,0.3626257004366418,0,-0.10917842629298494,-0.21835685258596987,-0.10917842629298494
2011-07-25 13:00:01,0.115458715596,0.3641900133147573,0,-0.10920330576173866,-0.21840661152347726,-0.10920330576173866
2011-07-25 14:00:01,0.119266409266,0.3733598130304481,0,-0.10922743446870907,-0.2184548689374181,-0.10922743446870907
2011-07-25 15:00:01,0.122647058824,0.3814814997744411,0,-0.10925083491040263,-0.2185016698208053,-0.10925083491040265
2011-07-25 16:00:01,0.106795366795,0.3412696596146902,0,-0.10927352891867602,-0.21854705783735204,-0.10927352891867602
2011-07-25 17:00:01,0.08275933609960001,0.3218260069368783,0,-0.10929553767980732,-0.21859107535961467,-0.10929553767980733
2011-07-25 18:00:01,0.07242661448139999,0.3471158915637441,0,-0.10931688175305426,-0.21863376350610847,-0.10931688175305426
2011-07-25 19:00:01,0.07132518796989999,0.3497759772465292,0,-0.10933758108871074,-0.21867516217742147,-0.10933758108871074
2011-07-25 20:00:01,0.06396252927400001,0.3679531449728988,0,-0.10935765504567373,-0.21871531009134745,-0.10935765504567373
2011-07-25 21:00:01,0.0686650185414,0.3556414716385519,0,-0.10937712240853163,-0.21875424481706326,-0.10937712240853163
2011-07-25 22:00:01,0.0754482323232,0.3383990133075283,0,-0.10939600140418552,-0.21879200280837105,-0.10939600140418551
2011-07-25 23:00:01,0.0718975705844,0.3469358178915744,0,-0.10941430971801434,-0.2188286194360287,-0.10941430971801434
2011-07-26 00:00:01,0.0666692015209,0.35993315735823633,0,-0.10943206450959536,-0.2188641290191907,-0.10943206450959535
2011-07-26 01:00:01,0.0498381877023,0.4042505546833978,0,-0.10944928242798994,-0.2188985648559799,-0.10944928242798994
2011-07-26 02:00:01,0.0471448352257,0.4107892530076799,0,-0.10946597962660633,-0.21893195925321265,-0.10946597962660633
2011-07-26 03:00:01,0.041893349311,0.4242418604545584,0,-0.10948217177764888,-0.21896434355529776,-0.10948217177764889
2011-07-26 04:00:01,0.05060908637040002,0.3996381223691376,0,-0.10949787408616476,-0.2189957481723295,-0.10949787408616475
2011-07-26 05:00:01,0.0692014971928,0.35036725554940656,0,-0.10951310130369776,-0.2190262026073955,-0.10951310130369775
2011-07-26 06:00:01,0.0692014971928,0.3500195046927186,0,-0.1095278677415595,-0.219055735483119,-0.1095278677415595
2011-07-26 07:00:01,0.0724771838331,0.34162870362327696,0,-0.10954218728372754,-0.21908437456745508,-0.10954218728372754
2011-07-26 08:00:01,0.137659090909,0.4296102055940991,0,-0.10955607339937992,-0.21911214679875984,-0.10955607339937991
2011-07-26 09:00:01,0.110408805031,0.3564162970461732,0,-0.10956953915507564,-0.2191390783101513,-0.10956953915507565
2011-07-26 10:00:01,0.115993589744,0.3703956080535312,0,-0.1095825972265904,-0.2191651944531808,-0.1095825972265904
2011-07-26 11:00:01,0.105376712329,0.3428252759263653,0,-0.10959525991041592,-0.21919051982083185,-0.10959525991041591
2011-07-26 12:00:01,0.109313432836,0.3524323176175401,0,-0.10960753913493268,-0.21921507826986533,-0.10960753913493267
2011-07-26 13:00:01,0.0955578512397,0.3179484987312839,0,-0.10961944647126376,-0.2192388929425275,-0.10961944647126375
2011-07-26 14:00:01,0.115785498489,0.3685133352424646,0,-0.1096309931438188,-0.2192619862876376,-0.10963099314381879
2011-07-26 15:00:01,0.109773869347,0.3525733409624086,0,-0.10964219004053607,-0.21928438008107212,-0.10964219004053607
2011-07-26 16:00:01,0.0816580756014,0.3225305470468597,0,-0.10965304772283076,-0.2193060954456616,-0.10965304772283078
2011-07-26 17:00:01,0.0825984911987,0.3206215031006251,0,-0.10966357643525758,-0.2193271528705152,-0.10966357643525758
2011-07-26 18:00:01,0.0901673640167,0.3034614718444465,0,-0.1096737861148949,-0.2193475722297898,-0.1096737861148949
2011-07-26 19:00:01,0.07769230769230001,0.3326252921838929,0,-0.10968368640045864,-0.21936737280091728,-0.10968368640045864
2011-07-26 20:00:01,0.0674664224664,0.3584704725348719,0,-0.10969328664115273,-0.21938657328230546,-0.10969328664115272
2011-07-26 21:00:01,0.0651013941698,0.3642261064772523,0,-0.10970259590526346,-0.21940519181052687,-0.10970259590526346
2011-07-26 22:00:01,0.0701068376068,0.3508788411965025,0,-0.10971162298850493,-0.21942324597700985,-0.10971162298850491
2011-07-26 23:00:01,0.0780705543557,0.3300622339127988,0,-0.10972037642212212,-0.21944075284424425,-0.10972037642212211
2011-07-27 00:00:01,0.07105847520360001,0.3477289584484213,0,-0.10972886448075868,-0.21945772896151736,-0.10972886448075869
2011-07-27 01:00:01,0.070609939759,0.34859344145490306,0,-0.10973709519009556,-0.2194741903801912,-0.10973709519009558
2011-07-27 02:00:01,0.0600668449198,0.3761896049149425,0,-0.10974507633426707,-0.21949015266853414,-0.10974507633426708
2011-07-27 03:00:01,0.0437102272727,0.4217684853321147,0,-0.10975281546306036,-0.21950563092612074,-0.10975281546306037
2011-07-27 04:00:01,0.0566702470462,0.3847477884651316,0,-0.10976031989890482,-0.21952063979780964,-0.10976031989890482
2011-07-27 05:00:01,0.10780075188,0.3546638601855888,0,-0.10976759674365673,-0.21953519348731346,-0.10976759674365671
2011-07-27 06:00:01,0.07596,0.3325569865254394,0,-0.10977465288518518,-0.21954930577037035,-0.10977465288518518
2011-07-27 07:00:01,0.08592592592589998,0.3071388686312692,0,-0.10978149500376504,-0.21956299000753007,-0.10978149500376504
2011-07-27 08:00:01,0.124216589862,0.3996679332340342,0,-0.10978812957828203,-0.21957625915656406,-0.10978812957828202
2011-07-27 09:00:01,0.0986075949367,0.3301670646898436,0,-0.1097945628922554,-0.2195891257845108,-0.1097945628922554
2011-07-27 10:00:01,0.11397260274,0.3705500993597953,0,-0.10980080103968363,-0.2196016020793673,-0.10980080103968365
2011-07-27 11:00:01,0.118854625551,0.38342335918871495,0,-0.10980684993071772,-0.21961369986143545,-0.10980684993071772
2011-07-27 12:00:01,0.110099800399,0.3591281485390477,0,-0.1098127152971672,-0.2196254305943344,-0.1098127152971672
2011-07-27 13:00:01,0.114842657343,0.3715133479221075,0,-0.10981840269784393,-0.21963680539568786,-0.10981840269784392
2011-07-27 14:00:01,0.120839260313,0.3874375551791269,0,-0.1098239175237478,-0.2196478350474956,-0.10982391752374779
2011-07-27 15:00:01,0.11123880597,0.3607730878790371,0,-0.10982926500309917,-0.2196585300061984,-0.10982926500309918
2011-07-27 16:00:01,0.10975257732,0.3563783410228085,0,-0.10983445020622258,-0.2196689004124452,-0.10983445020622258
2011-07-27 17:00:01,0.104363207547,0.3417138768993211,0,-0.10983947805028543,-0.21967895610057087,-0.10983947805028543
2011-07-27 18:00:01,0.0920824881677,0.3099898617102071,0,-0.10984435330389676,-0.21968870660779352,-0.10984435330389676
2011-07-27 19:00:01,0.087886563133,0.3063469889579561,0,-0.10984908059156907,-0.21969816118313815,-0.10984908059156909
2011-07-27 20:00:01,0.0919845360825,0.309750585087046,0,-0.1098536643980482,-0.2197073287960964,-0.10985366439804821
2011-07-27 21:00:01,0.0936326737697,0.3142120825070593,0,-0.10985810907251413,-0.21971621814502826,-0.10985810907251413
2011-07-27 22:00:01,0.104090189873,0.341798098147912,0,-0.10986241883265724,-0.2197248376653145,-0.10986241883265725
2011-07-27 23:00:01,0.0873058082575,0.3067351633415724,0,-0.1098665977686332,-0.2197331955372664,-0.1098665977686332
2011-07-28 00:00:01,0.078776328987,0.32843851109582844,0,-0.10987064984690004,-0.21974129969380007,-0.10987064984690004
2011-07-28 01:00:01,0.0860120391272,0.30943224217108045,0,-0.10987457891394108,-0.21974915782788212,-0.10987457891394108
2011-07-28 02:00:01,0.074702467344,0.3385693755046501,0,-0.1098783886998768,-0.2197567773997536,-0.1098783886998768
2011-07-28 03:00:01,0.070370096225,0.3499638628026405,0,-0.10988208282196904,-0.21976416564393808,-0.10988208282196904
2011-07-28 04:00:01,0.07836587872560001,0.3280400044951577,0,-0.10988566478802056,-0.2197713295760411,-0.10988566478802055
2011-07-28 05:00:01,0.110487421384,0.3633033987932876,0,-0.10988913799967318,-0.21977827599934635,-0.10988913799967318
2011-07-28 06:00:01,0.0803856041131,0.32229300281589623,0,-0.1098925057556074,-0.2197850115112148,-0.1098925057556074
2011-07-28 07:00:01,0.0619230769231,0.3725880964450755,0,-0.10989577125464632,-0.21979154250929264,-0.10989577125464632
2011-07-28 08:00:01,0.1198,0.3906540282372771,0,-0.1098989375987667,-0.2197978751975334,-0.1098989375987667
2011-07-28 09:00:01,0.113601398601,0.3726778770750137,0,-0.10990200779602008,-0.21980401559204016,-0.10990200779602008
2011-07-28 10:00:01,0.124456824513,0.4032668422239063,0,-0.1099049847633663,-0.2198099695267326,-0.1099049847633663
2011-07-28 11:00:01,0.107990074442,0.35604246899704384,0,-0.10990787132942224,-0.2198157426588445,-0.10990787132942224
2011-07-28 12:00:01,0.10199488491,0.339349691916682,0,-0.10991067023712822,-0.21982134047425644,-0.10991067023712822
2011-07-28 13:00:01,0.104290780142,0.3452695497392356,0,-0.1099133841463344,-0.2198267682926688,-0.10991338414633439
2011-07-28 14:00:01,0.119104234528,0.3862046794450267,0,-0.10991601563630964,-0.2198320312726193,-0.10991601563630965
2011-07-28 15:00:01,0.118211206897,0.3830816112773513,0,-0.1099185672081752,-0.2198371344163504,-0.10991856720817521
2011-07-28 16:00:01,0.118211206897,0.3825414113629925,0,-0.1099210412872652,-0.2198420825745304,-0.10992104128726521
2011-07-28 17:00:01,0.118211206897,0.3820346322342797,0,-0.10992344022541638,-0.21984688045083275,-0.10992344022541638
2011-07-28 18:00:01,0.0885949110561,0.304460380549162,0,-0.10992576630318897,-0.2198515326063779,-0.10992576630318895
2011-07-28 19:00:01,0.0801347449471,0.32668638500407826,0,-0.1099280217320209,-0.2198560434640418,-0.1099280217320209
2011-07-28 20:00:01,0.08992493744789999,0.30468683767970184,0,-0.10993020865631738,-0.21986041731263475,-0.10993020865631738
2011-07-28 21:00:01,0.0973896499239,0.324526420231153,0,-0.10993232915547724,-0.2198646583109545,-0.10993232915547725
2011-07-28 22:00:01,0.0805698005698,0.3249994716704338,0,-0.10993438524585886,-0.2198687704917177,-0.10993438524585886
2011-07-28 23:00:01,0.073049074819,0.3450824255099992,0,-0.10993637888268648,-0.21987275776537293,-0.10993637888268647
2011-07-29 00:00:01,0.07347538574580001,0.3435848034509241,0,-0.1099383119618995,-0.21987662392379898,-0.1099383119618995
2011-07-29 01:00:01,0.07224967490249999,0.34660815344301843,0,-0.10994018632194588,-0.21988037264389176,-0.10994018632194588
2011-07-29 02:00:01,0.0732498394348,0.3434450581347166,0,-0.10994200374552164,-0.2198840074910433,-0.10994200374552165
2011-07-29 03:00:01,0.06763261296659999,0.3588455867715212,0,-0.10994376596125788,-0.21988753192251576,-0.10994376596125789
2011-07-29 04:00:01,0.07242444152430001,0.34494407799097143,0,-0.10994547464535706,-0.21989094929071407,-0.10994547464535706
2011-07-29 05:00:01,0.08966958211860003,0.3078519736977538,0,-0.10994713142317984,-0.21989426284635968,-0.10994713142317984
2011-07-29 06:00:01,0.0784363636364,0.32783018504320943,0,-0.10994873787078427,-0.21989747574156854,-0.10994873787078428
2011-07-29 07:00:01,0.096213740458,0.325624472887812,0,-0.1099502955164184,-0.2199005910328368,-0.10995029551641841
2011-07-29 08:00:01,0.156112311015,0.5033338973291807,0,-0.10995180584196798,-0.219903611683936,-0.10995180584196798
2011-07-29 09:00:01,0.11890052355999994,0.3882893843962185,0,-0.10995327028436028,-0.21990654056872055,-0.10995327028436029
2011-07-29 10:00:01,0.132742857143,0.4286721855061639,0,-0.10995469023692593,-0.21990938047385186,-0.10995469023692592
2011-07-29 11:00:01,0.114931880109,0.3755213551478384,0,-0.1099560670507192,-0.2199121341014384,-0.10995606705071921
2011-07-29 12:00:01,0.128949880668,0.4159002671689779,0,-0.10995740203579887,-0.21991480407159775,-0.10995740203579889
2011-07-29 13:00:01,0.122662807525,0.3967803189415163,0,-0.1099586964624701,-0.2199173929249402,-0.1099586964624701
2011-07-29 14:00:01,0.117895953757,0.38245208953446586,0,-0.1099599515624888,-0.2199199031249776,-0.1099599515624888
2011-07-29 15:00:01,0.113000987167,0.3681391149683947,0,-0.10996116853022993,-0.21992233706045985,-0.10996116853022993
2011-07-29 16:00:01,0.0856885245902,0.3110199622744317,0,-0.10996234852382017,-0.2199246970476403,-0.10996234852382016
2011-07-29 17:00:01,0.08416297117519997,0.3151505893225494,0,-0.10996349266623644,-0.21992698533247287,-0.10996349266623644
2011-07-29 18:00:01,0.07679377013960001,0.3345992039458792,0,-0.10996460204637147,-0.2199292040927429,-0.10996460204637147
2011-07-29 19:00:01,0.07894430051810003,0.3287529939456586,0,-0.10996567772006677,-0.2199313554401335,-0.10996567772006675
2011-07-29 20:00:01,0.0845344129555,0.3138958553763294,0,-0.10996672071111452,-0.21993344142222904,-0.10996672071111452
2011-07-29 21:00:01,0.0913032031593,0.3098282959438787,0,-0.10996773201222948,-0.21993546402445893,-0.10996773201222947
2011-07-29 22:00:01,0.0925146689019,0.31334822309062954,0,-0.10996871258599086,-0.21993742517198173,-0.10996871258599086
2011-07-29 23:00:01,0.101165644172,0.3366577129924162,0,-0.1099696633657564,-0.2199393267315128,-0.1099696633657564
2011-07-30 00:00:01,0.0886551155116,0.3035408880428345,0,-0.10997058525654828,-0.21994117051309656,-0.10997058525654828
2011-07-30 01:00:01,0.0797572435395,0.32542896067041915,0,-0.1099714791359124,-0.2199429582718248,-0.1099714791359124
2011-07-30 02:00:01,0.0728994544037,0.34380182246852786,0,-0.1099723458547518,-0.2199446917095036,-0.10997234585475181
2011-07-30 03:00:01,0.0740775780511,0.3401903523478329,0,-0.10997318623813464,-0.21994637247626928,-0.10997318623813464
2011-07-30 04:00:01,0.07226482389660001,0.3448364035080294,0,-0.1099740010860778,-0.2199480021721556,-0.10997400108607779
2011-07-30 05:00:01,0.06838068181819999,0.35535489327589603,0,-0.1099747911743068,-0.2199495823486136,-0.1099747911743068
2011-07-30 06:00:01,0.0948214285714,0.3222031892543989,0,-0.10997555725499272,-0.21995111450998545,-0.10997555725499271
2011-07-30 07:00:01,0.0938634046891,0.3196050374268597,0,-0.10997630005746667,-0.21995260011493334,-0.10997630005746667
2011-07-30 08:00:01,0.130261437908,0.4237082090471853,0,-0.10997702028891286,-0.21995404057782567,-0.10997702028891286
2011-07-30 09:00:01,0.111311827957,0.3671142737661837,0,-0.10997771863504044,-0.2199554372700809,-0.10997771863504045
2011-07-30 10:00:01,0.0984196891192,0.33088372143898365,0,-0.1099783957607351,-0.2199567915214702,-0.1099783957607351
2011-07-30 11:00:01,0.116709265176,0.38212614894567054,0,-0.109979052310691,-0.219958104621382,-0.109979052310691
2011-07-30 12:00:01,0.113532818533,0.37247160662958095,0,-0.10997968891002337,-0.2199593778200467,-0.10997968891002335
2011-07-30 13:00:01,0.125555555556,0.4069794622926175,0,-0.10998030616486272,-0.21996061232972547,-0.10998030616486273
2011-07-30 14:00:01,0.115386533666,0.3766744351384746,0,-0.1099809046629311,-0.2199618093258622,-0.1099809046629311
2011-07-30 15:00:01,0.1102342918,0.3615169647299842,0,-0.10998148497410054,-0.21996296994820108,-0.10998148497410054
2011-07-30 16:00:01,0.0929906542056,0.3139808058172212,0,-0.10998204765093496,-0.21996409530186992,-0.10998204765093496
2011-07-30 17:00:01,0.0869395348837,0.30802421284966996,0,-0.10998259322921557,-0.2199651864584311,-0.10998259322921555
2011-07-30 18:00:01,0.0907490864799,0.3075237800441976,0,-0.10998312222845,-0.2199662444569,-0.10998312222845
2011-07-30 19:00:01,0.0838778311599,0.3164690068830868,0,-0.10998363515236664,-0.2199672703047333,-0.10998363515236664
2011-07-30 20:00:01,0.08042857142860001,0.3257242193065077,0,-0.10998413248939336,-0.21996826497878674,-0.10998413248939337
2011-07-30 21:00:01,0.0788680555556,0.3297902952667424,0,-0.10998461471312207,-0.21996922942624414,-0.10998461471312208
2011-07-30 22:00:01,0.0821278089888,0.32057911361578784,0,-0.10998508228275908,-0.21997016456551816,-0.10998508228275908
2011-07-30 23:00:01,0.08420505200589999,0.3146675863562017,0,-0.10998553564356188,-0.21997107128712376,-0.10998553564356188
2011-07-31 00:00:01,0.080601387818,0.324143138736489,0,-0.10998597522726254,-0.21997195045452508,-0.10998597522726254
2011-07-31 01:00:01,0.0680497925311,0.3589008136334085,0,-0.10998640145247844,-0.21997280290495688,-0.10998640145247844
2011-07-31 02:00:01,0.0631529726119,0.3726540168770063,0,-0.10998681472511042,-0.21997362945022084,-0.10998681472511042
2011-07-31 03:00:01,0.055147255689400015,0.3957709308689233,0,-0.10998721543872884,-0.2199744308774577,-0.10998721543872883
2011-07-31 04:00:01,0.06013333333330001,0.3803599817191975,0,-0.10998760397494804,-0.21997520794989608,-0.10998760397494804
2011-07-31 05:00:01,0.0610477941176,0.3771994053627669,0,-0.1099879807037894,-0.2199759614075788,-0.1099879807037894
2011-07-31 06:00:01,0.0709155429383,0.3482527304548421,0,-0.10998834598403326,-0.21997669196806646,-0.10998834598403326
2011-07-31 07:00:01,0.083761682243,0.312451025424785,0,-0.10998870016356037,-0.2199774003271207,-0.10998870016356035
2011-07-31 08:00:01,0.12181663837,0.40065788569785016,0,-0.1099890435796828,-0.2199780871593656,-0.1099890435796828
2011-07-31 09:00:01,0.118093841642,0.38884476353455577,0,-0.10998937655946496,-0.21997875311892995,-0.10998937655946497
2011-07-31 10:00:01,0.0936153846154,0.3187181162019745,0,-0.1099896994200348,-0.2199793988400696,-0.1099896994200348
2011-07-31 11:00:01,0.0994202898551,0.3343837746166794,0,-0.10999001246888546,-0.2199800249377709,-0.10999001246888546
2011-07-31 12:00:01,0.0964052287582,0.3257275298230952,0,-0.10999031600416803,-0.21998063200833606,-0.10999031600416803
2011-07-31 13:00:01,0.100709459459,0.3373661206755518,0,-0.10999061031497516,-0.21998122062995035,-0.10999061031497517
2011-07-31 14:00:01,0.115931034483,0.3809114371150379,0,-0.1099908956816163,-0.2199817913632326,-0.1099908956816163
2011-07-31 15:00:01,0.105705329154,0.3506419026228243,0,-0.1099911723758843,-0.2199823447517686,-0.1099911723758843
2011-07-31 16:00:01,0.103412969283,0.34373832350201283,0,-0.1099914406613142,-0.2199828813226284,-0.1099914406613142
2011-07-31 17:00:01,0.0962058823529,0.3232124458325717,0,-0.10999170079343402,-0.21998340158686805,-0.10999170079343402
2011-07-31 18:00:01,0.0869072948328,0.3079528645404301,0,-0.10999195302000803,-0.21998390604001605,-0.10999195302000801
2011-07-31 19:00:01,0.0886683209264,0.3031695811162517,0,-0.10999219758127232,-0.21998439516254464,-0.10999219758127232
2011-07-31 20:00:01,0.08523659305989999,0.31193275930275743,0,-0.10999243471016384,-0.2199848694203277,-0.10999243471016383
2011-07-31 21:00:01,0.0830542986425,0.3179767455269405,0,-0.1099926646325418,-0.2199853292650836,-0.1099926646325418
2011-07-31 22:00:01,0.0863148788927,0.3086931791879919,0,-0.10999288756740283,-0.2199857751348057,-0.10999288756740284
2011-07-31 23:00:01,0.08088888888889999,0.3232888023970315,0,-0.10999310372708944,-0.21998620745417885,-0.10999310372708943
2011-08-01 00:00:01,0.0844655929722,0.31298533460799904,0,-0.10999331331749196,-0.21998662663498394,-0.10999331331749197
2011-08-01 01:00:01,0.0788088235294,0.32859174431428284,0,-0.10999351653824488,-0.21998703307648976,-0.10999351653824488
2011-08-01 02:00:01,0.08465596330280001,0.3119492126800044,0,-0.10999371358291657,-0.21998742716583314,-0.10999371358291657
2011-08-01 03:00:01,0.05688249400480001,0.3931887305273533,0,-0.10999390463919373,-0.21998780927838746,-0.10999390463919373
2011-08-01 04:00:01,0.07273287143960001,0.3450700521288012,0,-0.10999408988906004,-0.21998817977812007,-0.10999408988906004
2011-08-01 05:00:01,0.0826939471441,0.31637059333369993,0,-0.10999426950896936,-0.21998853901793874,-0.10999426950896937
2011-08-01 06:00:01,0.084090382387,0.3123002786797405,0,-0.10999444367001383,-0.2199888873400277,-0.10999444367001385
2011-08-01 07:00:01,0.0908172362556,0.3120857603828441,0,-0.10999461253808666,-0.21998922507617333,-0.10999461253808666
2011-08-01 08:00:01,0.135628865979,0.4469561415308131,0,-0.10999477627404007,-0.21998955254808014,-0.10999477627404008
2011-08-01 09:00:01,0.125981308411,0.4151861912939381,0,-0.10999493503383856,-0.21998987006767712,-0.10999493503383856
2011-08-01 10:00:01,0.121021505376,0.3989727347072048,0,-0.10999508896870726,-0.2199901779374145,-0.10999508896870726
2011-08-01 11:00:01,0.127050147493,0.4168388500801981,0,-0.10999523822527604,-0.21999047645055206,-0.10999523822527602
2011-08-01 12:00:01,0.105648854962,0.3515760285356879,0,-0.10999538294571896,-0.21999076589143796,-0.10999538294571896
2011-08-01 13:00:01,0.111731748727,0.3690660146019313,0,-0.10999552326788993,-0.21999104653577986,-0.10999552326788992
2011-08-01 14:00:01,0.11498392283,0.3783578820541506,0,-0.10999565932545363,-0.21999131865090726,-0.10999565932545362
2011-08-01 15:00:01,0.112511415525,0.3704555620662248,0,-0.10999579124801304,-0.21999158249602607,-0.10999579124801304
2011-08-01 16:00:01,0.0994946808511,0.33189399147965404,0,-0.10999591916123272,-0.21999183832246547,-0.10999591916123273
2011-08-01 17:00:01,0.106244665718,0.3511380840870922,0,-0.10999604318695858,-0.21999208637391715,-0.10999604318695858
2011-08-01 18:00:01,0.08548334243580001,0.31401219824987736,0,-0.10999616344333372,-0.21999232688666745,-0.10999616344333372
2011-08-01 19:00:01,0.0872797427653,0.3090336404495881,0,-0.10999628004491116,-0.21999256008982235,-0.10999628004491117
2011-08-01 20:00:01,0.0819312169312,0.3240654628754344,0,-0.10999639310276277,-0.2199927862055256,-0.10999639310276278
2011-08-01 21:00:01,0.0881,0.3064806022310351,0,-0.10999650272458512,-0.21999300544917025,-0.10999650272458512
2011-08-01 22:00:01,0.0955753337572,0.320819255235666,0,-0.10999660901480196,-0.2199932180296039,-0.10999660901480195
2011-08-01 23:00:01,0.0987902592302,0.33077584818956285,0,-0.1099967120746637,-0.2199934241493274,-0.1099967120746637
2011-08-02 00:00:01,0.0889931350114,0.3030014670533526,0,-0.10999681200234394,-0.2199936240046879,-0.10999681200234394
2011-08-02 01:00:01,0.084732061762,0.3147639338041817,0,-0.10999690889303278,-0.21999381778606555,-0.10999690889303278
2011-08-02 02:00:01,0.0879424920128,0.30539286598186466,0,-0.10999700283902758,-0.2199940056780552,-0.10999700283902758
2011-08-02 03:00:01,0.0664155251142,0.3688938265798162,0,-0.10999709392982084,-0.21999418785964167,-0.10999709392982084
2011-08-02 04:00:01,0.0831809145129,0.31815228001480866,0,-0.10999718225218544,-0.2199943645043709,-0.10999718225218545
2011-08-02 05:00:01,0.0926953125,0.3150090522648007,0,-0.10999726789025724,-0.2199945357805145,-0.10999726789025725
2011-08-02 06:00:01,0.08907817969660001,0.30481885018492577,0,-0.1099973509256153,-0.2199947018512306,-0.1099973509256153
2011-08-02 07:00:01,0.116447166922,0.3871083214740638,0,-0.10999743143735943,-0.21999486287471887,-0.10999743143735943
2011-08-02 08:00:01,0.150505050505,0.4978821333835825,0,-0.10999750950218563,-0.2199950190043713,-0.10999750950218565
2011-08-02 09:00:01,0.120997442455,0.3992046439309879,0,-0.10999758519445918,-0.2199951703889184,-0.10999758519445918
2011-08-02 10:00:01,0.12171641791,0.40082363108301466,0,-0.10999765858628527,-0.21999531717257054,-0.10999765858628527
2011-08-02 11:00:01,0.13024691357999998,0.4273039793803961,0,-0.1099977297475779,-0.2199954594951558,-0.1099977297475779
2011-08-02 12:00:01,0.12217032967,0.4006833022325545,0,-0.10999779874612636,-0.2199955974922527,-0.10999779874612635
2011-08-02 13:00:01,0.120845070423,0.3959076248363938,0,-0.10999786564765976,-0.21999573129531952,-0.10999786564765976
2011-08-02 14:00:01,0.137652671756,0.4484752519963029,0,-0.10999793051590973,-0.21999586103181945,-0.10999793051590971
2011-08-02 15:00:01,0.124419354839,0.4052685474648311,0,-0.10999799341267097,-0.219995986825342,-0.10999799341267098
2011-08-02 16:00:01,0.119978448276,0.3907539320593972,0,-0.10999805439786037,-0.21999610879572076,-0.10999805439786037
2011-08-02 17:00:01,0.102033898305,0.33630106097163714,0,-0.10999811352957377,-0.2199962270591476,-0.10999811352957378
2011-08-02 18:00:01,0.0973706896552,0.3225691591266114,0,-0.10999817086414153,-0.21999634172828306,-0.10999817086414151
2011-08-02 19:00:01,0.0990192791282,0.3272016506849968,0,-0.10999822645618199,-0.219996452912364,-0.10999822645618199
2011-08-02 20:00:01,0.104033546326,0.3417261849155233,0,-0.1099982803586537,-0.2199965607173074,-0.1099982803586537
2011-08-02 21:00:01,0.103341483293,0.3406220683924579,0,-0.10999833262290568,-0.21999666524581135,-0.10999833262290569
2011-08-02 22:00:01,0.104043126685,0.3428358714530145,0,-0.1099983832987265,-0.21999676659745301,-0.1099983832987265
2011-08-02 23:00:01,0.0923657817109,0.3092383885069082,0,-0.10999843243439147,-0.21999686486878295,-0.10999843243439149
2011-08-03 00:00:01,0.0908755364807,0.3052920985054887,0,-0.10999848007670893,-0.21999696015341785,-0.10999848007670893
2011-08-03 01:00:01,0.0832804614275,0.32186228877970513,0,-0.1099985262710645,-0.219997052542129,-0.1099985262710645
2011-08-03 02:00:01,0.0718162983425,0.35567570121062475,0,-0.1099985710614646,-0.21999714212292926,-0.10999857106146461
2011-08-03 03:00:01,0.0641237113402,0.3791456090183155,0,-0.10999861449057824,-0.21999722898115645,-0.10999861449057823
2011-08-03 04:00:01,0.0730695970696,0.3509136673596419,0,-0.10999865659977756,-0.2199973131995551,-0.10999865659977755
2011-08-03 05:00:01,0.0877640203933,0.30727246762350074,0,-0.10999869742917744,-0.21999739485835487,-0.10999869742917744
2011-08-03 06:00:01,0.07939303482589999,0.3315893952883071,0,-0.1099987370176736,-0.2199974740353472,-0.1099987370176736
2011-08-03 07:00:01,0.113240310078,0.37455628145306064,0,-0.10999877540297967,-0.21999755080595934,-0.10999877540297968
2011-08-03 08:00:01,0.135289079229,0.44520048023002495,0,-0.10999881262166313,-0.21999762524332625,-0.10999881262166313
2011-08-03 09:00:01,0.140438596491,0.4607211833789511,0,-0.10999884870918006,-0.2199976974183601,-0.10999884870918006
2011-08-03 10:00:01,0.132291262136,0.4324195687478157,0,-0.10999888369990904,-0.21999776739981805,-0.10999888369990903
2011-08-03 11:00:01,0.0986138613861,0.3275426383987213,0,-0.10999891762718376,-0.2199978352543675,-0.10999891762718375
2011-08-03 12:00:01,0.107055702918,0.3521558132095063,0,-0.10999895052332494,-0.21999790104664987,-0.10999895052332494
2011-08-03 13:00:01,0.122393320965,0.3991504562846109,0,-0.10999898241967096,-0.21999796483934195,-0.10999898241967097
2011-08-03 14:00:01,0.118733974359,0.3870154726268433,0,-0.1099990133466078,-0.2199980266932156,-0.1099990133466078
2011-08-03 15:00:01,0.131208333333,0.42642466397816464,0,-0.10999904333359796,-0.21999808666719592,-0.10999904333359796
2011-08-03 16:00:01,0.120161137441,0.3903286877946677,0,-0.10999907240920848,-0.21999814481841695,-0.10999907240920849
2011-08-03 17:00:01,0.102637465051,0.33593679031808193,0,-0.10999910060113828,-0.21999820120227656,-0.10999910060113828
2011-08-03 18:00:01,0.0927382875606,0.3068982436046156,0,-0.10999912793624443,-0.21999825587248886,-0.10999912793624442
2011-08-03 19:00:01,0.110486641221,0.35914432579914396,0,-0.10999915444056768,-0.21999830888113533,-0.10999915444056767
2011-08-03 20:00:01,0.0917786561265,0.30378897099007385,0,-0.10999918013935747,-0.21999836027871494,-0.10999918013935749
2011-08-03 21:00:01,0.0896810631229,0.3077258385767264,0,-0.10999920505709583,-0.2199984101141917,-0.10999920505709584
2011-08-03 22:00:01,0.0854006586169,0.3197386291563149,0,-0.10999922921752074,-0.21999845843504148,-0.10999922921752074
2011-08-03 23:00:01,0.0681545998911,0.3717209898697436,0,-0.10999925264364868,-0.21999850528729736,-0.10999925264364868
2011-08-04 00:00:01,0.0555156537753,0.41165316045567096,0,-0.10999927535779667,-0.21999855071559335,-0.10999927535779669
2011-08-04 01:00:01,0.053003970004400006,0.4189634725059766,0,-0.10999929738160352,-0.21999859476320704,-0.10999929738160351
2011-08-04 02:00:01,0.0474216027875,0.43638411470946337,0,-0.10999931873605023,-0.2199986374721005,-0.10999931873605025
2011-08-04 03:00:01,0.04356380510440002,0.4480045425944438,0,-0.10999933944148034,-0.21999867888296068,-0.10999933944148034
2011-08-04 04:00:01,0.0628515815085,0.3843584694876823,0,-0.10999935951761898,-0.219998719035238,-0.10999935951761898
2011-08-04 05:00:01,0.0907293354943,0.30523262438512394,0,-0.10999937898359184,-0.21999875796718368,-0.10999937898359184
2011-08-04 06:00:01,0.079404641776,0.33320568144507084,0,-0.10999939785794333,-0.21999879571588665,-0.10999939785794333
2011-08-04 07:00:01,0.124388254486,0.4074303602233526,0,-0.10999941615865427,-0.21999883231730852,-0.10999941615865427
2011-08-04 08:00:01,0.192708333333,0.6293430735901511,0,-0.109999433903159,-0.219998867806318,-0.10999943390315899
2011-08-04 09:00:01,0.15531088082900002,0.5013776056229126,0,-0.10999945110836194,-0.21999890221672389,-0.10999945110836194
2011-08-04 10:00:01,0.11597826087000004,0.3751112586277247,0,-0.10999946779065384,-0.2199989355813077,-0.10999946779065385
2011-08-04 11:00:01,0.122092307692,0.3931459738206229,0,-0.10999948396592726,-0.21999896793185453,-0.10999948396592726
2011-08-04 12:00:01,0.118666666667,0.3820876355047283,0,-0.10999949964959173,-0.21999899929918346,-0.10999949964959173
2011-08-04 13:00:01,0.114611398964,0.3693646060450944,0,-0.10999951485658847,-0.21999902971317692,-0.10999951485658847
2011-08-04 14:00:01,0.11694980695,0.3759041422479747,0,-0.1099995296014046,-0.2199990592028092,-0.1099995296014046
2011-08-04 15:00:01,0.111554663992,0.3593449895493809,0,-0.10999954389808696,-0.21999908779617394,-0.10999954389808697
2011-08-04 16:00:01,0.117184466019,0.3759467421463639,0,-0.10999955776025544,-0.2199991155205109,-0.10999955776025545
2011-08-04 17:00:01,0.107725080386,0.34715904913259904,0,-0.10999957120111603,-0.21999914240223206,-0.10999957120111603
2011-08-04 18:00:01,0.0907093292213,0.3071839876998318,0,-0.10999958423347332,-0.21999916846694664,-0.10999958423347331
2011-08-04 19:00:01,0.0940831074977,0.3076735781021709,0,-0.10999959686974277,-0.2199991937394855,-0.10999959686974276
2011-08-04 20:00:01,0.0903178991016,0.3086537219616809,0,-0.10999960912196248,-0.21999921824392493,-0.10999960912196247
2011-08-04 21:00:01,0.0942023346304,0.30831179539563003,0,-0.1099996210018047,-0.2199992420036094,-0.1099996210018047
2011-08-04 22:00:01,0.0980128548473,0.31932327707899555,0,-0.10999963252058696,-0.21999926504117392,-0.10999963252058696
2011-08-04 23:00:01,0.0961186903138,0.3140904260785717,0,-0.10999964368928278,-0.2199992873785656,-0.10999964368928278
2011-08-05 00:00:01,0.083626707132,0.3267461299800613,0,-0.10999965451853216,-0.21999930903706436,-0.10999965451853216
2011-08-05 01:00:01,0.0662049335863,0.3785975796054892,0,-0.10999966501865176,-0.2199993300373036,-0.10999966501865178
2011-08-05 02:00:01,0.0627621483376,0.38876526188288857,0,-0.10999967519964476,-0.2199993503992895,-0.10999967519964475
2011-08-05 03:00:01,0.06546520719309999,0.3797765585960136,0,-0.10999968507121012,-0.21999937014242027,-0.10999968507121013
2011-08-05 04:00:01,0.06825565912119999,0.3706466752128041,0,-0.10999969464275222,-0.21999938928550444,-0.10999969464275222
2011-08-05 05:00:01,0.108736462094,0.35326652665517216,0,-0.10999970392338952,-0.21999940784677904,-0.10999970392338952
2011-08-05 06:00:01,0.0956589147287,0.3147315868375124,0,-0.1099997129219634,-0.2199994258439268,-0.1099997129219634
2011-08-05 07:00:01,0.121594684385,0.39220845239152347,0,-0.10999972164704644,-0.2199994432940929,-0.10999972164704645
2011-08-05 08:00:01,0.16994680851100002,0.5488339022186751,0,-0.1099997301069508,-0.2199994602139016,-0.1099997301069508
2011-08-05 09:00:01,0.138291925466,0.4419678078703247,0,-0.10999973830973593,-0.2199994766194719,-0.10999973830973594
2011-08-05 10:00:01,0.122438162544,0.3908920942940575,0,-0.10999974626321636,-0.21999949252643272,-0.10999974626321636
2011-08-05 11:00:01,0.124915730337,0.39799267093363055,0,-0.10999975397496912,-0.21999950794993825,-0.10999975397496912
2011-08-05 12:00:01,0.103655172414,0.3332997367468132,0,-0.10999976145234093,-0.21999952290468186,-0.10999976145234093
2011-08-05 13:00:01,0.120434782609,0.3833365346172779,0,-0.10999976870245523,-0.2199995374049105,-0.10999976870245524
2011-08-05 14:00:01,0.127615384615,0.4054555142442295,0,-0.10999977573221904,-0.2199995514644381,-0.10999977573221904
2011-08-05 15:00:01,0.116647398844,0.3706926968121693,0,-0.10999978254832933,-0.21999956509665866,-0.10999978254832933
2011-08-05 16:00:01,0.119007470651,0.37785060085004935,0,-0.1099997891572796,-0.2199995783145592,-0.10999978915727959
2011-08-05 17:00:01,0.123242753623,0.39075908069036747,0,-0.10999979556536604,-0.21999959113073206,-0.10999979556536602
2011-08-05 18:00:01,0.10378812199,0.3302718070852679,0,-0.10999980177869334,-0.21999960355738668,-0.10999980177869334
2011-08-05 19:00:01,0.10391167192399996,0.3302482020608659,0,-0.10999980780318083,-0.2199996156063617,-0.10999980780318085
2011-08-05 20:00:01,0.1031834404,0.3278484853968844,0,-0.10999981364456783,-0.2199996272891357,-0.10999981364456785
2011-08-05 21:00:01,0.0813955342903,0.3416950068565767,0,-0.10999981930841927,-0.21999963861683852,-0.10999981930841927
2011-08-05 22:00:01,0.0997409326425,0.3180172640863487,0,-0.10999982480013087,-0.21999964960026175,-0.10999982480013089
2011-08-05 23:00:01,0.0937476808905,0.3049904472607365,0,-0.1099998301249345,-0.219999660249869,-0.1099998301249345
2011-08-06 00:00:01,0.0944382022472,0.3029953000059809,0,-0.10999983528790286,-0.21999967057580566,-0.10999983528790286
2011-08-06 01:00:01,0.0806839452844,0.3432787836086588,0,-0.1099998402939546,-0.2199996805879092,-0.1099998402939546
2011-08-06 02:00:01,0.0811759868421,0.3415543201166067,0,-0.10999984514785882,-0.21999969029571764,-0.10999984514785882
2011-08-06 03:00:01,0.079875,0.345137229168526,0,-0.1099998498542397,-0.2199996997084794,-0.1099998498542397
2011-08-06 04:00:01,0.101463607595,0.3245807648944277,0,-0.10999985441758084,-0.2199997088351617,-0.10999985441758085
2011-08-06 05:00:01,0.0946192528736,0.3044282614599264,0,-0.10999985884222968,-0.21999971768445933,-0.10999985884222967
2011-08-06 06:00:01,0.103779385172,0.3311245017146877,0,-0.10999986313240134,-0.2199997262648027,-0.10999986313240134
2011-08-06 07:00:01,0.131770833333,0.4195401675250503,0,-0.10999986729218304,-0.21999973458436606,-0.10999986729218302
2011-08-06 08:00:01,0.164243902439,0.5280831008911576,0,-0.1099998713255376,-0.2199997426510752,-0.1099998713255376
2011-08-06 09:00:01,0.114065420561,0.3599645708198161,0,-0.10999987523630754,-0.21999975047261508,-0.10999987523630754
2011-08-06 10:00:01,0.097802690583,0.3107020160732905,0,-0.10999987902821852,-0.21999975805643704,-0.10999987902821852
2011-08-06 11:00:01,0.118575418994,0.3735844282844462,0,-0.10999988270488298,-0.219999765409766,-0.10999988270488298
2011-08-06 12:00:01,0.144545454545,0.4588817048007013,0,-0.10999988626980356,-0.21999977253960712,-0.10999988626980356
2011-08-06 13:00:01,0.115585106383,0.3626601781674023,0,-0.10999988972637648,-0.21999977945275295,-0.10999988972637649
2011-08-06 14:00:01,0.138979865772,0.4394087995471644,0,-0.10999989307789472,-0.21999978615578947,-0.10999989307789473
2011-08-06 15:00:01,0.117599277978,0.36813462827449817,0,-0.10999989632755117,-0.21999979265510236,-0.10999989632755117
2011-08-06 16:00:01,0.12798955613600002,0.4025228019077968,0,-0.10999989947844167,-0.21999979895688332,-0.10999989947844167
2011-08-06 17:00:01,0.11869047619,0.37103344981288505,0,-0.10999990253356802,-0.219999805067136,-0.10999990253356799
2011-08-06 18:00:01,0.112857142857,0.3516092445762048,0,-0.10999990549584067,-0.21999981099168134,-0.10999990549584067
2011-08-06 19:00:01,0.104221105528,0.3239755696539118,0,-0.10999990836808178,-0.2199998167361636,-0.10999990836808178
2011-08-06 20:00:01,0.110081300813,0.34213115669926275,0,-0.10999991115302764,-0.21999982230605528,-0.10999991115302764
2011-08-06 21:00:01,0.109489795918,0.3406700187217404,0,-0.10999991385333137,-0.2199998277066627,-0.10999991385333135
2011-08-06 22:00:01,0.132456320658,0.4169739545033891,0,-0.10999991647156546,-0.2199998329431309,-0.10999991647156546
2011-08-06 23:00:01,0.112317198764,0.34917815666326635,0,-0.10999991901022424,-0.2199998380204485,-0.10999991901022425
2011-08-07 00:00:01,0.0978862793572,0.30438729119630176,0,-0.10999992147172626,-0.2199998429434525,-0.10999992147172626
2011-08-07 01:00:01,0.0939727126806,0.3130995537184265,0,-0.10999992385841648,-0.21999984771683292,-0.10999992385841648
2011-08-07 02:00:01,0.0917095777549,0.3198144444084043,0,-0.10999992617256862,-0.21999985234513725,-0.10999992617256862
2011-08-07 03:00:01,0.08609375,0.3370929991456701,0,-0.10999992841638737,-0.21999985683277476,-0.10999992841638737
2011-08-07 04:00:01,0.0917391304348,0.3191150065824406,0,-0.10999993059201027,-0.21999986118402054,-0.10999993059201028
2011-08-07 05:00:01,0.0846818181818,0.3410992604920102,0,-0.10999993270151008,-0.21999986540302016,-0.10999993270151008
2011-08-07 06:00:01,0.0921988950276,0.3175701542572214,0,-0.11,-0.22,-0.11
2011-08-07 07:00:01,0.137547169811,0.4358402894260793,0,-0.11,-0.22,-0.11
2011-08-07 08:00:01,0.194764957265,0.633725975208074,0,-0.11,-0.22,-0.11
2011-08-07 09:00:01,0.137314578005,0.4290052651138462,0,-0.11,-0.22,-0.11
2011-08-07 10:00:01,0.123309178744,0.3814230642872422,0,-0.11,-0.22,-0.11
2011-08-07 11:00:01,0.101875,0.3139702854754038,0,-0.11,-0.22,-0.11
2011-08-07 12:00:01,0.113897810219,0.3505384690566681,0,-0.11,-0.22,-0.11
2011-08-07 13:00:01,0.123737541528,0.38177082833191583,0,-0.11,-0.22,-0.11
2011-08-07 14:00:01,0.125498533724,0.38718045616551017,0,-0.11,-0.22,-0.11
2011-08-07 15:00:01,0.124308390023,0.3828742115098113,0,-0.11,-0.22,-0.11
2011-08-07 16:00:01,0.107933014354,0.3296864713387761,0,-0.11,-0.22,-0.11
2011-08-07 17:00:01,0.114069050555,0.3488150040395822,0,-0.11,-0.22,-0.11
2011-08-07 18:00:01,0.114200260078,0.34885665887861994,0,-0.11,-0.22,-0.11
2011-08-07 19:00:01,0.115863921218,0.35388408938396404,0,-0.11,-0.22,-0.11
2011-08-07 20:00:01,0.132262016965,0.4087045570451767,0,-0.11,-0.22,-0.11
2011-08-07 21:00:01,0.08523214285710001,0.3486307974637413,0,-0.11,-0.22,-0.11
2011-08-07 22:00:01,0.085404040404,0.3477860466750268,0,-0.11,-0.22,-0.11
2011-08-07 23:00:01,0.0957723577236,0.31462651833305577,0,-0.11,-0.22,-0.11
2011-08-08 00:00:01,0.08090214067280001,0.3621088018667021,0,-0.11,-0.22,-0.11
2011-08-08 01:00:01,0.0813665086888,0.3602168049554636,0,-0.11,-0.22,-0.11
2011-08-08 02:00:01,0.06868455497380001,0.40271479636551627,0,-0.11,-0.22,-0.11
2011-08-08 03:00:01,0.06375,0.4189830977428985,0,-0.11,-0.22,-0.11
2011-08-08 04:00:01,0.0718086419753,0.3904594046800996,0,-0.11,-0.22,-0.11
2011-08-08 05:00:01,0.0990780141844,0.3029508692989252,0,-0.11,-0.22,-0.11
2011-08-08 06:00:01,0.101891891892,0.3112669421168825,0,-0.11,-0.22,-0.11
2011-08-08 07:00:01,0.131940594059,0.40903735310666417,0,-0.11,-0.22,-0.11
2011-08-08 08:00:01,0.198534031414,0.6394087086526609,0,-0.11,-0.22,-0.11
2011-08-08 09:00:01,0.131197411003,0.4014556930247908,0,-0.11,-0.22,-0.11
2011-08-08 10:00:01,0.135933333333,0.41661642176905417,0,-0.11,-0.22,-0.11
2011-08-08 11:00:01,0.137407407407,0.4207019548230075,0,-0.11,-0.22,-0.11
2011-08-08 12:00:01,0.135081081081,0.4119393718024292,0,-0.11,-0.22,-0.11
2011-08-08 13:00:01,0.127449799197,0.38594946131386737,0,-0.11,-0.22,-0.11
2011-08-08 14:00:01,0.134806547619,0.4096385807150232,0,-0.11,-0.22,-0.11
2011-08-08 15:00:01,0.146736292428,0.4492623691323389,0,-0.11,-0.22,-0.11
2011-08-08 16:00:01,0.140640732265,0.4278732782173035,0,-0.11,-0.22,-0.11
2011-08-08 17:00:01,0.124901639344,0.3747686938104897,0,-0.11,-0.22,-0.11
2011-08-08 19:00:01,0.107754940711,0.3207348197511665,0,-0.11,-0.22,-0.11
2011-08-08 20:00:01,0.0973099801718,0.3164541109018895,0,-0.11,-0.22,-0.11
2011-08-08 21:00:01,0.105857445307,0.31463976885071465,0,-0.11,-0.22,-0.11
2011-08-08 22:00:01,0.104513274336,0.3108246316211016,0,-0.11,-0.22,-0.11
2011-08-08 23:00:01,0.0998374558304,0.3089241503054119,0,-0.11,-0.22,-0.11
2011-08-09 00:00:01,0.0816804822909,0.36507771042448417,0,-0.11,-0.22,-0.11
2011-08-09 01:00:01,0.0678761061947,0.4101446247171979,0,-0.11,-0.22,-0.11
2011-08-09 02:00:01,0.0752766639936,0.3847840497710889,0,-0.11,-0.22,-0.11
2011-08-09 03:00:01,0.0670263591433,0.4115613679893412,0,-0.11,-0.22,-0.11
2011-08-09 04:00:01,0.079624920534,0.3693600540505058,0,-0.11,-0.22,-0.11
2011-08-09 05:00:01,0.088817264574,0.33996065546066656,0,-0.11,-0.22,-0.11
2011-08-09 06:00:01,0.08945241199480003,0.3377753434642036,0,-0.11,-0.22,-0.11
2011-08-09 07:00:01,0.110949913644,0.33259672727568784,0,-0.11,-0.22,-0.11
2011-08-09 08:00:01,0.184171428571,0.5772788297782658,0,-0.11,-0.22,-0.11
2011-08-09 09:00:01,0.126060606061,0.3775767547736168,0,-0.11,-0.22,-0.11
2011-08-09 10:00:01,0.122429022082,0.36565688583941575,0,-0.11,-0.22,-0.11
2011-08-09 11:00:01,0.113667711599,0.3383455907247545,0,-0.11,-0.22,-0.11
2011-08-09 12:00:01,0.12118902439,0.36129766268201535,0,-0.11,-0.22,-0.11
2011-08-09 13:00:01,0.120177304965,0.35777823091414546,0,-0.11,-0.22,-0.11
2011-08-09 14:00:01,0.126299212598,0.3765575015075561,0,-0.11,-0.22,-0.11
2011-08-09 15:00:01,0.160228136882,0.4877195250347698,0,-0.11,-0.22,-0.11
2011-08-09 16:00:01,0.130101180438,0.3866180700581103,0,-0.11,-0.22,-0.11
2011-08-09 17:00:01,0.132857142857,0.39482911984935226,0,-0.11,-0.22,-0.11
2011-08-09 18:00:01,0.106023657871,0.3124281137754291,0,-0.11,-0.22,-0.11
2011-08-09 19:00:01,0.109564902103,0.3227395950409219,0,-0.11,-0.22,-0.11
2011-08-09 20:00:01,0.112048293089,0.32978976922574066,0,-0.11,-0.22,-0.11
2011-08-09 21:00:01,0.109079847909,0.3206509772485205,0,-0.11,-0.22,-0.11
2011-08-09 22:00:01,0.108366935484,0.3186804942728492,0,-0.11,-0.22,-0.11
2011-08-09 23:00:01,0.0944126738794,0.3275723678230767,0,-0.11,-0.22,-0.11
2011-08-10 00:00:01,0.08683823529410001,0.3501649619666673,0,-0.11,-0.22,-0.11
2011-08-10 01:00:01,0.0871462264151,0.3489755839351277,0,-0.11,-0.22,-0.11
2011-08-10 02:00:01,0.0835324107793,0.3599227615515249,0,-0.11,-0.22,-0.11
2011-08-10 03:00:01,0.07977736549169999,0.37136112989742587,0,-0.11,-0.22,-0.11
2011-08-10 04:00:01,0.0870853573907,0.3482895758797552,0,-0.11,-0.22,-0.11
2011-08-10 05:00:01,0.107430962343,0.3175058752549102,0,-0.11,-0.22,-0.11
2011-08-10 06:00:01,0.103407572383,0.3060094402678568,0,-0.11,-0.22,-0.11
2011-08-10 07:00:01,0.131053763441,0.3902869899259235,0,-0.11,-0.22,-0.11
2011-08-10 08:00:01,0.149262820513,0.4491669172337921,0,-0.11,-0.22,-0.11
2011-08-10 09:00:01,0.149195804196,0.4474793130329338,0,-0.11,-0.22,-0.11
2011-08-10 10:00:01,0.116387096774,0.3422574439253713,0,-0.11,-0.22,-0.11
2011-08-10 11:00:01,0.133109243697,0.39369724138970585,0,-0.11,-0.22,-0.11
2011-08-10 12:00:01,0.113486973948,0.3328757450287537,0,-0.11,-0.22,-0.11
2011-08-10 13:00:01,0.134677419355,0.3978036927271709,0,-0.11,-0.22,-0.11
2011-08-10 14:00:01,0.13365159129,0.39386502367296056,0,-0.11,-0.22,-0.11
2011-08-10 15:00:01,0.162853025937,0.488741841136509,0,-0.11,-0.22,-0.11
2011-08-10 17:00:01,0.129087837838,0.3773714788222625,0,-0.11,-0.22,-0.11
2011-08-10 18:00:01,0.129151061174,0.37707402670299583,0,-0.11,-0.22,-0.11
2011-08-10 19:00:01,0.0959275452842,0.3269547735147746,0,-0.11,-0.22,-0.11
2011-08-10 20:00:01,0.120016652789,0.3485392245421992,0,-0.11,-0.22,-0.11
2011-08-10 21:00:01,0.13996309963099998,0.4104296613626174,0,-0.11,-0.22,-0.11
2011-08-10 22:00:01,0.1335,0.3890877701675586,0,-0.11,-0.22,-0.11
2011-08-10 23:00:01,0.11544,0.3343583325454994,0,-0.11,-0.22,-0.11
2011-08-11 00:00:01,0.0934608208955,0.33494971981127963,0,-0.11,-0.22,-0.11
2011-08-11 01:00:01,0.100648648649,0.31363747025690003,0,-0.11,-0.22,-0.11
2011-08-11 02:00:01,0.07513422818789997,0.3908787977742845,0,-0.11,-0.22,-0.11
2011-08-11 03:00:01,0.0717509481669,0.4010286870882638,0,-0.11,-0.22,-0.11
2011-08-11 04:00:01,0.0848198198198,0.35938200889159777,0,-0.11,-0.22,-0.11
2011-08-11 05:00:01,0.0985912823752,0.3180616583416217,0,-0.11,-0.22,-0.11
2011-08-11 06:00:01,0.111722365039,0.32546535377263064,0,-0.11,-0.22,-0.11
2011-08-11 07:00:01,0.144885931559,0.4283414538036136,0,-0.11,-0.22,-0.11
2011-08-11 08:00:01,0.158951310861,0.4733671024665042,0,-0.11,-0.22,-0.11
2011-08-11 09:00:01,0.168668341709,0.5034021958356489,0,-0.11,-0.22,-0.11
2011-08-11 10:00:01,0.153682170543,0.451746261429905,0,-0.11,-0.22,-0.11
2011-08-11 11:00:01,0.12256281407,0.3533448516671001,0,-0.11,-0.22,-0.11
2011-08-11 12:00:01,0.15140043763699998,0.44249952133544496,0,-0.11,-0.22,-0.11
2011-08-11 13:00:01,0.13694267515900002,0.39567589603984776,0,-0.11,-0.22,-0.11
2011-08-11 14:00:01,0.129286498353,0.3717257018960111,0,-0.11,-0.22,-0.11
2011-08-11 15:00:01,0.116570477248,0.3338776831317451,0,-0.11,-0.22,-0.11
2011-08-11 16:00:01,0.100236486486,0.3178338956748512,0,-0.11,-0.22,-0.11
2011-08-11 17:00:01,0.132017857143,0.37919063257737146,0,-0.11,-0.22,-0.11
2011-08-11 18:00:01,0.121481481481,0.34713003032252465,0,-0.11,-0.22,-0.11
2011-08-11 19:00:01,0.117148626817,0.33412267684110764,0,-0.11,-0.22,-0.11
2011-08-11 20:00:01,0.0993429158111,0.3222347593808989,0,-0.11,-0.22,-0.11
2011-08-11 21:00:01,0.0867046718576,0.35923978781713833,0,-0.11,-0.22,-0.11
2011-08-11 22:00:01,0.101101137044,0.3172237994654824,0,-0.11,-0.22,-0.11
2011-08-11 23:00:01,0.0985993485342,0.32407339794131296,0,-0.11,-0.22,-0.11
2011-08-12 00:00:01,0.07905245346869999,0.38205332547250337,0,-0.11,-0.22,-0.11
2011-08-12 01:00:01,0.08909927679160001,0.3513659885855155,0,-0.11,-0.22,-0.11
2011-08-12 02:00:01,0.0801247537754,0.3781090971874085,0,-0.11,-0.22,-0.11
2011-08-12 03:00:01,0.08167351129360001,0.3729318200882992,0,-0.11,-0.22,-0.11
2011-08-12 04:00:01,0.108480420807,0.31068385403426124,0,-0.11,-0.22,-0.11
2011-08-12 05:00:01,0.123552123552,0.3541382965839457,0,-0.11,-0.22,-0.11
2011-08-12 06:00:01,0.123780864198,0.35464545868042097,0,-0.11,-0.22,-0.11
2011-08-12 07:00:01,0.154623955432,0.450153538747208,0,-0.11,-0.22,-0.11
2011-08-12 08:00:01,0.218536121673,0.6499127912567989,0,-0.11,-0.22,-0.11
2011-08-12 09:00:01,0.174148148148,0.5036263670976797,0,-0.11,-0.22,-0.11
2011-08-12 10:00:01,0.139515151515,0.3948759741953692,0,-0.11,-0.22,-0.11
2011-08-12 11:00:01,0.144714714715,0.40970259489489935,0,-0.11,-0.22,-0.11
2011-08-12 12:00:01,0.13027777777799998,0.3664941069856228,0,-0.11,-0.22,-0.11
2011-08-12 13:00:01,0.164316831683,0.4681018248783522,0,-0.11,-0.22,-0.11
2011-08-12 14:00:01,0.146094364351,0.4110540600426161,0,-0.11,-0.22,-0.11
2011-08-12 15:00:01,0.15875491480999998,0.4482967419756114,0,-0.11,-0.22,-0.11
2011-08-12 16:00:01,0.137076271186,0.3826361248477591,0,-0.11,-0.22,-0.11
2011-08-12 17:00:01,0.117378723404,0.3268356445871585,0,-0.11,-0.22,-0.11
2011-08-12 18:00:01,0.112778702163,0.3140415715067428,0,-0.11,-0.22,-0.11
2011-08-12 19:00:01,0.140034423408,0.3907256353936248,0,-0.11,-0.22,-0.11
2011-08-12 20:00:01,0.127083333333,0.3525392314298145,0,-0.11,-0.22,-0.11
2011-08-12 21:00:01,0.103282647585,0.3187841151466041,0,-0.11,-0.22,-0.11
2011-08-12 22:00:01,0.0950205930807,0.3418715226798401,0,-0.11,-0.22,-0.11
2011-08-12 23:00:01,0.114839491217,0.3181324664002337,0,-0.11,-0.22,-0.11
2011-08-13 00:00:01,0.111620400258,0.3094820654650132,0,-0.11,-0.22,-0.11
2011-08-13 01:00:01,0.115210150674,0.3190173711519946,0,-0.11,-0.22,-0.11
2011-08-13 02:00:01,0.08847782925219999,0.3606190713956947,0,-0.11,-0.22,-0.11
2011-08-13 03:00:01,0.0781188118812,0.3909263389455669,0,-0.11,-0.22,-0.11
2011-08-13 04:00:01,0.0926106770833,0.34834596412961866,0,-0.11,-0.22,-0.11
2011-08-13 05:00:01,0.105254452926,0.31316729947253685,0,-0.11,-0.22,-0.11
2011-08-13 06:00:01,0.147014084507,0.4110541685655051,0,-0.11,-0.22,-0.11
2011-08-13 07:00:01,0.184960526316,0.5273576702278697,0,-0.11,-0.22,-0.11
2011-08-13 08:00:01,0.200205338809,0.5698935018515792,0,-0.11,-0.22,-0.11
2011-08-13 09:00:01,0.16768707482999998,0.4662871024230899,0,-0.11,-0.22,-0.11
2011-08-13 10:00:01,0.143217158177,0.39258168589123776,0,-0.11,-0.22,-0.11
2011-08-13 11:00:01,0.128606965174,0.3510345043742171,0,-0.11,-0.22,-0.11
2011-08-13 12:00:01,0.17634146341499998,0.489295072621189,0,-0.11,-0.22,-0.11
2011-08-13 13:00:01,0.190699844479,0.529562039332516,0,-0.11,-0.22,-0.11
2011-08-13 14:00:01,0.207095490716,0.5735500418389337,0,-0.11,-0.22,-0.11
2011-08-13 15:00:01,0.170642303433,0.462636311993831,0,-0.11,-0.22,-0.11
2011-08-13 16:00:01,0.166080956762,0.4479220029392397,0,-0.11,-0.22,-0.11
2011-08-13 17:00:01,0.140209339775,0.37479883562287786,0,-0.11,-0.22,-0.11
2011-08-13 18:00:01,0.121964285714,0.3265801172669562,0,-0.11,-0.22,-0.11
2011-08-13 19:00:01,0.121059288538,0.3239398938623531,0,-0.11,-0.22,-0.11
2011-08-13 20:00:01,0.111311258278,0.3064531430848384,0,-0.11,-0.22,-0.11
2011-08-13 21:00:01,0.105853485064,0.32030402498402705,0,-0.11,-0.22,-0.11
2011-08-13 22:00:01,0.0939015904573,0.3513793611229774,0,-0.11,-0.22,-0.11
2011-08-13 23:00:01,0.0974674220963,0.34165430996725266,0,-0.11,-0.22,-0.11
2011-08-14 00:00:01,0.103974603175,0.3246228281939028,0,-0.11,-0.22,-0.11
2011-08-14 01:00:01,0.100102880658,0.3344080632100572,0,-0.11,-0.22,-0.11
2011-08-14 02:00:01,0.0934496124031,0.35158390232736675,0,-0.11,-0.22,-0.11
2011-08-14 03:00:01,0.0931725768322,0.35217729428414346,0,-0.11,-0.22,-0.11
2011-08-14 04:00:01,0.101034282394,0.33147304410989914,0,-0.11,-0.22,-0.11
2011-08-14 05:00:01,0.123640988372,0.33126144761625625,0,-0.11,-0.22,-0.11
2011-08-14 06:00:01,0.168444444444,0.4542099833907342,0,-0.11,-0.22,-0.11
2011-08-14 07:00:01,0.191602465331,0.5191538990555099,0,-0.11,-0.22,-0.11
2011-08-14 08:00:01,0.177750556793,0.4762085392454521,0,-0.11,-0.22,-0.11
2011-08-14 09:00:01,0.13620596206,0.360465727657126,0,-0.11,-0.22,-0.11
2011-08-14 10:00:01,0.131743486974,0.3485120223595897,0,-0.11,-0.22,-0.11
2011-08-14 11:00:01,0.1367003367,0.3609908231842927,0,-0.11,-0.22,-0.11
2011-08-14 12:00:01,0.135974499089,0.3586879328622945,0,-0.11,-0.22,-0.11
2011-08-14 13:00:01,0.153161875946,0.4041906356398022,0,-0.11,-0.22,-0.11
2011-08-14 14:00:01,0.17670118343199998,0.4687146367990183,0,-0.11,-0.22,-0.11
2011-08-14 15:00:01,0.149260739261,0.39149779298285575,0,-0.11,-0.22,-0.11
2011-08-14 16:00:01,0.140222793488,0.3670084138056897,0,-0.11,-0.22,-0.11
2011-08-14 17:00:01,0.123384879725,0.3238983911112536,0,-0.11,-0.22,-0.11
2011-08-14 18:00:01,0.113982056591,0.3051098721644841,0,-0.11,-0.22,-0.11
2011-08-14 19:00:01,0.102060857538,0.33463042928204845,0,-0.11,-0.22,-0.11
2011-08-14 20:00:01,0.0899290780142,0.3659061820669616,0,-0.11,-0.22,-0.11
2011-08-14 21:00:01,0.1030813618,0.33217678588194605,0,-0.11,-0.22,-0.11
2011-08-14 22:00:01,0.11531199999999996,0.3037235508322983,0,-0.11,-0.22,-0.11
2011-08-14 23:00:01,0.0971056439942,0.34700312450054466,0,-0.11,-0.22,-0.11
2011-08-15 00:00:01,0.08876190476189999,0.3684605405379341,0,-0.11,-0.22,-0.11
2011-08-15 01:00:01,0.0767574059247,0.40017425799883743,0,-0.11,-0.22,-0.11
2011-08-15 02:00:01,0.0635458409229,0.4356751809389564,0,-0.11,-0.22,-0.11
2011-08-15 03:00:01,0.0615452688904,0.4399851401735944,0,-0.11,-0.22,-0.11
2011-08-15 04:00:01,0.0844965034965,0.3769004965816379,0,-0.11,-0.22,-0.11
2011-08-15 05:00:01,0.125080416272,0.3298443464099429,0,-0.11,-0.22,-0.11
2011-08-15 06:00:01,0.152823529412,0.4014719475131508,0,-0.11,-0.22,-0.11
2011-08-15 07:00:01,0.160897435897,0.4226524908097567,0,-0.11,-0.22,-0.11
2011-08-15 08:00:01,0.208504464286,0.5527417177171862,0,-0.11,-0.22,-0.11
2011-08-15 09:00:01,0.159442622951,0.4148542784252436,0,-0.11,-0.22,-0.11
2011-08-15 10:00:01,0.126083333333,0.3294558878845862,0,-0.11,-0.22,-0.11
2011-08-15 11:00:01,0.14728706624600002,0.3820803337879216,0,-0.11,-0.22,-0.11
2011-08-15 12:00:01,0.13907275320999998,0.3607466809239384,0,-0.11,-0.22,-0.11
2011-08-15 13:00:01,0.15227758007099998,0.39406315370235984,0,-0.11,-0.22,-0.11
2011-08-15 14:00:01,0.175957820738,0.4560215542845476,0,-0.11,-0.22,-0.11
2011-08-15 15:00:01,0.172835595777,0.4460628830587777,0,-0.11,-0.22,-0.11
2011-08-15 16:00:01,0.15900990099,0.40838799538456577,0,-0.11,-0.22,-0.11
2011-08-15 17:00:01,0.145223880597,0.3724428056788583,0,-0.11,-0.22,-0.11
2011-08-15 18:00:01,0.149354518371,0.3824596948484092,0,-0.11,-0.22,-0.11
2011-08-15 19:00:01,0.131401693321,0.33735202423522864,0,-0.11,-0.22,-0.11
2011-08-15 20:00:01,0.124854288093,0.32141934796972443,0,-0.11,-0.22,-0.11
2011-08-15 21:00:01,0.120876451954,0.3117876438358305,0,-0.11,-0.22,-0.11
2011-08-16 00:00:01,0.112879852126,0.3125961284001836,0,-0.11,-0.22,-0.11
2011-08-16 01:00:01,0.0948547717842,0.35583960426912625,0,-0.11,-0.22,-0.11
2011-08-16 02:00:01,0.07600505688999999,0.403524824782778,0,-0.11,-0.22,-0.11
2011-08-16 03:00:01,0.0601774785802,0.44452370750643816,0,-0.11,-0.22,-0.11
2011-08-16 04:00:01,0.0721493506494,0.4119238535997976,0,-0.11,-0.22,-0.11
2011-08-16 05:00:01,0.109337016575,0.3191806621725657,0,-0.11,-0.22,-0.11
2011-08-16 06:00:01,0.12738045738,0.3284507736995676,0,-0.11,-0.22,-0.11
2011-08-16 07:00:01,0.180516795866,0.4635823765155034,0,-0.11,-0.22,-0.11
2011-08-16 08:00:01,0.17575342465799998,0.449433662363762,0,-0.11,-0.22,-0.11
2011-08-16 09:00:01,0.144705882353,0.3688174684854214,0,-0.11,-0.22,-0.11
2011-08-16 10:00:01,0.13948805460799998,0.3556611964740856,0,-0.11,-0.22,-0.11
2011-08-16 11:00:01,0.156717325228,0.3980434285851021,0,-0.11,-0.22,-0.11
2011-08-16 12:00:01,0.156968911917,0.3980335616317081,0,-0.11,-0.22,-0.11
2011-08-16 13:00:01,0.173802281369,0.4404650407524871,0,-0.11,-0.22,-0.11
2011-08-16 14:00:01,0.195833333333,0.4966490356381108,0,-0.11,-0.22,-0.11
2011-08-16 15:00:01,0.159928315412,0.4018894415557819,0,-0.11,-0.22,-0.11
2011-08-16 16:00:01,0.156680555556,0.39315168614987067,0,-0.11,-0.22,-0.11
2011-08-16 17:00:01,0.130603732162,0.32986580540152205,0,-0.11,-0.22,-0.11
2011-08-16 18:00:01,0.120630541872,0.30667290216431314,0,-0.11,-0.22,-0.11
2011-08-16 19:00:01,0.117578194817,0.3065984596586917,0,-0.11,-0.22,-0.11
2011-08-16 20:00:01,0.100228855721,0.34817443293391964,0,-0.11,-0.22,-0.11
2011-08-16 21:00:01,0.110859774821,0.3231447821523161,0,-0.11,-0.22,-0.11
2011-08-16 22:00:01,0.100555972953,0.34813605353254995,0,-0.11,-0.22,-0.11
2011-08-16 23:00:01,0.0928300609343,0.36762640772857547,0,-0.11,-0.22,-0.11
2011-08-17 00:00:01,0.0887169312169,0.3776706486418237,0,-0.11,-0.22,-0.11
2011-08-17 01:00:01,0.07517110266160001,0.4126463132988909,0,-0.11,-0.22,-0.11
2011-08-17 02:00:01,0.06719322990130001,0.4329903246886253,0,-0.11,-0.22,-0.11
2011-08-17 03:00:01,0.0569876453488,0.4592059665378238,0,-0.11,-0.22,-0.11
2011-08-17 04:00:01,0.07396449704139997,0.4126644681192878,0,-0.11,-0.22,-0.11
2011-08-17 05:00:01,0.0940488656195,0.3608785545509103,0,-0.11,-0.22,-0.11
2011-08-17 06:00:01,0.0884420289855,0.3746095537831121,0,-0.11,-0.22,-0.11
2011-08-17 07:00:01,0.119948275862,0.30667501590069884,0,-0.11,-0.22,-0.11
2011-08-17 08:00:01,0.13516539440199998,0.3422574460663637,0,-0.11,-0.22,-0.11
2011-08-17 09:00:01,0.12856041131100002,0.3263832925708893,0,-0.11,-0.22,-0.11
2011-08-17 10:00:01,0.12003236246,0.3065070129494351,0,-0.11,-0.22,-0.11
2011-08-17 11:00:01,0.116625,0.307322549767425,0,-0.11,-0.22,-0.11
2011-08-17 12:00:01,0.115021276596,0.3111700638768262,0,-0.11,-0.22,-0.11
2011-08-17 13:00:01,0.124337152209,0.3158339803901352,0,-0.11,-0.22,-0.11
2011-08-17 14:00:01,0.110400972053,0.3223543973294229,0,-0.11,-0.22,-0.11
2011-08-17 15:00:01,0.148208409506,0.3733565422872071,0,-0.11,-0.22,-0.11
2011-08-17 16:00:01,0.14627789046700002,0.36804120685650266,0,-0.11,-0.22,-0.11
2011-08-17 17:00:01,0.110632911392,0.3228239208230996,0,-0.11,-0.22,-0.11
2011-08-17 18:00:01,0.129878721058,0.3273986395153309,0,-0.11,-0.22,-0.11
2011-08-17 19:00:01,0.107172489083,0.3322017475298291,0,-0.11,-0.22,-0.11
2011-08-17 20:00:01,0.109739130435,0.3264965708654551,0,-0.11,-0.22,-0.11
2011-08-17 21:00:01,0.102514619883,0.3446076405615268,0,-0.11,-0.22,-0.11
2011-08-17 22:00:01,0.09491298527439998,0.3635983649818319,0,-0.11,-0.22,-0.11
2011-08-17 23:00:01,0.0821228615863,0.39660817960706585,0,-0.11,-0.22,-0.11
2011-08-18 00:00:01,0.0739106901218,0.4176776027023152,0,-0.11,-0.22,-0.11
2011-08-18 01:00:01,0.07079632465539999,0.4252325875214361,0,-0.11,-0.22,-0.11
2011-08-18 02:00:01,0.0606611570248,0.4513643896225867,0,-0.11,-0.22,-0.11
2011-08-18 03:00:01,0.0442401392111,0.4941885855610939,0,-0.11,-0.22,-0.11
2011-08-18 04:00:01,0.0616063675832,0.4451387564149581,0,-0.11,-0.22,-0.11
2011-08-18 05:00:01,0.0953426248548,0.35771942668706497,0,-0.11,-0.22,-0.11
2011-08-18 06:00:01,0.0802471169687,0.39523972770194177,0,-0.11,-0.22,-0.11
2011-08-18 07:00:01,0.139586563307,0.3527269500805234,0,-0.11,-0.22,-0.11
2011-08-18 08:00:01,0.172919463087,0.43695563480328703,0,-0.11,-0.22,-0.11
2011-08-18 09:00:01,0.145015772871,0.3650233398216349,0,-0.11,-0.22,-0.11
2011-08-18 10:00:01,0.152935153584,0.3843808578074257,0,-0.11,-0.22,-0.11
2011-08-18 11:00:01,0.126653846154,0.32067340618236345,0,-0.11,-0.22,-0.11
2011-08-18 12:00:01,0.134631578947,0.33911648011897305,0,-0.11,-0.22,-0.11
2011-08-18 13:00:01,0.13977229601500002,0.3511318022062144,0,-0.11,-0.22,-0.11
2011-08-18 14:00:01,0.156115384615,0.3910419937283312,0,-0.11,-0.22,-0.11
2011-08-18 15:00:01,0.161610429448,0.4043096993343965,0,-0.11,-0.22,-0.11
2011-08-18 16:00:01,0.142340136054,0.3557586514711596,0,-0.11,-0.22,-0.11
2011-08-18 17:00:01,0.124217758985,0.31292734535532624,0,-0.11,-0.22,-0.11
2011-08-18 18:00:01,0.112732502397,0.3192070043146273,0,-0.11,-0.22,-0.11
2011-08-18 19:00:01,0.10990740740700004,0.326030647756603,0,-0.11,-0.22,-0.11
2011-08-18 20:00:01,0.103028301887,0.3425837476535366,0,-0.11,-0.22,-0.11
2011-08-18 21:00:01,0.108101265823,0.33057006093406266,0,-0.11,-0.22,-0.11
2011-08-18 22:00:01,0.109340101523,0.3277918273275603,0,-0.11,-0.22,-0.11
2011-08-18 23:00:01,0.0928143133462,0.3676646017593789,0,-0.11,-0.22,-0.11
2011-08-19 00:00:01,0.0860546875,0.3841122089261819,0,-0.11,-0.22,-0.11
2011-08-19 01:00:01,0.0710621468927,0.4219105212696245,0,-0.11,-0.22,-0.11
2011-08-19 02:00:01,0.0732460447354,0.4154124788695288,0,-0.11,-0.22,-0.11
2011-08-19 03:00:01,0.0536189747513,0.4659218165224278,0,-0.11,-0.22,-0.11
2011-08-19 04:00:01,0.0822508038585,0.390760900964238,0,-0.11,-0.22,-0.11
2011-08-19 05:00:01,0.094796030871,0.3593501808055771,0,-0.11,-0.22,-0.11
2011-08-19 06:00:01,0.0969190140845,0.35402949142857754,0,-0.11,-0.22,-0.11
2011-08-19 07:00:01,0.14483069977399998,0.3629909051624744,0,-0.11,-0.22,-0.11
2011-08-19 08:00:01,0.17415584415600002,0.4360755741428792,0,-0.11,-0.22,-0.11
2011-08-19 09:00:01,0.151114369501,0.37726410093007057,0,-0.11,-0.22,-0.11
2011-08-19 10:00:01,0.152806324111,0.3810077212008984,0,-0.11,-0.22,-0.11
2011-08-19 11:00:01,0.146851311953,0.3660964540792496,0,-0.11,-0.22,-0.11
2011-08-19 12:00:01,0.16219858156,0.4033035197389937,0,-0.11,-0.22,-0.11
2011-08-19 13:00:01,0.18921875,0.4711350519440284,0,-0.11,-0.22,-0.11
2011-08-19 14:00:01,0.157520242915,0.3896720751822353,0,-0.11,-0.22,-0.11
2011-08-19 15:00:01,0.158472584856,0.3916085311481942,0,-0.11,-0.22,-0.11
2011-08-19 16:00:01,0.13572815534000002,0.3373240837869041,0,-0.11,-0.22,-0.11
2011-08-19 17:00:01,0.101354420114,0.34546020884336137,0,-0.11,-0.22,-0.11
2011-08-19 18:00:01,0.10043381535,0.3476711158489998,0,-0.11,-0.22,-0.11
2011-08-19 19:00:01,0.113808016878,0.3174216489033481,0,-0.11,-0.22,-0.11
2011-08-19 20:00:01,0.104941176471,0.3376624339470282,0,-0.11,-0.22,-0.11
2011-08-19 21:00:01,0.0976577840112,0.35470183766199875,0,-0.11,-0.22,-0.11
2011-08-19 22:00:01,0.101288951841,0.3463795221853919,0,-0.11,-0.22,-0.11
2011-08-19 23:00:01,0.08077691453939999,0.3956115558625754,0,-0.11,-0.22,-0.11
2011-08-20 00:00:01,0.07700803212849999,0.4042195490899017,0,-0.11,-0.22,-0.11
2011-08-20 01:00:01,0.07247738343770001,0.4151723408570727,0,-0.11,-0.22,-0.11
2011-08-20 02:00:01,0.0632070707071,0.4375654168485178,0,-0.11,-0.22,-0.11
2011-08-20 03:00:01,0.0492577224527,0.4717039039740532,0,-0.11,-0.22,-0.11
2011-08-20 04:00:01,0.0694444444444,0.4193846406180336,0,-0.11,-0.22,-0.11
2011-08-20 05:00:01,0.111746183206,0.31935084753153564,0,-0.11,-0.22,-0.11
2011-08-20 06:00:01,0.0953485064011,0.3563470167401423,0,-0.11,-0.22,-0.11
2011-08-20 07:00:01,0.13880866426,0.34641628194126856,0,-0.11,-0.22,-0.11
2011-08-20 08:00:01,0.158722891566,0.3931213802549259,0,-0.11,-0.22,-0.11
2011-08-20 09:00:01,0.142033333333,0.35318866495606416,0,-0.11,-0.22,-0.11
2011-08-20 10:00:01,0.118189415042,0.3057031044693235,0,-0.11,-0.22,-0.11
2011-08-20 11:00:01,0.123484848485,0.311489840608956,0,-0.11,-0.22,-0.11
2011-08-20 12:00:01,0.155338983051,0.3840284682297719,0,-0.11,-0.22,-0.11
2011-08-20 13:00:01,0.171588132635,0.4230082473511727,0,-0.11,-0.22,-0.11
2011-08-20 14:00:01,0.15466575716199998,0.3812303694191712,0,-0.11,-0.22,-0.11
2011-08-20 15:00:01,0.144744897959,0.3575057983457386,0,-0.11,-0.22,-0.11
2011-08-20 16:00:01,0.142985409652,0.3530856686969738,0,-0.11,-0.22,-0.11
2011-08-20 17:00:01,0.101298157454,0.34514604277733496,0,-0.11,-0.22,-0.11
2011-08-20 18:00:01,0.0898817567568,0.3718040922826517,0,-0.11,-0.22,-0.11
2011-08-20 19:00:01,0.08879951980789999,0.37472013833761386,0,-0.11,-0.22,-0.11
2011-08-20 20:00:01,0.0915183946488,0.3687417013579936,0,-0.11,-0.22,-0.11
2011-08-20 21:00:01,0.088203125,0.3769337396556857,0,-0.11,-0.22,-0.11
2011-08-20 22:00:01,0.0940313111546,0.36299694478294703,0,-0.11,-0.22,-0.11
2011-08-20 23:00:01,0.0947100802855,0.3613112042677655,0,-0.11,-0.22,-0.11
2011-08-21 00:00:01,0.0783,0.4001341342989656,0,-0.11,-0.22,-0.11
2011-08-21 01:00:01,0.08074700493310001,0.39387248741607456,0,-0.11,-0.22,-0.11
2011-08-21 02:00:01,0.0641913439636,0.43408950668256996,0,-0.11,-0.22,-0.11
2011-08-21 03:00:01,0.0538818565401,0.4586823070775126,0,-0.11,-0.22,-0.11
2011-08-21 04:00:01,0.0753577106518,0.4040067875043821,0,-0.11,-0.22,-0.11
2011-08-21 05:00:01,0.115963203463,0.31007136490830084,0,-0.11,-0.22,-0.11
2011-08-21 06:00:01,0.0939847715736,0.3590719642187841,0,-0.11,-0.22,-0.11
2011-08-21 07:00:01,0.137370242215,0.34294278119466404,0,-0.11,-0.22,-0.11
2011-08-21 08:00:01,0.17189910979200002,0.4248455600512232,0,-0.11,-0.22,-0.11
2011-08-21 09:00:01,0.134024640657,0.3351573544521557,0,-0.11,-0.22,-0.11
2011-08-21 10:00:01,0.116201780415,0.30938298414816484,0,-0.11,-0.22,-0.11
2011-08-21 11:00:01,0.111481481481,0.31963053050950546,0,-0.11,-0.22,-0.11
2011-08-21 12:00:01,0.121878172589,0.3084048679907187,0,-0.11,-0.22,-0.11
2011-08-21 13:00:01,0.121111111111,0.3066558641518666,0,-0.11,-0.22,-0.11
2011-08-21 14:00:01,0.127411067194,0.3201217792932066,0,-0.11,-0.22,-0.11
2011-08-21 15:00:01,0.129568014706,0.3246533895274112,0,-0.11,-0.22,-0.11
2011-08-21 16:00:01,0.113125,0.316999111884998,0,-0.11,-0.22,-0.11
2011-08-21 17:00:01,0.091846419327,0.3655942879316378,0,-0.11,-0.22,-0.11
2011-08-21 18:00:01,0.083811023622,0.3848810656783763,0,-0.11,-0.22,-0.11
2011-08-21 19:00:01,0.0901892744479,0.3700308424804044,0,-0.11,-0.22,-0.11
2011-08-21 20:00:01,0.08486334405139999,0.38287226807264135,0,-0.11,-0.22,-0.11
2011-08-21 21:00:01,0.08276527331189999,0.3878438784021397,0,-0.11,-0.22,-0.11
2011-08-21 22:00:01,0.07291822955739999,0.4116554003788453,0,-0.11,-0.22,-0.11
2011-08-21 23:00:01,0.0687188019967,0.4212715477664628,0,-0.11,-0.22,-0.11
2011-08-22 00:00:01,0.0652910512598,0.4291036972826038,0,-0.11,-0.22,-0.11
2011-08-22 01:00:01,0.0597656744775,0.4416975882200847,0,-0.11,-0.22,-0.11
2011-08-22 02:00:01,0.0489229720518,0.4673296637952814,0,-0.11,-0.22,-0.11
2011-08-22 03:00:01,0.0477128782548,0.4685234855563556,0,-0.11,-0.22,-0.11
2011-08-22 04:00:01,0.0638228438228,0.42731031780018897,0,-0.11,-0.22,-0.11
2011-08-22 05:00:01,0.103051702396,0.33563488418696924,0,-0.11,-0.22,-0.11
2011-08-22 06:00:01,0.0895652173913,0.365629965894109,0,-0.11,-0.22,-0.11
2011-08-22 07:00:01,0.124128440367,0.31573555754494803,0,-0.11,-0.22,-0.11
2011-08-22 08:00:01,0.21501742160300005,0.5303983431688244,0,-0.11,-0.22,-0.11
2011-08-22 09:00:01,0.154131274131,0.38104710140998105,0,-0.11,-0.22,-0.11
2011-08-22 10:00:01,0.151511111111,0.3745751071104238,0,-0.11,-0.22,-0.11
2011-08-22 11:00:01,0.129569230769,0.3258437558499686,0,-0.11,-0.22,-0.11
2011-08-22 12:00:01,0.137255369928,0.3422782161444662,0,-0.11,-0.22,-0.11
2011-08-22 13:00:01,0.141398305085,0.3511452261259065,0,-0.11,-0.22,-0.11
2011-08-22 14:00:01,0.127036395147,0.3199049961395595,0,-0.11,-0.22,-0.11
2011-08-22 15:00:01,0.144790528233,0.3581898083499105,0,-0.11,-0.22,-0.11
2011-08-22 16:00:01,0.117414880202,0.3065311616964493,0,-0.11,-0.22,-0.11
2011-08-22 17:00:01,0.118756157635,0.3039832960515799,0,-0.11,-0.22,-0.11
2011-08-22 18:00:01,0.119006309148,0.3037121876903726,0,-0.11,-0.22,-0.11
2011-08-22 19:00:01,0.113553859203,0.3153409411097623,0,-0.11,-0.22,-0.11
2011-08-22 20:00:01,0.0979017857143,0.3494241102377571,0,-0.11,-0.22,-0.11
2011-08-22 21:00:01,0.10843902439,0.3263445337473747,0,-0.11,-0.22,-0.11
2011-08-22 22:00:01,0.0995095948827,0.3458208559792231,0,-0.11,-0.22,-0.11
2011-08-22 23:00:01,0.07546698872789999,0.4003326529753439,0,-0.11,-0.22,-0.11
2011-08-23 00:00:01,0.07015789473680001,0.4120727635380097,0,-0.11,-0.22,-0.11
2011-08-23 01:00:01,0.0633381088825,0.4273430593565421,0,-0.11,-0.22,-0.11
2011-08-23 02:00:01,0.0578227245687,0.4394516131255708,0,-0.11,-0.22,-0.11
2011-08-23 03:00:01,0.054068914956,0.4470657030668189,0,-0.11,-0.22,-0.11
2011-08-23 04:00:01,0.0800538116592,0.3853897018338721,0,-0.11,-0.22,-0.11
2011-08-23 05:00:01,0.0942072409488,0.3533480746718845,0,-0.11,-0.22,-0.11
2011-08-23 06:00:01,0.110804347826,0.31771721350043475,0,-0.11,-0.22,-0.11
2011-08-23 07:00:01,0.141096605744,0.3518962133004212,0,-0.11,-0.22,-0.11
2011-08-23 08:00:01,0.211731601732,0.5162594718579498,0,-0.11,-0.22,-0.11
2011-08-23 09:00:01,0.181084337349,0.4407679814750284,0,-0.11,-0.22,-0.11
2011-08-23 10:00:01,0.158333333333,0.3875216663359363,0,-0.11,-0.22,-0.11
2011-08-23 11:00:01,0.128907563025,0.3238114313547629,0,-0.11,-0.22,-0.11
2011-08-23 12:00:01,0.116029411765,0.3079658040606383,0,-0.11,-0.22,-0.11
2011-08-23 13:00:01,0.120865800866,0.30768032967061537,0,-0.11,-0.22,-0.11
2011-08-23 14:00:01,0.13373913043500002,0.3340186026187348,0,-0.11,-0.22,-0.11
2011-08-23 15:00:01,0.143019480519,0.35344933633973985,0,-0.11,-0.22,-0.11
2011-08-23 16:00:01,0.12492286115,0.3152743153914672,0,-0.11,-0.22,-0.11
2011-08-23 17:00:01,0.105073529412,0.331267123543962,0,-0.11,-0.22,-0.11
2011-08-23 18:00:01,0.0983081155433,0.3459094727318122,0,-0.11,-0.22,-0.11
2011-08-23 19:00:01,0.09316996871739998,0.3571385415614894,0,-0.11,-0.22,-0.11
2011-08-23 20:00:01,0.0918820224719,0.35988324748954753,0,-0.11,-0.22,-0.11
2011-08-23 21:00:01,0.08944713870030001,0.3650038404222489,0,-0.11,-0.22,-0.11
2011-08-23 22:00:01,0.102030360531,0.3374959680392448,0,-0.11,-0.22,-0.11
2011-08-23 23:00:01,0.0903076923077,0.36239657020484384,0,-0.11,-0.22,-0.11
2011-08-24 00:00:01,0.1046875,0.3310769557177585,0,-0.11,-0.22,-0.11
2011-08-24 01:00:01,0.0749254226052,0.3960881884612804,0,-0.11,-0.22,-0.11
2011-08-24 02:00:01,0.0649182561308,0.4183763882845292,0,-0.11,-0.22,-0.11
2011-08-24 03:00:01,0.0571681415929,0.4353644087496442,0,-0.11,-0.22,-0.11
2011-08-24 04:00:01,0.0727165775401,0.3985633202152651,0,-0.11,-0.22,-0.11
2011-08-24 05:00:01,0.0925959780622,0.3541064782532021,0,-0.11,-0.22,-0.11
2011-08-24 06:00:01,0.107063492063,0.3234874446122656,0,-0.11,-0.22,-0.11
2011-08-24 07:00:01,0.14064189189200002,0.3511900509148694,0,-0.11,-0.22,-0.11
2011-08-24 08:00:01,0.197115384615,0.4789818186097852,0,-0.11,-0.22,-0.11
2011-08-24 09:00:01,0.191169590643,0.4630652529856475,0,-0.11,-0.22,-0.11
2011-08-24 10:00:01,0.103025477707,0.3325124284017502,0,-0.11,-0.22,-0.11
2011-08-24 11:00:01,0.134267515924,0.3360107776804149,0,-0.11,-0.22,-0.11
2011-08-24 12:00:01,0.13125,0.3295160616069281,0,-0.11,-0.22,-0.11
2011-08-24 12:00:01,0.119452887538,0.3056646224874958,0,-0.11,-0.22,-0.11
2011-08-24 13:00:01,0.142298578199,0.3521573228848501,0,-0.11,-0.22,-0.11
2011-08-24 14:00:01,0.121895424837,0.30994009110197684,0,-0.11,-0.22,-0.11
2011-08-24 15:00:01,0.128388791594,0.3227605087740789,0,-0.11,-0.22,-0.11
2011-08-24 16:00:01,0.107593880389,0.32500092531815633,0,-0.11,-0.22,-0.11
2011-08-24 17:00:01,0.134992967651,0.3359038073129072,0,-0.11,-0.22,-0.11
2011-08-24 18:00:01,0.137509247842,0.34095787921768445,0,-0.11,-0.22,-0.11
2011-08-24 19:00:01,0.118355995056,0.30388179282048605,0,-0.11,-0.22,-0.11
2011-08-24 20:00:01,0.0995682613769,0.3420449078232687,0,-0.11,-0.22,-0.11
2011-08-24 21:00:01,0.100749711649,0.33923649870629874,0,-0.11,-0.22,-0.11
2011-08-24 22:00:01,0.0836117936118,0.37601257663482746,0,-0.11,-0.22,-0.11
2011-08-24 23:00:01,0.089214527027,0.3631948146716401,0,-0.11,-0.22,-0.11
2011-08-25 00:00:01,0.08101090909089999,0.3809198821559519,0,-0.11,-0.22,-0.11
2011-08-25 01:00:01,0.0740128410915,0.396085731748396,0,-0.11,-0.22,-0.11
2011-08-25 02:00:01,0.0661502347418,0.41328984685535497,0,-0.11,-0.22,-0.11
2011-08-25 03:00:01,0.06589041095890001,0.4130753800201149,0,-0.11,-0.22,-0.11
2011-08-25 04:00:01,0.06589041095890001,0.4121945334606967,0,-0.11,-0.22,-0.11
2011-08-25 05:00:01,0.0795053147997,0.3807923020190356,0,-0.11,-0.22,-0.11
2011-08-25 06:00:01,0.100915331808,0.3341994826779484,0,-0.11,-0.22,-0.11
2011-08-25 07:00:01,0.150614334471,0.3750075827942305,0,-0.11,-0.22,-0.11
2011-08-25 08:00:01,0.16164179104499998,0.3991001637388407,0,-0.11,-0.22,-0.11
2011-08-25 09:00:01,0.186170212766,0.4547495759664278,0,-0.11,-0.22,-0.11
2011-08-25 10:00:01,0.120856269113,0.3113226612391493,0,-0.11,-0.22,-0.11
2011-08-25 11:00:01,0.139667774086,0.34984283699815616,0,-0.11,-0.22,-0.11
2011-08-25 12:00:01,0.148098159509,0.3675320937122399,0,-0.11,-0.22,-0.11
2011-08-25 13:00:01,0.150740740741,0.37292335607253263,0,-0.11,-0.22,-0.11
2011-08-25 14:00:01,0.128050089445,0.3248532413135237,0,-0.11,-0.22,-0.11
2011-08-25 15:00:01,0.123235685752,0.31506135994005685,0,-0.11,-0.22,-0.11
2011-08-25 16:00:01,0.113632019116,0.31001616136614657,0,-0.11,-0.22,-0.11
2011-08-25 17:00:01,0.103065217391,0.3316545138193104,0,-0.11,-0.22,-0.11
2011-08-25 18:00:01,0.102137203166,0.3336569112560543,0,-0.11,-0.22,-0.11
2011-08-25 19:00:01,0.116292517007,0.3050501344176988,0,-0.11,-0.22,-0.11
2011-08-25 20:00:01,0.0962192216044,0.3458051311819721,0,-0.11,-0.22,-0.11
2011-08-25 21:00:01,0.0926034958602,0.3531086599519828,0,-0.11,-0.22,-0.11
2011-08-25 22:00:01,0.0993384223919,0.338407968295312,0,-0.11,-0.22,-0.11
2011-08-25 23:00:01,0.0854255319149,0.36810124934968136,0,-0.11,-0.22,-0.11
2011-08-26 00:00:01,0.07262589928060001,0.39623384022673735,0,-0.11,-0.22,-0.11
2011-08-26 01:00:01,0.06897214854110001,0.4038591866484316,0,-0.11,-0.22,-0.11
2011-08-26 02:00:01,0.0659612903226,0.4101256640864125,0,-0.11,-0.22,-0.11
2011-08-26 03:00:01,0.054696840307400005,0.4357685499944048,0,-0.11,-0.22,-0.11
2011-08-26 04:00:01,0.0795277777778,0.3782860212153925,0,-0.11,-0.22,-0.11
2011-08-26 05:00:01,0.0923461538462,0.34938445247272626,0,-0.11,-0.22,-0.11
2011-08-26 06:00:01,0.105986842105,0.3198111846757116,0,-0.11,-0.22,-0.11
2011-08-26 07:00:01,0.165223097113,0.4155987321201582,0,-0.11,-0.22,-0.11
2011-08-26 08:00:01,0.17553846153799998,0.439041300287313,0,-0.11,-0.22,-0.11
2011-08-26 09:00:01,0.151849315068,0.3832407978332504,0,-0.11,-0.22,-0.11
2011-08-26 10:00:01,0.177138263666,0.4410441371070202,0,-0.11,-0.22,-0.11
2011-08-26 11:00:01,0.121359773371,0.31631685802194137,0,-0.11,-0.22,-0.11
2011-08-26 12:00:01,0.131615541922,0.33752086658095565,0,-0.11,-0.22,-0.11
2011-08-26 13:00:01,0.145436241611,0.3671615155311084,0,-0.11,-0.22,-0.11
2011-08-26 14:00:01,0.131875,0.33749938371587823,0,-0.11,-0.22,-0.11
2011-08-26 15:00:01,0.145088566828,0.3657832475764949,0,-0.11,-0.22,-0.11
2011-08-26 16:00:01,0.138504672897,0.3510458833949656,0,-0.11,-0.22,-0.11
2011-08-26 17:00:01,0.123757881463,0.3196365977033652,0,-0.11,-0.22,-0.11
2011-08-26 18:00:01,0.117987804878,0.3077285267878942,0,-0.11,-0.22,-0.11
2011-08-26 19:00:01,0.110223577236,0.3137620663555389,0,-0.11,-0.22,-0.11
2011-08-26 20:00:01,0.107444608567,0.3191158059394814,0,-0.11,-0.22,-0.11
2011-08-26 21:00:01,0.103782095767,0.3263252424048103,0,-0.11,-0.22,-0.11
2011-08-26 22:00:01,0.095650713686,0.34335722976737776,0,-0.11,-0.22,-0.11
2011-08-26 23:00:01,0.101652360515,0.3301659730475616,0,-0.11,-0.22,-0.11
2011-08-27 00:00:01,0.0850060606061,0.3663121328193608,0,-0.11,-0.22,-0.11
2011-08-27 01:00:01,0.0855480769231,0.3646825676276215,0,-0.11,-0.22,-0.11
2011-08-27 02:00:01,0.0793292682927,0.3782392685306853,0,-0.11,-0.22,-0.11
2011-08-27 03:00:01,0.07498412698410001,0.38759472869267897,0,-0.11,-0.22,-0.11
2011-08-27 04:00:01,0.0956683168317,0.34092382224986595,0,-0.11,-0.22,-0.11
2011-08-27 05:00:01,0.0981013824885,0.3353237423102208,0,-0.11,-0.22,-0.11
2011-08-27 06:00:01,0.110380622837,0.3091103380076858,0,-0.11,-0.22,-0.11
2011-08-27 07:00:01,0.135073529412,0.3491001422245978,0,-0.11,-0.22,-0.11
2011-08-27 08:00:01,0.163687635575,0.4140911417991895,0,-0.11,-0.22,-0.11
2011-08-27 09:00:01,0.147275132275,0.37545592745223977,0,-0.11,-0.22,-0.11
2011-08-27 10:00:01,0.118717339667,0.3130210441859189,0,-0.11,-0.22,-0.11
2011-08-27 11:00:01,0.154738292011,0.3918494678039379,0,-0.11,-0.22,-0.11
2011-08-27 12:00:01,0.134536082474,0.3461801956113674,0,-0.11,-0.22,-0.11
2011-08-27 13:00:01,0.131927536232,0.3402517373443956,0,-0.11,-0.22,-0.11
2011-08-27 14:00:01,0.126748057714,0.3288769378040807,0,-0.11,-0.22,-0.11
2011-08-27 15:00:01,0.120754005655,0.3159630080145367,0,-0.11,-0.22,-0.11
2011-08-27 16:00:01,0.118395833333,0.3107099371556758,0,-0.11,-0.22,-0.11
2011-08-27 17:00:01,0.103737646002,0.3260854809656684,0,-0.11,-0.22,-0.11
2011-08-27 18:00:01,0.100345140781,0.3335337683609057,0,-0.11,-0.22,-0.11
2011-08-27 19:00:01,0.098473547268,0.3374028875846124,0,-0.11,-0.22,-0.11
2011-08-27 20:00:01,0.0985117967332,0.3369856056027498,0,-0.11,-0.22,-0.11
2011-08-27 21:00:01,0.0954140127389,0.3434082394184092,0,-0.11,-0.22,-0.11
2011-08-27 22:00:01,0.0860727272727,0.3641701342478885,0,-0.11,-0.22,-0.11
2011-08-27 23:00:01,0.08210317460319999,0.3728698978477832,0,-0.11,-0.22,-0.11
2011-08-28 00:00:01,0.0727639751553,0.3942542499329783,0,-0.11,-0.22,-0.11
2011-08-28 01:00:01,0.062752851711,0.4174229843050192,0,-0.11,-0.22,-0.11
2011-08-28 02:00:01,0.0587381473377,0.4261195282951257,0,-0.11,-0.22,-0.11
2011-08-28 03:00:01,0.0479363057325,0.4512337016409833,0,-0.11,-0.22,-0.11
2011-08-28 04:00:01,0.06821428571430001,0.4014844641379509,0,-0.11,-0.22,-0.11
2011-08-28 05:00:01,0.0759542586751,0.38275621435870616,0,-0.11,-0.22,-0.11
2011-08-28 06:00:01,0.106373626374,0.3142825960935732,0,-0.11,-0.22,-0.11
2011-08-28 07:00:01,0.0969246861925,0.3344751440688396,0,-0.11,-0.22,-0.11
2011-08-28 08:00:01,0.17003338898200002,0.4369393881582924,0,-0.11,-0.22,-0.11
2011-08-28 09:00:01,0.124548104956,0.330566745492883,0,-0.11,-0.22,-0.11
2011-08-28 10:00:01,0.114635514019,0.30932257780486194,0,-0.11,-0.22,-0.11
2011-08-28 11:00:01,0.103448275862,0.32009452906430463,0,-0.11,-0.22,-0.11
2011-08-28 12:00:01,0.116266173752,0.3128767569536296,0,-0.11,-0.22,-0.11
2011-08-28 13:00:01,0.12660990712099998,0.3350516014111205,0,-0.11,-0.22,-0.11
2011-08-28 14:00:01,0.130183006536,0.3426320988437006,0,-0.11,-0.22,-0.11
2011-08-28 15:00:01,0.120176531672,0.3202973995342532,0,-0.11,-0.22,-0.11
2011-08-28 16:00:01,0.111587301587,0.30415899861571866,0,-0.11,-0.22,-0.11
2011-08-28 17:00:01,0.0976240846216,0.3342886569021369,0,-0.11,-0.22,-0.11
2011-08-28 18:00:01,0.0948384353741,0.3402520995095309,0,-0.11,-0.22,-0.11
2011-08-28 19:00:01,0.08405841660260001,0.3644385081238131,0,-0.11,-0.22,-0.11
2011-08-28 20:00:01,0.0743294117647,0.3869655082963241,0,-0.11,-0.22,-0.11
2011-08-28 21:00:01,0.0712329863891,0.3937693699029688,0,-0.11,-0.22,-0.11
2011-08-28 22:00:01,0.06684210526319999,0.4036652497087767,0,-0.11,-0.22,-0.11
2011-08-28 23:00:01,0.0719213114754,0.3907720596926197,0,-0.11,-0.22,-0.11
2011-08-29 00:00:01,0.0600398406375,0.41891891844689855,0,-0.11,-0.22,-0.11
2011-08-29 01:00:01,0.0555158069884,0.429393005577531,0,-0.11,-0.22,-0.11
2011-08-29 02:00:01,0.0490916597853,0.4451671119686375,0,-0.11,-0.22,-0.11
2011-08-29 03:00:01,0.0423600973236,0.4608616870476797,0,-0.11,-0.22,-0.11
2011-08-29 04:00:01,0.0606539735099,0.4140058019463341,0,-0.11,-0.22,-0.11
2011-08-29 05:00:01,0.07775665399239999,0.3721274025219288,0,-0.11,-0.22,-0.11
2011-08-29 06:00:01,0.08738049713189999,0.3494251758404305,0,-0.11,-0.22,-0.11
2011-08-29 07:00:01,0.12960486322200002,0.3497504344783276,0,-0.11,-0.22,-0.11
2011-08-29 08:00:01,0.158345070423,0.41753014355747,0,-0.11,-0.22,-0.11
2011-08-29 09:00:01,0.13810650887599998,0.36850394085522936,0,-0.11,-0.22,-0.11
2011-08-29 10:00:01,0.150680272109,0.3977805213400853,0,-0.11,-0.22,-0.11
2011-08-29 11:00:01,0.116778042959,0.3196766589456654,0,-0.11,-0.22,-0.11
2011-08-29 12:00:01,0.0966950959488,0.3295157678925523,0,-0.11,-0.22,-0.11
2011-08-29 13:00:01,0.123992932862,0.3352036773130241,0,-0.11,-0.22,-0.11
2011-08-29 14:00:01,0.11081570997,0.30616443783002345,0,-0.11,-0.22,-0.11
2011-08-29 15:00:01,0.129307432432,0.34658138963104723,0,-0.11,-0.22,-0.11
2011-08-29 16:00:01,0.125940740741,0.3385966029049288,0,-0.11,-0.22,-0.11
2011-08-29 17:00:01,0.102137592138,0.3193803073169301,0,-0.11,-0.22,-0.11
2011-08-29 18:00:01,0.0941742081448,0.33716143528901404,0,-0.11,-0.22,-0.11
2011-08-29 19:00:01,0.109444995045,0.30353419043192875,0,-0.11,-0.22,-0.11
2011-08-29 20:00:01,0.0872681451613,0.35251147127820465,0,-0.11,-0.22,-0.11
2011-08-29 21:00:01,0.08900613496929999,0.3482019002717268,0,-0.11,-0.22,-0.11
2011-08-29 22:00:01,0.08706182281710001,0.3523970676669301,0,-0.11,-0.22,-0.11
2011-08-29 23:00:01,0.0841054613936,0.35894981468549697,0,-0.11,-0.22,-0.11
2011-08-30 00:00:01,0.07611483253589997,0.3773316202230832,0,-0.11,-0.22,-0.11
2011-08-30 01:00:01,0.0600057937428,0.4155040788559264,0,-0.11,-0.22,-0.11
2011-08-30 02:00:01,0.054295958279,0.4285897445661617,0,-0.11,-0.22,-0.11
2011-08-30 03:00:01,0.051952887538,0.4332773106202851,0,-0.11,-0.22,-0.11
2011-08-30 04:00:01,0.0924405218726,0.33713673873271244,0,-0.11,-0.22,-0.11
2011-08-30 05:00:01,0.109405010438,0.30552296203613555,0,-0.11,-0.22,-0.11
2011-08-30 06:00:01,0.122962138085,0.3350433823859496,0,-0.11,-0.22,-0.11
2011-08-30 07:00:01,0.147909407666,0.3922839270347038,0,-0.11,-0.22,-0.11
2011-08-30 08:00:01,0.152699228792,0.403153574567791,0,-0.11,-0.22,-0.11
2011-08-30 09:00:01,0.1541875,0.40600255460167795,0,-0.11,-0.22,-0.11
2011-08-30 10:00:01,0.115840707965,0.3181293880380484,0,-0.11,-0.22,-0.11
2011-08-30 11:00:01,0.110201149425,0.3059406975569876,0,-0.11,-0.22,-0.11
2011-08-30 12:00:01,0.110076142132,0.3054291440156985,0,-0.11,-0.22,-0.11
2011-08-30 13:00:01,0.108673267327,0.3036671469151194,0,-0.11,-0.22,-0.11
2011-08-30 14:00:01,0.106678832117,0.30822508408119753,0,-0.11,-0.22,-0.11
2011-08-30 15:00:01,0.107907949791,0.30608143630638696,0,-0.11,-0.22,-0.11
2011-08-30 16:00:01,0.119509692132,0.3245134449569234,0,-0.11,-0.22,-0.11
2011-08-30 17:00:01,0.101547749726,0.3203589277624146,0,-0.11,-0.22,-0.11
2011-08-30 18:00:01,0.111957340025,0.3077752194192653,0,-0.11,-0.22,-0.11
2011-08-30 19:00:01,0.101444007859,0.3205859249336589,0,-0.11,-0.22,-0.11
2011-08-30 20:00:01,0.0753491055972,0.3802986456012708,0,-0.11,-0.22,-0.11
2011-08-30 21:00:01,0.0653881278539,0.40383770977106304,0,-0.11,-0.22,-0.11
2011-08-30 22:00:01,0.08924680564899999,0.34648401562833203,0,-0.11,-0.22,-0.11
2011-08-30 23:00:01,0.0813057961359,0.36464819972470536,0,-0.11,-0.22,-0.11
2011-08-31 00:00:01,0.0938608119304,0.3352694723178566,0,-0.11,-0.22,-0.11
2011-08-31 01:00:01,0.07974804517810001,0.36760994546651216,0,-0.11,-0.22,-0.11
2011-08-31 02:00:01,0.066393442623,0.399282304863908,0,-0.11,-0.22,-0.11
2011-08-31 03:00:01,0.0646177606178,0.4030377672047147,0,-0.11,-0.22,-0.11
2011-08-31 04:00:01,0.0873961499493,0.3479693732666632,0,-0.11,-0.22,-0.11
2011-08-31 05:00:01,0.10959047619,0.3076075516916018,0,-0.11,-0.22,-0.11
2011-08-31 06:00:01,0.126039119804,0.3444177442657797,0,-0.11,-0.22,-0.11
2011-08-31 07:00:01,0.12546835443,0.3429608994427443,0,-0.11,-0.22,-0.11
2011-08-31 08:00:01,0.156303030303,0.4164912562481543,0,-0.11,-0.22,-0.11
2011-08-31 09:00:01,0.147432432432,0.3939884409044195,0,-0.11,-0.22,-0.11
2011-08-31 10:00:01,0.133876651982,0.3612498206363858,0,-0.11,-0.22,-0.11
2011-08-31 11:00:01,0.129890410959,0.3516489672291042,0,-0.11,-0.22,-0.11
2011-08-31 12:00:01,0.141053811659,0.3774378683842641,0,-0.11,-0.22,-0.11
2011-08-31 13:00:01,0.117336065574,0.32246105501383376,0,-0.11,-0.22,-0.11
2011-08-31 14:00:01,0.137372708758,0.36799405539548974,0,-0.11,-0.22,-0.11
2011-08-31 15:00:01,0.113037593985,0.31216046190386465,0,-0.11,-0.22,-0.11
2011-08-31 16:00:01,0.110820995962,0.30712562178215475,0,-0.11,-0.22,-0.11
2011-08-31 17:00:01,0.0996882793017,0.3231750805273211,0,-0.11,-0.22,-0.11
2011-08-31 18:00:01,0.111057934509,0.30750497282654954,0,-0.11,-0.22,-0.11
2011-08-31 19:00:01,0.145935563817,0.3882064161174118,0,-0.11,-0.22,-0.11
2011-08-31 20:00:01,0.16586034912699998,0.43831300471368345,0,-0.11,-0.22,-0.11
2011-08-31 21:00:01,0.17193687231,0.4532022168860801,0,-0.11,-0.22,-0.11
2011-08-31 22:00:01,0.183753623188,0.48249781966509403,0,-0.11,-0.22,-0.11
2011-08-31 23:00:01,0.173424036281,0.454930202005269,0,-0.11,-0.22,-0.11
2011-09-01 00:00:01,0.12689453125,0.3423986148809747,0,-0.11,-0.22,-0.11
2011-09-01 01:00:01,0.107446988974,0.30586859124980764,0,-0.11,-0.22,-0.11
2011-09-01 02:00:01,0.0718667642753,0.3877291328135865,0,-0.11,-0.22,-0.11
2011-09-01 03:00:01,0.0693063583815,0.3934390022046432,0,-0.11,-0.22,-0.11
2011-09-01 04:00:01,0.136761168385,0.3681971961074957,0,-0.11,-0.22,-0.11
2011-09-01 05:00:01,0.161497461929,0.42839506033157215,0,-0.11,-0.22,-0.11
2011-09-01 06:00:01,0.183985890653,0.4840804038798066,0,-0.11,-0.22,-0.11
2011-09-01 07:00:01,0.190461538462,0.4981613715837665,0,-0.11,-0.22,-0.11
2011-09-01 08:00:01,0.19428030303,0.5049247878428841,0,-0.11,-0.22,-0.11
2011-09-01 09:00:01,0.170563380282,0.44346828679296185,0,-0.11,-0.22,-0.11
2011-09-01 10:00:01,0.181725490196,0.4693455265194716,0,-0.11,-0.22,-0.11
2011-09-01 11:00:01,0.155087719298,0.4034751233837969,0,-0.11,-0.22,-0.11
2011-09-01 12:00:01,0.12729729729699998,0.33949556940227354,0,-0.11,-0.22,-0.11
2011-09-01 13:00:01,0.127475728155,0.3395471844874544,0,-0.11,-0.22,-0.11
2011-09-01 14:00:01,0.138672839506,0.3642156240022287,0,-0.11,-0.22,-0.11
2011-09-01 15:00:01,0.124584980237,0.3323361306329595,0,-0.11,-0.22,-0.11
2011-09-01 16:00:01,0.119408450704,0.32076470245927297,0,-0.11,-0.22,-0.11
2011-09-01 17:00:01,0.105145228216,0.31532674030292585,0,-0.11,-0.22,-0.11
2011-09-01 18:00:01,0.104637681159,0.3164835160542473,0,-0.11,-0.22,-0.11
2011-09-02 15:00:01,0.12543906605900002,0.3340368837474829,0,-0.11,-0.22,-0.11
2011-09-02 16:00:01,0.120748373102,0.3241074339974607,0,-0.11,-0.22,-0.11
2011-09-02 17:00:01,0.0994585448393,0.3271404143412517,0,-0.11,-0.22,-0.11
2011-09-02 18:00:01,0.10984,0.3047354810676407,0,-0.11,-0.22,-0.11
2011-09-02 19:00:01,0.0994903339192,0.3268384635979003,0,-0.11,-0.22,-0.11
2011-09-02 20:00:01,0.108297511312,0.30751375536404124,0,-0.11,-0.22,-0.11
2011-09-02 21:00:01,0.109546979866,0.30443375852471843,0,-0.11,-0.22,-0.11
2011-09-02 22:00:01,0.12950790861199998,0.3456057915435473,0,-0.11,-0.22,-0.11
2011-09-02 23:00:01,0.143330266789,0.3778585654809821,0,-0.11,-0.22,-0.11
2011-09-03 00:00:01,0.121093613298,0.3268881675718537,0,-0.11,-0.22,-0.11
2011-09-03 01:00:01,0.11054478301,0.30384778749313884,0,-0.11,-0.22,-0.11
2011-09-03 02:00:01,0.101602160216,0.321485511938425,0,-0.11,-0.22,-0.11
2011-09-03 03:00:01,0.0762834917891,0.37952480286277546,0,-0.11,-0.22,-0.11
2011-09-03 04:00:01,0.0875485799701,0.3530245718832479,0,-0.11,-0.22,-0.11
2011-09-03 05:00:01,0.127487091222,0.3409033470908426,0,-0.11,-0.22,-0.11
2011-09-03 06:00:01,0.125506241331,0.3361901700724788,0,-0.11,-0.22,-0.11
2011-09-03 07:00:01,0.114149797571,0.3109811877486341,0,-0.11,-0.22,-0.11
2011-09-03 08:00:01,0.148712871287,0.3896908398439981,0,-0.11,-0.22,-0.11
2011-09-03 09:00:01,0.159177057357,0.4143704391532092,0,-0.11,-0.22,-0.11
2011-09-03 10:00:01,0.125173267327,0.33374581758068705,0,-0.11,-0.22,-0.11
2011-09-03 11:00:01,0.12546835443,0.33402399873448163,0,-0.11,-0.22,-0.11
2011-09-03 12:00:01,0.136340508806,0.3586064136024269,0,-0.11,-0.22,-0.11
2011-09-03 13:00:01,0.14014084507000002,0.3672817900414389,0,-0.11,-0.22,-0.11
2011-09-03 14:00:01,0.135180586907,0.3553032493332881,0,-0.11,-0.22,-0.11
2011-09-03 15:00:01,0.126968888889,0.3365502115794544,0,-0.11,-0.22,-0.11
2011-09-03 16:00:01,0.12272195122,0.327496787739493,0,-0.11,-0.22,-0.11
2011-09-03 17:00:01,0.112063609467,0.3041842495661912,0,-0.11,-0.22,-0.11
2011-09-03 18:00:01,0.10224852071,0.32310178267884143,0,-0.11,-0.22,-0.11
2011-09-03 19:00:01,0.0998234774934,0.32844565630422257,0,-0.11,-0.22,-0.11
2011-09-03 20:00:01,0.0981008902077,0.3321531607209301,0,-0.11,-0.22,-0.11
2011-09-03 21:00:01,0.095011148272,0.3389782417443153,0,-0.11,-0.22,-0.11
2011-09-03 22:00:01,0.0947378277154,0.3393548089793558,0,-0.11,-0.22,-0.11
2011-09-03 23:00:01,0.0939592123769,0.34087063680415153,0,-0.11,-0.22,-0.11
2011-09-04 00:00:01,0.0895993589744,0.35072836700183874,0,-0.11,-0.22,-0.11
2011-09-04 01:00:01,0.0939749328559,0.34064894781128396,0,-0.11,-0.22,-0.11
2011-09-04 02:00:01,0.0869841269841,0.3568965716108102,0,-0.11,-0.22,-0.11
2011-09-04 03:00:01,0.0758333333333,0.38327461000088,0,-0.11,-0.22,-0.11
2011-09-04 04:00:01,0.103483976993,0.3192720932648623,0,-0.11,-0.22,-0.11
2011-09-04 05:00:01,0.124340101523,0.3321963124208479,0,-0.11,-0.22,-0.11
2011-09-04 06:00:01,0.123559748428,0.3301083993072033,0,-0.11,-0.22,-0.11
2011-09-04 07:00:01,0.143132780083,0.375358791458666,0,-0.11,-0.22,-0.11
2011-09-04 08:00:01,0.153292978208,0.399536438497586,0,-0.11,-0.22,-0.11
2011-09-04 09:00:01,0.144975961538,0.3786760067211822,0,-0.11,-0.22,-0.11
2011-09-04 10:00:01,0.148344988345,0.3864611485883981,0,-0.11,-0.22,-0.11
2011-09-04 11:00:01,0.121404958678,0.3224266339611176,0,-0.11,-0.22,-0.11
2011-09-04 12:00:01,0.125106761566,0.3305145814669192,0,-0.11,-0.22,-0.11
2011-09-04 13:00:01,0.137014446228,0.35824234249812337,0,-0.11,-0.22,-0.11
2011-09-04 14:00:01,0.145497572816,0.37834406274000737,0,-0.11,-0.22,-0.11
2011-09-04 15:00:01,0.129219653179,0.33926522664199155,0,-0.11,-0.22,-0.11
2011-09-04 16:00:01,0.125491891892,0.33180082903621394,0,-0.11,-0.22,-0.11
2011-09-04 17:00:01,0.112601296596,0.30327592690213,0,-0.11,-0.22,-0.11
2011-09-04 18:00:01,0.108785123967,0.3115921225178105,0,-0.11,-0.22,-0.11
2011-09-04 19:00:01,0.104248704663,0.3218420598785498,0,-0.11,-0.22,-0.11
2011-09-04 20:00:01,0.0923049001815,0.3498511616688663,0,-0.11,-0.22,-0.11
2011-09-04 21:00:01,0.08362081784389999,0.3707330250842111,0,-0.11,-0.22,-0.11
2011-09-04 22:00:01,0.0923566878981,0.3489700180010333,0,-0.11,-0.22,-0.11
2011-09-04 23:00:01,0.0781174984207,0.3836736846228437,0,-0.11,-0.22,-0.11
2011-09-05 00:00:01,0.07722621902480001,0.3854215094657836,0,-0.11,-0.22,-0.11
2011-09-05 01:00:01,0.07482987551869999,0.3909266012851266,0,-0.11,-0.22,-0.11
2011-09-05 02:00:01,0.0652133044107,0.4147617012706605,0,-0.11,-0.22,-0.11
2011-09-05 03:00:01,0.045191370911600005,0.4657641380621966,0,-0.11,-0.22,-0.11
2011-09-05 04:00:01,0.07911231884060001,0.37798658298278254,0,-0.11,-0.22,-0.11
2011-09-05 05:00:01,0.117971830986,0.3182648206763085,0,-0.11,-0.22,-0.11
2011-09-05 06:00:01,0.114479338843,0.3102792471790236,0,-0.11,-0.22,-0.11
2011-09-05 07:00:01,0.113695150115,0.30825346044925994,0,-0.11,-0.22,-0.11
2011-09-05 08:00:01,0.175580645161,0.459794968467336,0,-0.11,-0.22,-0.11
2011-09-05 09:00:01,0.154212328767,0.4036410143476125,0,-0.11,-0.22,-0.11
2011-09-05 10:00:01,0.139960784314,0.3677094469616438,0,-0.11,-0.22,-0.11
2011-09-05 11:00:01,0.131630094044,0.3471927415586474,0,-0.11,-0.22,-0.11
2011-09-05 12:00:01,0.124085714286,0.3290680924874724,0,-0.11,-0.22,-0.11
2011-09-05 13:00:01,0.12718855218900002,0.3360975529050999,0,-0.11,-0.22,-0.11
2011-09-05 14:00:01,0.133503448276,0.35094646499897875,0,-0.11,-0.22,-0.11
2011-09-05 15:00:01,0.12168972332,0.3232394526685896,0,-0.11,-0.22,-0.11
2011-09-05 16:00:01,0.115792592593,0.3106049229796439,0,-0.11,-0.22,-0.11
2011-09-05 17:00:01,0.098496835443,0.3350847504846797,0,-0.11,-0.22,-0.11
2011-09-05 18:00:01,0.0950494396836,0.3430842463832964,0,-0.11,-0.22,-0.11
2011-09-05 19:00:01,0.0910444874275,0.3526498469587344,0,-0.11,-0.22,-0.11
2011-09-05 20:00:01,0.0811893687708,0.3771213289222365,0,-0.11,-0.22,-0.11
2011-09-05 21:00:01,0.0825793907971,0.3731479737802729,0,-0.11,-0.22,-0.11
2011-09-05 22:00:01,0.0765527950311,0.3880150055190224,0,-0.11,-0.22,-0.11
2011-09-05 23:00:01,0.0788387978142,0.3815709723341582,0,-0.11,-0.22,-0.11
2011-09-06 00:00:01,0.07396276595739999,0.3935320959591724,0,-0.11,-0.22,-0.11
2011-09-06 01:00:01,0.06913879003560001,0.40548950853842536,0,-0.11,-0.22,-0.11
2011-09-06 02:00:01,0.0510319076714,0.4524770117874326,0,-0.11,-0.22,-0.11
2011-09-06 03:00:01,0.0468152031455,0.4623775420292405,0,-0.11,-0.22,-0.11
2011-09-06 04:00:01,0.0999201596806,0.3274712734554567,0,-0.11,-0.22,-0.11
2011-09-06 05:00:01,0.10201884253,0.3226825630305319,0,-0.11,-0.22,-0.11
2011-09-06 06:00:01,0.106287262873,0.3128675618417634,0,-0.11,-0.22,-0.11
2011-09-06 07:00:01,0.150187265918,0.3978212400423697,0,-0.11,-0.22,-0.11
2011-09-06 08:00:01,0.140684210526,0.3733586765175743,0,-0.11,-0.22,-0.11
2011-09-06 09:00:01,0.154042553191,0.4065111045624618,0,-0.11,-0.22,-0.11
2011-09-06 10:00:01,0.138396946565,0.3665229958573113,0,-0.11,-0.22,-0.11
2011-09-06 11:00:01,0.116378737542,0.3136213276002384,0,-0.11,-0.22,-0.11
2011-09-06 12:00:01,0.111181318681,0.3043740507665144,0,-0.11,-0.22,-0.11
2011-09-06 13:00:01,0.116266375546,0.3129212310853276,0,-0.11,-0.22,-0.11
2011-09-06 14:00:01,0.116395112016,0.31314639940534633,0,-0.11,-0.22,-0.11
2011-09-06 15:00:01,0.114629948365,0.3093011483236865,0,-0.11,-0.22,-0.11
2011-09-06 16:00:01,0.111974522293,0.3039037763688661,0,-0.11,-0.22,-0.11
2011-09-06 17:00:01,0.0947324613555,0.3425258660963606,0,-0.11,-0.22,-0.11
2011-09-06 18:00:01,0.112244224422,0.3052155795172601,0,-0.11,-0.22,-0.11
2011-09-06 19:00:01,0.102278911565,0.3239386766527133,0,-0.11,-0.22,-0.11
2011-09-06 20:00:01,0.0928500496524,0.3467448524805124,0,-0.11,-0.22,-0.11
2011-09-06 21:00:01,0.0991582733813,0.3310239408238303,0,-0.11,-0.22,-0.11
2011-09-06 22:00:01,0.0976913580247,0.33429088311313976,0,-0.11,-0.22,-0.11
2011-09-06 23:00:01,0.0857002111189,0.36396996761170064,0,-0.11,-0.22,-0.11
2011-09-07 00:00:01,0.0823789294817,0.3720411865153992,0,-0.11,-0.22,-0.11
2011-09-07 01:00:01,0.0659537882859,0.4146022115730438,0,-0.11,-0.22,-0.11
2011-09-07 02:00:01,0.04945872801080002,0.4579713607264912,0,-0.11,-0.22,-0.11
2011-09-07 03:00:01,0.049789081885900005,0.4554283403605254,0,-0.11,-0.22,-0.11
2011-09-07 04:00:01,0.06545837723919999,0.4122904148976664,0,-0.11,-0.22,-0.11
2011-09-07 05:00:01,0.0896212121212,0.3503828346607295,0,-0.11,-0.22,-0.11
2011-09-07 06:00:01,0.111073619632,0.30618553139693644,0,-0.11,-0.22,-0.11
2011-09-07 07:00:01,0.101031746032,0.3231065969291179,0,-0.11,-0.22,-0.11
2011-09-07 08:00:01,0.151616766467,0.40553076346239225,0,-0.11,-0.22,-0.11
2011-09-07 09:00:01,0.124743589744,0.33740835105244243,0,-0.11,-0.22,-0.11
2011-09-07 10:00:01,0.135588235294,0.3636677369690864,0,-0.11,-0.22,-0.11
2011-09-07 11:00:01,0.09466237942119997,0.34004063346008423,0,-0.11,-0.22,-0.11
2011-09-07 12:00:01,0.097656612529,0.3331427811911357,0,-0.11,-0.22,-0.11
2011-09-07 13:00:01,0.0962009803922,0.3370261258084019,0,-0.11,-0.22,-0.11
2011-09-07 14:00:01,0.0853863636364,0.3640078845976072,0,-0.11,-0.22,-0.11
2011-09-07 15:00:01,0.109326923077,0.3059237269525528,0,-0.11,-0.22,-0.11
