timestamp,value,anomaly_score,label,S(t)_standard,S(t)_reward_low_FP_rate,S(t)_reward_low_FN_rate
2011-07-01 00:15:01,0.102708933718,0.0,0,-0.11,-0.22,-0.11
2011-07-01 01:15:01,0.06803872889769999,0.0,0,-0.11,-0.22,-0.11
2011-07-01 02:15:01,0.0779940923738,0.0,0,-0.11,-0.22,-0.11
2011-07-01 03:15:01,0.0776821504362,0.0,0,-0.11,-0.22,-0.11
2011-07-01 04:15:01,0.0779655822725,0.0,0,-0.11,-0.22,-0.11
2011-07-01 05:15:01,0.07823870220160001,0.0,0,-0.11,-0.22,-0.11
2011-07-01 06:15:01,0.0764376321353,0.0,0,-0.11,-0.22,-0.11
2011-07-01 07:15:01,0.08136040308239999,0.0,0,-0.11,-0.22,-0.11
2011-07-01 08:15:01,0.0740671641791,0.0,0,-0.11,-0.22,-0.11
2011-07-01 09:15:01,0.0881683168317,0.0,0,-0.11,-0.22,-0.11
2011-07-01 10:15:01,0.100271186441,0.0,0,-0.11,-0.22,-0.11
2011-07-01 11:15:01,0.145846153846,0.0,0,-0.11,-0.22,-0.11
2011-07-01 12:15:01,0.148755760369,0.0,0,-0.11,-0.22,-0.11
2011-07-01 13:15:01,0.129252873563,0.0,0,-0.11,-0.22,-0.11
2011-07-01 14:15:01,0.133892733564,0.0,0,-0.11,-0.22,-0.11
2011-07-01 15:15:01,0.08897213855419997,0.0,0,-0.11,-0.22,-0.11
2011-07-01 16:15:01,0.101374045802,0.0,0,-0.11,-0.22,-0.11
2011-07-01 17:15:01,0.0847703289882,0.0,0,-0.11,-0.22,-0.11
2011-07-01 18:15:01,0.07716263995289999,0.0,0,-0.11,-0.22,-0.11
2011-07-01 19:15:01,0.0938016019717,0.0,0,-0.11,-0.22,-0.11
2011-07-01 20:15:01,0.17896278933499998,0.0,0,-0.11,-0.22,-0.11
2011-07-01 21:15:01,0.0584133611691,0.0,0,-0.11,-0.22,-0.11
2011-07-01 22:15:01,0.316660628019,0.0,0,-0.11,-0.22,-0.11
2011-07-01 23:15:01,0.585524215008,0.0,0,-0.11,-0.22,-0.11
2011-07-02 00:15:01,0.54060629317,0.0,0,-0.11,-0.22,-0.11
2011-07-02 01:15:01,0.157337024918,0.0,0,-0.11,-0.22,-0.11
2011-07-02 02:15:01,0.112858958069,0.0,0,-0.11,-0.22,-0.11
2011-07-02 03:15:01,0.135819935691,0.0,0,-0.11,-0.22,-0.11
2011-07-02 04:15:01,0.141235469944,0.0,0,-0.11,-0.22,-0.11
2011-07-02 05:15:01,0.133929462059,0.0,0,-0.11,-0.22,-0.11
2011-07-02 06:15:01,0.140538705297,0.0,0,-0.11,-0.22,-0.11
2011-07-02 07:15:01,0.163977340489,0.0,0,-0.11,-0.22,-0.11
2011-07-02 08:15:01,0.134132539092,0.0,0,-0.11,-0.22,-0.11
2011-07-02 09:15:01,0.155975103734,0.0,0,-0.11,-0.22,-0.11
2011-07-02 10:15:01,0.155511111111,0.0,0,-0.11,-0.22,-0.11
2011-07-02 11:15:01,0.217246376812,0.0,0,-0.11,-0.22,-0.11
2011-07-02 12:15:01,0.364081632653,0.0,0,-0.11,-0.22,-0.11
2011-07-02 13:15:01,0.303917525773,0.0,0,-0.11,-0.22,-0.11
2011-07-02 14:15:01,0.169372146119,0.0,0,-0.11,-0.22,-0.11
2011-07-02 15:15:01,0.210147058824,0.0,0,-0.11,-0.22,-0.11
2011-07-02 16:15:01,0.142770069376,0.0,0,-0.11,-0.22,-0.11
2011-07-02 17:15:01,0.132340234023,0.0,0,-0.11,-0.22,-0.11
2011-07-02 18:15:01,0.217628111274,0.0,0,-0.11,-0.22,-0.11
2011-07-02 19:15:01,0.125834018077,0.0,0,-0.11,-0.22,-0.11
2011-07-02 20:15:01,0.121125169453,0.0,0,-0.11,-0.22,-0.11
2011-07-02 21:15:01,0.14659190031199998,0.0,0,-0.11,-0.22,-0.11
2011-07-02 22:15:01,0.136264949402,0.0,0,-0.11,-0.22,-0.11
2011-07-02 23:15:01,0.287270341207,0.0,0,-0.11,-0.22,-0.11
2011-07-03 00:15:01,0.262491349481,0.0,0,-0.11,-0.22,-0.11
2011-07-03 01:15:01,0.177481617647,0.0,0,-0.11,-0.22,-0.11
2011-07-03 02:15:01,0.164255803368,0.0,0,-0.11,-0.22,-0.11
2011-07-03 03:15:01,0.0943986420951,0.0,0,-0.11,-0.22,-0.11
2011-07-03 04:15:01,0.147355967078,0.0,0,-0.11,-0.22,-0.11
2011-07-03 05:15:01,0.147790357925,0.0,0,-0.11,-0.22,-0.11
2011-07-03 06:15:01,0.159181698196,0.0,0,-0.11,-0.22,-0.11
2011-07-03 07:15:01,0.179014423077,0.0,0,-0.11,-0.22,-0.11
2011-07-03 08:15:01,0.158061389338,0.0,0,-0.11,-0.22,-0.11
2011-07-03 09:15:01,0.16449579831900002,0.0,0,-0.11,-0.22,-0.11
2011-07-03 10:15:01,0.210178571429,0.0,0,-0.11,-0.22,-0.11
2011-07-03 11:15:01,0.361508379888,0.0,0,-0.11,-0.22,-0.11
2011-07-03 12:15:01,0.396242424242,0.0,0,-0.11,-0.22,-0.11
2011-07-03 13:15:01,0.3108,0.0,0,-0.11,-0.22,-0.11
2011-07-03 14:15:01,0.163407894737,0.0,0,-0.11,-0.22,-0.11
2011-07-03 15:15:01,0.232827380952,0.0,0,-0.11,-0.22,-0.11
2011-07-03 16:15:01,0.150031725888,0.0,0,-0.11,-0.22,-0.11
2011-07-03 17:15:01,0.153234649123,0.0,0,-0.11,-0.22,-0.11
2011-07-03 18:15:01,0.129575841402,0.0,0,-0.11,-0.22,-0.11
2011-07-03 19:15:01,0.159706055262,0.0,0,-0.11,-0.22,-0.11
2011-07-03 20:15:01,0.124592555332,0.0,0,-0.11,-0.22,-0.11
2011-07-03 21:15:01,0.157410306588,0.0,0,-0.11,-0.22,-0.11
2011-07-03 22:15:01,0.188386336867,0.0,0,-0.11,-0.22,-0.11
2011-07-03 23:15:01,0.17020895522399998,0.0,0,-0.11,-0.22,-0.11
2011-07-04 00:15:01,0.269775,0.0,0,-0.11,-0.22,-0.11
2011-07-04 01:15:01,0.177579818683,0.0,0,-0.11,-0.22,-0.11
2011-07-04 02:15:01,0.104126213592,0.0,0,-0.11,-0.22,-0.11
2011-07-04 03:15:01,0.138887434555,0.0,0,-0.11,-0.22,-0.11
2011-07-04 04:15:01,0.156115560641,0.0,0,-0.11,-0.22,-0.11
2011-07-04 05:15:01,0.14933023616,0.0,0,-0.11,-0.22,-0.11
2011-07-04 06:15:01,0.139427385892,0.0,0,-0.11,-0.22,-0.11
2011-07-04 07:15:01,0.165333333333,0.0,0,-0.11,-0.22,-0.11
2011-07-04 08:15:01,0.166898029135,0.0,0,-0.11,-0.22,-0.11
2011-07-04 09:15:01,0.148737024221,0.0,0,-0.11,-0.22,-0.11
2011-07-04 10:15:01,0.206421052632,0.0,0,-0.11,-0.22,-0.11
2011-07-04 11:15:01,0.428450704225,0.0,0,-0.11,-0.22,-0.11
2011-07-04 12:15:01,0.43265625,0.0,0,-0.11,-0.22,-0.11
2011-07-04 13:15:01,0.367876712329,0.0,0,-0.11,-0.22,-0.11
2011-07-04 14:15:01,0.273265306122,0.0,0,-0.11,-0.22,-0.11
2011-07-04 15:15:01,0.216682316119,0.0,0,-0.11,-0.22,-0.11
2011-07-04 16:15:01,0.112016971279,0.0,0,-0.11,-0.22,-0.11
2011-07-04 17:15:01,0.10167945439,0.0,0,-0.11,-0.22,-0.11
2011-07-04 18:15:01,0.0925862785863,0.0,0,-0.11,-0.22,-0.11
2011-07-04 19:15:01,0.0895495495495,0.0,0,-0.11,-0.22,-0.11
2011-07-04 20:15:01,0.115989208633,0.0,0,-0.11,-0.22,-0.11
2011-07-04 21:15:01,0.0836048125868,0.0,0,-0.11,-0.22,-0.11
2011-07-04 22:15:01,0.12985268630799998,0.0,0,-0.11,-0.22,-0.11
2011-07-04 23:15:01,0.203508064516,0.0,0,-0.11,-0.22,-0.11
2011-07-05 00:15:01,0.217587719298,0.0,0,-0.11,-0.22,-0.11
2011-07-05 01:15:01,0.114203010421,0.0,0,-0.11,-0.22,-0.11
2011-07-05 02:15:01,0.101214821764,0.0,0,-0.11,-0.22,-0.11
2011-07-05 03:15:01,0.08407457627119999,0.0,0,-0.11,-0.22,-0.11
2011-07-05 04:15:01,0.099083032491,0.0,0,-0.11,-0.22,-0.11
2011-07-05 05:15:01,0.0941884057971,0.0,0,-0.11,-0.22,-0.11
2011-07-05 06:15:01,0.103973607038,0.0,0,-0.11,-0.22,-0.11
2011-07-05 07:15:01,0.104675118859,0.0,0,-0.11,-0.22,-0.11
2011-07-05 08:15:01,0.0974506283662,0.0,0,-0.11,-0.22,-0.11
2011-07-05 09:15:01,0.0919031141869,0.0,0,-0.11,-0.22,-0.11
2011-07-05 10:15:01,0.157662337662,0.0,0,-0.11,-0.22,-0.11
2011-07-05 11:15:01,0.167058823529,0.0,0,-0.11,-0.22,-0.11
2011-07-05 12:15:01,0.235480225989,0.0,0,-0.11,-0.22,-0.11
2011-07-05 13:15:01,0.212184300341,0.0,0,-0.11,-0.22,-0.11
2011-07-05 14:15:01,0.112742857143,0.0,0,-0.11,-0.22,-0.11
2011-07-05 15:15:01,0.14773033707900002,0.0,0,-0.11,-0.22,-0.11
2011-07-05 16:15:01,0.119763058697,0.0,0,-0.11,-0.22,-0.11
2011-07-05 17:15:01,0.08677312042580003,0.0,0,-0.11,-0.22,-0.11
2011-07-05 18:15:01,0.127560553633,0.0,0,-0.11,-0.22,-0.11
2011-07-05 19:15:01,0.0977996485062,0.0,0,-0.11,-0.22,-0.11
2011-07-05 20:15:01,0.114170134073,0.0,0,-0.11,-0.22,-0.11
2011-07-05 21:15:01,0.105995567048,0.0,0,-0.11,-0.22,-0.11
2011-07-05 22:15:01,0.0858952702703,0.0,0,-0.11,-0.22,-0.11
2011-07-05 23:15:01,0.160833333333,0.0,0,-0.11,-0.22,-0.11
2011-07-06 00:15:01,0.192157221207,0.0,0,-0.11,-0.22,-0.11
2011-07-06 01:15:01,0.107871700635,0.0,0,-0.11,-0.22,-0.11
2011-07-06 02:15:01,0.083264947245,0.0,0,-0.11,-0.22,-0.11
2011-07-06 03:15:01,0.0918414995067,0.0,0,-0.11,-0.22,-0.11
2011-07-06 04:15:01,0.0995795691452,0.0,0,-0.11,-0.22,-0.11
2011-07-06 05:15:01,0.0932699753608,0.0,0,-0.11,-0.22,-0.11
2011-07-06 06:15:01,0.101591296928,0.0,0,-0.11,-0.22,-0.11
2011-07-06 07:15:01,0.0921109399076,0.0,0,-0.11,-0.22,-0.11
2011-07-06 08:15:01,0.127071583514,0.0,0,-0.11,-0.22,-0.11
2011-07-06 09:15:01,0.137097966728,0.0,0,-0.11,-0.22,-0.11
2011-07-06 10:15:01,0.118421052632,0.0,0,-0.11,-0.22,-0.11
2011-07-06 11:15:01,0.144338842975,0.0,0,-0.11,-0.22,-0.11
2011-07-06 12:15:01,0.0782887700535,0.0,0,-0.11,-0.22,-0.11
2011-07-06 13:15:01,0.220301204819,0.0,0,-0.11,-0.22,-0.11
2011-07-06 14:15:01,0.164699453552,0.0,0,-0.11,-0.22,-0.11
2011-07-06 15:15:01,0.108463047744,0.0,0,-0.11,-0.22,-0.11
2011-07-06 16:15:01,0.102736976943,0.0,0,-0.11,-0.22,-0.11
2011-07-06 17:15:01,0.102960647297,0.0,0,-0.11,-0.22,-0.11
2011-07-06 18:15:01,0.123211245809,0.0,0,-0.11,-0.22,-0.11
2011-07-06 19:15:01,0.113019491245,0.0,0,-0.11,-0.22,-0.11
2011-07-06 20:15:01,0.084253776435,0.0,0,-0.11,-0.22,-0.11
2011-07-06 21:15:01,0.110483921324,0.0,0,-0.11,-0.22,-0.11
2011-07-06 22:15:01,0.113454935622,0.0,0,-0.11,-0.22,-0.11
2011-07-06 23:15:01,0.116834291188,0.0,0,-0.11,-0.22,-0.11
2011-07-07 00:15:01,0.0972659340659,0.0,0,-0.11,-0.22,-0.11
2011-07-07 01:15:01,0.105179153094,0.0,0,-0.11,-0.22,-0.11
2011-07-07 02:15:01,0.10259502924,0.0,0,-0.11,-0.22,-0.11
2011-07-07 05:15:01,0.107587501676,0.0,0,-0.11,-0.22,-0.11
2011-07-07 06:15:01,0.0903654342218,0.0,0,-0.11,-0.22,-0.11
2011-07-07 07:15:01,0.127488095238,0.0,0,-0.11,-0.22,-0.11
2011-07-07 08:15:01,0.0985870445344,0.0,0,-0.11,-0.22,-0.11
2011-07-07 09:15:01,0.136444444444,0.0,0,-0.11,-0.22,-0.11
2011-07-07 10:15:01,0.140586206897,0.0,0,-0.11,-0.22,-0.11
2011-07-07 11:15:01,0.188407643312,0.0,0,-0.11,-0.22,-0.11
2011-07-07 12:15:01,0.283051948052,0.0,0,-0.11,-0.22,-0.11
2011-07-07 13:15:01,0.251264367816,0.0,0,-0.11,-0.22,-0.11
2011-07-07 14:15:01,0.193255319149,0.0,0,-0.11,-0.22,-0.11
2011-07-07 15:15:01,0.140306486101,0.0,0,-0.11,-0.22,-0.11
2011-07-07 16:15:01,0.13211786372,0.0,0,-0.11,-0.22,-0.11
2011-07-07 17:15:01,0.117506534239,0.0,0,-0.11,-0.22,-0.11
2011-07-07 18:15:01,0.122098009188,0.0,0,-0.11,-0.22,-0.11
2011-07-07 19:15:01,0.17282877079999998,0.0,0,-0.11,-0.22,-0.11
2011-07-07 20:15:01,0.208624247635,0.0,0,-0.11,-0.22,-0.11
2011-07-07 21:15:01,0.139134796238,0.0,0,-0.11,-0.22,-0.11
2011-07-07 22:15:01,0.178056994819,0.0,0,-0.11,-0.22,-0.11
2011-07-07 23:15:01,0.109612486545,0.0,0,-0.11,-0.22,-0.11
2011-07-08 00:15:01,0.08695804195800001,0.0,0,-0.11,-0.22,-0.11
2011-07-08 01:15:01,0.134871794872,0.0,0,-0.11,-0.22,-0.11
2011-07-08 02:15:01,0.121639157655,0.0,0,-0.11,-0.22,-0.11
2011-07-08 06:15:01,0.132551401869,0.0,0,-0.11,-0.22,-0.11
2011-07-08 09:15:01,0.143741677763,0.0,0,-0.11,-0.22,-0.11
2011-07-08 10:15:01,0.117344018317,0.0,0,-0.11,-0.22,-0.11
2011-07-08 14:15:01,0.189715994021,0.0,0,-0.11,-0.22,-0.11
2011-07-08 16:15:01,0.603828125,0.0,0,-0.11,-0.22,-0.11
2011-07-08 17:15:01,0.17552404439,0.0,0,-0.11,-0.22,-0.11
2011-07-08 18:15:01,0.129837033122,0.0,0,-0.11,-0.22,-0.11
2011-07-08 19:15:01,0.185934489403,0.0,0,-0.11,-0.22,-0.11
2011-07-08 20:15:01,0.237457081545,0.0,0,-0.11,-0.22,-0.11
2011-07-08 21:15:01,0.206713178295,0.0,0,-0.11,-0.22,-0.11
2011-07-08 22:15:01,0.128012345679,0.0,0,-0.11,-0.22,-0.11
2011-07-08 23:15:01,0.211916932907,0.0,0,-0.11,-0.22,-0.11
2011-07-09 09:15:01,0.34578125,0.0,0,-0.11,-0.22,-0.11
2011-07-09 15:15:01,0.133918069867,0.0,0,-0.11,-0.22,-0.11
2011-07-09 17:15:01,0.150357746845,0.0,0,-0.11,-0.22,-0.11
2011-07-09 18:15:01,0.203111864407,0.0,0,-0.11,-0.22,-0.11
2011-07-09 19:15:01,0.130078543377,0.0,0,-0.11,-0.22,-0.11
2011-07-09 20:15:01,0.167640449438,0.0,0,-0.11,-0.22,-0.11
2011-07-09 21:15:01,0.113326102675,0.0,0,-0.11,-0.22,-0.11
2011-07-09 22:15:01,0.206984732824,0.0,0,-0.11,-0.22,-0.11
2011-07-09 23:15:01,0.245220125786,0.0,0,-0.11,-0.22,-0.11
2011-07-10 00:15:01,0.218996282528,0.0,0,-0.11,-0.22,-0.11
2011-07-10 01:15:01,0.175434131737,0.0,0,-0.11,-0.22,-0.11
2011-07-10 02:15:01,0.15997638724899998,0.0,0,-0.11,-0.22,-0.11
2011-07-10 03:15:01,0.102847736626,0.0,0,-0.11,-0.22,-0.11
2011-07-10 04:15:01,0.133527934714,0.0,0,-0.11,-0.22,-0.11
2011-07-10 05:15:01,0.13079829696599998,0.0,0,-0.11,-0.22,-0.11
2011-07-10 06:15:01,0.142358490566,0.0,0,-0.11,-0.22,-0.11
2011-07-10 07:15:01,0.118586849853,0.0,0,-0.11,-0.22,-0.11
2011-07-10 08:15:01,0.23673151751,0.0,0,-0.11,-0.22,-0.11
2011-07-10 09:15:01,0.255961538462,0.0,0,-0.11,-0.22,-0.11
2011-07-10 10:15:01,0.200746268657,0.0,0,-0.11,-0.22,-0.11
2011-07-10 11:15:01,0.259387755102,0.0,0,-0.11,-0.22,-0.11
2011-07-10 12:15:01,0.311612903226,0.0,0,-0.11,-0.22,-0.11
2011-07-10 13:15:01,0.317843137255,0.0,0,-0.11,-0.22,-0.11
2011-07-10 14:15:01,0.239368421053,0.0,0,-0.11,-0.22,-0.11
2011-07-10 15:15:01,0.264626168224,0.0,0,-0.11,-0.22,-0.11
2011-07-10 16:15:01,0.240777777778,0.0,0,-0.11,-0.22,-0.11
2011-07-10 17:15:01,0.228554216867,0.0,0,-0.11,-0.22,-0.11
2011-07-10 18:15:01,0.15796,0.0,0,-0.11,-0.22,-0.11
2011-07-10 19:15:01,0.143783359498,0.0,0,-0.11,-0.22,-0.11
2011-07-10 20:15:01,0.148010948905,0.0,0,-0.11,-0.22,-0.11
2011-07-10 21:15:01,0.160905550146,0.0,0,-0.11,-0.22,-0.11
2011-07-10 22:15:01,0.145347776511,0.0,0,-0.11,-0.22,-0.11
2011-07-10 23:15:01,0.155945121951,0.0,0,-0.11,-0.22,-0.11
2011-07-11 00:15:01,0.136297468354,0.0,0,-0.11,-0.22,-0.11
2011-07-11 01:15:01,0.164156769596,0.0,0,-0.11,-0.22,-0.11
2011-07-11 02:15:01,0.124148727984,0.0,0,-0.11,-0.22,-0.11
2011-07-11 03:15:01,0.141942344045,0.0,0,-0.11,-0.22,-0.11
2011-07-11 04:15:01,0.13649411764699998,0.0,0,-0.11,-0.22,-0.11
2011-07-11 05:15:01,0.146881275842,0.0,0,-0.11,-0.22,-0.11
2011-07-11 06:15:01,0.142295918367,0.0,0,-0.11,-0.22,-0.11
2011-07-11 07:15:01,0.157718978102,0.0,0,-0.11,-0.22,-0.11
2011-07-11 08:15:01,0.138475120385,0.0,0,-0.11,-0.22,-0.11
2011-07-11 09:15:01,0.136170212766,0.0,0,-0.11,-0.22,-0.11
2011-07-11 10:15:01,0.275098039216,0.0,0,-0.11,-0.22,-0.11
2011-07-11 11:15:01,0.4325,0.0,0,-0.11,-0.22,-0.11
2011-07-11 12:15:01,0.333389830508,0.0,0,-0.11,-0.22,-0.11
2011-07-11 13:15:01,0.316944444444,0.0,0,-0.11,-0.22,-0.11
2011-07-11 14:15:01,0.301511627907,0.0,0,-0.11,-0.22,-0.11
2011-07-11 15:15:01,0.195191637631,0.0,0,-0.11,-0.22,-0.11
2011-07-11 16:15:01,0.159351145038,0.0,0,-0.11,-0.22,-0.11
2011-07-11 17:15:01,0.145196471532,0.0,0,-0.11,-0.22,-0.11
2011-07-11 18:15:01,0.09437853107339997,0.0,0,-0.11,-0.22,-0.11
2011-07-11 19:15:01,0.0936181756528,0.0,0,-0.11,-0.22,-0.11
2011-07-11 20:15:01,0.0955099293167,0.0,0,-0.11,-0.22,-0.11
2011-07-11 21:15:01,0.0875148456057,0.0,0,-0.11,-0.22,-0.11
2011-07-11 22:15:01,0.101887323944,0.0,0,-0.11,-0.22,-0.11
2011-07-11 23:15:01,0.0932715820674,0.0,0,-0.11,-0.22,-0.11
2011-07-12 00:15:01,0.08018697829719999,0.0,0,-0.11,-0.22,-0.11
2011-07-12 01:15:01,0.107423208191,0.0,0,-0.11,-0.22,-0.11
2011-07-12 02:15:01,0.122129554656,0.0,0,-0.11,-0.22,-0.11
2011-07-12 03:15:01,0.118618346546,0.0,0,-0.11,-0.22,-0.11
2011-07-12 04:15:01,0.121473647712,0.0,0,-0.11,-0.22,-0.11
2011-07-12 05:15:01,0.122239309827,0.0,0,-0.11,-0.22,-0.11
2011-07-12 06:15:01,0.13008224479900002,0.0,0,-0.11,-0.22,-0.11
2011-07-12 07:15:01,0.119370415648,0.0,0,-0.11,-0.22,-0.11
2011-07-12 08:15:01,0.192372654155,0.0,0,-0.11,-0.22,-0.11
2011-07-12 09:15:01,0.15417910447799998,0.0,0,-0.11,-0.22,-0.11
2011-07-12 10:15:01,0.156139705882,0.0,0,-0.11,-0.22,-0.11
2011-07-12 11:15:01,0.153510638298,0.0,0,-0.11,-0.22,-0.11
2011-07-12 12:15:01,0.216650717703,0.0,0,-0.11,-0.22,-0.11
2011-07-12 13:15:01,0.129122516556,0.0,0,-0.11,-0.22,-0.11
2011-07-12 14:15:01,0.22879350348,0.0,0,-0.11,-0.22,-0.11
2011-07-12 15:15:01,0.16101138647,0.0,0,-0.11,-0.22,-0.11
2011-07-12 16:15:01,0.15261954262,0.0,0,-0.11,-0.22,-0.11
2011-07-12 17:15:01,0.15297872340399998,0.0,0,-0.11,-0.22,-0.11
2011-07-12 18:15:01,0.132756240042,0.0,0,-0.11,-0.22,-0.11
2011-07-12 19:15:01,0.129964483031,0.0,0,-0.11,-0.22,-0.11
2011-07-12 20:15:01,0.15354601227,0.0,0,-0.11,-0.22,-0.11
2011-07-12 21:15:01,0.167512367491,0.0,0,-0.11,-0.22,-0.11
2011-07-12 22:15:01,0.154508320726,0.0,0,-0.11,-0.22,-0.11
2011-07-12 23:15:01,0.112512195122,0.0,0,-0.11,-0.22,-0.11
2011-07-13 00:15:01,0.148014184397,0.0,0,-0.11,-0.22,-0.11
2011-07-13 01:15:01,0.169751908397,0.0,0,-0.11,-0.22,-0.11
2011-07-13 02:15:01,0.15028150134,0.0,0,-0.11,-0.22,-0.11
2011-07-13 03:15:01,0.133869463869,0.0,0,-0.11,-0.22,-0.11
2011-07-13 04:15:01,0.132169715447,0.0,0,-0.11,-0.22,-0.11
2011-07-13 05:15:01,0.129479535119,0.0,0,-0.11,-0.22,-0.11
2011-07-13 06:15:01,0.139127906977,0.0,0,-0.11,-0.22,-0.11
2011-07-13 07:15:01,0.15101424979,0.0,0,-0.11,-0.22,-0.11
2011-07-13 08:15:01,0.175512010114,0.0,0,-0.11,-0.22,-0.11
2011-07-13 09:15:01,0.175958646617,0.0,1,1.0,1.0,1.0
2011-07-13 10:15:01,0.169254237288,0.0,1,0.9986127948543186,0.9986127948543186,0.9986127948543186
2011-07-13 11:15:01,0.228617021277,0.0,1,0.9970849143538508,0.9970849143538508,0.9970849143538509
2011-07-13 12:15:01,0.258172588832,0.0,1,0.995402341785459,0.995402341785459,0.995402341785459
2011-07-13 13:15:01,0.213432432432,0.0,1,0.9935497171657364,0.9935497171657364,0.9935497171657365
2011-07-13 14:15:01,0.105857142857,0.0,1,0.9915102199564424,0.9915102199564424,0.9915102199564425
2011-07-13 15:15:01,0.158034006376,0.0,1,0.9892654440326626,0.9892654440326626,0.9892654440326626
2011-07-13 16:15:01,0.140938438438,0.0,1,0.986795264967672,0.9867952649676719,0.986795264967672
2011-07-13 17:15:01,0.150185799602,0.0,1,0.9840776998668066,0.9840776998668066,0.9840776998668066
2011-07-13 18:15:01,0.132851669403,0.0,1,0.9810887601954399,0.98108876019544,0.9810887601954399
2011-07-13 19:15:01,0.13836593785999998,0.0,1,0.9778022983113978,0.9778022983113978,0.9778022983113978
2011-07-13 20:15:01,0.151510282776,0.0,1,0.9741898487386584,0.9741898487386584,0.9741898487386584
2011-07-13 21:15:01,0.159337270341,0.0,1,0.9702204656166424,0.9702204656166424,0.9702204656166425
2011-07-13 22:15:01,0.121835268104,0.0,1,0.9658605582379192,0.9658605582379192,0.9658605582379192
2011-07-13 23:15:01,0.145459795646,0.0,1,0.9610737271572142,0.961073727157214,0.9610737271572141
2011-07-14 00:15:01,0.131162561576,0.0,1,0.9558206040263488,0.9558206040263488,0.9558206040263488
2011-07-14 01:15:01,0.120149253731,0.0,1,0.9500586990924632,0.9500586990924632,0.9500586990924632
2011-07-14 02:15:01,0.104272493573,0.0,1,0.9437422611978667,0.9437422611978667,0.9437422611978669
2011-07-14 03:15:01,0.0982119360902,0.0,1,0.9368221561433312,0.9368221561433312,0.9368221561433312
2011-07-14 04:15:01,0.0969272030651,0.0,1,0.9292457704217196,0.9292457704217196,0.9292457704217196
2011-07-14 05:15:01,0.0977994011976,0.0,1,0.9209569485878404,0.9209569485878404,0.9209569485878404
2011-07-14 06:15:01,0.0942741935484,0.0,1,0.9118959738857296,0.9118959738857296,0.9118959738857295
2011-07-14 07:15:01,0.13711435149700002,0.0,1,0.9019996031760736,0.9019996031760736,0.9019996031760737
2011-07-14 08:15:01,0.110455341506,0.0,1,0.8912011686474979,0.8912011686474979,0.891201168647498
2011-07-14 09:15:01,0.132583201268,0.0,1,0.8794307601893278,0.8794307601893278,0.8794307601893278
2011-07-14 10:15:01,0.905384615385,0.0,1,0.8666155035591863,0.8666155035591863,0.8666155035591863
2011-07-14 11:15:01,0.929024390244,0.0,1,0.8526799504779677,0.8526799504779677,0.8526799504779677
2011-07-14 12:15:01,0.080628742515,0.0,1,0.8375465973782311,0.8375465973782311,0.8375465973782311
2011-07-14 13:15:01,0.234353982301,0.0,1,0.8211365495396461,0.8211365495396461,0.8211365495396461
2011-07-14 14:15:01,0.219498480243,0.2735164190711321,1,0.8033703465568997,0.8033703465568997,0.8033703465568997
2011-07-14 15:15:01,0.109202453988,0.2756121847694265,1,0.78416896326783,0.78416896326783,0.78416896326783
2011-07-14 16:15:01,0.14149825784000006,0.2445318708089223,1,0.7634549971765241,0.7634549971765241,0.763454997176524
2011-07-14 17:15:01,0.140991957105,0.2452285592787089,1,0.7411540487971052,0.7411540487971052,0.7411540487971052
2011-07-14 18:15:01,0.109823451033,0.2757489782066705,1,0.7171962950099681,0.7171962950099681,0.7171962950099681
2011-07-14 19:15:01,0.105365853659,0.2804228188787345,1,0.6915182473196357,0.6915182473196357,0.6915182473196357
2011-07-14 20:15:01,0.115941305027,0.26989280976626706,1,0.664064676796152,0.664064676796152,0.664064676796152
2011-07-14 21:15:01,0.100774410774,0.2854672999331018,1,0.6347906755879529,0.6347906755879529,0.6347906755879529
2011-07-14 22:15:01,0.11730255164,0.2688046728439496,1,0.6036638115339104,0.6036638115339104,0.6036638115339104
2011-07-14 23:15:01,0.0914271151886,0.29555644647634965,1,0.5706663181398269,0.5706663181398269,0.5706663181398269
2011-07-15 00:15:01,0.0999763942166,0.2866320365049522,1,0.5357972478545596,0.5357972478545596,0.5357972478545596
2011-07-15 01:15:01,0.12420043573,0.2621933408274508,1,0.4990745032881272,0.4990745032881272,0.4990745032881272
2011-07-15 02:15:01,0.106020898051,0.28031828385562896,1,0.4605366500964718,0.4605366500964718,0.4605366500964718
2011-07-15 03:15:01,0.10282315428,0.2834151035896909,1,0.4202444082025261,0.4202444082025261,0.42024440820252607
2011-07-15 04:15:01,0.0991451117931,0.2870906910304381,1,0.3782817163337285,0.3782817163337285,0.3782817163337285
2011-07-15 05:15:01,0.0938920262028,0.29239836011367104,1,0.3347562698705901,0.3347562698705901,0.3347562698705901
2011-07-15 06:15:01,0.11195137556,0.27388067001522626,1,0.2897994446825681,0.2897994446825681,0.2897994446825681
2011-07-15 07:15:01,0.0975516449885,0.2886600608630409,1,0.2435655403492701,0.24356554034927014,0.24356554034927017
2011-07-15 08:15:01,0.113910293272,0.27202033719705826,1,0.1962303045264593,0.1962303045264593,0.19623030452645926
2011-07-15 09:15:01,0.134588969823,0.2519327950888288,1,0.14798873493344167,0.14798873493344167,0.14798873493344167
2011-07-15 10:15:01,0.146608863198,0.2407669197349049,1,0.09905219434339976,0.09905219434339976,0.09905219434339975
2011-07-15 11:15:01,0.156511627907,0.2316088829931093,1,0.049644914133534834,0.049644914133534834,0.049644914133534834
2011-07-15 12:15:01,0.21465408805,0.2675521443184481,0,-0.005495421245366803,-0.010990842490733605,-0.005495421245366803
2011-07-15 13:15:01,0.224078014184,0.277591039924178,0,-0.010963479408745123,-0.02192695881749025,-0.010963479408745124
2011-07-15 14:15:01,0.154351648352,0.2328272179959646,0,-0.016377353698564974,-0.03275470739712995,-0.016377353698564974
2011-07-15 15:15:01,0.109958868895,0.2772734248618119,0,-0.02171128522473944,-0.04342257044947888,-0.02171128522473944
2011-07-15 16:15:01,0.137310679612,0.2484871137194697,0,-0.02694105286440801,-0.05388210572881602,-0.02694105286440801
2011-07-15 17:15:01,0.109104735569,0.2781047691906248,0,-0.032044387369675,-0.06408877473935,-0.032044387369675
2011-07-15 18:15:01,0.0982808798646,0.2898603045909005,0,-0.03700130987699654,-0.07400261975399308,-0.03700130987699654
2011-07-15 19:15:01,0.11754552352,0.2687429685690228,0,-0.04179438584807474,-0.08358877169614948,-0.04179438584807474
2011-07-15 20:15:01,0.0889911655742,0.29998339892242104,0,-0.04640889057750087,-0.09281778115500174,-0.04640889057750087
2011-07-15 21:15:01,0.11289904502,0.2733883158290795,0,-0.05083288729860108,-0.10166577459720216,-0.050832887298601075
2011-07-15 22:15:01,0.101403390969,0.2856414585453792,0,-0.055057223230925885,-0.11011444646185177,-0.05505722323092589
2011-07-15 23:15:01,0.0668030888031,0.32492803112817004,0,-0.059075452369783885,-0.11815090473956776,-0.059075452369783885
2011-07-16 00:15:01,0.121771653543,0.263271001830411,0,-0.0628836962693629,-0.1257673925387258,-0.0628836962693629
2011-07-16 01:15:01,0.131725858527,0.2529067848694533,0,-0.066480455482888,-0.132960910965776,-0.066480455482888
2011-07-16 02:15:01,0.133956783564,0.25037346273474,0,-0.06986638476260161,-0.13973276952520322,-0.06986638476260161
2011-07-16 03:15:01,0.117522584177,0.2668627860277961,0,-0.07304404472946338,-0.14608808945892676,-0.07304404472946338
2011-07-16 04:15:01,0.112670327435,0.2715559078228807,0,-0.07601764168162238,-0.15203528336324476,-0.07601764168162238
2011-07-16 05:15:01,0.0972860935266,0.2881622879525876,0,-0.07879276572189269,-0.15758553144378534,-0.07879276572189269
2011-07-16 06:15:01,0.0980245649949,0.2869003111206315,0,-0.08137613564014047,-0.16275227128028094,-0.08137613564014047
2011-07-16 07:15:01,0.0919003404519,0.2935292780196043,0,-0.08377535715513414,-0.16755071431026827,-0.08377535715513414
2011-07-16 08:15:01,0.116577801959,0.2663699715332977,0,-0.08599869933696516,-0.17199739867393032,-0.08599869933696516
2011-07-16 09:15:01,0.128799102132,0.2532863718841989,0,-0.08805489239366927,-0.17610978478733855,-0.08805489239366927
2011-07-16 10:15:01,0.16840707964600002,0.2307502057138305,0,-0.08995294857673165,-0.1799058971534633,-0.08995294857673165
2011-07-16 11:15:01,0.182575757576,0.24452029450014584,0,-0.09170200677133708,-0.18340401354267416,-0.09170200677133708
2011-07-16 12:15:01,0.189291338583,0.251188795679121,0,-0.09331120039532642,-0.18662240079065284,-0.09331120039532642
2011-07-16 13:15:01,0.23812039312,0.3039891009605178,0,-0.0947895475244637,-0.1895790950489274,-0.0947895475244637
2011-07-16 14:15:01,0.115591182365,0.2674948098378626,0,-0.09614586166746077,-0.19229172333492156,-0.09614586166746077
2011-07-16 15:15:01,0.107126168224,0.276170000965469,0,-0.09738868130224887,-0.19477736260449774,-0.09738868130224888
2011-07-16 16:15:01,0.141284296556,0.2403362855312731,0,-0.0985262161227481,-0.1970524322454962,-0.0985262161227481
2011-07-16 17:15:01,0.0946594481313,0.28955416317950045,0,-0.0995663079009353,-0.1991326158018706,-0.0995663079009353
2011-07-16 18:15:01,0.0942366412214,0.29002913804423325,0,-0.10051640391296104,-0.2010328078259221,-0.10051640391296104
2011-07-16 19:15:01,0.127298161471,0.2542159704344181,0,-0.10138354098471183,-0.2027670819694237,-0.10138354098471185
2011-07-16 22:15:01,0.102792036694,0.2802072819259344,0,-0.10217433836002003,-0.2043486767200401,-0.10217433836002004
2011-07-16 23:15:01,0.113004797209,0.26891586864226863,0,-0.10289499776634088,-0.20578999553268176,-0.10289499776634088
2011-07-17 00:15:01,0.0771113306983,0.3086428575905831,0,-0.1035513092347016,-0.20710261846940325,-0.10355130923470161
2011-07-17 01:15:01,0.120816471424,0.26007744672331823,0,-0.10414866141308952,-0.20829732282617905,-0.10414866141308951
2011-07-17 02:15:01,0.122554900911,0.2581057519037625,0,-0.10469205528811278,-0.20938411057622555,-0.10469205528811278
2011-07-17 03:15:01,0.114484643415,0.2662769954916614,0,-0.1051861203940513,-0.2103722407881026,-0.1051861203940513
2011-07-17 04:15:01,0.114307578376,0.2659505950006185,0,-0.10563513273850296,-0.2112702654770059,-0.10563513273850295
2011-07-17 05:15:01,0.0993754182467,0.2818563660578368,0,-0.10604303380833986,-0.21208606761667967,-0.10604303380833986
2011-07-17 06:15:01,0.0992132564841,0.28151813938032394,0,-0.106413450138283,-0.212826900276566,-0.10641345013828299
2011-07-17 07:15:01,0.0986905187835,0.2818243679432499,0,-0.10674971302747993,-0.21349942605495986,-0.10674971302747993
2011-07-17 08:15:01,0.135389090909,0.2420527002765073,0,-0.10705487807791376,-0.2141097561558275,-0.10705487807791375
2011-07-17 09:15:01,0.121842385517,0.2560617984573637,0,-0.10733174430345968,-0.21466348860691933,-0.10733174430345967
2011-07-17 10:15:01,0.16732251521299998,0.2349741659749406,0,-0.1075828726212695,-0.21516574524253898,-0.1075828726212695
2011-07-17 11:15:01,0.17,0.2375308521622217,0,-0.10781060358928106,-0.21562120717856206,-0.10781060358928106
2011-07-17 12:15:01,0.183907563025,0.2517557655073013,0,-0.10801707429637347,-0.21603414859274692,-0.10801707429637347
2011-07-17 13:15:01,0.132602230483,0.2451071990541135,0,-0.10820423434630484,-0.21640846869260968,-0.10820423434630483
2011-07-17 14:15:01,0.161038575668,0.2284936449649617,0,-0.10837386090425796,-0.21674772180851595,-0.10837386090425796
2011-07-17 15:15:01,0.17799580272799995,0.2456042202805921,0,-0.10852757279665734,-0.21705514559331468,-0.10852757279665734
2011-07-17 16:15:01,0.0952519762846,0.2852880902179192,0,-0.10866684367185148,-0.21733368734370295,-0.10866684367185149
2011-07-17 17:15:01,0.127944685466,0.24921989423743604,0,-0.10879301424212093,-0.21758602848424186,-0.10879301424212091
2011-07-17 18:15:01,0.0854723346829,0.2957759900648084,0,-0.10890730363698746,-0.21781460727397486,-0.10890730363698746
2011-07-17 19:15:01,0.11407226959,0.2636663215094815,0,-0.10901081990459294,-0.21802163980918587,-0.10901081990459294
2011-07-17 20:15:01,0.113168660749,0.2645406985421709,0,-0.10910456970250283,-0.2182091394050057,-0.10910456970250285
2011-07-17 21:15:01,0.08552383755149999,0.2952970949270254,0,-0.10918946722212408,-0.21837893444424816,-0.10918946722212408
2011-07-17 22:15:01,0.10865648855,0.2689950728490904,0,-0.10926634239236906,-0.2185326847847381,-0.10926634239236906
2011-07-17 23:15:01,0.100094339623,0.2783046498547523,0,-0.10933594840856414,-0.2186718968171283,-0.10933594840856414
2011-07-18 00:15:01,0.0750572519084,0.3067349345522624,0,-0.10939896863213756,-0.21879793726427516,-0.10939896863213756
2011-07-18 01:15:01,0.113049555273,0.26346010537292536,0,-0.10945602290554036,-0.2189120458110807,-0.10945602290554035
2011-07-18 02:15:01,0.10868286445,0.268034844182184,0,-0.1095076733253192,-0.2190153466506384,-0.1095076733253192
2011-07-18 03:15:01,0.107530656408,0.26894270131440784,0,-0.10955442951440902,-0.21910885902881805,-0.10955442951440902
2011-07-18 04:15:01,0.0980018103643,0.2791798071799353,0,-0.1095967534326516,-0.2191935068653032,-0.10959675343265159
2011-07-18 05:15:01,0.09244082519,0.28533732605073714,0,-0.10963506376236164,-0.21927012752472327,-0.10963506376236164
2011-07-18 06:15:01,0.0976024705222,0.27888581609825075,0,-0.10966973990351786,-0.21933947980703566,-0.10966973990351786
2011-07-18 07:15:01,0.100740474479,0.27474109548184383,0,-0.10970112561090564,-0.21940225122181128,-0.10970112561090563
2011-07-18 08:15:01,0.141909246575,0.22948348645511504,0,-0.10972953230331896,-0.21945906460663794,-0.10972953230331897
2011-07-18 09:15:01,0.13353437877,0.2382817366821381,0,-0.10975524207277072,-0.21951048414554145,-0.10975524207277072
2011-07-18 10:15:01,0.14354910714299998,0.2280221480891617,0,-0.10977851041958116,-0.21955702083916231,-0.10977851041958116
2011-07-18 11:15:01,0.169227941176,0.2436896398638525,0,-0.10979956873723186,-0.21959913747446366,-0.10979956873723186
2011-07-18 12:15:01,0.243670411985,0.33138138126430844,0,-0.10981862656899236,-0.21963725313798474,-0.10981862656899237
2011-07-18 13:15:01,0.189020501139,0.2646371930532173,0,-0.10983587365655594,-0.21967174731311187,-0.10983587365655594
2011-07-18 14:15:01,0.105336990596,0.2707281841513983,0,-0.10985148179926076,-0.2197029635985216,-0.10985148179926078
2011-07-18 15:15:01,0.165525629887,0.238727144494092,0,-0.10986560654092443,-0.21973121308184887,-0.10986560654092443
2011-07-18 16:15:01,0.115012,0.2595738250566185,0,-0.1098783886998768,-0.2197567773997536,-0.1098783886998768
2011-07-18 17:15:01,0.146530892449,0.2256681804890941,0,-0.1098899557564425,-0.219779911512885,-0.1098899557564425
2011-07-18 18:15:01,0.101555815998,0.27463776215116875,0,-0.10990042311088707,-0.21980084622177412,-0.10990042311088707
2011-07-18 19:15:01,0.101369179601,0.2748553778031003,0,-0.10990989522370308,-0.21981979044740613,-0.10990989522370308
2011-07-18 20:15:01,0.121463660834,0.2523022495566786,0,-0.1099184666490622,-0.2198369332981244,-0.1099184666490622
2011-07-18 21:15:01,0.111030521825,0.2640049336880161,0,-0.10992622297129738,-0.2198524459425948,-0.10992622297129738
2011-07-18 22:15:01,0.0851863041289,0.2942899106560657,0,-0.10993324165339363,-0.21986648330678726,-0.10993324165339363
2011-07-18 23:15:01,0.103551431268,0.2725211553100829,0,-0.10993959280565772,-0.21987918561131545,-0.10993959280565771
2011-07-19 00:15:01,0.0929201902748,0.2849300320801817,0,-0.10994533988199534,-0.21989067976399068,-0.10994533988199534
2011-07-19 01:15:01,0.122923861852,0.2507640470788007,0,-0.10995054031054867,-0.21990108062109734,-0.10995054031054868
2011-07-19 02:15:01,0.114818885836,0.25985122857305354,0,-0.10995524606482786,-0.2199104921296557,-0.10995524606482786
2011-07-19 03:15:01,0.103286152394,0.27277017288934075,0,-0.10995950418090804,-0.21991900836181608,-0.10995950418090804
2011-07-19 04:15:01,0.10365589111,0.2720777824257089,0,-0.10996335722574901,-0.219926714451498,-0.10996335722574899
2011-07-19 05:15:01,0.0857643665409,0.2927019072032053,0,-0.10996684372122684,-0.2199336874424537,-0.10996684372122685
2011-07-19 06:15:01,0.0895652173913,0.2876454786809345,0,-0.10996999852804253,-0.21993999705608505,-0.10996999852804251
2011-07-19 07:15:01,0.096072319202,0.2798335302042571,0,-0.10997285319328302,-0.21994570638656605,-0.10997285319328302
2011-07-19 08:15:01,0.127231060606,0.24462829417787155,0,-0.1099754362650615,-0.21995087253012302,-0.1099754362650615
2011-07-19 09:15:01,0.134073033708,0.2373864316467929,1,1.0,1.0,1.0
2011-07-19 10:15:01,0.17283854166700002,0.2481431934333896,1,0.9986127948543186,0.9986127948543186,0.9986127948543186
2011-07-19 11:15:01,0.188893617021,0.26579142549801754,1,0.9970849143538508,0.9970849143538508,0.9970849143538509
2011-07-19 12:15:01,0.2149609375,0.2960433921621298,1,0.995402341785459,0.995402341785459,0.995402341785459
2011-07-19 13:15:01,0.08611926605499999,0.2925840050885717,1,0.9935497171657364,0.9935497171657364,0.9935497171657365
2011-07-19 14:15:01,0.196617647059,0.2739305437961218,1,0.9915102199564424,0.9915102199564424,0.9915102199564425
2011-07-19 15:15:01,0.166262265834,0.23990742896043285,1,0.9892654440326626,0.9892654440326626,0.9892654440326626
2011-07-19 16:15:01,0.111147058824,0.2637705475763091,1,0.986795264967672,0.9867952649676719,0.986795264967672
2011-07-19 17:15:01,0.07254535459039999,0.3092337467041659,1,0.9840776998668066,0.9840776998668066,0.9840776998668066
2011-07-19 18:15:01,0.121498605022,0.2518064996334783,1,0.9810887601954399,0.98108876019544,0.9810887601954399
2011-07-19 19:15:01,0.0848130968622,0.2942183811478235,1,0.9778022983113978,0.9778022983113978,0.9778022983113978
2011-07-19 20:15:01,0.111433962264,0.2631166236821844,1,0.9741898487386584,0.9741898487386584,0.9741898487386584
2011-07-19 21:15:01,0.05669386169390001,0.32926917571643416,1,0.9702204656166424,0.9702204656166424,0.9702204656166425
2011-07-19 22:15:01,0.102495905667,0.2731580980752056,1,0.9658605582379192,0.9658605582379192,0.9658605582379192
2011-07-19 23:15:01,0.0980136286201,0.2783575644471316,1,0.9610737271572142,0.961073727157214,0.9610737271572141
2011-07-20 00:15:01,0.07167464114830001,0.3101132700107531,1,0.9558206040263488,0.9558206040263488,0.9558206040263488
2011-07-20 01:15:01,0.11152,0.2626575229899267,1,0.9500586990924632,0.9500586990924632,0.9500586990924632
2011-07-20 02:15:01,0.107303370787,0.2673086791073708,1,0.9437422611978667,0.9437422611978667,0.9437422611978669
2011-07-20 03:15:01,0.105507749248,0.2693005521414897,1,0.9368221561433312,0.9368221561433312,0.9368221561433312
2011-07-20 04:15:01,0.0979197530864,0.27786438987008144,1,0.9292457704217196,0.9292457704217196,0.9292457704217196
2011-07-20 05:15:01,0.088651636679,0.2888790830571464,1,0.9209569485878404,0.9209569485878404,0.9209569485878404
2011-07-20 06:15:01,0.0995587781549,0.2755811805244645,1,0.9118959738857296,0.9118959738857296,0.9118959738857295
2011-07-20 07:15:01,0.102501797268,0.27191419603425737,1,0.9019996031760736,0.9019996031760736,0.9019996031760737
2011-07-20 08:15:01,0.0975115030675,0.2776464748135569,1,0.8912011686474979,0.8912011686474979,0.891201168647498
2011-07-20 09:15:01,0.128932038835,0.24262951406633315,1,0.8794307601893278,0.8794307601893278,0.8794307601893278
2011-07-20 10:15:01,0.989074074074,0.9739764797282529,1,0.8666155035591863,0.8666155035591863,0.8666155035591863
2011-07-20 11:15:01,1.034,0.9612515517426768,1,0.8526799504779677,0.8526799504779677,0.8526799504779677
2011-07-20 12:15:01,0.07201958384330001,0.2931022122143388,1,0.8375465973782311,0.8375465973782311,0.8375465973782311
2011-07-20 13:15:01,0.224376528117,0.2819717804968788,1,0.8211365495396461,0.8211365495396461,0.8211365495396461
2011-07-20 14:15:01,0.168371501272,0.23359775895530155,1,0.8033703465568997,0.8033703465568997,0.8033703465568997
2011-07-20 15:15:01,0.150963748895,0.22567906874906185,1,0.78416896326783,0.78416896326783,0.78416896326783
2011-07-20 16:15:01,0.0972506619594,0.2707176861482828,1,0.7634549971765241,0.7634549971765241,0.763454997176524
2011-07-20 17:15:01,0.0928123874685,0.27467322553591506,1,0.7411540487971052,0.7411540487971052,0.7411540487971052
2011-07-20 18:15:01,0.120405991328,0.2506303739439255,1,0.7171962950099681,0.7171962950099681,0.7171962950099681
2011-07-20 19:15:01,0.0833705114255,0.28322465411370873,1,0.6915182473196357,0.6915182473196357,0.6915182473196357
2011-07-20 20:15:01,0.104474854601,0.26428548719423645,1,0.664064676796152,0.664064676796152,0.664064676796152
2011-07-20 21:15:01,0.0879897473453,0.27898891947779203,1,0.6347906755879529,0.6347906755879529,0.6347906755879529
2011-07-20 22:15:01,0.0907471264368,0.2763565421713028,1,0.6036638115339104,0.6036638115339104,0.6036638115339104
2011-07-20 23:15:01,0.100397071872,0.2677454187771778,1,0.5706663181398269,0.5706663181398269,0.5706663181398269
2011-07-21 00:15:01,0.0518366500829,0.3124385843926604,1,0.5357972478545596,0.5357972478545596,0.5357972478545596
2011-07-21 01:15:01,0.105611555009,0.26274427416978297,1,0.4990745032881272,0.4990745032881272,0.4990745032881272
2011-07-21 02:15:01,0.106565029682,0.2616716090492418,1,0.4605366500964718,0.4605366500964718,0.4605366500964718
2011-07-21 03:15:01,0.09680931107449996,0.2697841769100392,1,0.4202444082025261,0.4202444082025261,0.42024440820252607
2011-07-21 04:15:01,0.0909211618257,0.2746119839931915,1,0.3782817163337285,0.3782817163337285,0.3782817163337285
2011-07-21 05:15:01,0.0922848129788,0.27307257124972234,1,0.3347562698705901,0.3347562698705901,0.3347562698705901
2011-07-21 06:15:01,0.0945566361556,0.2708849529904813,1,0.2897994446825681,0.2897994446825681,0.2897994446825681
2011-07-21 07:15:01,0.0911229188806,0.27380804243535434,1,0.2435655403492701,0.24356554034927014,0.24356554034927017
2011-07-21 08:15:01,0.0957755359395,0.26958000300730883,1,0.1962303045264593,0.1962303045264593,0.19623030452645926
2011-07-21 09:15:01,0.124945205479,0.24451382140556785,1,0.14798873493344167,0.14798873493344167,0.14798873493344167
2011-07-21 10:15:01,0.135218579235,0.2359707354940577,1,0.09905219434339976,0.09905219434339976,0.09905219434339975
2011-07-21 11:15:01,0.137637795276,0.23382745935765345,1,0.049644914133534834,0.049644914133534834,0.049644914133534834
2011-07-21 12:15:01,0.140516304348,0.23151701744702266,0,-0.005495421245366803,-0.010990842490733605,-0.005495421245366803
2011-07-21 13:15:01,0.180166270784,0.2456925279873331,0,-0.010963479408745123,-0.02192695881749025,-0.010963479408745124
2011-07-21 14:15:01,0.19986631016,0.26224576063547633,0,-0.016377353698564974,-0.03275470739712995,-0.016377353698564974
2011-07-21 15:15:01,0.101,0.2650020055009981,0,-0.02171128522473944,-0.04342257044947888,-0.02171128522473944
2011-07-21 16:15:01,0.127293785311,0.2425535318195179,0,-0.02694105286440801,-0.05388210572881602,-0.02694105286440801
2011-07-21 17:15:01,0.0959362254357,0.26935758027006257,0,-0.032044387369675,-0.06408877473935,-0.032044387369675
2011-07-21 18:15:01,0.142176870748,0.2304074316197527,0,-0.03700130987699654,-0.07400261975399308,-0.03700130987699654
2011-07-21 22:15:01,0.0933480364257,0.2715175685052397,0,-0.04179438584807474,-0.08358877169614948,-0.04179438584807474
2011-07-22 00:15:01,0.07802545155989997,0.2852348175412373,0,-0.04640889057750087,-0.09281778115500174,-0.04640889057750087
2011-07-22 01:15:01,0.0975723763571,0.2673473530926068,0,-0.05083288729860108,-0.10166577459720216,-0.050832887298601075
2011-07-22 02:15:01,0.0951793248945,0.2693296754548989,0,-0.055057223230925885,-0.11011444646185177,-0.05505722323092589
2011-07-22 03:15:01,0.0936876609693,0.2704248537875313,0,-0.059075452369783885,-0.11815090473956776,-0.059075452369783885
2011-07-22 04:15:01,0.08655225185830001,0.2768280479834801,0,-0.0628836962693629,-0.1257673925387258,-0.0628836962693629
2011-07-22 05:15:01,0.08980806979280001,0.27351208703369084,0,-0.066480455482888,-0.132960910965776,-0.066480455482888
2011-07-22 06:15:01,0.0996096440873,0.2642214205785947,0,-0.06986638476260161,-0.13973276952520322,-0.06986638476260161
2011-07-22 07:15:01,0.111351351351,0.2535307806236598,0,-0.07304404472946338,-0.14608808945892676,-0.07304404472946338
2011-07-22 08:15:01,0.0980949241925,0.2652103540092952,0,-0.07601764168162238,-0.15203528336324476,-0.07601764168162238
2011-07-22 09:15:01,0.11395049505,0.2508961901884685,0,-0.07879276572189269,-0.15758553144378534,-0.07879276572189269
2011-07-22 10:15:01,0.107567567568,0.25597648630665226,0,-0.08137613564014047,-0.16275227128028094,-0.08137613564014047
2011-07-22 11:15:01,0.13404494382,0.2332392759218929,0,-0.08377535715513414,-0.16755071431026827,-0.08377535715513414
2011-07-22 12:15:01,0.192386363636,0.261280244025313,0,-0.08599869933696516,-0.17199739867393032,-0.08599869933696516
2011-07-22 13:15:01,0.198952380952,0.26723441957692723,0,-0.08805489239366927,-0.17610978478733855,-0.08805489239366927
2011-07-22 14:15:01,0.117111731844,0.2476779388052443,0,-0.08995294857673165,-0.1799058971534633,-0.08995294857673165
2011-07-22 15:15:01,0.124281391831,0.2413970863406465,0,-0.09170200677133708,-0.18340401354267416,-0.09170200677133708
2011-07-22 16:15:01,0.110217261905,0.2535618841663313,0,-0.09331120039532642,-0.18662240079065284,-0.09331120039532642
2011-07-22 17:15:01,0.0943178294574,0.2674760750975534,0,-0.0947895475244637,-0.1895790950489274,-0.0947895475244637
2011-07-22 18:15:01,0.0908305136881,0.2702454975727032,0,-0.09614586166746077,-0.19229172333492156,-0.09614586166746077
2011-07-22 19:15:01,0.123542435424,0.2410254606228061,0,-0.09738868130224887,-0.19477736260449774,-0.09738868130224888
2011-07-22 20:15:01,0.104650176678,0.2572725523859681,0,-0.0985262161227481,-0.1970524322454962,-0.0985262161227481
2011-07-22 21:15:01,0.0914649470899,0.2689580893613522,0,-0.0995663079009353,-0.1991326158018706,-0.0995663079009353
2011-07-22 22:15:01,0.07267491670630001,0.2863929595908796,0,-0.10051640391296104,-0.2010328078259221,-0.10051640391296104
2011-07-22 23:15:01,0.0800471698113,0.279221062243648,0,-0.10138354098471183,-0.2027670819694237,-0.10138354098471185
2011-07-23 03:15:01,0.0989130434783,0.2617898956244573,0,-0.10217433836002003,-0.2043486767200401,-0.10217433836002004
2011-07-23 05:15:01,0.0907375415282,0.2690283611802597,0,-0.10289499776634088,-0.20578999553268176,-0.10289499776634088
2011-07-23 06:15:01,0.091341209173,0.2683789942170909,0,-0.1035513092347016,-0.20710261846940325,-0.10355130923470161
2011-07-23 07:15:01,0.0971321424689,0.2627469266240325,0,-0.10414866141308952,-0.20829732282617905,-0.10414866141308951
2011-07-23 08:15:01,0.08195749440719999,0.2761869797255969,0,-0.10469205528811278,-0.20938411057622555,-0.10469205528811278
2011-07-23 11:15:01,0.151049822064,0.2289784749214528,0,-0.1051861203940513,-0.2103722407881026,-0.1051861203940513
2011-07-23 12:15:01,0.101444108761,0.2578761372373333,0,-0.10563513273850296,-0.2112702654770059,-0.10563513273850295
2011-07-23 13:15:01,0.22393220339000008,0.2955115362174153,0,-0.10604303380833986,-0.21208606761667967,-0.10604303380833986
2011-07-23 14:15:01,0.187859375,0.2621339708466191,0,-0.106413450138283,-0.212826900276566,-0.10641345013828299
2011-07-23 15:15:01,0.109003601441,0.25041633286417325,0,-0.10674971302747993,-0.21349942605495986,-0.10674971302747993
2011-07-23 16:15:01,0.143954983923,0.2249117952008478,0,-0.10705487807791376,-0.2141097561558275,-0.10705487807791375
2011-07-23 17:15:01,0.12595705968,0.235127472415492,0,-0.10733174430345968,-0.21466348860691933,-0.10733174430345967
2011-07-23 18:15:01,0.0987919684003,0.25862061368573497,0,-0.1075828726212695,-0.21516574524253898,-0.1075828726212695
2011-07-23 19:15:01,0.110153005464,0.2483135687063168,0,-0.10781060358928106,-0.21562120717856206,-0.10781060358928106
2011-07-23 20:15:01,0.08966106218310001,0.26665169123367005,0,-0.10801707429637347,-0.21603414859274692,-0.10801707429637347
2011-07-23 21:15:01,0.0941915782707,0.2623079996432247,0,-0.10820423434630484,-0.21640846869260968,-0.10820423434630483
2011-07-23 22:15:01,0.081140782992,0.27414600538606665,0,-0.10837386090425796,-0.21674772180851595,-0.10837386090425796
2011-07-23 23:15:01,0.0916932341481,0.26415771968046936,0,-0.10852757279665734,-0.21705514559331468,-0.10852757279665734
2011-07-24 00:15:01,0.0639505347594,0.29006091460118705,0,-0.10866684367185148,-0.21733368734370295,-0.10866684367185149
2011-07-24 01:15:01,0.160633111744,0.2406301189760247,0,-0.10879301424212093,-0.21758602848424186,-0.10879301424212091
2011-07-24 02:15:01,0.12546644388699998,0.2340471238220624,0,-0.10890730363698746,-0.21781460727397486,-0.10890730363698746
2011-07-24 03:15:01,0.0974852941176,0.25843735202832485,0,-0.10901081990459294,-0.21802163980918587,-0.10901081990459294
2011-07-24 04:15:01,0.08418484635230003,0.2704431964472209,0,-0.10910456970250283,-0.2182091394050057,-0.10910456970250285
2011-07-24 05:15:01,0.0834014921249,0.2709853453273885,0,-0.10918946722212408,-0.21837893444424816,-0.10918946722212408
2011-07-24 06:15:01,0.09347487615,0.2615334809155904,0,-0.10926634239236906,-0.2185326847847381,-0.10926634239236906
2011-07-24 07:15:01,0.0934822546973,0.26136723246139115,0,-0.10933594840856414,-0.2186718968171283,-0.10933594840856414
2011-07-24 08:15:01,0.100685785536,0.25469642442148044,0,-0.10939896863213756,-0.21879793726427516,-0.10939896863213756
2011-07-24 09:15:01,0.121064162754,0.23687023551284056,0,-0.10945602290554036,-0.2189120458110807,-0.10945602290554035
2011-07-24 10:15:01,0.118303797468,0.2391745597704664,0,-0.1095076733253192,-0.2190153466506384,-0.1095076733253192
2011-07-24 11:15:01,0.147348484848,0.23076300605604025,0,-0.10955442951440902,-0.21910885902881805,-0.10955442951440902
2011-07-24 12:15:01,0.200819672131,0.28006356704191804,0,-0.1095967534326516,-0.2191935068653032,-0.10959675343265159
2011-07-24 13:15:01,0.180408805031,0.26150467338775224,0,-0.10963506376236164,-0.21927012752472327,-0.10963506376236164
2011-07-24 14:15:01,0.178045454545,0.2599284583280005,0,-0.10966973990351786,-0.21933947980703566,-0.10966973990351786
2011-07-24 15:15:01,0.11107954545499996,0.243617231505227,0,-0.10970112561090564,-0.21940225122181128,-0.10970112561090563
2011-07-24 16:15:01,0.100021130481,0.2533544811832962,0,-0.10972953230331896,-0.21945906460663794,-0.10972953230331897
2011-07-24 17:15:01,0.0987787954482,0.2543075092090975,0,-0.10975524207277072,-0.21951048414554145,-0.10975524207277072
2011-07-24 18:15:01,0.08489361702130001,0.2670861697585005,0,-0.10977851041958116,-0.21955702083916231,-0.10977851041958116
2011-07-24 19:15:01,0.0947592385218,0.2578247955550001,0,-0.10979956873723186,-0.21959913747446366,-0.10979956873723186
2011-07-24 20:15:01,0.0863389953018,0.2656896597578091,0,-0.10981862656899236,-0.21963725313798474,-0.10981862656899237
2011-07-24 21:15:01,0.0907282693814,0.2615393515637298,0,-0.10983587365655594,-0.21967174731311187,-0.10983587365655594
2011-07-24 22:15:01,0.0922506393862,0.260133234957003,0,-0.10985148179926076,-0.2197029635985216,-0.10985148179926078
2011-07-24 23:15:01,0.08250871080139999,0.2692567505836069,0,-0.10986560654092443,-0.21973121308184887,-0.10986560654092443
2011-07-25 00:15:01,0.08509397278030001,0.2667655490193069,0,-0.1098783886998768,-0.2197567773997536,-0.1098783886998768
2011-07-25 01:15:01,0.146365663322,0.2327125689499946,0,-0.1098899557564425,-0.219779911512885,-0.1098899557564425
2011-07-25 02:15:01,0.107725210629,0.2460728446731649,0,-0.10990042311088707,-0.21980084622177412,-0.10990042311088707
2011-07-25 03:15:01,0.114809228039,0.2397359091614309,0,-0.10990989522370308,-0.21981979044740613,-0.10990989522370308
2011-07-25 04:15:01,0.091624980086,0.2607234060357373,0,-0.1099184666490622,-0.2198369332981244,-0.1099184666490622
2011-07-25 05:15:01,0.0836703958692,0.26808973869429364,0,-0.10992622297129738,-0.2198524459425948,-0.10992622297129738
2011-07-25 06:15:01,0.0940147420147,0.25826984895672617,0,-0.10993324165339363,-0.21986648330678726,-0.10993324165339363
2011-07-25 07:15:01,0.105398262129,0.2477697266909031,0,-0.10993959280565772,-0.21987918561131545,-0.10993959280565771
2011-07-25 08:15:01,0.101132673267,0.25158095017659465,0,-0.10994533988199534,-0.21989067976399068,-0.10994533988199534
2011-07-25 09:15:01,0.137182175623,0.2254154510112781,0,-0.10995054031054867,-0.21990108062109734,-0.10995054031054868
2011-07-25 10:15:01,0.156112469438,0.2418202455072104,0,-0.10995524606482786,-0.2199104921296557,-0.10995524606482786
2011-07-25 11:15:01,0.181365461847,0.2648671785184271,0,-0.10995950418090804,-0.21991900836181608,-0.10995950418090804
2011-07-25 12:15:01,0.22447154471500005,0.30718488318295994,0,-0.10996335722574901,-0.219926714451498,-0.10996335722574899
2011-07-25 13:15:01,0.240750670241,0.3241013838629508,0,-0.10996684372122684,-0.2199336874424537,-0.10996684372122685
2011-07-25 14:15:01,0.112738287561,0.2412641318648697,0,-0.10996999852804253,-0.21993999705608505,-0.10996999852804251
2011-07-25 15:15:01,0.160398886827,0.2455188888723748,0,-0.10997285319328302,-0.21994570638656605,-0.10997285319328302
2011-07-25 16:15:01,0.103549802545,0.2491434941607545,0,-0.1099754362650615,-0.21995087253012302,-0.1099754362650615
2011-07-25 17:15:01,0.094904751478,0.2568705190219704,0,-0.1099777735773403,-0.2199555471546806,-0.1099777735773403
2011-07-25 18:15:01,0.102609009009,0.249663006364884,0,-0.10997988850775252,-0.21995977701550504,-0.10997988850775253
2011-07-25 19:15:01,0.0837307692308,0.26699750793628524,0,-0.10998180221097263,-0.21996360442194526,-0.10998180221097263
2011-07-25 20:15:01,0.068001002004,0.2819228603441881,0,-0.10998353382994766,-0.21996706765989527,-0.10998353382994766
2011-07-25 21:15:01,0.0776865671642,0.27226715101020343,0,-0.10998510068708366,-0.2199702013741673,-0.10998510068708366
2011-07-25 22:15:01,0.08721101504960001,0.2629822275139549,0,-0.10998651845728434,-0.21997303691456868,-0.10998651845728434
2011-07-25 23:15:01,0.0702855543113,0.27884683578549185,0,-0.109987801324561,-0.219975602649122,-0.10998780132456099
2011-07-26 00:15:01,0.07342105263160001,0.27565628994837177,0,-0.10998896212376956,-0.21997792424753915,-0.10998896212376957
2011-07-26 01:15:01,0.091136428368,0.2587199150903441,0,-0.10999001246888546,-0.2199800249377709,-0.10999001246888546
2011-07-26 02:15:01,0.101918694977,0.2486650317378513,0,-0.10999096286909177,-0.2199819257381835,-0.10999096286909175
2011-07-26 03:15:01,0.08886761615689999,0.2604205704247114,0,-0.10999182283383736,-0.21998364566767475,-0.10999182283383736
2011-07-26 04:15:01,0.105303215303,0.2453512422050947,0,-0.1099926009679115,-0.219985201935823,-0.1099926009679115
2011-07-26 05:15:01,0.07839327225489999,0.2699896951414861,0,-0.10999330505748188,-0.21998661011496376,-0.10999330505748188
2011-07-26 06:15:01,0.09665976331360003,0.2528716320697859,0,-0.1099939421479548,-0.2199878842959096,-0.1099939421479548
2011-07-26 07:15:01,0.0920613542836,0.2569317639253371,0,-0.10999451861443332,-0.21998903722886665,-0.10999451861443332
2011-07-26 08:15:01,0.103034663179,0.2468189096384822,0,-0.1099950402254769,-0.2199900804509538,-0.1099950402254769
2011-07-26 09:15:01,0.124340101523,0.22809129701217185,0,-0.10999551220079842,-0.21999102440159685,-0.10999551220079842
2011-07-26 10:15:01,0.162175925926,0.25006354524147084,0,-0.10999593926347496,-0.2199918785269499,-0.10999593926347495
2011-07-26 11:15:01,0.185836431227,0.2720080157263043,0,-0.10999632568719342,-0.21999265137438684,-0.10999632568719342
2011-07-26 12:15:01,0.194464944649,0.2804962313103701,0,-0.10999667533900298,-0.219993350678006,-0.10999667533900298
2011-07-26 13:15:01,0.198159806295,0.2844304881487873,0,-0.1099969917180014,-0.2199939834360028,-0.1099969917180014
2011-07-26 14:15:01,0.199710638298,0.2860285874270168,0,-0.10999727799034162,-0.21999455598068324,-0.10999727799034162
2011-07-26 15:15:01,0.0580671641791,0.2888157435986837,0,-0.10999753702090888,-0.21999507404181776,-0.10999753702090888
2011-07-26 16:15:01,0.143149575944,0.23372374734061105,0,-0.1099977714019842,-0.2199955428039684,-0.1099977714019842
2011-07-26 17:15:01,0.0916963385959,0.2563831276978561,0,-0.10999798347918163,-0.21999596695836326,-0.10999798347918163
2011-07-26 19:15:01,0.08859456093000001,0.2590538979684047,0,-0.10999817537491777,-0.2199963507498355,-0.10999817537491775
2011-07-26 20:15:01,0.106783461808,0.2424705547139871,0,-0.10999834900964864,-0.21999669801929728,-0.10999834900964864
2011-07-26 21:15:01,0.08725897493789997,0.2600425085749219,0,-0.1099985061210864,-0.21999701224217286,-0.10999850612108641
2011-07-26 22:15:01,0.0762463235294,0.2701544904994746,0,-0.10999864828158752,-0.21999729656317504,-0.10999864828158752
2011-07-26 23:15:01,0.07059921414539999,0.2752618853603505,0,-0.1099987769138866,-0.2199975538277732,-0.1099987769138866
2011-07-27 00:15:01,0.0763135888502,0.2696254768848371,0,-0.10999889330533362,-0.21999778661066724,-0.10999889330533362
2011-07-27 01:15:01,0.10203465982,0.2457663742734208,0,-0.10999899862077614,-0.21999799724155228,-0.10999899862077614
2011-07-27 02:15:01,0.0942817679558,0.2526455688176125,0,-0.10999909391421614,-0.21999818782843228,-0.10999909391421614
2011-07-27 05:15:01,0.0897623966942,0.25668229025993017,0,-0.10999918013935747,-0.21999836027871494,-0.10999918013935749
2011-07-27 06:15:01,0.09127723067739996,0.2552473709049577,0,-0.10999925815915,-0.2199985163183,-0.10999925815914999
2011-07-27 07:15:01,0.0948953974895,0.25193476649268626,0,-0.10999932875442528,-0.21999865750885056,-0.10999932875442528
2011-07-27 08:15:01,0.108143515471,0.2401273086201359,0,-0.10999939263171096,-0.2199987852634219,-0.10999939263171095
2011-07-27 09:15:01,0.117656862745,0.23192008724137184,0,-0.10999945043030117,-0.2199989008606023,-0.10999945043030115
2011-07-27 10:15:01,0.122840909091,0.22758096956437945,0,-0.10999950272865447,-0.21999900545730894,-0.10999950272865447
2011-07-27 11:15:01,0.114534883721,0.23463015386047106,0,-0.10999955005018286,-0.21999910010036566,-0.10999955005018286
2011-07-27 12:15:01,0.2174609375,0.3050703705172313,0,-0.10999959286848997,-0.21999918573697996,-0.10999959286848997
2011-07-27 13:15:01,0.210926365796,0.2980723807995877,0,-0.1099996316121108,-0.2199992632242216,-0.1099996316121108
2011-07-27 14:15:01,0.122508610792,0.2264828904742349,0,-0.10999966666880036,-0.21999933333760074,-0.10999966666880037
2011-07-27 15:15:01,0.13678141136,0.2365916763718696,0,-0.1099996983894145,-0.219999396778829,-0.1099996983894145
2011-07-27 16:15:01,0.10667075413899996,0.2416593818918029,0,-0.10999972709142096,-0.21999945418284192,-0.10999972709142096
2011-07-27 17:15:01,0.104843950406,0.2432934303198153,0,-0.10999975306207682,-0.21999950612415364,-0.10999975306207682
2011-07-27 18:15:01,0.0870398084406,0.2635625442539097,0,-0.10999977656130333,-0.21999955312260666,-0.10999977656130332
2011-07-27 19:15:01,0.106177402323,0.2413189281152704,0,-0.10999979782428708,-0.21999959564857413,-0.10999979782428707
2011-07-27 20:15:01,0.0599344262295,0.29682361719117106,0,-0.10999981706383392,-0.21999963412766785,-0.10999981706383391
2011-07-27 21:15:01,0.105376415723,0.24176549783609105,0,-0.10999983447249873,-0.21999966894499745,-0.10999983447249871
2011-07-27 22:15:01,0.0799391143911,0.2714650887636765,0,-0.1099998502245124,-0.2199997004490248,-0.1099998502245124
2011-07-27 23:15:01,0.0773174061433,0.27453012044736164,0,-0.10999986447752573,-0.21999972895505146,-0.10999986447752573
2011-07-28 00:15:01,0.07583873290139999,0.2761516924517775,0,-0.10999987737418712,-0.21999975474837424,-0.10999987737418711
2011-07-28 01:15:01,0.10138317757,0.2458943101492954,0,-0.1099998890435702,-0.2199997780871404,-0.10999988904357019
2011-07-28 02:15:01,0.0976764625103,0.2500621082572793,0,-0.10999989960246573,-0.21999979920493146,-0.10999989960246573
2011-07-28 03:15:01,0.0988295165394,0.2487671138601945,0,-0.10999990915655036,-0.21999981831310075,-0.10999990915655036
2011-07-28 04:15:01,0.0909731616845,0.2578576645001089,0,-0.10999991780144436,-0.21999983560288872,-0.10999991780144436
2011-07-28 05:15:01,0.08181655172410003,0.2685832067604825,0,-0.10999992562366848,-0.21999985124733695,-0.10999992562366849
2011-07-28 06:15:01,0.08304776739360001,0.2669928515659811,0,-0.10999993270151008,-0.21999986540302016,-0.10999993270151008
2011-07-28 07:15:01,0.16709039548,0.27376538558111835,0,-0.11,-0.22,-0.11
2011-07-28 08:15:01,0.0987413554633,0.2487942014573915,0,-0.11,-0.22,-0.11
2011-07-28 09:15:01,0.141718882303,0.2437388110190403,0,-0.11,-0.22,-0.11
2011-07-28 10:15:01,0.0388988476312,0.3233334748843242,0,-0.11,-0.22,-0.11
2011-07-28 11:15:01,0.21362962963,0.3333757042016203,0,-0.11,-0.22,-0.11
2011-07-28 12:15:01,0.239086419753,0.3679444456674143,0,-0.11,-0.22,-0.11
2011-07-28 13:15:01,0.156823529412,0.2601961066036228,0,-0.11,-0.22,-0.11
2011-07-28 14:15:01,0.190647773279,0.3015658662802899,0,-0.11,-0.22,-0.11
2011-07-28 15:15:01,0.0966312255176,0.2518336361424828,0,-0.11,-0.22,-0.11
2011-07-28 16:15:01,0.0963229056204,0.2517937497453745,0,-0.11,-0.22,-0.11
2011-07-28 17:15:01,0.105487906589,0.2410177342054197,0,-0.11,-0.22,-0.11
2011-07-28 18:15:01,0.0824396507447,0.26743813701622426,0,-0.11,-0.22,-0.11
2011-07-28 19:15:01,0.0979628443306,0.24920708310388875,0,-0.11,-0.22,-0.11
2011-07-28 20:15:01,0.08110240078389999,0.2687488301770641,0,-0.11,-0.22,-0.11
2011-07-28 21:15:01,0.0845043153721,0.2645699221668712,0,-0.11,-0.22,-0.11
2011-07-28 22:15:01,0.07183900226760001,0.27977224685320023,0,-0.11,-0.22,-0.11
2011-07-28 23:15:01,0.0821175799087,0.2671316119127481,0,-0.11,-0.22,-0.11
2011-07-29 00:15:01,0.0637849610271,0.28948278070791544,0,-0.11,-0.22,-0.11
2011-07-29 01:15:01,0.0902959618761,0.25725564373288506,0,-0.11,-0.22,-0.11
2011-07-29 02:15:01,0.0889792311091,0.25873907110270195,0,-0.11,-0.22,-0.11
2011-07-29 03:15:01,0.0806892523364,0.2686280625106495,0,-0.11,-0.22,-0.11
2011-07-29 04:15:01,0.0848156764495,0.2635491702120269,0,-0.11,-0.22,-0.11
2011-07-29 05:15:01,0.082030546309,0.2666471477404659,0,-0.11,-0.22,-0.11
2011-07-29 06:15:01,0.0903957977034,0.2566161639750705,0,-0.11,-0.22,-0.11
2011-07-29 07:15:01,0.08493030303030001,0.26288250061233603,0,-0.11,-0.22,-0.11
2011-07-29 08:15:01,0.1085,0.2360025853677898,0,-0.11,-0.22,-0.11
2011-07-29 09:15:01,0.154952380952,0.26046635191854817,0,-0.11,-0.22,-0.11
2011-07-29 10:15:01,0.166717557252,0.27421818780528656,0,-0.11,-0.22,-0.11
2011-07-29 11:15:01,0.220575221239,0.3434065416878264,0,-0.11,-0.22,-0.11
2011-07-29 12:15:01,0.225911111111,0.34992002650770865,0,-0.11,-0.22,-0.11
2011-07-29 13:15:01,0.0764184008762,0.2739791090499277,0,-0.11,-0.22,-0.11
2011-07-29 14:15:01,0.181203208556,0.2908960163308764,0,-0.11,-0.22,-0.11
2011-07-29 15:15:01,0.0644422507404,0.28821180639351485,0,-0.11,-0.22,-0.11
2011-07-29 16:15:01,0.115680525164,0.2286540058067055,0,-0.11,-0.22,-0.11
2011-07-29 17:15:01,0.104240282686,0.2406781459238349,0,-0.11,-0.22,-0.11
2011-07-29 18:15:01,0.08959622443630001,0.2572193441573161,0,-0.11,-0.22,-0.11
2011-07-29 19:15:01,0.126490486258,0.22870517393001946,0,-0.11,-0.22,-0.11
2011-07-29 20:15:01,0.0862436745815,0.26098954968962185,0,-0.11,-0.22,-0.11
2011-07-29 21:15:01,0.0921919823465,0.2540626422402848,0,-0.11,-0.22,-0.11
2011-07-29 22:15:01,0.08622149837130001,0.26096857694625564,0,-0.11,-0.22,-0.11
2011-07-29 23:15:01,0.0731267507003,0.2763722602513249,0,-0.11,-0.22,-0.11
2011-07-30 00:15:01,0.07856820744080001,0.2696892600497769,0,-0.11,-0.22,-0.11
2011-07-30 01:15:01,0.09937118902439998,0.2454798380846247,0,-0.11,-0.22,-0.11
2011-07-30 02:15:01,0.09193230364769996,0.2540079958765575,0,-0.11,-0.22,-0.11
2011-07-30 03:15:01,0.101687937423,0.2428713986765007,0,-0.11,-0.22,-0.11
2011-07-30 04:15:01,0.07590296495960001,0.27261217710877955,0,-0.11,-0.22,-0.11
2011-07-30 05:15:01,0.08873104997189997,0.2573288350599463,0,-0.11,-0.22,-0.11
2011-07-30 06:15:01,0.0906718266254,0.254986195715757,0,-0.11,-0.22,-0.11
2011-07-30 07:15:01,0.0951209823041,0.24987348428928394,0,-0.11,-0.22,-0.11
2011-07-30 08:15:01,0.0996332644628,0.2447786714495069,0,-0.11,-0.22,-0.11
2011-07-30 09:15:01,0.13197322468,0.23544008545222675,0,-0.11,-0.22,-0.11
2011-07-30 10:15:01,0.08570388349510001,0.2606704867131731,0,-0.11,-0.22,-0.11
2011-07-30 11:15:01,0.14891959799,0.2545218710358985,0,-0.11,-0.22,-0.11
2011-07-30 12:15:01,0.168258928571,0.2774236147134739,0,-0.11,-0.22,-0.11
2011-07-30 13:15:01,0.159104477612,0.266474734767067,0,-0.11,-0.22,-0.11
2011-07-30 14:15:01,0.145816226784,0.25117948151048186,0,-0.11,-0.22,-0.11
2011-07-30 15:15:01,0.100777724436,0.2432542049343175,0,-0.11,-0.22,-0.11
2011-07-30 16:15:01,0.105555555556,0.2377579214730055,0,-0.11,-0.22,-0.11
2011-07-30 17:15:01,0.08184418746199999,0.2644817284164442,0,-0.11,-0.22,-0.11
2011-07-30 20:15:01,0.0879527836505,0.2572888674197145,0,-0.11,-0.22,-0.11
2011-07-30 21:15:01,0.0849855907781,0.26057270581693304,0,-0.11,-0.22,-0.11
2011-07-30 22:15:01,0.0681134624043,0.28072528720877266,0,-0.11,-0.22,-0.11
2011-07-30 23:15:01,0.07765223771089999,0.26900111032018803,0,-0.11,-0.22,-0.11
2011-07-31 00:15:01,0.06278926955400001,0.28687055850530113,0,-0.11,-0.22,-0.11
2011-07-31 01:15:01,0.0995196658545,0.2435577280401524,0,-0.11,-0.22,-0.11
2011-07-31 02:15:01,0.0926174306735,0.2512895191240122,0,-0.11,-0.22,-0.11
2011-07-31 04:15:01,0.0893898678414,0.25494612508453074,0,-0.11,-0.22,-0.11
2011-07-31 05:15:01,0.0849519850939,0.2601396679733306,0,-0.11,-0.22,-0.11
2011-07-31 06:15:01,0.08768153230419999,0.2568587025045848,0,-0.11,-0.22,-0.11
2011-07-31 07:15:01,0.0953796889296,0.24799469482218275,0,-0.11,-0.22,-0.11
2011-07-31 08:15:01,0.0908679555738,0.25306399759919945,0,-0.11,-0.22,-0.11
2011-07-31 09:15:01,0.117303921569,0.22405397192915869,0,-0.11,-0.22,-0.11
2011-07-31 10:15:01,0.10824120603,0.2338072971627598,0,-0.11,-0.22,-0.11
2011-07-31 11:15:01,0.146772727273,0.25342009626075296,0,-0.11,-0.22,-0.11
2011-07-31 12:15:01,0.14162962963,0.24740994316056364,0,-0.11,-0.22,-0.11
2011-07-31 13:15:01,0.211604395604,0.3341026652888535,0,-0.11,-0.22,-0.11
2011-07-31 14:15:01,0.15183833115999998,0.2586951919809502,0,-0.11,-0.22,-0.11
2011-07-31 15:15:01,0.112491003599,0.2297317779066914,0,-0.11,-0.22,-0.11
2011-07-31 16:15:01,0.0865470343785,0.2583744807293891,0,-0.11,-0.22,-0.11
2011-07-31 17:15:01,0.105751510574,0.2362817593629128,0,-0.11,-0.22,-0.11
2011-07-31 18:15:01,0.0643436204514,0.2841875720687425,0,-0.11,-0.22,-0.11
2011-07-31 19:15:01,0.0916587112172,0.2515654086566274,0,-0.11,-0.22,-0.11
2011-07-31 20:15:01,0.07111111111110001,0.2754383734468022,0,-0.11,-0.22,-0.11
2011-07-31 21:15:01,0.0750024515813,0.2705555197444019,0,-0.11,-0.22,-0.11
2011-07-31 23:15:01,0.0823037357878,0.261629030224798,0,-0.11,-0.22,-0.11
2011-08-01 00:15:01,0.0756299972429,0.26942158291465684,0,-0.11,-0.22,-0.11
2011-08-01 03:15:01,0.0920361687877,0.2502185333567365,0,-0.11,-0.22,-0.11
2011-08-01 05:15:01,0.08795821755689999,0.25475881910274223,0,-0.11,-0.22,-0.11
2011-08-01 06:15:01,0.0845185127567,0.2586333879464156,0,-0.11,-0.22,-0.11
2011-08-01 07:15:01,0.0829971288321,0.2603989019425539,0,-0.11,-0.22,-0.11
2011-08-01 08:15:01,0.12687032419000002,0.2332030884227053,0,-0.11,-0.22,-0.11
2011-08-01 09:15:01,0.133337563452,0.2401470108826075,0,-0.11,-0.22,-0.11
2011-08-01 10:15:01,0.128338658147,0.234634871102012,0,-0.11,-0.22,-0.11
2011-08-01 11:15:01,0.150143884892,0.2590862865559399,0,-0.11,-0.22,-0.11
2011-08-01 12:15:01,0.206345323741,0.3291818153516326,0,-0.11,-0.22,-0.11
2011-08-01 13:15:01,0.0524591947769,0.2981116130032388,0,-0.11,-0.22,-0.11
2011-08-01 14:15:01,0.162529147982,0.27310168741577395,0,-0.11,-0.22,-0.11
2011-08-01 15:15:01,0.105396275444,0.2359388388021173,0,-0.11,-0.22,-0.11
2011-08-01 16:15:01,0.127360120165,0.2327773562182919,0,-0.11,-0.22,-0.11
2011-08-01 17:15:01,0.0943158410986,0.2482301442642391,0,-0.11,-0.22,-0.11
2011-08-01 18:15:01,0.095773165741,0.2464440056567916,0,-0.11,-0.22,-0.11
2011-08-01 20:15:01,0.0847086801427,0.2587666046256775,0,-0.11,-0.22,-0.11
2011-08-01 21:15:01,0.088880550344,0.25360394850849544,0,-0.11,-0.22,-0.11
2011-08-01 23:15:01,0.0763381239076,0.26781069403901336,0,-0.11,-0.22,-0.11
2011-08-02 00:15:01,0.06993745956439999,0.2754248714367186,0,-0.11,-0.22,-0.11
2011-08-02 01:15:01,0.0989351851852,0.2413733038058229,0,-0.11,-0.22,-0.11
2011-08-02 02:15:01,0.0912941576087,0.24970927403869114,0,-0.11,-0.22,-0.11
2011-08-02 03:15:01,0.07854234102539999,0.2643810721014101,0,-0.11,-0.22,-0.11
2011-08-02 05:15:01,0.0771185940038,0.2660913403019598,0,-0.11,-0.22,-0.11
2011-08-02 06:15:01,0.0829368668596,0.2590770371248453,0,-0.11,-0.22,-0.11
2011-08-02 07:15:01,0.0850682551502,0.2565980875809634,0,-0.11,-0.22,-0.11
2011-08-02 08:15:01,0.12412,0.2316181068844904,0,-0.11,-0.22,-0.11
2011-08-02 09:15:01,0.112666139241,0.22617110200454105,0,-0.11,-0.22,-0.11
2011-08-02 10:15:01,0.143494860499,0.2528858769352349,0,-0.11,-0.22,-0.11
2011-08-02 11:15:01,0.22078680203,0.3507461056545143,0,-0.11,-0.22,-0.11
2011-08-02 12:15:01,0.126043723554,0.2327012309316353,0,-0.11,-0.22,-0.11
2011-08-02 13:15:01,0.16306010929,0.27496929613161525,0,-0.11,-0.22,-0.11
2011-08-02 14:15:01,0.166832239925,0.2792837348944095,0,-0.11,-0.22,-0.11
2011-08-02 15:15:01,0.130156293609,0.2366763685355361,0,-0.11,-0.22,-0.11
2011-08-02 16:15:01,0.09841803865430004,0.24294095485558395,0,-0.11,-0.22,-0.11
2011-08-02 18:15:01,0.08875537505969999,0.2538788486689598,0,-0.11,-0.22,-0.11
2011-08-02 19:15:01,0.0970255206806,0.244487526042228,0,-0.11,-0.22,-0.11
2011-08-02 20:15:01,0.0916525023607,0.25051093132152435,0,-0.11,-0.22,-0.11
2011-08-02 21:15:01,0.08440955004589999,0.2587904464717553,0,-0.11,-0.22,-0.11
2011-08-02 22:15:01,0.11612281926,0.223613387283827,0,-0.11,-0.22,-0.11
2011-08-02 23:15:01,0.0768802498385,0.2755448381586369,0,-0.11,-0.22,-0.11
2011-08-03 00:15:01,0.0418443904133,0.4124386329448872,0,-0.11,-0.22,-0.11
2011-08-03 01:15:01,0.109948207171,0.224599667992172,0,-0.11,-0.22,-0.11
2011-08-03 02:15:01,0.1159,0.2354115217744603,0,-0.11,-0.22,-0.11
2011-08-03 03:15:01,0.0945074539608,0.26060949024145497,0,-0.11,-0.22,-0.11
2011-08-03 04:15:01,0.0775527057223,0.3054975477757282,0,-0.11,-0.22,-0.11
2011-08-03 05:15:01,0.08654308782339999,0.2806876894491856,0,-0.11,-0.22,-0.11
2011-08-03 06:15:01,0.0932578125,0.2631050893790371,0,-0.11,-0.22,-0.11
2011-08-03 07:15:01,0.10190795353,0.2413893173284318,0,-0.11,-0.22,-0.11
2011-08-03 08:15:01,0.110943544171,0.225011318841124,0,-0.11,-0.22,-0.11
2011-08-03 09:15:01,0.137595944967,0.2920168590565225,0,-0.11,-0.22,-0.11
2011-08-03 10:15:01,0.136693548387,0.28909235394302474,0,-0.11,-0.22,-0.11
2011-08-03 11:15:01,0.197251585624,0.4739914952484554,0,-0.11,-0.22,-0.11
2011-08-03 12:15:01,0.208998482549,0.5088402350486916,0,-0.11,-0.22,-0.11
2011-08-03 13:15:01,0.207381275441,0.4996737151233782,0,-0.11,-0.22,-0.11
2011-08-03 14:15:01,0.113402225755,0.22704578628010336,0,-0.11,-0.22,-0.11
2011-08-03 15:15:01,0.0998398169336,0.2496478634603105,0,-0.11,-0.22,-0.11
2011-08-03 17:15:01,0.12625895159000006,0.257235684069512,0,-0.11,-0.22,-0.11
2011-08-03 18:15:01,0.0847558278033,0.2880132361456364,0,-0.11,-0.22,-0.11
2011-08-03 19:15:01,0.107227920228,0.232536800896126,0,-0.11,-0.22,-0.11
2011-08-03 20:15:01,0.09944398109539998,0.250957995691422,0,-0.11,-0.22,-0.11
2011-08-03 21:15:01,0.104109318406,0.2399335825136309,0,-0.11,-0.22,-0.11
2011-08-03 22:15:01,0.124832317073,0.2533091777424403,0,-0.11,-0.22,-0.11
2011-08-03 23:15:01,0.14631926121400002,0.3089733061439494,0,-0.11,-0.22,-0.11
2011-08-04 00:15:01,0.11533428165,0.23083628698268865,0,-0.11,-0.22,-0.11
2011-08-04 01:15:01,0.112361863489,0.22429627836656146,0,-0.11,-0.22,-0.11
2011-08-04 02:15:01,0.102111553785,0.2444249574081543,0,-0.11,-0.22,-0.11
2011-08-04 03:15:01,0.13260353021,0.2739896294817763,0,-0.11,-0.22,-0.11
2011-08-04 04:15:01,0.0987815912637,0.2516506453786109,0,-0.11,-0.22,-0.11
2011-08-04 05:15:01,0.08044780927839999,0.299236402380726,0,-0.11,-0.22,-0.11
2011-08-04 06:15:01,0.101264438944,0.2451904995003737,0,-0.11,-0.22,-0.11
2011-08-04 07:15:01,0.111465468838,0.2239278988328513,0,-0.11,-0.22,-0.11
2011-08-04 08:15:01,0.102005730659,0.24323151826347725,0,-0.11,-0.22,-0.11
2011-08-04 09:15:01,0.121553113553,0.2478054464261288,0,-0.11,-0.22,-0.11
2011-08-04 10:15:01,0.14638297872300002,0.3126391776302718,0,-0.11,-0.22,-0.11
2011-08-04 11:15:01,0.161002227171,0.3543915205322186,0,-0.11,-0.22,-0.11
2011-08-04 12:15:01,0.193961038961,0.4562567442076508,0,-0.11,-0.22,-0.11
2011-08-04 13:15:01,0.109614035088,0.22742225920969114,0,-0.11,-0.22,-0.11
2011-08-04 14:15:01,0.16697254902,0.3689722959353095,0,-0.11,-0.22,-0.11
2011-08-04 16:15:01,0.101497776738,0.24711587008539235,0,-0.11,-0.22,-0.11
2011-08-04 17:15:01,0.13928618205600002,0.2892753794876348,0,-0.11,-0.22,-0.11
2011-08-04 18:15:01,0.091172796669,0.2729139420350013,0,-0.11,-0.22,-0.11
2011-08-04 19:15:01,0.0962545644236,0.2600525515458873,0,-0.11,-0.22,-0.11
2011-08-04 20:15:01,0.212868225898,0.5119297188003954,0,-0.11,-0.22,-0.11
2011-08-04 21:15:01,0.07968362034439999,0.3029490832850298,0,-0.11,-0.22,-0.11
2011-08-04 22:15:01,0.0949498069498,0.2630624120502009,0,-0.11,-0.22,-0.11
2011-08-04 23:15:01,0.077497509464,0.3080516579055237,0,-0.11,-0.22,-0.11
2011-08-05 00:15:01,0.09016338028169996,0.2739398560595034,0,-0.11,-0.22,-0.11
2011-08-05 01:15:01,0.08567480501869999,0.2853384399236206,0,-0.11,-0.22,-0.11
2011-08-05 02:15:01,0.102514619883,0.2428723966123767,0,-0.11,-0.22,-0.11
2011-08-05 03:15:01,0.117256289308,0.2363679146300301,0,-0.11,-0.22,-0.11
2011-08-05 04:15:01,0.0919001574095,0.2690401356770184,0,-0.11,-0.22,-0.11
2011-08-05 05:15:01,0.101946721311,0.2443555019927038,0,-0.11,-0.22,-0.11
2011-08-05 06:15:01,0.09669613486839998,0.2568933805478664,0,-0.11,-0.22,-0.11
2011-08-05 07:15:01,0.103008849558,0.24160126592626505,0,-0.11,-0.22,-0.11
2011-08-05 08:15:01,0.13762300319499998,0.28693700416195195,0,-0.11,-0.22,-0.11
2011-08-05 09:15:01,0.12479148181,0.25381064860005226,0,-0.11,-0.22,-0.11
2011-08-05 10:15:01,0.136975308642,0.2843914812941224,0,-0.11,-0.22,-0.11
2011-08-05 11:15:01,0.177046979866,0.39957036032043214,0,-0.11,-0.22,-0.11
2011-08-05 12:15:01,0.179653679654,0.40589237328976135,0,-0.11,-0.22,-0.11
2011-08-05 13:15:01,0.103424657534,0.2431025686838659,0,-0.11,-0.22,-0.11
2011-08-05 14:15:01,0.165123062899,0.3601354008218239,0,-0.11,-0.22,-0.11
2011-08-05 15:15:01,0.134172661871,0.2738742543068542,0,-0.11,-0.22,-0.11
2011-08-05 17:15:01,0.0854426972659,0.28848299962729,0,-0.11,-0.22,-0.11
2011-08-05 19:15:01,0.116336996337,0.23121182981270144,0,-0.11,-0.22,-0.11
2011-08-05 20:15:01,0.135585443038,0.2795367572461813,0,-0.11,-0.22,-0.11
2011-08-05 21:15:01,0.0861486725664,0.2863904758786205,0,-0.11,-0.22,-0.11
2011-08-05 22:15:01,0.0866556972439,0.28478965798011313,0,-0.11,-0.22,-0.11
2011-08-05 23:15:01,0.0661930379747,0.34151367734969984,0,-0.11,-0.22,-0.11
2011-08-06 00:15:01,0.084335443038,0.2898165808887386,0,-0.11,-0.22,-0.11
2011-08-06 01:15:01,0.08993325546469999,0.2749073977892218,0,-0.11,-0.22,-0.11
2011-08-06 02:15:01,0.107290987124,0.2321335065590249,0,-0.11,-0.22,-0.11
2011-08-06 03:15:01,0.10464890643,0.2384524377795104,0,-0.11,-0.22,-0.11
2011-08-06 04:15:01,0.108005702784,0.2307053718616362,0,-0.11,-0.22,-0.11
2011-08-06 05:15:01,0.0926116666667,0.26838363080259303,0,-0.11,-0.22,-0.11
2011-08-06 06:15:01,0.09522552483889997,0.2617683671123085,0,-0.11,-0.22,-0.11
2011-08-06 07:15:01,0.0949442275516,0.26283495353362624,0,-0.11,-0.22,-0.11
2011-08-06 08:15:01,0.109427279578,0.2274193510494109,0,-0.11,-0.22,-0.11
2011-08-06 09:15:01,0.116218274112,0.2336929066279879,0,-0.11,-0.22,-0.11
2011-08-06 10:15:01,0.118654292343,0.23929972455766005,0,-0.11,-0.22,-0.11
2011-08-06 11:15:01,0.154555873926,0.334460890289475,0,-0.11,-0.22,-0.11
2011-08-06 12:15:01,0.163333333333,0.3596013631746917,0,-0.11,-0.22,-0.11
2011-08-06 13:15:01,0.158153110048,0.3431189662026918,0,-0.11,-0.22,-0.11
2011-08-06 15:15:01,0.0927267605634,0.26988316653354816,0,-0.11,-0.22,-0.11
2011-08-06 16:15:01,0.111918452692,0.22351595776788025,0,-0.11,-0.22,-0.11
2011-08-06 17:15:01,0.0869566107245,0.28476703794767244,0,-0.11,-0.22,-0.11
2011-08-06 18:15:01,0.0762434782609,0.3136231610541272,0,-0.11,-0.22,-0.11
2011-08-06 19:15:01,0.0940876917027,0.26535471610908395,0,-0.11,-0.22,-0.11
2011-08-06 20:15:01,0.054974051896199985,0.3756534351819116,0,-0.11,-0.22,-0.11
2011-08-06 21:15:01,0.0894166666667,0.2759430239565538,0,-0.11,-0.22,-0.11
2011-08-06 22:15:01,0.0705643173977,0.3277441916394604,0,-0.11,-0.22,-0.11
2011-08-06 23:15:01,0.0768897768898,0.3090605516688029,0,-0.11,-0.22,-0.11
2011-08-07 00:15:01,0.09433244916,0.2620028673882844,0,-0.11,-0.22,-0.11
2011-08-07 01:15:01,0.0993647281922,0.2493615820296932,0,-0.11,-0.22,-0.11
2011-08-07 02:15:01,0.0905730830671,0.2717918668768506,0,-0.11,-0.22,-0.11
2011-08-07 03:15:01,0.0902877697842,0.272490269426903,0,-0.11,-0.22,-0.11
2011-08-07 04:15:01,0.0945785026528,0.2614807894766485,0,-0.11,-0.22,-0.11
2011-08-07 05:15:01,0.0977206993309,0.2536084743657855,0,-0.11,-0.22,-0.11
2011-08-07 06:15:01,0.0929885057471,0.2656393898611281,0,-0.11,-0.22,-0.11
2011-08-07 07:15:01,0.097932748538,0.25323672830853355,0,-0.11,-0.22,-0.11
2011-08-07 08:15:01,0.107065735154,0.2312649544807243,0,-0.11,-0.22,-0.11
2011-08-07 09:15:01,0.104861788618,0.236179818666592,0,-0.11,-0.22,-0.11
2011-08-07 10:15:01,0.133073110285,0.2781553819237894,0,-0.11,-0.22,-0.11
2011-08-07 11:15:01,0.14813483146099998,0.31955072850333216,0,-0.11,-0.22,-0.11
2011-08-07 12:15:01,0.1556,0.34062469860258177,0,-0.11,-0.22,-0.11
2011-08-07 13:15:01,0.238854166667,0.6061771047262627,0,-0.11,-0.22,-0.11
2011-08-07 14:15:01,0.12586919105,0.2562500665037781,0,-0.11,-0.22,-0.11
2011-08-07 15:15:01,0.0906898424769,0.2731118061493684,0,-0.11,-0.22,-0.11
2011-08-07 16:15:01,0.110492610837,0.2252606100668433,0,-0.11,-0.22,-0.11
2011-08-07 17:15:01,0.0866148325359,0.2833893853447348,0,-0.11,-0.22,-0.11
2011-08-07 18:15:01,0.08719332161689998,0.28136443896348906,0,-0.11,-0.22,-0.11
2011-08-07 19:15:01,0.0831693121693,0.2915438852305462,0,-0.11,-0.22,-0.11
2011-08-07 20:15:01,0.0829251594834,0.2919746970060776,0,-0.11,-0.22,-0.11
2011-08-07 21:15:01,0.0895323060287,0.27394911788425635,0,-0.11,-0.22,-0.11
2011-08-07 22:15:01,0.0838859673402,0.28906203834055755,0,-0.11,-0.22,-0.11
2011-08-07 23:15:01,0.0518382352941,0.38443997657743023,0,-0.11,-0.22,-0.11
2011-08-08 00:15:01,0.0894157029823,0.2727947096075978,0,-0.11,-0.22,-0.11
2011-08-08 01:15:01,0.0941601460616,0.26029065627098485,0,-0.11,-0.22,-0.11
2011-08-08 02:15:01,0.0932126076742,0.26266343485818383,0,-0.11,-0.22,-0.11
2011-08-08 03:15:01,0.0906582077716,0.2694611087345504,0,-0.11,-0.22,-0.11
2011-08-08 04:15:01,0.0943331232934,0.26012256935201944,0,-0.11,-0.22,-0.11
2011-08-08 05:15:01,0.0915368104744,0.2676138983755998,0,-0.11,-0.22,-0.11
2011-08-08 06:15:01,0.0902084922451,0.2711810265177197,0,-0.11,-0.22,-0.11
2011-08-08 07:15:01,0.104276002719,0.2355955127190483,0,-0.11,-0.22,-0.11
2011-08-08 08:15:01,0.09490389354360004,0.2594250420157093,0,-0.11,-0.22,-0.11
2011-08-08 09:15:01,0.107888040712,0.2272218450255397,0,-0.11,-0.22,-0.11
2011-08-08 10:15:01,0.122527131783,0.2537823530698692,0,-0.11,-0.22,-0.11
2011-08-08 11:15:01,0.141545454545,0.3051032314097775,0,-0.11,-0.22,-0.11
2011-08-08 12:15:01,0.145774946921,0.31687159441826,0,-0.11,-0.22,-0.11
2011-08-08 13:15:01,0.142292358804,0.3061170816551393,0,-0.11,-0.22,-0.11
2011-08-08 14:15:01,0.0937384540593,0.2640560184174731,0,-0.11,-0.22,-0.11
2011-08-08 16:15:01,0.115965909091,0.23584473906588915,0,-0.11,-0.22,-0.11
2011-08-08 17:15:01,0.0821823839805,0.2955460932965828,0,-0.11,-0.22,-0.11
2011-08-08 18:15:01,0.0922203830693,0.2677771495149225,0,-0.11,-0.22,-0.11
2011-08-08 19:15:01,0.0897081167533,0.27399436480636397,0,-0.11,-0.22,-0.11
2011-08-08 20:15:01,0.08519922254619999,0.28583291624971474,0,-0.11,-0.22,-0.11
2011-08-08 21:15:01,0.0817833916958,0.295017937552568,0,-0.11,-0.22,-0.11
2011-08-08 22:15:01,0.08771310181530001,0.2778680433290965,0,-0.11,-0.22,-0.11
2011-08-08 23:15:01,0.0593077588693,0.3634284125764556,0,-0.11,-0.22,-0.11
2011-08-09 00:15:01,0.0814900662252,0.29520226942759736,0,-0.11,-0.22,-0.11
2011-08-09 01:15:01,0.0914412910406,0.266587693250636,0,-0.11,-0.22,-0.11
2011-08-09 02:15:01,0.0942895612229,0.25887279348667896,0,-0.11,-0.22,-0.11
2011-08-09 03:15:01,0.0965016286645,0.2530425847692652,0,-0.11,-0.22,-0.11
2011-08-09 04:15:01,0.0852443443345,0.28382170308091803,0,-0.11,-0.22,-0.11
2011-08-09 05:15:01,0.0905436264485,0.2689826906715979,0,-0.11,-0.22,-0.11
2011-08-09 06:15:01,0.095731252911,0.2551232743946846,0,-0.11,-0.22,-0.11
2011-08-09 07:15:01,0.100878313638,0.2419285670879237,0,-0.11,-0.22,-0.11
2011-08-09 08:15:01,0.101331689273,0.2409992297408621,0,-0.11,-0.22,-0.11
2011-08-09 09:15:01,0.132678571429,0.2864119747293965,0,-0.11,-0.22,-0.11
2011-08-09 10:15:01,0.13330895795199998,0.2878211777273029,0,-0.11,-0.22,-0.11
2011-08-09 11:15:01,0.146563245823,0.3268905337997023,0,-0.11,-0.22,-0.11
2011-08-09 12:15:01,0.213648648649,0.5532191705458638,0,-0.11,-0.22,-0.11
2011-08-09 14:15:01,0.138718199609,0.3001474325940652,0,-0.11,-0.22,-0.11
2011-08-09 15:15:01,0.115043047783,0.2359446791506119,0,-0.11,-0.22,-0.11
2011-08-09 16:15:01,0.0969093941078,0.2544705043562333,0,-0.11,-0.22,-0.11
2011-08-09 17:15:01,0.0894426381793,0.2742659249627597,0,-0.11,-0.22,-0.11
2011-08-09 18:15:01,0.0947894736842,0.25958976828630803,0,-0.11,-0.22,-0.11
2011-08-09 19:15:01,0.08908238636360001,0.2746929767187316,0,-0.11,-0.22,-0.11
2011-08-09 20:15:01,0.0775330882353,0.30806666515252523,0,-0.11,-0.22,-0.11
2011-08-09 21:15:01,0.101094538276,0.2413000214506077,0,-0.11,-0.22,-0.11
2011-08-09 22:15:01,0.0635224438903,0.3510802272511834,0,-0.11,-0.22,-0.11
2011-08-09 23:15:01,0.0959620282473,0.2541005534659345,0,-0.11,-0.22,-0.11
2011-08-10 00:15:01,0.08324604859639999,0.2895673183826659,0,-0.11,-0.22,-0.11
2011-08-10 01:15:01,0.0910332884356,0.26740159376594913,0,-0.11,-0.22,-0.11
2011-08-10 02:15:01,0.0909859594384,0.26737463276799744,0,-0.11,-0.22,-0.11
2011-08-10 03:15:01,0.104742634008,0.2313312114869981,0,-0.11,-0.22,-0.11
2011-08-10 04:15:01,0.08945752818040001,0.2720530226708124,0,-0.11,-0.22,-0.11
2011-08-10 05:15:01,0.0871840133222,0.2786065762095644,0,-0.11,-0.22,-0.11
2011-08-10 06:15:01,0.09341216216219997,0.2613263997907436,0,-0.11,-0.22,-0.11
2011-08-10 07:15:01,0.08478803716610002,0.2858738715623005,0,-0.11,-0.22,-0.11
2011-08-10 08:15:01,0.129779044904,0.2799320621882065,0,-0.11,-0.22,-0.11
2011-08-10 09:15:01,0.106145004421,0.2282543069272765,0,-0.11,-0.22,-0.11
2011-08-10 10:15:01,0.138995363215,0.3066170198632441,0,-0.11,-0.22,-0.11
2011-08-10 11:15:01,0.163650107991,0.38484390039866795,0,-0.11,-0.22,-0.11
2011-08-10 12:15:01,0.195010940919,0.4920043467692717,0,-0.11,-0.22,-0.11
2011-08-10 13:15:01,0.0807644305772,0.29914747696524324,0,-0.11,-0.22,-0.11
2011-08-10 15:15:01,0.135370601447,0.2935324591504765,0,-0.11,-0.22,-0.11
2011-08-10 17:15:01,0.118851057447,0.2474343090341385,0,-0.11,-0.22,-0.11
2011-08-10 18:15:01,0.0979840276279,0.2506008147339236,0,-0.11,-0.22,-0.11
2011-08-10 19:15:01,0.100485770363,0.2447065969431904,0,-0.11,-0.22,-0.11
2011-08-10 20:15:01,0.116815085158,0.24327850494199296,0,-0.11,-0.22,-0.11
2011-08-10 21:15:01,0.08871223564950001,0.2767725311570271,0,-0.11,-0.22,-0.11
2011-08-10 23:15:01,0.0931702092602,0.2633118649858834,0,-0.11,-0.22,-0.11
2011-08-11 00:15:01,0.0857755775578,0.28468387090980063,0,-0.11,-0.22,-0.11
2011-08-11 01:15:01,0.105584481879,0.2284609147058453,0,-0.11,-0.22,-0.11
2011-08-11 02:15:01,0.0864523424879,0.2825967464300723,0,-0.11,-0.22,-0.11
2011-08-11 03:15:01,0.0991574790193,0.2456649959514278,0,-0.11,-0.22,-0.11
2011-08-11 04:15:01,0.0970408163265,0.25173116466131346,0,-0.11,-0.22,-0.11
2011-08-11 05:15:01,0.0936600833484,0.26132493042253324,0,-0.11,-0.22,-0.11
2011-08-11 06:15:01,0.0942462751972,0.25979250314433805,0,-0.11,-0.22,-0.11
2011-08-11 07:15:01,0.112770863836,0.2355457706340182,0,-0.11,-0.22,-0.11
2011-08-11 08:15:01,0.108728767123,0.22451282140492068,0,-0.11,-0.22,-0.11
2011-08-11 09:15:01,0.12832038835,0.27932323907433004,0,-0.11,-0.22,-0.11
2011-08-11 10:15:01,0.16138211382099998,0.3882602724571481,0,-0.11,-0.22,-0.11
2011-08-11 11:15:01,0.149149425287,0.3443804593015499,0,-0.11,-0.22,-0.11
2011-08-11 12:15:01,0.169220532319,0.4137021819866632,0,-0.11,-0.22,-0.11
2011-08-11 14:15:01,0.121971600218,0.25761826641041563,0,-0.11,-0.22,-0.11
2011-08-11 15:15:01,0.106156428332,0.23060034734037416,0,-0.11,-0.22,-0.11
2011-08-11 16:15:01,0.163204320432,0.3898769408679227,0,-0.11,-0.22,-0.11
2011-08-11 17:15:01,0.11472774045999998,0.2363610738217233,0,-0.11,-0.22,-0.11
2011-08-11 18:15:01,0.0760014673514,0.32048934650925004,0,-0.11,-0.22,-0.11
2011-08-11 19:15:01,0.105483473113,0.2331758252556653,0,-0.11,-0.22,-0.11
2011-08-11 20:15:01,0.0949758529366,0.2617899725655488,0,-0.11,-0.22,-0.11
2011-08-11 21:15:01,0.0653525286083,0.35495740841608703,0,-0.11,-0.22,-0.11
2011-08-11 22:15:01,0.0927619507484,0.2669478928643095,0,-0.11,-0.22,-0.11
2011-08-11 23:15:01,0.0997149643705,0.2460942204481025,0,-0.11,-0.22,-0.11
2011-08-12 00:15:01,0.0907629427793,0.2730258582021009,0,-0.11,-0.22,-0.11
2011-08-12 01:15:01,0.08240238507410001,0.2992019801644989,0,-0.11,-0.22,-0.11
2011-08-12 02:15:01,0.103661464586,0.2346178775546672,0,-0.11,-0.22,-0.11
2011-08-12 03:15:01,0.19985294117600005,0.5473970658356371,0,-0.11,-0.22,-0.11
2011-08-12 04:15:01,0.130808383234,0.28876686997773193,0,-0.11,-0.22,-0.11
2011-08-12 05:15:01,0.143984575835,0.3318169668637167,0,-0.11,-0.22,-0.11
2011-08-12 06:15:01,0.187510548523,0.4924763829616312,0,-0.11,-0.22,-0.11
2011-08-12 07:15:01,0.187205882353,0.4872901322523763,1,1.0,1.0,1.0
2011-08-12 08:15:01,0.237744360902,0.6680640011512923,1,0.9986127948543186,0.9986127948543186,0.9986127948543186
2011-08-12 09:15:01,0.252205882353,0.7026678183309464,1,0.9970849143538508,0.9970849143538508,0.9970849143538509
2011-08-12 10:15:01,0.412619047619,0.9571526287404176,1,0.995402341785459,0.995402341785459,0.995402341785459
2011-08-12 11:15:01,0.33378378378400003,0.8344080994268136,1,0.9935497171657364,0.9935497171657364,0.9935497171657365
2011-08-12 13:15:01,0.218,0.5115284139761157,1,0.9915102199564424,0.9915102199564424,0.9915102199564425
2011-08-12 14:15:01,0.308706896552,0.7550586222806117,1,0.9892654440326626,0.9892654440326626,0.9892654440326626
2011-08-12 15:15:01,0.24135501355,0.5614046201555121,1,0.986795264967672,0.9867952649676719,0.986795264967672
2011-08-12 16:15:01,0.212047244094,0.4707299299356956,1,0.9840776998668066,0.9840776998668066,0.9840776998668066
2011-08-12 17:15:01,0.175767790262,0.3668688131688711,1,0.9810887601954399,0.98108876019544,0.9810887601954399
2011-08-12 18:15:01,0.134796954315,0.26540434818313263,1,0.9778022983113978,0.9778022983113978,0.9778022983113978
2011-08-12 19:15:01,0.162904290429,0.3320157639243601,1,0.9741898487386584,0.9741898487386584,0.9741898487386584
2011-08-12 21:15:01,0.160676258993,0.3256687102709721,1,0.9702204656166424,0.9702204656166424,0.9702204656166425
2011-08-12 22:15:01,0.109723404255,0.23304139233470805,1,0.9658605582379192,0.9658605582379192,0.9658605582379192
2011-08-12 23:15:01,0.121656441718,0.2361275471613601,1,0.9610737271572142,0.961073727157214,0.9610737271572141
2011-08-13 00:15:01,0.131589958159,0.25733898705976205,1,0.9558206040263488,0.9558206040263488,0.9558206040263488
2011-08-13 01:15:01,0.193345724907,0.4125399166067573,1,0.9500586990924632,0.9500586990924632,0.9500586990924632
2011-08-13 02:15:01,0.1795,0.37392512252772464,1,0.9437422611978667,0.9437422611978667,0.9437422611978669
2011-08-13 03:15:01,0.183160621762,0.3829095578731049,1,0.9368221561433312,0.9368221561433312,0.9368221561433312
2011-08-13 04:15:01,0.152888888889,0.30468331000746823,1,0.9292457704217196,0.9292457704217196,0.9292457704217196
2011-08-13 05:15:01,0.145144356955,0.2860367269550668,1,0.9209569485878404,0.9209569485878404,0.9209569485878404
2011-08-13 06:15:01,0.156018808777,0.3112415128957797,1,0.9118959738857296,0.9118959738857296,0.9118959738857295
2011-08-13 07:15:01,0.181965065502,0.376445020169799,1,0.9019996031760736,0.9019996031760736,0.9019996031760737
2011-08-13 08:15:01,0.214,0.4625035250244359,1,0.8912011686474979,0.8912011686474979,0.891201168647498
2011-08-13 09:15:01,0.8392307692309999,0.9989147093209532,1,0.8794307601893278,0.8794307601893278,0.8794307601893278
2011-08-13 10:15:01,0.3325,0.6215288595634029,1,0.8666155035591863,0.8666155035591863,0.8666155035591863
2011-08-13 11:15:01,0.391,0.7164733639781571,1,0.8526799504779677,0.8526799504779677,0.8526799504779677
2011-08-13 12:15:01,0.574390243902,0.9075542846048676,1,0.8375465973782311,0.8375465973782311,0.8375465973782311
2011-08-13 13:15:01,0.32679558011,0.5558050078893259,1,0.8211365495396461,0.8211365495396461,0.8211365495396461
2011-08-13 15:15:01,0.18606557377,0.30913388395037195,1,0.8033703465568997,0.8033703465568997,0.8033703465568997
2011-08-13 17:15:01,0.203935185185,0.3363172260414823,1,0.78416896326783,0.78416896326783,0.78416896326783
2011-08-13 18:15:01,0.241901408451,0.39801975367674297,1,0.7634549971765241,0.7634549971765241,0.763454997176524
2011-08-13 19:15:01,0.133696027634,0.2339250448791493,1,0.7411540487971052,0.7411540487971052,0.7411540487971052
2011-08-13 20:15:01,0.159906323185,0.2685914754879354,1,0.7171962950099681,0.7171962950099681,0.7171962950099681
2011-08-13 21:15:01,0.147527272727,0.251533099120873,1,0.6915182473196357,0.6915182473196357,0.6915182473196357
2011-08-13 22:15:01,0.124267515924,0.22372658597749287,1,0.664064676796152,0.664064676796152,0.664064676796152
2011-08-13 23:15:01,0.100994496855,0.2535134130024761,1,0.6347906755879529,0.6347906755879529,0.6347906755879529
2011-08-14 00:15:01,0.0887354085603,0.270080247155082,1,0.6036638115339104,0.6036638115339104,0.6036638115339104
2011-08-14 01:15:01,0.10877124183,0.24257516117125444,1,0.5706663181398269,0.5706663181398269,0.5706663181398269
2011-08-14 02:15:01,0.102154876374,0.2511099009591979,1,0.5357972478545596,0.5357972478545596,0.5357972478545596
2011-08-14 03:15:01,0.110302724521,0.2403565446843557,1,0.4990745032881272,0.4990745032881272,0.4990745032881272
2011-08-14 04:15:01,0.0947476024871,0.2611876560233869,1,0.4605366500964718,0.4605366500964718,0.4605366500964718
2011-08-14 05:15:01,0.0958114558473,0.2596774063813787,1,0.4202444082025261,0.4202444082025261,0.42024440820252607
2011-08-14 06:15:01,0.104109033566,0.2486913895903284,1,0.3782817163337285,0.3782817163337285,0.3782817163337285
2011-08-14 07:15:01,0.110124688279,0.2408577876251697,1,0.3347562698705901,0.3347562698705901,0.3347562698705901
2011-08-14 08:15:01,0.113954754922,0.2360999723043872,1,0.2897994446825681,0.2897994446825681,0.2897994446825681
2011-08-14 09:15:01,0.131629370629,0.2312764838659706,1,0.2435655403492701,0.24356554034927014,0.24356554034927017
2011-08-14 10:15:01,0.156177606178,0.2635512696120533,1,0.1962303045264593,0.1962303045264593,0.19623030452645926
2011-08-14 11:15:01,0.186141176471,0.3065946604497227,1,0.14798873493344167,0.14798873493344167,0.14798873493344167
2011-08-14 12:15:01,0.210567823344,0.3441257865538218,1,0.09905219434339976,0.09905219434339976,0.09905219434339975
2011-08-14 13:15:01,0.183082039911,0.3006608140787401,1,0.049644914133534834,0.049644914133534834,0.049644914133534834
2011-08-14 14:15:01,0.184261904762,0.3018886524387475,0,-0.005495421245366803,-0.010990842490733605,-0.005495421245366803
2011-08-14 15:15:01,0.0974306569343,0.26051227666259097,0,-0.010963479408745123,-0.02192695881749025,-0.010963479408745124
2011-08-14 16:15:01,0.124666666667,0.22493153122037152,0,-0.016377353698564974,-0.03275470739712995,-0.016377353698564974
2011-08-14 17:15:01,0.110352963382,0.2430776615324549,0,-0.02171128522473944,-0.04342257044947888,-0.02171128522473944
2011-08-14 18:15:01,0.0991266277503,0.25793495908652875,0,-0.02694105286440801,-0.05388210572881602,-0.02694105286440801
2011-08-14 19:15:01,0.0974669148056,0.25995918418671354,0,-0.032044387369675,-0.06408877473935,-0.032044387369675
2011-08-14 20:15:01,0.10314339981,0.2518654610494451,0,-0.03700130987699654,-0.07400261975399308,-0.03700130987699654
2011-08-14 21:15:01,0.111710368054,0.2408245120965828,0,-0.04179438584807474,-0.08358877169614948,-0.04179438584807474
2011-08-14 22:15:01,0.0900873124147,0.2698370859471755,0,-0.04640889057750087,-0.09281778115500174,-0.04640889057750087
2011-08-14 23:15:01,0.0869049815498,0.274234064516262,0,-0.05083288729860108,-0.10166577459720216,-0.050832887298601075
2011-08-15 01:15:01,0.0962115334885,0.2610491533684585,0,-0.055057223230925885,-0.11011444646185177,-0.05505722323092589
2011-08-15 02:15:01,0.104748480756,0.2495193971579972,0,-0.059075452369783885,-0.11815090473956776,-0.059075452369783885
2011-08-15 03:15:01,0.119817922171,0.23003403162346986,0,-0.0628836962693629,-0.1257673925387258,-0.0628836962693629
2011-08-15 04:15:01,0.100344978644,0.2556524077995416,0,-0.066480455482888,-0.132960910965776,-0.066480455482888
2011-08-15 05:15:01,0.102439299831,0.2528856666538084,0,-0.06986638476260161,-0.13973276952520322,-0.06986638476260161
2011-08-15 06:15:01,0.100038271049,0.2562689021758821,0,-0.07304404472946338,-0.14608808945892676,-0.07304404472946338
2011-08-15 07:15:01,0.126746153846,0.22356150078605266,0,-0.07601764168162238,-0.15203528336324476,-0.07601764168162238
2011-08-15 08:15:01,0.119818181818,0.2306027006336449,0,-0.07879276572189269,-0.15758553144378534,-0.07879276572189269
2011-08-15 09:15:01,0.143032384691,0.2441249616005421,0,-0.08137613564014047,-0.16275227128028094,-0.08137613564014047
2011-08-15 10:15:01,0.16394265233,0.27241741750154363,0,-0.08377535715513414,-0.16755071431026827,-0.08377535715513414
2011-08-15 11:15:01,0.177272727273,0.29127924821540563,0,-0.08599869933696516,-0.17199739867393032,-0.08599869933696516
2011-08-15 12:15:01,0.173473282443,0.2852386231505104,0,-0.08805489239366927,-0.17610978478733855,-0.08805489239366927
2011-08-15 14:15:01,0.115397350993,0.23781841549996194,0,-0.08995294857673165,-0.1799058971534633,-0.08995294857673165
2011-08-15 15:15:01,0.101152527849,0.25669620966590634,0,-0.09170200677133708,-0.18340401354267416,-0.09170200677133708
2011-08-15 16:15:01,0.12355189058700004,0.2273434529613391,0,-0.09331120039532642,-0.18662240079065284,-0.09331120039532642
2011-08-15 17:15:01,0.0958940397351,0.2637744079777933,0,-0.0947895475244637,-0.1895790950489274,-0.0947895475244637
2011-08-15 18:15:01,0.0946141176471,0.26509256754539096,0,-0.09614586166746077,-0.19229172333492156,-0.09614586166746077
2011-08-15 19:15:01,0.110444179714,0.2434712452895549,0,-0.09738868130224887,-0.19477736260449774,-0.09738868130224888
2011-08-15 20:15:01,0.0860211769497,0.2768436176896201,0,-0.0985262161227481,-0.1970524322454962,-0.0985262161227481
2011-08-15 21:15:01,0.096470323741,0.2617527097631674,0,-0.0995663079009353,-0.1991326158018706,-0.0995663079009353
2011-08-15 22:15:01,0.07789157756519999,0.28805966344780193,0,-0.10051640391296104,-0.2010328078259221,-0.10051640391296104
2011-08-15 23:15:01,0.0939057656541,0.2650256210577547,0,-0.10138354098471183,-0.2027670819694237,-0.10138354098471185
2011-08-16 00:15:01,0.0858164165931,0.27647633076609235,0,-0.10217433836002003,-0.2043486767200401,-0.10217433836002004
2011-08-16 01:15:01,0.10321448468,0.2522328072625651,0,-0.10289499776634088,-0.20578999553268176,-0.10289499776634088
2011-08-16 02:15:01,0.105449290594,0.2492889566988667,0,-0.1035513092347016,-0.20710261846940325,-0.10355130923470161
2011-08-16 03:15:01,0.109692862045,0.2437552902309189,0,-0.10414866141308952,-0.20829732282617905,-0.10414866141308951
2011-08-16 04:15:01,0.105233912888,0.2496534475193636,0,-0.10469205528811278,-0.20938411057622555,-0.10469205528811278
2011-08-16 05:15:01,0.101970472441,0.25420289667873097,0,-0.1051861203940513,-0.2103722407881026,-0.1051861203940513
2011-08-16 06:15:01,0.116605328207,0.235142826745842,0,-0.10563513273850296,-0.2112702654770059,-0.10563513273850295
2011-08-16 07:15:01,0.113288439955,0.2394799174840577,0,-0.10604303380833986,-0.21208606761667967,-0.10604303380833986
2011-08-16 08:15:01,0.135433846154,0.2340635513100189,0,-0.106413450138283,-0.212826900276566,-0.10641345013828299
2011-08-16 09:15:01,0.148375411636,0.2509452474302432,0,-0.10674971302747993,-0.21349942605495986,-0.10674971302747993
2011-08-16 10:15:01,0.184129554656,0.3018775721745771,0,-0.10705487807791376,-0.2141097561558275,-0.10705487807791375
2011-08-16 11:15:01,0.18400530504,0.30114940214903485,0,-0.10733174430345968,-0.21466348860691933,-0.10733174430345967
2011-08-16 12:15:01,0.182634615385,0.2985691650820021,0,-0.1075828726212695,-0.21516574524253898,-0.1075828726212695
2011-08-16 13:15:01,0.17609243697500002,0.2883808227612193,0,-0.10781060358928106,-0.21562120717856206,-0.10781060358928106
2011-08-16 14:15:01,0.07240279162510001,0.2989541626164129,0,-0.10801707429637347,-0.21603414859274692,-0.10801707429637347
2011-08-16 15:15:01,0.126272313616,0.22449160377403826,0,-0.10820423434630484,-0.21640846869260968,-0.10820423434630483
2011-08-16 16:15:01,0.142576240328,0.2416943057176328,0,-0.10837386090425796,-0.21674772180851595,-0.10837386090425796
2011-08-16 17:15:01,0.0831278489255,0.2825147704508308,0,-0.10852757279665734,-0.21705514559331468,-0.10852757279665734
2011-08-16 18:15:01,0.129988158674,0.2263371422620649,0,-0.10866684367185148,-0.21733368734370295,-0.10866684367185149
2011-08-16 19:15:01,0.0946607669617,0.2652922636587133,0,-0.10879301424212093,-0.21758602848424186,-0.10879301424212091
2011-08-16 20:15:01,0.113798294029,0.23924992902536,0,-0.10890730363698746,-0.21781460727397486,-0.10890730363698746
2011-08-16 21:15:01,0.0914274128143,0.26982314409629105,0,-0.10901081990459294,-0.21802163980918587,-0.10901081990459294
2011-08-16 22:15:01,0.102077625571,0.2548248248764054,0,-0.10910456970250283,-0.2182091394050057,-0.10910456970250285
2011-08-16 23:15:01,0.0932054176072,0.267226967757091,0,-0.10918946722212408,-0.21837893444424816,-0.10918946722212408
2011-08-17 00:15:01,0.090239396305,0.2713456713859795,0,-0.10926634239236906,-0.2185326847847381,-0.10926634239236906
2011-08-17 01:15:01,0.109984260231,0.244153129274148,0,-0.10933594840856414,-0.2186718968171283,-0.10933594840856414
2011-08-17 02:15:01,0.103417615539,0.25300003093414475,0,-0.10939896863213756,-0.21879793726427516,-0.10939896863213756
2011-08-17 03:15:01,0.0948370349005,0.26472898057251704,0,-0.10945602290554036,-0.2189120458110807,-0.10945602290554035
2011-08-17 04:15:01,0.0929410519632,0.2671390576979928,0,-0.1095076733253192,-0.2190153466506384,-0.1095076733253192
2011-08-17 05:15:01,0.0965031374786,0.2620385782258333,0,-0.10955442951440902,-0.21910885902881805,-0.10955442951440902
2011-08-17 06:15:01,0.0988044485635,0.2587717516877103,0,-0.1095967534326516,-0.2191935068653032,-0.10959675343265159
2011-08-17 07:15:01,0.137145988601,0.2364685954543589,0,-0.10963506376236164,-0.21927012752472327,-0.10963506376236164
2011-08-17 08:15:01,0.13848755583900002,0.23819273426101945,0,-0.10966973990351786,-0.21933947980703566,-0.10966973990351786
2011-08-17 09:15:01,0.142863157895,0.24377193044977585,0,-0.10970112561090564,-0.21940225122181128,-0.10970112561090563
2011-08-17 10:15:01,0.182912423625,0.3003529545324339,0,-0.10972953230331896,-0.21945906460663794,-0.10972953230331897
2011-08-17 11:15:01,0.209246231156,0.341015952192734,0,-0.10975524207277072,-0.21951048414554145,-0.10975524207277072
2011-08-17 12:15:01,0.08963090128760001,0.2728280992191033,0,-0.10977851041958116,-0.21955702083916231,-0.10977851041958116
2011-08-17 13:15:01,0.16009888751499998,0.2661159953572648,0,-0.10979956873723186,-0.21959913747446366,-0.10979956873723186
2011-08-17 14:15:01,0.169830960854,0.27974656455527785,0,-0.10981862656899236,-0.21963725313798474,-0.10981862656899237
2011-08-17 15:15:01,0.111095890411,0.2435893417235825,0,-0.10983587365655594,-0.21967174731311187,-0.10983587365655594
2011-08-17 16:15:01,0.103264797508,0.25385068166169666,0,-0.10985148179926076,-0.2197029635985216,-0.10985148179926078
2011-08-17 18:15:01,0.10642134019,0.2492246846095691,0,-0.10986560654092443,-0.21973121308184887,-0.10986560654092443
2011-08-17 19:15:01,0.11107599193,0.24301713947646944,0,-0.1098783886998768,-0.2197567773997536,-0.1098783886998768
2011-08-17 20:15:01,0.0933295476055,0.266943114252896,0,-0.1098899557564425,-0.219779911512885,-0.1098899557564425
2011-08-17 21:15:01,0.0901564756861,0.2713737116821511,0,-0.10990042311088707,-0.21980084622177412,-0.10990042311088707
2011-08-17 22:15:01,0.0913871834229,0.2693806641343825,0,-0.10990989522370308,-0.21981979044740613,-0.10990989522370308
2011-08-17 23:15:01,0.0825788643533,0.28199048591774817,0,-0.1099184666490622,-0.2198369332981244,-0.1099184666490622
2011-08-18 00:15:01,0.0833674873834,0.2807593792877395,0,-0.10992622297129738,-0.2198524459425948,-0.10992622297129738
2011-08-18 01:15:01,0.115031691858,0.23675102123551955,0,-0.10993324165339363,-0.21986648330678726,-0.10993324165339363
2011-08-18 02:15:01,0.112555948174,0.2401454253256896,0,-0.10993959280565772,-0.21987918561131545,-0.10993959280565771
2011-08-18 03:15:01,0.09707841356339998,0.26111469567114265,0,-0.10994533988199534,-0.21989067976399068,-0.10994533988199534
2011-08-18 04:15:01,0.0894849076438,0.2719021875983385,0,-0.10995054031054867,-0.21990108062109734,-0.10995054031054868
2011-08-18 05:15:01,0.0954665930425,0.26346593462247964,0,-0.10995524606482786,-0.2199104921296557,-0.10995524606482786
2011-08-18 06:15:01,0.0930890538033,0.2668544938061667,0,-0.10995950418090804,-0.21991900836181608,-0.10995950418090804
2011-08-18 07:15:01,0.134485823106,0.23301486776617944,0,-0.10996335722574901,-0.219926714451498,-0.10996335722574899
2011-08-18 08:15:01,0.119522673031,0.2313672225087181,0,-0.10996684372122684,-0.2199336874424537,-0.10996684372122685
2011-08-18 09:15:01,0.15655426765,0.2623793365730395,0,-0.10996999852804253,-0.21993999705608505,-0.10996999852804251
2011-08-18 10:15:01,0.162859778598,0.2709896806988936,0,-0.10997285319328302,-0.21994570638656605,-0.10997285319328302
2011-08-18 11:15:01,0.156780821918,0.2621244141467125,0,-0.1099754362650615,-0.21995087253012302,-0.1099754362650615
2011-08-18 12:15:01,0.15992,0.2662582638737662,0,-0.1099777735773403,-0.2199555471546806,-0.1099777735773403
2011-08-18 13:15:01,0.0941793103448,0.2663884630589894,0,-0.10997988850775252,-0.21995977701550504,-0.10997988850775253
2011-08-18 14:15:01,0.148830548926,0.2509859854569036,0,-0.10998180221097263,-0.21996360442194526,-0.10998180221097263
2011-08-18 15:15:01,0.07021078735280001,0.3012514565248002,0,-0.10998353382994766,-0.21996706765989527,-0.10998353382994766
2011-08-18 16:15:01,0.12625,0.22328520342240346,0,-0.10998510068708366,-0.2199702013741673,-0.10998510068708366
2011-08-18 18:15:01,0.10571216892000004,0.249702304966351,0,-0.10998651845728434,-0.21997303691456868,-0.10998651845728434
2011-08-18 20:15:01,0.103750564436,0.252366015999336,0,-0.109987801324561,-0.219975602649122,-0.10998780132456099
2011-08-18 21:15:01,0.122362025891,0.2276997997207223,0,-0.10998896212376956,-0.21997792424753915,-0.10998896212376957
2011-08-18 22:15:01,0.137876671323,0.2374422783528656,0,-0.10999001246888546,-0.2199800249377709,-0.10999001246888546
2011-08-18 23:15:01,0.117859526193,0.2336267116501175,0,-0.10999096286909177,-0.2199819257381835,-0.10999096286909175
2011-08-19 00:15:01,0.1204649794,0.2302921237625477,0,-0.10999182283383736,-0.21998364566767475,-0.10999182283383736
2011-08-19 01:15:01,0.113749719164,0.23890624648375244,0,-0.1099926009679115,-0.219985201935823,-0.1099926009679115
2011-08-19 02:15:01,0.107351830331,0.24751711184002545,0,-0.10999330505748188,-0.21998661011496376,-0.10999330505748188
2011-08-19 03:15:01,0.109541387025,0.2446931706286011,0,-0.1099939421479548,-0.2199878842959096,-0.1099939421479548
2011-08-19 04:15:01,0.105772058824,0.249975436844898,0,-0.10999451861443332,-0.21998903722886665,-0.10999451861443332
2011-08-19 05:15:01,0.108844212045,0.2459505104629755,0,-0.1099950402254769,-0.2199900804509538,-0.1099950402254769
2011-08-19 06:15:01,0.112162649245,0.24162641851056402,0,-0.10999551220079842,-0.21999102440159685,-0.10999551220079842
2011-08-19 07:15:01,0.117966273187,0.2340536625138083,0,-0.10999593926347496,-0.2199918785269499,-0.10999593926347495
2011-08-19 08:15:01,0.127787610619,0.2237668133506057,0,-0.10999632568719342,-0.21999265137438684,-0.10999632568719342
2011-08-19 09:15:01,0.155221774194,0.2599559279565252,0,-0.10999667533900298,-0.219993350678006,-0.10999667533900298
2011-08-19 10:15:01,0.156446945338,0.2613762967129835,0,-0.1099969917180014,-0.2199939834360028,-0.1099969917180014
2011-08-19 11:15:01,0.17168181818199998,0.28287569616771296,0,-0.10999727799034162,-0.21999455598068324,-0.10999727799034162
2011-08-19 12:15:01,0.175777153558,0.2885135528545299,0,-0.10999753702090888,-0.21999507404181776,-0.10999753702090888
2011-08-19 13:15:01,0.145376782077,0.2453029968856474,0,-0.1099977714019842,-0.2199955428039684,-0.1099977714019842
2011-08-19 14:15:01,0.102166313559,0.2566082420650823,0,-0.10999798347918163,-0.21999596695836326,-0.10999798347918163
2011-08-19 15:15:01,0.108963553531,0.2472852231081308,0,-0.10999817537491777,-0.2199963507498355,-0.10999817537491775
2011-08-19 16:15:01,0.12097130762,0.23132190545528025,0,-0.10999834900964864,-0.21999669801929728,-0.10999834900964864
2011-08-19 18:15:01,0.8380405405410001,0.9797245662547922,0,-0.1099985061210864,-0.21999701224217286,-0.10999850612108641
2011-08-19 19:15:01,0.13887086092700002,0.23249303824563164,0,-0.10999864828158752,-0.21999729656317504,-0.10999864828158752
2011-08-19 20:15:01,0.113684525591,0.24082029485043385,0,-0.1099987769138866,-0.2199975538277732,-0.1099987769138866
2011-08-19 21:15:01,0.114137812231,0.2403124044599627,0,-0.10999889330533362,-0.21999778661066724,-0.10999889330533362
2011-08-19 22:15:01,0.0986717694732,0.25842580687969385,0,-0.10999899862077614,-0.21999799724155228,-0.10999899862077614
2011-08-19 23:15:01,0.106513500711,0.24928992968855915,0,-0.10999909391421614,-0.21999818782843228,-0.10999909391421614
2011-08-20 00:15:01,0.105483216525,0.2505456735122721,0,-0.10999918013935747,-0.21999836027871494,-0.10999918013935749
2011-08-20 01:15:01,0.124805619079,0.2288395844355739,0,-0.10999925815915,-0.2199985163183,-0.10999925815914999
2011-08-20 02:15:01,0.112333476579,0.2429890282626936,0,-0.10999932875442528,-0.21999865750885056,-0.10999932875442528
2011-08-20 03:15:01,0.108533905579,0.2475567252660341,0,-0.10999939263171096,-0.2199987852634219,-0.10999939263171095
2011-08-20 04:15:01,0.109217352415,0.2469011865379284,0,-0.10999945043030117,-0.2199989008606023,-0.10999945043030115
2011-08-20 05:15:01,0.109404084366,0.2467476224658109,0,-0.10999950272865447,-0.21999900545730894,-0.10999950272865447
2011-08-20 06:15:01,0.110393435725,0.2456429707847463,0,-0.10999955005018286,-0.21999910010036566,-0.10999955005018286
2011-08-20 07:15:01,0.136529324425,0.2287894035059889,0,-0.10999959286848997,-0.21999918573697996,-0.10999959286848997
2011-08-20 08:15:01,0.123941368078,0.23055073679829136,0,-0.1099996316121108,-0.2199992632242216,-0.1099996316121108
2011-08-20 09:15:01,0.157157652474,0.25204833527078235,0,-0.10999966666880036,-0.21999933333760074,-0.10999966666880037
2011-08-20 10:15:01,0.195286624204,0.2993314685515754,0,-0.1099996983894145,-0.219999396778829,-0.1099996983894145
2011-08-20 11:15:01,0.2435087719300001,0.3655144363293335,0,-0.10999972709142096,-0.21999945418284192,-0.10999972709142096
2011-08-20 12:15:01,0.261832061069,0.3911704994558474,0,-0.10999975306207682,-0.21999950612415364,-0.10999975306207682
2011-08-20 13:15:01,0.18472340425500008,0.28344325254153685,0,-0.10999977656130333,-0.21999955312260666,-0.10999977656130332
2011-08-20 14:15:01,0.112487526728,0.2455116074712468,0,-0.10999979782428708,-0.21999959564857413,-0.10999979782428707
2011-08-20 15:15:01,0.154967320261,0.2472360231878735,0,-0.10999981706383392,-0.21999963412766785,-0.10999981706383391
2011-08-20 16:15:01,0.1399559956,0.2302940525357455,0,-0.10999983447249873,-0.21999966894499745,-0.10999983447249871
2011-08-20 17:15:01,0.119973554302,0.23690187408793065,0,-0.1099998502245124,-0.2199997004490248,-0.1099998502245124
2011-08-20 18:15:01,0.11578023407,0.2412399645001307,0,-0.10999986447752573,-0.21999972895505146,-0.10999986447752573
2011-08-20 19:15:01,0.092985620915,0.2680899630726819,0,-0.10999987737418712,-0.21999975474837424,-0.10999987737418711
2011-08-20 20:15:01,0.116403481505,0.24050134494283226,0,-0.1099998890435702,-0.2199997780871404,-0.10999988904357019
2011-08-20 21:15:01,0.113099325567,0.2442992220544519,0,-0.10999989960246573,-0.21999979920493146,-0.10999989960246573
2011-08-20 22:15:01,0.110448307411,0.2474701148782945,0,-0.10999990915655036,-0.21999981831310075,-0.10999990915655036
2011-08-20 23:15:01,0.0853368263473,0.2778245333175472,0,-0.10999991780144436,-0.21999983560288872,-0.10999991780144436
2011-08-21 00:15:01,0.110259965338,0.2477987113427395,0,-0.10999992562366848,-0.21999985124733695,-0.10999992562366849
2011-08-21 01:15:01,0.117662835249,0.23942006731505625,0,-0.10999993270151008,-0.21999986540302016,-0.10999993270151008
2011-08-21 02:15:01,0.118014601978,0.2391347052063377,0,-0.11,-0.22,-0.11
2011-08-21 03:15:01,0.118139356815,0.2391317595403845,0,-0.11,-0.22,-0.11
2011-08-21 04:15:01,0.107148516863,0.25213323977792995,0,-0.11,-0.22,-0.11
2011-08-21 05:15:01,0.108439189189,0.2506950032076876,0,-0.11,-0.22,-0.11
2011-08-21 06:15:01,0.114059720457,0.2442168190312045,0,-0.11,-0.22,-0.11
2011-08-21 07:15:01,0.132777089783,0.2233534655269057,0,-0.11,-0.22,-0.11
2011-08-21 08:15:01,0.118961499493,0.238858941687674,0,-0.11,-0.22,-0.11
2011-08-21 09:15:01,0.11548618219,0.24293451277277056,0,-0.11,-0.22,-0.11
2011-08-21 10:15:01,0.179405594406,0.2761108786450941,0,-0.11,-0.22,-0.11
2011-08-21 11:15:01,0.214325153374,0.3214381774244453,0,-0.11,-0.22,-0.11
2011-08-21 12:15:01,0.205019455253,0.3082438972675198,0,-0.11,-0.22,-0.11
2011-08-21 13:15:01,0.213119383825,0.3185486340143541,0,-0.11,-0.22,-0.11
2011-08-21 15:15:01,0.119443048576,0.2400147162442983,0,-0.11,-0.22,-0.11
2011-08-21 16:15:01,0.123667200855,0.2352316015678001,0,-0.11,-0.22,-0.11
2011-08-21 17:15:01,0.123833452979,0.2349780947265033,0,-0.11,-0.22,-0.11
2011-08-21 18:15:01,0.100309412376,0.2622705113021366,0,-0.11,-0.22,-0.11
2011-08-21 19:15:01,0.113838737949,0.2461106621300647,0,-0.11,-0.22,-0.11
2011-08-21 20:15:01,0.106943181818,0.2542616813574204,0,-0.11,-0.22,-0.11
2011-08-21 21:15:01,0.114195221337,0.24574638659185705,0,-0.11,-0.22,-0.11
2011-08-21 22:15:01,0.113527696793,0.2466572541400905,0,-0.11,-0.22,-0.11
2011-08-21 23:15:01,0.110797524923,0.24992864595653644,0,-0.11,-0.22,-0.11
2011-08-22 00:15:01,0.0959462616822,0.26780557558138657,0,-0.11,-0.22,-0.11
2011-08-22 01:15:01,0.11225498008,0.2483679085718901,0,-0.11,-0.22,-0.11
2011-08-22 02:15:01,0.107924528302,0.25358962418078884,0,-0.11,-0.22,-0.11
2011-08-22 03:15:01,0.10665061364,0.2551925358629935,0,-0.11,-0.22,-0.11
2011-08-22 04:15:01,0.104035980991,0.2585488812536898,0,-0.11,-0.22,-0.11
2011-08-22 05:15:01,0.100924520767,0.2624115451213527,0,-0.11,-0.22,-0.11
2011-08-22 06:15:01,0.10439802727,0.25826878949709586,0,-0.11,-0.22,-0.11
2011-08-22 07:15:01,0.130867018161,0.22784095271520155,0,-0.11,-0.22,-0.11
2011-08-22 08:15:01,0.131827272727,0.22691196734708524,0,-0.11,-0.22,-0.11
2011-08-22 09:15:01,0.147066666667,0.2351247845724363,0,-0.11,-0.22,-0.11
2011-08-22 10:15:01,0.173532934132,0.2660621118388181,0,-0.11,-0.22,-0.11
2011-08-22 11:15:01,0.152304347826,0.2405799622040449,0,-0.11,-0.22,-0.11
2011-08-22 12:15:01,0.16310139164999998,0.2529784771992669,0,-0.11,-0.22,-0.11
2011-08-22 13:15:01,0.165607711651,0.2557214608001433,0,-0.11,-0.22,-0.11
2011-08-22 15:15:01,0.151373895976,0.2389619201832144,0,-0.11,-0.22,-0.11
2011-08-22 16:15:01,0.111465428277,0.25146684500213345,0,-0.11,-0.22,-0.11
2011-08-22 17:15:01,0.153356573705,0.24129350653881496,0,-0.11,-0.22,-0.11
2011-08-22 18:15:01,0.112089475045,0.2503944473392868,0,-0.11,-0.22,-0.11
2011-08-22 19:15:01,0.132385438972,0.22712727471269825,0,-0.11,-0.22,-0.11
2011-08-22 20:15:01,0.104119975005,0.2598718679512194,0,-0.11,-0.22,-0.11
2011-08-22 21:15:01,0.110782159017,0.25193426685759,0,-0.11,-0.22,-0.11
2011-08-22 22:15:01,0.135107933838,0.2243070063373576,0,-0.11,-0.22,-0.11
2011-08-22 23:15:01,0.132028268551,0.22784472332140546,0,-0.11,-0.22,-0.11
2011-08-23 00:15:01,0.101422651934,0.26366857660694565,0,-0.11,-0.22,-0.11
2011-08-23 01:15:01,0.116365979381,0.24592707074132514,0,-0.11,-0.22,-0.11
2011-08-23 02:15:01,0.111508323766,0.2517111058973067,0,-0.11,-0.22,-0.11
2011-08-23 03:15:01,0.108039435044,0.25608465749468723,0,-0.11,-0.22,-0.11
2011-08-23 04:15:01,0.106979215502,0.2574172605843706,0,-0.11,-0.22,-0.11
2011-08-23 05:15:01,0.107041465767,0.2574569364652197,0,-0.11,-0.22,-0.11
2011-08-23 06:15:01,0.134548895899,0.2257449139289329,0,-0.11,-0.22,-0.11
2011-08-23 07:15:01,0.107432688661,0.25725701800868456,0,-0.11,-0.22,-0.11
2011-08-23 08:15:01,0.15599820949,0.24361030394119285,0,-0.11,-0.22,-0.11
2011-08-23 09:15:01,0.222613636364,0.3288756464952211,0,-0.11,-0.22,-0.11
2011-08-23 10:15:01,0.194182590234,0.2898189416100609,0,-0.11,-0.22,-0.11
2011-08-23 11:15:01,0.17591508052700006,0.2662417863523736,0,-0.11,-0.22,-0.11
2011-08-23 12:15:01,0.204560943644,0.3026439171534296,0,-0.11,-0.22,-0.11
2011-08-23 13:15:01,0.158182612495,0.2442971838078678,0,-0.11,-0.22,-0.11
2011-08-23 14:15:01,0.194675488343,0.2890204117491667,0,-0.11,-0.22,-0.11
2011-08-23 16:15:01,0.134039001818,0.22860029341007101,0,-0.11,-0.22,-0.11
2011-08-23 17:15:01,0.122247220067,0.2418582196511591,0,-0.11,-0.22,-0.11
2011-08-23 18:15:01,0.1261953125,0.23705861839808914,0,-0.11,-0.22,-0.11
2011-08-23 19:15:01,0.120284266197,0.2440638204462095,0,-0.11,-0.22,-0.11
2011-08-23 20:15:01,0.111192768717,0.2547456981798613,0,-0.11,-0.22,-0.11
2011-08-23 21:15:01,0.129054033827,0.2339056209981092,0,-0.11,-0.22,-0.11
2011-08-23 22:15:01,0.07870333428330001,0.29572635082978804,0,-0.11,-0.22,-0.11
2011-08-23 23:15:01,0.127059150751,0.2362028985942506,0,-0.11,-0.22,-0.11
2011-08-24 00:15:01,0.121846348976,0.24223145833287946,0,-0.11,-0.22,-0.11
2011-08-24 01:15:01,0.110378730495,0.2559183306456444,0,-0.11,-0.22,-0.11
2011-08-24 02:15:01,0.114716875088,0.2508139306034035,0,-0.11,-0.22,-0.11
2011-08-24 03:15:01,0.106452149792,0.26089477035770714,0,-0.11,-0.22,-0.11
2011-08-24 04:15:01,0.109707221861,0.2569502953882476,0,-0.11,-0.22,-0.11
2011-08-24 05:15:01,0.116718648473,0.248684158590702,0,-0.11,-0.22,-0.11
2011-08-24 06:15:01,0.109562764457,0.25731843620484096,0,-0.11,-0.22,-0.11
2011-08-24 07:15:01,0.13544292639900002,0.22733340834059826,0,-0.11,-0.22,-0.11
2011-08-24 08:15:01,0.14671592775,0.23039474209783106,0,-0.11,-0.22,-0.11
2011-08-24 09:15:01,0.20891954023,0.30723763349076666,0,-0.11,-0.22,-0.11
2011-08-24 10:15:01,0.232419354839,0.339206906246016,0,-0.11,-0.22,-0.11
2011-08-24 11:15:01,0.321585014409,0.4731793993600221,0,-0.11,-0.22,-0.11
2011-08-24 12:15:01,0.254437086093,0.3677982975429203,0,-0.11,-0.22,-0.11
2011-08-24 13:15:01,0.26245,0.37851208989747465,0,-0.11,-0.22,-0.11
2011-08-24 15:15:01,0.162664536741,0.2457123079088609,0,-0.11,-0.22,-0.11
2011-08-24 16:15:01,0.153017329256,0.23478842895798024,0,-0.11,-0.22,-0.11
2011-08-24 17:15:01,0.216891025641,0.3132839351969661,0,-0.11,-0.22,-0.11
2011-08-24 18:15:01,0.135726872247,0.23003793651047905,0,-0.11,-0.22,-0.11
2011-08-24 19:15:01,0.126269963936,0.2405076135082708,0,-0.11,-0.22,-0.11
2011-08-24 20:15:01,0.112619808307,0.2563902005072024,0,-0.11,-0.22,-0.11
2011-08-24 21:15:01,0.120659666743,0.2471448336109896,0,-0.11,-0.22,-0.11
2011-08-24 22:15:01,0.0965659722222,0.2761483474829707,0,-0.11,-0.22,-0.11
2011-08-24 23:15:01,0.119919203307,0.24807474953151995,0,-0.11,-0.22,-0.11
2011-08-25 00:15:01,0.107341313021,0.2632383228527897,0,-0.11,-0.22,-0.11
2011-08-25 01:15:01,0.125864127804,0.2415356858608629,0,-0.11,-0.22,-0.11
2011-08-25 02:15:01,0.116297935103,0.25274149619909564,0,-0.11,-0.22,-0.11
2011-08-25 03:15:01,0.117707265335,0.2512007586202079,0,-0.11,-0.22,-0.11
2011-08-25 04:15:01,0.126613747383,0.2410435891029748,0,-0.11,-0.22,-0.11
2011-08-25 05:15:01,0.131539697109,0.2355524962697405,0,-0.11,-0.22,-0.11
2011-08-25 06:15:01,0.136512749828,0.2297596631745961,0,-0.11,-0.22,-0.11
2011-08-25 07:15:01,0.139055912007,0.2269795686208688,0,-0.11,-0.22,-0.11
2011-08-25 08:15:01,0.15835910652899998,0.2397970044934255,0,-0.11,-0.22,-0.11
2011-08-25 09:15:01,0.222864721485,0.32087571448492863,0,-0.11,-0.22,-0.11
2011-08-25 10:15:01,0.195851955307,0.2849984171540205,0,-0.11,-0.22,-0.11
2011-08-25 11:15:01,0.17323296355,0.2573268175769236,0,-0.11,-0.22,-0.11
2011-08-25 12:15:01,0.177477678571,0.2628761800878249,0,-0.11,-0.22,-0.11
2011-08-25 13:15:01,0.14595984943499998,0.2273370249206925,0,-0.11,-0.22,-0.11
2011-08-25 15:15:01,0.13367071525000002,0.2312089487136015,0,-0.11,-0.22,-0.11
2011-08-25 16:15:01,0.152332622601,0.23577688002669905,0,-0.11,-0.22,-0.11
2011-08-25 17:15:01,0.16810894340399998,0.2555815084160931,0,-0.11,-0.22,-0.11
2011-08-25 18:15:01,0.161268902038,0.2475500291502025,0,-0.11,-0.22,-0.11
2011-08-25 19:15:01,0.129840472674,0.2343861290165244,0,-0.11,-0.22,-0.11
2011-08-25 20:15:01,0.149134663342,0.2334583296564201,0,-0.11,-0.22,-0.11
2011-08-25 21:15:01,0.131813945151,0.23195450694817085,0,-0.11,-0.22,-0.11
2011-08-25 22:15:01,0.136767258383,0.2261043692395357,0,-0.11,-0.22,-0.11
2011-08-25 23:15:01,0.12135670178,0.2441688933360271,0,-0.11,-0.22,-0.11
2011-08-26 00:15:01,0.103945289643,0.26589519110527715,0,-0.11,-0.22,-0.11
2011-08-26 01:15:01,0.112820060039,0.2546127482055239,0,-0.11,-0.22,-0.11
2011-08-26 02:15:01,0.120855855856,0.24466808836370474,0,-0.11,-0.22,-0.11
2011-08-26 03:15:01,0.116340295909,0.24990089952629305,0,-0.11,-0.22,-0.11
2011-08-26 04:15:01,0.122953020134,0.2416146951605288,0,-0.11,-0.22,-0.11
2011-08-26 05:15:01,0.122890724269,0.2414577421986248,0,-0.11,-0.22,-0.11
2011-08-26 06:15:01,0.146426914153,0.23144111065866296,0,-0.11,-0.22,-0.11
2011-08-26 07:15:01,0.148379917184,0.2337234871343785,0,-0.11,-0.22,-0.11
2011-08-26 08:15:01,0.157719141324,0.24491010161489346,0,-0.11,-0.22,-0.11
2011-08-26 10:15:01,0.201403712297,0.3018380628531225,0,-0.11,-0.22,-0.11
2011-08-26 11:15:01,0.143189189189,0.22785482068674195,0,-0.11,-0.22,-0.11
2011-08-26 12:15:01,0.14888308977,0.23995332979291525,0,-0.11,-0.22,-0.11
2011-08-26 13:15:01,0.197928176796,0.3186346618666511,0,-0.11,-0.22,-0.11
2011-08-26 14:15:01,0.126004250797,0.2357208864885361,0,-0.11,-0.22,-0.11
2011-08-26 15:15:01,0.166674082314,0.2775349567033043,0,-0.11,-0.22,-0.11
2011-08-26 16:15:01,0.172854271357,0.2910635401866499,0,-0.11,-0.22,-0.11
2011-08-26 17:15:01,0.0819538188277,0.31271537494526896,0,-0.11,-0.22,-0.11
2011-08-26 18:15:01,0.145132450331,0.2429215659019577,0,-0.11,-0.22,-0.11
2011-08-26 19:15:01,0.115743597,0.2499675732007309,0,-0.11,-0.22,-0.11
2011-08-26 20:15:01,0.120467057762,0.2418710800082256,0,-0.11,-0.22,-0.11
2011-08-26 21:15:01,0.127307090136,0.2304028675923592,0,-0.11,-0.22,-0.11
2011-08-26 22:15:01,0.107151808092,0.26450682512482065,0,-0.11,-0.22,-0.11
2011-08-26 23:15:01,0.120242727798,0.2418213788107631,0,-0.11,-0.22,-0.11
2011-08-27 00:15:01,0.107143138026,0.2645413781150995,0,-0.11,-0.22,-0.11
2011-08-27 01:15:01,0.128545988618,0.2284113230769145,0,-0.11,-0.22,-0.11
2011-08-27 02:15:01,0.120697247706,0.2414094566468945,0,-0.11,-0.22,-0.11
2011-08-27 03:15:01,0.116228070175,0.2490847743571583,0,-0.11,-0.22,-0.11
2011-08-27 04:15:01,0.132985468956,0.22383063062448447,0,-0.11,-0.22,-0.11
2011-08-27 05:15:01,0.116174633678,0.2494534077691709,0,-0.11,-0.22,-0.11
2011-08-27 06:15:01,0.129264846743,0.2278179873691121,0,-0.11,-0.22,-0.11
2011-08-27 07:15:01,0.155472392638,0.2611415628955052,0,-0.11,-0.22,-0.11
2011-08-27 08:15:01,0.129101654846,0.228462548479669,0,-0.11,-0.22,-0.11
2011-08-27 09:15:01,0.229412878788,0.4098883528118212,0,-0.11,-0.22,-0.11
2011-08-27 10:15:01,0.193704545455,0.33238090565460754,0,-0.11,-0.22,-0.11
2011-08-27 11:15:01,0.245486238532,0.4431494392834244,0,-0.11,-0.22,-0.11
2011-08-27 12:15:01,0.243022312373,0.4358663603920856,0,-0.11,-0.22,-0.11
2011-08-27 13:15:01,0.143737574553,0.2390763404546682,0,-0.11,-0.22,-0.11
2011-08-27 14:15:01,0.146170105687,0.2433356932727536,0,-0.11,-0.22,-0.11
2011-08-27 15:15:01,0.183095916429,0.3101891033927102,0,-0.11,-0.22,-0.11
2011-08-27 16:15:01,0.12817414175,0.2312041360266268,0,-0.11,-0.22,-0.11
2011-08-27 17:15:01,0.08123014407089997,0.314937308251764,0,-0.11,-0.22,-0.11
2011-08-27 18:15:01,0.119228459228,0.2457151601735785,0,-0.11,-0.22,-0.11
2011-08-27 19:15:01,0.123669704379,0.2384788911083136,0,-0.11,-0.22,-0.11
2011-08-27 20:15:01,0.0981552853134,0.2830076351088264,0,-0.11,-0.22,-0.11
2011-08-27 21:15:01,0.113524554542,0.2556540566927024,0,-0.11,-0.22,-0.11
2011-08-27 22:15:01,0.117520566728,0.24885480738555285,0,-0.11,-0.22,-0.11
2011-08-27 23:15:01,0.104075839653,0.2724617918189113,0,-0.11,-0.22,-0.11
2011-08-28 00:15:01,0.0791421614535,0.3195638121699569,0,-0.11,-0.22,-0.11
2011-08-28 01:15:01,0.0808398656215,0.3160318161393995,0,-0.11,-0.22,-0.11
2011-08-28 17:15:01,0.128181254481,0.23130217550556675,0,-0.11,-0.22,-0.11
2011-08-28 18:15:01,0.109584509883,0.2625607160813618,0,-0.11,-0.22,-0.11
2011-08-28 19:15:01,0.120247610773,0.2443963387828164,0,-0.11,-0.22,-0.11
2011-08-28 20:15:01,0.132120708749,0.22522313845225114,0,-0.11,-0.22,-0.11
2011-08-28 21:15:01,0.105430708391,0.2703104676102772,0,-0.11,-0.22,-0.11
2011-08-28 22:15:01,0.100667480667,0.278739632743092,0,-0.11,-0.22,-0.11
2011-08-28 23:15:01,0.10671680275,0.26773919945079144,0,-0.11,-0.22,-0.11
2011-08-29 00:15:01,0.0941220906492,0.2903876656789889,0,-0.11,-0.22,-0.11
2011-08-29 01:15:01,0.118924072182,0.2460581734425657,0,-0.11,-0.22,-0.11
2011-08-29 02:15:01,0.117475323874,0.24819083422291524,0,-0.11,-0.22,-0.11
2011-08-29 03:15:01,0.140956412669,0.2354694870353416,0,-0.11,-0.22,-0.11
2011-08-29 04:15:01,0.118227690778,0.2467754980588571,0,-0.11,-0.22,-0.11
2011-08-29 05:15:01,0.131424930491,0.22534496160612075,0,-0.11,-0.22,-0.11
2011-08-29 06:15:01,0.13512179887599998,0.225834463573525,0,-0.11,-0.22,-0.11
2011-08-29 07:15:01,0.144571154768,0.2409386659394272,0,-0.11,-0.22,-0.11
2011-08-29 08:15:01,0.17518687329100002,0.2949681744249424,0,-0.11,-0.22,-0.11
2011-08-29 09:15:01,0.198339160839,0.3398881352881967,0,-0.11,-0.22,-0.11
2011-08-29 10:15:01,0.235892351275,0.41876270227675705,0,-0.11,-0.22,-0.11
2011-08-29 11:15:01,0.199330708661,0.33942715610420193,0,-0.11,-0.22,-0.11
2011-08-29 12:15:01,0.252757575758,0.4529491622195146,0,-0.11,-0.22,-0.11
2011-08-29 13:15:01,0.131312849162,0.2291218785974995,0,-0.11,-0.22,-0.11
2011-08-29 14:15:01,0.158032734275,0.25945466992962257,0,-0.11,-0.22,-0.11
2011-08-29 15:15:01,0.138298368298,0.2266732563491437,0,-0.11,-0.22,-0.11
2011-08-29 16:15:01,0.129769376181,0.23229724453173656,0,-0.11,-0.22,-0.11
2011-08-29 17:15:01,0.18010462075,0.29861981140897736,0,-0.11,-0.22,-0.11
2011-08-29 18:15:01,0.121613616269,0.24611060883713545,0,-0.11,-0.22,-0.11
2011-08-29 19:15:01,0.177605839416,0.29336086984147675,0,-0.11,-0.22,-0.11
2011-08-29 20:15:01,0.116052316294,0.2559267177834376,0,-0.11,-0.22,-0.11
2011-08-29 21:15:01,0.118055188804,0.2525417243273127,0,-0.11,-0.22,-0.11
2011-08-29 22:15:01,0.120086560364,0.24901906875986685,0,-0.11,-0.22,-0.11
2011-08-29 23:15:01,0.106255605381,0.27273415815152785,0,-0.11,-0.22,-0.11
2011-08-30 00:15:01,0.10798404641,0.2692529853790992,0,-0.11,-0.22,-0.11
2011-08-30 01:15:01,0.121784586229,0.24521166597902405,0,-0.11,-0.22,-0.11
2011-08-30 02:15:01,0.116302250804,0.2541205200408413,0,-0.11,-0.22,-0.11
2011-08-30 03:15:01,0.129191977077,0.23249216007415824,0,-0.11,-0.22,-0.11
2011-08-30 04:15:01,0.117042431193,0.2529340761173753,0,-0.11,-0.22,-0.11
2011-08-30 05:15:01,0.122535369414,0.2436449835281955,0,-0.11,-0.22,-0.11
2011-08-30 06:15:01,0.131607620321,0.2287973257169265,0,-0.11,-0.22,-0.11
2011-08-30 07:15:01,0.150977484898,0.24755657801963346,0,-0.11,-0.22,-0.11
2011-08-30 08:15:01,0.183533834586,0.3060353418552878,0,-0.11,-0.22,-0.11
2011-08-30 09:15:01,0.196714285714,0.33121525409234337,0,-0.11,-0.22,-0.11
2011-08-30 10:15:01,0.236524390244,0.4139124918616513,0,-0.11,-0.22,-0.11
2011-08-30 11:15:01,0.16361423221,0.2670941381132998,0,-0.11,-0.22,-0.11
2011-08-30 12:15:01,0.289889807163,0.5301568691148321,0,-0.11,-0.22,-0.11
2011-08-30 13:15:01,0.205025853154,0.34239612954349496,0,-0.11,-0.22,-0.11
2011-08-30 15:15:01,0.133419053185,0.22981860388943035,0,-0.11,-0.22,-0.11
2011-08-30 16:15:01,0.145272283934,0.23390466033378035,0,-0.11,-0.22,-0.11
2011-08-30 17:15:01,0.12532551460000002,0.2431214774048214,0,-0.11,-0.22,-0.11
2011-08-30 18:15:01,0.196552872606,0.3244096823778556,0,-0.11,-0.22,-0.11
2011-08-30 19:15:01,0.132517935258,0.2322932871912809,0,-0.11,-0.22,-0.11
2011-08-30 21:15:01,0.114312959559,0.26254618321917705,0,-0.11,-0.22,-0.11
2011-08-30 22:15:01,0.104356335755,0.28012910602243685,0,-0.11,-0.22,-0.11
2011-08-30 23:15:01,0.132202216066,0.2329000844656341,0,-0.11,-0.22,-0.11
2011-08-31 00:15:01,0.148493930197,0.2380715430923113,0,-0.11,-0.22,-0.11
2011-08-31 01:15:01,0.152742949234,0.24494443316361625,0,-0.11,-0.22,-0.11
2011-08-31 02:15:01,0.134658628704,0.22887402845186186,0,-0.11,-0.22,-0.11
2011-08-31 03:15:01,0.137282540676,0.224408321006496,0,-0.11,-0.22,-0.11
2011-08-31 04:15:01,0.130686100249,0.2350641050639779,0,-0.11,-0.22,-0.11
2011-08-31 05:15:01,0.136450770436,0.22579890283209256,0,-0.11,-0.22,-0.11
2011-08-31 06:15:01,0.137028489001,0.22472797081489224,0,-0.11,-0.22,-0.11
2011-08-31 07:15:01,0.16147686832699998,0.2603236677857031,0,-0.11,-0.22,-0.11
2011-08-31 08:15:01,0.202668360864,0.3366569374852621,0,-0.11,-0.22,-0.11
2011-08-31 09:15:01,0.27724137931,0.4956574764463394,0,-0.11,-0.22,-0.11
2011-08-31 10:15:01,0.23968325791900005,0.4096150378503505,0,-0.11,-0.22,-0.11
2011-08-31 11:15:01,0.235432595573,0.3987212772244196,0,-0.11,-0.22,-0.11
2011-08-31 12:15:01,0.133699466056,0.2331302398642817,0,-0.11,-0.22,-0.11
2011-08-31 13:15:01,0.216672967864,0.3583195383349718,0,-0.11,-0.22,-0.11
2011-08-31 14:15:01,0.144655870445,0.2282130471878953,0,-0.11,-0.22,-0.11
2011-08-31 15:15:01,0.213881578947,0.3514774972385952,0,-0.11,-0.22,-0.11
2011-08-31 16:15:01,0.135861335602,0.2314993687729993,0,-0.11,-0.22,-0.11
2011-08-31 17:15:01,0.145944798301,0.229258855636266,0,-0.11,-0.22,-0.11
2011-08-31 19:15:01,0.137778706135,0.2289063105834495,0,-0.11,-0.22,-0.11
2011-08-31 20:15:01,0.106294714362,0.2815975905380585,0,-0.11,-0.22,-0.11
2011-08-31 21:15:01,0.121449399657,0.2555486187237864,0,-0.11,-0.22,-0.11
2011-08-31 22:15:01,0.102917236662,0.2879757786036173,0,-0.11,-0.22,-0.11
2011-08-31 23:15:01,0.157432670185,0.2470333644232824,0,-0.11,-0.22,-0.11
2011-09-01 00:15:01,0.0748370309504,0.34108552362388145,0,-0.11,-0.22,-0.11
2011-09-01 01:15:01,0.121975367882,0.2543492173108895,0,-0.11,-0.22,-0.11
2011-09-01 02:15:01,0.110767514502,0.2732001331027058,0,-0.11,-0.22,-0.11
2011-09-01 03:15:01,0.11352802267,0.2681374784658573,0,-0.11,-0.22,-0.11
2011-09-01 04:15:01,0.118766685467,0.2589525457708873,0,-0.11,-0.22,-0.11
2011-09-01 05:15:01,0.119613102302,0.2577012454217019,0,-0.11,-0.22,-0.11
2011-09-01 06:15:01,0.149221343874,0.2347878722340789,0,-0.11,-0.22,-0.11
2011-09-01 07:15:01,0.153971321696,0.2419825097715055,0,-0.11,-0.22,-0.11
2011-09-01 08:15:01,0.176529411765,0.28003684884670504,0,-0.11,-0.22,-0.11
2011-09-01 09:15:01,0.20935840708,0.3412716650582874,0,-0.11,-0.22,-0.11
2011-09-01 10:15:01,0.274036144578,0.4765803923264583,0,-0.11,-0.22,-0.11
2011-09-01 13:15:01,0.158695391981,0.2474751897496132,0,-0.11,-0.22,-0.11
2011-09-01 18:15:01,0.15765376907700002,0.24567570487858315,0,-0.11,-0.22,-0.11
2011-09-01 19:15:01,0.13318889016899998,0.23792922209114456,0,-0.11,-0.22,-0.11
2011-09-01 20:15:01,0.116662861492,0.2650722019263245,0,-0.11,-0.22,-0.11
2011-09-01 21:15:01,0.133783484614,0.23707821755161115,0,-0.11,-0.22,-0.11
2011-09-01 22:15:01,0.123608942982,0.25364083969000273,0,-0.11,-0.22,-0.11
2011-09-01 23:15:01,0.10133480826,0.2922164049697566,0,-0.11,-0.22,-0.11
2011-09-02 00:15:01,0.0960797165633,0.3017378968600163,0,-0.11,-0.22,-0.11
2011-09-02 01:15:01,0.109986179361,0.2767252231732508,0,-0.11,-0.22,-0.11
2011-09-02 02:15:01,0.113099472076,0.27131396395657786,0,-0.11,-0.22,-0.11
2011-09-02 03:15:01,0.122333147942,0.2556765353775141,0,-0.11,-0.22,-0.11
2011-09-02 04:15:01,0.101873947811,0.2909921419818539,0,-0.11,-0.22,-0.11
2011-09-02 05:15:01,0.116102021174,0.2657669135941958,0,-0.11,-0.22,-0.11
2011-09-02 06:15:01,0.190008038585,0.30161329822576044,0,-0.11,-0.22,-0.11
2011-09-02 07:15:01,0.130167873601,0.2424397871319677,0,-0.11,-0.22,-0.11
2011-09-02 08:15:01,0.174063205418,0.2733663701754914,0,-0.11,-0.22,-0.11
2011-09-02 09:15:01,0.112245098039,0.27209103260136314,0,-0.11,-0.22,-0.11
2011-09-02 10:15:01,0.284294117647,0.4949551326296348,0,-0.11,-0.22,-0.11
2011-09-02 11:15:01,0.216419294991,0.34945689348896153,0,-0.11,-0.22,-0.11
2011-09-02 12:15:01,0.234627249357,0.38481700088234455,0,-0.11,-0.22,-0.11
2011-09-02 13:15:01,0.134657407407,0.23753057628522226,0,-0.11,-0.22,-0.11
2011-09-02 14:15:01,0.188105891126,0.33095170614579944,0,-0.11,-0.22,-0.11
2011-09-02 15:15:01,0.120575065847,0.2693505990245879,0,-0.11,-0.22,-0.11
2011-09-02 16:15:01,0.215477560414,0.4048225389175073,0,-0.11,-0.22,-0.11
2011-09-02 17:15:01,0.127620683076,0.2541703383742181,0,-0.11,-0.22,-0.11
2011-09-02 18:15:01,0.0717271727173,0.3967354447927913,0,-0.11,-0.22,-0.11
2011-09-02 19:15:01,0.305020508614,0.6578747892227202,0,-0.11,-0.22,-0.11
2011-09-02 20:15:01,0.138571428571,0.2315249491226896,0,-0.11,-0.22,-0.11
2011-09-02 21:15:01,0.155115702479,0.2475042697035212,0,-0.11,-0.22,-0.11
2011-09-02 22:15:01,0.106140350877,0.3046336520636527,0,-0.11,-0.22,-0.11
2011-09-02 23:15:01,0.138803873173,0.2315387435066568,0,-0.11,-0.22,-0.11
2011-09-03 00:15:01,0.244870534871,0.4786415110019063,0,-0.11,-0.22,-0.11
2011-09-03 01:15:01,0.13906824147,0.2320471905208744,0,-0.11,-0.22,-0.11
2011-09-03 02:15:01,0.172981191223,0.28545129819196696,0,-0.11,-0.22,-0.11
2011-09-03 03:15:01,0.125692116698,0.2606159082213709,0,-0.11,-0.22,-0.11
2011-09-03 04:15:01,0.119235618597,0.2747627249440507,0,-0.11,-0.22,-0.11
2011-09-03 05:15:01,0.134093671791,0.2419185136329621,0,-0.11,-0.22,-0.11
2011-09-03 06:15:01,0.146867719389,0.2300877693257521,0,-0.11,-0.22,-0.11
2011-09-03 07:15:01,0.164185314685,0.2686719778283407,0,-0.11,-0.22,-0.11
2011-09-03 08:15:01,0.215716096324,0.4012823287093932,0,-0.11,-0.22,-0.11
2011-09-03 09:15:01,0.16657123834899998,0.2733729635229256,0,-0.11,-0.22,-0.11
2011-09-03 10:15:01,0.309181494662,0.6627682327579743,0,-0.11,-0.22,-0.11
2011-09-03 11:15:01,0.296800699301,0.6185424191887217,0,-0.11,-0.22,-0.11
2011-09-03 12:15:01,0.33725571725599995,0.7095858108765687,0,-0.11,-0.22,-0.11
2011-09-03 13:15:01,0.306162790698,0.6198048496878779,0,-0.11,-0.22,-0.11
2011-09-03 14:15:01,0.151990950226,0.2344028420696397,0,-0.11,-0.22,-0.11
2011-09-03 15:15:01,0.190621923937,0.3153903239433217,0,-0.11,-0.22,-0.11
2011-09-03 16:15:01,0.128590873591,0.25648334969270953,0,-0.11,-0.22,-0.11
2011-09-03 17:15:01,0.134171055403,0.2455019328764309,0,-0.11,-0.22,-0.11
2011-09-03 18:15:01,0.111254940711,0.29381645047948685,0,-0.11,-0.22,-0.11
2011-09-03 19:15:01,0.12567952728499998,0.2630250144583631,0,-0.11,-0.22,-0.11
2011-09-03 20:15:01,0.0779459002536,0.3723749522252207,0,-0.11,-0.22,-0.11
2011-09-03 21:15:01,0.169895556011,0.2691631005271207,0,-0.11,-0.22,-0.11
2011-09-03 22:15:01,0.162353111853,0.25337443665347525,0,-0.11,-0.22,-0.11
2011-09-03 23:15:01,0.128333333333,0.25804356582925697,0,-0.11,-0.22,-0.11
2011-09-04 00:15:01,0.0566984909147,0.4270847782652033,0,-0.11,-0.22,-0.11
2011-09-04 01:15:01,0.128792849244,0.2566991686088881,0,-0.11,-0.22,-0.11
2011-09-04 02:15:01,0.140778836674,0.2332420202376847,0,-0.11,-0.22,-0.11
2011-09-04 03:15:01,0.112644601542,0.29077184922939114,0,-0.11,-0.22,-0.11
2011-09-04 04:15:01,0.107385301152,0.30234559054731464,0,-0.11,-0.22,-0.11
2011-09-04 05:15:01,0.120907534247,0.2725304757326225,0,-0.11,-0.22,-0.11
2011-09-04 06:15:01,0.119361652739,0.2752951256647437,0,-0.11,-0.22,-0.11
2011-09-04 07:15:01,0.137760667308,0.23759214529769546,0,-0.11,-0.22,-0.11
2011-09-04 08:15:01,0.16965945945900002,0.2706222310911345,0,-0.11,-0.22,-0.11
2011-09-04 09:15:01,0.211780952381,0.3672670690490945,0,-0.11,-0.22,-0.11
2011-09-04 10:15:01,0.24587628866,0.4534982518684387,0,-0.11,-0.22,-0.11
2011-09-04 11:15:01,0.357578947368,0.7273496138788145,0,-0.11,-0.22,-0.11
2011-09-04 12:15:01,0.27469581749,0.5141110479232369,0,-0.11,-0.22,-0.11
2011-09-04 13:15:01,0.212278664731,0.35543897787174794,0,-0.11,-0.22,-0.11
2011-09-04 14:15:01,0.225309882747,0.38508697911655787,0,-0.11,-0.22,-0.11
2011-09-04 15:15:01,0.111788208997,0.2930328817804665,0,-0.11,-0.22,-0.11
2011-09-04 16:15:01,0.115091383812,0.2861609970467721,0,-0.11,-0.22,-0.11
2011-09-04 17:15:01,0.110475699558,0.29581052029655497,0,-0.11,-0.22,-0.11
2011-09-04 19:15:01,0.096856092437,0.3254170199673367,0,-0.11,-0.22,-0.11
2011-09-04 21:15:01,0.094920993228,0.32949655168927466,0,-0.11,-0.22,-0.11
2011-09-04 22:15:01,0.106504791294,0.3040473198515267,0,-0.11,-0.22,-0.11
2011-09-04 23:15:01,0.0980834242094,0.3222984049826413,0,-0.11,-0.22,-0.11
2011-09-05 00:15:01,0.0677486272117,0.39221770772647696,0,-0.11,-0.22,-0.11
2011-09-05 01:15:01,0.0921607314726,0.33477188971858274,0,-0.11,-0.22,-0.11
2011-09-05 02:15:01,0.107047509453,0.30217013466245274,0,-0.11,-0.22,-0.11
2011-09-05 03:15:01,0.138049365787,0.2406588624708592,0,-0.11,-0.22,-0.11
2011-09-05 04:15:01,0.101063759498,0.31477301487856063,0,-0.11,-0.22,-0.11
2011-09-05 05:15:01,0.108725053284,0.297996194252442,0,-0.11,-0.22,-0.11
2011-09-05 06:15:01,0.130337719298,0.25434505793777645,0,-0.11,-0.22,-0.11
2011-09-05 07:15:01,0.124165474487,0.2660864011592416,0,-0.11,-0.22,-0.11
2011-09-05 08:15:01,0.145684086905,0.22596932037210105,0,-0.11,-0.22,-0.11
2011-09-05 09:15:01,0.189146919431,0.30297187898108624,0,-0.11,-0.22,-0.11
2011-09-05 10:15:01,0.262997762864,0.4758375638703558,0,-0.11,-0.22,-0.11
2011-09-05 11:15:01,0.282087912088,0.5196231061555828,0,-0.11,-0.22,-0.11
2011-09-05 12:15:01,0.340821917808,0.6535794881628814,0,-0.11,-0.22,-0.11
2011-09-05 13:15:01,0.165554265815,0.2508034287856064,0,-0.11,-0.22,-0.11
2011-09-05 15:15:01,0.124508748318,0.26677023582856063,0,-0.11,-0.22,-0.11
2011-09-05 17:15:01,0.122835414302,0.2700929176798596,0,-0.11,-0.22,-0.11
2011-09-05 18:15:01,0.0938487554113,0.32841954609514706,0,-0.11,-0.22,-0.11
2011-09-05 19:15:01,0.101437993017,0.31209542716154803,0,-0.11,-0.22,-0.11
2011-09-05 20:15:01,0.102838123415,0.30889715685253977,0,-0.11,-0.22,-0.11
2011-09-05 21:15:01,0.0827375730994,0.35142642132034424,0,-0.11,-0.22,-0.11
2011-09-05 22:15:01,0.0836510500808,0.3489017488882352,0,-0.11,-0.22,-0.11
2011-09-05 23:15:01,0.09136433459010004,0.3319434227242761,0,-0.11,-0.22,-0.11
2011-09-06 01:15:01,0.0920044648102,0.33035375623672497,0,-0.11,-0.22,-0.11
2011-09-06 02:15:01,0.108025884921,0.2973281702961134,0,-0.11,-0.22,-0.11
2011-09-06 03:15:01,0.111850340136,0.2897889472742265,0,-0.11,-0.22,-0.11
2011-09-06 04:15:01,0.107034039514,0.2991051014941125,0,-0.11,-0.22,-0.11
2011-09-06 05:15:01,0.134720357942,0.2469496495157282,0,-0.11,-0.22,-0.11
2011-09-06 06:15:01,0.120835559874,0.2721843335054644,0,-0.11,-0.22,-0.11
2011-09-06 07:15:01,0.158650693569,0.2398960451833985,0,-0.11,-0.22,-0.11
2011-09-06 08:15:01,0.227216358839,0.3782008847350081,0,-0.11,-0.22,-0.11
2011-09-06 09:15:01,0.250782396088,0.4311934052591608,0,-0.11,-0.22,-0.11
2011-09-06 10:15:01,0.290986842105,0.5245562679884069,0,-0.11,-0.22,-0.11
2011-09-06 11:15:01,0.126701208981,0.2612071352671612,0,-0.11,-0.22,-0.11
2011-09-06 12:15:01,0.207349137931,0.33127893766222033,0,-0.11,-0.22,-0.11
2011-09-06 14:15:01,0.15547930283199998,0.2330777825868885,0,-0.11,-0.22,-0.11
2011-09-06 15:15:01,0.180466954023,0.2772503002830059,0,-0.11,-0.22,-0.11
2011-09-06 16:15:01,0.134938176198,0.24711662550199634,0,-0.11,-0.22,-0.11
2011-09-06 17:15:01,0.17433655005999998,0.2654864877196471,0,-0.11,-0.22,-0.11
2011-09-06 18:15:01,0.154526659412,0.2305806881612432,0,-0.11,-0.22,-0.11
2011-09-06 19:15:01,0.116790878754,0.2807655990600491,0,-0.11,-0.22,-0.11
2011-09-06 20:15:01,0.142357747301,0.2352634515621414,0,-0.11,-0.22,-0.11
2011-09-06 21:15:01,0.152130492676,0.2262020241288091,0,-0.11,-0.22,-0.11
2011-09-06 22:15:01,0.1106742795,0.2932567844145362,0,-0.11,-0.22,-0.11
2011-09-06 23:15:01,0.0928547548291,0.3291230793647226,0,-0.11,-0.22,-0.11
2011-09-07 00:15:01,0.08540292212680001,0.3444477734820469,0,-0.11,-0.22,-0.11
2011-09-07 01:15:01,0.129391377853,0.2578218326819437,0,-0.11,-0.22,-0.11
2011-09-07 02:15:01,0.114690562868,0.28522747790677505,0,-0.11,-0.22,-0.11
2011-09-07 03:15:01,0.117496261838,0.2798747779441255,0,-0.11,-0.22,-0.11
2011-09-07 04:15:01,0.117614717699,0.2797216920318406,0,-0.11,-0.22,-0.11
2011-09-07 05:15:01,0.14334384858,0.23364725304390924,0,-0.11,-0.22,-0.11
2011-09-07 06:15:01,0.152060475162,0.2261249482160451,0,-0.11,-0.22,-0.11
2011-09-07 07:15:01,0.195579216354,0.30585568258348944,0,-0.11,-0.22,-0.11
2011-09-07 08:15:01,0.200116472546,0.3155174280954551,0,-0.11,-0.22,-0.11
2011-09-07 09:15:01,0.283300970874,0.5084883448686922,0,-0.11,-0.22,-0.11
2011-09-07 10:15:01,0.292129277567,0.5279342739087027,0,-0.11,-0.22,-0.11
2011-09-07 11:15:01,0.343198380567,0.6432586475374451,0,-0.11,-0.22,-0.11
2011-09-07 12:15:01,0.153217455621,0.2278477879058388,0,-0.11,-0.22,-0.11
2011-09-07 13:15:01,0.151582867784,0.2251866365746926,0,-0.11,-0.22,-0.11
2011-09-07 14:15:01,0.188106242497,0.2903857721508344,0,-0.11,-0.22,-0.11
